wall_time_iso,wall_time_epoch_s,elapsed_s,sample_index,commanded_position_deg,left_feedback_received,left_position_deg,left_speed_erpm,left_current_amps,left_temperature_c,left_error_code,left_error_description,right_feedback_received,right_position_deg,right_speed_erpm,right_current_amps,right_temperature_c,right_error_code,right_error_description,sync_error_deg,current_asymmetry_amps
2026-08-12T12:03:13.465063,1786528993.465063,0.007370,0,0.000579,1,-59.0465,9,-0.0696,28,0,No fault,1,-54.2161,-273,-0.0623,27,0,No fault,-4.8304,-0.0073
2026-08-12T12:03:13.474278,1786528993.474278,0.016566,1,0.651889,1,-59.0902,-26,-0.0549,28,0,No fault,1,-54.5221,-538,-0.1062,27,0,No fault,-4.5681,0.0513
2026-08-12T12:03:13.483955,1786528993.483955,0.026224,2,1.282900,1,-59.1121,115,-0.0769,28,0,No fault,1,-54.8063,-273,-0.1209,27,0,No fault,-4.3058,0.0440
2026-08-12T12:03:13.490572,1786528993.490572,0.032836,3,2.000176,1,-59.1558,-273,-0.0623,28,0,No fault,1,-54.9374,-538,-0.1062,27,0,No fault,-4.2184,0.0440
2026-08-12T12:03:13.499538,1786528993.499538,0.041795,4,2.495746,1,-59.1777,-97,-0.0623,28,0,No fault,1,-55.2216,-238,-0.0916,27,0,No fault,-3.9561,0.0293
2026-08-12T12:03:13.506065,1786528993.506065,0.048316,5,3.167956,1,-59.1777,62,-0.0696,28,0,No fault,1,-55.3527,-132,-0.0916,27,0,No fault,-3.8250,0.0220
2026-08-12T12:03:13.515028,1786528993.515028,0.057281,6,3.658576,1,-59.1995,-115,-0.0549,28,0,No fault,1,-55.6150,-220,-0.0989,27,0,No fault,-3.5845,0.0440
2026-08-12T12:03:13.521684,1786528993.521684,0.063928,7,4.332955,1,-59.1777,-44,-0.0696,28,0,No fault,1,-55.7461,-344,-0.0989,27,0,No fault,-3.4315,0.0293
2026-08-12T12:03:13.530427,1786528993.530427,0.072699,8,4.828027,1,-59.1777,97,-0.0549,28,0,No fault,1,-56.0084,-837,-0.0696,27,0,No fault,-3.1693,0.0147
2026-08-12T12:03:13.537180,1786528993.537180,0.079422,9,5.493923,1,-59.1777,-26,-0.0183,28,0,No fault,1,-56.1177,-432,-0.0842,27,0,No fault,-3.0600,0.0659
2026-08-12T12:03:13.545794,1786528993.545794,0.088052,10,5.991727,1,-59.1777,79,0.0110,28,0,No fault,1,-56.3363,-185,-0.0696,27,0,No fault,-2.8414,0.0806
2026-08-12T12:03:13.566560,1786528993.566560,0.108815,11,6.652815,1,-59.1558,-97,0.0110,28,0,No fault,1,-56.7953,-220,-0.0696,27,0,No fault,-2.3605,0.0806
2026-08-12T12:03:13.576458,1786528993.576458,0.118709,12,8.200332,1,-59.1558,115,0.0183,28,0,No fault,1,-57.0138,-344,-0.0549,27,0,No fault,-2.1420,0.0733
2026-08-12T12:03:13.595081,1786528993.595081,0.137343,13,8.935622,1,-59.1339,26,0.0549,28,0,No fault,1,-57.2324,-309,-0.0769,27,0,No fault,-1.9016,0.1319
2026-08-12T12:03:13.602623,1786528993.602623,0.144884,14,10.319329,1,-59.0902,115,0.0623,28,0,No fault,1,-57.3198,-485,-0.0916,27,0,No fault,-1.7704,0.1538
2026-08-12T12:03:13.612711,1786528993.612711,0.154961,15,10.883563,1,-59.0684,-203,0.0916,28,0,No fault,1,-57.5165,-432,-0.0842,27,0,No fault,-1.5518,0.1758
2026-08-12T12:03:13.619246,1786528993.619246,0.161497,16,11.625996,1,-59.0247,185,0.0842,28,0,No fault,1,-57.5602,-238,-0.0769,27,0,No fault,-1.4644,0.1612
2026-08-12T12:03:13.627814,1786528993.627814,0.170063,17,12.120256,1,-58.9591,62,0.0916,28,0,No fault,1,-57.6914,-220,-0.0696,27,0,No fault,-1.2677,0.1612
2026-08-12T12:03:13.634496,1786528993.634496,0.176737,18,12.743396,1,-58.9372,167,0.0916,28,0,No fault,1,-57.8007,-485,-0.0769,27,0,No fault,-1.1366,0.1685
2026-08-12T12:03:13.643228,1786528993.643228,0.185484,19,13.230594,1,-58.8498,185,0.0842,28,0,No fault,1,-57.9537,-150,-0.0916,27,0,No fault,-0.8961,0.1758
2026-08-12T12:03:13.650057,1786528993.650057,0.192305,20,13.878202,1,-58.8061,115,0.0549,28,0,No fault,1,-58.1504,115,-0.0696,27,0,No fault,-0.6557,0.1245
2026-08-12T12:03:13.658669,1786528993.658669,0.200907,21,14.392931,1,-58.6968,167,0.0842,28,0,No fault,1,-58.2597,44,-0.0989,27,0,No fault,-0.4371,0.1832
2026-08-12T12:03:13.665014,1786528993.665014,0.207263,22,15.002573,1,-58.6750,79,0.0476,28,0,No fault,1,-58.3252,-150,-0.0916,27,0,No fault,-0.3497,0.1392
2026-08-12T12:03:13.674306,1786528993.674306,0.216549,23,15.468969,1,-58.5220,44,0.0989,28,0,No fault,1,-58.4564,-344,-0.0623,27,0,No fault,-0.0656,0.1612
2026-08-12T12:03:13.680820,1786528993.680820,0.223065,24,16.149950,1,-58.4564,185,0.0696,28,0,No fault,1,-58.5001,-167,-0.0769,27,0,No fault,0.0437,0.1465
2026-08-12T12:03:13.689610,1786528993.689610,0.231849,25,16.615226,1,-58.3252,132,0.0842,28,0,No fault,1,-58.6094,-185,-0.0696,27,0,No fault,0.2841,0.1538
2026-08-12T12:03:13.695965,1786528993.695965,0.238212,26,17.248604,1,-58.2597,26,0.0769,28,0,No fault,1,-58.6531,-397,-0.0842,27,0,No fault,0.3934,0.1612
2026-08-12T12:03:13.705064,1786528993.705064,0.247304,27,17.709191,1,-58.1504,309,0.0916,28,0,No fault,1,-58.7405,-132,-0.0989,27,0,No fault,0.5901,0.1905
2026-08-12T12:03:13.711509,1786528993.711509,0.253747,28,18.363619,1,-58.0192,97,0.0769,28,0,No fault,1,-58.7842,-238,-0.0769,27,0,No fault,0.7650,0.1538
2026-08-12T12:03:13.720611,1786528993.720611,0.262850,29,18.822947,1,-57.8225,238,0.0696,28,0,No fault,1,-58.8498,9,-0.0769,27,0,No fault,1.0273,0.1465
2026-08-12T12:03:13.726969,1786528993.726969,0.269209,30,19.474411,1,-57.7351,326,0.0623,28,0,No fault,1,-58.8935,185,-0.0696,27,0,No fault,1.1584,0.1319
2026-08-12T12:03:13.736019,1786528993.736019,0.278259,31,19.933328,1,-57.5384,115,0.0476,28,0,No fault,1,-58.9372,-185,-0.0769,27,0,No fault,1.3988,0.1245
2026-08-12T12:03:13.742336,1786528993.742336,0.284572,32,20.569849,1,-57.2761,291,0.0256,28,0,No fault,1,-58.9591,-167,-0.1209,27,0,No fault,1.6830,0.1465
2026-08-12T12:03:13.751647,1786528993.751647,0.293918,33,21.016122,1,-57.2324,273,0.0330,28,0,No fault,1,-59.0028,-62,-0.1136,27,0,No fault,1.7704,0.1465
2026-08-12T12:03:13.772241,1786528993.772241,0.314495,34,21.683962,1,-56.9920,44,0.0696,28,0,No fault,1,-59.0684,-132,-0.0842,27,0,No fault,2.0764,0.1538
2026-08-12T12:03:13.779697,1786528993.779697,0.321986,35,23.116348,1,-56.7953,291,0.0623,28,0,No fault,1,-59.0902,-273,-0.0842,27,0,No fault,2.2950,0.1465
2026-08-12T12:03:13.800142,1786528993.800142,0.342402,36,23.651949,1,-56.4674,150,0.0989,28,0,No fault,1,-59.0684,62,-0.0916,27,0,No fault,2.6010,0.1905
2026-08-12T12:03:13.807998,1786528993.807998,0.350247,37,25.051603,1,-56.1833,485,0.0623,28,0,No fault,1,-59.0902,220,-0.0549,27,0,No fault,2.9070,0.1172
2026-08-12T12:03:13.816126,1786528993.816126,0.358394,38,25.585586,1,-55.9428,26,0.1282,28,0,No fault,1,-59.0902,-62,-0.0696,27,0,No fault,3.1474,0.1978
2026-08-12T12:03:13.827542,1786528993.827542,0.369817,39,26.140941,1,-55.7898,150,0.1062,28,0,No fault,1,-59.0902,115,-0.0696,27,0,No fault,3.3004,0.1758
2026-08-12T12:03:13.834439,1786528993.834439,0.376707,40,26.910994,1,-55.5057,256,0.0842,28,0,No fault,1,-59.0902,-62,-0.0769,27,0,No fault,3.5845,0.1612
2026-08-12T12:03:13.843544,1786528993.843544,0.385816,41,27.377398,1,-55.3527,467,0.0842,28,0,No fault,1,-59.0902,44,-0.0403,27,0,No fault,3.7375,0.1245
2026-08-12T12:03:13.850209,1786528993.850209,0.392454,42,27.980948,1,-55.0686,220,0.0769,28,0,No fault,1,-59.0684,167,-0.0476,27,0,No fault,3.9998,0.1245
2026-08-12T12:03:13.859058,1786528993.859058,0.401321,43,28.418509,1,-54.9156,79,0.0769,28,0,No fault,1,-59.0465,-273,-0.0330,27,0,No fault,4.1310,0.1099
2026-08-12T12:03:13.865684,1786528993.865684,0.407926,44,29.008546,1,-54.5658,414,0.0403,28,0,No fault,1,-59.0465,-220,0.0110,27,0,No fault,4.4807,0.0293
2026-08-12T12:03:13.874434,1786528993.874434,0.416679,45,29.439921,1,-54.2380,361,0.0476,28,0,No fault,1,-59.0247,-9,0.0110,27,0,No fault,4.7867,0.0366
2026-08-12T12:03:13.880988,1786528993.880988,0.423227,46,30.013844,1,-54.0850,502,0.0769,28,0,No fault,1,-59.0247,-115,0.0256,27,0,No fault,4.9397,0.0513
2026-08-12T12:03:13.887646,1786528993.887646,0.429882,47,30.440058,1,-53.9320,115,0.0769,28,0,No fault,1,-58.9809,-238,-0.0110,27,0,No fault,5.0490,0.0879
2026-08-12T12:03:13.897025,1786528993.897025,0.439271,48,30.875508,1,-53.6260,555,0.0696,28,0,No fault,1,-58.9372,-9,0.0403,27,0,No fault,5.3112,0.0293
2026-08-12T12:03:13.905611,1786528993.905611,0.447859,49,31.477003,1,-53.2763,397,0.0842,28,0,No fault,1,-58.8717,203,0.0037,27,0,No fault,5.5954,0.0806
2026-08-12T12:03:13.912361,1786528993.912361,0.454605,50,32.027611,1,-53.1014,555,0.0989,28,0,No fault,1,-58.8498,-97,0.0183,27,0,No fault,5.7484,0.0806
2026-08-12T12:03:13.921247,1786528993.921247,0.463498,51,32.470779,1,-52.7299,538,0.0403,28,0,No fault,1,-58.7624,132,0.0623,27,0,No fault,6.0325,-0.0220
2026-08-12T12:03:13.927802,1786528993.927802,0.470045,52,33.021178,1,-52.5332,432,0.0696,28,0,No fault,1,-58.7405,-203,0.0476,27,0,No fault,6.2074,0.0220
2026-08-12T12:03:13.936715,1786528993.936715,0.478971,53,33.427762,1,-52.3364,643,0.0696,28,0,No fault,1,-58.6531,79,0.0623,27,0,No fault,6.3167,0.0073
2026-08-12T12:03:13.943404,1786528993.943404,0.485645,54,33.987875,1,-51.9430,679,0.0549,28,0,No fault,1,-58.5875,273,0.0256,27,0,No fault,6.6445,0.0293
2026-08-12T12:03:13.952178,1786528993.952178,0.494427,55,34.396895,1,-51.1780,573,0.0549,28,0,No fault,1,-58.5001,132,0.0549,27,0,No fault,7.3221,0.0000
2026-08-12T12:03:13.958913,1786528993.958913,0.501179,56,34.940114,1,-51.1780,573,0.0549,28,0,No fault,1,-58.4345,97,0.0696,27,0,No fault,7.2565,-0.0147
2026-08-12T12:03:13.978650,1786528993.978650,0.520906,57,35.356461,1,-50.5660,555,0.1282,28,0,No fault,1,-58.1722,203,0.0476,27,0,No fault,7.6062,0.0806
2026-08-12T12:03:13.993477,1786528993.993477,0.535761,58,36.553522,1,-50.3693,414,0.1282,28,0,No fault,1,-58.1285,-273,0.0842,27,0,No fault,7.7592,0.0440
2026-08-12T12:03:14.006138,1786528994.006138,0.548415,59,37.431458,1,-49.8229,520,0.0842,28,0,No fault,1,-57.8662,379,0.0769,27,0,No fault,8.0434,0.0073
2026-08-12T12:03:14.014250,1786528994.014250,0.556499,60,38.173749,1,-49.3202,661,0.0476,28,0,No fault,1,-57.7351,-44,0.0769,27,0,No fault,8.4149,-0.0293
2026-08-12T12:03:14.024454,1786528994.024454,0.566705,61,38.646974,1,-48.8612,502,0.0549,28,0,No fault,1,-57.5384,203,0.0769,27,0,No fault,8.6772,-0.0220
2026-08-12T12:03:14.034706,1786528994.034706,0.576967,62,39.225580,1,-48.3803,626,0.0623,28,0,No fault,1,-57.2761,185,0.0696,27,0,No fault,8.8958,-0.0073
2026-08-12T12:03:14.044876,1786528994.044876,0.587131,63,39.823447,1,-47.9213,450,0.0476,28,0,No fault,1,-57.1668,167,0.0989,27,0,No fault,9.2455,-0.0513
2026-08-12T12:03:14.055021,1786528994.055021,0.597269,64,40.371088,1,-47.4405,855,0.0769,28,0,No fault,1,-56.9920,9,0.1209,27,0,No fault,9.5515,-0.0440
2026-08-12T12:03:14.061466,1786528994.061466,0.603713,65,40.932640,1,-47.2001,732,0.0696,28,0,No fault,1,-56.6641,326,0.0916,27,0,No fault,9.4641,-0.0220
2026-08-12T12:03:14.070314,1786528994.070314,0.612554,66,41.291412,1,-46.6973,749,0.0916,28,0,No fault,1,-56.4455,432,0.0549,27,0,No fault,9.7482,0.0366
2026-08-12T12:03:14.076739,1786528994.076739,0.618977,67,41.767055,1,-46.4569,820,0.1062,28,0,No fault,1,-56.3144,132,0.0769,27,0,No fault,9.8575,0.0293
2026-08-12T12:03:14.085620,1786528994.085620,0.627871,68,42.115347,1,-45.9761,714,0.0989,28,0,No fault,1,-56.0521,467,0.0696,27,0,No fault,10.0760,0.0293
2026-08-12T12:03:14.092117,1786528994.092117,0.634365,69,42.589595,1,-45.7138,855,0.0842,28,0,No fault,1,-55.9210,502,0.0916,27,0,No fault,10.2072,-0.0073
2026-08-12T12:03:14.100911,1786528994.100911,0.643160,70,42.935084,1,-45.2111,555,0.0696,28,0,No fault,1,-55.6368,502,0.0623,27,0,No fault,10.4258,0.0073
2026-08-12T12:03:14.107754,1786528994.107754,0.650008,71,43.399484,1,-44.9488,643,0.0623,28,0,No fault,1,-55.4838,361,0.0623,27,0,No fault,10.5350,0.0000
2026-08-12T12:03:14.116771,1786528994.116771,0.659010,72,43.753938,1,-44.4024,873,0.0403,28,0,No fault,1,-55.1778,361,0.0403,27,0,No fault,10.7755,0.0000
2026-08-12T12:03:14.123098,1786528994.123098,0.665332,73,44.210987,1,-43.8778,696,0.0916,28,0,No fault,1,-55.0467,326,0.0549,27,0,No fault,11.1689,0.0366
2026-08-12T12:03:14.132086,1786528994.132086,0.674329,74,44.530553,1,-43.6155,679,0.0549,28,0,No fault,1,-54.7188,414,0.0842,27,0,No fault,11.1033,-0.0293
2026-08-12T12:03:14.138947,1786528994.138947,0.681227,75,44.988523,1,-43.0910,450,0.0916,28,0,No fault,1,-54.5658,397,0.0549,27,0,No fault,11.4749,0.0366
2026-08-12T12:03:14.147492,1786528994.147492,0.689734,76,45.326523,1,-42.8068,714,0.0842,28,0,No fault,1,-54.2380,450,0.0769,27,0,No fault,11.4312,0.0073
2026-08-12T12:03:14.154142,1786528994.154142,0.696388,77,45.747294,1,-42.5445,520,0.0916,28,0,No fault,1,-54.0850,573,0.0916,27,0,No fault,11.5405,0.0000
2026-08-12T12:03:14.162809,1786528994.162809,0.705053,78,46.074989,1,-41.4954,820,0.0916,28,0,No fault,1,-53.7571,273,0.0769,27,0,No fault,12.2617,0.0147
2026-08-12T12:03:14.184296,1786528994.184296,0.726583,79,46.482123,1,-40.8615,1084,0.1209,28,0,No fault,1,-53.1233,573,0.0842,27,0,No fault,12.2617,0.0366
2026-08-12T12:03:14.204793,1786528994.204793,0.747137,80,47.501315,1,-39.8124,837,0.1062,28,0,No fault,1,-52.7736,538,0.1136,27,0,No fault,12.9612,-0.0073
2026-08-12T12:03:14.215349,1786528994.215349,0.757619,81,48.443186,1,-38.8944,1084,0.0989,28,0,No fault,1,-52.2053,785,0.0623,27,0,No fault,13.3109,0.0366
2026-08-12T12:03:14.222504,1786528994.222504,0.764767,82,48.889239,1,-38.3261,749,0.0989,28,0,No fault,1,-51.9867,679,0.0623,27,0,No fault,13.6606,0.0366
2026-08-12T12:03:14.230774,1786528994.230774,0.773029,83,49.198460,1,-37.9983,749,0.0916,28,0,No fault,1,-51.5933,696,0.0769,27,0,No fault,13.5950,0.0147
2026-08-12T12:03:14.237299,1786528994.237299,0.779541,84,49.552216,1,-37.6923,643,0.0989,28,0,No fault,1,-51.4403,873,0.0476,27,0,No fault,13.7480,0.0513
2026-08-12T12:03:14.246485,1786528994.246485,0.788745,85,49.827477,1,-37.0803,837,0.0549,28,0,No fault,1,-51.0687,467,0.0696,27,0,No fault,13.9884,-0.0147
2026-08-12T12:03:14.253127,1786528994.253127,0.795368,86,50.209235,1,-36.7524,837,0.0696,28,0,No fault,1,-50.8283,361,0.0916,27,0,No fault,14.0759,-0.0220
2026-08-12T12:03:14.262388,1786528994.262388,0.804631,87,50.480611,1,-36.1186,1137,0.0623,28,0,No fault,1,-50.0196,626,0.0403,27,0,No fault,13.9010,0.0220
2026-08-12T12:03:14.268952,1786528994.268952,0.811205,88,50.853686,1,-35.3317,873,0.0623,28,0,No fault,1,-49.9322,397,0.0183,27,0,No fault,14.6004,0.0440
2026-08-12T12:03:14.277739,1786528994.277739,0.819987,89,51.115730,1,-35.0257,714,0.0549,28,0,No fault,1,-49.5169,573,0.0842,27,0,No fault,14.4912,-0.0293
2026-08-12T12:03:14.284307,1786528994.284307,0.826559,90,51.458398,1,-34.5449,926,0.0696,28,0,No fault,1,-49.2765,626,0.0623,27,0,No fault,14.7316,0.0073
2026-08-12T12:03:14.293056,1786528994.293056,0.835300,91,51.715514,1,-34.0859,802,0.1136,28,0,No fault,1,-48.8175,873,0.0842,27,0,No fault,14.7316,0.0293
2026-08-12T12:03:14.299685,1786528994.299685,0.841944,92,52.042635,1,-33.4302,890,0.0842,28,0,No fault,1,-48.5989,643,0.0842,27,0,No fault,15.1687,0.0000
2026-08-12T12:03:14.308417,1786528994.308417,0.850657,93,52.291147,1,-33.1242,820,0.0989,28,0,No fault,1,-48.1618,820,0.1136,27,0,No fault,15.0376,-0.0147
2026-08-12T12:03:14.314890,1786528994.314890,0.857143,94,52.608263,1,-32.8182,820,0.0842,28,0,No fault,1,-47.9213,485,0.0842,27,0,No fault,15.1031,0.0000
2026-08-12T12:03:14.324023,1786528994.324023,0.866275,95,52.851878,1,-32.1625,1172,0.0696,28,0,No fault,1,-47.4405,679,0.0696,27,0,No fault,15.2780,0.0000
2026-08-12T12:03:14.334208,1786528994.334208,0.876464,96,53.166553,1,-31.6598,978,0.0403,28,0,No fault,1,-46.9378,643,0.0696,27,0,No fault,15.2780,-0.0293
2026-08-12T12:03:14.341141,1786528994.341141,0.883392,97,53.517881,1,-31.1352,767,0.0769,27,0,No fault,1,-46.6973,714,0.0769,27,0,No fault,15.5621,0.0000
2026-08-12T12:03:14.350001,1786528994.350001,0.892293,98,53.751332,1,-30.5014,873,0.0769,28,0,No fault,1,-46.1946,714,0.0769,27,0,No fault,15.6933,0.0000
2026-08-12T12:03:14.360094,1786528994.360094,0.902357,99,54.053465,1,-29.3429,1067,0.0549,28,0,No fault,1,-45.6919,608,0.0769,27,0,No fault,16.3490,-0.0220
2026-08-12T12:03:14.370266,1786528994.370266,0.912524,100,54.378172,1,-29.0588,538,0.0989,28,0,No fault,1,-45.1892,679,0.0769,27,0,No fault,16.1304,0.0220
2026-08-12T12:03:14.391137,1786528994.391137,0.933423,101,54.709233,1,-28.2720,714,0.1429,28,0,No fault,1,-44.1619,538,0.1209,27,0,No fault,15.8900,0.0220
2026-08-12T12:03:14.410569,1786528994.410569,0.952831,102,55.325905,1,-27.0042,1067,0.1209,28,0,No fault,1,-43.6155,873,0.0842,27,0,No fault,16.6113,0.0366
2026-08-12T12:03:14.418316,1786528994.418316,0.960581,103,55.874054,1,-26.2174,1119,0.0476,28,0,No fault,1,-43.0691,820,0.0696,27,0,No fault,16.8517,-0.0220
2026-08-12T12:03:14.426518,1786528994.426518,0.968776,104,56.086346,1,-25.5398,1031,0.1062,28,0,No fault,1,-42.5227,714,0.0549,27,0,No fault,16.9828,0.0513
2026-08-12T12:03:14.433879,1786528994.433879,0.976128,105,56.298966,1,-25.1683,696,0.0696,28,0,No fault,1,-42.2385,767,0.0330,27,0,No fault,17.0703,0.0366
2026-08-12T12:03:14.441948,1786528994.441948,0.984197,106,56.489572,1,-24.4251,855,0.0696,28,0,No fault,1,-41.6265,696,0.0549,27,0,No fault,17.2014,0.0147
2026-08-12T12:03:14.449142,1786528994.449142,0.991387,107,56.689389,1,-24.0754,926,0.0842,28,0,No fault,1,-41.4954,732,0.0623,27,0,No fault,17.4200,0.0220
2026-08-12T12:03:14.457328,1786528994.457328,0.999578,108,56.863801,1,-23.3323,1190,0.0769,28,0,No fault,1,-40.9490,591,0.0842,27,0,No fault,17.6167,-0.0073
2026-08-12T12:03:14.464367,1786528994.464367,1.006612,109,57.059714,1,-22.9826,1014,0.0623,28,0,No fault,1,-40.1403,626,0.0842,27,0,No fault,17.1577,-0.0220
2026-08-12T12:03:14.472980,1786528994.472980,1.015232,110,57.219554,1,-22.2176,1137,0.0549,28,0,No fault,1,-39.7687,661,0.1575,27,0,No fault,17.5511,-0.1026
2026-08-12T12:03:14.479671,1786528994.479671,1.021921,111,57.414903,1,-21.8679,961,0.0696,28,0,No fault,1,-39.4846,661,0.0842,27,0,No fault,17.6167,-0.0147
2026-08-12T12:03:14.488660,1786528994.488660,1.030908,112,57.556763,1,-21.4963,1031,0.1136,28,0,No fault,1,-38.8507,837,0.0476,27,0,No fault,17.3544,0.0659
2026-08-12T12:03:14.495179,1786528994.495179,1.037420,113,57.744603,1,-20.7750,855,0.1062,28,0,No fault,1,-38.5666,643,0.0769,27,0,No fault,17.7915,0.0293
2026-08-12T12:03:14.504185,1786528994.504185,1.046434,114,57.875488,1,-20.4035,926,0.0842,28,0,No fault,1,-37.9327,714,0.0403,27,0,No fault,17.5293,0.0440
2026-08-12T12:03:14.510708,1786528994.510708,1.052969,115,58.051623,1,-19.6822,1031,0.0842,28,0,No fault,1,-37.6267,1084,0.0623,27,0,No fault,17.9445,0.0220
2026-08-12T12:03:14.519763,1786528994.519763,1.062021,116,58.174052,1,-19.2669,1049,0.0549,28,0,No fault,1,-37.0147,767,0.0549,27,0,No fault,17.7478,0.0000
2026-08-12T12:03:14.526214,1786528994.526214,1.068462,117,58.337181,1,-18.5238,1031,0.0549,28,0,No fault,1,-36.6869,1155,0.0623,27,0,No fault,18.1631,-0.0073
2026-08-12T12:03:14.532629,1786528994.532629,1.074870,118,58.448687,1,-18.1522,1172,0.0476,28,0,No fault,1,-36.4027,732,0.0842,27,0,No fault,18.2505,-0.0366
2026-08-12T12:03:14.541213,1786528994.541213,1.083457,119,58.559975,1,-17.4091,943,0.0842,28,0,No fault,1,-35.6159,679,0.1136,27,0,No fault,18.2068,-0.0293
2026-08-12T12:03:14.547578,1786528994.547578,1.089815,120,58.693460,1,-17.0156,1331,0.0842,28,0,No fault,1,-35.3099,767,0.1209,27,0,No fault,18.2943,-0.0366
2026-08-12T12:03:14.556637,1786528994.556637,1.098886,121,58.792056,1,-16.2943,978,0.1136,28,0,No fault,1,-34.8290,732,0.0256,27,0,No fault,18.5347,0.0879
2026-08-12T12:03:14.563083,1786528994.563083,1.105325,122,58.924257,1,-15.0266,837,0.0330,28,0,No fault,1,-34.3700,996,0.1209,27,0,No fault,19.3434,-0.0879
2026-08-12T12:03:14.572157,1786528994.572157,1.114409,123,59.013559,1,-14.3491,767,0.0989,28,0,No fault,1,-33.7143,802,0.0403,27,0,No fault,19.3652,0.0586
2026-08-12T12:03:14.589657,1786528994.589657,1.131908,124,59.134106,1,-13.8027,1155,0.0549,28,0,No fault,1,-32.7745,890,0.0696,27,0,No fault,18.9718,-0.0147
2026-08-12T12:03:14.602701,1786528994.602701,1.144981,125,59.343187,1,-13.1688,1084,0.0916,28,0,No fault,1,-32.4466,661,0.0842,27,0,No fault,19.2778,0.0073
2026-08-12T12:03:14.617146,1786528994.617146,1.159424,126,59.480657,1,-12.4038,1208,0.0842,28,0,No fault,1,-31.4849,749,0.1282,27,0,No fault,19.0811,-0.0440
2026-08-12T12:03:14.626113,1786528994.626113,1.168370,127,59.616013,1,-11.2673,943,0.0989,28,0,No fault,1,-30.8074,1137,0.1062,27,0,No fault,19.5401,-0.0073
2026-08-12T12:03:14.632757,1786528994.632757,1.175010,128,59.686536,1,-10.8738,926,0.0916,28,0,No fault,1,-30.4795,855,0.0769,27,0,No fault,19.6057,0.0147
2026-08-12T12:03:14.642193,1786528994.642193,1.184433,129,59.735838,1,-10.0870,978,0.0403,28,0,No fault,1,-29.7145,1084,0.0403,27,0,No fault,19.6275,0.0000
2026-08-12T12:03:14.651292,1786528994.651292,1.193548,130,59.798415,1,-9.6717,1137,0.0256,28,0,No fault,1,-29.2337,996,0.0403,27,0,No fault,19.5620,-0.0147
2026-08-12T12:03:14.657946,1786528994.657946,1.200189,131,59.850938,1,-8.9067,1190,0.1209,28,0,No fault,1,-29.1025,643,0.0769,27,0,No fault,20.1958,0.0440
2026-08-12T12:03:14.666789,1786528994.666789,1.209039,132,59.883426,1,-8.1636,855,0.0769,28,0,No fault,1,-27.7255,837,0.0916,27,0,No fault,19.5620,-0.0147
2026-08-12T12:03:14.673364,1786528994.673364,1.215601,133,59.921437,1,-7.7483,1014,0.0769,28,0,No fault,1,-27.5725,961,0.0696,27,0,No fault,19.8242,0.0073
2026-08-12T12:03:14.682102,1786528994.682102,1.224355,134,59.944619,1,-7.0707,978,0.0842,28,0,No fault,1,-26.8950,926,0.1355,27,0,No fault,19.8242,-0.0513
2026-08-12T12:03:14.688617,1786528994.688617,1.230862,135,59.969344,1,-6.5899,1014,0.0916,28,0,No fault,1,-26.5453,1119,0.0769,27,0,No fault,19.9554,0.0147
2026-08-12T12:03:14.697578,1786528994.697578,1.239834,136,59.982989,1,-6.1090,1137,0.0330,28,0,No fault,1,-25.8240,978,0.0623,27,0,No fault,19.7150,-0.0293
2026-08-12T12:03:14.704611,1786528994.704611,1.246856,137,59.995329,1,-5.4533,837,0.0916,28,0,No fault,1,-25.4743,855,0.0623,27,0,No fault,20.0210,0.0293
2026-08-12T12:03:14.712695,1786528994.712695,1.254948,138,59.999608,1,-4.8195,978,0.0476,28,0,No fault,1,-24.7311,943,0.0403,27,0,No fault,19.9117,0.0073
2026-08-12T12:03:14.719399,1786528994.719399,1.261648,139,59.998719,1,-4.3605,1102,0.0842,28,0,No fault,1,-24.3814,1067,0.0769,27,0,No fault,20.0210,0.0073
2026-08-12T12:03:14.728226,1786528994.728226,1.270470,140,59.993356,1,-4.1419,873,0.0769,28,0,No fault,1,-23.6820,855,0.0549,27,0,No fault,19.5401,0.0220
2026-08-12T12:03:14.734704,1786528994.734704,1.276964,141,59.979632,1,-3.7266,1049,0.1062,28,0,No fault,1,-23.3323,626,0.0916,27,0,No fault,19.6057,0.0147
2026-08-12T12:03:14.743551,1786528994.743551,1.285792,142,59.964832,1,-2.6119,1225,0.0916,28,0,No fault,1,-22.6329,749,0.1282,27,0,No fault,20.0210,-0.0366
2026-08-12T12:03:14.750238,1786528994.750238,1.292491,143,59.938652,1,-2.3278,961,0.0549,27,0,No fault,1,-22.2613,996,0.0623,27,0,No fault,19.9335,-0.0073
2026-08-12T12:03:14.759000,1786528994.759000,1.301248,144,59.913526,1,-1.9125,1014,0.0403,28,0,No fault,1,-21.5182,820,0.0696,27,0,No fault,19.6057,-0.0293
2026-08-12T12:03:14.765881,1786528994.765881,1.308129,145,59.874691,1,-0.6885,873,0.0842,28,0,No fault,1,-21.1247,890,0.0476,27,0,No fault,20.4362,0.0366
2026-08-12T12:03:14.774651,1786528994.774651,1.316912,146,59.838982,1,-0.3169,661,0.0916,28,0,No fault,1,-20.4035,837,0.0916,27,0,No fault,20.0865,0.0000
2026-08-12T12:03:14.795121,1786528994.795121,1.337373,147,59.786564,1,0.0109,679,0.1355,28,0,No fault,1,-18.8953,1014,0.0549,27,0,No fault,18.9063,0.0806
2026-08-12T12:03:14.802889,1786528994.802889,1.345130,148,59.636678,1,1.1475,802,0.0549,28,0,No fault,1,-18.5238,996,0.0696,27,0,No fault,19.6712,-0.0147
2026-08-12T12:03:14.816004,1786528994.816004,1.358247,149,59.569322,1,1.8469,1067,0.1209,28,0,No fault,1,-18.1522,1119,0.0769,27,0,No fault,19.9991,0.0440
2026-08-12T12:03:14.832823,1786528994.832823,1.375079,150,59.443623,1,3.1583,1049,0.0403,28,0,No fault,1,-16.6441,890,0.0696,27,0,No fault,19.8024,-0.0293
2026-08-12T12:03:14.839727,1786528994.839727,1.382082,151,59.256263,1,3.7922,926,0.0769,28,0,No fault,1,-16.2506,1172,0.0769,27,0,No fault,20.0428,0.0000
2026-08-12T12:03:14.853805,1786528994.853805,1.396087,152,59.132414,1,4.9287,1084,0.0916,28,0,No fault,1,-15.2015,749,0.0549,27,0,No fault,20.1302,0.0366
2026-08-12T12:03:14.860637,1786528994.860637,1.402881,153,58.985960,1,6.0653,873,0.0842,28,0,No fault,1,-14.8518,961,0.1648,27,0,No fault,20.9171,-0.0806
2026-08-12T12:03:14.869179,1786528994.869179,1.411438,154,58.893407,1,6.8740,1119,0.0623,28,0,No fault,1,-13.4529,802,0.0696,27,0,No fault,20.3270,-0.0073
2026-08-12T12:03:14.875965,1786528994.875965,1.418222,155,58.764761,1,7.2456,978,0.0256,28,0,No fault,1,-13.1032,996,0.1282,27,0,No fault,20.3488,-0.1026
2026-08-12T12:03:14.884742,1786528994.884742,1.426988,156,58.658515,1,8.2073,1155,0.0696,28,0,No fault,1,-12.3820,785,0.0623,27,0,No fault,20.5892,0.0073
2026-08-12T12:03:14.891276,1786528994.891276,1.433518,157,58.518428,1,8.3821,696,0.0842,28,0,No fault,1,-11.9885,855,0.0696,27,0,No fault,20.3707,0.0147
2026-08-12T12:03:14.897637,1786528994.897637,1.439899,158,58.408458,1,8.8630,926,0.1062,28,0,No fault,1,-11.6170,802,0.0989,27,0,No fault,20.4800,0.0073
2026-08-12T12:03:14.905674,1786528994.905674,1.447924,159,58.295246,1,9.5406,1014,0.1062,28,0,No fault,1,-10.8520,1067,0.0916,27,0,No fault,20.3925,0.0147
2026-08-12T12:03:14.912194,1786528994.912194,1.454454,160,58.150261,1,9.9995,996,0.0842,28,0,No fault,1,-10.4585,1049,0.0842,27,0,No fault,20.4581,0.0000
2026-08-12T12:03:14.921365,1786528994.921365,1.463609,161,58.024237,1,10.2837,1084,0.0989,28,0,No fault,1,-9.6936,1155,0.0842,27,0,No fault,19.9772,0.0147
2026-08-12T12:03:14.927919,1786528994.927919,1.470196,162,57.846770,1,11.1361,978,0.0696,28,0,No fault,1,-9.3220,1155,0.0916,27,0,No fault,20.4581,-0.0220
2026-08-12T12:03:14.937339,1786528994.937339,1.479587,163,57.711668,1,11.4421,767,0.0842,28,0,No fault,1,-8.5570,996,0.0842,27,0,No fault,19.9991,0.0000
2026-08-12T12:03:14.943828,1786528994.943828,1.486064,164,57.514569,1,12.2945,1278,0.0769,28,0,No fault,1,-8.3603,1208,0.0549,27,0,No fault,20.6548,0.0220
2026-08-12T12:03:14.952746,1786528994.952746,1.495002,165,57.375268,1,12.7535,926,0.0842,28,0,No fault,1,-7.7483,890,0.0549,27,0,No fault,20.5018,0.0293
2026-08-12T12:03:14.959285,1786528994.959285,1.501522,166,57.173920,1,14.3054,1014,0.0916,28,0,No fault,1,-7.3111,1155,0.0476,27,0,No fault,21.6165,0.0440
2026-08-12T12:03:14.968349,1786528994.968349,1.510604,167,57.023676,1,14.4584,890,0.0696,28,0,No fault,1,-6.6336,1155,0.0842,27,0,No fault,21.0919,-0.0147
2026-08-12T12:03:14.974965,1786528994.974965,1.517201,168,56.805816,1,14.9829,785,0.1355,28,0,No fault,1,-6.1527,1313,0.0916,27,0,No fault,21.1357,0.0440
2026-08-12T12:03:14.983850,1786528994.983850,1.526094,169,56.644715,1,15.4201,1014,0.0330,28,0,No fault,1,-5.5189,1049,0.0842,27,0,No fault,20.9389,-0.0513
2026-08-12T12:03:15.000722,1786528995.000722,1.543042,170,56.419745,1,16.5129,978,0.0330,28,0,No fault,1,-4.3823,1049,0.0549,27,0,No fault,20.8952,-0.0220
2026-08-12T12:03:15.010180,1786528995.010180,1.552471,171,55.964408,1,17.3435,1172,0.0989,28,0,No fault,1,-3.4643,802,0.0183,27,0,No fault,20.8078,0.0806
2026-08-12T12:03:15.016948,1786528995.016948,1.559222,172,55.709048,1,17.5839,1243,0.0696,28,0,No fault,1,-3.2895,908,0.0623,27,0,No fault,20.8734,0.0073
2026-08-12T12:03:15.033834,1786528995.033834,1.576097,173,55.518460,1,18.3708,890,0.0769,28,0,No fault,1,-2.1529,591,0.0256,27,0,No fault,20.5237,0.0513
2026-08-12T12:03:15.044252,1786528995.044252,1.586499,174,55.025425,1,19.2013,978,0.0916,28,0,No fault,1,-1.3879,1031,0.0696,27,0,No fault,20.5892,0.0220
2026-08-12T12:03:15.054509,1786528995.054509,1.596787,175,54.709058,1,19.7040,1190,0.0110,28,0,No fault,1,-0.7541,573,0.0696,27,0,No fault,20.4581,-0.0586
2026-08-12T12:03:15.064637,1786528995.064637,1.606899,176,54.384365,1,20.3597,1155,0.0256,28,0,No fault,1,-0.0765,1243,0.1429,27,0,No fault,20.4362,-0.1172
2026-08-12T12:03:15.071553,1786528995.071553,1.613814,177,54.057311,1,20.9936,926,0.0769,28,0,No fault,1,1.2349,873,0.1062,27,0,No fault,19.7587,-0.0293
2026-08-12T12:03:15.080304,1786528995.080304,1.622585,178,53.830135,1,21.4526,1014,0.1136,28,0,No fault,1,1.7376,785,0.1575,27,0,No fault,19.7150,-0.0440
2026-08-12T12:03:15.091264,1786528995.091264,1.633517,179,53.534052,1,22.0864,1102,0.0989,28,0,No fault,1,2.5245,996,0.0330,27,0,No fault,19.5620,0.0659
2026-08-12T12:03:15.101543,1786528995.101543,1.643810,180,53.152973,1,22.8296,820,0.0549,28,0,No fault,1,3.4862,1296,0.0403,27,0,No fault,19.3434,0.0147
2026-08-12T12:03:15.111742,1786528995.111742,1.654012,181,52.784812,1,23.5946,1278,0.0549,27,0,No fault,1,4.1637,1084,0.0916,27,0,No fault,19.4308,-0.0366
2026-08-12T12:03:15.121860,1786528995.121860,1.664113,182,52.417950,1,24.2503,943,0.0623,28,0,No fault,1,4.8413,1119,0.0403,27,0,No fault,19.4090,0.0220
2026-08-12T12:03:15.132035,1786528995.132035,1.674284,183,52.050075,1,24.9716,1049,0.0403,28,0,No fault,1,5.5844,837,0.0916,27,0,No fault,19.3871,-0.0513
2026-08-12T12:03:15.142556,1786528995.142556,1.684823,184,51.664796,1,25.7365,626,0.0916,28,0,No fault,1,6.4806,1137,0.1136,27,0,No fault,19.2560,-0.0220
2026-08-12T12:03:15.152531,1786528995.152531,1.694784,185,51.251506,1,26.3485,837,0.1136,28,0,No fault,1,7.1800,996,0.0623,27,0,No fault,19.1685,0.0513
2026-08-12T12:03:15.162748,1786528995.162748,1.705010,186,50.859832,1,27.0042,855,0.0696,28,0,No fault,1,8.1417,978,0.0403,27,0,No fault,18.8625,0.0293
2026-08-12T12:03:15.169269,1786528995.169269,1.711513,187,50.446792,1,28.3157,767,0.0256,28,0,No fault,1,8.3384,855,0.0403,27,0,No fault,19.9772,-0.0147
2026-08-12T12:03:15.178123,1786528995.178123,1.720382,188,50.179501,1,28.6217,767,0.0549,28,0,No fault,1,9.0816,1014,0.0769,27,0,No fault,19.5401,-0.0220
2026-08-12T12:03:15.184677,1786528995.184677,1.726920,189,49.810393,1,29.1462,873,0.1355,28,0,No fault,1,9.4968,1313,0.0476,27,0,No fault,19.6494,0.0879
2026-08-12T12:03:15.203715,1786528995.203715,1.745967,190,49.536003,1,30.1298,908,0.0476,28,0,No fault,1,11.1361,1313,0.0916,27,0,No fault,18.9937,-0.0440
2026-08-12T12:03:15.213956,1786528995.213956,1.756216,191,48.704532,1,30.8074,749,0.1062,28,0,No fault,1,11.7918,1084,0.0916,27,0,No fault,19.0155,0.0147
2026-08-12T12:03:15.224245,1786528995.224245,1.766507,192,48.252222,1,32.0751,996,0.0696,28,0,No fault,1,12.5568,908,0.0476,27,0,No fault,19.5182,0.0220
2026-08-12T12:03:15.244812,1786528995.244812,1.787081,193,47.786489,1,33.0805,837,0.0256,28,0,No fault,1,13.3874,1278,0.0623,27,0,No fault,19.6931,-0.0366
2026-08-12T12:03:15.252504,1786528995.252504,1.794746,194,46.829576,1,34.0203,855,0.0989,28,0,No fault,1,14.0649,855,0.0476,27,0,No fault,19.9554,0.0513
2026-08-12T12:03:15.260478,1786528995.260478,1.802715,195,46.472199,1,34.3482,732,0.0769,28,0,No fault,1,14.8299,1067,0.1722,27,0,No fault,19.5182,-0.0952
2026-08-12T12:03:15.266965,1786528995.266965,1.809225,196,46.091472,1,34.7853,1014,0.1209,28,0,No fault,1,15.9446,873,0.0549,27,0,No fault,18.8407,0.0659
2026-08-12T12:03:15.275815,1786528995.275815,1.818051,197,45.768787,1,35.2880,820,0.0696,28,0,No fault,1,16.4255,996,0.0403,27,0,No fault,18.8625,0.0293
2026-08-12T12:03:15.282215,1786528995.282215,1.824452,198,45.342938,1,35.6815,626,0.1062,28,0,No fault,1,16.7752,943,0.1941,27,0,No fault,18.9063,-0.0879
2026-08-12T12:03:15.291125,1786528995.291125,1.833367,199,45.023057,1,36.1842,679,0.0476,28,0,No fault,1,17.4309,978,0.0476,27,0,No fault,18.7533,0.0000
2026-08-12T12:03:15.297637,1786528995.297637,1.839880,200,44.577575,1,36.6213,820,0.0403,28,0,No fault,1,17.8462,1137,0.0549,27,0,No fault,18.7751,-0.0147
2026-08-12T12:03:15.306456,1786528995.306456,1.848700,201,44.231902,1,37.1459,890,0.0476,28,0,No fault,1,18.6986,996,0.0916,27,0,No fault,18.4473,-0.0440
2026-08-12T12:03:15.312814,1786528995.312814,1.855057,202,43.795671,1,37.5611,855,0.0403,28,0,No fault,1,19.1795,1084,0.0696,27,0,No fault,18.3817,-0.0293
2026-08-12T12:03:15.321795,1786528995.321795,1.864043,203,43.461625,1,38.0201,767,0.0842,28,0,No fault,1,19.8570,1172,0.0842,27,0,No fault,18.1631,0.0000
2026-08-12T12:03:15.328339,1786528995.328339,1.870592,204,42.996092,1,38.4354,749,0.1136,28,0,No fault,1,20.0975,1137,0.0842,27,0,No fault,18.3380,0.0293
2026-08-12T12:03:15.337177,1786528995.337177,1.879436,205,42.643085,1,38.9163,1084,0.1062,28,0,No fault,1,20.9499,908,0.0696,27,0,No fault,17.9664,0.0366
2026-08-12T12:03:15.343930,1786528995.343930,1.886176,206,42.174501,1,39.3097,696,0.0989,28,0,No fault,1,21.3870,749,0.0549,27,0,No fault,17.9227,0.0440
2026-08-12T12:03:15.352785,1786528995.352785,1.895031,207,41.807601,1,40.5993,679,0.0476,28,0,No fault,1,22.0646,1102,0.0769,27,0,No fault,18.5347,-0.0293
2026-08-12T12:03:15.359357,1786528995.359357,1.901603,208,41.332758,1,40.8397,837,0.0769,28,0,No fault,1,22.5236,1243,0.0916,27,0,No fault,18.3161,-0.0147
2026-08-12T12:03:15.368218,1786528995.368218,1.910464,209,40.959080,1,41.1238,555,0.0403,28,0,No fault,1,23.1793,873,0.0769,27,0,No fault,17.9445,-0.0366
2026-08-12T12:03:15.374798,1786528995.374798,1.917045,210,40.482236,1,41.3643,679,0.1282,28,0,No fault,1,23.5946,1278,0.0549,27,0,No fault,17.7697,0.0733
2026-08-12T12:03:15.383802,1786528995.383802,1.926049,211,40.102526,1,41.6265,485,0.0256,27,0,No fault,1,24.2066,855,0.0916,27,0,No fault,17.4200,-0.0659
2026-08-12T12:03:15.390259,1786528995.390259,1.932520,212,39.607234,1,41.9107,661,-0.0037,28,0,No fault,1,24.4688,679,0.0916,27,0,No fault,17.4418,-0.0952
2026-08-12T12:03:15.410029,1786528995.410029,1.952287,213,39.228761,1,42.4352,767,0.1062,28,0,No fault,1,25.8895,873,0.0256,27,0,No fault,16.5457,0.0806
2026-08-12T12:03:15.420460,1786528995.420460,1.962727,214,38.098339,1,42.9598,643,0.0916,28,0,No fault,1,26.5671,873,0.0842,27,0,No fault,16.3927,0.0073
2026-08-12T12:03:15.430367,1786528995.430367,1.972618,215,37.484503,1,43.5937,696,0.0989,28,0,No fault,1,27.4195,1172,0.0916,27,0,No fault,16.1741,0.0073
2026-08-12T12:03:15.448531,1786528995.448531,1.990785,216,36.904237,1,44.3805,643,0.0842,28,0,No fault,1,28.0315,1067,0.0330,27,0,No fault,16.3490,0.0513
2026-08-12T12:03:15.456104,1786528995.456104,1.998360,217,35.815640,1,44.7958,573,0.0403,28,0,No fault,1,28.3157,943,0.0256,27,0,No fault,16.4801,0.0147
2026-08-12T12:03:15.466127,1786528995.466127,2.008372,218,35.340838,1,45.3204,538,0.0110,28,0,No fault,1,28.9058,696,0.0696,27,0,No fault,16.4146,-0.0586
2026-08-12T12:03:15.474761,1786528995.474761,2.017007,219,34.740293,1,45.9324,608,0.0476,28,0,No fault,1,30.0424,1067,-0.0183,27,0,No fault,15.8900,0.0659
2026-08-12T12:03:15.481265,1786528995.481265,2.023508,220,34.208701,1,46.0635,679,0.0256,28,0,No fault,1,30.3265,961,0.1502,27,0,No fault,15.7370,-0.1245
2026-08-12T12:03:15.490210,1786528995.490210,2.032454,221,33.796010,1,46.6318,502,0.0916,28,0,No fault,1,30.8511,1067,0.0183,27,0,No fault,15.7807,0.0733
2026-08-12T12:03:15.496847,1786528995.496847,2.039096,222,33.244217,1,46.7629,591,0.0549,28,0,No fault,1,31.2008,926,0.0476,27,0,No fault,15.5621,0.0073
2026-08-12T12:03:15.505816,1786528995.505816,2.048057,223,32.827948,1,47.0033,890,0.0916,28,0,No fault,1,31.8346,1119,0.0696,27,0,No fault,15.1687,0.0220
2026-08-12T12:03:15.512178,1786528995.512178,2.054435,224,32.261828,1,47.6809,467,0.0696,28,0,No fault,1,32.1406,837,0.0623,27,0,No fault,15.5403,0.0073
2026-08-12T12:03:15.521175,1786528995.521175,2.063416,225,31.853078,1,47.8995,626,0.0989,28,0,No fault,1,32.7526,679,0.0916,27,0,No fault,15.1469,0.0073
2026-08-12T12:03:15.527568,1786528995.527568,2.069814,226,31.279701,1,48.4459,608,0.0842,28,0,No fault,1,33.0805,926,0.1062,27,0,No fault,15.3654,-0.0220
2026-08-12T12:03:15.536527,1786528995.536527,2.078771,227,30.864960,1,48.5552,661,0.0623,28,0,No fault,1,33.8018,785,0.0696,27,0,No fault,14.7534,-0.0073
2026-08-12T12:03:15.542896,1786528995.542896,2.085131,228,30.285777,1,49.2109,502,0.0256,28,0,No fault,1,34.0422,890,0.0696,27,0,No fault,15.1687,-0.0440
2026-08-12T12:03:15.551763,1786528995.551763,2.094012,229,29.872237,1,49.4513,502,0.0549,28,0,No fault,1,34.7635,890,0.0623,27,0,No fault,14.6879,-0.0073
2026-08-12T12:03:15.558249,1786528995.558249,2.100487,230,29.286168,1,50.1945,643,0.0110,28,0,No fault,1,34.9820,908,0.0769,27,0,No fault,15.2124,-0.0659
2026-08-12T12:03:15.567176,1786528995.567176,2.109430,231,28.856368,1,50.3693,361,0.0623,28,0,No fault,1,35.6815,661,0.0696,27,0,No fault,14.6879,-0.0073
2026-08-12T12:03:15.573976,1786528995.573976,2.116231,232,28.263574,1,50.8939,432,0.0769,28,0,No fault,1,35.9219,626,0.0769,27,0,No fault,14.9720,0.0000
2026-08-12T12:03:15.582724,1786528995.582724,2.124968,233,27.809902,1,51.2655,467,0.0916,28,0,No fault,1,36.6213,996,0.0916,27,0,No fault,14.6441,0.0000
2026-08-12T12:03:15.589395,1786528995.589395,2.131645,234,27.228403,1,51.4184,344,0.1355,28,0,No fault,1,36.8617,749,0.0916,27,0,No fault,14.5567,0.0440
2026-08-12T12:03:15.609509,1786528995.609509,2.151754,235,26.760365,1,51.8119,520,0.0769,28,0,No fault,1,38.0639,1031,0.0769,27,0,No fault,13.7480,0.0000
2026-08-12T12:03:15.616445,1786528995.616445,2.158718,236,25.414430,1,52.0086,538,0.0916,28,0,No fault,1,38.4573,749,0.0476,27,0,No fault,13.5513,0.0440
2026-08-12T12:03:15.626198,1786528995.626198,2.168504,237,24.803330,1,52.3583,538,0.0476,28,0,No fault,1,38.9381,679,0.0769,27,0,No fault,13.4202,-0.0293
2026-08-12T12:03:15.635207,1786528995.635207,2.177455,238,24.253637,1,52.5550,520,0.0696,28,0,No fault,1,39.5283,732,0.0256,27,0,No fault,13.0267,0.0440
2026-08-12T12:03:15.652735,1786528995.652735,2.194993,239,23.637238,1,52.9047,626,0.0769,28,0,No fault,1,40.1621,679,0.0696,27,0,No fault,12.7426,0.0073
2026-08-12T12:03:15.663484,1786528995.663484,2.205769,240,22.397728,1,53.5604,361,0.0623,28,0,No fault,1,40.6867,785,0.0256,27,0,No fault,12.8737,0.0366
2026-08-12T12:03:15.673645,1786528995.673645,2.215908,241,21.648244,1,53.7790,256,0.0403,28,0,No fault,1,41.6265,485,0.0256,27,0,No fault,12.1525,0.0147
2026-08-12T12:03:15.683965,1786528995.683965,2.226237,242,20.949235,1,54.0850,591,0.0256,28,0,No fault,1,41.9544,855,0.0769,27,0,No fault,12.1306,-0.0513
2026-08-12T12:03:15.691639,1786528995.691639,2.233887,243,20.216935,1,54.3691,432,0.0916,28,0,No fault,1,42.1074,732,0.0403,27,0,No fault,12.2617,0.0513
2026-08-12T12:03:15.699344,1786528995.699344,2.241588,244,19.678533,1,54.5221,309,0.0476,28,0,No fault,1,42.7194,837,0.0696,27,0,No fault,11.8027,-0.0220
2026-08-12T12:03:15.706885,1786528995.706885,2.249157,245,19.130134,1,54.7188,538,0.0476,28,0,No fault,1,43.0472,890,0.0183,27,0,No fault,11.6716,0.0293
2026-08-12T12:03:15.715011,1786528995.715011,2.257266,246,18.576895,1,54.9811,361,0.0769,28,0,No fault,1,43.5281,767,0.1062,27,0,No fault,11.4530,-0.0293
2026-08-12T12:03:15.722293,1786528995.722293,2.264561,247,18.002875,1,55.1341,291,0.0623,28,0,No fault,1,43.7248,626,0.0623,27,0,No fault,11.4093,0.0000
2026-08-12T12:03:15.730393,1786528995.730393,2.272640,248,17.467285,1,55.3527,97,0.0916,28,0,No fault,1,44.3368,749,0.0696,27,0,No fault,11.0159,0.0220
2026-08-12T12:03:15.738129,1786528995.738129,2.280395,249,16.894619,1,55.5057,432,0.1062,28,0,No fault,1,44.5554,643,0.0696,27,0,No fault,10.9503,0.0366
2026-08-12T12:03:15.745753,1786528995.745753,2.288000,250,16.329187,1,55.7243,203,0.0842,28,0,No fault,1,45.1455,661,0.0916,27,0,No fault,10.5788,-0.0073
2026-08-12T12:03:15.753150,1786528995.753150,2.295405,251,15.774961,1,55.8773,520,0.0769,28,0,No fault,1,45.2985,432,0.0989,27,0,No fault,10.5788,-0.0220
2026-08-12T12:03:15.761256,1786528995.761256,2.303502,252,15.227209,1,56.0740,238,0.1136,28,0,No fault,1,45.8668,573,0.0549,27,0,No fault,10.2072,0.0586
2026-08-12T12:03:15.768509,1786528995.768509,2.310780,253,14.648772,1,56.4455,397,0.0769,28,0,No fault,1,46.0416,450,0.0623,27,0,No fault,10.4039,0.0147
2026-08-12T12:03:15.776656,1786528995.776656,2.318913,254,14.104141,1,56.5985,256,0.0696,28,0,No fault,1,46.6099,855,0.0696,27,0,No fault,9.9886,0.0000
2026-08-12T12:03:15.783949,1786528995.783949,2.326216,255,13.517751,1,56.6641,326,0.0696,28,0,No fault,1,46.7848,820,0.0623,27,0,No fault,9.8793,0.0073
2026-08-12T12:03:15.792275,1786528995.792275,2.334545,256,12.977803,1,56.8390,220,0.0549,28,0,No fault,1,47.3312,679,0.0623,27,0,No fault,9.5078,-0.0073
2026-08-12T12:03:15.810230,1786528995.810230,2.352489,257,12.364121,1,56.9701,379,0.0549,28,0,No fault,1,47.9651,626,0.0549,27,0,No fault,9.0051,0.0000
2026-08-12T12:03:15.818357,1786528995.818357,2.360628,258,11.040296,1,57.1887,344,0.0476,28,0,No fault,1,48.4678,379,0.0769,27,0,No fault,8.7209,-0.0293
2026-08-12T12:03:15.825701,1786528995.825701,2.367977,259,10.429333,1,57.2980,62,0.0549,28,0,No fault,1,48.6426,732,0.0916,27,0,No fault,8.6553,-0.0366
2026-08-12T12:03:15.834104,1786528995.834104,2.376377,260,9.876743,1,57.4510,432,0.0549,28,0,No fault,1,49.0798,414,0.0476,27,0,No fault,8.3712,0.0073
2026-08-12T12:03:15.841244,1786528995.841244,2.383512,261,9.252857,1,57.4947,185,0.0403,28,0,No fault,1,49.2765,467,0.0549,27,0,No fault,8.2182,-0.0147
2026-08-12T12:03:15.860968,1786528995.860968,2.403227,262,8.719274,1,57.7351,9,0.0769,28,0,No fault,1,49.6699,79,0.0696,27,0,No fault,8.0652,0.0073
2026-08-12T12:03:15.868597,1786528995.868597,2.410856,263,7.242364,1,57.8881,132,0.0696,28,0,No fault,1,50.0852,256,0.0183,27,0,No fault,7.8029,0.0513
2026-08-12T12:03:15.877268,1786528995.877268,2.419521,264,6.673506,1,58.1067,62,0.0476,28,0,No fault,1,50.4567,485,0.0769,27,0,No fault,7.6499,-0.0293
2026-08-12T12:03:15.883853,1786528995.883853,2.426094,265,6.036323,1,58.1722,185,0.0549,28,0,No fault,1,50.9813,520,0.0403,27,0,No fault,7.1909,0.0147
2026-08-12T12:03:15.893031,1786528995.893031,2.435298,266,5.550221,1,58.3252,344,0.0696,28,0,No fault,1,51.3092,591,0.0623,27,0,No fault,7.0161,0.0073
2026-08-12T12:03:15.899999,1786528995.899999,2.442242,267,4.849551,1,58.3908,379,0.0476,28,0,No fault,1,51.3966,485,0.0696,27,0,No fault,6.9942,-0.0220
2026-08-12T12:03:15.908536,1786528995.908536,2.450782,268,4.323248,1,58.4782,44,0.0549,28,0,No fault,1,51.7244,890,0.0769,27,0,No fault,6.7538,-0.0220
2026-08-12T12:03:15.915036,1786528995.915036,2.457273,269,3.690492,1,58.5001,-62,0.0549,28,0,No fault,1,51.9867,749,0.0769,27,0,No fault,6.5134,-0.0220
2026-08-12T12:03:15.924000,1786528995.924000,2.466254,270,3.201465,1,58.6531,115,0.0696,28,0,No fault,1,52.2927,714,0.0549,27,0,No fault,6.3604,0.0147
2026-08-12T12:03:15.930666,1786528995.930666,2.472907,271,2.518329,1,58.6750,9,0.0330,27,0,No fault,1,52.5550,502,0.0769,27,0,No fault,6.1199,-0.0440
2026-08-12T12:03:15.939833,1786528995.939833,2.482086,272,2.023036,1,58.7187,62,0.0769,28,0,No fault,1,52.8173,397,0.0623,27,0,No fault,5.9014,0.0147
2026-08-12T12:03:15.946501,1786528995.946501,2.488742,273,1.332545,1,58.7842,62,0.1062,28,0,No fault,1,53.0577,450,0.0476,27,0,No fault,5.7265,0.0586
2026-08-12T12:03:15.955133,1786528995.955133,2.497376,274,0.835603,1,58.8061,132,0.0623,28,0,No fault,1,53.3637,538,0.0623,27,0,No fault,5.4424,0.0000
2026-08-12T12:03:15.961701,1786528995.961701,2.503942,275,0.183687,1,58.8280,62,0.0623,28,0,No fault,1,53.5386,-26,0.0842,27,0,No fault,5.2894,-0.0220
2026-08-12T12:03:15.970466,1786528995.970466,2.512730,276,-0.320449,1,58.8935,44,0.0403,28,0,No fault,1,53.8446,344,0.0549,27,0,No fault,5.0490,-0.0147
2026-08-12T12:03:15.977538,1786528995.977538,2.519790,277,-0.978780,1,58.9809,9,0.0476,28,0,No fault,1,54.0194,361,0.0989,27,0,No fault,4.9615,-0.0513
2026-08-12T12:03:15.986104,1786528995.986104,2.528366,278,-1.505877,1,58.9809,-26,0.0549,28,0,No fault,1,54.3036,520,0.0769,27,0,No fault,4.6774,-0.0220
2026-08-12T12:03:15.992793,1786528995.992793,2.535041,279,-2.154568,1,58.9809,-132,0.0623,28,0,No fault,1,54.4784,414,0.0989,27,0,No fault,4.5025,-0.0366
2026-08-12T12:03:16.001395,1786528996.001395,2.543688,280,-2.683283,1,59.0028,79,0.0549,28,0,No fault,1,54.7626,397,0.0403,27,0,No fault,4.2402,0.0147
2026-08-12T12:03:16.019614,1786528996.019614,2.561865,281,-3.313624,1,59.0028,115,0.0549,28,0,No fault,1,55.2653,432,0.0476,27,0,No fault,3.7375,0.0073
2026-08-12T12:03:16.027320,1786528996.027320,2.569614,282,-4.693344,1,59.0028,-62,0.0769,28,0,No fault,1,55.5057,26,0.0183,27,0,No fault,3.4971,0.0586
2026-08-12T12:03:16.038182,1786528996.038182,2.580445,283,-5.263192,1,59.0028,9,0.0476,28,0,No fault,1,55.7461,326,0.0403,27,0,No fault,3.2567,0.0073
2026-08-12T12:03:16.044976,1786528996.044976,2.587216,284,-6.073278,1,58.9809,-185,0.0403,28,0,No fault,1,55.9210,661,0.0476,27,0,No fault,3.0600,-0.0073
2026-08-12T12:03:16.065539,1786528996.065539,2.607808,285,-6.576103,1,59.0028,-62,0.0037,27,0,No fault,1,56.1177,344,0.0696,27,0,No fault,2.8851,-0.0659
2026-08-12T12:03:16.073264,1786528996.073264,2.615559,286,-8.123222,1,58.9591,115,-0.0110,28,0,No fault,1,56.3581,79,0.0549,27,0,No fault,2.6010,-0.0659
2026-08-12T12:03:16.082697,1786528996.082697,2.624956,287,-8.718481,1,58.9591,-26,-0.0110,28,0,No fault,1,56.5767,608,0.0476,27,0,No fault,2.3824,-0.0586
2026-08-12T12:03:16.089793,1786528996.089793,2.632054,288,-9.401608,1,58.9591,115,0.0037,27,0,No fault,1,56.9483,79,0.0623,27,0,No fault,2.0108,-0.0586
2026-08-12T12:03:16.098017,1786528996.098017,2.640272,289,-9.940886,1,58.9372,79,-0.0330,28,0,No fault,1,57.0575,79,0.0403,27,0,No fault,1.8797,-0.0733
2026-08-12T12:03:16.104894,1786528996.104894,2.647162,290,-10.538850,1,58.9154,150,-0.0549,28,0,No fault,1,57.1668,467,0.0842,27,0,No fault,1.7486,-0.1392
2026-08-12T12:03:16.113416,1786528996.113416,2.655708,291,-11.087189,1,58.8717,-203,-0.0476,28,0,No fault,1,57.3417,115,0.0330,27,0,No fault,1.5300,-0.0806
2026-08-12T12:03:16.120246,1786528996.120246,2.662494,292,-11.682819,1,58.8717,185,-0.0623,28,0,No fault,1,57.4072,26,0.0256,27,0,No fault,1.4644,-0.0879
2026-08-12T12:03:16.129134,1786528996.129134,2.671391,293,-12.182368,1,58.8061,-185,-0.0623,28,0,No fault,1,57.5602,-256,0.0769,27,0,No fault,1.2458,-0.1392
2026-08-12T12:03:16.139426,1786528996.139426,2.681678,294,-13.027278,1,58.7187,-185,-0.0769,28,0,No fault,1,57.7570,397,0.0623,27,0,No fault,0.9617,-0.1392
2026-08-12T12:03:16.145915,1786528996.145915,2.688167,295,-13.598849,1,58.6968,-291,-0.0476,28,0,No fault,1,57.8007,132,0.0696,27,0,No fault,0.8961,-0.1172
2026-08-12T12:03:16.155068,1786528996.155068,2.697317,296,-14.077413,1,58.6531,-62,-0.1062,28,0,No fault,1,57.9755,467,0.0842,27,0,No fault,0.6776,-0.1905
2026-08-12T12:03:16.161710,1786528996.161710,2.703952,297,-14.745315,1,58.5875,-203,-0.0476,28,0,No fault,1,58.0411,79,0.0256,27,0,No fault,0.5464,-0.0733
2026-08-12T12:03:16.170158,1786528996.170158,2.712403,298,-15.222716,1,58.5438,79,-0.0842,28,0,No fault,1,58.1722,-44,0.0623,27,0,No fault,0.3716,-0.1465
2026-08-12T12:03:16.176855,1786528996.176855,2.719111,299,-15.839198,1,58.4782,-26,-0.1062,28,0,No fault,1,58.2160,220,0.1062,27,0,No fault,0.2623,-0.2125
2026-08-12T12:03:16.185902,1786528996.185902,2.728151,300,-16.346806,1,58.3690,-115,-0.1062,28,0,No fault,1,58.3471,185,0.0549,27,0,No fault,0.0219,-0.1612
2026-08-12T12:03:16.192504,1786528996.192504,2.734744,301,-16.992995,1,58.1504,9,-0.0623,28,0,No fault,1,58.3908,132,0.0769,27,0,No fault,-0.2404,-0.1392
2026-08-12T12:03:16.201280,1786528996.201280,2.743534,302,-17.457248,1,58.1067,-203,-0.1355,28,0,No fault,1,58.5001,97,0.0623,27,0,No fault,-0.3934,-0.1978
2026-08-12T12:03:16.208262,1786528996.208262,2.750495,303,-18.098402,1,58.1067,-203,-0.1355,28,0,No fault,1,58.5220,-115,0.0842,27,0,No fault,-0.4153,-0.2198
2026-08-12T12:03:16.227425,1786528996.227425,2.769698,304,-18.588995,1,57.8662,-167,-0.0989,28,0,No fault,1,58.6968,203,0.0330,27,0,No fault,-0.8306,-0.1319
2026-08-12T12:03:16.234230,1786528996.234230,2.776482,305,-19.974588,1,57.7570,26,-0.0916,28,0,No fault,1,58.7624,97,0.0330,27,0,No fault,-1.0054,-0.1245
2026-08-12T12:03:16.243022,1786528996.243022,2.785271,306,-20.447279,1,57.5821,-344,-0.0769,28,0,No fault,1,58.8280,432,0.0623,27,0,No fault,-1.2458,-0.1392
2026-08-12T12:03:16.249841,1786528996.249841,2.792099,307,-21.068567,1,57.4947,-291,-0.0916,28,0,No fault,1,58.8498,-185,0.0623,27,0,No fault,-1.3551,-0.1538
2026-08-12T12:03:16.267006,1786528996.267006,2.809261,308,-21.551602,1,57.3635,-238,-0.1355,28,0,No fault,1,58.8935,-167,0.0623,27,0,No fault,-1.5300,-0.1978
2026-08-12T12:03:16.277184,1786528996.277184,2.819437,309,-22.750191,1,57.0357,-626,-0.1062,28,0,No fault,1,58.9591,361,0.0696,27,0,No fault,-1.9234,-0.1758
2026-08-12T12:03:16.287458,1786528996.287458,2.829730,310,-23.462310,1,56.7953,-432,-0.0256,28,0,No fault,1,58.9809,-132,0.0623,27,0,No fault,-2.1857,-0.0879
2026-08-12T12:03:16.297617,1786528996.297617,2.839876,311,-24.183391,1,56.5767,-9,-0.0916,28,0,No fault,1,59.0028,132,0.0476,27,0,No fault,-2.4261,-0.1392
2026-08-12T12:03:16.304442,1786528996.304442,2.846692,312,-24.870873,1,56.4455,-220,-0.1136,28,0,No fault,1,59.0247,79,0.0696,27,0,No fault,-2.5791,-0.1832
2026-08-12T12:03:16.313249,1786528996.313249,2.855497,313,-25.346939,1,56.2051,-502,-0.1136,28,0,No fault,1,59.0028,-203,0.0916,27,0,No fault,-2.7977,-0.2051
2026-08-12T12:03:16.320343,1786528996.320343,2.862587,314,-25.938336,1,55.9210,-661,-0.0989,28,0,No fault,1,59.0247,-44,0.0476,27,0,No fault,-3.1037,-0.1465
2026-08-12T12:03:16.328542,1786528996.328542,2.870795,315,-26.431409,1,55.7898,-414,-0.0476,28,0,No fault,1,59.0247,-79,0.0110,27,0,No fault,-3.2348,-0.0586
2026-08-12T12:03:16.335184,1786528996.335184,2.877421,316,-26.971479,1,55.6587,-397,-0.0842,28,0,No fault,1,59.0247,79,0.0403,27,0,No fault,-3.3660,-0.1245
2026-08-12T12:03:16.343750,1786528996.343750,2.885996,317,-27.420056,1,55.3527,-555,-0.0623,28,0,No fault,1,59.0028,-62,0.0037,27,0,No fault,-3.6501,-0.0659
2026-08-12T12:03:16.350084,1786528996.350084,2.892325,318,-27.987858,1,55.1997,-291,-0.0476,28,0,No fault,1,59.0028,-167,0.0256,27,0,No fault,-3.8031,-0.0733
2026-08-12T12:03:16.359119,1786528996.359119,2.901371,319,-28.408167,1,54.7626,-432,-0.0842,28,0,No fault,1,58.9809,-44,0.0037,27,0,No fault,-4.2184,-0.0879
2026-08-12T12:03:16.365661,1786528996.365661,2.907901,320,-29.009774,1,54.6096,-273,-0.0916,28,0,No fault,1,58.9809,238,0.0110,27,0,No fault,-4.3714,-0.1026
2026-08-12T12:03:16.375175,1786528996.375175,2.917433,321,-29.443845,1,54.2161,-502,-0.1282,28,0,No fault,1,58.9372,-97,-0.0403,27,0,No fault,-4.7211,-0.0879
2026-08-12T12:03:16.382001,1786528996.382001,2.924243,322,-30.066434,1,54.1287,-450,-0.0989,28,0,No fault,1,58.9154,-115,-0.0842,27,0,No fault,-4.7867,-0.0147
2026-08-12T12:03:16.390279,1786528996.390279,2.932530,323,-30.525842,1,53.7571,-502,-0.1209,28,0,No fault,1,58.8717,-167,-0.0256,27,0,No fault,-5.1145,-0.0952
2026-08-12T12:03:16.396860,1786528996.396860,2.939101,324,-31.045967,1,53.6479,-714,-0.0696,28,0,No fault,1,58.8498,79,-0.0769,27,0,No fault,-5.2020,0.0073
2026-08-12T12:03:16.405973,1786528996.405973,2.948224,325,-31.464555,1,53.1014,-309,-0.0696,28,0,No fault,1,58.8280,220,-0.0403,27,0,No fault,-5.7265,-0.0293
2026-08-12T12:03:16.412525,1786528996.412525,2.954766,326,-32.050463,1,53.0140,-379,-0.0842,28,0,No fault,1,58.7624,62,-0.0623,27,0,No fault,-5.7484,-0.0220
2026-08-12T12:03:16.433565,1786528996.433565,2.975824,327,-32.463573,1,52.6643,-502,-0.0696,28,0,No fault,1,58.6312,-167,-0.0623,27,0,No fault,-5.9669,-0.0073
2026-08-12T12:03:16.441860,1786528996.441860,2.984123,328,-33.791560,1,52.5550,-203,-0.0769,27,0,No fault,1,58.5001,-26,-0.0842,27,0,No fault,-5.9451,0.0073
2026-08-12T12:03:16.450000,1786528996.450000,2.992307,329,-34.310311,1,52.2490,-837,-0.0989,28,0,No fault,1,58.4564,-115,-0.0403,27,0,No fault,-6.2074,-0.0586
2026-08-12T12:03:16.469249,1786528996.469249,3.011525,330,-34.820034,1,51.7026,-538,-0.0549,28,0,No fault,1,58.2815,-62,-0.0549,27,0,No fault,-6.5789,0.0000
2026-08-12T12:03:16.476721,1786528996.476721,3.018984,331,-35.987839,1,51.3529,-749,-0.0769,28,0,No fault,1,58.2378,79,-0.0549,27,0,No fault,-6.8849,-0.0220
2026-08-12T12:03:16.486228,1786528996.486228,3.028491,332,-36.440474,1,50.8065,-749,-0.0549,28,0,No fault,1,58.0192,-379,-0.0476,27,0,No fault,-7.2128,-0.0073
2026-08-12T12:03:16.495176,1786528996.495176,3.037441,333,-36.996490,1,50.6753,-802,-0.0549,28,0,No fault,1,57.9537,-238,-0.0769,27,0,No fault,-7.2784,0.0220
2026-08-12T12:03:16.501928,1786528996.501928,3.044173,334,-37.526901,1,50.1507,-696,-0.0696,28,0,No fault,1,57.8881,-167,-0.0769,27,0,No fault,-7.7374,0.0073
2026-08-12T12:03:16.510795,1786528996.510795,3.053055,335,-37.917986,1,49.8229,-397,-0.1355,28,0,No fault,1,57.6914,-502,-0.0403,27,0,No fault,-7.8685,-0.0952
2026-08-12T12:03:16.517526,1786528996.517526,3.059775,336,-38.437064,1,49.5388,-555,-0.1502,28,0,No fault,1,57.4728,-361,-0.0623,27,0,No fault,-7.9341,-0.0879
2026-08-12T12:03:16.526261,1786528996.526261,3.068508,337,-38.822504,1,49.1890,-837,-0.0989,28,0,No fault,1,57.3854,-309,-0.0403,27,0,No fault,-8.1964,-0.0586
2026-08-12T12:03:16.532774,1786528996.532774,3.075025,338,-39.321830,1,48.8830,-379,-0.0989,28,0,No fault,1,57.2980,-450,-0.1136,27,0,No fault,-8.4149,0.0147
2026-08-12T12:03:16.541705,1786528996.541705,3.083947,339,-39.692588,1,48.7300,-626,-0.0916,28,0,No fault,1,57.1231,-220,-0.0623,27,0,No fault,-8.3931,-0.0293
2026-08-12T12:03:16.548209,1786528996.548209,3.090460,340,-40.193427,1,48.1618,-661,-0.0696,28,0,No fault,1,57.0138,-150,-0.0842,27,0,No fault,-8.8521,0.0147
2026-08-12T12:03:16.557158,1786528996.557158,3.099412,341,-40.572142,1,47.8995,-538,-0.0769,28,0,No fault,1,56.7515,-432,-0.1062,27,0,No fault,-8.8521,0.0293
2026-08-12T12:03:16.563803,1786528996.563803,3.106042,342,-41.055663,1,47.7902,-978,-0.0916,28,0,No fault,1,56.6860,-291,-0.0623,27,0,No fault,-8.8958,-0.0293
2026-08-12T12:03:16.572726,1786528996.572726,3.114989,343,-41.413291,1,47.4623,-749,-0.0696,28,0,No fault,1,56.4237,-62,-0.0989,27,0,No fault,-8.9613,0.0293
2026-08-12T12:03:16.579546,1786528996.579546,3.121812,344,-41.902434,1,47.2001,-855,-0.1062,28,0,No fault,1,56.2925,-326,-0.1062,27,0,No fault,-9.0925,0.0000
2026-08-12T12:03:16.588382,1786528996.588382,3.130652,345,-42.268679,1,46.7411,-714,-0.0623,28,0,No fault,1,56.0740,-238,-0.0842,27,0,No fault,-9.3329,0.0220
2026-08-12T12:03:16.595301,1786528996.595301,3.137558,346,-42.738182,1,46.5662,-661,-0.0623,28,0,No fault,1,55.9210,-520,-0.0842,27,0,No fault,-9.3548,0.0220
2026-08-12T12:03:16.603953,1786528996.603953,3.146252,347,-43.100226,1,45.9542,-1031,-0.0842,28,0,No fault,1,55.7024,-97,-0.1062,27,0,No fault,-9.7482,0.0220
2026-08-12T12:03:16.611245,1786528996.611245,3.153518,348,-43.559391,1,45.8012,-732,-0.0989,28,0,No fault,1,55.5494,-502,-0.0696,27,0,No fault,-9.7482,-0.0293
2026-08-12T12:03:16.621974,1786528996.621974,3.164256,349,-43.946610,1,45.5608,-714,-0.1355,28,0,No fault,1,55.2871,-414,-0.1136,27,0,No fault,-9.7263,-0.0220
2026-08-12T12:03:16.639943,1786528996.639943,3.182248,350,-44.483211,1,44.1182,-485,-0.0549,28,0,No fault,1,54.7188,-132,-0.0842,27,0,No fault,-10.6006,0.0293
2026-08-12T12:03:16.650383,1786528996.650383,3.192645,351,-45.394114,1,43.8997,-626,-0.1282,28,0,No fault,1,54.4128,-220,-0.0623,27,0,No fault,-10.5132,-0.0659
2026-08-12T12:03:16.657482,1786528996.657482,3.199749,352,-45.888053,1,43.3314,-749,-0.0549,28,0,No fault,1,54.1943,-344,-0.0842,27,0,No fault,-10.8629,0.0293
2026-08-12T12:03:16.676324,1786528996.676324,3.218575,353,-46.241493,1,42.4790,-749,-0.0110,28,0,No fault,1,53.8664,-961,-0.0549,27,0,No fault,-11.3875,0.0440
2026-08-12T12:03:16.684096,1786528996.684096,3.226348,354,-47.122295,1,41.9763,-714,-0.1062,28,0,No fault,1,53.5386,-309,-0.0549,27,0,No fault,-11.5623,-0.0513
2026-08-12T12:03:16.692158,1786528996.692158,3.234414,355,-47.486635,1,41.3861,-926,-0.1209,28,0,No fault,1,53.1670,-696,-0.0549,27,0,No fault,-11.7809,-0.0659
2026-08-12T12:03:16.702670,1786528996.702670,3.244924,356,-47.852056,1,41.1020,-450,-0.0330,27,0,No fault,1,52.8829,-608,-0.0623,27,0,No fault,-11.7809,0.0293
2026-08-12T12:03:16.709492,1786528996.709492,3.251746,357,-48.327179,1,40.5556,-926,-0.1062,28,0,No fault,1,52.7080,-502,-0.0989,27,0,No fault,-12.1525,-0.0073
2026-08-12T12:03:16.718351,1786528996.718351,3.260599,358,-48.628977,1,39.9654,-855,-0.0696,28,0,No fault,1,52.3583,-132,-0.0696,27,0,No fault,-12.3929,0.0000
2026-08-12T12:03:16.725136,1786528996.725136,3.267380,359,-49.015453,1,39.6594,-802,-0.0769,28,0,No fault,1,51.8337,-79,-0.0330,27,0,No fault,-12.1743,-0.0440
2026-08-12T12:03:16.733715,1786528996.733715,3.275965,360,-49.308026,1,39.0693,-908,-0.0769,28,0,No fault,1,51.4840,-679,-0.0989,27,0,No fault,-12.4147,0.0220
2026-08-12T12:03:16.740563,1786528996.740563,3.282810,361,-49.678409,1,38.7851,-785,-0.0549,28,0,No fault,1,51.3966,-467,-0.1502,27,0,No fault,-12.6115,0.0952
2026-08-12T12:03:16.749136,1786528996.749136,3.291377,362,-49.961368,1,38.3917,-926,-0.0769,28,0,No fault,1,51.0906,-538,-0.0842,27,0,No fault,-12.6989,0.0073
2026-08-12T12:03:16.756438,1786528996.756438,3.298684,363,-50.339793,1,38.1513,-996,-0.0476,28,0,No fault,1,50.8065,-696,-0.0769,27,0,No fault,-12.6552,0.0293
2026-08-12T12:03:16.764407,1786528996.764407,3.306648,364,-50.618350,1,37.4519,-820,-0.0916,28,0,No fault,1,50.4349,-714,-0.0623,27,0,No fault,-12.9830,-0.0293
2026-08-12T12:03:16.771884,1786528996.771884,3.314119,365,-50.932800,1,37.2333,-820,-0.1282,28,0,No fault,1,50.1726,-696,-0.1136,27,0,No fault,-12.9393,-0.0147
2026-08-12T12:03:16.779766,1786528996.779766,3.321998,366,-51.230235,1,36.5776,-978,-0.1282,28,0,No fault,1,49.7573,-749,-0.0330,27,0,No fault,-13.1797,-0.0952
2026-08-12T12:03:16.786794,1786528996.786794,3.329026,367,-51.534102,1,36.3372,-749,-0.0916,28,0,No fault,1,49.5169,-714,-0.1136,27,0,No fault,-13.1797,0.0220
2026-08-12T12:03:16.795251,1786528996.795251,3.337504,368,-51.803828,1,35.6377,-1014,-0.0769,28,0,No fault,1,49.1016,-696,-0.0330,27,0,No fault,-13.4639,-0.0440
2026-08-12T12:03:16.802531,1786528996.802531,3.344799,369,-52.126472,1,35.3973,-873,-0.0476,28,0,No fault,1,48.8175,-696,-0.0842,27,0,No fault,-13.4202,0.0366
2026-08-12T12:03:16.810680,1786528996.810680,3.352926,370,-52.402222,1,35.0695,-749,-0.0696,28,0,No fault,1,48.4022,-414,-0.0037,27,0,No fault,-13.3327,-0.0659
2026-08-12T12:03:16.817512,1786528996.817512,3.359752,371,-52.692851,1,34.6760,-855,-0.0549,27,0,No fault,1,48.1181,-749,-0.0769,27,0,No fault,-13.4420,0.0220
2026-08-12T12:03:16.826421,1786528996.826421,3.368658,372,-52.934393,1,34.4575,-908,-0.1062,28,0,No fault,1,47.7246,-573,-0.0916,27,0,No fault,-13.2672,-0.0147
2026-08-12T12:03:16.841354,1786528996.841354,3.383595,373,-53.248487,1,32.5341,-926,-0.1868,28,0,No fault,1,47.0033,-450,-0.0842,27,0,No fault,-14.4693,-0.1026
2026-08-12T12:03:16.849025,1786528996.849025,3.391282,374,-53.758302,1,32.1406,-978,-0.1355,28,0,No fault,1,46.6973,-855,-0.1062,27,0,No fault,-14.5567,-0.0293
2026-08-12T12:03:16.856709,1786528996.856709,3.398961,375,-54.020156,1,31.7035,-802,-0.0549,28,0,No fault,1,46.2384,-961,-0.0403,27,0,No fault,-14.5349,-0.0147
2026-08-12T12:03:16.864616,1786528996.864616,3.406856,376,-54.263948,1,31.3756,-643,-0.0549,28,0,No fault,1,45.9542,-802,-0.0769,27,0,No fault,-14.5786,0.0220
2026-08-12T12:03:16.883655,1786528996.883655,3.425915,377,-54.514931,1,30.3265,-908,-0.0256,28,0,No fault,1,45.4952,-679,-0.0256,27,0,No fault,-15.1687,0.0000
2026-08-12T12:03:16.891320,1786528996.891320,3.433576,378,-55.099711,1,29.6927,-1067,-0.1136,28,0,No fault,1,44.6865,-502,-0.0330,27,0,No fault,-14.9939,-0.0806
2026-08-12T12:03:16.900932,1786528996.900932,3.443181,379,-55.330907,1,29.0151,-732,-0.0623,28,0,No fault,1,44.3368,-573,-0.0623,27,0,No fault,-15.3217,0.0000
2026-08-12T12:03:16.909697,1786528996.909697,3.451936,380,-55.600715,1,28.3375,-873,-0.1136,28,0,No fault,1,43.9871,-732,-0.0769,27,0,No fault,-15.6496,-0.0366
2026-08-12T12:03:16.916092,1786528996.916092,3.458328,381,-55.846794,1,28.0097,-943,-0.1136,28,0,No fault,1,43.7467,-890,-0.1429,27,0,No fault,-15.7370,0.0293
2026-08-12T12:03:16.922364,1786528996.922364,3.464599,382,-56.018622,1,27.8567,-626,-0.0916,28,0,No fault,1,43.4844,-978,-0.0916,27,0,No fault,-15.6277,0.0000
2026-08-12T12:03:16.930063,1786528996.930063,3.472303,383,-56.186644,1,27.2228,-1014,-0.0989,28,0,No fault,1,42.3478,-696,-0.0916,27,0,No fault,-15.1250,-0.0073
2026-08-12T12:03:16.936683,1786528996.936683,3.478922,384,-56.389254,1,26.9824,-890,-0.0769,28,0,No fault,1,42.2385,-679,-0.0769,27,0,No fault,-15.2561,0.0000
2026-08-12T12:03:16.945588,1786528996.945588,3.487846,385,-56.556252,1,26.6327,-1049,-0.0696,28,0,No fault,1,41.8233,-820,-0.1062,27,0,No fault,-15.1906,0.0366
2026-08-12T12:03:16.952171,1786528996.952171,3.494413,386,-56.779462,1,25.9333,-943,-0.0549,28,0,No fault,1,41.4298,-732,-0.0696,27,0,No fault,-15.4966,0.0147
2026-08-12T12:03:16.961324,1786528996.961324,3.503628,387,-56.936494,1,25.5835,-1049,-0.0842,28,0,No fault,1,40.9490,-873,-0.0696,27,0,No fault,-15.3654,-0.0147
2026-08-12T12:03:16.968532,1786528996.968532,3.510785,388,-57.155026,1,24.8404,-978,-0.0769,28,0,No fault,1,40.5774,-873,-0.0842,27,0,No fault,-15.7370,0.0073
2026-08-12T12:03:16.977551,1786528996.977551,3.519822,389,-57.321196,1,24.0098,-1049,-0.1429,28,0,No fault,1,40.0528,-696,-0.0623,27,0,No fault,-16.0430,-0.0806
2026-08-12T12:03:16.987180,1786528996.987180,3.529440,390,-57.513749,1,23.7913,-1031,-0.1209,28,0,No fault,1,39.3097,-978,-0.0916,27,0,No fault,-15.5184,-0.0293
2026-08-12T12:03:16.997706,1786528996.997706,3.539953,391,-57.717717,1,22.9389,-978,-0.0769,28,0,No fault,1,38.7851,-502,-0.0769,27,0,No fault,-15.8463,0.0000
2026-08-12T12:03:17.005168,1786528997.005168,3.547413,392,-57.929339,1,22.5454,-943,-0.0476,28,0,No fault,1,38.4136,-767,-0.0549,27,0,No fault,-15.8681,0.0073
2026-08-12T12:03:17.013254,1786528997.013254,3.555504,393,-58.073148,1,21.8460,-978,-0.0842,28,0,No fault,1,37.8890,-1031,-0.0989,27,0,No fault,-16.0430,0.0147
2026-08-12T12:03:17.020736,1786528997.020736,3.562983,394,-58.221864,1,21.6493,-749,-0.0549,28,0,No fault,1,37.4956,-820,-0.0476,27,0,No fault,-15.8463,-0.0073
2026-08-12T12:03:17.029099,1786528997.029099,3.571345,395,-58.356923,1,21.2777,-908,-0.0623,28,0,No fault,1,36.9710,-996,-0.1209,27,0,No fault,-15.6933,0.0586
2026-08-12T12:03:17.049744,1786528997.049744,3.591998,396,-58.497759,1,20.5346,-943,-0.0696,28,0,No fault,1,35.7907,-961,-0.1062,27,0,No fault,-15.2561,0.0366
2026-08-12T12:03:17.060269,1786528997.060269,3.602516,397,-58.825757,1,19.0483,-1084,-0.1429,28,0,No fault,1,35.0695,-978,-0.0842,27,0,No fault,-16.0211,-0.0586
2026-08-12T12:03:17.068011,1786528997.068011,3.610259,398,-58.975444,1,18.4363,-1261,-0.0549,28,0,No fault,1,34.8072,-1031,-0.0842,27,0,No fault,-16.3708,0.0293
2026-08-12T12:03:17.086329,1786528997.086329,3.628588,399,-59.080505,1,17.3216,-749,-0.0989,28,0,No fault,1,34.1078,-802,-0.1136,27,0,No fault,-16.7861,0.0147
2026-08-12T12:03:17.093993,1786528997.093993,3.636234,400,-59.307344,1,16.5348,-1155,-0.0403,28,0,No fault,1,33.2335,-873,-0.0769,27,0,No fault,-16.6987,0.0366
2026-08-12T12:03:17.102018,1786528997.102018,3.644257,401,-59.392856,1,15.7698,-1454,-0.0623,28,0,No fault,1,32.9056,-1137,-0.0623,27,0,No fault,-17.1358,0.0000
2026-08-12T12:03:17.109072,1786528997.109072,3.651315,402,-59.472683,1,15.3982,-1049,-0.1795,28,0,No fault,1,32.5122,-1208,-0.1136,27,0,No fault,-17.1140,-0.0659
2026-08-12T12:03:17.117623,1786528997.117623,3.659869,403,-59.540954,1,14.7425,-1119,-0.0842,28,0,No fault,1,31.9002,-714,-0.0549,27,0,No fault,-17.1577,-0.0293
2026-08-12T12:03:17.124413,1786528997.124413,3.666664,404,-59.617116,1,14.2398,-1172,-0.0769,28,0,No fault,1,31.6161,-1049,-0.0842,27,0,No fault,-17.3763,0.0073
2026-08-12T12:03:17.133006,1786528997.133006,3.675259,405,-59.673368,1,13.5622,-996,-0.0330,28,0,No fault,1,30.2391,-1119,-0.1136,27,0,No fault,-16.6768,0.0806
2026-08-12T12:03:17.139450,1786528997.139450,3.681688,406,-59.737923,1,13.0377,-1137,-0.0769,28,0,No fault,1,30.0861,-1208,-0.0696,27,0,No fault,-17.0484,-0.0073
2026-08-12T12:03:17.145833,1786528997.145833,3.688087,407,-59.780115,1,12.8191,-1208,-0.0842,28,0,No fault,1,29.9331,-837,-0.0769,27,0,No fault,-17.1140,-0.0073
2026-08-12T12:03:17.153399,1786528997.153399,3.695626,408,-59.820448,1,11.9230,-767,-0.0989,28,0,No fault,1,29.2555,-943,-0.0183,27,0,No fault,-17.3326,-0.0806
2026-08-12T12:03:17.159953,1786528997.159953,3.702196,409,-59.860883,1,11.6607,-926,-0.1282,28,0,No fault,1,28.9495,-749,-0.0769,27,0,No fault,-17.2888,-0.0513
2026-08-12T12:03:17.168839,1786528997.168839,3.711080,410,-59.892651,1,11.2673,-1102,-0.1209,28,0,No fault,1,28.2720,-837,-0.0403,27,0,No fault,-17.0047,-0.0806
2026-08-12T12:03:17.175569,1786528997.175569,3.717815,411,-59.929182,1,10.5241,-873,-0.1062,28,0,No fault,1,27.7474,-1102,-0.0916,27,0,No fault,-17.2233,-0.0147
2026-08-12T12:03:17.184487,1786528997.184487,3.726730,412,-59.951584,1,10.1307,-908,-0.0476,28,0,No fault,1,27.2228,-978,-0.0696,27,0,No fault,-17.0921,0.0220
2026-08-12T12:03:17.190915,1786528997.190915,3.733150,413,-59.974752,1,9.3657,-1437,-0.0989,28,0,No fault,1,26.6983,-1014,-0.0696,27,0,No fault,-17.3326,-0.0293
2026-08-12T12:03:17.199728,1786528997.199728,3.741980,414,-59.986794,1,8.9941,-1049,-0.0623,28,0,No fault,1,26.1518,-643,-0.0549,27,0,No fault,-17.1577,-0.0073
2026-08-12T12:03:17.206205,1786528997.206205,3.748448,415,-59.997124,1,8.2073,-1067,-0.0623,28,0,No fault,1,25.6491,-1155,-0.1136,27,0,No fault,-17.4418,0.0513
2026-08-12T12:03:17.215186,1786528997.215186,3.757448,416,-59.999912,1,7.8139,-820,-0.0403,28,0,No fault,1,25.0808,-820,-0.0623,27,0,No fault,-17.2670,0.0220
2026-08-12T12:03:17.222072,1786528997.222072,3.764318,417,-59.997090,1,7.0489,-961,-0.1648,28,0,No fault,1,24.5563,-538,-0.0842,27,0,No fault,-17.5074,-0.0806
2026-08-12T12:03:17.230682,1786528997.230682,3.772931,418,-59.989968,1,6.1309,-1084,-0.0916,28,0,No fault,1,24.0098,-1208,-0.0916,27,0,No fault,-17.8790,0.0000
2026-08-12T12:03:17.247682,1786528997.247682,3.789933,419,-59.974638,1,4.5790,-855,-0.0476,28,0,No fault,1,22.9170,-1102,-0.0916,27,0,No fault,-18.3380,0.0440
2026-08-12T12:03:17.256208,1786528997.256208,3.798474,420,-59.923620,1,4.0107,-1067,-0.0330,28,0,No fault,1,22.1957,-961,-0.1062,27,0,No fault,-18.1850,0.0733
2026-08-12T12:03:17.263484,1786528997.263484,3.805734,421,-59.886863,1,3.6829,-767,-0.1136,28,0,No fault,1,21.8242,-1225,-0.0549,27,0,No fault,-18.1413,-0.0586
2026-08-12T12:03:17.271604,1786528997.271604,3.813860,422,-59.850912,1,3.2458,-1155,-0.1209,28,0,No fault,1,20.9062,-890,-0.0769,27,0,No fault,-17.6604,-0.0440
2026-08-12T12:03:17.289147,1786528997.289147,3.831410,423,-59.805525,1,2.6775,-908,-0.0696,28,0,No fault,1,20.7094,-1225,-0.0623,27,0,No fault,-18.0320,-0.0073
2026-08-12T12:03:17.297181,1786528997.297181,3.839449,424,-59.684120,1,1.4535,-1172,-0.0623,28,0,No fault,1,19.9882,-978,-0.0476,27,0,No fault,-18.5347,-0.0147
2026-08-12T12:03:17.305943,1786528997.305943,3.848207,425,-59.618668,1,1.0163,-1119,-0.0696,28,0,No fault,1,19.1357,-926,-0.0549,27,0,No fault,-18.1194,-0.0147
2026-08-12T12:03:17.316079,1786528997.316079,3.858324,426,-59.541354,1,0.2732,-1067,-0.1209,28,0,No fault,1,18.4363,-1084,-0.0696,27,0,No fault,-18.1631,-0.0513
2026-08-12T12:03:17.322687,1786528997.322687,3.864938,427,-59.443028,1,-0.0546,-926,-0.1429,28,0,No fault,1,18.1959,-1084,-0.0769,27,0,No fault,-18.2505,-0.0659
2026-08-12T12:03:17.331717,1786528997.331717,3.873963,428,-59.368687,1,-1.0163,-1084,-0.1136,28,0,No fault,1,17.2998,-749,-0.0842,27,0,No fault,-18.3161,-0.0293
2026-08-12T12:03:17.338325,1786528997.338325,3.880581,429,-59.271401,1,-1.2568,-1313,-0.1136,28,0,No fault,1,16.2506,-1102,-0.0696,27,0,No fault,-17.5074,-0.0440
2026-08-12T12:03:17.347268,1786528997.347268,3.889524,430,-59.188430,1,-2.1748,-1031,-0.1062,28,0,No fault,1,15.6168,-661,-0.0549,27,0,No fault,-17.7915,-0.0513
2026-08-12T12:03:17.354388,1786528997.354388,3.896642,431,-59.075456,1,-2.7868,-1067,-0.0696,28,0,No fault,1,15.4419,-820,-0.1868,27,0,No fault,-18.2287,0.1172
2026-08-12T12:03:17.364554,1786528997.364554,3.906811,432,-58.980519,1,-3.3332,-1031,-0.1062,28,0,No fault,1,14.7425,-1225,-0.0403,27,0,No fault,-18.0757,-0.0659
2026-08-12T12:03:17.374783,1786528997.374783,3.917036,433,-58.835223,1,-4.3823,-1014,-0.0476,28,0,No fault,1,13.9994,-1155,-0.0476,27,0,No fault,-18.3817,0.0000
2026-08-12T12:03:17.385173,1786528997.385173,3.927421,434,-58.679081,1,-5.3003,-1067,-0.1209,28,0,No fault,1,13.0814,-1031,-0.1136,27,0,No fault,-18.3817,-0.0073
2026-08-12T12:03:17.392972,1786528997.392972,3.935224,435,-58.511354,1,-6.4587,-1172,-0.1136,28,0,No fault,1,12.6005,-1437,-0.0623,27,0,No fault,-19.0593,-0.0513
2026-08-12T12:03:17.400543,1786528997.400543,3.942792,436,-58.372187,1,-7.0489,-1261,-0.0623,28,0,No fault,1,11.9667,-978,-0.1648,27,0,No fault,-19.0155,0.1026
2026-08-12T12:03:17.410971,1786528997.410971,3.953225,437,-58.244006,1,-7.5953,-1261,-0.1062,28,0,No fault,1,11.2673,-1190,-0.0330,27,0,No fault,-18.8625,-0.0733
2026-08-12T12:03:17.418717,1786528997.418717,3.960964,438,-58.049998,1,-8.1854,-943,-0.0696,28,0,No fault,1,10.7645,-890,-0.0769,27,0,No fault,-18.9500,0.0073
2026-08-12T12:03:17.426390,1786528997.426390,3.968644,439,-57.897200,1,-8.9941,-1172,-0.0037,28,0,No fault,1,10.0870,-890,-0.0696,27,0,No fault,-19.0811,0.0659
2026-08-12T12:03:17.434008,1786528997.434008,3.976249,440,-57.744829,1,-9.3657,-1172,-0.0842,28,0,No fault,1,9.5843,-1031,-0.1136,27,0,No fault,-18.9500,0.0293
2026-08-12T12:03:17.451952,1786528997.451952,3.994200,441,-57.582337,1,-10.8301,-1172,-0.0183,28,0,No fault,1,8.1854,-1243,-0.1062,27,0,No fault,-19.0155,0.0879
2026-08-12T12:03:17.459172,1786528997.459172,4.001435,442,-57.191044,1,-11.1798,-1014,-0.0916,28,0,No fault,1,7.7920,-1155,-0.0769,27,0,No fault,-18.9718,-0.0147
2026-08-12T12:03:17.467761,1786528997.467761,4.010016,443,-57.019677,1,-11.7481,-1049,-0.0916,28,0,No fault,1,7.0051,-1225,-0.0623,27,0,No fault,-18.7533,-0.0293
2026-08-12T12:03:17.474332,1786528997.474332,4.016574,444,-56.819637,1,-12.2290,-1067,-0.0403,27,0,No fault,1,6.6336,-961,-0.0476,27,0,No fault,-18.8625,0.0073
2026-08-12T12:03:17.494668,1786528997.494668,4.036932,445,-56.660368,1,-13.4748,-1049,-0.0769,28,0,No fault,1,5.6500,-1049,-0.0769,27,0,No fault,-19.1248,0.0000
2026-08-12T12:03:17.505338,1786528997.505338,4.047611,446,-56.131797,1,-14.4802,-1296,-0.0842,28,0,No fault,1,4.6446,-1243,-0.0330,27,0,No fault,-19.1248,-0.0513
2026-08-12T12:03:17.515562,1786528997.515562,4.057811,447,-55.843365,1,-15.1578,-1225,-0.1355,28,0,No fault,1,3.9889,-890,-0.0769,27,0,No fault,-19.1467,-0.0586
2026-08-12T12:03:17.522206,1786528997.522206,4.064448,448,-55.561234,1,-15.9228,-1014,-0.0623,28,0,No fault,1,3.6610,-1137,-0.1941,27,0,No fault,-19.5838,0.1319
2026-08-12T12:03:17.530867,1786528997.530867,4.073114,449,-55.371337,1,-16.2725,-908,-0.0769,28,0,No fault,1,2.8305,-1119,-0.0549,27,0,No fault,-19.1030,-0.0220
2026-08-12T12:03:17.537296,1786528997.537296,4.079537,450,-55.116137,1,-16.7971,-1102,-0.0842,28,0,No fault,1,2.3059,-1349,-0.1209,27,0,No fault,-19.1030,0.0366
2026-08-12T12:03:17.546287,1786528997.546287,4.088525,451,-54.918265,1,-17.4309,-1190,-0.0476,28,0,No fault,1,0.8415,-961,-0.1355,27,0,No fault,-18.2724,0.0879
2026-08-12T12:03:17.552758,1786528997.552758,4.094997,452,-54.647282,1,-17.9773,-1208,-0.0916,28,0,No fault,1,0.6448,-908,-0.0769,27,0,No fault,-18.6221,-0.0147
2026-08-12T12:03:17.561669,1786528997.561669,4.103941,453,-54.443997,1,-18.5456,-714,-0.0989,28,0,No fault,1,-0.2295,-1031,-0.0476,27,0,No fault,-18.3161,-0.0513
2026-08-12T12:03:17.568360,1786528997.568360,4.110613,454,-54.154708,1,-19.0483,-837,-0.1136,28,0,No fault,1,-0.4044,-1014,-0.0769,27,0,No fault,-18.6440,-0.0366
2026-08-12T12:03:17.577624,1786528997.577624,4.119884,455,-53.936601,1,-19.6822,-1049,-0.0549,28,0,No fault,1,-1.1693,-714,-0.0549,27,0,No fault,-18.5128,0.0000
2026-08-12T12:03:17.584643,1786528997.584643,4.126900,456,-53.626345,1,-20.3816,-820,-0.1062,28,0,No fault,1,-1.6065,-1296,-0.0623,27,0,No fault,-18.7751,-0.0440
2026-08-12T12:03:17.593559,1786528997.593559,4.135815,457,-53.387345,1,-20.7750,-1225,-0.0549,28,0,No fault,1,-2.3933,-1190,-0.0549,27,0,No fault,-18.3817,0.0000
2026-08-12T12:03:17.601146,1786528997.601146,4.143402,458,-53.077334,1,-20.7313,-1137,-0.0916,27,0,No fault,1,-2.7649,-837,-0.0842,27,0,No fault,-17.9664,-0.0073
2026-08-12T12:03:17.609223,1786528997.609223,4.151481,459,-52.801041,1,-21.5182,-1102,-0.0696,28,0,No fault,1,-3.5955,-1261,-0.0916,27,0,No fault,-17.9227,0.0220
2026-08-12T12:03:17.615965,1786528997.615965,4.158237,460,-52.515692,1,-21.8679,-890,-0.0842,27,0,No fault,1,-3.9889,-1296,-0.0403,27,0,No fault,-17.8790,-0.0440
2026-08-12T12:03:17.625473,1786528997.625473,4.167793,461,-52.263161,1,-22.5891,-961,-0.1648,28,0,No fault,1,-4.7102,-802,-0.0916,27,0,No fault,-17.8790,-0.0733
2026-08-12T12:03:17.635763,1786528997.635763,4.178093,462,-51.908939,1,-23.3979,-1208,-0.1062,28,0,No fault,1,-5.5407,-1190,-0.0916,27,0,No fault,-17.8571,-0.0147
2026-08-12T12:03:17.656245,1786528997.656245,4.198538,463,-51.516877,1,-25.5398,-926,-0.0330,28,0,No fault,1,-7.0707,-1031,-0.0623,27,0,No fault,-18.4691,0.0293
2026-08-12T12:03:17.663697,1786528997.663697,4.205967,464,-50.709107,1,-25.6928,-802,-0.0183,28,0,No fault,1,-7.5734,-802,-0.0769,27,0,No fault,-18.1194,0.0586
2026-08-12T12:03:17.672462,1786528997.672462,4.214725,465,-50.397618,1,-25.9988,-643,-0.0256,28,0,No fault,1,-8.2510,-714,-0.0769,27,0,No fault,-17.7478,0.0513
2026-08-12T12:03:17.679734,1786528997.679734,4.221987,466,-50.044290,1,-26.3267,-873,-0.0989,28,0,No fault,1,-8.7537,-1119,-0.1209,27,0,No fault,-17.5730,0.0220
2026-08-12T12:03:17.700140,1786528997.700140,4.242401,467,-49.725220,1,-27.3758,-837,-0.1136,28,0,No fault,1,-9.9340,-1402,-0.1062,27,0,No fault,-17.4418,-0.0073
2026-08-12T12:03:17.710536,1786528997.710536,4.252780,468,-48.862546,1,-28.2282,-943,-0.0403,28,0,No fault,1,-10.6334,-1014,-0.0330,27,0,No fault,-17.5948,-0.0073
2026-08-12T12:03:17.720761,1786528997.720761,4.263008,469,-48.408133,1,-29.1025,-978,-0.0842,28,0,No fault,1,-11.2673,-908,-0.0916,27,0,No fault,-17.8353,0.0073
2026-08-12T12:03:17.730916,1786528997.730916,4.273155,470,-47.942072,1,-29.7145,-943,-0.0623,28,0,No fault,1,-12.2290,-1067,-0.0403,27,0,No fault,-17.4856,-0.0220
2026-08-12T12:03:17.741124,1786528997.741124,4.283374,471,-47.473249,1,-30.3046,-767,-0.0842,28,0,No fault,1,-12.8847,-1049,-0.1355,27,0,No fault,-17.4200,0.0513
2026-08-12T12:03:17.751347,1786528997.751347,4.293600,472,-47.009327,1,-30.7855,-926,-0.0110,28,0,No fault,1,-14.2835,-908,-0.0769,27,0,No fault,-16.5020,0.0659
2026-08-12T12:03:17.761627,1786528997.761627,4.303884,473,-46.526900,1,-31.3319,-996,-0.1209,28,0,No fault,1,-14.7862,-785,-0.0989,27,0,No fault,-16.5457,-0.0220
2026-08-12T12:03:17.771762,1786528997.771762,4.314009,474,-46.030156,1,-31.9658,-943,-0.0842,28,0,No fault,1,-15.5512,-1137,-0.0623,27,0,No fault,-16.4146,-0.0220
2026-08-12T12:03:17.778466,1786528997.778466,4.320716,475,-45.538194,1,-32.2936,-890,-0.0916,28,0,No fault,1,-15.9009,-837,-0.0916,27,0,No fault,-16.3927,0.0000
2026-08-12T12:03:17.787169,1786528997.787169,4.329419,476,-45.210353,1,-32.7308,-1137,-0.0842,28,0,No fault,1,-16.7752,-1225,-0.1062,27,0,No fault,-15.9556,0.0220
2026-08-12T12:03:17.793634,1786528997.793634,4.335872,477,-44.776177,1,-32.9275,-837,-0.0696,28,0,No fault,1,-17.0375,-1084,-0.0989,27,0,No fault,-15.8900,0.0293
2026-08-12T12:03:17.802513,1786528997.802513,4.344753,478,-44.444701,1,-33.5832,-767,-0.0842,27,0,No fault,1,-17.9336,-1331,-0.0842,27,0,No fault,-15.6496,0.0000
2026-08-12T12:03:17.808789,1786528997.808789,4.351029,479,-43.998907,1,-33.9329,-1049,-0.0549,28,0,No fault,1,-18.1522,-1102,-0.0842,27,0,No fault,-15.7807,0.0293
2026-08-12T12:03:17.817920,1786528997.817920,4.360195,480,-43.671584,1,-34.6760,-873,-0.0623,28,0,No fault,1,-19.0265,-890,-0.0549,27,0,No fault,-15.6496,-0.0073
2026-08-12T12:03:17.825060,1786528997.825060,4.367299,481,-43.187068,1,-35.0695,-926,-0.0842,28,0,No fault,1,-19.2887,-1296,-0.0989,27,0,No fault,-15.7807,0.0147
2026-08-12T12:03:17.833084,1786528997.833084,4.375329,482,-42.825970,1,-35.2225,-591,-0.1209,28,0,No fault,1,-20.0756,-890,-0.0623,27,0,No fault,-15.1469,-0.0586
2026-08-12T12:03:17.839476,1786528997.839476,4.381733,483,-42.397935,1,-35.5066,-996,-0.0476,27,0,No fault,1,-20.3816,-1366,-0.0842,27,0,No fault,-15.1250,0.0366
2026-08-12T12:03:17.859332,1786528997.859332,4.401668,484,-42.052505,1,-36.0093,-802,-0.0842,28,0,No fault,1,-21.8679,-890,-0.0842,27,0,No fault,-14.1414,0.0000
2026-08-12T12:03:17.870039,1786528997.870039,4.412333,485,-40.956500,1,-36.7524,-873,-0.0696,28,0,No fault,1,-22.5236,-855,-0.0989,27,0,No fault,-14.2289,0.0293
2026-08-12T12:03:17.880063,1786528997.880063,4.422324,486,-40.360901,1,-37.3863,-414,-0.0842,28,0,No fault,1,-23.3979,-1155,-0.0696,27,0,No fault,-13.9884,-0.0147
2026-08-12T12:03:17.899769,1786528997.899769,4.442019,487,-39.813013,1,-38.6321,-555,-0.0476,28,0,No fault,1,-24.4688,-1190,-0.1136,27,0,No fault,-14.1633,0.0659
2026-08-12T12:03:17.907324,1786528997.907324,4.449613,488,-38.694781,1,-39.3753,-785,-0.0989,28,0,No fault,1,-24.7093,-961,-0.1282,27,0,No fault,-14.6660,0.0293
2026-08-12T12:03:17.916116,1786528997.916116,4.458378,489,-38.218848,1,-39.5283,-785,-0.1062,28,0,No fault,1,-25.4087,-943,-0.0842,27,0,No fault,-14.1196,-0.0220
2026-08-12T12:03:17.925876,1786528997.925876,4.468121,490,-37.740248,1,-40.0310,-714,-0.1648,28,0,No fault,1,-26.1518,-943,-0.0696,27,0,No fault,-13.8792,-0.0952
2026-08-12T12:03:17.932554,1786528997.932554,4.474838,491,-37.164469,1,-40.2714,-626,-0.1282,28,0,No fault,1,-26.3485,-1190,-0.1429,27,0,No fault,-13.9229,0.0147
2026-08-12T12:03:17.941665,1786528997.941665,4.483915,492,-36.768240,1,-40.8178,-714,-0.0476,28,0,No fault,1,-27.0480,-1049,-0.0403,27,0,No fault,-13.7699,-0.0073
2026-08-12T12:03:17.948374,1786528997.948374,4.490622,493,-36.221001,1,-41.4517,-732,-0.0769,28,0,No fault,1,-28.0752,-961,-0.0769,27,0,No fault,-13.3764,0.0000
2026-08-12T12:03:17.957026,1786528997.957026,4.499299,494,-35.826544,1,-41.6484,-1031,-0.0476,28,0,No fault,1,-28.5342,-643,-0.1429,27,0,No fault,-13.1142,0.0952
2026-08-12T12:03:17.967244,1786528997.967244,4.509494,495,-35.293493,1,-42.1730,-538,-0.0696,28,0,No fault,1,-29.1681,-679,-0.0403,27,0,No fault,-13.0049,-0.0293
2026-08-12T12:03:17.974036,1786528997.974036,4.516287,496,-34.672673,1,-42.8287,-1031,-0.0696,28,0,No fault,1,-29.4304,-802,-0.0989,27,0,No fault,-13.3983,0.0293
2026-08-12T12:03:17.982890,1786528997.982890,4.525138,497,-34.252102,1,-43.0254,-820,-0.0549,28,0,No fault,1,-30.1954,-996,-0.1429,27,0,No fault,-12.8300,0.0879
2026-08-12T12:03:17.989836,1786528997.989836,4.532089,498,-33.703026,1,-43.2877,-696,-0.0623,28,0,No fault,1,-30.4139,-767,-0.0696,27,0,No fault,-12.8737,0.0073
2026-08-12T12:03:17.998704,1786528997.998704,4.540951,499,-33.265994,1,-43.8122,-626,-0.0989,28,0,No fault,1,-31.2226,-926,-0.0769,27,0,No fault,-12.5896,-0.0220
2026-08-12T12:03:18.005239,1786528998.005239,4.547479,500,-32.711321,1,-44.0745,-696,-0.1209,28,0,No fault,1,-31.4849,-961,-0.1062,27,0,No fault,-12.5896,-0.0147
2026-08-12T12:03:18.013971,1786528998.013971,4.556215,501,-32.286533,1,-44.5991,-538,-0.0916,28,0,No fault,1,-32.2062,-1014,-0.1355,27,0,No fault,-12.3929,0.0440
2026-08-12T12:03:18.020369,1786528998.020369,4.562614,502,-31.739896,1,-44.8614,-555,-0.0989,28,0,No fault,1,-32.4685,-1119,-0.0769,27,0,No fault,-12.3929,-0.0220
2026-08-12T12:03:18.029408,1786528998.029408,4.571702,503,-31.324278,1,-45.3422,-749,-0.0476,28,0,No fault,1,-33.1898,-1031,-0.0989,27,0,No fault,-12.1525,0.0513
2026-08-12T12:03:18.036097,1786528998.036097,4.578336,504,-30.743398,1,-45.6264,-837,-0.0549,28,0,No fault,1,-33.5832,-767,-0.0842,27,0,No fault,-12.0432,0.0293
2026-08-12T12:03:18.044782,1786528998.044782,4.587039,505,-30.313722,1,-45.9105,-749,-0.1136,28,0,No fault,1,-34.1515,-855,-0.1355,27,0,No fault,-11.7590,0.0220
2026-08-12T12:03:18.066431,1786528998.066431,4.608729,506,-29.742971,1,-46.3258,-643,-0.0476,28,0,No fault,1,-35.3536,-978,-0.1282,27,0,No fault,-10.9722,0.0806
2026-08-12T12:03:18.073560,1786528998.073560,4.615826,507,-28.300480,1,-46.8066,-1014,-0.0549,28,0,No fault,1,-35.6596,-802,-0.0549,27,0,No fault,-11.1470,0.0000
2026-08-12T12:03:18.083274,1786528998.083274,4.625528,508,-27.836604,1,-47.0471,-714,-0.0476,28,0,No fault,1,-36.2934,-749,-0.0842,27,0,No fault,-10.7536,0.0366
2026-08-12T12:03:18.092205,1786528998.092205,4.634453,509,-27.187452,1,-47.3531,-591,-0.0842,28,0,No fault,1,-36.5994,-732,-0.0696,27,0,No fault,-10.7536,-0.0147
2026-08-12T12:03:18.105937,1786528998.105937,4.648225,510,-26.589678,1,-47.7246,-538,-0.0549,28,0,No fault,1,-37.2114,-785,-0.0696,27,0,No fault,-10.5132,0.0147
2026-08-12T12:03:18.116596,1786528998.116596,4.658852,511,-25.638154,1,-48.5115,-432,-0.0989,28,0,No fault,1,-37.8016,-608,-0.0916,27,0,No fault,-10.7099,-0.0073
2026-08-12T12:03:18.126670,1786528998.126670,4.668919,512,-24.921907,1,-49.0360,-626,-0.0989,28,0,No fault,1,-38.3480,-643,-0.0623,27,0,No fault,-10.6880,-0.0366
2026-08-12T12:03:18.136884,1786528998.136884,4.679145,513,-24.233636,1,-49.4732,-732,-0.0623,28,0,No fault,1,-38.8944,-1084,-0.0916,27,0,No fault,-10.5788,0.0293
2026-08-12T12:03:18.147033,1786528998.147033,4.689286,514,-23.522955,1,-49.6699,-555,-0.0696,28,0,No fault,1,-39.5283,-908,-0.0989,27,0,No fault,-10.1416,0.0293
2026-08-12T12:03:18.157537,1786528998.157537,4.699799,515,-22.821431,1,-50.1070,-397,-0.0696,28,0,No fault,1,-40.5774,-661,-0.0842,27,0,No fault,-9.5296,0.0147
2026-08-12T12:03:18.168119,1786528998.168119,4.710366,516,-22.084506,1,-50.5005,-467,-0.0769,28,0,No fault,1,-40.9490,-573,-0.1502,27,0,No fault,-9.5515,0.0733
2026-08-12T12:03:18.177817,1786528998.177817,4.720071,517,-21.343424,1,-50.8720,-555,-0.0989,28,0,No fault,1,-41.4080,-767,-0.0769,27,0,No fault,-9.4641,-0.0220
2026-08-12T12:03:18.188761,1786528998.188761,4.731016,518,-20.656507,1,-51.4840,-732,-0.0696,28,0,No fault,1,-41.9544,-643,-0.0842,27,0,No fault,-9.5296,0.0147
2026-08-12T12:03:18.198203,1786528998.198203,4.740450,519,-19.880900,1,-51.6807,-538,-0.0623,28,0,No fault,1,-42.5445,-608,-0.1062,27,0,No fault,-9.1362,0.0440
2026-08-12T12:03:18.208675,1786528998.208675,4.750943,520,-19.211815,1,-52.1616,-538,-0.0916,28,0,No fault,1,-43.1347,-591,-0.0696,27,0,No fault,-9.0269,-0.0220
2026-08-12T12:03:18.218945,1786528998.218945,4.761187,521,-18.447948,1,-52.4239,-520,-0.1355,28,0,No fault,1,-43.5937,-714,-0.0842,27,0,No fault,-8.8302,-0.0513
2026-08-12T12:03:18.227038,1786528998.227038,4.769304,522,-17.724060,1,-52.7517,-714,-0.0842,28,0,No fault,1,-43.9434,-555,-0.0549,27,0,No fault,-8.8083,-0.0293
2026-08-12T12:03:18.234641,1786528998.234641,4.776880,523,-17.128861,1,-53.1233,-309,-0.1136,28,0,No fault,1,-44.3805,-785,-0.0769,27,0,No fault,-8.7428,-0.0366
2026-08-12T12:03:18.241802,1786528998.241802,4.784052,524,-16.590992,1,-53.2544,-608,-0.0769,28,0,No fault,1,-44.7739,-714,-0.0696,27,0,No fault,-8.4805,-0.0073
2026-08-12T12:03:18.250234,1786528998.250234,4.792502,525,-16.068174,1,-53.3637,-502,-0.0696,28,0,No fault,1,-45.1455,-785,-0.0989,27,0,No fault,-8.2182,0.0293
2026-08-12T12:03:18.266899,1786528998.266899,4.809192,526,-15.448038,1,-53.6916,-326,-0.0769,28,0,No fault,1,-45.8886,-679,-0.1209,27,0,No fault,-7.8029,0.0440
2026-08-12T12:03:18.277229,1786528998.277229,4.819555,527,-14.227624,1,-53.9757,-555,-0.0696,28,0,No fault,1,-46.3914,-943,-0.0769,27,0,No fault,-7.5844,0.0073
2026-08-12T12:03:18.287777,1786528998.287777,4.830101,528,-13.445166,1,-54.1287,-485,-0.0549,28,0,No fault,1,-46.9378,-591,-0.1062,27,0,No fault,-7.1909,0.0513
2026-08-12T12:03:18.311247,1786528998.311247,4.853527,529,-12.676184,1,-54.5877,-485,-0.1282,28,0,No fault,1,-47.6372,-943,-0.0769,27,0,No fault,-6.9505,-0.0513
2026-08-12T12:03:18.322753,1786528998.322753,4.865053,530,-10.960527,1,-55.0030,-502,-0.0842,28,0,No fault,1,-48.0088,-520,-0.0696,27,0,No fault,-6.9942,-0.0147
2026-08-12T12:03:18.332904,1786528998.332904,4.875178,531,-10.083227,1,-55.5713,-291,-0.0549,28,0,No fault,1,-48.4459,-643,-0.0623,27,0,No fault,-7.1254,0.0073
2026-08-12T12:03:18.343186,1786528998.343186,4.885477,532,-9.352857,1,-55.7680,-309,-0.0549,28,0,No fault,1,-48.9705,-643,-0.1136,27,0,No fault,-6.7975,0.0586
2026-08-12T12:03:18.350517,1786528998.350517,4.892780,533,-8.581644,1,-55.9647,-238,-0.0696,28,0,No fault,1,-49.0798,-520,-0.0549,27,0,No fault,-6.8849,-0.0147
2026-08-12T12:03:18.358604,1786528998.358604,4.900852,534,-8.037396,1,-56.0958,-238,-0.0549,28,0,No fault,1,-49.6043,-661,-0.0549,27,0,No fault,-6.4915,0.0000
2026-08-12T12:03:18.365087,1786528998.365087,4.907338,535,-7.441448,1,-56.1614,-502,-0.0403,28,0,No fault,1,-50.1289,-502,-0.0842,27,0,No fault,-6.0325,0.0440
2026-08-12T12:03:18.374464,1786528998.374464,4.916717,536,-6.955512,1,-56.3800,-643,-0.1136,28,0,No fault,1,-50.3912,-538,-0.1136,27,0,No fault,-5.9888,0.0000
2026-08-12T12:03:18.381012,1786528998.381012,4.923289,537,-6.253301,1,-56.4674,-256,-0.0916,28,0,No fault,1,-50.5660,-414,-0.1502,27,0,No fault,-5.9014,0.0586
2026-08-12T12:03:18.390790,1786528998.390790,4.933079,538,-5.745144,1,-56.6860,-150,-0.0842,28,0,No fault,1,-50.9595,-485,-0.0696,27,0,No fault,-5.7265,-0.0147
2026-08-12T12:03:18.400787,1786528998.400787,4.943057,539,-5.018919,1,-56.9264,-167,-0.0916,28,0,No fault,1,-51.2873,-661,-0.1282,27,0,No fault,-5.6391,0.0366
2026-08-12T12:03:18.407799,1786528998.407799,4.950109,540,-4.269131,1,-56.9701,9,-0.1282,28,0,No fault,1,-51.5059,-608,-0.1136,27,0,No fault,-5.4642,-0.0147
2026-08-12T12:03:18.416433,1786528998.416433,4.958689,541,-3.698889,1,-57.1231,-220,-0.0549,27,0,No fault,1,-51.8556,-309,-0.0842,27,0,No fault,-5.2675,0.0293
2026-08-12T12:03:18.423400,1786528998.423400,4.965679,542,-3.096036,1,-57.2543,-485,-0.1062,28,0,No fault,1,-52.0304,-414,-0.0842,27,0,No fault,-5.2238,-0.0220
2026-08-12T12:03:18.432137,1786528998.432137,4.974380,543,-2.563243,1,-57.3635,-450,-0.1136,28,0,No fault,1,-52.4020,-520,-0.0916,27,0,No fault,-4.9615,-0.0220
2026-08-12T12:03:18.438751,1786528998.438751,4.981013,544,-1.918712,1,-57.4291,-344,-0.0623,27,0,No fault,1,-52.5987,-608,-0.0842,27,0,No fault,-4.8304,0.0220
2026-08-12T12:03:18.447578,1786528998.447578,4.989835,545,-1.378156,1,-57.5165,-220,-0.0769,28,0,No fault,1,-52.9703,-661,-0.0623,27,0,No fault,-4.5462,-0.0147
2026-08-12T12:03:18.454676,1786528998.454676,4.996933,546,-0.744448,1,-57.6040,-26,-0.0696,28,0,No fault,1,-53.1451,-538,-0.0476,27,0,No fault,-4.4588,-0.0220
2026-08-12T12:03:18.475367,1786528998.475367,5.017615,547,-0.211585,1,-57.8444,-167,-0.0989,28,0,No fault,1,-53.8883,-150,-0.0696,27,0,No fault,-3.9561,-0.0293
2026-08-12T12:03:18.483905,1786528998.483905,5.026151,548,1.342139,1,-58.0411,-220,-0.0842,28,0,No fault,1,-54.1287,-97,-0.1062,27,0,No fault,-3.9124,0.0220
2026-08-12T12:03:18.491311,1786528998.491311,5.033615,549,1.985640,1,-58.0848,-185,-0.0769,28,0,No fault,1,-54.3036,-538,-0.0696,27,0,No fault,-3.7813,-0.0073
2026-08-12T12:03:18.509296,1786528998.509296,5.051597,550,2.572196,1,-58.2815,-309,-0.0256,28,0,No fault,1,-54.7407,-467,-0.0696,27,0,No fault,-3.5408,0.0440
2026-08-12T12:03:18.519667,1786528998.519667,5.061926,551,3.913664,1,-58.4782,-273,-0.0330,28,0,No fault,1,-55.1123,-502,-0.0989,27,0,No fault,-3.3660,0.0659
2026-08-12T12:03:18.530052,1786528998.530052,5.072319,552,4.681880,1,-58.5657,-44,-0.0476,28,0,No fault,1,-55.3090,-520,-0.0989,27,0,No fault,-3.2567,0.0513
2026-08-12T12:03:18.537680,1786528998.537680,5.079944,553,5.463742,1,-58.6968,-467,-0.0916,28,0,No fault,1,-55.4401,-520,-0.0989,27,0,No fault,-3.2567,0.0073
2026-08-12T12:03:18.545560,1786528998.545560,5.087827,554,6.049673,1,-58.7187,9,-0.0842,28,0,No fault,1,-55.6806,-167,-0.0769,27,0,No fault,-3.0381,-0.0073
2026-08-12T12:03:18.553157,1786528998.553157,5.095405,555,6.646971,1,-58.8061,-256,-0.0696,28,0,No fault,1,-55.7898,-203,-0.0842,27,0,No fault,-3.0163,0.0147
2026-08-12T12:03:18.560808,1786528998.560808,5.103063,556,7.209040,1,-58.9591,26,-0.0256,28,0,No fault,1,-56.1177,-502,-0.0989,27,0,No fault,-2.8414,0.0733
2026-08-12T12:03:18.568261,1786528998.568261,5.110508,557,7.763120,1,-58.9809,79,-0.0769,28,0,No fault,1,-56.4018,-397,-0.0916,27,0,No fault,-2.5791,0.0147
2026-08-12T12:03:18.576276,1786528998.576276,5.118528,558,8.328183,1,-59.0465,-220,-0.0403,28,0,No fault,1,-56.5985,-309,-0.0769,27,0,No fault,-2.4480,0.0366
2026-08-12T12:03:18.583543,1786528998.583543,5.125797,559,8.917207,1,-59.0902,-79,-0.0696,28,0,No fault,1,-56.6641,-326,-0.1062,27,0,No fault,-2.4261,0.0366
2026-08-12T12:03:18.590161,1786528998.590161,5.132410,560,9.457467,1,-59.1121,-115,-0.0403,28,0,No fault,1,-56.7078,-256,-0.0696,27,0,No fault,-2.4043,0.0293
2026-08-12T12:03:18.599531,1786528998.599531,5.141775,561,9.959820,1,-59.1558,-62,-0.0549,28,0,No fault,1,-56.9701,9,-0.0916,27,0,No fault,-2.1857,0.0366
2026-08-12T12:03:18.608123,1786528998.608123,5.150364,562,10.646787,1,-59.1995,-62,-0.0476,28,0,No fault,1,-57.1668,-26,-0.0476,27,0,No fault,-2.0327,0.0000
2026-08-12T12:03:18.614990,1786528998.614990,5.157227,563,11.281948,1,-59.1995,26,-0.0476,28,0,No fault,1,-57.2980,-573,-0.0989,27,0,No fault,-1.9016,0.0513
2026-08-12T12:03:18.623504,1786528998.623504,5.165747,564,11.788772,1,-59.2214,9,-0.0623,28,0,No fault,1,-57.4510,-220,-0.0623,27,0,No fault,-1.7704,0.0000
2026-08-12T12:03:18.630459,1786528998.630459,5.172699,565,12.420875,1,-59.2432,97,-0.0549,28,0,No fault,1,-57.5602,-115,-0.0989,27,0,No fault,-1.6830,0.0440
2026-08-12T12:03:18.638823,1786528998.638823,5.181062,566,12.931426,1,-59.2432,132,-0.0476,28,0,No fault,1,-57.7351,-361,-0.0696,27,0,No fault,-1.5081,0.0220
2026-08-12T12:03:18.645698,1786528998.645698,5.187934,567,13.545163,1,-59.2432,62,-0.0403,28,0,No fault,1,-57.8225,-326,-0.0696,27,0,No fault,-1.4207,0.0293
2026-08-12T12:03:18.654520,1786528998.654520,5.196776,568,14.049307,1,-59.2432,-115,-0.0256,28,0,No fault,1,-57.9755,-115,-0.0623,27,0,No fault,-1.2677,0.0366
2026-08-12T12:03:18.676110,1786528998.676110,5.218375,569,15.013639,1,-59.2214,97,-0.0037,28,0,No fault,1,-58.2597,-150,-0.0842,27,0,No fault,-0.9617,0.0806
2026-08-12T12:03:18.685949,1786528998.685949,5.228225,570,16.275934,1,-59.2214,62,-0.0037,28,0,No fault,1,-58.3908,-132,-0.0769,27,0,No fault,-0.8306,0.0733
2026-08-12T12:03:18.693254,1786528998.693254,5.235548,571,17.002085,1,-59.2214,132,0.0183,28,0,No fault,1,-58.4345,44,-0.0476,27,0,No fault,-0.7868,0.0659
2026-08-12T12:03:18.712466,1786528998.712466,5.254735,572,17.543343,1,-59.2214,-256,0.0476,28,0,No fault,1,-58.6094,-291,-0.1209,27,0,No fault,-0.6120,0.1685
2026-08-12T12:03:18.720539,1786528998.720539,5.262838,573,18.900064,1,-59.1777,185,0.0330,28,0,No fault,1,-58.6750,-62,-0.1062,27,0,No fault,-0.5027,0.1392
2026-08-12T12:03:18.728688,1786528998.728688,5.270972,574,19.491143,1,-59.1777,-309,0.0696,28,0,No fault,1,-58.7187,132,-0.1282,27,0,No fault,-0.4590,0.1978
2026-08-12T12:03:18.739062,1786528998.739062,5.281311,575,20.062672,1,-59.1558,-44,0.0696,28,0,No fault,1,-58.8280,-167,-0.0916,27,0,No fault,-0.3279,0.1612
2026-08-12T12:03:18.745610,1786528998.745610,5.287859,576,20.788878,1,-59.1339,-9,0.0623,28,0,No fault,1,-58.8717,-326,-0.0623,27,0,No fault,-0.2623,0.1245
2026-08-12T12:03:18.754189,1786528998.754189,5.296434,577,21.256069,1,-59.0684,79,0.0696,28,0,No fault,1,-58.9154,-26,-0.1282,27,0,No fault,-0.1530,0.1978
2026-08-12T12:03:18.760667,1786528998.760667,5.302909,578,21.850104,1,-59.0465,26,0.0696,28,0,No fault,1,-58.9591,-344,-0.1136,27,0,No fault,-0.0874,0.1832
2026-08-12T12:03:18.769888,1786528998.769888,5.312136,579,22.302534,1,-58.8935,291,0.0842,28,0,No fault,1,-58.9809,-167,-0.1282,27,0,No fault,0.0874,0.2125
2026-08-12T12:03:18.776388,1786528998.776388,5.318631,580,22.949811,1,-58.8935,326,0.0916,28,0,No fault,1,-59.0465,185,-0.0842,27,0,No fault,0.1530,0.1758
2026-08-12T12:03:18.785321,1786528998.785321,5.327575,581,23.418429,1,-58.7842,150,0.0842,28,0,No fault,1,-59.0465,79,-0.0842,27,0,No fault,0.2623,0.1685
2026-08-12T12:03:18.792011,1786528998.792011,5.334250,582,24.028310,1,-58.7624,132,0.0623,28,0,No fault,1,-59.0684,97,-0.0916,27,0,No fault,0.3060,0.1538
2026-08-12T12:03:18.800847,1786528998.800847,5.343105,583,24.483138,1,-58.5875,97,0.0842,28,0,No fault,1,-59.0684,132,-0.0916,27,0,No fault,0.4809,0.1758
2026-08-12T12:03:18.807845,1786528998.807845,5.350107,584,25.092323,1,-58.5657,97,0.0769,28,0,No fault,1,-59.0902,-185,-0.0769,27,0,No fault,0.5246,0.1538
2026-08-12T12:03:18.816156,1786528998.816156,5.358408,585,25.594641,1,-58.4345,256,0.0989,28,0,No fault,1,-59.0684,520,-0.0769,27,0,No fault,0.6339,0.1758
2026-08-12T12:03:18.822777,1786528998.822777,5.365031,586,26.132968,1,-58.3690,167,0.0769,28,0,No fault,1,-59.0902,-62,-0.0696,27,0,No fault,0.7213,0.1465
2026-08-12T12:03:18.831911,1786528998.831911,5.374160,587,26.589693,1,-58.2378,62,0.1136,28,0,No fault,1,-59.0684,185,-0.0696,27,0,No fault,0.8306,0.1832
2026-08-12T12:03:18.838212,1786528998.838212,5.380450,588,27.196103,1,-58.1722,97,0.0842,28,0,No fault,1,-59.0902,-238,-0.0330,27,0,No fault,0.9180,0.1172
2026-08-12T12:03:18.847214,1786528998.847214,5.389461,589,27.620427,1,-57.9755,309,0.0696,28,0,No fault,1,-59.0465,256,-0.0403,27,0,No fault,1.0710,0.1099
2026-08-12T12:03:18.853530,1786528998.853530,5.395769,590,28.218808,1,-57.8662,397,0.0623,28,0,No fault,1,-59.0684,-26,-0.0183,27,0,No fault,1.2021,0.0806
2026-08-12T12:03:18.862550,1786528998.862550,5.404803,591,28.656471,1,-57.5821,379,0.0842,27,0,No fault,1,-59.0465,115,0.0110,27,0,No fault,1.4644,0.0733
2026-08-12T12:03:18.880193,1786528998.880193,5.422450,592,29.236044,1,-57.4291,185,0.0623,28,0,No fault,1,-59.0028,97,-0.0110,27,0,No fault,1.5737,0.0733
2026-08-12T12:03:18.888250,1786528998.888250,5.430502,593,30.396607,1,-57.2324,309,0.0330,28,0,No fault,1,-59.0028,-9,0.0330,27,0,No fault,1.7704,0.0000
2026-08-12T12:03:18.895820,1786528998.895820,5.438066,594,30.915826,1,-57.0357,538,0.0330,28,0,No fault,1,-58.9591,44,0.0403,27,0,No fault,1.9234,-0.0073
2026-08-12T12:03:18.908887,1786528998.908887,5.451132,595,31.419299,1,-56.6860,256,0.0696,28,0,No fault,1,-58.9372,256,0.0256,27,0,No fault,2.2513,0.0440
2026-08-12T12:03:18.923615,1786528998.923615,5.465867,596,32.231156,1,-56.4893,256,0.0842,28,0,No fault,1,-58.8717,-150,0.0476,27,0,No fault,2.3824,0.0366
2026-08-12T12:03:18.931706,1786528998.931706,5.473961,597,33.186903,1,-56.0958,291,0.0769,28,0,No fault,1,-58.8061,-9,0.0476,27,0,No fault,2.7103,0.0293
2026-08-12T12:03:18.938915,1786528998.938915,5.481160,598,33.679313,1,-55.9210,326,0.1062,28,0,No fault,1,-58.7842,-309,0.0403,27,0,No fault,2.8633,0.0659
2026-08-12T12:03:18.947235,1786528998.947235,5.489499,599,34.148898,1,-55.5276,379,0.0769,28,0,No fault,1,-58.7187,79,0.0696,27,0,No fault,3.1911,0.0073
2026-08-12T12:03:18.954072,1786528998.954072,5.496323,600,34.640387,1,-55.3964,467,0.0989,28,0,No fault,1,-58.6531,238,0.0476,27,0,No fault,3.2567,0.0513
2026-08-12T12:03:18.962817,1786528998.962817,5.505073,601,35.074602,1,-54.9374,344,0.0549,27,0,No fault,1,-58.5657,220,0.0623,27,0,No fault,3.6283,-0.0073
2026-08-12T12:03:18.970149,1786528998.970149,5.512444,602,35.592455,1,-54.8718,397,0.0989,28,0,No fault,1,-58.5001,115,0.0769,27,0,No fault,3.6283,0.0220
2026-08-12T12:03:18.978457,1786528998.978457,5.520719,603,36.055883,1,-54.6751,485,0.1282,28,0,No fault,1,-58.3034,-150,0.0769,27,0,No fault,3.6283,0.0513
2026-08-12T12:03:18.985120,1786528998.985120,5.527411,604,36.534944,1,-54.3691,538,0.0769,28,0,No fault,1,-58.2160,79,0.0403,27,0,No fault,3.8468,0.0366
2026-08-12T12:03:18.994342,1786528998.994342,5.536595,605,36.945499,1,-54.0631,344,0.1062,28,0,No fault,1,-58.1504,291,0.0696,27,0,No fault,4.0872,0.0366
2026-08-12T12:03:19.000662,1786528999.000662,5.542900,606,37.471290,1,-53.9539,467,0.0989,28,0,No fault,1,-58.0848,167,0.0696,27,0,No fault,4.1310,0.0293
2026-08-12T12:03:19.009895,1786528999.009895,5.552132,607,37.840235,1,-53.6916,432,0.0696,28,0,No fault,1,-57.9100,256,0.0769,27,0,No fault,4.2184,-0.0073
2026-08-12T12:03:19.016100,1786528999.016100,5.558336,608,38.377826,1,-53.5167,256,0.0256,28,0,No fault,1,-57.8444,220,0.0989,27,0,No fault,4.3277,-0.0733
2026-08-12T12:03:19.025224,1786528999.025224,5.567463,609,38.735680,1,-53.2107,520,0.0623,27,0,No fault,1,-57.6477,291,0.1062,27,0,No fault,4.4370,-0.0440
2026-08-12T12:03:19.031481,1786528999.031481,5.573715,610,39.258829,1,-52.8173,608,0.0696,28,0,No fault,1,-57.5821,379,0.0842,27,0,No fault,4.7648,-0.0147
2026-08-12T12:03:19.040527,1786528999.040527,5.582765,611,39.618630,1,-52.4239,608,0.0989,28,0,No fault,1,-57.3417,467,0.0916,27,0,No fault,4.9178,0.0073
2026-08-12T12:03:19.046780,1786528999.046780,5.589016,612,40.123843,1,-52.2272,414,0.0403,28,0,No fault,1,-57.2761,185,0.0916,27,0,No fault,5.0490,-0.0513
2026-08-12T12:03:19.053507,1786528999.053507,5.595745,613,40.473033,1,-51.8337,679,0.0696,27,0,No fault,1,-57.1668,309,0.0842,27,0,No fault,5.3331,-0.0147
2026-08-12T12:03:19.061169,1786528999.061169,5.603407,614,40.850506,1,-51.6589,291,0.1062,28,0,No fault,1,-56.9045,397,0.1209,27,0,No fault,5.2457,-0.0147
2026-08-12T12:03:19.067594,1786528999.067594,5.609830,615,41.268114,1,-51.4403,538,0.1062,28,0,No fault,1,-56.8390,414,0.1062,27,0,No fault,5.3987,0.0000
2026-08-12T12:03:19.087023,1786528999.087023,5.629266,616,41.618120,1,-51.0469,573,0.0989,28,0,No fault,1,-56.2925,643,0.0696,27,0,No fault,5.2457,0.0293
2026-08-12T12:03:19.094053,1786528999.094053,5.636309,617,42.661977,1,-50.5442,661,0.1209,28,0,No fault,1,-56.1395,79,0.0696,27,0,No fault,5.5954,0.0513
2026-08-12T12:03:19.102894,1786528999.102894,5.645154,618,43.035884,1,-50.4349,538,0.1282,28,0,No fault,1,-55.7898,44,0.0842,27,0,No fault,5.3550,0.0440
2026-08-12T12:03:19.109802,1786528999.109802,5.652069,619,43.498920,1,-49.9103,520,0.0916,28,0,No fault,1,-55.7243,150,0.0549,27,0,No fault,5.8139,0.0366
2026-08-12T12:03:19.133537,1786528999.133537,5.675855,620,43.856478,1,-49.2328,608,0.0769,28,0,No fault,1,-55.2216,291,0.0623,27,0,No fault,5.9888,0.0147
2026-08-12T12:03:19.147237,1786528999.147237,5.689519,621,45.081808,1,-48.5115,785,0.0696,28,0,No fault,1,-54.8281,26,0.0842,27,0,No fault,6.3167,-0.0147
2026-08-12T12:03:19.154334,1786528999.154334,5.696585,622,45.738241,1,-48.1618,397,0.0623,28,0,No fault,1,-54.6096,414,0.1282,27,0,No fault,6.4478,-0.0659
2026-08-12T12:03:19.162904,1786528999.162904,5.705170,623,46.075975,1,-47.2875,626,0.0549,28,0,No fault,1,-54.3254,414,0.0549,27,0,No fault,7.0379,0.0000
2026-08-12T12:03:19.169939,1786528999.169939,5.712185,624,46.489169,1,-47.0689,397,0.0623,28,0,No fault,1,-54.0631,696,0.0696,27,0,No fault,6.9942,-0.0073
2026-08-12T12:03:19.178490,1786528999.178490,5.720733,625,46.820383,1,-46.8066,573,0.0623,28,0,No fault,1,-53.4511,326,0.0989,27,0,No fault,6.6445,-0.0366
2026-08-12T12:03:19.185176,1786528999.185176,5.727416,626,47.220577,1,-46.6318,344,0.1209,28,0,No fault,1,-53.3637,573,0.0623,27,0,No fault,6.7319,0.0586
2026-08-12T12:03:19.194006,1786528999.194006,5.736266,627,47.528610,1,-46.3476,837,0.1502,28,0,No fault,1,-53.1451,361,0.1062,27,0,No fault,6.7975,0.0440
2026-08-12T12:03:19.200780,1786528999.200780,5.743081,628,47.935263,1,-45.8449,520,0.1062,28,0,No fault,1,-52.9703,643,0.1136,27,0,No fault,7.1254,-0.0073
2026-08-12T12:03:19.209177,1786528999.209177,5.751424,629,48.268519,1,-45.3422,785,0.0916,28,0,No fault,1,-52.6206,379,0.1062,27,0,No fault,7.2784,-0.0147
2026-08-12T12:03:19.216492,1786528999.216492,5.758740,630,48.616235,1,-45.1018,837,0.0476,28,0,No fault,1,-52.4457,256,0.1209,27,0,No fault,7.3439,-0.0733
2026-08-12T12:03:19.224607,1786528999.224607,5.766865,631,48.945642,1,-44.5991,820,0.0989,28,0,No fault,1,-52.0304,485,0.0330,27,0,No fault,7.4314,0.0659
2026-08-12T12:03:19.231751,1786528999.231751,5.773997,632,49.288638,1,-44.2712,785,0.0403,28,0,No fault,1,-51.8337,679,0.0696,27,0,No fault,7.5625,-0.0293
2026-08-12T12:03:19.239914,1786528999.239914,5.782160,633,49.590756,1,-43.7685,520,0.0476,28,0,No fault,1,-51.4403,732,0.0476,27,0,No fault,7.6718,0.0000
2026-08-12T12:03:19.247049,1786528999.247049,5.789303,634,49.934484,1,-43.3970,643,0.0696,28,0,No fault,1,-51.2436,344,0.0403,27,0,No fault,7.8466,0.0293
2026-08-12T12:03:19.255283,1786528999.255283,5.797535,635,50.231850,1,-42.9598,714,0.0842,28,0,No fault,1,-50.8283,696,0.0476,27,0,No fault,7.8685,0.0366
2026-08-12T12:03:19.262512,1786528999.262512,5.804768,636,50.569471,1,-42.5445,749,0.0916,28,0,No fault,1,-50.5442,855,0.0916,27,0,No fault,7.9996,0.0000
2026-08-12T12:03:19.271050,1786528999.271050,5.813319,637,50.859533,1,-42.4134,661,0.0476,28,0,No fault,1,-50.1945,450,0.0696,27,0,No fault,7.7811,-0.0220
2026-08-12T12:03:19.291579,1786528999.291579,5.833849,638,51.240008,1,-41.1894,837,0.1062,28,0,No fault,1,-49.2328,749,0.1209,27,0,No fault,8.0434,-0.0147
2026-08-12T12:03:19.301371,1786528999.301371,5.843624,639,51.995881,1,-40.9927,1014,0.0989,28,0,No fault,1,-48.8393,432,0.0549,27,0,No fault,7.8466,0.0440
2026-08-12T12:03:19.311717,1786528999.311717,5.853967,640,52.356787,1,-40.2714,1067,0.0549,28,0,No fault,1,-48.2929,555,0.0989,27,0,No fault,8.0215,-0.0440
2026-08-12T12:03:19.333179,1786528999.333179,5.875477,641,52.738121,1,-39.1567,785,0.0549,28,0,No fault,1,-47.6153,767,0.0916,27,0,No fault,8.4586,-0.0366
2026-08-12T12:03:19.341069,1786528999.341069,5.883330,642,53.494622,1,-38.4791,943,0.1136,28,0,No fault,1,-47.4186,908,0.0403,27,0,No fault,8.9395,0.0733
2026-08-12T12:03:19.348745,1786528999.348745,5.890994,643,53.759156,1,-37.9983,837,0.1062,28,0,No fault,1,-46.9815,520,0.0769,27,0,No fault,8.9832,0.0293
2026-08-12T12:03:19.356422,1786528999.356422,5.898737,644,54.004291,1,-37.5830,696,0.1136,28,0,No fault,1,-46.7629,414,0.0549,27,0,No fault,9.1799,0.0586
2026-08-12T12:03:19.364059,1786528999.364059,5.906305,645,54.263021,1,-36.2716,679,0.0330,28,0,No fault,1,-46.2821,591,0.0696,27,0,No fault,10.0105,-0.0366
2026-08-12T12:03:19.374325,1786528999.374325,5.916577,646,54.496270,1,-35.9874,661,0.0623,28,0,No fault,1,-45.2329,696,0.0623,27,0,No fault,9.2455,0.0000
2026-08-12T12:03:19.384892,1786528999.384892,5.927153,647,54.817514,1,-35.4629,785,0.1136,28,0,No fault,1,-45.0144,555,0.0549,27,0,No fault,9.5515,0.0586
2026-08-12T12:03:19.392175,1786528999.392175,5.934439,648,55.141923,1,-34.8946,890,0.0403,28,0,No fault,1,-44.7739,855,0.1136,27,0,No fault,9.8793,-0.0733
2026-08-12T12:03:19.400301,1786528999.400301,5.942556,649,55.369133,1,-34.0422,873,0.0916,28,0,No fault,1,-44.3149,520,0.0842,27,0,No fault,10.2728,0.0073
2026-08-12T12:03:19.407779,1786528999.407779,5.950026,650,55.583890,1,-33.8673,943,0.1136,28,0,No fault,1,-44.0964,661,0.0989,27,0,No fault,10.2290,0.0147
2026-08-12T12:03:19.415827,1786528999.415827,5.958076,651,55.798668,1,-32.9056,767,0.0989,28,0,No fault,1,-43.4625,679,0.1136,27,0,No fault,10.5569,-0.0147
2026-08-12T12:03:19.423150,1786528999.423150,5.965396,652,56.013544,1,-32.6215,573,0.1136,28,0,No fault,1,-43.2440,837,0.0916,27,0,No fault,10.6225,0.0220
2026-08-12T12:03:19.431201,1786528999.431201,5.973455,653,56.210365,1,-32.2718,873,0.0769,28,0,No fault,1,-42.5882,714,0.0769,27,0,No fault,10.3165,0.0000
2026-08-12T12:03:19.438448,1786528999.438448,5.980696,654,56.418811,1,-31.9439,978,0.0256,28,0,No fault,1,-42.4134,573,0.0476,27,0,No fault,10.4695,-0.0220
2026-08-12T12:03:19.446504,1786528999.446504,5.988751,655,56.603848,1,-31.5942,890,0.0769,28,0,No fault,1,-41.8233,696,0.0403,27,0,No fault,10.2290,0.0366
2026-08-12T12:03:19.454123,1786528999.454123,5.996372,656,56.801055,1,-31.2664,1031,0.0769,28,0,No fault,1,-41.5391,908,0.0842,27,0,No fault,10.2728,-0.0073
2026-08-12T12:03:19.461783,1786528999.461783,6.004026,657,56.986663,1,-30.6325,696,0.0623,28,0,No fault,1,-40.9490,908,0.0623,27,0,No fault,10.3165,0.0000
2026-08-12T12:03:19.469047,1786528999.469047,6.011299,658,57.160638,1,-30.2828,943,0.0842,28,0,No fault,1,-40.6648,873,0.0842,27,0,No fault,10.3820,0.0000
2026-08-12T12:03:19.477359,1786528999.477359,6.019605,659,57.328006,1,-29.9331,1049,0.0916,28,0,No fault,1,-39.8998,908,0.0256,27,0,No fault,9.9668,0.0659
2026-08-12T12:03:19.497808,1786528999.497808,6.040090,660,57.507882,1,-28.9495,785,0.1282,28,0,No fault,1,-38.8726,996,0.0256,27,0,No fault,9.9231,0.1026
2026-08-12T12:03:19.507961,1786528999.507961,6.050208,661,57.938755,1,-28.2938,820,0.1062,28,0,No fault,1,-38.2824,1014,0.0769,27,0,No fault,9.9886,0.0293
2026-08-12T12:03:19.518150,1786528999.518150,6.060392,662,58.123227,1,-27.5944,837,0.0403,28,0,No fault,1,-37.5830,1031,0.1355,27,0,No fault,9.9886,-0.0952
2026-08-12T12:03:19.534090,1786528999.534090,6.076354,663,58.308613,1,-26.8731,1119,0.0476,28,0,No fault,1,-37.0366,767,0.0476,27,0,No fault,10.1635,0.0000
2026-08-12T12:03:19.544461,1786528999.544461,6.086719,664,58.580907,1,-25.8458,1049,0.0916,28,0,No fault,1,-36.0967,820,0.0403,27,0,No fault,10.2509,0.0513
2026-08-12T12:03:19.554718,1786528999.554718,6.096977,665,58.745177,1,-24.9934,890,0.1209,28,0,No fault,1,-35.8563,626,0.1062,27,0,No fault,10.8629,0.0147
2026-08-12T12:03:19.561576,1786528999.561576,6.103818,666,58.897486,1,-24.4688,873,0.0989,28,0,No fault,1,-35.4847,978,0.2381,27,0,No fault,11.0159,-0.1392
2026-08-12T12:03:19.570030,1786528999.570030,6.112278,667,58.992963,1,-24.0098,908,0.1062,28,0,No fault,1,-34.8946,890,0.0623,27,0,No fault,10.8848,0.0440
2026-08-12T12:03:19.577007,1786528999.577007,6.119256,668,59.106412,1,-22.6329,837,0.0110,28,0,No fault,1,-34.6323,1014,0.0623,27,0,No fault,11.9995,-0.0513
2026-08-12T12:03:19.585639,1786528999.585639,6.127888,669,59.194599,1,-22.1957,996,0.1355,28,0,No fault,1,-33.3428,749,0.0476,27,0,No fault,11.1470,0.0879
2026-08-12T12:03:19.592242,1786528999.592242,6.134490,670,59.297185,1,-21.5400,1067,0.1355,28,0,No fault,1,-33.1460,1014,0.0696,27,0,No fault,11.6060,0.0659
2026-08-12T12:03:19.601037,1786528999.601037,6.143286,671,59.372204,1,-21.2996,1261,0.0989,28,0,No fault,1,-32.5341,749,0.0696,27,0,No fault,11.2345,0.0293
2026-08-12T12:03:19.607715,1786528999.607715,6.149966,672,59.463228,1,-20.5127,961,0.0696,28,0,No fault,1,-32.1843,1049,0.0549,27,0,No fault,11.6716,0.0147
2026-08-12T12:03:19.616531,1786528999.616531,6.158788,673,59.528571,1,-20.1630,961,0.0916,28,0,No fault,1,-31.5286,1349,0.0989,27,0,No fault,11.3656,-0.0073
2026-08-12T12:03:19.626617,1786528999.626617,6.168865,674,59.609381,1,-19.5073,714,0.0403,28,0,No fault,1,-30.8948,1049,0.0769,27,0,No fault,11.3875,-0.0366
2026-08-12T12:03:19.633235,1786528999.633235,6.175481,675,59.689914,1,-19.1795,873,0.1502,28,0,No fault,1,-30.3921,820,0.0549,27,0,No fault,11.2126,0.0952
2026-08-12T12:03:19.642326,1786528999.642326,6.184581,676,59.739087,1,-17.6495,1084,0.0623,28,0,No fault,1,-29.8894,1190,0.0623,27,0,No fault,12.2399,0.0000
2026-08-12T12:03:19.649104,1786528999.649104,6.191351,677,59.798793,1,-16.7971,890,0.0769,28,0,No fault,1,-29.5397,785,0.0330,27,0,No fault,12.7426,0.0440
2026-08-12T12:03:19.657817,1786528999.657817,6.200063,678,59.838205,1,-16.4255,943,0.1136,28,0,No fault,1,-28.8621,1296,0.0403,27,0,No fault,12.4366,0.0733
2026-08-12T12:03:19.664337,1786528999.664337,6.206592,679,59.882799,1,-15.9228,1119,0.1136,28,0,No fault,1,-28.5342,996,0.0623,27,0,No fault,12.6115,0.0513
2026-08-12T12:03:19.673094,1786528999.673094,6.215328,680,59.911663,1,-14.7425,1137,0.0696,28,0,No fault,1,-27.8785,837,0.1062,27,0,No fault,13.1360,-0.0366
2026-08-12T12:03:19.679600,1786528999.679600,6.221845,681,59.944419,1,-14.0649,1014,0.0476,28,0,No fault,1,-27.5070,890,0.0696,27,0,No fault,13.4420,-0.0220
2026-08-12T12:03:19.699296,1786528999.699296,6.241575,682,59.962932,1,-12.7535,1172,0.1136,28,0,No fault,1,-26.1300,978,0.0549,27,0,No fault,13.3764,0.0586
2026-08-12T12:03:19.706318,1786528999.706318,6.248561,683,59.996922,1,-11.5951,1031,0.1062,28,0,No fault,1,-25.6054,820,0.0696,27,0,No fault,14.0103,0.0366
2026-08-12T12:03:19.714453,1786528999.714453,6.256697,684,59.999927,1,-10.9831,820,0.0769,28,0,No fault,1,-25.0590,890,0.0842,27,0,No fault,14.0759,-0.0073
2026-08-12T12:03:19.721282,1786528999.721282,6.263529,685,59.997738,1,-10.4367,943,0.0696,28,0,No fault,1,-24.5563,1014,0.0989,27,0,No fault,14.1196,-0.0293
2026-08-12T12:03:19.740233,1786528999.740233,6.282496,686,59.991006,1,-9.2127,1190,0.0476,28,0,No fault,1,-23.9443,1172,0.0330,27,0,No fault,14.7316,0.0147
2026-08-12T12:03:19.748283,1786528999.748283,6.290544,687,59.949222,1,-7.8357,767,0.1502,28,0,No fault,1,-23.0044,820,0.0330,27,0,No fault,15.1687,0.1172
2026-08-12T12:03:19.756417,1786528999.756417,6.298680,688,59.920521,1,-7.3111,926,0.1282,28,0,No fault,1,-22.5236,714,0.1355,27,0,No fault,15.2124,-0.0073
2026-08-12T12:03:19.763600,1786528999.763600,6.305839,689,59.886596,1,-7.1144,1225,0.1429,28,0,No fault,1,-22.1957,890,0.1062,27,0,No fault,15.0813,0.0366
2026-08-12T12:03:19.772130,1786528999.772130,6.314388,690,59.851257,1,-6.0653,1296,0.0623,28,0,No fault,1,-21.4089,978,0.0476,27,0,No fault,15.3436,0.0147
2026-08-12T12:03:19.779206,1786528999.779206,6.321446,691,59.801496,1,-5.8686,926,0.0330,28,0,No fault,1,-20.1412,785,0.0476,27,0,No fault,14.2726,-0.0147
2026-08-12T12:03:19.787653,1786528999.787653,6.329895,692,59.757073,1,-4.7320,996,0.0842,28,0,No fault,1,-19.7040,873,0.0256,27,0,No fault,14.9720,0.0586
2026-08-12T12:03:19.794425,1786528999.794425,6.336677,693,59.696474,1,-4.3823,714,0.1136,28,0,No fault,1,-19.4855,555,0.0842,27,0,No fault,15.1031,0.0293
2026-08-12T12:03:19.803047,1786528999.803047,6.345294,694,59.642454,1,-3.5736,1155,0.0842,28,0,No fault,1,-18.7860,855,0.0256,27,0,No fault,15.2124,0.0586
2026-08-12T12:03:19.809826,1786528999.809826,6.352076,695,59.568504,1,-3.2020,926,0.0989,28,0,No fault,1,-18.4145,1014,0.0769,27,0,No fault,15.2124,0.0220
2026-08-12T12:03:19.818524,1786528999.818524,6.360771,696,59.504990,1,-2.4152,732,0.0696,28,0,No fault,1,-17.6713,785,0.0549,27,0,No fault,15.2561,0.0147
2026-08-12T12:03:19.825324,1786528999.825324,6.367562,697,59.416676,1,-1.9999,1137,0.0256,28,0,No fault,1,-17.1249,961,0.0989,27,0,No fault,15.1250,-0.0733
2026-08-12T12:03:19.834188,1786528999.834188,6.376445,698,59.344070,1,-1.4753,908,0.0989,28,0,No fault,1,-16.4911,1225,0.0403,27,0,No fault,15.0157,0.0586
2026-08-12T12:03:19.840870,1786528999.840870,6.383110,699,59.240917,1,-0.7978,1225,0.0403,28,0,No fault,1,-15.9884,1208,0.0696,27,0,No fault,15.1906,-0.0293
2026-08-12T12:03:19.849581,1786528999.849581,6.391838,700,59.158381,1,-0.0109,1031,0.0842,28,0,No fault,1,-15.2671,1366,0.0549,27,0,No fault,15.2561,0.0293
2026-08-12T12:03:19.856358,1786528999.856358,6.398600,701,59.044400,1,0.3825,1313,0.0916,28,0,No fault,1,-14.7862,1119,0.1062,27,0,No fault,15.1687,-0.0147
2026-08-12T12:03:19.865687,1786528999.865687,6.407950,702,58.954338,1,0.8633,978,0.1355,28,0,No fault,1,-14.0868,890,0.0549,27,0,No fault,14.9501,0.0806
2026-08-12T12:03:19.872410,1786528999.872410,6.414653,703,58.818213,1,1.5628,837,0.0696,28,0,No fault,1,-13.6934,1102,0.0696,27,0,No fault,15.2561,0.0000
2026-08-12T12:03:19.880921,1786528999.880921,6.423171,704,58.717240,1,2.3496,1031,0.0476,28,0,No fault,1,-12.7972,1031,0.1062,27,0,No fault,15.1469,-0.0586
2026-08-12T12:03:19.898635,1786528999.898635,6.440890,705,58.581159,1,3.2895,943,0.0623,28,0,No fault,1,-11.6170,926,0.1136,27,0,No fault,14.9064,-0.0513
2026-08-12T12:03:19.906749,1786528999.906749,6.449012,706,58.275032,1,3.7485,961,0.0549,28,0,No fault,1,-10.9394,1067,0.0403,27,0,No fault,14.6879,0.0147
2026-08-12T12:03:19.914495,1786528999.914495,6.456738,707,58.128109,1,3.9233,908,0.0989,28,0,No fault,1,-10.4585,1243,0.0989,27,0,No fault,14.3819,0.0000
2026-08-12T12:03:19.922174,1786528999.922174,6.464424,708,57.982338,1,4.7102,1155,0.0623,28,0,No fault,1,-9.7810,1102,0.0842,27,0,No fault,14.4912,-0.0220
2026-08-12T12:03:19.940578,1786528999.940578,6.482827,709,57.830845,1,5.5626,1261,0.0769,28,0,No fault,1,-8.5351,1031,0.0183,27,0,No fault,14.0977,0.0586
2026-08-12T12:03:19.948144,1786528999.948144,6.490398,710,57.446137,1,7.2456,873,0.0916,28,0,No fault,1,-8.1854,961,0.0330,27,0,No fault,15.4310,0.0586
2026-08-12T12:03:19.956363,1786528999.956363,6.498636,711,57.272848,1,7.4204,943,0.0549,28,0,No fault,1,-7.7483,926,0.0696,27,0,No fault,15.1687,-0.0147
2026-08-12T12:03:19.964200,1786528999.964200,6.506453,712,57.088243,1,8.0106,1137,0.1429,28,0,No fault,1,-7.5297,908,0.0623,27,0,No fault,15.5403,0.0806
2026-08-12T12:03:19.971848,1786528999.971848,6.514100,713,56.900271,1,8.4477,1084,0.0989,28,0,No fault,1,-6.5899,1560,0.0769,27,0,No fault,15.0376,0.0220
2026-08-12T12:03:19.978845,1786528999.978845,6.521083,714,56.719925,1,9.1908,1102,0.0989,28,0,No fault,1,-5.4752,1119,0.0769,27,0,No fault,14.6660,0.0220
2026-08-12T12:03:19.987327,1786528999.987327,6.529576,715,56.547198,1,9.6061,1014,0.0842,28,0,No fault,1,-5.1255,1490,0.0549,27,0,No fault,14.7316,0.0293
2026-08-12T12:03:19.994174,1786528999.994174,6.536414,716,56.328769,1,10.3711,732,0.1062,28,0,No fault,1,-4.9287,908,0.0183,27,0,No fault,15.2999,0.0879
2026-08-12T12:03:20.002658,1786529000.002658,6.544910,717,56.150389,1,10.6771,1155,0.1136,28,0,No fault,1,-4.1856,926,0.0330,27,0,No fault,14.8627,0.0806
2026-08-12T12:03:20.009350,1786529000.009350,6.551595,718,55.920580,1,11.0705,1014,0.0476,28,0,No fault,1,-3.7922,1014,0.0183,27,0,No fault,14.8627,0.0293
2026-08-12T12:03:20.018202,1786529000.018202,6.560452,719,55.729939,1,11.8574,1067,0.0256,28,0,No fault,1,-2.9835,1437,0.0403,27,0,No fault,14.8409,-0.0147
2026-08-12T12:03:20.025033,1786529000.025033,6.567282,720,55.485054,1,12.6224,1084,0.0989,28,0,No fault,1,-2.5900,1419,0.0549,27,0,No fault,15.2124,0.0440
2026-08-12T12:03:20.033784,1786529000.033784,6.576035,721,55.283869,1,12.9940,1084,0.0696,28,0,No fault,1,-1.8032,1014,0.0476,27,0,No fault,14.7971,0.0220
2026-08-12T12:03:20.040745,1786529000.040745,6.582998,722,55.027364,1,13.7589,1014,0.1282,28,0,No fault,1,-1.4316,873,0.0916,27,0,No fault,15.1906,0.0366
2026-08-12T12:03:20.049559,1786529000.049559,6.591810,723,54.815461,1,14.1305,1208,0.0916,28,0,No fault,1,-0.4262,1067,0.0256,27,0,No fault,14.5567,0.0659
2026-08-12T12:03:20.059713,1786529000.059713,6.601965,724,54.542091,1,15.2452,802,0.0256,28,0,No fault,1,0.3388,1190,0.0623,27,0,No fault,14.9064,-0.0366
2026-08-12T12:03:20.066439,1786529000.066439,6.608688,725,54.218513,1,15.7916,1172,0.0842,28,0,No fault,1,0.8415,1137,0.0256,27,0,No fault,14.9501,0.0586
2026-08-12T12:03:20.075041,1786529000.075041,6.617297,726,53.998119,1,16.4036,943,0.0549,28,0,No fault,1,1.5628,1102,0.0842,27,0,No fault,14.8409,-0.0293
2026-08-12T12:03:20.081894,1786529000.081894,6.624143,727,53.708965,1,16.9063,820,0.0989,28,0,No fault,1,2.0218,1349,0.0623,27,0,No fault,14.8846,0.0366
2026-08-12T12:03:20.090659,1786529000.090659,6.632905,728,53.478043,1,17.5183,855,0.0916,28,0,No fault,1,2.7212,1067,0.0769,27,0,No fault,14.7971,0.0147
2026-08-12T12:03:20.111916,1786529000.111916,6.654211,729,53.180779,1,18.5893,820,0.0916,28,0,No fault,1,4.1200,943,0.1209,27,0,No fault,14.4693,-0.0293
2026-08-12T12:03:20.119738,1786529000.119738,6.662011,730,52.409744,1,19.3325,1084,0.0549,28,0,No fault,1,4.5353,873,0.0549,27,0,No fault,14.7971,0.0000
2026-08-12T12:03:20.128397,1786529000.128397,6.670657,731,52.097337,1,20.2286,1208,0.0403,28,0,No fault,1,5.3222,1049,0.0623,27,0,No fault,14.9064,-0.0220
2026-08-12T12:03:20.147873,1786529000.147873,6.690127,732,51.802307,1,21.9772,732,0.0916,28,0,No fault,1,6.1309,1296,0.0476,27,0,No fault,15.8463,0.0440
2026-08-12T12:03:20.155588,1786529000.155588,6.697839,733,51.040849,1,22.4799,1278,0.1575,28,0,No fault,1,6.8959,1243,0.0476,27,0,No fault,15.5840,0.1099
2026-08-12T12:03:20.164581,1786529000.164581,6.706840,734,50.737496,1,23.0263,961,0.0696,28,0,No fault,1,7.7264,1349,0.0183,27,0,No fault,15.2999,0.0513
2026-08-12T12:03:20.171016,1786529000.171016,6.713265,735,50.372754,1,23.5290,1102,0.0623,28,0,No fault,1,7.9231,1208,0.0916,27,0,No fault,15.6059,-0.0293
2026-08-12T12:03:20.180535,1786529000.180535,6.722793,736,50.108600,1,24.1191,926,0.0256,28,0,No fault,1,9.6717,855,0.0330,27,0,No fault,14.4474,-0.0073
2026-08-12T12:03:20.189457,1786529000.189457,6.731729,737,49.708958,1,24.2940,996,0.0330,28,0,No fault,1,10.0433,1067,0.0183,27,0,No fault,14.2507,0.0147
2026-08-12T12:03:20.195882,1786529000.195882,6.738147,738,49.329188,1,24.8404,873,0.0769,28,0,No fault,1,10.3711,1049,0.1502,27,0,No fault,14.4693,-0.0733
2026-08-12T12:03:20.204722,1786529000.204722,6.746975,739,49.050662,1,25.3431,1084,0.0330,28,0,No fault,1,11.0487,1490,0.0769,27,0,No fault,14.2944,-0.0440
2026-08-12T12:03:20.211997,1786529000.211997,6.754259,740,48.665750,1,25.5398,1049,0.0989,28,0,No fault,1,11.3984,961,0.0916,27,0,No fault,14.1414,0.0073
2026-08-12T12:03:20.220350,1786529000.220350,6.762621,741,48.326895,1,26.1955,1014,0.0842,28,0,No fault,1,12.2945,873,0.0549,27,0,No fault,13.9010,0.0293
2026-08-12T12:03:20.227253,1786529000.227253,6.769500,742,47.962319,1,26.1518,978,0.0330,27,0,No fault,1,12.6005,1119,0.0476,27,0,No fault,13.5513,-0.0147
2026-08-12T12:03:20.235806,1786529000.235806,6.778055,743,47.653160,1,26.9824,785,0.0769,28,0,No fault,1,13.4311,1331,0.0842,27,0,No fault,13.5513,-0.0073
2026-08-12T12:03:20.242509,1786529000.242509,6.784759,744,47.256490,1,27.2228,837,0.0989,28,0,No fault,1,13.6934,996,0.0769,27,0,No fault,13.5294,0.0220
2026-08-12T12:03:20.251209,1786529000.251209,6.793457,745,46.942167,1,28.0534,661,0.0403,28,0,No fault,1,14.5895,1172,0.1282,27,0,No fault,13.4639,-0.0879
2026-08-12T12:03:20.257858,1786529000.257858,6.800117,746,46.534054,1,28.3375,1190,0.0696,28,0,No fault,1,14.8955,1084,0.0769,27,0,No fault,13.4420,-0.0073
2026-08-12T12:03:20.266910,1786529000.266910,6.809160,747,46.213114,1,28.6435,1137,0.0623,28,0,No fault,1,15.7479,1014,0.1355,27,0,No fault,12.8956,-0.0733
2026-08-12T12:03:20.273388,1786529000.273388,6.815627,748,45.774614,1,29.6708,961,0.0549,28,0,No fault,1,16.0102,1278,0.0769,27,0,No fault,13.6606,-0.0220
2026-08-12T12:03:20.282378,1786529000.282378,6.824630,749,45.459588,1,30.1079,1102,0.0842,28,0,No fault,1,16.8845,802,0.0989,27,0,No fault,13.2234,-0.0147
2026-08-12T12:03:20.289318,1786529000.289318,6.831558,750,45.013327,1,30.6762,926,0.1136,28,0,No fault,1,17.1249,1155,0.1062,27,0,No fault,13.5513,0.0073
2026-08-12T12:03:20.298074,1786529000.298074,6.840315,751,44.663963,1,31.0915,908,0.1062,28,0,No fault,1,17.9992,978,0.1062,27,0,No fault,13.0923,0.0000
2026-08-12T12:03:20.313570,1786529000.313570,6.855824,752,44.225751,1,31.6161,837,0.0842,28,0,No fault,1,19.1139,1331,0.1136,27,0,No fault,12.5022,-0.0293
2026-08-12T12:03:20.320349,1786529000.320349,6.862601,753,43.422971,1,32.0532,785,0.0623,28,0,No fault,1,19.3762,1119,0.0989,27,0,No fault,12.6770,-0.0366
2026-08-12T12:03:20.328965,1786529000.328965,6.871215,754,43.053000,1,32.6215,961,0.0110,28,0,No fault,1,20.1849,961,0.0842,27,0,No fault,12.4366,-0.0733
2026-08-12T12:03:20.340549,1786529000.340549,6.882814,755,42.615542,1,33.0368,908,0.0403,28,0,No fault,1,20.1849,961,0.0842,27,0,No fault,12.8519,-0.0440
2026-08-12T12:03:20.352211,1786529000.352211,6.894462,756,41.986535,1,33.6269,855,-0.0110,27,0,No fault,1,21.1903,1031,0.0989,27,0,No fault,12.4366,-0.1099
2026-08-12T12:03:20.360322,1786529000.360322,6.902574,757,41.359288,1,34.3045,1084,0.0989,28,0,No fault,1,22.0209,820,0.0916,27,0,No fault,12.2836,0.0073
2026-08-12T12:03:20.367222,1786529000.367222,6.909465,758,40.917691,1,35.5066,696,0.0769,28,0,No fault,1,22.1957,820,0.0769,27,0,No fault,13.3109,0.0000
2026-08-12T12:03:20.375718,1786529000.375718,6.917961,759,40.538613,1,35.7689,873,0.1502,28,0,No fault,1,23.0700,767,0.0476,27,0,No fault,12.6989,0.1026
2026-08-12T12:03:20.382397,1786529000.382397,6.924650,760,40.064514,1,35.9219,679,0.1429,28,0,No fault,1,23.2886,943,0.0549,27,0,No fault,12.6333,0.0879
2026-08-12T12:03:20.391372,1786529000.391372,6.933621,761,39.668934,1,36.7306,908,0.0403,28,0,No fault,1,24.5563,767,0.0476,27,0,No fault,12.1743,-0.0073
2026-08-12T12:03:20.398178,1786529000.398178,6.940429,762,39.176406,1,37.1896,785,0.0842,28,0,No fault,1,24.8841,626,0.0769,27,0,No fault,12.3055,0.0073
2026-08-12T12:03:20.406848,1786529000.406848,6.949108,763,38.786496,1,37.4956,802,0.0403,28,0,No fault,1,25.4305,873,0.1575,27,0,No fault,12.0650,-0.1172
2026-08-12T12:03:20.413873,1786529000.413873,6.956153,764,38.282544,1,38.0857,802,0.0476,28,0,No fault,1,25.9333,1278,0.0403,27,0,No fault,12.1525,0.0073
2026-08-12T12:03:20.422394,1786529000.422394,6.964641,765,37.875422,1,38.3917,485,0.0696,28,0,No fault,1,26.5015,978,0.0916,27,0,No fault,11.8902,-0.0220
2026-08-12T12:03:20.429257,1786529000.429257,6.971510,766,37.376401,1,38.8944,732,0.1429,28,0,No fault,1,26.9605,696,0.0696,27,0,No fault,11.9339,0.0733
2026-08-12T12:03:20.437926,1786529000.437926,6.980174,767,36.966892,1,39.2004,785,0.1062,28,0,No fault,1,27.5725,732,0.0330,27,0,No fault,11.6279,0.0733
2026-08-12T12:03:20.444729,1786529000.444729,6.987009,768,36.453485,1,39.7687,714,0.0769,28,0,No fault,1,28.0534,767,0.0842,27,0,No fault,11.7153,-0.0073
2026-08-12T12:03:20.453238,1786529000.453238,6.995486,769,36.043859,1,40.0528,679,0.0842,28,0,No fault,1,28.5998,661,0.0549,27,0,No fault,11.4530,0.0293
2026-08-12T12:03:20.460111,1786529000.460111,7.002357,770,35.527978,1,40.4244,802,0.0696,28,0,No fault,1,29.0588,978,0.1136,27,0,No fault,11.3656,-0.0440
2026-08-12T12:03:20.468725,1786529000.468725,7.010968,771,35.091093,1,40.9053,890,0.0696,28,0,No fault,1,29.6708,696,0.0110,27,0,No fault,11.2345,0.0586
2026-08-12T12:03:20.475384,1786529000.475384,7.017630,772,34.582716,1,41.2768,873,0.0623,28,0,No fault,1,30.0861,890,0.0330,27,0,No fault,11.1908,0.0293
2026-08-12T12:03:20.484226,1786529000.484226,7.026468,773,34.165945,1,41.7795,555,0.0256,28,0,No fault,1,30.6762,714,0.0549,27,0,No fault,11.1033,-0.0293
2026-08-12T12:03:20.490657,1786529000.490657,7.032907,774,33.622642,1,42.1730,309,0.0696,28,0,No fault,1,31.1134,837,0.0476,27,0,No fault,11.0596,0.0220
2026-08-12T12:03:20.499752,1786529000.499752,7.041991,775,33.207334,1,42.6101,714,0.0696,28,0,No fault,1,31.6816,873,0.0623,27,0,No fault,10.9285,0.0073
2026-08-12T12:03:20.520728,1786529000.520728,7.062986,776,32.644789,1,42.9598,538,0.0989,28,0,No fault,1,33.0149,1031,0.1136,27,0,No fault,9.9449,-0.0147
2026-08-12T12:03:20.531064,1786529000.531064,7.073323,777,31.303127,1,43.8997,926,0.1062,28,0,No fault,1,33.6269,855,-0.0110,27,0,No fault,10.2728,0.1172
2026-08-12T12:03:20.550057,1786529000.550057,7.092316,778,30.635405,1,44.4898,661,0.0696,28,0,No fault,1,34.3045,890,0.0842,27,0,No fault,10.1853,-0.0147
2026-08-12T12:03:20.557379,1786529000.557379,7.099634,779,29.397887,1,44.9051,520,0.0476,28,0,No fault,1,34.8946,485,0.0110,27,0,No fault,10.0105,0.0366
2026-08-12T12:03:20.565658,1786529000.565658,7.107908,780,28.863093,1,45.2766,837,0.0476,28,0,No fault,1,35.3099,661,0.0476,27,0,No fault,9.9668,0.0000
2026-08-12T12:03:20.572283,1786529000.572283,7.114571,781,28.361919,1,45.9542,855,0.0256,28,0,No fault,1,35.4629,855,0.0769,27,0,No fault,10.4913,-0.0513
2026-08-12T12:03:20.581602,1786529000.581602,7.123851,782,27.918705,1,46.2821,626,0.0549,28,0,No fault,1,36.0530,749,0.0842,27,0,No fault,10.2290,-0.0293
2026-08-12T12:03:20.588016,1786529000.588016,7.130282,783,27.303089,1,46.3914,626,0.0989,28,0,No fault,1,36.3809,1014,0.0403,27,0,No fault,10.0105,0.0586
2026-08-12T12:03:20.597219,1786529000.597219,7.139479,784,26.855656,1,46.8722,767,0.0769,28,0,No fault,1,36.9710,450,0.0769,27,0,No fault,9.9012,0.0000
2026-08-12T12:03:20.603968,1786529000.603968,7.146216,785,26.244402,1,47.3093,397,0.0842,28,0,No fault,1,37.6923,749,0.0256,27,0,No fault,9.6171,0.0586
2026-08-12T12:03:20.612647,1786529000.612647,7.154931,786,25.791237,1,47.5498,450,0.0916,28,0,No fault,1,38.0639,820,0.0916,27,0,No fault,9.4859,0.0000
2026-08-12T12:03:20.619572,1786529000.619572,7.161816,787,25.191315,1,47.9869,643,0.0916,28,0,No fault,1,38.2169,661,0.0549,27,0,No fault,9.7701,0.0366
2026-08-12T12:03:20.628115,1786529000.628115,7.170372,788,24.724702,1,48.1836,485,0.0842,28,0,No fault,1,38.7414,608,0.1209,27,0,No fault,9.4422,-0.0366
2026-08-12T12:03:20.634930,1786529000.634930,7.177171,789,24.131933,1,48.6863,855,0.0989,28,0,No fault,1,39.1567,820,0.0623,27,0,No fault,9.5296,0.0366
2026-08-12T12:03:20.643465,1786529000.643465,7.185722,790,23.666081,1,48.8175,573,0.0916,28,0,No fault,1,39.6594,1049,0.0476,27,0,No fault,9.1581,0.0440
2026-08-12T12:03:20.650270,1786529000.650270,7.192511,791,23.062572,1,49.3420,573,0.0623,28,0,No fault,1,40.0747,820,0.0330,27,0,No fault,9.2673,0.0293
2026-08-12T12:03:20.658974,1786529000.658974,7.201261,792,22.600255,1,49.4732,732,0.0549,28,0,No fault,1,40.5337,908,0.0623,27,0,No fault,8.9395,-0.0073
2026-08-12T12:03:20.668941,1786529000.668941,7.211191,793,21.972684,1,49.6918,467,0.0256,28,0,No fault,1,41.2331,520,0.0989,27,0,No fault,8.4586,-0.0733
2026-08-12T12:03:20.675423,1786529000.675423,7.217670,794,21.284897,1,49.9103,538,0.0183,28,0,No fault,1,41.3643,661,0.1209,27,0,No fault,8.5461,-0.1026
2026-08-12T12:03:20.684310,1786529000.684310,7.226562,795,20.824799,1,50.3475,432,0.0330,28,0,No fault,1,42.0637,837,0.0623,27,0,No fault,8.2838,-0.0293
2026-08-12T12:03:20.690956,1786529000.690956,7.233206,796,20.196541,1,50.5442,661,0.0769,28,0,No fault,1,42.1948,732,0.0549,27,0,No fault,8.3494,0.0220
2026-08-12T12:03:20.701156,1786529000.701156,7.243387,797,19.446216,1,50.9376,361,0.0623,28,0,No fault,1,42.7412,855,0.0623,27,0,No fault,8.1964,0.0000
2026-08-12T12:03:20.715124,1786529000.715124,7.257380,798,19.004132,1,51.3747,450,0.1062,28,0,No fault,1,43.6811,661,0.0623,27,0,No fault,7.6936,0.0440
2026-08-12T12:03:20.725681,1786529000.725681,7.267933,799,17.987681,1,51.6807,379,0.0696,28,0,No fault,1,44.1838,679,0.0330,27,0,No fault,7.4969,0.0366
2026-08-12T12:03:20.732140,1786529000.732140,7.274381,800,17.230438,1,52.0523,626,0.0989,28,0,No fault,1,44.4679,926,0.0476,27,0,No fault,7.5844,0.0513
2026-08-12T12:03:20.751359,1786529000.751359,7.293613,801,16.763714,1,52.5769,538,0.0549,28,0,No fault,1,44.9488,767,0.0403,27,0,No fault,7.6281,0.0147
2026-08-12T12:03:20.759074,1786529000.759074,7.301332,802,15.370042,1,52.9703,291,0.1062,28,0,No fault,1,45.3422,802,0.0989,27,0,No fault,7.6281,0.0073
2026-08-12T12:03:20.768286,1786529000.768286,7.310556,803,14.781950,1,53.2544,626,0.0549,28,0,No fault,1,46.0416,608,0.0549,27,0,No fault,7.2128,0.0000
2026-08-12T12:03:20.777636,1786529000.777636,7.319885,804,14.122961,1,53.4730,379,0.0623,28,0,No fault,1,46.2602,555,0.0916,27,0,No fault,7.2128,-0.0293
2026-08-12T12:03:20.784108,1786529000.784108,7.326356,805,13.449085,1,54.0850,379,0.0403,28,0,No fault,1,46.4569,573,0.0916,27,0,No fault,7.6281,-0.0513
2026-08-12T12:03:20.793172,1786529000.793172,7.335415,806,12.965422,1,54.1506,309,0.0549,28,0,No fault,1,46.9159,573,0.0842,27,0,No fault,7.2346,-0.0293
2026-08-12T12:03:20.799530,1786529000.799530,7.341768,807,12.307514,1,54.3910,450,0.0769,28,0,No fault,1,47.1563,767,0.0256,27,0,No fault,7.2346,0.0513
2026-08-12T12:03:20.808368,1786529000.808368,7.350605,808,11.840656,1,54.5221,203,0.0549,28,0,No fault,1,48.0525,502,0.0330,27,0,No fault,6.4697,0.0220
2026-08-12T12:03:20.814622,1786529000.814622,7.356861,809,11.186779,1,54.9156,309,0.0549,28,0,No fault,1,48.1618,732,0.0403,27,0,No fault,6.7538,0.0147
2026-08-12T12:03:20.820873,1786529000.820873,7.363109,810,10.722960,1,55.0030,679,0.0769,28,0,No fault,1,48.3803,732,0.0989,27,0,No fault,6.6227,-0.0220
2026-08-12T12:03:20.828883,1786529000.828883,7.371124,811,10.240333,1,55.2653,203,0.0769,28,0,No fault,1,48.6863,326,0.0769,27,0,No fault,6.5789,0.0000
2026-08-12T12:03:20.835810,1786529000.835810,7.378051,812,9.663062,1,55.3964,344,0.1136,28,0,No fault,1,49.0360,485,0.0403,27,0,No fault,6.3604,0.0733
2026-08-12T12:03:20.844319,1786529000.844319,7.386562,813,9.147073,1,55.6368,591,0.0842,28,0,No fault,1,49.3420,520,0.0989,27,0,No fault,6.2948,-0.0147
2026-08-12T12:03:20.851093,1786529000.851093,7.393332,814,8.513220,1,55.8336,273,0.0842,28,0,No fault,1,49.5606,643,0.0769,27,0,No fault,6.2729,0.0073
2026-08-12T12:03:20.859848,1786529000.859848,7.402093,815,8.007532,1,55.8991,344,0.0769,28,0,No fault,1,49.9759,608,0.0769,27,0,No fault,5.9232,0.0000
2026-08-12T12:03:20.866473,1786529000.866473,7.408718,816,7.351149,1,56.1614,344,0.1062,28,0,No fault,1,50.1726,467,0.1062,27,0,No fault,5.9888,0.0000
2026-08-12T12:03:20.875341,1786529000.875341,7.417581,817,6.855659,1,56.2270,450,0.0989,28,0,No fault,1,50.5879,361,0.0403,27,0,No fault,5.6391,0.0586
2026-08-12T12:03:20.881760,1786529000.881760,7.423995,818,6.191495,1,56.4893,220,0.0842,28,0,No fault,1,50.8065,679,0.0476,27,0,No fault,5.6828,0.0366
2026-08-12T12:03:20.888234,1786529000.888234,7.430475,819,5.710918,1,56.5548,309,0.0989,28,0,No fault,1,51.0906,502,0.0549,27,0,No fault,5.4642,0.0440
2026-08-12T12:03:20.895864,1786529000.895864,7.438112,820,5.223367,1,56.7953,62,0.0769,28,0,No fault,1,51.4184,749,0.0476,27,0,No fault,5.3768,0.0293
2026-08-12T12:03:20.902482,1786529000.902482,7.444721,821,4.644409,1,56.8608,414,0.0769,28,0,No fault,1,51.6807,379,0.0842,27,0,No fault,5.1801,-0.0073
2026-08-12T12:03:20.911363,1786529000.911363,7.453625,822,4.153446,1,56.9701,344,0.0842,28,0,No fault,1,51.9649,132,0.0403,27,0,No fault,5.0052,0.0440
2026-08-12T12:03:20.932810,1786529000.932810,7.475099,823,3.460860,1,57.3198,485,0.0549,28,0,No fault,1,52.7736,450,0.0623,27,0,No fault,4.5462,-0.0073
2026-08-12T12:03:20.952512,1786529000.952512,7.494777,824,1.848907,1,57.6040,203,0.0476,28,0,No fault,1,53.0359,432,0.0769,27,0,No fault,4.5681,-0.0293
2026-08-12T12:03:20.963792,1786529000.963792,7.506044,825,0.352660,1,57.8225,150,0.0696,28,0,No fault,1,53.5386,626,0.0769,27,0,No fault,4.2840,-0.0073
2026-08-12T12:03:20.973603,1786529000.973603,7.515855,826,-0.476840,1,58.0411,309,0.0696,28,0,No fault,1,53.9976,538,0.0623,27,0,No fault,4.0435,0.0073
2026-08-12T12:03:20.984607,1786529000.984607,7.526874,827,-1.212956,1,58.2160,344,0.0403,28,0,No fault,1,54.1069,273,0.0769,27,0,No fault,4.1091,-0.0366
2026-08-12T12:03:20.994508,1786529000.994508,7.536778,828,-2.048840,1,58.3252,150,0.0330,28,0,No fault,1,54.3910,291,0.0989,27,0,No fault,3.9342,-0.0659
2026-08-12T12:03:21.004696,1786529001.004696,7.546952,829,-2.791123,1,58.3690,273,0.0769,28,0,No fault,1,54.6970,714,0.0403,27,0,No fault,3.6720,0.0366
2026-08-12T12:03:21.012393,1786529001.012393,7.554641,830,-3.553537,1,58.4782,150,0.0549,28,0,No fault,1,55.1123,397,0.0916,27,0,No fault,3.3660,-0.0366
2026-08-12T12:03:21.020047,1786529001.020047,7.562285,831,-4.146648,1,58.5875,150,0.0549,28,0,No fault,1,55.2434,309,0.0476,27,0,No fault,3.3441,0.0073
2026-08-12T12:03:21.027541,1786529001.027541,7.569776,832,-4.703487,1,58.6312,9,0.0403,28,0,No fault,1,55.3527,150,0.0696,27,0,No fault,3.2785,-0.0293
2026-08-12T12:03:21.035497,1786529001.035497,7.577739,833,-5.281473,1,58.7187,-44,0.0623,28,0,No fault,1,55.6587,573,0.0183,27,0,No fault,3.0600,0.0440
2026-08-12T12:03:21.042872,1786529001.042872,7.585109,834,-5.865751,1,58.7624,256,0.0769,28,0,No fault,1,55.8336,538,0.0916,27,0,No fault,2.9288,-0.0147
2026-08-12T12:03:21.050812,1786529001.050812,7.593055,835,-6.420137,1,58.8061,-256,0.0769,28,0,No fault,1,56.0521,555,0.0403,27,0,No fault,2.7540,0.0366
2026-08-12T12:03:21.058166,1786529001.058166,7.600407,836,-7.013442,1,58.8717,485,0.0476,28,0,No fault,1,56.1833,361,0.0769,27,0,No fault,2.6884,-0.0293
2026-08-12T12:03:21.066189,1786529001.066189,7.608442,837,-7.571196,1,58.9154,115,0.0476,28,0,No fault,1,56.4018,238,0.0256,27,0,No fault,2.5135,0.0220
2026-08-12T12:03:21.073568,1786529001.073568,7.615813,838,-8.166131,1,58.9154,62,0.0476,28,0,No fault,1,56.5330,326,0.0476,27,0,No fault,2.3824,0.0000
2026-08-12T12:03:21.081611,1786529001.081611,7.623855,839,-8.722857,1,58.9372,414,0.0769,27,0,No fault,1,56.7297,326,0.0549,27,0,No fault,2.2076,0.0220
2026-08-12T12:03:21.089083,1786529001.089083,7.631329,840,-9.322011,1,58.9591,115,0.0989,28,0,No fault,1,56.8608,238,0.0842,27,0,No fault,2.0983,0.0147
2026-08-12T12:03:21.097119,1786529001.097119,7.639372,841,-9.901010,1,58.9809,26,0.0623,28,0,No fault,1,57.0575,555,0.0256,27,0,No fault,1.9234,0.0366
2026-08-12T12:03:21.104244,1786529001.104244,7.646497,842,-10.469524,1,58.9591,-79,0.0769,27,0,No fault,1,57.1231,185,0.0623,27,0,No fault,1.8360,0.0147
2026-08-12T12:03:21.112433,1786529001.112433,7.654683,843,-11.020421,1,59.0028,-62,0.0696,28,0,No fault,1,57.3635,167,0.0623,27,0,No fault,1.6393,0.0073
2026-08-12T12:03:21.130839,1786529001.130839,7.673092,844,-11.605301,1,59.0028,-79,0.0549,28,0,No fault,1,57.6258,291,0.0696,27,0,No fault,1.3770,-0.0147
2026-08-12T12:03:21.143915,1786529001.143915,7.686189,845,-12.965230,1,58.9809,-220,0.0476,28,0,No fault,1,57.6695,485,0.0842,27,0,No fault,1.3114,-0.0366
2026-08-12T12:03:21.156062,1786529001.156062,7.698331,846,-13.931899,1,59.0028,44,0.0330,28,0,No fault,1,57.9318,26,0.0549,27,0,No fault,1.0710,-0.0220
2026-08-12T12:03:21.164395,1786529001.164395,7.706669,847,-14.822242,1,58.9591,-256,0.0037,28,0,No fault,1,58.0630,44,0.0842,27,0,No fault,0.8961,-0.0806
2026-08-12T12:03:21.174533,1786529001.174533,7.716781,848,-15.429342,1,58.9809,115,-0.0256,28,0,No fault,1,58.1504,-150,0.0769,27,0,No fault,0.8306,-0.1026
2026-08-12T12:03:21.184902,1786529001.184902,7.727162,849,-16.159762,1,58.9809,62,-0.0403,28,0,No fault,1,58.2815,44,0.0623,27,0,No fault,0.6994,-0.1026
2026-08-12T12:03:21.194981,1786529001.194981,7.737237,850,-16.914209,1,58.9154,-185,-0.0549,28,0,No fault,1,58.4345,291,0.0769,27,0,No fault,0.4809,-0.1319
2026-08-12T12:03:21.205216,1786529001.205216,7.747486,851,-17.639839,1,58.9372,44,-0.0476,28,0,No fault,1,58.5220,220,0.0842,27,0,No fault,0.4153,-0.1319
2026-08-12T12:03:21.215664,1786529001.215664,7.757931,852,-18.377870,1,58.8935,-79,-0.0696,28,0,No fault,1,58.6750,-9,0.0623,27,0,No fault,0.2186,-0.1319
2026-08-12T12:03:21.223262,1786529001.223262,7.765511,853,-19.126891,1,58.8498,97,-0.0549,28,0,No fault,1,58.7187,-185,0.0183,27,0,No fault,0.1311,-0.0733
2026-08-12T12:03:21.230930,1786529001.230930,7.773176,854,-19.672895,1,58.8061,-26,-0.0842,28,0,No fault,1,58.7624,79,0.0476,27,0,No fault,0.0437,-0.1319
2026-08-12T12:03:21.238446,1786529001.238446,7.780689,855,-20.209213,1,58.7624,-79,-0.0623,28,0,No fault,1,58.7842,-79,0.0623,27,0,No fault,-0.0219,-0.1245
2026-08-12T12:03:21.246453,1786529001.246453,7.788695,856,-20.748778,1,58.6750,-44,-0.0916,28,0,No fault,1,58.8498,-150,0.0696,27,0,No fault,-0.1749,-0.1612
2026-08-12T12:03:21.253834,1786529001.253834,7.796077,857,-21.306274,1,58.6531,-132,-0.1062,28,0,No fault,1,58.8717,79,0.0769,27,0,No fault,-0.2186,-0.1832
2026-08-12T12:03:21.261833,1786529001.261833,7.804083,858,-21.831457,1,58.5438,-9,-0.1062,28,0,No fault,1,58.9372,432,0.0623,27,0,No fault,-0.3934,-0.1685
2026-08-12T12:03:21.269122,1786529001.269122,7.811365,859,-22.387090,1,58.5220,-62,-0.1209,28,0,No fault,1,58.9591,309,0.0916,27,0,No fault,-0.4371,-0.2125
2026-08-12T12:03:21.277224,1786529001.277224,7.819468,860,-22.910674,1,58.3690,-150,-0.1062,28,0,No fault,1,58.9809,132,0.0476,27,0,No fault,-0.6120,-0.1538
2026-08-12T12:03:21.284420,1786529001.284420,7.826664,861,-23.466857,1,58.3471,-150,-0.1136,28,0,No fault,1,58.9809,150,0.0623,27,0,No fault,-0.6339,-0.1758
2026-08-12T12:03:21.292539,1786529001.292539,7.834781,862,-23.958087,1,58.1941,-256,-0.1209,28,0,No fault,1,58.9809,-220,0.0769,27,0,No fault,-0.7868,-0.1978
2026-08-12T12:03:21.299675,1786529001.299675,7.841916,863,-24.516137,1,58.1504,-256,-0.1282,28,0,No fault,1,59.0028,44,0.0403,27,0,No fault,-0.8524,-0.1685
2026-08-12T12:03:21.308171,1786529001.308171,7.850413,864,-25.006172,1,57.9537,-397,-0.0769,28,0,No fault,1,59.0247,591,0.0549,27,0,No fault,-1.0710,-0.1319
2026-08-12T12:03:21.315014,1786529001.315014,7.857253,865,-25.588490,1,57.8225,-520,-0.0916,28,0,No fault,1,58.9809,-115,0.0403,27,0,No fault,-1.1584,-0.1319
2026-08-12T12:03:21.323936,1786529001.323936,7.866186,866,-26.052283,1,57.8225,-520,-0.0916,28,0,No fault,1,58.9809,-167,0.0330,27,0,No fault,-1.1584,-0.1245
2026-08-12T12:03:21.345022,1786529001.345022,7.887293,867,-26.657298,1,57.4291,-185,-0.1136,28,0,No fault,1,58.9809,97,0.0476,27,0,No fault,-1.5518,-0.1612
2026-08-12T12:03:21.354903,1786529001.354903,7.897147,868,-28.080286,1,57.2761,-115,-0.0842,28,0,No fault,1,58.9591,-203,-0.0183,27,0,No fault,-1.6830,-0.0659
2026-08-12T12:03:21.363219,1786529001.363219,7.905470,869,-28.737647,1,57.0794,-309,-0.0989,28,0,No fault,1,58.9372,-256,-0.0256,27,0,No fault,-1.8578,-0.0733
2026-08-12T12:03:21.369819,1786529001.369819,7.912060,870,-29.281216,1,56.9483,-361,-0.0842,27,0,No fault,1,58.9154,-220,-0.0037,27,0,No fault,-1.9671,-0.0806
2026-08-12T12:03:21.378832,1786529001.378832,7.921081,871,-29.727614,1,56.8390,-502,-0.0403,28,0,No fault,1,58.8935,-44,-0.0330,27,0,No fault,-2.0546,-0.0073
2026-08-12T12:03:21.385395,1786529001.385395,7.927637,872,-30.301717,1,56.7297,-309,-0.0476,28,0,No fault,1,58.8935,344,-0.0330,27,0,No fault,-2.1638,-0.0147
2026-08-12T12:03:21.394437,1786529001.394437,7.936687,873,-30.735168,1,56.3800,-361,-0.0769,27,0,No fault,1,58.8280,-115,-0.0549,27,0,No fault,-2.4480,-0.0220
2026-08-12T12:03:21.401197,1786529001.401197,7.943444,874,-31.311687,1,56.0303,-256,-0.0330,28,0,No fault,1,58.8280,-62,-0.0256,27,0,No fault,-2.7977,-0.0073
2026-08-12T12:03:21.410017,1786529001.410017,7.952350,875,-31.751412,1,55.8117,-432,-0.0989,28,0,No fault,1,58.7187,150,-0.0769,27,0,No fault,-2.9070,-0.0220
2026-08-12T12:03:21.417180,1786529001.417180,7.959435,876,-32.312733,1,55.5057,-291,-0.0769,28,0,No fault,1,58.6968,185,-0.0403,27,0,No fault,-3.1911,-0.0366
2026-08-12T12:03:21.425477,1786529001.425477,7.967729,877,-32.764927,1,55.4183,-485,-0.0549,28,0,No fault,1,58.6312,-44,-0.0916,27,0,No fault,-3.2130,0.0366
2026-08-12T12:03:21.432011,1786529001.432011,7.974257,878,-33.283575,1,55.0904,-485,-0.0769,28,0,No fault,1,58.5657,-79,-0.0256,27,0,No fault,-3.4753,-0.0513
2026-08-12T12:03:21.440818,1786529001.440818,7.983066,879,-33.696762,1,54.8281,-379,-0.0696,28,0,No fault,1,58.4127,-309,-0.0549,27,0,No fault,-3.5845,-0.0147
2026-08-12T12:03:21.447621,1786529001.447621,7.989873,880,-34.239945,1,54.4566,-432,-0.1355,28,0,No fault,1,58.4127,115,-0.0623,27,0,No fault,-3.9561,-0.0733
2026-08-12T12:03:21.456257,1786529001.456257,7.998503,881,-34.666013,1,54.3691,-397,-0.1062,28,0,No fault,1,58.2597,-185,-0.0549,27,0,No fault,-3.8905,-0.0513
2026-08-12T12:03:21.462907,1786529001.462907,8.005149,882,-35.188063,1,54.0194,-591,-0.1282,28,0,No fault,1,58.2160,132,-0.0549,27,0,No fault,-4.1965,-0.0733
2026-08-12T12:03:21.471575,1786529001.471575,8.013826,883,-35.591108,1,53.8664,-414,-0.1355,28,0,No fault,1,58.0411,-309,-0.0769,27,0,No fault,-4.1747,-0.0586
2026-08-12T12:03:21.478106,1786529001.478106,8.020345,884,-36.118133,1,53.6697,-467,-0.0916,28,0,No fault,1,57.9755,-62,-0.0403,27,0,No fault,-4.3058,-0.0513
2026-08-12T12:03:21.486916,1786529001.486916,8.029166,885,-36.519342,1,53.4511,-414,-0.0769,28,0,No fault,1,57.8007,-432,-0.0476,27,0,No fault,-4.3495,-0.0293
2026-08-12T12:03:21.493611,1786529001.493611,8.035857,886,-37.035310,1,53.1014,-520,-0.0916,28,0,No fault,1,57.7132,-291,-0.0256,27,0,No fault,-4.6118,-0.0659
2026-08-12T12:03:21.502304,1786529001.502304,8.044558,887,-37.437323,1,52.7954,-379,-0.0623,28,0,No fault,1,57.5384,-167,-0.0769,27,0,No fault,-4.7430,0.0147
2026-08-12T12:03:21.509128,1786529001.509128,8.051372,888,-37.942441,1,52.4020,-538,-0.0403,28,0,No fault,1,57.4510,-273,-0.0403,27,0,No fault,-5.0490,0.0000
2026-08-12T12:03:21.517691,1786529001.517691,8.059946,889,-38.336375,1,52.2272,-591,-0.1136,28,0,No fault,1,57.2324,-573,-0.0769,27,0,No fault,-5.0052,-0.0366
2026-08-12T12:03:21.524366,1786529001.524366,8.066614,890,-38.832932,1,51.9867,-714,-0.1722,28,0,No fault,1,57.1450,-326,-0.0476,27,0,No fault,-5.1582,-0.1245
2026-08-12T12:03:21.554446,1786529001.554446,8.096747,891,-39.229451,1,51.2436,-573,-0.0623,28,0,No fault,1,56.5985,-450,-0.0256,27,0,No fault,-5.3550,-0.0366
2026-08-12T12:03:21.564254,1786529001.564254,8.106498,892,-40.947357,1,50.7627,-520,-0.0549,28,0,No fault,1,56.3144,-132,-0.0623,27,0,No fault,-5.5517,0.0073
2026-08-12T12:03:21.574522,1786529001.574522,8.116787,893,-41.457194,1,50.3912,-573,-0.0769,28,0,No fault,1,56.1177,-273,-0.0696,27,0,No fault,-5.7265,-0.0073
2026-08-12T12:03:21.584757,1786529001.584757,8.127012,894,-42.024278,1,50.1289,-555,-0.0989,28,0,No fault,1,55.8773,-485,-0.0256,27,0,No fault,-5.7484,-0.0733
2026-08-12T12:03:21.591443,1786529001.591443,8.133688,895,-42.547426,1,49.7792,-414,-0.1722,28,0,No fault,1,55.7898,-238,-0.0989,27,0,No fault,-6.0107,-0.0733
2026-08-12T12:03:21.600139,1786529001.600139,8.142384,896,-42.899311,1,49.5169,-361,-0.1429,28,0,No fault,1,55.5276,-309,-0.0330,27,0,No fault,-6.0107,-0.1099
2026-08-12T12:03:21.606812,1786529001.606812,8.149056,897,-43.352462,1,48.7082,-573,-0.0696,28,0,No fault,1,55.3964,-203,-0.1868,27,0,No fault,-6.6882,0.1172
2026-08-12T12:03:21.615498,1786529001.615498,8.157739,898,-43.699812,1,48.5115,-485,-0.0842,28,0,No fault,1,54.8500,-714,-0.0842,27,0,No fault,-6.3385,0.0000
2026-08-12T12:03:21.622118,1786529001.622118,8.164360,899,-44.144784,1,48.3585,-591,-0.0916,28,0,No fault,1,54.7844,-679,-0.0623,27,0,No fault,-6.4259,-0.0293
2026-08-12T12:03:21.630865,1786529001.630865,8.173108,900,-44.480850,1,47.7683,-555,-0.0696,28,0,No fault,1,54.4566,-714,-0.0916,27,0,No fault,-6.6882,0.0220
2026-08-12T12:03:21.639102,1786529001.639102,8.181351,901,-44.927211,1,47.3968,-802,-0.0549,28,0,No fault,1,54.1724,-185,-0.0330,27,0,No fault,-6.7757,-0.0220
2026-08-12T12:03:21.646503,1786529001.646503,8.188754,902,-45.334296,1,47.1782,-820,-0.0769,28,0,No fault,1,53.9320,-256,-0.0110,27,0,No fault,-6.7538,-0.0659
2026-08-12T12:03:21.653308,1786529001.653308,8.195569,903,-45.696023,1,46.7192,-696,-0.0769,28,0,No fault,1,53.8227,-820,-0.0476,27,0,No fault,-7.1035,-0.0293
2026-08-12T12:03:21.662337,1786529001.662337,8.204589,904,-46.028207,1,46.3476,-749,-0.0842,28,0,No fault,1,53.5386,-432,-0.0623,27,0,No fault,-7.1909,-0.0220
2026-08-12T12:03:21.672203,1786529001.672203,8.214450,905,-46.461248,1,45.9761,-309,-0.0769,28,0,No fault,1,53.1670,-309,-0.0696,27,0,No fault,-7.1909,-0.0073
2026-08-12T12:03:21.678872,1786529001.678872,8.221116,906,-46.926953,1,45.4734,-679,-0.1355,28,0,No fault,1,52.9921,-573,-0.0842,27,0,No fault,-7.5188,-0.0513
2026-08-12T12:03:21.687600,1786529001.687600,8.229846,907,-47.237282,1,45.2111,-943,-0.1062,28,0,No fault,1,52.6206,-591,-0.0549,27,0,No fault,-7.4095,-0.0513
2026-08-12T12:03:21.694103,1786529001.694103,8.236348,908,-47.641009,1,44.8614,-643,-0.1209,28,0,No fault,1,52.4457,-397,-0.0549,27,0,No fault,-7.5844,-0.0659
2026-08-12T12:03:21.703070,1786529001.703070,8.245316,909,-47.969827,1,44.4679,-573,-0.0769,28,0,No fault,1,52.0523,-538,-0.0842,27,0,No fault,-7.5844,0.0073
2026-08-12T12:03:21.709836,1786529001.709836,8.252076,910,-48.344445,1,43.8997,-749,-0.0696,28,0,No fault,1,51.8556,-837,-0.0696,27,0,No fault,-7.9559,0.0000
2026-08-12T12:03:21.718446,1786529001.718446,8.260690,911,-48.648564,1,43.6374,-696,-0.0696,28,0,No fault,1,51.4622,-485,-0.0916,27,0,No fault,-7.8248,0.0220
2026-08-12T12:03:21.724984,1786529001.724984,8.267229,912,-49.018892,1,43.2658,-732,-0.0623,28,0,No fault,1,51.2873,-379,-0.0769,27,0,No fault,-8.0215,0.0147
2026-08-12T12:03:21.750291,1786529001.750291,8.292632,913,-49.321878,1,42.4352,-696,-0.0696,28,0,No fault,1,50.6535,-467,-0.0696,27,0,No fault,-8.2182,0.0000
2026-08-12T12:03:21.761505,1786529001.761505,8.303771,914,-50.392186,1,41.9981,-732,-0.0916,28,0,No fault,1,50.0196,-855,-0.0549,27,0,No fault,-8.0215,-0.0366
2026-08-12T12:03:21.768127,1786529001.768127,8.310375,915,-50.821071,1,41.4080,-996,-0.1282,28,0,No fault,1,49.7355,-732,-0.0623,27,0,No fault,-8.3275,-0.0659
2026-08-12T12:03:21.776250,1786529001.776250,8.318488,916,-51.084875,1,40.7960,-908,-0.1136,28,0,No fault,1,49.3639,-626,-0.0623,27,0,No fault,-8.5679,-0.0513
2026-08-12T12:03:21.782232,1786529001.782232,8.324462,917,-51.399420,1,40.5774,-1031,-0.1062,28,0,No fault,1,49.1235,-326,-0.0330,27,0,No fault,-8.5461,-0.0733
2026-08-12T12:03:21.788145,1786529001.788145,8.330402,918,-51.629384,1,40.2933,-943,-0.0623,28,0,No fault,1,48.9268,-361,-0.0476,27,0,No fault,-8.6335,-0.0147
2026-08-12T12:03:21.796975,1786529001.796975,8.339238,919,-51.858954,1,39.4408,-837,-0.0769,28,0,No fault,1,48.4459,-555,-0.0623,27,0,No fault,-9.0051,-0.0147
2026-08-12T12:03:21.803388,1786529001.803388,8.345632,920,-52.192814,1,38.4354,-467,-0.0330,28,0,No fault,1,48.2710,-820,-0.0696,27,0,No fault,-9.8356,0.0366
2026-08-12T12:03:21.812384,1786529001.812384,8.354634,921,-52.430164,1,38.1513,-379,-0.0476,28,0,No fault,1,47.3531,-520,-0.0256,27,0,No fault,-9.2018,-0.0220
2026-08-12T12:03:21.818754,1786529001.818754,8.360986,922,-52.752693,1,37.5830,-802,-0.1062,28,0,No fault,1,47.2438,-502,-0.0330,27,0,No fault,-9.6608,-0.0733
2026-08-12T12:03:21.824916,1786529001.824916,8.367154,923,-52.977152,1,36.9710,-785,-0.1282,28,0,No fault,1,47.0471,-555,-0.1429,27,0,No fault,-10.0760,0.0147
2026-08-12T12:03:21.833564,1786529001.833564,8.375827,924,-53.194392,1,36.6869,-785,-0.0989,28,0,No fault,1,46.6536,-855,-0.0769,27,0,No fault,-9.9668,-0.0220
2026-08-12T12:03:21.840513,1786529001.840513,8.382758,925,-53.499110,1,36.2716,-873,-0.1282,28,0,No fault,1,46.3258,-749,-0.0769,27,0,No fault,-10.0542,-0.0513
2026-08-12T12:03:21.849361,1786529001.849361,8.391614,926,-53.736111,1,35.7907,-767,-0.0769,28,0,No fault,1,45.9105,-890,-0.0403,27,0,No fault,-10.1198,-0.0366
2026-08-12T12:03:21.856111,1786529001.856111,8.398366,927,-54.027185,1,35.2880,-926,-0.0623,28,0,No fault,1,45.5826,-802,-0.1062,27,0,No fault,-10.2946,0.0440
2026-08-12T12:03:21.865329,1786529001.865329,8.407586,928,-54.244578,1,34.3263,-908,-0.1062,28,0,No fault,1,45.1237,-908,-0.0476,27,0,No fault,-10.7973,-0.0586
2026-08-12T12:03:21.871986,1786529001.871986,8.414238,929,-54.540486,1,33.2990,-820,-0.0842,28,0,No fault,1,44.7958,-626,-0.0696,27,0,No fault,-11.4967,-0.0147
2026-08-12T12:03:21.881158,1786529001.881158,8.423402,930,-54.744015,1,33.1242,-591,-0.1062,28,0,No fault,1,44.3368,-926,-0.0623,27,0,No fault,-11.2126,-0.0440
2026-08-12T12:03:21.887957,1786529001.887957,8.430203,931,-55.027476,1,32.3373,-820,-0.1429,28,0,No fault,1,43.9871,-679,-0.0549,27,0,No fault,-11.6497,-0.0879
2026-08-12T12:03:21.896583,1786529001.896583,8.438825,932,-55.226465,1,32.1625,-820,-0.1062,28,0,No fault,1,43.5500,-555,-0.0623,27,0,No fault,-11.3875,-0.0440
2026-08-12T12:03:21.903243,1786529001.903243,8.445491,933,-55.476788,1,31.3538,-873,-0.0696,28,0,No fault,1,43.1784,-820,-0.0549,27,0,No fault,-11.8246,-0.0147
2026-08-12T12:03:21.912193,1786529001.912193,8.454453,934,-55.667357,1,31.1571,-802,-0.0476,28,0,No fault,1,42.7412,-661,-0.0916,27,0,No fault,-11.5842,0.0440
2026-08-12T12:03:21.919622,1786529001.919622,8.461882,935,-55.916992,1,30.3484,-802,-0.0623,28,0,No fault,1,42.3915,-696,-0.0989,27,0,No fault,-12.0432,0.0366
2026-08-12T12:03:21.927711,1786529001.927711,8.469958,936,-56.119262,1,30.1516,-943,-0.0769,28,0,No fault,1,41.9325,-555,-0.0842,27,0,No fault,-11.7809,0.0073
2026-08-12T12:03:21.934390,1786529001.934390,8.476639,937,-56.332601,1,29.8019,-1014,-0.0769,28,0,No fault,1,41.5610,-749,-0.0842,27,0,No fault,-11.7590,0.0073
2026-08-12T12:03:21.961717,1786529001.961717,8.504027,938,-56.505661,1,28.6654,-1366,-0.1575,28,0,No fault,1,40.5118,-661,-0.0769,27,0,No fault,-11.8465,-0.0806
2026-08-12T12:03:21.969349,1786529001.969349,8.511589,939,-57.168148,1,28.1190,-890,-0.0989,28,0,No fault,1,39.8561,-873,-0.0623,27,0,No fault,-11.7372,-0.0366
2026-08-12T12:03:21.978071,1786529001.978071,8.520344,940,-57.335919,1,27.4414,-1102,-0.1209,28,0,No fault,1,39.3534,-591,-0.0696,27,0,No fault,-11.9120,-0.0513
2026-08-12T12:03:21.984994,1786529001.984994,8.527235,941,-57.527840,1,26.9824,-820,-0.0842,28,0,No fault,1,39.0693,-679,-0.0696,27,0,No fault,-12.0869,-0.0147
2026-08-12T12:03:21.993505,1786529001.993505,8.535749,942,-57.668423,1,25.8458,-1049,-0.0403,28,0,No fault,1,38.4791,-820,-0.0623,27,0,No fault,-12.6333,0.0220
2026-08-12T12:03:22.000149,1786529002.000149,8.542394,943,-57.842842,1,25.6928,-855,-0.0476,28,0,No fault,1,38.2606,-555,-0.1062,27,0,No fault,-12.5677,0.0586
2026-08-12T12:03:22.009313,1786529002.009313,8.551574,944,-57.973969,1,25.5398,-996,-0.1282,28,0,No fault,1,37.7360,-837,-0.1648,27,0,No fault,-12.1962,0.0366
2026-08-12T12:03:22.016170,1786529002.016170,8.558409,945,-58.150233,1,24.8841,-1137,-0.0769,28,0,No fault,1,36.6869,-873,-0.0696,27,0,No fault,-11.8027,-0.0073
2026-08-12T12:03:22.024329,1786529002.024329,8.566579,946,-58.276430,1,24.2284,-767,-0.1136,28,0,No fault,1,36.2716,-785,-0.1209,27,0,No fault,-12.0432,0.0073
2026-08-12T12:03:22.031179,1786529002.031179,8.573439,947,-58.417349,1,23.8787,-1031,-0.0623,28,0,No fault,1,36.0749,-661,-0.1282,27,0,No fault,-12.1962,0.0659
2026-08-12T12:03:22.039986,1786529002.039986,8.582244,948,-58.533695,1,23.1793,-785,-0.1209,28,0,No fault,1,35.3317,-714,-0.0696,27,0,No fault,-12.1525,-0.0513
2026-08-12T12:03:22.046874,1786529002.046874,8.589116,949,-58.675633,1,22.6547,-1296,-0.0403,28,0,No fault,1,34.8946,-696,-0.0696,27,0,No fault,-12.2399,0.0293
2026-08-12T12:03:22.055505,1786529002.055505,8.597763,950,-58.781404,1,21.9772,-1119,-0.1062,28,0,No fault,1,34.3482,-1084,-0.1209,27,0,No fault,-12.3710,0.0147
2026-08-12T12:03:22.062550,1786529002.062550,8.604805,951,-58.910284,1,21.3652,-926,-0.0916,28,0,No fault,1,33.9329,-643,-0.0623,27,0,No fault,-12.5677,-0.0293
2026-08-12T12:03:22.070772,1786529002.070772,8.613016,952,-59.007290,1,20.6220,-1049,-0.0256,28,0,No fault,1,33.3209,-1031,-0.1136,27,0,No fault,-12.6989,0.0879
2026-08-12T12:03:22.078020,1786529002.078020,8.620276,953,-59.115808,1,20.2067,-978,-0.1282,28,0,No fault,1,33.1023,-978,-0.0916,27,0,No fault,-12.8956,-0.0366
2026-08-12T12:03:22.086182,1786529002.086182,8.628425,954,-59.209209,1,19.5510,-1119,-0.1282,28,0,No fault,1,32.2936,-1190,-0.0696,27,0,No fault,-12.7426,-0.0586
2026-08-12T12:03:22.096646,1786529002.096646,8.638893,955,-59.303694,1,19.1576,-996,-0.0916,28,0,No fault,1,31.7691,-926,-0.0769,27,0,No fault,-12.6115,-0.0147
2026-08-12T12:03:22.104273,1786529002.104273,8.646512,956,-59.418687,1,18.1959,-1119,-0.0549,28,0,No fault,1,31.3101,-890,-0.0476,27,0,No fault,-13.1142,-0.0073
2026-08-12T12:03:22.111977,1786529002.111977,8.654217,957,-59.495278,1,17.6276,-926,-0.0769,28,0,No fault,1,30.7636,-1084,-0.0696,27,0,No fault,-13.1360,-0.0073
2026-08-12T12:03:22.119538,1786529002.119538,8.661780,958,-59.567789,1,17.1905,-855,-0.0623,27,0,No fault,1,30.3265,-1155,-0.0989,27,0,No fault,-13.1360,0.0366
2026-08-12T12:03:22.127506,1786529002.127506,8.669769,959,-59.633239,1,16.4911,-1014,-0.0623,28,0,No fault,1,29.7582,-978,-0.0696,27,0,No fault,-13.2672,0.0073
2026-08-12T12:03:22.137792,1786529002.137792,8.680053,960,-59.697254,1,16.0321,-961,-0.0916,28,0,No fault,1,29.1244,-802,-0.0696,27,0,No fault,-13.0923,-0.0220
2026-08-12T12:03:22.166091,1786529002.166091,8.708415,961,-59.774299,1,14.6551,-1261,-0.1062,28,0,No fault,1,27.3758,-1402,-0.0842,27,0,No fault,-12.7207,-0.0220
2026-08-12T12:03:22.174188,1786529002.174188,8.716435,962,-59.919883,1,13.8027,-1084,-0.0842,28,0,No fault,1,26.6983,-890,-0.1062,27,0,No fault,-12.8956,0.0220
2026-08-12T12:03:22.180645,1786529002.180645,8.722884,963,-59.947256,1,13.1032,-978,-0.0403,28,0,No fault,1,26.3267,-1102,-0.0549,27,0,No fault,-13.2234,0.0147
2026-08-12T12:03:22.189618,1786529002.189618,8.731906,964,-59.965599,1,12.7317,-1225,-0.0842,28,0,No fault,1,25.6710,-1049,-0.0916,27,0,No fault,-12.9393,0.0073
2026-08-12T12:03:22.196483,1786529002.196483,8.738730,965,-59.984979,1,11.1580,-926,-0.0842,28,0,No fault,1,25.3650,-820,-0.1502,27,0,No fault,-14.2070,0.0659
2026-08-12T12:03:22.205002,1786529002.205002,8.747255,966,-59.994183,1,11.0050,-996,-0.0842,28,0,No fault,1,23.9443,-943,-0.0330,27,0,No fault,-12.9393,-0.0513
2026-08-12T12:03:22.211460,1786529002.211460,8.753696,967,-59.999691,1,10.6771,-978,-0.0989,28,0,No fault,1,23.6164,-890,-0.0476,27,0,No fault,-12.9393,-0.0513
2026-08-12T12:03:22.220314,1786529002.220314,8.762572,968,-59.999287,1,10.2837,-1031,-0.0696,28,0,No fault,1,23.1574,-643,-0.2234,27,0,No fault,-12.8737,0.1538
2026-08-12T12:03:22.227242,1786529002.227242,8.769525,969,-59.992255,1,9.7154,-1349,-0.0989,28,0,No fault,1,22.6766,-873,-0.0037,27,0,No fault,-12.9612,-0.0952
2026-08-12T12:03:22.235504,1786529002.235504,8.777744,970,-59.980201,1,9.3438,-1084,-0.0549,28,0,No fault,1,22.1957,-996,-0.0916,27,0,No fault,-12.8519,0.0366
2026-08-12T12:03:22.241632,1786529002.241632,8.783875,971,-59.962941,1,8.6226,-1102,-0.1136,28,0,No fault,1,21.8242,-1119,-0.0989,27,0,No fault,-13.2016,-0.0147
2026-08-12T12:03:22.248544,1786529002.248544,8.790802,972,-59.945096,1,8.2729,-996,-0.1062,28,0,No fault,1,21.3433,-1031,-0.0842,27,0,No fault,-13.0704,-0.0220
2026-08-12T12:03:22.256634,1786529002.256634,8.798882,973,-59.919797,1,7.4641,-1190,-0.0989,28,0,No fault,1,20.7313,-978,-0.0769,27,0,No fault,-13.2672,-0.0220
2026-08-12T12:03:22.263817,1786529002.263817,8.806063,974,-59.885494,1,7.0707,-785,-0.1575,28,0,No fault,1,20.2723,-1049,-0.1209,27,0,No fault,-13.2016,-0.0366
2026-08-12T12:03:22.272098,1786529002.272098,8.814364,975,-59.849739,1,6.7210,-943,-0.1282,28,0,No fault,1,19.6166,-1014,-0.0476,27,0,No fault,-12.8956,-0.0806
2026-08-12T12:03:22.279218,1786529002.279218,8.821475,976,-59.802109,1,5.9342,-1402,-0.0549,28,0,No fault,1,19.1795,-908,-0.0989,27,0,No fault,-13.2453,0.0440
2026-08-12T12:03:22.287923,1786529002.287923,8.830166,977,-59.756446,1,5.5626,-996,-0.0330,28,0,No fault,1,18.3052,-978,-0.0330,27,0,No fault,-12.7426,0.0000
2026-08-12T12:03:22.294376,1786529002.294376,8.836624,978,-59.694189,1,5.1692,-1172,-0.0842,28,0,No fault,1,18.1303,-696,-0.0916,27,0,No fault,-12.9612,0.0073
2026-08-12T12:03:22.303244,1786529002.303244,8.845484,979,-59.641996,1,4.2949,-978,-0.0842,28,0,No fault,1,17.3872,-1014,-0.0769,27,0,No fault,-13.0923,-0.0073
2026-08-12T12:03:22.309687,1786529002.309687,8.851929,980,-59.566984,1,4.0107,-996,-0.0549,28,0,No fault,1,17.0156,-978,-0.0842,27,0,No fault,-13.0049,0.0293
2026-08-12T12:03:22.318732,1786529002.318732,8.860981,981,-59.502089,1,3.0928,-1190,-0.1209,28,0,No fault,1,16.0758,-1208,-0.0549,27,0,No fault,-12.9830,-0.0659
2026-08-12T12:03:22.325230,1786529002.325230,8.867468,982,-59.415418,1,2.4589,-1067,-0.1062,28,0,No fault,1,15.8791,-855,-0.0623,27,0,No fault,-13.4202,-0.0440
2026-08-12T12:03:22.334003,1786529002.334003,8.876245,983,-59.345653,1,1.9562,-1084,-0.0989,28,0,No fault,1,15.1141,-1278,-0.0623,27,0,No fault,-13.1579,-0.0366
2026-08-12T12:03:22.340623,1786529002.340623,8.882869,984,-59.244219,1,1.6939,-837,-0.0623,28,0,No fault,1,14.7425,-855,-0.0476,27,0,No fault,-13.0486,-0.0147
2026-08-12T12:03:22.368611,1786529002.368611,8.910912,985,-59.162016,1,0.4918,-1190,-0.0696,28,0,No fault,1,12.7535,-1190,-0.1136,27,0,No fault,-12.2617,0.0440
2026-08-12T12:03:22.375953,1786529002.375953,8.918192,986,-58.770988,1,-0.6666,-978,-0.0769,28,0,No fault,1,12.4694,-1137,-0.0916,27,0,No fault,-13.1360,0.0147
2026-08-12T12:03:22.384033,1786529002.384033,8.926300,987,-58.656750,1,-1.5846,-1155,-0.1062,28,0,No fault,1,11.6607,-1067,-0.0769,27,0,No fault,-13.2453,-0.0293
2026-08-12T12:03:22.391180,1786529002.391180,8.933426,988,-58.526598,1,-1.8251,-1313,-0.1062,28,0,No fault,1,11.2673,-749,-0.0256,27,0,No fault,-13.0923,-0.0806
2026-08-12T12:03:22.397672,1786529002.397672,8.939910,989,-58.409880,1,-2.1966,-1084,-0.0769,28,0,No fault,1,10.9394,-1102,-0.0330,27,0,No fault,-13.1360,-0.0440
2026-08-12T12:03:22.406743,1786529002.406743,8.948992,990,-58.294038,1,-2.9835,-1190,-0.0623,28,0,No fault,1,9.6936,-1031,-0.0769,27,0,No fault,-12.6770,0.0147
2026-08-12T12:03:22.415716,1786529002.415716,8.957977,991,-58.128640,1,-4.1419,-926,-0.0476,28,0,No fault,1,9.0378,-1049,-0.0769,27,0,No fault,-13.1797,0.0293
2026-08-12T12:03:22.422487,1786529002.422487,8.964782,992,-57.957743,1,-4.6446,-890,-0.1209,28,0,No fault,1,8.8630,-873,-0.1209,27,0,No fault,-13.5076,0.0000
2026-08-12T12:03:22.430972,1786529002.430972,8.973249,993,-57.820806,1,-5.3003,-1014,-0.0842,28,0,No fault,1,8.1199,-1278,-0.0549,27,0,No fault,-13.4202,-0.0293
2026-08-12T12:03:22.438085,1786529002.438085,8.980394,994,-57.648264,1,-5.6937,-1296,-0.0769,28,0,No fault,1,7.9450,-696,-0.0549,27,0,No fault,-13.6387,-0.0220
2026-08-12T12:03:22.452050,1786529002.452050,8.994376,995,-57.492603,1,-6.4806,-978,-0.1062,28,0,No fault,1,6.7210,-1331,-0.0696,27,0,No fault,-13.2016,-0.0366
2026-08-12T12:03:22.459647,1786529002.459647,9.001958,996,-57.183153,1,-7.5953,-1155,-0.0549,28,0,No fault,1,6.3276,-1084,-0.0549,27,0,No fault,-13.9229,0.0000
2026-08-12T12:03:22.467315,1786529002.467315,9.009572,997,-57.007760,1,-8.3166,-996,-0.0623,28,0,No fault,1,5.5626,-926,-0.0989,27,0,No fault,-13.8792,0.0366
2026-08-12T12:03:22.474359,1786529002.474359,9.016627,998,-56.830101,1,-9.1034,-1102,-0.0476,28,0,No fault,1,4.9725,-1049,-0.0842,27,0,No fault,-14.0759,0.0366
2026-08-12T12:03:22.482699,1786529002.482699,9.024950,999,-56.656911,1,-9.8466,-820,-0.1136,28,0,No fault,1,4.3823,-1084,-0.1062,27,0,No fault,-14.2289,-0.0073
2026-08-12T12:03:22.489607,1786529002.489607,9.031869,1000,-56.448765,1,-10.2181,-1014,-0.1502,28,0,No fault,1,3.8140,-1031,-0.0696,27,0,No fault,-14.0322,-0.0806
2026-08-12T12:03:22.498440,1786529002.498440,9.040695,1001,-56.266305,1,-10.9613,-1031,-0.0696,28,0,No fault,1,3.1802,-1172,-0.0549,27,0,No fault,-14.1414,-0.0147
2026-08-12T12:03:22.505071,1786529002.505071,9.047318,1002,-56.034848,1,-11.4640,-926,-0.0549,28,0,No fault,1,2.6119,-1261,-0.0549,27,0,No fault,-14.0759,0.0000
2026-08-12T12:03:22.514034,1786529002.514034,9.056291,1003,-55.854869,1,-12.1197,-1137,-0.0696,28,0,No fault,1,1.9781,-1366,-0.0696,27,0,No fault,-14.0977,0.0000
2026-08-12T12:03:22.520605,1786529002.520605,9.062846,1004,-55.604125,1,-12.6224,-1454,-0.0916,28,0,No fault,1,1.4098,-1313,-0.0623,27,0,No fault,-14.0322,-0.0293
2026-08-12T12:03:22.529342,1786529002.529342,9.071605,1005,-55.417810,1,-13.2562,-943,-0.0696,28,0,No fault,1,0.8196,-714,-0.1209,27,0,No fault,-14.0759,0.0513
2026-08-12T12:03:22.535962,1786529002.535962,9.078203,1006,-55.158025,1,-13.7808,-1172,-0.0769,28,0,No fault,1,0.2514,-926,-0.1136,27,0,No fault,-14.0322,0.0366
2026-08-12T12:03:22.544683,1786529002.544683,9.086924,1007,-54.963488,1,-14.0212,-679,-0.1136,28,0,No fault,1,-0.3825,-1349,-0.0989,27,0,No fault,-13.6387,-0.0147
2026-08-12T12:03:22.560168,1786529002.560168,9.102415,1008,-54.695619,1,-14.8736,-1031,-0.1282,28,0,No fault,1,-1.5409,-714,-0.0769,27,0,No fault,-13.3327,-0.0513
2026-08-12T12:03:22.576321,1786529002.576321,9.118569,1009,-54.205308,1,-15.4638,-855,-0.0769,28,0,No fault,1,-2.3496,-943,-0.0623,27,0,No fault,-13.1142,-0.0147
2026-08-12T12:03:22.583860,1786529002.583860,9.126112,1010,-53.672088,1,-16.6003,-1084,-0.0623,28,0,No fault,1,-2.7430,-1049,-0.0842,27,0,No fault,-13.8573,0.0220
2026-08-12T12:03:22.591889,1786529002.591889,9.134132,1011,-53.407641,1,-17.0812,-1155,-0.0916,28,0,No fault,1,-3.5080,-1049,-0.0330,27,0,No fault,-13.5732,-0.0586
2026-08-12T12:03:22.602091,1786529002.602091,9.144335,1012,-53.137246,1,-17.7369,-1243,-0.0769,28,0,No fault,1,-4.2512,-855,-0.0842,27,0,No fault,-13.4857,0.0073
2026-08-12T12:03:22.612305,1786529002.612305,9.154551,1013,-52.770736,1,-19.0702,-961,-0.0696,28,0,No fault,1,-5.4970,-943,-0.0696,27,0,No fault,-13.5732,0.0000
2026-08-12T12:03:22.618829,1786529002.618829,9.161080,1014,-52.405663,1,-19.5947,-908,-0.0916,28,0,No fault,1,-5.8467,-873,-0.1502,27,0,No fault,-13.7480,0.0586
2026-08-12T12:03:22.627763,1786529002.627763,9.170006,1015,-52.161805,1,-19.8570,-1119,-0.0256,27,0,No fault,1,-6.4806,-820,-0.0623,27,0,No fault,-13.3764,0.0366
2026-08-12T12:03:22.634449,1786529002.634449,9.176699,1016,-51.826387,1,-20.9936,-1014,-0.0696,28,0,No fault,1,-6.8740,-1172,-0.0769,27,0,No fault,-14.1196,0.0073
2026-08-12T12:03:22.643047,1786529002.643047,9.185287,1017,-51.571033,1,-21.4744,-961,-0.0623,28,0,No fault,1,-7.8357,-1119,-0.0916,27,0,No fault,-13.6387,0.0293
2026-08-12T12:03:22.649334,1786529002.649334,9.191571,1018,-51.238006,1,-22.1083,-661,-0.0476,28,0,No fault,1,-8.0106,-1155,-0.1062,27,0,No fault,-14.0977,0.0586
2026-08-12T12:03:22.658380,1786529002.658380,9.200623,1019,-50.987436,1,-22.8077,-926,-0.1575,28,0,No fault,1,-8.7537,-926,-0.0769,27,0,No fault,-14.0540,-0.0806
2026-08-12T12:03:22.664743,1786529002.664743,9.206988,1020,-50.626722,1,-23.1574,-1102,-0.1136,28,0,No fault,1,-9.3220,-1067,-0.0696,27,0,No fault,-13.8354,-0.0440
2026-08-12T12:03:22.673964,1786529002.673964,9.216213,1021,-50.354888,1,-24.2503,-1137,-0.0476,28,0,No fault,1,-9.8903,-943,-0.0769,27,0,No fault,-14.3600,0.0293
2026-08-12T12:03:22.680505,1786529002.680505,9.222748,1022,-49.984727,1,-24.7748,-837,-0.0476,28,0,No fault,1,-10.2837,-1225,-0.0623,27,0,No fault,-14.4912,0.0147
2026-08-12T12:03:22.689270,1786529002.689270,9.231522,1023,-49.706391,1,-25.2775,-926,-0.0916,28,0,No fault,1,-11.0487,-1225,-0.0403,27,0,No fault,-14.2289,-0.0513
2026-08-12T12:03:22.696124,1786529002.696124,9.238374,1024,-49.336043,1,-25.9988,-1119,-0.0549,28,0,No fault,1,-11.4203,-837,-0.0696,27,0,No fault,-14.5786,0.0147
2026-08-12T12:03:22.704416,1786529002.704416,9.246648,1025,-48.980797,1,-26.3485,-749,-0.0476,28,0,No fault,1,-12.2071,-1049,-0.0769,27,0,No fault,-14.1414,0.0293
2026-08-12T12:03:22.710285,1786529002.710285,9.252523,1026,-48.682531,1,-26.8512,-1137,-0.1282,28,0,No fault,1,-12.5787,-1102,-0.0842,27,0,No fault,-14.2726,-0.0440
2026-08-12T12:03:22.716724,1786529002.716724,9.258968,1027,-48.420723,1,-27.3540,-908,-0.1282,28,0,No fault,1,-13.1251,-1137,-0.1209,27,0,No fault,-14.2289,-0.0073
2026-08-12T12:03:22.725374,1786529002.725374,9.267629,1028,-48.131844,1,-27.8348,-1049,-0.0989,28,0,No fault,1,-13.7371,-1014,-0.0769,27,0,No fault,-14.0977,-0.0220
2026-08-12T12:03:22.735564,1786529002.735564,9.277811,1029,-47.729507,1,-28.3812,-890,-0.0476,28,0,No fault,1,-14.5021,-1525,-0.1062,27,0,No fault,-13.8792,0.0586
2026-08-12T12:03:22.742268,1786529002.742268,9.284521,1030,-47.267162,1,-29.0807,-1049,-0.0769,28,0,No fault,1,-14.8736,-1102,-0.0403,27,0,No fault,-14.2070,-0.0366
2026-08-12T12:03:22.761338,1786529002.761338,9.303591,1031,-46.950496,1,-29.8675,-908,-0.0842,28,0,No fault,1,-16.5348,-996,-0.0842,27,0,No fault,-13.3327,0.0000
2026-08-12T12:03:22.781246,1786529002.781246,9.323503,1032,-46.045189,1,-30.8729,-943,-0.1062,28,0,No fault,1,-17.1249,-908,-0.0916,27,0,No fault,-13.7480,-0.0147
2026-08-12T12:03:22.788910,1786529002.788910,9.331157,1033,-45.065213,1,-31.8346,-996,-0.1062,28,0,No fault,1,-17.8899,-1067,-0.1209,27,0,No fault,-13.9447,0.0147
2026-08-12T12:03:22.797014,1786529002.797014,9.339281,1034,-44.686453,1,-32.8182,-926,-0.0256,28,0,No fault,1,-18.6549,-1331,-0.0476,27,0,No fault,-14.1633,0.0220
2026-08-12T12:03:22.807084,1786529002.807084,9.349320,1035,-44.273498,1,-33.2553,-573,-0.0842,28,0,No fault,1,-19.8570,-1119,-0.0256,27,0,No fault,-13.3983,-0.0586
2026-08-12T12:03:22.813521,1786529002.813521,9.355771,1036,-43.762957,1,-34.0203,-802,-0.1429,28,0,No fault,1,-20.0100,-873,-0.0330,27,0,No fault,-14.0103,-0.1099
2026-08-12T12:03:22.822387,1786529002.822387,9.364628,1037,-43.422739,1,-34.5012,-855,-0.0403,27,0,No fault,1,-20.7532,-978,-0.0403,27,0,No fault,-13.7480,0.0000
2026-08-12T12:03:22.828539,1786529002.828539,9.370786,1038,-42.964675,1,-34.9602,-573,-0.0916,27,0,No fault,1,-20.9280,-1014,-0.0842,27,0,No fault,-14.0322,-0.0073
2026-08-12T12:03:22.837783,1786529002.837783,9.380035,1039,-42.636570,1,-35.7689,-978,-0.1502,28,0,No fault,1,-21.8460,-749,-0.0696,27,0,No fault,-13.9229,-0.0806
2026-08-12T12:03:22.844377,1786529002.844377,9.386617,1040,-42.141923,1,-36.2279,-1172,-0.0989,28,0,No fault,1,-22.0209,-785,-0.0549,27,0,No fault,-14.2070,-0.0440
2026-08-12T12:03:22.853073,1786529002.853073,9.395323,1041,-41.788717,1,-36.6869,-820,-0.0769,28,0,No fault,1,-22.7640,-1119,-0.0989,27,0,No fault,-13.9229,0.0220
2026-08-12T12:03:22.859847,1786529002.859847,9.402085,1042,-41.315119,1,-36.8617,-890,-0.0549,28,0,No fault,1,-23.1356,-785,-0.0110,27,0,No fault,-13.7262,-0.0440
2026-08-12T12:03:22.868341,1786529002.868341,9.410582,1043,-40.943916,1,-37.6049,-714,-0.1062,28,0,No fault,1,-24.0536,-1014,-0.0549,27,0,No fault,-13.5513,-0.0513
2026-08-12T12:03:22.874728,1786529002.874728,9.416978,1044,-40.476640,1,-37.7797,-978,-0.0989,28,0,No fault,1,-24.2284,-1119,-0.0330,27,0,No fault,-13.5513,-0.0659
2026-08-12T12:03:22.883983,1786529002.883983,9.426230,1045,-40.114046,1,-38.0639,-661,-0.0549,28,0,No fault,1,-25.1027,-591,-0.0549,27,0,No fault,-12.9612,0.0000
2026-08-12T12:03:22.890543,1786529002.890543,9.432785,1046,-39.596617,1,-38.6977,-943,-0.0476,28,0,No fault,1,-25.2994,-1261,-0.0842,27,0,No fault,-13.3983,0.0366
2026-08-12T12:03:22.899250,1786529002.899250,9.441488,1047,-39.226082,1,-39.0037,-749,-0.0476,28,0,No fault,1,-25.9770,-1031,-0.0696,27,0,No fault,-13.0267,0.0220
2026-08-12T12:03:22.905569,1786529002.905569,9.447814,1048,-38.728737,1,-39.4190,-397,-0.0916,28,0,No fault,1,-26.3267,-1102,-0.0696,27,0,No fault,-13.0923,-0.0220
2026-08-12T12:03:22.914596,1786529002.914596,9.456834,1049,-38.352598,1,-39.8780,-837,-0.1209,28,0,No fault,1,-27.0042,-873,-0.0549,27,0,No fault,-12.8737,-0.0659
2026-08-12T12:03:22.920940,1786529002.920940,9.463195,1050,-37.836646,1,-40.1403,-608,-0.1282,28,0,No fault,1,-27.3758,-1014,-0.0110,27,0,No fault,-12.7645,-0.1172
2026-08-12T12:03:22.930325,1786529002.930325,9.472573,1051,-37.417688,1,-40.8178,-749,-0.0769,28,0,No fault,1,-28.0534,-1119,-0.0989,27,0,No fault,-12.7645,0.0220
2026-08-12T12:03:22.936974,1786529002.936974,9.479215,1052,-36.905747,1,-41.2768,-908,-0.0330,28,0,No fault,1,-28.4031,-926,-0.0476,27,0,No fault,-12.8737,0.0147
2026-08-12T12:03:22.945587,1786529002.945587,9.487829,1053,-36.509821,1,-41.6703,-679,-0.0476,28,0,No fault,1,-29.0588,-837,-0.1136,27,0,No fault,-12.6115,0.0659
2026-08-12T12:03:22.952230,1786529002.952230,9.494472,1054,-35.992487,1,-41.8233,-661,-0.0549,28,0,No fault,1,-29.3867,-855,-0.1136,27,0,No fault,-12.4366,0.0586
2026-08-12T12:03:22.972197,1786529002.972197,9.514469,1055,-35.589612,1,-42.1074,-767,-0.0623,28,0,No fault,1,-30.3702,-943,-0.1136,27,0,No fault,-11.7372,0.0513
2026-08-12T12:03:22.989124,1786529002.989124,9.531387,1056,-34.358472,1,-43.2877,-591,-0.0696,28,0,No fault,1,-31.3756,-1155,-0.0842,27,0,No fault,-11.9120,0.0147
2026-08-12T12:03:22.997324,1786529002.997324,9.539593,1057,-33.296958,1,-44.3587,-679,-0.0916,28,0,No fault,1,-32.0313,-1084,-0.0842,27,0,No fault,-12.3273,-0.0073
2026-08-12T12:03:23.007841,1786529003.007841,9.550095,1058,-32.788734,1,-44.4898,-361,-0.0989,28,0,No fault,1,-32.6871,-820,-0.0476,27,0,No fault,-11.8027,-0.0513
2026-08-12T12:03:23.015550,1786529003.015550,9.557796,1059,-32.130622,1,-44.9488,-926,-0.0989,28,0,No fault,1,-33.4958,-555,-0.0916,27,0,No fault,-11.4530,-0.0073
2026-08-12T12:03:23.023250,1786529003.023250,9.565490,1060,-31.636943,1,-45.4296,-573,-0.0623,28,0,No fault,1,-33.7580,-961,-0.0989,27,0,No fault,-11.6716,0.0366
2026-08-12T12:03:23.030966,1786529003.030966,9.573204,1061,-31.139533,1,-45.6919,-873,-0.0476,28,0,No fault,1,-33.9985,-626,-0.2454,27,0,No fault,-11.6935,0.1978
2026-08-12T12:03:23.038680,1786529003.038680,9.580925,1062,-30.647396,1,-46.2602,-432,-0.0549,28,0,No fault,1,-34.6542,-996,-0.0842,27,0,No fault,-11.6060,0.0293
2026-08-12T12:03:23.046097,1786529003.046097,9.588346,1063,-30.134104,1,-46.6755,-643,-0.0403,28,0,No fault,1,-34.9602,-573,-0.0916,27,0,No fault,-11.7153,0.0513
2026-08-12T12:03:23.054159,1786529003.054159,9.596404,1064,-29.651369,1,-47.1782,-749,-0.0769,28,0,No fault,1,-35.6815,-820,-0.0476,27,0,No fault,-11.4967,-0.0293
2026-08-12T12:03:23.061373,1786529003.061373,9.603621,1065,-29.130742,1,-47.4186,-661,-0.0842,28,0,No fault,1,-35.9219,-996,-0.0476,27,0,No fault,-11.4967,-0.0366
2026-08-12T12:03:23.069626,1786529003.069626,9.611868,1066,-28.650163,1,-47.9869,-820,-0.0989,28,0,No fault,1,-36.6213,-679,-0.0916,27,0,No fault,-11.3656,-0.0073
2026-08-12T12:03:23.076689,1786529003.076689,9.618928,1067,-28.106311,1,-48.0962,-432,-0.0989,28,0,No fault,1,-36.8617,-855,-0.0989,27,0,No fault,-11.2345,0.0000
2026-08-12T12:03:23.085190,1786529003.085190,9.627441,1068,-27.636322,1,-48.6426,-696,-0.0989,28,0,No fault,1,-37.5393,-1049,-0.1648,27,0,No fault,-11.1033,0.0659
2026-08-12T12:03:23.092066,1786529003.092066,9.634302,1069,-27.057546,1,-48.9923,-538,-0.0916,28,0,No fault,1,-37.9109,-873,-0.0916,27,0,No fault,-11.0815,0.0000
2026-08-12T12:03:23.100800,1786529003.100800,9.643049,1070,-26.601475,1,-49.2983,-520,-0.0696,28,0,No fault,1,-38.5010,-696,-0.0989,27,0,No fault,-10.7973,0.0293
2026-08-12T12:03:23.107498,1786529003.107498,9.649746,1071,-25.997340,1,-49.4732,-608,-0.0696,27,0,No fault,1,-38.6540,-855,-0.0769,27,0,No fault,-10.8192,0.0073
2026-08-12T12:03:23.116192,1786529003.116192,9.658436,1072,-25.553024,1,-49.9540,-432,-0.0769,28,0,No fault,1,-39.3316,-837,-0.0916,27,0,No fault,-10.6225,0.0147
2026-08-12T12:03:23.122787,1786529003.122787,9.665080,1073,-24.958338,1,-50.0633,-573,-0.0403,28,0,No fault,1,-39.5501,-1137,-0.1136,27,0,No fault,-10.5132,0.0733
2026-08-12T12:03:23.131659,1786529003.131659,9.673916,1074,-24.498165,1,-50.5660,-591,-0.0989,28,0,No fault,1,-40.1184,-626,-0.0989,27,0,No fault,-10.4476,0.0000
2026-08-12T12:03:23.138636,1786529003.138636,9.680919,1075,-23.890957,1,-50.6753,-450,-0.0696,28,0,No fault,1,-40.4026,-820,-0.0696,27,0,No fault,-10.2728,0.0000
2026-08-12T12:03:23.147670,1786529003.147670,9.689972,1076,-23.399904,1,-51.1780,-802,-0.0549,28,0,No fault,1,-40.9708,-996,-0.0842,27,0,No fault,-10.2072,0.0293
2026-08-12T12:03:23.154960,1786529003.154960,9.697243,1077,-22.765481,1,-51.2873,-485,-0.0549,28,0,No fault,1,-41.2331,-591,-0.0696,27,0,No fault,-10.0542,0.0147
2026-08-12T12:03:23.175167,1786529003.175167,9.717428,1078,-22.248589,1,-51.7900,-379,-0.0403,28,0,No fault,1,-42.4134,-555,-0.0989,27,0,No fault,-9.3766,0.0586
2026-08-12T12:03:23.194708,1786529003.194708,9.736979,1079,-20.841015,1,-52.3364,-555,-0.1209,28,0,No fault,1,-42.8505,-591,-0.1136,27,0,No fault,-9.4859,-0.0073
2026-08-12T12:03:23.202398,1786529003.202398,9.744653,1080,-19.442791,1,-52.9921,-9,-0.0916,28,0,No fault,1,-43.4188,-626,-0.0769,27,0,No fault,-9.5733,-0.0147
2026-08-12T12:03:23.211680,1786529003.211680,9.753928,1081,-18.899458,1,-53.2326,-326,-0.0842,28,0,No fault,1,-43.9434,-502,-0.0549,27,0,No fault,-9.2892,-0.0293
2026-08-12T12:03:23.218049,1786529003.218049,9.760300,1082,-18.244407,1,-53.4074,-432,-0.0916,28,0,No fault,1,-44.7302,-732,-0.0110,27,0,No fault,-8.6772,-0.0806
2026-08-12T12:03:23.227231,1786529003.227231,9.769481,1083,-17.783151,1,-53.5823,-538,-0.0769,27,0,No fault,1,-44.9269,-626,-0.2234,27,0,No fault,-8.6553,0.1465
2026-08-12T12:03:23.233735,1786529003.233735,9.776004,1084,-17.120254,1,-53.9101,-450,-0.0696,28,0,No fault,1,-45.2548,-978,-0.0696,27,0,No fault,-8.6553,0.0000
2026-08-12T12:03:23.243649,1786529003.243649,9.785899,1085,-16.640716,1,-54.0631,-591,-0.1062,27,0,No fault,1,-45.6701,-749,-0.0842,27,0,No fault,-8.3931,-0.0220
2026-08-12T12:03:23.250347,1786529003.250347,9.792610,1086,-15.926527,1,-54.2161,-361,-0.0476,28,0,No fault,1,-45.9542,-643,-0.0916,27,0,No fault,-8.2619,0.0440
2026-08-12T12:03:23.259354,1786529003.259354,9.801600,1087,-15.430876,1,-54.5658,-238,-0.1136,28,0,No fault,1,-46.5444,-643,-0.0769,27,0,No fault,-8.0215,-0.0366
2026-08-12T12:03:23.266039,1786529003.266039,9.808301,1088,-14.774522,1,-54.6751,-309,-0.1062,28,0,No fault,1,-46.6536,-538,-0.0916,27,0,No fault,-8.0215,-0.0147
2026-08-12T12:03:23.275727,1786529003.275727,9.817968,1089,-14.282067,1,-55.0248,-291,-0.0769,28,0,No fault,1,-47.1126,-767,-0.1062,27,0,No fault,-7.9122,0.0293
2026-08-12T12:03:23.284538,1786529003.284538,9.826790,1090,-13.588844,1,-55.2653,-450,-0.0549,28,0,No fault,1,-47.6372,-732,-0.1355,27,0,No fault,-7.6281,0.0806
2026-08-12T12:03:23.291279,1786529003.291279,9.833516,1091,-12.930948,1,-55.4401,-220,-0.0696,28,0,No fault,1,-47.8995,-679,-0.1282,27,0,No fault,-7.5406,0.0586
2026-08-12T12:03:23.297696,1786529003.297696,9.839934,1092,-12.447835,1,-55.5276,-256,-0.0769,28,0,No fault,1,-48.0743,-502,-0.0842,27,0,No fault,-7.4532,0.0073
2026-08-12T12:03:23.306730,1786529003.306730,9.848980,1093,-11.956920,1,-55.8554,-203,-0.0183,28,0,No fault,1,-48.5989,-379,-0.0696,27,0,No fault,-7.2565,0.0513
2026-08-12T12:03:23.315908,1786529003.315908,9.858161,1094,-11.301032,1,-55.9647,-379,-0.0549,28,0,No fault,1,-48.9923,-573,-0.0769,27,0,No fault,-6.9724,0.0220
2026-08-12T12:03:23.322596,1786529003.322596,9.864848,1095,-10.619249,1,-56.2707,-450,-0.0842,28,0,No fault,1,-49.2546,-626,-0.1136,27,0,No fault,-7.0161,0.0293
2026-08-12T12:03:23.331247,1786529003.331247,9.873492,1096,-10.123790,1,-56.4018,-273,-0.0696,28,0,No fault,1,-49.6699,-414,-0.0403,27,0,No fault,-6.7319,-0.0293
2026-08-12T12:03:23.337747,1786529003.337747,9.880002,1097,-9.484460,1,-56.4674,-555,-0.0989,28,0,No fault,1,-49.9103,-450,-0.1502,27,0,No fault,-6.5571,0.0513
2026-08-12T12:03:23.346926,1786529003.346926,9.889181,1098,-8.990044,1,-56.6204,-538,-0.0916,28,0,No fault,1,-50.3037,-643,-0.0916,27,0,No fault,-6.3167,0.0000
2026-08-12T12:03:23.353504,1786529003.353504,9.895757,1099,-8.311378,1,-56.8171,-326,-0.0916,28,0,No fault,1,-50.5442,-432,-0.1136,27,0,No fault,-6.2729,0.0220
2026-08-12T12:03:23.362160,1786529003.362160,9.904403,1100,-7.820007,1,-56.9045,-185,-0.1062,28,0,No fault,1,-50.8939,-573,-0.0916,27,0,No fault,-6.0107,-0.0147
2026-08-12T12:03:23.377606,1786529003.377606,9.919853,1101,-7.169511,1,-57.1013,-167,-0.1062,28,0,No fault,1,-51.4403,-379,-0.0989,27,0,No fault,-5.6609,-0.0073
2026-08-12T12:03:23.395998,1786529003.395998,9.938261,1102,-6.016980,1,-57.2761,-79,-0.0916,28,0,No fault,1,-51.8556,-873,-0.0769,27,0,No fault,-5.4205,-0.0147
2026-08-12T12:03:23.403601,1786529003.403601,9.945864,1103,-4.633166,1,-57.5384,-97,-0.0696,28,0,No fault,1,-52.0304,-309,-0.0769,27,0,No fault,-5.5079,0.0073
2026-08-12T12:03:23.411718,1786529003.411718,9.953978,1104,-4.036643,1,-57.8225,-167,-0.0842,28,0,No fault,1,-52.4020,-679,-0.1209,27,0,No fault,-5.4205,0.0366
2026-08-12T12:03:23.422120,1786529003.422120,9.964387,1105,-3.440262,1,-57.9318,-79,-0.0623,28,0,No fault,1,-53.0140,-97,-0.0403,27,0,No fault,-4.9178,-0.0220
2026-08-12T12:03:23.432582,1786529003.432582,9.974836,1106,-2.665021,1,-58.0411,-132,-0.0769,28,0,No fault,1,-53.3200,-643,-0.0769,27,0,No fault,-4.7211,0.0000
2026-08-12T12:03:23.442831,1786529003.442831,9.985077,1107,-1.879753,1,-58.2160,26,-0.0403,28,0,No fault,1,-53.5823,-538,-0.0769,27,0,No fault,-4.6337,0.0366
2026-08-12T12:03:23.453014,1786529003.453014,9.995261,1108,-1.110179,1,-58.3690,-397,-0.0330,28,0,No fault,1,-53.9101,-608,-0.0696,27,0,No fault,-4.4588,0.0366
2026-08-12T12:03:23.463250,1786529003.463250,10.005500,1109,-0.342190,1,-58.4782,-256,-0.0623,28,0,No fault,1,-54.1506,-432,-0.1209,27,0,No fault,-4.3277,0.0586
2026-08-12T12:03:23.473611,1786529003.473611,10.015856,1110,0.430670,1,-58.6312,-79,-0.0623,28,0,No fault,1,-54.5440,-502,-0.0623,27,0,No fault,-4.0872,0.0000
2026-08-12T12:03:23.481475,1786529003.481475,10.023720,1111,1.221151,1,-58.6968,-185,-0.0769,28,0,No fault,1,-54.6096,-485,-0.0769,27,0,No fault,-4.0872,0.0000
2026-08-12T12:03:23.489089,1786529003.489089,10.031333,1112,1.803306,1,-58.7842,-44,-0.1062,28,0,No fault,1,-54.8937,-714,-0.1429,27,0,No fault,-3.8905,0.0366
2026-08-12T12:03:23.496726,1786529003.496726,10.038971,1113,2.389889,1,-58.8061,62,-0.0916,28,0,No fault,1,-55.0248,-326,-0.0842,27,0,No fault,-3.7813,-0.0073
2026-08-12T12:03:23.504359,1786529003.504359,10.046600,1114,2.963023,1,-58.9154,-203,-0.0842,28,0,No fault,1,-55.3090,-273,-0.1062,27,0,No fault,-3.6064,0.0220
2026-08-12T12:03:23.512040,1786529003.512040,10.054280,1115,3.526019,1,-58.9372,-26,-0.0696,28,0,No fault,1,-55.4620,-608,-0.0989,27,0,No fault,-3.4753,0.0293
2026-08-12T12:03:23.519756,1786529003.519756,10.062004,1116,4.104055,1,-59.0028,-26,-0.0769,28,0,No fault,1,-55.7024,-220,-0.0989,27,0,No fault,-3.3004,0.0220
2026-08-12T12:03:23.527529,1786529003.527529,10.069770,1117,4.686253,1,-59.0247,-44,-0.0623,28,0,No fault,1,-55.8336,-344,-0.0696,27,0,No fault,-3.1911,0.0073
2026-08-12T12:03:23.535223,1786529003.535223,10.077465,1118,5.267735,1,-59.0902,-115,-0.0623,28,0,No fault,1,-56.0958,-326,-0.0842,27,0,No fault,-2.9944,0.0220
2026-08-12T12:03:23.542623,1786529003.542623,10.084866,1119,5.845086,1,-59.1121,-150,-0.0476,28,0,No fault,1,-56.2051,-238,-0.1136,27,0,No fault,-2.9070,0.0659
2026-08-12T12:03:23.550844,1786529003.550844,10.093088,1120,6.414363,1,-59.1558,-115,-0.0549,28,0,No fault,1,-56.5111,-414,-0.0623,27,0,No fault,-2.6447,0.0073
2026-08-12T12:03:23.557908,1786529003.557908,10.100173,1121,7.025251,1,-59.1558,-26,-0.0549,28,0,No fault,1,-56.5548,-150,-0.0916,27,0,No fault,-2.6010,0.0366
2026-08-12T12:03:23.566194,1786529003.566194,10.108434,1122,7.554844,1,-59.1777,150,-0.0549,28,0,No fault,1,-56.7734,-132,-0.0842,27,0,No fault,-2.4043,0.0293
2026-08-12T12:03:23.592206,1786529003.592206,10.134506,1123,8.162821,1,-59.1995,44,-0.0549,28,0,No fault,1,-57.1231,-432,-0.0549,27,0,No fault,-2.0764,0.0000
2026-08-12T12:03:23.605603,1786529003.605603,10.147898,1124,10.121209,1,-59.2214,-150,-0.0403,28,0,No fault,1,-57.4072,-485,-0.0696,27,0,No fault,-1.8141,0.0293
2026-08-12T12:03:23.614700,1786529003.614700,10.156965,1125,11.115540,1,-59.1995,-62,-0.0330,28,0,No fault,1,-57.5821,-361,-0.0916,27,0,No fault,-1.6174,0.0586
2026-08-12T12:03:23.621620,1786529003.621620,10.163872,1126,11.777378,1,-59.1995,79,-0.0256,28,0,No fault,1,-57.6695,-450,-0.0769,27,0,No fault,-1.5300,0.0513
2026-08-12T12:03:23.630671,1786529003.630671,10.172938,1127,12.283480,1,-59.1995,-132,-0.0037,28,0,No fault,1,-57.9100,-97,-0.0696,27,0,No fault,-1.2896,0.0659
2026-08-12T12:03:23.637531,1786529003.637531,10.179777,1128,12.955398,1,-59.1777,-9,-0.0183,28,0,No fault,1,-57.9537,-203,-0.0769,27,0,No fault,-1.2240,0.0586
2026-08-12T12:03:23.645628,1786529003.645628,10.187892,1129,13.461145,1,-59.1558,326,0.0330,28,0,No fault,1,-58.0630,-150,-0.0696,27,0,No fault,-1.0928,0.1026
2026-08-12T12:03:23.652469,1786529003.652469,10.194712,1130,14.054793,1,-59.1558,-150,0.0696,28,0,No fault,1,-58.1285,-79,-0.0769,27,0,No fault,-1.0273,0.1465
2026-08-12T12:03:23.661014,1786529003.661014,10.203255,1131,14.554365,1,-59.1121,9,0.0476,28,0,No fault,1,-58.2597,-26,-0.0916,27,0,No fault,-0.8524,0.1392
2026-08-12T12:03:23.667920,1786529003.667920,10.210182,1132,15.172748,1,-59.0902,9,0.0916,28,0,No fault,1,-58.3252,-238,-0.0842,27,0,No fault,-0.7650,0.1758
2026-08-12T12:03:23.676610,1786529003.676610,10.218855,1133,15.679896,1,-59.0465,220,0.0769,28,0,No fault,1,-58.4345,9,-0.0916,27,0,No fault,-0.6120,0.1685
2026-08-12T12:03:23.683563,1786529003.683563,10.225825,1134,16.308704,1,-58.9809,291,0.0842,28,0,No fault,1,-58.5220,-538,-0.0989,27,0,No fault,-0.4590,0.1832
2026-08-12T12:03:23.692595,1786529003.692595,10.234848,1135,16.816989,1,-58.9591,220,0.1062,28,0,No fault,1,-58.5875,-62,-0.1136,27,0,No fault,-0.3716,0.2198
2026-08-12T12:03:23.699314,1786529003.699314,10.241578,1136,17.468036,1,-58.9372,-167,0.0696,28,0,No fault,1,-58.6531,-44,-0.1062,27,0,No fault,-0.2841,0.1758
2026-08-12T12:03:23.708101,1786529003.708101,10.250340,1137,17.953056,1,-58.8280,167,0.0842,28,0,No fault,1,-58.7187,326,-0.0916,27,0,No fault,-0.1093,0.1758
2026-08-12T12:03:23.714676,1786529003.714676,10.256914,1138,18.582310,1,-58.8061,-167,0.0842,28,0,No fault,1,-58.7624,185,-0.0696,27,0,No fault,-0.0437,0.1538
2026-08-12T12:03:23.721282,1786529003.721282,10.263530,1139,19.051257,1,-58.7187,132,0.0696,28,0,No fault,1,-58.8498,9,-0.0842,27,0,No fault,0.1311,0.1538
2026-08-12T12:03:23.730996,1786529003.730996,10.273248,1140,19.546503,1,-58.6094,150,0.0623,28,0,No fault,1,-58.8717,-132,-0.1136,27,0,No fault,0.2623,0.1758
2026-08-12T12:03:23.739391,1786529003.739391,10.281632,1141,20.224119,1,-58.5001,520,0.0916,28,0,No fault,1,-58.9372,-326,-0.1209,27,0,No fault,0.4371,0.2125
2026-08-12T12:03:23.745739,1786529003.745739,10.287991,1142,20.806657,1,-58.4345,344,0.0842,28,0,No fault,1,-58.9809,-238,-0.1209,27,0,No fault,0.5464,0.2051
2026-08-12T12:03:23.754448,1786529003.754448,10.296691,1143,21.261337,1,-58.3034,326,0.0842,28,0,No fault,1,-59.0028,-26,-0.1209,27,0,No fault,0.6994,0.2051
2026-08-12T12:03:23.760919,1786529003.760919,10.303154,1144,21.868686,1,-58.2160,256,0.0916,28,0,No fault,1,-59.0247,-185,-0.1282,27,0,No fault,0.8087,0.2198
2026-08-12T12:03:23.767427,1786529003.767427,10.309747,1145,22.319821,1,-58.1285,185,0.0842,28,0,No fault,1,-59.0247,-26,-0.0916,27,0,No fault,0.8961,0.1758
2026-08-12T12:03:23.786149,1786529003.786149,10.328415,1146,22.788798,1,-57.9755,256,0.0769,28,0,No fault,1,-59.0684,-62,-0.1136,27,0,No fault,1.0928,0.1905
2026-08-12T12:03:23.804661,1786529003.804661,10.346919,1147,24.081903,1,-57.6914,220,0.0696,28,0,No fault,1,-59.0684,-44,-0.0916,27,0,No fault,1.3770,0.1612
2026-08-12T12:03:23.814822,1786529003.814822,10.357086,1148,25.353122,1,-56.9920,591,0.0696,28,0,No fault,1,-59.0684,-132,-0.1062,27,0,No fault,2.0764,0.1758
2026-08-12T12:03:23.825112,1786529003.825112,10.367369,1149,26.047152,1,-56.8608,450,0.0330,28,0,No fault,1,-59.0465,79,-0.0623,27,0,No fault,2.1857,0.0952
2026-08-12T12:03:23.835268,1786529003.835268,10.377514,1150,26.742688,1,-56.6423,309,0.0696,28,0,No fault,1,-59.0465,-79,-0.0769,27,0,No fault,2.4043,0.1465
2026-08-12T12:03:23.845791,1786529003.845791,10.388033,1151,27.427782,1,-56.4237,273,0.0842,28,0,No fault,1,-59.0465,44,-0.0549,27,0,No fault,2.6228,0.1392
2026-08-12T12:03:23.853538,1786529003.853538,10.395786,1152,28.123967,1,-56.1614,326,0.0549,28,0,No fault,1,-59.0465,9,-0.0549,27,0,No fault,2.8851,0.1099
2026-08-12T12:03:23.861181,1786529003.861181,10.403420,1153,28.639443,1,-55.8554,150,0.1136,28,0,No fault,1,-59.0247,97,-0.0037,27,0,No fault,3.1693,0.1172
2026-08-12T12:03:23.868649,1786529003.868649,10.410895,1154,29.142547,1,-55.7680,538,0.1062,28,0,No fault,1,-59.0247,150,0.0037,27,0,No fault,3.2567,0.1026
2026-08-12T12:03:23.876688,1786529003.876688,10.418932,1155,29.639910,1,-55.4401,185,0.1062,28,0,No fault,1,-58.9809,9,-0.0110,27,0,No fault,3.5408,0.1172
2026-08-12T12:03:23.884129,1786529003.884129,10.426381,1156,30.161377,1,-55.3308,414,0.0989,28,0,No fault,1,-58.9591,132,0.0110,27,0,No fault,3.6283,0.0879
2026-08-12T12:03:23.892250,1786529003.892250,10.434495,1157,30.659621,1,-55.0030,414,0.1209,28,0,No fault,1,-58.9372,26,0.0403,27,0,No fault,3.9342,0.0806
2026-08-12T12:03:23.899436,1786529003.899436,10.441682,1158,31.170252,1,-55.0030,203,0.0769,27,0,No fault,1,-58.9154,-26,0.0330,27,0,No fault,3.9124,0.0440
2026-08-12T12:03:23.907618,1786529003.907618,10.449857,1159,31.633557,1,-54.7188,414,0.0769,28,0,No fault,1,-58.8498,-203,0.0110,27,0,No fault,4.1310,0.0659
2026-08-12T12:03:23.914663,1786529003.914663,10.456917,1160,32.152133,1,-54.5003,643,0.0916,28,0,No fault,1,-58.8061,238,0.0110,27,0,No fault,4.3058,0.0806
2026-08-12T12:03:23.922945,1786529003.922945,10.465192,1161,32.623677,1,-54.2380,573,0.0769,28,0,No fault,1,-58.7624,115,0.0549,27,0,No fault,4.5244,0.0220
2026-08-12T12:03:23.930285,1786529003.930285,10.472536,1162,33.122601,1,-54.2161,749,0.0842,27,0,No fault,1,-58.7187,97,0.0623,27,0,No fault,4.5025,0.0220
2026-08-12T12:03:23.938416,1786529003.938416,10.480675,1163,33.592748,1,-53.9101,326,0.0916,28,0,No fault,1,-58.6312,-44,0.0696,27,0,No fault,4.7211,0.0220
2026-08-12T12:03:23.945699,1786529003.945699,10.487944,1164,34.093537,1,-53.7353,485,0.0842,28,0,No fault,1,-58.5875,9,0.0549,27,0,No fault,4.8522,0.0293
2026-08-12T12:03:23.953722,1786529003.953722,10.495965,1165,34.548964,1,-53.3856,397,0.0769,28,0,No fault,1,-58.4782,115,0.0769,27,0,No fault,5.0927,0.0000
2026-08-12T12:03:23.960991,1786529003.960991,10.503230,1166,35.032467,1,-53.2107,626,0.0916,28,0,No fault,1,-58.4127,115,0.0623,27,0,No fault,5.2020,0.0293
2026-08-12T12:03:23.969024,1786529003.969024,10.511273,1167,35.480212,1,-52.7517,485,0.0403,28,0,No fault,1,-58.3252,44,0.0916,27,0,No fault,5.5735,-0.0513
2026-08-12T12:03:23.987609,1786529003.987609,10.529870,1168,35.963708,1,-52.4676,608,0.0476,28,0,No fault,1,-58.0411,97,0.0989,27,0,No fault,5.5735,-0.0513
2026-08-12T12:03:24.004173,1786529004.004173,10.546434,1169,37.078277,1,-52.0960,538,0.0476,28,0,No fault,1,-57.8662,379,0.0989,27,0,No fault,5.7702,-0.0513
2026-08-12T12:03:24.014699,1786529004.014699,10.556963,1170,38.051556,1,-51.2217,326,0.0183,27,0,No fault,1,-57.7351,26,0.0696,27,0,No fault,6.5134,-0.0513
2026-08-12T12:03:24.021713,1786529004.021713,10.563989,1171,38.669181,1,-50.9376,185,0.1062,28,0,No fault,1,-57.6040,309,0.0842,27,0,No fault,6.6664,0.0220
2026-08-12T12:03:24.030071,1786529004.030071,10.572319,1172,39.086499,1,-50.8283,502,0.1429,28,0,No fault,1,-57.4510,26,0.0623,27,0,No fault,6.6227,0.0806
2026-08-12T12:03:24.036712,1786529004.036712,10.578949,1173,39.541429,1,-50.6535,573,0.1282,28,0,No fault,1,-57.2543,132,0.0842,27,0,No fault,6.6008,0.0440
2026-08-12T12:03:24.045496,1786529004.045496,10.587758,1174,39.925557,1,-50.1507,555,0.1136,28,0,No fault,1,-57.1668,414,0.1062,27,0,No fault,7.0161,0.0073
2026-08-12T12:03:24.052507,1786529004.052507,10.594769,1175,40.408151,1,-49.8666,450,0.1062,28,0,No fault,1,-56.9264,-115,0.1868,27,0,No fault,7.0598,-0.0806
2026-08-12T12:03:24.060943,1786529004.060943,10.603195,1176,40.804962,1,-49.8229,643,0.0256,27,0,No fault,1,-56.7734,203,0.1062,27,0,No fault,6.9505,-0.0806
2026-08-12T12:03:24.067641,1786529004.067641,10.609915,1177,41.259823,1,-49.6043,643,0.0696,28,0,No fault,1,-56.6423,79,0.0549,27,0,No fault,7.0379,0.0147
2026-08-12T12:03:24.076836,1786529004.076836,10.619099,1178,41.693589,1,-49.0798,538,0.1062,28,0,No fault,1,-56.4237,573,0.0696,27,0,No fault,7.3439,0.0366
2026-08-12T12:03:24.083406,1786529004.083406,10.625661,1179,42.123061,1,-49.1235,502,0.1062,27,0,No fault,1,-56.3144,397,0.0769,27,0,No fault,7.1909,0.0293
2026-08-12T12:03:24.092649,1786529004.092649,10.634907,1180,42.476759,1,-48.7082,643,0.0623,28,0,No fault,1,-56.0521,238,0.0842,27,0,No fault,7.3439,-0.0220
2026-08-12T12:03:24.099352,1786529004.099352,10.641601,1181,42.967973,1,-48.3803,538,0.0769,28,0,No fault,1,-55.8773,538,0.0769,27,0,No fault,7.4969,0.0000
2026-08-12T12:03:24.108049,1786529004.108049,10.650336,1182,43.316690,1,-47.9869,661,0.0256,28,0,No fault,1,-55.6368,379,0.0476,27,0,No fault,7.6499,-0.0220
2026-08-12T12:03:24.115098,1786529004.115098,10.657356,1183,43.768510,1,-47.5061,785,0.0696,28,0,No fault,1,-55.4183,608,0.0842,27,0,No fault,7.9122,-0.0147
2026-08-12T12:03:24.123806,1786529004.123806,10.666068,1184,44.127462,1,-47.2656,679,0.0696,28,0,No fault,1,-55.1778,555,0.0623,27,0,No fault,7.9122,0.0073
2026-08-12T12:03:24.133998,1786529004.133998,10.676253,1185,44.570314,1,-46.7848,643,0.0842,28,0,No fault,1,-54.8500,520,0.0403,27,0,No fault,8.0652,0.0440
2026-08-12T12:03:24.140678,1786529004.140678,10.682940,1186,45.080338,1,-46.1946,855,0.0989,28,0,No fault,1,-54.7188,326,0.0476,27,0,No fault,8.5242,0.0513
2026-08-12T12:03:24.149532,1786529004.149532,10.691794,1187,45.413260,1,-46.0416,961,0.1136,28,0,No fault,1,-54.3691,802,0.1136,27,0,No fault,8.3275,0.0000
2026-08-12T12:03:24.159731,1786529004.159731,10.701995,1188,45.845508,1,-45.4515,661,0.0842,28,0,No fault,1,-53.9976,432,0.0476,27,0,No fault,8.5461,0.0366
2026-08-12T12:03:24.166397,1786529004.166397,10.708638,1189,46.337617,1,-45.0362,1014,0.0696,28,0,No fault,1,-53.8664,608,0.0916,27,0,No fault,8.8302,-0.0220
2026-08-12T12:03:24.175071,1786529004.175071,10.717342,1190,46.652142,1,-44.6647,749,0.0623,28,0,No fault,1,-53.4949,326,0.0916,27,0,No fault,8.8302,-0.0293
2026-08-12T12:03:24.197635,1786529004.197635,10.739894,1191,47.078065,1,-44.4898,855,0.0476,28,0,No fault,1,-52.9921,309,0.0769,27,0,No fault,8.5023,-0.0293
2026-08-12T12:03:24.216481,1786529004.216481,10.758763,1192,48.109418,1,-43.4188,714,0.0623,28,0,No fault,1,-52.4676,467,0.1062,27,0,No fault,9.0488,-0.0440
2026-08-12T12:03:24.227188,1786529004.227188,10.769462,1193,48.944236,1,-42.6101,714,0.0623,28,0,No fault,1,-52.0960,555,0.0696,27,0,No fault,9.4859,-0.0073
2026-08-12T12:03:24.234844,1786529004.234844,10.777088,1194,49.405918,1,-41.3643,538,0.0989,28,0,No fault,1,-51.7026,679,0.0696,27,0,No fault,10.3383,0.0293
2026-08-12T12:03:24.241704,1786529004.241704,10.783944,1195,49.720578,1,-41.2331,608,0.0769,28,0,No fault,1,-51.4840,591,0.0256,27,0,No fault,10.2509,0.0513
2026-08-12T12:03:24.250446,1786529004.250446,10.792696,1196,50.008094,1,-41.1020,661,0.0769,28,0,No fault,1,-51.1562,291,0.0916,27,0,No fault,10.0542,-0.0147
2026-08-12T12:03:24.257175,1786529004.257175,10.799421,1197,50.370387,1,-40.5774,820,0.1209,28,0,No fault,1,-50.6535,397,0.0476,27,0,No fault,10.0760,0.0733
2026-08-12T12:03:24.265633,1786529004.265633,10.807874,1198,50.681236,1,-39.9217,978,0.1062,28,0,No fault,1,-50.3912,502,0.0623,27,0,No fault,10.4695,0.0440
2026-08-12T12:03:24.272480,1786529004.272480,10.814715,1199,50.981703,1,-39.7250,926,0.1062,28,0,No fault,1,-50.1945,785,0.1575,27,0,No fault,10.4695,-0.0513
2026-08-12T12:03:24.281050,1786529004.281050,10.823311,1200,51.276390,1,-39.1130,802,0.0476,28,0,No fault,1,-49.8229,643,0.0256,27,0,No fault,10.7099,0.0220
2026-08-12T12:03:24.287974,1786529004.287974,10.830217,1201,51.597835,1,-38.8289,767,0.0842,28,0,No fault,1,-49.6043,520,0.0696,27,0,No fault,10.7755,0.0147
2026-08-12T12:03:24.296502,1786529004.296502,10.838740,1202,51.850607,1,-38.2387,820,0.1062,28,0,No fault,1,-49.1235,502,0.1062,27,0,No fault,10.8848,0.0000
2026-08-12T12:03:24.303210,1786529004.303210,10.845449,1203,52.169980,1,-37.9327,855,0.0769,28,0,No fault,1,-48.9268,926,0.0842,27,0,No fault,10.9940,-0.0073
2026-08-12T12:03:24.309622,1786529004.309622,10.851859,1204,52.417955,1,-37.5174,1225,0.0916,28,0,No fault,1,-48.7082,520,0.0403,27,0,No fault,11.1908,0.0513
2026-08-12T12:03:24.317291,1786529004.317291,10.859530,1205,52.651709,1,-36.9929,1119,0.0623,28,0,No fault,1,-48.2492,785,0.0842,27,0,No fault,11.2563,-0.0220
2026-08-12T12:03:24.323843,1786529004.323843,10.866089,1206,52.926906,1,-36.5994,908,0.0989,28,0,No fault,1,-48.0088,732,0.0769,27,0,No fault,11.4093,0.0220
2026-08-12T12:03:24.332928,1786529004.332928,10.875167,1207,53.158389,1,-36.4027,1155,0.0989,28,0,No fault,1,-47.5279,820,0.0623,27,0,No fault,11.1252,0.0366
2026-08-12T12:03:24.339207,1786529004.339207,10.881441,1208,53.471307,1,-35.6815,802,0.0916,28,0,No fault,1,-47.2875,608,0.0183,27,0,No fault,11.6060,0.0733
2026-08-12T12:03:24.345425,1786529004.345425,10.887704,1209,53.683902,1,-35.4629,767,0.0476,28,0,No fault,1,-46.9378,855,0.0769,27,0,No fault,11.4749,-0.0293
2026-08-12T12:03:24.355066,1786529004.355066,10.897314,1210,53.900784,1,-35.1350,873,0.0476,28,0,No fault,1,-46.5225,785,0.0403,27,0,No fault,11.3875,0.0073
2026-08-12T12:03:24.364434,1786529004.364434,10.906680,1211,54.212695,1,-34.8509,1014,0.0623,27,0,No fault,1,-46.0198,890,0.0989,27,0,No fault,11.1689,-0.0366
2026-08-12T12:03:24.371109,1786529004.371109,10.913373,1212,54.508729,1,-34.1733,996,0.0842,28,0,No fault,1,-45.7794,538,0.0769,27,0,No fault,11.6060,0.0073
2026-08-12T12:03:24.380998,1786529004.380998,10.923240,1213,54.724831,1,-33.8018,661,0.1136,28,0,No fault,1,-45.2766,643,0.0769,27,0,No fault,11.4749,0.0366
2026-08-12T12:03:24.400085,1786529004.400085,10.942393,1214,55.017895,1,-32.2499,1014,0.0696,28,0,No fault,1,-44.2275,1049,0.0842,27,0,No fault,11.9776,-0.0147
2026-08-12T12:03:24.420696,1786529004.420696,10.962967,1215,55.584010,1,-31.5505,943,0.0549,28,0,No fault,1,-43.6811,890,0.0549,27,0,No fault,12.1306,0.0000
2026-08-12T12:03:24.428777,1786529004.428777,10.971058,1216,56.149263,1,-30.5232,1155,0.0769,28,0,No fault,1,-43.0691,978,0.1136,27,0,No fault,12.5459,-0.0366
2026-08-12T12:03:24.436397,1786529004.436397,10.978648,1217,56.366150,1,-28.9277,943,0.0989,28,0,No fault,1,-42.6101,608,0.0549,27,0,No fault,13.6824,0.0440
2026-08-12T12:03:24.444123,1786529004.444123,10.986366,1218,56.551247,1,-28.7965,908,0.0989,28,0,No fault,1,-42.2385,732,0.0623,27,0,No fault,13.4420,0.0366
2026-08-12T12:03:24.451845,1786529004.451845,10.994087,1219,56.742744,1,-28.4905,591,0.1575,28,0,No fault,1,-41.7358,679,0.0403,27,0,No fault,13.2453,0.1172
2026-08-12T12:03:24.459505,1786529004.459505,11.001749,1220,56.928594,1,-28.2938,855,0.1575,28,0,No fault,1,-41.4298,749,0.0330,27,0,No fault,13.1360,0.1245
2026-08-12T12:03:24.467201,1786529004.467201,11.009446,1221,57.114763,1,-27.5944,1049,0.0110,28,0,No fault,1,-40.6648,432,0.0623,27,0,No fault,13.0704,-0.0513
2026-08-12T12:03:24.474764,1786529004.474764,11.017034,1222,57.283594,1,-27.2665,820,0.0989,28,0,No fault,1,-40.4244,450,0.1282,27,0,No fault,13.1579,-0.0293
2026-08-12T12:03:24.482950,1786529004.482950,11.025196,1223,57.457035,1,-26.5671,1031,0.0330,28,0,No fault,1,-39.9654,837,0.0842,27,0,No fault,13.3983,-0.0513
2026-08-12T12:03:24.490280,1786529004.490280,11.032553,1224,57.626149,1,-26.1300,961,0.0842,28,0,No fault,1,-39.6594,802,0.1136,27,0,No fault,13.5294,-0.0293
2026-08-12T12:03:24.498635,1786529004.498635,11.040887,1225,57.788063,1,-25.4961,908,0.0623,28,0,No fault,1,-38.9163,855,0.0623,27,0,No fault,13.4202,0.0000
2026-08-12T12:03:24.505932,1786529004.505932,11.048188,1226,57.945360,1,-25.0590,837,0.1282,28,0,No fault,1,-38.7414,978,0.0403,27,0,No fault,13.6824,0.0879
2026-08-12T12:03:24.514018,1786529004.514018,11.056258,1227,58.087572,1,-24.3596,1014,0.0330,28,0,No fault,1,-38.0201,732,0.0549,27,0,No fault,13.6606,-0.0220
2026-08-12T12:03:24.521190,1786529004.521190,11.063434,1228,58.233885,1,-23.9006,1261,0.1209,28,0,No fault,1,-37.7797,1331,0.0330,27,0,No fault,13.8792,0.0879
2026-08-12T12:03:24.529888,1786529004.529888,11.072146,1229,58.361479,1,-23.2886,961,0.0476,28,0,No fault,1,-37.1022,732,0.0916,27,0,No fault,13.8136,-0.0440
2026-08-12T12:03:24.536677,1786529004.536677,11.078920,1230,58.512052,1,-22.8077,1084,0.0696,28,0,No fault,1,-36.9273,573,0.0769,27,0,No fault,14.1196,-0.0073
2026-08-12T12:03:24.545257,1786529004.545257,11.087509,1231,58.623185,1,-22.1083,961,0.0183,28,0,No fault,1,-36.1623,996,0.0916,27,0,No fault,14.0540,-0.0733
2026-08-12T12:03:24.552001,1786529004.552001,11.094240,1232,58.757283,1,-21.6493,996,0.0842,28,0,No fault,1,-35.9437,926,0.0842,27,0,No fault,14.2944,0.0000
2026-08-12T12:03:24.560827,1786529004.560827,11.103078,1233,58.856824,1,-21.4089,608,0.1062,28,0,No fault,1,-35.2225,1119,0.0842,27,0,No fault,13.8136,0.0220
2026-08-12T12:03:24.567629,1786529004.567629,11.109872,1234,58.983413,1,-20.5783,978,0.1136,28,0,No fault,1,-34.8509,1014,0.0623,27,0,No fault,14.2726,0.0513
2026-08-12T12:03:24.576124,1786529004.576124,11.118371,1235,59.074667,1,-19.9445,890,0.0769,28,0,No fault,1,-34.2608,732,0.0916,27,0,No fault,14.3163,-0.0147
2026-08-12T12:03:24.583130,1786529004.583130,11.125377,1236,59.183557,1,-19.4636,996,0.0769,28,0,No fault,1,-33.8673,732,0.0183,27,0,No fault,14.4037,0.0586
2026-08-12T12:03:24.603901,1786529004.603901,11.146152,1237,59.268133,1,-18.3926,961,0.0476,27,0,No fault,1,-32.7089,943,0.0476,27,0,No fault,14.3163,0.0000
2026-08-12T12:03:24.623911,1786529004.623911,11.166169,1238,59.492084,1,-17.1905,873,0.0842,28,0,No fault,1,-32.0313,1031,0.0842,27,0,No fault,14.8409,0.0000
2026-08-12T12:03:24.631622,1786529004.631622,11.173888,1239,59.670236,1,-16.5348,961,0.1136,28,0,No fault,1,-31.2882,1049,0.1062,27,0,No fault,14.7534,0.0073
2026-08-12T12:03:24.640810,1786529004.640810,11.183065,1240,59.727297,1,-14.8299,1049,0.0476,28,0,No fault,1,-30.7199,520,0.0696,27,0,No fault,15.8900,-0.0220
2026-08-12T12:03:24.647434,1786529004.647434,11.189680,1241,59.789838,1,-14.6551,1014,0.0256,28,0,No fault,1,-30.2391,855,0.0916,27,0,No fault,15.5840,-0.0659
2026-08-12T12:03:24.656509,1786529004.656509,11.198762,1242,59.828828,1,-14.0649,996,0.1575,28,0,No fault,1,-29.6708,996,0.0256,27,0,No fault,15.6059,0.1319
2026-08-12T12:03:24.663683,1786529004.663683,11.205923,1243,59.877719,1,-13.3437,961,0.0110,28,0,No fault,1,-29.2992,1014,0.0549,27,0,No fault,15.9556,-0.0440
2026-08-12T12:03:24.671980,1786529004.671980,11.214235,1244,59.908786,1,-12.5131,1102,0.1062,28,0,No fault,1,-28.0971,661,0.0476,27,0,No fault,15.5840,0.0586
2026-08-12T12:03:24.678838,1786529004.678838,11.221080,1245,59.940258,1,-12.1852,1049,0.0623,28,0,No fault,1,-27.8348,890,0.1648,27,0,No fault,15.6496,-0.1026
2026-08-12T12:03:24.687663,1786529004.687663,11.229913,1246,59.961293,1,-11.4421,679,0.0916,28,0,No fault,1,-27.3977,996,0.2234,27,0,No fault,15.9556,-0.1319
2026-08-12T12:03:24.694298,1786529004.694298,11.236537,1247,59.981286,1,-11.0705,926,0.1136,28,0,No fault,1,-27.1135,1261,0.1136,27,0,No fault,16.0430,0.0000
2026-08-12T12:03:24.703535,1786529004.703535,11.245779,1248,59.991841,1,-10.3055,1155,0.0476,28,0,No fault,1,-26.2830,1472,0.0769,27,0,No fault,15.9774,-0.0293
2026-08-12T12:03:24.710398,1786529004.710398,11.252638,1249,59.999235,1,-9.5187,1155,0.0403,28,0,No fault,1,-25.8240,1031,0.0256,27,0,No fault,16.3053,0.0147
2026-08-12T12:03:24.718840,1786529004.718840,11.261084,1250,59.999299,1,-9.1471,837,0.0549,28,0,No fault,1,-25.1464,1084,0.0842,27,0,No fault,15.9993,-0.0293
2026-08-12T12:03:24.725275,1786529004.725275,11.267510,1251,59.993900,1,-8.7756,1014,0.1062,28,0,No fault,1,-24.6437,996,0.0330,27,0,No fault,15.8681,0.0733
2026-08-12T12:03:24.734248,1786529004.734248,11.276488,1252,59.984994,1,-8.0106,1119,0.1062,28,0,No fault,1,-24.0098,767,0.1209,27,0,No fault,15.9993,-0.0147
2026-08-12T12:03:24.740675,1786529004.740675,11.282912,1253,59.966218,1,-7.6390,943,0.1062,28,0,No fault,1,-23.5509,820,0.0623,27,0,No fault,15.9119,0.0440
2026-08-12T12:03:24.749649,1786529004.749649,11.291887,1254,59.948189,1,-7.2674,978,0.0623,28,0,No fault,1,-22.8951,1137,0.1136,27,0,No fault,15.6277,-0.0513
2026-08-12T12:03:24.755988,1786529004.755988,11.298224,1255,59.916200,1,-6.7210,1190,0.1062,28,0,No fault,1,-22.6766,837,0.0916,27,0,No fault,15.9556,0.0147
2026-08-12T12:03:24.765033,1786529004.765033,11.307277,1256,59.889128,1,-6.4806,1137,0.0989,28,0,No fault,1,-21.9334,1067,0.0549,27,0,No fault,15.4529,0.0440
2026-08-12T12:03:24.771422,1786529004.771422,11.313662,1257,59.843782,1,-5.5844,961,0.0769,28,0,No fault,1,-21.5837,1084,0.0916,27,0,No fault,15.9993,-0.0147
2026-08-12T12:03:24.778051,1786529004.778051,11.320293,1258,59.807175,1,-5.1255,1049,0.0256,28,0,No fault,1,-21.0810,926,0.0696,27,0,No fault,15.9556,-0.0440
2026-08-12T12:03:24.785821,1786529004.785821,11.328102,1259,59.763694,1,-4.9287,1119,0.0403,28,0,No fault,1,-20.4253,855,0.0549,27,0,No fault,15.4966,-0.0147
2026-08-12T12:03:24.803708,1786529004.803708,11.345970,1260,59.708438,1,-4.1419,1172,0.0916,28,0,No fault,1,-19.3325,855,0.0916,27,0,No fault,15.1906,0.0000
2026-08-12T12:03:24.817476,1786529004.817476,11.359743,1261,59.561227,1,-3.2458,1014,0.0916,28,0,No fault,1,-18.8298,1119,0.0696,27,0,No fault,15.5840,0.0220
2026-08-12T12:03:24.830293,1786529004.830293,11.372547,1262,59.427728,1,-2.6119,943,0.0842,28,0,No fault,1,-17.7588,1014,0.0842,27,0,No fault,15.1469,0.0000
2026-08-12T12:03:24.838278,1786529004.838278,11.380532,1263,59.287846,1,-1.4535,1208,0.0842,28,0,No fault,1,-17.0812,890,0.0476,27,0,No fault,15.6277,0.0366
2026-08-12T12:03:24.845033,1786529004.845033,11.387303,1264,59.191636,1,-0.9289,1331,0.0696,28,0,No fault,1,-16.5785,1137,0.0769,27,0,No fault,15.6496,-0.0073
2026-08-12T12:03:24.853800,1786529004.853800,11.396049,1265,59.105384,1,0.5355,1102,0.0623,28,0,No fault,1,-15.9446,996,0.0549,27,0,No fault,16.4801,0.0073
2026-08-12T12:03:24.860373,1786529004.860373,11.402669,1266,58.989538,1,0.6885,732,0.0842,28,0,No fault,1,-15.2015,978,0.0403,27,0,No fault,15.8900,0.0440
2026-08-12T12:03:24.867713,1786529004.867713,11.409970,1267,58.894720,1,0.9071,1084,0.1282,28,0,No fault,1,-15.0266,802,0.0256,27,0,No fault,15.9337,0.1026
2026-08-12T12:03:24.875748,1786529004.875748,11.417995,1268,58.781899,1,1.5628,978,0.1282,28,0,No fault,1,-13.6934,696,0.1209,27,0,No fault,15.2561,0.0073
2026-08-12T12:03:24.882019,1786529004.882019,11.424255,1269,58.665111,1,1.9125,1137,0.1429,28,0,No fault,1,-13.5185,890,0.0549,27,0,No fault,15.4310,0.0879
2026-08-12T12:03:24.890530,1786529004.890530,11.432781,1270,58.564647,1,2.7212,1102,0.0623,28,0,No fault,1,-12.9284,1067,0.0769,27,0,No fault,15.6496,-0.0147
2026-08-12T12:03:24.897093,1786529004.897093,11.439338,1271,58.418387,1,3.1365,1296,0.0549,28,0,No fault,1,-12.5568,820,0.0183,27,0,No fault,15.6933,0.0366
2026-08-12T12:03:24.906046,1786529004.906046,11.448306,1272,58.306491,1,3.6392,1014,0.0623,28,0,No fault,1,-11.7481,1190,0.0549,27,0,No fault,15.3873,0.0073
2026-08-12T12:03:24.912579,1786529004.912579,11.454818,1273,58.142215,1,4.3386,1172,0.1062,28,0,No fault,1,-11.3765,1331,0.0623,27,0,No fault,15.7151,0.0440
2026-08-12T12:03:24.921563,1786529004.921563,11.463849,1274,58.020469,1,4.8632,1067,0.0989,28,0,No fault,1,-10.6115,1313,0.0842,27,0,No fault,15.4747,0.0147
2026-08-12T12:03:24.928441,1786529004.928441,11.470687,1275,57.840876,1,5.4752,1190,0.0989,28,0,No fault,1,-10.2400,1225,0.0989,27,0,No fault,15.7151,0.0000
2026-08-12T12:03:24.937758,1786529004.937758,11.480026,1276,57.703612,1,6.2402,1261,0.0696,28,0,No fault,1,-9.4750,1049,0.0769,27,0,No fault,15.7151,-0.0073
2026-08-12T12:03:24.947181,1786529004.947181,11.489421,1277,57.504535,1,6.6336,1102,0.0696,28,0,No fault,1,-8.7100,1102,0.0549,27,0,No fault,15.3436,0.0147
2026-08-12T12:03:24.953517,1786529004.953517,11.495758,1278,57.300339,1,7.4423,996,0.0403,28,0,No fault,1,-8.3384,978,0.0842,27,0,No fault,15.7807,-0.0440
2026-08-12T12:03:24.959934,1786529004.959934,11.502186,1279,57.157325,1,7.8357,802,0.0330,28,0,No fault,1,-7.9450,1172,0.0769,27,0,No fault,15.7807,-0.0440
2026-08-12T12:03:24.968708,1786529004.968708,11.510957,1280,57.004084,1,8.6007,1067,0.0549,28,0,No fault,1,-7.1363,996,0.0330,27,0,No fault,15.7370,0.0220
2026-08-12T12:03:24.978053,1786529004.978053,11.520310,1281,56.795521,1,8.9941,943,0.1209,28,0,No fault,1,-6.1964,1243,0.0842,27,0,No fault,15.1906,0.0366
2026-08-12T12:03:24.984665,1786529004.984665,11.526907,1282,56.564913,1,9.7591,1014,0.0256,28,0,No fault,1,-5.9997,1137,0.0330,27,0,No fault,15.7589,-0.0073
2026-08-12T12:03:24.993599,1786529004.993599,11.535857,1283,56.399163,1,9.9558,873,0.0476,28,0,No fault,1,-5.0599,1084,0.0256,27,0,No fault,15.0157,0.0220
2026-08-12T12:03:25.010928,1786529005.010928,11.553171,1284,56.165340,1,11.1361,1225,0.0256,28,0,No fault,1,-3.8577,1472,0.0403,27,0,No fault,14.9939,-0.0147
2026-08-12T12:03:25.019281,1786529005.019281,11.561537,1285,55.693329,1,11.8574,1102,0.1136,28,0,No fault,1,-3.2895,890,0.1282,27,0,No fault,15.1469,-0.0147
2026-08-12T12:03:25.036324,1786529005.036324,11.578583,1286,55.452787,1,12.4475,749,0.0842,28,0,No fault,1,-2.4808,1102,0.0549,27,0,No fault,14.9283,0.0293
2026-08-12T12:03:25.043813,1786529005.043813,11.586053,1287,54.950501,1,13.2125,1243,0.0623,28,0,No fault,1,-2.0873,1014,0.0549,27,0,No fault,15.2999,0.0073
2026-08-12T12:03:25.053151,1786529005.053151,11.595410,1288,54.710962,1,14.0431,1031,0.0989,28,0,No fault,1,-1.3442,1155,0.0769,27,0,No fault,15.3873,0.0220
2026-08-12T12:03:25.062102,1786529005.062102,11.604351,1289,54.426451,1,15.5075,732,0.0037,28,0,No fault,1,-0.5355,1119,0.0623,27,0,No fault,16.0430,-0.0586
2026-08-12T12:03:25.068735,1786529005.068735,11.611021,1290,54.142340,1,15.8354,397,0.1502,28,0,No fault,1,-0.1421,1119,0.0330,27,0,No fault,15.9774,0.1172
2026-08-12T12:03:25.077987,1786529005.077987,11.620242,1291,53.916586,1,16.5129,926,0.0256,28,0,No fault,1,1.3223,873,-0.0110,27,0,No fault,15.1906,0.0366
2026-08-12T12:03:25.084975,1786529005.084975,11.627274,1292,53.615203,1,16.3599,732,0.0330,27,0,No fault,1,1.4753,943,-0.0037,27,0,No fault,14.8846,0.0366
2026-08-12T12:03:25.093556,1786529005.093556,11.635822,1293,53.370597,1,17.5402,943,0.1355,28,0,No fault,1,2.0873,1102,0.0696,27,0,No fault,15.4529,0.0659
2026-08-12T12:03:25.100833,1786529005.100833,11.643075,1294,53.073076,1,17.9118,943,0.0842,28,0,No fault,1,2.4589,661,0.0769,27,0,No fault,15.4529,0.0073
2026-08-12T12:03:25.108933,1786529005.108933,11.651241,1295,52.819183,1,18.6330,943,0.0989,28,0,No fault,1,3.5080,1119,0.0183,27,0,No fault,15.1250,0.0806
2026-08-12T12:03:25.116148,1786529005.116148,11.658391,1296,52.523222,1,19.0046,1225,0.0916,28,0,No fault,1,3.6829,1102,0.0549,27,0,No fault,15.3217,0.0366
2026-08-12T12:03:25.124156,1786529005.124156,11.666412,1297,52.261356,1,19.7259,1014,0.0476,28,0,No fault,1,4.6665,1119,0.0403,27,0,No fault,15.0594,0.0073
2026-08-12T12:03:25.131205,1786529005.131205,11.673430,1298,51.965360,1,20.0975,1084,0.0476,28,0,No fault,1,4.8632,785,0.0476,27,0,No fault,15.2343,0.0000
2026-08-12T12:03:25.139940,1786529005.139940,11.682186,1299,51.701232,1,20.5783,996,0.0623,28,0,No fault,1,5.6719,1049,0.0989,27,0,No fault,14.9064,-0.0366
2026-08-12T12:03:25.146758,1786529005.146758,11.688995,1300,51.359380,1,21.1903,1102,0.0916,28,0,No fault,1,6.0653,1137,0.0623,27,0,No fault,15.1250,0.0293
2026-08-12T12:03:25.155466,1786529005.155466,11.697708,1301,51.090039,1,21.6493,643,0.0916,28,0,No fault,1,6.8522,926,0.0842,27,0,No fault,14.7971,0.0073
2026-08-12T12:03:25.161957,1786529005.161957,11.704193,1302,50.745426,1,22.2613,855,0.1062,28,0,No fault,1,7.2237,767,0.0842,27,0,No fault,15.0376,0.0220
2026-08-12T12:03:25.170810,1786529005.170810,11.713046,1303,50.483491,1,22.7640,785,0.0696,28,0,No fault,1,8.2510,908,0.0403,27,0,No fault,14.5130,0.0293
2026-08-12T12:03:25.177309,1786529005.177309,11.719544,1304,50.119687,1,23.3104,908,0.1062,28,0,No fault,1,8.4696,1172,0.0403,27,0,No fault,14.8409,0.0659
2026-08-12T12:03:25.183751,1786529005.183751,11.725989,1305,49.847463,1,23.7913,1049,0.0769,28,0,No fault,1,8.9723,1102,0.0696,27,0,No fault,14.8190,0.0073
2026-08-12T12:03:25.192718,1786529005.192718,11.734957,1306,49.571128,1,24.4033,996,0.0403,28,0,No fault,1,9.6280,1049,0.0623,27,0,No fault,14.7753,-0.0220
2026-08-12T12:03:25.201676,1786529005.201676,11.743916,1307,49.192603,1,24.4033,996,0.0403,28,0,No fault,1,10.6115,1190,0.1062,27,0,No fault,13.7917,-0.0659
2026-08-12T12:03:25.217212,1786529005.217212,11.759480,1308,48.802699,1,25.4743,767,0.0696,28,0,No fault,1,11.7700,1278,0.0842,27,0,No fault,13.7043,-0.0147
2026-08-12T12:03:25.227683,1786529005.227683,11.769963,1309,48.037694,1,25.9551,1067,0.1062,28,0,No fault,1,11.9230,1137,0.0696,27,0,No fault,14.0322,0.0366
2026-08-12T12:03:25.243103,1786529005.243103,11.785387,1310,47.631101,1,26.5015,1084,0.1136,28,0,No fault,1,13.1032,1031,0.0330,27,0,No fault,13.3983,0.0806
2026-08-12T12:03:25.251250,1786529005.251250,11.793518,1311,46.906904,1,27.1791,837,0.0696,28,0,No fault,1,14.0212,1102,0.0476,27,0,No fault,13.1579,0.0220
2026-08-12T12:03:25.261505,1786529005.261505,11.803763,1312,46.524366,1,28.0097,1349,0.0330,28,0,No fault,1,14.9611,432,0.0476,27,0,No fault,13.0486,-0.0147
2026-08-12T12:03:25.268252,1786529005.268252,11.810507,1313,46.036495,1,29.2118,1119,0.0549,28,0,No fault,1,15.2015,996,0.0037,27,0,No fault,14.0103,0.0513
2026-08-12T12:03:25.276858,1786529005.276858,11.819098,1314,45.711142,1,29.3648,820,0.0256,28,0,No fault,1,16.4911,802,0.1209,27,0,No fault,12.8737,-0.0952
2026-08-12T12:03:25.283313,1786529005.283313,11.825569,1315,45.290384,1,29.6489,802,0.1355,28,0,No fault,1,16.6441,696,0.0769,27,0,No fault,13.0049,0.0586
2026-08-12T12:03:25.292266,1786529005.292266,11.834524,1316,44.965163,1,30.1954,1014,0.0403,28,0,No fault,1,17.1468,855,0.1575,27,0,No fault,13.0486,-0.1172
2026-08-12T12:03:25.299218,1786529005.299218,11.841466,1317,44.514397,1,30.8292,732,0.1209,28,0,No fault,1,17.7588,1366,0.0037,27,0,No fault,13.0704,0.1172
2026-08-12T12:03:25.307914,1786529005.307914,11.850172,1318,44.164024,1,31.3101,820,0.0989,28,0,No fault,1,18.2833,926,0.0842,27,0,No fault,13.0267,0.0147
2026-08-12T12:03:25.314744,1786529005.314744,11.856983,1319,43.715624,1,31.8128,802,0.0696,28,0,No fault,1,18.6549,1190,0.0476,27,0,No fault,13.1579,0.0220
2026-08-12T12:03:25.323162,1786529005.323162,11.865399,1320,43.366020,1,32.2936,785,0.0623,28,0,No fault,1,19.3980,890,0.0916,27,0,No fault,12.8956,-0.0293
2026-08-12T12:03:25.329858,1786529005.329858,11.872105,1321,42.912851,1,32.4903,802,0.0256,28,0,No fault,1,19.9445,996,0.0989,27,0,No fault,12.5459,-0.0733
2026-08-12T12:03:25.339056,1786529005.339056,11.881295,1322,42.567991,1,33.2772,802,0.0696,28,0,No fault,1,20.4909,978,0.0769,27,0,No fault,12.7863,-0.0073
2026-08-12T12:03:25.345533,1786529005.345533,11.887776,1323,42.079717,1,33.4739,749,0.0696,28,0,No fault,1,21.0373,1102,0.0403,27,0,No fault,12.4366,0.0293
2026-08-12T12:03:25.354475,1786529005.354475,11.896726,1324,41.728624,1,34.2389,908,0.0916,28,0,No fault,1,21.6274,1031,0.0549,27,0,No fault,12.6115,0.0366
2026-08-12T12:03:25.361246,1786529005.361246,11.903486,1325,41.238792,1,34.8072,1084,0.0916,28,0,No fault,1,22.1739,1137,0.0696,27,0,No fault,12.6333,0.0220
2026-08-12T12:03:25.369897,1786529005.369897,11.912166,1326,40.868203,1,35.2006,978,0.0916,28,0,No fault,1,22.7421,1067,0.0403,27,0,No fault,12.4585,0.0513
2026-08-12T12:03:25.376905,1786529005.376905,11.919149,1327,40.384263,1,35.7033,749,0.0842,28,0,No fault,1,23.2449,643,0.0842,27,0,No fault,12.4585,0.0000
2026-08-12T12:03:25.385533,1786529005.385533,11.927783,1328,39.997228,1,36.1404,961,0.0769,28,0,No fault,1,23.8131,785,0.0696,27,0,No fault,12.3273,0.0073
2026-08-12T12:03:25.392333,1786529005.392333,11.934596,1329,39.508726,1,36.3372,978,0.0696,28,0,No fault,1,24.2940,1243,0.1136,27,0,No fault,12.0432,-0.0440
2026-08-12T12:03:25.401021,1786529005.401021,11.943268,1330,39.115918,1,37.0803,873,0.0623,28,0,No fault,1,24.8841,767,0.0330,27,0,No fault,12.1962,0.0293
2026-08-12T12:03:25.407779,1786529005.407779,11.950028,1331,38.619245,1,37.0803,873,0.0623,28,0,No fault,1,25.3868,978,0.0623,27,0,No fault,11.6935,0.0000
2026-08-12T12:03:25.424561,1786529005.424561,11.966838,1332,38.233726,1,38.1076,767,0.0916,28,0,No fault,1,26.4578,996,0.0769,27,0,No fault,11.6497,0.0147
2026-08-12T12:03:25.437397,1786529005.437397,11.979728,1333,37.227890,1,38.5447,961,0.1136,28,0,No fault,1,26.6545,873,0.0769,27,0,No fault,11.8902,0.0366
2026-08-12T12:03:25.448018,1786529005.448018,11.990335,1334,36.469715,1,38.9600,679,0.0989,28,0,No fault,1,27.5070,1031,0.0476,27,0,No fault,11.4530,0.0513
2026-08-12T12:03:25.455684,1786529005.455684,11.997937,1335,35.827893,1,39.9436,661,0.0989,28,0,No fault,1,28.0097,696,0.0916,27,0,No fault,11.9339,0.0073
2026-08-12T12:03:25.463759,1786529005.463759,12.006000,1336,35.372401,1,40.0966,626,0.0476,28,0,No fault,1,29.0369,943,0.0476,27,0,No fault,11.0596,0.0000
2026-08-12T12:03:25.470162,1786529005.470162,12.012405,1337,34.888756,1,40.3807,538,0.0476,28,0,No fault,1,29.1681,714,0.0330,27,0,No fault,11.2126,0.0147
2026-08-12T12:03:25.479286,1786529005.479286,12.021529,1338,34.489387,1,41.5828,820,0.0476,28,0,No fault,1,30.1298,696,0.0549,27,0,No fault,11.4530,-0.0073
2026-08-12T12:03:25.485840,1786529005.485840,12.028079,1339,33.928440,1,41.7358,749,0.0623,28,0,No fault,1,30.2828,820,0.0110,27,0,No fault,11.4530,0.0513
2026-08-12T12:03:25.494754,1786529005.494754,12.037014,1340,33.504012,1,42.2604,661,0.0769,28,0,No fault,1,30.7636,820,0.0842,27,0,No fault,11.4967,-0.0073
2026-08-12T12:03:25.501725,1786529005.501725,12.043969,1341,32.947690,1,42.7631,502,0.0623,28,0,No fault,1,31.2445,1067,0.0549,27,0,No fault,11.5186,0.0073
2026-08-12T12:03:25.510261,1786529005.510261,12.052508,1342,32.519599,1,43.0035,555,0.1429,28,0,No fault,1,31.7691,926,0.0769,27,0,No fault,11.2345,0.0659
2026-08-12T12:03:25.516895,1786529005.516895,12.059183,1343,31.976791,1,43.5281,679,0.0842,28,0,No fault,1,32.2062,1155,0.0769,27,0,No fault,11.3219,0.0073
2026-08-12T12:03:25.525544,1786529005.525544,12.067791,1344,31.551702,1,43.7685,661,0.1062,28,0,No fault,1,32.7526,309,0.0623,27,0,No fault,11.0159,0.0440
2026-08-12T12:03:25.532077,1786529005.532077,12.074315,1345,30.996443,1,44.0964,661,0.1062,28,0,No fault,1,33.2116,1102,0.1136,27,0,No fault,10.8848,-0.0073
2026-08-12T12:03:25.540918,1786529005.540918,12.083166,1346,30.572887,1,44.5554,538,0.0623,28,0,No fault,1,33.7580,837,0.0110,27,0,No fault,10.7973,0.0513
2026-08-12T12:03:25.547803,1786529005.547803,12.090087,1347,29.989237,1,45.0799,837,0.0256,28,0,No fault,1,34.1952,873,0.0696,27,0,No fault,10.8848,-0.0440
2026-08-12T12:03:25.556427,1786529005.556427,12.098679,1348,29.545739,1,45.3422,467,0.0476,28,0,No fault,1,34.7635,767,0.0403,27,0,No fault,10.5788,0.0073
2026-08-12T12:03:25.563568,1786529005.563568,12.105815,1349,28.976217,1,45.8449,855,0.0403,28,0,No fault,1,35.1787,890,0.0769,27,0,No fault,10.6662,-0.0366
2026-08-12T12:03:25.571767,1786529005.571767,12.114031,1350,28.499398,1,46.0854,714,0.0476,28,0,No fault,1,35.7252,714,0.0549,27,0,No fault,10.3602,-0.0073
2026-08-12T12:03:25.579078,1786529005.579078,12.121323,1351,27.950554,1,46.5662,538,0.0842,28,0,No fault,1,36.1186,802,0.0916,27,0,No fault,10.4476,-0.0073
2026-08-12T12:03:25.587193,1786529005.587193,12.129451,1352,27.468644,1,46.8066,802,0.0696,28,0,No fault,1,36.6432,714,0.0476,27,0,No fault,10.1635,0.0220
2026-08-12T12:03:25.594073,1786529005.594073,12.136317,1353,26.924116,1,47.0908,643,0.0842,28,0,No fault,1,37.0584,926,0.0989,27,0,No fault,10.0323,-0.0147
2026-08-12T12:03:25.602835,1786529005.602835,12.145076,1354,26.460237,1,47.5061,555,0.0403,28,0,No fault,1,37.5830,1014,0.0256,27,0,No fault,9.9231,0.0147
2026-08-12T12:03:25.609307,1786529005.609307,12.151560,1355,25.868259,1,47.7246,256,0.0769,28,0,No fault,1,37.8671,767,0.0623,27,0,No fault,9.8575,0.0147
2026-08-12T12:03:25.629980,1786529005.629980,12.172256,1356,25.402982,1,48.4022,538,0.0696,28,0,No fault,1,39.0474,855,0.0330,27,0,No fault,9.3548,0.0366
2026-08-12T12:03:25.651164,1786529005.651164,12.193422,1357,23.992751,1,49.0579,591,0.0549,28,0,No fault,1,39.6157,555,0.0183,27,0,No fault,9.4422,0.0366
2026-08-12T12:03:25.658849,1786529005.658849,12.201096,1358,22.525791,1,49.7355,220,0.0476,28,0,No fault,1,40.1840,643,0.0549,27,0,No fault,9.5515,-0.0073
2026-08-12T12:03:25.667502,1786529005.667502,12.209743,1359,21.995377,1,49.9322,661,0.0549,28,0,No fault,1,41.0801,802,0.0403,27,0,No fault,8.8521,0.0147
2026-08-12T12:03:25.674085,1786529005.674085,12.216322,1360,21.390417,1,50.5660,520,0.0842,28,0,No fault,1,41.3205,643,0.1062,27,0,No fault,9.2455,-0.0220
2026-08-12T12:03:25.682773,1786529005.682773,12.225012,1361,20.921539,1,50.6316,185,0.0769,28,0,No fault,1,42.1074,450,0.0330,27,0,No fault,8.5242,0.0440
2026-08-12T12:03:25.689021,1786529005.689021,12.231254,1362,20.312992,1,50.8065,379,0.0696,28,0,No fault,1,42.2385,555,0.0256,27,0,No fault,8.5679,0.0440
2026-08-12T12:03:25.698510,1786529005.698510,12.240757,1363,19.854562,1,50.9376,291,0.0696,28,0,No fault,1,42.6101,943,0.1282,27,0,No fault,8.3275,-0.0586
2026-08-12T12:03:25.705109,1786529005.705109,12.247346,1364,19.191040,1,51.2873,414,0.1209,28,0,No fault,1,42.9598,785,0.0476,27,0,No fault,8.3275,0.0733
2026-08-12T12:03:25.713853,1786529005.713853,12.256129,1365,18.589376,1,51.6589,467,0.0696,28,0,No fault,1,43.3532,573,0.1429,27,0,No fault,8.3056,-0.0733
2026-08-12T12:03:25.723974,1786529005.723974,12.266214,1366,18.083650,1,52.0960,767,0.1136,28,0,No fault,1,44.0527,591,0.0403,27,0,No fault,8.0434,0.0733
2026-08-12T12:03:25.730405,1786529005.730405,12.272646,1367,17.360607,1,52.1834,538,0.0842,28,0,No fault,1,44.1838,608,0.0696,27,0,No fault,7.9996,0.0147
2026-08-12T12:03:25.739388,1786529005.739388,12.281628,1368,16.882372,1,52.3802,432,0.0403,28,0,No fault,1,44.6865,432,0.0769,27,0,No fault,7.6936,-0.0366
2026-08-12T12:03:25.745747,1786529005.745747,12.287986,1369,16.244610,1,52.6206,643,0.0696,28,0,No fault,1,44.9707,732,0.0403,27,0,No fault,7.6499,0.0293
2026-08-12T12:03:25.755018,1786529005.755018,12.297255,1370,15.786269,1,52.9047,661,0.0916,28,0,No fault,1,45.4515,679,0.1209,27,0,No fault,7.4532,-0.0293
2026-08-12T12:03:25.761326,1786529005.761326,12.303559,1371,15.105332,1,53.1233,573,0.0769,28,0,No fault,1,45.6919,749,0.0476,27,0,No fault,7.4314,0.0293
2026-08-12T12:03:25.770341,1786529005.770341,12.312576,1372,14.641774,1,53.4074,291,0.0549,28,0,No fault,1,46.2165,661,0.0989,27,0,No fault,7.1909,-0.0440
2026-08-12T12:03:25.776669,1786529005.776669,12.318905,1373,13.982226,1,53.6260,361,0.0842,28,0,No fault,1,46.4569,485,0.0403,27,0,No fault,7.1691,0.0440
2026-08-12T12:03:25.785655,1786529005.785655,12.327906,1374,13.525253,1,53.8883,97,0.0476,28,0,No fault,1,47.0689,820,0.0623,27,0,No fault,6.8194,-0.0147
2026-08-12T12:03:25.792029,1786529005.792029,12.334265,1375,12.859043,1,54.1506,626,0.0330,28,0,No fault,1,47.3093,608,0.0330,27,0,No fault,6.8412,0.0000
2026-08-12T12:03:25.801058,1786529005.801058,12.343302,1376,12.394320,1,54.3691,220,0.0696,28,0,No fault,1,47.7246,643,0.0623,27,0,No fault,6.6445,0.0073
2026-08-12T12:03:25.807434,1786529005.807434,12.349677,1377,11.725930,1,54.5658,150,0.0696,28,0,No fault,1,47.8995,732,0.0916,27,0,No fault,6.6664,-0.0220
2026-08-12T12:03:25.816463,1786529005.816463,12.358710,1378,11.254922,1,54.6751,502,0.0476,28,0,No fault,1,48.4240,643,0.0403,27,0,No fault,6.2511,0.0073
2026-08-12T12:03:25.832783,1786529005.832783,12.375038,1379,10.582549,1,55.1123,379,0.0623,28,0,No fault,1,49.1016,802,0.0110,27,0,No fault,6.0107,0.0513
2026-08-12T12:03:25.852607,1786529005.852607,12.394947,1380,9.364158,1,55.6150,361,0.0989,28,0,No fault,1,49.4513,591,0.1282,27,0,No fault,6.1637,-0.0293
2026-08-12T12:03:25.860485,1786529005.860485,12.402791,1381,7.853893,1,55.9647,9,0.0916,28,0,No fault,1,49.8666,661,0.0916,27,0,No fault,6.0981,0.0000
2026-08-12T12:03:25.871119,1786529005.871119,12.413381,1382,7.260331,1,56.2051,309,0.0842,28,0,No fault,1,50.4786,785,0.0110,27,0,No fault,5.7265,0.0733
2026-08-12T12:03:25.879348,1786529005.879348,12.421653,1383,6.496835,1,56.6641,361,0.0476,28,0,No fault,1,50.7627,837,0.0403,27,0,No fault,5.9014,0.0073
2026-08-12T12:03:25.886438,1786529005.886438,12.428689,1384,5.876519,1,56.7515,361,0.0769,28,0,No fault,1,50.8283,450,0.0696,27,0,No fault,5.9232,0.0073
2026-08-12T12:03:25.894546,1786529005.894546,12.436840,1385,5.352336,1,56.8608,291,0.0696,28,0,No fault,1,51.5277,344,0.0769,27,0,No fault,5.3331,-0.0073
2026-08-12T12:03:25.901879,1786529005.901879,12.444141,1386,4.723773,1,56.9045,220,0.0769,28,0,No fault,1,51.7026,608,0.0916,27,0,No fault,5.2020,-0.0147
2026-08-12T12:03:25.910015,1786529005.910015,12.452294,1387,4.183811,1,57.0575,344,0.0623,28,0,No fault,1,51.8993,309,0.0623,27,0,No fault,5.1582,0.0000
2026-08-12T12:03:25.917189,1786529005.917189,12.459437,1388,3.567883,1,57.1668,361,0.0183,28,0,No fault,1,52.0742,943,0.0549,27,0,No fault,5.0927,-0.0366
2026-08-12T12:03:25.925322,1786529005.925322,12.467569,1389,3.024365,1,57.4510,150,0.0549,28,0,No fault,1,52.4676,555,0.0037,27,0,No fault,4.9834,0.0513
2026-08-12T12:03:25.932371,1786529005.932371,12.474629,1390,2.423733,1,57.5821,238,0.0403,28,0,No fault,1,52.6206,785,0.0696,27,0,No fault,4.9615,-0.0293
2026-08-12T12:03:25.940745,1786529005.940745,12.482994,1391,1.867448,1,57.7132,185,0.0696,28,0,No fault,1,52.9703,397,0.0183,27,0,No fault,4.7430,0.0513
2026-08-12T12:03:25.948176,1786529005.948176,12.490448,1392,1.262757,1,57.8225,44,0.0696,28,0,No fault,1,53.1233,238,0.0696,27,0,No fault,4.6992,0.0000
2026-08-12T12:03:25.957139,1786529005.957139,12.499392,1393,0.696347,1,57.9537,626,0.0769,28,0,No fault,1,53.5823,696,0.0623,27,0,No fault,4.3714,0.0147
2026-08-12T12:03:25.963789,1786529005.963789,12.506039,1394,0.024099,1,58.0192,256,0.0623,28,0,No fault,1,53.6260,62,0.0916,27,0,No fault,4.3932,-0.0293
2026-08-12T12:03:25.972777,1786529005.972777,12.515023,1395,-0.470363,1,58.1067,256,0.0476,28,0,No fault,1,53.9757,397,0.1062,27,0,No fault,4.1310,-0.0586
2026-08-12T12:03:25.979249,1786529005.979249,12.521486,1396,-1.148087,1,58.2378,291,0.0403,28,0,No fault,1,54.1287,626,0.0769,27,0,No fault,4.1091,-0.0366
2026-08-12T12:03:25.988081,1786529005.988081,12.530335,1397,-1.632202,1,58.3252,115,0.0623,28,0,No fault,1,54.4128,379,0.0989,27,0,No fault,3.9124,-0.0366
2026-08-12T12:03:25.994676,1786529005.994676,12.536916,1398,-2.303273,1,58.4345,9,0.0842,28,0,No fault,1,54.5877,520,0.0623,27,0,No fault,3.8468,0.0220
2026-08-12T12:03:26.003544,1786529006.003544,12.545797,1399,-2.795157,1,58.4782,26,0.0623,28,0,No fault,1,54.8937,397,0.0842,27,0,No fault,3.5845,-0.0220
2026-08-12T12:03:26.010057,1786529006.010057,12.552306,1400,-3.476170,1,58.5657,-44,0.0549,28,0,No fault,1,55.0248,344,0.0549,27,0,No fault,3.5408,0.0000
2026-08-12T12:03:26.019081,1786529006.019081,12.561332,1401,-3.961750,1,58.6312,-9,0.0623,28,0,No fault,1,55.2871,-26,0.0623,27,0,No fault,3.3441,0.0000
2026-08-12T12:03:26.037124,1786529006.037124,12.579458,1402,-4.634453,1,58.7405,238,0.0476,28,0,No fault,1,55.7243,361,0.0403,27,0,No fault,3.0163,0.0073
2026-08-12T12:03:26.055033,1786529006.055033,12.597339,1403,-6.000631,1,58.8061,9,0.0549,28,0,No fault,1,56.0084,203,0.0330,27,0,No fault,2.7977,0.0220
2026-08-12T12:03:26.065755,1786529006.065755,12.608014,1404,-7.360987,1,58.8935,44,0.0403,28,0,No fault,1,56.3800,467,0.0183,27,0,No fault,2.5135,0.0220
2026-08-12T12:03:26.073102,1786529006.073102,12.615351,1405,-8.139577,1,58.9154,-79,0.0330,28,0,No fault,1,56.4455,115,0.0623,27,0,No fault,2.4698,-0.0293
2026-08-12T12:03:26.081156,1786529006.081156,12.623401,1406,-8.685228,1,58.9809,-26,0.0403,28,0,No fault,1,56.6641,185,0.0549,27,0,No fault,2.3168,-0.0147
2026-08-12T12:03:26.088374,1786529006.088374,12.630623,1407,-9.280668,1,58.9809,-26,0.0549,28,0,No fault,1,56.8171,502,0.0623,27,0,No fault,2.1638,-0.0073
2026-08-12T12:03:26.096528,1786529006.096528,12.638772,1408,-9.820503,1,59.0028,26,0.0696,28,0,No fault,1,57.1450,-97,0.0696,27,0,No fault,1.8578,0.0000
2026-08-12T12:03:26.103727,1786529006.103727,12.645974,1409,-10.422772,1,59.0028,62,0.0696,28,0,No fault,1,57.2324,44,0.0549,27,0,No fault,1.7704,0.0147
2026-08-12T12:03:26.111905,1786529006.111905,12.654149,1410,-10.960046,1,59.0028,97,0.0623,28,0,No fault,1,57.4072,450,0.0623,27,0,No fault,1.5956,0.0000
2026-08-12T12:03:26.119368,1786529006.119368,12.661614,1411,-11.572268,1,59.0028,115,0.0549,28,0,No fault,1,57.4510,238,0.0623,27,0,No fault,1.5518,-0.0073
2026-08-12T12:03:26.127361,1786529006.127361,12.669601,1412,-12.118273,1,58.9809,-9,0.0256,28,0,No fault,1,57.6258,309,0.0916,27,0,No fault,1.3551,-0.0659
2026-08-12T12:03:26.134460,1786529006.134460,12.676705,1413,-12.703158,1,59.0028,-273,0.0110,27,0,No fault,1,57.6914,79,0.0623,27,0,No fault,1.3114,-0.0513
2026-08-12T12:03:26.142967,1786529006.142967,12.685212,1414,-13.228151,1,58.9809,379,-0.0110,28,0,No fault,1,57.9100,379,0.0842,27,0,No fault,1.0710,-0.0952
2026-08-12T12:03:26.149867,1786529006.149867,12.692116,1415,-13.854073,1,58.9809,97,-0.0037,28,0,No fault,1,57.9100,-167,0.0696,27,0,No fault,1.0710,-0.0733
2026-08-12T12:03:26.158489,1786529006.158489,12.700736,1416,-14.361052,1,58.9591,150,-0.0256,28,0,No fault,1,58.0848,115,0.0842,27,0,No fault,0.8743,-0.1099
2026-08-12T12:03:26.165192,1786529006.165192,12.707433,1417,-14.990100,1,58.9372,-62,-0.0403,28,0,No fault,1,58.1504,273,0.0989,27,0,No fault,0.7868,-0.1392
2026-08-12T12:03:26.174616,1786529006.174616,12.716878,1418,-15.476096,1,58.9591,220,-0.0476,27,0,No fault,1,58.2597,220,0.0623,27,0,No fault,0.6994,-0.1099
2026-08-12T12:03:26.181547,1786529006.181547,12.723808,1419,-16.169448,1,58.8935,115,-0.0769,28,0,No fault,1,58.3252,256,0.0842,27,0,No fault,0.5683,-0.1612
2026-08-12T12:03:26.191749,1786529006.191749,12.734029,1420,-16.699969,1,58.8717,-9,-0.0549,28,0,No fault,1,58.4345,97,0.0403,27,0,No fault,0.4371,-0.0952
2026-08-12T12:03:26.200009,1786529006.200009,12.742298,1421,-17.426559,1,58.8280,-62,-0.0696,28,0,No fault,1,58.5438,-9,0.0476,27,0,No fault,0.2841,-0.1172
2026-08-12T12:03:26.207386,1786529006.207386,12.749635,1422,-18.008754,1,58.8061,-44,-0.0110,28,0,No fault,1,58.5875,344,0.0842,27,0,No fault,0.2186,-0.0952
2026-08-12T12:03:26.215473,1786529006.215473,12.757738,1423,-18.534819,1,58.6968,26,-0.0623,28,0,No fault,1,58.6750,273,0.0403,27,0,No fault,0.0219,-0.1026
2026-08-12T12:03:26.222397,1786529006.222397,12.764637,1424,-19.111483,1,58.6531,44,-0.0769,28,0,No fault,1,58.6968,256,0.0842,27,0,No fault,-0.0437,-0.1612
2026-08-12T12:03:26.241370,1786529006.241370,12.783694,1425,-19.599047,1,58.5657,-150,-0.0989,28,0,No fault,1,58.8498,-9,0.0476,27,0,No fault,-0.2841,-0.1465
2026-08-12T12:03:26.262413,1786529006.262413,12.804676,1426,-20.999216,1,58.4345,-115,-0.0769,28,0,No fault,1,58.8935,-44,0.0989,27,0,No fault,-0.4590,-0.1758
2026-08-12T12:03:26.270035,1786529006.270035,12.812283,1427,-22.440194,1,58.3252,-26,-0.0696,28,0,No fault,1,58.9372,150,0.0330,27,0,No fault,-0.6120,-0.1026
2026-08-12T12:03:26.279417,1786529006.279417,12.821707,1428,-22.964127,1,58.1722,-44,-0.1136,28,0,No fault,1,58.9809,150,0.0696,27,0,No fault,-0.8087,-0.1832
2026-08-12T12:03:26.289042,1786529006.289042,12.831285,1429,-23.622558,1,57.9755,-115,-0.0623,28,0,No fault,1,59.0028,220,0.0769,27,0,No fault,-1.0273,-0.1392
2026-08-12T12:03:26.295583,1786529006.295583,12.837848,1430,-24.278660,1,57.8881,-256,-0.0989,28,0,No fault,1,59.0028,-185,0.0549,27,0,No fault,-1.1147,-0.1538
2026-08-12T12:03:26.305361,1786529006.305361,12.847609,1431,-24.739812,1,57.7788,-150,-0.1136,28,0,No fault,1,59.0247,97,0.0256,27,0,No fault,-1.2458,-0.1392
2026-08-12T12:03:26.312001,1786529006.312001,12.854239,1432,-25.401446,1,57.6695,-361,-0.0842,28,0,No fault,1,59.0247,-115,0.0476,27,0,No fault,-1.3551,-0.1319
2026-08-12T12:03:26.321844,1786529006.321844,12.864098,1433,-25.872536,1,57.4947,-309,-0.0842,28,0,No fault,1,59.0247,26,0.0256,27,0,No fault,-1.5300,-0.1099
2026-08-12T12:03:26.330458,1786529006.330458,12.872735,1434,-26.521974,1,57.2761,-79,-0.0916,28,0,No fault,1,59.0247,-132,-0.0256,27,0,No fault,-1.7486,-0.0659
2026-08-12T12:03:26.337131,1786529006.337131,12.879376,1435,-27.104541,1,57.2105,-626,-0.0842,28,0,No fault,1,59.0028,115,-0.0037,27,0,No fault,-1.7923,-0.0806
2026-08-12T12:03:26.346119,1786529006.346119,12.888373,1436,-27.546036,1,57.0575,-502,-0.1136,28,0,No fault,1,58.9809,-26,-0.0037,27,0,No fault,-1.9234,-0.1099
2026-08-12T12:03:26.352606,1786529006.352606,12.894842,1437,-28.149179,1,56.9264,-591,-0.0842,28,0,No fault,1,58.9809,-26,-0.0256,27,0,No fault,-2.0546,-0.0586
2026-08-12T12:03:26.361628,1786529006.361628,12.903894,1438,-28.575645,1,56.8827,-485,-0.0769,28,0,No fault,1,58.9591,-150,-0.0330,27,0,No fault,-2.0764,-0.0440
2026-08-12T12:03:26.368464,1786529006.368464,12.910725,1439,-29.179070,1,56.6423,-62,-0.0769,28,0,No fault,1,58.9591,220,-0.0476,27,0,No fault,-2.3168,-0.0293
2026-08-12T12:03:26.377221,1786529006.377221,12.919486,1440,-29.626171,1,56.5111,-291,-0.0769,28,0,No fault,1,58.9154,-26,-0.0623,27,0,No fault,-2.4043,-0.0147
2026-08-12T12:03:26.384290,1786529006.384290,12.926558,1441,-30.210222,1,56.3144,-344,-0.1062,28,0,No fault,1,58.8935,-26,-0.0183,27,0,No fault,-2.5791,-0.0879
2026-08-12T12:03:26.392638,1786529006.392638,12.934903,1442,-30.661639,1,56.1833,-414,-0.0769,28,0,No fault,1,58.8280,-115,-0.0623,27,0,No fault,-2.6447,-0.0147
2026-08-12T12:03:26.399801,1786529006.399801,12.942051,1443,-31.197492,1,56.1177,-591,-0.0916,28,0,No fault,1,58.8061,62,-0.0623,27,0,No fault,-2.6884,-0.0293
2026-08-12T12:03:26.408413,1786529006.408413,12.950677,1444,-31.653728,1,55.8554,-467,-0.0549,28,0,No fault,1,58.7405,-273,-0.0696,27,0,No fault,-2.8851,0.0147
2026-08-12T12:03:26.415160,1786529006.415160,12.957400,1445,-32.206645,1,55.7243,-450,-0.0623,28,0,No fault,1,58.6968,-220,-0.0330,27,0,No fault,-2.9725,-0.0293
2026-08-12T12:03:26.423848,1786529006.423848,12.966085,1446,-32.629962,1,55.5276,-467,-0.0916,28,0,No fault,1,58.6312,-220,-0.0476,27,0,No fault,-3.1037,-0.0440
2026-08-12T12:03:26.430441,1786529006.430441,12.972682,1447,-33.176510,1,55.4401,-414,-0.0549,28,0,No fault,1,58.5657,-273,-0.0330,27,0,No fault,-3.1255,-0.0220
2026-08-12T12:03:26.447383,1786529006.447383,12.989654,1448,-33.589930,1,55.0904,-643,-0.0769,28,0,No fault,1,58.4127,-238,-0.0476,27,0,No fault,-3.3223,-0.0293
2026-08-12T12:03:26.465101,1786529006.465101,13.007402,1449,-34.675154,1,54.8281,-485,-0.0916,28,0,No fault,1,58.3034,-326,-0.0989,27,0,No fault,-3.4753,0.0073
2026-08-12T12:03:26.473212,1786529006.473212,13.015499,1450,-35.740556,1,54.5221,-379,-0.0769,28,0,No fault,1,58.1722,-62,-0.0476,27,0,No fault,-3.6501,-0.0293
2026-08-12T12:03:26.483752,1786529006.483752,13.026013,1451,-36.268834,1,54.1724,-361,-0.1282,28,0,No fault,1,58.0192,-291,-0.0769,27,0,No fault,-3.8468,-0.0513
2026-08-12T12:03:26.491837,1786529006.491837,13.034084,1452,-36.854914,1,53.9101,-326,-0.1355,28,0,No fault,1,57.8662,-238,-0.0916,27,0,No fault,-3.9561,-0.0440
2026-08-12T12:03:26.499077,1786529006.499077,13.041335,1453,-37.326004,1,53.6916,-679,-0.1062,28,0,No fault,1,57.8225,-132,-0.0696,27,0,No fault,-4.1310,-0.0366
2026-08-12T12:03:26.507207,1786529006.507207,13.049450,1454,-37.763917,1,53.4074,-432,-0.0769,28,0,No fault,1,57.4510,-450,-0.0403,27,0,No fault,-4.0435,-0.0366
2026-08-12T12:03:26.514224,1786529006.514224,13.056466,1455,-38.225131,1,52.8391,-379,-0.0476,28,0,No fault,1,57.4072,-379,-0.0623,27,0,No fault,-4.5681,0.0147
2026-08-12T12:03:26.522727,1786529006.522727,13.064988,1456,-38.630152,1,52.5550,-767,-0.0476,28,0,No fault,1,57.1887,-344,-0.0476,27,0,No fault,-4.6337,0.0000
2026-08-12T12:03:26.529658,1786529006.529658,13.071911,1457,-39.123542,1,52.4894,-414,-0.0476,28,0,No fault,1,57.1231,-626,-0.0842,27,0,No fault,-4.6337,0.0366
2026-08-12T12:03:26.538381,1786529006.538381,13.080638,1458,-39.516607,1,52.1616,-679,-0.1282,28,0,No fault,1,56.9483,-132,-0.0769,27,0,No fault,-4.7867,-0.0513
2026-08-12T12:03:26.545036,1786529006.545036,13.087287,1459,-40.010248,1,51.9867,-502,-0.0989,28,0,No fault,1,56.8171,-238,-0.0916,27,0,No fault,-4.8304,-0.0073
2026-08-12T12:03:26.553736,1786529006.553736,13.095987,1460,-40.381208,1,51.5933,-538,-0.0623,28,0,No fault,1,56.5767,-732,-0.0769,27,0,No fault,-4.9834,0.0147
2026-08-12T12:03:26.561505,1786529006.561505,13.103756,1461,-40.868578,1,51.3966,-608,-0.0989,28,0,No fault,1,56.4237,-326,-0.0769,27,0,No fault,-5.0271,-0.0220
2026-08-12T12:03:26.569120,1786529006.569120,13.111361,1462,-41.292460,1,50.6753,-467,-0.0842,28,0,No fault,1,56.2270,-309,-0.0769,27,0,No fault,-5.5517,-0.0073
2026-08-12T12:03:26.576756,1786529006.576756,13.119004,1463,-41.702901,1,50.5879,-432,-0.0696,28,0,No fault,1,56.0521,-273,-0.0842,27,0,No fault,-5.4642,0.0147
2026-08-12T12:03:26.584385,1786529006.584385,13.126630,1464,-42.122972,1,50.0415,-714,-0.1136,28,0,No fault,1,55.8336,-573,-0.0696,27,0,No fault,-5.7921,-0.0440
2026-08-12T12:03:26.592154,1786529006.592154,13.134401,1465,-42.523011,1,49.7355,-626,-0.1429,28,0,No fault,1,55.6587,-414,-0.0916,27,0,No fault,-5.9232,-0.0513
2026-08-12T12:03:26.599855,1786529006.599855,13.142103,1466,-42.935893,1,49.3202,-591,-0.0989,28,0,No fault,1,55.4401,-379,-0.0842,27,0,No fault,-6.1199,-0.0147
2026-08-12T12:03:26.610288,1786529006.610288,13.152539,1467,-43.339215,1,49.0798,-608,-0.0989,28,0,No fault,1,55.1560,-450,-0.0623,27,0,No fault,-6.0762,-0.0366
2026-08-12T12:03:26.617571,1786529006.617571,13.159810,1468,-43.879015,1,48.6426,-714,-0.0476,28,0,No fault,1,55.0030,-379,-0.0549,27,0,No fault,-6.3604,0.0073
2026-08-12T12:03:26.625519,1786529006.625519,13.167757,1469,-44.252174,1,48.0743,-767,-0.0916,28,0,No fault,1,54.6970,-62,-0.0696,27,0,No fault,-6.6227,-0.0220
2026-08-12T12:03:26.632914,1786529006.632914,13.175160,1470,-44.652228,1,47.8121,-802,-0.0769,27,0,No fault,1,54.5440,-167,-0.0842,27,0,No fault,-6.7319,0.0073
2026-08-12T12:03:26.653013,1786529006.653013,13.195274,1471,-45.038488,1,47.2219,-555,-0.1062,28,0,No fault,1,53.8227,-608,-0.0623,27,0,No fault,-6.6008,-0.0440
2026-08-12T12:03:26.670806,1786529006.670806,13.213059,1472,-46.016588,1,46.6099,-749,-0.0769,28,0,No fault,1,53.5167,-555,-0.0330,27,0,No fault,-6.9068,-0.0440
2026-08-12T12:03:26.681673,1786529006.681673,13.223926,1473,-46.867909,1,45.8668,-608,-0.0989,28,0,No fault,1,53.0140,-291,-0.0623,27,0,No fault,-7.1472,-0.0366
2026-08-12T12:03:26.691807,1786529006.691807,13.234049,1474,-47.370199,1,45.4734,-785,-0.1209,28,0,No fault,1,52.6643,-344,-0.0476,27,0,No fault,-7.1909,-0.0733
2026-08-12T12:03:26.702059,1786529006.702059,13.244305,1475,-47.833661,1,44.9707,-626,-0.1062,28,0,No fault,1,52.2490,-309,-0.0403,27,0,No fault,-7.2784,-0.0659
2026-08-12T12:03:26.712225,1786529006.712225,13.254472,1476,-48.296032,1,43.8997,-802,-0.0403,28,0,No fault,1,51.7900,-573,-0.0623,27,0,No fault,-7.8904,0.0220
2026-08-12T12:03:26.722434,1786529006.722434,13.264679,1477,-48.753435,1,43.5281,-467,-0.0623,28,0,No fault,1,51.4403,-273,-0.0769,27,0,No fault,-7.9122,0.0147
2026-08-12T12:03:26.732608,1786529006.732608,13.274852,1478,-49.191530,1,43.1784,-802,-0.1355,28,0,No fault,1,51.1562,-361,-0.1062,27,0,No fault,-7.9778,-0.0293
2026-08-12T12:03:26.743084,1786529006.743084,13.285324,1479,-49.626680,1,42.5882,-679,-0.0256,28,0,No fault,1,50.6535,-714,-0.0989,27,0,No fault,-8.0652,0.0733
2026-08-12T12:03:26.753306,1786529006.753306,13.295556,1480,-50.064398,1,42.3260,-679,-0.0256,28,0,No fault,1,50.3037,-943,-0.0842,27,0,No fault,-7.9778,0.0586
2026-08-12T12:03:26.763644,1786529006.763644,13.305898,1481,-50.493114,1,41.7795,-785,-0.1136,28,0,No fault,1,49.8666,-767,-0.0256,27,0,No fault,-8.0871,-0.0879
2026-08-12T12:03:26.771091,1786529006.771091,13.313332,1482,-50.905301,1,41.1238,-749,-0.1209,28,0,No fault,1,49.6699,-661,-0.0549,27,0,No fault,-8.5461,-0.0659
2026-08-12T12:03:26.779046,1786529006.779046,13.321280,1483,-51.202245,1,40.6648,-767,-0.0842,28,0,No fault,1,49.2109,-696,-0.0476,27,0,No fault,-8.5461,-0.0366
2026-08-12T12:03:26.786263,1786529006.786263,13.328499,1484,-51.506967,1,40.2714,-626,-0.0916,28,0,No fault,1,48.9705,-785,-0.0403,27,0,No fault,-8.6991,-0.0513
2026-08-12T12:03:26.794795,1786529006.794795,13.337044,1485,-51.783560,1,39.7906,-732,-0.0769,28,0,No fault,1,48.5333,-855,-0.0623,27,0,No fault,-8.7428,-0.0147
2026-08-12T12:03:26.802220,1786529006.802220,13.344483,1486,-52.109319,1,39.3534,-767,-0.0916,28,0,No fault,1,48.2929,-502,-0.0476,27,0,No fault,-8.9395,-0.0440
2026-08-12T12:03:26.810266,1786529006.810266,13.352510,1487,-52.387112,1,38.9163,-926,-0.0916,28,0,No fault,1,47.8121,-802,-0.0769,27,0,No fault,-8.8958,-0.0147
2026-08-12T12:03:26.817606,1786529006.817606,13.359847,1488,-52.675520,1,38.5010,-996,-0.0842,28,0,No fault,1,47.5716,-696,-0.0330,27,0,No fault,-9.0706,-0.0513
2026-08-12T12:03:26.825550,1786529006.825550,13.367792,1489,-52.941044,1,38.0201,-591,-0.0403,28,0,No fault,1,47.1345,-344,-0.1062,27,0,No fault,-9.1143,0.0659
2026-08-12T12:03:26.832658,1786529006.832658,13.374903,1490,-53.217049,1,37.5830,-837,-0.0916,28,0,No fault,1,46.8722,-855,-0.0842,27,0,No fault,-9.2892,-0.0073
2026-08-12T12:03:26.841203,1786529006.841203,13.383450,1491,-53.467031,1,37.5830,-837,-0.0916,28,0,No fault,1,46.3914,-785,-0.0476,27,0,No fault,-8.8083,-0.0440
2026-08-12T12:03:26.857553,1786529006.857553,13.399811,1492,-53.752351,1,36.6869,-961,-0.1282,28,0,No fault,1,45.6482,-591,-0.0476,27,0,No fault,-8.9613,-0.0806
2026-08-12T12:03:26.875041,1786529006.875041,13.417287,1493,-54.290490,1,35.7470,-996,-0.0769,28,0,No fault,1,44.8395,-926,-0.0476,27,0,No fault,-9.0925,-0.0293
2026-08-12T12:03:26.885229,1786529006.885229,13.427472,1494,-54.837703,1,34.8072,-626,-0.0842,28,0,No fault,1,44.2931,-573,-0.1282,27,0,No fault,-9.4859,0.0440
2026-08-12T12:03:26.895429,1786529006.895429,13.437672,1495,-55.151231,1,34.3045,-1102,-0.0623,28,0,No fault,1,43.5718,-520,-0.0549,27,0,No fault,-9.2673,-0.0073
2026-08-12T12:03:26.905617,1786529006.905617,13.447864,1496,-55.443678,1,33.6269,-837,-0.0623,28,0,No fault,1,43.2002,-802,-0.0842,27,0,No fault,-9.5733,0.0220
2026-08-12T12:03:26.915824,1786529006.915824,13.458062,1497,-55.733496,1,32.8619,-996,-0.1355,28,0,No fault,1,42.2604,-908,-0.1062,27,0,No fault,-9.3985,-0.0293
2026-08-12T12:03:26.925998,1786529006.925998,13.468235,1498,-56.013246,1,31.6816,-749,-0.0696,28,0,No fault,1,41.8888,-749,-0.1062,27,0,No fault,-10.2072,0.0366
2026-08-12T12:03:26.936184,1786529006.936184,13.478420,1499,-56.283614,1,31.2445,-785,-0.1355,28,0,No fault,1,41.4517,-626,-0.0769,27,0,No fault,-10.2072,-0.0586
2026-08-12T12:03:26.946380,1786529006.946380,13.488616,1500,-56.544901,1,30.7199,-538,-0.0549,27,0,No fault,1,40.8615,-873,-0.0623,27,0,No fault,-10.1416,0.0073
2026-08-12T12:03:26.956599,1786529006.956599,13.498836,1501,-56.799939,1,29.9331,-1225,-0.1209,28,0,No fault,1,40.2058,-855,-0.1062,27,0,No fault,-10.2728,-0.0147
2026-08-12T12:03:26.966782,1786529006.966782,13.509020,1502,-57.045828,1,29.3867,-679,-0.0769,28,0,No fault,1,39.7031,-714,-0.0476,27,0,No fault,-10.3165,-0.0293
2026-08-12T12:03:26.976967,1786529006.976967,13.519207,1503,-57.274638,1,28.6654,-873,-0.1355,28,0,No fault,1,39.0911,-1031,-0.0769,27,0,No fault,-10.4258,-0.0586
2026-08-12T12:03:26.987828,1786529006.987828,13.530104,1504,-57.498552,1,27.8567,-961,-0.1209,28,0,No fault,1,38.4354,-802,-0.0696,27,0,No fault,-10.5788,-0.0513
2026-08-12T12:03:26.997638,1786529006.997638,13.539913,1505,-57.733144,1,27.2665,-1031,-0.0769,28,0,No fault,1,37.9327,-890,-0.0842,27,0,No fault,-10.6662,0.0073
2026-08-12T12:03:27.007891,1786529007.007891,13.550182,1506,-57.926819,1,26.5671,-837,-0.0842,28,0,No fault,1,37.3207,-767,-0.0549,27,0,No fault,-10.7536,-0.0293
2026-08-12T12:03:27.018073,1786529007.018073,13.560337,1507,-58.125114,1,26.2393,-732,-0.0330,27,0,No fault,1,36.6213,-926,-0.0696,27,0,No fault,-10.3820,0.0366
2026-08-12T12:03:27.028265,1786529007.028265,13.570528,1508,-58.308798,1,25.5180,-855,-0.0476,28,0,No fault,1,36.0749,-820,-0.0476,27,0,No fault,-10.5569,0.0000
2026-08-12T12:03:27.034913,1786529007.034913,13.577155,1509,-58.484590,1,24.7748,-1084,-0.1136,28,0,No fault,1,35.6596,-1049,-0.0769,27,0,No fault,-10.8848,-0.0366
2026-08-12T12:03:27.043592,1786529007.043592,13.585855,1510,-58.593023,1,24.4251,-961,-0.1209,28,0,No fault,1,35.1569,-996,-0.0549,27,0,No fault,-10.7318,-0.0659
2026-08-12T12:03:27.061922,1786529007.061922,13.604169,1511,-58.736748,1,23.3979,-450,-0.0769,28,0,No fault,1,34.2170,-837,-0.0916,27,0,No fault,-10.8192,0.0147
2026-08-12T12:03:27.076184,1786529007.076184,13.618464,1512,-58.998422,1,22.6547,-926,-0.0696,28,0,No fault,1,33.5395,-1261,-0.0769,27,0,No fault,-10.8848,0.0073
2026-08-12T12:03:27.083870,1786529007.083870,13.626117,1513,-59.187169,1,21.8023,-961,-0.0916,28,0,No fault,1,32.7963,-837,-0.0916,27,0,No fault,-10.9940,0.0000
2026-08-12T12:03:27.091948,1786529007.091948,13.634194,1514,-59.278571,1,21.1903,-1067,-0.0623,28,0,No fault,1,31.9002,-785,-0.0549,27,0,No fault,-10.7099,-0.0073
2026-08-12T12:03:27.099128,1786529007.099128,13.641388,1515,-59.368136,1,20.7094,-855,-0.0476,28,0,No fault,1,31.7472,-855,-0.0623,27,0,No fault,-11.0378,0.0147
2026-08-12T12:03:27.107446,1786529007.107446,13.649696,1516,-59.444718,1,20.0756,-1067,-0.1282,28,0,No fault,1,30.7199,-538,-0.0549,27,0,No fault,-10.6443,-0.0733
2026-08-12T12:03:27.114674,1786529007.114674,13.656932,1517,-59.526063,1,19.6385,-1190,-0.1648,28,0,No fault,1,30.4795,-626,-0.2381,27,0,No fault,-10.8410,0.0733
2026-08-12T12:03:27.122875,1786529007.122875,13.665160,1518,-59.592936,1,17.8680,-978,-0.0696,28,0,No fault,1,30.0642,-714,-0.2381,27,0,No fault,-12.1962,0.1685
2026-08-12T12:03:27.130026,1786529007.130026,13.672280,1519,-59.662014,1,17.6932,-1014,-0.0330,28,0,No fault,1,29.8238,-608,-0.0916,27,0,No fault,-12.1306,0.0586
2026-08-12T12:03:27.138266,1786529007.138266,13.680510,1520,-59.715672,1,17.1686,-1049,-0.0916,28,0,No fault,1,29.0151,-943,-0.0916,27,0,No fault,-11.8465,0.0000
2026-08-12T12:03:27.145278,1786529007.145278,13.687523,1521,-59.773281,1,16.8189,-943,-0.0916,28,0,No fault,1,28.7528,-1243,-0.0769,27,0,No fault,-11.9339,-0.0147
2026-08-12T12:03:27.152735,1786529007.152735,13.694985,1522,-59.816489,1,16.4473,-1225,-0.0330,28,0,No fault,1,28.3812,-1031,-0.0623,27,0,No fault,-11.9339,0.0293
2026-08-12T12:03:27.160851,1786529007.160851,13.703099,1523,-59.857888,1,16.0102,-996,-0.1282,28,0,No fault,1,27.6600,-1243,-0.0696,27,0,No fault,-11.6497,-0.0586
2026-08-12T12:03:27.167486,1786529007.167486,13.709766,1524,-59.896853,1,15.4419,-1137,-0.0989,28,0,No fault,1,27.2884,-1031,-0.0476,27,0,No fault,-11.8465,-0.0513
2026-08-12T12:03:27.176754,1786529007.176754,13.719023,1525,-59.924204,1,14.7425,-926,-0.1209,28,0,No fault,1,26.6108,-802,-0.1062,27,0,No fault,-11.8683,-0.0147
2026-08-12T12:03:27.183883,1786529007.183883,13.726162,1526,-59.955232,1,14.1087,-732,-0.0549,28,0,No fault,1,26.2393,-732,-0.0330,27,0,No fault,-12.1306,-0.0220
2026-08-12T12:03:27.192102,1786529007.192102,13.734360,1527,-59.974006,1,13.6059,-1049,-0.0916,28,0,No fault,1,25.5398,-1137,-0.0916,27,0,No fault,-11.9339,0.0000
2026-08-12T12:03:27.198949,1786529007.198949,13.741195,1528,-59.988780,1,13.3218,-1067,-0.0476,28,0,No fault,1,25.1027,-1208,-0.0842,27,0,No fault,-11.7809,0.0366
2026-08-12T12:03:27.208078,1786529007.208078,13.750356,1529,-59.996490,1,12.4257,-978,-0.0696,28,0,No fault,1,24.4688,-1049,-0.0623,27,0,No fault,-12.0432,-0.0073
2026-08-12T12:03:27.218208,1786529007.218208,13.760451,1530,-59.999575,1,11.7700,-1102,-0.0769,28,0,No fault,1,23.7039,-1137,-0.0476,27,0,No fault,-11.9339,-0.0293
2026-08-12T12:03:27.224528,1786529007.224528,13.766768,1531,-59.994593,1,11.2673,-1067,-0.1355,28,0,No fault,1,23.3323,-1261,-0.0403,27,0,No fault,-12.0650,-0.0952
2026-08-12T12:03:27.233589,1786529007.233589,13.775843,1532,-59.986419,1,10.8520,-978,-0.0842,28,0,No fault,1,22.6329,-1278,-0.1062,27,0,No fault,-11.7809,0.0220
2026-08-12T12:03:27.240073,1786529007.240073,13.782318,1533,-59.967930,1,10.6553,-1119,-0.0989,28,0,No fault,1,22.2831,-802,-0.0549,27,0,No fault,-11.6279,-0.0440
2026-08-12T12:03:27.248942,1786529007.248942,13.791191,1534,-59.949963,1,10.0651,-1067,-0.0623,28,0,No fault,1,21.5619,-1102,-0.0842,27,0,No fault,-11.4967,0.0220
2026-08-12T12:03:27.266893,1786529007.266893,13.809166,1535,-59.918210,1,8.7318,-1155,-0.0330,28,0,No fault,1,20.4690,-1049,-0.1062,27,0,No fault,-11.7372,0.0733
2026-08-12T12:03:27.285889,1786529007.285889,13.828182,1536,-59.832001,1,7.8139,-1119,-0.0696,28,0,No fault,1,19.6603,-820,-0.1062,27,0,No fault,-11.8465,0.0366
2026-08-12T12:03:27.296418,1786529007.296418,13.838677,1537,-59.707495,1,6.6773,-1014,-0.1429,28,0,No fault,1,18.6112,-996,-0.0696,27,0,No fault,-11.9339,-0.0733
2026-08-12T12:03:27.303275,1786529007.303275,13.845523,1538,-59.625866,1,5.9779,-996,-0.0549,28,0,No fault,1,18.2396,-785,-0.0476,27,0,No fault,-12.2617,-0.0073
2026-08-12T12:03:27.312030,1786529007.312030,13.854290,1539,-59.566410,1,5.4970,-1031,-0.0696,28,0,No fault,1,16.9282,-837,-0.0769,27,0,No fault,-11.4312,0.0073
2026-08-12T12:03:27.318949,1786529007.318949,13.861197,1540,-59.482828,1,4.7976,-1172,-0.0696,28,0,No fault,1,16.6441,-1084,-0.1795,27,0,No fault,-11.8465,0.1099
2026-08-12T12:03:27.327765,1786529007.327765,13.870031,1541,-59.412264,1,4.3386,-1049,-0.0916,28,0,No fault,1,16.1413,-1084,-0.2234,27,0,No fault,-11.8027,0.1319
2026-08-12T12:03:27.334763,1786529007.334763,13.877008,1542,-59.315473,1,2.8742,-873,-0.1355,28,0,No fault,1,15.5075,-1243,-0.0183,27,0,No fault,-12.6333,-0.1172
2026-08-12T12:03:27.343349,1786529007.343349,13.885599,1543,-59.235180,1,2.6993,-908,-0.0916,28,0,No fault,1,15.0922,-1331,-0.0769,27,0,No fault,-12.3929,-0.0147
2026-08-12T12:03:27.350018,1786529007.350018,13.892261,1544,-59.128418,1,2.1529,-1137,-0.2088,28,0,No fault,1,14.7206,-1014,-0.0842,27,0,No fault,-12.5677,-0.1245
2026-08-12T12:03:27.358672,1786529007.358672,13.900914,1545,-59.041128,1,1.0163,-802,-0.0989,28,0,No fault,1,13.7371,-1137,-0.0476,27,0,No fault,-12.7207,-0.0513
2026-08-12T12:03:27.364978,1786529007.364978,13.907222,1546,-58.921770,1,0.6448,-926,-0.1062,28,0,No fault,1,13.5404,-1454,-0.0769,27,0,No fault,-12.8956,-0.0293
2026-08-12T12:03:27.374019,1786529007.374019,13.916281,1547,-58.829248,1,0.2514,-1014,-0.0623,28,0,No fault,1,12.7754,-1119,-0.1062,27,0,No fault,-12.5240,0.0440
2026-08-12T12:03:27.381113,1786529007.381113,13.923366,1548,-58.690841,1,-0.5355,-1137,-0.0769,28,0,No fault,1,12.4038,-943,-0.0769,27,0,No fault,-12.9393,0.0000
2026-08-12T12:03:27.390046,1786529007.390046,13.932299,1549,-58.577917,1,-0.9289,-1049,-0.0916,28,0,No fault,1,11.6388,-1014,-0.0842,27,0,No fault,-12.5677,-0.0073
2026-08-12T12:03:27.400265,1786529007.400265,13.942524,1550,-58.428063,1,-1.6939,-1225,-0.1282,28,0,No fault,1,10.6990,-1084,-0.0769,27,0,No fault,-12.3929,-0.0513
2026-08-12T12:03:27.407567,1786529007.407567,13.949819,1551,-58.246142,1,-2.6556,-1331,-0.0916,28,0,No fault,1,10.4585,-1031,-0.0842,27,0,No fault,-13.1142,-0.0073
2026-08-12T12:03:27.415670,1786529007.415670,13.957927,1552,-58.108693,1,-2.8742,-1225,-0.0696,28,0,No fault,1,9.5406,-926,-0.0696,27,0,No fault,-12.4147,0.0000
2026-08-12T12:03:27.422699,1786529007.422699,13.964951,1553,-57.958714,1,-3.7703,-1084,-0.0916,28,0,No fault,1,9.0160,-943,-0.0623,27,0,No fault,-12.7863,-0.0293
2026-08-12T12:03:27.431514,1786529007.431514,13.973818,1554,-57.819964,1,-4.0326,-978,-0.0476,28,0,No fault,1,8.3384,-1225,-0.1355,27,0,No fault,-12.3710,0.0879
2026-08-12T12:03:27.438696,1786529007.438696,13.980959,1555,-57.637980,1,-4.9506,-1102,-0.0330,28,0,No fault,1,7.8576,-1119,-0.0842,27,0,No fault,-12.8082,0.0513
2026-08-12T12:03:27.446934,1786529007.446934,13.989183,1556,-57.479423,1,-5.2347,-1172,-0.0989,28,0,No fault,1,7.1800,-996,-0.1355,27,0,No fault,-12.4147,0.0366
2026-08-12T12:03:27.453658,1786529007.453658,13.995907,1557,-57.305166,1,-5.6063,-1190,-0.1355,28,0,No fault,1,6.8959,-1155,-0.0769,27,0,No fault,-12.5022,-0.0586
2026-08-12T12:03:27.477882,1786529007.477882,14.020159,1558,-57.151814,1,-6.3494,-855,-0.0989,28,0,No fault,1,5.7156,-1084,-0.0916,27,0,No fault,-12.0650,-0.0073
2026-08-12T12:03:27.487188,1786529007.487188,14.029441,1559,-56.566191,1,-7.5297,-1119,-0.1062,28,0,No fault,1,4.8632,-855,-0.1062,27,0,No fault,-12.3929,0.0000
2026-08-12T12:03:27.494809,1786529007.494809,14.037051,1560,-56.327917,1,-7.9450,-873,-0.0842,28,0,No fault,1,4.1419,-1349,-0.0696,27,0,No fault,-12.0869,-0.0147
2026-08-12T12:03:27.503829,1786529007.503829,14.046071,1561,-56.126604,1,-8.7318,-890,-0.0403,28,0,No fault,1,3.3769,-1225,-0.0183,27,0,No fault,-12.1087,-0.0220
2026-08-12T12:03:27.510551,1786529007.510551,14.052797,1562,-55.889060,1,-9.2783,-996,-0.0696,28,0,No fault,1,2.8742,-1049,-0.0916,27,0,No fault,-12.1525,0.0220
2026-08-12T12:03:27.519181,1786529007.519181,14.061439,1563,-55.699244,1,-9.8903,-926,-0.1136,28,0,No fault,1,1.8032,-1084,-0.2527,27,0,No fault,-11.6935,0.1392
2026-08-12T12:03:27.525978,1786529007.525978,14.068221,1564,-55.456192,1,-10.3711,-961,-0.1282,28,0,No fault,1,1.5846,-1049,0.0110,27,0,No fault,-11.9557,-0.1392
2026-08-12T12:03:27.534779,1786529007.534779,14.077025,1565,-55.260032,1,-10.8083,-908,-0.0696,28,0,No fault,1,1.0601,-1172,-0.2308,27,0,No fault,-11.8683,0.1612
2026-08-12T12:03:27.541399,1786529007.541399,14.083635,1566,-54.997728,1,-11.0050,-855,-0.0623,28,0,No fault,1,0.4699,-1172,-0.0623,27,0,No fault,-11.4749,0.0000
2026-08-12T12:03:27.550174,1786529007.550174,14.092411,1567,-54.794742,1,-12.4257,-714,-0.0403,28,0,No fault,1,-0.1639,-1031,-0.0842,27,0,No fault,-12.2617,0.0440
2026-08-12T12:03:27.556770,1786529007.556770,14.099009,1568,-54.524084,1,-12.8628,-1137,-0.1575,28,0,No fault,1,-0.7322,-1119,-0.0696,27,0,No fault,-12.1306,-0.0879
2026-08-12T12:03:27.565504,1786529007.565504,14.107748,1569,-54.312376,1,-13.5622,-1278,0.0183,28,0,No fault,1,-1.3661,-1331,-0.0549,27,0,No fault,-12.1962,0.0733
2026-08-12T12:03:27.571907,1786529007.571907,14.114152,1570,-54.031683,1,-13.9338,-1119,-0.0330,28,0,No fault,1,-1.9125,-1049,-0.0842,27,0,No fault,-12.0213,0.0513
2026-08-12T12:03:27.580841,1786529007.580841,14.123080,1571,-53.810984,1,-15.0266,-1225,-0.0842,28,0,No fault,1,-2.5682,-1243,-0.0623,27,0,No fault,-12.4585,-0.0220
2026-08-12T12:03:27.587209,1786529007.587209,14.129450,1572,-53.519471,1,-15.5294,-908,-0.0769,28,0,No fault,1,-3.1365,-1243,-0.1062,27,0,No fault,-12.3929,0.0293
2026-08-12T12:03:27.596167,1786529007.596167,14.138406,1573,-53.300993,1,-16.2069,-837,-0.0842,28,0,No fault,1,-3.7485,-1102,-0.0769,27,0,No fault,-12.4585,-0.0073
2026-08-12T12:03:27.602463,1786529007.602463,14.144698,1574,-52.987328,1,-16.5566,-1014,-0.0916,28,0,No fault,1,-4.3167,-1225,-0.1062,27,0,No fault,-12.2399,0.0147
2026-08-12T12:03:27.611588,1786529007.611588,14.153835,1575,-52.763596,1,-16.9063,-1172,-0.0549,28,0,No fault,1,-4.9506,-1243,-0.0476,27,0,No fault,-11.9557,-0.0073
2026-08-12T12:03:27.618090,1786529007.618090,14.160327,1576,-52.430617,1,-17.4091,-1014,-0.0623,28,0,No fault,1,-5.4533,-1031,-0.1209,27,0,No fault,-11.9557,0.0586
2026-08-12T12:03:27.627122,1786529007.627122,14.169367,1577,-52.182479,1,-18.1303,-1084,-0.0842,28,0,No fault,1,-6.1309,-1049,-0.0476,27,0,No fault,-11.9995,-0.0366
2026-08-12T12:03:27.633567,1786529007.633567,14.175851,1578,-51.851363,1,-18.3708,-908,-0.0769,27,0,No fault,1,-6.6336,-961,-0.0989,27,0,No fault,-11.7372,0.0220
2026-08-12T12:03:27.642822,1786529007.642822,14.185087,1579,-51.596260,1,-19.2013,-926,-0.0916,28,0,No fault,1,-7.3330,-873,-0.0769,27,0,No fault,-11.8683,-0.0147
2026-08-12T12:03:27.649579,1786529007.649579,14.191830,1580,-51.243886,1,-19.6822,-1190,-0.0623,28,0,No fault,1,-7.8576,-1225,-0.1429,27,0,No fault,-11.8246,0.0806
2026-08-12T12:03:27.659123,1786529007.659123,14.201365,1581,-50.968847,1,-19.9663,-1190,-0.0696,28,0,No fault,1,-8.6444,-1313,-0.0696,27,0,No fault,-11.3219,0.0000
2026-08-12T12:03:27.688915,1786529007.688915,14.231204,1582,-50.595664,1,-21.9553,-1366,-0.0403,28,0,No fault,1,-10.1963,-961,-0.0549,27,0,No fault,-11.7590,0.0147
2026-08-12T12:03:27.696616,1786529007.696616,14.238897,1583,-49.343368,1,-22.5454,-873,-0.1575,28,0,No fault,1,-10.9175,-1119,-0.0696,27,0,No fault,-11.6279,-0.0879
2026-08-12T12:03:27.705688,1786529007.705688,14.247939,1584,-49.013764,1,-23.2449,-820,-0.0696,28,0,No fault,1,-11.9230,-732,-0.0916,27,0,No fault,-11.3219,0.0220
2026-08-12T12:03:27.712218,1786529007.712218,14.254466,1585,-48.621827,1,-23.5946,-978,-0.0842,28,0,No fault,1,-12.0978,-996,-0.0842,27,0,No fault,-11.4967,0.0000
2026-08-12T12:03:27.721417,1786529007.721417,14.263680,1586,-48.333071,1,-23.9661,-1278,-0.0623,27,0,No fault,1,-13.2781,-890,-0.0476,27,0,No fault,-10.6880,-0.0147
2026-08-12T12:03:27.727515,1786529007.727515,14.269767,1587,-47.920749,1,-24.6656,-785,-0.0623,28,0,No fault,1,-13.5841,-714,-0.1355,27,0,No fault,-11.0815,0.0733
2026-08-12T12:03:27.736912,1786529007.736912,14.279165,1588,-47.640605,1,-25.3431,-785,-0.0916,28,0,No fault,1,-14.0649,-996,-0.2088,27,0,No fault,-11.2782,0.1172
2026-08-12T12:03:27.743531,1786529007.743531,14.285770,1589,-47.204662,1,-26.7857,-837,-0.1062,28,0,No fault,1,-14.3709,-1208,-0.0696,27,0,No fault,-12.4147,-0.0366
2026-08-12T12:03:27.752426,1786529007.752426,14.294680,1590,-46.898900,1,-26.9387,-837,-0.0842,28,0,No fault,1,-15.1359,-1102,-0.0842,27,0,No fault,-11.8027,0.0000
2026-08-12T12:03:27.759083,1786529007.759083,14.301331,1591,-46.469232,1,-27.4414,-696,-0.1282,28,0,No fault,1,-15.5294,-1402,-0.0916,27,0,No fault,-11.9120,-0.0366
2026-08-12T12:03:27.767816,1786529007.767816,14.310064,1592,-46.152892,1,-28.0971,-1049,-0.0476,28,0,No fault,1,-16.5566,-1084,-0.0476,27,0,No fault,-11.5405,0.0000
2026-08-12T12:03:27.774387,1786529007.774387,14.316636,1593,-45.731514,1,-28.4031,-837,-0.0549,28,0,No fault,1,-16.7533,-1225,-0.0696,27,0,No fault,-11.6497,0.0147
2026-08-12T12:03:27.783457,1786529007.783457,14.325704,1594,-45.408342,1,-28.7528,-802,-0.0842,28,0,No fault,1,-17.4528,-1243,-0.1136,27,0,No fault,-11.3000,0.0293
2026-08-12T12:03:27.789964,1786529007.789964,14.332206,1595,-44.958433,1,-29.5834,-961,-0.0842,28,0,No fault,1,-17.9555,-1384,-0.0549,27,0,No fault,-11.6279,-0.0293
2026-08-12T12:03:27.798830,1786529007.798830,14.341073,1596,-44.635217,1,-30.1298,-1031,-0.0842,28,0,No fault,1,-18.5675,-943,-0.0769,27,0,No fault,-11.5623,-0.0073
2026-08-12T12:03:27.805830,1786529007.805830,14.348070,1597,-44.183941,1,-30.5888,-837,-0.0696,28,0,No fault,1,-19.0702,-1049,-0.0549,27,0,No fault,-11.5186,-0.0147
2026-08-12T12:03:27.814492,1786529007.814492,14.356743,1598,-43.828054,1,-31.1134,-661,-0.1282,28,0,No fault,1,-19.7259,-996,-0.0769,27,0,No fault,-11.3875,-0.0513
2026-08-12T12:03:27.821148,1786529007.821148,14.363393,1599,-43.378391,1,-31.5505,-978,-0.0842,28,0,No fault,1,-20.1849,-978,-0.1282,27,0,No fault,-11.3656,0.0440
2026-08-12T12:03:27.830230,1786529007.830230,14.372489,1600,-43.031596,1,-31.7472,-767,-0.0989,28,0,No fault,1,-20.8187,-873,-0.0916,27,0,No fault,-10.9285,-0.0073
2026-08-12T12:03:27.837056,1786529007.837056,14.379300,1601,-42.544160,1,-32.0969,-696,-0.0696,28,0,No fault,1,-21.3214,-1067,-0.0916,27,0,No fault,-10.7755,0.0220
2026-08-12T12:03:27.845759,1786529007.845759,14.388017,1602,-42.182649,1,-32.7308,-890,-0.0769,28,0,No fault,1,-21.9116,-1031,-0.1062,27,0,No fault,-10.8192,0.0293
2026-08-12T12:03:27.852386,1786529007.852386,14.394634,1603,-41.712662,1,-32.9056,-767,-0.0623,28,0,No fault,1,-22.4361,-978,-0.1136,27,0,No fault,-10.4695,0.0513
2026-08-12T12:03:27.861306,1786529007.861306,14.403552,1604,-41.355968,1,-33.1460,-1119,-0.0842,28,0,No fault,1,-23.0044,-926,-0.0549,27,0,No fault,-10.1416,-0.0293
2026-08-12T12:03:27.889209,1786529007.889209,14.431544,1605,-40.861648,1,-34.5230,-767,-0.0549,28,0,No fault,1,-24.8404,-1172,-0.0842,27,0,No fault,-9.6826,0.0293
2026-08-12T12:03:27.899555,1786529007.899555,14.441822,1606,-39.277553,1,-35.0476,-679,-0.0989,28,0,No fault,1,-25.8677,-679,-0.0769,27,0,No fault,-9.1799,-0.0220
2026-08-12T12:03:27.907837,1786529007.907837,14.450090,1607,-38.702631,1,-35.6377,-802,-0.1209,28,0,No fault,1,-26.5671,-802,-0.0330,27,0,No fault,-9.0706,-0.0879
2026-08-12T12:03:27.915064,1786529007.915064,14.457306,1608,-38.228537,1,-35.9656,-1049,-0.1062,28,0,No fault,1,-26.7420,-978,-0.1062,27,0,No fault,-9.2236,0.0000
2026-08-12T12:03:27.923156,1786529007.923156,14.465401,1609,-37.808526,1,-36.5776,-873,-0.0623,28,0,No fault,1,-27.7255,-555,-0.2674,27,0,No fault,-8.8521,0.2051
2026-08-12T12:03:27.930269,1786529007.930269,14.472508,1610,-37.334044,1,-36.8617,-732,-0.0549,28,0,No fault,1,-28.0752,-978,-0.0476,27,0,No fault,-8.7865,-0.0073
2026-08-12T12:03:27.938681,1786529007.938681,14.480921,1611,-36.908578,1,-37.4737,-890,-0.0842,28,0,No fault,1,-28.4687,-1454,-0.1282,27,0,No fault,-9.0051,0.0440
2026-08-12T12:03:27.945617,1786529007.945617,14.487879,1612,-36.409970,1,-37.8234,-961,-0.1136,28,0,No fault,1,-28.9714,-1067,-0.0916,27,0,No fault,-8.8521,-0.0220
2026-08-12T12:03:27.955245,1786529007.955245,14.497509,1613,-35.985290,1,-38.0420,-943,-0.0549,28,0,No fault,1,-29.4741,-890,-0.1502,27,0,No fault,-8.5679,0.0952
2026-08-12T12:03:27.962381,1786529007.962381,14.504641,1614,-35.403101,1,-39.2004,-785,-0.0330,28,0,No fault,1,-29.9549,-1049,-0.0842,27,0,No fault,-9.2455,0.0513
2026-08-12T12:03:27.972336,1786529007.972336,14.514585,1615,-34.960782,1,-39.5720,-538,-0.0989,28,0,No fault,1,-30.5014,-890,-0.0916,27,0,No fault,-9.0706,-0.0073
2026-08-12T12:03:27.980879,1786529007.980879,14.523128,1616,-34.358578,1,-39.9873,-908,-0.2015,28,0,No fault,1,-31.1789,-926,-0.0769,27,0,No fault,-8.8083,-0.1245
2026-08-12T12:03:27.987621,1786529007.987621,14.529869,1617,-33.830490,1,-40.0747,-344,-0.0769,27,0,No fault,1,-31.5286,-1067,-0.0549,27,0,No fault,-8.5461,-0.0220
2026-08-12T12:03:27.996755,1786529007.996755,14.539005,1618,-33.408212,1,-40.7741,-802,-0.1136,28,0,No fault,1,-32.3811,-1190,-0.0623,27,0,No fault,-8.3931,-0.0513
2026-08-12T12:03:28.003198,1786529008.003198,14.545440,1619,-32.835242,1,-41.3424,-785,-0.0403,28,0,No fault,1,-32.5341,-1102,-0.0769,27,0,No fault,-8.8083,0.0366
2026-08-12T12:03:28.011870,1786529008.011870,14.554125,1620,-32.421804,1,-41.8888,-855,-0.0696,28,0,No fault,1,-33.1898,-802,-0.0769,27,0,No fault,-8.6991,0.0073
2026-08-12T12:03:28.018524,1786529008.018524,14.560778,1621,-31.866323,1,-42.1730,-837,-0.0842,28,0,No fault,1,-33.5176,-855,-0.0989,27,0,No fault,-8.6553,0.0147
2026-08-12T12:03:28.027253,1786529008.027253,14.569507,1622,-31.446994,1,-42.6975,-873,-0.0696,28,0,No fault,1,-34.1733,-1031,-0.0769,27,0,No fault,-8.5242,0.0073
2026-08-12T12:03:28.033904,1786529008.033904,14.576147,1623,-30.886051,1,-42.9598,-802,-0.0623,28,0,No fault,1,-34.4356,-978,-0.1062,27,0,No fault,-8.5242,0.0440
2026-08-12T12:03:28.040278,1786529008.040278,14.582518,1624,-30.457007,1,-43.2221,-626,-0.0842,28,0,No fault,1,-34.9165,-1155,-0.0989,27,0,No fault,-8.3056,0.0147
2026-08-12T12:03:28.047966,1786529008.047966,14.590205,1625,-30.040865,1,-43.7685,-908,-0.0916,28,0,No fault,1,-35.3536,-626,-0.0989,27,0,No fault,-8.4149,0.0073
2026-08-12T12:03:28.054537,1786529008.054537,14.596784,1626,-29.540711,1,-44.0089,-855,-0.1209,28,0,No fault,1,-35.8563,-1031,-0.0476,27,0,No fault,-8.1526,-0.0733
2026-08-12T12:03:28.063578,1786529008.063578,14.605814,1627,-29.095860,1,-44.2494,-749,-0.1062,28,0,No fault,1,-36.2934,-608,-0.0989,27,0,No fault,-7.9559,-0.0073
2026-08-12T12:03:28.069749,1786529008.069749,14.611979,1628,-28.510047,1,-44.5335,-943,-0.0989,28,0,No fault,1,-36.6213,-696,-0.0916,27,0,No fault,-7.9122,-0.0073
2026-08-12T12:03:28.093995,1786529008.093995,14.636261,1629,-28.102474,1,-45.2548,-573,-0.0696,28,0,No fault,1,-37.8234,-855,-0.0696,27,0,No fault,-7.4314,0.0000
2026-08-12T12:03:28.103453,1786529008.103453,14.645721,1630,-26.456685,1,-45.9979,-696,-0.0769,28,0,No fault,1,-38.4136,-749,-0.0916,27,0,No fault,-7.5844,0.0147
2026-08-12T12:03:28.111007,1786529008.111007,14.653264,1631,-25.810532,1,-46.2602,-820,-0.0476,28,0,No fault,1,-38.6977,-679,-0.0989,27,0,No fault,-7.5625,0.0513
2026-08-12T12:03:28.118619,1786529008.118619,14.660872,1632,-25.289338,1,-46.7192,-696,-0.0549,28,0,No fault,1,-39.3316,-626,-0.1136,27,0,No fault,-7.3876,0.0586
2026-08-12T12:03:28.125029,1786529008.125029,14.667274,1633,-24.787818,1,-46.9815,-714,-0.0403,28,0,No fault,1,-39.9654,-591,-0.0476,27,0,No fault,-7.0161,0.0073
2026-08-12T12:03:28.134068,1786529008.134068,14.676305,1634,-24.340872,1,-47.4405,-450,-0.0769,28,0,No fault,1,-40.3370,-1119,-0.0769,27,0,No fault,-7.1035,0.0000
2026-08-12T12:03:28.140375,1786529008.140375,14.682611,1635,-23.726312,1,-47.6809,-485,-0.0842,28,0,No fault,1,-40.4681,-591,-0.0696,27,0,No fault,-7.2128,-0.0147
2026-08-12T12:03:28.149583,1786529008.149583,14.691850,1636,-23.284573,1,-48.1399,-714,-0.1209,28,0,No fault,1,-41.0145,-1225,-0.0769,27,0,No fault,-7.1254,-0.0440
2026-08-12T12:03:28.156676,1786529008.156676,14.698938,1637,-22.638926,1,-48.9486,-502,-0.0842,28,0,No fault,1,-41.2987,-873,-0.0623,27,0,No fault,-7.6499,-0.0220
2026-08-12T12:03:28.165097,1786529008.165097,14.707369,1638,-22.142918,1,-49.0579,-432,-0.0696,28,0,No fault,1,-41.8233,-432,-0.1209,27,0,No fault,-7.2346,0.0513
2026-08-12T12:03:28.172069,1786529008.172069,14.714316,1639,-21.544747,1,-49.4076,-591,-0.0842,28,0,No fault,1,-42.1074,-890,-0.0842,27,0,No fault,-7.3002,0.0000
2026-08-12T12:03:28.180628,1786529008.180628,14.722893,1640,-21.066649,1,-49.6262,-555,-0.1062,28,0,No fault,1,-42.6320,-696,-0.1136,27,0,No fault,-6.9942,0.0073
2026-08-12T12:03:28.190764,1786529008.190764,14.733008,1641,-20.447698,1,-49.9977,-414,-0.0623,28,0,No fault,1,-43.1565,-855,-0.0842,27,0,No fault,-6.8412,0.0220
2026-08-12T12:03:28.197134,1786529008.197134,14.739381,1642,-19.741089,1,-50.2163,-502,-0.0696,28,0,No fault,1,-43.4188,-626,-0.0623,27,0,No fault,-6.7975,-0.0073
2026-08-12T12:03:28.206246,1786529008.206246,14.748502,1643,-19.289060,1,-50.5879,-520,-0.1136,28,0,No fault,1,-43.9434,-696,-0.0916,27,0,No fault,-6.6445,-0.0220
2026-08-12T12:03:28.213037,1786529008.213037,14.755296,1644,-18.632428,1,-50.7627,-661,-0.1062,28,0,No fault,1,-44.2275,-785,-0.0989,27,0,No fault,-6.5352,-0.0073
2026-08-12T12:03:28.222503,1786529008.222503,14.764761,1645,-18.141714,1,-51.1780,-643,-0.0549,28,0,No fault,1,-44.7521,-785,-0.0623,27,0,No fault,-6.4259,0.0073
2026-08-12T12:03:28.232871,1786529008.232871,14.775134,1646,-17.464060,1,-51.5714,-626,-0.0549,28,0,No fault,1,-45.3641,-591,-0.0696,27,0,No fault,-6.2074,0.0147
2026-08-12T12:03:28.242922,1786529008.242922,14.785163,1647,-16.712532,1,-51.9649,-714,-0.0256,28,0,No fault,1,-45.7575,-802,-0.0769,27,0,No fault,-6.2074,0.0513
2026-08-12T12:03:28.248874,1786529008.248874,14.791108,1648,-15.991109,1,-52.1397,-485,-0.0916,28,0,No fault,1,-46.1291,-873,-0.0623,27,0,No fault,-6.0107,-0.0293
2026-08-12T12:03:28.258275,1786529008.258275,14.800528,1649,-15.560210,1,-52.4676,-608,-0.1355,28,0,No fault,1,-46.5006,-467,-0.0623,27,0,No fault,-5.9669,-0.0733
2026-08-12T12:03:28.264927,1786529008.264927,14.807166,1650,-14.862075,1,-52.6424,-873,-0.0623,28,0,No fault,1,-46.8503,-943,-0.0989,27,0,No fault,-5.7921,0.0366
2026-08-12T12:03:28.273656,1786529008.273656,14.815918,1651,-14.347919,1,-52.9703,-608,-0.0769,28,0,No fault,1,-47.2219,-1014,-0.1136,27,0,No fault,-5.7484,0.0366
2026-08-12T12:03:28.301207,1786529008.301207,14.843479,1652,-13.722853,1,-53.4511,-309,-0.0623,28,0,No fault,1,-48.2273,-538,-0.0916,27,0,No fault,-5.2238,0.0293
2026-08-12T12:03:28.309371,1786529008.309371,14.851625,1653,-11.698940,1,-54.0631,-273,-0.1355,27,0,No fault,1,-48.6426,-643,-0.0769,27,0,No fault,-5.4205,-0.0586
2026-08-12T12:03:28.316600,1786529008.316600,14.858847,1654,-11.047700,1,-54.2161,-573,-0.0842,28,0,No fault,1,-48.8612,-502,-0.0403,27,0,No fault,-5.3550,-0.0440
2026-08-12T12:03:28.324638,1786529008.324638,14.866885,1655,-10.562997,1,-54.5877,-555,-0.1062,28,0,No fault,1,-49.2765,-520,-0.1282,27,0,No fault,-5.3112,0.0220
2026-08-12T12:03:28.331509,1786529008.331509,14.873749,1656,-9.976250,1,-54.8281,-273,-0.0989,28,0,No fault,1,-49.7792,-785,-0.0696,27,0,No fault,-5.0490,-0.0293
2026-08-12T12:03:28.340312,1786529008.340312,14.882576,1657,-9.466706,1,-54.9811,-220,-0.0916,28,0,No fault,1,-50.0196,-661,-0.1062,27,0,No fault,-4.9615,0.0147
2026-08-12T12:03:28.346956,1786529008.346956,14.889201,1658,-8.803734,1,-55.3527,-485,-0.0623,28,0,No fault,1,-50.1289,-309,-0.0842,27,0,No fault,-5.2238,0.0220
2026-08-12T12:03:28.355681,1786529008.355681,14.897944,1659,-8.311828,1,-55.5494,-432,-0.0842,28,0,No fault,1,-50.5005,-591,-0.1062,27,0,No fault,-5.0490,0.0220
2026-08-12T12:03:28.362565,1786529008.362565,14.904825,1660,-7.655915,1,-56.0303,-273,-0.0476,28,0,No fault,1,-50.6972,-256,-0.0769,27,0,No fault,-5.3331,0.0293
2026-08-12T12:03:28.371369,1786529008.371369,14.913618,1661,-7.131483,1,-56.1614,-361,-0.0403,28,0,No fault,1,-51.0906,-555,-0.0842,27,0,No fault,-5.0708,0.0440
2026-08-12T12:03:28.378029,1786529008.378029,14.920275,1662,-6.487779,1,-56.2270,-485,-0.0696,28,0,No fault,1,-51.2655,-220,-0.0989,27,0,No fault,-4.9615,0.0293
2026-08-12T12:03:28.386871,1786529008.386871,14.929127,1663,-5.987358,1,-56.4237,-291,-0.0696,28,0,No fault,1,-51.6370,-432,-0.0916,27,0,No fault,-4.7867,0.0220
2026-08-12T12:03:28.393480,1786529008.393480,14.935724,1664,-5.318555,1,-56.5330,-203,-0.0842,28,0,No fault,1,-51.8337,-379,-0.0696,27,0,No fault,-4.6992,-0.0147
2026-08-12T12:03:28.402311,1786529008.402311,14.944564,1665,-4.827853,1,-56.7078,-397,-0.0916,28,0,No fault,1,-52.2053,-432,-0.0769,27,0,No fault,-4.5025,-0.0147
2026-08-12T12:03:28.408894,1786529008.408894,14.951146,1666,-4.161483,1,-56.8608,-9,-0.0842,28,0,No fault,1,-52.3583,-291,-0.1136,27,0,No fault,-4.5025,0.0293
2026-08-12T12:03:28.417540,1786529008.417540,14.959811,1667,-3.666669,1,-57.0575,-26,-0.1282,28,0,No fault,1,-52.7299,-626,-0.0842,27,0,No fault,-4.3277,-0.0440
2026-08-12T12:03:28.424304,1786529008.424304,14.966564,1668,-3.011238,1,-57.1450,62,-0.1062,28,0,No fault,1,-52.9266,-643,-0.0403,27,0,No fault,-4.2184,-0.0659
2026-08-12T12:03:28.433003,1786529008.433003,14.975255,1669,-2.502941,1,-57.3417,-379,-0.1282,28,0,No fault,1,-53.2763,-467,-0.0549,27,0,No fault,-4.0654,-0.0733
2026-08-12T12:03:28.439695,1786529008.439695,14.981932,1670,-1.850131,1,-57.3854,-256,-0.1209,28,0,No fault,1,-53.4293,-855,-0.0989,27,0,No fault,-3.9561,-0.0220
2026-08-12T12:03:28.448451,1786529008.448451,14.990694,1671,-1.344066,1,-57.4291,-167,-0.0916,28,0,No fault,1,-53.7571,-432,-0.0696,27,0,No fault,-3.6720,-0.0220
2026-08-12T12:03:28.455018,1786529008.455018,14.997259,1672,-0.689614,1,-57.6258,-538,-0.0623,28,0,No fault,1,-53.9101,-485,-0.1062,27,0,No fault,-3.7157,0.0440
2026-08-12T12:03:28.463890,1786529008.463890,15.006147,1673,-0.194404,1,-57.7132,-309,-0.0916,28,0,No fault,1,-54.2161,-309,-0.0916,27,0,No fault,-3.4971,0.0000
2026-08-12T12:03:28.470580,1786529008.470580,15.012843,1674,0.480252,1,-57.8444,9,-0.0916,28,0,No fault,1,-54.3691,-397,-0.0623,27,0,No fault,-3.4753,-0.0293
2026-08-12T12:03:28.479597,1786529008.479597,15.021855,1675,0.989016,1,-57.9537,-344,-0.0696,28,0,No fault,1,-54.6970,-643,-0.0916,27,0,No fault,-3.2567,0.0220
2026-08-12T12:03:28.507096,1786529008.507096,15.049383,1676,1.664701,1,-58.3471,-309,-0.0476,28,0,No fault,1,-55.2434,-238,-0.1355,27,0,No fault,-3.1037,0.0879
2026-08-12T12:03:28.514476,1786529008.514476,15.056724,1677,3.746157,1,-58.4782,9,-0.0623,28,0,No fault,1,-55.3527,-361,-0.0769,27,0,No fault,-3.1255,0.0147
2026-08-12T12:03:28.522483,1786529008.522483,15.064732,1678,4.293993,1,-58.5657,-9,-0.0549,28,0,No fault,1,-55.6368,-167,-0.0916,27,0,No fault,-2.9288,0.0366
2026-08-12T12:03:28.530020,1786529008.530020,15.072275,1679,4.891037,1,-58.6312,-309,-0.0623,28,0,No fault,1,-55.7898,-555,-0.0842,27,0,No fault,-2.8414,0.0220
2026-08-12T12:03:28.538119,1786529008.538119,15.080365,1680,5.469313,1,-58.7405,-132,-0.0916,28,0,No fault,1,-56.2051,-450,-0.1062,27,0,No fault,-2.5354,0.0147
2026-08-12T12:03:28.545306,1786529008.545306,15.087563,1681,6.070261,1,-58.7405,79,-0.0989,28,0,No fault,1,-56.2488,-309,-0.1136,27,0,No fault,-2.4917,0.0147
2026-08-12T12:03:28.553562,1786529008.553562,15.095833,1682,6.620894,1,-58.8717,-538,-0.0842,28,0,No fault,1,-56.4237,-238,-0.1062,27,0,No fault,-2.4480,0.0220
2026-08-12T12:03:28.563956,1786529008.563956,15.106230,1683,7.226996,1,-58.8717,-309,-0.0916,28,0,No fault,1,-56.5985,-379,-0.0549,27,0,No fault,-2.2731,-0.0366
2026-08-12T12:03:28.571321,1786529008.571321,15.113579,1684,8.004292,1,-58.9809,115,-0.0842,28,0,No fault,1,-56.7734,-291,-0.0476,27,0,No fault,-2.2076,-0.0366
2026-08-12T12:03:28.579378,1786529008.579378,15.121629,1685,8.554306,1,-59.0465,167,-0.0403,28,0,No fault,1,-56.9483,-309,-0.0769,27,0,No fault,-2.0983,0.0366
2026-08-12T12:03:28.586739,1786529008.586739,15.128994,1686,9.150967,1,-59.0684,-273,-0.0623,28,0,No fault,1,-57.1231,-256,-0.0183,27,0,No fault,-1.9453,-0.0440
2026-08-12T12:03:28.594832,1786529008.594832,15.137078,1687,9.705670,1,-59.1121,432,-0.0623,28,0,No fault,1,-57.2761,-538,-0.0989,27,0,No fault,-1.8360,0.0366
2026-08-12T12:03:28.602265,1786529008.602265,15.144529,1688,10.299302,1,-59.1558,-79,-0.0623,28,0,No fault,1,-57.4291,-361,-0.0476,27,0,No fault,-1.7267,-0.0147
2026-08-12T12:03:28.610376,1786529008.610376,15.152644,1689,10.858495,1,-59.1777,167,-0.0549,28,0,No fault,1,-57.5384,62,-0.0916,27,0,No fault,-1.6393,0.0366
2026-08-12T12:03:28.617681,1786529008.617681,15.159936,1690,11.455172,1,-59.1995,-185,-0.0403,28,0,No fault,1,-57.6695,-256,-0.0769,27,0,No fault,-1.5300,0.0366
2026-08-12T12:03:28.625777,1786529008.625777,15.168036,1691,12.021051,1,-59.2214,-185,-0.0403,28,0,No fault,1,-57.8881,-150,-0.0623,27,0,No fault,-1.3333,0.0220
2026-08-12T12:03:28.632796,1786529008.632796,15.175040,1692,12.591820,1,-59.1995,79,-0.0623,28,0,No fault,1,-57.9318,-273,-0.0696,27,0,No fault,-1.2677,0.0073
2026-08-12T12:03:28.641393,1786529008.641393,15.183677,1693,13.104934,1,-59.2214,-44,-0.0403,28,0,No fault,1,-58.1067,-62,-0.0696,27,0,No fault,-1.1147,0.0293
2026-08-12T12:03:28.648012,1786529008.648012,15.190265,1694,13.741670,1,-59.2214,-256,-0.0403,28,0,No fault,1,-58.1722,-44,-0.0842,27,0,No fault,-1.0491,0.0440
2026-08-12T12:03:28.656701,1786529008.656701,15.198957,1695,14.225128,1,-59.1995,132,-0.0110,28,0,No fault,1,-58.2815,-220,-0.0916,27,0,No fault,-0.9180,0.0806
2026-08-12T12:03:28.663393,1786529008.663393,15.205653,1696,14.860950,1,-59.1995,-44,-0.0110,28,0,No fault,1,-58.3690,-167,-0.0916,27,0,No fault,-0.8306,0.0806
2026-08-12T12:03:28.672131,1786529008.672131,15.214390,1697,15.350716,1,-59.0902,-220,-0.0183,27,0,No fault,1,-58.4782,-9,-0.0769,27,0,No fault,-0.6120,0.0586
2026-08-12T12:03:28.678886,1786529008.678886,15.221160,1698,15.986681,1,-59.1995,-62,-0.0037,28,0,No fault,1,-58.5438,62,-0.0696,27,0,No fault,-0.6557,0.0659
2026-08-12T12:03:28.687837,1786529008.687837,15.230146,1699,16.478618,1,-59.1995,-62,-0.0037,28,0,No fault,1,-58.6312,115,-0.1136,27,0,No fault,-0.5683,0.1099
2026-08-12T12:03:28.711509,1786529008.711509,15.253850,1700,17.141362,1,-59.1777,26,0.0330,28,0,No fault,1,-58.8280,-379,-0.0623,27,0,No fault,-0.3497,0.0952
2026-08-12T12:03:28.725037,1786529008.725037,15.267328,1701,18.873705,1,-59.1339,-132,0.0769,28,0,No fault,1,-58.8935,-97,-0.1209,27,0,No fault,-0.2404,0.1978
2026-08-12T12:03:28.732710,1786529008.732710,15.274960,1702,19.806519,1,-59.1121,-26,0.0549,28,0,No fault,1,-58.9372,-185,-0.0769,27,0,No fault,-0.1749,0.1319
2026-08-12T12:03:28.740477,1786529008.740477,15.282752,1703,20.347247,1,-59.0465,203,0.0769,28,0,No fault,1,-59.0028,150,-0.0696,27,0,No fault,-0.0437,0.1465
2026-08-12T12:03:28.750729,1786529008.750729,15.292987,1704,20.892038,1,-59.0247,326,0.0842,28,0,No fault,1,-59.0465,26,-0.0769,27,0,No fault,0.0219,0.1612
2026-08-12T12:03:28.758182,1786529008.758182,15.300431,1705,21.606657,1,-58.9591,167,0.0916,28,0,No fault,1,-59.0465,115,-0.0989,27,0,No fault,0.0874,0.1905
2026-08-12T12:03:28.766271,1786529008.766271,15.308547,1706,22.138339,1,-58.9154,-79,0.0842,28,0,No fault,1,-59.0684,132,-0.0842,27,0,No fault,0.1530,0.1685
2026-08-12T12:03:28.773746,1786529008.773746,15.316006,1707,22.701859,1,-58.8498,150,0.0916,28,0,No fault,1,-59.0902,-115,-0.0989,27,0,No fault,0.2404,0.1905
2026-08-12T12:03:28.781890,1786529008.781890,15.324147,1708,23.231217,1,-58.6531,97,0.0623,28,0,No fault,1,-59.0902,62,-0.1136,27,0,No fault,0.4371,0.1758
2026-08-12T12:03:28.789125,1786529008.789125,15.331384,1709,23.787346,1,-58.6094,185,0.0769,28,0,No fault,1,-59.0902,26,-0.0989,27,0,No fault,0.4809,0.1758
2026-08-12T12:03:28.797233,1786529008.797233,15.339493,1710,24.294595,1,-58.5438,273,0.0842,28,0,No fault,1,-59.0902,97,-0.0696,27,0,No fault,0.5464,0.1538
2026-08-12T12:03:28.804558,1786529008.804558,15.346830,1711,24.852924,1,-58.5220,-26,0.0476,28,0,No fault,1,-59.0902,-115,-0.0696,27,0,No fault,0.5683,0.1172
2026-08-12T12:03:28.812799,1786529008.812799,15.355053,1712,25.399862,1,-58.3908,238,0.0989,28,0,No fault,1,-59.0902,9,-0.0549,27,0,No fault,0.6994,0.1538
2026-08-12T12:03:28.820362,1786529008.820362,15.362630,1713,25.908751,1,-58.3034,9,0.0696,28,0,No fault,1,-59.0684,167,-0.0696,27,0,No fault,0.7650,0.1392
2026-08-12T12:03:28.828532,1786529008.828532,15.370792,1714,26.437017,1,-58.1504,326,0.0916,28,0,No fault,1,-59.0684,-115,-0.0110,27,0,No fault,0.9180,0.1026
2026-08-12T12:03:28.835287,1786529008.835287,15.377536,1715,26.969880,1,-58.0630,220,0.0769,28,0,No fault,1,-59.0684,-150,-0.0256,27,0,No fault,1.0054,0.1026
2026-08-12T12:03:28.844303,1786529008.844303,15.386561,1716,27.421754,1,-57.9318,150,0.0549,28,0,No fault,1,-59.0465,115,-0.0037,27,0,No fault,1.1147,0.0586
2026-08-12T12:03:28.850722,1786529008.850722,15.392964,1717,28.027071,1,-57.6258,220,0.0623,28,0,No fault,1,-59.0247,-115,-0.0183,27,0,No fault,1.3988,0.0806
2026-08-12T12:03:28.857247,1786529008.857247,15.399502,1718,28.449451,1,-57.5602,326,0.0696,28,0,No fault,1,-59.0247,-256,0.0110,27,0,No fault,1.4644,0.0586
2026-08-12T12:03:28.866018,1786529008.866018,15.408266,1719,28.889877,1,-57.3198,344,0.0696,28,0,No fault,1,-59.0028,-238,0.0037,27,0,No fault,1.6830,0.0659
2026-08-12T12:03:28.872650,1786529008.872650,15.414914,1720,29.463287,1,-57.2324,520,0.0256,28,0,No fault,1,-58.9591,-26,0.0110,27,0,No fault,1.7267,0.0147
2026-08-12T12:03:28.881586,1786529008.881586,15.423835,1721,29.931202,1,-56.9483,167,0.0403,28,0,No fault,1,-58.9154,273,-0.0037,27,0,No fault,1.9671,0.0440
2026-08-12T12:03:28.890689,1786529008.890689,15.432937,1722,30.480325,1,-56.8827,361,0.0623,28,0,No fault,1,-58.8717,132,0.0256,27,0,No fault,1.9890,0.0366
2026-08-12T12:03:28.914117,1786529008.914117,15.456425,1723,31.070777,1,-56.4018,167,0.0842,28,0,No fault,1,-58.7405,203,0.0696,27,0,No fault,2.3387,0.0147
2026-08-12T12:03:28.921717,1786529008.921717,15.463956,1724,32.574329,1,-56.0084,485,0.0769,28,0,No fault,1,-58.6750,167,0.0476,27,0,No fault,2.6665,0.0293
2026-08-12T12:03:28.929823,1786529008.929823,15.472081,1725,33.053182,1,-55.8554,450,0.1136,28,0,No fault,1,-58.5438,150,0.0403,27,0,No fault,2.6884,0.0733
2026-08-12T12:03:28.936800,1786529008.936800,15.479071,1726,33.557529,1,-55.6150,379,0.0769,28,0,No fault,1,-58.5220,150,0.0403,27,0,No fault,2.9070,0.0366
2026-08-12T12:03:28.945578,1786529008.945578,15.487847,1727,33.989018,1,-55.4183,608,0.1062,28,0,No fault,1,-58.3908,-62,0.0623,27,0,No fault,2.9725,0.0440
2026-08-12T12:03:28.953092,1786529008.953092,15.495342,1728,34.538935,1,-54.9811,256,0.1136,28,0,No fault,1,-58.3471,167,0.0916,27,0,No fault,3.3660,0.0220
2026-08-12T12:03:28.960737,1786529008.960737,15.502983,1729,35.014662,1,-54.8937,432,0.0916,28,0,No fault,1,-58.2378,467,0.0916,27,0,No fault,3.3441,0.0000
2026-08-12T12:03:28.968095,1786529008.968095,15.510379,1730,35.461862,1,-54.3910,203,0.0623,28,0,No fault,1,-58.1504,97,0.0037,27,0,No fault,3.7594,0.0586
2026-08-12T12:03:28.978069,1786529008.978069,15.520322,1731,35.927028,1,-54.1724,379,0.0916,28,0,No fault,1,-58.0192,9,0.1136,27,0,No fault,3.8468,-0.0220
2026-08-12T12:03:28.988108,1786529008.988108,15.530356,1732,36.518988,1,-53.9101,555,0.0842,28,0,No fault,1,-57.8225,167,0.0696,27,0,No fault,3.9124,0.0147
2026-08-12T12:03:28.998308,1786529008.998308,15.540571,1733,37.112647,1,-53.6260,485,0.1062,28,0,No fault,1,-57.6695,132,0.0696,27,0,No fault,4.0435,0.0366
2026-08-12T12:03:29.008518,1786529009.008518,15.550777,1734,37.713011,1,-53.2763,397,0.0476,28,0,No fault,1,-57.4728,132,0.0623,27,0,No fault,4.1965,-0.0147
2026-08-12T12:03:29.018729,1786529009.018729,15.560978,1735,38.314102,1,-52.8173,837,0.0549,28,0,No fault,1,-57.2543,309,0.0842,27,0,No fault,4.4370,-0.0293
2026-08-12T12:03:29.028912,1786529009.028912,15.571156,1736,38.900545,1,-52.4894,203,0.0623,28,0,No fault,1,-57.0575,432,0.0623,27,0,No fault,4.5681,0.0000
2026-08-12T12:03:29.039133,1786529009.039133,15.581388,1737,39.472412,1,-52.0960,379,0.0623,28,0,No fault,1,-56.8827,132,0.1209,27,0,No fault,4.7867,-0.0586
2026-08-12T12:03:29.049285,1786529009.049285,15.591524,1738,40.051194,1,-51.6152,643,0.1062,28,0,No fault,1,-56.5985,450,0.0842,27,0,No fault,4.9834,0.0220
2026-08-12T12:03:29.059579,1786529009.059579,15.601831,1739,40.615261,1,-51.2655,432,0.0842,28,0,No fault,1,-56.4018,115,0.0549,27,0,No fault,5.1364,0.0293
2026-08-12T12:03:29.069632,1786529009.069632,15.611877,1740,41.187198,1,-50.8720,538,0.0696,28,0,No fault,1,-56.1395,238,0.0623,27,0,No fault,5.2675,0.0073
2026-08-12T12:03:29.076176,1786529009.076176,15.618422,1741,41.735542,1,-50.3693,608,0.0989,28,0,No fault,1,-55.9865,467,0.0769,27,0,No fault,5.6172,0.0220
2026-08-12T12:03:29.084985,1786529009.084985,15.627225,1742,42.083547,1,-50.2163,414,0.0476,28,0,No fault,1,-55.7243,361,0.0916,27,0,No fault,5.5079,-0.0440
2026-08-12T12:03:29.091893,1786529009.091893,15.634137,1743,42.554834,1,-49.9977,591,0.0842,28,0,No fault,1,-55.5713,555,0.0330,27,0,No fault,5.5735,0.0513
2026-08-12T12:03:29.100580,1786529009.100580,15.642830,1744,42.923233,1,-49.6918,802,0.0256,27,0,No fault,1,-55.1997,432,0.0403,27,0,No fault,5.5079,-0.0147
2026-08-12T12:03:29.125201,1786529009.125201,15.667456,1745,43.378545,1,-49.0360,643,0.0549,27,0,No fault,1,-54.6314,608,0.0623,27,0,No fault,5.5954,-0.0073
2026-08-12T12:03:29.133304,1786529009.133304,15.675581,1746,44.643729,1,-48.8612,573,0.0696,28,0,No fault,1,-54.3473,291,0.0916,27,0,No fault,5.4861,-0.0220
2026-08-12T12:03:29.143800,1786529009.143800,15.686052,1747,45.085992,1,-48.3585,485,0.0769,28,0,No fault,1,-53.8227,167,0.0476,27,0,No fault,5.4642,0.0293
2026-08-12T12:03:29.150482,1786529009.150482,15.692745,1748,45.563989,1,-48.1618,643,0.0842,28,0,No fault,1,-53.6916,361,0.0769,27,0,No fault,5.5298,0.0073
2026-08-12T12:03:29.159823,1786529009.159823,15.702068,1749,45.891387,1,-47.6591,608,0.0842,27,0,No fault,1,-53.4730,661,0.0769,27,0,No fault,5.8139,0.0073
2026-08-12T12:03:29.166376,1786529009.166376,15.708628,1750,46.339986,1,-47.4405,643,0.0623,28,0,No fault,1,-53.2981,520,0.0623,27,0,No fault,5.8577,0.0000
2026-08-12T12:03:29.175344,1786529009.175344,15.717612,1751,46.669041,1,-46.8941,696,0.0769,28,0,No fault,1,-52.9266,414,0.1062,27,0,No fault,6.0325,-0.0293
2026-08-12T12:03:29.182724,1786529009.182724,15.725067,1752,47.077622,1,-46.0198,608,0.1136,28,0,No fault,1,-52.7299,643,0.0989,27,0,No fault,6.7101,0.0147
2026-08-12T12:03:29.190908,1786529009.190908,15.733156,1753,47.428488,1,-45.9324,397,0.1062,28,0,No fault,1,-52.3583,397,0.0623,27,0,No fault,6.4259,0.0440
2026-08-12T12:03:29.197514,1786529009.197514,15.739768,1754,47.793193,1,-45.8012,520,0.0842,28,0,No fault,1,-52.1397,591,0.0183,27,0,No fault,6.3385,0.0659
2026-08-12T12:03:29.207088,1786529009.207088,15.749348,1755,48.104113,1,-45.3641,749,0.0696,28,0,No fault,1,-51.7682,502,0.0842,27,0,No fault,6.4041,-0.0147
2026-08-12T12:03:29.213998,1786529009.213998,15.756242,1756,48.523486,1,-44.8177,714,0.1062,28,0,No fault,1,-51.5496,414,0.0623,27,0,No fault,6.7319,0.0440
2026-08-12T12:03:29.222029,1786529009.222029,15.764272,1757,48.828206,1,-44.6209,1049,0.0403,28,0,No fault,1,-51.1343,573,0.0696,27,0,No fault,6.5134,-0.0293
2026-08-12T12:03:29.228433,1786529009.228433,15.770670,1758,49.174050,1,-44.4679,767,0.0183,28,0,No fault,1,-50.9157,555,0.0330,27,0,No fault,6.4478,-0.0147
2026-08-12T12:03:29.237389,1786529009.237389,15.779645,1759,49.447435,1,-43.9871,837,0.1209,28,0,No fault,1,-50.5005,397,0.1136,27,0,No fault,6.5134,0.0073
2026-08-12T12:03:29.244050,1786529009.244050,15.786290,1760,49.832717,1,-43.7904,908,0.0769,28,0,No fault,1,-50.2600,661,0.0549,27,0,No fault,6.4697,0.0220
2026-08-12T12:03:29.253128,1786529009.253128,15.795374,1761,50.118046,1,-43.2658,696,0.0549,27,0,No fault,1,-49.6918,802,0.0256,27,0,No fault,6.4259,0.0293
2026-08-12T12:03:29.260038,1786529009.260038,15.802296,1762,50.480557,1,-42.9817,732,0.0916,28,0,No fault,1,-49.5825,573,0.0183,27,0,No fault,6.6008,0.0733
2026-08-12T12:03:29.289284,1786529009.289284,15.831538,1763,51.560012,1,-41.2550,873,0.0842,28,0,No fault,1,-48.2492,591,0.1136,27,0,No fault,6.9942,-0.0293
2026-08-12T12:03:29.295463,1786529009.295463,15.837706,1764,51.902393,1,-40.9053,890,0.0623,27,0,No fault,1,-47.9432,502,0.0989,27,0,No fault,7.0379,-0.0366
2026-08-12T12:03:29.304570,1786529009.304570,15.846807,1765,52.137182,1,-40.4026,467,0.0769,28,0,No fault,1,-47.5279,855,0.0476,27,0,No fault,7.1254,0.0293
2026-08-12T12:03:29.326661,1786529009.326661,15.868919,1766,52.469772,1,-39.4627,908,0.0110,28,0,No fault,1,-46.7848,714,0.0476,27,0,No fault,7.3221,-0.0366
2026-08-12T12:03:29.334346,1786529009.334346,15.876601,1767,53.263399,1,-38.8944,785,0.0842,28,0,No fault,1,-46.3258,626,0.0110,27,0,No fault,7.4314,0.0733
2026-08-12T12:03:29.342518,1786529009.342518,15.884777,1768,53.531460,1,-38.2169,1049,0.1062,28,0,No fault,1,-45.8012,485,0.0476,27,0,No fault,7.5844,0.0586
2026-08-12T12:03:29.349093,1786529009.349093,15.891335,1769,53.799711,1,-37.9764,1014,0.0916,28,0,No fault,1,-45.6045,802,0.0989,27,0,No fault,7.6281,-0.0073
2026-08-12T12:03:29.358453,1786529009.358453,15.900707,1770,54.015045,1,-37.3207,873,0.1062,28,0,No fault,1,-45.1892,555,0.1575,27,0,No fault,7.8685,-0.0513
2026-08-12T12:03:29.365113,1786529009.365113,15.907354,1771,54.322099,1,-36.9054,908,0.0769,28,0,No fault,1,-44.8614,961,0.0330,27,0,No fault,7.9559,0.0440
2026-08-12T12:03:29.373707,1786529009.373707,15.915961,1772,54.528843,1,-36.4683,696,0.0989,28,0,No fault,1,-44.3805,714,0.1282,27,0,No fault,7.9122,-0.0293
2026-08-12T12:03:29.380534,1786529009.380534,15.922783,1773,54.798974,1,-36.0530,943,0.0696,28,0,No fault,1,-44.0964,643,0.0989,27,0,No fault,8.0434,-0.0293
2026-08-12T12:03:29.389122,1786529009.389122,15.931372,1774,55.005162,1,-34.8072,855,0.0330,28,0,No fault,1,-43.5718,591,0.0549,27,0,No fault,8.7646,-0.0220
2026-08-12T12:03:29.395689,1786529009.395689,15.937936,1775,55.260463,1,-34.3700,696,0.0403,28,0,No fault,1,-43.3970,873,0.0623,27,0,No fault,9.0269,-0.0220
2026-08-12T12:03:29.404601,1786529009.404601,15.946859,1776,55.451310,1,-33.9329,414,0.0989,28,0,No fault,1,-42.7412,696,0.0769,27,0,No fault,8.8083,0.0220
2026-08-12T12:03:29.411497,1786529009.411497,15.953738,1777,55.705434,1,-33.6706,785,0.1648,28,0,No fault,1,-42.3478,732,0.0183,27,0,No fault,8.6772,0.1465
2026-08-12T12:03:29.420155,1786529009.420155,15.962408,1778,55.894871,1,-33.0149,1067,0.0476,28,0,No fault,1,-41.8014,837,0.1062,27,0,No fault,8.7865,-0.0586
2026-08-12T12:03:29.426793,1786529009.426793,15.969046,1779,56.130082,1,-32.6871,837,0.0696,28,0,No fault,1,-41.6484,573,0.1136,27,0,No fault,8.9613,-0.0440
2026-08-12T12:03:29.435498,1786529009.435498,15.977742,1780,56.305370,1,-31.6598,1084,0.0256,28,0,No fault,1,-41.0364,837,0.0476,27,0,No fault,9.3766,-0.0220
2026-08-12T12:03:29.442128,1786529009.442128,15.984385,1781,56.532611,1,-31.2226,961,0.0989,28,0,No fault,1,-40.7960,538,0.1209,27,0,No fault,9.5733,-0.0220
2026-08-12T12:03:29.451287,1786529009.451287,15.993532,1782,56.694499,1,-31.0041,820,0.0842,28,0,No fault,1,-40.1840,714,0.0769,27,0,No fault,9.1799,0.0073
2026-08-12T12:03:29.457944,1786529009.457944,16.000180,1783,56.915425,1,-30.1954,785,0.0989,28,0,No fault,1,-39.8780,837,0.0916,27,0,No fault,9.6826,0.0073
2026-08-12T12:03:29.466766,1786529009.466766,16.009012,1784,57.071256,1,-29.6489,732,0.0842,28,0,No fault,1,-39.3097,1014,0.0842,27,0,No fault,9.6608,0.0000
2026-08-12T12:03:29.473515,1786529009.473515,16.015787,1785,57.274213,1,-29.1681,943,0.1209,28,0,No fault,1,-39.0037,978,0.0476,27,0,No fault,9.8356,0.0733
2026-08-12T12:03:29.482773,1786529009.482773,16.025031,1786,57.426450,1,-28.6654,943,0.1136,28,0,No fault,1,-38.4136,908,0.0916,27,0,No fault,9.7482,0.0220
2026-08-12T12:03:29.489484,1786529009.489484,16.031735,1787,57.623666,1,-28.3157,820,0.1062,28,0,No fault,1,-38.0857,1155,0.0476,27,0,No fault,9.7701,0.0586
2026-08-12T12:03:29.498517,1786529009.498517,16.040770,1788,57.761808,1,-27.9878,1014,0.0549,28,0,No fault,1,-37.3426,679,0.0989,27,0,No fault,9.3548,-0.0440
2026-08-12T12:03:29.505188,1786529009.505188,16.047437,1789,57.942500,1,-27.2884,996,0.0696,28,0,No fault,1,-37.1459,802,0.0256,27,0,No fault,9.8575,0.0440
2026-08-12T12:03:29.531265,1786529009.531265,16.073552,1790,58.070502,1,-26.4141,1031,0.0842,28,0,No fault,1,-35.9000,1261,0.0842,27,0,No fault,9.4859,0.0000
2026-08-12T12:03:29.540528,1786529009.540528,16.082767,1791,58.541354,1,-25.4743,978,0.0623,28,0,No fault,1,-35.3099,961,0.0916,27,0,No fault,9.8356,-0.0293
2026-08-12T12:03:29.548506,1786529009.548506,16.090758,1792,58.683863,1,-24.7967,926,0.0989,28,0,No fault,1,-34.3045,661,0.0549,27,0,No fault,9.5078,0.0440
2026-08-12T12:03:29.555398,1786529009.555398,16.097638,1793,58.806191,1,-24.4251,1067,0.0623,28,0,No fault,1,-34.1733,785,0.0916,27,0,No fault,9.7482,-0.0293
2026-08-12T12:03:29.563847,1786529009.563847,16.106088,1794,58.906223,1,-23.7694,926,0.1209,28,0,No fault,1,-33.6269,802,0.0916,27,0,No fault,9.8575,0.0293
2026-08-12T12:03:29.570743,1786529009.570743,16.112981,1795,59.023950,1,-23.3979,714,0.0549,28,0,No fault,1,-33.1679,1525,0.0183,27,0,No fault,9.7701,0.0366
2026-08-12T12:03:29.579429,1786529009.579429,16.121672,1796,59.114927,1,-22.8733,926,0.0696,28,0,No fault,1,-32.7089,502,0.1502,27,0,No fault,9.8356,-0.0806
2026-08-12T12:03:29.586052,1786529009.586052,16.128292,1797,59.223797,1,-22.2831,1067,0.0256,28,0,No fault,1,-32.2499,1102,0.0623,27,0,No fault,9.9668,-0.0366
2026-08-12T12:03:29.594881,1786529009.594881,16.137128,1798,59.301721,1,-21.1466,1014,0.0623,28,0,No fault,1,-31.6598,837,0.0842,27,0,No fault,10.5132,-0.0220
2026-08-12T12:03:29.601312,1786529009.601312,16.143550,1799,59.399552,1,-20.6876,696,0.0696,28,0,No fault,1,-31.2664,749,0.0989,27,0,No fault,10.5788,-0.0293
2026-08-12T12:03:29.607742,1786529009.607742,16.149996,1800,59.466228,1,-20.5127,855,0.0769,28,0,No fault,1,-31.0041,961,0.1136,27,0,No fault,10.4913,-0.0366
2026-08-12T12:03:29.620937,1786529009.620937,16.163261,1801,59.538122,1,-19.8570,1014,0.0769,28,0,No fault,1,-30.1735,978,0.0989,27,0,No fault,10.3165,-0.0220
2026-08-12T12:03:29.630339,1786529009.630339,16.172617,1802,59.648203,1,-19.4855,855,0.1502,28,0,No fault,1,-29.6052,1084,0.0330,27,0,No fault,10.1198,0.1172
2026-08-12T12:03:29.640830,1786529009.640830,16.183120,1803,59.719368,1,-18.7205,1067,0.0476,28,0,No fault,1,-29.1462,802,0.0916,27,0,No fault,10.4258,-0.0440
2026-08-12T12:03:29.651409,1786529009.651409,16.193688,1804,59.790915,1,-18.3270,1031,0.0623,28,0,No fault,1,-28.5561,1155,0.0403,27,0,No fault,10.2290,0.0220
2026-08-12T12:03:29.660589,1786529009.660589,16.202857,1805,59.851829,1,-17.8680,1137,0.0549,28,0,No fault,1,-27.8785,926,0.0916,27,0,No fault,10.0105,-0.0366
2026-08-12T12:03:29.670747,1786529009.670747,16.213007,1806,59.896650,1,-17.1905,1067,0.0842,28,0,No fault,1,-27.2010,767,0.0989,27,0,No fault,10.0105,-0.0147
2026-08-12T12:03:29.682567,1786529009.682567,16.224873,1807,59.936606,1,-16.0102,1190,0.1136,28,0,No fault,1,-26.4141,802,0.0842,27,0,No fault,10.4039,0.0293
2026-08-12T12:03:29.692227,1786529009.692227,16.234517,1808,59.971300,1,-15.5512,1014,0.0549,27,0,No fault,1,-25.7365,802,0.0476,27,0,No fault,10.1853,0.0073
2026-08-12T12:03:29.702424,1786529009.702424,16.244675,1809,59.989192,1,-14.8736,978,0.0403,28,0,No fault,1,-25.0590,890,0.0549,27,0,No fault,10.1853,-0.0147
2026-08-12T12:03:29.712739,1786529009.712739,16.255004,1810,59.998761,1,-14.0868,1049,0.0476,28,0,No fault,1,-24.3596,1031,0.0916,27,0,No fault,10.2728,-0.0440
2026-08-12T12:03:29.737889,1786529009.737889,16.280139,1811,59.998666,1,-12.0541,873,0.0476,28,0,No fault,1,-22.8514,961,0.1282,27,0,No fault,10.7973,-0.0806
2026-08-12T12:03:29.745937,1786529009.745937,16.288212,1812,59.956411,1,-11.4203,1102,0.0916,28,0,No fault,1,-22.4143,1137,0.0476,27,0,No fault,10.9940,0.0440
2026-08-12T12:03:29.754148,1786529009.754148,16.296419,1813,59.929501,1,-10.6553,1137,0.0916,28,0,No fault,1,-21.8023,820,0.0696,27,0,No fault,11.1470,0.0220
2026-08-12T12:03:29.761202,1786529009.761202,16.303458,1814,59.896499,1,-10.2618,1137,0.0623,28,0,No fault,1,-20.9062,749,0.0549,27,0,No fault,10.6443,0.0073
2026-08-12T12:03:29.769692,1786529009.769692,16.311942,1815,59.862144,1,-9.1034,1102,0.0769,28,0,No fault,1,-20.4472,855,0.1062,27,0,No fault,11.3438,-0.0293
2026-08-12T12:03:29.775901,1786529009.775901,16.318141,1816,59.817224,1,-8.6444,802,0.1062,28,0,No fault,1,-20.1193,978,0.0476,27,0,No fault,11.4749,0.0586
2026-08-12T12:03:29.784882,1786529009.784882,16.327131,1817,59.778927,1,-8.1417,1031,0.0842,28,0,No fault,1,-19.3980,1313,0.0769,27,0,No fault,11.2563,0.0073
2026-08-12T12:03:29.791344,1786529009.791344,16.333588,1818,59.716563,1,-7.9669,802,0.0916,28,0,No fault,1,-19.2013,996,0.0842,27,0,No fault,11.2345,0.0073
2026-08-12T12:03:29.800302,1786529009.800302,16.342546,1819,59.667213,1,-6.3494,679,0.0403,28,0,No fault,1,-18.3052,1119,0.0989,27,0,No fault,11.9557,-0.0586
2026-08-12T12:03:29.806755,1786529009.806755,16.348994,1820,59.592951,1,-5.9779,1049,0.0769,28,0,No fault,1,-18.0429,1454,0.1282,27,0,No fault,12.0650,-0.0513
2026-08-12T12:03:29.815655,1786529009.815655,16.357901,1821,59.531930,1,-5.5626,820,0.0842,28,0,No fault,1,-17.1686,943,0.0769,27,0,No fault,11.6060,0.0073
2026-08-12T12:03:29.822149,1786529009.822149,16.364407,1822,59.446922,1,-5.2129,820,0.0037,28,0,No fault,1,-16.9063,1067,0.0842,27,0,No fault,11.6935,-0.0806
2026-08-12T12:03:29.831212,1786529009.831212,16.373459,1823,59.378365,1,-4.3823,1243,0.1209,28,0,No fault,1,-16.0102,1208,0.1136,27,0,No fault,11.6279,0.0073
2026-08-12T12:03:29.837776,1786529009.837776,16.380020,1824,59.276533,1,-4.0763,1225,0.0696,28,0,No fault,1,-15.7479,996,0.1209,27,0,No fault,11.6716,-0.0513
2026-08-12T12:03:29.846931,1786529009.846931,16.389179,1825,59.196307,1,-3.1802,1119,0.0989,28,0,No fault,1,-14.8518,961,0.0842,27,0,No fault,11.6716,0.0147
2026-08-12T12:03:29.853570,1786529009.853570,16.395817,1826,59.081728,1,-2.9398,1102,0.0916,28,0,No fault,1,-14.5895,1014,0.0842,27,0,No fault,11.6497,0.0073
2026-08-12T12:03:29.862721,1786529009.862721,16.404975,1827,58.992037,1,-1.9781,1049,0.0403,28,0,No fault,1,-13.7371,767,0.0696,27,0,No fault,11.7590,-0.0293
2026-08-12T12:03:29.873106,1786529009.873106,16.415363,1828,58.860941,1,-1.3223,1137,0.0769,28,0,No fault,1,-13.0814,1243,0.0476,27,0,No fault,11.7590,0.0293
2026-08-12T12:03:29.883269,1786529009.883269,16.425513,1829,58.703307,1,-0.5355,1119,0.0623,28,0,No fault,1,-12.3164,908,0.0623,27,0,No fault,11.7809,0.0000
2026-08-12T12:03:29.889881,1786529009.889881,16.432125,1830,58.542950,1,-0.0328,1296,0.0842,28,0,No fault,1,-11.9230,890,0.0037,27,0,No fault,11.8902,0.0806
2026-08-12T12:03:29.898796,1786529009.898796,16.441037,1831,58.425429,1,0.6229,1031,0.0842,28,0,No fault,1,-10.9394,1084,0.0549,27,0,No fault,11.5623,0.0293
2026-08-12T12:03:29.905361,1786529009.905361,16.447612,1832,58.273460,1,1.1475,890,0.0842,28,0,No fault,1,-10.7645,820,0.0696,27,0,No fault,11.9120,0.0147
2026-08-12T12:03:29.914244,1786529009.914244,16.456484,1833,58.154541,1,1.5846,1014,0.0769,28,0,No fault,1,-9.8247,1296,0.0769,27,0,No fault,11.4093,0.0000
2026-08-12T12:03:29.936189,1786529009.936189,16.478469,1834,57.988143,1,2.3278,1119,0.0549,28,0,No fault,1,-8.8630,1014,0.0696,27,0,No fault,11.1908,-0.0147
2026-08-12T12:03:29.945134,1786529009.945134,16.487384,1835,57.536649,1,3.5299,1172,0.0623,28,0,No fault,1,-7.9450,943,0.0842,27,0,No fault,11.4749,-0.0220
2026-08-12T12:03:29.953278,1786529009.953278,16.495546,1836,57.344707,1,3.7485,1119,0.0769,28,0,No fault,1,-7.2674,1119,0.0476,27,0,No fault,11.0159,0.0293
2026-08-12T12:03:29.963332,1786529009.963332,16.505575,1837,57.158101,1,4.8850,1084,0.0842,28,0,No fault,1,-6.5024,785,0.0330,27,0,No fault,11.3875,0.0513
2026-08-12T12:03:29.969675,1786529009.969675,16.511911,1838,56.927724,1,5.2785,1208,0.0842,28,0,No fault,1,-5.4752,749,0.0916,27,0,No fault,10.7536,-0.0073
2026-08-12T12:03:29.979319,1786529009.979319,16.521559,1839,56.775513,1,6.0216,1049,0.0989,28,0,No fault,1,-4.9725,926,0.2381,27,0,No fault,10.9940,-0.1392
2026-08-12T12:03:29.986002,1786529009.986002,16.528241,1840,56.535183,1,6.4150,996,0.0769,28,0,No fault,1,-4.7539,1084,0.0916,27,0,No fault,11.1689,-0.0147
2026-08-12T12:03:29.994508,1786529009.994508,16.536752,1841,56.362061,1,7.2019,1137,0.0476,28,0,No fault,1,-3.7485,1366,0.0769,27,0,No fault,10.9503,-0.0293
2026-08-12T12:03:30.001166,1786529010.001166,16.543427,1842,56.140806,1,7.4204,1102,0.0330,28,0,No fault,1,-3.3113,1155,0.0549,27,0,No fault,10.7318,-0.0220
2026-08-12T12:03:30.010225,1786529010.010225,16.552478,1843,55.952295,1,8.8411,1049,0.0696,28,0,No fault,1,-2.5900,1084,0.0842,27,0,No fault,11.4312,-0.0147
2026-08-12T12:03:30.016902,1786529010.016902,16.559143,1844,55.710759,1,9.3657,926,0.1136,28,0,No fault,1,-2.1311,1225,0.0549,27,0,No fault,11.4967,0.0586
2026-08-12T12:03:30.025548,1786529010.025548,16.567799,1845,55.523796,1,10.3055,926,0.0476,28,0,No fault,1,-1.5191,1384,0.0842,27,0,No fault,11.8246,-0.0366
2026-08-12T12:03:30.032093,1786529010.032093,16.574336,1846,55.272690,1,10.6115,837,0.1282,28,0,No fault,1,-1.1475,1366,0.0696,27,0,No fault,11.7590,0.0586
2026-08-12T12:03:30.040823,1786529010.040823,16.583072,1847,55.076848,1,11.3547,1172,0.0769,28,0,No fault,1,-0.1858,1331,0.0696,27,0,No fault,11.5405,0.0073
2026-08-12T12:03:30.047515,1786529010.047515,16.589755,1848,54.814120,1,12.1415,978,0.0403,28,0,No fault,1,0.0109,820,0.0549,27,0,No fault,12.1306,-0.0147
2026-08-12T12:03:30.056060,1786529010.056060,16.598307,1849,54.608497,1,12.5350,1261,0.0842,28,0,No fault,1,0.8196,1437,0.0769,27,0,No fault,11.7153,0.0073
2026-08-12T12:03:30.062395,1786529010.062395,16.604639,1850,54.337824,1,12.9065,1190,0.0549,28,0,No fault,1,1.2131,1190,0.0769,27,0,No fault,11.6935,-0.0220
2026-08-12T12:03:30.068899,1786529010.068899,16.611144,1851,54.131254,1,13.7808,1119,0.1282,28,0,No fault,1,1.7813,1190,0.0623,27,0,No fault,11.9995,0.0659
2026-08-12T12:03:30.077073,1786529010.077073,16.619322,1852,53.912322,1,14.0431,1137,0.0916,28,0,No fault,1,2.3933,1137,0.0842,27,0,No fault,11.6497,0.0073
2026-08-12T12:03:30.083641,1786529010.083641,16.625888,1853,53.646203,1,14.2179,1031,0.0769,28,0,No fault,1,2.9398,820,0.1062,27,0,No fault,11.2782,-0.0293
2026-08-12T12:03:30.092593,1786529010.092593,16.634843,1854,53.419791,1,14.9174,978,0.0696,28,0,No fault,1,3.5518,1155,0.0476,27,0,No fault,11.3656,0.0220
2026-08-12T12:03:30.099340,1786529010.099340,16.641582,1855,53.111967,1,15.1796,890,0.0476,28,0,No fault,1,4.0763,855,0.0696,27,0,No fault,11.1033,-0.0220
2026-08-12T12:03:30.108198,1786529010.108198,16.650444,1856,52.866205,1,16.0758,1049,0.0623,28,0,No fault,1,4.7320,785,0.0476,27,0,No fault,11.3438,0.0147
2026-08-12T12:03:30.115053,1786529010.115053,16.657300,1857,52.554355,1,16.6659,890,0.0842,28,0,No fault,1,5.2566,1172,0.0403,27,0,No fault,11.4093,0.0440
2026-08-12T12:03:30.143986,1786529010.143986,16.686291,1858,52.299303,1,17.8025,1190,0.1136,28,0,No fault,1,7.0489,802,0.0769,27,0,No fault,10.7536,0.0366
2026-08-12T12:03:30.154219,1786529010.154219,16.696467,1859,51.189333,1,18.8735,873,0.0989,28,0,No fault,1,8.0324,802,0.0330,27,0,No fault,10.8410,0.0659
2026-08-12T12:03:30.164434,1786529010.164434,16.706678,1860,50.793289,1,19.5947,1102,0.0623,28,0,No fault,1,8.6007,696,0.0476,27,0,No fault,10.9940,0.0147
2026-08-12T12:03:30.174742,1786529010.174742,16.716990,1861,50.374804,1,20.0100,1208,0.0256,28,0,No fault,1,9.5187,767,0.0403,27,0,No fault,10.4913,-0.0147
2026-08-12T12:03:30.181345,1786529010.181345,16.723590,1862,49.953605,1,20.9062,996,0.0476,28,0,No fault,1,9.8466,820,0.0623,27,0,No fault,11.0596,-0.0147
2026-08-12T12:03:30.190119,1786529010.190119,16.732378,1863,49.674902,1,21.0810,926,0.0623,28,0,No fault,1,10.4148,855,0.0330,27,0,No fault,10.6662,0.0293
2026-08-12T12:03:30.200765,1786529010.200765,16.743055,1864,49.300192,1,21.8460,1014,0.0916,28,0,No fault,1,11.2891,1225,0.0696,27,0,No fault,10.5569,0.0220
2026-08-12T12:03:30.211210,1786529010.211210,16.753482,1865,48.808735,1,22.6110,1014,0.0916,28,0,No fault,1,11.8355,1225,0.1722,27,0,No fault,10.7755,-0.0806
2026-08-12T12:03:30.221629,1786529010.221629,16.763888,1866,48.367634,1,24.0754,978,0.0330,28,0,No fault,1,12.6224,1031,0.0330,27,0,No fault,11.4530,0.0000
2026-08-12T12:03:30.231861,1786529010.231861,16.774117,1867,47.889112,1,24.2940,1137,0.0476,28,0,No fault,1,13.4092,1155,0.0842,27,0,No fault,10.8848,-0.0366
2026-08-12T12:03:30.242063,1786529010.242063,16.784320,1868,47.433570,1,24.9278,996,0.1355,28,0,No fault,1,14.3491,1067,0.0696,27,0,No fault,10.5788,0.0659
2026-08-12T12:03:30.252228,1786529010.252228,16.794473,1869,46.957062,1,25.8021,837,0.0916,28,0,No fault,1,14.9611,1031,0.0623,27,0,No fault,10.8410,0.0293
2026-08-12T12:03:30.262447,1786529010.262447,16.804696,1870,46.485941,1,26.3485,943,0.1062,28,0,No fault,1,15.7042,1067,0.1209,27,0,No fault,10.6443,-0.0147
2026-08-12T12:03:30.272640,1786529010.272640,16.814884,1871,45.981663,1,26.8950,908,0.0623,27,0,No fault,1,16.6222,820,0.0549,27,0,No fault,10.2728,0.0073
2026-08-12T12:03:30.282885,1786529010.282885,16.825144,1872,45.497692,1,27.3758,1014,0.0989,28,0,No fault,1,17.2342,943,0.0403,27,0,No fault,10.1416,0.0586
2026-08-12T12:03:30.289670,1786529010.289670,16.831921,1873,44.988148,1,28.1627,996,0.0476,28,0,No fault,1,17.8025,978,0.0476,27,0,No fault,10.3602,0.0000
2026-08-12T12:03:30.298320,1786529010.298320,16.840579,1874,44.648934,1,28.4687,1137,0.0916,28,0,No fault,1,18.3926,1014,0.0403,27,0,No fault,10.0760,0.0513
2026-08-12T12:03:30.305371,1786529010.305371,16.847629,1875,44.209495,1,29.8019,926,0.0696,28,0,No fault,1,18.8953,1507,0.0842,27,0,No fault,10.9066,-0.0147
2026-08-12T12:03:30.314515,1786529010.314515,16.856759,1876,43.712487,1,30.1298,873,0.0623,28,0,No fault,1,19.5073,749,0.0989,27,0,No fault,10.6225,-0.0366
2026-08-12T12:03:30.323799,1786529010.323799,16.866048,1877,43.378758,1,30.4576,943,0.0476,28,0,No fault,1,20.4035,802,0.0623,27,0,No fault,10.0542,-0.0147
2026-08-12T12:03:30.356935,1786529010.356935,16.899205,1878,42.890545,1,32.3811,1014,0.0623,28,0,No fault,1,22.1302,732,0.0403,27,0,No fault,10.2509,0.0220
2026-08-12T12:03:30.365182,1786529010.365182,16.907432,1879,41.102623,1,33.3428,767,0.0696,28,0,No fault,1,22.7859,820,0.0549,27,0,No fault,10.5569,0.0147
2026-08-12T12:03:30.375396,1786529010.375396,16.917659,1880,40.604239,1,33.9766,1014,0.0916,28,0,No fault,1,23.4853,1049,0.0696,27,0,No fault,10.4913,0.0220
2026-08-12T12:03:30.385730,1786529010.385730,16.927990,1881,40.061294,1,34.7197,696,0.1136,28,0,No fault,1,24.4033,855,0.0842,27,0,No fault,10.3165,0.0293
2026-08-12T12:03:30.395924,1786529010.395924,16.938184,1882,39.493887,1,35.2225,908,0.0476,28,0,No fault,1,24.9060,996,0.0623,27,0,No fault,10.3165,-0.0147
2026-08-12T12:03:30.406119,1786529010.406119,16.948364,1883,38.910333,1,35.8345,908,0.0989,28,0,No fault,1,25.7584,908,0.0769,27,0,No fault,10.0760,0.0220
2026-08-12T12:03:30.416313,1786529010.416313,16.958566,1884,38.329832,1,36.9710,643,0.0330,28,0,No fault,1,26.3923,1243,0.0476,27,0,No fault,10.5788,-0.0147
2026-08-12T12:03:30.426545,1786529010.426545,16.968789,1885,37.720822,1,37.4519,714,0.0183,28,0,No fault,1,27.2447,1049,0.0476,27,0,No fault,10.2072,-0.0293
2026-08-12T12:03:30.433067,1786529010.433067,16.975313,1886,37.132571,1,37.9983,714,0.1355,28,0,No fault,1,27.4195,1190,0.0769,27,0,No fault,10.5788,0.0586
2026-08-12T12:03:30.441857,1786529010.441857,16.984097,1887,36.744349,1,38.3043,661,0.1282,28,0,No fault,1,28.2064,679,0.0403,27,0,No fault,10.0979,0.0879
2026-08-12T12:03:30.448399,1786529010.448399,16.990657,1888,36.219705,1,38.9819,943,0.1136,28,0,No fault,1,28.5342,626,0.0696,27,0,No fault,10.4476,0.0440
2026-08-12T12:03:30.457276,1786529010.457276,16.999517,1889,35.821011,1,39.4846,643,0.0769,28,0,No fault,1,29.1899,643,0.0476,27,0,No fault,10.2946,0.0293
2026-08-12T12:03:30.463786,1786529010.463786,17.006026,1890,35.282550,1,39.8561,696,0.0916,28,0,No fault,1,29.5397,996,0.0696,27,0,No fault,10.3165,0.0220
2026-08-12T12:03:30.472721,1786529010.472721,17.014964,1891,34.868892,1,40.7741,996,0.0696,28,0,No fault,1,30.1954,855,0.0476,27,0,No fault,10.5788,0.0220
2026-08-12T12:03:30.479342,1786529010.479342,17.021596,1892,34.336281,1,40.9271,978,0.0403,28,0,No fault,1,30.5232,626,0.0476,27,0,No fault,10.4039,-0.0073
2026-08-12T12:03:30.488263,1786529010.488263,17.030505,1893,33.912276,1,41.5828,626,0.0476,28,0,No fault,1,31.1571,696,0.0403,27,0,No fault,10.4258,0.0073
2026-08-12T12:03:30.494835,1786529010.494835,17.037079,1894,33.367545,1,42.4790,661,0.0842,28,0,No fault,1,31.4849,714,0.0696,27,0,No fault,10.9940,0.0147
2026-08-12T12:03:30.503765,1786529010.503765,17.046037,1895,32.954956,1,42.6320,679,0.0476,28,0,No fault,1,32.1188,943,0.0769,27,0,No fault,10.5132,-0.0293
2026-08-12T12:03:30.513840,1786529010.513840,17.056084,1896,32.381475,1,43.2221,820,0.1136,28,0,No fault,1,32.7526,943,0.1136,27,0,No fault,10.4695,0.0000
2026-08-12T12:03:30.520680,1786529010.520680,17.062923,1897,31.745937,1,43.6811,978,0.1062,28,0,No fault,1,33.0586,837,0.0842,27,0,No fault,10.6225,0.0220
2026-08-12T12:03:30.529315,1786529010.529315,17.071561,1898,31.309964,1,43.6811,978,0.1062,28,0,No fault,1,33.6925,820,0.0476,27,0,No fault,9.9886,0.0586
2026-08-12T12:03:30.559050,1786529010.559050,17.101311,1899,30.737308,1,44.9488,785,0.0623,28,0,No fault,1,34.9383,961,0.0696,27,0,No fault,10.0105,-0.0073
2026-08-12T12:03:30.567135,1786529010.567135,17.109387,1900,28.796460,1,45.4515,785,0.0476,28,0,No fault,1,35.6596,943,0.0549,27,0,No fault,9.7919,-0.0073
2026-08-12T12:03:30.577389,1786529010.577389,17.119645,1901,28.259529,1,45.8886,714,0.0330,28,0,No fault,1,36.2060,749,0.0623,27,0,No fault,9.6826,-0.0293
2026-08-12T12:03:30.584644,1786529010.584644,17.126899,1902,27.578567,1,46.1072,696,0.0989,28,0,No fault,1,36.4902,450,0.0916,27,0,No fault,9.6171,0.0073
2026-08-12T12:03:30.593352,1786529010.593352,17.135596,1903,27.077947,1,46.8066,608,0.0476,28,0,No fault,1,37.2989,1190,0.0916,27,0,No fault,9.5078,-0.0440
2026-08-12T12:03:30.599797,1786529010.599797,17.142044,1904,26.508704,1,47.4623,608,0.0476,28,0,No fault,1,37.5393,626,0.0916,27,0,No fault,9.9231,-0.0440
2026-08-12T12:03:30.608893,1786529010.608893,17.151137,1905,26.075193,1,47.6809,502,0.0696,28,0,No fault,1,37.9546,978,0.1429,27,0,No fault,9.7263,-0.0733
2026-08-12T12:03:30.615386,1786529010.615386,17.157643,1906,25.455515,1,47.7028,538,0.0549,27,0,No fault,1,38.2824,978,0.0549,27,0,No fault,9.4203,0.0000
2026-08-12T12:03:30.624557,1786529010.624557,17.166806,1907,25.009120,1,48.0306,608,0.1355,28,0,No fault,1,38.9600,943,0.1209,27,0,No fault,9.0706,0.0147
2026-08-12T12:03:30.631170,1786529010.631170,17.173424,1908,24.380400,1,48.2055,432,0.1282,28,0,No fault,1,39.3534,714,0.0403,27,0,No fault,8.8521,0.0879
2026-08-12T12:03:30.640507,1786529010.640507,17.182753,1909,23.922105,1,48.7300,643,0.0696,28,0,No fault,1,39.8780,785,0.0696,27,0,No fault,8.8521,0.0000
2026-08-12T12:03:30.647199,1786529010.647199,17.189448,1910,23.278363,1,48.9049,432,0.0916,28,0,No fault,1,40.0966,732,0.0623,27,0,No fault,8.8083,0.0293
2026-08-12T12:03:30.656112,1786529010.656112,17.198358,1911,22.787026,1,49.4076,414,0.0623,28,0,No fault,1,40.7960,573,0.0842,27,0,No fault,8.6116,-0.0220
2026-08-12T12:03:30.662857,1786529010.662857,17.205112,1912,22.189188,1,49.6918,414,0.0916,28,0,No fault,1,41.1020,767,0.0842,27,0,No fault,8.5898,0.0073
2026-08-12T12:03:30.671665,1786529010.671665,17.213911,1913,21.701817,1,50.0415,397,0.0183,28,0,No fault,1,41.5828,573,0.0696,27,0,No fault,8.4586,-0.0513
2026-08-12T12:03:30.678727,1786529010.678727,17.220975,1914,21.096040,1,50.4567,485,0.0769,28,0,No fault,1,41.8233,696,0.0476,27,0,No fault,8.6335,0.0293
2026-08-12T12:03:30.687502,1786529010.687502,17.229746,1915,20.595136,1,50.6535,450,0.0769,28,0,No fault,1,42.5008,1084,0.0623,27,0,No fault,8.1526,0.0147
2026-08-12T12:03:30.694155,1786529010.694155,17.236404,1916,19.973266,1,51.0469,591,0.0696,28,0,No fault,1,42.6320,661,0.0549,27,0,No fault,8.4149,0.0147
2026-08-12T12:03:30.702876,1786529010.702876,17.245127,1917,19.497843,1,51.2436,397,0.0989,28,0,No fault,1,43.2440,890,0.0330,27,0,No fault,7.9996,0.0659
2026-08-12T12:03:30.709899,1786529010.709899,17.252150,1918,18.874983,1,51.6152,591,0.0696,28,0,No fault,1,43.4407,802,0.0183,27,0,No fault,8.1745,0.0513
2026-08-12T12:03:30.718569,1786529010.718569,17.260826,1919,18.372150,1,51.8119,643,0.0842,28,0,No fault,1,44.0308,696,0.0916,27,0,No fault,7.7811,-0.0073
2026-08-12T12:03:30.728729,1786529010.728729,17.270976,1920,17.747604,1,52.1616,379,0.0842,28,0,No fault,1,44.4898,679,0.0623,27,0,No fault,7.6718,0.0220
2026-08-12T12:03:30.735518,1786529010.735518,17.277762,1921,17.009969,1,52.2490,485,0.0769,28,0,No fault,1,44.8614,873,0.0623,27,0,No fault,7.3876,0.0147
2026-08-12T12:03:30.766780,1786529010.766780,17.309051,1922,16.519618,1,52.8829,432,0.0769,28,0,No fault,1,45.9105,608,0.0696,27,0,No fault,6.9724,0.0073
2026-08-12T12:03:30.774925,1786529010.774925,17.317201,1923,14.235579,1,53.2107,414,0.0623,28,0,No fault,1,46.4351,802,0.0403,27,0,No fault,6.7757,0.0220
2026-08-12T12:03:30.785106,1786529010.785106,17.327362,1924,13.633709,1,53.6260,397,0.1136,28,0,No fault,1,46.8503,732,0.0549,27,0,No fault,6.7757,0.0586
2026-08-12T12:03:30.795310,1786529010.795310,17.337562,1925,12.897607,1,53.8883,432,0.0842,28,0,No fault,1,47.3312,732,0.0037,27,0,No fault,6.5571,0.0806
2026-08-12T12:03:30.805567,1786529010.805567,17.347827,1926,12.143749,1,54.2161,626,0.0769,28,0,No fault,1,47.8776,238,0.0476,27,0,No fault,6.3385,0.0293
2026-08-12T12:03:30.815761,1786529010.815761,17.358014,1927,11.383866,1,54.8937,397,0.0623,28,0,No fault,1,48.2273,661,0.0696,27,0,No fault,6.6664,-0.0073
2026-08-12T12:03:30.825985,1786529010.825985,17.368243,1928,10.631932,1,55.0248,485,0.0989,28,0,No fault,1,48.7519,643,0.0769,27,0,No fault,6.2729,0.0220
2026-08-12T12:03:30.832768,1786529010.832768,17.375015,1929,9.867884,1,55.2653,167,0.0989,28,0,No fault,1,48.9268,749,0.0696,27,0,No fault,6.3385,0.0293
2026-08-12T12:03:30.841363,1786529010.841363,17.383618,1930,9.369366,1,55.4401,256,0.1062,28,0,No fault,1,49.4295,502,0.1062,27,0,No fault,6.0107,0.0000
2026-08-12T12:03:30.851593,1786529010.851593,17.393846,1931,8.714405,1,55.6587,520,0.0916,28,0,No fault,1,49.7573,397,0.0769,27,0,No fault,5.9014,0.0147
2026-08-12T12:03:30.861818,1786529010.861818,17.404072,1932,7.958479,1,55.8117,26,0.0183,28,0,No fault,1,50.1945,432,0.0623,27,0,No fault,5.6172,-0.0440
2026-08-12T12:03:30.868594,1786529010.868594,17.410849,1933,7.199138,1,56.0303,273,0.1062,28,0,No fault,1,50.3912,485,0.0330,27,0,No fault,5.6391,0.0733
2026-08-12T12:03:30.877347,1786529010.877347,17.419629,1934,6.691644,1,56.1614,273,0.1062,28,0,No fault,1,50.8065,908,0.0549,27,0,No fault,5.3550,0.0513
2026-08-12T12:03:30.887565,1786529010.887565,17.429826,1935,6.024297,1,56.3800,361,0.0769,28,0,No fault,1,51.2655,626,0.0769,27,0,No fault,5.1145,0.0000
2026-08-12T12:03:30.894565,1786529010.894565,17.436818,1936,5.267472,1,56.5985,203,0.0330,28,0,No fault,1,51.3966,185,0.0330,27,0,No fault,5.2020,0.0000
2026-08-12T12:03:30.903394,1786529010.903394,17.445633,1937,4.731680,1,56.7078,273,0.0696,28,0,No fault,1,51.8337,608,0.0989,27,0,No fault,4.8741,-0.0293
2026-08-12T12:03:30.909880,1786529010.909880,17.452136,1938,4.082697,1,56.8390,467,0.0769,28,0,No fault,1,51.9867,591,0.0623,27,0,No fault,4.8522,0.0147
2026-08-12T12:03:30.918771,1786529010.918771,17.461033,1939,3.576184,1,57.0575,167,0.0842,28,0,No fault,1,52.4020,679,0.0696,27,0,No fault,4.6555,0.0147
2026-08-12T12:03:30.925583,1786529010.925583,17.467826,1940,2.919199,1,57.3417,379,0.0623,28,0,No fault,1,52.6206,555,0.0623,27,0,No fault,4.7211,0.0000
2026-08-12T12:03:30.934227,1786529010.934227,17.476468,1941,2.402981,1,57.4510,414,0.0549,28,0,No fault,1,52.9266,326,0.0696,27,0,No fault,4.5244,-0.0147
2026-08-12T12:03:30.952496,1786529010.952496,17.494751,1942,1.760429,1,57.6695,555,0.0403,28,0,No fault,1,53.4511,802,0.0696,27,0,No fault,4.2184,-0.0293
2026-08-12T12:03:30.970200,1786529010.970200,17.512455,1943,0.379653,1,57.7570,291,0.0989,28,0,No fault,1,53.7134,344,0.1136,27,0,No fault,4.0435,-0.0147
2026-08-12T12:03:30.978403,1786529010.978403,17.520661,1944,-0.971476,1,57.9755,167,0.0769,28,0,No fault,1,54.1069,450,0.0989,27,0,No fault,3.8687,-0.0220
2026-08-12T12:03:30.986523,1786529010.986523,17.528762,1945,-1.585284,1,58.1941,256,0.0623,27,0,No fault,1,54.3691,379,0.0476,27,0,No fault,3.8250,0.0147
2026-08-12T12:03:30.993698,1786529010.993698,17.535952,1946,-2.181597,1,58.2597,-79,0.0403,28,0,No fault,1,54.4784,291,0.0549,27,0,No fault,3.7813,-0.0147
2026-08-12T12:03:31.001957,1786529011.001957,17.544227,1947,-2.729023,1,58.3908,326,0.0769,27,0,No fault,1,55.0030,256,0.0769,27,0,No fault,3.3878,0.0000
2026-08-12T12:03:31.009190,1786529011.009190,17.551458,1948,-3.350291,1,58.5220,97,0.0769,28,0,No fault,1,55.1123,502,0.0842,27,0,No fault,3.4097,-0.0073
2026-08-12T12:03:31.017398,1786529011.017398,17.559844,1949,-3.906653,1,58.5875,379,0.0696,28,0,No fault,1,55.2871,79,0.0769,27,0,No fault,3.3004,-0.0073
2026-08-12T12:03:31.025059,1786529011.025059,17.567317,1950,-4.531728,1,58.5875,-150,0.0842,28,0,No fault,1,55.3527,397,0.0842,27,0,No fault,3.2348,0.0000
2026-08-12T12:03:31.032713,1786529011.032713,17.574967,1951,-5.114879,1,58.6968,150,0.0696,28,0,No fault,1,55.7024,714,0.0183,27,0,No fault,2.9944,0.0513
2026-08-12T12:03:31.040416,1786529011.040416,17.582667,1952,-5.669516,1,58.7187,97,0.0623,28,0,No fault,1,55.8554,397,0.0696,27,0,No fault,2.8633,-0.0073
2026-08-12T12:03:31.048280,1786529011.048280,17.590525,1953,-6.249655,1,58.7842,-79,0.0696,28,0,No fault,1,56.0740,309,0.0769,27,0,No fault,2.7103,-0.0073
2026-08-12T12:03:31.055950,1786529011.055950,17.598197,1954,-6.825451,1,58.8061,-26,0.0769,28,0,No fault,1,56.2488,97,0.0623,27,0,No fault,2.5573,0.0147
2026-08-12T12:03:31.063498,1786529011.063498,17.605742,1955,-7.401774,1,58.8717,44,0.0549,28,0,No fault,1,56.4455,467,0.0549,27,0,No fault,2.4261,0.0000
2026-08-12T12:03:31.070773,1786529011.070773,17.613015,1956,-7.964768,1,58.8935,79,0.0696,28,0,No fault,1,56.5111,132,0.0696,27,0,No fault,2.3824,0.0000
2026-08-12T12:03:31.078834,1786529011.078834,17.621075,1957,-8.516980,1,58.9154,-150,0.0549,28,0,No fault,1,56.7515,344,0.0476,27,0,No fault,2.1638,0.0073
2026-08-12T12:03:31.085988,1786529011.085988,17.628224,1958,-9.109318,1,58.9591,97,0.0549,28,0,No fault,1,56.8827,450,0.0623,27,0,No fault,2.0764,-0.0073
2026-08-12T12:03:31.094368,1786529011.094368,17.636614,1959,-9.638315,1,58.9809,256,0.0549,28,0,No fault,1,57.1231,26,0.0549,27,0,No fault,1.8578,0.0000
2026-08-12T12:03:31.101316,1786529011.101316,17.643555,1960,-10.264181,1,58.9809,44,0.0549,28,0,No fault,1,57.2980,97,0.0549,27,0,No fault,1.6830,0.0000
2026-08-12T12:03:31.109904,1786529011.109904,17.652143,1961,-10.789494,1,58.9591,-9,0.0476,28,0,No fault,1,57.4947,485,0.0842,27,0,No fault,1.4644,-0.0366
2026-08-12T12:03:31.116615,1786529011.116615,17.658854,1962,-11.415836,1,58.9591,97,0.0330,28,0,No fault,1,57.5602,62,0.0769,27,0,No fault,1.3988,-0.0440
2026-08-12T12:03:31.125333,1786529011.125333,17.667572,1963,-11.912264,1,58.9591,-256,0.0183,28,0,No fault,1,57.7132,-238,0.0403,27,0,No fault,1.2458,-0.0220
2026-08-12T12:03:31.131946,1786529011.131946,17.674181,1964,-12.570209,1,58.9591,97,-0.0110,28,0,No fault,1,57.8007,115,0.0769,27,0,No fault,1.1584,-0.0879
2026-08-12T12:03:31.140725,1786529011.140725,17.682967,1965,-13.039462,1,58.9372,-115,0.0110,28,0,No fault,1,57.9537,203,0.0769,27,0,No fault,0.9836,-0.0659
2026-08-12T12:03:31.157931,1786529011.157931,17.700182,1966,-13.684891,1,58.9372,-115,-0.0256,28,0,No fault,1,58.1941,256,0.0623,27,0,No fault,0.7431,-0.0879
2026-08-12T12:03:31.179688,1786529011.179688,17.721950,1967,-14.966707,1,58.9154,-132,-0.0549,28,0,No fault,1,58.3252,256,0.0916,27,0,No fault,0.5901,-0.1465
2026-08-12T12:03:31.188959,1786529011.188959,17.731243,1968,-16.537282,1,58.8280,185,-0.0623,28,0,No fault,1,58.4345,203,0.0696,27,0,No fault,0.3934,-0.1319
2026-08-12T12:03:31.196048,1786529011.196048,17.738292,1969,-17.213873,1,58.7405,185,-0.0549,28,0,No fault,1,58.4782,-79,0.0696,27,0,No fault,0.2623,-0.1245
2026-08-12T12:03:31.204504,1786529011.204504,17.746749,1970,-17.713368,1,58.7187,-44,-0.0623,28,0,No fault,1,58.6312,-132,0.0696,27,0,No fault,0.0874,-0.1319
2026-08-12T12:03:31.211455,1786529011.211455,17.753701,1971,-18.329162,1,58.6531,-291,-0.0916,28,0,No fault,1,58.6750,309,0.0696,27,0,No fault,-0.0219,-0.1612
2026-08-12T12:03:31.220120,1786529011.220120,17.762398,1972,-18.820867,1,58.6094,-26,-0.0623,28,0,No fault,1,58.7624,-62,0.0623,27,0,No fault,-0.1530,-0.1245
2026-08-12T12:03:31.227381,1786529011.227381,17.769664,1973,-19.446070,1,58.5001,-44,-0.1136,28,0,No fault,1,58.7842,-44,0.0549,27,0,No fault,-0.2841,-0.1685
2026-08-12T12:03:31.235512,1786529011.235512,17.777773,1974,-19.972089,1,58.4345,-150,-0.0842,28,0,No fault,1,58.8498,-9,0.0403,27,0,No fault,-0.4153,-0.1245
2026-08-12T12:03:31.241949,1786529011.241949,17.784195,1975,-20.535939,1,58.3252,-485,-0.0989,28,0,No fault,1,58.8935,467,0.0476,27,0,No fault,-0.5683,-0.1465
2026-08-12T12:03:31.251146,1786529011.251146,17.793410,1976,-20.997245,1,58.2160,-150,-0.0916,28,0,No fault,1,58.9154,97,0.0403,27,0,No fault,-0.6994,-0.1319
2026-08-12T12:03:31.258081,1786529011.258081,17.800328,1977,-21.641309,1,58.0630,44,-0.0916,28,0,No fault,1,58.9372,97,0.0696,27,0,No fault,-0.8743,-0.1612
2026-08-12T12:03:31.266790,1786529011.266790,17.809058,1978,-22.124130,1,57.9100,-309,-0.0696,28,0,No fault,1,58.9591,115,0.0549,27,0,No fault,-1.0491,-0.1245
2026-08-12T12:03:31.273682,1786529011.273682,17.815931,1979,-22.744755,1,57.8007,-9,-0.0769,28,0,No fault,1,58.9809,97,0.0696,27,0,No fault,-1.1803,-0.1465
2026-08-12T12:03:31.282743,1786529011.282743,17.825001,1980,-23.224530,1,57.6695,-344,-0.0842,28,0,No fault,1,59.0028,62,0.0403,27,0,No fault,-1.3333,-0.1245
2026-08-12T12:03:31.289609,1786529011.289609,17.831879,1981,-23.854343,1,57.5821,-256,-0.0623,27,0,No fault,1,59.0028,62,0.0623,27,0,No fault,-1.4207,-0.1245
2026-08-12T12:03:31.298629,1786529011.298629,17.840884,1982,-24.374480,1,57.4947,-273,-0.0989,28,0,No fault,1,59.0028,-167,0.0256,27,0,No fault,-1.5081,-0.1245
2026-08-12T12:03:31.305996,1786529011.305996,17.848386,1983,-24.938261,1,57.2761,-273,-0.0916,28,0,No fault,1,58.9809,-220,0.0696,27,0,No fault,-1.7048,-0.1612
2026-08-12T12:03:31.314249,1786529011.314249,17.856502,1984,-25.467896,1,57.2105,-450,-0.1062,28,0,No fault,1,59.0028,62,0.0623,27,0,No fault,-1.7923,-0.1685
2026-08-12T12:03:31.324484,1786529011.324484,17.866730,1985,-26.007557,1,56.9701,-273,-0.0769,28,0,No fault,1,58.9809,-44,0.0037,27,0,No fault,-2.0108,-0.0806
2026-08-12T12:03:31.331212,1786529011.331212,17.873449,1986,-26.701041,1,56.7734,-185,-0.0476,28,0,No fault,1,58.9809,-44,0.0330,27,0,No fault,-2.2076,-0.0806
2026-08-12T12:03:31.339802,1786529011.339802,17.882068,1987,-27.149262,1,56.6641,-256,-0.0842,28,0,No fault,1,58.9591,44,0.0256,27,0,No fault,-2.2950,-0.1099
2026-08-12T12:03:31.361785,1786529011.361785,17.904053,1988,-27.731761,1,56.3144,-379,-0.1062,28,0,No fault,1,58.9154,62,-0.0256,27,0,No fault,-2.6010,-0.0806
2026-08-12T12:03:31.380909,1786529011.380909,17.923169,1989,-29.205461,1,55.9210,-344,-0.0623,28,0,No fault,1,58.8935,167,-0.0037,27,0,No fault,-2.9725,-0.0586
2026-08-12T12:03:31.388419,1786529011.388419,17.930662,1990,-30.440082,1,55.2871,-397,-0.0256,28,0,No fault,1,58.8717,-115,-0.0256,27,0,No fault,-3.5845,0.0000
2026-08-12T12:03:31.396425,1786529011.396425,17.938668,1991,-30.937278,1,55.1560,-309,-0.0696,28,0,No fault,1,58.8280,132,-0.0330,27,0,No fault,-3.6720,-0.0366
2026-08-12T12:03:31.402722,1786529011.402722,17.944961,1992,-31.435303,1,55.1123,-379,-0.0696,28,0,No fault,1,58.8061,-79,-0.0623,27,0,No fault,-3.6938,-0.0073
2026-08-12T12:03:31.411737,1786529011.411737,17.953970,1993,-31.837429,1,54.8937,-185,-0.0769,28,0,No fault,1,58.7405,203,-0.0403,27,0,No fault,-3.8468,-0.0366
2026-08-12T12:03:31.417935,1786529011.417935,17.960168,1994,-32.411003,1,54.7844,-361,-0.0989,28,0,No fault,1,58.6968,-167,-0.0403,27,0,No fault,-3.9124,-0.0586
2026-08-12T12:03:31.424239,1786529011.424239,17.966472,1995,-32.803191,1,54.4566,-309,-0.0989,28,0,No fault,1,58.6750,79,-0.0916,27,0,No fault,-4.2184,-0.0073
2026-08-12T12:03:31.432196,1786529011.432196,17.974435,1996,-33.209396,1,54.1287,-397,-0.0989,28,0,No fault,1,58.5875,-432,-0.0842,27,0,No fault,-4.4588,-0.0147
2026-08-12T12:03:31.438620,1786529011.438620,17.980854,1997,-33.700147,1,53.9101,-397,-0.1502,28,0,No fault,1,58.5438,-115,-0.0183,27,0,No fault,-4.6337,-0.1319
2026-08-12T12:03:31.445370,1786529011.445370,17.987638,1998,-34.098840,1,53.6479,-450,-0.0769,28,0,No fault,1,58.5001,-167,-0.0696,27,0,No fault,-4.8522,-0.0073
2026-08-12T12:03:31.453789,1786529011.453789,17.996048,1999,-34.535911,1,53.4730,-538,-0.0842,28,0,No fault,1,58.3690,-167,-0.0623,27,0,No fault,-4.8960,-0.0220
2026-08-12T12:03:31.460767,1786529011.460767,18.003015,2000,-35.040596,1,53.0796,-591,-0.0842,28,0,No fault,1,58.3034,-167,-0.0330,27,0,No fault,-5.2238,-0.0513
2026-08-12T12:03:31.468977,1786529011.468977,18.011224,2001,-35.478852,1,52.9266,-643,-0.0916,28,0,No fault,1,58.1722,-150,-0.0623,27,0,No fault,-5.2457,-0.0293
2026-08-12T12:03:31.475488,1786529011.475488,18.017738,2002,-35.959538,1,52.7517,-414,-0.0623,28,0,No fault,1,58.0848,-132,-0.0256,27,0,No fault,-5.3331,-0.0366
2026-08-12T12:03:31.484707,1786529011.484707,18.026949,2003,-36.362138,1,52.3583,-520,-0.0696,28,0,No fault,1,57.9318,-432,-0.0696,27,0,No fault,-5.5735,0.0000
2026-08-12T12:03:31.491705,1786529011.491705,18.033947,2004,-36.901089,1,52.1834,-485,-0.1136,28,0,No fault,1,57.8444,-573,-0.0476,27,0,No fault,-5.6609,-0.0659
2026-08-12T12:03:31.500104,1786529011.500104,18.042383,2005,-37.326604,1,51.8119,-643,-0.1136,28,0,No fault,1,57.6695,-291,-0.0476,27,0,No fault,-5.8577,-0.0659
2026-08-12T12:03:31.507408,1786529011.507408,18.049672,2006,-37.816880,1,51.4184,-714,-0.1062,28,0,No fault,1,57.5821,-256,-0.0623,27,0,No fault,-6.1637,-0.0440
2026-08-12T12:03:31.515706,1786529011.515706,18.057994,2007,-38.239415,1,51.0032,-785,-0.0623,28,0,No fault,1,57.4072,-379,-0.0549,27,0,No fault,-6.4041,-0.0073
2026-08-12T12:03:31.525920,1786529011.525920,18.068178,2008,-38.724870,1,50.6097,-485,-0.0696,28,0,No fault,1,57.1887,-361,-0.0769,27,0,No fault,-6.5789,0.0073
2026-08-12T12:03:31.532907,1786529011.532907,18.075156,2009,-39.305526,1,50.1507,-643,-0.0769,28,0,No fault,1,57.1231,-344,-0.0769,27,0,No fault,-6.9724,0.0000
2026-08-12T12:03:31.541641,1786529011.541641,18.083893,2010,-39.698832,1,49.8447,-485,-0.1502,28,0,No fault,1,56.8827,-150,-0.1136,27,0,No fault,-7.0379,-0.0366
2026-08-12T12:03:31.563724,1786529011.563724,18.105985,2011,-40.196043,1,49.2109,-837,-0.0989,28,0,No fault,1,56.4018,-432,-0.0623,27,0,No fault,-7.1909,-0.0366
2026-08-12T12:03:31.585685,1786529011.585685,18.127951,2012,-41.414301,1,48.6426,-379,-0.0989,28,0,No fault,1,56.1833,-538,-0.0549,27,0,No fault,-7.5406,-0.0440
2026-08-12T12:03:31.593342,1786529011.593342,18.135610,2013,-42.602511,1,47.5279,-538,-0.0842,28,0,No fault,1,55.9428,-291,-0.0769,27,0,No fault,-8.4149,-0.0073
2026-08-12T12:03:31.601531,1786529011.601531,18.143802,2014,-43.005935,1,47.3749,-538,-0.1062,28,0,No fault,1,55.6587,-520,-0.1136,27,0,No fault,-8.2838,0.0073
2026-08-12T12:03:31.611645,1786529011.611645,18.153923,2015,-43.437179,1,46.9378,-450,-0.0256,28,0,No fault,1,55.2871,-167,-0.0842,27,0,No fault,-8.3494,0.0586
2026-08-12T12:03:31.618350,1786529011.618350,18.160601,2016,-43.953102,1,46.9159,-714,-0.1062,27,0,No fault,1,55.0030,-467,-0.0696,27,0,No fault,-8.0871,-0.0366
2026-08-12T12:03:31.627020,1786529011.627020,18.169289,2017,-44.292858,1,46.2384,-661,-0.0403,28,0,No fault,1,54.8937,-379,-0.0623,27,0,No fault,-8.6553,0.0220
2026-08-12T12:03:31.633960,1786529011.633960,18.176208,2018,-44.733678,1,45.7138,-696,-0.0916,28,0,No fault,1,54.8500,97,-0.0549,27,0,No fault,-9.1362,-0.0366
2026-08-12T12:03:31.642507,1786529011.642507,18.184780,2019,-45.076773,1,45.4734,-855,-0.1282,28,0,No fault,1,54.5658,-626,-0.0769,27,0,No fault,-9.0925,-0.0513
2026-08-12T12:03:31.649557,1786529011.649557,18.191800,2020,-45.502712,1,45.2111,-855,-0.0769,28,0,No fault,1,54.3910,-555,-0.0549,27,0,No fault,-9.1799,-0.0220
2026-08-12T12:03:31.657874,1786529011.657874,18.200152,2021,-45.861274,1,44.1838,-714,-0.0842,28,0,No fault,1,54.0631,-379,-0.0183,27,0,No fault,-9.8793,-0.0659
2026-08-12T12:03:31.664734,1786529011.664734,18.206993,2022,-46.249401,1,43.8997,-873,-0.0769,28,0,No fault,1,53.8446,-115,-0.0696,27,0,No fault,-9.9449,-0.0073
2026-08-12T12:03:31.673775,1786529011.673775,18.216043,2023,-46.577372,1,43.2221,-696,-0.0916,28,0,No fault,1,53.5386,-291,-0.0256,27,0,No fault,-10.3165,-0.0659
2026-08-12T12:03:31.680574,1786529011.680574,18.222831,2024,-47.003666,1,42.8068,-608,-0.0916,28,0,No fault,1,53.3419,-820,-0.0476,27,0,No fault,-10.5350,-0.0440
2026-08-12T12:03:31.689382,1786529011.689382,18.231636,2025,-47.319715,1,42.3915,-785,-0.0696,28,0,No fault,1,52.9703,-555,-0.0696,27,0,No fault,-10.5788,0.0000
2026-08-12T12:03:31.699511,1786529011.699511,18.241771,2026,-47.726514,1,41.9325,-749,-0.0842,28,0,No fault,1,52.6206,-397,-0.0549,27,0,No fault,-10.6880,-0.0293
2026-08-12T12:03:31.706570,1786529011.706570,18.248831,2027,-48.185817,1,41.3643,-661,-0.1429,28,0,No fault,1,52.4239,-696,-0.1062,27,0,No fault,-11.0596,-0.0366
2026-08-12T12:03:31.715359,1786529011.715359,18.257615,2028,-48.500875,1,41.0801,-820,-0.1062,28,0,No fault,1,52.0742,-555,-0.1136,27,0,No fault,-10.9940,0.0073
2026-08-12T12:03:31.725611,1786529011.725611,18.267857,2029,-48.886585,1,40.4900,-679,-0.0916,28,0,No fault,1,51.7026,-591,-0.0769,27,0,No fault,-11.2126,-0.0147
2026-08-12T12:03:31.732182,1786529011.732182,18.274432,2030,-49.329914,1,39.7906,-714,-0.0696,28,0,No fault,1,51.5059,-185,-0.0842,27,0,No fault,-11.7153,0.0147
2026-08-12T12:03:31.741053,1786529011.741053,18.283313,2031,-49.614420,1,39.6157,-785,-0.0916,28,0,No fault,1,51.1125,-679,-0.0916,27,0,No fault,-11.4967,0.0000
2026-08-12T12:03:31.751761,1786529011.751761,18.294080,2032,-49.985079,1,39.3316,-820,-0.0916,28,0,No fault,1,50.7190,-467,-0.0623,27,0,No fault,-11.3875,-0.0293
2026-08-12T12:03:31.768977,1786529011.768977,18.311229,2033,-50.438816,1,38.1513,-767,-0.0842,28,0,No fault,1,50.1289,-150,-0.0623,27,0,No fault,-11.9776,-0.0220
2026-08-12T12:03:31.785954,1786529011.785954,18.328230,2034,-51.128158,1,37.0584,-608,-0.0989,28,0,No fault,1,49.4513,-696,-0.0549,27,0,No fault,-12.3929,-0.0440
2026-08-12T12:03:31.795011,1786529011.795011,18.337275,2035,-51.842896,1,36.5994,-732,-0.1282,28,0,No fault,1,48.9923,-714,-0.0476,27,0,No fault,-12.3929,-0.0806
2026-08-12T12:03:31.804252,1786529011.804252,18.346551,2036,-52.118473,1,36.3372,-961,-0.0842,28,0,No fault,1,48.5333,-802,-0.0842,27,0,No fault,-12.1962,0.0000
2026-08-12T12:03:31.814493,1786529011.814493,18.356747,2037,-52.465552,1,35.8126,-714,-0.1429,28,0,No fault,1,48.0743,-732,-0.0989,27,0,No fault,-12.2617,-0.0440
2026-08-12T12:03:31.824674,1786529011.824674,18.366923,2038,-52.828603,1,35.1569,-1119,-0.0403,28,0,No fault,1,47.2875,-450,-0.0916,27,0,No fault,-12.1306,0.0513
2026-08-12T12:03:31.835035,1786529011.835035,18.377275,2039,-53.188424,1,34.2608,-943,-0.0696,28,0,No fault,1,47.0471,-185,-0.1136,27,0,No fault,-12.7863,0.0440
2026-08-12T12:03:31.845369,1786529011.845369,18.387630,2040,-53.545964,1,33.6706,-873,-0.0696,28,0,No fault,1,46.7192,-820,-0.1941,27,0,No fault,-13.0486,0.1245
2026-08-12T12:03:31.855599,1786529011.855599,18.397858,2041,-53.900965,1,32.6652,-1049,-0.1282,28,0,No fault,1,46.1946,-679,-0.0403,27,0,No fault,-13.5294,-0.0879
2026-08-12T12:03:31.865851,1786529011.865851,18.408119,2042,-54.232057,1,32.2499,-855,-0.1136,28,0,No fault,1,45.6701,-1014,-0.0403,27,0,No fault,-13.4202,-0.0733
2026-08-12T12:03:31.876083,1786529011.876083,18.418338,2043,-54.559583,1,31.6598,-943,-0.0916,28,0,No fault,1,45.1674,-643,-0.0476,27,0,No fault,-13.5076,-0.0440
2026-08-12T12:03:31.886296,1786529011.886296,18.428544,2044,-54.875697,1,30.6106,-1031,-0.0769,28,0,No fault,1,44.6428,-555,-0.0623,27,0,No fault,-14.0322,-0.0147
2026-08-12T12:03:31.896549,1786529011.896549,18.438804,2045,-55.180903,1,30.0642,-943,-0.0696,28,0,No fault,1,44.0964,-785,-0.0696,27,0,No fault,-14.0322,0.0000
2026-08-12T12:03:31.906697,1786529011.906697,18.448938,2046,-55.478670,1,29.3648,-943,-0.0769,28,0,No fault,1,43.5718,-608,-0.1062,27,0,No fault,-14.2070,0.0293
2026-08-12T12:03:31.916941,1786529011.916941,18.459189,2047,-55.762581,1,28.5342,-908,-0.1355,28,0,No fault,1,43.0035,-943,-0.0623,27,0,No fault,-14.4693,-0.0733
2026-08-12T12:03:31.927320,1786529011.927320,18.469583,2048,-56.043629,1,27.9878,-943,-0.0989,28,0,No fault,1,42.3915,-855,-0.1209,27,0,No fault,-14.4037,0.0220
2026-08-12T12:03:31.937430,1786529011.937430,18.479709,2049,-56.323875,1,27.4414,-978,-0.0769,27,0,No fault,1,41.8888,-643,-0.0549,27,0,No fault,-14.4474,-0.0220
2026-08-12T12:03:31.947658,1786529011.947658,18.489912,2050,-56.577520,1,26.9605,-1225,-0.1062,28,0,No fault,1,41.3205,-696,-0.0403,27,0,No fault,-14.3600,-0.0659
2026-08-12T12:03:31.957846,1786529011.957846,18.500088,2051,-56.834871,1,26.2611,-855,-0.0330,28,0,No fault,1,40.6430,-873,-0.0623,27,0,No fault,-14.3819,0.0293
2026-08-12T12:03:31.986283,1786529011.986283,18.528573,2052,-57.069769,1,25.2120,-873,-0.0476,28,0,No fault,1,39.2441,-802,-0.0989,27,0,No fault,-14.0322,0.0513
2026-08-12T12:03:31.993816,1786529011.993816,18.536063,2053,-57.699885,1,23.5071,-1084,-0.1355,28,0,No fault,1,38.9600,-855,-0.0842,27,0,No fault,-15.4529,-0.0513
2026-08-12T12:03:32.001941,1786529012.001941,18.544206,2054,-57.851231,1,22.9826,-978,-0.0403,28,0,No fault,1,38.3043,-591,-0.1136,27,0,No fault,-15.3217,0.0733
2026-08-12T12:03:32.009273,1786529012.009273,18.551524,2055,-58.009936,1,22.6766,-749,-0.0403,28,0,No fault,1,38.0420,-1102,-0.0842,27,0,No fault,-15.3654,0.0440
2026-08-12T12:03:32.017399,1786529012.017399,18.559701,2056,-58.150992,1,21.6274,-1278,-0.0330,28,0,No fault,1,37.2552,-873,-0.0330,27,0,No fault,-15.6277,0.0000
2026-08-12T12:03:32.024974,1786529012.024974,18.567228,2057,-58.297452,1,20.9062,-1067,-0.0623,28,0,No fault,1,36.5339,-837,-0.0110,27,0,No fault,-15.6277,-0.0513
2026-08-12T12:03:32.033039,1786529012.033039,18.575282,2058,-58.429978,1,20.1630,-785,-0.0696,28,0,No fault,1,36.1623,-661,-0.0842,27,0,No fault,-15.9993,0.0147
2026-08-12T12:03:32.040246,1786529012.040246,18.582492,2059,-58.562815,1,19.4417,-908,-0.1209,28,0,No fault,1,36.0312,-749,-0.0842,27,0,No fault,-16.5894,-0.0366
2026-08-12T12:03:32.048392,1786529012.048392,18.590639,2060,-58.678826,1,18.6330,-1190,-0.0549,28,0,No fault,1,35.4410,-1014,-0.0476,27,0,No fault,-16.8080,-0.0073
2026-08-12T12:03:32.055623,1786529012.055623,18.597870,2061,-58.805433,1,18.0866,-943,-0.0842,28,0,No fault,1,35.0913,-855,-0.0769,27,0,No fault,-17.0047,-0.0073
2026-08-12T12:03:32.063753,1786529012.063753,18.606000,2062,-58.909748,1,17.5183,-890,-0.0989,28,0,No fault,1,34.2608,-1225,-0.0696,27,0,No fault,-16.7424,-0.0293
2026-08-12T12:03:32.071005,1786529012.071005,18.613244,2063,-59.022721,1,17.1468,-1119,-0.0842,28,0,No fault,1,34.1078,-961,-0.0696,27,0,No fault,-16.9610,-0.0147
2026-08-12T12:03:32.079176,1786529012.079176,18.621425,2064,-59.118681,1,16.3818,-943,-0.0696,28,0,No fault,1,33.4302,-1067,-0.0769,27,0,No fault,-17.0484,0.0073
2026-08-12T12:03:32.086223,1786529012.086223,18.628472,2065,-59.222437,1,15.9884,-1155,-0.0769,28,0,No fault,1,33.0805,-1102,-0.0696,27,0,No fault,-17.0921,-0.0073
2026-08-12T12:03:32.094797,1786529012.094797,18.637041,2066,-59.303977,1,15.2452,-1243,-0.1282,28,0,No fault,1,32.4029,-1172,-0.0476,27,0,No fault,-17.1577,-0.0806
2026-08-12T12:03:32.101470,1786529012.101470,18.643709,2067,-59.398464,1,14.8736,-1208,-0.0916,28,0,No fault,1,32.0532,-749,-0.0330,27,0,No fault,-17.1796,-0.0586
2026-08-12T12:03:32.110337,1786529012.110337,18.652579,2068,-59.467362,1,14.4584,-1067,-0.0769,28,0,No fault,1,31.3319,-1208,-0.0403,27,0,No fault,-16.8736,-0.0366
2026-08-12T12:03:32.116816,1786529012.116816,18.659070,2069,-59.552501,1,13.5622,-785,-0.1062,28,0,No fault,1,31.0041,-1084,-0.0403,27,0,No fault,-17.4418,-0.0659
2026-08-12T12:03:32.126302,1786529012.126302,18.668551,2070,-59.610750,1,13.3218,-1084,-0.0696,28,0,No fault,1,30.3484,-978,-0.1282,27,0,No fault,-17.0266,0.0586
2026-08-12T12:03:32.133029,1786529012.133029,18.675279,2071,-59.688417,1,12.3601,-1031,-0.0769,28,0,No fault,1,29.9986,-767,-0.0623,27,0,No fault,-17.6385,-0.0147
2026-08-12T12:03:32.143182,1786529012.143182,18.685432,2072,-59.737289,1,11.7700,-943,-0.0989,28,0,No fault,1,29.3211,-943,-0.0916,27,0,No fault,-17.5511,-0.0073
2026-08-12T12:03:32.152123,1786529012.152123,18.694368,2073,-59.804010,1,11.2017,-1119,-0.1209,28,0,No fault,1,28.5342,-873,-0.0916,27,0,No fault,-17.3326,-0.0293
2026-08-12T12:03:32.158572,1786529012.158572,18.700811,2074,-59.854503,1,10.6553,-785,-0.1136,28,0,No fault,1,28.2282,-1067,-0.0549,27,0,No fault,-17.5730,-0.0586
2026-08-12T12:03:32.177649,1786529012.177649,18.719896,2075,-59.886241,1,9.1034,-1084,-0.0549,28,0,No fault,1,26.8512,-1225,-0.1062,27,0,No fault,-17.7478,0.0513
2026-08-12T12:03:32.195059,1786529012.195059,18.737317,2076,-59.957702,1,8.5133,-890,-0.1355,28,0,No fault,1,26.1300,-978,-0.0769,27,0,No fault,-17.6167,-0.0586
2026-08-12T12:03:32.205523,1786529012.205523,18.747792,2077,-59.993053,1,7.5734,-714,-0.0623,28,0,No fault,1,25.4524,-996,-0.0989,27,0,No fault,-17.8790,0.0366
2026-08-12T12:03:32.215672,1786529012.215672,18.757942,2078,-59.999837,1,6.8740,-1278,-0.1429,28,0,No fault,1,24.6656,-996,-0.1282,27,0,No fault,-17.7915,-0.0147
2026-08-12T12:03:32.225950,1786529012.225950,18.768209,2079,-59.996721,1,5.6719,-1225,-0.0623,28,0,No fault,1,23.1137,-1031,-0.0769,27,0,No fault,-17.4418,0.0147
2026-08-12T12:03:32.236119,1786529012.236119,18.778377,2080,-59.983874,1,5.2566,-749,-0.0476,28,0,No fault,1,22.8077,-1137,-0.0403,27,0,No fault,-17.5511,-0.0073
2026-08-12T12:03:32.246475,1786529012.246475,18.788756,2081,-59.960931,1,5.0380,-1049,-0.0916,28,0,No fault,1,22.3706,-714,-0.0916,27,0,No fault,-17.3326,0.0000
2026-08-12T12:03:32.256850,1786529012.256850,18.799175,2082,-59.927775,1,4.2293,-1243,-0.0916,28,0,No fault,1,21.8242,-1243,-0.0769,27,0,No fault,-17.5948,-0.0147
2026-08-12T12:03:32.267351,1786529012.267351,18.809644,2083,-59.883718,1,3.2676,-1067,-0.0842,28,0,No fault,1,21.1247,-1031,-0.1062,27,0,No fault,-17.8571,0.0220
2026-08-12T12:03:32.275136,1786529012.275136,18.817417,2084,-59.829763,1,2.8305,-1243,-0.0989,28,0,No fault,1,20.7532,-1031,-0.0769,27,0,No fault,-17.9227,-0.0220
2026-08-12T12:03:32.283006,1786529012.283006,18.825275,2085,-59.782852,1,2.1529,-996,-0.1209,28,0,No fault,1,20.0319,-1031,-0.0549,27,0,No fault,-17.8790,-0.0659
2026-08-12T12:03:32.290228,1786529012.290228,18.832478,2086,-59.729653,1,1.9125,-1014,-0.0842,28,0,No fault,1,19.6603,-978,-0.0989,27,0,No fault,-17.7478,0.0147
2026-08-12T12:03:32.298389,1786529012.298389,18.840645,2087,-59.675634,1,0.9508,-1243,-0.0623,28,0,No fault,1,18.9172,-961,-0.0769,27,0,No fault,-17.9664,0.0147
2026-08-12T12:03:32.305578,1786529012.305578,18.847818,2088,-59.609015,1,0.7104,-1208,-0.0623,28,0,No fault,1,18.5456,-1067,-0.0549,27,0,No fault,-17.8353,-0.0073
2026-08-12T12:03:32.313604,1786529012.313604,18.855843,2089,-59.544915,1,-0.1858,-855,-0.0769,28,0,No fault,1,17.8025,-1031,-0.1282,27,0,No fault,-17.9883,0.0513
2026-08-12T12:03:32.320594,1786529012.320594,18.862835,2090,-59.467588,1,-0.4481,-908,-0.0549,28,0,No fault,1,17.4091,-908,-0.0549,27,0,No fault,-17.8571,0.0000
2026-08-12T12:03:32.329205,1786529012.329205,18.871474,2091,-59.395267,1,-1.1693,-908,-0.0256,27,0,No fault,1,16.6878,-1137,-0.0989,27,0,No fault,-17.8571,0.0733
2026-08-12T12:03:32.336396,1786529012.336396,18.878643,2092,-59.298361,1,-1.3442,-1349,-0.0916,28,0,No fault,1,16.2943,-1349,-0.0476,27,0,No fault,-17.6385,-0.0440
2026-08-12T12:03:32.344470,1786529012.344470,18.886749,2093,-59.213678,1,-1.8032,-1014,-0.0989,28,0,No fault,1,15.4419,-1031,-0.0842,27,0,No fault,-17.2451,-0.0147
2026-08-12T12:03:32.354795,1786529012.354795,18.897047,2094,-59.112374,1,-1.9781,-943,-0.1062,28,0,No fault,1,14.7862,-643,-0.0403,27,0,No fault,-16.7643,-0.0659
2026-08-12T12:03:32.362140,1786529012.362140,18.904405,2095,-58.974777,1,-2.5026,-855,-0.0916,28,0,No fault,1,14.3928,-1137,-0.1062,27,0,No fault,-16.8954,0.0147
2026-08-12T12:03:32.380870,1786529012.380870,18.923123,2096,-58.868182,1,-3.1583,-1278,-0.0696,28,0,No fault,1,12.8410,-820,-0.0696,27,0,No fault,-15.9993,0.0000
2026-08-12T12:03:32.398946,1786529012.398946,18.941209,2097,-58.582150,1,-3.9233,-978,-0.0403,28,0,No fault,1,12.0760,-1049,-0.0696,27,0,No fault,-15.9993,0.0293
2026-08-12T12:03:32.409076,1786529012.409076,18.951355,2098,-58.269948,1,-6.1090,-1190,-0.1062,28,0,No fault,1,11.1798,-1137,-0.0989,27,0,No fault,-17.2888,-0.0073
2026-08-12T12:03:32.419267,1786529012.419267,18.961530,2099,-58.081751,1,-6.4806,-1049,-0.0842,28,0,No fault,1,10.5241,-978,-0.0696,27,0,No fault,-17.0047,-0.0147
2026-08-12T12:03:32.429510,1786529012.429510,18.971757,2100,-57.885431,1,-7.2456,-1084,-0.1062,28,0,No fault,1,9.4313,-679,-0.1062,27,0,No fault,-16.6768,0.0000
2026-08-12T12:03:32.439648,1786529012.439648,18.981898,2101,-57.677105,1,-8.2947,-785,-0.1282,28,0,No fault,1,8.4696,-714,-0.0696,27,0,No fault,-16.7643,-0.0586
2026-08-12T12:03:32.449881,1786529012.449881,18.992136,2102,-57.466291,1,-9.0816,-873,-0.0256,28,0,No fault,1,7.7701,-996,-0.0183,27,0,No fault,-16.8517,-0.0073
2026-08-12T12:03:32.460100,1786529012.460100,19.002351,2103,-57.235985,1,-10.0214,-820,-0.1429,28,0,No fault,1,7.3767,-961,-0.1355,27,0,No fault,-17.3981,-0.0073
2026-08-12T12:03:32.470258,1786529012.470258,19.012502,2104,-57.001657,1,-10.6334,-1225,-0.0989,28,0,No fault,1,6.3932,-1172,-0.0623,27,0,No fault,-17.0266,-0.0366
2026-08-12T12:03:32.480488,1786529012.480488,19.022744,2105,-56.759441,1,-11.4421,-1155,-0.0037,28,0,No fault,1,5.7374,-1049,-0.0623,27,0,No fault,-17.1796,0.0586
2026-08-12T12:03:32.490674,1786529012.490674,19.032927,2106,-56.499232,1,-12.3164,-1031,-0.0769,28,0,No fault,1,4.9287,-1102,-0.0769,27,0,No fault,-17.2451,0.0000
2026-08-12T12:03:32.500891,1786529012.500891,19.043162,2107,-56.241751,1,-13.4967,-978,-0.0769,28,0,No fault,1,3.9452,-1278,-0.0842,27,0,No fault,-17.4418,0.0073
2026-08-12T12:03:32.511137,1786529012.511137,19.053388,2108,-55.967246,1,-14.1524,-1102,-0.1209,28,0,No fault,1,3.3769,-1137,-0.0916,27,0,No fault,-17.5293,-0.0293
2026-08-12T12:03:32.517692,1786529012.517692,19.059934,2109,-55.685399,1,-14.9174,-943,-0.0989,28,0,No fault,1,2.7868,-996,-0.0696,27,0,No fault,-17.7041,-0.0293
2026-08-12T12:03:32.526464,1786529012.526464,19.068717,2110,-55.501012,1,-15.2889,-1172,-0.0916,28,0,No fault,1,2.1748,-961,-0.0769,27,0,No fault,-17.4637,-0.0147
2026-08-12T12:03:32.533223,1786529012.533223,19.075479,2111,-55.241976,1,-16.0758,-1084,-0.0769,28,0,No fault,1,1.5846,-1084,-0.0916,27,0,No fault,-17.6604,0.0147
2026-08-12T12:03:32.542006,1786529012.542006,19.084259,2112,-55.042870,1,-16.4255,-855,-0.0696,28,0,No fault,1,1.0163,-961,-0.1355,27,0,No fault,-17.4418,0.0659
2026-08-12T12:03:32.548627,1786529012.548627,19.090872,2113,-54.776801,1,-17.1686,-978,-0.0476,28,0,No fault,1,0.4481,-1190,-0.1136,27,0,No fault,-17.6167,0.0659
2026-08-12T12:03:32.557353,1786529012.557353,19.099597,2114,-54.572621,1,-17.6058,-908,-0.0842,28,0,No fault,1,-0.1639,-943,-0.0769,27,0,No fault,-17.4418,-0.0073
2026-08-12T12:03:32.567547,1786529012.567547,19.109804,2115,-54.287067,1,-18.2833,-1349,-0.1209,28,0,No fault,1,-0.9508,-626,-0.0403,27,0,No fault,-17.3326,-0.0806
2026-08-12T12:03:32.585162,1786529012.585162,19.127405,2116,-53.962848,1,-18.9828,-926,-0.0696,28,0,No fault,1,-2.3496,-890,-0.0110,27,0,No fault,-16.6331,-0.0586
2026-08-12T12:03:32.602036,1786529012.602036,19.144286,2117,-53.371174,1,-20.4472,-785,-0.0183,28,0,No fault,1,-3.0490,-1102,-0.1282,27,0,No fault,-17.3981,0.1099
2026-08-12T12:03:32.612684,1786529012.612684,19.154938,2118,-52.776592,1,-21.4307,-1190,-0.1355,28,0,No fault,1,-4.2293,-1014,-0.0989,27,0,No fault,-17.2014,-0.0366
2026-08-12T12:03:32.619328,1786529012.619328,19.161572,2119,-52.389500,1,-22.1739,-1102,-0.0183,28,0,No fault,1,-4.4697,-1014,-0.1429,27,0,No fault,-17.7041,0.1245
2026-08-12T12:03:32.628046,1786529012.628046,19.170291,2120,-52.145094,1,-22.6110,-749,-0.1795,28,0,No fault,1,-5.2566,-1031,-0.0403,27,0,No fault,-17.3544,-0.1392
2026-08-12T12:03:32.634570,1786529012.634570,19.176813,2121,-51.813642,1,-23.1793,-978,-0.1136,28,0,No fault,1,-5.6500,-1243,-0.0549,27,0,No fault,-17.5293,-0.0586
2026-08-12T12:03:32.643451,1786529012.643451,19.185707,2122,-51.568056,1,-23.6601,-820,-0.0696,28,0,No fault,1,-7.2237,-785,-0.0549,27,0,No fault,-16.4364,-0.0147
2026-08-12T12:03:32.650464,1786529012.650464,19.192711,2123,-51.219528,1,-24.2721,-679,-0.0476,28,0,No fault,1,-7.3767,-873,-0.0403,27,0,No fault,-16.8954,-0.0073
2026-08-12T12:03:32.659094,1786529012.659094,19.201341,2124,-50.943094,1,-24.7530,-1119,-0.0916,28,0,No fault,1,-7.7920,-908,-0.1429,27,0,No fault,-16.9610,0.0513
2026-08-12T12:03:32.669382,1786529012.669382,19.211626,2125,-50.595658,1,-25.3431,-1119,-0.0476,28,0,No fault,1,-8.7537,-1137,-0.0916,27,0,No fault,-16.5894,0.0440
2026-08-12T12:03:32.679546,1786529012.679546,19.221790,2126,-50.173830,1,-26.1518,-978,-0.0769,28,0,No fault,1,-9.3657,-1049,-0.0623,27,0,No fault,-16.7861,-0.0147
2026-08-12T12:03:32.686298,1786529012.686298,19.228547,2127,-49.752235,1,-26.8075,-732,-0.0842,28,0,No fault,1,-9.8903,-1261,-0.0842,27,0,No fault,-16.9173,0.0000
2026-08-12T12:03:32.694965,1786529012.694965,19.237210,2128,-49.465306,1,-27.1354,-961,-0.1209,28,0,No fault,1,-10.5460,-978,-0.0549,27,0,No fault,-16.5894,-0.0659
2026-08-12T12:03:32.701820,1786529012.701820,19.244072,2129,-49.093957,1,-27.8348,-943,-0.0842,28,0,No fault,1,-11.1143,-1137,-0.0842,27,0,No fault,-16.7206,0.0000
2026-08-12T12:03:32.710488,1786529012.710488,19.252750,2130,-48.793227,1,-28.1845,-996,-0.0476,28,0,No fault,1,-11.7262,-1119,-0.0842,27,0,No fault,-16.4583,0.0366
2026-08-12T12:03:32.720655,1786529012.720655,19.262899,2131,-48.403865,1,-28.8839,-996,-0.0623,28,0,No fault,1,-12.5350,-1119,-0.0769,27,0,No fault,-16.3490,0.0147
2026-08-12T12:03:32.727249,1786529012.727249,19.269497,2132,-47.953441,1,-29.2118,-1049,-0.0842,28,0,No fault,1,-12.9065,-1031,-0.0916,27,0,No fault,-16.3053,0.0073
2026-08-12T12:03:32.736057,1786529012.736057,19.278302,2133,-47.645462,1,-29.8675,-961,-0.0989,28,0,No fault,1,-13.8682,-996,-0.0549,27,0,No fault,-15.9993,-0.0440
2026-08-12T12:03:32.742721,1786529012.742721,19.284966,2134,-47.247378,1,-30.7199,-890,-0.0769,28,0,No fault,1,-14.1087,-1119,-0.0769,27,0,No fault,-16.6113,0.0000
2026-08-12T12:03:32.751457,1786529012.751457,19.293704,2135,-46.935601,1,-30.8948,-873,-0.0696,28,0,No fault,1,-14.8955,-1155,-0.0623,27,0,No fault,-15.9993,-0.0073
2026-08-12T12:03:32.758227,1786529012.758227,19.300473,2136,-46.522109,1,-31.2226,-1119,-0.1282,28,0,No fault,1,-15.2671,-1278,-0.0623,27,0,No fault,-15.9556,-0.0659
2026-08-12T12:03:32.766950,1786529012.766950,19.309201,2137,-46.193405,1,-31.8565,-1102,-0.1062,28,0,No fault,1,-16.2506,-1119,-0.0696,27,0,No fault,-15.6059,-0.0366
2026-08-12T12:03:32.773540,1786529012.773540,19.315791,2138,-45.774934,1,-32.2936,-679,-0.0989,28,0,No fault,1,-16.4473,-1102,-0.0476,27,0,No fault,-15.8463,-0.0513
2026-08-12T12:03:32.805225,1786529012.805225,19.347555,2139,-45.441712,1,-34.2826,-696,-0.0330,28,0,No fault,1,-18.2833,-1119,-0.0769,27,0,No fault,-15.9993,0.0440
2026-08-12T12:03:32.812678,1786529012.812678,19.354932,2140,-43.842930,1,-34.7853,-696,-0.1429,28,0,No fault,1,-18.7642,-890,-0.0549,27,0,No fault,-16.0211,-0.0879
2026-08-12T12:03:32.822450,1786529012.822450,19.364699,2141,-43.437189,1,-34.9602,-467,-0.0916,27,0,No fault,1,-19.3980,-961,-0.0696,27,0,No fault,-15.5621,-0.0220
2026-08-12T12:03:32.831384,1786529012.831384,19.373635,2142,-42.962052,1,-35.8126,-767,-0.1575,28,0,No fault,1,-20.2286,-961,-0.0549,27,0,No fault,-15.5840,-0.1026
2026-08-12T12:03:32.838278,1786529012.838278,19.380531,2143,-42.489245,1,-35.9656,-908,-0.1062,28,0,No fault,1,-20.5346,-785,-0.0769,27,0,No fault,-15.4310,-0.0293
2026-08-12T12:03:32.846850,1786529012.846850,19.389102,2144,-42.119421,1,-36.5994,-1137,-0.0916,28,0,No fault,1,-21.9334,-591,-0.2234,27,0,No fault,-14.6660,0.1319
2026-08-12T12:03:32.853828,1786529012.853828,19.396090,2145,-41.657564,1,-36.9273,-855,-0.0256,28,0,No fault,1,-22.1083,-820,0.0037,27,0,No fault,-14.8190,-0.0293
2026-08-12T12:03:32.862669,1786529012.862669,19.404926,2146,-41.275039,1,-37.8234,-943,-0.0696,28,0,No fault,1,-22.6329,-926,-0.1429,27,0,No fault,-15.1906,0.0733
2026-08-12T12:03:32.869498,1786529012.869498,19.411748,2147,-40.788952,1,-38.2606,-1031,-0.0623,28,0,No fault,1,-23.0481,-1190,-0.0256,27,0,No fault,-15.2124,-0.0366
2026-08-12T12:03:32.878066,1786529012.878066,19.420315,2148,-40.410946,1,-38.7196,-661,-0.0549,28,0,No fault,1,-23.7694,-1243,-0.0769,27,0,No fault,-14.9501,0.0220
2026-08-12T12:03:32.884870,1786529012.884870,19.427119,2149,-39.927954,1,-39.1786,-890,-0.0696,28,0,No fault,1,-24.1410,-873,-0.0403,27,0,No fault,-15.0376,-0.0293
2026-08-12T12:03:32.893568,1786529012.893568,19.435817,2150,-39.546452,1,-39.6376,-679,-0.1136,28,0,No fault,1,-25.0371,-890,-0.0549,27,0,No fault,-14.6004,-0.0586
2026-08-12T12:03:32.900492,1786529012.900492,19.442744,2151,-39.046467,1,-40.0091,-485,-0.1429,28,0,No fault,1,-25.2338,-1119,-0.0769,27,0,No fault,-14.7753,-0.0659
2026-08-12T12:03:32.909137,1786529012.909137,19.451387,2152,-38.652898,1,-40.4681,-1031,-0.0842,28,0,No fault,1,-26.0207,-978,-0.1355,27,0,No fault,-14.4474,0.0513
2026-08-12T12:03:32.915890,1786529012.915890,19.458139,2153,-38.152220,1,-40.8834,-802,-0.0842,28,0,No fault,1,-26.5015,-1031,-0.0623,27,0,No fault,-14.3819,-0.0220
2026-08-12T12:03:32.924733,1786529012.924733,19.466981,2154,-37.747148,1,-41.3205,-626,-0.0549,28,0,No fault,1,-27.0698,-961,-0.0989,27,0,No fault,-14.2507,0.0440
2026-08-12T12:03:32.931482,1786529012.931482,19.473725,2155,-37.238161,1,-41.6047,-696,-0.0696,28,0,No fault,1,-27.5725,-1313,-0.0769,27,0,No fault,-14.0322,0.0073
2026-08-12T12:03:32.940230,1786529012.940230,19.482473,2156,-36.839390,1,-41.8670,-820,-0.0623,28,0,No fault,1,-28.1408,-1349,-0.0696,27,0,No fault,-13.7262,0.0073
2026-08-12T12:03:32.946846,1786529012.946846,19.489094,2157,-36.316831,1,-42.4134,-696,-0.0623,28,0,No fault,1,-28.5561,-1102,-0.0916,27,0,No fault,-13.8573,0.0293
2026-08-12T12:03:32.955728,1786529012.955728,19.497970,2158,-35.915885,1,-42.6757,-732,-0.0842,28,0,No fault,1,-29.1681,-873,-0.1062,27,0,No fault,-13.5076,0.0220
2026-08-12T12:03:32.962022,1786529012.962022,19.504265,2159,-35.380134,1,-43.2440,-1014,-0.0476,28,0,No fault,1,-29.5834,-873,-0.1062,27,0,No fault,-13.6606,0.0586
2026-08-12T12:03:32.968535,1786529012.968535,19.510784,2160,-34.994314,1,-43.6155,-661,-0.0842,28,0,No fault,1,-29.9986,-978,-0.0696,27,0,No fault,-13.6169,-0.0147
2026-08-12T12:03:32.976827,1786529012.976827,19.519074,2161,-34.577873,1,-43.7467,-432,-0.0623,28,0,No fault,1,-30.6325,-502,-0.0989,27,0,No fault,-13.1142,0.0366
2026-08-12T12:03:32.997921,1786529012.997921,19.540201,2162,-34.080140,1,-44.2712,-1084,-0.1209,28,0,No fault,1,-31.4849,-890,-0.1062,27,0,No fault,-12.7863,-0.0147
2026-08-12T12:03:33.014512,1786529013.014512,19.556765,2163,-32.745227,1,-45.5171,-732,-0.0842,28,0,No fault,1,-32.4903,-767,-0.0916,27,0,No fault,-13.0267,0.0073
2026-08-12T12:03:33.022509,1786529013.022509,19.564766,2164,-31.703965,1,-45.9979,-749,-0.0842,28,0,No fault,1,-33.1898,-890,-0.0623,27,0,No fault,-12.8082,-0.0220
2026-08-12T12:03:33.032777,1786529013.032777,19.575037,2165,-31.170710,1,-46.5444,-397,-0.1062,28,0,No fault,1,-33.8236,-1067,-0.0769,27,0,No fault,-12.7207,-0.0293
2026-08-12T12:03:33.042995,1786529013.042995,19.585248,2166,-30.524324,1,-46.9378,-732,-0.0623,28,0,No fault,1,-34.9602,-467,-0.0916,27,0,No fault,-11.9776,0.0293
2026-08-12T12:03:33.049658,1786529013.049658,19.591905,2167,-29.859793,1,-47.6591,-749,-0.0696,28,0,No fault,1,-35.2006,-591,-0.2088,27,0,No fault,-12.4585,0.1392
2026-08-12T12:03:33.058339,1786529013.058339,19.600583,2168,-29.424798,1,-47.8558,-344,-0.0549,28,0,No fault,1,-35.6377,-1172,-0.2234,27,0,No fault,-12.2180,0.1685
2026-08-12T12:03:33.065251,1786529013.065251,19.607503,2169,-28.854179,1,-48.2929,-661,-0.0623,28,0,No fault,1,-35.8345,-890,-0.0623,27,0,No fault,-12.4585,0.0000
2026-08-12T12:03:33.073685,1786529013.073685,19.615930,2170,-28.378314,1,-48.5115,-538,-0.1136,28,0,No fault,1,-36.4683,-1049,-0.0696,27,0,No fault,-12.0432,-0.0440
2026-08-12T12:03:33.080349,1786529013.080349,19.622591,2171,-27.825689,1,-48.7519,-996,-0.0476,28,0,No fault,1,-36.7743,-749,-0.0769,27,0,No fault,-11.9776,0.0293
2026-08-12T12:03:33.089306,1786529013.089306,19.631553,2172,-27.385902,1,-49.1672,-344,-0.0696,28,0,No fault,1,-37.4300,-890,-0.0696,27,0,No fault,-11.7372,0.0000
2026-08-12T12:03:33.096058,1786529013.096058,19.638303,2173,-26.782641,1,-49.3639,-555,-0.0769,27,0,No fault,1,-37.7141,-785,-0.0842,27,0,No fault,-11.6497,0.0073
2026-08-12T12:03:33.104622,1786529013.104622,19.646866,2174,-26.324368,1,-49.8010,-749,-0.0769,28,0,No fault,1,-38.3261,-996,-0.0842,27,0,No fault,-11.4749,0.0073
2026-08-12T12:03:33.111310,1786529013.111310,19.653551,2175,-25.743190,1,-50.2163,-591,-0.0696,28,0,No fault,1,-38.6103,-961,-0.1062,27,0,No fault,-11.6060,0.0366
2026-08-12T12:03:33.119954,1786529013.119954,19.662198,2176,-25.292054,1,-50.4130,-767,-0.1209,28,0,No fault,1,-39.2660,-1084,-0.0623,27,0,No fault,-11.1470,-0.0586
2026-08-12T12:03:33.126678,1786529013.126678,19.668977,2177,-24.694681,1,-50.5879,-573,-0.0842,28,0,No fault,1,-39.4846,-538,-0.1062,27,0,No fault,-11.1033,0.0220
2026-08-12T12:03:33.135693,1786529013.135693,19.677942,2178,-24.215722,1,-51.1999,-485,-0.0476,28,0,No fault,1,-40.1184,-785,-0.0769,27,0,No fault,-11.0815,0.0293
2026-08-12T12:03:33.142337,1786529013.142337,19.684580,2179,-23.606991,1,-51.9867,-696,-0.0330,28,0,No fault,1,-40.4244,-996,-0.0696,27,0,No fault,-11.5623,0.0366
2026-08-12T12:03:33.150970,1786529013.150970,19.693210,2180,-23.150662,1,-52.1616,-591,-0.1136,28,0,No fault,1,-40.9927,-802,-0.0842,27,0,No fault,-11.1689,-0.0293
2026-08-12T12:03:33.157552,1786529013.157552,19.699795,2181,-22.542142,1,-52.3146,-379,-0.0916,28,0,No fault,1,-41.2768,-414,-0.0696,27,0,No fault,-11.0378,-0.0220
2026-08-12T12:03:33.166498,1786529013.166498,19.708746,2182,-22.085535,1,-52.8391,-485,-0.0989,28,0,No fault,1,-41.8233,-749,-0.1136,27,0,No fault,-11.0159,0.0147
2026-08-12T12:03:33.173228,1786529013.173228,19.715475,2183,-21.455775,1,-53.5167,-485,-0.0696,28,0,No fault,1,-42.1948,-926,-0.0842,27,0,No fault,-11.3219,0.0147
2026-08-12T12:03:33.182799,1786529013.182799,19.725050,2184,-20.981164,1,-53.5167,-485,-0.0696,28,0,No fault,1,-42.6538,-749,-0.1062,27,0,No fault,-10.8629,0.0366
2026-08-12T12:03:33.202712,1786529013.202712,19.745015,2185,-20.303649,1,-53.7790,-273,-0.0696,27,0,No fault,1,-43.7029,-608,-0.0769,27,0,No fault,-10.0760,0.0073
2026-08-12T12:03:33.218901,1786529013.218901,19.761200,2186,-18.865752,1,-54.3473,-520,-0.0916,28,0,No fault,1,-44.2494,-820,-0.0476,27,0,No fault,-10.0979,-0.0440
2026-08-12T12:03:33.226398,1786529013.226398,19.768661,2187,-17.718022,1,-54.8718,-467,-0.0916,28,0,No fault,1,-44.5117,-696,-0.0842,27,0,No fault,-10.3602,-0.0073
2026-08-12T12:03:33.234594,1786529013.234594,19.776857,2188,-17.167823,1,-54.9593,-379,-0.0916,28,0,No fault,1,-45.2111,-538,-0.0842,27,0,No fault,-9.7482,-0.0073
2026-08-12T12:03:33.241731,1786529013.241731,19.783998,2189,-16.586583,1,-55.0248,-555,-0.0769,28,0,No fault,1,-45.3204,-661,-0.1136,27,0,No fault,-9.7045,0.0366
2026-08-12T12:03:33.249932,1786529013.249932,19.792187,2190,-16.036630,1,-55.3090,-361,-0.0476,28,0,No fault,1,-45.8668,-802,-0.0549,27,0,No fault,-9.4422,0.0073
2026-08-12T12:03:33.256922,1786529013.256922,19.799172,2191,-15.464574,1,-55.4401,-220,-0.0769,28,0,No fault,1,-46.0635,-502,-0.0916,27,0,No fault,-9.3766,0.0147
2026-08-12T12:03:33.265657,1786529013.265657,19.807949,2192,-14.964801,1,-55.7243,-220,-0.0549,28,0,No fault,1,-46.4569,-714,-0.0989,27,0,No fault,-9.2673,0.0440
2026-08-12T12:03:33.272753,1786529013.272753,19.815008,2193,-14.317543,1,-55.8773,-661,-0.0549,28,0,No fault,1,-46.6755,-873,-0.1209,27,0,No fault,-9.2018,0.0659
2026-08-12T12:03:33.282542,1786529013.282542,19.824801,2194,-13.796112,1,-56.1614,-608,-0.0623,28,0,No fault,1,-47.1345,-520,-0.1062,27,0,No fault,-9.0269,0.0440
2026-08-12T12:03:33.291155,1786529013.291155,19.833415,2195,-13.083130,1,-56.4237,-485,-0.0769,28,0,No fault,1,-47.5935,-414,-0.0842,27,0,No fault,-8.8302,0.0073
2026-08-12T12:03:33.297858,1786529013.297858,19.840118,2196,-12.451764,1,-56.5111,-432,-0.0989,28,0,No fault,1,-47.8339,-961,-0.1136,27,0,No fault,-8.6772,0.0147
2026-08-12T12:03:33.306516,1786529013.306516,19.848778,2197,-11.956425,1,-56.7734,-273,-0.0623,28,0,No fault,1,-48.2929,-802,-0.0549,27,0,No fault,-8.4805,-0.0073
2026-08-12T12:03:33.313336,1786529013.313336,19.855571,2198,-11.317116,1,-56.8171,-185,-0.1136,28,0,No fault,1,-48.4896,-732,-0.0769,27,0,No fault,-8.3275,-0.0366
2026-08-12T12:03:33.321890,1786529013.321890,19.864138,2199,-10.819358,1,-56.9264,-238,-0.1355,28,0,No fault,1,-48.9268,-555,-0.0842,27,0,No fault,-7.9996,-0.0513
2026-08-12T12:03:33.328688,1786529013.328688,19.870938,2200,-10.179504,1,-57.1231,-326,-0.0989,28,0,No fault,1,-49.1453,-538,-0.0842,27,0,No fault,-7.9778,-0.0147
2026-08-12T12:03:33.337430,1786529013.337430,19.879701,2201,-9.664929,1,-57.3417,-344,-0.0916,28,0,No fault,1,-49.5825,-837,-0.0476,27,0,No fault,-7.7592,-0.0440
2026-08-12T12:03:33.343941,1786529013.343941,19.886184,2202,-9.022288,1,-57.3854,-291,-0.0989,28,0,No fault,1,-49.8010,-608,-0.0989,27,0,No fault,-7.5844,0.0000
2026-08-12T12:03:33.352929,1786529013.352929,19.895171,2203,-8.538439,1,-57.4947,-256,-0.1062,28,0,No fault,1,-50.1945,-520,-0.0916,27,0,No fault,-7.3002,-0.0147
2026-08-12T12:03:33.359324,1786529013.359324,19.901573,2204,-7.868082,1,-57.6695,-238,-0.0769,28,0,No fault,1,-50.3912,-467,-0.0989,27,0,No fault,-7.2784,0.0220
2026-08-12T12:03:33.368444,1786529013.368444,19.910688,2205,-7.386466,1,-57.7788,-361,-0.0989,28,0,No fault,1,-50.7846,-661,-0.0842,27,0,No fault,-6.9942,-0.0147
2026-08-12T12:03:33.374821,1786529013.374821,19.917065,2206,-6.706533,1,-57.9100,-115,-0.0842,28,0,No fault,1,-50.9813,-890,-0.0916,27,0,No fault,-6.9286,0.0073
2026-08-12T12:03:33.383980,1786529013.383980,19.926232,2207,-6.224700,1,-58.1941,-256,-0.0476,28,0,No fault,1,-51.3310,-591,-0.1282,27,0,No fault,-6.8631,0.0806
2026-08-12T12:03:33.404970,1786529013.404970,19.947236,2208,-5.538094,1,-58.3471,-44,-0.0916,27,0,No fault,1,-52.0960,-626,-0.0769,27,0,No fault,-6.2511,-0.0147
2026-08-12T12:03:33.426019,1786529013.426019,19.968289,2209,-3.951767,1,-58.6968,-203,-0.0696,28,0,No fault,1,-52.4457,-749,-0.0989,27,0,No fault,-6.2511,0.0293
2026-08-12T12:03:33.433738,1786529013.433738,19.976018,2210,-2.356353,1,-58.8498,-26,-0.0989,28,0,No fault,1,-52.7954,-643,-0.0696,27,0,No fault,-6.0544,-0.0293
2026-08-12T12:03:33.442743,1786529013.442743,19.985012,2211,-1.704295,1,-58.9154,26,-0.0769,28,0,No fault,1,-53.1451,-450,-0.0623,27,0,No fault,-5.7702,-0.0147
2026-08-12T12:03:33.452480,1786529013.452480,19.994777,2212,-1.113273,1,-58.9591,-167,-0.0476,28,0,No fault,1,-53.4949,-749,-0.0696,27,0,No fault,-5.4642,0.0220
2026-08-12T12:03:33.459881,1786529013.459881,20.002133,2213,-0.372216,1,-59.0247,-185,-0.0549,28,0,No fault,1,-53.8446,-467,-0.0916,27,0,No fault,-5.1801,0.0366
2026-08-12T12:03:33.468724,1786529013.468724,20.010982,2214,0.181502,1,-59.0684,-44,-0.0696,28,0,No fault,1,-54.0413,-291,-0.1502,27,0,No fault,-5.0271,0.0806
2026-08-12T12:03:33.475698,1786529013.475698,20.017941,2215,0.856172,1,-59.1121,-26,-0.0476,28,0,No fault,1,-54.1287,-432,-0.1282,27,0,No fault,-4.9834,0.0806
2026-08-12T12:03:33.484274,1786529013.484274,20.026533,2216,1.381181,1,-59.1339,132,-0.0476,28,0,No fault,1,-54.5221,-220,-0.0696,27,0,No fault,-4.6118,0.0220
2026-08-12T12:03:33.491083,1786529013.491083,20.033327,2217,2.018116,1,-59.1558,26,-0.0549,28,0,No fault,1,-54.6314,-467,-0.0549,27,0,No fault,-4.5244,0.0000
2026-08-12T12:03:33.499686,1786529013.499686,20.041927,2218,2.526351,1,-59.1777,44,-0.0549,28,0,No fault,1,-54.9811,-273,-0.0916,27,0,No fault,-4.1965,0.0366
2026-08-12T12:03:33.505998,1786529013.505998,20.048241,2219,3.173715,1,-59.1995,-309,-0.0769,28,0,No fault,1,-55.0686,-520,-0.0769,27,0,No fault,-4.1310,0.0000
2026-08-12T12:03:33.515271,1786529013.515271,20.057516,2220,3.649295,1,-59.1995,-167,-0.0623,28,0,No fault,1,-55.3746,-256,-0.0989,27,0,No fault,-3.8250,0.0366
2026-08-12T12:03:33.521893,1786529013.521893,20.064161,2221,4.355497,1,-59.0684,-26,-0.1209,27,0,No fault,1,-55.5276,-397,-0.0916,27,0,No fault,-3.5408,-0.0293
2026-08-12T12:03:33.531766,1786529013.531766,20.074042,2222,4.850579,1,-59.1995,309,-0.0403,28,0,No fault,1,-55.7898,-485,-0.0916,27,0,No fault,-3.4097,0.0513
2026-08-12T12:03:33.539062,1786529013.539062,20.081361,2223,5.605418,1,-59.1995,26,-0.0403,28,0,No fault,1,-55.9210,-502,-0.0696,27,0,No fault,-3.2785,0.0293
2026-08-12T12:03:33.548169,1786529013.548169,20.090423,2224,6.175270,1,-59.1995,79,-0.0256,28,0,No fault,1,-56.1395,-9,-0.0842,27,0,No fault,-3.0600,0.0586
2026-08-12T12:03:33.554784,1786529013.554784,20.097046,2225,6.819408,1,-59.1777,97,-0.0403,28,0,No fault,1,-56.2925,-273,-0.1062,27,0,No fault,-2.8851,0.0659
2026-08-12T12:03:33.563606,1786529013.563606,20.105848,2226,7.342000,1,-59.1995,-97,0.0110,28,0,No fault,1,-56.4893,-44,-0.0842,27,0,No fault,-2.7103,0.0952
2026-08-12T12:03:33.570064,1786529013.570064,20.112326,2227,7.972515,1,-59.1777,44,0.0403,28,0,No fault,1,-56.5985,-414,-0.0623,27,0,No fault,-2.5791,0.1026
2026-08-12T12:03:33.579355,1786529013.579355,20.121614,2228,8.459256,1,-59.1777,115,-0.0037,28,0,No fault,1,-56.8390,-326,-0.1136,27,0,No fault,-2.3387,0.1099
2026-08-12T12:03:33.585928,1786529013.585928,20.128176,2229,9.149955,1,-59.1558,167,0.0403,28,0,No fault,1,-56.9264,-220,-0.0623,27,0,No fault,-2.2294,0.1026
2026-08-12T12:03:33.605251,1786529013.605251,20.147501,2230,9.638377,1,-59.1339,-44,0.0110,28,0,No fault,1,-57.3417,-9,-0.0842,27,0,No fault,-1.7923,0.0952
2026-08-12T12:03:33.626297,1786529013.626297,20.168560,2231,11.081348,1,-59.0684,185,0.0549,28,0,No fault,1,-57.6040,-397,-0.0916,27,0,No fault,-1.4644,0.1465
2026-08-12T12:03:33.636962,1786529013.636962,20.179202,2232,12.638667,1,-59.0028,-9,0.0769,28,0,No fault,1,-57.8007,-291,-0.0623,27,0,No fault,-1.2021,0.1392
2026-08-12T12:03:33.643974,1786529013.643974,20.186225,2233,13.415275,1,-58.9809,26,0.0696,28,0,No fault,1,-57.9100,-203,-0.0916,27,0,No fault,-1.0710,0.1612
2026-08-12T12:03:33.652625,1786529013.652625,20.194864,2234,13.930727,1,-58.7624,273,0.0256,27,0,No fault,1,-58.0411,-379,-0.0842,27,0,No fault,-0.7213,0.1099
2026-08-12T12:03:33.659145,1786529013.659145,20.201397,2235,14.559605,1,-58.8061,62,0.0330,28,0,No fault,1,-58.1285,-414,-0.0623,27,0,No fault,-0.6776,0.0952
2026-08-12T12:03:33.667907,1786529013.667907,20.210149,2236,15.038062,1,-58.7624,167,0.0769,28,0,No fault,1,-58.3908,-273,-0.0623,27,0,No fault,-0.3716,0.1392
2026-08-12T12:03:33.674280,1786529013.674280,20.216516,2237,15.673494,1,-58.6968,115,0.0183,28,0,No fault,1,-58.4127,-397,-0.0989,27,0,No fault,-0.2841,0.1172
2026-08-12T12:03:33.683269,1786529013.683269,20.225542,2238,16.138698,1,-58.5875,150,0.0623,28,0,No fault,1,-58.5001,-132,-0.0696,27,0,No fault,-0.0874,0.1319
2026-08-12T12:03:33.690332,1786529013.690332,20.232570,2239,16.796645,1,-58.3908,256,0.0623,28,0,No fault,1,-58.5438,-132,-0.0916,27,0,No fault,0.1530,0.1538
2026-08-12T12:03:33.699008,1786529013.699008,20.241302,2240,17.299150,1,-58.2597,79,0.0623,27,0,No fault,1,-58.6531,79,-0.0989,27,0,No fault,0.3934,0.1612
2026-08-12T12:03:33.709702,1786529013.709702,20.251996,2241,17.960779,1,-58.2378,344,0.0989,28,0,No fault,1,-58.7405,-150,-0.0916,27,0,No fault,0.5027,0.1905
2026-08-12T12:03:33.719968,1786529013.719968,20.262228,2242,18.705656,1,-58.0411,467,0.0842,28,0,No fault,1,-58.8061,26,-0.0842,27,0,No fault,0.7650,0.1685
2026-08-12T12:03:33.726847,1786529013.726847,20.269091,2243,19.434895,1,-57.9100,167,0.0623,28,0,No fault,1,-58.8498,-256,-0.0842,27,0,No fault,0.9398,0.1465
2026-08-12T12:03:33.735380,1786529013.735380,20.277635,2244,19.917755,1,-57.7788,273,0.0842,28,0,No fault,1,-58.8935,291,-0.1136,27,0,No fault,1.1147,0.1978
2026-08-12T12:03:33.742406,1786529013.742406,20.284651,2245,20.528946,1,-57.6258,291,0.0623,28,0,No fault,1,-58.9372,-150,-0.0842,27,0,No fault,1.3114,0.1465
2026-08-12T12:03:33.750952,1786529013.750952,20.293199,2246,21.021159,1,-57.4728,485,0.0696,28,0,No fault,1,-58.9809,115,-0.1209,27,0,No fault,1.5081,0.1905
2026-08-12T12:03:33.757869,1786529013.757869,20.300118,2247,21.625990,1,-57.4291,167,0.0696,28,0,No fault,1,-59.0028,-291,-0.0916,27,0,No fault,1.5737,0.1612
2026-08-12T12:03:33.766706,1786529013.766706,20.308976,2248,22.116682,1,-57.1887,256,0.0183,28,0,No fault,1,-59.0247,-62,-0.1136,27,0,No fault,1.8360,0.1319
2026-08-12T12:03:33.773608,1786529013.773608,20.315856,2249,22.735119,1,-56.6860,344,0.0696,28,0,No fault,1,-59.0247,97,-0.1136,27,0,No fault,2.3387,0.1832
2026-08-12T12:03:33.782175,1786529013.782175,20.324438,2250,23.209186,1,-56.6423,79,0.0696,28,0,No fault,1,-59.0684,-9,-0.0916,27,0,No fault,2.4261,0.1612
2026-08-12T12:03:33.792432,1786529013.792432,20.334696,2251,23.817926,1,-56.5330,450,0.1209,28,0,No fault,1,-59.0684,79,-0.0842,27,0,No fault,2.5354,0.2051
2026-08-12T12:03:33.808069,1786529013.808069,20.350332,2252,24.518554,1,-56.3363,485,0.0623,28,0,No fault,1,-59.0684,-115,-0.0989,27,0,No fault,2.7321,0.1612
2026-08-12T12:03:33.828141,1786529013.828141,20.370420,2253,25.586364,1,-55.8991,238,0.1282,28,0,No fault,1,-59.0684,132,-0.0696,27,0,No fault,3.1693,0.1978
2026-08-12T12:03:33.839167,1786529013.839167,20.381413,2254,26.956955,1,-55.4838,450,0.1136,28,0,No fault,1,-59.0684,-9,-0.0330,27,0,No fault,3.5845,0.1465
2026-08-12T12:03:33.845729,1786529013.845729,20.388007,2255,27.682553,1,-55.3964,414,0.0989,28,0,No fault,1,-59.0465,97,-0.0623,27,0,No fault,3.6501,0.1612
2026-08-12T12:03:33.854496,1786529013.854496,20.396739,2256,28.131208,1,-55.0248,309,0.0916,28,0,No fault,1,-59.0247,203,-0.0183,27,0,No fault,3.9998,0.1099
2026-08-12T12:03:33.861039,1786529013.861039,20.403281,2257,28.703671,1,-54.9374,573,0.0842,28,0,No fault,1,-59.0247,132,-0.0037,27,0,No fault,4.0872,0.0879
2026-08-12T12:03:33.869998,1786529013.869998,20.412239,2258,29.135201,1,-54.6314,608,0.0916,28,0,No fault,1,-59.0247,-238,0.0403,27,0,No fault,4.3932,0.0513
2026-08-12T12:03:33.876516,1786529013.876516,20.418756,2259,29.723041,1,-54.4566,502,0.0476,28,0,No fault,1,-59.0028,9,0.0330,27,0,No fault,4.5462,0.0147
2026-08-12T12:03:33.885361,1786529013.885361,20.427604,2260,30.160258,1,-54.1506,185,0.0989,28,0,No fault,1,-58.9809,62,0.0183,27,0,No fault,4.8304,0.0806
2026-08-12T12:03:33.892645,1786529013.892645,20.434896,2261,30.743052,1,-53.8227,361,0.0696,28,0,No fault,1,-58.9591,26,0.0256,27,0,No fault,5.1364,0.0440
2026-08-12T12:03:33.901480,1786529013.901480,20.443758,2262,31.215138,1,-53.6479,450,0.0696,28,0,No fault,1,-58.8935,44,0.0110,27,0,No fault,5.2457,0.0586
2026-08-12T12:03:33.911443,1786529013.911443,20.453698,2263,31.772520,1,-53.2763,414,0.0476,28,0,No fault,1,-58.8280,26,0.0110,27,0,No fault,5.5517,0.0366
2026-08-12T12:03:33.918490,1786529013.918490,20.460769,2264,32.401072,1,-52.9047,591,0.0403,28,0,No fault,1,-58.8061,-132,0.0476,27,0,No fault,5.9014,-0.0073
2026-08-12T12:03:33.926541,1786529013.926541,20.468786,2265,32.850624,1,-52.7080,573,0.0256,28,0,No fault,1,-58.7187,414,0.0476,27,0,No fault,6.0107,-0.0220
2026-08-12T12:03:33.932914,1786529013.932914,20.475167,2266,33.349279,1,-52.4457,467,0.0842,28,0,No fault,1,-58.6968,-44,0.0256,27,0,No fault,6.2511,0.0586
2026-08-12T12:03:33.942290,1786529013.942290,20.484538,2267,33.755375,1,-52.1397,573,0.0330,28,0,No fault,1,-58.6094,97,0.0769,27,0,No fault,6.4697,-0.0440
2026-08-12T12:03:33.948996,1786529013.948996,20.491240,2268,34.332411,1,-51.8337,696,0.0549,28,0,No fault,1,-58.5438,309,0.0623,27,0,No fault,6.7101,-0.0073
2026-08-12T12:03:33.958228,1786529013.958228,20.500468,2269,34.742716,1,-51.7244,608,0.0769,28,0,No fault,1,-58.4345,326,0.0403,27,0,No fault,6.7101,0.0366
2026-08-12T12:03:33.964531,1786529013.964531,20.506780,2270,35.306671,1,-51.2655,538,0.0989,28,0,No fault,1,-58.3908,115,0.0769,27,0,No fault,7.1254,0.0220
2026-08-12T12:03:33.973562,1786529013.973562,20.515815,2271,35.697609,1,-51.1343,732,0.0989,28,0,No fault,1,-58.2597,79,0.0623,27,0,No fault,7.1254,0.0366
2026-08-12T12:03:33.980190,1786529013.980190,20.522444,2272,36.237625,1,-50.6753,538,0.1209,28,0,No fault,1,-58.1941,-9,0.0549,27,0,No fault,7.5188,0.0659
2026-08-12T12:03:33.989410,1786529013.989410,20.531706,2273,36.638258,1,-49.9977,432,0.0696,28,0,No fault,1,-58.0411,467,0.0549,27,0,No fault,8.0434,0.0147
2026-08-12T12:03:34.010522,1786529014.010522,20.552783,2274,37.186059,1,-49.8229,450,0.0842,28,0,No fault,1,-57.6914,414,0.0842,27,0,No fault,7.8685,0.0000
2026-08-12T12:03:34.029026,1786529014.029026,20.571282,2275,38.419991,1,-49.2328,238,0.1282,28,0,No fault,1,-57.5384,185,0.0623,27,0,No fault,8.3056,0.0659
2026-08-12T12:03:34.037694,1786529014.037694,20.579954,2276,39.480478,1,-48.5770,696,0.0256,28,0,No fault,1,-57.2324,344,0.0842,27,0,No fault,8.6553,-0.0586
2026-08-12T12:03:34.044909,1786529014.044909,20.587175,2277,39.974617,1,-48.4678,538,0.0842,28,0,No fault,1,-57.1450,361,0.0696,27,0,No fault,8.6772,0.0147
2026-08-12T12:03:34.052243,1786529014.052243,20.594507,2278,40.378408,1,-48.2492,591,0.0769,28,0,No fault,1,-57.0357,238,0.1062,27,0,No fault,8.7865,-0.0293
2026-08-12T12:03:34.061057,1786529014.061057,20.603310,2279,40.788439,1,-47.7465,555,0.0330,27,0,No fault,1,-56.7515,291,0.0403,27,0,No fault,9.0051,-0.0073
2026-08-12T12:03:34.068011,1786529014.068011,20.610278,2280,41.265752,1,-47.5061,820,0.0696,28,0,No fault,1,-56.6860,608,0.0696,27,0,No fault,9.1799,0.0000
2026-08-12T12:03:34.076315,1786529014.076315,20.618569,2281,41.687823,1,-46.9815,520,0.0476,27,0,No fault,1,-56.3581,44,0.0842,27,0,No fault,9.3766,-0.0366
2026-08-12T12:03:34.083002,1786529014.083002,20.625242,2282,42.091840,1,-46.9378,855,0.0769,28,0,No fault,1,-56.2925,309,0.0769,27,0,No fault,9.3548,0.0000
2026-08-12T12:03:34.091856,1786529014.091856,20.634131,2283,42.453371,1,-46.6318,714,0.0696,28,0,No fault,1,-56.1177,450,0.1136,27,0,No fault,9.4859,-0.0440
2026-08-12T12:03:34.099127,1786529014.099127,20.641374,2284,42.923025,1,-46.5225,926,0.1062,28,0,No fault,1,-55.9428,520,0.0916,27,0,No fault,9.4203,0.0147
2026-08-12T12:03:34.107208,1786529014.107208,20.649478,2285,43.326418,1,-46.0198,661,0.0842,28,0,No fault,1,-55.7024,450,0.0842,27,0,No fault,9.6826,0.0000
2026-08-12T12:03:34.114132,1786529014.114132,20.656386,2286,43.724090,1,-45.7794,291,0.0989,28,0,No fault,1,-55.5057,62,0.0476,27,0,No fault,9.7263,0.0513
2026-08-12T12:03:34.123417,1786529014.123417,20.665674,2287,44.082585,1,-45.2329,767,0.0769,28,0,No fault,1,-55.2216,520,0.0696,27,0,No fault,9.9886,0.0073
2026-08-12T12:03:34.130217,1786529014.130217,20.672464,2288,44.550884,1,-44.9707,643,0.0549,28,0,No fault,1,-55.0030,467,0.0549,27,0,No fault,10.0323,0.0000
2026-08-12T12:03:34.138814,1786529014.138814,20.681091,2289,44.889947,1,-44.6428,732,0.0256,27,0,No fault,1,-54.7626,238,0.0696,27,0,No fault,10.1198,-0.0440
2026-08-12T12:03:34.145796,1786529014.145796,20.688046,2290,45.321350,1,-44.1619,485,0.0549,28,0,No fault,1,-54.5877,379,0.0623,27,0,No fault,10.4258,-0.0073
2026-08-12T12:03:34.154501,1786529014.154501,20.696767,2291,45.664998,1,-43.8559,785,0.0842,27,0,No fault,1,-54.2599,467,0.0696,27,0,No fault,10.4039,0.0147
2026-08-12T12:03:34.161421,1786529014.161421,20.703722,2292,46.085930,1,-43.3314,961,0.0696,28,0,No fault,1,-54.1069,502,0.0476,27,0,No fault,10.7755,0.0220
2026-08-12T12:03:34.170348,1786529014.170348,20.712612,2293,46.427079,1,-42.8068,661,0.0916,28,0,No fault,1,-53.7571,661,0.0623,27,0,No fault,10.9503,0.0293
2026-08-12T12:03:34.177063,1786529014.177063,20.719336,2294,46.840588,1,-42.1730,978,0.0842,28,0,No fault,1,-53.5604,643,0.0696,27,0,No fault,11.3875,0.0147
2026-08-12T12:03:34.186106,1786529014.186106,20.728375,2295,47.156867,1,-41.9763,961,0.0769,28,0,No fault,1,-53.2326,573,0.0916,27,0,No fault,11.2563,-0.0147
2026-08-12T12:03:34.196390,1786529014.196390,20.738683,2296,47.576216,1,-41.8233,908,0.0623,28,0,No fault,1,-52.8829,62,0.0842,27,0,No fault,11.0596,-0.0220
2026-08-12T12:03:34.214565,1786529014.214565,20.756857,2297,48.055053,1,-40.1621,802,0.0110,28,0,No fault,1,-52.3146,820,0.0989,27,0,No fault,12.1525,-0.0879
2026-08-12T12:03:34.227933,1786529014.227933,20.770228,2298,48.858681,1,-39.9217,696,0.0403,28,0,No fault,1,-52.1179,414,0.0769,27,0,No fault,12.1962,-0.0366
2026-08-12T12:03:34.238091,1786529014.238091,20.780346,2299,49.435539,1,-39.6157,837,0.0330,28,0,No fault,1,-51.7463,591,0.0916,27,0,No fault,12.1306,-0.0586
2026-08-12T12:03:34.246129,1786529014.246129,20.788385,2300,49.862109,1,-38.8070,573,0.0476,28,0,No fault,1,-51.2655,643,0.0623,27,0,No fault,12.4585,-0.0147
2026-08-12T12:03:34.254195,1786529014.254195,20.796442,2301,50.220736,1,-38.5229,820,0.1062,28,0,No fault,1,-50.9157,379,0.0476,27,0,No fault,12.3929,0.0586
2026-08-12T12:03:34.260623,1786529014.260623,20.802864,2302,50.523926,1,-38.2387,802,0.1355,28,0,No fault,1,-50.6316,661,0.1062,27,0,No fault,12.3929,0.0293
2026-08-12T12:03:34.269600,1786529014.269600,20.811858,2303,50.784421,1,-37.6267,873,0.0769,28,0,No fault,1,-50.0633,555,0.0403,27,0,No fault,12.4366,0.0366
2026-08-12T12:03:34.276362,1786529014.276362,20.818764,2304,51.142593,1,-37.3426,820,0.0623,28,0,No fault,1,-49.5388,185,0.0403,27,0,No fault,12.1962,0.0220
2026-08-12T12:03:34.284864,1786529014.284864,20.827114,2305,51.417048,1,-36.6869,820,0.0476,28,0,No fault,1,-49.3639,573,0.0769,27,0,No fault,12.6770,-0.0293
2026-08-12T12:03:34.292286,1786529014.292286,20.834561,2306,51.734385,1,-36.3809,1014,0.0989,28,0,No fault,1,-49.2109,661,0.2747,27,0,No fault,12.8300,-0.1758
2026-08-12T12:03:34.301382,1786529014.301382,20.843642,2307,52.018681,1,-35.7252,1225,0.0696,28,0,No fault,1,-48.7519,291,0.0696,27,0,No fault,13.0267,0.0000
2026-08-12T12:03:34.308238,1786529014.308238,20.850515,2308,52.355750,1,-35.4192,749,0.0476,28,0,No fault,1,-48.5770,873,0.1282,27,0,No fault,13.1579,-0.0806
2026-08-12T12:03:34.317363,1786529014.317363,20.859633,2309,52.607017,1,-34.7416,855,0.0769,28,0,No fault,1,-48.0306,643,0.0476,27,0,No fault,13.2890,0.0293
2026-08-12T12:03:34.327383,1786529014.327383,20.869623,2310,52.936395,1,-33.9985,785,0.1136,28,0,No fault,1,-47.6372,696,0.0476,27,0,No fault,13.6387,0.0659
2026-08-12T12:03:34.333359,1786529014.333359,20.875606,2311,53.281282,1,-33.8236,1049,0.1429,28,0,No fault,1,-47.2875,608,0.0549,27,0,No fault,13.4639,0.0879
2026-08-12T12:03:34.342809,1786529014.342809,20.885076,2312,53.507289,1,-33.0586,555,0.0916,28,0,No fault,1,-46.8722,520,0.0476,27,0,No fault,13.8136,0.0440
2026-08-12T12:03:34.349688,1786529014.349688,20.891945,2313,53.809954,1,-32.5122,943,0.0769,28,0,No fault,1,-46.5225,820,0.0842,27,0,No fault,14.0103,-0.0073
2026-08-12T12:03:34.358387,1786529014.358387,20.900633,2314,54.036697,1,-32.0532,785,0.0623,28,0,No fault,1,-46.0854,696,0.0403,27,0,No fault,14.0322,0.0220
2026-08-12T12:03:34.365169,1786529014.365169,20.907410,2315,54.316301,1,-31.8128,785,0.0696,27,0,No fault,1,-45.7575,802,0.0696,27,0,No fault,13.9447,0.0000
2026-08-12T12:03:34.373836,1786529014.373836,20.916117,2316,54.532413,1,-31.0259,696,0.0842,28,0,No fault,1,-45.3204,679,0.0549,27,0,No fault,14.2944,0.0293
2026-08-12T12:03:34.384075,1786529014.384075,20.926328,2317,54.803276,1,-30.5232,696,0.0696,28,0,No fault,1,-44.7958,626,0.0769,27,0,No fault,14.2726,-0.0073
2026-08-12T12:03:34.390785,1786529014.390785,20.933065,2318,55.111250,1,-29.8457,1031,0.0989,28,0,No fault,1,-44.5117,626,0.0403,27,0,No fault,14.6660,0.0586
2026-08-12T12:03:34.399932,1786529014.399932,20.942230,2319,55.315137,1,-29.8019,1119,0.0549,27,0,No fault,1,-43.9871,785,0.1209,27,0,No fault,14.1852,-0.0659
2026-08-12T12:03:34.421469,1786529014.421469,20.963812,2320,55.576438,1,-29.4959,996,0.0696,28,0,No fault,1,-42.9161,1014,0.0549,27,0,No fault,13.4202,0.0147
2026-08-12T12:03:34.442354,1786529014.442354,20.984628,2321,56.204146,1,-27.6162,820,-0.0110,28,0,No fault,1,-42.3478,661,0.0696,27,0,No fault,14.7316,-0.0806
2026-08-12T12:03:34.453164,1786529014.453164,20.995428,2322,56.705364,1,-26.6764,802,0.1136,28,0,No fault,1,-41.7358,679,0.1282,27,0,No fault,15.0594,-0.0147
2026-08-12T12:03:34.460848,1786529014.460848,21.003110,2323,56.962265,1,-26.0863,855,0.0476,28,0,No fault,1,-41.3643,696,0.0696,27,0,No fault,15.2780,-0.0220
2026-08-12T12:03:34.468565,1786529014.468565,21.010816,2324,57.143089,1,-25.4087,1084,0.1282,28,0,No fault,1,-40.9053,749,0.0696,27,0,No fault,15.4966,0.0586
2026-08-12T12:03:34.478937,1786529014.478937,21.021179,2325,57.315031,1,-25.0590,978,0.1282,28,0,No fault,1,-40.3370,661,0.0330,27,0,No fault,15.2780,0.0952
2026-08-12T12:03:34.489491,1786529014.489491,21.031742,2326,57.540764,1,-24.4033,802,0.0916,27,0,No fault,1,-39.3534,890,0.0403,27,0,No fault,14.9501,0.0513
2026-08-12T12:03:34.499630,1786529014.499630,21.041886,2327,57.761342,1,-23.4634,1084,0.0769,28,0,No fault,1,-39.0037,978,0.1209,27,0,No fault,15.5403,-0.0440
2026-08-12T12:03:34.507439,1786529014.507439,21.049691,2328,57.964131,1,-22.8514,1172,0.0403,28,0,No fault,1,-38.7196,802,0.0842,27,0,No fault,15.8681,-0.0440
2026-08-12T12:03:34.515047,1786529014.515047,21.057295,2329,58.118667,1,-21.9772,873,0.0476,28,0,No fault,1,-38.2387,1014,0.0623,27,0,No fault,16.2616,-0.0147
2026-08-12T12:03:34.522842,1786529014.522842,21.065087,2330,58.253049,1,-21.6056,1049,0.0842,28,0,No fault,1,-37.9327,1084,0.0476,27,0,No fault,16.3271,0.0366
2026-08-12T12:03:34.530548,1786529014.530548,21.072793,2331,58.396159,1,-21.2777,1084,0.0549,27,0,No fault,1,-37.3426,908,0.0623,27,0,No fault,16.0649,-0.0073
2026-08-12T12:03:34.538140,1786529014.538140,21.080407,2332,58.522452,1,-20.5565,1049,0.1209,28,0,No fault,1,-36.9273,626,0.0769,27,0,No fault,16.3708,0.0440
2026-08-12T12:03:34.546386,1786529014.546386,21.088654,2333,58.649492,1,-19.7915,1119,0.0769,28,0,No fault,1,-36.3809,1208,0.0696,27,0,No fault,16.5894,0.0073
2026-08-12T12:03:34.556580,1786529014.556580,21.098843,2334,58.775450,1,-19.4417,785,0.0623,28,0,No fault,1,-35.5940,1084,0.0989,27,0,No fault,16.1523,-0.0366
2026-08-12T12:03:34.563938,1786529014.563938,21.106179,2335,58.924127,1,-18.6986,1119,0.0623,28,0,No fault,1,-35.4629,555,0.1062,27,0,No fault,16.7643,-0.0440
2026-08-12T12:03:34.572080,1786529014.572080,21.114345,2336,59.030686,1,-17.9555,890,0.0769,27,0,No fault,1,-34.7853,785,0.0769,27,0,No fault,16.8298,0.0000
2026-08-12T12:03:34.579375,1786529014.579375,21.121616,2337,59.133122,1,-17.5839,1102,0.0696,28,0,No fault,1,-34.4575,785,0.0330,27,0,No fault,16.8736,0.0366
2026-08-12T12:03:34.587392,1786529014.587392,21.129636,2338,59.224474,1,-16.7533,908,0.0989,28,0,No fault,1,-33.8236,608,0.0403,27,0,No fault,17.0703,0.0586
2026-08-12T12:03:34.594679,1786529014.594679,21.136944,2339,59.316818,1,-16.4692,1102,0.0916,28,0,No fault,1,-33.4739,961,0.0403,27,0,No fault,17.0047,0.0513
2026-08-12T12:03:34.603126,1786529014.603126,21.145374,2340,59.398943,1,-16.0976,1278,0.1062,28,0,No fault,1,-32.8182,1014,0.0623,27,0,No fault,16.7206,0.0440
2026-08-12T12:03:34.621735,1786529014.621735,21.163990,2341,59.484892,1,-14.9611,1049,0.0549,28,0,No fault,1,-31.8128,785,0.0696,27,0,No fault,16.8517,-0.0147
2026-08-12T12:03:34.634761,1786529014.634761,21.177038,2342,59.651835,1,-14.4802,961,0.0183,28,0,No fault,1,-31.4849,961,0.0549,27,0,No fault,17.0047,-0.0366
2026-08-12T12:03:34.647772,1786529014.647772,21.190036,2343,59.750302,1,-12.7098,555,0.0623,28,0,No fault,1,-30.4795,1243,0.0549,27,0,No fault,17.7697,0.0073
2026-08-12T12:03:34.656091,1786529014.656091,21.198331,2344,59.832798,1,-11.6607,1155,0.0256,28,0,No fault,1,-29.8019,1119,0.0549,27,0,No fault,18.1413,-0.0293
2026-08-12T12:03:34.663191,1786529014.663191,21.205440,2345,59.874554,1,-11.7700,908,0.0476,27,0,No fault,1,-29.4304,1031,0.0256,27,0,No fault,17.6604,0.0220
2026-08-12T12:03:34.671899,1786529014.671899,21.214144,2346,59.906891,1,-11.4421,714,-0.0256,27,0,No fault,1,-28.7528,943,0.0696,27,0,No fault,17.3107,-0.0952
2026-08-12T12:03:34.678749,1786529014.678749,21.220999,2347,59.939859,1,-10.9394,996,0.1429,28,0,No fault,1,-28.4031,1049,0.0696,27,0,No fault,17.4637,0.0733
2026-08-12T12:03:34.687960,1786529014.687960,21.230248,2348,59.960688,1,-10.6115,1172,0.1429,28,0,No fault,1,-27.7255,1049,0.0476,27,0,No fault,17.1140,0.0952
2026-08-12T12:03:34.695069,1786529014.695069,21.237313,2349,59.982023,1,-9.6498,908,0.0403,28,0,No fault,1,-27.4195,961,0.0330,27,0,No fault,17.7697,0.0073
2026-08-12T12:03:34.704651,1786529014.704651,21.246916,2350,59.993507,1,-8.4258,978,0.0842,28,0,No fault,1,-26.2174,767,0.1355,27,0,No fault,17.7915,-0.0513
2026-08-12T12:03:34.713569,1786529014.713569,21.255880,2351,59.999650,1,-7.7264,855,0.1282,28,0,No fault,1,-25.7365,943,0.2161,27,0,No fault,18.0101,-0.0879
2026-08-12T12:03:34.720581,1786529014.720581,21.262841,2352,59.998159,1,-7.2456,1419,0.0476,28,0,No fault,1,-25.5180,961,0.0696,27,0,No fault,18.2724,-0.0220
2026-08-12T12:03:34.729612,1786529014.729612,21.271911,2353,59.991888,1,-6.5680,1067,0.0916,28,0,No fault,1,-24.6437,1278,0.0696,27,0,No fault,18.0757,0.0220
2026-08-12T12:03:34.736785,1786529014.736785,21.279045,2354,59.976505,1,-6.0872,1137,0.0476,28,0,No fault,1,-24.2284,978,0.0769,27,0,No fault,18.1413,-0.0293
2026-08-12T12:03:34.745050,1786529014.745050,21.287302,2355,59.959331,1,-5.4096,837,0.0696,28,0,No fault,1,-23.5509,1067,0.0989,27,0,No fault,18.1413,-0.0293
2026-08-12T12:03:34.752409,1786529014.752409,21.294648,2356,59.933418,1,-4.8850,1172,0.0476,28,0,No fault,1,-23.1356,591,0.0623,27,0,No fault,18.2505,-0.0147
2026-08-12T12:03:34.760415,1786529014.760415,21.302685,2357,59.904577,1,-4.1856,1119,0.0989,28,0,No fault,1,-22.4361,961,0.1282,27,0,No fault,18.2505,-0.0293
2026-08-12T12:03:34.768065,1786529014.768065,21.310339,2358,59.867345,1,-3.6610,1155,0.1209,28,0,No fault,1,-22.1957,1014,0.0623,27,0,No fault,18.5347,0.0586
2026-08-12T12:03:34.775751,1786529014.775751,21.317999,2359,59.825247,1,-2.9179,767,0.0696,28,0,No fault,1,-21.2777,1084,0.0549,27,0,No fault,18.3598,0.0147
2026-08-12T12:03:34.786048,1786529014.786048,21.328303,2360,59.779599,1,-2.4152,1119,0.0623,28,0,No fault,1,-20.6220,1190,0.1136,27,0,No fault,18.2068,-0.0513
2026-08-12T12:03:34.793824,1786529014.793824,21.336100,2361,59.707342,1,-1.2349,1155,0.0623,28,0,No fault,1,-20.3379,1225,0.0769,27,0,No fault,19.1030,-0.0147
2026-08-12T12:03:34.801512,1786529014.801512,21.343758,2362,59.645725,1,-0.5574,996,0.0842,28,0,No fault,1,-19.4855,837,0.0769,27,0,No fault,18.9281,0.0073
2026-08-12T12:03:34.812086,1786529014.812086,21.354341,2363,59.582138,1,-0.5574,996,0.0842,28,0,No fault,1,-18.8735,908,0.0476,27,0,No fault,18.3161,0.0366
2026-08-12T12:03:34.829015,1786529014.829015,21.371281,2364,59.483144,1,1.9125,1014,0.0623,28,0,No fault,1,-17.7588,1225,0.0623,27,0,No fault,19.6712,0.0000
2026-08-12T12:03:34.844987,1786529014.844987,21.387244,2365,59.300969,1,2.3059,1049,0.0476,28,0,No fault,1,-16.9938,1067,0.0769,27,0,No fault,19.2997,-0.0293
2026-08-12T12:03:34.852440,1786529014.852440,21.394714,2366,59.107281,1,3.0928,978,0.0696,28,0,No fault,1,-16.6222,978,0.0549,27,0,No fault,19.7150,0.0147
2026-08-12T12:03:34.860574,1786529014.860574,21.402826,2367,59.005277,1,3.8140,785,0.0549,28,0,No fault,1,-15.8572,1014,0.1062,27,0,No fault,19.6712,-0.0513
2026-08-12T12:03:34.867710,1786529014.867710,21.409954,2368,58.893361,1,4.1419,785,0.1648,28,0,No fault,1,-15.4638,1031,0.0549,27,0,No fault,19.6057,0.1099
2026-08-12T12:03:34.875881,1786529014.875881,21.418142,2369,58.788882,1,4.9506,1014,0.0330,28,0,No fault,1,-14.7206,996,0.0842,27,0,No fault,19.6712,-0.0513
2026-08-12T12:03:34.883196,1786529014.883196,21.425440,2370,58.660158,1,5.3440,961,0.0916,28,0,No fault,1,-14.3491,890,0.0623,27,0,No fault,19.6931,0.0293
2026-08-12T12:03:34.891197,1786529014.891197,21.433440,2371,58.542034,1,6.1090,1102,0.0623,28,0,No fault,1,-13.6059,1137,0.0623,27,0,No fault,19.7150,0.0000
2026-08-12T12:03:34.898339,1786529014.898339,21.440589,2372,58.409706,1,6.4806,961,0.0696,28,0,No fault,1,-13.2562,926,0.0330,27,0,No fault,19.7368,0.0366
2026-08-12T12:03:34.906517,1786529014.906517,21.448762,2373,58.283779,1,7.3330,1208,0.0476,28,0,No fault,1,-11.9230,643,0.0549,27,0,No fault,19.2560,-0.0073
2026-08-12T12:03:34.913663,1786529014.913663,21.455914,2374,58.134801,1,7.7046,714,0.0110,28,0,No fault,1,-11.6170,802,0.1795,27,0,No fault,19.3215,-0.1685
2026-08-12T12:03:34.921819,1786529014.921819,21.464061,2375,57.998547,1,8.4696,943,0.0696,28,0,No fault,1,-11.0924,1102,0.2674,27,0,No fault,19.5620,-0.1978
2026-08-12T12:03:34.929097,1786529014.929097,21.471358,2376,57.838543,1,8.8630,961,0.1062,28,0,No fault,1,-10.8520,1243,0.1209,27,0,No fault,19.7150,-0.0147
2026-08-12T12:03:34.937302,1786529014.937302,21.479548,2377,57.684274,1,9.6717,996,0.0623,28,0,No fault,1,-10.0651,996,0.1136,27,0,No fault,19.7368,-0.0513
2026-08-12T12:03:34.944442,1786529014.944442,21.486691,2378,57.515747,1,10.0433,1031,0.0769,28,0,No fault,1,-9.6280,1225,0.0842,27,0,No fault,19.6712,-0.0073
2026-08-12T12:03:34.952527,1786529014.952527,21.494765,2379,57.357465,1,10.9613,1049,0.0769,28,0,No fault,1,-8.5788,1419,0.0403,27,0,No fault,19.5401,0.0366
2026-08-12T12:03:34.959671,1786529014.959671,21.501907,2380,57.180397,1,11.1798,996,0.0696,28,0,No fault,1,-8.4040,890,0.0549,27,0,No fault,19.5838,0.0147
2026-08-12T12:03:34.968149,1786529014.968149,21.510402,2381,57.013124,1,12.1415,1261,0.0549,28,0,No fault,1,-7.3767,1366,0.0256,27,0,No fault,19.5182,0.0293
2026-08-12T12:03:34.975045,1786529014.975045,21.517284,2382,56.811070,1,12.3382,732,0.0696,28,0,No fault,1,-7.1800,1031,0.0623,27,0,No fault,19.5182,0.0073
2026-08-12T12:03:34.983599,1786529014.983599,21.525839,2383,56.643179,1,13.2781,1172,0.1062,28,0,No fault,1,-6.1964,1190,0.0549,27,0,No fault,19.4745,0.0513
2026-08-12T12:03:34.990223,1786529014.990223,21.532479,2384,56.427215,1,13.4967,926,0.1209,28,0,No fault,1,-6.0216,1119,0.1062,27,0,No fault,19.5182,0.0147
2026-08-12T12:03:34.999131,1786529014.999131,21.541371,2385,56.253929,1,13.8901,1049,0.1062,28,0,No fault,1,-5.2129,1243,0.0696,27,0,No fault,19.1030,0.0366
2026-08-12T12:03:35.005564,1786529015.005564,21.547822,2386,56.018174,1,14.6332,1208,0.0623,28,0,No fault,1,-4.8195,1155,0.0623,27,0,No fault,19.4527,0.0000
2026-08-12T12:03:35.014502,1786529015.014502,21.556762,2387,55.841079,1,14.9829,785,0.0769,28,0,No fault,1,-3.9670,978,0.0403,27,0,No fault,18.9500,0.0366
2026-08-12T12:03:35.031230,1786529015.031230,21.573474,2388,55.591064,1,16.9719,1155,0.0549,28,0,No fault,1,-2.4808,1402,0.0256,27,0,No fault,19.4527,0.0293
2026-08-12T12:03:35.048617,1786529015.048617,21.590882,2389,55.105139,1,17.3435,767,0.0842,28,0,No fault,1,-1.8032,855,0.1209,27,0,No fault,19.1467,-0.0366
2026-08-12T12:03:35.060008,1786529015.060008,21.602275,2390,54.566352,1,18.5893,943,0.0623,28,0,No fault,1,-0.6448,1049,0.0842,27,0,No fault,19.2341,-0.0220
2026-08-12T12:03:35.070387,1786529015.070387,21.612637,2391,54.201956,1,19.4417,1384,0.0769,28,0,No fault,1,0.0984,1102,0.0330,27,0,No fault,19.3434,0.0440
2026-08-12T12:03:35.078072,1786529015.078072,21.620318,2392,53.869383,1,20.0756,1155,0.0403,28,0,No fault,1,0.5792,1084,0.0623,27,0,No fault,19.4964,-0.0220
2026-08-12T12:03:35.085729,1786529015.085729,21.627969,2393,53.607786,1,20.8187,1119,0.0696,28,0,No fault,1,1.3005,908,0.0330,27,0,No fault,19.5182,0.0366
2026-08-12T12:03:35.094192,1786529015.094192,21.636450,2394,53.352618,1,21.1466,820,0.0842,28,0,No fault,1,2.0218,1137,0.0842,27,0,No fault,19.1248,0.0000
2026-08-12T12:03:35.101319,1786529015.101319,21.643610,2395,53.053236,1,22.2613,961,0.1062,28,0,No fault,1,3.0272,873,0.0989,27,0,No fault,19.2341,0.0073
2026-08-12T12:03:35.111475,1786529015.111475,21.653727,2396,52.792272,1,22.7859,1049,0.0769,28,0,No fault,1,3.4862,855,0.0623,27,0,No fault,19.2997,0.0147
2026-08-12T12:03:35.122099,1786529015.122099,21.664363,2397,52.434090,1,23.7476,802,0.0623,28,0,No fault,1,4.0107,943,0.2234,27,0,No fault,19.7368,-0.1612
2026-08-12T12:03:35.129349,1786529015.129349,21.671620,2398,52.036010,1,24.6000,1067,0.0696,28,0,No fault,1,4.5790,1349,0.0696,27,0,No fault,20.0210,0.0000
2026-08-12T12:03:35.137617,1786529015.137617,21.679871,2399,51.759034,1,25.1464,890,0.0549,28,0,No fault,1,5.2785,1243,0.0549,27,0,No fault,19.8680,0.0000
2026-08-12T12:03:35.144688,1786529015.144688,21.686943,2400,51.446247,1,25.6054,1172,0.1136,28,0,No fault,1,5.7812,1454,0.0842,27,0,No fault,19.8242,0.0293
2026-08-12T12:03:35.152838,1786529015.152838,21.695084,2401,51.158790,1,26.2174,1102,0.1062,28,0,No fault,1,6.4587,943,0.0623,27,0,No fault,19.7587,0.0440
2026-08-12T12:03:35.160065,1786529015.160065,21.702315,2402,50.848414,1,26.6545,978,0.0989,28,0,No fault,1,6.9614,1313,0.1209,27,0,No fault,19.6931,-0.0220
2026-08-12T12:03:35.168323,1786529015.168323,21.710571,2403,50.557270,1,27.7255,1190,0.0623,28,0,No fault,1,7.6609,1049,0.0696,27,0,No fault,20.0647,-0.0073
2026-08-12T12:03:35.175392,1786529015.175392,21.717630,2404,50.220169,1,28.1627,855,0.0476,28,0,No fault,1,8.2073,1402,0.0769,27,0,No fault,19.9554,-0.0293
2026-08-12T12:03:35.184787,1786529015.184787,21.727090,2405,49.927767,1,28.7528,873,0.0842,28,0,No fault,1,8.8411,890,0.0476,27,0,No fault,19.9117,0.0366
2026-08-12T12:03:35.194295,1786529015.194295,21.736540,2406,49.520413,1,30.5014,943,0.0842,28,0,No fault,1,9.6498,1225,0.0769,27,0,No fault,20.8515,0.0073
2026-08-12T12:03:35.201353,1786529015.201353,21.743594,2407,49.121150,1,30.6544,890,0.0916,28,0,No fault,1,10.0433,1278,0.0623,27,0,No fault,20.6111,0.0293
2026-08-12T12:03:35.210089,1786529015.210089,21.752329,2408,48.812823,1,31.0696,608,0.1429,28,0,No fault,1,10.9394,1172,0.0916,27,0,No fault,20.1302,0.0513
2026-08-12T12:03:35.216579,1786529015.216579,21.758813,2409,48.428707,1,31.3756,837,0.1429,28,0,No fault,1,11.1798,996,0.0769,27,0,No fault,20.1958,0.0659
2026-08-12T12:03:35.225569,1786529015.225569,21.767832,2410,48.139104,1,31.3756,837,0.1429,28,0,No fault,1,12.0760,1119,0.0842,27,0,No fault,19.2997,0.0586
2026-08-12T12:03:35.248857,1786529015.248857,21.791176,2411,47.723859,1,32.7308,1084,0.0623,28,0,No fault,1,13.2562,1031,0.0769,27,0,No fault,19.4745,-0.0147
2026-08-12T12:03:35.259544,1786529015.259544,21.801850,2412,46.632640,1,34.1733,820,0.0916,28,0,No fault,1,14.4147,1084,0.1062,27,0,No fault,19.7587,-0.0147
2026-08-12T12:03:35.269718,1786529015.269718,21.811989,2413,46.122969,1,34.6979,714,0.0989,28,0,No fault,1,15.0485,767,0.0623,27,0,No fault,19.6494,0.0366
2026-08-12T12:03:35.276415,1786529015.276415,21.818671,2414,45.634251,1,35.1132,1067,0.0842,28,0,No fault,1,15.4419,926,0.0623,27,0,No fault,19.6712,0.0220
2026-08-12T12:03:35.285588,1786529015.285588,21.827856,2415,45.299960,1,35.6159,767,0.0989,28,0,No fault,1,16.1851,1014,0.0842,27,0,No fault,19.4308,0.0147
2026-08-12T12:03:35.292720,1786529015.292720,21.834993,2416,44.849713,1,36.2497,961,0.0549,28,0,No fault,1,16.5785,943,0.0183,27,0,No fault,19.6712,0.0366
2026-08-12T12:03:35.300808,1786529015.300808,21.843056,2417,44.488671,1,36.5557,714,0.0623,28,0,No fault,1,17.8462,591,0.0330,27,0,No fault,18.7095,0.0293
2026-08-12T12:03:35.307752,1786529015.307752,21.850001,2418,44.084602,1,36.9710,661,0.0549,28,0,No fault,1,18.1740,1278,0.1136,27,0,No fault,18.7970,-0.0586
2026-08-12T12:03:35.316168,1786529015.316168,21.858424,2419,43.716479,1,37.4956,855,0.0403,28,0,No fault,1,18.5675,1014,0.0256,27,0,No fault,18.9281,0.0147
2026-08-12T12:03:35.323034,1786529015.323034,21.865287,2420,43.287732,1,37.9327,608,0.0842,28,0,No fault,1,18.8953,908,0.1648,27,0,No fault,19.0374,-0.0806
2026-08-12T12:03:35.331981,1786529015.331981,21.874248,2421,42.919305,1,38.3917,820,0.0989,28,0,No fault,1,19.6385,1119,0.0623,27,0,No fault,18.7533,0.0366
2026-08-12T12:03:35.338273,1786529015.338273,21.880517,2422,42.451164,1,38.8070,767,0.1136,28,0,No fault,1,20.0100,749,0.0549,27,0,No fault,18.7970,0.0586
2026-08-12T12:03:35.347335,1786529015.347335,21.889595,2423,42.122481,1,39.2660,714,0.0842,28,0,No fault,1,20.7750,1261,0.0183,27,0,No fault,18.4910,0.0659
2026-08-12T12:03:35.355153,1786529015.355153,21.897405,2424,41.621130,1,39.6594,643,0.0916,28,0,No fault,1,21.1466,837,0.0403,27,0,No fault,18.5128,0.0513
2026-08-12T12:03:35.363387,1786529015.363387,21.905644,2425,41.183875,1,40.1403,978,0.0623,28,0,No fault,1,21.8897,996,0.0769,27,0,No fault,18.2505,-0.0147
2026-08-12T12:03:35.370410,1786529015.370410,21.912658,2426,40.743288,1,40.5556,643,0.0623,28,0,No fault,1,22.2613,1208,0.0549,27,0,No fault,18.2943,0.0073
2026-08-12T12:03:35.378733,1786529015.378733,21.920990,2427,40.332451,1,40.9708,802,0.0842,28,0,No fault,1,23.0044,1225,0.0696,27,0,No fault,17.9664,0.0147
2026-08-12T12:03:35.385546,1786529015.385546,21.927796,2428,39.888678,1,41.2768,855,0.0842,28,0,No fault,1,23.4197,873,0.0549,27,0,No fault,17.8571,0.0293
2026-08-12T12:03:35.394885,1786529015.394885,21.937139,2429,39.507209,1,42.2167,767,0.0549,28,0,No fault,1,24.0754,802,0.0916,27,0,No fault,18.1413,-0.0366
2026-08-12T12:03:35.401501,1786529015.401501,21.943756,2430,38.973586,1,42.4790,643,0.0696,28,0,No fault,1,24.5344,926,0.0916,27,0,No fault,17.9445,-0.0220
2026-08-12T12:03:35.410252,1786529015.410252,21.952507,2431,38.578752,1,42.8724,520,0.1062,28,0,No fault,1,25.1246,873,0.0256,27,0,No fault,17.7478,0.0806
2026-08-12T12:03:35.416848,1786529015.416848,21.959102,2432,38.085550,1,43.1565,855,0.1282,28,0,No fault,1,25.5398,820,0.1062,27,0,No fault,17.6167,0.0220
2026-08-12T12:03:35.424901,1786529015.424901,21.967152,2433,37.699721,1,43.5062,591,0.0769,28,0,No fault,1,26.2174,714,0.0183,27,0,No fault,17.2888,0.0586
2026-08-12T12:03:35.431673,1786529015.431673,21.973914,2434,37.227088,1,43.5062,591,0.0769,28,0,No fault,1,26.6764,961,0.1136,27,0,No fault,16.8298,-0.0366
2026-08-12T12:03:35.462299,1786529015.462299,22.004562,2435,36.827831,1,44.4461,643,0.0696,28,0,No fault,1,28.5779,978,0.0549,27,0,No fault,15.8681,0.0147
2026-08-12T12:03:35.471347,1786529015.471347,22.013611,2436,34.968035,1,45.2329,696,0.0256,28,0,No fault,1,29.0588,1172,0.0476,27,0,No fault,16.1741,-0.0220
2026-08-12T12:03:35.478254,1786529015.478254,22.020517,2437,34.415196,1,45.5826,767,0.0842,28,0,No fault,1,29.3648,890,0.0549,27,0,No fault,16.2178,0.0293
2026-08-12T12:03:35.487118,1786529015.487118,22.029370,2438,33.982100,1,46.2821,573,0.0842,28,0,No fault,1,30.0424,1049,0.0110,27,0,No fault,16.2397,0.0733
2026-08-12T12:03:35.493858,1786529015.493858,22.036123,2439,33.438335,1,46.7411,679,0.0403,28,0,No fault,1,30.5014,996,0.0403,27,0,No fault,16.2397,0.0000
2026-08-12T12:03:35.502924,1786529015.502924,22.045169,2440,33.010514,1,47.2001,573,0.0769,28,0,No fault,1,31.5505,679,0.0403,27,0,No fault,15.6496,0.0366
2026-08-12T12:03:35.509593,1786529015.509593,22.051850,2441,32.438799,1,47.3968,732,0.0842,28,0,No fault,1,31.6816,714,0.1355,27,0,No fault,15.7151,-0.0513
2026-08-12T12:03:35.518867,1786529015.518867,22.061114,2442,31.990315,1,47.8558,555,0.0769,28,0,No fault,1,32.1188,714,0.1648,27,0,No fault,15.7370,-0.0879
2026-08-12T12:03:35.529058,1786529015.529058,22.071304,2443,31.425456,1,48.2929,555,0.0842,28,0,No fault,1,32.5996,714,0.0842,27,0,No fault,15.6933,0.0000
2026-08-12T12:03:35.535588,1786529015.535588,22.077843,2444,30.770132,1,48.8175,502,0.0842,28,0,No fault,1,33.1460,820,0.0549,27,0,No fault,15.6714,0.0293
2026-08-12T12:03:35.544562,1786529015.544562,22.086835,2445,30.344476,1,48.9486,626,0.0549,28,0,No fault,1,33.6706,1102,0.0330,27,0,No fault,15.2780,0.0220
2026-08-12T12:03:35.554607,1786529015.554607,22.096859,2446,29.750264,1,49.4513,273,0.0476,28,0,No fault,1,34.4575,837,0.0183,27,0,No fault,14.9939,0.0293
2026-08-12T12:03:35.561208,1786529015.561208,22.103456,2447,29.098070,1,49.6043,643,0.0403,28,0,No fault,1,34.6323,943,0.0183,27,0,No fault,14.9720,0.0220
2026-08-12T12:03:35.570407,1786529015.570407,22.112657,2448,28.648974,1,50.0415,573,0.0256,28,0,No fault,1,35.2880,749,0.0623,27,0,No fault,14.7534,-0.0366
2026-08-12T12:03:35.577030,1786529015.577030,22.119279,2449,28.050880,1,50.2382,485,0.0403,28,0,No fault,1,35.5940,573,0.0256,27,0,No fault,14.6441,0.0147
2026-08-12T12:03:35.585908,1786529015.585908,22.128148,2450,27.609910,1,50.6097,467,0.0916,28,0,No fault,1,36.3809,855,0.0549,27,0,No fault,14.2289,0.0366
2026-08-12T12:03:35.592395,1786529015.592395,22.134643,2451,27.010778,1,50.7846,309,0.0916,28,0,No fault,1,36.5557,855,0.0696,27,0,No fault,14.2289,0.0220
2026-08-12T12:03:35.601325,1786529015.601325,22.143583,2452,26.574778,1,51.5714,714,0.0696,28,0,No fault,1,37.1896,1084,0.1282,27,0,No fault,14.3819,-0.0586
2026-08-12T12:03:35.608250,1786529015.608250,22.150506,2453,25.966195,1,51.8993,485,0.0842,28,0,No fault,1,37.4956,943,0.0256,27,0,No fault,14.4037,0.0586
2026-08-12T12:03:35.616793,1786529015.616793,22.159046,2454,25.498300,1,52.0523,502,0.1282,28,0,No fault,1,38.0639,696,0.0989,27,0,No fault,13.9884,0.0293
2026-08-12T12:03:35.623427,1786529015.623427,22.165674,2455,24.914337,1,52.2490,749,0.0476,27,0,No fault,1,38.3699,591,0.0183,27,0,No fault,13.8792,0.0293
2026-08-12T12:03:35.632346,1786529015.632346,22.174586,2456,24.458729,1,52.4894,538,0.0623,28,0,No fault,1,39.0037,820,0.0769,27,0,No fault,13.4857,-0.0147
2026-08-12T12:03:35.658967,1786529015.658967,22.201290,2457,23.845863,1,53.1451,432,0.0842,28,0,No fault,1,40.5556,820,0.0842,27,0,No fault,12.5896,0.0000
2026-08-12T12:03:35.666231,1786529015.666231,22.208485,2458,21.964488,1,53.3637,485,0.0476,28,0,No fault,1,40.7741,608,0.0403,27,0,No fault,12.5896,0.0073
2026-08-12T12:03:35.676055,1786529015.676055,22.218304,2459,21.464607,1,53.6041,344,0.0623,28,0,No fault,1,41.2987,802,0.1429,27,0,No fault,12.3055,-0.0806
2026-08-12T12:03:35.684617,1786529015.684617,22.226853,2460,20.782619,1,53.9101,397,0.0623,28,0,No fault,1,41.8670,749,0.0403,27,0,No fault,12.0432,0.0220
2026-08-12T12:03:35.691149,1786529015.691149,22.233394,2461,20.173796,1,54.0850,379,0.0476,28,0,No fault,1,42.1292,714,0.0183,27,0,No fault,11.9557,0.0293
2026-08-12T12:03:35.700037,1786529015.700037,22.242278,2462,19.714691,1,54.2380,326,0.0403,28,0,No fault,1,42.7631,591,0.0696,27,0,No fault,11.4749,-0.0293
2026-08-12T12:03:35.706310,1786529015.706310,22.248548,2463,19.081329,1,54.3691,185,0.0549,28,0,No fault,1,43.4407,837,-0.0110,27,0,No fault,10.9285,0.0659
2026-08-12T12:03:35.712548,1786529015.712548,22.254789,2464,18.633921,1,54.5877,379,0.0549,28,0,No fault,1,43.6811,714,0.0916,27,0,No fault,10.9066,-0.0366
2026-08-12T12:03:35.720526,1786529015.720526,22.262764,2465,18.179443,1,54.8281,450,0.0549,28,0,No fault,1,44.0527,502,0.0842,27,0,No fault,10.7755,-0.0293
2026-08-12T12:03:35.726820,1786529015.726820,22.269061,2466,17.611898,1,55.0248,502,0.0623,28,0,No fault,1,44.2275,820,0.0989,27,0,No fault,10.7973,-0.0366
2026-08-12T12:03:35.733120,1786529015.733120,22.275380,2467,17.156542,1,55.1123,432,0.0623,28,0,No fault,1,44.4679,432,0.0476,27,0,No fault,10.6443,0.0147
2026-08-12T12:03:35.742413,1786529015.742413,22.284678,2468,16.693066,1,55.4183,608,0.0989,28,0,No fault,1,44.9925,749,0.0769,27,0,No fault,10.4258,0.0220
2026-08-12T12:03:35.751637,1786529015.751637,22.293891,2469,16.019814,1,55.5057,361,0.0916,28,0,No fault,1,45.5389,696,0.1062,27,0,No fault,9.9668,-0.0147
2026-08-12T12:03:35.758071,1786529015.758071,22.300318,2470,15.353148,1,55.7461,167,0.0623,28,0,No fault,1,45.8449,996,0.0330,27,0,No fault,9.9012,0.0293
2026-08-12T12:03:35.767180,1786529015.767180,22.309427,2471,14.876988,1,55.8773,79,0.0769,28,0,No fault,1,46.2821,467,0.0916,27,0,No fault,9.5952,-0.0147
2026-08-12T12:03:35.773672,1786529015.773672,22.315926,2472,14.216856,1,56.1177,167,0.0989,28,0,No fault,1,46.6099,661,0.0549,27,0,No fault,9.5078,0.0440
2026-08-12T12:03:35.782771,1786529015.782771,22.325021,2473,13.740589,1,56.1833,626,0.0916,28,0,No fault,1,47.0471,767,0.0549,27,0,No fault,9.1362,0.0366
2026-08-12T12:03:35.789337,1786529015.789337,22.331581,2474,13.070795,1,56.3800,326,0.0769,28,0,No fault,1,47.3531,643,-0.0110,27,0,No fault,9.0269,0.0879
2026-08-12T12:03:35.798752,1786529015.798752,22.341037,2475,12.575634,1,56.4674,432,0.0769,28,0,No fault,1,47.7028,714,0.0623,27,0,No fault,8.7646,0.0147
2026-08-12T12:03:35.808896,1786529015.808896,22.351164,2476,11.877250,1,56.5767,291,0.0623,28,0,No fault,1,48.1836,802,0.0476,27,0,No fault,8.3931,0.0147
2026-08-12T12:03:35.815697,1786529015.815697,22.357938,2477,11.131572,1,57.0138,150,0.0769,28,0,No fault,1,48.3803,996,0.0696,27,0,No fault,8.6335,0.0073
2026-08-12T12:03:35.825517,1786529015.825517,22.367785,2478,10.578789,1,57.1668,573,0.0623,28,0,No fault,1,48.8612,379,0.0989,27,0,No fault,8.3056,-0.0366
2026-08-12T12:03:35.835418,1786529015.835418,22.377668,2479,9.726113,1,57.3198,361,0.0549,28,0,No fault,1,49.2328,467,0.0623,27,0,No fault,8.0871,-0.0073
2026-08-12T12:03:35.860671,1786529015.860671,22.402945,2480,9.172463,1,57.6040,115,0.0330,28,0,No fault,1,50.0633,520,0.0403,27,0,No fault,7.5406,-0.0073
2026-08-12T12:03:35.868142,1786529015.868142,22.410392,2481,7.272171,1,57.7351,-9,0.0769,28,0,No fault,1,50.2600,608,0.0696,27,0,No fault,7.4751,0.0073
2026-08-12T12:03:35.877772,1786529015.877772,22.420073,2482,6.702505,1,57.9318,397,0.0989,28,0,No fault,1,50.6972,520,0.0476,27,0,No fault,7.2346,0.0513
2026-08-12T12:03:35.887044,1786529015.887044,22.429290,2483,5.986633,1,57.9974,-150,0.0549,28,0,No fault,1,51.1562,450,0.0623,27,0,No fault,6.8412,-0.0073
2026-08-12T12:03:35.893622,1786529015.893622,22.436239,2484,5.306478,1,58.0411,44,0.0403,28,0,No fault,1,51.3092,309,0.0330,27,0,No fault,6.7319,0.0073
2026-08-12T12:03:35.902517,1786529015.902517,22.444768,2485,4.786717,1,58.1722,273,0.0769,28,0,No fault,1,51.6370,467,0.0769,27,0,No fault,6.5352,0.0000
2026-08-12T12:03:35.908993,1786529015.908993,22.451233,2486,4.145351,1,58.2378,115,0.0476,28,0,No fault,1,52.3146,679,0.0549,27,0,No fault,5.9232,-0.0073
2026-08-12T12:03:35.917788,1786529015.917788,22.460033,2487,3.659929,1,58.3252,150,0.0549,28,0,No fault,1,52.4894,538,0.0330,27,0,No fault,5.8358,0.0220
2026-08-12T12:03:35.924295,1786529015.924295,22.466537,2488,2.994943,1,58.3471,79,0.0623,28,0,No fault,1,52.6424,626,0.1062,27,0,No fault,5.7047,-0.0440
2026-08-12T12:03:35.933539,1786529015.933539,22.475794,2489,2.507936,1,58.4127,344,0.0696,27,0,No fault,1,53.0140,520,0.0476,27,0,No fault,5.3987,0.0220
2026-08-12T12:03:35.940244,1786529015.940244,22.482493,2490,1.807150,1,58.5220,150,0.0476,28,0,No fault,1,53.1670,591,0.0769,27,0,No fault,5.3550,-0.0293
2026-08-12T12:03:35.948992,1786529015.948992,22.491275,2491,1.298139,1,58.6094,273,0.0696,28,0,No fault,1,53.5167,344,0.0623,27,0,No fault,5.0927,0.0073
2026-08-12T12:03:35.956017,1786529015.956017,22.498264,2492,0.636649,1,58.6312,9,0.0623,28,0,No fault,1,53.6479,97,0.1136,27,0,No fault,4.9834,-0.0513
2026-08-12T12:03:35.964691,1786529015.964691,22.506959,2493,0.113742,1,58.7187,115,0.0623,28,0,No fault,1,53.9539,273,0.0842,27,0,No fault,4.7648,-0.0220
2026-08-12T12:03:35.971450,1786529015.971450,22.513702,2494,-0.543856,1,58.7624,97,0.0623,28,0,No fault,1,54.1069,450,0.0916,27,0,No fault,4.6555,-0.0293
2026-08-12T12:03:35.980099,1786529015.980099,22.522367,2495,-1.051480,1,58.8061,203,0.0696,28,0,No fault,1,54.5003,414,0.0403,27,0,No fault,4.3058,0.0293
2026-08-12T12:03:35.986928,1786529015.986928,22.529181,2496,-1.704842,1,58.8280,-9,0.0549,28,0,No fault,1,54.5658,291,0.0916,27,0,No fault,4.2621,-0.0366
2026-08-12T12:03:35.997567,1786529015.997567,22.539876,2497,-2.220464,1,58.8935,150,0.0403,28,0,No fault,1,54.8718,679,0.0330,27,0,No fault,4.0217,0.0073
2026-08-12T12:03:36.005981,1786529016.005981,22.548283,2498,-3.028458,1,58.9372,326,0.0476,28,0,No fault,1,55.2216,643,0.0623,27,0,No fault,3.7157,-0.0147
2026-08-12T12:03:36.013209,1786529016.013209,22.555468,2499,-3.659324,1,58.9372,9,0.0623,28,0,No fault,1,55.2871,485,0.0623,27,0,No fault,3.6501,0.0000
2026-08-12T12:03:36.021419,1786529016.021419,22.563738,2500,-4.219026,1,58.9591,-185,0.0403,28,0,No fault,1,55.5931,555,0.0403,27,0,No fault,3.3660,0.0000
2026-08-12T12:03:36.028601,1786529016.028601,22.570839,2501,-4.838632,1,58.9809,185,0.0623,28,0,No fault,1,55.7024,220,0.0476,27,0,No fault,3.2785,0.0147
2026-08-12T12:03:36.036798,1786529016.036798,22.579069,2502,-5.347728,1,58.9809,44,0.0623,28,0,No fault,1,55.9647,44,0.0476,27,0,No fault,3.0163,0.0147
2026-08-12T12:03:36.071062,1786529016.071062,22.613335,2503,-5.972130,1,58.9591,-256,0.0183,28,0,No fault,1,56.6860,573,0.0623,27,0,No fault,2.2731,-0.0440
2026-08-12T12:03:36.079127,1786529016.079127,22.621374,2504,-8.536497,1,58.9372,-238,-0.0256,28,0,No fault,1,56.7734,608,0.0549,27,0,No fault,2.1638,-0.0806
2026-08-12T12:03:36.086801,1786529016.086801,22.629040,2505,-9.131579,1,58.9154,-167,-0.0183,28,0,No fault,1,57.0138,203,0.0256,27,0,No fault,1.9016,-0.0440
2026-08-12T12:03:36.093875,1786529016.093875,22.636111,2506,-9.699903,1,58.9154,-132,-0.0476,28,0,No fault,1,57.1450,-26,0.0476,27,0,No fault,1.7704,-0.0952
2026-08-12T12:03:36.102200,1786529016.102200,22.644442,2507,-10.223493,1,58.8935,-9,-0.0403,28,0,No fault,1,57.4728,44,0.0769,27,0,No fault,1.4207,-0.1172
2026-08-12T12:03:36.109167,1786529016.109167,22.651404,2508,-10.842996,1,58.8717,-185,-0.0549,28,0,No fault,1,57.5165,220,0.0696,27,0,No fault,1.3551,-0.1245
2026-08-12T12:03:36.117689,1786529016.117689,22.659951,2509,-11.359467,1,58.8498,-203,-0.0696,28,0,No fault,1,57.6914,767,0.0623,27,0,No fault,1.1584,-0.1319
2026-08-12T12:03:36.124552,1786529016.124552,22.666803,2510,-11.998213,1,58.8280,-97,-0.0696,28,0,No fault,1,57.7132,326,0.0549,27,0,No fault,1.1147,-0.1245
2026-08-12T12:03:36.133786,1786529016.133786,22.676044,2511,-12.511083,1,58.8061,185,-0.0403,28,0,No fault,1,57.9100,150,0.0696,27,0,No fault,0.8961,-0.1099
2026-08-12T12:03:36.140334,1786529016.140334,22.682578,2512,-13.182077,1,58.7624,-203,-0.0549,28,0,No fault,1,57.9537,502,0.0916,27,0,No fault,0.8087,-0.1465
2026-08-12T12:03:36.149074,1786529016.149074,22.691326,2513,-13.659640,1,58.6968,-62,-0.0549,28,0,No fault,1,58.0848,150,0.0842,27,0,No fault,0.6120,-0.1392
2026-08-12T12:03:36.155626,1786529016.155626,22.697867,2514,-14.301801,1,58.6531,-97,-0.0549,28,0,No fault,1,58.1504,344,0.0769,27,0,No fault,0.5027,-0.1319
2026-08-12T12:03:36.162067,1786529016.162067,22.704309,2515,-14.778711,1,58.6312,44,-0.0989,28,0,No fault,1,58.2160,79,0.1209,27,0,No fault,0.4153,-0.2198
2026-08-12T12:03:36.171273,1786529016.171273,22.713519,2516,-15.265331,1,58.5438,-97,-0.0989,28,0,No fault,1,58.3471,450,0.0549,27,0,No fault,0.1967,-0.1538
2026-08-12T12:03:36.180157,1786529016.180157,22.722401,2517,-15.920365,1,58.5001,-115,-0.0842,28,0,No fault,1,58.4345,9,0.0842,27,0,No fault,0.0656,-0.1685
2026-08-12T12:03:36.186697,1786529016.186697,22.728949,2518,-16.565394,1,58.4127,62,-0.0989,28,0,No fault,1,58.5001,203,0.0623,27,0,No fault,-0.0874,-0.1612
2026-08-12T12:03:36.195817,1786529016.195817,22.738069,2519,-17.040278,1,58.3471,-185,-0.0989,28,0,No fault,1,58.5657,-9,0.0549,27,0,No fault,-0.2186,-0.1538
2026-08-12T12:03:36.202308,1786529016.202308,22.744547,2520,-17.697935,1,58.2160,-397,-0.0916,28,0,No fault,1,58.6531,361,0.0330,27,0,No fault,-0.4371,-0.1245
2026-08-12T12:03:36.208965,1786529016.208965,22.751212,2521,-18.167598,1,58.1722,-9,-0.1062,28,0,No fault,1,58.6750,-62,0.0476,27,0,No fault,-0.5027,-0.1538
2026-08-12T12:03:36.217572,1786529016.217572,22.759827,2522,-18.641008,1,58.0192,-379,-0.0769,28,0,No fault,1,58.7405,-256,0.0183,27,0,No fault,-0.7213,-0.0952
2026-08-12T12:03:36.224046,1786529016.224046,22.766283,2523,-19.259176,1,57.9537,-167,-0.0769,28,0,No fault,1,58.7842,-97,0.0330,27,0,No fault,-0.8306,-0.1099
2026-08-12T12:03:36.233320,1786529016.233320,22.775592,2524,-19.726148,1,57.8007,-361,-0.0696,28,0,No fault,1,58.8498,-256,0.0403,27,0,No fault,-1.0491,-0.1099
2026-08-12T12:03:36.243244,1786529016.243244,22.785514,2525,-20.407277,1,57.5602,-9,-0.0842,28,0,No fault,1,58.8717,-220,0.0696,27,0,No fault,-1.3114,-0.1538
2026-08-12T12:03:36.277754,1786529016.277754,22.820044,2526,-21.084765,1,57.1668,-291,-0.0696,28,0,No fault,1,58.9809,62,0.0769,27,0,No fault,-1.8141,-0.1465
2026-08-12T12:03:36.289948,1786529016.289948,22.832306,2527,-23.513740,1,57.0357,-467,-0.1209,28,0,No fault,1,58.9809,-185,0.0549,27,0,No fault,-1.9453,-0.1758
2026-08-12T12:03:36.303274,1786529016.303274,22.845592,2528,-24.405110,1,56.9045,-661,-0.0842,28,0,No fault,1,59.0028,-167,0.0769,27,0,No fault,-2.0983,-0.1612
2026-08-12T12:03:36.313618,1786529016.313618,22.855929,2529,-25.285900,1,56.7953,-273,-0.0549,28,0,No fault,1,59.0028,-273,0.0330,27,0,No fault,-2.2076,-0.0879
2026-08-12T12:03:36.321408,1786529016.321408,22.863702,2530,-25.984012,1,56.5330,-379,-0.0916,28,0,No fault,1,59.0028,185,0.0183,27,0,No fault,-2.4698,-0.1099
2026-08-12T12:03:36.328521,1786529016.328521,22.870804,2531,-26.515134,1,56.4455,-485,-0.1062,28,0,No fault,1,59.0028,97,0.0256,27,0,No fault,-2.5573,-0.1319
2026-08-12T12:03:36.335746,1786529016.335746,22.878011,2532,-26.984740,1,56.3144,-573,-0.1062,28,0,No fault,1,58.9809,97,0.0330,27,0,No fault,-2.6665,-0.1392
2026-08-12T12:03:36.347848,1786529016.347848,22.890129,2533,-27.464892,1,56.3144,-573,-0.1062,28,0,No fault,1,58.9591,-150,0.0037,27,0,No fault,-2.6447,-0.1099
2026-08-12T12:03:36.357901,1786529016.357901,22.900170,2534,-28.265707,1,56.0740,-150,-0.0476,28,0,No fault,1,58.9591,167,-0.0183,27,0,No fault,-2.8851,-0.0293
2026-08-12T12:03:36.364746,1786529016.364746,22.907044,2535,-28.932915,1,55.9428,-256,-0.0696,28,0,No fault,1,58.9372,-44,-0.0330,27,0,No fault,-2.9944,-0.0366
2026-08-12T12:03:36.374341,1786529016.374341,22.916688,2536,-29.388381,1,55.7898,-485,-0.0549,28,0,No fault,1,58.9154,97,-0.0256,27,0,No fault,-3.1255,-0.0293
2026-08-12T12:03:36.381560,1786529016.381560,22.923832,2537,-30.027459,1,55.6587,-309,-0.0696,28,0,No fault,1,58.8935,150,0.0037,27,0,No fault,-3.2348,-0.0733
2026-08-12T12:03:36.389876,1786529016.389876,22.932144,2538,-30.499266,1,55.3746,-256,-0.0549,28,0,No fault,1,58.8498,-273,-0.0549,27,0,No fault,-3.4753,0.0000
2026-08-12T12:03:36.397852,1786529016.397852,22.940119,2539,-31.026416,1,55.1560,-450,-0.0696,28,0,No fault,1,58.8280,-115,-0.0403,27,0,No fault,-3.6720,-0.0293
2026-08-12T12:03:36.406180,1786529016.406180,22.948439,2540,-31.549743,1,54.9156,-326,-0.0989,28,0,No fault,1,58.7842,150,-0.0256,27,0,No fault,-3.8687,-0.0733
2026-08-12T12:03:36.413545,1786529016.413545,22.955815,2541,-32.071834,1,54.6970,-573,-0.0842,28,0,No fault,1,58.7405,-167,-0.0989,27,0,No fault,-4.0435,0.0147
2026-08-12T12:03:36.424162,1786529016.424162,22.966442,2542,-32.536304,1,54.6096,-361,-0.0769,28,0,No fault,1,58.6750,-344,-0.0989,27,0,No fault,-4.0654,0.0220
2026-08-12T12:03:36.433336,1786529016.433336,22.975601,2543,-33.207125,1,54.2380,-520,-0.1062,28,0,No fault,1,58.6094,273,-0.0330,27,0,No fault,-4.3714,-0.0733
2026-08-12T12:03:36.440681,1786529016.440681,22.982947,2544,-33.779433,1,54.0631,-379,-0.1136,28,0,No fault,1,58.5438,-326,-0.0183,27,0,No fault,-4.4807,-0.0952
2026-08-12T12:03:36.449111,1786529016.449111,22.991373,2545,-34.250587,1,53.9757,-361,-0.1355,28,0,No fault,1,58.4127,-273,-0.0549,27,0,No fault,-4.4370,-0.0806
2026-08-12T12:03:36.500338,1786529016.500338,23.042627,2546,-34.753047,1,52.8829,-608,-0.0842,28,0,No fault,1,57.9100,-185,-0.0989,27,0,No fault,-5.0271,0.0147
2026-08-12T12:03:36.508162,1786529016.508162,23.050425,2547,-37.833783,1,52.0086,-485,-0.0989,28,0,No fault,1,57.8444,-9,-0.0696,27,0,No fault,-5.8358,-0.0293
2026-08-12T12:03:36.516361,1786529016.516361,23.058631,2548,-38.289298,1,51.9212,-379,-0.0769,28,0,No fault,1,57.6695,-132,-0.0623,27,0,No fault,-5.7484,-0.0147
2026-08-12T12:03:36.523297,1786529016.523297,23.065554,2549,-38.761310,1,51.7463,-432,-0.0696,28,0,No fault,1,57.6040,150,-0.0549,27,0,No fault,-5.8577,-0.0147
2026-08-12T12:03:36.532462,1786529016.532462,23.074724,2550,-39.179218,1,51.4403,-414,-0.0623,28,0,No fault,1,57.2761,-397,-0.0623,27,0,No fault,-5.8358,0.0000
2026-08-12T12:03:36.542581,1786529016.542581,23.084852,2551,-39.683152,1,51.0906,-467,-0.0989,28,0,No fault,1,57.1450,203,-0.0623,27,0,No fault,-6.0544,-0.0366
2026-08-12T12:03:36.550176,1786529016.550176,23.092449,2552,-40.249753,1,50.8502,-626,-0.0842,28,0,No fault,1,57.0794,-397,-0.0549,27,0,No fault,-6.2292,-0.0293
2026-08-12T12:03:36.565777,1786529016.565777,23.108052,2553,-40.715408,1,50.6753,-326,-0.0696,28,0,No fault,1,56.9264,-432,-0.0696,27,0,No fault,-6.2511,0.0000
2026-08-12T12:03:36.573835,1786529016.573835,23.116106,2554,-41.531343,1,49.9977,-502,-0.0989,28,0,No fault,1,56.6423,-432,-0.0696,27,0,No fault,-6.6445,-0.0293
2026-08-12T12:03:36.585155,1786529016.585155,23.127429,2555,-41.964544,1,49.6043,-502,-0.1722,28,0,No fault,1,56.4674,-115,-0.0989,27,0,No fault,-6.8631,-0.0733
2026-08-12T12:03:36.594399,1786529016.594399,23.136663,2556,-42.572048,1,49.3858,-485,-0.0916,28,0,No fault,1,56.2051,-273,-0.0403,27,0,No fault,-6.8194,-0.0513
2026-08-12T12:03:36.604600,1786529016.604600,23.146871,2557,-43.077456,1,48.7082,-749,-0.0842,28,0,No fault,1,55.9428,-520,-0.0769,27,0,No fault,-7.2346,-0.0073
2026-08-12T12:03:36.615060,1786529016.615060,23.157323,2558,-43.591281,1,48.2273,-767,-0.0623,28,0,No fault,1,55.6806,-450,-0.0989,27,0,No fault,-7.4532,0.0366
2026-08-12T12:03:36.624833,1786529016.624833,23.167094,2559,-44.129306,1,47.6809,-591,-0.0842,28,0,No fault,1,55.3746,-309,-0.1355,27,0,No fault,-7.6936,0.0513
2026-08-12T12:03:36.635859,1786529016.635859,23.178098,2560,-44.622388,1,47.3093,-344,-0.0696,28,0,No fault,1,55.1341,-203,-0.0769,27,0,No fault,-7.8248,0.0073
2026-08-12T12:03:36.646253,1786529016.646253,23.188496,2561,-45.171923,1,46.7629,-485,-0.0623,28,0,No fault,1,54.8063,-749,-0.0623,27,0,No fault,-8.0434,0.0000
2026-08-12T12:03:36.656605,1786529016.656605,23.198881,2562,-45.685581,1,46.5225,-679,-0.0549,28,0,No fault,1,54.4566,-397,-0.1209,27,0,No fault,-7.9341,0.0659
2026-08-12T12:03:36.671712,1786529016.671712,23.213965,2563,-46.191763,1,45.2329,-626,-0.0403,27,0,No fault,1,53.9320,-538,-0.0476,27,0,No fault,-8.6991,0.0073
2026-08-12T12:03:36.687715,1786529016.687715,23.229984,2564,-46.906903,1,44.9925,-749,-0.0989,28,0,No fault,1,53.6479,-220,-0.0183,27,0,No fault,-8.6553,-0.0806
2026-08-12T12:03:36.698758,1786529016.698758,23.241030,2565,-47.651577,1,43.8778,-890,-0.0769,28,0,No fault,1,53.2981,-361,-0.0696,27,0,No fault,-9.4203,-0.0073
2026-08-12T12:03:36.708796,1786529016.708796,23.251081,2566,-48.152791,1,42.4790,-626,-0.0183,28,0,No fault,1,52.8173,-926,-0.0476,27,0,No fault,-10.3383,0.0293
2026-08-12T12:03:36.720417,1786529016.720417,23.262747,2567,-48.610287,1,42.2167,-520,-0.0842,28,0,No fault,1,52.5332,-520,-0.0623,27,0,No fault,-10.3165,-0.0220
2026-08-12T12:03:36.730707,1786529016.730707,23.272968,2568,-49.124681,1,41.6703,-485,-0.0110,28,0,No fault,1,52.2272,-132,-0.0549,27,0,No fault,-10.5569,0.0440
2026-08-12T12:03:36.742180,1786529016.742180,23.284453,2569,-49.550321,1,41.2550,-749,-0.2161,28,0,No fault,1,51.8337,-679,-0.0549,27,0,No fault,-10.5788,-0.1612
2026-08-12T12:03:36.754657,1786529016.754657,23.296935,2570,-50.032602,1,40.8615,-696,-0.1209,28,0,No fault,1,51.2436,-626,-0.0696,27,0,No fault,-10.3820,-0.0513
2026-08-12T12:03:36.762016,1786529016.762016,23.304680,2571,-50.555987,1,40.3807,-591,-0.0769,28,0,No fault,1,51.0906,-450,-0.1722,27,0,No fault,-10.7099,0.0952
2026-08-12T12:03:36.772459,1786529016.772459,23.314702,2572,-50.861848,1,39.7468,-873,-0.0842,28,0,No fault,1,50.6753,-485,-0.0403,27,0,No fault,-10.9285,-0.0440
2026-08-12T12:03:36.778870,1786529016.778870,23.321108,2573,-51.253997,1,39.4627,-908,-0.0916,28,0,No fault,1,50.3912,-785,-0.0842,27,0,No fault,-10.9285,-0.0073
2026-08-12T12:03:36.788244,1786529016.788244,23.330488,2574,-51.506263,1,38.8507,-820,-0.0769,28,0,No fault,1,50.0196,-679,-0.0769,27,0,No fault,-11.1689,0.0000
2026-08-12T12:03:36.794847,1786529016.794847,23.337100,2575,-51.862411,1,38.5447,-1084,-0.0769,28,0,No fault,1,49.7355,-379,-0.0916,27,0,No fault,-11.1908,0.0147
2026-08-12T12:03:36.803930,1786529016.803930,23.346215,2576,-52.119774,1,37.9327,-696,-0.0549,28,0,No fault,1,49.3639,-467,-0.0623,27,0,No fault,-11.4312,0.0073
2026-08-12T12:03:36.814465,1786529016.814465,23.356719,2577,-52.456024,1,37.3207,-855,-0.0916,28,0,No fault,1,48.8612,-643,-0.0476,27,0,No fault,-11.5405,-0.0440
2026-08-12T12:03:36.824713,1786529016.824713,23.366973,2578,-52.832324,1,36.3809,-820,-0.0842,28,0,No fault,1,48.3585,-732,-0.0842,27,0,No fault,-11.9776,0.0000
2026-08-12T12:03:36.834882,1786529016.834882,23.377130,2579,-53.191650,1,35.7470,-978,-0.0696,28,0,No fault,1,47.9432,-820,-0.0769,27,0,No fault,-12.1962,0.0073
2026-08-12T12:03:36.842104,1786529016.842104,23.384369,2580,-53.540632,1,35.4410,-626,-0.0476,28,0,No fault,1,47.6591,-1031,-0.0989,27,0,No fault,-12.2180,0.0513
2026-08-12T12:03:36.850713,1786529016.850713,23.392968,2581,-53.809841,1,34.7853,-926,-0.0916,28,0,No fault,1,47.2438,-732,-0.0476,27,0,No fault,-12.4585,-0.0440
2026-08-12T12:03:36.860609,1786529016.860609,23.402859,2582,-54.069570,1,34.0203,-926,-0.0623,28,0,No fault,1,46.6536,-679,-0.0842,27,0,No fault,-12.6333,0.0220
2026-08-12T12:03:36.886739,1786529016.886739,23.428998,2583,-54.388429,1,32.8182,-767,-0.1062,28,0,No fault,1,45.7575,-732,-0.0256,27,0,No fault,-12.9393,-0.0806
2026-08-12T12:03:36.894451,1786529016.894451,23.436751,2584,-55.191864,1,32.0751,-785,-0.1282,28,0,No fault,1,45.2329,-626,-0.0403,27,0,No fault,-13.1579,-0.0879
2026-08-12T12:03:36.903949,1786529016.903949,23.446192,2585,-55.421857,1,31.5068,-1261,-0.0623,28,0,No fault,1,44.6209,-732,-0.0989,27,0,No fault,-13.1142,0.0366
2026-08-12T12:03:36.913059,1786529016.913059,23.455336,2586,-55.686020,1,30.4358,-785,-0.0623,28,0,No fault,1,44.1619,-732,-0.0696,27,0,No fault,-13.7262,0.0073
2026-08-12T12:03:36.919924,1786529016.919924,23.462170,2587,-55.940222,1,30.0861,-802,-0.0623,28,0,No fault,1,43.8341,-749,-0.1136,27,0,No fault,-13.7480,0.0513
2026-08-12T12:03:36.928240,1786529016.928240,23.470505,2588,-56.130174,1,29.4522,-679,-0.1429,28,0,No fault,1,43.3970,-767,-0.0696,27,0,No fault,-13.9447,-0.0733
2026-08-12T12:03:36.935575,1786529016.935575,23.477829,2589,-56.344183,1,29.1681,-978,-0.1355,28,0,No fault,1,42.8724,-749,-0.1209,27,0,No fault,-13.7043,-0.0147
2026-08-12T12:03:36.943608,1786529016.943608,23.485859,2590,-56.547207,1,28.4249,-749,-0.0403,27,0,No fault,1,41.9107,-626,-0.0916,27,0,No fault,-13.4857,0.0513
2026-08-12T12:03:36.951332,1786529016.951332,23.493579,2591,-56.732122,1,28.1408,-926,-0.1136,28,0,No fault,1,41.8451,-467,-0.0623,27,0,No fault,-13.7043,-0.0513
2026-08-12T12:03:36.959009,1786529016.959009,23.501254,2592,-56.917217,1,27.7911,-1014,-0.0989,28,0,No fault,1,41.6047,-696,-0.0842,27,0,No fault,-13.8136,-0.0147
2026-08-12T12:03:36.966392,1786529016.966392,23.508635,2593,-57.096426,1,27.3321,-926,-0.0916,28,0,No fault,1,41.4517,-643,-0.0476,27,0,No fault,-14.1196,-0.0440
2026-08-12T12:03:36.974414,1786529016.974414,23.516659,2594,-57.266979,1,26.7201,-1278,-0.0696,28,0,No fault,1,40.7960,-873,-0.0256,27,0,No fault,-14.0759,-0.0440
2026-08-12T12:03:36.981731,1786529016.981731,23.523983,2595,-57.443438,1,26.2830,-1049,-0.0916,28,0,No fault,1,40.5774,-643,-0.0476,27,0,No fault,-14.2944,-0.0440
2026-08-12T12:03:36.989826,1786529016.989826,23.532070,2596,-57.603892,1,25.6710,-996,-0.0476,28,0,No fault,1,39.8998,-890,-0.0623,27,0,No fault,-14.2289,0.0147
2026-08-12T12:03:36.996962,1786529016.996962,23.539200,2597,-57.768159,1,25.2994,-890,-0.0769,28,0,No fault,1,39.6594,-785,-0.0989,27,0,No fault,-14.3600,0.0220
2026-08-12T12:03:37.005373,1786529017.005373,23.547614,2598,-57.910556,1,24.5563,-1243,-0.0916,28,0,No fault,1,39.0037,-661,-0.1282,27,0,No fault,-14.4474,0.0366
2026-08-12T12:03:37.012269,1786529017.012269,23.554506,2599,-58.074257,1,24.2284,-908,-0.0916,28,0,No fault,1,38.7414,-608,-0.0989,27,0,No fault,-14.5130,0.0073
2026-08-12T12:03:37.020917,1786529017.020917,23.563161,2600,-58.201535,1,23.7694,-767,-0.1282,28,0,No fault,1,38.1513,-714,-0.0769,27,0,No fault,-14.3819,-0.0513
2026-08-12T12:03:37.027593,1786529017.027593,23.569834,2601,-58.358897,1,23.1137,-1172,-0.0623,28,0,No fault,1,37.8671,-820,-0.0989,27,0,No fault,-14.7534,0.0366
2026-08-12T12:03:37.036229,1786529017.036229,23.578479,2602,-58.471750,1,22.6547,-1243,-0.0549,28,0,No fault,1,37.2333,-837,-0.0549,27,0,No fault,-14.5786,0.0000
2026-08-12T12:03:37.042993,1786529017.042993,23.585239,2603,-58.617469,1,22.0427,-767,-0.1062,28,0,No fault,1,36.9273,-732,-0.0549,27,0,No fault,-14.8846,-0.0513
2026-08-12T12:03:37.051761,1786529017.051761,23.594007,2604,-58.721602,1,21.5619,-1084,-0.0842,28,0,No fault,1,36.2934,-996,-0.0549,27,0,No fault,-14.7316,-0.0293
2026-08-12T12:03:37.058160,1786529017.058160,23.600401,2605,-58.853706,1,20.9062,-996,-0.0549,28,0,No fault,1,35.9219,-820,-0.1136,27,0,No fault,-15.0157,0.0586
2026-08-12T12:03:37.064672,1786529017.064672,23.606920,2606,-58.945276,1,20.1849,-1049,-0.0623,28,0,No fault,1,35.6377,-1049,-0.0842,27,0,No fault,-15.4529,0.0220
2026-08-12T12:03:37.088345,1786529017.088345,23.630625,2607,-59.035783,1,19.4855,-890,-0.1209,28,0,No fault,1,34.6979,-1155,-0.0623,27,0,No fault,-15.2124,-0.0586
2026-08-12T12:03:37.099973,1786529017.099973,23.642218,2608,-59.330235,1,18.3489,-943,-0.0549,28,0,No fault,1,33.7580,-926,-0.1062,27,0,No fault,-15.4091,0.0513
2026-08-12T12:03:37.108296,1786529017.108296,23.650554,2609,-59.452535,1,17.6276,-1084,-0.0623,28,0,No fault,1,33.0149,-908,-0.1429,27,0,No fault,-15.3873,0.0806
2026-08-12T12:03:37.114889,1786529017.114889,23.657133,2610,-59.534535,1,16.5348,-802,-0.0769,28,0,No fault,1,32.7526,-1119,-0.0769,27,0,No fault,-16.2178,0.0000
2026-08-12T12:03:37.123808,1786529017.123808,23.666058,2611,-59.596032,1,16.1195,-943,-0.0549,28,0,No fault,1,31.9876,-1031,-0.0916,27,0,No fault,-15.8681,0.0366
2026-08-12T12:03:37.130266,1786529017.130266,23.672514,2612,-59.668191,1,15.8135,-767,-0.0916,28,0,No fault,1,31.7472,-908,-0.0769,27,0,No fault,-15.9337,-0.0147
2026-08-12T12:03:37.139453,1786529017.139453,23.681697,2613,-59.717402,1,14.9174,-1454,-0.1136,28,0,No fault,1,31.0041,-1049,-0.0916,27,0,No fault,-16.0867,-0.0220
2026-08-12T12:03:37.145513,1786529017.145513,23.687755,2614,-59.780381,1,14.7425,-1067,-0.0842,28,0,No fault,1,30.7636,-732,-0.0476,27,0,No fault,-16.0211,-0.0366
2026-08-12T12:03:37.154721,1786529017.154721,23.696970,2615,-59.817508,1,13.9338,-1119,-0.0769,28,0,No fault,1,29.8894,-873,-0.0769,27,0,No fault,-15.9556,0.0000
2026-08-12T12:03:37.161263,1786529017.161263,23.703516,2616,-59.867797,1,13.5622,-802,-0.0842,28,0,No fault,1,29.7582,-1031,-0.0769,27,0,No fault,-16.1960,-0.0073
2026-08-12T12:03:37.170255,1786529017.170255,23.712503,2617,-59.899409,1,12.7754,-1208,-0.0623,28,0,No fault,1,29.2774,-978,-0.0476,27,0,No fault,-16.5020,-0.0147
2026-08-12T12:03:37.176731,1786529017.176731,23.718975,2618,-59.934214,1,12.5787,-1014,-0.0549,28,0,No fault,1,28.8184,-1049,-0.0989,27,0,No fault,-16.2397,0.0440
2026-08-12T12:03:37.185704,1786529017.185704,23.727948,2619,-59.955293,1,11.8574,-1261,-0.0549,28,0,No fault,1,28.2501,-732,-0.0696,27,0,No fault,-16.3927,0.0147
2026-08-12T12:03:37.192168,1786529017.192168,23.734424,2620,-59.977410,1,11.6388,-926,-0.0989,28,0,No fault,1,27.7911,-1155,-0.0623,27,0,No fault,-16.1523,-0.0366
2026-08-12T12:03:37.201399,1786529017.201399,23.743699,2621,-59.989582,1,10.7645,-1031,-0.1209,28,0,No fault,1,27.1791,-502,-0.0330,27,0,No fault,-16.4146,-0.0879
2026-08-12T12:03:37.208067,1786529017.208067,23.750306,2622,-59.998250,1,10.0433,-1243,-0.0549,28,0,No fault,1,26.7420,-1049,-0.1062,27,0,No fault,-16.6987,0.0513
2026-08-12T12:03:37.216658,1786529017.216658,23.758900,2623,-59.999989,1,9.6280,-1049,-0.0989,27,0,No fault,1,25.9114,-873,-0.0549,27,0,No fault,-16.2834,-0.0440
2026-08-12T12:03:37.223014,1786529017.223014,23.765264,2624,-59.996084,1,9.3001,-1155,-0.1062,28,0,No fault,1,25.7584,-926,-0.0769,27,0,No fault,-16.4583,-0.0293
2026-08-12T12:03:37.232230,1786529017.232230,23.774511,2625,-59.988370,1,8.4477,-1014,-0.0623,27,0,No fault,1,24.8404,-1419,-0.0403,27,0,No fault,-16.3927,-0.0220
2026-08-12T12:03:37.239710,1786529017.239710,23.781970,2626,-59.970903,1,7.7046,-591,-0.0623,28,0,No fault,1,24.4033,-1137,-0.0989,27,0,No fault,-16.6987,0.0366
2026-08-12T12:03:37.247838,1786529017.247838,23.790096,2627,-59.950562,1,7.1800,-1067,-0.0989,28,0,No fault,1,23.9224,-1137,-0.0696,27,0,No fault,-16.7424,-0.0293
2026-08-12T12:03:37.255185,1786529017.255185,23.797454,2628,-59.922482,1,6.5680,-961,-0.1136,28,0,No fault,1,23.5727,-961,-0.0623,27,0,No fault,-17.0047,-0.0513
2026-08-12T12:03:37.263333,1786529017.263333,23.805589,2629,-59.891603,1,5.9560,-1102,-0.0330,28,0,No fault,1,22.8514,-1119,-0.0769,27,0,No fault,-16.8954,0.0440
2026-08-12T12:03:37.269868,1786529017.269868,23.812125,2630,-59.852523,1,5.7812,-802,-0.0403,28,0,No fault,1,22.4799,-714,-0.0842,27,0,No fault,-16.6987,0.0440
2026-08-12T12:03:37.299196,1786529017.299196,23.841526,2631,-59.810722,1,4.0545,-1067,-0.0696,28,0,No fault,1,20.6657,-1225,-0.0989,27,0,No fault,-16.6113,0.0293
2026-08-12T12:03:37.307345,1786529017.307345,23.849583,2632,-59.599054,1,3.4206,-855,-0.0476,28,0,No fault,1,19.7259,-1419,-0.0549,27,0,No fault,-16.3053,0.0073
2026-08-12T12:03:37.313644,1786529017.313644,23.855884,2633,-59.529087,1,2.8960,-1049,-0.1062,28,0,No fault,1,19.5510,-1049,-0.0403,27,0,No fault,-16.6550,-0.0659
2026-08-12T12:03:37.322727,1786529017.322727,23.864962,2634,-59.468096,1,1.6939,-855,-0.0476,28,0,No fault,1,18.8298,-1278,-0.1062,27,0,No fault,-17.1358,0.0586
2026-08-12T12:03:37.328937,1786529017.328937,23.871173,2635,-59.373325,1,1.5191,-1119,-0.0256,28,0,No fault,1,18.3489,-1225,-0.0476,27,0,No fault,-16.8298,0.0220
2026-08-12T12:03:37.335641,1786529017.335641,23.877875,2636,-59.304146,1,0.6448,-802,-0.0549,28,0,No fault,1,18.1085,-978,-0.0989,27,0,No fault,-17.4637,0.0440
2026-08-12T12:03:37.343632,1786529017.343632,23.885870,2637,-59.223346,1,0.2951,-1049,-0.0256,28,0,No fault,1,17.3872,-820,-0.1062,27,0,No fault,-17.0921,0.0806
2026-08-12T12:03:37.349938,1786529017.349938,23.892174,2638,-59.125691,1,0.0109,-873,-0.1648,28,0,No fault,1,17.0156,-1049,-0.0696,27,0,No fault,-17.0047,-0.0952
2026-08-12T12:03:37.358859,1786529017.358859,23.901096,2639,-59.042996,1,-0.7759,-1261,-0.0476,28,0,No fault,1,15.8354,-961,-0.0696,27,0,No fault,-16.6113,0.0220
2026-08-12T12:03:37.365205,1786529017.365205,23.907463,2640,-58.919593,1,-1.1912,-1313,-0.1209,28,0,No fault,1,15.5075,-785,-0.2527,27,0,No fault,-16.6987,0.1319
2026-08-12T12:03:37.375877,1786529017.375877,23.918135,2641,-58.821747,1,-1.9562,-1049,-0.1136,28,0,No fault,1,14.7644,-1067,-0.0549,27,0,No fault,-16.7206,-0.0586
2026-08-12T12:03:37.382990,1786529017.382990,23.925243,2642,-58.660858,1,-2.1748,-1119,-0.0623,28,0,No fault,1,14.2835,-1190,-0.0623,27,0,No fault,-16.4583,0.0000
2026-08-12T12:03:37.391081,1786529017.391081,23.933351,2643,-58.543070,1,-2.6993,-1261,-0.0696,27,0,No fault,1,13.6059,-1049,-0.0769,27,0,No fault,-16.3053,0.0073
2026-08-12T12:03:37.398034,1786529017.398034,23.940351,2644,-58.410257,1,-2.8523,-1014,-0.1136,28,0,No fault,1,13.1032,-1155,-0.0476,27,0,No fault,-15.9556,-0.0659
2026-08-12T12:03:37.406975,1786529017.406975,23.949231,2645,-58.277438,1,-3.5518,-1084,-0.0769,28,0,No fault,1,12.4475,-890,-0.1136,27,0,No fault,-15.9993,0.0366
2026-08-12T12:03:37.413741,1786529017.413741,23.955991,2646,-58.125015,1,-4.0763,-1084,-0.0623,28,0,No fault,1,12.1852,-926,-0.0916,27,0,No fault,-16.2616,0.0293
2026-08-12T12:03:37.422350,1786529017.422350,23.964593,2647,-57.989102,1,-4.7976,-1137,-0.0549,28,0,No fault,1,11.2891,-996,-0.0916,27,0,No fault,-16.0867,0.0366
2026-08-12T12:03:37.428782,1786529017.428782,23.971023,2648,-57.828100,1,-5.5407,-978,-0.1209,28,0,No fault,1,11.0050,-855,-0.0623,27,0,No fault,-16.5457,-0.0586
2026-08-12T12:03:37.437815,1786529017.437815,23.980051,2649,-57.697082,1,-5.9342,-1049,-0.1282,28,0,No fault,1,10.0870,-1296,-0.0842,27,0,No fault,-16.0211,-0.0440
2026-08-12T12:03:37.444137,1786529017.444137,23.986374,2650,-57.506858,1,-6.3932,-749,-0.1062,28,0,No fault,1,9.6280,-1049,-0.0989,27,0,No fault,-16.0211,-0.0073
2026-08-12T12:03:37.453276,1786529017.453276,23.995514,2651,-57.366443,1,-7.1363,-1084,-0.0256,28,0,No fault,1,8.9067,-1119,-0.0916,27,0,No fault,-16.0430,0.0659
2026-08-12T12:03:37.459600,1786529017.459600,24.001834,2652,-57.162579,1,-7.5953,-908,-0.1062,28,0,No fault,1,8.6444,-1067,-0.0842,27,0,No fault,-16.2397,-0.0220
2026-08-12T12:03:37.468579,1786529017.468579,24.010816,2653,-57.013606,1,-8.0761,-1172,-0.0696,28,0,No fault,1,7.7483,-1402,-0.1136,27,0,No fault,-15.8244,0.0440
2026-08-12T12:03:37.474914,1786529017.474914,24.017151,2654,-56.802090,1,-8.2510,-802,-0.0623,28,0,No fault,1,7.2893,-1067,-0.0549,27,0,No fault,-15.5403,-0.0073
2026-08-12T12:03:37.507077,1786529017.507077,24.049385,2655,-56.647146,1,-9.4968,-1278,-0.0842,28,0,No fault,1,5.1692,-996,-0.1429,27,0,No fault,-14.6660,0.0586
2026-08-12T12:03:37.514266,1786529017.514266,24.056536,2656,-55.791128,1,-10.2400,-1313,-0.1209,28,0,No fault,1,4.6009,-1067,-0.0916,27,0,No fault,-14.8409,-0.0293
2026-08-12T12:03:37.523922,1786529017.523922,24.066201,2657,-55.593749,1,-11.0924,-1243,-0.0842,28,0,No fault,1,4.0107,-1102,-0.0842,27,0,No fault,-15.1031,0.0000
2026-08-12T12:03:37.532759,1786529017.532759,24.075009,2658,-55.317541,1,-11.7481,-855,-0.0403,28,0,No fault,1,3.0490,-961,-0.0549,27,0,No fault,-14.7971,0.0147
2026-08-12T12:03:37.539980,1786529017.539980,24.082242,2659,-55.058884,1,-12.2945,-926,-0.0842,28,0,No fault,1,2.8523,-890,-0.0403,27,0,No fault,-15.1469,-0.0440
2026-08-12T12:03:37.548138,1786529017.548138,24.090396,2660,-54.835972,1,-13.4748,-978,-0.0623,28,0,No fault,1,2.0436,-926,-0.0330,27,0,No fault,-15.5184,-0.0293
2026-08-12T12:03:37.555220,1786529017.555220,24.097479,2661,-54.583573,1,-13.8027,-996,-0.1282,28,0,No fault,1,1.2349,-573,-0.0842,27,0,No fault,-15.0376,-0.0440
2026-08-12T12:03:37.563948,1786529017.563948,24.106212,2662,-54.363343,1,-14.6332,-855,-0.0769,27,0,No fault,1,0.8633,-608,-0.0769,27,0,No fault,-15.4966,0.0000
2026-08-12T12:03:37.570668,1786529017.570668,24.112925,2663,-54.080433,1,-15.1141,-837,-0.0403,27,0,No fault,1,0.5792,-978,-0.1282,27,0,No fault,-15.6933,0.0879
2026-08-12T12:03:37.579420,1786529017.579420,24.121774,2664,-53.859896,1,-16.7533,-1155,-0.0696,28,0,No fault,1,-0.0984,-520,0.0696,27,0,No fault,-16.6550,-0.1392
2026-08-12T12:03:37.586316,1786529017.586316,24.128577,2665,-53.561442,1,-17.1468,-1243,-0.0623,28,0,No fault,1,-0.4262,-926,-0.3114,27,0,No fault,-16.7206,0.2491
2026-08-12T12:03:37.595506,1786529017.595506,24.137769,2666,-53.329289,1,-18.2178,-1014,-0.0842,28,0,No fault,1,-1.4753,-1084,-0.0696,27,0,No fault,-16.7424,-0.0147
2026-08-12T12:03:37.602360,1786529017.602360,24.144616,2667,-53.007918,1,-18.6549,-1084,-0.0916,28,0,No fault,1,-1.6721,-1366,-0.0769,27,0,No fault,-16.9828,-0.0147
2026-08-12T12:03:37.612419,1786529017.612419,24.154703,2668,-52.760645,1,-19.9226,-820,-0.0183,28,0,No fault,1,-2.4808,-820,-0.0842,27,0,No fault,-17.4418,0.0659
2026-08-12T12:03:37.620776,1786529017.620776,24.163052,2669,-52.396272,1,-20.4253,-1067,-0.1062,28,0,No fault,1,-3.4425,-1137,-0.0769,27,0,No fault,-16.9828,-0.0293
2026-08-12T12:03:37.627718,1786529017.627718,24.169985,2670,-52.087175,1,-20.8187,-1014,-0.0842,28,0,No fault,1,-3.7485,-1296,-0.0989,27,0,No fault,-17.0703,0.0147
2026-08-12T12:03:37.637367,1786529017.637367,24.179628,2671,-51.739642,1,-21.6056,-978,-0.0623,28,0,No fault,1,-4.6227,-1084,-0.2088,27,0,No fault,-16.9828,0.1465
2026-08-12T12:03:37.646379,1786529017.646379,24.188635,2672,-51.457499,1,-22.0864,-996,-0.0623,28,0,No fault,1,-5.3003,-767,-0.0549,27,0,No fault,-16.7861,-0.0073
2026-08-12T12:03:37.653207,1786529017.653207,24.195457,2673,-51.105463,1,-22.8296,-926,-0.0916,28,0,No fault,1,-5.8249,-767,-0.0916,27,0,No fault,-17.0047,0.0000
2026-08-12T12:03:37.661782,1786529017.661782,24.204034,2674,-50.833272,1,-23.7039,-1208,-0.0769,28,0,No fault,1,-6.5680,-1225,-0.0110,27,0,No fault,-17.1358,-0.0659
2026-08-12T12:03:37.668286,1786529017.668286,24.210542,2675,-50.487404,1,-23.9661,-996,-0.0476,28,0,No fault,1,-7.0489,-1172,-0.1209,27,0,No fault,-16.9173,0.0733
2026-08-12T12:03:37.677434,1786529017.677434,24.219729,2676,-50.218877,1,-24.3158,-767,-0.0623,28,0,No fault,1,-7.7046,-1031,-0.0623,27,0,No fault,-16.6113,0.0000
2026-08-12T12:03:37.709535,1786529017.709535,24.251799,2677,-49.835803,1,-26.0644,-1102,-0.0476,28,0,No fault,1,-9.8684,-943,-0.0769,27,0,No fault,-16.1960,0.0293
2026-08-12T12:03:37.720236,1786529017.720236,24.262484,2678,-48.442969,1,-28.0097,-714,-0.0330,28,0,No fault,1,-11.0050,-1119,-0.0842,27,0,No fault,-17.0047,0.0513
2026-08-12T12:03:37.730450,1786529017.730450,24.272698,2679,-47.971458,1,-28.5124,-908,-0.0549,28,0,No fault,1,-11.7262,-1172,-0.0549,27,0,No fault,-16.7861,0.0000
2026-08-12T12:03:37.740560,1786529017.740560,24.282800,2680,-47.505985,1,-28.9932,-855,-0.0769,28,0,No fault,1,-12.4257,-1261,-0.1062,27,0,No fault,-16.5676,0.0293
2026-08-12T12:03:37.747081,1786529017.747081,24.289330,2681,-47.034083,1,-29.5178,-679,-0.0476,28,0,No fault,1,-12.8191,-1049,-0.0916,27,0,No fault,-16.6987,0.0440
2026-08-12T12:03:37.755812,1786529017.755812,24.298051,2682,-46.729752,1,-29.7801,-679,-0.0256,28,0,No fault,1,-13.9994,-1014,-0.0989,27,0,No fault,-15.7807,0.0733
2026-08-12T12:03:37.762231,1786529017.762231,24.304473,2683,-46.315574,1,-30.2609,-643,-0.0842,28,0,No fault,1,-14.1305,-820,-0.0476,27,0,No fault,-16.1304,-0.0366
2026-08-12T12:03:37.771064,1786529017.771064,24.313300,2684,-46.006288,1,-30.5669,-908,-0.1648,28,0,No fault,1,-14.6332,-855,-0.0769,27,0,No fault,-15.9337,-0.0879
2026-08-12T12:03:37.777319,1786529017.777319,24.319555,2685,-45.577065,1,-31.0915,-1137,-0.1282,28,0,No fault,1,-14.9611,-926,-0.0256,27,0,No fault,-16.1304,-0.1026
2026-08-12T12:03:37.786377,1786529017.786377,24.328630,2686,-45.267287,1,-32.0095,-890,-0.0989,28,0,No fault,1,-16.2069,-890,-0.0989,27,0,No fault,-15.8026,0.0000
2026-08-12T12:03:37.793175,1786529017.793175,24.335416,2687,-44.812804,1,-32.8619,-1243,-0.0769,28,0,No fault,1,-16.4911,-837,-0.1575,27,0,No fault,-16.3708,0.0806
2026-08-12T12:03:37.801833,1786529017.801833,24.344083,2688,-44.473187,1,-33.1460,-908,-0.0623,28,0,No fault,1,-17.1905,-1084,-0.0916,27,0,No fault,-15.9556,0.0293
2026-08-12T12:03:37.808346,1786529017.808346,24.350598,2689,-44.032862,1,-34.4575,-1067,-0.0549,28,0,No fault,1,-17.7369,-1137,-0.0842,27,0,No fault,-16.7206,0.0293
2026-08-12T12:03:37.817209,1786529017.817209,24.359479,2690,-43.697195,1,-34.6323,-908,-0.0769,28,0,No fault,1,-18.8298,-1155,-0.0549,27,0,No fault,-15.8026,-0.0220
2026-08-12T12:03:37.827294,1786529017.827294,24.369539,2691,-43.224475,1,-35.5940,-696,-0.0989,28,0,No fault,1,-20.1193,-1067,-0.0183,27,0,No fault,-15.4747,-0.0806
2026-08-12T12:03:37.833970,1786529017.833970,24.376216,2692,-42.708680,1,-35.9874,-1208,-0.1209,28,0,No fault,1,-20.4472,-996,-0.1868,27,0,No fault,-15.5403,0.0659
2026-08-12T12:03:37.842998,1786529017.842998,24.385251,2693,-42.352691,1,-36.6432,-855,-0.0769,28,0,No fault,1,-21.4526,-1084,-0.0549,27,0,No fault,-15.1906,-0.0220
2026-08-12T12:03:37.849595,1786529017.849595,24.391834,2694,-41.863526,1,-36.9492,-785,-0.0403,28,0,No fault,1,-21.6274,-908,-0.0696,27,0,No fault,-15.3217,0.0293
2026-08-12T12:03:37.858297,1786529017.858297,24.400537,2695,-41.509006,1,-37.5830,-1014,-0.1136,28,0,No fault,1,-22.5454,-961,-0.0403,27,0,No fault,-15.0376,-0.0733
2026-08-12T12:03:37.864690,1786529017.864690,24.406942,2696,-41.032718,1,-37.8890,-1067,-0.0549,28,0,No fault,1,-22.7203,-855,-0.0476,27,0,No fault,-15.1687,-0.0073
2026-08-12T12:03:37.873604,1786529017.873604,24.415851,2697,-40.671948,1,-38.4791,-749,-0.0623,28,0,No fault,1,-23.5946,-1084,-0.0696,27,0,No fault,-14.8846,0.0073
2026-08-12T12:03:37.879922,1786529017.879922,24.422158,2698,-40.181802,1,-38.7851,-785,-0.0403,28,0,No fault,1,-23.9006,-943,-0.0842,27,0,No fault,-14.8846,0.0440
2026-08-12T12:03:37.906870,1786529017.906870,24.449184,2699,-39.829345,1,-39.9436,-732,-0.1209,28,0,No fault,1,-25.7584,-978,-0.1062,27,0,No fault,-14.1852,-0.0147
2026-08-12T12:03:37.917152,1786529017.917152,24.459400,2700,-38.272372,1,-40.3588,-626,-0.1062,28,0,No fault,1,-26.5015,-855,-0.1282,27,0,No fault,-13.8573,0.0220
2026-08-12T12:03:37.927372,1786529017.927372,24.469641,2701,-37.661992,1,-41.2987,-978,-0.0403,28,0,No fault,1,-27.1791,-978,-0.0696,27,0,No fault,-14.1196,0.0293
2026-08-12T12:03:37.933977,1786529017.933977,24.476229,2702,-37.078933,1,-41.5610,-714,-0.0842,28,0,No fault,1,-27.5725,-1137,-0.0256,27,0,No fault,-13.9884,-0.0586
2026-08-12T12:03:37.942968,1786529017.942968,24.485263,2703,-36.679929,1,-42.1730,-643,-0.0842,28,0,No fault,1,-28.7528,-696,-0.0696,27,0,No fault,-13.4202,-0.0147
2026-08-12T12:03:37.952958,1786529017.952958,24.495238,2704,-36.139638,1,-42.6975,-820,-0.0842,28,0,No fault,1,-29.1899,-908,-0.1062,27,0,No fault,-13.5076,0.0220
2026-08-12T12:03:37.960208,1786529017.960208,24.502460,2705,-35.539938,1,-43.3095,-643,-0.0403,28,0,No fault,1,-29.4085,-943,-0.0916,27,0,No fault,-13.9010,0.0513
2026-08-12T12:03:37.968498,1786529017.968498,24.510766,2706,-35.097885,1,-43.5500,-890,-0.0476,28,0,No fault,1,-30.0424,-996,-0.4359,27,0,No fault,-13.5076,0.3883
2026-08-12T12:03:37.976175,1786529017.976175,24.518433,2707,-34.586916,1,-44.1401,-661,-0.1062,28,0,No fault,1,-30.3484,-502,-0.0256,27,0,No fault,-13.7917,-0.0806
2026-08-12T12:03:37.983908,1786529017.983908,24.526156,2708,-34.117387,1,-44.4242,-661,-0.0989,28,0,No fault,1,-31.0259,-855,-0.0110,27,0,No fault,-13.3983,-0.0879
2026-08-12T12:03:37.990896,1786529017.990896,24.533144,2709,-33.638744,1,-44.7302,-555,-0.0916,28,0,No fault,1,-31.2882,-978,-0.1062,27,0,No fault,-13.4420,0.0147
2026-08-12T12:03:37.999838,1786529017.999838,24.542086,2710,-33.198824,1,-45.2329,-785,-0.0769,28,0,No fault,1,-32.0095,-1172,-0.0623,27,0,No fault,-13.2234,-0.0147
2026-08-12T12:03:38.006668,1786529018.006668,24.548960,2711,-32.632128,1,-45.4078,-978,-0.0696,27,0,No fault,1,-32.3592,-1366,-0.0916,27,0,No fault,-13.0486,0.0220
2026-08-12T12:03:38.015416,1786529018.015416,24.557671,2712,-32.173228,1,-45.9979,-908,-0.0842,28,0,No fault,1,-33.2335,-1225,-0.0549,27,0,No fault,-12.7645,-0.0293
2026-08-12T12:03:38.022559,1786529018.022559,24.564811,2713,-31.645475,1,-46.5881,-679,-0.0696,28,0,No fault,1,-33.7143,-1067,-0.1209,27,0,No fault,-12.8737,0.0513
2026-08-12T12:03:38.030732,1786529018.030732,24.572979,2714,-31.182626,1,-46.7192,-767,-0.0623,28,0,No fault,1,-34.3482,-1049,-0.1429,27,0,No fault,-12.3710,0.0806
2026-08-12T12:03:38.037414,1786529018.037414,24.579705,2715,-30.659501,1,-46.9596,-520,-0.0623,28,0,No fault,1,-34.6979,-1067,-0.0623,27,0,No fault,-12.2617,0.0000
2026-08-12T12:03:38.046656,1786529018.046656,24.588902,2716,-30.215790,1,-47.4186,-361,-0.0842,28,0,No fault,1,-35.3317,-908,-0.1209,27,0,No fault,-12.0869,0.0366
2026-08-12T12:03:38.053214,1786529018.053214,24.595462,2717,-29.623133,1,-47.6809,-696,-0.0769,28,0,No fault,1,-35.6815,-1014,-0.0696,27,0,No fault,-11.9995,-0.0073
2026-08-12T12:03:38.062046,1786529018.062046,24.604296,2718,-29.173783,1,-48.1399,-591,-0.1136,28,0,No fault,1,-36.3153,-802,-0.0769,27,0,No fault,-11.8246,-0.0366
2026-08-12T12:03:38.068811,1786529018.068811,24.611062,2719,-28.607833,1,-48.6645,-643,-0.0989,28,0,No fault,1,-36.6432,-1208,-0.1062,27,0,No fault,-12.0213,0.0073
2026-08-12T12:03:38.077709,1786529018.077709,24.619974,2720,-28.157576,1,-48.7738,-450,-0.0916,28,0,No fault,1,-37.2114,-679,-0.1062,27,0,No fault,-11.5623,0.0147
2026-08-12T12:03:38.087705,1786529018.087705,24.629986,2721,-27.547511,1,-49.0142,-1225,-0.0989,28,0,No fault,1,-37.8890,-855,-0.0696,27,0,No fault,-11.1252,-0.0293
2026-08-12T12:03:38.115116,1786529018.115116,24.657416,2722,-26.885545,1,-50.0415,-714,-0.0549,28,0,No fault,1,-39.0256,-714,-0.0623,27,0,No fault,-11.0159,0.0073
2026-08-12T12:03:38.122675,1786529018.122675,24.664934,2723,-25.015695,1,-50.5223,-573,-0.0623,28,0,No fault,1,-39.3316,-520,-0.0623,27,0,No fault,-11.1908,0.0000
2026-08-12T12:03:38.131075,1786529018.131075,24.673349,2724,-24.502398,1,-50.6972,-467,-0.1136,28,0,No fault,1,-39.9217,-591,-0.0403,27,0,No fault,-10.7755,-0.0733
2026-08-12T12:03:38.137878,1786529018.137878,24.680122,2725,-23.926004,1,-50.8939,-608,-0.0989,28,0,No fault,1,-40.1840,-714,-0.0549,27,0,No fault,-10.7099,-0.0440
2026-08-12T12:03:38.146737,1786529018.146737,24.689005,2726,-23.461592,1,-51.5277,-520,-0.0842,28,0,No fault,1,-41.1457,-732,-0.0842,27,0,No fault,-10.3820,0.0000
2026-08-12T12:03:38.157048,1786529018.157048,24.699311,2727,-22.720844,1,-52.0086,-450,-0.0549,28,0,No fault,1,-41.5610,-961,-0.1502,27,0,No fault,-10.4476,0.0952
2026-08-12T12:03:38.163812,1786529018.163812,24.706055,2728,-22.115374,1,-52.2927,-608,-0.1282,28,0,No fault,1,-41.8451,-1049,-0.0769,27,0,No fault,-10.4476,-0.0513
2026-08-12T12:03:38.172453,1786529018.172453,24.714707,2729,-21.640169,1,-52.5332,-573,-0.1136,28,0,No fault,1,-42.5445,-943,-0.1062,27,0,No fault,-9.9886,-0.0073
2026-08-12T12:03:38.179030,1786529018.179030,24.721274,2730,-21.033864,1,-52.8173,-309,-0.0989,28,0,No fault,1,-42.6757,-502,-0.1282,27,0,No fault,-10.1416,0.0293
2026-08-12T12:03:38.187729,1786529018.187729,24.729970,2731,-20.563000,1,-53.0577,-450,-0.0916,28,0,No fault,1,-43.2877,-696,-0.0769,27,0,No fault,-9.7701,-0.0147
2026-08-12T12:03:38.194206,1786529018.194206,24.736460,2732,-19.956269,1,-53.1670,-485,-0.0916,28,0,No fault,1,-43.6592,-767,-0.0842,27,0,No fault,-9.5078,-0.0073
2026-08-12T12:03:38.203007,1786529018.203007,24.745252,2733,-19.478697,1,-53.5604,-414,-0.0623,28,0,No fault,1,-44.0964,-732,-0.0623,27,0,No fault,-9.4641,0.0000
2026-08-12T12:03:38.209476,1786529018.209476,24.751717,2734,-18.865995,1,-53.6916,-414,-0.0696,28,0,No fault,1,-44.4242,-573,-0.0696,27,0,No fault,-9.2673,0.0000
2026-08-12T12:03:38.218256,1786529018.218256,24.760502,2735,-18.399256,1,-54.0631,-309,-0.0403,28,0,No fault,1,-44.8832,-485,-0.0696,27,0,No fault,-9.1799,0.0293
2026-08-12T12:03:38.224747,1786529018.224747,24.767009,2736,-17.770582,1,-54.1724,-432,-0.0476,28,0,No fault,1,-45.1455,-661,-0.1209,27,0,No fault,-9.0269,0.0733
2026-08-12T12:03:38.233807,1786529018.233807,24.776054,2737,-17.284232,1,-54.4347,-502,-0.0549,27,0,No fault,1,-45.7138,-732,-0.1062,27,0,No fault,-8.7209,0.0513
2026-08-12T12:03:38.240296,1786529018.240296,24.782540,2738,-16.646980,1,-54.6096,-450,-0.0989,28,0,No fault,1,-45.9105,-643,-0.0916,27,0,No fault,-8.6991,-0.0073
2026-08-12T12:03:38.249399,1786529018.249399,24.791642,2739,-16.168661,1,-55.0467,-502,-0.0696,28,0,No fault,1,-46.5006,-732,-0.1136,27,0,No fault,-8.5461,0.0440
2026-08-12T12:03:38.255834,1786529018.255834,24.798080,2740,-15.514413,1,-55.1778,-414,-0.0696,28,0,No fault,1,-46.6755,-608,-0.1136,27,0,No fault,-8.5023,0.0440
2026-08-12T12:03:38.264780,1786529018.264780,24.807024,2741,-15.020092,1,-55.4620,-450,-0.0476,28,0,No fault,1,-47.1563,-520,-0.1136,27,0,No fault,-8.3056,0.0659
2026-08-12T12:03:38.271148,1786529018.271148,24.813396,2742,-14.393316,1,-55.5931,-326,-0.0696,28,0,No fault,1,-47.3968,-608,-0.0769,27,0,No fault,-8.1964,0.0073
2026-08-12T12:03:38.280147,1786529018.280147,24.822396,2743,-13.926292,1,-55.8554,-238,-0.0403,28,0,No fault,1,-47.8339,-643,-0.1209,27,0,No fault,-8.0215,0.0806
2026-08-12T12:03:38.286550,1786529018.286550,24.828793,2744,-13.265458,1,-56.0084,-344,-0.0476,28,0,No fault,1,-48.0525,-555,-0.0623,27,0,No fault,-7.9559,0.0147
2026-08-12T12:03:38.295558,1786529018.295558,24.837810,2745,-12.795067,1,-56.1614,-432,-0.0549,28,0,No fault,1,-48.5552,-538,-0.0842,27,0,No fault,-7.6062,0.0293
2026-08-12T12:03:38.322995,1786529018.322995,24.865260,2746,-12.126835,1,-56.7734,-485,-0.0476,28,0,No fault,1,-49.6262,-749,-0.0476,27,0,No fault,-7.1472,0.0000
2026-08-12T12:03:38.329635,1786529018.329635,24.871879,2747,-10.083924,1,-57.0357,-273,-0.1062,28,0,No fault,1,-49.8229,-520,-0.0769,27,0,No fault,-7.2128,-0.0293
2026-08-12T12:03:38.338818,1786529018.338818,24.881070,2748,-9.602756,1,-57.1668,-203,-0.1062,28,0,No fault,1,-50.3693,-326,-0.1062,27,0,No fault,-6.7975,0.0000
2026-08-12T12:03:38.348926,1786529018.348926,24.891182,2749,-8.913364,1,-57.4510,-326,-0.0989,28,0,No fault,1,-50.6316,-520,-0.1502,27,0,No fault,-6.8194,0.0513
2026-08-12T12:03:38.355948,1786529018.355948,24.898204,2750,-8.159131,1,-57.6258,-361,-0.0623,28,0,No fault,1,-50.7409,-432,-0.1355,27,0,No fault,-6.8849,0.0733
2026-08-12T12:03:38.364221,1786529018.364221,24.906469,2751,-7.616003,1,-57.7132,-361,-0.0916,28,0,No fault,1,-51.1343,-485,-0.0842,27,0,No fault,-6.5789,-0.0073
2026-08-12T12:03:38.371125,1786529018.371125,24.913383,2752,-7.016964,1,-57.7788,-132,-0.0916,28,0,No fault,1,-51.3310,-326,-0.1209,27,0,No fault,-6.4478,0.0293
2026-08-12T12:03:38.380418,1786529018.380418,24.922690,2753,-6.476481,1,-57.9537,-79,-0.0696,28,0,No fault,1,-51.7026,-379,-0.0916,27,0,No fault,-6.2511,0.0220
2026-08-12T12:03:38.390715,1786529018.390715,24.932978,2754,-5.796958,1,-58.0848,-309,-0.0842,28,0,No fault,1,-52.2053,-802,-0.1136,27,0,No fault,-5.8795,0.0293
2026-08-12T12:03:38.398584,1786529018.398584,24.940834,2755,-5.024201,1,-58.2378,-220,-0.0330,28,0,No fault,1,-52.4676,-238,-0.0916,27,0,No fault,-5.7702,0.0586
2026-08-12T12:03:38.406014,1786529018.406014,24.948259,2756,-4.441037,1,-58.3034,-132,-0.0403,28,0,No fault,1,-52.7299,-485,-0.0989,27,0,No fault,-5.5735,0.0586
2026-08-12T12:03:38.412772,1786529018.412772,24.955017,2757,-3.883188,1,-58.4345,44,-0.0476,28,0,No fault,1,-52.8610,-591,-0.0330,27,0,No fault,-5.5735,-0.0147
2026-08-12T12:03:38.421495,1786529018.421495,24.963760,2758,-3.374659,1,-58.5220,-485,-0.0549,28,0,No fault,1,-53.2763,-502,-0.0696,27,0,No fault,-5.2457,0.0147
2026-08-12T12:03:38.428558,1786529018.428558,24.970807,2759,-2.710968,1,-58.6312,-256,-0.0549,28,0,No fault,1,-53.4511,-643,-0.0769,27,0,No fault,-5.1801,0.0220
2026-08-12T12:03:38.436744,1786529018.436744,24.978998,2760,-2.184728,1,-58.6750,-203,-0.0769,28,0,No fault,1,-53.7790,-450,-0.0842,27,0,No fault,-4.8960,0.0073
2026-08-12T12:03:38.443744,1786529018.443744,24.986004,2761,-1.557299,1,-58.7405,-115,-0.0916,28,0,No fault,1,-53.9539,-220,-0.0769,27,0,No fault,-4.7867,-0.0147
2026-08-12T12:03:38.452217,1786529018.452217,24.994463,2762,-1.034117,1,-58.8498,-256,-0.0842,28,0,No fault,1,-54.2380,-643,-0.0696,27,0,No fault,-4.6118,-0.0147
2026-08-12T12:03:38.458806,1786529018.458806,25.001055,2763,-0.403048,1,-58.8717,-326,-0.0696,28,0,No fault,1,-54.4347,-502,-0.0549,27,0,No fault,-4.4370,-0.0147
2026-08-12T12:03:38.468258,1786529018.468258,25.010513,2764,0.097533,1,-58.9591,79,-0.0403,28,0,No fault,1,-54.6970,-467,-0.0623,27,0,No fault,-4.2621,0.0220
2026-08-12T12:03:38.475266,1786529018.475266,25.017546,2765,0.811209,1,-59.0247,-44,-0.0549,28,0,No fault,1,-54.7844,-167,-0.0989,27,0,No fault,-4.2402,0.0440
2026-08-12T12:03:38.483802,1786529018.483802,25.026053,2766,1.337143,1,-59.0465,-97,-0.0769,28,0,No fault,1,-55.1123,-450,-0.0842,27,0,No fault,-3.9342,0.0073
2026-08-12T12:03:38.490513,1786529018.490513,25.032761,2767,1.981576,1,-59.1339,-238,-0.0549,28,0,No fault,1,-55.1997,-309,-0.1062,27,0,No fault,-3.9342,0.0513
2026-08-12T12:03:38.499491,1786529018.499491,25.041741,2768,2.485240,1,-59.1777,9,-0.0476,28,0,No fault,1,-55.5276,-555,-0.1062,27,0,No fault,-3.6501,0.0586
2026-08-12T12:03:38.524184,1786529018.524184,25.066463,2769,3.162510,1,-59.2214,-485,-0.0549,28,0,No fault,1,-56.0521,-62,-0.0476,27,0,No fault,-3.1693,-0.0073
2026-08-12T12:03:38.534608,1786529018.534608,25.076875,2770,5.036046,1,-59.2214,26,-0.0476,28,0,No fault,1,-56.3800,-467,-0.0769,27,0,No fault,-2.8414,0.0293
2026-08-12T12:03:38.541571,1786529018.541571,25.083834,2771,5.817912,1,-59.2432,-79,-0.0256,28,0,No fault,1,-56.4237,-485,-0.0842,27,0,No fault,-2.8195,0.0586
2026-08-12T12:03:38.550295,1786529018.550295,25.092551,2772,6.327849,1,-59.2432,-62,-0.0183,28,0,No fault,1,-56.7297,-608,-0.0696,27,0,No fault,-2.5135,0.0513
2026-08-12T12:03:38.556937,1786529018.556937,25.099189,2773,6.978944,1,-59.2432,-62,-0.0183,28,0,No fault,1,-56.8171,-397,-0.0842,27,0,No fault,-2.4261,0.0659
2026-08-12T12:03:38.565807,1786529018.565807,25.108055,2774,7.479813,1,-59.2432,-167,-0.0110,28,0,No fault,1,-57.0138,-450,-0.0623,27,0,No fault,-2.2294,0.0513
2026-08-12T12:03:38.572583,1786529018.572583,25.114827,2775,8.138914,1,-59.2214,26,-0.0037,28,0,No fault,1,-57.1450,-79,-0.0696,27,0,No fault,-2.0764,0.0659
2026-08-12T12:03:38.581211,1786529018.581211,25.123457,2776,8.643772,1,-59.2214,-62,0.0183,28,0,No fault,1,-57.3198,-203,-0.0769,27,0,No fault,-1.9016,0.0952
2026-08-12T12:03:38.588022,1786529018.588022,25.130263,2777,9.289413,1,-59.1995,256,0.0256,28,0,No fault,1,-57.4510,-291,-0.0549,27,0,No fault,-1.7486,0.0806
2026-08-12T12:03:38.596585,1786529018.596585,25.138824,2778,9.802321,1,-59.1995,-115,0.0476,28,0,No fault,1,-57.6040,-309,-0.0989,27,0,No fault,-1.5956,0.1465
2026-08-12T12:03:38.602973,1786529018.602973,25.145236,2779,10.427053,1,-59.1777,220,-0.0183,28,0,No fault,1,-57.6914,-344,-0.0842,27,0,No fault,-1.4863,0.0659
2026-08-12T12:03:38.612303,1786529018.612303,25.154566,2780,10.923921,1,-59.1558,-26,0.0549,28,0,No fault,1,-57.8662,-326,-0.0476,27,0,No fault,-1.2896,0.1026
2026-08-12T12:03:38.619335,1786529018.619335,25.161576,2781,11.608358,1,-59.1339,-220,0.0549,28,0,No fault,1,-57.9537,-397,-0.0916,27,0,No fault,-1.1803,0.1465
2026-08-12T12:03:38.627966,1786529018.627966,25.170217,2782,12.113567,1,-59.0902,185,0.0769,28,0,No fault,1,-58.1067,-467,-0.0842,27,0,No fault,-0.9836,0.1612
2026-08-12T12:03:38.634970,1786529018.634970,25.177211,2783,12.753279,1,-58.8935,238,0.0037,27,0,No fault,1,-58.1722,-167,-0.1062,27,0,No fault,-0.7213,0.1099
2026-08-12T12:03:38.643590,1786529018.643590,25.185846,2784,13.269791,1,-59.0247,-167,0.0989,28,0,No fault,1,-58.2815,9,-0.0769,27,0,No fault,-0.7431,0.1758
2026-08-12T12:03:38.650520,1786529018.650520,25.192769,2785,13.901902,1,-58.9154,238,0.0989,28,0,No fault,1,-58.3690,-414,-0.0916,27,0,No fault,-0.5464,0.1905
2026-08-12T12:03:38.658792,1786529018.658792,25.201034,2786,14.448949,1,-58.8935,167,0.0989,28,0,No fault,1,-58.4782,-115,-0.0623,27,0,No fault,-0.4153,0.1612
2026-08-12T12:03:38.664962,1786529018.664962,25.207206,2787,15.008572,1,-58.8717,-97,0.0989,28,0,No fault,1,-58.5438,-150,-0.0623,27,0,No fault,-0.3279,0.1612
2026-08-12T12:03:38.674120,1786529018.674120,25.216370,2788,15.460235,1,-58.7405,185,0.0696,28,0,No fault,1,-58.6312,-132,-0.1062,27,0,No fault,-0.1093,0.1758
2026-08-12T12:03:38.680342,1786529018.680342,25.222590,2789,16.128416,1,-58.6968,62,0.0696,28,0,No fault,1,-58.6750,-273,-0.0696,27,0,No fault,-0.0219,0.1392
2026-08-12T12:03:38.686966,1786529018.686966,25.229216,2790,16.579040,1,-58.4345,-9,0.0696,28,0,No fault,1,-58.7405,-62,-0.0989,27,0,No fault,0.3060,0.1685
2026-08-12T12:03:38.695071,1786529018.695071,25.237336,2791,17.070803,1,-58.3908,9,0.0696,28,0,No fault,1,-58.8061,-150,-0.0842,27,0,No fault,0.4153,0.1538
2026-08-12T12:03:38.702029,1786529018.702029,25.244278,2792,17.647421,1,-58.3471,220,0.0696,28,0,No fault,1,-58.8061,361,-0.1136,27,0,No fault,0.4590,0.1832
2026-08-12T12:03:38.730480,1786529018.730480,25.272802,2793,18.149327,1,-58.1285,379,0.1209,28,0,No fault,1,-58.9591,-97,-0.1282,27,0,No fault,0.8306,0.2491
2026-08-12T12:03:38.738801,1786529018.738801,25.281065,2794,20.202653,1,-57.7788,309,0.0916,27,0,No fault,1,-59.0247,-132,-0.0989,27,0,No fault,1.2458,0.1905
2026-08-12T12:03:38.749030,1786529018.749030,25.291298,2795,20.789165,1,-57.7351,273,0.0623,28,0,No fault,1,-59.0465,-26,-0.1209,27,0,No fault,1.3114,0.1832
2026-08-12T12:03:38.759207,1786529018.759207,25.301454,2796,21.496981,1,-57.5165,167,0.0476,28,0,No fault,1,-59.0684,-167,-0.0989,27,0,No fault,1.5518,0.1465
2026-08-12T12:03:38.769519,1786529018.769519,25.311783,2797,22.205024,1,-57.1887,273,0.0842,27,0,No fault,1,-59.0902,-361,-0.0623,27,0,No fault,1.9016,0.1465
2026-08-12T12:03:38.779651,1786529018.779651,25.321899,2798,22.928637,1,-57.1668,291,0.0403,28,0,No fault,1,-59.0902,-379,-0.0696,27,0,No fault,1.9234,0.1099
2026-08-12T12:03:38.786245,1786529018.786245,25.328497,2799,23.629470,1,-57.0357,397,0.0330,28,0,No fault,1,-59.1121,-467,-0.0769,27,0,No fault,2.0764,0.1099
2026-08-12T12:03:38.795012,1786529018.795012,25.337257,2800,24.085768,1,-56.8827,238,0.1062,27,0,No fault,1,-59.0902,-62,-0.0476,27,0,No fault,2.2076,0.1538
2026-08-12T12:03:38.801652,1786529018.801652,25.343904,2801,24.694307,1,-56.6641,344,0.0769,28,0,No fault,1,-59.0684,-9,-0.0842,27,0,No fault,2.4043,0.1612
2026-08-12T12:03:38.810341,1786529018.810341,25.352584,2802,25.145267,1,-56.4237,44,0.0696,28,0,No fault,1,-59.0684,26,-0.0256,27,0,No fault,2.6447,0.0952
2026-08-12T12:03:38.816830,1786529018.816830,25.359082,2803,25.735799,1,-56.2707,79,0.0476,28,0,No fault,1,-59.0684,-79,-0.0549,27,0,No fault,2.7977,0.1026
2026-08-12T12:03:38.825787,1786529018.825787,25.368038,2804,26.195617,1,-56.0084,344,0.0769,28,0,No fault,1,-59.0465,132,-0.0110,27,0,No fault,3.0381,0.0879
2026-08-12T12:03:38.832431,1786529018.832431,25.374684,2805,26.787097,1,-55.8336,361,0.1136,28,0,No fault,1,-59.0465,-167,0.0037,27,0,No fault,3.2130,0.1099
2026-08-12T12:03:38.841415,1786529018.841415,25.383704,2806,27.233359,1,-55.6150,502,0.0989,28,0,No fault,1,-59.0247,-132,-0.0330,27,0,No fault,3.4097,0.1319
2026-08-12T12:03:38.848148,1786529018.848148,25.390391,2807,27.837654,1,-55.3527,344,0.0769,28,0,No fault,1,-59.0028,220,0.0110,27,0,No fault,3.6501,0.0659
2026-08-12T12:03:38.856793,1786529018.856793,25.399042,2808,28.282779,1,-55.1778,309,0.1062,28,0,No fault,1,-58.9591,97,-0.0110,27,0,No fault,3.7813,0.1172
2026-08-12T12:03:38.863596,1786529018.863596,25.405839,2809,28.856337,1,-54.8937,450,0.0916,28,0,No fault,1,-58.9591,-79,0.0330,27,0,No fault,4.0654,0.0586
2026-08-12T12:03:38.872150,1786529018.872150,25.414401,2810,29.303247,1,-54.6533,538,0.0549,27,0,No fault,1,-58.8935,238,0.0037,27,0,No fault,4.2402,0.0513
2026-08-12T12:03:38.879034,1786529018.879034,25.421279,2811,29.877806,1,-54.4128,520,0.0916,28,0,No fault,1,-58.8717,-185,-0.0037,27,0,No fault,4.4588,0.0952
2026-08-12T12:03:38.887786,1786529018.887786,25.430043,2812,30.318604,1,-54.1943,450,0.0769,28,0,No fault,1,-58.8061,273,0.0476,27,0,No fault,4.6118,0.0293
2026-08-12T12:03:38.897962,1786529018.897962,25.440220,2813,30.888739,1,-53.6479,414,0.0476,28,0,No fault,1,-58.7187,502,0.0916,27,0,No fault,5.0708,-0.0440
2026-08-12T12:03:38.905017,1786529018.905017,25.447272,2814,31.542762,1,-53.4511,273,0.0696,28,0,No fault,1,-58.7187,-132,0.0549,27,0,No fault,5.2675,0.0147
2026-08-12T12:03:38.933117,1786529018.933117,25.475419,2815,31.991540,1,-53.0577,432,0.0549,28,0,No fault,1,-58.4564,-238,0.0330,27,0,No fault,5.3987,0.0220
2026-08-12T12:03:38.943747,1786529018.943747,25.486009,2816,33.782727,1,-52.5332,273,0.0549,28,0,No fault,1,-58.2160,220,0.0623,27,0,No fault,5.6828,-0.0073
2026-08-12T12:03:38.953601,1786529018.953601,25.495860,2817,34.431127,1,-52.1179,643,0.0330,28,0,No fault,1,-58.1504,344,0.0549,27,0,No fault,6.0325,-0.0220
2026-08-12T12:03:38.962238,1786529018.962238,25.504492,2818,35.029738,1,-51.7244,397,0.0476,28,0,No fault,1,-58.1285,44,0.0549,27,0,No fault,6.4041,-0.0073
2026-08-12T12:03:38.968788,1786529018.968788,25.511029,2819,35.555930,1,-51.5277,538,0.1062,28,0,No fault,1,-58.0411,256,0.1502,27,0,No fault,6.5134,-0.0440
2026-08-12T12:03:38.977780,1786529018.977780,25.520037,2820,35.946972,1,-51.2436,591,0.1136,28,0,No fault,1,-57.8881,185,0.0696,27,0,No fault,6.6445,0.0440
2026-08-12T12:03:38.984410,1786529018.984410,25.526656,2821,36.497107,1,-50.8939,608,0.0989,28,0,No fault,1,-57.8225,97,0.0842,27,0,No fault,6.9286,0.0147
2026-08-12T12:03:38.993217,1786529018.993217,25.535475,2822,36.884220,1,-50.6097,591,0.1062,28,0,No fault,1,-57.6040,326,0.0769,27,0,No fault,6.9942,0.0293
2026-08-12T12:03:38.999920,1786529018.999920,25.542174,2823,37.412850,1,-50.4567,432,0.0549,27,0,No fault,1,-57.5384,450,0.0989,27,0,No fault,7.0816,-0.0440
2026-08-12T12:03:39.008637,1786529019.008637,25.550895,2824,37.800348,1,-49.9540,573,0.0989,28,0,No fault,1,-57.2980,291,0.0696,27,0,No fault,7.3439,0.0293
2026-08-12T12:03:39.015365,1786529019.015365,25.557636,2825,38.309079,1,-49.8447,591,0.0696,28,0,No fault,1,-57.1887,273,0.0842,27,0,No fault,7.3439,-0.0147
2026-08-12T12:03:39.024230,1786529019.024230,25.566506,2826,38.699864,1,-49.2983,397,0.0623,28,0,No fault,1,-56.9920,309,0.0769,27,0,No fault,7.6936,-0.0147
2026-08-12T12:03:39.031142,1786529019.031142,25.573400,2827,39.209744,1,-49.1453,767,0.0623,28,0,No fault,1,-56.8827,238,0.1062,27,0,No fault,7.7374,-0.0440
2026-08-12T12:03:39.039953,1786529019.039953,25.582223,2828,39.600224,1,-48.6863,696,0.0696,28,0,No fault,1,-56.6641,238,0.0696,27,0,No fault,7.9778,0.0000
2026-08-12T12:03:39.046674,1786529019.046674,25.588915,2829,40.098583,1,-48.4678,696,0.0549,28,0,No fault,1,-56.5767,344,0.0916,27,0,No fault,8.1089,-0.0366
2026-08-12T12:03:39.055350,1786529019.055350,25.597607,2830,40.477542,1,-47.9651,714,0.0769,27,0,No fault,1,-56.2707,397,0.0476,27,0,No fault,8.3056,0.0293
2026-08-12T12:03:39.062062,1786529019.062062,25.604311,2831,40.959257,1,-47.7246,873,0.0476,28,0,No fault,1,-56.2051,273,0.0989,27,0,No fault,8.4805,-0.0513
2026-08-12T12:03:39.070932,1786529019.070932,25.613215,2832,41.319690,1,-47.2438,732,0.0989,28,0,No fault,1,-55.8554,185,0.0916,27,0,No fault,8.6116,0.0073
2026-08-12T12:03:39.077826,1786529019.077826,25.620097,2833,41.806489,1,-47.0033,785,0.0623,28,0,No fault,1,-55.7898,591,0.1136,27,0,No fault,8.7865,-0.0513
2026-08-12T12:03:39.087500,1786529019.087500,25.629777,2834,42.176576,1,-46.5006,767,0.0769,27,0,No fault,1,-55.4838,485,0.0476,27,0,No fault,8.9832,0.0293
2026-08-12T12:03:39.094587,1786529019.094587,25.636861,2835,42.693007,1,-46.2821,573,0.0989,28,0,No fault,1,-55.3090,432,0.0842,27,0,No fault,9.0269,0.0147
2026-08-12T12:03:39.103356,1786529019.103356,25.645664,2836,43.088933,1,-45.2329,661,0.0476,28,0,No fault,1,-55.0467,432,0.0696,27,0,No fault,9.8138,-0.0220
2026-08-12T12:03:39.113908,1786529019.113908,25.656176,2837,43.529527,1,-45.0144,643,0.0769,28,0,No fault,1,-54.6533,538,0.0549,27,0,No fault,9.6389,0.0220
2026-08-12T12:03:39.137065,1786529019.137065,25.679366,2838,44.066470,1,-44.5335,291,0.0110,28,0,No fault,1,-54.0850,397,0.0549,27,0,No fault,9.5515,-0.0440
2026-08-12T12:03:39.146499,1786529019.146499,25.688765,2839,45.279961,1,-43.7685,714,0.0623,28,0,No fault,1,-53.7353,326,0.0549,27,0,No fault,9.9668,0.0073
2026-08-12T12:03:39.155680,1786529019.155680,25.697939,2840,45.698997,1,-43.3751,749,0.0769,28,0,No fault,1,-53.3200,79,0.0842,27,0,No fault,9.9449,-0.0073
2026-08-12T12:03:39.162286,1786529019.162286,25.704529,2841,46.148256,1,-42.9598,573,0.0989,28,0,No fault,1,-53.1670,467,0.1062,27,0,No fault,10.2072,-0.0073
2026-08-12T12:03:39.171076,1786529019.171076,25.713310,2842,46.457743,1,-42.6538,643,0.0842,28,0,No fault,1,-53.0359,291,0.0842,27,0,No fault,10.3820,0.0000
2026-08-12T12:03:39.176912,1786529019.176912,25.719140,2843,46.870894,1,-41.9763,1137,0.1209,28,0,No fault,1,-52.9047,502,0.2161,27,0,No fault,10.9285,-0.0952
2026-08-12T12:03:39.182745,1786529019.182745,25.724991,2844,47.142041,1,-41.8014,749,0.1136,28,0,No fault,1,-52.7299,256,0.0696,27,0,No fault,10.9285,0.0440
2026-08-12T12:03:39.191455,1786529019.191455,25.733685,2845,47.417234,1,-41.5173,890,0.0916,28,0,No fault,1,-52.3583,538,0.0916,27,0,No fault,10.8410,0.0000
2026-08-12T12:03:39.197291,1786529019.197291,25.739534,2846,47.813886,1,-40.9490,626,0.0549,28,0,No fault,1,-52.1397,643,0.0549,27,0,No fault,11.1908,0.0000
2026-08-12T12:03:39.203374,1786529019.203374,25.745614,2847,48.082520,1,-40.6867,661,0.0989,28,0,No fault,1,-51.8774,679,0.0989,27,0,No fault,11.1908,0.0000
2026-08-12T12:03:39.212054,1786529019.212054,25.754309,2848,48.353822,1,-40.2714,1172,0.0696,28,0,No fault,1,-51.5277,379,0.0549,27,0,No fault,11.2563,0.0147
2026-08-12T12:03:39.218706,1786529019.218706,25.760956,2849,48.743879,1,-39.7687,732,0.0256,28,0,No fault,1,-51.2436,890,0.0696,27,0,No fault,11.4749,-0.0440
2026-08-12T12:03:39.227681,1786529019.227681,25.769932,2850,49.032425,1,-39.3316,732,0.0476,28,0,No fault,1,-50.8939,555,0.0549,27,0,No fault,11.5623,-0.0073
2026-08-12T12:03:39.234660,1786529019.234660,25.776923,2851,49.426536,1,-39.1348,714,0.0696,28,0,No fault,1,-50.6097,837,0.1062,27,0,No fault,11.4749,-0.0366
2026-08-12T12:03:39.244388,1786529019.244388,25.786635,2852,49.724574,1,-38.4136,1031,0.1209,28,0,No fault,1,-50.2163,926,0.0476,27,0,No fault,11.8027,0.0733
2026-08-12T12:03:39.253305,1786529019.253305,25.795573,2853,50.122237,1,-37.9327,855,0.0989,28,0,No fault,1,-49.7792,555,0.0549,27,0,No fault,11.8465,0.0440
2026-08-12T12:03:39.260279,1786529019.260279,25.802533,2854,50.492232,1,-37.5393,855,0.1136,28,0,No fault,1,-49.5388,837,0.0256,27,0,No fault,11.9995,0.0879
2026-08-12T12:03:39.268459,1786529019.268459,25.810719,2855,50.770459,1,-37.0147,767,0.0696,28,0,No fault,1,-49.1016,643,0.0916,27,0,No fault,12.0869,-0.0220
2026-08-12T12:03:39.275128,1786529019.275128,25.817369,2856,51.102748,1,-36.5776,1049,0.0842,28,0,No fault,1,-48.8612,802,0.0330,27,0,No fault,12.2836,0.0513
2026-08-12T12:03:39.284371,1786529019.284371,25.826634,2857,51.356276,1,-36.0749,837,0.0476,28,0,No fault,1,-48.4459,291,0.0842,27,0,No fault,12.3710,-0.0366
2026-08-12T12:03:39.291139,1786529019.291139,25.833383,2858,51.716526,1,-35.4410,1119,0.0842,28,0,No fault,1,-48.1399,696,0.1136,27,0,No fault,12.6989,-0.0293
2026-08-12T12:03:39.299767,1786529019.299767,25.842019,2859,51.971579,1,-35.1350,802,0.0476,28,0,No fault,1,-47.7246,502,0.0549,27,0,No fault,12.5896,-0.0073
2026-08-12T12:03:39.306380,1786529019.306380,25.848636,2860,52.295096,1,-34.7853,802,0.0623,28,0,No fault,1,-47.4186,855,0.0476,27,0,No fault,12.6333,0.0147
2026-08-12T12:03:39.315170,1786529019.315170,25.857457,2861,52.539879,1,-33.6706,626,0.0623,28,0,No fault,1,-46.9815,679,0.0476,27,0,No fault,13.3109,0.0147
2026-08-12T12:03:39.342751,1786529019.342751,25.885069,2862,52.857148,1,-33.3865,626,0.1209,28,0,No fault,1,-45.9324,802,0.0989,27,0,No fault,12.5459,0.0220
2026-08-12T12:03:39.350735,1786529019.350735,25.893018,2863,53.816191,1,-32.5341,1084,0.1429,28,0,No fault,1,-45.4296,573,0.0183,27,0,No fault,12.8956,0.1245
2026-08-12T12:03:39.357518,1786529019.357518,25.899765,2864,54.073155,1,-32.3373,873,0.1722,28,0,No fault,1,-45.2111,643,0.0842,27,0,No fault,12.8737,0.0879
2026-08-12T12:03:39.366080,1786529019.366080,25.908358,2865,54.291789,1,-31.4849,802,0.0696,28,0,No fault,1,-44.5991,256,0.0330,27,0,No fault,13.1142,0.0366
2026-08-12T12:03:39.372936,1786529019.372936,25.915175,2866,54.563235,1,-31.2664,1225,0.0623,28,0,No fault,1,-44.4898,696,0.0842,27,0,No fault,13.2234,-0.0220
2026-08-12T12:03:39.381716,1786529019.381716,25.923984,2867,54.775208,1,-30.5888,802,0.0549,28,0,No fault,1,-44.0089,696,0.0623,27,0,No fault,13.4202,-0.0073
2026-08-12T12:03:39.388470,1786529019.388470,25.930719,2868,55.042175,1,-30.2609,908,0.0769,28,0,No fault,1,-43.7685,520,0.0549,27,0,No fault,13.5076,0.0220
2026-08-12T12:03:39.397567,1786529019.397567,25.939841,2869,55.244520,1,-29.5834,855,0.0623,28,0,No fault,1,-43.2221,643,0.0916,27,0,No fault,13.6387,-0.0293
2026-08-12T12:03:39.404836,1786529019.404836,25.947086,2870,55.508680,1,-28.7528,873,0.1429,28,0,No fault,1,-42.9380,749,0.0476,27,0,No fault,14.1852,0.0952
2026-08-12T12:03:39.412987,1786529019.412987,25.955258,2871,55.723009,1,-28.5779,1172,0.0696,28,0,No fault,1,-42.3478,996,0.0330,27,0,No fault,13.7699,0.0366
2026-08-12T12:03:39.420214,1786529019.420214,25.962466,2872,55.938901,1,-27.7474,749,0.0696,28,0,No fault,1,-41.9763,732,0.0842,27,0,No fault,14.2289,-0.0147
2026-08-12T12:03:39.428227,1786529019.428227,25.970479,2873,56.131866,1,-27.1572,961,0.0183,28,0,No fault,1,-41.5173,802,0.0696,27,0,No fault,14.3600,-0.0513
2026-08-12T12:03:39.434904,1786529019.434904,25.977162,2874,56.341413,1,-26.6545,890,0.0476,28,0,No fault,1,-41.0583,732,0.0330,27,0,No fault,14.4037,0.0147
2026-08-12T12:03:39.443661,1786529019.443661,25.985925,2875,56.519026,1,-26.1081,926,0.0696,28,0,No fault,1,-40.6430,978,0.1429,27,0,No fault,14.5349,-0.0733
2026-08-12T12:03:39.450354,1786529019.450354,25.992605,2876,56.731742,1,-25.6273,767,0.1062,28,0,No fault,1,-40.2496,785,0.0696,27,0,No fault,14.6223,0.0366
2026-08-12T12:03:39.459332,1786529019.459332,26.001594,2877,56.896167,1,-24.5344,1031,0.0916,28,0,No fault,1,-39.7468,538,0.0842,27,0,No fault,15.2124,0.0073
2026-08-12T12:03:39.466087,1786529019.466087,26.008326,2878,57.106467,1,-23.9880,643,0.0916,28,0,No fault,1,-39.3316,978,0.0842,27,0,No fault,15.3436,0.0073
2026-08-12T12:03:39.474686,1786529019.474686,26.016930,2879,57.258059,1,-23.4634,1014,0.0623,28,0,No fault,1,-38.8070,943,0.0403,27,0,No fault,15.3436,0.0220
2026-08-12T12:03:39.481246,1786529019.481246,26.023484,2880,57.449150,1,-22.3706,1208,0.0549,28,0,No fault,1,-38.3917,1102,0.0769,27,0,No fault,16.0211,-0.0220
2026-08-12T12:03:39.490035,1786529019.490035,26.032279,2881,57.591892,1,-21.7804,820,0.0549,28,0,No fault,1,-37.9109,1067,0.0842,27,0,No fault,16.1304,-0.0293
2026-08-12T12:03:39.496755,1786529019.496755,26.038992,2882,57.775530,1,-21.2996,961,0.1209,28,0,No fault,1,-37.5174,978,0.0842,27,0,No fault,16.2178,0.0366
2026-08-12T12:03:39.505490,1786529019.505490,26.047742,2883,57.908123,1,-19.8133,679,0.0623,28,0,No fault,1,-36.9492,661,0.0403,27,0,No fault,17.1358,0.0220
2026-08-12T12:03:39.512358,1786529019.512358,26.054602,2884,58.076125,1,-19.4636,1102,0.0623,28,0,No fault,1,-36.5557,926,0.1209,27,0,No fault,17.0921,-0.0586
2026-08-12T12:03:39.520867,1786529019.520867,26.063110,2885,58.203698,1,-19.2450,1031,0.0623,28,0,No fault,1,-36.0093,873,0.0403,27,0,No fault,16.7643,0.0220
2026-08-12T12:03:39.552071,1786529019.552071,26.094374,2886,58.359359,1,-18.2615,908,0.0403,28,0,No fault,1,-34.4356,538,0.0769,27,0,No fault,16.1741,-0.0366
2026-08-12T12:03:39.560701,1786529019.560701,26.102951,2887,58.860362,1,-17.1249,1243,0.0623,28,0,No fault,1,-33.0805,591,0.0842,27,0,No fault,15.9556,-0.0220
2026-08-12T12:03:39.568156,1786529019.568156,26.110415,2888,58.981485,1,-16.6003,767,0.1355,28,0,No fault,1,-32.9712,450,0.1136,27,0,No fault,16.3708,0.0220
2026-08-12T12:03:39.576174,1786529019.576174,26.118426,2889,59.083116,1,-16.0102,1225,0.1209,28,0,No fault,1,-32.5559,608,0.2308,27,0,No fault,16.5457,-0.1099
2026-08-12T12:03:39.582662,1786529019.582662,26.124906,2890,59.184424,1,-15.5075,961,0.1136,28,0,No fault,1,-32.3373,1278,0.1136,27,0,No fault,16.8298,0.0000
2026-08-12T12:03:39.591761,1786529019.591761,26.134007,2891,59.263464,1,-14.8518,1190,0.0256,28,0,No fault,1,-31.5286,1313,0.1062,27,0,No fault,16.6768,-0.0806
2026-08-12T12:03:39.598278,1786529019.598278,26.140527,2892,59.366123,1,-14.4147,943,0.0330,28,0,No fault,1,-31.2882,873,0.0476,27,0,No fault,16.8736,-0.0147
2026-08-12T12:03:39.607482,1786529019.607482,26.149749,2893,59.435062,1,-13.4748,1137,0.0769,28,0,No fault,1,-30.5888,890,0.0476,27,0,No fault,17.1140,0.0293
2026-08-12T12:03:39.614735,1786529019.614735,26.156992,2894,59.527129,1,-12.9065,1067,0.0916,28,0,No fault,1,-30.2609,820,0.0769,27,0,No fault,17.3544,0.0147
2026-08-12T12:03:39.622818,1786529019.622818,26.165072,2895,59.593394,1,-12.3820,1049,0.0989,28,0,No fault,1,-29.5397,1172,0.0476,27,0,No fault,17.1577,0.0513
2026-08-12T12:03:39.629424,1786529019.629424,26.171742,2896,59.660284,1,-12.1415,1313,0.0842,28,0,No fault,1,-29.1899,1208,0.0476,27,0,No fault,17.0484,0.0366
2026-08-12T12:03:39.638694,1786529019.638694,26.180955,2897,59.712992,1,-11.2017,1102,0.1062,28,0,No fault,1,-28.5124,978,0.0623,27,0,No fault,17.3107,0.0440
2026-08-12T12:03:39.645294,1786529019.645294,26.187533,2898,59.775755,1,-11.0050,1208,0.0696,28,0,No fault,1,-28.1627,855,0.0330,27,0,No fault,17.1577,0.0366
2026-08-12T12:03:39.654160,1786529019.654160,26.196415,2899,59.816622,1,-10.0651,1296,0.0476,28,0,No fault,1,-27.4632,855,0.0403,27,0,No fault,17.3981,0.0073
2026-08-12T12:03:39.661279,1786529019.661279,26.203529,2900,59.865099,1,-9.4094,1190,-0.0037,28,0,No fault,1,-27.1135,767,0.0842,27,0,No fault,17.7041,-0.0879
2026-08-12T12:03:39.669584,1786529019.669584,26.211831,2901,59.901713,1,-8.9067,890,0.1062,28,0,No fault,1,-26.4360,1031,0.0989,27,0,No fault,17.5293,0.0073
2026-08-12T12:03:39.676092,1786529019.676092,26.218340,2902,59.931763,1,-8.2510,1084,0.0769,28,0,No fault,1,-26.0644,1137,0.0476,27,0,No fault,17.8134,0.0293
2026-08-12T12:03:39.685282,1786529019.685282,26.227538,2903,59.953297,1,-7.4641,873,0.1136,28,0,No fault,1,-25.3431,837,0.0769,27,0,No fault,17.8790,0.0366
2026-08-12T12:03:39.691677,1786529019.691677,26.233909,2904,59.976756,1,-7.0926,749,0.0623,28,0,No fault,1,-24.9934,749,0.0623,27,0,No fault,17.9008,0.0000
2026-08-12T12:03:39.700430,1786529019.700430,26.242672,2905,59.988067,1,-6.3057,1084,0.0842,28,0,No fault,1,-24.2721,943,0.0989,27,0,No fault,17.9664,-0.0147
2026-08-12T12:03:39.706795,1786529019.706795,26.249043,2906,59.997577,1,-5.9123,961,0.0403,28,0,No fault,1,-23.9006,890,0.0330,27,0,No fault,17.9883,0.0073
2026-08-12T12:03:39.715812,1786529019.715812,26.258048,2907,59.999979,1,-4.4042,996,0.0696,28,0,No fault,1,-23.1793,890,0.0696,27,0,No fault,18.7751,0.0000
2026-08-12T12:03:39.722162,1786529019.722162,26.264397,2908,59.996715,1,-4.1856,785,0.0842,28,0,No fault,1,-22.8296,1155,0.0623,27,0,No fault,18.6440,0.0220
2026-08-12T12:03:39.747172,1786529019.747172,26.289436,2909,59.989699,1,-3.4862,749,0.1795,28,0,No fault,1,-21.7586,785,0.0403,27,0,No fault,18.2724,0.1392
2026-08-12T12:03:39.759390,1786529019.759390,26.301640,2910,59.923930,1,-2.3278,1102,0.0623,28,0,No fault,1,-20.6220,1031,0.0623,27,0,No fault,18.2943,0.0000
2026-08-12T12:03:39.767414,1786529019.767414,26.309662,2911,59.871539,1,-1.5191,996,0.0256,28,0,No fault,1,-19.5073,555,0.0330,27,0,No fault,17.9883,-0.0073
2026-08-12T12:03:39.778093,1786529019.778093,26.320347,2912,59.830314,1,-0.5355,1208,0.0769,28,0,No fault,1,-19.2013,696,0.0916,27,0,No fault,18.6658,-0.0147
2026-08-12T12:03:39.787880,1786529019.787880,26.330136,2913,59.763722,1,0.6229,1049,0.1136,28,0,No fault,1,-18.4800,1313,0.3407,27,0,No fault,19.1030,-0.2271
2026-08-12T12:03:39.798136,1786529019.798136,26.340388,2914,59.694273,1,1.2568,1155,0.0769,28,0,No fault,1,-17.8243,926,0.0330,27,0,No fault,19.0811,0.0440
2026-08-12T12:03:39.804755,1786529019.804755,26.347004,2915,59.611507,1,2.4370,1119,0.0403,28,0,No fault,1,-17.4528,943,0.0769,27,0,No fault,19.8898,-0.0366
2026-08-12T12:03:39.813396,1786529019.813396,26.355645,2916,59.552953,1,3.0272,961,0.0549,28,0,No fault,1,-16.5566,1049,0.0916,27,0,No fault,19.5838,-0.0366
2026-08-12T12:03:39.820097,1786529019.820097,26.362379,2917,59.469868,1,3.6173,1172,0.0842,28,0,No fault,1,-16.1195,1031,0.0330,27,0,No fault,19.7368,0.0513
2026-08-12T12:03:39.828688,1786529019.828688,26.370941,2918,59.400832,1,4.1856,1278,0.1062,28,0,No fault,1,-15.4419,926,0.0989,27,0,No fault,19.6275,0.0073
2026-08-12T12:03:39.835338,1786529019.835338,26.377581,2919,59.306488,1,4.4042,1067,0.1062,28,0,No fault,1,-14.9174,1313,0.0403,27,0,No fault,19.3215,0.0659
2026-08-12T12:03:39.844055,1786529019.844055,26.386300,2920,59.228196,1,5.3877,767,0.0696,28,0,No fault,1,-14.3491,1031,0.0989,27,0,No fault,19.7368,-0.0293
2026-08-12T12:03:39.850678,1786529019.850678,26.392924,2921,59.118623,1,5.4314,1102,0.0916,27,0,No fault,1,-13.9994,767,0.0842,27,0,No fault,19.4308,0.0073
2026-08-12T12:03:39.859590,1786529019.859590,26.401836,2922,59.031784,1,5.9779,1031,0.0989,28,0,No fault,1,-13.2344,926,0.0403,27,0,No fault,19.2122,0.0586
2026-08-12T12:03:39.866312,1786529019.866312,26.408559,2923,58.908344,1,6.7647,1102,0.0696,28,0,No fault,1,-12.8628,1031,0.0916,27,0,No fault,19.6275,-0.0220
2026-08-12T12:03:39.874940,1786529019.874940,26.417185,2924,58.810458,1,7.1581,1084,0.0476,28,0,No fault,1,-12.0760,1313,0.0403,27,0,No fault,19.2341,0.0073
2026-08-12T12:03:39.881937,1786529019.881937,26.424181,2925,58.674532,1,8.1199,978,0.0916,28,0,No fault,1,-11.6825,996,0.0549,27,0,No fault,19.8024,0.0366
2026-08-12T12:03:39.890644,1786529019.890644,26.432892,2926,58.563885,1,8.3384,1137,0.0623,28,0,No fault,1,-10.7208,1067,0.0549,27,0,No fault,19.0593,0.0073
2026-08-12T12:03:39.897413,1786529019.897413,26.439686,2927,58.418296,1,9.2127,1031,0.1282,28,0,No fault,1,-10.5241,1349,0.0769,27,0,No fault,19.7368,0.0513
2026-08-12T12:03:39.905965,1786529019.905965,26.448220,2928,58.299837,1,10.2837,785,0.0403,28,0,No fault,1,-9.7154,996,0.0769,27,0,No fault,19.9991,-0.0366
2026-08-12T12:03:39.912666,1786529019.912666,26.454918,2929,58.143563,1,10.6115,785,0.0696,28,0,No fault,1,-9.3657,1137,0.0623,27,0,No fault,19.9772,0.0073
2026-08-12T12:03:39.921778,1786529019.921778,26.464034,2930,58.011065,1,11.0050,679,0.0403,28,0,No fault,1,-8.5570,1137,0.0476,27,0,No fault,19.5620,-0.0073
2026-08-12T12:03:39.948274,1786529019.948274,26.490563,2931,57.835828,1,12.4038,1172,0.0769,28,0,No fault,1,-7.3767,1278,0.0696,27,0,No fault,19.7805,0.0073
2026-08-12T12:03:39.962018,1786529019.962018,26.504269,2932,57.270957,1,13.9119,855,0.0916,28,0,No fault,1,-6.1964,1067,0.0696,27,0,No fault,20.1084,0.0220
2026-08-12T12:03:39.969777,1786529019.969777,26.512024,2933,56.954969,1,14.6769,1049,0.0623,28,0,No fault,1,-5.4314,855,0.0989,27,0,No fault,20.1084,-0.0366
2026-08-12T12:03:39.976454,1786529019.976454,26.518693,2934,56.767748,1,15.4419,1102,-0.0037,28,0,No fault,1,-5.0599,1084,0.0696,27,0,No fault,20.5018,-0.0733
2026-08-12T12:03:39.985074,1786529019.985074,26.527325,2935,56.607987,1,15.8135,926,0.0696,28,0,No fault,1,-3.9670,855,0.0403,27,0,No fault,19.7805,0.0293
2026-08-12T12:03:39.991697,1786529019.991697,26.533937,2936,56.388353,1,16.5566,749,0.0330,28,0,No fault,1,-3.8140,573,0.0549,27,0,No fault,20.3707,-0.0220
2026-08-12T12:03:40.000330,1786529020.000330,26.542566,2937,56.217048,1,16.9282,890,0.0989,28,0,No fault,1,-2.9179,978,0.0256,27,0,No fault,19.8461,0.0733
2026-08-12T12:03:40.006496,1786529020.006496,26.548738,2938,55.986710,1,17.4746,996,0.0769,28,0,No fault,1,-2.6338,1261,0.0769,27,0,No fault,20.1084,0.0000
2026-08-12T12:03:40.015639,1786529020.015639,26.557879,2939,55.816746,1,18.5893,890,0.0989,28,0,No fault,1,-1.7158,1084,0.0842,27,0,No fault,20.3051,0.0147
2026-08-12T12:03:40.021843,1786529020.021843,26.564091,2940,55.560861,1,19.1795,1155,0.0623,28,0,No fault,1,-1.4316,1384,0.0916,27,0,No fault,20.6111,-0.0293
2026-08-12T12:03:40.030986,1786529020.030986,26.573239,2941,55.378717,1,19.9226,1067,0.0037,28,0,No fault,1,-0.5355,1243,0.0989,27,0,No fault,20.4581,-0.0952
2026-08-12T12:03:40.037331,1786529020.037331,26.579580,2942,55.112273,1,20.2942,1155,0.0403,28,0,No fault,1,-0.2295,1472,0.0696,27,0,No fault,20.5237,-0.0293
2026-08-12T12:03:40.046353,1786529020.046353,26.588611,2943,54.921164,1,21.0154,1014,0.0476,28,0,No fault,1,0.6448,873,0.1062,27,0,No fault,20.3707,-0.0586
2026-08-12T12:03:40.052798,1786529020.052798,26.595038,2944,54.643312,1,21.3652,961,0.1209,28,0,No fault,1,0.9289,1190,0.0989,27,0,No fault,20.4362,0.0220
2026-08-12T12:03:40.061716,1786529020.061716,26.603954,2945,54.443034,1,21.8897,1031,0.1136,28,0,No fault,1,1.8251,1102,0.0842,27,0,No fault,20.0647,0.0293
2026-08-12T12:03:40.067931,1786529020.067931,26.610173,2946,54.157234,1,22.4361,978,0.1062,28,0,No fault,1,2.3496,1366,0.0403,27,0,No fault,20.0865,0.0659
2026-08-12T12:03:40.074386,1786529020.074386,26.616624,2947,53.953110,1,23.1574,1102,0.0549,28,0,No fault,1,2.5245,1084,0.0476,27,0,No fault,20.6330,0.0073
2026-08-12T12:03:40.082360,1786529020.082360,26.624608,2948,53.736662,1,23.6601,820,0.0769,28,0,No fault,1,3.3332,1172,0.1136,27,0,No fault,20.3270,-0.0366
2026-08-12T12:03:40.088794,1786529020.088794,26.631029,2949,53.467206,1,23.8568,978,0.0183,28,0,No fault,1,3.7048,1014,0.0476,27,0,No fault,20.1521,-0.0293
2026-08-12T12:03:40.095289,1786529020.095289,26.637542,2950,53.247337,1,24.9497,926,0.0256,28,0,No fault,1,4.2293,1067,0.0989,27,0,No fault,20.7204,-0.0733
2026-08-12T12:03:40.103363,1786529020.103363,26.645613,2951,53.006347,1,25.2557,961,0.0696,28,0,No fault,1,4.9069,1014,0.0256,27,0,No fault,20.3488,0.0440
2026-08-12T12:03:40.109917,1786529020.109917,26.652160,2952,52.728888,1,25.4524,732,0.0842,28,0,No fault,1,5.4314,1102,0.0916,27,0,No fault,20.0210,-0.0073
2026-08-12T12:03:40.118956,1786529020.118956,26.661202,2953,52.493302,1,25.8895,661,0.0916,28,0,No fault,1,6.0434,926,0.0403,27,0,No fault,19.8461,0.0513
2026-08-12T12:03:40.125325,1786529020.125325,26.667563,2954,52.159851,1,26.0425,820,0.1575,28,0,No fault,1,6.5243,1507,0.1355,27,0,No fault,19.5182,0.0220
2026-08-12T12:03:40.149875,1786529020.149875,26.692139,2955,51.920366,1,27.4414,890,0.0842,28,0,No fault,1,8.6007,1172,0.0330,27,0,No fault,18.8407,0.0513
2026-08-12T12:03:40.170653,1786529020.170653,26.712914,2956,50.961976,1,28.5124,1031,0.0696,28,0,No fault,1,9.9340,996,0.0330,27,0,No fault,18.5784,0.0366
2026-08-12T12:03:40.178251,1786529020.178251,26.720504,2957,50.121484,1,29.3211,996,0.0696,28,0,No fault,1,10.7645,1031,0.0549,27,0,No fault,18.5565,0.0147
2026-08-12T12:03:40.187445,1786529020.187445,26.729688,2958,49.802485,1,29.9112,1014,0.0696,28,0,No fault,1,11.0705,714,0.0256,27,0,No fault,18.8407,0.0440
2026-08-12T12:03:40.193747,1786529020.193747,26.735994,2959,49.417757,1,30.3484,1102,0.0330,27,0,No fault,1,11.2235,643,0.1136,27,0,No fault,19.1248,-0.0806
2026-08-12T12:03:40.203139,1786529020.203139,26.745386,2960,49.139239,1,30.9385,767,0.1136,28,0,No fault,1,11.7262,873,0.2088,27,0,No fault,19.2122,-0.0952
2026-08-12T12:03:40.212352,1786529020.212352,26.754608,2961,48.729522,1,31.3538,555,0.0549,27,0,No fault,1,12.5131,1031,0.0476,27,0,No fault,18.8407,0.0073
2026-08-12T12:03:40.218889,1786529020.218889,26.761126,2962,48.324481,1,31.5723,661,0.0842,28,0,No fault,1,12.8847,1190,0.0623,27,0,No fault,18.6877,0.0220
2026-08-12T12:03:40.227811,1786529020.227811,26.770054,2963,48.034515,1,31.9439,961,0.0549,28,0,No fault,1,13.6278,873,0.0989,27,0,No fault,18.3161,-0.0440
2026-08-12T12:03:40.234217,1786529020.234217,26.776453,2964,47.626150,1,32.5996,1119,0.0623,28,0,No fault,1,14.0212,1031,0.0696,27,0,No fault,18.5784,-0.0073
2026-08-12T12:03:40.240717,1786529020.240717,26.782982,2965,47.333363,1,32.9493,696,0.0403,28,0,No fault,1,14.3928,1014,0.0549,27,0,No fault,18.5565,-0.0147
2026-08-12T12:03:40.249243,1786529020.249243,26.791481,2966,47.022641,1,33.5613,961,0.0696,28,0,No fault,1,15.2452,1243,0.0623,27,0,No fault,18.3161,0.0073
2026-08-12T12:03:40.255560,1786529020.255560,26.797805,2967,46.626956,1,33.7362,626,0.0842,28,0,No fault,1,15.5075,996,0.0696,27,0,No fault,18.2287,0.0147
2026-08-12T12:03:40.263703,1786529020.263703,26.805946,2968,46.327355,1,34.3045,873,0.0916,28,0,No fault,1,16.3818,1031,0.0769,27,0,No fault,17.9227,0.0147
2026-08-12T12:03:40.270103,1786529020.270103,26.812344,2969,45.933569,1,34.5012,890,0.0696,28,0,No fault,1,16.6222,873,0.0696,27,0,No fault,17.8790,0.0000
2026-08-12T12:03:40.276635,1786529020.276635,26.818872,2970,45.622171,1,34.8727,767,0.0989,28,0,No fault,1,17.0156,1102,0.0403,27,0,No fault,17.8571,0.0586
2026-08-12T12:03:40.285654,1786529020.285654,26.827894,2971,45.296757,1,35.4410,696,0.0769,28,0,No fault,1,17.7806,1278,0.0330,27,0,No fault,17.6604,0.0440
2026-08-12T12:03:40.292237,1786529020.292237,26.834501,2972,44.852185,1,35.8345,837,0.0989,28,0,No fault,1,18.1303,591,0.0696,27,0,No fault,17.7041,0.0293
2026-08-12T12:03:40.301272,1786529020.301272,26.843509,2973,44.515184,1,36.3809,837,0.0476,28,0,No fault,1,18.9172,1313,0.0769,27,0,No fault,17.4637,-0.0293
2026-08-12T12:03:40.310160,1786529020.310160,26.852410,2974,44.060286,1,36.8180,820,0.1136,28,0,No fault,1,19.7477,820,0.0696,27,0,No fault,17.0703,0.0440
2026-08-12T12:03:40.316508,1786529020.316508,26.858747,2975,43.602770,1,37.7579,538,0.0623,28,0,No fault,1,20.0100,996,0.1062,27,0,No fault,17.7478,-0.0440
2026-08-12T12:03:40.323071,1786529020.323071,26.865306,2976,43.275225,1,37.9983,450,0.1062,28,0,No fault,1,20.3597,785,0.0476,27,0,No fault,17.6385,0.0586
2026-08-12T12:03:40.331949,1786529020.331949,26.874204,2977,42.903865,1,38.1731,591,0.1136,28,0,No fault,1,21.1029,1049,0.0696,27,0,No fault,17.0703,0.0440
2026-08-12T12:03:40.348361,1786529020.348361,26.890623,2978,42.454675,1,38.6977,732,0.1209,28,0,No fault,1,22.2176,1155,0.0403,27,0,No fault,16.4801,0.0806
2026-08-12T12:03:40.361986,1786529020.361986,26.904276,2979,41.556985,1,39.2660,978,0.0769,28,0,No fault,1,22.5673,1014,0.0476,27,0,No fault,16.6987,0.0293
2026-08-12T12:03:40.371863,1786529020.371863,26.914114,2980,40.820708,1,39.5938,643,0.0769,28,0,No fault,1,23.2667,1067,0.0623,27,0,No fault,16.3271,0.0147
2026-08-12T12:03:40.379618,1786529020.379618,26.921881,2981,40.267006,1,40.1403,926,0.0549,28,0,No fault,1,24.3596,1014,0.0696,27,0,No fault,15.7807,-0.0147
2026-08-12T12:03:40.387783,1786529020.387783,26.930044,2982,39.831283,1,40.7741,1031,0.0696,28,0,No fault,1,25.2120,485,0.0037,27,0,No fault,15.5621,0.0659
2026-08-12T12:03:40.394986,1786529020.394986,26.937235,2983,39.379989,1,41.1238,890,0.0476,28,0,No fault,1,25.3650,855,0.0623,27,0,No fault,15.7589,-0.0147
2026-08-12T12:03:40.403117,1786529020.403117,26.945404,2984,38.952442,1,41.4517,890,0.0403,28,0,No fault,1,25.6928,732,0.0696,27,0,No fault,15.7589,-0.0293
2026-08-12T12:03:40.410336,1786529020.410336,26.952603,2985,38.495675,1,41.5828,855,0.0476,28,0,No fault,1,26.1300,802,0.1429,27,0,No fault,15.4529,-0.0952
2026-08-12T12:03:40.418491,1786529020.418491,26.960758,2986,38.066512,1,42.2385,767,0.0769,28,0,No fault,1,26.8075,978,0.0476,27,0,No fault,15.4310,0.0293
2026-08-12T12:03:40.425806,1786529020.425806,26.968054,2987,37.603255,1,42.4134,749,0.0696,28,0,No fault,1,27.0261,749,0.0916,27,0,No fault,15.3873,-0.0220
2026-08-12T12:03:40.433961,1786529020.433961,26.976233,2988,37.163249,1,43.0472,679,0.1136,28,0,No fault,1,27.8348,643,0.0696,27,0,No fault,15.2124,0.0440
2026-08-12T12:03:40.444508,1786529020.444508,26.986808,2989,36.685800,1,43.2221,767,0.0989,28,0,No fault,1,28.4468,1331,0.0476,27,0,No fault,14.7753,0.0513
2026-08-12T12:03:40.451820,1786529020.451820,26.994069,2990,36.049935,1,43.5281,696,0.0989,28,0,No fault,1,28.8839,837,0.0989,27,0,No fault,14.6441,0.0000
2026-08-12T12:03:40.459841,1786529020.459841,27.002089,2991,35.583300,1,44.0089,555,0.0623,28,0,No fault,1,29.4741,837,0.0476,27,0,No fault,14.5349,0.0147
2026-08-12T12:03:40.467090,1786529020.467090,27.009326,2992,35.126729,1,44.3368,661,0.0769,28,0,No fault,1,29.9331,714,0.0623,27,0,No fault,14.4037,0.0147
2026-08-12T12:03:40.475201,1786529020.475201,27.017443,2993,34.685572,1,44.8177,855,0.0549,28,0,No fault,1,30.5014,767,0.0403,27,0,No fault,14.3163,0.0147
2026-08-12T12:03:40.482347,1786529020.482347,27.024585,2994,34.183098,1,45.1674,661,0.0549,28,0,No fault,1,30.9604,1225,0.0696,27,0,No fault,14.2070,-0.0147
2026-08-12T12:03:40.490766,1786529020.490766,27.033010,2995,33.740726,1,45.4296,873,0.0549,28,0,No fault,1,31.5505,1049,0.0476,27,0,No fault,13.8792,0.0073
2026-08-12T12:03:40.497659,1786529020.497659,27.039896,2996,33.212891,1,45.5389,414,0.0696,28,0,No fault,1,31.9658,1031,0.1062,27,0,No fault,13.5732,-0.0366
2026-08-12T12:03:40.506602,1786529020.506602,27.048853,2997,32.779646,1,45.8449,520,0.0769,28,0,No fault,1,32.5559,1155,0.0549,27,0,No fault,13.2890,0.0220
2026-08-12T12:03:40.513042,1786529020.513042,27.055277,2998,32.210501,1,46.1946,749,0.0476,28,0,No fault,1,32.9275,908,0.0989,27,0,No fault,13.2672,-0.0513
2026-08-12T12:03:40.521646,1786529020.521646,27.063887,2999,31.802896,1,46.6099,837,0.1136,28,0,No fault,1,33.4958,767,0.0183,27,0,No fault,13.1142,0.0952
2026-08-12T12:03:40.528341,1786529020.528341,27.070574,3000,31.249625,1,46.7411,643,0.0623,28,0,No fault,1,33.9329,961,0.0842,27,0,No fault,12.8082,-0.0220
2026-08-12T12:03:40.534830,1786529020.534830,27.077069,3001,30.815321,1,46.9815,432,0.0842,28,0,No fault,1,34.1296,890,0.0769,27,0,No fault,12.8519,0.0073
2026-08-12T12:03:40.554701,1786529020.554701,27.096956,3002,30.396894,1,47.4405,820,0.0696,28,0,No fault,1,35.4847,749,0.0623,27,0,No fault,11.9557,0.0073
2026-08-12T12:03:40.575025,1786529020.575025,27.117293,3003,29.092282,1,48.5989,414,0.0696,28,0,No fault,1,36.2497,749,0.0696,27,0,No fault,12.3492,0.0000
2026-08-12T12:03:40.582714,1786529020.582714,27.124965,3004,27.730255,1,49.0579,643,0.0916,28,0,No fault,1,36.6650,908,0.1062,27,0,No fault,12.3929,-0.0147
2026-08-12T12:03:40.591984,1786529020.591984,27.134245,3005,27.226673,1,49.7355,714,0.0549,28,0,No fault,1,37.2552,855,0.0769,27,0,No fault,12.4803,-0.0220
2026-08-12T12:03:40.598502,1786529020.598502,27.140745,3006,26.599502,1,49.8885,502,0.0476,27,0,No fault,1,37.8671,643,0.0549,27,0,No fault,12.0213,-0.0073
2026-08-12T12:03:40.607653,1786529020.607653,27.149901,3007,26.164327,1,50.3693,450,0.0842,28,0,No fault,1,38.2387,626,0.0769,27,0,No fault,12.1306,0.0073
2026-08-12T12:03:40.614048,1786529020.614048,27.156292,3008,25.538715,1,50.5005,502,0.0842,28,0,No fault,1,38.4136,573,0.0696,27,0,No fault,12.0869,0.0147
2026-08-12T12:03:40.623255,1786529020.623255,27.165505,3009,25.099670,1,50.9813,555,0.0623,28,0,No fault,1,38.9600,749,0.1355,27,0,No fault,12.0213,-0.0733
2026-08-12T12:03:40.629570,1786529020.629570,27.171807,3010,24.471357,1,51.0906,820,0.0769,28,0,No fault,1,39.2660,696,0.0256,27,0,No fault,11.8246,0.0513
2026-08-12T12:03:40.638775,1786529020.638775,27.181041,3011,24.007024,1,51.5277,679,0.0916,28,0,No fault,1,39.8561,608,0.0549,27,0,No fault,11.6716,0.0366
2026-08-12T12:03:40.648007,1786529020.648007,27.190253,3012,23.384490,1,51.6370,397,0.0696,28,0,No fault,1,40.4681,961,0.1136,27,0,No fault,11.1689,-0.0440
2026-08-12T12:03:40.654307,1786529020.654307,27.196548,3013,22.756444,1,52.0523,450,0.1209,28,0,No fault,1,40.8178,837,0.0549,27,0,No fault,11.2345,0.0659
2026-08-12T12:03:40.660546,1786529020.660546,27.202782,3014,22.317743,1,52.3583,344,0.0476,28,0,No fault,1,41.0145,679,0.0403,27,0,No fault,11.3438,0.0073
2026-08-12T12:03:40.669674,1786529020.669674,27.211915,3015,21.875474,1,52.7080,379,0.0916,28,0,No fault,1,41.5828,732,0.0842,27,0,No fault,11.1252,0.0073
2026-08-12T12:03:40.675947,1786529020.675947,27.218184,3016,21.237692,1,52.8829,485,0.0769,28,0,No fault,1,41.9325,767,0.0549,27,0,No fault,10.9503,0.0220
2026-08-12T12:03:40.683944,1786529020.683944,27.226189,3017,20.788762,1,53.2107,608,0.0623,28,0,No fault,1,42.3915,643,0.0476,27,0,No fault,10.8192,0.0147
2026-08-12T12:03:40.690269,1786529020.690269,27.232512,3018,20.227161,1,53.3856,432,0.0549,28,0,No fault,1,42.7412,573,0.0769,27,0,No fault,10.6443,-0.0220
2026-08-12T12:03:40.696717,1786529020.696717,27.238957,3019,19.778852,1,53.5823,62,0.0769,28,0,No fault,1,43.0910,943,0.0476,27,0,No fault,10.4913,0.0293
2026-08-12T12:03:40.704396,1786529020.704396,27.246644,3020,19.319508,1,53.8664,273,0.0623,28,0,No fault,1,43.5718,520,0.0916,27,0,No fault,10.2946,-0.0293
2026-08-12T12:03:40.711098,1786529020.711098,27.253337,3021,18.763625,1,54.0850,450,0.0476,28,0,No fault,1,43.7248,679,0.0916,27,0,No fault,10.3602,-0.0440
2026-08-12T12:03:40.719898,1786529020.719898,27.262146,3022,18.290507,1,54.1943,273,0.0256,28,0,No fault,1,44.2494,996,0.0549,27,0,No fault,9.9449,-0.0293
2026-08-12T12:03:40.726365,1786529020.726365,27.268604,3023,17.655133,1,54.5658,608,0.0623,28,0,No fault,1,44.4898,714,0.0842,27,0,No fault,10.0760,-0.0220
2026-08-12T12:03:40.732858,1786529020.732858,27.275185,3024,17.190190,1,54.6533,591,0.0403,28,0,No fault,1,44.8395,785,0.0769,27,0,No fault,9.8138,-0.0366
2026-08-12T12:03:40.742143,1786529020.742143,27.284393,3025,16.688789,1,54.8063,626,0.0256,28,0,No fault,1,45.2329,820,0.0769,27,0,No fault,9.5733,-0.0513
2026-08-12T12:03:40.768782,1786529020.768782,27.311089,3026,16.044403,1,55.5713,520,0.0183,27,0,No fault,1,45.9979,749,0.0842,27,0,No fault,9.5733,-0.0659
2026-08-12T12:03:40.778952,1786529020.778952,27.321226,3027,14.047044,1,56.0084,573,0.0403,28,0,No fault,1,46.4569,520,0.0769,27,0,No fault,9.5515,-0.0366
2026-08-12T12:03:40.786562,1786529020.786562,27.328833,3028,13.323728,1,56.0521,432,0.0916,28,0,No fault,1,47.0033,626,0.0549,27,0,No fault,9.0488,0.0366
2026-08-12T12:03:40.796210,1786529020.796210,27.338461,3029,12.787650,1,56.2707,344,0.0989,28,0,No fault,1,47.3968,414,0.0183,27,0,No fault,8.8739,0.0806
2026-08-12T12:03:40.805572,1786529020.805572,27.347827,3030,12.059993,1,56.4237,732,0.0549,27,0,No fault,1,48.3148,220,0.0110,27,0,No fault,8.1089,0.0440
2026-08-12T12:03:40.811663,1786529020.811663,27.353913,3031,11.383619,1,56.5985,361,0.0623,28,0,No fault,1,48.4459,450,0.0769,27,0,No fault,8.1526,-0.0147
2026-08-12T12:03:40.818178,1786529020.818178,27.360430,3032,10.938088,1,56.7515,291,0.0549,27,0,No fault,1,48.5115,520,0.0989,27,0,No fault,8.2401,-0.0440
2026-08-12T12:03:40.827679,1786529020.827679,27.369942,3033,10.448518,1,56.9483,379,0.0842,28,0,No fault,1,48.8175,573,0.1355,27,0,No fault,8.1308,-0.0513
2026-08-12T12:03:40.837080,1786529020.837080,27.379330,3034,9.741345,1,56.9920,309,0.0916,28,0,No fault,1,49.2328,203,0.0403,27,0,No fault,7.7592,0.0513
2026-08-12T12:03:40.843708,1786529020.843708,27.385966,3035,9.047656,1,57.2324,150,0.0330,28,0,No fault,1,49.4513,520,0.0769,27,0,No fault,7.7811,-0.0440
2026-08-12T12:03:40.852805,1786529020.852805,27.395054,3036,8.550271,1,57.3198,573,0.0476,28,0,No fault,1,49.8885,502,0.0476,27,0,No fault,7.4314,0.0000
2026-08-12T12:03:40.859443,1786529020.859443,27.401692,3037,7.872408,1,57.5165,79,0.0183,28,0,No fault,1,50.1070,502,0.0842,27,0,No fault,7.4095,-0.0659
2026-08-12T12:03:40.868762,1786529020.868762,27.411011,3038,7.363439,1,57.5821,238,0.0549,28,0,No fault,1,50.5442,626,0.0330,27,0,No fault,7.0379,0.0220
2026-08-12T12:03:40.875381,1786529020.875381,27.417633,3039,6.679871,1,57.7788,326,0.0696,28,0,No fault,1,50.7409,732,0.0549,27,0,No fault,7.0379,0.0147
2026-08-12T12:03:40.884650,1786529020.884650,27.426891,3040,6.178788,1,57.8881,167,0.0623,28,0,No fault,1,51.1343,538,0.0549,27,0,No fault,6.7538,0.0073
2026-08-12T12:03:40.891177,1786529020.891177,27.433420,3041,5.483029,1,57.9974,238,0.0623,28,0,No fault,1,51.3310,626,0.0549,27,0,No fault,6.6664,0.0073
2026-08-12T12:03:40.900519,1786529020.900519,27.442762,3042,4.999274,1,58.1067,397,0.0623,28,0,No fault,1,51.8119,643,0.0330,27,0,No fault,6.2948,0.0293
2026-08-12T12:03:40.906959,1786529020.906959,27.449208,3043,4.296060,1,58.1941,326,0.0476,28,0,No fault,1,51.8993,555,0.0696,27,0,No fault,6.2948,-0.0220
2026-08-12T12:03:40.916090,1786529020.916090,27.458337,3044,3.809439,1,58.3034,167,0.0623,28,0,No fault,1,52.2709,573,0.0330,27,0,No fault,6.0325,0.0293
2026-08-12T12:03:40.923258,1786529020.923258,27.465506,3045,3.120106,1,58.3690,273,0.0769,28,0,No fault,1,52.4676,767,0.0183,27,0,No fault,5.9014,0.0586
2026-08-12T12:03:40.931802,1786529020.931802,27.474048,3046,2.539057,1,58.5220,167,0.0476,28,0,No fault,1,52.8173,591,0.0623,27,0,No fault,5.7047,-0.0147
2026-08-12T12:03:40.938483,1786529020.938483,27.480728,3047,1.939232,1,58.6750,26,0.0330,27,0,No fault,1,52.9703,414,0.0476,27,0,No fault,5.7047,-0.0147
2026-08-12T12:03:40.947460,1786529020.947460,27.489704,3048,1.411994,1,58.6750,379,0.0916,28,0,No fault,1,53.3200,167,0.0330,27,0,No fault,5.3550,0.0586
2026-08-12T12:03:40.977380,1786529020.977380,27.519691,3049,0.745645,1,58.8061,-79,0.0696,28,0,No fault,1,53.9320,502,0.0623,27,0,No fault,4.8741,0.0073
2026-08-12T12:03:40.985195,1786529020.985195,27.527458,3050,-1.507675,1,58.8498,-9,0.0549,28,0,No fault,1,54.2380,397,0.0989,27,0,No fault,4.6118,-0.0440
2026-08-12T12:03:40.994859,1786529020.994859,27.537117,3051,-2.234426,1,58.9154,-62,0.0549,28,0,No fault,1,54.5658,397,0.0549,27,0,No fault,4.3495,0.0000
2026-08-12T12:03:41.003573,1786529021.003573,27.545820,3052,-2.818176,1,58.9372,-44,0.0476,28,0,No fault,1,54.8281,309,0.0330,27,0,No fault,4.1091,0.0147
2026-08-12T12:03:41.010233,1786529021.010233,27.552490,3053,-3.468001,1,58.9591,-44,0.0549,28,0,No fault,1,54.9593,203,0.0842,27,0,No fault,3.9998,-0.0293
2026-08-12T12:03:41.019613,1786529021.019613,27.561868,3054,-3.975347,1,58.9809,220,0.0623,28,0,No fault,1,55.4183,256,0.0549,27,0,No fault,3.5627,0.0073
2026-08-12T12:03:41.026127,1786529021.026127,27.568372,3055,-4.678130,1,58.9809,-115,0.0623,28,0,No fault,1,55.5057,450,0.0256,27,0,No fault,3.4753,0.0366
2026-08-12T12:03:41.034913,1786529021.034913,27.577166,3056,-5.163632,1,58.9809,-150,0.0476,28,0,No fault,1,55.7461,220,0.0403,27,0,No fault,3.2348,0.0073
2026-08-12T12:03:41.041410,1786529021.041410,27.583677,3057,-5.824966,1,58.9809,79,0.0623,28,0,No fault,1,55.7898,450,0.1062,27,0,No fault,3.1911,-0.0440
2026-08-12T12:03:41.050250,1786529021.050250,27.592496,3058,-6.312733,1,58.9809,-62,0.0256,28,0,No fault,1,56.1177,273,0.0549,27,0,No fault,2.8633,-0.0293
2026-08-12T12:03:41.056621,1786529021.056621,27.598860,3059,-6.972884,1,58.9591,-167,0.0549,28,0,No fault,1,56.1614,26,0.0769,27,0,No fault,2.7977,-0.0220
2026-08-12T12:03:41.062965,1786529021.062965,27.605206,3060,-7.446868,1,58.9809,44,0.0110,28,0,No fault,1,56.3363,520,0.0769,27,0,No fault,2.6447,-0.0659
2026-08-12T12:03:41.071798,1786529021.071798,27.614041,3061,-7.937990,1,58.9809,185,-0.0110,28,0,No fault,1,56.5111,-62,0.0549,27,0,No fault,2.4698,-0.0659
2026-08-12T12:03:41.078156,1786529021.078156,27.620405,3062,-8.583229,1,58.9591,-26,-0.0037,28,0,No fault,1,56.6641,79,0.0989,27,0,No fault,2.2950,-0.1026
2026-08-12T12:03:41.086771,1786529021.086771,27.629016,3063,-9.058821,1,58.9372,-309,-0.0110,28,0,No fault,1,56.8608,326,0.0476,27,0,No fault,2.0764,-0.0586
2026-08-12T12:03:41.093124,1786529021.093124,27.635363,3064,-9.698316,1,58.9154,-203,-0.0183,28,0,No fault,1,57.0138,485,0.0769,27,0,No fault,1.9016,-0.0952
2026-08-12T12:03:41.102241,1786529021.102241,27.644491,3065,-10.180416,1,58.9154,-44,-0.0330,28,0,No fault,1,57.1450,79,0.0842,27,0,No fault,1.7704,-0.1172
2026-08-12T12:03:41.109194,1786529021.109194,27.651447,3066,-10.850992,1,58.8935,-62,-0.0549,28,0,No fault,1,57.2761,150,0.0696,27,0,No fault,1.6174,-0.1245
2026-08-12T12:03:41.118806,1786529021.118806,27.661054,3067,-11.370942,1,58.8717,167,-0.0696,28,0,No fault,1,57.4510,291,0.0769,27,0,No fault,1.4207,-0.1465
2026-08-12T12:03:41.125339,1786529021.125339,27.667585,3068,-12.075275,1,58.8280,-150,-0.0623,28,0,No fault,1,57.5602,220,0.0916,27,0,No fault,1.2677,-0.1538
2026-08-12T12:03:41.134080,1786529021.134080,27.676324,3069,-12.575991,1,58.8061,-132,-0.0696,28,0,No fault,1,57.6914,-167,0.0476,27,0,No fault,1.1147,-0.1172
2026-08-12T12:03:41.140519,1786529021.140519,27.682759,3070,-13.198823,1,58.7187,44,-0.0623,28,0,No fault,1,57.8007,432,0.0916,27,0,No fault,0.9180,-0.1538
2026-08-12T12:03:41.149329,1786529021.149329,27.691581,3071,-13.677865,1,58.6750,-203,-0.0696,28,0,No fault,1,57.9318,167,0.0769,27,0,No fault,0.7431,-0.1465
2026-08-12T12:03:41.176527,1786529021.176527,27.718831,3072,-14.323633,1,58.6094,-344,-0.0183,27,0,No fault,1,58.2160,256,0.0916,27,0,No fault,0.3934,-0.1099
2026-08-12T12:03:41.184789,1786529021.184789,27.727145,3073,-16.319715,1,58.5438,-115,-0.0769,28,0,No fault,1,58.3034,150,0.0842,27,0,No fault,0.2404,-0.1612
2026-08-12T12:03:41.192485,1786529021.192485,27.734737,3074,-16.911719,1,58.4782,-203,-0.0769,28,0,No fault,1,58.4345,167,0.0549,27,0,No fault,0.0437,-0.1319
2026-08-12T12:03:41.199022,1786529021.199022,27.741260,3075,-17.463673,1,58.3908,-79,-0.0989,28,0,No fault,1,58.4564,-9,0.0842,27,0,No fault,-0.0656,-0.1832
2026-08-12T12:03:41.207960,1786529021.207960,27.750209,3076,-17.922848,1,58.3034,-44,-0.0916,28,0,No fault,1,58.5657,62,0.0842,27,0,No fault,-0.2623,-0.1758
2026-08-12T12:03:41.214780,1786529021.214780,27.757043,3077,-18.587261,1,58.2160,-238,-0.1209,28,0,No fault,1,58.6094,97,0.0696,27,0,No fault,-0.3934,-0.1905
2026-08-12T12:03:41.224243,1786529021.224243,27.766506,3078,-19.065539,1,58.1067,-185,-0.1062,28,0,No fault,1,58.7842,115,0.0256,27,0,No fault,-0.6776,-0.1319
2026-08-12T12:03:41.231255,1786529021.231255,27.773512,3079,-19.740368,1,57.9974,-62,-0.0842,28,0,No fault,1,58.8061,203,0.0403,27,0,No fault,-0.8087,-0.1245
2026-08-12T12:03:41.239576,1786529021.239576,27.781832,3080,-20.236763,1,57.8662,-238,-0.0769,28,0,No fault,1,58.8498,-79,0.0842,27,0,No fault,-0.9836,-0.1612
2026-08-12T12:03:41.246567,1786529021.246567,27.788820,3081,-20.832070,1,57.6695,-185,-0.0769,28,0,No fault,1,58.8717,-115,0.0403,27,0,No fault,-1.2021,-0.1172
2026-08-12T12:03:41.255327,1786529021.255327,27.797588,3082,-21.318308,1,57.5821,-326,-0.0842,28,0,No fault,1,58.9372,115,0.0769,27,0,No fault,-1.3551,-0.1612
2026-08-12T12:03:41.262069,1786529021.262069,27.804313,3083,-21.936680,1,57.4072,-414,-0.1282,28,0,No fault,1,58.9372,220,0.0623,27,0,No fault,-1.5300,-0.1905
2026-08-12T12:03:41.270933,1786529021.270933,27.813184,3084,-22.404240,1,57.3198,-220,-0.0989,28,0,No fault,1,58.9809,-26,0.0476,27,0,No fault,-1.6611,-0.1465
2026-08-12T12:03:41.277545,1786529021.277545,27.819794,3085,-23.025039,1,57.0794,-344,-0.0989,28,0,No fault,1,58.9809,97,0.0842,27,0,No fault,-1.9016,-0.1832
2026-08-12T12:03:41.286404,1786529021.286404,27.828661,3086,-23.482988,1,57.0138,-203,-0.0842,28,0,No fault,1,59.0247,44,0.0256,27,0,No fault,-2.0108,-0.1099
2026-08-12T12:03:41.296508,1786529021.296508,27.838749,3087,-24.103708,1,56.7078,-591,-0.0696,28,0,No fault,1,59.0028,-62,0.0476,27,0,No fault,-2.2950,-0.1172
2026-08-12T12:03:41.303212,1786529021.303212,27.845453,3088,-24.792457,1,56.6641,-256,-0.0769,28,0,No fault,1,59.0028,-115,0.0476,27,0,No fault,-2.3387,-0.1245
2026-08-12T12:03:41.311985,1786529021.311985,27.854226,3089,-25.268875,1,56.4018,-256,-0.1136,28,0,No fault,1,59.0247,132,0.0476,27,0,No fault,-2.6228,-0.1612
2026-08-12T12:03:41.318732,1786529021.318732,27.860966,3090,-25.857089,1,56.2488,-397,-0.0916,28,0,No fault,1,59.0028,-185,0.0549,27,0,No fault,-2.7540,-0.1465
2026-08-12T12:03:41.327740,1786529021.327740,27.869984,3091,-26.310801,1,56.0521,-203,-0.0696,28,0,No fault,1,59.0028,44,0.0183,27,0,No fault,-2.9507,-0.0879
2026-08-12T12:03:41.334250,1786529021.334250,27.876486,3092,-26.915961,1,55.7680,-361,-0.0623,28,0,No fault,1,59.0028,-26,0.0183,27,0,No fault,-3.2348,-0.0806
2026-08-12T12:03:41.342989,1786529021.342989,27.885223,3093,-27.350035,1,55.6150,-450,-0.0696,28,0,No fault,1,58.9809,-62,-0.0037,27,0,No fault,-3.3660,-0.0659
2026-08-12T12:03:41.349257,1786529021.349257,27.891491,3094,-27.935525,1,55.4620,-309,-0.0696,28,0,No fault,1,58.9591,-397,0.0183,27,0,No fault,-3.4971,-0.0879
2026-08-12T12:03:41.358443,1786529021.358443,27.900682,3095,-28.359664,1,54.9593,-132,-0.0476,28,0,No fault,1,58.9591,-203,-0.0403,27,0,No fault,-3.9998,-0.0073
2026-08-12T12:03:41.381053,1786529021.381053,27.923311,3096,-28.961027,1,54.6096,-344,-0.1282,28,0,No fault,1,58.8935,-291,-0.0549,27,0,No fault,-4.2840,-0.0733
2026-08-12T12:03:41.388734,1786529021.388734,27.931005,3097,-30.452582,1,54.3036,-520,-0.0256,28,0,No fault,1,58.8717,150,-0.0110,27,0,No fault,-4.5681,-0.0147
2026-08-12T12:03:41.396905,1786529021.396905,27.939163,3098,-30.957118,1,54.0194,-379,-0.1575,28,0,No fault,1,58.8280,79,-0.0476,27,0,No fault,-4.8085,-0.1099
2026-08-12T12:03:41.407120,1786529021.407120,27.949377,3099,-31.471927,1,53.7790,-379,-0.1062,28,0,No fault,1,58.7842,132,-0.0769,27,0,No fault,-5.0052,-0.0293
2026-08-12T12:03:41.415099,1786529021.415099,27.957407,3100,-32.124865,1,53.4511,-626,-0.0842,28,0,No fault,1,58.7405,-79,-0.0696,27,0,No fault,-5.2894,-0.0147
2026-08-12T12:03:41.428102,1786529021.428102,27.970359,3101,-32.674573,1,53.1451,-291,-0.0696,28,0,No fault,1,58.5875,-203,-0.0476,27,0,No fault,-5.4424,-0.0220
2026-08-12T12:03:41.438401,1786529021.438401,27.980668,3102,-33.451856,1,52.7736,-714,-0.0916,28,0,No fault,1,58.5438,-273,-0.0330,27,0,No fault,-5.7702,-0.0586
2026-08-12T12:03:41.445868,1786529021.445868,27.988134,3103,-34.093432,1,52.3364,-520,-0.1062,28,0,No fault,1,58.4782,-450,-0.0769,27,0,No fault,-6.1418,-0.0293
2026-08-12T12:03:41.454025,1786529021.454025,27.996280,3104,-34.556795,1,52.0086,-573,-0.1062,28,0,No fault,1,58.3690,26,-0.0476,27,0,No fault,-6.3604,-0.0586
2026-08-12T12:03:41.462205,1786529021.462205,28.004467,3105,-35.054381,1,51.7682,-326,-0.0769,28,0,No fault,1,58.3034,-115,-0.0989,27,0,No fault,-6.5352,0.0220
2026-08-12T12:03:41.471994,1786529021.471994,28.014247,3106,-35.568308,1,51.4403,-414,-0.0549,28,0,No fault,1,58.1285,-150,-0.0183,27,0,No fault,-6.6882,-0.0366
2026-08-12T12:03:41.480580,1786529021.480580,28.022834,3107,-36.144133,1,50.8939,-432,-0.0549,28,0,No fault,1,57.9755,-309,-0.1136,27,0,No fault,-7.0816,0.0586
2026-08-12T12:03:41.487152,1786529021.487152,28.029393,3108,-36.658023,1,50.7627,-538,-0.0330,28,0,No fault,1,57.8881,-626,-0.0623,27,0,No fault,-7.1254,0.0293
2026-08-12T12:03:41.496027,1786529021.496027,28.038269,3109,-37.046075,1,50.5660,-608,-0.0842,28,0,No fault,1,57.6914,-397,-0.0696,27,0,No fault,-7.1254,-0.0147
2026-08-12T12:03:41.502419,1786529021.502419,28.044669,3110,-37.570797,1,50.3037,-467,-0.0842,28,0,No fault,1,57.6477,9,-0.0769,27,0,No fault,-7.3439,-0.0073
2026-08-12T12:03:41.511530,1786529021.511530,28.053791,3111,-37.951898,1,50.0196,-450,-0.0842,28,0,No fault,1,57.4072,-379,-0.0549,27,0,No fault,-7.3876,-0.0293
2026-08-12T12:03:41.518103,1786529021.518103,28.060353,3112,-38.477507,1,49.6918,-643,-0.1575,28,0,No fault,1,57.3417,-97,-0.0623,27,0,No fault,-7.6499,-0.0952
2026-08-12T12:03:41.527212,1786529021.527212,28.069464,3113,-38.855283,1,49.4076,-767,-0.0989,28,0,No fault,1,57.1231,-97,-0.0623,27,0,No fault,-7.7155,-0.0366
2026-08-12T12:03:41.533820,1786529021.533820,28.076072,3114,-39.377009,1,49.0360,-379,-0.0989,28,0,No fault,1,57.0357,-291,-0.0842,27,0,No fault,-7.9996,-0.0147
2026-08-12T12:03:41.542471,1786529021.542471,28.084724,3115,-39.751569,1,48.6426,-732,-0.0989,28,0,No fault,1,56.7953,-538,-0.1209,27,0,No fault,-8.1526,0.0220
2026-08-12T12:03:41.549169,1786529021.549169,28.091413,3116,-40.246979,1,48.3366,-679,-0.0549,28,0,No fault,1,56.6641,167,-0.0769,27,0,No fault,-8.3275,0.0220
2026-08-12T12:03:41.558566,1786529021.558566,28.100833,3117,-40.608230,1,48.1618,-785,-0.0696,28,0,No fault,1,56.4674,-326,-0.0549,27,0,No fault,-8.3056,-0.0147
2026-08-12T12:03:41.584837,1786529021.584837,28.127112,3118,-41.129814,1,47.1345,-502,-0.0696,28,0,No fault,1,55.9428,-379,-0.0769,27,0,No fault,-8.8083,0.0073
2026-08-12T12:03:41.592383,1786529021.592383,28.134622,3119,-42.550777,1,46.7848,-643,-0.1355,28,0,No fault,1,55.7898,-414,-0.0769,27,0,No fault,-9.0051,-0.0586
2026-08-12T12:03:41.600407,1786529021.600407,28.142653,3120,-42.951097,1,46.3914,-555,-0.0403,28,0,No fault,1,55.5494,-185,-0.0769,27,0,No fault,-9.1581,0.0366
2026-08-12T12:03:41.607200,1786529021.607200,28.149447,3121,-43.373014,1,46.2602,-926,-0.0623,28,0,No fault,1,55.3964,-502,-0.1209,27,0,No fault,-9.1362,0.0586
2026-08-12T12:03:41.615759,1786529021.615759,28.157999,3122,-43.720299,1,45.7794,-467,-0.1209,28,0,No fault,1,55.1560,-432,-0.0696,27,0,No fault,-9.3766,-0.0513
2026-08-12T12:03:41.622408,1786529021.622408,28.164651,3123,-44.157677,1,45.4296,-908,-0.1209,28,0,No fault,1,55.0030,-309,-0.0330,27,0,No fault,-9.5733,-0.0879
2026-08-12T12:03:41.631347,1786529021.631347,28.173594,3124,-44.496186,1,45.2766,-591,-0.1062,28,0,No fault,1,54.7626,-62,-0.0476,27,0,No fault,-9.4859,-0.0586
2026-08-12T12:03:41.637870,1786529021.637870,28.180120,3125,-44.946671,1,44.6865,-538,-0.1136,28,0,No fault,1,54.3691,-432,-0.0183,27,0,No fault,-9.6826,-0.0952
2026-08-12T12:03:41.646910,1786529021.646910,28.189161,3126,-45.272219,1,44.5117,-785,-0.1062,28,0,No fault,1,54.1943,-432,-0.0623,27,0,No fault,-9.6826,-0.0440
2026-08-12T12:03:41.653523,1786529021.653523,28.195770,3127,-45.716199,1,43.8559,-732,-0.0842,28,0,No fault,1,54.0631,-203,-0.1429,27,0,No fault,-10.2072,0.0586
2026-08-12T12:03:41.662749,1786529021.662749,28.204999,3128,-46.037165,1,43.7029,-802,-0.0623,28,0,No fault,1,53.6916,-873,-0.0110,27,0,No fault,-9.9886,-0.0513
2026-08-12T12:03:41.669393,1786529021.669393,28.211631,3129,-46.480586,1,43.0910,-714,-0.0989,28,0,No fault,1,53.4730,-538,-0.0842,27,0,No fault,-10.3820,-0.0147
2026-08-12T12:03:41.678447,1786529021.678447,28.220711,3130,-46.795218,1,42.8942,-714,-0.0696,28,0,No fault,1,53.1451,-432,-0.0476,27,0,No fault,-10.2509,-0.0220
2026-08-12T12:03:41.685133,1786529021.685133,28.227371,3131,-47.225549,1,42.3478,-679,-0.0549,28,0,No fault,1,52.9921,-538,-0.0623,27,0,No fault,-10.6443,0.0073
2026-08-12T12:03:41.691685,1786529021.691685,28.233930,3132,-47.525802,1,42.0637,-608,-0.0842,28,0,No fault,1,52.8173,-643,-0.0769,27,0,No fault,-10.7536,-0.0073
2026-08-12T12:03:41.700166,1786529021.700166,28.242418,3133,-47.834003,1,41.4954,-608,-0.0989,28,0,No fault,1,52.4239,-361,-0.0623,27,0,No fault,-10.9285,-0.0366
2026-08-12T12:03:41.706746,1786529021.706746,28.248991,3134,-48.212502,1,41.2331,-626,-0.1062,28,0,No fault,1,52.2490,-538,-0.0403,27,0,No fault,-11.0159,-0.0659
2026-08-12T12:03:41.715547,1786529021.715547,28.257795,3135,-48.526632,1,40.6867,-785,-0.1136,28,0,No fault,1,51.7682,-414,-0.0330,27,0,No fault,-11.0815,-0.0806
2026-08-12T12:03:41.721940,1786529021.721940,28.264178,3136,-48.893362,1,40.3807,-767,-0.0696,28,0,No fault,1,51.5277,-450,-0.0403,27,0,No fault,-11.1470,-0.0293
2026-08-12T12:03:41.730452,1786529021.730452,28.272700,3137,-49.169004,1,40.0310,-714,-0.0989,28,0,No fault,1,51.1780,-732,-0.0842,27,0,No fault,-11.1470,-0.0147
2026-08-12T12:03:41.736856,1786529021.736856,28.279099,3138,-49.535874,1,39.8124,-890,-0.0842,28,0,No fault,1,50.9595,-643,-0.0916,27,0,No fault,-11.1470,0.0073
2026-08-12T12:03:41.746397,1786529021.746397,28.288656,3139,-49.805445,1,39.5283,-926,-0.0916,28,0,No fault,1,50.5879,-626,-0.0623,27,0,No fault,-11.0596,-0.0293
2026-08-12T12:03:41.752756,1786529021.752756,28.295003,3140,-50.203768,1,38.9381,-855,-0.0916,28,0,No fault,1,50.3256,-608,-0.1136,27,0,No fault,-11.3875,0.0220
2026-08-12T12:03:41.762988,1786529021.762988,28.305237,3141,-50.472254,1,38.8070,-661,-0.0769,28,0,No fault,1,49.9540,-785,-0.0769,27,0,No fault,-11.1470,0.0000
2026-08-12T12:03:41.782280,1786529021.782280,28.324549,3142,-50.878379,1,37.9109,-802,-0.0476,28,0,No fault,1,49.2765,-926,-0.0842,27,0,No fault,-11.3656,0.0366
2026-08-12T12:03:41.790495,1786529021.790495,28.332758,3143,-51.639201,1,37.3644,-749,-0.0916,28,0,No fault,1,48.8830,-555,-0.0549,27,0,No fault,-11.5186,-0.0366
2026-08-12T12:03:41.798208,1786529021.798208,28.340460,3144,-51.951011,1,36.2716,-873,-0.0696,28,0,No fault,1,48.3148,-591,-0.0183,27,0,No fault,-12.0432,-0.0513
2026-08-12T12:03:41.805231,1786529021.805231,28.347481,3145,-52.235832,1,36.1404,-520,-0.0623,28,0,No fault,1,48.1836,-573,-0.0256,27,0,No fault,-12.0432,-0.0366
2026-08-12T12:03:41.813298,1786529021.813298,28.355552,3146,-52.499054,1,35.6596,-961,-0.1355,28,0,No fault,1,47.5061,-538,-0.0037,27,0,No fault,-11.8465,-0.1319
2026-08-12T12:03:41.820392,1786529021.820392,28.362629,3147,-52.787065,1,35.4410,-696,-0.0476,27,0,No fault,1,47.3093,-432,-0.0330,27,0,No fault,-11.8683,-0.0147
2026-08-12T12:03:41.828593,1786529021.828593,28.370838,3148,-53.035852,1,35.0039,-908,-0.0110,28,0,No fault,1,47.1126,-555,-0.1136,27,0,No fault,-12.1087,0.1026
2026-08-12T12:03:41.835593,1786529021.835593,28.377837,3149,-53.322283,1,34.7197,-837,-0.1502,28,0,No fault,1,46.3695,-820,0.0183,27,0,No fault,-11.6497,-0.1685
2026-08-12T12:03:41.844172,1786529021.844172,28.386419,3150,-53.562105,1,34.4356,-1031,-0.1795,28,0,No fault,1,46.0416,-538,-0.1062,27,0,No fault,-11.6060,-0.0733
2026-08-12T12:03:41.851045,1786529021.851045,28.393297,3151,-53.853849,1,34.1078,-714,-0.0403,28,0,No fault,1,45.8012,-555,-0.0916,27,0,No fault,-11.6935,0.0513
2026-08-12T12:03:41.859645,1786529021.859645,28.401906,3152,-54.079039,1,33.2553,-679,-0.0623,28,0,No fault,1,45.3859,-749,-0.0623,27,0,No fault,-12.1306,0.0000
2026-08-12T12:03:41.866614,1786529021.866614,28.408886,3153,-54.357887,1,33.1023,-802,-0.0769,28,0,No fault,1,45.0144,-820,-0.0696,27,0,No fault,-11.9120,-0.0073
2026-08-12T12:03:41.874888,1786529021.874888,28.417147,3154,-54.596478,1,32.4248,-1067,-0.1209,28,0,No fault,1,44.5991,-608,-0.0842,27,0,No fault,-12.1743,-0.0366
2026-08-12T12:03:41.882209,1786529021.882209,28.424467,3155,-54.834992,1,32.1188,-926,-0.1209,28,0,No fault,1,44.2275,-732,-0.0623,27,0,No fault,-12.1087,-0.0586
2026-08-12T12:03:41.890240,1786529021.890240,28.432484,3156,-55.057148,1,31.2664,-1190,-0.0330,28,0,No fault,1,43.7904,-643,-0.0476,27,0,No fault,-12.5240,0.0147
2026-08-12T12:03:41.897416,1786529021.897416,28.439711,3157,-55.293898,1,31.1134,-1084,-0.0623,28,0,No fault,1,43.3970,-732,-0.0476,27,0,No fault,-12.2836,-0.0147
2026-08-12T12:03:41.905555,1786529021.905555,28.447802,3158,-55.505615,1,30.4358,-1067,-0.1136,28,0,No fault,1,42.9817,-820,-0.0769,27,0,No fault,-12.5459,-0.0366
2026-08-12T12:03:41.912765,1786529021.912765,28.455019,3159,-55.732267,1,30.0642,-1190,-0.0769,28,0,No fault,1,42.5664,-749,-0.0476,27,0,No fault,-12.5022,-0.0293
2026-08-12T12:03:41.920880,1786529021.920880,28.463122,3160,-55.947983,1,29.4085,-538,-0.0623,28,0,No fault,1,42.0637,-696,-0.1062,27,0,No fault,-12.6552,0.0440
2026-08-12T12:03:41.928192,1786529021.928192,28.470433,3161,-56.152689,1,29.0588,-820,-0.0549,28,0,No fault,1,41.9107,-485,-0.0989,27,0,No fault,-12.8519,0.0440
2026-08-12T12:03:41.936203,1786529021.936203,28.478452,3162,-56.341584,1,28.2064,-767,-0.0916,28,0,No fault,1,41.2113,-837,-0.0403,27,0,No fault,-13.0049,-0.0513
2026-08-12T12:03:41.943501,1786529021.943501,28.485749,3163,-56.546622,1,28.0315,-767,-0.0623,28,0,No fault,1,40.9053,-520,-0.0183,27,0,No fault,-12.8737,-0.0440
2026-08-12T12:03:41.951513,1786529021.951513,28.493759,3164,-56.728039,1,27.2665,-890,-0.1136,28,0,No fault,1,40.3807,-837,-0.0989,27,0,No fault,-13.1142,-0.0147
2026-08-12T12:03:41.958966,1786529021.958966,28.501214,3165,-56.921242,1,26.8075,-1296,-0.0769,28,0,No fault,1,40.0310,-767,-0.0256,27,0,No fault,-13.2234,-0.0513
2026-08-12T12:03:41.967363,1786529021.967363,28.509612,3166,-57.100141,1,26.6327,-855,-0.0256,28,0,No fault,1,39.5064,-767,-0.1062,27,0,No fault,-12.8737,0.0806
2026-08-12T12:03:41.991694,1786529021.991694,28.533997,3167,-57.288252,1,25.5835,-1119,-0.0696,28,0,No fault,1,38.4354,-643,-0.0916,27,0,No fault,-12.8519,0.0220
2026-08-12T12:03:42.000307,1786529022.000307,28.542560,3168,-57.812064,1,24.7967,-661,-0.0916,28,0,No fault,1,37.7579,-661,-0.1209,27,0,No fault,-12.9612,0.0293
2026-08-12T12:03:42.006810,1786529022.006810,28.549058,3169,-57.977471,1,24.3377,-1031,-0.1282,28,0,No fault,1,37.3863,-643,-0.0916,27,0,No fault,-13.0486,-0.0366
2026-08-12T12:03:42.015884,1786529022.015884,28.558149,3170,-58.102605,1,23.3541,-1278,-0.0549,28,0,No fault,1,36.5994,-520,-0.0403,27,0,No fault,-13.2453,-0.0147
2026-08-12T12:03:42.022556,1786529022.022556,28.564796,3171,-58.271751,1,22.8733,-802,-0.0623,28,0,No fault,1,36.3590,-785,-0.0037,27,0,No fault,-13.4857,-0.0586
2026-08-12T12:03:42.031513,1786529022.031513,28.573767,3172,-58.385591,1,22.6547,-1208,-0.0842,28,0,No fault,1,35.4410,-696,-0.0476,27,0,No fault,-12.7863,-0.0366
2026-08-12T12:03:42.038082,1786529022.038082,28.580324,3173,-58.538773,1,21.9772,-749,-0.1941,28,0,No fault,1,35.2443,-273,-0.1941,27,0,No fault,-13.2672,0.0000
2026-08-12T12:03:42.047082,1786529022.047082,28.589345,3174,-58.644481,1,21.7367,-961,-0.1502,28,0,No fault,1,34.8072,-749,-0.2234,27,0,No fault,-13.0704,0.0733
2026-08-12T12:03:42.053792,1786529022.053792,28.596034,3175,-58.785507,1,20.9499,-1155,-0.0403,28,0,No fault,1,34.5886,-714,-0.1282,27,0,No fault,-13.6387,0.0879
2026-08-12T12:03:42.062787,1786529022.062787,28.605034,3176,-58.883158,1,20.6002,-978,-0.0623,28,0,No fault,1,33.8018,-890,-0.1136,27,0,No fault,-13.2016,0.0513
2026-08-12T12:03:42.069406,1786529022.069406,28.611679,3177,-59.010043,1,19.4855,-873,-0.1209,28,0,No fault,1,33.3428,-1384,-0.0256,27,0,No fault,-13.8573,-0.0952
2026-08-12T12:03:42.078458,1786529022.078458,28.620713,3178,-59.098588,1,19.0046,-1243,-0.0916,28,0,No fault,1,32.7963,-767,-0.0989,27,0,No fault,-13.7917,0.0073
2026-08-12T12:03:42.085110,1786529022.085110,28.627359,3179,-59.212990,1,18.3270,-1014,-0.0330,28,0,No fault,1,32.5778,-1278,-0.0623,27,0,No fault,-14.2507,0.0293
2026-08-12T12:03:42.094350,1786529022.094350,28.636605,3180,-59.291488,1,17.5621,-1243,-0.1209,28,0,No fault,1,31.7691,-926,-0.1209,27,0,No fault,-14.2070,0.0000
2026-08-12T12:03:42.101042,1786529022.101042,28.643281,3181,-59.395491,1,17.1468,-908,-0.0842,28,0,No fault,1,31.5723,-978,-0.0842,27,0,No fault,-14.4256,0.0000
2026-08-12T12:03:42.110250,1786529022.110250,28.652508,3182,-59.462997,1,15.9884,-785,-0.1136,28,0,No fault,1,30.7199,-978,-0.0842,27,0,No fault,-14.7316,-0.0293
2026-08-12T12:03:42.116940,1786529022.116940,28.659183,3183,-59.552722,1,15.4856,-1119,-0.1282,28,0,No fault,1,30.5669,-908,-0.0916,27,0,No fault,-15.0813,-0.0366
2026-08-12T12:03:42.126047,1786529022.126047,28.668299,3184,-59.612067,1,14.8518,-873,-0.1209,28,0,No fault,1,29.7145,-1084,-0.0696,27,0,No fault,-14.8627,-0.0513
2026-08-12T12:03:42.135550,1786529022.135550,28.677791,3185,-59.686011,1,14.1524,-873,-0.0403,28,0,No fault,1,29.1025,-943,-0.0623,27,0,No fault,-14.9501,0.0220
2026-08-12T12:03:42.141927,1786529022.141927,28.684180,3186,-59.754677,1,13.1688,-1261,-0.0623,28,0,No fault,1,28.6872,-855,-0.0916,27,0,No fault,-15.5184,0.0293
2026-08-12T12:03:42.151079,1786529022.151079,28.693327,3187,-59.796305,1,12.9940,-996,-0.0476,28,0,No fault,1,28.1627,-767,-0.0403,27,0,No fault,-15.1687,-0.0073
2026-08-12T12:03:42.157599,1786529022.157599,28.699843,3188,-59.849124,1,11.8355,-1225,-0.0842,28,0,No fault,1,27.7037,-1172,-0.0842,27,0,No fault,-15.8681,0.0000
2026-08-12T12:03:42.166699,1786529022.166699,28.708943,3189,-59.881857,1,11.3547,-767,-0.1209,28,0,No fault,1,27.0917,-820,-0.0696,27,0,No fault,-15.7370,-0.0513
2026-08-12T12:03:42.173275,1786529022.173275,28.715520,3190,-59.921047,1,11.0924,-1137,-0.1209,28,0,No fault,1,26.7420,-1084,-0.0989,27,0,No fault,-15.6496,-0.0220
2026-08-12T12:03:42.199951,1786529022.199951,28.742214,3191,-59.945658,1,8.7318,-1172,-0.0330,28,0,No fault,1,25.2557,-1119,-0.1282,27,0,No fault,-16.5238,0.0952
2026-08-12T12:03:42.207357,1786529022.207357,28.749622,3192,-59.997286,1,7.9669,-1084,-0.0769,28,0,No fault,1,24.7967,-1331,-0.0549,27,0,No fault,-16.8298,-0.0220
2026-08-12T12:03:42.215586,1786529022.215586,28.757856,3193,-60.000000,1,7.6171,-1119,-0.0403,28,0,No fault,1,23.9006,-1349,-0.0549,27,0,No fault,-16.2834,0.0147
2026-08-12T12:03:42.222317,1786529022.222317,28.764570,3194,-59.996882,1,7.2893,-1014,-0.0842,28,0,No fault,1,23.4197,-1067,-0.0183,27,0,No fault,-16.1304,-0.0659
2026-08-12T12:03:42.231057,1786529022.231057,28.773315,3195,-59.989644,1,6.6992,-1490,-0.0476,27,0,No fault,1,23.0044,-696,-0.0769,27,0,No fault,-16.3053,0.0293
2026-08-12T12:03:42.237916,1786529022.237916,28.780195,3196,-59.973553,1,6.1746,-1225,-0.0403,28,0,No fault,1,22.1302,-1049,-0.0476,27,0,No fault,-15.9556,0.0073
2026-08-12T12:03:42.246495,1786529022.246495,28.788742,3197,-59.956139,1,5.7593,-1384,-0.0916,27,0,No fault,1,21.5182,-961,-0.0623,27,0,No fault,-15.7589,-0.0293
2026-08-12T12:03:42.253205,1786529022.253205,28.795447,3198,-59.928034,1,5.3659,-1261,-0.0696,28,0,No fault,1,21.3652,-943,-0.1868,27,0,No fault,-15.9993,0.1172
2026-08-12T12:03:42.262050,1786529022.262050,28.804301,3199,-59.900084,1,4.9943,-943,-0.0696,28,0,No fault,1,20.6657,-820,-0.0476,27,0,No fault,-15.6714,-0.0220
2026-08-12T12:03:42.268920,1786529022.268920,28.811173,3200,-59.859215,1,4.1856,-1313,-0.0696,28,0,No fault,1,20.3379,-1014,-0.1136,27,0,No fault,-16.1523,0.0440
2026-08-12T12:03:42.277955,1786529022.277955,28.820206,3201,-59.820928,1,3.7485,-1031,-0.0623,28,0,No fault,1,19.5292,-890,-0.0769,27,0,No fault,-15.7807,0.0147
2026-08-12T12:03:42.288157,1786529022.288157,28.830413,3202,-59.765110,1,2.5900,-926,-0.1136,28,0,No fault,1,18.5238,-1261,-0.0476,27,0,No fault,-15.9337,-0.0659
2026-08-12T12:03:42.294864,1786529022.294864,28.837105,3203,-59.692239,1,1.8469,-996,-0.0842,28,0,No fault,1,18.3489,-1014,-0.0549,27,0,No fault,-16.5020,-0.0293
2026-08-12T12:03:42.303592,1786529022.303592,28.845852,3204,-59.639336,1,1.6065,-1296,-0.0330,28,0,No fault,1,17.6713,-1102,-0.1136,27,0,No fault,-16.0649,0.0806
2026-08-12T12:03:42.310385,1786529022.310385,28.852625,3205,-59.563266,1,0.9289,-1119,-0.0696,28,0,No fault,1,17.1905,-996,-0.0842,27,0,No fault,-16.2616,0.0147
2026-08-12T12:03:42.318908,1786529022.318908,28.861169,3206,-59.499847,1,0.4481,-1119,-0.0476,28,0,No fault,1,16.5129,-1313,-0.0769,27,0,No fault,-16.0649,0.0293
2026-08-12T12:03:42.326006,1786529022.326006,28.868257,3207,-59.412783,1,-0.2514,-1349,-0.0916,28,0,No fault,1,16.0321,-1278,-0.1062,27,0,No fault,-16.2834,0.0147
2026-08-12T12:03:42.334645,1786529022.334645,28.876901,3208,-59.336321,1,-0.6229,-961,-0.0476,27,0,No fault,1,15.3326,-1119,-0.0696,27,0,No fault,-15.9556,0.0220
2026-08-12T12:03:42.344768,1786529022.344768,28.887010,3209,-59.235874,1,-0.9726,-1014,-0.0623,28,0,No fault,1,14.5458,-1102,-0.1136,27,0,No fault,-15.5184,0.0513
2026-08-12T12:03:42.351422,1786529022.351422,28.893663,3210,-59.110366,1,-1.8469,-978,-0.1282,28,0,No fault,1,14.1305,-1331,-0.0330,27,0,No fault,-15.9774,-0.0952
2026-08-12T12:03:42.360116,1786529022.360116,28.902359,3211,-59.020815,1,-2.1311,-1084,-0.0842,28,0,No fault,1,13.3655,-1313,-0.0916,27,0,No fault,-15.4966,0.0073
2026-08-12T12:03:42.366622,1786529022.366622,28.908860,3212,-58.900235,1,-2.5682,-1119,-0.0769,28,0,No fault,1,12.9721,-855,-0.0549,27,0,No fault,-15.5403,-0.0220
2026-08-12T12:03:42.375399,1786529022.375399,28.917650,3213,-58.804598,1,-3.2676,-820,-0.0769,28,0,No fault,1,12.1852,-1014,-0.0696,27,0,No fault,-15.4529,-0.0073
2026-08-12T12:03:42.405603,1786529022.405603,28.947885,3214,-58.669908,1,-4.9506,-1031,-0.0842,28,0,No fault,1,10.1525,-1102,-0.1282,27,0,No fault,-15.1031,0.0440
2026-08-12T12:03:42.413776,1786529022.413776,28.956043,3215,-58.144413,1,-5.6282,-538,-0.0330,28,0,No fault,1,9.4968,-837,-0.0769,27,0,No fault,-15.1250,0.0440
2026-08-12T12:03:42.424001,1786529022.424001,28.966297,3216,-57.992397,1,-6.9833,-1084,-0.0549,28,0,No fault,1,8.7318,-996,-0.0403,27,0,No fault,-15.7151,-0.0147
2026-08-12T12:03:42.434261,1786529022.434261,28.976530,3217,-57.785830,1,-7.9231,-1067,-0.2015,28,0,No fault,1,7.5079,-1031,-0.0623,27,0,No fault,-15.4310,-0.1392
2026-08-12T12:03:42.444479,1786529022.444479,28.986755,3218,-57.578486,1,-8.5788,-873,-0.0549,28,0,No fault,1,7.0270,-1296,-0.4286,27,0,No fault,-15.6059,0.3736
2026-08-12T12:03:42.454722,1786529022.454722,28.996976,3219,-57.356267,1,-9.3876,-1067,-0.0623,28,0,No fault,1,6.2402,-1296,-0.0696,27,0,No fault,-15.6277,0.0073
2026-08-12T12:03:42.465018,1786529022.465018,29.007284,3220,-57.126574,1,-10.2618,-1137,-0.1575,28,0,No fault,1,5.5844,-1137,-0.0769,27,0,No fault,-15.8463,-0.0806
2026-08-12T12:03:42.475215,1786529022.475215,29.017472,3221,-56.877701,1,-11.4858,-1067,-0.0476,28,0,No fault,1,4.5353,-1049,-0.0549,27,0,No fault,-16.0211,0.0073
2026-08-12T12:03:42.486743,1786529022.486743,29.029005,3222,-56.633887,1,-12.0760,-1119,-0.0842,28,0,No fault,1,3.8359,-1313,-0.1062,27,0,No fault,-15.9119,0.0220
2026-08-12T12:03:42.494661,1786529022.494661,29.036951,3223,-56.341718,1,-12.6224,-1137,-0.0916,28,0,No fault,1,3.3550,-1049,-0.0403,27,0,No fault,-15.9774,-0.0513
2026-08-12T12:03:42.502755,1786529022.502755,29.045014,3224,-56.132069,1,-13.2562,-1102,-0.0403,28,0,No fault,1,2.6556,-1031,-0.0989,27,0,No fault,-15.9119,0.0586
2026-08-12T12:03:42.509596,1786529022.509596,29.051869,3225,-55.918249,1,-13.8245,-1102,-0.1136,28,0,No fault,1,2.3715,-1172,-0.0842,27,0,No fault,-16.1960,-0.0293
2026-08-12T12:03:42.518399,1786529022.518399,29.060655,3226,-55.727939,1,-14.3709,-1208,-0.1355,28,0,No fault,1,1.4753,-1084,-0.0769,27,0,No fault,-15.8463,-0.0586
2026-08-12T12:03:42.524944,1786529022.524944,29.067187,3227,-55.479970,1,-14.9174,-908,-0.1136,28,0,No fault,1,0.9726,-1155,-0.0623,27,0,No fault,-15.8900,-0.0513
2026-08-12T12:03:42.534006,1786529022.534006,29.076274,3228,-55.291165,1,-15.1141,-855,-0.0623,28,0,No fault,1,0.3169,-926,-0.0989,27,0,No fault,-15.4310,0.0366
2026-08-12T12:03:42.540504,1786529022.540504,29.082768,3229,-55.020248,1,-15.8791,-1014,-0.0769,28,0,No fault,1,-0.1639,-1102,-0.1062,27,0,No fault,-15.7151,0.0293
2026-08-12T12:03:42.549723,1786529022.549723,29.091975,3230,-54.823685,1,-16.2506,-978,-0.0623,28,0,No fault,1,-0.8415,-1137,-0.0476,27,0,No fault,-15.4091,-0.0147
2026-08-12T12:03:42.556244,1786529022.556244,29.098499,3231,-54.534605,1,-16.9938,-908,-0.0842,28,0,No fault,1,-1.3005,-1190,-0.1429,27,0,No fault,-15.6933,0.0586
2026-08-12T12:03:42.565270,1786529022.565270,29.107523,3232,-54.330397,1,-17.3872,-1067,-0.0623,28,0,No fault,1,-1.9999,-1031,-0.0696,27,0,No fault,-15.3873,0.0073
2026-08-12T12:03:42.571808,1786529022.571808,29.114059,3233,-54.037808,1,-18.5019,-943,-0.0989,28,0,No fault,1,-2.5245,-996,-0.0989,27,0,No fault,-15.9774,0.0000
2026-08-12T12:03:42.580518,1786529022.580518,29.122774,3234,-53.822330,1,-19.0046,-1102,-0.1136,28,0,No fault,1,-3.2676,-1014,-0.0769,27,0,No fault,-15.7370,-0.0366
2026-08-12T12:03:42.602454,1786529022.602454,29.144806,3235,-53.527997,1,-19.5947,-1031,-0.0623,28,0,No fault,1,-4.4042,-1172,-0.0842,27,0,No fault,-15.1906,0.0220
2026-08-12T12:03:42.610006,1786529022.610006,29.152266,3236,-52.748252,1,-21.7367,-943,-0.0623,28,0,No fault,1,-5.3659,-1454,-0.0330,27,0,No fault,-16.3708,-0.0293
2026-08-12T12:03:42.618102,1786529022.618102,29.160359,3237,-52.487602,1,-21.9116,-943,-0.0330,28,0,No fault,1,-5.9342,-926,-0.0476,27,0,No fault,-15.9774,0.0147
2026-08-12T12:03:42.625257,1786529022.625257,29.167509,3238,-52.188264,1,-22.4143,-767,-0.0989,28,0,No fault,1,-6.3276,-1014,-0.0476,27,0,No fault,-16.0867,-0.0513
2026-08-12T12:03:42.633327,1786529022.633327,29.175583,3239,-51.919453,1,-22.7203,-820,-0.1868,28,0,No fault,1,-7.3986,-749,-0.0989,27,0,No fault,-15.3217,-0.0879
2026-08-12T12:03:42.639738,1786529022.639738,29.181977,3240,-51.612142,1,-23.2011,-908,-0.1282,28,0,No fault,1,-7.5953,-978,-0.0476,27,0,No fault,-15.6059,-0.0806
2026-08-12T12:03:42.648716,1786529022.648716,29.190976,3241,-51.358998,1,-23.8350,-908,-0.0403,28,0,No fault,1,-8.2947,-1049,-0.0623,27,0,No fault,-15.5403,0.0220
2026-08-12T12:03:42.655233,1786529022.655233,29.197472,3242,-51.012048,1,-24.1847,-996,-0.0549,28,0,No fault,1,-8.4696,-1349,-0.2088,27,0,No fault,-15.7151,0.1538
2026-08-12T12:03:42.664320,1786529022.664320,29.206569,3243,-50.754721,1,-24.9278,-873,-0.0623,28,0,No fault,1,-9.2564,-1190,-0.1062,27,0,No fault,-15.6714,0.0440
2026-08-12T12:03:42.670798,1786529022.670798,29.213041,3244,-50.382976,1,-25.0808,-679,-0.0769,28,0,No fault,1,-9.6498,-961,-0.0989,27,0,No fault,-15.4310,0.0220
2026-08-12T12:03:42.680182,1786529022.680182,29.222436,3245,-50.117956,1,-25.6054,-926,-0.0549,28,0,No fault,1,-10.5023,-1102,-0.0623,27,0,No fault,-15.1031,0.0073
2026-08-12T12:03:42.687569,1786529022.687569,29.229811,3246,-49.723234,1,-26.3048,-1014,-0.0623,28,0,No fault,1,-10.9175,-1084,-0.0403,27,0,No fault,-15.3873,-0.0220
2026-08-12T12:03:42.695707,1786529022.695707,29.237978,3247,-49.409082,1,-26.6764,-1014,-0.1062,28,0,No fault,1,-11.6607,-1031,-0.1062,27,0,No fault,-15.0157,0.0000
2026-08-12T12:03:42.701892,1786529022.701892,29.244137,3248,-49.060066,1,-27.1135,-1084,-0.1136,28,0,No fault,1,-12.0541,-1119,-0.0549,27,0,No fault,-15.0594,-0.0586
2026-08-12T12:03:42.711094,1786529022.711094,29.253353,3249,-48.790396,1,-27.6818,-1049,-0.1136,28,0,No fault,1,-12.8410,-926,-0.1062,27,0,No fault,-14.8409,-0.0073
2026-08-12T12:03:42.717877,1786529022.717877,29.260121,3250,-48.377505,1,-28.0315,-767,-0.0769,28,0,No fault,1,-13.2125,-978,-0.0842,27,0,No fault,-14.8190,0.0073
2026-08-12T12:03:42.726453,1786529022.726453,29.268702,3251,-48.057912,1,-28.7091,-1119,-0.0623,27,0,No fault,1,-14.0212,-1084,-0.0476,27,0,No fault,-14.6879,-0.0147
2026-08-12T12:03:42.732982,1786529022.732982,29.275226,3252,-47.686201,1,-29.0588,-978,-0.1062,28,0,No fault,1,-14.4147,-1331,-0.0842,27,0,No fault,-14.6441,-0.0220
2026-08-12T12:03:42.742165,1786529022.742165,29.284409,3253,-47.386902,1,-29.8238,-996,-0.0769,28,0,No fault,1,-15.1578,-926,-0.0696,27,0,No fault,-14.6660,-0.0073
2026-08-12T12:03:42.748611,1786529022.748611,29.290848,3254,-46.960319,1,-30.0642,-978,-0.0769,28,0,No fault,1,-15.5294,-978,-0.0696,27,0,No fault,-14.5349,-0.0073
2026-08-12T12:03:42.757689,1786529022.757689,29.299937,3255,-46.659323,1,-30.8511,-1031,-0.0916,28,0,No fault,1,-16.2725,-978,-0.0549,27,0,No fault,-14.5786,-0.0366
2026-08-12T12:03:42.764237,1786529022.764237,29.306482,3256,-46.220917,1,-31.0696,-767,-0.0769,28,0,No fault,1,-16.7315,-1049,-0.1136,27,0,No fault,-14.3382,0.0366
2026-08-12T12:03:42.773057,1786529022.773057,29.315308,3257,-45.906292,1,-31.8346,-767,-0.0989,28,0,No fault,1,-17.3872,-926,-0.0769,27,0,No fault,-14.4474,-0.0220
2026-08-12T12:03:42.779742,1786529022.779742,29.321986,3258,-45.474177,1,-32.0532,-820,-0.0769,28,0,No fault,1,-17.8680,-1155,-0.1136,27,0,No fault,-14.1852,0.0366
2026-08-12T12:03:42.813365,1786529022.813365,29.355616,3259,-45.135803,1,-33.3865,-961,-0.0696,28,0,No fault,1,-19.6385,-1067,-0.0623,27,0,No fault,-13.7480,-0.0073
2026-08-12T12:03:42.824235,1786529022.824235,29.366517,3260,-43.425605,1,-34.9820,-785,-0.1062,28,0,No fault,1,-20.7313,-1067,-0.1062,27,0,No fault,-14.2507,0.0000
2026-08-12T12:03:42.834485,1786529022.834485,29.376742,3261,-42.846593,1,-35.3099,-820,-0.1136,28,0,No fault,1,-21.8897,-890,-0.0623,27,0,No fault,-13.4202,-0.0513
2026-08-12T12:03:42.844651,1786529022.844651,29.386910,3262,-42.320260,1,-35.7907,-696,-0.1722,28,0,No fault,1,-22.3487,-802,-0.0403,27,0,No fault,-13.4420,-0.1319
2026-08-12T12:03:42.855026,1786529022.855026,29.397283,3263,-41.764577,1,-36.7087,-608,-0.0696,28,0,No fault,1,-23.0919,-1437,-0.0403,27,0,No fault,-13.6169,-0.0293
2026-08-12T12:03:42.865229,1786529022.865229,29.407484,3264,-41.209053,1,-37.0147,-643,-0.0549,27,0,No fault,1,-23.5946,-908,-0.0769,27,0,No fault,-13.4202,0.0220
2026-08-12T12:03:42.875207,1786529022.875207,29.417459,3265,-40.642406,1,-37.6486,-961,-0.0989,28,0,No fault,1,-24.4688,-873,-0.1209,27,0,No fault,-13.1797,0.0220
2026-08-12T12:03:42.885369,1786529022.885369,29.427613,3266,-40.078823,1,-38.2387,-785,-0.0623,28,0,No fault,1,-25.0371,-1031,-0.0916,27,0,No fault,-13.2016,0.0293
2026-08-12T12:03:42.895641,1786529022.895641,29.437886,3267,-39.511653,1,-38.9381,-890,-0.0623,28,0,No fault,1,-25.6928,-1049,-0.0916,27,0,No fault,-13.2453,0.0293
2026-08-12T12:03:42.905836,1786529022.905836,29.448081,3268,-38.932188,1,-39.4627,-1137,-0.1062,28,0,No fault,1,-26.5453,-1296,-0.1062,27,0,No fault,-12.9175,0.0000
2026-08-12T12:03:42.916009,1786529022.916009,29.458254,3269,-38.340309,1,-39.9873,-749,-0.0842,28,0,No fault,1,-27.0917,-1190,-0.1062,27,0,No fault,-12.8956,0.0220
2026-08-12T12:03:42.926223,1786529022.926223,29.468471,3270,-37.748826,1,-40.6867,-785,-0.0842,28,0,No fault,1,-28.1408,-1031,-0.0549,27,0,No fault,-12.5459,-0.0293
2026-08-12T12:03:42.936390,1786529022.936390,29.478645,3271,-37.137174,1,-41.2113,-926,-0.0549,28,0,No fault,1,-28.7091,-1119,-0.0623,27,0,No fault,-12.5022,0.0073
2026-08-12T12:03:42.946626,1786529022.946626,29.488874,3272,-36.536350,1,-41.7358,-943,-0.1136,28,0,No fault,1,-29.2992,-1102,-0.1062,27,0,No fault,-12.4366,-0.0073
2026-08-12T12:03:42.956795,1786529022.956795,29.499043,3273,-35.923594,1,-42.3478,-837,-0.1062,28,0,No fault,1,-29.8894,-855,-0.0696,27,0,No fault,-12.4585,-0.0366
2026-08-12T12:03:42.966965,1786529022.966965,29.509215,3274,-35.313090,1,-42.8068,-820,-0.0623,28,0,No fault,1,-30.5669,-1067,-0.0989,27,0,No fault,-12.2399,0.0366
2026-08-12T12:03:42.977218,1786529022.977218,29.519464,3275,-34.689199,1,-43.3532,-538,-0.0769,27,0,No fault,1,-31.3101,-926,-0.1355,27,0,No fault,-12.0432,0.0586
2026-08-12T12:03:42.983921,1786529022.983921,29.526169,3276,-34.054792,1,-43.6592,-820,-0.0403,28,0,No fault,1,-31.5942,-1190,-0.1062,27,0,No fault,-12.0650,0.0659
2026-08-12T12:03:43.011620,1786529023.011620,29.553900,3277,-33.634645,1,-44.7084,-661,-0.0916,28,0,No fault,1,-33.2990,-890,-0.0989,27,0,No fault,-11.4093,0.0073
2026-08-12T12:03:43.021158,1786529023.021158,29.563404,3278,-31.878395,1,-45.4734,-555,-0.0549,28,0,No fault,1,-33.8673,-785,-0.0916,27,0,No fault,-11.6060,0.0366
2026-08-12T12:03:43.031469,1786529023.031469,29.573768,3279,-31.260726,1,-45.8449,-696,-0.0769,28,0,No fault,1,-35.1787,-626,-0.0769,27,0,No fault,-10.6662,0.0000
2026-08-12T12:03:43.041495,1786529023.041495,29.583736,3280,-30.599627,1,-46.1946,-608,-0.0403,28,0,No fault,1,-35.4629,-996,-0.0403,27,0,No fault,-10.7318,0.0000
2026-08-12T12:03:43.051692,1786529023.051692,29.593942,3281,-29.941378,1,-46.7411,-485,-0.0769,28,0,No fault,1,-35.9000,-785,-0.1282,27,0,No fault,-10.8410,0.0513
2026-08-12T12:03:43.061879,1786529023.061879,29.604135,3282,-29.284584,1,-47.1345,-608,-0.0696,28,0,No fault,1,-36.6432,-873,-0.1355,27,0,No fault,-10.4913,0.0659
2026-08-12T12:03:43.072057,1786529023.072057,29.614298,3283,-28.609847,1,-47.5935,-767,-0.0769,28,0,No fault,1,-37.1677,-626,-0.0916,27,0,No fault,-10.4258,0.0147
2026-08-12T12:03:43.082283,1786529023.082283,29.624539,3284,-27.943493,1,-47.9432,-802,-0.1136,27,0,No fault,1,-37.8016,-1243,-0.0989,27,0,No fault,-10.1416,-0.0147
2026-08-12T12:03:43.092440,1786529023.092440,29.634686,3285,-27.255630,1,-48.4896,-908,-0.0989,28,0,No fault,1,-38.4354,-326,-0.0989,27,0,No fault,-10.0542,0.0000
2026-08-12T12:03:43.102725,1786529023.102725,29.644972,3286,-26.571520,1,-48.9049,-502,-0.0916,28,0,No fault,1,-38.9819,-749,-0.0916,27,0,No fault,-9.9231,0.0000
2026-08-12T12:03:43.112830,1786529023.112830,29.655078,3287,-25.875064,1,-49.2983,-502,-0.0769,27,0,No fault,1,-39.7250,-837,-0.0549,27,0,No fault,-9.5733,-0.0220
2026-08-12T12:03:43.119405,1786529023.119405,29.661644,3288,-25.185381,1,-49.6699,-714,-0.0769,28,0,No fault,1,-39.8780,-749,-0.0549,27,0,No fault,-9.7919,-0.0220
2026-08-12T12:03:43.128103,1786529023.128103,29.670345,3289,-24.736787,1,-49.7573,-573,-0.0769,28,0,No fault,1,-40.4463,-608,-0.0916,27,0,No fault,-9.3111,0.0147
2026-08-12T12:03:43.134641,1786529023.134641,29.676888,3290,-24.138655,1,-50.1945,-732,-0.0769,28,0,No fault,1,-40.7523,-643,-0.0696,27,0,No fault,-9.4422,-0.0073
2026-08-12T12:03:43.143521,1786529023.143521,29.685763,3291,-23.666237,1,-50.3912,-432,-0.0842,28,0,No fault,1,-41.4517,-714,-0.1136,27,0,No fault,-8.9395,0.0293
2026-08-12T12:03:43.149858,1786529023.149858,29.692096,3292,-23.070424,1,-50.6535,-555,-0.0989,28,0,No fault,1,-41.7795,-643,-0.0549,27,0,No fault,-8.8739,-0.0440
2026-08-12T12:03:43.158906,1786529023.158906,29.701147,3293,-22.628040,1,-50.9813,-608,-0.0476,28,0,No fault,1,-42.2604,-767,-0.0916,27,0,No fault,-8.7209,0.0440
2026-08-12T12:03:43.165505,1786529023.165505,29.707755,3294,-21.992263,1,-51.3747,-309,-0.0549,28,0,No fault,1,-42.5882,-802,-0.0989,27,0,No fault,-8.7865,0.0440
2026-08-12T12:03:43.174232,1786529023.174232,29.716482,3295,-21.526736,1,-51.5714,-538,-0.0769,28,0,No fault,1,-43.0691,-837,-0.0989,27,0,No fault,-8.5023,0.0220
2026-08-12T12:03:43.180934,1786529023.180934,29.723178,3296,-20.911609,1,-51.9649,-908,-0.0549,28,0,No fault,1,-43.3532,-538,-0.0769,27,0,No fault,-8.6116,0.0220
2026-08-12T12:03:43.189466,1786529023.189466,29.731709,3297,-20.439630,1,-51.9649,-908,-0.0549,28,0,No fault,1,-43.8122,-573,-0.0842,27,0,No fault,-8.1526,0.0293
2026-08-12T12:03:43.218545,1786529023.218545,29.760872,3298,-19.821528,1,-52.5769,-696,-0.1136,28,0,No fault,1,-45.1237,-696,-0.1062,27,0,No fault,-7.4532,-0.0073
2026-08-12T12:03:43.226960,1786529023.226960,29.769224,3299,-17.728370,1,-52.8829,-485,-0.0916,28,0,No fault,1,-45.5826,-573,-0.0110,27,0,No fault,-7.3002,-0.0806
2026-08-12T12:03:43.237072,1786529023.237072,29.779316,3300,-17.134606,1,-53.1670,-555,-0.0989,28,0,No fault,1,-46.1291,-626,-0.0403,27,0,No fault,-7.0379,-0.0586
2026-08-12T12:03:43.243762,1786529023.243762,29.786002,3301,-16.405675,1,-53.9320,-520,-0.0549,28,0,No fault,1,-46.3476,-714,-0.1209,27,0,No fault,-7.5844,0.0659
2026-08-12T12:03:43.252325,1786529023.252325,29.794562,3302,-15.930660,1,-53.9976,-414,-0.0476,28,0,No fault,1,-46.6755,-626,-0.1502,27,0,No fault,-7.3221,0.1026
2026-08-12T12:03:43.258656,1786529023.258656,29.800892,3303,-15.307182,1,-54.0850,-538,-0.0256,28,0,No fault,1,-47.0033,-502,-0.0696,27,0,No fault,-7.0816,0.0440
2026-08-12T12:03:43.267623,1786529023.267623,29.809861,3304,-14.833293,1,-54.3910,-502,-0.1209,28,0,No fault,1,-47.3749,-467,-0.0989,27,0,No fault,-7.0161,-0.0220
2026-08-12T12:03:43.274339,1786529023.274339,29.816576,3305,-14.188397,1,-54.4347,-238,-0.0696,28,0,No fault,1,-47.7028,-837,-0.1062,27,0,No fault,-6.7319,0.0366
2026-08-12T12:03:43.283095,1786529023.283095,29.825329,3306,-13.691600,1,-54.7407,-397,-0.0989,28,0,No fault,1,-48.0743,-1102,-0.0476,27,0,No fault,-6.6664,-0.0513
2026-08-12T12:03:43.289426,1786529023.289426,29.831689,3307,-13.053308,1,-54.8500,-79,-0.1062,28,0,No fault,1,-48.3803,-837,-0.0842,27,0,No fault,-6.4697,-0.0220
2026-08-12T12:03:43.298624,1786529023.298624,29.840861,3308,-12.584581,1,-55.1778,-591,-0.0696,28,0,No fault,1,-48.7738,-732,-0.0549,27,0,No fault,-6.4041,-0.0147
2026-08-12T12:03:43.304989,1786529023.304989,29.847239,3309,-11.906619,1,-55.2871,-714,-0.0769,28,0,No fault,1,-49.0579,-485,-0.0842,27,0,No fault,-6.2292,0.0073
2026-08-12T12:03:43.314101,1786529023.314101,29.856345,3310,-11.424945,1,-55.6150,-520,-0.0769,28,0,No fault,1,-49.4076,-714,-0.0842,27,0,No fault,-6.2074,0.0073
2026-08-12T12:03:43.321083,1786529023.321083,29.863325,3311,-10.736795,1,-55.8554,-326,-0.0549,28,0,No fault,1,-49.7136,-661,-0.0549,27,0,No fault,-6.1418,0.0000
2026-08-12T12:03:43.329618,1786529023.329618,29.871860,3312,-10.241634,1,-56.0303,-361,-0.0403,28,0,No fault,1,-50.0196,-238,-0.0989,27,0,No fault,-6.0107,0.0586
2026-08-12T12:03:43.336200,1786529023.336200,29.878447,3313,-9.606715,1,-56.1177,-608,-0.0403,28,0,No fault,1,-50.3256,-573,-0.0696,27,0,No fault,-5.7921,0.0293
2026-08-12T12:03:43.345062,1786529023.345062,29.887325,3314,-9.110632,1,-56.1833,-467,-0.1355,27,0,No fault,1,-50.6535,-855,-0.0769,27,0,No fault,-5.5298,-0.0586
2026-08-12T12:03:43.352243,1786529023.352243,29.894498,3315,-8.452529,1,-56.4455,-115,-0.0989,28,0,No fault,1,-50.9157,-643,-0.1062,27,0,No fault,-5.5298,0.0073
2026-08-12T12:03:43.360351,1786529023.360351,29.902604,3316,-7.902593,1,-56.6204,-432,-0.0842,28,0,No fault,1,-51.1999,-379,-0.1062,27,0,No fault,-5.4205,0.0220
2026-08-12T12:03:43.367314,1786529023.367314,29.909557,3317,-7.311399,1,-56.8171,-573,-0.0916,28,0,No fault,1,-51.4622,-502,-0.1209,27,0,No fault,-5.3550,0.0293
2026-08-12T12:03:43.375857,1786529023.375857,29.918104,3318,-6.789984,1,-56.9264,-379,-0.1209,28,0,No fault,1,-51.7682,-608,-0.0623,27,0,No fault,-5.1582,-0.0586
2026-08-12T12:03:43.382165,1786529023.382165,29.924407,3319,-6.151780,1,-57.1013,-203,-0.0842,28,0,No fault,1,-52.0523,-555,-0.0842,27,0,No fault,-5.0490,0.0000
2026-08-12T12:03:43.391469,1786529023.391469,29.933712,3320,-5.665372,1,-57.3417,-379,-0.0916,28,0,No fault,1,-52.3146,-573,-0.1209,27,0,No fault,-5.0271,0.0293
2026-08-12T12:03:43.424219,1786529023.424219,29.966503,3321,-4.974101,1,-57.6258,-450,-0.0769,28,0,No fault,1,-53.3856,-203,-0.0769,27,0,No fault,-4.2402,0.0000
2026-08-12T12:03:43.434248,1786529023.434248,29.976521,3322,-2.503766,1,-57.8225,-167,-0.0916,28,0,No fault,1,-53.9757,-397,-0.0549,27,0,No fault,-3.8468,-0.0366
2026-08-12T12:03:43.441233,1786529023.441233,29.983502,3323,-1.747602,1,-57.9100,-344,-0.0696,28,0,No fault,1,-54.0413,-150,-0.1062,27,0,No fault,-3.8687,0.0366
2026-08-12T12:03:43.450230,1786529023.450230,29.992493,3324,-1.211442,1,-57.9974,-44,-0.0769,28,0,No fault,1,-54.2599,-344,-0.0989,27,0,No fault,-3.7375,0.0220
2026-08-12T12:03:43.457004,1786529023.457004,29.999252,3325,-0.548113,1,-58.3034,-220,-0.0330,28,0,No fault,1,-54.3473,-273,-0.0769,27,0,No fault,-3.9561,0.0440
2026-08-12T12:03:43.465707,1786529023.465707,30.007963,3326,-0.040651,1,-58.3471,-132,-0.0330,28,0,No fault,1,-54.6533,-273,-0.0476,27,0,No fault,-3.6938,0.0147
