wall_time_iso,wall_time_epoch_s,elapsed_s,phase_index,phase_command_erpm,phase_duration_s,sample_index,command_erpm,left_motor_id,left_motor_label,left_feedback_position_deg,left_feedback_speed_erpm,left_feedback_current_amps,left_feedback_temperature_c,left_feedback_error_code,left_feedback_error_description,right_motor_id,right_motor_label,right_feedback_position_deg,right_feedback_speed_erpm,right_feedback_current_amps,right_feedback_temperature_c,right_feedback_error_code,right_feedback_error_description,sync_error_erpm
2026-08-12T10:55:52.425,1786524952.425626,0.009238,1,3000,5.000000,1,3000,0x03,single,-21.270054,67,-0.002930,173,0,No fault,,,,,,,,,
2026-08-12T10:55:52.431,1786524952.431509,0.015044,1,3000,5.000000,2,3000,0x03,single,-20.589236,3015,0.366300,173,0,No fault,,,,,,,,,
2026-08-12T10:55:52.436,1786524952.436819,0.020350,1,3000,5.000000,3,3000,0x03,single,-19.820572,2836,0.008791,173,0,No fault,,,,,,,,,
2026-08-12T10:55:52.442,1786524952.442094,0.025631,1,3000,5.000000,4,3000,0x03,single,-19.117792,2791,0.096703,174,0,No fault,,,,,,,,,
2026-08-12T10:55:52.447,1786524952.447417,0.030965,1,3000,5.000000,5,3000,0x03,single,-18.458937,2568,0.231502,173,0,No fault,,,,,,,,,
2026-08-12T10:55:52.452,1786524952.452798,0.036347,1,3000,5.000000,6,3000,0x03,single,-17.734196,2925,0.213919,173,0,No fault,,,,,,,,,
2026-08-12T10:55:52.458,1786524952.458205,0.041742,1,3000,5.000000,7,3000,0x03,single,-17.009454,2702,0.178755,173,0,No fault,,,,,,,,,
2026-08-12T10:55:52.463,1786524952.463539,0.047079,1,3000,5.000000,8,3000,0x03,single,-16.328637,2836,0.161172,173,0,No fault,,,,,,,,,
2026-08-12T10:55:52.468,1786524952.468884,0.052424,1,3000,5.000000,9,3000,0x03,single,-15.625858,2791,0.161172,173,0,No fault,,,,,,,,,
2026-08-12T10:55:52.474,1786524952.474200,0.057733,1,3000,5.000000,10,3000,0x03,single,-14.901117,2970,0.184615,171,0,No fault,,,,,,,,,
2026-08-12T10:55:52.479,1786524952.479500,0.063036,1,3000,5.000000,11,3000,0x03,single,-14.198337,2836,0.178755,171,0,No fault,,,,,,,,,
2026-08-12T10:55:52.484,1786524952.484907,0.068445,1,3000,5.000000,12,3000,0x03,single,-13.495558,2791,0.149451,172,0,No fault,,,,,,,,,
2026-08-12T10:55:52.490,1786524952.490277,0.073810,1,3000,5.000000,13,3000,0x03,single,-12.770817,3059,0.120147,173,0,No fault,,,,,,,,,
2026-08-12T10:55:52.495,1786524952.495729,0.079270,1,3000,5.000000,14,3000,0x03,single,-12.068038,2925,0.184615,173,0,No fault,,,,,,,,,
2026-08-12T10:55:52.501,1786524952.501143,0.084685,1,3000,5.000000,15,3000,0x03,single,-11.365258,3015,0.208059,173,0,No fault,,,,,,,,,
2026-08-12T10:55:52.506,1786524952.506570,0.090109,1,3000,5.000000,16,3000,0x03,single,-10.662479,2970,0.114286,171,0,No fault,,,,,,,,,
2026-08-12T10:55:52.511,1786524952.511897,0.095435,1,3000,5.000000,17,3000,0x03,single,-9.959700,3015,0.096703,172,0,No fault,,,,,,,,,
2026-08-12T10:55:52.517,1786524952.517226,0.100759,1,3000,5.000000,18,3000,0x03,single,-9.256921,2836,0.143590,174,0,No fault,,,,,,,,,
2026-08-12T10:55:52.522,1786524952.522671,0.106217,1,3000,5.000000,19,3000,0x03,single,-8.554141,2881,0.178755,171,0,No fault,,,,,,,,,
2026-08-12T10:55:52.528,1786524952.528179,0.111713,1,3000,5.000000,20,3000,0x03,single,-7.126621,3149,0.108425,172,0,No fault,,,,,,,,,
2026-08-12T10:55:52.533,1786524952.533485,0.117012,1,3000,5.000000,21,3000,0x03,single,-6.445804,2657,0.161172,172,0,No fault,,,,,,,,,
2026-08-12T10:55:52.538,1786524952.538746,0.122283,1,3000,5.000000,22,3000,0x03,single,-5.743024,2613,0.149451,172,0,No fault,,,,,,,,,
2026-08-12T10:55:52.544,1786524952.544045,0.127577,1,3000,5.000000,23,3000,0x03,single,-5.040245,2657,0.120147,173,0,No fault,,,,,,,,,
2026-08-12T10:55:52.549,1786524952.549323,0.132860,1,3000,5.000000,24,3000,0x03,single,-4.315504,2881,0.102564,173,0,No fault,,,,,,,,,
2026-08-12T10:55:52.554,1786524952.554632,0.138162,1,3000,5.000000,25,3000,0x03,single,-3.590763,2970,0.155311,173,0,No fault,,,,,,,,,
2026-08-12T10:55:52.559,1786524952.559901,0.143425,1,3000,5.000000,26,3000,0x03,single,-2.887984,2836,0.172894,174,0,No fault,,,,,,,,,
2026-08-12T10:55:52.565,1786524952.565169,0.148704,1,3000,5.000000,27,3000,0x03,single,-2.185204,2836,0.143590,174,0,No fault,,,,,,,,,
2026-08-12T10:55:52.570,1786524952.570640,0.154166,1,3000,5.000000,28,3000,0x03,single,-1.460463,3015,0.131868,173,0,No fault,,,,,,,,,
2026-08-12T10:55:52.575,1786524952.575882,0.159401,1,3000,5.000000,29,3000,0x03,single,-0.757684,3059,0.167033,174,0,No fault,,,,,,,,,
2026-08-12T10:55:52.581,1786524952.581094,0.164612,1,3000,5.000000,30,3000,0x03,single,-0.054905,2747,0.190476,173,0,No fault,,,,,,,,,
2026-08-12T10:55:52.586,1786524952.586345,0.169875,1,3000,5.000000,31,3000,0x03,single,0.625913,2702,0.172894,172,0,No fault,,,,,,,,,
2026-08-12T10:55:52.591,1786524952.591648,0.175183,1,3000,5.000000,32,3000,0x03,single,1.350654,3015,0.126007,173,0,No fault,,,,,,,,,
2026-08-12T10:55:52.596,1786524952.596931,0.180451,1,3000,5.000000,33,3000,0x03,single,2.053433,2836,0.161172,172,0,No fault,,,,,,,,,
2026-08-12T10:55:52.602,1786524952.602181,0.185706,1,3000,5.000000,34,3000,0x03,single,2.778174,2836,0.184615,175,0,No fault,,,,,,,,,
2026-08-12T10:55:52.617,1786524952.617635,0.201175,1,3000,5.000000,35,3000,0x03,single,5.611253,2836,0.231502,175,0,No fault,,,,,,,,,
2026-08-12T10:55:52.622,1786524952.622925,0.206450,1,3000,5.000000,36,3000,0x03,single,5.962643,2970,0.161172,172,0,No fault,,,,,,,,,
2026-08-12T10:55:52.628,1786524952.628157,0.211679,1,3000,5.000000,37,3000,0x03,single,6.335994,2747,0.190476,173,0,No fault,,,,,,,,,
2026-08-12T10:55:52.633,1786524952.633469,0.217020,1,3000,5.000000,38,3000,0x03,single,7.060735,2836,0.131868,173,0,No fault,,,,,,,,,
2026-08-12T10:55:52.638,1786524952.638781,0.222304,1,3000,5.000000,39,3000,0x03,single,7.785477,2836,0.172894,173,0,No fault,,,,,,,,,
2026-08-12T10:55:52.644,1786524952.644000,0.227519,1,3000,5.000000,40,3000,0x03,single,8.466294,2702,0.213919,172,0,No fault,,,,,,,,,
2026-08-12T10:55:52.649,1786524952.649217,0.232734,1,3000,5.000000,41,3000,0x03,single,9.169073,2925,0.161172,169,0,No fault,,,,,,,,,
2026-08-12T10:55:52.654,1786524952.654417,0.237934,1,3000,5.000000,42,3000,0x03,single,9.893814,2791,0.114286,173,0,No fault,,,,,,,,,
2026-08-12T10:55:52.659,1786524952.659637,0.243171,1,3000,5.000000,43,3000,0x03,single,10.596594,2747,0.137729,173,0,No fault,,,,,,,,,
2026-08-12T10:55:52.664,1786524952.664916,0.248442,1,3000,5.000000,44,3000,0x03,single,11.321335,2836,0.149451,173,0,No fault,,,,,,,,,
2026-08-12T10:55:52.670,1786524952.670163,0.253685,1,3000,5.000000,45,3000,0x03,single,12.024114,2836,0.131868,172,0,No fault,,,,,,,,,
2026-08-12T10:55:52.675,1786524952.675427,0.258957,1,3000,5.000000,46,3000,0x03,single,12.748855,3104,0.084982,172,0,No fault,,,,,,,,,
2026-08-12T10:55:52.680,1786524952.680700,0.264220,1,3000,5.000000,47,3000,0x03,single,13.451634,3149,0.172894,172,0,No fault,,,,,,,,,
2026-08-12T10:55:52.685,1786524952.685920,0.269437,1,3000,5.000000,48,3000,0x03,single,14.154414,3015,0.137729,172,0,No fault,,,,,,,,,
2026-08-12T10:55:52.691,1786524952.691177,0.274708,1,3000,5.000000,49,3000,0x03,single,14.857193,3015,0.126007,173,0,No fault,,,,,,,,,
2026-08-12T10:55:52.696,1786524952.696461,0.279982,1,3000,5.000000,50,3000,0x03,single,15.581934,2925,0.073260,172,0,No fault,,,,,,,,,
2026-08-12T10:55:52.701,1786524952.701680,0.285199,1,3000,5.000000,51,3000,0x03,single,16.284713,2791,0.149451,172,0,No fault,,,,,,,,,
2026-08-12T10:55:52.707,1786524952.707001,0.290520,1,3000,5.000000,52,3000,0x03,single,16.987493,2970,0.131868,173,0,No fault,,,,,,,,,
2026-08-12T10:55:52.712,1786524952.712338,0.295870,1,3000,5.000000,53,3000,0x03,single,17.690272,2702,0.155311,173,0,No fault,,,,,,,,,
2026-08-12T10:55:52.717,1786524952.717939,0.301474,1,3000,5.000000,54,3000,0x03,single,19.117792,2836,0.178755,171,0,No fault,,,,,,,,,
2026-08-12T10:55:52.723,1786524952.723268,0.306800,1,3000,5.000000,55,3000,0x03,single,19.820572,2925,0.184615,175,0,No fault,,,,,,,,,
2026-08-12T10:55:52.728,1786524952.728587,0.312122,1,3000,5.000000,56,3000,0x03,single,20.523351,3015,0.155311,175,0,No fault,,,,,,,,,
2026-08-12T10:55:52.733,1786524952.733909,0.317443,1,3000,5.000000,57,3000,0x03,single,21.226130,3015,0.108425,173,0,No fault,,,,,,,,,
2026-08-12T10:55:52.739,1786524952.739332,0.322859,1,3000,5.000000,58,3000,0x03,single,21.928909,2836,0.149451,173,0,No fault,,,,,,,,,
2026-08-12T10:55:52.744,1786524952.744593,0.328119,1,3000,5.000000,59,3000,0x03,single,22.631689,2925,0.202198,173,0,No fault,,,,,,,,,
2026-08-12T10:55:52.749,1786524952.749865,0.333401,1,3000,5.000000,60,3000,0x03,single,23.334468,2881,0.184615,173,0,No fault,,,,,,,,,
2026-08-12T10:55:52.755,1786524952.755163,0.338686,1,3000,5.000000,61,3000,0x03,single,24.059209,3015,0.120147,173,0,No fault,,,,,,,,,
2026-08-12T10:55:52.760,1786524952.760401,0.343922,1,3000,5.000000,62,3000,0x03,single,24.740026,2791,0.196337,173,0,No fault,,,,,,,,,
2026-08-12T10:55:52.765,1786524952.765637,0.349158,1,3000,5.000000,63,3000,0x03,single,25.442806,2702,0.190476,172,0,No fault,,,,,,,,,
2026-08-12T10:55:52.770,1786524952.770966,0.354500,1,3000,5.000000,64,3000,0x03,single,26.145585,2925,0.172894,173,0,No fault,,,,,,,,,
2026-08-12T10:55:52.776,1786524952.776266,0.359790,1,3000,5.000000,65,3000,0x03,single,26.848364,2881,0.137729,173,0,No fault,,,,,,,,,
2026-08-12T10:55:52.781,1786524952.781542,0.365076,1,3000,5.000000,66,3000,0x03,single,27.551144,2836,0.167033,172,0,No fault,,,,,,,,,
2026-08-12T10:55:52.786,1786524952.786881,0.370422,1,3000,5.000000,67,3000,0x03,single,28.253923,2970,0.219780,172,0,No fault,,,,,,,,,
2026-08-12T10:55:52.792,1786524952.792248,0.375778,1,3000,5.000000,68,3000,0x03,single,28.956702,2702,0.149451,173,0,No fault,,,,,,,,,
2026-08-12T10:55:52.797,1786524952.797565,0.381094,1,3000,5.000000,69,3000,0x03,single,29.659481,3015,0.137729,173,0,No fault,,,,,,,,,
2026-08-12T10:55:52.802,1786524952.802864,0.386394,1,3000,5.000000,70,3000,0x03,single,30.362261,2970,0.137729,173,0,No fault,,,,,,,,,
2026-08-12T10:55:52.808,1786524952.808211,0.391747,1,3000,5.000000,71,3000,0x03,single,31.087002,3059,0.167033,173,0,No fault,,,,,,,,,
2026-08-12T10:55:52.823,1786524952.823821,0.407359,1,3000,5.000000,72,3000,0x03,single,33.985966,2925,0.149451,173,0,No fault,,,,,,,,,
2026-08-12T10:55:52.830,1786524952.830287,0.413820,1,3000,5.000000,73,3000,0x03,single,34.732669,3015,0.149451,171,0,No fault,,,,,,,,,
2026-08-12T10:55:52.835,1786524952.835595,0.419120,1,3000,5.000000,74,3000,0x03,single,35.435448,2970,0.061538,173,0,No fault,,,,,,,,,
2026-08-12T10:55:52.840,1786524952.840863,0.424393,1,3000,5.000000,75,3000,0x03,single,36.138228,2702,0.167033,173,0,No fault,,,,,,,,,
2026-08-12T10:55:52.846,1786524952.846477,0.430001,1,3000,5.000000,76,3000,0x03,single,36.841007,2836,0.167033,172,0,No fault,,,,,,,,,
2026-08-12T10:55:52.852,1786524952.852804,0.436322,1,3000,5.000000,77,3000,0x03,single,37.543786,2925,0.155311,172,0,No fault,,,,,,,,,
2026-08-12T10:55:52.858,1786524952.858058,0.441592,1,3000,5.000000,78,3000,0x03,single,38.224604,2702,0.137729,176,0,No fault,,,,,,,,,
2026-08-12T10:55:52.863,1786524952.863356,0.446878,1,3000,5.000000,79,3000,0x03,single,38.949345,2970,0.149451,171,0,No fault,,,,,,,,,
2026-08-12T10:55:52.868,1786524952.868581,0.452099,1,3000,5.000000,80,3000,0x03,single,39.652124,2881,0.213919,173,0,No fault,,,,,,,,,
2026-08-12T10:55:52.873,1786524952.873844,0.457379,1,3000,5.000000,81,3000,0x03,single,40.354903,3104,0.172894,174,0,No fault,,,,,,,,,
2026-08-12T10:55:52.879,1786524952.879179,0.462700,1,3000,5.000000,82,3000,0x03,single,41.035721,2881,0.161172,172,0,No fault,,,,,,,,,
2026-08-12T10:55:52.884,1786524952.884440,0.467972,1,3000,5.000000,83,3000,0x03,single,41.760462,3015,0.178755,172,0,No fault,,,,,,,,,
2026-08-12T10:55:52.889,1786524952.889730,0.473259,1,3000,5.000000,84,3000,0x03,single,42.463241,3015,0.213919,173,0,No fault,,,,,,,,,
2026-08-12T10:55:52.895,1786524952.895033,0.478563,1,3000,5.000000,85,3000,0x03,single,43.166020,2836,0.196337,171,0,No fault,,,,,,,,,
2026-08-12T10:55:52.900,1786524952.900341,0.483879,1,3000,5.000000,86,3000,0x03,single,43.846838,2836,0.137729,173,0,No fault,,,,,,,,,
2026-08-12T10:55:52.905,1786524952.905734,0.489275,1,3000,5.000000,87,3000,0x03,single,44.571579,2881,0.172894,172,0,No fault,,,,,,,,,
2026-08-12T10:55:52.911,1786524952.911191,0.494715,1,3000,5.000000,88,3000,0x03,single,45.274358,2836,0.190476,173,0,No fault,,,,,,,,,
2026-08-12T10:55:52.916,1786524952.916476,0.500014,1,3000,5.000000,89,3000,0x03,single,45.999099,2925,0.184615,170,0,No fault,,,,,,,,,
2026-08-12T10:55:52.921,1786524952.921892,0.505426,1,3000,5.000000,90,3000,0x03,single,46.679917,2836,0.114286,174,0,No fault,,,,,,,,,
2026-08-12T10:55:52.927,1786524952.927374,0.510907,1,3000,5.000000,91,3000,0x03,single,48.107437,2970,0.202198,172,0,No fault,,,,,,,,,
2026-08-12T10:55:52.932,1786524952.932665,0.516190,1,3000,5.000000,92,3000,0x03,single,48.788255,2836,0.172894,173,0,No fault,,,,,,,,,
2026-08-12T10:55:52.937,1786524952.937943,0.521479,1,3000,5.000000,93,3000,0x03,single,49.491034,2836,0.131868,172,0,No fault,,,,,,,,,
2026-08-12T10:55:52.943,1786524952.943253,0.526780,1,3000,5.000000,94,3000,0x03,single,50.215775,3149,0.155311,169,0,No fault,,,,,,,,,
2026-08-12T10:55:52.948,1786524952.948500,0.532020,1,3000,5.000000,95,3000,0x03,single,50.918554,2925,0.172894,172,0,No fault,,,,,,,,,
2026-08-12T10:55:52.953,1786524952.953750,0.537279,1,3000,5.000000,96,3000,0x03,single,51.621334,2836,0.167033,174,0,No fault,,,,,,,,,
2026-08-12T10:55:52.959,1786524952.959046,0.542586,1,3000,5.000000,97,3000,0x03,single,52.324113,3015,0.096703,171,0,No fault,,,,,,,,,
2026-08-12T10:55:52.964,1786524952.964378,0.547915,1,3000,5.000000,98,3000,0x03,single,53.070816,2881,0.108425,173,0,No fault,,,,,,,,,
2026-08-12T10:55:52.969,1786524952.969704,0.553232,1,3000,5.000000,99,3000,0x03,single,53.751633,2925,0.149451,175,0,No fault,,,,,,,,,
2026-08-12T10:55:52.974,1786524952.974998,0.558534,1,3000,5.000000,100,3000,0x03,single,54.476374,2881,0.120147,176,0,No fault,,,,,,,,,
2026-08-12T10:55:52.980,1786524952.980318,0.563853,1,3000,5.000000,101,3000,0x03,single,55.157192,2881,0.096703,173,0,No fault,,,,,,,,,
2026-08-12T10:55:52.985,1786524952.985609,0.569131,1,3000,5.000000,102,3000,0x03,single,55.881933,3015,0.137729,173,0,No fault,,,,,,,,,
2026-08-12T10:55:52.990,1786524952.990848,0.574372,1,3000,5.000000,103,3000,0x03,single,56.584712,3015,0.178755,173,0,No fault,,,,,,,,,
2026-08-12T10:55:52.996,1786524952.996111,0.579648,1,3000,5.000000,104,3000,0x03,single,57.287491,2836,0.149451,176,0,No fault,,,,,,,,,
2026-08-12T10:55:53.001,1786524953.001481,0.585020,1,3000,5.000000,105,3000,0x03,single,57.990271,2836,0.120147,176,0,No fault,,,,,,,,,
2026-08-12T10:55:53.006,1786524953.006830,0.590373,1,3000,5.000000,106,3000,0x03,single,58.715012,2881,0.120147,171,0,No fault,,,,,,,,,
2026-08-12T10:55:53.012,1786524953.012216,0.595755,1,3000,5.000000,107,3000,0x03,single,59.417791,2791,0.196337,172,0,No fault,,,,,,,,,
2026-08-12T10:55:53.028,1786524953.028368,0.611910,1,3000,5.000000,108,3000,0x03,single,62.163023,3015,0.167033,173,0,No fault,,,,,,,,,
2026-08-12T10:55:53.033,1786524953.033943,0.617485,1,3000,5.000000,109,3000,0x03,single,62.514412,2970,0.202198,170,0,No fault,,,,,,,,,
2026-08-12T10:55:53.039,1786524953.039267,0.622793,1,3000,5.000000,110,3000,0x03,single,63.634467,3015,0.137729,173,0,No fault,,,,,,,,,
2026-08-12T10:55:53.044,1786524953.044533,0.628069,1,3000,5.000000,111,3000,0x03,single,64.315284,3104,0.167033,172,0,No fault,,,,,,,,,
2026-08-12T10:55:53.049,1786524953.049820,0.633347,1,3000,5.000000,112,3000,0x03,single,65.018063,2970,0.213919,173,0,No fault,,,,,,,,,
2026-08-12T10:55:53.055,1786524953.055110,0.638647,1,3000,5.000000,113,3000,0x03,single,65.720843,2925,0.237363,173,0,No fault,,,,,,,,,
2026-08-12T10:55:53.060,1786524953.060415,0.643951,1,3000,5.000000,114,3000,0x03,single,66.423622,3015,0.167033,172,0,No fault,,,,,,,,,
2026-08-12T10:55:53.065,1786524953.065718,0.649249,1,3000,5.000000,115,3000,0x03,single,67.148363,2881,0.120147,173,0,No fault,,,,,,,,,
2026-08-12T10:55:53.070,1786524953.070973,0.654495,1,3000,5.000000,116,3000,0x03,single,67.851142,2791,0.184615,172,0,No fault,,,,,,,,,
2026-08-12T10:55:53.076,1786524953.076202,0.659723,1,3000,5.000000,117,3000,0x03,single,68.553922,2836,0.196337,173,0,No fault,,,,,,,,,
2026-08-12T10:55:53.081,1786524953.081536,0.665150,1,3000,5.000000,118,3000,0x03,single,69.256701,2836,0.126007,173,0,No fault,,,,,,,,,
2026-08-12T10:55:53.086,1786524953.086880,0.670406,1,3000,5.000000,119,3000,0x03,single,69.959480,2747,0.137729,172,0,No fault,,,,,,,,,
2026-08-12T10:55:53.092,1786524953.092144,0.675668,1,3000,5.000000,120,3000,0x03,single,70.684221,3059,0.143590,174,0,No fault,,,,,,,,,
2026-08-12T10:55:53.097,1786524953.097386,0.680911,1,3000,5.000000,121,3000,0x03,single,71.387000,2791,0.137729,174,0,No fault,,,,,,,,,
2026-08-12T10:55:53.102,1786524953.102676,0.686207,1,3000,5.000000,122,3000,0x03,single,72.089780,2970,0.102564,175,0,No fault,,,,,,,,,
2026-08-12T10:55:53.107,1786524953.107978,0.691512,1,3000,5.000000,123,3000,0x03,single,72.770597,2702,0.096703,172,0,No fault,,,,,,,,,
2026-08-12T10:55:53.113,1786524953.113300,0.696831,1,3000,5.000000,124,3000,0x03,single,73.517300,3104,0.137729,172,0,No fault,,,,,,,,,
2026-08-12T10:55:53.118,1786524953.118628,0.702157,1,3000,5.000000,125,3000,0x03,single,74.220079,2970,0.143590,173,0,No fault,,,,,,,,,
2026-08-12T10:55:53.123,1786524953.123929,0.707474,1,3000,5.000000,126,3000,0x03,single,74.944820,3104,0.114286,173,0,No fault,,,,,,,,,
2026-08-12T10:55:53.129,1786524953.129269,0.712793,1,3000,5.000000,127,3000,0x03,single,75.647600,2925,0.073260,174,0,No fault,,,,,,,,,
2026-08-12T10:55:53.134,1786524953.134521,0.718047,1,3000,5.000000,128,3000,0x03,single,76.350379,2791,0.167033,172,0,No fault,,,,,,,,,
2026-08-12T10:55:53.139,1786524953.139852,0.723389,1,3000,5.000000,129,3000,0x03,single,77.053158,2702,0.131868,173,0,No fault,,,,,,,,,
2026-08-12T10:55:53.145,1786524953.145211,0.728746,1,3000,5.000000,130,3000,0x03,single,77.755938,2657,0.161172,173,0,No fault,,,,,,,,,
2026-08-12T10:55:53.150,1786524953.150524,0.734054,1,3000,5.000000,131,3000,0x03,single,78.480679,2747,0.096703,173,0,No fault,,,,,,,,,
2026-08-12T10:55:53.155,1786524953.155826,0.739360,1,3000,5.000000,132,3000,0x03,single,79.183458,2747,0.155311,173,0,No fault,,,,,,,,,
2026-08-12T10:55:53.161,1786524953.161129,0.744667,1,3000,5.000000,133,3000,0x03,single,79.908199,2881,0.190476,175,0,No fault,,,,,,,,,
2026-08-12T10:55:53.166,1786524953.166460,0.749996,1,3000,5.000000,134,3000,0x03,single,80.610978,2925,0.126007,173,0,No fault,,,,,,,,,
2026-08-12T10:55:53.171,1786524953.171860,0.755394,1,3000,5.000000,135,3000,0x03,single,81.313758,2925,0.131868,174,0,No fault,,,,,,,,,
2026-08-12T10:55:53.177,1786524953.177268,0.760810,1,3000,5.000000,136,3000,0x03,single,82.719316,2568,0.167033,173,0,No fault,,,,,,,,,
2026-08-12T10:55:53.182,1786524953.182653,0.766196,1,3000,5.000000,137,3000,0x03,single,83.444057,2970,0.190476,173,0,No fault,,,,,,,,,
2026-08-12T10:55:53.188,1786524953.188001,0.771529,1,3000,5.000000,138,3000,0x03,single,84.146837,2791,0.126007,173,0,No fault,,,,,,,,,
2026-08-12T10:55:53.193,1786524953.193259,0.776783,1,3000,5.000000,139,3000,0x03,single,84.871578,3015,0.184615,173,0,No fault,,,,,,,,,
2026-08-12T10:55:53.198,1786524953.198540,0.782077,1,3000,5.000000,140,3000,0x03,single,85.574357,2925,0.167033,173,0,No fault,,,,,,,,,
2026-08-12T10:55:53.203,1786524953.203968,0.787509,1,3000,5.000000,141,3000,0x03,single,86.255174,2970,0.167033,173,0,No fault,,,,,,,,,
2026-08-12T10:55:53.209,1786524953.209316,0.792854,1,3000,5.000000,142,3000,0x03,single,86.957954,2836,0.143590,173,0,No fault,,,,,,,,,
2026-08-12T10:55:53.214,1786524953.214665,0.798190,1,3000,5.000000,143,3000,0x03,single,87.682695,3015,0.202198,172,0,No fault,,,,,,,,,
2026-08-12T10:55:53.230,1786524953.230154,0.813681,1,3000,5.000000,144,3000,0x03,single,88.385474,2657,0.161172,173,0,No fault,,,,,,,,,
2026-08-12T10:55:53.235,1786524953.235435,0.818970,1,3000,5.000000,145,3000,0x03,single,90.889125,2836,0.131868,173,0,No fault,,,,,,,,,
2026-08-12T10:55:53.240,1786524953.240768,0.824306,1,3000,5.000000,146,3000,0x03,single,91.284439,2747,0.161172,171,0,No fault,,,,,,,,,
2026-08-12T10:55:53.246,1786524953.246104,0.829638,1,3000,5.000000,147,3000,0x03,single,91.965256,2747,0.167033,173,0,No fault,,,,,,,,,
2026-08-12T10:55:53.251,1786524953.251549,0.835082,1,3000,5.000000,148,3000,0x03,single,92.689997,2613,0.067399,172,0,No fault,,,,,,,,,
2026-08-12T10:55:53.256,1786524953.256871,0.840404,1,3000,5.000000,149,3000,0x03,single,93.392776,2836,0.167033,173,0,No fault,,,,,,,,,
2026-08-12T10:55:53.262,1786524953.262288,0.845825,1,3000,5.000000,150,3000,0x03,single,94.117517,2702,0.120147,175,0,No fault,,,,,,,,,
2026-08-12T10:55:53.267,1786524953.267644,0.851180,1,3000,5.000000,151,3000,0x03,single,94.798335,2747,0.155311,173,0,No fault,,,,,,,,,
2026-08-12T10:55:53.272,1786524953.272981,0.856515,1,3000,5.000000,152,3000,0x03,single,95.523076,2836,0.067399,173,0,No fault,,,,,,,,,
2026-08-12T10:55:53.278,1786524953.278307,0.861840,1,3000,5.000000,153,3000,0x03,single,96.247817,3059,0.178755,173,0,No fault,,,,,,,,,
2026-08-12T10:55:53.283,1786524953.283640,0.867181,1,3000,5.000000,154,3000,0x03,single,96.950596,3015,0.184615,172,0,No fault,,,,,,,,,
2026-08-12T10:55:53.288,1786524953.288969,0.872501,1,3000,5.000000,155,3000,0x03,single,97.653376,3059,0.167033,172,0,No fault,,,,,,,,,
2026-08-12T10:55:53.294,1786524953.294255,0.877783,1,3000,5.000000,156,3000,0x03,single,98.356155,2702,0.102564,173,0,No fault,,,,,,,,,
2026-08-12T10:55:53.299,1786524953.299556,0.883105,1,3000,5.000000,157,3000,0x03,single,99.080896,3015,0.172894,172,0,No fault,,,,,,,,,
2026-08-12T10:55:53.304,1786524953.304910,0.888452,1,3000,5.000000,158,3000,0x03,single,99.761713,2568,0.196337,172,0,No fault,,,,,,,,,
2026-08-12T10:55:53.310,1786524953.310392,0.893919,1,3000,5.000000,159,3000,0x03,single,100.486455,2970,0.172894,173,0,No fault,,,,,,,,,
2026-08-12T10:55:53.315,1786524953.315912,0.899459,1,3000,5.000000,160,3000,0x03,single,101.892013,3015,0.213919,172,0,No fault,,,,,,,,,
2026-08-12T10:55:53.321,1786524953.321281,0.904827,1,3000,5.000000,161,3000,0x03,single,102.594792,2702,0.184615,173,0,No fault,,,,,,,,,
2026-08-12T10:55:53.326,1786524953.326634,0.910163,1,3000,5.000000,162,3000,0x03,single,103.297572,2791,0.190476,172,0,No fault,,,,,,,,,
2026-08-12T10:55:53.331,1786524953.331897,0.915422,1,3000,5.000000,163,3000,0x03,single,104.000351,2791,0.131868,174,0,No fault,,,,,,,,,
2026-08-12T10:55:53.337,1786524953.337160,0.920696,1,3000,5.000000,164,3000,0x03,single,104.703130,2702,0.184615,173,0,No fault,,,,,,,,,
2026-08-12T10:55:53.342,1786524953.342593,0.926133,1,3000,5.000000,165,3000,0x03,single,105.427871,2881,0.167033,174,0,No fault,,,,,,,,,
2026-08-12T10:55:53.347,1786524953.347942,0.931473,1,3000,5.000000,166,3000,0x03,single,106.130651,2925,0.184615,174,0,No fault,,,,,,,,,
2026-08-12T10:55:53.353,1786524953.353389,0.936921,1,3000,5.000000,167,3000,0x03,single,106.833430,3104,0.131868,173,0,No fault,,,,,,,,,
2026-08-12T10:55:53.358,1786524953.358732,0.942272,1,3000,5.000000,168,3000,0x03,single,107.536209,2970,0.167033,173,0,No fault,,,,,,,,,
2026-08-12T10:55:53.364,1786524953.364053,0.947581,1,3000,5.000000,169,3000,0x03,single,108.238988,2791,0.202198,172,0,No fault,,,,,,,,,
2026-08-12T10:55:53.369,1786524953.369337,0.952867,1,3000,5.000000,170,3000,0x03,single,108.941768,2702,0.155311,173,0,No fault,,,,,,,,,
2026-08-12T10:55:53.374,1786524953.374686,0.958210,1,3000,5.000000,171,3000,0x03,single,109.644547,2881,0.120147,173,0,No fault,,,,,,,,,
2026-08-12T10:55:53.379,1786524953.379946,0.963476,1,3000,5.000000,172,3000,0x03,single,110.347326,2702,0.120147,173,0,No fault,,,,,,,,,
2026-08-12T10:55:53.385,1786524953.385263,0.968796,1,3000,5.000000,173,3000,0x03,single,111.072067,2836,0.172894,172,0,No fault,,,,,,,,,
2026-08-12T10:55:53.390,1786524953.390643,0.974178,1,3000,5.000000,174,3000,0x03,single,111.752885,2791,0.172894,174,0,No fault,,,,,,,,,
2026-08-12T10:55:53.395,1786524953.395956,0.979488,1,3000,5.000000,175,3000,0x03,single,112.455664,2613,0.096703,172,0,No fault,,,,,,,,,
2026-08-12T10:55:53.401,1786524953.401248,0.984779,1,3000,5.000000,176,3000,0x03,single,113.202367,2881,0.131868,176,0,No fault,,,,,,,,,
2026-08-12T10:55:53.406,1786524953.406541,0.990071,1,3000,5.000000,177,3000,0x03,single,113.905146,2791,0.161172,172,0,No fault,,,,,,,,,
2026-08-12T10:55:53.411,1786524953.411934,0.995464,1,3000,5.000000,178,3000,0x03,single,114.607926,2881,0.126007,173,0,No fault,,,,,,,,,
2026-08-12T10:55:53.417,1786524953.417206,1.000725,1,3000,5.000000,179,3000,0x03,single,115.310705,2836,0.102564,173,0,No fault,,,,,,,,,
2026-08-12T10:55:53.422,1786524953.422478,1.006020,1,3000,5.000000,180,3000,0x03,single,116.035446,2881,0.131868,173,0,No fault,,,,,,,,,
2026-08-12T10:55:53.438,1786524953.438297,1.021834,1,3000,5.000000,181,3000,0x03,single,118.978334,3015,0.126007,173,0,No fault,,,,,,,,,
2026-08-12T10:55:53.443,1786524953.443627,1.027166,1,3000,5.000000,182,3000,0x03,single,119.307762,2702,0.155311,172,0,No fault,,,,,,,,,
2026-08-12T10:55:53.448,1786524953.448965,1.032496,1,3000,5.000000,183,3000,0x03,single,119.746999,2970,0.178755,172,0,No fault,,,,,,,,,
2026-08-12T10:55:53.454,1786524953.454269,1.037803,1,3000,5.000000,184,3000,0x03,single,120.427816,2791,0.167033,172,0,No fault,,,,,,,,,
2026-08-12T10:55:53.459,1786524953.459687,1.043214,1,3000,5.000000,185,3000,0x03,single,121.108634,2613,0.102564,173,0,No fault,,,,,,,,,
2026-08-12T10:55:53.465,1786524953.465040,1.048575,1,3000,5.000000,186,3000,0x03,single,121.833375,2657,0.155311,172,0,No fault,,,,,,,,,
2026-08-12T10:55:53.470,1786524953.470407,1.053940,1,3000,5.000000,187,3000,0x03,single,123.260895,2881,0.190476,173,0,No fault,,,,,,,,,
2026-08-12T10:55:53.475,1786524953.475697,1.059227,1,3000,5.000000,188,3000,0x03,single,123.963675,2791,0.102564,173,0,No fault,,,,,,,,,
2026-08-12T10:55:53.480,1786524953.480990,1.064529,1,3000,5.000000,189,3000,0x03,single,124.666454,2881,0.202198,172,0,No fault,,,,,,,,,
2026-08-12T10:55:53.486,1786524953.486310,1.069841,1,3000,5.000000,190,3000,0x03,single,125.391195,3104,0.196337,172,0,No fault,,,,,,,,,
2026-08-12T10:55:53.491,1786524953.491605,1.075134,1,3000,5.000000,191,3000,0x03,single,126.072012,2791,0.202198,173,0,No fault,,,,,,,,,
2026-08-12T10:55:53.496,1786524953.496886,1.080414,1,3000,5.000000,192,3000,0x03,single,126.796753,3015,0.137729,174,0,No fault,,,,,,,,,
2026-08-12T10:55:53.502,1786524953.502172,1.085706,1,3000,5.000000,193,3000,0x03,single,127.499533,2925,0.137729,170,0,No fault,,,,,,,,,
2026-08-12T10:55:53.507,1786524953.507493,1.091021,1,3000,5.000000,194,3000,0x03,single,128.202312,2836,0.231502,173,0,No fault,,,,,,,,,
2026-08-12T10:55:53.512,1786524953.512772,1.096297,1,3000,5.000000,195,3000,0x03,single,128.905091,2747,0.161172,173,0,No fault,,,,,,,,,
2026-08-12T10:55:53.518,1786524953.518050,1.101582,1,3000,5.000000,196,3000,0x03,single,129.607871,2791,0.114286,173,0,No fault,,,,,,,,,
2026-08-12T10:55:53.523,1786524953.523335,1.106859,1,3000,5.000000,197,3000,0x03,single,130.332612,2791,0.149451,171,0,No fault,,,,,,,,,
2026-08-12T10:55:53.528,1786524953.528585,1.112110,1,3000,5.000000,198,3000,0x03,single,131.057353,2925,0.137729,173,0,No fault,,,,,,,,,
2026-08-12T10:55:53.533,1786524953.533836,1.117361,1,3000,5.000000,199,3000,0x03,single,131.760132,2970,0.143590,173,0,No fault,,,,,,,,,
2026-08-12T10:55:53.539,1786524953.539112,1.122641,1,3000,5.000000,200,3000,0x03,single,132.462911,2925,0.084982,173,0,No fault,,,,,,,,,
2026-08-12T10:55:53.544,1786524953.544415,1.127947,1,3000,5.000000,201,3000,0x03,single,133.187652,2970,0.114286,176,0,No fault,,,,,,,,,
2026-08-12T10:55:53.549,1786524953.549691,1.133215,1,3000,5.000000,202,3000,0x03,single,133.890432,2970,0.149451,173,0,No fault,,,,,,,,,
2026-08-12T10:55:53.554,1786524953.554982,1.138523,1,3000,5.000000,203,3000,0x03,single,134.571249,2702,0.143590,174,0,No fault,,,,,,,,,
2026-08-12T10:55:53.560,1786524953.560507,1.144046,1,3000,5.000000,204,3000,0x03,single,135.295990,2791,0.067399,173,0,No fault,,,,,,,,,
2026-08-12T10:55:53.565,1786524953.565852,1.149385,1,3000,5.000000,205,3000,0x03,single,136.020731,2970,0.120147,171,0,No fault,,,,,,,,,
2026-08-12T10:55:53.571,1786524953.571130,1.154659,1,3000,5.000000,206,3000,0x03,single,136.723511,2791,0.161172,173,0,No fault,,,,,,,,,
2026-08-12T10:55:53.576,1786524953.576561,1.160096,1,3000,5.000000,207,3000,0x03,single,137.426290,2747,0.167033,173,0,No fault,,,,,,,,,
2026-08-12T10:55:53.581,1786524953.581863,1.165394,1,3000,5.000000,208,3000,0x03,single,138.107107,2657,0.131868,171,0,No fault,,,,,,,,,
2026-08-12T10:55:53.587,1786524953.587133,1.170661,1,3000,5.000000,209,3000,0x03,single,138.831848,2881,0.126007,172,0,No fault,,,,,,,,,
2026-08-12T10:55:53.592,1786524953.592441,1.175980,1,3000,5.000000,210,3000,0x03,single,139.556590,2836,0.161172,173,0,No fault,,,,,,,,,
2026-08-12T10:55:53.597,1786524953.597934,1.181473,1,3000,5.000000,211,3000,0x03,single,140.259369,3015,0.155311,173,0,No fault,,,,,,,,,
2026-08-12T10:55:53.603,1786524953.603359,1.186893,1,3000,5.000000,212,3000,0x03,single,141.708851,2970,0.161172,173,0,No fault,,,,,,,,,
2026-08-12T10:55:53.608,1786524953.608715,1.192252,1,3000,5.000000,213,3000,0x03,single,142.389668,2702,0.167033,172,0,No fault,,,,,,,,,
2026-08-12T10:55:53.614,1786524953.614067,1.197602,1,3000,5.000000,214,3000,0x03,single,143.114410,3104,0.178755,177,0,No fault,,,,,,,,,
2026-08-12T10:55:53.619,1786524953.619404,1.202936,1,3000,5.000000,215,3000,0x03,single,143.817189,2836,0.126007,173,0,No fault,,,,,,,,,
2026-08-12T10:55:53.634,1786524953.634926,1.218455,1,3000,5.000000,216,3000,0x03,single,144.498006,2657,0.167033,174,0,No fault,,,,,,,,,
2026-08-12T10:55:53.640,1786524953.640237,1.223787,1,3000,5.000000,217,3000,0x03,single,147.089505,3193,0.143590,176,0,No fault,,,,,,,,,
2026-08-12T10:55:53.645,1786524953.645603,1.229143,1,3000,5.000000,218,3000,0x03,single,147.484818,2836,0.161172,174,0,No fault,,,,,,,,,
2026-08-12T10:55:53.650,1786524953.650927,1.234451,1,3000,5.000000,219,3000,0x03,single,148.209559,3059,0.196337,174,0,No fault,,,,,,,,,
2026-08-12T10:55:53.656,1786524953.656207,1.239740,1,3000,5.000000,220,3000,0x03,single,148.890377,2925,0.178755,172,0,No fault,,,,,,,,,
2026-08-12T10:55:53.661,1786524953.661514,1.245045,1,3000,5.000000,221,3000,0x03,single,149.615118,2881,0.120147,170,0,No fault,,,,,,,,,
2026-08-12T10:55:53.666,1786524953.666813,1.250350,1,3000,5.000000,222,3000,0x03,single,150.317897,2970,0.161172,172,0,No fault,,,,,,,,,
2026-08-12T10:55:53.672,1786524953.672114,1.255639,1,3000,5.000000,223,3000,0x03,single,151.042638,2925,0.172894,173,0,No fault,,,,,,,,,
2026-08-12T10:55:53.677,1786524953.677361,1.260883,1,3000,5.000000,224,3000,0x03,single,151.745418,3104,0.161172,173,0,No fault,,,,,,,,,
2026-08-12T10:55:53.682,1786524953.682625,1.266145,1,3000,5.000000,225,3000,0x03,single,152.448197,2925,0.073260,173,0,No fault,,,,,,,,,
2026-08-12T10:55:53.687,1786524953.687884,1.271419,1,3000,5.000000,226,3000,0x03,single,153.150976,2970,0.137729,173,0,No fault,,,,,,,,,
2026-08-12T10:55:53.693,1786524953.693197,1.276724,1,3000,5.000000,227,3000,0x03,single,153.875717,2881,0.172894,174,0,No fault,,,,,,,,,
2026-08-12T10:55:53.698,1786524953.698471,1.282001,1,3000,5.000000,228,3000,0x03,single,154.556535,2613,0.137729,169,0,No fault,,,,,,,,,
2026-08-12T10:55:53.703,1786524953.703778,1.287309,1,3000,5.000000,229,3000,0x03,single,155.281276,3015,0.084982,170,0,No fault,,,,,,,,,
2026-08-12T10:55:53.709,1786524953.709097,1.292635,1,3000,5.000000,230,3000,0x03,single,155.984055,2791,0.131868,173,0,No fault,,,,,,,,,
2026-08-12T10:55:53.714,1786524953.714413,1.297938,1,3000,5.000000,231,3000,0x03,single,156.708796,3149,0.190476,171,0,No fault,,,,,,,,,
2026-08-12T10:55:53.719,1786524953.719686,1.303217,1,3000,5.000000,232,3000,0x03,single,157.411575,3059,0.161172,173,0,No fault,,,,,,,,,
2026-08-12T10:55:53.725,1786524953.725036,1.308576,1,3000,5.000000,233,3000,0x03,single,158.092393,2881,0.149451,172,0,No fault,,,,,,,,,
2026-08-12T10:55:53.730,1786524953.730381,1.313914,1,3000,5.000000,234,3000,0x03,single,158.839096,2925,0.137729,172,0,No fault,,,,,,,,,
2026-08-12T10:55:53.735,1786524953.735670,1.319188,1,3000,5.000000,235,3000,0x03,single,159.541875,2836,0.208059,174,0,No fault,,,,,,,,,
2026-08-12T10:55:53.740,1786524953.740921,1.324447,1,3000,5.000000,236,3000,0x03,single,160.222692,2791,0.184615,173,0,No fault,,,,,,,,,
2026-08-12T10:55:53.746,1786524953.746382,1.329916,1,3000,5.000000,237,3000,0x03,single,160.925472,2836,0.131868,172,0,No fault,,,,,,,,,
2026-08-12T10:55:53.751,1786524953.751738,1.335275,1,3000,5.000000,238,3000,0x03,single,161.650213,2970,0.172894,170,0,No fault,,,,,,,,,
2026-08-12T10:55:53.757,1786524953.757060,1.340588,1,3000,5.000000,239,3000,0x03,single,162.352992,2791,0.172894,175,0,No fault,,,,,,,,,
2026-08-12T10:55:53.762,1786524953.762374,1.345902,1,3000,5.000000,240,3000,0x03,single,163.055771,3015,0.237363,173,0,No fault,,,,,,,,,
2026-08-12T10:55:53.767,1786524953.767771,1.351308,1,3000,5.000000,241,3000,0x03,single,163.736589,2881,0.143590,173,0,No fault,,,,,,,,,
2026-08-12T10:55:53.773,1786524953.773149,1.356687,1,3000,5.000000,242,3000,0x03,single,165.186071,3015,0.213919,173,0,No fault,,,,,,,,,
2026-08-12T10:55:53.778,1786524953.778507,1.362048,1,3000,5.000000,243,3000,0x03,single,165.888850,2925,0.172894,172,0,No fault,,,,,,,,,
2026-08-12T10:55:53.783,1786524953.783854,1.367385,1,3000,5.000000,244,3000,0x03,single,166.569668,2881,0.155311,174,0,No fault,,,,,,,,,
2026-08-12T10:55:53.789,1786524953.789184,1.372717,1,3000,5.000000,245,3000,0x03,single,167.294409,2881,0.131868,169,0,No fault,,,,,,,,,
2026-08-12T10:55:53.794,1786524953.794548,1.378084,1,3000,5.000000,246,3000,0x03,single,167.997188,2702,0.172894,172,0,No fault,,,,,,,,,
2026-08-12T10:55:53.799,1786524953.799942,1.383492,1,3000,5.000000,247,3000,0x03,single,168.699967,2881,0.178755,173,0,No fault,,,,,,,,,
2026-08-12T10:55:53.805,1786524953.805319,1.388858,1,3000,5.000000,248,3000,0x03,single,169.402747,2791,0.102564,172,0,No fault,,,,,,,,,
2026-08-12T10:55:53.810,1786524953.810733,1.394280,1,3000,5.000000,249,3000,0x03,single,170.105526,2925,0.137729,173,0,No fault,,,,,,,,,
2026-08-12T10:55:53.816,1786524953.816136,1.399662,1,3000,5.000000,250,3000,0x03,single,170.852229,3149,0.178755,174,0,No fault,,,,,,,,,
2026-08-12T10:55:53.821,1786524953.821402,1.404925,1,3000,5.000000,251,3000,0x03,single,171.511084,2791,0.178755,174,0,No fault,,,,,,,,,
2026-08-12T10:55:53.837,1786524953.837048,1.420590,1,3000,5.000000,252,3000,0x03,single,172.235826,3104,0.108425,173,0,No fault,,,,,,,,,
2026-08-12T10:55:53.842,1786524953.842424,1.425968,1,3000,5.000000,253,3000,0x03,single,174.871248,2657,0.120147,173,0,No fault,,,,,,,,,
2026-08-12T10:55:53.847,1786524953.847755,1.431291,1,3000,5.000000,254,3000,0x03,single,175.332447,3015,0.126007,173,0,No fault,,,,,,,,,
2026-08-12T10:55:53.853,1786524953.853035,1.436566,1,3000,5.000000,255,3000,0x03,single,176.057188,2881,0.149451,172,0,No fault,,,,,,,,,
2026-08-12T10:55:53.858,1786524953.858319,1.441851,1,3000,5.000000,256,3000,0x03,single,176.759967,2925,0.184615,174,0,No fault,,,,,,,,,
2026-08-12T10:55:53.863,1786524953.863633,1.447166,1,3000,5.000000,257,3000,0x03,single,177.440785,2657,0.131868,174,0,No fault,,,,,,,,,
2026-08-12T10:55:53.868,1786524953.868957,1.452496,1,3000,5.000000,258,3000,0x03,single,178.165526,2836,0.131868,172,0,No fault,,,,,,,,,
2026-08-12T10:55:53.874,1786524953.874313,1.457848,1,3000,5.000000,259,3000,0x03,single,178.868305,2613,0.108425,170,0,No fault,,,,,,,,,
2026-08-12T10:55:53.879,1786524953.879623,1.463153,1,3000,5.000000,260,3000,0x03,single,179.593046,3015,0.202198,173,0,No fault,,,,,,,,,
2026-08-12T10:55:53.884,1786524953.884920,1.468451,1,3000,5.000000,261,3000,0x03,single,180.273863,2702,0.184615,173,0,No fault,,,,,,,,,
2026-08-12T10:55:53.890,1786524953.890270,1.473811,1,3000,5.000000,262,3000,0x03,single,180.976643,2791,0.149451,173,0,No fault,,,,,,,,,
2026-08-12T10:55:53.895,1786524953.895647,1.479181,1,3000,5.000000,263,3000,0x03,single,181.701384,2881,0.167033,173,0,No fault,,,,,,,,,
2026-08-12T10:55:53.900,1786524953.900962,1.484494,1,3000,5.000000,264,3000,0x03,single,182.426125,2970,0.178755,175,0,No fault,,,,,,,,,
2026-08-12T10:55:53.906,1786524953.906250,1.489786,1,3000,5.000000,265,3000,0x03,single,183.106942,2970,0.225641,172,0,No fault,,,,,,,,,
2026-08-12T10:55:53.911,1786524953.911576,1.495110,1,3000,5.000000,266,3000,0x03,single,183.809722,2925,0.120147,172,0,No fault,,,,,,,,,
2026-08-12T10:55:53.916,1786524953.916987,1.500521,1,3000,5.000000,267,3000,0x03,single,184.512501,2970,0.172894,171,0,No fault,,,,,,,,,
2026-08-12T10:55:53.922,1786524953.922292,1.505821,1,3000,5.000000,268,3000,0x03,single,185.237242,2970,0.184615,173,0,No fault,,,,,,,,,
2026-08-12T10:55:53.927,1786524953.927600,1.511131,1,3000,5.000000,269,3000,0x03,single,185.918059,2925,0.225641,171,0,No fault,,,,,,,,,
2026-08-12T10:55:53.933,1786524953.933168,1.516707,1,3000,5.000000,270,3000,0x03,single,186.620839,2791,0.131868,172,0,No fault,,,,,,,,,
2026-08-12T10:55:53.938,1786524953.938599,1.522137,1,3000,5.000000,271,3000,0x03,single,188.070321,2836,0.172894,173,0,No fault,,,,,,,,,
2026-08-12T10:55:53.943,1786524953.943923,1.527456,1,3000,5.000000,272,3000,0x03,single,188.751138,2836,0.190476,171,0,No fault,,,,,,,,,
2026-08-12T10:55:53.949,1786524953.949215,1.532743,1,3000,5.000000,273,3000,0x03,single,189.475880,3059,0.102564,173,0,No fault,,,,,,,,,
2026-08-12T10:55:53.954,1786524953.954501,1.538038,1,3000,5.000000,274,3000,0x03,single,190.200621,3104,0.137729,170,0,No fault,,,,,,,,,
2026-08-12T10:55:53.959,1786524953.959828,1.543358,1,3000,5.000000,275,3000,0x03,single,190.925362,3059,0.155311,173,0,No fault,,,,,,,,,
2026-08-12T10:55:53.965,1786524953.965102,1.548628,1,3000,5.000000,276,3000,0x03,single,191.606179,2925,0.172894,173,0,No fault,,,,,,,,,
2026-08-12T10:55:53.970,1786524953.970365,1.553888,1,3000,5.000000,277,3000,0x03,single,192.330920,3149,0.084982,173,0,No fault,,,,,,,,,
2026-08-12T10:55:53.975,1786524953.975616,1.559157,1,3000,5.000000,278,3000,0x03,single,193.011738,2881,0.120147,172,0,No fault,,,,,,,,,
2026-08-12T10:55:53.980,1786524953.980943,1.564470,1,3000,5.000000,279,3000,0x03,single,193.780403,3015,0.131868,172,0,No fault,,,,,,,,,
2026-08-12T10:55:53.986,1786524953.986199,1.569725,1,3000,5.000000,280,3000,0x03,single,194.439258,2657,0.149451,173,0,No fault,,,,,,,,,
2026-08-12T10:55:53.991,1786524953.991450,1.574976,1,3000,5.000000,281,3000,0x03,single,195.142037,2881,0.073260,172,0,No fault,,,,,,,,,
2026-08-12T10:55:53.996,1786524953.996709,1.580247,1,3000,5.000000,282,3000,0x03,single,195.866778,3104,0.108425,173,0,No fault,,,,,,,,,
2026-08-12T10:55:54.002,1786524954.002041,1.585570,1,3000,5.000000,283,3000,0x03,single,196.591520,2791,0.149451,171,0,No fault,,,,,,,,,
2026-08-12T10:55:54.007,1786524954.007308,1.590833,1,3000,5.000000,284,3000,0x03,single,197.294299,2791,0.120147,173,0,No fault,,,,,,,,,
2026-08-12T10:55:54.012,1786524954.012554,1.596078,1,3000,5.000000,285,3000,0x03,single,197.975116,2970,0.102564,173,0,No fault,,,,,,,,,
2026-08-12T10:55:54.017,1786524954.017865,1.601411,1,3000,5.000000,286,3000,0x03,single,198.699857,3015,0.120147,172,0,No fault,,,,,,,,,
2026-08-12T10:55:54.023,1786524954.023217,1.606745,1,3000,5.000000,287,3000,0x03,single,199.402637,2970,0.155311,174,0,No fault,,,,,,,,,
2026-08-12T10:55:54.038,1786524954.038696,1.622232,1,3000,5.000000,288,3000,0x03,single,202.213754,2970,0.167033,173,0,No fault,,,,,,,,,
2026-08-12T10:55:54.044,1786524954.044012,1.627550,1,3000,5.000000,289,3000,0x03,single,202.565143,2970,0.225641,173,0,No fault,,,,,,,,,
2026-08-12T10:55:54.049,1786524954.049325,1.632868,1,3000,5.000000,290,3000,0x03,single,202.938495,2970,0.196337,172,0,No fault,,,,,,,,,
2026-08-12T10:55:54.054,1786524954.054699,1.638236,1,3000,5.000000,291,3000,0x03,single,203.663236,3104,0.143590,176,0,No fault,,,,,,,,,
2026-08-12T10:55:54.060,1786524954.060039,1.643579,1,3000,5.000000,292,3000,0x03,single,204.366015,3104,0.161172,173,0,No fault,,,,,,,,,
2026-08-12T10:55:54.065,1786524954.065423,1.648995,1,3000,5.000000,293,3000,0x03,single,205.068795,2881,0.155311,173,0,No fault,,,,,,,,,
2026-08-12T10:55:54.070,1786524954.070902,1.654447,1,3000,5.000000,294,3000,0x03,single,205.771574,2657,0.167033,173,0,No fault,,,,,,,,,
2026-08-12T10:55:54.076,1786524954.076412,1.659948,1,3000,5.000000,295,3000,0x03,single,206.474353,2836,0.161172,173,0,No fault,,,,,,,,,
2026-08-12T10:55:54.082,1786524954.082005,1.665545,1,3000,5.000000,296,3000,0x03,single,207.901873,2747,0.172894,173,0,No fault,,,,,,,,,
2026-08-12T10:55:54.087,1786524954.087383,1.670919,1,3000,5.000000,297,3000,0x03,single,208.626615,2970,0.184615,173,0,No fault,,,,,,,,,
2026-08-12T10:55:54.092,1786524954.092694,1.676225,1,3000,5.000000,298,3000,0x03,single,209.307432,2836,0.167033,173,0,No fault,,,,,,,,,
2026-08-12T10:55:54.098,1786524954.098021,1.681562,1,3000,5.000000,299,3000,0x03,single,210.010211,2836,0.149451,173,0,No fault,,,,,,,,,
2026-08-12T10:55:54.103,1786524954.103380,1.686918,1,3000,5.000000,300,3000,0x03,single,210.734952,2836,0.126007,172,0,No fault,,,,,,,,,
2026-08-12T10:55:54.108,1786524954.108723,1.692260,1,3000,5.000000,301,3000,0x03,single,211.459694,3104,0.161172,171,0,No fault,,,,,,,,,
2026-08-12T10:55:54.114,1786524954.114036,1.697567,1,3000,5.000000,302,3000,0x03,single,212.140511,2970,0.108425,174,0,No fault,,,,,,,,,
2026-08-12T10:55:54.119,1786524954.119328,1.702859,1,3000,5.000000,303,3000,0x03,single,212.865252,3104,0.149451,174,0,No fault,,,,,,,,,
2026-08-12T10:55:54.124,1786524954.124633,1.708169,1,3000,5.000000,304,3000,0x03,single,213.568031,2925,0.120147,173,0,No fault,,,,,,,,,
2026-08-12T10:55:54.129,1786524954.129949,1.713484,1,3000,5.000000,305,3000,0x03,single,214.270811,2836,0.172894,173,0,No fault,,,,,,,,,
2026-08-12T10:55:54.135,1786524954.135209,1.718746,1,3000,5.000000,306,3000,0x03,single,214.973590,2970,0.120147,172,0,No fault,,,,,,,,,
2026-08-12T10:55:54.140,1786524954.140518,1.724050,1,3000,5.000000,307,3000,0x03,single,215.698331,2881,0.090842,173,0,No fault,,,,,,,,,
2026-08-12T10:55:54.145,1786524954.145828,1.729362,1,3000,5.000000,308,3000,0x03,single,216.401110,2925,0.184615,176,0,No fault,,,,,,,,,
2026-08-12T10:55:54.151,1786524954.151183,1.734724,1,3000,5.000000,309,3000,0x03,single,217.103890,2836,0.155311,173,0,No fault,,,,,,,,,
2026-08-12T10:55:54.156,1786524954.156531,1.740059,1,3000,5.000000,310,3000,0x03,single,217.784707,2747,0.172894,173,0,No fault,,,,,,,,,
2026-08-12T10:55:54.161,1786524954.161783,1.745310,1,3000,5.000000,311,3000,0x03,single,218.509448,2881,0.108425,170,0,No fault,,,,,,,,,
2026-08-12T10:55:54.167,1786524954.167025,1.750546,1,3000,5.000000,312,3000,0x03,single,219.234189,3104,0.184615,173,0,No fault,,,,,,,,,
2026-08-12T10:55:54.172,1786524954.172293,1.755832,1,3000,5.000000,313,3000,0x03,single,219.915007,2836,0.208059,173,0,No fault,,,,,,,,,
2026-08-12T10:55:54.177,1786524954.177596,1.761121,1,3000,5.000000,314,3000,0x03,single,220.595824,2568,0.167033,173,0,No fault,,,,,,,,,
2026-08-12T10:55:54.182,1786524954.182827,1.766352,1,3000,5.000000,315,3000,0x03,single,221.342527,2836,0.114286,173,0,No fault,,,,,,,,,
2026-08-12T10:55:54.188,1786524954.188066,1.771587,1,3000,5.000000,316,3000,0x03,single,222.045306,3104,0.190476,173,0,No fault,,,,,,,,,
2026-08-12T10:55:54.193,1786524954.193372,1.776921,1,3000,5.000000,317,3000,0x03,single,222.748086,2836,0.184615,173,0,No fault,,,,,,,,,
2026-08-12T10:55:54.198,1786524954.198787,1.782313,1,3000,5.000000,318,3000,0x03,single,223.450865,2970,0.190476,174,0,No fault,,,,,,,,,
2026-08-12T10:55:54.204,1786524954.204207,1.787742,1,3000,5.000000,319,3000,0x03,single,224.153644,2881,0.149451,172,0,No fault,,,,,,,,,
2026-08-12T10:55:54.209,1786524954.209513,1.793040,1,3000,5.000000,320,3000,0x03,single,225.581164,2657,0.196337,171,0,No fault,,,,,,,,,
2026-08-12T10:55:54.214,1786524954.214780,1.798319,1,3000,5.000000,321,3000,0x03,single,226.283944,2881,0.184615,173,0,No fault,,,,,,,,,
2026-08-12T10:55:54.220,1786524954.220098,1.803627,1,3000,5.000000,322,3000,0x03,single,226.986723,2881,0.120147,172,0,No fault,,,,,,,,,
2026-08-12T10:55:54.225,1786524954.225363,1.808892,1,3000,5.000000,323,3000,0x03,single,227.711464,3015,0.178755,172,0,No fault,,,,,,,,,
2026-08-12T10:55:54.241,1786524954.241160,1.824690,1,3000,5.000000,324,3000,0x03,single,228.392282,2925,0.184615,173,0,No fault,,,,,,,,,
2026-08-12T10:55:54.246,1786524954.246445,1.829980,1,3000,5.000000,325,3000,0x03,single,230.961818,3283,0.208059,173,0,No fault,,,,,,,,,
2026-08-12T10:55:54.251,1786524954.251802,1.835333,1,3000,5.000000,326,3000,0x03,single,231.335170,3015,0.167033,173,0,No fault,,,,,,,,,
2026-08-12T10:55:54.257,1786524954.257089,1.840621,1,3000,5.000000,327,3000,0x03,single,232.037949,2970,0.137729,174,0,No fault,,,,,,,,,
2026-08-12T10:55:54.262,1786524954.262366,1.845898,1,3000,5.000000,328,3000,0x03,single,232.740728,2747,0.079121,172,0,No fault,,,,,,,,,
2026-08-12T10:55:54.267,1786524954.267657,1.851187,1,3000,5.000000,329,3000,0x03,single,233.465469,2881,0.155311,173,0,No fault,,,,,,,,,
2026-08-12T10:55:54.272,1786524954.272939,1.856468,1,3000,5.000000,330,3000,0x03,single,234.168249,2791,0.143590,173,0,No fault,,,,,,,,,
2026-08-12T10:55:54.278,1786524954.278222,1.861757,1,3000,5.000000,331,3000,0x03,single,234.871028,2702,0.137729,174,0,No fault,,,,,,,,,
2026-08-12T10:55:54.283,1786524954.283541,1.867079,1,3000,5.000000,332,3000,0x03,single,235.595769,3059,0.084982,173,0,No fault,,,,,,,,,
2026-08-12T10:55:54.288,1786524954.288836,1.872363,1,3000,5.000000,333,3000,0x03,single,236.298548,2836,0.196337,173,0,No fault,,,,,,,,,
2026-08-12T10:55:54.294,1786524954.294117,1.877649,1,3000,5.000000,334,3000,0x03,single,237.001328,2791,0.149451,172,0,No fault,,,,,,,,,
2026-08-12T10:55:54.299,1786524954.299415,1.882951,1,3000,5.000000,335,3000,0x03,single,237.704107,2702,0.131868,172,0,No fault,,,,,,,,,
2026-08-12T10:55:54.304,1786524954.304735,1.888272,1,3000,5.000000,336,3000,0x03,single,238.428848,2970,0.108425,173,0,No fault,,,,,,,,,
2026-08-12T10:55:54.310,1786524954.310068,1.893610,1,3000,5.000000,337,3000,0x03,single,239.153589,3149,0.184615,173,0,No fault,,,,,,,,,
2026-08-12T10:55:54.315,1786524954.315413,1.898955,1,3000,5.000000,338,3000,0x03,single,239.834407,2925,0.184615,173,0,No fault,,,,,,,,,
2026-08-12T10:55:54.320,1786524954.320800,1.904370,1,3000,5.000000,339,3000,0x03,single,240.537186,3015,0.196337,173,0,No fault,,,,,,,,,
2026-08-12T10:55:54.326,1786524954.326233,1.909791,1,3000,5.000000,340,3000,0x03,single,241.261927,2747,0.096703,169,0,No fault,,,,,,,,,
2026-08-12T10:55:54.331,1786524954.331669,1.915237,1,3000,5.000000,341,3000,0x03,single,241.964706,2657,0.202198,168,0,No fault,,,,,,,,,
2026-08-12T10:55:54.337,1786524954.337077,1.920622,1,3000,5.000000,342,3000,0x03,single,242.667485,2568,0.155311,173,0,No fault,,,,,,,,,
2026-08-12T10:55:54.342,1786524954.342501,1.926061,1,3000,5.000000,343,3000,0x03,single,243.370265,2836,0.202198,175,0,No fault,,,,,,,,,
2026-08-12T10:55:54.348,1786524954.348151,1.931707,1,3000,5.000000,344,3000,0x03,single,244.073044,2881,0.114286,173,0,No fault,,,,,,,,,
2026-08-12T10:55:54.355,1786524954.355389,1.938939,1,3000,5.000000,345,3000,0x03,single,245.566450,2925,0.161172,173,0,No fault,,,,,,,,,
2026-08-12T10:55:54.360,1786524954.360764,1.944291,1,3000,5.000000,346,3000,0x03,single,246.181382,2747,0.196337,173,0,No fault,,,,,,,,,
2026-08-12T10:55:54.366,1786524954.366043,1.949583,1,3000,5.000000,347,3000,0x03,single,246.906123,2836,0.096703,172,0,No fault,,,,,,,,,
2026-08-12T10:55:54.371,1786524954.371401,1.954937,1,3000,5.000000,348,3000,0x03,single,247.608902,3149,0.137729,175,0,No fault,,,,,,,,,
2026-08-12T10:55:54.376,1786524954.376736,1.960269,1,3000,5.000000,349,3000,0x03,single,248.311681,2747,0.219780,172,0,No fault,,,,,,,,,
2026-08-12T10:55:54.382,1786524954.382051,1.965583,1,3000,5.000000,350,3000,0x03,single,248.992499,2568,0.149451,173,0,No fault,,,,,,,,,
2026-08-12T10:55:54.387,1786524954.387374,1.970915,1,3000,5.000000,351,3000,0x03,single,249.717240,2791,0.114286,173,0,No fault,,,,,,,,,
2026-08-12T10:55:54.392,1786524954.392731,1.976265,1,3000,5.000000,352,3000,0x03,single,250.420019,2836,0.120147,172,0,No fault,,,,,,,,,
2026-08-12T10:55:54.398,1786524954.398074,1.981609,1,3000,5.000000,353,3000,0x03,single,251.166722,3193,0.167033,173,0,No fault,,,,,,,,,
2026-08-12T10:55:54.403,1786524954.403372,1.986898,1,3000,5.000000,354,3000,0x03,single,251.825578,2836,0.143590,170,0,No fault,,,,,,,,,
2026-08-12T10:55:54.408,1786524954.408660,1.992204,1,3000,5.000000,355,3000,0x03,single,252.550319,2791,0.102564,173,0,No fault,,,,,,,,,
2026-08-12T10:55:54.414,1786524954.414114,1.997659,1,3000,5.000000,356,3000,0x03,single,253.275060,2970,0.131868,173,0,No fault,,,,,,,,,
2026-08-12T10:55:54.419,1786524954.419570,2.003107,1,3000,5.000000,357,3000,0x03,single,253.977839,2925,0.137729,174,0,No fault,,,,,,,,,
2026-08-12T10:55:54.424,1786524954.424888,2.008419,1,3000,5.000000,358,3000,0x03,single,255.405360,2970,0.073260,172,0,No fault,,,,,,,,,
2026-08-12T10:55:54.440,1786524954.440831,2.024361,1,3000,5.000000,359,3000,0x03,single,256.108139,2747,0.137729,169,0,No fault,,,,,,,,,
2026-08-12T10:55:54.446,1786524954.446165,2.029697,1,3000,5.000000,360,3000,0x03,single,258.677676,2970,0.126007,173,0,No fault,,,,,,,,,
2026-08-12T10:55:54.451,1786524954.451533,2.035080,1,3000,5.000000,361,3000,0x03,single,259.072989,2925,0.161172,173,0,No fault,,,,,,,,,
2026-08-12T10:55:54.456,1786524954.456922,2.040458,1,3000,5.000000,362,3000,0x03,single,259.775768,2747,0.167033,172,0,No fault,,,,,,,,,
2026-08-12T10:55:54.462,1786524954.462225,2.045751,1,3000,5.000000,363,3000,0x03,single,260.478548,2881,0.143590,173,0,No fault,,,,,,,,,
2026-08-12T10:55:54.467,1786524954.467472,2.050994,1,3000,5.000000,364,3000,0x03,single,261.181327,2836,0.102564,171,0,No fault,,,,,,,,,
2026-08-12T10:55:54.472,1786524954.472741,2.056277,1,3000,5.000000,365,3000,0x03,single,261.884106,2657,0.161172,172,0,No fault,,,,,,,,,
2026-08-12T10:55:54.478,1786524954.478091,2.061624,1,3000,5.000000,366,3000,0x03,single,262.608847,2925,0.190476,173,0,No fault,,,,,,,,,
2026-08-12T10:55:54.483,1786524954.483396,2.066917,1,3000,5.000000,367,3000,0x03,single,263.311626,2791,0.167033,174,0,No fault,,,,,,,,,
2026-08-12T10:55:54.488,1786524954.488648,2.072182,1,3000,5.000000,368,3000,0x03,single,264.014406,3015,0.108425,173,0,No fault,,,,,,,,,
2026-08-12T10:55:54.493,1786524954.493972,2.077510,1,3000,5.000000,369,3000,0x03,single,264.717185,2747,0.202198,173,0,No fault,,,,,,,,,
2026-08-12T10:55:54.499,1786524954.499307,2.082836,1,3000,5.000000,370,3000,0x03,single,265.463888,3149,0.155311,172,0,No fault,,,,,,,,,
2026-08-12T10:55:54.504,1786524954.504592,2.088119,1,3000,5.000000,371,3000,0x03,single,266.122744,2747,0.196337,172,0,No fault,,,,,,,,,
2026-08-12T10:55:54.509,1786524954.509905,2.093441,1,3000,5.000000,372,3000,0x03,single,266.825523,2791,0.155311,173,0,No fault,,,,,,,,,
2026-08-12T10:55:54.515,1786524954.515248,2.098782,1,3000,5.000000,373,3000,0x03,single,267.550264,2925,0.137729,172,0,No fault,,,,,,,,,
2026-08-12T10:55:54.520,1786524954.520558,2.104090,1,3000,5.000000,374,3000,0x03,single,268.253043,2791,0.190476,173,0,No fault,,,,,,,,,
2026-08-12T10:55:54.525,1786524954.525850,2.109377,1,3000,5.000000,375,3000,0x03,single,268.933861,2702,0.161172,173,0,No fault,,,,,,,,,
2026-08-12T10:55:54.531,1786524954.531152,2.114695,1,3000,5.000000,376,3000,0x03,single,269.636640,2836,0.149451,172,0,No fault,,,,,,,,,
2026-08-12T10:55:54.536,1786524954.536498,2.120031,1,3000,5.000000,377,3000,0x03,single,270.383343,3059,0.126007,171,0,No fault,,,,,,,,,
2026-08-12T10:55:54.541,1786524954.541790,2.125316,1,3000,5.000000,378,3000,0x03,single,271.086122,2836,0.208059,172,0,No fault,,,,,,,,,
2026-08-12T10:55:54.547,1786524954.547057,2.130582,1,3000,5.000000,379,3000,0x03,single,271.766940,2925,0.172894,172,0,No fault,,,,,,,,,
2026-08-12T10:55:54.552,1786524954.552354,2.135887,1,3000,5.000000,380,3000,0x03,single,272.469719,2925,0.096703,176,0,No fault,,,,,,,,,
2026-08-12T10:55:54.557,1786524954.557663,2.141197,1,3000,5.000000,381,3000,0x03,single,273.194460,2970,0.126007,175,0,No fault,,,,,,,,,
2026-08-12T10:55:54.562,1786524954.562948,2.146472,1,3000,5.000000,382,3000,0x03,single,273.919201,3149,0.167033,173,0,No fault,,,,,,,,,
2026-08-12T10:55:54.568,1786524954.568230,2.151767,1,3000,5.000000,383,3000,0x03,single,274.600018,2925,0.143590,172,0,No fault,,,,,,,,,
2026-08-12T10:55:54.573,1786524954.573673,2.157215,1,3000,5.000000,384,3000,0x03,single,275.324760,3015,0.084982,172,0,No fault,,,,,,,,,
2026-08-12T10:55:54.579,1786524954.579891,2.163435,1,3000,5.000000,385,3000,0x03,single,276.774242,2925,0.202198,172,0,No fault,,,,,,,,,
2026-08-12T10:55:54.585,1786524954.585285,2.168821,1,3000,5.000000,386,3000,0x03,single,277.433097,2657,0.149451,175,0,No fault,,,,,,,,,
2026-08-12T10:55:54.590,1786524954.590620,2.174143,1,3000,5.000000,387,3000,0x03,single,278.135877,2791,0.126007,173,0,No fault,,,,,,,,,
2026-08-12T10:55:54.595,1786524954.595843,2.179362,1,3000,5.000000,388,3000,0x03,single,278.860618,2970,0.137729,172,0,No fault,,,,,,,,,
2026-08-12T10:55:54.601,1786524954.601052,2.184570,1,3000,5.000000,389,3000,0x03,single,279.563397,2702,0.219780,173,0,No fault,,,,,,,,,
2026-08-12T10:55:54.606,1786524954.606298,2.189830,1,3000,5.000000,390,3000,0x03,single,280.266176,2925,0.196337,172,0,No fault,,,,,,,,,
2026-08-12T10:55:54.611,1786524954.611614,2.195133,1,3000,5.000000,391,3000,0x03,single,280.968956,2881,0.126007,173,0,No fault,,,,,,,,,
2026-08-12T10:55:54.616,1786524954.616838,2.200358,1,3000,5.000000,392,3000,0x03,single,281.671735,2613,0.196337,173,0,No fault,,,,,,,,,
2026-08-12T10:55:54.622,1786524954.622110,2.205648,1,3000,5.000000,393,3000,0x03,single,282.374514,2836,0.167033,173,0,No fault,,,,,,,,,
2026-08-12T10:55:54.627,1786524954.627444,2.210975,1,3000,5.000000,394,3000,0x03,single,283.077293,2702,0.196337,169,0,No fault,,,,,,,,,
2026-08-12T10:55:54.642,1786524954.642926,2.226464,1,3000,5.000000,395,3000,0x03,single,283.802035,3193,0.161172,171,0,No fault,,,,,,,,,
2026-08-12T10:55:54.648,1786524954.648345,2.231881,1,3000,5.000000,396,3000,0x03,single,286.327648,2836,0.196337,173,0,No fault,,,,,,,,,
2026-08-12T10:55:54.653,1786524954.653925,2.237462,1,3000,5.000000,397,3000,0x03,single,286.722961,2836,0.131868,174,0,No fault,,,,,,,,,
2026-08-12T10:55:54.659,1786524954.659247,2.242790,1,3000,5.000000,398,3000,0x03,single,287.425740,3015,0.143590,173,0,No fault,,,,,,,,,
2026-08-12T10:55:54.664,1786524954.664587,2.248120,1,3000,5.000000,399,3000,0x03,single,288.150481,3104,0.219780,173,0,No fault,,,,,,,,,
2026-08-12T10:55:54.669,1786524954.669893,2.253428,1,3000,5.000000,400,3000,0x03,single,288.831299,2970,0.167033,173,0,No fault,,,,,,,,,
2026-08-12T10:55:54.675,1786524954.675202,2.258729,1,3000,5.000000,401,3000,0x03,single,289.534078,2970,0.096703,173,0,No fault,,,,,,,,,
2026-08-12T10:55:54.680,1786524954.680514,2.264051,1,3000,5.000000,402,3000,0x03,single,290.258819,3015,0.131868,172,0,No fault,,,,,,,,,
2026-08-12T10:55:54.685,1786524954.685853,2.269381,1,3000,5.000000,403,3000,0x03,single,290.939637,2702,0.196337,173,0,No fault,,,,,,,,,
2026-08-12T10:55:54.691,1786524954.691137,2.274664,1,3000,5.000000,404,3000,0x03,single,291.664378,2970,0.155311,173,0,No fault,,,,,,,,,
2026-08-12T10:55:54.696,1786524954.696407,2.279925,1,3000,5.000000,405,3000,0x03,single,292.367157,2747,0.102564,173,0,No fault,,,,,,,,,
2026-08-12T10:55:54.701,1786524954.701687,2.285220,1,3000,5.000000,406,3000,0x03,single,293.069936,2970,0.096703,173,0,No fault,,,,,,,,,
2026-08-12T10:55:54.707,1786524954.707006,2.290535,1,3000,5.000000,407,3000,0x03,single,293.794677,3104,0.131868,173,0,No fault,,,,,,,,,
2026-08-12T10:55:54.712,1786524954.712363,2.295888,1,3000,5.000000,408,3000,0x03,single,294.497457,2881,0.161172,173,0,No fault,,,,,,,,,
2026-08-12T10:55:54.717,1786524954.717751,2.301288,1,3000,5.000000,409,3000,0x03,single,295.924977,2925,0.108425,173,0,No fault,,,,,,,,,
2026-08-12T10:55:54.723,1786524954.723087,2.306620,1,3000,5.000000,410,3000,0x03,single,296.627756,2881,0.161172,172,0,No fault,,,,,,,,,
2026-08-12T10:55:54.728,1786524954.728422,2.311954,1,3000,5.000000,411,3000,0x03,single,297.330535,2881,0.143590,173,0,No fault,,,,,,,,,
2026-08-12T10:55:54.733,1786524954.733715,2.317239,1,3000,5.000000,412,3000,0x03,single,298.033315,2881,0.120147,173,0,No fault,,,,,,,,,
2026-08-12T10:55:54.738,1786524954.738956,2.322483,1,3000,5.000000,413,3000,0x03,single,298.758056,3104,0.137729,173,0,No fault,,,,,,,,,
2026-08-12T10:55:54.744,1786524954.744205,2.327729,1,3000,5.000000,414,3000,0x03,single,299.460835,2925,0.172894,177,0,No fault,,,,,,,,,
2026-08-12T10:55:54.749,1786524954.749717,2.333249,1,3000,5.000000,415,3000,0x03,single,300.141653,2925,0.237363,170,0,No fault,,,,,,,,,
2026-08-12T10:55:54.755,1786524954.755005,2.338534,1,3000,5.000000,416,3000,0x03,single,300.866394,3059,0.149451,173,0,No fault,,,,,,,,,
2026-08-12T10:55:54.760,1786524954.760265,2.343790,1,3000,5.000000,417,3000,0x03,single,301.569173,2925,0.161172,172,0,No fault,,,,,,,,,
2026-08-12T10:55:54.765,1786524954.765515,2.349038,1,3000,5.000000,418,3000,0x03,single,302.293914,3015,0.167033,172,0,No fault,,,,,,,,,
2026-08-12T10:55:54.770,1786524954.770780,2.354312,1,3000,5.000000,419,3000,0x03,single,302.974731,2970,0.225641,172,0,No fault,,,,,,,,,
2026-08-12T10:55:54.776,1786524954.776078,2.359599,1,3000,5.000000,420,3000,0x03,single,303.677511,3015,0.108425,173,0,No fault,,,,,,,,,
2026-08-12T10:55:54.781,1786524954.781316,2.364838,1,3000,5.000000,421,3000,0x03,single,304.380290,2970,0.184615,173,0,No fault,,,,,,,,,
2026-08-12T10:55:54.786,1786524954.786626,2.370238,1,3000,5.000000,422,3000,0x03,single,305.083069,2970,0.196337,173,0,No fault,,,,,,,,,
2026-08-12T10:55:54.792,1786524954.792046,2.375586,1,3000,5.000000,423,3000,0x03,single,305.807810,2881,0.202198,173,0,No fault,,,,,,,,,
2026-08-12T10:55:54.797,1786524954.797414,2.380991,1,3000,5.000000,424,3000,0x03,single,306.488628,2836,0.155311,173,0,No fault,,,,,,,,,
2026-08-12T10:55:54.802,1786524954.802757,2.386286,1,3000,5.000000,425,3000,0x03,single,307.213369,2702,0.143590,172,0,No fault,,,,,,,,,
2026-08-12T10:55:54.808,1786524954.808063,2.391599,1,3000,5.000000,426,3000,0x03,single,307.916148,2791,0.167033,172,0,No fault,,,,,,,,,
2026-08-12T10:55:54.813,1786524954.813465,2.397001,1,3000,5.000000,427,3000,0x03,single,308.618927,2836,0.213919,172,0,No fault,,,,,,,,,
2026-08-12T10:55:54.818,1786524954.818818,2.402351,1,3000,5.000000,428,3000,0x03,single,309.321707,2702,0.102564,172,0,No fault,,,,,,,,,
2026-08-12T10:55:54.824,1786524954.824133,2.407663,1,3000,5.000000,429,3000,0x03,single,310.024486,2747,0.131868,172,0,No fault,,,,,,,,,
2026-08-12T10:55:54.829,1786524954.829434,2.413004,1,3000,5.000000,430,3000,0x03,single,310.749227,3283,0.143590,173,0,No fault,,,,,,,,,
2026-08-12T10:55:54.835,1786524954.835081,2.418619,1,3000,5.000000,431,3000,0x03,single,311.452006,2836,0.161172,173,0,No fault,,,,,,,,,
2026-08-12T10:55:54.845,1786524954.845733,2.429264,1,3000,5.000000,432,3000,0x03,single,312.154786,2925,0.114286,172,0,No fault,,,,,,,,,
2026-08-12T10:55:54.851,1786524954.851090,2.434620,1,3000,5.000000,433,3000,0x03,single,314.658437,2657,0.149451,173,0,No fault,,,,,,,,,
2026-08-12T10:55:54.856,1786524954.856399,2.439940,1,3000,5.000000,434,3000,0x03,single,315.075712,2881,0.096703,173,0,No fault,,,,,,,,,
2026-08-12T10:55:54.861,1786524954.861735,2.445260,1,3000,5.000000,435,3000,0x03,single,315.800453,2881,0.126007,172,0,No fault,,,,,,,,,
2026-08-12T10:55:54.867,1786524954.867033,2.450566,1,3000,5.000000,436,3000,0x03,single,316.525194,3149,0.155311,173,0,No fault,,,,,,,,,
2026-08-12T10:55:54.872,1786524954.872316,2.455844,1,3000,5.000000,437,3000,0x03,single,317.227974,3015,0.143590,172,0,No fault,,,,,,,,,
2026-08-12T10:55:54.877,1786524954.877601,2.461135,1,3000,5.000000,438,3000,0x03,single,317.930753,2970,0.126007,172,0,No fault,,,,,,,,,
2026-08-12T10:55:54.882,1786524954.882947,2.466471,1,3000,5.000000,439,3000,0x03,single,318.633532,2836,0.120147,173,0,No fault,,,,,,,,,
2026-08-12T10:55:54.888,1786524954.888177,2.471698,1,3000,5.000000,440,3000,0x03,single,319.358273,2925,0.155311,172,0,No fault,,,,,,,,,
2026-08-12T10:55:54.893,1786524954.893526,2.477068,1,3000,5.000000,441,3000,0x03,single,320.039091,2836,0.190476,173,0,No fault,,,,,,,,,
2026-08-12T10:55:54.898,1786524954.898957,2.482503,1,3000,5.000000,442,3000,0x03,single,320.763832,2925,0.131868,174,0,No fault,,,,,,,,,
2026-08-12T10:55:54.904,1786524954.904289,2.487822,1,3000,5.000000,443,3000,0x03,single,321.466611,2925,0.143590,173,0,No fault,,,,,,,,,
2026-08-12T10:55:54.909,1786524954.909566,2.493094,1,3000,5.000000,444,3000,0x03,single,322.169390,3015,0.178755,172,0,No fault,,,,,,,,,
2026-08-12T10:55:54.914,1786524954.914961,2.498496,1,3000,5.000000,445,3000,0x03,single,322.872170,2970,0.202198,173,0,No fault,,,,,,,,,
2026-08-12T10:55:54.920,1786524954.920247,2.503774,1,3000,5.000000,446,3000,0x03,single,323.574949,2791,0.167033,173,0,No fault,,,,,,,,,
2026-08-12T10:55:54.925,1786524954.925504,2.509028,1,3000,5.000000,447,3000,0x03,single,324.277728,2702,0.149451,172,0,No fault,,,,,,,,,
2026-08-12T10:55:54.930,1786524954.930753,2.514277,1,3000,5.000000,448,3000,0x03,single,324.980507,2791,0.172894,173,0,No fault,,,,,,,,,
2026-08-12T10:55:54.935,1786524954.935999,2.519522,1,3000,5.000000,449,3000,0x03,single,325.683287,2881,0.184615,172,0,No fault,,,,,,,,,
2026-08-12T10:55:54.941,1786524954.941242,2.524766,1,3000,5.000000,450,3000,0x03,single,326.386066,2881,0.178755,172,0,No fault,,,,,,,,,
2026-08-12T10:55:54.946,1786524954.946491,2.530030,1,3000,5.000000,451,3000,0x03,single,327.088845,2925,0.137729,172,0,No fault,,,,,,,,,
2026-08-12T10:55:54.951,1786524954.951786,2.535313,1,3000,5.000000,452,3000,0x03,single,327.813586,2836,0.178755,173,0,No fault,,,,,,,,,
2026-08-12T10:55:54.957,1786524954.957044,2.540569,1,3000,5.000000,453,3000,0x03,single,328.494404,2657,0.213919,173,0,No fault,,,,,,,,,
2026-08-12T10:55:54.962,1786524954.962292,2.545815,1,3000,5.000000,454,3000,0x03,single,329.197183,2747,0.172894,173,0,No fault,,,,,,,,,
2026-08-12T10:55:54.967,1786524954.967533,2.551056,1,3000,5.000000,455,3000,0x03,single,329.899962,2791,0.114286,173,0,No fault,,,,,,,,,
2026-08-12T10:55:54.972,1786524954.972834,2.556368,1,3000,5.000000,456,3000,0x03,single,330.624703,3015,0.149451,172,0,No fault,,,,,,,,,
2026-08-12T10:55:54.978,1786524954.978180,2.561713,1,3000,5.000000,457,3000,0x03,single,331.327483,2925,0.172894,172,0,No fault,,,,,,,,,
2026-08-12T10:55:54.983,1786524954.983569,2.567093,1,3000,5.000000,458,3000,0x03,single,332.030262,3015,0.161172,173,0,No fault,,,,,,,,,
2026-08-12T10:55:54.988,1786524954.988812,2.572333,1,3000,5.000000,459,3000,0x03,single,332.733041,2747,0.102564,173,0,No fault,,,,,,,,,
2026-08-12T10:55:54.994,1786524954.994151,2.577672,1,3000,5.000000,460,3000,0x03,single,334.138600,2657,0.155311,172,0,No fault,,,,,,,,,
2026-08-12T10:55:54.999,1786524954.999397,2.582920,1,3000,5.000000,461,3000,0x03,single,334.841379,2791,0.178755,173,0,No fault,,,,,,,,,
2026-08-12T10:55:55.004,1786524955.004647,2.588168,1,3000,5.000000,462,3000,0x03,single,335.566120,2836,0.084982,172,0,No fault,,,,,,,,,
2026-08-12T10:55:55.009,1786524955.009894,2.593414,1,3000,5.000000,463,3000,0x03,single,336.268899,2791,0.178755,173,0,No fault,,,,,,,,,
2026-08-12T10:55:55.015,1786524955.015129,2.598664,1,3000,5.000000,464,3000,0x03,single,336.971679,2925,0.172894,173,0,No fault,,,,,,,,,
2026-08-12T10:55:55.020,1786524955.020425,2.603957,1,3000,5.000000,465,3000,0x03,single,337.696420,3059,0.172894,172,0,No fault,,,,,,,,,
2026-08-12T10:55:55.025,1786524955.025710,2.609241,1,3000,5.000000,466,3000,0x03,single,338.377237,2791,0.108425,173,0,No fault,,,,,,,,,
2026-08-12T10:55:55.030,1786524955.030989,2.614515,1,3000,5.000000,467,3000,0x03,single,339.101978,2925,0.167033,171,0,No fault,,,,,,,,,
2026-08-12T10:55:55.036,1786524955.036249,2.619778,1,3000,5.000000,468,3000,0x03,single,339.804758,2881,0.202198,173,0,No fault,,,,,,,,,
2026-08-12T10:55:55.052,1786524955.052234,2.635775,1,3000,5.000000,469,3000,0x03,single,340.507537,2747,0.167033,173,0,No fault,,,,,,,,,
2026-08-12T10:55:55.057,1786524955.057620,2.641154,1,3000,5.000000,470,3000,0x03,single,342.879417,2881,0.225641,172,0,No fault,,,,,,,,,
2026-08-12T10:55:55.062,1786524955.062946,2.646496,1,3000,5.000000,471,3000,0x03,single,343.296692,2881,0.213919,174,0,No fault,,,,,,,,,
2026-08-12T10:55:55.068,1786524955.068321,2.651868,1,3000,5.000000,472,3000,0x03,single,344.021433,2881,0.114286,172,0,No fault,,,,,,,,,
2026-08-12T10:55:55.073,1786524955.073698,2.657235,1,3000,5.000000,473,3000,0x03,single,344.746174,3059,0.202198,172,0,No fault,,,,,,,,,
2026-08-12T10:55:55.079,1786524955.079149,2.662681,1,3000,5.000000,474,3000,0x03,single,345.448954,2702,0.196337,173,0,No fault,,,,,,,,,
2026-08-12T10:55:55.084,1786524955.084446,2.667980,1,3000,5.000000,475,3000,0x03,single,346.129771,2970,0.208059,168,0,No fault,,,,,,,,,
2026-08-12T10:55:55.089,1786524955.089741,2.673276,1,3000,5.000000,476,3000,0x03,single,346.854512,2970,0.108425,173,0,No fault,,,,,,,,,
2026-08-12T10:55:55.095,1786524955.095049,2.678586,1,3000,5.000000,477,3000,0x03,single,347.557291,2613,0.178755,174,0,No fault,,,,,,,,,
2026-08-12T10:55:55.100,1786524955.100456,2.683989,1,3000,5.000000,478,3000,0x03,single,348.260071,2881,0.219780,173,0,No fault,,,,,,,,,
2026-08-12T10:55:55.105,1786524955.105788,2.689321,1,3000,5.000000,479,3000,0x03,single,348.962850,2836,0.149451,172,0,No fault,,,,,,,,,
2026-08-12T10:55:55.111,1786524955.111066,2.694597,1,3000,5.000000,480,3000,0x03,single,349.687591,2925,0.126007,173,0,No fault,,,,,,,,,
2026-08-12T10:55:55.116,1786524955.116497,2.700028,1,3000,5.000000,481,3000,0x03,single,350.412332,3015,0.143590,173,0,No fault,,,,,,,,,
2026-08-12T10:55:55.121,1786524955.121963,2.705491,1,3000,5.000000,482,3000,0x03,single,351.817891,3059,0.172894,172,0,No fault,,,,,,,,,
2026-08-12T10:55:55.127,1786524955.127292,2.710828,1,3000,5.000000,483,3000,0x03,single,352.520670,2791,0.096703,170,0,No fault,,,,,,,,,
2026-08-12T10:55:55.132,1786524955.132597,2.716136,1,3000,5.000000,484,3000,0x03,single,353.223449,2747,0.131868,174,0,No fault,,,,,,,,,
2026-08-12T10:55:55.137,1786524955.137947,2.721489,1,3000,5.000000,485,3000,0x03,single,353.948190,2657,0.137729,173,0,No fault,,,,,,,,,
2026-08-12T10:55:55.143,1786524955.143283,2.726815,1,3000,5.000000,486,3000,0x03,single,354.650970,2925,0.155311,173,0,No fault,,,,,,,,,
2026-08-12T10:55:55.148,1786524955.148598,2.732128,1,3000,5.000000,487,3000,0x03,single,355.353749,2791,0.114286,173,0,No fault,,,,,,,,,
2026-08-12T10:55:55.153,1786524955.153913,2.737449,1,3000,5.000000,488,3000,0x03,single,356.056528,2747,0.143590,173,0,No fault,,,,,,,,,
2026-08-12T10:55:55.159,1786524955.159242,2.742773,1,3000,5.000000,489,3000,0x03,single,356.781269,2836,0.196337,173,0,No fault,,,,,,,,,
2026-08-12T10:55:55.164,1786524955.164532,2.748053,1,3000,5.000000,490,3000,0x03,single,357.484049,2836,0.131868,173,0,No fault,,,,,,,,,
2026-08-12T10:55:55.169,1786524955.169780,2.753309,1,3000,5.000000,491,3000,0x03,single,358.186828,3015,0.143590,173,0,No fault,,,,,,,,,
2026-08-12T10:55:55.175,1786524955.175042,2.758562,1,3000,5.000000,492,3000,0x03,single,358.911569,3327,0.155311,173,0,No fault,,,,,,,,,
2026-08-12T10:55:55.180,1786524955.180315,2.763865,1,3000,5.000000,493,3000,0x03,single,359.592386,2925,0.190476,171,0,No fault,,,,,,,,,
2026-08-12T10:55:55.185,1786524955.185638,2.769164,1,3000,5.000000,494,3000,0x03,single,360.295166,2791,0.172894,173,0,No fault,,,,,,,,,
2026-08-12T10:55:55.190,1786524955.190873,2.774395,1,3000,5.000000,495,3000,0x03,single,360.997945,2568,0.114286,172,0,No fault,,,,,,,,,
2026-08-12T10:55:55.196,1786524955.196090,2.779609,1,3000,5.000000,496,3000,0x03,single,361.700724,2791,0.155311,173,0,No fault,,,,,,,,,
2026-08-12T10:55:55.201,1786524955.201332,2.784873,1,3000,5.000000,497,3000,0x03,single,362.403503,2568,0.178755,172,0,No fault,,,,,,,,,
2026-08-12T10:55:55.206,1786524955.206665,2.790186,1,3000,5.000000,498,3000,0x03,single,363.128245,2747,0.190476,172,0,No fault,,,,,,,,,
2026-08-12T10:55:55.211,1786524955.211915,2.795448,1,3000,5.000000,499,3000,0x03,single,363.831024,2881,0.108425,173,0,No fault,,,,,,,,,
2026-08-12T10:55:55.217,1786524955.217201,2.800722,1,3000,5.000000,500,3000,0x03,single,364.533803,3015,0.178755,173,0,No fault,,,,,,,,,
2026-08-12T10:55:55.222,1786524955.222420,2.805939,1,3000,5.000000,501,3000,0x03,single,365.236582,3015,0.190476,173,0,No fault,,,,,,,,,
2026-08-12T10:55:55.227,1786524955.227629,2.811147,1,3000,5.000000,502,3000,0x03,single,365.939362,2925,0.208059,173,0,No fault,,,,,,,,,
2026-08-12T10:55:55.232,1786524955.232895,2.816437,1,3000,5.000000,503,3000,0x03,single,366.642141,3059,0.155311,172,0,No fault,,,,,,,,,
2026-08-12T10:55:55.238,1786524955.238341,2.821862,1,3000,5.000000,504,3000,0x03,single,367.344920,2836,0.126007,173,0,No fault,,,,,,,,,
2026-08-12T10:55:55.243,1786524955.243594,2.827120,1,3000,5.000000,505,3000,0x03,single,368.047699,2747,0.202198,172,0,No fault,,,,,,,,,
2026-08-12T10:55:55.259,1786524955.259031,2.842562,1,3000,5.000000,506,3000,0x03,single,370.902740,3015,0.161172,173,0,No fault,,,,,,,,,
2026-08-12T10:55:55.264,1786524955.264289,2.847815,1,3000,5.000000,507,3000,0x03,single,371.298054,3104,0.155311,173,0,No fault,,,,,,,,,
2026-08-12T10:55:55.269,1786524955.269535,2.853064,1,3000,5.000000,508,3000,0x03,single,371.649443,2881,0.161172,172,0,No fault,,,,,,,,,
2026-08-12T10:55:55.274,1786524955.274805,2.858327,1,3000,5.000000,509,3000,0x03,single,372.352222,2881,0.084982,173,0,No fault,,,,,,,,,
2026-08-12T10:55:55.280,1786524955.280243,2.863784,1,3000,5.000000,510,3000,0x03,single,373.055002,2881,0.137729,172,0,No fault,,,,,,,,,
2026-08-12T10:55:55.285,1786524955.285654,2.869191,1,3000,5.000000,511,3000,0x03,single,374.482522,2836,0.131868,173,0,No fault,,,,,,,,,
2026-08-12T10:55:55.290,1786524955.290970,2.874499,1,3000,5.000000,512,3000,0x03,single,375.185301,2791,0.090842,173,0,No fault,,,,,,,,,
2026-08-12T10:55:55.296,1786524955.296257,2.879785,1,3000,5.000000,513,3000,0x03,single,375.910043,2970,0.102564,173,0,No fault,,,,,,,,,
2026-08-12T10:55:55.301,1786524955.301513,2.885037,1,3000,5.000000,514,3000,0x03,single,376.612822,2657,0.143590,172,0,No fault,,,,,,,,,
2026-08-12T10:55:55.306,1786524955.306761,2.890297,1,3000,5.000000,515,3000,0x03,single,377.337563,2925,0.149451,172,0,No fault,,,,,,,,,
2026-08-12T10:55:55.312,1786524955.312050,2.895576,1,3000,5.000000,516,3000,0x03,single,378.040342,2925,0.102564,174,0,No fault,,,,,,,,,
2026-08-12T10:55:55.317,1786524955.317302,2.900827,1,3000,5.000000,517,3000,0x03,single,378.743121,2925,0.108425,172,0,No fault,,,,,,,,,
2026-08-12T10:55:55.322,1786524955.322592,2.906119,1,3000,5.000000,518,3000,0x03,single,379.467863,2970,0.184615,173,0,No fault,,,,,,,,,
2026-08-12T10:55:55.327,1786524955.327890,2.911423,1,3000,5.000000,519,3000,0x03,single,380.170642,2836,0.184615,173,0,No fault,,,,,,,,,
2026-08-12T10:55:55.333,1786524955.333198,2.916725,1,3000,5.000000,520,3000,0x03,single,380.873421,2836,0.114286,173,0,No fault,,,,,,,,,
2026-08-12T10:55:55.338,1786524955.338494,2.922029,1,3000,5.000000,521,3000,0x03,single,381.576200,2881,0.155311,168,0,No fault,,,,,,,,,
2026-08-12T10:55:55.343,1786524955.343784,2.927313,1,3000,5.000000,522,3000,0x03,single,382.278980,2657,0.190476,173,0,No fault,,,,,,,,,
2026-08-12T10:55:55.349,1786524955.349051,2.932576,1,3000,5.000000,523,3000,0x03,single,382.981759,2881,0.208059,174,0,No fault,,,,,,,,,
2026-08-12T10:55:55.354,1786524955.354337,2.937873,1,3000,5.000000,524,3000,0x03,single,383.684538,2747,0.120147,173,0,No fault,,,,,,,,,
2026-08-12T10:55:55.359,1786524955.359668,2.943202,1,3000,5.000000,525,3000,0x03,single,384.409279,2925,0.161172,173,0,No fault,,,,,,,,,
2026-08-12T10:55:55.364,1786524955.364988,2.948528,1,3000,5.000000,526,3000,0x03,single,385.112059,2881,0.172894,172,0,No fault,,,,,,,,,
2026-08-12T10:55:55.370,1786524955.370312,2.953835,1,3000,5.000000,527,3000,0x03,single,385.814838,2970,0.208059,173,0,No fault,,,,,,,,,
2026-08-12T10:55:55.375,1786524955.375562,2.959089,1,3000,5.000000,528,3000,0x03,single,386.517617,2657,0.155311,173,0,No fault,,,,,,,,,
2026-08-12T10:55:55.380,1786524955.380808,2.964328,1,3000,5.000000,529,3000,0x03,single,387.220396,2836,0.126007,173,0,No fault,,,,,,,,,
2026-08-12T10:55:55.386,1786524955.386064,2.969608,1,3000,5.000000,530,3000,0x03,single,387.923176,2836,0.213919,174,0,No fault,,,,,,,,,
2026-08-12T10:55:55.391,1786524955.391413,2.974947,1,3000,5.000000,531,3000,0x03,single,388.625955,2791,0.172894,173,0,No fault,,,,,,,,,
2026-08-12T10:55:55.396,1786524955.396747,2.980287,1,3000,5.000000,532,3000,0x03,single,389.328734,2747,0.120147,173,0,No fault,,,,,,,,,
2026-08-12T10:55:55.402,1786524955.402096,2.985631,1,3000,5.000000,533,3000,0x03,single,390.053475,2925,0.149451,173,0,No fault,,,,,,,,,
2026-08-12T10:55:55.407,1786524955.407507,2.991050,1,3000,5.000000,534,3000,0x03,single,390.778216,3059,0.120147,173,0,No fault,,,,,,,,,
2026-08-12T10:55:55.412,1786524955.412856,2.996386,1,3000,5.000000,535,3000,0x03,single,391.437072,2613,0.219780,174,0,No fault,,,,,,,,,
2026-08-12T10:55:55.418,1786524955.418265,3.001791,1,3000,5.000000,536,3000,0x03,single,392.161813,2836,0.090842,173,0,No fault,,,,,,,,,
2026-08-12T10:55:55.423,1786524955.423849,3.007389,1,3000,5.000000,537,3000,0x03,single,393.633257,3104,0.143590,173,0,No fault,,,,,,,,,
2026-08-12T10:55:55.429,1786524955.429195,3.012731,1,3000,5.000000,538,3000,0x03,single,394.314075,2791,0.155311,172,0,No fault,,,,,,,,,
2026-08-12T10:55:55.434,1786524955.434508,3.018034,1,3000,5.000000,539,3000,0x03,single,395.038816,3059,0.131868,172,0,No fault,,,,,,,,,
2026-08-12T10:55:55.439,1786524955.439795,3.023330,1,3000,5.000000,540,3000,0x03,single,395.763557,3015,0.090842,174,0,No fault,,,,,,,,,
2026-08-12T10:55:55.445,1786524955.445110,3.028647,1,3000,5.000000,541,3000,0x03,single,396.466336,2970,0.161172,171,0,No fault,,,,,,,,,
2026-08-12T10:55:55.460,1786524955.460651,3.044179,1,3000,5.000000,542,3000,0x03,single,397.169115,3104,0.184615,173,0,No fault,,,,,,,,,
2026-08-12T10:55:55.465,1786524955.465956,3.049494,1,3000,5.000000,543,3000,0x03,single,399.628843,2925,0.208059,173,0,No fault,,,,,,,,,
2026-08-12T10:55:55.471,1786524955.471321,3.054863,1,3000,5.000000,544,3000,0x03,single,400.002194,2881,0.208059,173,0,No fault,,,,,,,,,
2026-08-12T10:55:55.476,1786524955.476656,3.060183,1,3000,5.000000,545,3000,0x03,single,400.704974,2925,0.155311,171,0,No fault,,,,,,,,,
2026-08-12T10:55:55.481,1786524955.481961,3.065505,1,3000,5.000000,546,3000,0x03,single,401.407753,2970,0.126007,172,0,No fault,,,,,,,,,
2026-08-12T10:55:55.487,1786524955.487329,3.070863,1,3000,5.000000,547,3000,0x03,single,402.110532,3104,0.196337,173,0,No fault,,,,,,,,,
2026-08-12T10:55:55.492,1786524955.492648,3.076181,1,3000,5.000000,548,3000,0x03,single,402.813311,2747,0.167033,173,0,No fault,,,,,,,,,
2026-08-12T10:55:55.497,1786524955.497965,3.081499,1,3000,5.000000,549,3000,0x03,single,403.494129,2657,0.172894,172,0,No fault,,,,,,,,,
2026-08-12T10:55:55.503,1786524955.503276,3.086906,1,3000,5.000000,550,3000,0x03,single,404.218870,2791,0.167033,173,0,No fault,,,,,,,,,
2026-08-12T10:55:55.508,1786524955.508700,3.092240,1,3000,5.000000,551,3000,0x03,single,404.921649,2925,0.190476,172,0,No fault,,,,,,,,,
2026-08-12T10:55:55.514,1786524955.514050,3.097584,1,3000,5.000000,552,3000,0x03,single,405.646390,2836,0.208059,172,0,No fault,,,,,,,,,
2026-08-12T10:55:55.519,1786524955.519386,3.102926,1,3000,5.000000,553,3000,0x03,single,406.349170,3059,0.184615,172,0,No fault,,,,,,,,,
2026-08-12T10:55:55.524,1786524955.524748,3.108288,1,3000,5.000000,554,3000,0x03,single,407.029987,2657,0.096703,175,0,No fault,,,,,,,,,
2026-08-12T10:55:55.530,1786524955.530110,3.113645,1,3000,5.000000,555,3000,0x03,single,407.776690,2970,0.184615,176,0,No fault,,,,,,,,,
2026-08-12T10:55:55.535,1786524955.535417,3.118943,1,3000,5.000000,556,3000,0x03,single,408.457507,2747,0.202198,173,0,No fault,,,,,,,,,
2026-08-12T10:55:55.540,1786524955.540696,3.124229,1,3000,5.000000,557,3000,0x03,single,409.160287,3015,0.137729,175,0,No fault,,,,,,,,,
2026-08-12T10:55:55.545,1786524955.545986,3.129516,1,3000,5.000000,558,3000,0x03,single,409.885028,2791,0.108425,173,0,No fault,,,,,,,,,
2026-08-12T10:55:55.551,1786524955.551498,3.135037,1,3000,5.000000,559,3000,0x03,single,410.609769,2970,0.155311,172,0,No fault,,,,,,,,,
2026-08-12T10:55:55.557,1786524955.557037,3.140576,1,3000,5.000000,560,3000,0x03,single,412.015327,2925,0.161172,173,0,No fault,,,,,,,,,
2026-08-12T10:55:55.562,1786524955.562360,3.145891,1,3000,5.000000,561,3000,0x03,single,412.718107,2970,0.102564,173,0,No fault,,,,,,,,,
2026-08-12T10:55:55.567,1786524955.567828,3.151372,1,3000,5.000000,562,3000,0x03,single,413.442848,3059,0.161172,173,0,No fault,,,,,,,,,
2026-08-12T10:55:55.573,1786524955.573193,3.156725,1,3000,5.000000,563,3000,0x03,single,414.145627,2925,0.155311,173,0,No fault,,,,,,,,,
2026-08-12T10:55:55.578,1786524955.578603,3.162136,1,3000,5.000000,564,3000,0x03,single,414.848406,3015,0.137729,173,0,No fault,,,,,,,,,
2026-08-12T10:55:55.583,1786524955.583936,3.167471,1,3000,5.000000,565,3000,0x03,single,415.551186,2747,0.102564,173,0,No fault,,,,,,,,,
2026-08-12T10:55:55.589,1786524955.589362,3.172908,1,3000,5.000000,566,3000,0x03,single,416.253965,2836,0.172894,172,0,No fault,,,,,,,,,
2026-08-12T10:55:55.594,1786524955.594861,3.178397,1,3000,5.000000,567,3000,0x03,single,416.978706,2791,0.137729,172,0,No fault,,,,,,,,,
2026-08-12T10:55:55.600,1786524955.600191,3.183727,1,3000,5.000000,568,3000,0x03,single,417.681485,2702,0.167033,172,0,No fault,,,,,,,,,
2026-08-12T10:55:55.605,1786524955.605509,3.189042,1,3000,5.000000,569,3000,0x03,single,418.384265,2881,0.126007,170,0,No fault,,,,,,,,,
2026-08-12T10:55:55.610,1786524955.610803,3.194334,1,3000,5.000000,570,3000,0x03,single,419.109006,2791,0.143590,173,0,No fault,,,,,,,,,
2026-08-12T10:55:55.616,1786524955.616084,3.199622,1,3000,5.000000,571,3000,0x03,single,419.789823,2747,0.178755,176,0,No fault,,,,,,,,,
2026-08-12T10:55:55.621,1786524955.621387,3.204917,1,3000,5.000000,572,3000,0x03,single,420.536526,2881,0.172894,172,0,No fault,,,,,,,,,
2026-08-12T10:55:55.626,1786524955.626700,3.210227,1,3000,5.000000,573,3000,0x03,single,421.239305,2836,0.090842,173,0,No fault,,,,,,,,,
2026-08-12T10:55:55.631,1786524955.631959,3.215485,1,3000,5.000000,574,3000,0x03,single,421.964046,3015,0.184615,173,0,No fault,,,,,,,,,
2026-08-12T10:55:55.637,1786524955.637208,3.220734,1,3000,5.000000,575,3000,0x03,single,422.644864,2791,0.178755,172,0,No fault,,,,,,,,,
2026-08-12T10:55:55.642,1786524955.642619,3.226167,1,3000,5.000000,576,3000,0x03,single,423.347643,2970,0.237363,171,0,No fault,,,,,,,,,
2026-08-12T10:55:55.647,1786524955.647958,3.231488,1,3000,5.000000,577,3000,0x03,single,424.072384,2925,0.114286,172,0,No fault,,,,,,,,,
2026-08-12T10:55:55.653,1786524955.653225,3.236755,1,3000,5.000000,578,3000,0x03,single,424.775164,2836,0.213919,173,0,No fault,,,,,,,,,
2026-08-12T10:55:55.668,1786524955.668708,3.252242,1,3000,5.000000,579,3000,0x03,single,427.696090,2747,0.155311,171,0,No fault,,,,,,,,,
2026-08-12T10:55:55.673,1786524955.673995,3.257526,1,3000,5.000000,580,3000,0x03,single,428.047480,2925,0.219780,172,0,No fault,,,,,,,,,
2026-08-12T10:55:55.679,1786524955.679306,3.262852,1,3000,5.000000,581,3000,0x03,single,428.442793,2747,0.184615,173,0,No fault,,,,,,,,,
2026-08-12T10:55:55.684,1786524955.684669,3.268208,1,3000,5.000000,582,3000,0x03,single,429.145572,2925,0.149451,174,0,No fault,,,,,,,,,
2026-08-12T10:55:55.689,1786524955.689996,3.273527,1,3000,5.000000,583,3000,0x03,single,429.870313,3015,0.102564,173,0,No fault,,,,,,,,,
2026-08-12T10:55:55.695,1786524955.695292,3.278827,1,3000,5.000000,584,3000,0x03,single,430.573093,2970,0.161172,173,0,No fault,,,,,,,,,
2026-08-12T10:55:55.700,1786524955.700613,3.284157,1,3000,5.000000,585,3000,0x03,single,431.275872,2925,0.161172,173,0,No fault,,,,,,,,,
2026-08-12T10:55:55.706,1786524955.706059,3.289594,1,3000,5.000000,586,3000,0x03,single,431.978651,2970,0.114286,172,0,No fault,,,,,,,,,
2026-08-12T10:55:55.711,1786524955.711442,3.294975,1,3000,5.000000,587,3000,0x03,single,433.428133,2836,0.126007,173,0,No fault,,,,,,,,,
2026-08-12T10:55:55.716,1786524955.716755,3.300291,1,3000,5.000000,588,3000,0x03,single,434.130913,2702,0.126007,172,0,No fault,,,,,,,,,
2026-08-12T10:55:55.722,1786524955.722068,3.305596,1,3000,5.000000,589,3000,0x03,single,434.833692,2747,0.131868,173,0,No fault,,,,,,,,,
2026-08-12T10:55:55.727,1786524955.727324,3.310848,1,3000,5.000000,590,3000,0x03,single,435.558433,2836,0.073260,173,0,No fault,,,,,,,,,
2026-08-12T10:55:55.732,1786524955.732570,3.316094,1,3000,5.000000,591,3000,0x03,single,436.261212,2836,0.161172,173,0,No fault,,,,,,,,,
2026-08-12T10:55:55.737,1786524955.737841,3.321384,1,3000,5.000000,592,3000,0x03,single,436.985953,2925,0.155311,174,0,No fault,,,,,,,,,
2026-08-12T10:55:55.743,1786524955.743318,3.326845,1,3000,5.000000,593,3000,0x03,single,437.688733,3015,0.143590,173,0,No fault,,,,,,,,,
2026-08-12T10:55:55.748,1786524955.748600,3.332135,1,3000,5.000000,594,3000,0x03,single,438.391512,3015,0.102564,172,0,No fault,,,,,,,,,
2026-08-12T10:55:55.753,1786524955.753907,3.337431,1,3000,5.000000,595,3000,0x03,single,439.116253,2836,0.143590,170,0,No fault,,,,,,,,,
2026-08-12T10:55:55.759,1786524955.759214,3.342763,1,3000,5.000000,596,3000,0x03,single,439.819032,2881,0.184615,173,0,No fault,,,,,,,,,
2026-08-12T10:55:55.764,1786524955.764601,3.348136,1,3000,5.000000,597,3000,0x03,single,440.521812,2925,0.167033,172,0,No fault,,,,,,,,,
2026-08-12T10:55:55.769,1786524955.769915,3.353447,1,3000,5.000000,598,3000,0x03,single,441.224591,2791,0.126007,173,0,No fault,,,,,,,,,
2026-08-12T10:55:55.775,1786524955.775235,3.358765,1,3000,5.000000,599,3000,0x03,single,441.927370,2925,0.155311,170,0,No fault,,,,,,,,,
2026-08-12T10:55:55.780,1786524955.780551,3.364095,1,3000,5.000000,600,3000,0x03,single,442.630149,2657,0.184615,172,0,No fault,,,,,,,,,
2026-08-12T10:55:55.785,1786524955.785909,3.369446,1,3000,5.000000,601,3000,0x03,single,443.332929,2881,0.202198,174,0,No fault,,,,,,,,,
2026-08-12T10:55:55.791,1786524955.791228,3.374762,1,3000,5.000000,602,3000,0x03,single,444.057670,2925,0.102564,173,0,No fault,,,,,,,,,
2026-08-12T10:55:55.796,1786524955.796575,3.380103,1,3000,5.000000,603,3000,0x03,single,444.760449,3015,0.225641,173,0,No fault,,,,,,,,,
2026-08-12T10:55:55.801,1786524955.801853,3.385380,1,3000,5.000000,604,3000,0x03,single,445.463228,2925,0.167033,171,0,No fault,,,,,,,,,
2026-08-12T10:55:55.807,1786524955.807138,3.390677,1,3000,5.000000,605,3000,0x03,single,446.144046,2568,0.172894,173,0,No fault,,,,,,,,,
2026-08-12T10:55:55.812,1786524955.812484,3.396020,1,3000,5.000000,606,3000,0x03,single,446.890749,3015,0.126007,173,0,No fault,,,,,,,,,
2026-08-12T10:55:55.817,1786524955.817787,3.401313,1,3000,5.000000,607,3000,0x03,single,447.593528,2791,0.155311,172,0,No fault,,,,,,,,,
2026-08-12T10:55:55.823,1786524955.823283,3.406834,1,3000,5.000000,608,3000,0x03,single,448.274345,2836,0.208059,173,0,No fault,,,,,,,,,
2026-08-12T10:55:55.828,1786524955.828851,3.412392,1,3000,5.000000,609,3000,0x03,single,448.999087,3015,0.178755,173,0,No fault,,,,,,,,,
2026-08-12T10:55:55.834,1786524955.834322,3.417856,1,3000,5.000000,610,3000,0x03,single,450.404645,2836,0.149451,173,0,No fault,,,,,,,,,
2026-08-12T10:55:55.839,1786524955.839674,3.423208,1,3000,5.000000,611,3000,0x03,single,451.129386,2970,0.172894,172,0,No fault,,,,,,,,,
2026-08-12T10:55:55.845,1786524955.845006,3.428547,1,3000,5.000000,612,3000,0x03,single,451.832165,2747,0.161172,173,0,No fault,,,,,,,,,
2026-08-12T10:55:55.850,1786524955.850372,3.433895,1,3000,5.000000,613,3000,0x03,single,452.556907,3059,0.079121,174,0,No fault,,,,,,,,,
2026-08-12T10:55:55.865,1786524955.865820,3.449350,1,3000,5.000000,614,3000,0x03,single,453.259686,3015,0.131868,173,0,No fault,,,,,,,,,
2026-08-12T10:55:55.873,1786524955.873316,3.456854,1,3000,5.000000,615,3000,0x03,single,455.763337,2791,0.108425,175,0,No fault,,,,,,,,,
2026-08-12T10:55:55.878,1786524955.878702,3.462239,1,3000,5.000000,616,3000,0x03,single,456.180612,2925,0.155311,172,0,No fault,,,,,,,,,
2026-08-12T10:55:55.884,1786524955.884007,3.467526,1,3000,5.000000,617,3000,0x03,single,456.883391,2881,0.202198,172,0,No fault,,,,,,,,,
2026-08-12T10:55:55.889,1786524955.889912,3.473448,1,3000,5.000000,618,3000,0x03,single,457.586171,3015,0.161172,172,0,No fault,,,,,,,,,
2026-08-12T10:55:55.895,1786524955.895260,3.478796,1,3000,5.000000,619,3000,0x03,single,458.354836,2881,0.108425,172,0,No fault,,,,,,,,,
2026-08-12T10:55:55.900,1786524955.900564,3.484097,1,3000,5.000000,620,3000,0x03,single,459.057615,2702,0.178755,172,0,No fault,,,,,,,,,
2026-08-12T10:55:55.905,1786524955.905900,3.489431,1,3000,5.000000,621,3000,0x03,single,459.760394,2881,0.202198,173,0,No fault,,,,,,,,,
2026-08-12T10:55:55.911,1786524955.911212,3.494744,1,3000,5.000000,622,3000,0x03,single,460.463173,2747,0.155311,173,0,No fault,,,,,,,,,
2026-08-12T10:55:55.916,1786524955.916762,3.500291,1,3000,5.000000,623,3000,0x03,single,461.165953,2881,0.131868,172,0,No fault,,,,,,,,,
2026-08-12T10:55:55.922,1786524955.922163,3.505687,1,3000,5.000000,624,3000,0x03,single,462.593473,2881,0.202198,174,0,No fault,,,,,,,,,
2026-08-12T10:55:55.927,1786524955.927458,3.510995,1,3000,5.000000,625,3000,0x03,single,463.274290,2881,0.196337,173,0,No fault,,,,,,,,,
2026-08-12T10:55:55.932,1786524955.932807,3.516341,1,3000,5.000000,626,3000,0x03,single,463.999032,2881,0.126007,174,0,No fault,,,,,,,,,
2026-08-12T10:55:55.938,1786524955.938121,3.521651,1,3000,5.000000,627,3000,0x03,single,464.701811,2836,0.143590,175,0,No fault,,,,,,,,,
2026-08-12T10:55:55.943,1786524955.943385,3.526907,1,3000,5.000000,628,3000,0x03,single,465.404590,2970,0.184615,175,0,No fault,,,,,,,,,
2026-08-12T10:55:55.948,1786524955.948644,3.532176,1,3000,5.000000,629,3000,0x03,single,466.107369,2925,0.172894,172,0,No fault,,,,,,,,,
2026-08-12T10:55:55.953,1786524955.953965,3.537499,1,3000,5.000000,630,3000,0x03,single,466.810149,2881,0.114286,174,0,No fault,,,,,,,,,
2026-08-12T10:55:55.959,1786524955.959278,3.542806,1,3000,5.000000,631,3000,0x03,single,467.534890,2970,0.167033,171,0,No fault,,,,,,,,,
2026-08-12T10:55:55.964,1786524955.964564,3.548094,1,3000,5.000000,632,3000,0x03,single,468.237669,2925,0.249084,172,0,No fault,,,,,,,,,
2026-08-12T10:55:55.969,1786524955.969858,3.553393,1,3000,5.000000,633,3000,0x03,single,468.940448,2970,0.172894,171,0,No fault,,,,,,,,,
2026-08-12T10:55:55.975,1786524955.975159,3.558684,1,3000,5.000000,634,3000,0x03,single,469.643228,2657,0.090842,172,0,No fault,,,,,,,,,
2026-08-12T10:55:55.980,1786524955.980426,3.563951,1,3000,5.000000,635,3000,0x03,single,470.367969,2970,0.149451,173,0,No fault,,,,,,,,,
2026-08-12T10:55:55.985,1786524955.985714,3.569251,1,3000,5.000000,636,3000,0x03,single,471.048786,2568,0.161172,174,0,No fault,,,,,,,,,
2026-08-12T10:55:55.991,1786524955.991067,3.574595,1,3000,5.000000,637,3000,0x03,single,471.751565,2791,0.161172,173,0,No fault,,,,,,,,,
2026-08-12T10:55:55.996,1786524955.996325,3.579856,1,3000,5.000000,638,3000,0x03,single,472.476306,2836,0.096703,173,0,No fault,,,,,,,,,
2026-08-12T10:55:56.001,1786524956.001630,3.585159,1,3000,5.000000,639,3000,0x03,single,473.179086,3015,0.143590,172,0,No fault,,,,,,,,,
2026-08-12T10:55:56.006,1786524956.006927,3.590460,1,3000,5.000000,640,3000,0x03,single,473.903827,2747,0.167033,172,0,No fault,,,,,,,,,
2026-08-12T10:55:56.012,1786524956.012274,3.595800,1,3000,5.000000,641,3000,0x03,single,474.606606,2881,0.149451,172,0,No fault,,,,,,,,,
2026-08-12T10:55:56.017,1786524956.017559,3.601092,1,3000,5.000000,642,3000,0x03,single,475.331347,3015,0.120147,172,0,No fault,,,,,,,,,
2026-08-12T10:55:56.022,1786524956.022856,3.606390,1,3000,5.000000,643,3000,0x03,single,476.034127,2970,0.126007,171,0,No fault,,,,,,,,,
2026-08-12T10:55:56.028,1786524956.028167,3.611700,1,3000,5.000000,644,3000,0x03,single,476.736906,2970,0.184615,173,0,No fault,,,,,,,,,
2026-08-12T10:55:56.033,1786524956.033508,3.617036,1,3000,5.000000,645,3000,0x03,single,477.461647,2881,0.120147,172,0,No fault,,,,,,,,,
2026-08-12T10:55:56.038,1786524956.038790,3.622318,1,3000,5.000000,646,3000,0x03,single,478.186388,3059,0.096703,173,0,No fault,,,,,,,,,
2026-08-12T10:55:56.044,1786524956.044095,3.627632,1,3000,5.000000,647,3000,0x03,single,478.889167,2881,0.114286,173,0,No fault,,,,,,,,,
2026-08-12T10:55:56.049,1786524956.049425,3.632996,1,3000,5.000000,648,3000,0x03,single,479.591947,3059,0.184615,174,0,No fault,,,,,,,,,
2026-08-12T10:55:56.055,1786524956.055002,3.638531,1,3000,5.000000,649,3000,0x03,single,480.294726,2791,0.172894,172,0,No fault,,,,,,,,,
2026-08-12T10:55:56.065,1786524956.065407,3.648965,1,3000,5.000000,650,3000,0x03,single,480.997505,2836,0.102564,171,0,No fault,,,,,,,,,
2026-08-12T10:55:56.070,1786524956.070793,3.654331,1,3000,5.000000,651,3000,0x03,single,483.435271,2791,0.202198,172,0,No fault,,,,,,,,,
2026-08-12T10:55:56.076,1786524956.076190,3.659739,1,3000,5.000000,652,3000,0x03,single,483.874508,2836,0.108425,176,0,No fault,,,,,,,,,
2026-08-12T10:55:56.081,1786524956.081769,3.665308,1,3000,5.000000,653,3000,0x03,single,484.599249,3059,0.196337,175,0,No fault,,,,,,,,,
2026-08-12T10:55:56.087,1786524956.087077,3.670603,1,3000,5.000000,654,3000,0x03,single,485.302028,2970,0.202198,172,0,No fault,,,,,,,,,
2026-08-12T10:55:56.092,1786524956.092324,3.675846,1,3000,5.000000,655,3000,0x03,single,485.982846,3015,0.213919,171,0,No fault,,,,,,,,,
2026-08-12T10:55:56.097,1786524956.097585,3.681123,1,3000,5.000000,656,3000,0x03,single,486.707587,3059,0.137729,172,0,No fault,,,,,,,,,
2026-08-12T10:55:56.102,1786524956.102927,3.686463,1,3000,5.000000,657,3000,0x03,single,487.410366,2970,0.143590,172,0,No fault,,,,,,,,,
2026-08-12T10:55:56.108,1786524956.108251,3.691784,1,3000,5.000000,658,3000,0x03,single,488.113145,2925,0.219780,173,0,No fault,,,,,,,,,
2026-08-12T10:55:56.113,1786524956.113546,3.697068,1,3000,5.000000,659,3000,0x03,single,488.815924,2970,0.149451,173,0,No fault,,,,,,,,,
2026-08-12T10:55:56.118,1786524956.118828,3.702366,1,3000,5.000000,660,3000,0x03,single,489.518704,2881,0.102564,174,0,No fault,,,,,,,,,
2026-08-12T10:55:56.124,1786524956.124184,3.707715,1,3000,5.000000,661,3000,0x03,single,490.221483,2925,0.143590,172,0,No fault,,,,,,,,,
2026-08-12T10:55:56.129,1786524956.129515,3.713051,1,3000,5.000000,662,3000,0x03,single,490.924262,2657,0.149451,173,0,No fault,,,,,,,,,
2026-08-12T10:55:56.134,1786524956.134829,3.718361,1,3000,5.000000,663,3000,0x03,single,491.649003,3059,0.161172,172,0,No fault,,,,,,,,,
2026-08-12T10:55:56.140,1786524956.140138,3.723673,1,3000,5.000000,664,3000,0x03,single,492.351783,2747,0.079121,172,0,No fault,,,,,,,,,
2026-08-12T10:55:56.145,1786524956.145416,3.728962,1,3000,5.000000,665,3000,0x03,single,493.076524,2970,0.131868,172,0,No fault,,,,,,,,,
2026-08-12T10:55:56.150,1786524956.150717,3.734255,1,3000,5.000000,666,3000,0x03,single,493.801265,3015,0.149451,172,0,No fault,,,,,,,,,
2026-08-12T10:55:56.156,1786524956.156075,3.739613,1,3000,5.000000,667,3000,0x03,single,494.504044,2970,0.149451,173,0,No fault,,,,,,,,,
2026-08-12T10:55:56.161,1786524956.161407,3.744964,1,3000,5.000000,668,3000,0x03,single,495.228785,3193,0.079121,174,0,No fault,,,,,,,,,
2026-08-12T10:55:56.166,1786524956.166743,3.750277,1,3000,5.000000,669,3000,0x03,single,495.953526,3015,0.126007,173,0,No fault,,,,,,,,,
2026-08-12T10:55:56.172,1786524956.172044,3.755574,1,3000,5.000000,670,3000,0x03,single,496.656306,2925,0.167033,174,0,No fault,,,,,,,,,
2026-08-12T10:55:56.177,1786524956.177318,3.760837,1,3000,5.000000,671,3000,0x03,single,497.359085,2791,0.161172,171,0,No fault,,,,,,,,,
2026-08-12T10:55:56.182,1786524956.182551,3.766078,1,3000,5.000000,672,3000,0x03,single,498.061864,2836,0.108425,172,0,No fault,,,,,,,,,
2026-08-12T10:55:56.187,1786524956.187861,3.771398,1,3000,5.000000,673,3000,0x03,single,498.764644,2881,0.137729,173,0,No fault,,,,,,,,,
2026-08-12T10:55:56.193,1786524956.193218,3.776752,1,3000,5.000000,674,3000,0x03,single,499.489385,2836,0.178755,170,0,No fault,,,,,,,,,
2026-08-12T10:55:56.198,1786524956.198694,3.782227,1,3000,5.000000,675,3000,0x03,single,500.192164,2791,0.190476,173,0,No fault,,,,,,,,,
2026-08-12T10:55:56.204,1786524956.204252,3.787790,1,3000,5.000000,676,3000,0x03,single,501.619684,2970,0.172894,174,0,No fault,,,,,,,,,
2026-08-12T10:55:56.209,1786524956.209601,3.793144,1,3000,5.000000,677,3000,0x03,single,502.344425,3104,0.184615,173,0,No fault,,,,,,,,,
2026-08-12T10:55:56.214,1786524956.214921,3.798448,1,3000,5.000000,678,3000,0x03,single,503.025243,3015,0.208059,173,0,No fault,,,,,,,,,
2026-08-12T10:55:56.220,1786524956.220179,3.803709,1,3000,5.000000,679,3000,0x03,single,503.728022,2791,0.131868,173,0,No fault,,,,,,,,,
2026-08-12T10:55:56.225,1786524956.225495,3.809037,1,3000,5.000000,680,3000,0x03,single,504.430801,2925,0.161172,173,0,No fault,,,,,,,,,
2026-08-12T10:55:56.230,1786524956.230802,3.814328,1,3000,5.000000,681,3000,0x03,single,505.133581,2881,0.208059,170,0,No fault,,,,,,,,,
2026-08-12T10:55:56.236,1786524956.236187,3.819714,1,3000,5.000000,682,3000,0x03,single,505.858322,2970,0.184615,173,0,No fault,,,,,,,,,
2026-08-12T10:55:56.241,1786524956.241524,3.825067,1,3000,5.000000,683,3000,0x03,single,506.561101,3059,0.137729,172,0,No fault,,,,,,,,,
2026-08-12T10:55:56.246,1786524956.246881,3.830412,1,3000,5.000000,684,3000,0x03,single,507.285842,3149,0.120147,173,0,No fault,,,,,,,,,
2026-08-12T10:55:56.252,1786524956.252172,3.835701,1,3000,5.000000,685,3000,0x03,single,507.966660,2613,0.208059,173,0,No fault,,,,,,,,,
2026-08-12T10:55:56.257,1786524956.257514,3.841046,1,3000,5.000000,686,3000,0x03,single,508.669439,2970,0.213919,173,0,No fault,,,,,,,,,
2026-08-12T10:55:56.273,1786524956.273028,3.856570,1,3000,5.000000,687,3000,0x03,single,511.458594,2836,0.202198,174,0,No fault,,,,,,,,,
2026-08-12T10:55:56.278,1786524956.278368,3.861904,1,3000,5.000000,688,3000,0x03,single,511.809984,2747,0.149451,173,0,No fault,,,,,,,,,
2026-08-12T10:55:56.283,1786524956.283694,3.867236,1,3000,5.000000,689,3000,0x03,single,512.205297,2925,0.108425,173,0,No fault,,,,,,,,,
2026-08-12T10:55:56.289,1786524956.289014,3.872540,1,3000,5.000000,690,3000,0x03,single,512.930038,2970,0.143590,172,0,No fault,,,,,,,,,
2026-08-12T10:55:56.294,1786524956.294331,3.877881,1,3000,5.000000,691,3000,0x03,single,513.654779,3059,0.137729,173,0,No fault,,,,,,,,,
2026-08-12T10:55:56.299,1786524956.299721,3.883258,1,3000,5.000000,692,3000,0x03,single,514.335597,2836,0.155311,176,0,No fault,,,,,,,,,
2026-08-12T10:55:56.305,1786524956.305038,3.888571,1,3000,5.000000,693,3000,0x03,single,515.038376,2747,0.120147,171,0,No fault,,,,,,,,,
2026-08-12T10:55:56.310,1786524956.310348,3.893887,1,3000,5.000000,694,3000,0x03,single,515.763117,2925,0.114286,173,0,No fault,,,,,,,,,
2026-08-12T10:55:56.315,1786524956.315688,3.899231,1,3000,5.000000,695,3000,0x03,single,516.465896,2836,0.184615,173,0,No fault,,,,,,,,,
2026-08-12T10:55:56.321,1786524956.321052,3.904589,1,3000,5.000000,696,3000,0x03,single,517.190637,2881,0.172894,172,0,No fault,,,,,,,,,
2026-08-12T10:55:56.326,1786524956.326585,3.910124,1,3000,5.000000,697,3000,0x03,single,517.871455,2836,0.143590,174,0,No fault,,,,,,,,,
2026-08-12T10:55:56.331,1786524956.331939,3.915466,1,3000,5.000000,698,3000,0x03,single,519.298975,2881,0.184615,172,0,No fault,,,,,,,,,
2026-08-12T10:55:56.340,1786524956.340383,3.923914,1,3000,5.000000,699,3000,0x03,single,519.979793,2613,0.219780,172,0,No fault,,,,,,,,,
2026-08-12T10:55:56.345,1786524956.345685,3.929218,1,3000,5.000000,700,3000,0x03,single,520.682572,2657,0.120147,172,0,No fault,,,,,,,,,
2026-08-12T10:55:56.351,1786524956.351018,3.934550,1,3000,5.000000,701,3000,0x03,single,521.407313,2836,0.155311,173,0,No fault,,,,,,,,,
2026-08-12T10:55:56.356,1786524956.356330,3.939867,1,3000,5.000000,702,3000,0x03,single,522.110092,2523,0.155311,175,0,No fault,,,,,,,,,
2026-08-12T10:55:56.361,1786524956.361688,3.945223,1,3000,5.000000,703,3000,0x03,single,522.834833,3059,0.219780,173,0,No fault,,,,,,,,,
2026-08-12T10:55:56.367,1786524956.367049,3.950582,1,3000,5.000000,704,3000,0x03,single,523.515651,2836,0.184615,173,0,No fault,,,,,,,,,
2026-08-12T10:55:56.372,1786524956.372483,3.956015,1,3000,5.000000,705,3000,0x03,single,524.240392,2970,0.167033,172,0,No fault,,,,,,,,,
2026-08-12T10:55:56.378,1786524956.378019,3.961559,1,3000,5.000000,706,3000,0x03,single,525.623989,2791,0.190476,173,0,No fault,,,,,,,,,
2026-08-12T10:55:56.383,1786524956.383377,3.966914,1,3000,5.000000,707,3000,0x03,single,526.326768,2747,0.190476,171,0,No fault,,,,,,,,,
2026-08-12T10:55:56.388,1786524956.388716,3.972242,1,3000,5.000000,708,3000,0x03,single,527.051509,3059,0.090842,173,0,No fault,,,,,,,,,
2026-08-12T10:55:56.393,1786524956.393973,3.977496,1,3000,5.000000,709,3000,0x03,single,527.754288,3059,0.208059,174,0,No fault,,,,,,,,,
2026-08-12T10:55:56.399,1786524956.399248,3.982786,1,3000,5.000000,710,3000,0x03,single,528.457068,2836,0.202198,172,0,No fault,,,,,,,,,
2026-08-12T10:55:56.404,1786524956.404582,3.988107,1,3000,5.000000,711,3000,0x03,single,529.159847,2657,0.137729,174,0,No fault,,,,,,,,,
2026-08-12T10:55:56.409,1786524956.409936,3.993461,1,3000,5.000000,712,3000,0x03,single,529.862626,2747,0.120147,173,0,No fault,,,,,,,,,
2026-08-12T10:55:56.415,1786524956.415221,3.998759,1,3000,5.000000,713,3000,0x03,single,530.587367,3015,0.161172,173,0,No fault,,,,,,,,,
2026-08-12T10:55:56.420,1786524956.420688,4.004218,1,3000,5.000000,714,3000,0x03,single,531.290147,2657,0.161172,173,0,No fault,,,,,,,,,
2026-08-12T10:55:56.425,1786524956.425972,4.009502,1,3000,5.000000,715,3000,0x03,single,531.992926,2970,0.131868,174,0,No fault,,,,,,,,,
2026-08-12T10:55:56.431,1786524956.431298,4.014823,1,3000,5.000000,716,3000,0x03,single,532.717667,2970,0.090842,173,0,No fault,,,,,,,,,
2026-08-12T10:55:56.436,1786524956.436550,4.020083,1,3000,5.000000,717,3000,0x03,single,533.420446,3015,0.149451,172,0,No fault,,,,,,,,,
2026-08-12T10:55:56.441,1786524956.441825,4.025353,1,3000,5.000000,718,3000,0x03,single,534.123225,2881,0.149451,173,0,No fault,,,,,,,,,
2026-08-12T10:55:56.447,1786524956.447065,4.030588,1,3000,5.000000,719,3000,0x03,single,534.826005,2925,0.149451,173,0,No fault,,,,,,,,,
2026-08-12T10:55:56.452,1786524956.452299,4.035828,1,3000,5.000000,720,3000,0x03,single,535.528784,2925,0.102564,175,0,No fault,,,,,,,,,
2026-08-12T10:55:56.457,1786524956.457536,4.041057,1,3000,5.000000,721,3000,0x03,single,536.231563,2836,0.161172,173,0,No fault,,,,,,,,,
2026-08-12T10:55:56.462,1786524956.462784,4.046322,1,3000,5.000000,722,3000,0x03,single,536.956304,2747,0.126007,172,0,No fault,,,,,,,,,
2026-08-12T10:55:56.478,1786524956.478492,4.062057,1,3000,5.000000,723,3000,0x03,single,539.635650,2747,0.178755,173,0,No fault,,,,,,,,,
2026-08-12T10:55:56.483,1786524956.483916,4.067459,1,3000,5.000000,724,3000,0x03,single,539.943116,2702,0.213919,174,0,No fault,,,,,,,,,
2026-08-12T10:55:56.489,1786524956.489381,4.072923,1,3000,5.000000,725,3000,0x03,single,540.404315,2925,0.155311,173,0,No fault,,,,,,,,,
2026-08-12T10:55:56.494,1786524956.494790,4.078339,1,3000,5.000000,726,3000,0x03,single,541.853797,2925,0.167033,173,0,No fault,,,,,,,,,
2026-08-12T10:55:56.500,1786524956.500108,4.083643,1,3000,5.000000,727,3000,0x03,single,542.534615,2836,0.196337,173,0,No fault,,,,,,,,,
2026-08-12T10:55:56.505,1786524956.505376,4.088909,1,3000,5.000000,728,3000,0x03,single,543.215432,2836,0.190476,172,0,No fault,,,,,,,,,
2026-08-12T10:55:56.510,1786524956.510665,4.094192,1,3000,5.000000,729,3000,0x03,single,543.918212,2747,0.120147,172,0,No fault,,,,,,,,,
2026-08-12T10:55:56.515,1786524956.515942,4.099469,1,3000,5.000000,730,3000,0x03,single,544.642953,2881,0.161172,173,0,No fault,,,,,,,,,
2026-08-12T10:55:56.521,1786524956.521225,4.104754,1,3000,5.000000,731,3000,0x03,single,545.345732,2925,0.196337,172,0,No fault,,,,,,,,,
2026-08-12T10:55:56.526,1786524956.526518,4.110054,1,3000,5.000000,732,3000,0x03,single,546.048511,2925,0.178755,173,0,No fault,,,,,,,,,
2026-08-12T10:55:56.531,1786524956.531843,4.115374,1,3000,5.000000,733,3000,0x03,single,546.729329,2613,0.143590,173,0,No fault,,,,,,,,,
2026-08-12T10:55:56.537,1786524956.537125,4.120651,1,3000,5.000000,734,3000,0x03,single,547.476032,3149,0.149451,172,0,No fault,,,,,,,,,
2026-08-12T10:55:56.542,1786524956.542431,4.125974,1,3000,5.000000,735,3000,0x03,single,548.156849,2791,0.213919,171,0,No fault,,,,,,,,,
2026-08-12T10:55:56.547,1786524956.547740,4.131270,1,3000,5.000000,736,3000,0x03,single,548.859628,2970,0.161172,173,0,No fault,,,,,,,,,
2026-08-12T10:55:56.553,1786524956.553007,4.136533,1,3000,5.000000,737,3000,0x03,single,549.562408,2881,0.114286,172,0,No fault,,,,,,,,,
2026-08-12T10:55:56.558,1786524956.558250,4.141776,1,3000,5.000000,738,3000,0x03,single,550.287149,2925,0.126007,172,0,No fault,,,,,,,,,
2026-08-12T10:55:56.563,1786524956.563560,4.147110,1,3000,5.000000,739,3000,0x03,single,550.989928,2881,0.155311,170,0,No fault,,,,,,,,,
2026-08-12T10:55:56.568,1786524956.568996,4.152530,1,3000,5.000000,740,3000,0x03,single,551.714669,3015,0.149451,172,0,No fault,,,,,,,,,
2026-08-12T10:55:56.574,1786524956.574315,4.157846,1,3000,5.000000,741,3000,0x03,single,552.395486,2613,0.108425,174,0,No fault,,,,,,,,,
2026-08-12T10:55:56.579,1786524956.579787,4.163322,1,3000,5.000000,742,3000,0x03,single,553.120228,3015,0.143590,173,0,No fault,,,,,,,,,
2026-08-12T10:55:56.585,1786524956.585086,4.168618,1,3000,5.000000,743,3000,0x03,single,553.844969,2881,0.131868,175,0,No fault,,,,,,,,,
2026-08-12T10:55:56.590,1786524956.590378,4.173900,1,3000,5.000000,744,3000,0x03,single,554.525786,2657,0.137729,172,0,No fault,,,,,,,,,
2026-08-12T10:55:56.595,1786524956.595607,4.179126,1,3000,5.000000,745,3000,0x03,single,555.250527,3015,0.073260,173,0,No fault,,,,,,,,,
2026-08-12T10:55:56.600,1786524956.600851,4.184381,1,3000,5.000000,746,3000,0x03,single,555.953307,2791,0.096703,173,0,No fault,,,,,,,,,
2026-08-12T10:55:56.606,1786524956.606111,4.189633,1,3000,5.000000,747,3000,0x03,single,556.678048,2925,0.172894,173,0,No fault,,,,,,,,,
2026-08-12T10:55:56.611,1786524956.611343,4.194861,1,3000,5.000000,748,3000,0x03,single,557.380827,2702,0.143590,174,0,No fault,,,,,,,,,
2026-08-12T10:55:56.616,1786524956.616547,4.200065,1,3000,5.000000,749,3000,0x03,single,558.083606,2747,0.114286,175,0,No fault,,,,,,,,,
2026-08-12T10:55:56.621,1786524956.621773,4.205303,1,3000,5.000000,750,3000,0x03,single,558.786385,2702,0.126007,173,0,No fault,,,,,,,,,
2026-08-12T10:55:56.627,1786524956.627054,4.210583,1,3000,5.000000,751,3000,0x03,single,559.511127,2925,0.167033,173,0,No fault,,,,,,,,,
2026-08-12T10:55:56.632,1786524956.632465,4.215988,1,3000,5.000000,752,3000,0x03,single,560.213906,2836,0.184615,176,0,No fault,,,,,,,,,
2026-08-12T10:55:56.637,1786524956.637847,4.221379,1,3000,5.000000,753,3000,0x03,single,561.641426,2791,0.155311,172,0,No fault,,,,,,,,,
2026-08-12T10:55:56.643,1786524956.643148,4.226681,1,3000,5.000000,754,3000,0x03,single,562.344206,2791,0.184615,173,0,No fault,,,,,,,,,
2026-08-12T10:55:56.648,1786524956.648425,4.231944,1,3000,5.000000,755,3000,0x03,single,563.046985,2881,0.167033,172,0,No fault,,,,,,,,,
2026-08-12T10:55:56.653,1786524956.653635,4.237153,1,3000,5.000000,756,3000,0x03,single,563.727802,2747,0.126007,173,0,No fault,,,,,,,,,
2026-08-12T10:55:56.658,1786524956.658862,4.242401,1,3000,5.000000,757,3000,0x03,single,564.452543,2881,0.184615,173,0,No fault,,,,,,,,,
2026-08-12T10:55:56.664,1786524956.664149,4.247668,1,3000,5.000000,758,3000,0x03,single,565.155323,2791,0.190476,173,0,No fault,,,,,,,,,
2026-08-12T10:55:56.679,1786524956.679823,4.263350,1,3000,5.000000,759,3000,0x03,single,565.858102,2613,0.178755,172,0,No fault,,,,,,,,,
2026-08-12T10:55:56.685,1786524956.685056,4.268581,1,3000,5.000000,760,3000,0x03,single,568.317829,2925,0.196337,172,0,No fault,,,,,,,,,
2026-08-12T10:55:56.690,1786524956.690653,4.274189,1,3000,5.000000,761,3000,0x03,single,568.735104,3104,0.184615,173,0,No fault,,,,,,,,,
2026-08-12T10:55:56.695,1786524956.695948,4.279488,1,3000,5.000000,762,3000,0x03,single,569.437884,2836,0.137729,173,0,No fault,,,,,,,,,
2026-08-12T10:55:56.701,1786524956.701252,4.284780,1,3000,5.000000,763,3000,0x03,single,570.162625,2970,0.155311,172,0,No fault,,,,,,,,,
2026-08-12T10:55:56.706,1786524956.706507,4.290034,1,3000,5.000000,764,3000,0x03,single,570.865404,2925,0.155311,174,0,No fault,,,,,,,,,
2026-08-12T10:55:56.711,1786524956.711765,4.295293,1,3000,5.000000,765,3000,0x03,single,571.546222,2702,0.178755,173,0,No fault,,,,,,,,,
2026-08-12T10:55:56.717,1786524956.717022,4.300549,1,3000,5.000000,766,3000,0x03,single,572.270963,2747,0.084982,174,0,No fault,,,,,,,,,
2026-08-12T10:55:56.722,1786524956.722278,4.305805,1,3000,5.000000,767,3000,0x03,single,572.995704,2836,0.120147,172,0,No fault,,,,,,,,,
2026-08-12T10:55:56.727,1786524956.727549,4.311079,1,3000,5.000000,768,3000,0x03,single,573.698483,2791,0.143590,173,0,No fault,,,,,,,,,
2026-08-12T10:55:56.732,1786524956.732843,4.316373,1,3000,5.000000,769,3000,0x03,single,574.423224,2881,0.155311,173,0,No fault,,,,,,,,,
2026-08-12T10:55:56.738,1786524956.738115,4.321639,1,3000,5.000000,770,3000,0x03,single,575.104042,2881,0.120147,173,0,No fault,,,,,,,,,
2026-08-12T10:55:56.743,1786524956.743479,4.327001,1,3000,5.000000,771,3000,0x03,single,575.850745,3149,0.126007,171,0,No fault,,,,,,,,,
2026-08-12T10:55:56.748,1786524956.748703,4.332222,1,3000,5.000000,772,3000,0x03,single,576.531562,2747,0.172894,173,0,No fault,,,,,,,,,
2026-08-12T10:55:56.754,1786524956.754083,4.337615,1,3000,5.000000,773,3000,0x03,single,577.212379,2613,0.196337,176,0,No fault,,,,,,,,,
2026-08-12T10:55:56.759,1786524956.759365,4.342886,1,3000,5.000000,774,3000,0x03,single,577.937121,2970,0.143590,173,0,No fault,,,,,,,,,
2026-08-12T10:55:56.764,1786524956.764611,4.348140,1,3000,5.000000,775,3000,0x03,single,578.661862,2925,0.126007,173,0,No fault,,,,,,,,,
2026-08-12T10:55:56.769,1786524956.769890,4.353419,1,3000,5.000000,776,3000,0x03,single,579.364641,2881,0.178755,172,0,No fault,,,,,,,,,
2026-08-12T10:55:56.775,1786524956.775152,4.358671,1,3000,5.000000,777,3000,0x03,single,580.045458,2702,0.237363,173,0,No fault,,,,,,,,,
2026-08-12T10:55:56.780,1786524956.780388,4.363917,1,3000,5.000000,778,3000,0x03,single,580.770199,2881,0.120147,172,0,No fault,,,,,,,,,
2026-08-12T10:55:56.785,1786524956.785670,4.369196,1,3000,5.000000,779,3000,0x03,single,581.472979,2836,0.149451,173,0,No fault,,,,,,,,,
2026-08-12T10:55:56.790,1786524956.790939,4.374467,1,3000,5.000000,780,3000,0x03,single,582.175758,2791,0.196337,173,0,No fault,,,,,,,,,
2026-08-12T10:55:56.796,1786524956.796334,4.379859,1,3000,5.000000,781,3000,0x03,single,582.878537,2836,0.190476,175,0,No fault,,,,,,,,,
2026-08-12T10:55:56.801,1786524956.801753,4.385289,1,3000,5.000000,782,3000,0x03,single,583.581317,2881,0.143590,172,0,No fault,,,,,,,,,
2026-08-12T10:55:56.807,1786524956.807147,4.390678,1,3000,5.000000,783,3000,0x03,single,585.008837,2881,0.196337,171,0,No fault,,,,,,,,,
2026-08-12T10:55:56.812,1786524956.812449,4.395977,1,3000,5.000000,784,3000,0x03,single,585.711616,2881,0.178755,173,0,No fault,,,,,,,,,
2026-08-12T10:55:56.817,1786524956.817750,4.401279,1,3000,5.000000,785,3000,0x03,single,586.392434,2747,0.149451,174,0,No fault,,,,,,,,,
2026-08-12T10:55:56.823,1786524956.823056,4.406596,1,3000,5.000000,786,3000,0x03,single,587.117175,2925,0.114286,171,0,No fault,,,,,,,,,
2026-08-12T10:55:56.828,1786524956.828412,4.411948,1,3000,5.000000,787,3000,0x03,single,587.841916,2970,0.178755,173,0,No fault,,,,,,,,,
2026-08-12T10:55:56.833,1786524956.833704,4.417331,1,3000,5.000000,788,3000,0x03,single,588.544695,3059,0.208059,172,0,No fault,,,,,,,,,
2026-08-12T10:55:56.839,1786524956.839111,4.422650,1,3000,5.000000,789,3000,0x03,single,589.247474,2970,0.108425,172,0,No fault,,,,,,,,,
2026-08-12T10:55:56.844,1786524956.844424,4.427951,1,3000,5.000000,790,3000,0x03,single,589.950254,3149,0.149451,173,0,No fault,,,,,,,,,
2026-08-12T10:55:56.849,1786524956.849725,4.433265,1,3000,5.000000,791,3000,0x03,single,590.653033,3059,0.172894,176,0,No fault,,,,,,,,,
2026-08-12T10:55:56.855,1786524956.855033,4.438553,1,3000,5.000000,792,3000,0x03,single,591.355812,2925,0.208059,174,0,No fault,,,,,,,,,
2026-08-12T10:55:56.860,1786524956.860265,4.443796,1,3000,5.000000,793,3000,0x03,single,592.058591,2881,0.149451,172,0,No fault,,,,,,,,,
2026-08-12T10:55:56.865,1786524956.865550,4.449083,1,3000,5.000000,794,3000,0x03,single,592.761371,2791,0.131868,172,0,No fault,,,,,,,,,
2026-08-12T10:55:56.870,1786524956.870838,4.454360,1,3000,5.000000,795,3000,0x03,single,593.486112,3059,0.149451,173,0,No fault,,,,,,,,,
2026-08-12T10:55:56.881,1786524956.881186,4.464717,1,3000,5.000000,796,3000,0x03,single,594.166929,2613,0.161172,173,0,No fault,,,,,,,,,
2026-08-12T10:55:56.886,1786524956.886520,4.470059,1,3000,5.000000,797,3000,0x03,single,596.341153,2970,0.167033,173,0,No fault,,,,,,,,,
2026-08-12T10:55:56.891,1786524956.891879,4.475418,1,3000,5.000000,798,3000,0x03,single,596.736466,2836,0.184615,174,0,No fault,,,,,,,,,
2026-08-12T10:55:56.897,1786524956.897224,4.480753,1,3000,5.000000,799,3000,0x03,single,597.439245,2791,0.143590,172,0,No fault,,,,,,,,,
2026-08-12T10:55:56.902,1786524956.902503,4.486026,1,3000,5.000000,800,3000,0x03,single,598.163986,2970,0.114286,173,0,No fault,,,,,,,,,
2026-08-12T10:55:56.907,1786524956.907891,4.491416,1,3000,5.000000,801,3000,0x03,single,598.866766,3015,0.131868,173,0,No fault,,,,,,,,,
2026-08-12T10:55:56.913,1786524956.913168,4.496709,1,3000,5.000000,802,3000,0x03,single,599.591507,3015,0.190476,173,0,No fault,,,,,,,,,
2026-08-12T10:55:56.918,1786524956.918586,4.502123,1,3000,5.000000,803,3000,0x03,single,600.272324,2791,0.161172,173,0,No fault,,,,,,,,,
2026-08-12T10:55:56.923,1786524956.923926,4.507457,1,3000,5.000000,804,3000,0x03,single,600.975103,2836,0.120147,173,0,No fault,,,,,,,,,
2026-08-12T10:55:56.929,1786524956.929221,4.512753,1,3000,5.000000,805,3000,0x03,single,601.699845,2881,0.161172,172,0,No fault,,,,,,,,,
2026-08-12T10:55:56.934,1786524956.934523,4.518058,1,3000,5.000000,806,3000,0x03,single,602.402624,2836,0.178755,172,0,No fault,,,,,,,,,
2026-08-12T10:55:56.939,1786524956.939837,4.523367,1,3000,5.000000,807,3000,0x03,single,603.105403,2791,0.190476,172,0,No fault,,,,,,,,,
2026-08-12T10:55:56.945,1786524956.945117,4.528642,1,3000,5.000000,808,3000,0x03,single,603.808182,2925,0.108425,173,0,No fault,,,,,,,,,
2026-08-12T10:55:56.950,1786524956.950482,4.534022,1,3000,5.000000,809,3000,0x03,single,604.510962,2881,0.184615,173,0,No fault,,,,,,,,,
2026-08-12T10:55:56.955,1786524956.955851,4.539384,1,3000,5.000000,810,3000,0x03,single,605.213741,2970,0.196337,172,0,No fault,,,,,,,,,
2026-08-12T10:55:56.961,1786524956.961160,4.544690,1,3000,5.000000,811,3000,0x03,single,605.916520,2881,0.196337,172,0,No fault,,,,,,,,,
2026-08-12T10:55:56.966,1786524956.966461,4.549990,1,3000,5.000000,812,3000,0x03,single,606.619299,2791,0.149451,172,0,No fault,,,,,,,,,
2026-08-12T10:55:56.971,1786524956.971761,4.555302,1,3000,5.000000,813,3000,0x03,single,607.322079,2881,0.143590,173,0,No fault,,,,,,,,,
2026-08-12T10:55:56.977,1786524956.977113,4.560645,1,3000,5.000000,814,3000,0x03,single,608.024858,2657,0.172894,172,0,No fault,,,,,,,,,
2026-08-12T10:55:56.982,1786524956.982412,4.565942,1,3000,5.000000,815,3000,0x03,single,608.749599,2881,0.190476,176,0,No fault,,,,,,,,,
2026-08-12T10:55:56.987,1786524956.987708,4.571236,1,3000,5.000000,816,3000,0x03,single,609.430417,2747,0.120147,170,0,No fault,,,,,,,,,
2026-08-12T10:55:56.993,1786524956.993005,4.576545,1,3000,5.000000,817,3000,0x03,single,610.155158,2970,0.131868,172,0,No fault,,,,,,,,,
2026-08-12T10:55:56.998,1786524956.998354,4.581883,1,3000,5.000000,818,3000,0x03,single,610.857937,2791,0.143590,175,0,No fault,,,,,,,,,
2026-08-12T10:55:57.003,1786524957.003720,4.587250,1,3000,5.000000,819,3000,0x03,single,611.582678,2925,0.172894,171,0,No fault,,,,,,,,,
2026-08-12T10:55:57.009,1786524957.009030,4.592563,1,3000,5.000000,820,3000,0x03,single,613.010198,2747,0.131868,172,0,No fault,,,,,,,,,
2026-08-12T10:55:57.014,1786524957.014347,4.597880,1,3000,5.000000,821,3000,0x03,single,613.712978,3238,0.137729,171,0,No fault,,,,,,,,,
2026-08-12T10:55:57.019,1786524957.019645,4.603170,1,3000,5.000000,822,3000,0x03,single,614.415757,2881,0.143590,173,0,No fault,,,,,,,,,
2026-08-12T10:55:57.024,1786524957.024882,4.608403,1,3000,5.000000,823,3000,0x03,single,615.118536,2881,0.067399,170,0,No fault,,,,,,,,,
2026-08-12T10:55:57.030,1786524957.030101,4.613621,1,3000,5.000000,824,3000,0x03,single,615.843277,2836,0.126007,173,0,No fault,,,,,,,,,
2026-08-12T10:55:57.035,1786524957.035363,4.618904,1,3000,5.000000,825,3000,0x03,single,616.546057,3015,0.143590,173,0,No fault,,,,,,,,,
2026-08-12T10:55:57.040,1786524957.040705,4.624240,1,3000,5.000000,826,3000,0x03,single,617.248836,2657,0.155311,174,0,No fault,,,,,,,,,
2026-08-12T10:55:57.046,1786524957.046007,4.629537,1,3000,5.000000,827,3000,0x03,single,617.951615,2836,0.114286,172,0,No fault,,,,,,,,,
2026-08-12T10:55:57.051,1786524957.051306,4.634840,1,3000,5.000000,828,3000,0x03,single,618.654394,2836,0.131868,173,0,No fault,,,,,,,,,
2026-08-12T10:55:57.056,1786524957.056632,4.640159,1,3000,5.000000,829,3000,0x03,single,619.401097,3059,0.161172,172,0,No fault,,,,,,,,,
2026-08-12T10:55:57.061,1786524957.061902,4.645426,1,3000,5.000000,830,3000,0x03,single,620.081915,2970,0.178755,173,0,No fault,,,,,,,,,
2026-08-12T10:55:57.067,1786524957.067298,4.650832,1,3000,5.000000,831,3000,0x03,single,620.784694,2881,0.137729,173,0,No fault,,,,,,,,,
2026-08-12T10:55:57.072,1786524957.072634,4.656177,1,3000,5.000000,832,3000,0x03,single,621.487473,3015,0.161172,174,0,No fault,,,,,,,,,
2026-08-12T10:55:57.088,1786524957.088159,4.671697,1,3000,5.000000,833,3000,0x03,single,622.212214,2836,0.149451,173,0,No fault,,,,,,,,,
2026-08-12T10:55:57.093,1786524957.093487,4.677019,1,3000,5.000000,834,3000,0x03,single,624.737827,2747,0.208059,174,0,No fault,,,,,,,,,
2026-08-12T10:55:57.098,1786524957.098749,4.682277,1,3000,5.000000,835,3000,0x03,single,625.155103,2970,0.161172,174,0,No fault,,,,,,,,,
2026-08-12T10:55:57.103,1786524957.103999,4.687525,1,3000,5.000000,836,3000,0x03,single,625.857882,2970,0.196337,173,0,No fault,,,,,,,,,
2026-08-12T10:55:57.109,1786524957.109251,4.692786,1,3000,5.000000,837,3000,0x03,single,626.560661,2925,0.149451,173,0,No fault,,,,,,,,,
2026-08-12T10:55:57.114,1786524957.114532,4.698059,1,3000,5.000000,838,3000,0x03,single,627.263440,3015,0.137729,172,0,No fault,,,,,,,,,
2026-08-12T10:55:57.119,1786524957.119777,4.703302,1,3000,5.000000,839,3000,0x03,single,627.988182,3238,0.190476,173,0,No fault,,,,,,,,,
2026-08-12T10:55:57.125,1786524957.125052,4.708585,1,3000,5.000000,840,3000,0x03,single,628.668999,2747,0.190476,173,0,No fault,,,,,,,,,
2026-08-12T10:55:57.130,1786524957.130336,4.713863,1,3000,5.000000,841,3000,0x03,single,629.371778,2970,0.120147,173,0,No fault,,,,,,,,,
2026-08-12T10:55:57.135,1786524957.135599,4.719123,1,3000,5.000000,842,3000,0x03,single,630.074558,2881,0.155311,173,0,No fault,,,,,,,,,
2026-08-12T10:55:57.140,1786524957.140842,4.724367,1,3000,5.000000,843,3000,0x03,single,630.777337,2791,0.155311,172,0,No fault,,,,,,,,,
2026-08-12T10:55:57.146,1786524957.146111,4.729645,1,3000,5.000000,844,3000,0x03,single,631.480116,2702,0.190476,173,0,No fault,,,,,,,,,
2026-08-12T10:55:57.151,1786524957.151394,4.734920,1,3000,5.000000,845,3000,0x03,single,632.182895,2836,0.120147,172,0,No fault,,,,,,,,,
2026-08-12T10:55:57.156,1786524957.156645,4.740168,1,3000,5.000000,846,3000,0x03,single,632.907637,2836,0.131868,172,0,No fault,,,,,,,,,
2026-08-12T10:55:57.161,1786524957.161885,4.745408,1,3000,5.000000,847,3000,0x03,single,633.610416,2657,0.143590,169,0,No fault,,,,,,,,,
2026-08-12T10:55:57.167,1786524957.167144,4.750678,1,3000,5.000000,848,3000,0x03,single,634.313195,2881,0.161172,173,0,No fault,,,,,,,,,
2026-08-12T10:55:57.172,1786524957.172431,4.755960,1,3000,5.000000,849,3000,0x03,single,635.015974,2881,0.114286,171,0,No fault,,,,,,,,,
2026-08-12T10:55:57.177,1786524957.177696,4.761220,1,3000,5.000000,850,3000,0x03,single,635.740715,3104,0.096703,173,0,No fault,,,,,,,,,
2026-08-12T10:55:57.182,1786524957.182935,4.766459,1,3000,5.000000,851,3000,0x03,single,636.443495,3015,0.155311,173,0,No fault,,,,,,,,,
2026-08-12T10:55:57.188,1786524957.188357,4.771889,1,3000,5.000000,852,3000,0x03,single,637.146274,2925,0.172894,173,0,No fault,,,,,,,,,
2026-08-12T10:55:57.193,1786524957.193716,4.777244,1,3000,5.000000,853,3000,0x03,single,638.595756,2970,0.131868,172,0,No fault,,,,,,,,,
2026-08-12T10:55:57.198,1786524957.198996,4.782523,1,3000,5.000000,854,3000,0x03,single,639.254612,2925,0.184615,169,0,No fault,,,,,,,,,
2026-08-12T10:55:57.204,1786524957.204298,4.787846,1,3000,5.000000,855,3000,0x03,single,639.957391,2747,0.225641,173,0,No fault,,,,,,,,,
2026-08-12T10:55:57.209,1786524957.209678,4.793222,1,3000,5.000000,856,3000,0x03,single,640.682132,2836,0.120147,172,0,No fault,,,,,,,,,
2026-08-12T10:55:57.215,1786524957.215019,4.798555,1,3000,5.000000,857,3000,0x03,single,641.384911,2970,0.167033,173,0,No fault,,,,,,,,,
2026-08-12T10:55:57.220,1786524957.220331,4.803863,1,3000,5.000000,858,3000,0x03,single,642.087691,2791,0.178755,172,0,No fault,,,,,,,,,
2026-08-12T10:55:57.225,1786524957.225723,4.809267,1,3000,5.000000,859,3000,0x03,single,642.768508,2657,0.184615,171,0,No fault,,,,,,,,,
2026-08-12T10:55:57.231,1786524957.231218,4.814755,1,3000,5.000000,860,3000,0x03,single,643.493249,3149,0.178755,172,0,No fault,,,,,,,,,
2026-08-12T10:55:57.236,1786524957.236557,4.820093,1,3000,5.000000,861,3000,0x03,single,644.196029,2881,0.161172,172,0,No fault,,,,,,,,,
2026-08-12T10:55:57.241,1786524957.241853,4.825375,1,3000,5.000000,862,3000,0x03,single,644.920770,3059,0.202198,173,0,No fault,,,,,,,,,
2026-08-12T10:55:57.247,1786524957.247141,4.830688,1,3000,5.000000,863,3000,0x03,single,645.601587,2791,0.172894,174,0,No fault,,,,,,,,,
2026-08-12T10:55:57.252,1786524957.252514,4.836046,1,3000,5.000000,864,3000,0x03,single,646.304366,3015,0.190476,169,0,No fault,,,,,,,,,
2026-08-12T10:55:57.257,1786524957.257830,4.841370,1,3000,5.000000,865,3000,0x03,single,647.029107,2925,0.114286,174,0,No fault,,,,,,,,,
2026-08-12T10:55:57.263,1786524957.263222,4.846759,1,3000,5.000000,866,3000,0x03,single,647.731887,2970,0.231502,173,0,No fault,,,,,,,,,
2026-08-12T10:55:57.268,1786524957.268562,4.852099,1,3000,5.000000,867,3000,0x03,single,648.434666,2881,0.184615,173,0,No fault,,,,,,,,,
2026-08-12T10:55:57.273,1786524957.273900,4.857436,1,3000,5.000000,868,3000,0x03,single,649.137445,2881,0.178755,173,0,No fault,,,,,,,,,
2026-08-12T10:55:57.289,1786524957.289668,4.873213,1,3000,5.000000,869,3000,0x03,single,651.948562,2702,0.143590,172,0,No fault,,,,,,,,,
2026-08-12T10:55:57.295,1786524957.295038,4.878579,1,3000,5.000000,870,3000,0x03,single,652.299952,2791,0.102564,173,0,No fault,,,,,,,,,
2026-08-12T10:55:57.300,1786524957.300392,4.883934,1,3000,5.000000,871,3000,0x03,single,652.717227,2925,0.102564,173,0,No fault,,,,,,,,,
2026-08-12T10:55:57.305,1786524957.305941,4.889487,1,3000,5.000000,872,3000,0x03,single,653.441968,2925,0.155311,173,0,No fault,,,,,,,,,
2026-08-12T10:55:57.311,1786524957.311558,4.895098,1,3000,5.000000,873,3000,0x03,single,654.144748,2791,0.167033,172,0,No fault,,,,,,,,,
2026-08-12T10:55:57.317,1786524957.317077,4.900626,1,3000,5.000000,874,3000,0x03,single,655.572268,3015,0.102564,172,0,No fault,,,,,,,,,
2026-08-12T10:55:57.322,1786524957.322451,4.905999,1,3000,5.000000,875,3000,0x03,single,656.297009,2881,0.155311,174,0,No fault,,,,,,,,,
2026-08-12T10:55:57.327,1786524957.327800,4.911342,1,3000,5.000000,876,3000,0x03,single,656.999788,2747,0.178755,173,0,No fault,,,,,,,,,
2026-08-12T10:55:57.333,1786524957.333105,4.916638,1,3000,5.000000,877,3000,0x03,single,657.702568,2836,0.155311,172,0,No fault,,,,,,,,,
2026-08-12T10:55:57.338,1786524957.338382,4.921912,1,3000,5.000000,878,3000,0x03,single,658.405347,2925,0.096703,175,0,No fault,,,,,,,,,
2026-08-12T10:55:57.343,1786524957.343657,4.927194,1,3000,5.000000,879,3000,0x03,single,659.130088,2836,0.172894,173,0,No fault,,,,,,,,,
2026-08-12T10:55:57.348,1786524957.348948,4.932486,1,3000,5.000000,880,3000,0x03,single,659.832867,2881,0.184615,173,0,No fault,,,,,,,,,
2026-08-12T10:55:57.355,1786524957.355587,4.939120,1,3000,5.000000,881,3000,0x03,single,660.513685,2791,0.178755,173,0,No fault,,,,,,,,,
2026-08-12T10:55:57.361,1786524957.361035,4.944574,1,3000,5.000000,882,3000,0x03,single,661.216464,2747,0.114286,173,0,No fault,,,,,,,,,
2026-08-12T10:55:57.366,1786524957.366373,4.949908,1,3000,5.000000,883,3000,0x03,single,661.941205,3149,0.208059,173,0,No fault,,,,,,,,,
2026-08-12T10:55:57.371,1786524957.371665,4.955193,1,3000,5.000000,884,3000,0x03,single,662.643984,2881,0.172894,172,0,No fault,,,,,,,,,
2026-08-12T10:55:57.376,1786524957.376950,4.960486,1,3000,5.000000,885,3000,0x03,single,663.346764,2881,0.196337,169,0,No fault,,,,,,,,,
2026-08-12T10:55:57.382,1786524957.382253,4.965781,1,3000,5.000000,886,3000,0x03,single,664.049543,2791,0.102564,173,0,No fault,,,,,,,,,
2026-08-12T10:55:57.387,1786524957.387550,4.971090,1,3000,5.000000,887,3000,0x03,single,664.752322,2881,0.190476,171,0,No fault,,,,,,,,,
2026-08-12T10:55:57.392,1786524957.392874,4.976408,1,3000,5.000000,888,3000,0x03,single,665.455101,3059,0.178755,173,0,No fault,,,,,,,,,
2026-08-12T10:55:57.398,1786524957.398391,4.981933,1,3000,5.000000,889,3000,0x03,single,666.135919,2747,0.196337,173,0,No fault,,,,,,,,,
2026-08-12T10:55:57.404,1786524957.404254,4.987808,1,3000,5.000000,890,3000,0x03,single,667.585401,2747,0.155311,172,0,No fault,,,,,,,,,
2026-08-12T10:55:57.409,1786524957.409671,4.993217,1,3000,5.000000,891,3000,0x03,single,668.288180,2791,0.225641,173,0,No fault,,,,,,,,,
2026-08-12T10:55:57.415,1786524957.415047,4.998588,1,3000,5.000000,892,3000,0x03,single,669.012921,2970,0.161172,170,0,No fault,,,,,,,,,
2026-08-12T10:55:57.420,1786524957.420379,5.003919,1,3000,5.000000,893,3000,0x03,single,669.715701,2747,0.108425,173,0,No fault,,,,,,,,,
2026-08-12T10:55:57.432,1786524957.432348,5.015904,2,0,0.800000,1,0,0x03,single,671.143221,2836,0.172894,172,0,No fault,,,,,,,,,
2026-08-12T10:55:57.437,1786524957.437728,5.021261,2,0,0.800000,2,0,0x03,single,671.582458,2791,0.161172,172,0,No fault,,,,,,,,,
2026-08-12T10:55:57.443,1786524957.443033,5.026569,2,0,0.800000,3,0,0x03,single,671.867962,2077,-1.602930,172,0,No fault,,,,,,,,,
2026-08-12T10:55:57.448,1786524957.448332,5.031864,2,0,0.800000,4,0,0x03,single,671.999733,201,-0.600733,171,0,No fault,,,,,,,,,
2026-08-12T10:55:57.453,1786524957.453633,5.037170,2,0,0.800000,5,0,0x03,single,671.955810,-156,-0.067399,172,0,No fault,,,,,,,,,
2026-08-12T10:55:57.458,1786524957.458949,5.042485,2,0,0.800000,6,0,0x03,single,671.911886,-156,0.014652,176,0,No fault,,,,,,,,,
2026-08-12T10:55:57.464,1786524957.464279,5.047816,2,0,0.800000,7,0,0x03,single,671.933848,22,-0.055678,173,0,No fault,,,,,,,,,
2026-08-12T10:55:57.469,1786524957.469601,5.053137,2,0,0.800000,8,0,0x03,single,671.933848,156,-0.055678,172,0,No fault,,,,,,,,,
2026-08-12T10:55:57.475,1786524957.475055,5.058585,2,0,0.800000,9,0,0x03,single,671.933848,22,-0.043956,173,0,No fault,,,,,,,,,
2026-08-12T10:55:57.480,1786524957.480565,5.064106,2,0,0.800000,10,0,0x03,single,671.933848,156,-0.043956,170,0,No fault,,,,,,,,,
2026-08-12T10:55:57.496,1786524957.496104,5.079643,2,0,0.800000,11,0,0x03,single,671.911886,-290,-0.038095,174,0,No fault,,,,,,,,,
2026-08-12T10:55:57.501,1786524957.501434,5.084992,2,0,0.800000,12,0,0x03,single,671.933848,-156,-0.055678,173,0,No fault,,,,,,,,,
2026-08-12T10:55:57.506,1786524957.506769,5.090313,2,0,0.800000,13,0,0x03,single,671.933848,-112,-0.038095,172,0,No fault,,,,,,,,,
2026-08-12T10:55:57.512,1786524957.512131,5.095682,2,0,0.800000,14,0,0x03,single,671.933848,22,-0.032234,174,0,No fault,,,,,,,,,
2026-08-12T10:55:57.517,1786524957.517604,5.101145,2,0,0.800000,15,0,0x03,single,671.933848,-67,-0.043956,173,0,No fault,,,,,,,,,
2026-08-12T10:55:57.523,1786524957.523234,5.106771,2,0,0.800000,16,0,0x03,single,671.933848,112,-0.032234,172,0,No fault,,,,,,,,,
2026-08-12T10:55:57.528,1786524957.528599,5.112134,2,0,0.800000,17,0,0x03,single,671.911886,-246,-0.026374,172,0,No fault,,,,,,,,,
2026-08-12T10:55:57.533,1786524957.533937,5.117478,2,0,0.800000,18,0,0x03,single,671.933848,-22,-0.032234,172,0,No fault,,,,,,,,,
2026-08-12T10:55:57.539,1786524957.539284,5.122820,2,0,0.800000,19,0,0x03,single,671.933848,22,-0.032234,173,0,No fault,,,,,,,,,
2026-08-12T10:55:57.544,1786524957.544607,5.128141,2,0,0.800000,20,0,0x03,single,671.933848,156,-0.043956,173,0,No fault,,,,,,,,,
2026-08-12T10:55:57.549,1786524957.549924,5.133461,2,0,0.800000,21,0,0x03,single,671.933848,-67,-0.049817,173,0,No fault,,,,,,,,,
2026-08-12T10:55:57.555,1786524957.555251,5.138789,2,0,0.800000,22,0,0x03,single,671.933848,-22,-0.043956,173,0,No fault,,,,,,,,,
2026-08-12T10:55:57.560,1786524957.560593,5.144132,2,0,0.800000,23,0,0x03,single,671.933848,-22,-0.032234,173,0,No fault,,,,,,,,,
2026-08-12T10:55:57.565,1786524957.565910,5.149441,2,0,0.800000,24,0,0x03,single,671.933848,22,-0.043956,173,0,No fault,,,,,,,,,
2026-08-12T10:55:57.571,1786524957.571256,5.154798,2,0,0.800000,25,0,0x03,single,671.911886,-246,-0.049817,173,0,No fault,,,,,,,,,
2026-08-12T10:55:57.576,1786524957.576643,5.160183,2,0,0.800000,26,0,0x03,single,671.933848,-22,-0.026374,173,0,No fault,,,,,,,,,
2026-08-12T10:55:57.582,1786524957.582447,5.165988,2,0,0.800000,27,0,0x03,single,671.933848,67,-0.049817,173,0,No fault,,,,,,,,,
2026-08-12T10:55:57.587,1786524957.587992,5.171527,2,0,0.800000,28,0,0x03,single,671.933848,-22,-0.043956,173,0,No fault,,,,,,,,,
2026-08-12T10:55:57.593,1786524957.593324,5.176864,2,0,0.800000,29,0,0x03,single,671.933848,-67,-0.043956,172,0,No fault,,,,,,,,,
2026-08-12T10:55:57.598,1786524957.598708,5.182244,2,0,0.800000,30,0,0x03,single,671.933848,67,-0.038095,172,0,No fault,,,,,,,,,
2026-08-12T10:55:57.604,1786524957.604015,5.187550,2,0,0.800000,31,0,0x03,single,671.933848,22,-0.043956,173,0,No fault,,,,,,,,,
2026-08-12T10:55:57.609,1786524957.609327,5.192864,2,0,0.800000,32,0,0x03,single,671.933848,112,-0.049817,175,0,No fault,,,,,,,,,
2026-08-12T10:55:57.614,1786524957.614932,5.198469,2,0,0.800000,33,0,0x03,single,671.933848,22,-0.032234,169,0,No fault,,,,,,,,,
2026-08-12T10:55:57.620,1786524957.620299,5.203827,2,0,0.800000,34,0,0x03,single,671.933848,-112,-0.043956,173,0,No fault,,,,,,,,,
2026-08-12T10:55:57.625,1786524957.625554,5.209080,2,0,0.800000,35,0,0x03,single,671.933848,-112,-0.043956,173,0,No fault,,,,,,,,,
2026-08-12T10:55:57.630,1786524957.630823,5.214355,2,0,0.800000,36,0,0x03,single,671.933848,22,-0.032234,172,0,No fault,,,,,,,,,
2026-08-12T10:55:57.636,1786524957.636152,5.219690,2,0,0.800000,37,0,0x03,single,671.933848,-156,-0.049817,172,0,No fault,,,,,,,,,
2026-08-12T10:55:57.641,1786524957.641487,5.225014,2,0,0.800000,38,0,0x03,single,671.933848,-156,-0.038095,172,0,No fault,,,,,,,,,
2026-08-12T10:55:57.646,1786524957.646775,5.230311,2,0,0.800000,39,0,0x03,single,671.933848,-22,-0.032234,172,0,No fault,,,,,,,,,
2026-08-12T10:55:57.652,1786524957.652100,5.235635,2,0,0.800000,40,0,0x03,single,671.911886,-246,-0.049817,172,0,No fault,,,,,,,,,
2026-08-12T10:55:57.657,1786524957.657481,5.241014,2,0,0.800000,41,0,0x03,single,671.933848,-67,-0.049817,174,0,No fault,,,,,,,,,
2026-08-12T10:55:57.662,1786524957.662769,5.246293,2,0,0.800000,42,0,0x03,single,671.933848,-22,-0.038095,173,0,No fault,,,,,,,,,
2026-08-12T10:55:57.668,1786524957.668036,5.251568,2,0,0.800000,43,0,0x03,single,671.933848,-67,-0.038095,172,0,No fault,,,,,,,,,
2026-08-12T10:55:57.673,1786524957.673493,5.257027,2,0,0.800000,44,0,0x03,single,671.933848,-22,-0.061538,173,0,No fault,,,,,,,,,
2026-08-12T10:55:57.678,1786524957.678804,5.262337,2,0,0.800000,45,0,0x03,single,671.933848,-201,-0.049817,173,0,No fault,,,,,,,,,
2026-08-12T10:55:57.694,1786524957.694305,5.277836,2,0,0.800000,46,0,0x03,single,671.933848,-67,-0.038095,173,0,No fault,,,,,,,,,
2026-08-12T10:55:57.699,1786524957.699576,5.283102,2,0,0.800000,47,0,0x03,single,671.933848,-67,-0.032234,172,0,No fault,,,,,,,,,
2026-08-12T10:55:57.704,1786524957.704854,5.288391,2,0,0.800000,48,0,0x03,single,671.933848,112,-0.061538,171,0,No fault,,,,,,,,,
2026-08-12T10:55:57.710,1786524957.710187,5.293722,2,0,0.800000,49,0,0x03,single,671.933848,-22,-0.055678,174,0,No fault,,,,,,,,,
2026-08-12T10:55:57.715,1786524957.715528,5.299063,2,0,0.800000,50,0,0x03,single,671.933848,67,-0.032234,172,0,No fault,,,,,,,,,
2026-08-12T10:55:57.720,1786524957.720842,5.304378,2,0,0.800000,51,0,0x03,single,671.933848,22,-0.049817,171,0,No fault,,,,,,,,,
2026-08-12T10:55:57.726,1786524957.726132,5.309658,2,0,0.800000,52,0,0x03,single,671.933848,-112,-0.026374,172,0,No fault,,,,,,,,,
2026-08-12T10:55:57.731,1786524957.731445,5.314987,2,0,0.800000,53,0,0x03,single,671.933848,22,-0.049817,173,0,No fault,,,,,,,,,
2026-08-12T10:55:57.736,1786524957.736771,5.320297,2,0,0.800000,54,0,0x03,single,671.933848,67,-0.061538,175,0,No fault,,,,,,,,,
2026-08-12T10:55:57.742,1786524957.742054,5.325587,2,0,0.800000,55,0,0x03,single,671.933848,-22,-0.055678,173,0,No fault,,,,,,,,,
2026-08-12T10:55:57.747,1786524957.747336,5.330859,2,0,0.800000,56,0,0x03,single,671.933848,-67,-0.043956,170,0,No fault,,,,,,,,,
2026-08-12T10:55:57.752,1786524957.752644,5.336189,2,0,0.800000,57,0,0x03,single,671.933848,22,-0.038095,173,0,No fault,,,,,,,,,
2026-08-12T10:55:57.758,1786524957.758003,5.341536,2,0,0.800000,58,0,0x03,single,671.933848,-67,-0.061538,171,0,No fault,,,,,,,,,
2026-08-12T10:55:57.763,1786524957.763700,5.347239,2,0,0.800000,59,0,0x03,single,671.933848,112,-0.049817,171,0,No fault,,,,,,,,,
2026-08-12T10:55:57.769,1786524957.769047,5.352588,2,0,0.800000,60,0,0x03,single,671.933848,22,-0.038095,172,0,No fault,,,,,,,,,
2026-08-12T10:55:57.774,1786524957.774382,5.357910,2,0,0.800000,61,0,0x03,single,671.933848,-112,-0.043956,173,0,No fault,,,,,,,,,
2026-08-12T10:55:57.779,1786524957.779639,5.363164,2,0,0.800000,62,0,0x03,single,671.933848,22,-0.043956,173,0,No fault,,,,,,,,,
2026-08-12T10:55:57.784,1786524957.784869,5.368394,2,0,0.800000,63,0,0x03,single,671.933848,22,-0.032234,172,0,No fault,,,,,,,,,
2026-08-12T10:55:57.790,1786524957.790134,5.373671,2,0,0.800000,64,0,0x03,single,671.933848,-67,-0.061538,172,0,No fault,,,,,,,,,
2026-08-12T10:55:57.795,1786524957.795465,5.378997,2,0,0.800000,65,0,0x03,single,671.933848,-22,-0.049817,172,0,No fault,,,,,,,,,
2026-08-12T10:55:57.800,1786524957.800774,5.384305,2,0,0.800000,66,0,0x03,single,671.933848,67,-0.032234,172,0,No fault,,,,,,,,,
2026-08-12T10:55:57.806,1786524957.806103,5.389641,2,0,0.800000,67,0,0x03,single,671.933848,-201,-0.067399,173,0,No fault,,,,,,,,,
2026-08-12T10:55:57.811,1786524957.811469,5.395009,2,0,0.800000,68,0,0x03,single,671.933848,-112,-0.049817,173,0,No fault,,,,,,,,,
2026-08-12T10:55:57.816,1786524957.816817,5.400352,2,0,0.800000,69,0,0x03,single,671.933848,112,-0.038095,173,0,No fault,,,,,,,,,
2026-08-12T10:55:57.822,1786524957.822142,5.405679,2,0,0.800000,70,0,0x03,single,671.933848,67,-0.043956,173,0,No fault,,,,,,,,,
2026-08-12T10:55:57.827,1786524957.827506,5.411046,2,0,0.800000,71,0,0x03,single,671.933848,-67,-0.043956,171,0,No fault,,,,,,,,,
2026-08-12T10:55:57.832,1786524957.832888,5.416424,2,0,0.800000,72,0,0x03,single,671.933848,22,-0.026374,177,0,No fault,,,,,,,,,
2026-08-12T10:55:57.838,1786524957.838243,5.421778,2,0,0.800000,73,0,0x03,single,671.933848,-67,-0.043956,172,0,No fault,,,,,,,,,
2026-08-12T10:55:57.844,1786524957.844173,5.427713,2,0,0.800000,74,0,0x03,single,671.933848,112,-0.032234,172,0,No fault,,,,,,,,,
2026-08-12T10:55:57.849,1786524957.849562,5.433098,2,0,0.800000,75,0,0x03,single,671.933848,-156,-0.038095,172,0,No fault,,,,,,,,,
2026-08-12T10:55:57.854,1786524957.854908,5.438450,2,0,0.800000,76,0,0x03,single,671.933848,-67,-0.043956,173,0,No fault,,,,,,,,,
2026-08-12T10:55:57.860,1786524957.860234,5.443758,2,0,0.800000,77,0,0x03,single,671.933848,-156,-0.043956,170,0,No fault,,,,,,,,,
2026-08-12T10:55:57.865,1786524957.865526,5.449054,2,0,0.800000,78,0,0x03,single,671.933848,-22,-0.049817,173,0,No fault,,,,,,,,,
2026-08-12T10:55:57.870,1786524957.870796,5.454326,2,0,0.800000,79,0,0x03,single,671.933848,-112,-0.043956,172,0,No fault,,,,,,,,,
2026-08-12T10:55:57.876,1786524957.876092,5.459625,2,0,0.800000,80,0,0x03,single,671.933848,112,-0.061538,170,0,No fault,,,,,,,,,
2026-08-12T10:55:57.881,1786524957.881477,5.465021,2,0,0.800000,81,0,0x03,single,671.933848,-22,-0.038095,172,0,No fault,,,,,,,,,
2026-08-12T10:55:57.897,1786524957.897502,5.481040,2,0,0.800000,82,0,0x03,single,671.933848,-67,-0.038095,170,0,No fault,,,,,,,,,
2026-08-12T10:55:57.903,1786524957.903007,5.486544,2,0,0.800000,83,0,0x03,single,671.933848,22,-0.038095,175,0,No fault,,,,,,,,,
2026-08-12T10:55:57.908,1786524957.908323,5.491858,2,0,0.800000,84,0,0x03,single,671.933848,-156,-0.038095,172,0,No fault,,,,,,,,,
2026-08-12T10:55:57.913,1786524957.913637,5.497169,2,0,0.800000,85,0,0x03,single,671.933848,-67,-0.038095,172,0,No fault,,,,,,,,,
2026-08-12T10:55:57.918,1786524957.918933,5.502463,2,0,0.800000,86,0,0x03,single,671.933848,22,-0.043956,172,0,No fault,,,,,,,,,
2026-08-12T10:55:57.924,1786524957.924191,5.507721,2,0,0.800000,87,0,0x03,single,671.933848,-112,-0.049817,173,0,No fault,,,,,,,,,
2026-08-12T10:55:57.929,1786524957.929493,5.513024,2,0,0.800000,88,0,0x03,single,671.933848,-112,-0.043956,173,0,No fault,,,,,,,,,
2026-08-12T10:55:57.934,1786524957.934765,5.518295,2,0,0.800000,89,0,0x03,single,671.933848,-156,-0.043956,176,0,No fault,,,,,,,,,
2026-08-12T10:55:57.940,1786524957.940024,5.523550,2,0,0.800000,90,0,0x03,single,671.933848,67,-0.049817,173,0,No fault,,,,,,,,,
2026-08-12T10:55:57.945,1786524957.945410,5.528965,2,0,0.800000,91,0,0x03,single,671.933848,22,-0.043956,172,0,No fault,,,,,,,,,
2026-08-12T10:55:57.950,1786524957.950720,5.534253,2,0,0.800000,92,0,0x03,single,671.933848,246,-0.032234,173,0,No fault,,,,,,,,,
2026-08-12T10:55:57.956,1786524957.956037,5.539563,2,0,0.800000,93,0,0x03,single,671.933848,-156,-0.043956,171,0,No fault,,,,,,,,,
2026-08-12T10:55:57.961,1786524957.961290,5.544816,2,0,0.800000,94,0,0x03,single,671.933848,-22,-0.049817,172,0,No fault,,,,,,,,,
2026-08-12T10:55:57.966,1786524957.966568,5.550093,2,0,0.800000,95,0,0x03,single,671.933848,112,-0.038095,175,0,No fault,,,,,,,,,
2026-08-12T10:55:57.971,1786524957.971811,5.555336,2,0,0.800000,96,0,0x03,single,671.933848,-22,-0.055678,173,0,No fault,,,,,,,,,
2026-08-12T10:55:57.977,1786524957.977073,5.560607,2,0,0.800000,97,0,0x03,single,671.933848,112,-0.049817,172,0,No fault,,,,,,,,,
2026-08-12T10:55:57.982,1786524957.982372,5.565903,2,0,0.800000,98,0,0x03,single,671.933848,-22,-0.026374,173,0,No fault,,,,,,,,,
2026-08-12T10:55:57.987,1786524957.987636,5.571163,2,0,0.800000,99,0,0x03,single,671.933848,-22,-0.038095,172,0,No fault,,,,,,,,,
2026-08-12T10:55:57.992,1786524957.992893,5.576420,2,0,0.800000,100,0,0x03,single,671.933848,-112,-0.055678,172,0,No fault,,,,,,,,,
2026-08-12T10:55:57.998,1786524957.998185,5.581718,2,0,0.800000,101,0,0x03,single,671.933848,-22,-0.049817,172,0,No fault,,,,,,,,,
2026-08-12T10:55:58.003,1786524958.003554,5.587101,2,0,0.800000,102,0,0x03,single,671.933848,-22,-0.038095,173,0,No fault,,,,,,,,,
2026-08-12T10:55:58.008,1786524958.008939,5.592481,2,0,0.800000,103,0,0x03,single,671.933848,-112,-0.043956,173,0,No fault,,,,,,,,,
2026-08-12T10:55:58.014,1786524958.014290,5.597829,2,0,0.800000,104,0,0x03,single,671.933848,112,-0.049817,173,0,No fault,,,,,,,,,
2026-08-12T10:55:58.019,1786524958.019596,5.603121,2,0,0.800000,105,0,0x03,single,671.933848,-22,-0.049817,172,0,No fault,,,,,,,,,
2026-08-12T10:55:58.024,1786524958.024887,5.608430,2,0,0.800000,106,0,0x03,single,671.933848,-22,-0.026374,173,0,No fault,,,,,,,,,
2026-08-12T10:55:58.030,1786524958.030208,5.613733,2,0,0.800000,107,0,0x03,single,671.933848,-156,-0.043956,173,0,No fault,,,,,,,,,
2026-08-12T10:55:58.035,1786524958.035471,5.618999,2,0,0.800000,108,0,0x03,single,671.933848,-22,-0.049817,174,0,No fault,,,,,,,,,
2026-08-12T10:55:58.041,1786524958.041018,5.624548,2,0,0.800000,109,0,0x03,single,671.933848,-112,-0.038095,173,0,No fault,,,,,,,,,
2026-08-12T10:55:58.046,1786524958.046331,5.629866,2,0,0.800000,110,0,0x03,single,671.933848,67,-0.032234,172,0,No fault,,,,,,,,,
2026-08-12T10:55:58.051,1786524958.051635,5.635168,2,0,0.800000,111,0,0x03,single,671.933848,-112,-0.043956,172,0,No fault,,,,,,,,,
2026-08-12T10:55:58.056,1786524958.056913,5.640445,2,0,0.800000,112,0,0x03,single,671.933848,-67,-0.049817,172,0,No fault,,,,,,,,,
2026-08-12T10:55:58.062,1786524958.062217,5.645749,2,0,0.800000,113,0,0x03,single,671.933848,-67,-0.043956,173,0,No fault,,,,,,,,,
2026-08-12T10:55:58.067,1786524958.067540,5.651072,2,0,0.800000,114,0,0x03,single,671.933848,-22,-0.043956,175,0,No fault,,,,,,,,,
2026-08-12T10:55:58.072,1786524958.072850,5.656379,2,0,0.800000,115,0,0x03,single,671.933848,112,-0.038095,173,0,No fault,,,,,,,,,
2026-08-12T10:55:58.078,1786524958.078138,5.661668,2,0,0.800000,116,0,0x03,single,671.933848,112,-0.038095,173,0,No fault,,,,,,,,,
2026-08-12T10:55:58.083,1786524958.083457,5.666991,2,0,0.800000,117,0,0x03,single,671.933848,22,-0.055678,173,0,No fault,,,,,,,,,
2026-08-12T10:55:58.098,1786524958.098968,5.682499,2,0,0.800000,118,0,0x03,single,671.933848,-67,-0.043956,173,0,No fault,,,,,,,,,
2026-08-12T10:55:58.104,1786524958.104244,5.687769,2,0,0.800000,119,0,0x03,single,671.933848,-112,-0.049817,173,0,No fault,,,,,,,,,
2026-08-12T10:55:58.109,1786524958.109539,5.693074,2,0,0.800000,120,0,0x03,single,671.933848,-112,-0.049817,173,0,No fault,,,,,,,,,
2026-08-12T10:55:58.114,1786524958.114852,5.698395,2,0,0.800000,121,0,0x03,single,671.911886,-201,-0.032234,170,0,No fault,,,,,,,,,
2026-08-12T10:55:58.120,1786524958.120330,5.703863,2,0,0.800000,122,0,0x03,single,671.933848,-67,-0.055678,174,0,No fault,,,,,,,,,
2026-08-12T10:55:58.125,1786524958.125629,5.709163,2,0,0.800000,123,0,0x03,single,671.933848,-22,-0.055678,175,0,No fault,,,,,,,,,
2026-08-12T10:55:58.130,1786524958.130932,5.714460,2,0,0.800000,124,0,0x03,single,671.933848,-67,-0.020513,172,0,No fault,,,,,,,,,
2026-08-12T10:55:58.136,1786524958.136239,5.719777,2,0,0.800000,125,0,0x03,single,671.933848,67,-0.049817,172,0,No fault,,,,,,,,,
2026-08-12T10:55:58.141,1786524958.141574,5.725104,2,0,0.800000,126,0,0x03,single,671.933848,22,-0.043956,173,0,No fault,,,,,,,,,
2026-08-12T10:55:58.146,1786524958.146868,5.730398,2,0,0.800000,127,0,0x03,single,671.933848,-67,-0.067399,171,0,No fault,,,,,,,,,
2026-08-12T10:55:58.152,1786524958.152157,5.735685,2,0,0.800000,128,0,0x03,single,671.933848,-67,-0.043956,173,0,No fault,,,,,,,,,
2026-08-12T10:55:58.157,1786524958.157544,5.741082,2,0,0.800000,129,0,0x03,single,671.933848,-67,-0.049817,172,0,No fault,,,,,,,,,
2026-08-12T10:55:58.162,1786524958.162873,5.746405,2,0,0.800000,130,0,0x03,single,671.933848,67,-0.038095,175,0,No fault,,,,,,,,,
2026-08-12T10:55:58.168,1786524958.168169,5.751699,2,0,0.800000,131,0,0x03,single,671.933848,-67,-0.032234,172,0,No fault,,,,,,,,,
2026-08-12T10:55:58.173,1786524958.173654,5.757184,2,0,0.800000,132,0,0x03,single,671.933848,112,-0.061538,173,0,No fault,,,,,,,,,
2026-08-12T10:55:58.179,1786524958.179022,5.762552,2,0,0.800000,133,0,0x03,single,671.933848,112,-0.049817,176,0,No fault,,,,,,,,,
2026-08-12T10:55:58.184,1786524958.184308,5.767833,2,0,0.800000,134,0,0x03,single,671.933848,-156,-0.049817,168,0,No fault,,,,,,,,,
2026-08-12T10:55:58.189,1786524958.189634,5.773168,2,0,0.800000,135,0,0x03,single,671.933848,-22,-0.055678,172,0,No fault,,,,,,,,,
2026-08-12T10:55:58.194,1786524958.194949,5.778487,2,0,0.800000,136,0,0x03,single,671.933848,22,-0.032234,172,0,No fault,,,,,,,,,
2026-08-12T10:55:58.200,1786524958.200239,5.783765,2,0,0.800000,137,0,0x03,single,671.933848,67,-0.038095,172,0,No fault,,,,,,,,,
2026-08-12T10:55:58.205,1786524958.205496,5.789022,2,0,0.800000,138,0,0x03,single,671.955810,246,-0.043956,172,0,No fault,,,,,,,,,
2026-08-12T10:55:58.210,1786524958.210758,5.794288,2,0,0.800000,139,0,0x03,single,671.933848,-67,-0.032234,173,0,No fault,,,,,,,,,
2026-08-12T10:55:58.216,1786524958.216032,5.799564,2,0,0.800000,140,0,0x03,single,671.933848,-22,-0.038095,173,0,No fault,,,,,,,,,
2026-08-12T10:55:58.221,1786524958.221303,5.804831,2,0,0.800000,141,0,0x03,single,671.933848,-67,-0.038095,172,0,No fault,,,,,,,,,
2026-08-12T10:55:58.226,1786524958.226599,5.810131,2,0,0.800000,142,0,0x03,single,671.933848,-112,-0.049817,173,0,No fault,,,,,,,,,
2026-08-12T10:55:58.239,1786524958.239479,5.823024,3,-3000,5.000000,1,-3000,0x03,single,671.933848,22,-0.055678,172,0,No fault,,,,,,,,,
2026-08-12T10:55:58.244,1786524958.244847,5.828389,3,-3000,5.000000,2,-3000,0x03,single,671.933848,22,-0.026374,173,0,No fault,,,,,,,,,
2026-08-12T10:55:58.250,1786524958.250352,5.833894,3,-3000,5.000000,3,-3000,0x03,single,671.933848,-67,-0.043956,170,0,No fault,,,,,,,,,
2026-08-12T10:55:58.255,1786524958.255703,5.839242,3,-3000,5.000000,4,-3000,0x03,single,671.406763,-3015,-0.846886,172,0,No fault,,,,,,,,,
2026-08-12T10:55:58.261,1786524958.261032,5.844564,3,-3000,5.000000,5,-3000,0x03,single,670.572213,-3149,0.096703,173,0,No fault,,,,,,,,,
2026-08-12T10:55:58.266,1786524958.266323,5.849844,3,-3000,5.000000,6,-3000,0x03,single,669.825510,-2791,-0.079121,172,0,No fault,,,,,,,,,
2026-08-12T10:55:58.271,1786524958.271600,5.855146,3,-3000,5.000000,7,-3000,0x03,single,669.166654,-2970,-0.254945,166,0,No fault,,,,,,,,,
2026-08-12T10:55:58.276,1786524958.276921,5.860443,3,-3000,5.000000,8,-3000,0x03,single,668.463875,-3059,-0.213919,173,0,No fault,,,,,,,,,
2026-08-12T10:55:58.282,1786524958.282172,5.865699,3,-3000,5.000000,9,-3000,0x03,single,667.761096,-2836,-0.143590,172,0,No fault,,,,,,,,,
2026-08-12T10:55:58.287,1786524958.287569,5.871088,3,-3000,5.000000,10,-3000,0x03,single,667.014393,-2836,-0.149451,170,0,No fault,,,,,,,,,
2026-08-12T10:55:58.303,1786524958.303064,5.886599,3,-3000,5.000000,11,-3000,0x03,single,666.311614,-2970,-0.213919,173,0,No fault,,,,,,,,,
2026-08-12T10:55:58.308,1786524958.308382,5.891921,3,-3000,5.000000,12,-3000,0x03,single,664.884093,-2925,-0.137729,172,0,No fault,,,,,,,,,
2026-08-12T10:55:58.313,1786524958.313713,5.897251,3,-3000,5.000000,13,-3000,0x03,single,662.731832,-3104,-0.190476,173,0,No fault,,,,,,,,,
2026-08-12T10:55:58.319,1786524958.319051,5.902597,3,-3000,5.000000,14,-3000,0x03,single,662.358480,-3104,-0.137729,173,0,No fault,,,,,,,,,
2026-08-12T10:55:58.324,1786524958.324401,5.907939,3,-3000,5.000000,15,-3000,0x03,single,661.941205,-3059,-0.120147,173,0,No fault,,,,,,,,,
2026-08-12T10:55:58.329,1786524958.329711,5.913247,3,-3000,5.000000,16,-3000,0x03,single,661.238426,-2925,-0.184615,173,0,No fault,,,,,,,,,
2026-08-12T10:55:58.335,1786524958.335024,5.918557,3,-3000,5.000000,17,-3000,0x03,single,660.513685,-2791,-0.172894,175,0,No fault,,,,,,,,,
2026-08-12T10:55:58.340,1786524958.340336,5.923880,3,-3000,5.000000,18,-3000,0x03,single,659.788944,-2970,-0.161172,172,0,No fault,,,,,,,,,
2026-08-12T10:55:58.345,1786524958.345669,5.929205,3,-3000,5.000000,19,-3000,0x03,single,659.086164,-3015,-0.120147,173,0,No fault,,,,,,,,,
2026-08-12T10:55:58.350,1786524958.350979,5.934515,3,-3000,5.000000,20,-3000,0x03,single,658.361423,-2791,-0.126007,173,0,No fault,,,,,,,,,
2026-08-12T10:55:58.356,1786524958.356300,5.939838,3,-3000,5.000000,21,-3000,0x03,single,657.636682,-2881,-0.178755,173,0,No fault,,,,,,,,,
2026-08-12T10:55:58.363,1786524958.363742,5.947274,3,-3000,5.000000,22,-3000,0x03,single,656.209162,-3104,-0.126007,171,0,No fault,,,,,,,,,
2026-08-12T10:55:58.369,1786524958.369127,5.952666,3,-3000,5.000000,23,-3000,0x03,single,655.484421,-3193,-0.161172,172,0,No fault,,,,,,,,,
2026-08-12T10:55:58.374,1786524958.374468,5.958005,3,-3000,5.000000,24,-3000,0x03,single,654.759679,-3015,-0.172894,172,0,No fault,,,,,,,,,
2026-08-12T10:55:58.380,1786524958.380170,5.963722,3,-3000,5.000000,25,-3000,0x03,single,654.034938,-3149,-0.131868,172,0,No fault,,,,,,,,,
2026-08-12T10:55:58.385,1786524958.385540,5.969072,3,-3000,5.000000,26,-3000,0x03,single,653.354121,-2836,-0.131868,173,0,No fault,,,,,,,,,
2026-08-12T10:55:58.390,1786524958.390827,5.974363,3,-3000,5.000000,27,-3000,0x03,single,652.607418,-2970,-0.143590,173,0,No fault,,,,,,,,,
2026-08-12T10:55:58.396,1786524958.396142,5.979676,3,-3000,5.000000,28,-3000,0x03,single,651.882677,-3059,-0.172894,173,0,No fault,,,,,,,,,
2026-08-12T10:55:58.401,1786524958.401466,5.985002,3,-3000,5.000000,29,-3000,0x03,single,651.179897,-2836,-0.167033,172,0,No fault,,,,,,,,,
2026-08-12T10:55:58.406,1786524958.406795,5.990328,3,-3000,5.000000,30,-3000,0x03,single,650.455156,-3059,-0.131868,173,0,No fault,,,,,,,,,
2026-08-12T10:55:58.412,1786524958.412096,5.995628,3,-3000,5.000000,31,-3000,0x03,single,649.752377,-2881,-0.178755,173,0,No fault,,,,,,,,,
2026-08-12T10:55:58.417,1786524958.417388,6.000918,3,-3000,5.000000,32,-3000,0x03,single,649.027636,-3104,-0.237363,173,0,No fault,,,,,,,,,
2026-08-12T10:55:58.422,1786524958.422721,6.006252,3,-3000,5.000000,33,-3000,0x03,single,648.324857,-2836,-0.155311,172,0,No fault,,,,,,,,,
2026-08-12T10:55:58.428,1786524958.428012,6.011543,3,-3000,5.000000,34,-3000,0x03,single,647.600116,-2925,-0.137729,169,0,No fault,,,,,,,,,
2026-08-12T10:55:58.433,1786524958.433321,6.016860,3,-3000,5.000000,35,-3000,0x03,single,646.875374,-3104,-0.172894,173,0,No fault,,,,,,,,,
2026-08-12T10:55:58.438,1786524958.438712,6.022242,3,-3000,5.000000,36,-3000,0x03,single,646.172595,-2925,-0.202198,173,0,No fault,,,,,,,,,
2026-08-12T10:55:58.444,1786524958.444013,6.027548,3,-3000,5.000000,37,-3000,0x03,single,645.447854,-3059,-0.202198,173,0,No fault,,,,,,,,,
2026-08-12T10:55:58.449,1786524958.449359,6.032888,3,-3000,5.000000,38,-3000,0x03,single,644.745075,-2925,-0.149451,173,0,No fault,,,,,,,,,
2026-08-12T10:55:58.454,1786524958.454957,6.038491,3,-3000,5.000000,39,-3000,0x03,single,644.020334,-3104,-0.190476,173,0,No fault,,,,,,,,,
2026-08-12T10:55:58.460,1786524958.460444,6.043983,3,-3000,5.000000,40,-3000,0x03,single,642.592813,-3104,-0.155311,173,0,No fault,,,,,,,,,
2026-08-12T10:55:58.465,1786524958.465810,6.049347,3,-3000,5.000000,41,-3000,0x03,single,641.868072,-3059,-0.143590,175,0,No fault,,,,,,,,,
2026-08-12T10:55:58.471,1786524958.471154,6.054687,3,-3000,5.000000,42,-3000,0x03,single,641.143331,-3059,-0.178755,172,0,No fault,,,,,,,,,
2026-08-12T10:55:58.476,1786524958.476467,6.059997,3,-3000,5.000000,43,-3000,0x03,single,640.440552,-3015,-0.190476,175,0,No fault,,,,,,,,,
2026-08-12T10:55:58.481,1786524958.481772,6.065305,3,-3000,5.000000,44,-3000,0x03,single,639.715811,-3059,-0.137729,172,0,No fault,,,,,,,,,
2026-08-12T10:55:58.487,1786524958.487132,6.070663,3,-3000,5.000000,45,-3000,0x03,single,639.013031,-3015,-0.178755,172,0,No fault,,,,,,,,,
2026-08-12T10:55:58.492,1786524958.492431,6.075962,3,-3000,5.000000,46,-3000,0x03,single,638.266328,-3059,-0.137729,173,0,No fault,,,,,,,,,
2026-08-12T10:55:58.508,1786524958.508328,6.091912,3,-3000,5.000000,47,-3000,0x03,single,637.563549,-2836,-0.196337,173,0,No fault,,,,,,,,,
2026-08-12T10:55:58.513,1786524958.513853,6.097391,3,-3000,5.000000,48,-3000,0x03,single,636.114067,-3015,-0.120147,175,0,No fault,,,,,,,,,
2026-08-12T10:55:58.519,1786524958.519211,6.102751,3,-3000,5.000000,49,-3000,0x03,single,634.005729,-2970,-0.137729,172,0,No fault,,,,,,,,,
2026-08-12T10:55:58.524,1786524958.524568,6.108103,3,-3000,5.000000,50,-3000,0x03,single,633.654339,-2881,-0.084982,173,0,No fault,,,,,,,,,
2026-08-12T10:55:58.529,1786524958.529889,6.113418,3,-3000,5.000000,51,-3000,0x03,single,633.215102,-3059,-0.079121,172,0,No fault,,,,,,,,,
2026-08-12T10:55:58.535,1786524958.535182,6.118716,3,-3000,5.000000,52,-3000,0x03,single,632.490361,-3104,-0.178755,173,0,No fault,,,,,,,,,
2026-08-12T10:55:58.540,1786524958.540495,6.124024,3,-3000,5.000000,53,-3000,0x03,single,631.787582,-3015,-0.155311,172,0,No fault,,,,,,,,,
2026-08-12T10:55:58.545,1786524958.545794,6.129326,3,-3000,5.000000,54,-3000,0x03,single,631.084803,-2925,-0.155311,173,0,No fault,,,,,,,,,
2026-08-12T10:55:58.551,1786524958.551103,6.134631,3,-3000,5.000000,55,-3000,0x03,single,630.360062,-2970,-0.108425,173,0,No fault,,,,,,,,,
2026-08-12T10:55:58.556,1786524958.556407,6.139945,3,-3000,5.000000,56,-3000,0x03,single,629.657282,-2836,-0.213919,173,0,No fault,,,,,,,,,
2026-08-12T10:55:58.561,1786524958.561743,6.145274,3,-3000,5.000000,57,-3000,0x03,single,628.954503,-2747,-0.213919,169,0,No fault,,,,,,,,,
2026-08-12T10:55:58.567,1786524958.567063,6.150713,3,-3000,5.000000,58,-3000,0x03,single,628.229762,-2881,-0.149451,173,0,No fault,,,,,,,,,
2026-08-12T10:55:58.572,1786524958.572727,6.156269,3,-3000,5.000000,59,-3000,0x03,single,627.505021,-3015,-0.155311,173,0,No fault,,,,,,,,,
2026-08-12T10:55:58.578,1786524958.578414,6.161960,3,-3000,5.000000,60,-3000,0x03,single,626.077500,-2970,-0.196337,175,0,No fault,,,,,,,,,
2026-08-12T10:55:58.583,1786524958.583810,6.167354,3,-3000,5.000000,61,-3000,0x03,single,625.308836,-2881,-0.114286,174,0,No fault,,,,,,,,,
2026-08-12T10:55:58.589,1786524958.589132,6.172665,3,-3000,5.000000,62,-3000,0x03,single,624.540171,-2925,-0.149451,173,0,No fault,,,,,,,,,
2026-08-12T10:55:58.594,1786524958.594418,6.177951,3,-3000,5.000000,63,-3000,0x03,single,623.837392,-3149,-0.178755,171,0,No fault,,,,,,,,,
2026-08-12T10:55:58.599,1786524958.599710,6.183249,3,-3000,5.000000,64,-3000,0x03,single,623.134612,-2702,-0.172894,173,0,No fault,,,,,,,,,
2026-08-12T10:55:58.605,1786524958.605020,6.188549,3,-3000,5.000000,65,-3000,0x03,single,622.431833,-2791,-0.137729,173,0,No fault,,,,,,,,,
2026-08-12T10:55:58.610,1786524958.610292,6.193830,3,-3000,5.000000,66,-3000,0x03,single,621.685130,-2881,-0.090842,169,0,No fault,,,,,,,,,
2026-08-12T10:55:58.615,1786524958.615592,6.199123,3,-3000,5.000000,67,-3000,0x03,single,620.960389,-3149,-0.184615,172,0,No fault,,,,,,,,,
2026-08-12T10:55:58.621,1786524958.621018,6.204554,3,-3000,5.000000,68,-3000,0x03,single,620.257610,-3015,-0.161172,171,0,No fault,,,,,,,,,
2026-08-12T10:55:58.626,1786524958.626291,6.209817,3,-3000,5.000000,69,-3000,0x03,single,619.532869,-2881,-0.149451,170,0,No fault,,,,,,,,,
2026-08-12T10:55:58.631,1786524958.631574,6.215107,3,-3000,5.000000,70,-3000,0x03,single,618.808127,-3149,-0.108425,176,0,No fault,,,,,,,,,
2026-08-12T10:55:58.636,1786524958.636873,6.220411,3,-3000,5.000000,71,-3000,0x03,single,618.083386,-3104,-0.167033,172,0,No fault,,,,,,,,,
2026-08-12T10:55:58.642,1786524958.642201,6.225736,3,-3000,5.000000,72,-3000,0x03,single,617.380607,-3015,-0.167033,174,0,No fault,,,,,,,,,
2026-08-12T10:55:58.647,1786524958.647517,6.231056,3,-3000,5.000000,73,-3000,0x03,single,616.655866,-2925,-0.102564,173,0,No fault,,,,,,,,,
2026-08-12T10:55:58.652,1786524958.652825,6.236354,3,-3000,5.000000,74,-3000,0x03,single,615.931125,-2970,-0.090842,173,0,No fault,,,,,,,,,
2026-08-12T10:55:58.658,1786524958.658108,6.241641,3,-3000,5.000000,75,-3000,0x03,single,615.206384,-2881,-0.143590,172,0,No fault,,,,,,,,,
2026-08-12T10:55:58.663,1786524958.663415,6.246949,3,-3000,5.000000,76,-3000,0x03,single,614.503604,-2747,-0.143590,172,0,No fault,,,,,,,,,
2026-08-12T10:55:58.668,1786524958.668721,6.252251,3,-3000,5.000000,77,-3000,0x03,single,613.756901,-3193,-0.114286,176,0,No fault,,,,,,,,,
2026-08-12T10:55:58.673,1786524958.673994,6.257528,3,-3000,5.000000,78,-3000,0x03,single,613.032160,-3104,-0.108425,173,0,No fault,,,,,,,,,
2026-08-12T10:55:58.679,1786524958.679276,6.262802,3,-3000,5.000000,79,-3000,0x03,single,612.329381,-2836,-0.137729,174,0,No fault,,,,,,,,,
2026-08-12T10:55:58.684,1786524958.684558,6.268094,3,-3000,5.000000,80,-3000,0x03,single,611.604640,-3015,-0.172894,173,0,No fault,,,,,,,,,
2026-08-12T10:55:58.689,1786524958.689883,6.273417,3,-3000,5.000000,81,-3000,0x03,single,610.901861,-3015,-0.143590,172,0,No fault,,,,,,,,,
2026-08-12T10:55:58.695,1786524958.695376,6.278901,3,-3000,5.000000,82,-3000,0x03,single,610.177120,-2925,-0.108425,172,0,No fault,,,,,,,,,
2026-08-12T10:55:58.700,1786524958.700757,6.284284,3,-3000,5.000000,83,-3000,0x03,single,609.452378,-2970,-0.178755,173,0,No fault,,,,,,,,,
2026-08-12T10:55:58.711,1786524958.711364,6.294894,3,-3000,5.000000,84,-3000,0x03,single,608.749599,-2925,-0.196337,172,0,No fault,,,,,,,,,
2026-08-12T10:55:58.716,1786524958.716656,6.300184,3,-3000,5.000000,85,-3000,0x03,single,607.300117,-3104,-0.143590,172,0,No fault,,,,,,,,,
2026-08-12T10:55:58.721,1786524958.721918,6.305443,3,-3000,5.000000,86,-3000,0x03,single,605.125894,-2881,-0.131868,173,0,No fault,,,,,,,,,
2026-08-12T10:55:58.727,1786524958.727207,6.310747,3,-3000,5.000000,87,-3000,0x03,single,604.752542,-3193,-0.126007,175,0,No fault,,,,,,,,,
2026-08-12T10:55:58.732,1786524958.732559,6.316095,3,-3000,5.000000,88,-3000,0x03,single,604.357229,-2881,-0.167033,174,0,No fault,,,,,,,,,
2026-08-12T10:55:58.737,1786524958.737881,6.321413,3,-3000,5.000000,89,-3000,0x03,single,603.610526,-3104,-0.196337,171,0,No fault,,,,,,,,,
2026-08-12T10:55:58.743,1786524958.743191,6.326721,3,-3000,5.000000,90,-3000,0x03,single,602.885785,-3283,-0.213919,173,0,No fault,,,,,,,,,
2026-08-12T10:55:58.748,1786524958.748508,6.332043,3,-3000,5.000000,91,-3000,0x03,single,602.183005,-3149,-0.108425,173,0,No fault,,,,,,,,,
2026-08-12T10:55:58.753,1786524958.753830,6.337366,3,-3000,5.000000,92,-3000,0x03,single,601.480226,-2836,-0.143590,172,0,No fault,,,,,,,,,
2026-08-12T10:55:58.759,1786524958.759147,6.342679,3,-3000,5.000000,93,-3000,0x03,single,600.755485,-3015,-0.184615,170,0,No fault,,,,,,,,,
2026-08-12T10:55:58.764,1786524958.764476,6.348014,3,-3000,5.000000,94,-3000,0x03,single,600.030744,-3059,-0.190476,173,0,No fault,,,,,,,,,
2026-08-12T10:55:58.769,1786524958.769814,6.353351,3,-3000,5.000000,95,-3000,0x03,single,599.327965,-2970,-0.131868,172,0,No fault,,,,,,,,,
2026-08-12T10:55:58.775,1786524958.775126,6.358655,3,-3000,5.000000,96,-3000,0x03,single,598.603223,-3059,-0.131868,173,0,No fault,,,,,,,,,
2026-08-12T10:55:58.780,1786524958.780559,6.364093,3,-3000,5.000000,97,-3000,0x03,single,597.878482,-3015,-0.167033,172,0,No fault,,,,,,,,,
2026-08-12T10:55:58.785,1786524958.785858,6.369393,3,-3000,5.000000,98,-3000,0x03,single,597.153741,-3104,-0.172894,172,0,No fault,,,,,,,,,
2026-08-12T10:55:58.791,1786524958.791155,6.374684,3,-3000,5.000000,99,-3000,0x03,single,596.429000,-3193,-0.096703,173,0,No fault,,,,,,,,,
2026-08-12T10:55:58.796,1786524958.796419,6.379945,3,-3000,5.000000,100,-3000,0x03,single,595.748183,-2836,-0.155311,172,0,No fault,,,,,,,,,
2026-08-12T10:55:58.801,1786524958.801721,6.385262,3,-3000,5.000000,101,-3000,0x03,single,595.001480,-2836,-0.143590,172,0,No fault,,,,,,,,,
2026-08-12T10:55:58.807,1786524958.807086,6.390615,3,-3000,5.000000,102,-3000,0x03,single,594.276739,-2970,-0.143590,174,0,No fault,,,,,,,,,
2026-08-12T10:55:58.812,1786524958.812371,6.395902,3,-3000,5.000000,103,-3000,0x03,single,593.551997,-3193,-0.114286,168,0,No fault,,,,,,,,,
2026-08-12T10:55:58.817,1786524958.817654,6.401184,3,-3000,5.000000,104,-3000,0x03,single,592.849218,-3238,-0.208059,170,0,No fault,,,,,,,,,
2026-08-12T10:55:58.822,1786524958.822978,6.406514,3,-3000,5.000000,105,-3000,0x03,single,592.124477,-3015,-0.155311,173,0,No fault,,,,,,,,,
2026-08-12T10:55:58.828,1786524958.828351,6.411889,3,-3000,5.000000,106,-3000,0x03,single,591.421698,-3059,-0.184615,173,0,No fault,,,,,,,,,
2026-08-12T10:55:58.833,1786524958.833735,6.417281,3,-3000,5.000000,107,-3000,0x03,single,590.718918,-2747,-0.126007,173,0,No fault,,,,,,,,,
2026-08-12T10:55:58.839,1786524958.839108,6.422633,3,-3000,5.000000,108,-3000,0x03,single,589.994177,-2836,-0.172894,174,0,No fault,,,,,,,,,
2026-08-12T10:55:58.844,1786524958.844369,6.427895,3,-3000,5.000000,109,-3000,0x03,single,589.181589,-3149,-0.196337,173,0,No fault,,,,,,,,,
2026-08-12T10:55:58.849,1786524958.849958,6.433495,3,-3000,5.000000,110,-3000,0x03,single,588.478810,-2970,-0.184615,172,0,No fault,,,,,,,,,
2026-08-12T10:55:58.855,1786524958.855339,6.438875,3,-3000,5.000000,111,-3000,0x03,single,587.051289,-3149,-0.184615,172,0,No fault,,,,,,,,,
2026-08-12T10:55:58.860,1786524958.860663,6.444198,3,-3000,5.000000,112,-3000,0x03,single,586.304586,-3104,-0.167033,172,0,No fault,,,,,,,,,
2026-08-12T10:55:58.865,1786524958.865961,6.449498,3,-3000,5.000000,113,-3000,0x03,single,585.623769,-2702,-0.208059,172,0,No fault,,,,,,,,,
2026-08-12T10:55:58.871,1786524958.871285,6.454810,3,-3000,5.000000,114,-3000,0x03,single,584.877066,-2881,-0.114286,172,0,No fault,,,,,,,,,
2026-08-12T10:55:58.876,1786524958.876534,6.460056,3,-3000,5.000000,115,-3000,0x03,single,584.174287,-2925,-0.184615,173,0,No fault,,,,,,,,,
2026-08-12T10:55:58.881,1786524958.881763,6.465282,3,-3000,5.000000,116,-3000,0x03,single,583.427584,-3104,-0.161172,173,0,No fault,,,,,,,,,
2026-08-12T10:55:58.887,1786524958.887032,6.470567,3,-3000,5.000000,117,-3000,0x03,single,582.724804,-3149,-0.219780,173,0,No fault,,,,,,,,,
2026-08-12T10:55:58.892,1786524958.892409,6.475942,3,-3000,5.000000,118,-3000,0x03,single,582.000063,-3104,-0.137729,173,0,No fault,,,,,,,,,
2026-08-12T10:55:58.897,1786524958.897707,6.481227,3,-3000,5.000000,119,-3000,0x03,single,581.297284,-3104,-0.184615,173,0,No fault,,,,,,,,,
2026-08-12T10:55:58.913,1786524958.913213,6.496741,3,-3000,5.000000,120,-3000,0x03,single,579.869764,-2881,-0.155311,173,0,No fault,,,,,,,,,
2026-08-12T10:55:58.918,1786524958.918505,6.502044,3,-3000,5.000000,121,-3000,0x03,single,579.145022,-3015,-0.131868,173,0,No fault,,,,,,,,,
2026-08-12T10:55:58.923,1786524958.923847,6.507377,3,-3000,5.000000,122,-3000,0x03,single,577.080608,-2925,-0.149451,172,0,No fault,,,,,,,,,
2026-08-12T10:55:58.929,1786524958.929151,6.512680,3,-3000,5.000000,123,-3000,0x03,single,576.707257,-3238,-0.120147,172,0,No fault,,,,,,,,,
2026-08-12T10:55:58.934,1786524958.934450,6.517988,3,-3000,5.000000,124,-3000,0x03,single,576.289982,-2970,-0.102564,173,0,No fault,,,,,,,,,
2026-08-12T10:55:58.939,1786524958.939787,6.523319,3,-3000,5.000000,125,-3000,0x03,single,575.565241,-3059,-0.143590,173,0,No fault,,,,,,,,,
2026-08-12T10:55:58.945,1786524958.945206,6.528735,3,-3000,5.000000,126,-3000,0x03,single,574.862461,-2925,-0.137729,172,0,No fault,,,,,,,,,
2026-08-12T10:55:58.950,1786524958.950488,6.534018,3,-3000,5.000000,127,-3000,0x03,single,574.137720,-2881,-0.167033,172,0,No fault,,,,,,,,,
2026-08-12T10:55:58.955,1786524958.955784,6.539318,3,-3000,5.000000,128,-3000,0x03,single,573.412979,-3104,-0.067399,173,0,No fault,,,,,,,,,
2026-08-12T10:55:58.961,1786524958.961126,6.544658,3,-3000,5.000000,129,-3000,0x03,single,572.688238,-2925,-0.161172,172,0,No fault,,,,,,,,,
2026-08-12T10:55:58.966,1786524958.966403,6.549925,3,-3000,5.000000,130,-3000,0x03,single,571.963497,-3193,-0.143590,170,0,No fault,,,,,,,,,
2026-08-12T10:55:58.971,1786524958.971673,6.555211,3,-3000,5.000000,131,-3000,0x03,single,571.260717,-2925,-0.167033,172,0,No fault,,,,,,,,,
2026-08-12T10:55:58.977,1786524958.977094,6.560622,3,-3000,5.000000,132,-3000,0x03,single,570.535976,-3104,-0.126007,175,0,No fault,,,,,,,,,
2026-08-12T10:55:58.982,1786524958.982449,6.565983,3,-3000,5.000000,133,-3000,0x03,single,569.108456,-2747,-0.184615,172,0,No fault,,,,,,,,,
2026-08-12T10:55:58.987,1786524958.987772,6.571305,3,-3000,5.000000,134,-3000,0x03,single,568.405677,-2836,-0.161172,174,0,No fault,,,,,,,,,
2026-08-12T10:55:58.993,1786524958.993101,6.576637,3,-3000,5.000000,135,-3000,0x03,single,567.702897,-2881,-0.149451,172,0,No fault,,,,,,,,,
2026-08-12T10:55:58.998,1786524958.998438,6.581974,3,-3000,5.000000,136,-3000,0x03,single,566.978156,-2925,-0.184615,173,0,No fault,,,,,,,,,
2026-08-12T10:55:59.003,1786524959.003752,6.587283,3,-3000,5.000000,137,-3000,0x03,single,566.275377,-2836,-0.243223,173,0,No fault,,,,,,,,,
2026-08-12T10:55:59.009,1786524959.009135,6.592675,3,-3000,5.000000,138,-3000,0x03,single,565.550636,-2970,-0.155311,173,0,No fault,,,,,,,,,
2026-08-12T10:55:59.014,1786524959.014494,6.598029,3,-3000,5.000000,139,-3000,0x03,single,564.825895,-3059,-0.126007,173,0,No fault,,,,,,,,,
2026-08-12T10:55:59.019,1786524959.019795,6.603319,3,-3000,5.000000,140,-3000,0x03,single,564.101154,-3059,-0.178755,173,0,No fault,,,,,,,,,
2026-08-12T10:55:59.025,1786524959.025054,6.608575,3,-3000,5.000000,141,-3000,0x03,single,563.398374,-2925,-0.167033,171,0,No fault,,,,,,,,,
2026-08-12T10:55:59.030,1786524959.030324,6.613862,3,-3000,5.000000,142,-3000,0x03,single,562.673633,-2970,-0.155311,172,0,No fault,,,,,,,,,
2026-08-12T10:55:59.035,1786524959.035651,6.619174,3,-3000,5.000000,143,-3000,0x03,single,561.970854,-2925,-0.108425,173,0,No fault,,,,,,,,,
2026-08-12T10:55:59.040,1786524959.040895,6.624416,3,-3000,5.000000,144,-3000,0x03,single,561.224151,-3149,-0.149451,173,0,No fault,,,,,,,,,
2026-08-12T10:55:59.046,1786524959.046166,6.629700,3,-3000,5.000000,145,-3000,0x03,single,560.521372,-2881,-0.167033,172,0,No fault,,,,,,,,,
2026-08-12T10:55:59.051,1786524959.051486,6.635020,3,-3000,5.000000,146,-3000,0x03,single,559.818593,-2881,-0.167033,172,0,No fault,,,,,,,,,
2026-08-12T10:55:59.056,1786524959.056773,6.640296,3,-3000,5.000000,147,-3000,0x03,single,559.093851,-2881,-0.090842,174,0,No fault,,,,,,,,,
2026-08-12T10:55:59.062,1786524959.062010,6.645531,3,-3000,5.000000,148,-3000,0x03,single,558.369110,-2925,-0.149451,173,0,No fault,,,,,,,,,
2026-08-12T10:55:59.067,1786524959.067249,6.650770,3,-3000,5.000000,149,-3000,0x03,single,557.644369,-2970,-0.143590,171,0,No fault,,,,,,,,,
2026-08-12T10:55:59.072,1786524959.072531,6.656074,3,-3000,5.000000,150,-3000,0x03,single,556.941590,-2881,-0.161172,174,0,No fault,,,,,,,,,
2026-08-12T10:55:59.077,1786524959.077910,6.661442,3,-3000,5.000000,151,-3000,0x03,single,556.216849,-2925,-0.096703,172,0,No fault,,,,,,,,,
2026-08-12T10:55:59.083,1786524959.083224,6.666753,3,-3000,5.000000,152,-3000,0x03,single,555.492108,-2925,-0.137729,173,0,No fault,,,,,,,,,
2026-08-12T10:55:59.088,1786524959.088504,6.672030,3,-3000,5.000000,153,-3000,0x03,single,554.767367,-2836,-0.149451,172,0,No fault,,,,,,,,,
2026-08-12T10:55:59.093,1786524959.093809,6.677347,3,-3000,5.000000,154,-3000,0x03,single,554.042625,-3238,-0.172894,173,0,No fault,,,,,,,,,
2026-08-12T10:55:59.099,1786524959.099281,6.682816,3,-3000,5.000000,155,-3000,0x03,single,553.317884,-3015,-0.096703,169,0,No fault,,,,,,,,,
2026-08-12T10:55:59.104,1786524959.104861,6.688387,3,-3000,5.000000,156,-3000,0x03,single,552.593143,-3015,-0.143590,172,0,No fault,,,,,,,,,
2026-08-12T10:55:59.115,1786524959.115232,6.698763,3,-3000,5.000000,157,-3000,0x03,single,551.890364,-2836,-0.155311,173,0,No fault,,,,,,,,,
2026-08-12T10:55:59.120,1786524959.120518,6.704049,3,-3000,5.000000,158,-3000,0x03,single,550.418920,-2836,-0.126007,173,0,No fault,,,,,,,,,
2026-08-12T10:55:59.125,1786524959.125821,6.709354,3,-3000,5.000000,159,-3000,0x03,single,548.310582,-2970,-0.172894,172,0,No fault,,,,,,,,,
2026-08-12T10:55:59.131,1786524959.131105,6.714629,3,-3000,5.000000,160,-3000,0x03,single,547.959192,-2747,-0.143590,172,0,No fault,,,,,,,,,
2026-08-12T10:55:59.136,1786524959.136384,6.719918,3,-3000,5.000000,161,-3000,0x03,single,547.541917,-2970,-0.155311,172,0,No fault,,,,,,,,,
2026-08-12T10:55:59.141,1786524959.141694,6.725217,3,-3000,5.000000,162,-3000,0x03,single,546.817176,-2925,-0.172894,172,0,No fault,,,,,,,,,
2026-08-12T10:55:59.146,1786524959.146938,6.730460,3,-3000,5.000000,163,-3000,0x03,single,546.114397,-2881,-0.254945,171,0,No fault,,,,,,,,,
2026-08-12T10:55:59.152,1786524959.152156,6.735675,3,-3000,5.000000,164,-3000,0x03,single,545.389656,-2925,-0.184615,175,0,No fault,,,,,,,,,
2026-08-12T10:55:59.157,1786524959.157407,6.740967,3,-3000,5.000000,165,-3000,0x03,single,544.664915,-3015,-0.155311,173,0,No fault,,,,,,,,,
2026-08-12T10:55:59.162,1786524959.162723,6.746246,3,-3000,5.000000,166,-3000,0x03,single,543.962135,-2881,-0.172894,172,0,No fault,,,,,,,,,
2026-08-12T10:55:59.167,1786524959.167954,6.751473,3,-3000,5.000000,167,-3000,0x03,single,543.237394,-2881,-0.208059,173,0,No fault,,,,,,,,,
2026-08-12T10:55:59.173,1786524959.173210,6.756745,3,-3000,5.000000,168,-3000,0x03,single,542.534615,-2881,-0.155311,173,0,No fault,,,,,,,,,
2026-08-12T10:55:59.178,1786524959.178505,6.762029,3,-3000,5.000000,169,-3000,0x03,single,541.809874,-2925,-0.114286,172,0,No fault,,,,,,,,,
2026-08-12T10:55:59.183,1786524959.183730,6.767251,3,-3000,5.000000,170,-3000,0x03,single,541.085133,-2836,-0.219780,172,0,No fault,,,,,,,,,
2026-08-12T10:55:59.188,1786524959.188982,6.772514,3,-3000,5.000000,171,-3000,0x03,single,540.360391,-2881,-0.161172,172,0,No fault,,,,,,,,,
2026-08-12T10:55:59.194,1786524959.194247,6.777769,3,-3000,5.000000,172,-3000,0x03,single,539.657612,-2881,-0.155311,172,0,No fault,,,,,,,,,
2026-08-12T10:55:59.199,1786524959.199491,6.783010,3,-3000,5.000000,173,-3000,0x03,single,538.910909,-3104,-0.108425,172,0,No fault,,,,,,,,,
2026-08-12T10:55:59.204,1786524959.204735,6.788270,3,-3000,5.000000,174,-3000,0x03,single,538.186168,-3104,-0.167033,173,0,No fault,,,,,,,,,
2026-08-12T10:55:59.210,1786524959.210079,6.793615,3,-3000,5.000000,175,-3000,0x03,single,537.483389,-3059,-0.219780,170,0,No fault,,,,,,,,,
2026-08-12T10:55:59.215,1786524959.215379,6.798903,3,-3000,5.000000,176,-3000,0x03,single,536.780610,-2881,-0.120147,169,0,No fault,,,,,,,,,
2026-08-12T10:55:59.220,1786524959.220666,6.804204,3,-3000,5.000000,177,-3000,0x03,single,536.033907,-2747,-0.126007,170,0,No fault,,,,,,,,,
2026-08-12T10:55:59.225,1786524959.225976,6.809500,3,-3000,5.000000,178,-3000,0x03,single,535.309165,-2881,-0.143590,170,0,No fault,,,,,,,,,
2026-08-12T10:55:59.231,1786524959.231241,6.814774,3,-3000,5.000000,179,-3000,0x03,single,534.584424,-3059,-0.161172,172,0,No fault,,,,,,,,,
2026-08-12T10:55:59.236,1786524959.236549,6.820082,3,-3000,5.000000,180,-3000,0x03,single,533.859683,-3238,-0.120147,173,0,No fault,,,,,,,,,
2026-08-12T10:55:59.241,1786524959.241855,6.825388,3,-3000,5.000000,181,-3000,0x03,single,533.156904,-3149,-0.137729,172,0,No fault,,,,,,,,,
2026-08-12T10:55:59.247,1786524959.247180,6.830714,3,-3000,5.000000,182,-3000,0x03,single,532.432163,-2970,-0.172894,172,0,No fault,,,,,,,,,
2026-08-12T10:55:59.252,1786524959.252524,6.836065,3,-3000,5.000000,183,-3000,0x03,single,531.707422,-2881,-0.178755,172,0,No fault,,,,,,,,,
2026-08-12T10:55:59.258,1786524959.258044,6.841613,3,-3000,5.000000,184,-3000,0x03,single,531.004642,-2925,-0.137729,174,0,No fault,,,,,,,,,
2026-08-12T10:55:59.263,1786524959.263602,6.847140,3,-3000,5.000000,185,-3000,0x03,single,530.279901,-2836,-0.131868,170,0,No fault,,,,,,,,,
2026-08-12T10:55:59.269,1786524959.269135,6.852682,3,-3000,5.000000,186,-3000,0x03,single,528.852381,-2881,-0.196337,172,0,No fault,,,,,,,,,
2026-08-12T10:55:59.274,1786524959.274491,6.858027,3,-3000,5.000000,187,-3000,0x03,single,528.083716,-2881,-0.172894,173,0,No fault,,,,,,,,,
2026-08-12T10:55:59.279,1786524959.279794,6.863328,3,-3000,5.000000,188,-3000,0x03,single,527.358975,-3149,-0.131868,174,0,No fault,,,,,,,,,
2026-08-12T10:55:59.285,1786524959.285114,6.868649,3,-3000,5.000000,189,-3000,0x03,single,526.656196,-2747,-0.172894,171,0,No fault,,,,,,,,,
2026-08-12T10:55:59.290,1786524959.290417,6.873942,3,-3000,5.000000,190,-3000,0x03,single,525.931455,-3104,-0.237363,174,0,No fault,,,,,,,,,
2026-08-12T10:55:59.295,1786524959.295659,6.879181,3,-3000,5.000000,191,-3000,0x03,single,525.206714,-3327,-0.149451,173,0,No fault,,,,,,,,,
2026-08-12T10:55:59.300,1786524959.300929,6.884462,3,-3000,5.000000,192,-3000,0x03,single,524.503934,-2925,-0.155311,173,0,No fault,,,,,,,,,
2026-08-12T10:55:59.306,1786524959.306251,6.889788,3,-3000,5.000000,193,-3000,0x03,single,523.801155,-2925,-0.219780,172,0,No fault,,,,,,,,,
2026-08-12T10:55:59.322,1786524959.322261,6.905792,3,-3000,5.000000,194,-3000,0x03,single,523.076414,-2881,-0.172894,172,0,No fault,,,,,,,,,
2026-08-12T10:55:59.327,1786524959.327528,6.911055,3,-3000,5.000000,195,-3000,0x03,single,521.648893,-3059,-0.131868,173,0,No fault,,,,,,,,,
2026-08-12T10:55:59.332,1786524959.332810,6.916346,3,-3000,5.000000,196,-3000,0x03,single,519.408785,-3238,-0.143590,173,0,No fault,,,,,,,,,
2026-08-12T10:55:59.338,1786524959.338145,6.921680,3,-3000,5.000000,197,-3000,0x03,single,519.057395,-2970,-0.143590,172,0,No fault,,,,,,,,,
2026-08-12T10:55:59.343,1786524959.343455,6.926985,3,-3000,5.000000,198,-3000,0x03,single,518.662082,-3015,-0.143590,172,0,No fault,,,,,,,,,
2026-08-12T10:55:59.348,1786524959.348747,6.932279,3,-3000,5.000000,199,-3000,0x03,single,517.937340,-2836,-0.190476,172,0,No fault,,,,,,,,,
2026-08-12T10:55:59.354,1786524959.354082,6.937613,3,-3000,5.000000,200,-3000,0x03,single,517.234561,-2970,-0.178755,174,0,No fault,,,,,,,,,
2026-08-12T10:55:59.360,1786524959.360184,6.943706,3,-3000,5.000000,201,-3000,0x03,single,516.509820,-2925,-0.096703,173,0,No fault,,,,,,,,,
2026-08-12T10:55:59.365,1786524959.365494,6.949029,3,-3000,5.000000,202,-3000,0x03,single,515.785079,-3149,-0.149451,173,0,No fault,,,,,,,,,
2026-08-12T10:55:59.370,1786524959.370796,6.954325,3,-3000,5.000000,203,-3000,0x03,single,515.060338,-3015,-0.126007,172,0,No fault,,,,,,,,,
2026-08-12T10:55:59.376,1786524959.376064,6.959585,3,-3000,5.000000,204,-3000,0x03,single,514.357559,-3238,-0.196337,175,0,No fault,,,,,,,,,
2026-08-12T10:55:59.381,1786524959.381290,6.964811,3,-3000,5.000000,205,-3000,0x03,single,513.654779,-2836,-0.096703,172,0,No fault,,,,,,,,,
2026-08-12T10:55:59.386,1786524959.386561,6.970094,3,-3000,5.000000,206,-3000,0x03,single,512.908076,-2881,-0.131868,173,0,No fault,,,,,,,,,
2026-08-12T10:55:59.391,1786524959.391938,6.975462,3,-3000,5.000000,207,-3000,0x03,single,512.183335,-3104,-0.137729,173,0,No fault,,,,,,,,,
2026-08-12T10:55:59.397,1786524959.397220,6.980741,3,-3000,5.000000,208,-3000,0x03,single,510.755815,-3104,-0.126007,172,0,No fault,,,,,,,,,
2026-08-12T10:55:59.402,1786524959.402442,6.985963,3,-3000,5.000000,209,-3000,0x03,single,510.031074,-3015,-0.155311,172,0,No fault,,,,,,,,,
2026-08-12T10:55:59.407,1786524959.407702,6.991233,3,-3000,5.000000,210,-3000,0x03,single,509.328294,-2791,-0.167033,171,0,No fault,,,,,,,,,
2026-08-12T10:55:59.413,1786524959.413013,6.996540,3,-3000,5.000000,211,-3000,0x03,single,508.625515,-2836,-0.231502,172,0,No fault,,,,,,,,,
2026-08-12T10:55:59.418,1786524959.418275,7.001801,3,-3000,5.000000,212,-3000,0x03,single,507.900774,-3059,-0.155311,173,0,No fault,,,,,,,,,
2026-08-12T10:55:59.423,1786524959.423632,7.007165,3,-3000,5.000000,213,-3000,0x03,single,507.176033,-3015,-0.190476,172,0,No fault,,,,,,,,,
2026-08-12T10:55:59.428,1786524959.428956,7.012482,3,-3000,5.000000,214,-3000,0x03,single,506.451292,-2925,-0.190476,172,0,No fault,,,,,,,,,
2026-08-12T10:55:59.434,1786524959.434229,7.017757,3,-3000,5.000000,215,-3000,0x03,single,505.748512,-2836,-0.202198,174,0,No fault,,,,,,,,,
2026-08-12T10:55:59.439,1786524959.439514,7.023039,3,-3000,5.000000,216,-3000,0x03,single,505.023771,-3015,-0.102564,173,0,No fault,,,,,,,,,
2026-08-12T10:55:59.444,1786524959.444791,7.028323,3,-3000,5.000000,217,-3000,0x03,single,504.320992,-2881,-0.178755,172,0,No fault,,,,,,,,,
2026-08-12T10:55:59.450,1786524959.450099,7.033627,3,-3000,5.000000,218,-3000,0x03,single,503.596251,-2970,-0.172894,174,0,No fault,,,,,,,,,
2026-08-12T10:55:59.455,1786524959.455369,7.038889,3,-3000,5.000000,219,-3000,0x03,single,502.871510,-3104,-0.208059,172,0,No fault,,,,,,,,,
2026-08-12T10:55:59.460,1786524959.460603,7.044123,3,-3000,5.000000,220,-3000,0x03,single,502.146769,-3104,-0.114286,174,0,No fault,,,,,,,,,
2026-08-12T10:55:59.465,1786524959.465852,7.049385,3,-3000,5.000000,221,-3000,0x03,single,501.443989,-2881,-0.167033,173,0,No fault,,,,,,,,,
2026-08-12T10:55:59.471,1786524959.471180,7.054707,3,-3000,5.000000,222,-3000,0x03,single,500.719248,-2970,-0.178755,170,0,No fault,,,,,,,,,
2026-08-12T10:55:59.476,1786524959.476444,7.059969,3,-3000,5.000000,223,-3000,0x03,single,500.016469,-2791,-0.178755,170,0,No fault,,,,,,,,,
2026-08-12T10:55:59.481,1786524959.481707,7.065236,3,-3000,5.000000,224,-3000,0x03,single,499.269766,-2970,-0.108425,173,0,No fault,,,,,,,,,
2026-08-12T10:55:59.486,1786524959.486996,7.070519,3,-3000,5.000000,225,-3000,0x03,single,498.545025,-3193,-0.149451,171,0,No fault,,,,,,,,,
2026-08-12T10:55:59.492,1786524959.492260,7.075779,3,-3000,5.000000,226,-3000,0x03,single,497.820284,-2925,-0.137729,172,0,No fault,,,,,,,,,
2026-08-12T10:55:59.497,1786524959.497490,7.081010,3,-3000,5.000000,227,-3000,0x03,single,497.117505,-3015,-0.178755,172,0,No fault,,,,,,,,,
2026-08-12T10:55:59.502,1786524959.502757,7.086287,3,-3000,5.000000,228,-3000,0x03,single,496.392763,-3015,-0.090842,170,0,No fault,,,,,,,,,
2026-08-12T10:55:59.508,1786524959.508054,7.091582,3,-3000,5.000000,229,-3000,0x03,single,495.668022,-2836,-0.108425,172,0,No fault,,,,,,,,,
2026-08-12T10:55:59.513,1786524959.513326,7.096851,3,-3000,5.000000,230,-3000,0x03,single,494.943281,-2970,-0.114286,173,0,No fault,,,,,,,,,
2026-08-12T10:55:59.528,1786524959.528852,7.112393,3,-3000,5.000000,231,-3000,0x03,single,493.493799,-3104,-0.079121,172,0,No fault,,,,,,,,,
2026-08-12T10:55:59.534,1786524959.534194,7.117729,3,-3000,5.000000,232,-3000,0x03,single,492.769058,-3104,-0.131868,173,0,No fault,,,,,,,,,
2026-08-12T10:55:59.539,1786524959.539525,7.123058,3,-3000,5.000000,233,-3000,0x03,single,490.638758,-3059,-0.090842,175,0,No fault,,,,,,,,,
2026-08-12T10:55:59.544,1786524959.544836,7.128366,3,-3000,5.000000,234,-3000,0x03,single,490.309330,-2791,-0.126007,170,0,No fault,,,,,,,,,
2026-08-12T10:55:59.550,1786524959.550115,7.133646,3,-3000,5.000000,235,-3000,0x03,single,489.870093,-3149,-0.178755,172,0,No fault,,,,,,,,,
2026-08-12T10:55:59.555,1786524959.555396,7.138923,3,-3000,5.000000,236,-3000,0x03,single,489.167314,-2925,-0.167033,173,0,No fault,,,,,,,,,
2026-08-12T10:55:59.560,1786524959.560817,7.144350,3,-3000,5.000000,237,-3000,0x03,single,488.464535,-2747,-0.208059,173,0,No fault,,,,,,,,,
2026-08-12T10:55:59.566,1786524959.566189,7.149717,3,-3000,5.000000,238,-3000,0x03,single,487.015053,-2925,-0.167033,172,0,No fault,,,,,,,,,
2026-08-12T10:55:59.571,1786524959.571456,7.154990,3,-3000,5.000000,239,-3000,0x03,single,486.290311,-3015,-0.213919,168,0,No fault,,,,,,,,,
2026-08-12T10:55:59.576,1786524959.576787,7.160318,3,-3000,5.000000,240,-3000,0x03,single,485.543609,-2970,-0.196337,171,0,No fault,,,,,,,,,
2026-08-12T10:55:59.582,1786524959.582085,7.165619,3,-3000,5.000000,241,-3000,0x03,single,484.862791,-2881,-0.096703,172,0,No fault,,,,,,,,,
2026-08-12T10:55:59.587,1786524959.587542,7.171092,3,-3000,5.000000,242,-3000,0x03,single,484.138050,-2970,-0.202198,170,0,No fault,,,,,,,,,
2026-08-12T10:55:59.592,1786524959.592941,7.176476,3,-3000,5.000000,243,-3000,0x03,single,483.413309,-3015,-0.172894,172,0,No fault,,,,,,,,,
2026-08-12T10:55:59.598,1786524959.598279,7.181821,3,-3000,5.000000,244,-3000,0x03,single,482.710530,-3015,-0.167033,173,0,No fault,,,,,,,,,
2026-08-12T10:55:59.603,1786524959.603623,7.187154,3,-3000,5.000000,245,-3000,0x03,single,481.985788,-2881,-0.108425,172,0,No fault,,,,,,,,,
2026-08-12T10:55:59.608,1786524959.608916,7.192449,3,-3000,5.000000,246,-3000,0x03,single,481.261047,-2747,-0.202198,174,0,No fault,,,,,,,,,
2026-08-12T10:55:59.614,1786524959.614198,7.197727,3,-3000,5.000000,247,-3000,0x03,single,480.558268,-2836,-0.172894,173,0,No fault,,,,,,,,,
2026-08-12T10:55:59.619,1786524959.619502,7.203041,3,-3000,5.000000,248,-3000,0x03,single,479.855489,-2613,-0.143590,173,0,No fault,,,,,,,,,
2026-08-12T10:55:59.624,1786524959.624889,7.208421,3,-3000,5.000000,249,-3000,0x03,single,479.108786,-3015,-0.131868,172,0,No fault,,,,,,,,,
2026-08-12T10:55:59.630,1786524959.630198,7.213725,3,-3000,5.000000,250,-3000,0x03,single,478.384045,-3238,-0.161172,173,0,No fault,,,,,,,,,
2026-08-12T10:55:59.635,1786524959.635470,7.218994,3,-3000,5.000000,251,-3000,0x03,single,477.659304,-2970,-0.178755,173,0,No fault,,,,,,,,,
2026-08-12T10:55:59.640,1786524959.640768,7.224302,3,-3000,5.000000,252,-3000,0x03,single,476.956524,-2970,-0.161172,173,0,No fault,,,,,,,,,
2026-08-12T10:55:59.646,1786524959.646100,7.229629,3,-3000,5.000000,253,-3000,0x03,single,476.231783,-2925,-0.114286,173,0,No fault,,,,,,,,,
2026-08-12T10:55:59.651,1786524959.651369,7.234895,3,-3000,5.000000,254,-3000,0x03,single,475.507042,-2881,-0.155311,173,0,No fault,,,,,,,,,
2026-08-12T10:55:59.656,1786524959.656670,7.240203,3,-3000,5.000000,255,-3000,0x03,single,474.804263,-2747,-0.172894,172,0,No fault,,,,,,,,,
2026-08-12T10:55:59.661,1786524959.661968,7.245494,3,-3000,5.000000,256,-3000,0x03,single,474.057560,-3015,-0.108425,173,0,No fault,,,,,,,,,
2026-08-12T10:55:59.667,1786524959.667230,7.250754,3,-3000,5.000000,257,-3000,0x03,single,473.332819,-3059,-0.114286,173,0,No fault,,,,,,,,,
2026-08-12T10:55:59.672,1786524959.672497,7.256030,3,-3000,5.000000,258,-3000,0x03,single,472.608078,-3059,-0.131868,173,0,No fault,,,,,,,,,
2026-08-12T10:55:59.677,1786524959.677801,7.261326,3,-3000,5.000000,259,-3000,0x03,single,471.905298,-2925,-0.178755,173,0,No fault,,,,,,,,,
2026-08-12T10:55:59.683,1786524959.683047,7.266570,3,-3000,5.000000,260,-3000,0x03,single,471.180557,-3104,-0.131868,173,0,No fault,,,,,,,,,
2026-08-12T10:55:59.688,1786524959.688306,7.271836,3,-3000,5.000000,261,-3000,0x03,single,470.455816,-3104,-0.143590,173,0,No fault,,,,,,,,,
2026-08-12T10:55:59.693,1786524959.693715,7.277247,3,-3000,5.000000,262,-3000,0x03,single,469.753037,-2836,-0.167033,171,0,No fault,,,,,,,,,
2026-08-12T10:55:59.699,1786524959.699213,7.282750,3,-3000,5.000000,263,-3000,0x03,single,468.325516,-2970,-0.178755,172,0,No fault,,,,,,,,,
2026-08-12T10:55:59.704,1786524959.704562,7.288097,3,-3000,5.000000,264,-3000,0x03,single,467.578813,-3059,-0.149451,173,0,No fault,,,,,,,,,
2026-08-12T10:55:59.709,1786524959.709865,7.293389,3,-3000,5.000000,265,-3000,0x03,single,466.876034,-2925,-0.172894,172,0,No fault,,,,,,,,,
2026-08-12T10:55:59.715,1786524959.715107,7.298629,3,-3000,5.000000,266,-3000,0x03,single,466.173255,-2925,-0.202198,172,0,No fault,,,,,,,,,
2026-08-12T10:55:59.730,1786524959.730672,7.314202,3,-3000,5.000000,267,-3000,0x03,single,465.448514,-3015,-0.178755,173,0,No fault,,,,,,,,,
2026-08-12T10:55:59.735,1786524959.735953,7.319487,3,-3000,5.000000,268,-3000,0x03,single,464.020993,-2970,-0.178755,171,0,No fault,,,,,,,,,
2026-08-12T10:55:59.741,1786524959.741291,7.324914,3,-3000,5.000000,269,-3000,0x03,single,461.912656,-3059,-0.126007,173,0,No fault,,,,,,,,,
2026-08-12T10:55:59.746,1786524959.746843,7.330379,3,-3000,5.000000,270,-3000,0x03,single,461.561266,-2836,-0.149451,175,0,No fault,,,,,,,,,
2026-08-12T10:55:59.752,1786524959.752272,7.335799,3,-3000,5.000000,271,-3000,0x03,single,461.165953,-2881,-0.190476,173,0,No fault,,,,,,,,,
2026-08-12T10:55:59.757,1786524959.757529,7.341056,3,-3000,5.000000,272,-3000,0x03,single,460.441211,-3015,-0.202198,172,0,No fault,,,,,,,,,
2026-08-12T10:55:59.762,1786524959.762793,7.346330,3,-3000,5.000000,273,-3000,0x03,single,459.738432,-2657,-0.137729,173,0,No fault,,,,,,,,,
2026-08-12T10:55:59.768,1786524959.768115,7.351643,3,-3000,5.000000,274,-3000,0x03,single,458.991729,-3238,-0.143590,173,0,No fault,,,,,,,,,
2026-08-12T10:55:59.773,1786524959.773379,7.356904,3,-3000,5.000000,275,-3000,0x03,single,458.266988,-3193,-0.149451,173,0,No fault,,,,,,,,,
2026-08-12T10:55:59.778,1786524959.778693,7.362229,3,-3000,5.000000,276,-3000,0x03,single,457.564209,-3015,-0.184615,173,0,No fault,,,,,,,,,
2026-08-12T10:55:59.784,1786524959.784029,7.367568,3,-3000,5.000000,277,-3000,0x03,single,456.839468,-2791,-0.108425,171,0,No fault,,,,,,,,,
2026-08-12T10:55:59.789,1786524959.789348,7.372873,3,-3000,5.000000,278,-3000,0x03,single,456.114727,-2836,-0.126007,171,0,No fault,,,,,,,,,
2026-08-12T10:55:59.794,1786524959.794636,7.378166,3,-3000,5.000000,279,-3000,0x03,single,455.389985,-3059,-0.120147,170,0,No fault,,,,,,,,,
2026-08-12T10:55:59.799,1786524959.799952,7.383487,3,-3000,5.000000,280,-3000,0x03,single,454.665244,-2881,-0.149451,172,0,No fault,,,,,,,,,
2026-08-12T10:55:59.805,1786524959.805289,7.388820,3,-3000,5.000000,281,-3000,0x03,single,453.962465,-2791,-0.120147,175,0,No fault,,,,,,,,,
2026-08-12T10:55:59.810,1786524959.810635,7.394166,3,-3000,5.000000,282,-3000,0x03,single,453.237724,-2836,-0.096703,173,0,No fault,,,,,,,,,
2026-08-12T10:55:59.815,1786524959.815986,7.399525,3,-3000,5.000000,283,-3000,0x03,single,452.512983,-3104,-0.155311,177,0,No fault,,,,,,,,,
2026-08-12T10:55:59.821,1786524959.821430,7.405001,3,-3000,5.000000,284,-3000,0x03,single,451.788242,-2970,-0.143590,173,0,No fault,,,,,,,,,
2026-08-12T10:55:59.826,1786524959.826867,7.410405,3,-3000,5.000000,285,-3000,0x03,single,450.360721,-2925,-0.096703,173,0,No fault,,,,,,,,,
2026-08-12T10:55:59.832,1786524959.832261,7.415796,3,-3000,5.000000,286,-3000,0x03,single,449.614018,-2970,-0.190476,171,0,No fault,,,,,,,,,
2026-08-12T10:55:59.837,1786524959.837590,7.421121,3,-3000,5.000000,287,-3000,0x03,single,448.933201,-2881,-0.196337,173,0,No fault,,,,,,,,,
2026-08-12T10:55:59.842,1786524959.842913,7.426571,3,-3000,5.000000,288,-3000,0x03,single,448.186498,-3015,-0.149451,173,0,No fault,,,,,,,,,
2026-08-12T10:55:59.848,1786524959.848424,7.431959,3,-3000,5.000000,289,-3000,0x03,single,447.483719,-2747,-0.149451,175,0,No fault,,,,,,,,,
2026-08-12T10:55:59.853,1786524959.853756,7.437292,3,-3000,5.000000,290,-3000,0x03,single,446.758978,-2925,-0.167033,172,0,No fault,,,,,,,,,
2026-08-12T10:55:59.859,1786524959.859509,7.443035,3,-3000,5.000000,291,-3000,0x03,single,446.034236,-3059,-0.213919,173,0,No fault,,,,,,,,,
2026-08-12T10:55:59.864,1786524959.864748,7.448266,3,-3000,5.000000,292,-3000,0x03,single,445.309495,-3149,-0.126007,170,0,No fault,,,,,,,,,
2026-08-12T10:55:59.870,1786524959.870037,7.453587,3,-3000,5.000000,293,-3000,0x03,single,444.584754,-2836,-0.120147,173,0,No fault,,,,,,,,,
2026-08-12T10:55:59.875,1786524959.875448,7.458988,3,-3000,5.000000,294,-3000,0x03,single,443.881975,-3193,-0.196337,173,0,No fault,,,,,,,,,
2026-08-12T10:55:59.880,1786524959.880816,7.464348,3,-3000,5.000000,295,-3000,0x03,single,443.179196,-2925,-0.190476,172,0,No fault,,,,,,,,,
2026-08-12T10:55:59.886,1786524959.886132,7.469665,3,-3000,5.000000,296,-3000,0x03,single,442.454455,-2791,-0.131868,172,0,No fault,,,,,,,,,
2026-08-12T10:55:59.891,1786524959.891548,7.475083,3,-3000,5.000000,297,-3000,0x03,single,441.729713,-2791,-0.114286,172,0,No fault,,,,,,,,,
2026-08-12T10:55:59.896,1786524959.896918,7.480452,3,-3000,5.000000,298,-3000,0x03,single,441.004972,-3104,-0.190476,176,0,No fault,,,,,,,,,
2026-08-12T10:55:59.902,1786524959.902344,7.485875,3,-3000,5.000000,299,-3000,0x03,single,440.302193,-2747,-0.149451,172,0,No fault,,,,,,,,,
2026-08-12T10:55:59.907,1786524959.907641,7.491179,3,-3000,5.000000,300,-3000,0x03,single,439.577452,-2970,-0.143590,173,0,No fault,,,,,,,,,
2026-08-12T10:55:59.912,1786524959.912988,7.496519,3,-3000,5.000000,301,-3000,0x03,single,438.852711,-2970,-0.114286,174,0,No fault,,,,,,,,,
2026-08-12T10:55:59.918,1786524959.918290,7.501825,3,-3000,5.000000,302,-3000,0x03,single,438.127970,-3015,-0.131868,171,0,No fault,,,,,,,,,
2026-08-12T10:55:59.923,1786524959.923878,7.507413,3,-3000,5.000000,303,-3000,0x03,single,437.425190,-2970,-0.161172,173,0,No fault,,,,,,,,,
2026-08-12T10:55:59.939,1786524959.939490,7.523019,3,-3000,5.000000,304,-3000,0x03,single,435.975708,-3104,-0.108425,173,0,No fault,,,,,,,,,
2026-08-12T10:55:59.944,1786524959.944805,7.528344,3,-3000,5.000000,305,-3000,0x03,single,435.229005,-3015,-0.137729,170,0,No fault,,,,,,,,,
2026-08-12T10:55:59.950,1786524959.950510,7.534041,3,-3000,5.000000,306,-3000,0x03,single,432.659468,-2702,-0.131868,172,0,No fault,,,,,,,,,
2026-08-12T10:55:59.955,1786524959.955830,7.539367,3,-3000,5.000000,307,-3000,0x03,single,432.220231,-3015,-0.149451,171,0,No fault,,,,,,,,,
2026-08-12T10:55:59.961,1786524959.961153,7.544688,3,-3000,5.000000,308,-3000,0x03,single,431.473528,-3059,-0.172894,172,0,No fault,,,,,,,,,
2026-08-12T10:55:59.966,1786524959.966477,7.550011,3,-3000,5.000000,309,-3000,0x03,single,430.770749,-3015,-0.108425,173,0,No fault,,,,,,,,,
2026-08-12T10:55:59.971,1786524959.971821,7.555354,3,-3000,5.000000,310,-3000,0x03,single,430.046008,-3104,-0.155311,174,0,No fault,,,,,,,,,
2026-08-12T10:55:59.977,1786524959.977139,7.560671,3,-3000,5.000000,311,-3000,0x03,single,429.343229,-2702,-0.184615,173,0,No fault,,,,,,,,,
2026-08-12T10:55:59.982,1786524959.982456,7.565986,3,-3000,5.000000,312,-3000,0x03,single,428.618488,-2925,-0.208059,170,0,No fault,,,,,,,,,
2026-08-12T10:55:59.987,1786524959.987761,7.571293,3,-3000,5.000000,313,-3000,0x03,single,427.915708,-2791,-0.126007,171,0,No fault,,,,,,,,,
2026-08-12T10:55:59.993,1786524959.993078,7.576610,3,-3000,5.000000,314,-3000,0x03,single,427.169005,-3372,-0.155311,172,0,No fault,,,,,,,,,
2026-08-12T10:55:59.998,1786524959.998385,7.581915,3,-3000,5.000000,315,-3000,0x03,single,426.466226,-2881,-0.202198,173,0,No fault,,,,,,,,,
2026-08-12T10:56:00.003,1786524960.003693,7.587230,3,-3000,5.000000,316,-3000,0x03,single,425.763447,-3104,-0.225641,171,0,No fault,,,,,,,,,
2026-08-12T10:56:00.009,1786524960.009041,7.592577,3,-3000,5.000000,317,-3000,0x03,single,425.060668,-2836,-0.120147,175,0,No fault,,,,,,,,,
2026-08-12T10:56:00.014,1786524960.014364,7.597896,3,-3000,5.000000,318,-3000,0x03,single,424.335927,-3015,-0.184615,172,0,No fault,,,,,,,,,
2026-08-12T10:56:00.019,1786524960.019659,7.603192,3,-3000,5.000000,319,-3000,0x03,single,423.611185,-2881,-0.184615,174,0,No fault,,,,,,,,,
2026-08-12T10:56:00.024,1786524960.024969,7.608510,3,-3000,5.000000,320,-3000,0x03,single,422.908406,-2791,-0.249084,173,0,No fault,,,,,,,,,
2026-08-12T10:56:00.030,1786524960.030306,7.613835,3,-3000,5.000000,321,-3000,0x03,single,422.183665,-2881,-0.137729,173,0,No fault,,,,,,,,,
2026-08-12T10:56:00.035,1786524960.035636,7.619167,3,-3000,5.000000,322,-3000,0x03,single,421.458924,-2925,-0.161172,173,0,No fault,,,,,,,,,
2026-08-12T10:56:00.040,1786524960.040959,7.624488,3,-3000,5.000000,323,-3000,0x03,single,420.734183,-3104,-0.172894,172,0,No fault,,,,,,,,,
2026-08-12T10:56:00.046,1786524960.046251,7.629789,3,-3000,5.000000,324,-3000,0x03,single,420.031404,-3015,-0.178755,173,0,No fault,,,,,,,,,
2026-08-12T10:56:00.051,1786524960.051628,7.635158,3,-3000,5.000000,325,-3000,0x03,single,419.328624,-2747,-0.108425,173,0,No fault,,,,,,,,,
2026-08-12T10:56:00.056,1786524960.056924,7.640454,3,-3000,5.000000,326,-3000,0x03,single,418.581921,-3059,-0.131868,169,0,No fault,,,,,,,,,
2026-08-12T10:56:00.062,1786524960.062209,7.645738,3,-3000,5.000000,327,-3000,0x03,single,417.857180,-3059,-0.184615,173,0,No fault,,,,,,,,,
2026-08-12T10:56:00.067,1786524960.067901,7.651442,3,-3000,5.000000,328,-3000,0x03,single,417.154401,-2791,-0.178755,173,0,No fault,,,,,,,,,
2026-08-12T10:56:00.073,1786524960.073345,7.656882,3,-3000,5.000000,329,-3000,0x03,single,415.704919,-3149,-0.161172,172,0,No fault,,,,,,,,,
2026-08-12T10:56:00.078,1786524960.078696,7.662232,3,-3000,5.000000,330,-3000,0x03,single,414.980178,-2970,-0.143590,172,0,No fault,,,,,,,,,
2026-08-12T10:56:00.084,1786524960.084029,7.667566,3,-3000,5.000000,331,-3000,0x03,single,414.255436,-3149,-0.172894,173,0,No fault,,,,,,,,,
2026-08-12T10:56:00.089,1786524960.089353,7.672891,3,-3000,5.000000,332,-3000,0x03,single,413.530695,-3149,-0.096703,172,0,No fault,,,,,,,,,
2026-08-12T10:56:00.094,1786524960.094694,7.678227,3,-3000,5.000000,333,-3000,0x03,single,412.827916,-2881,-0.131868,173,0,No fault,,,,,,,,,
2026-08-12T10:56:00.099,1786524960.099977,7.683508,3,-3000,5.000000,334,-3000,0x03,single,412.081213,-3059,-0.172894,174,0,No fault,,,,,,,,,
2026-08-12T10:56:00.105,1786524960.105382,7.688912,3,-3000,5.000000,335,-3000,0x03,single,411.378434,-2925,-0.190476,173,0,No fault,,,,,,,,,
2026-08-12T10:56:00.110,1786524960.110758,7.694290,3,-3000,5.000000,336,-3000,0x03,single,410.653693,-3015,-0.131868,174,0,No fault,,,,,,,,,
2026-08-12T10:56:00.116,1786524960.116032,7.699560,3,-3000,5.000000,337,-3000,0x03,single,409.928952,-3104,-0.167033,173,0,No fault,,,,,,,,,
2026-08-12T10:56:00.121,1786524960.121287,7.704815,3,-3000,5.000000,338,-3000,0x03,single,409.226172,-3015,-0.184615,172,0,No fault,,,,,,,,,
2026-08-12T10:56:00.136,1786524960.136702,7.720226,3,-3000,5.000000,339,-3000,0x03,single,408.523393,-2747,-0.208059,172,0,No fault,,,,,,,,,
2026-08-12T10:56:00.141,1786524960.141938,7.725468,3,-3000,5.000000,340,-3000,0x03,single,407.073911,-3104,-0.184615,172,0,No fault,,,,,,,,,
2026-08-12T10:56:00.147,1786524960.147287,7.730822,3,-3000,5.000000,341,-3000,0x03,single,404.877726,-3104,-0.131868,172,0,No fault,,,,,,,,,
2026-08-12T10:56:00.152,1786524960.152572,7.736099,3,-3000,5.000000,342,-3000,0x03,single,404.526336,-3015,-0.155311,172,0,No fault,,,,,,,,,
2026-08-12T10:56:00.157,1786524960.157828,7.741353,3,-3000,5.000000,343,-3000,0x03,single,404.087099,-3372,-0.172894,172,0,No fault,,,,,,,,,
2026-08-12T10:56:00.163,1786524960.163112,7.746654,3,-3000,5.000000,344,-3000,0x03,single,403.384320,-2925,-0.184615,173,0,No fault,,,,,,,,,
2026-08-12T10:56:00.168,1786524960.168422,7.751948,3,-3000,5.000000,345,-3000,0x03,single,402.681540,-3059,-0.190476,172,0,No fault,,,,,,,,,
2026-08-12T10:56:00.173,1786524960.173671,7.757197,3,-3000,5.000000,346,-3000,0x03,single,401.956799,-3015,-0.096703,173,0,No fault,,,,,,,,,
2026-08-12T10:56:00.178,1786524960.178960,7.762497,3,-3000,5.000000,347,-3000,0x03,single,401.254020,-2836,-0.196337,173,0,No fault,,,,,,,,,
2026-08-12T10:56:00.184,1786524960.184291,7.767820,3,-3000,5.000000,348,-3000,0x03,single,400.529279,-2881,-0.190476,176,0,No fault,,,,,,,,,
2026-08-12T10:56:00.189,1786524960.189575,7.773100,3,-3000,5.000000,349,-3000,0x03,single,399.826500,-2747,-0.137729,171,0,No fault,,,,,,,,,
2026-08-12T10:56:00.194,1786524960.194814,7.778337,3,-3000,5.000000,350,-3000,0x03,single,399.123720,-2881,-0.137729,174,0,No fault,,,,,,,,,
2026-08-12T10:56:00.200,1786524960.200076,7.783609,3,-3000,5.000000,351,-3000,0x03,single,398.377017,-2970,-0.131868,176,0,No fault,,,,,,,,,
2026-08-12T10:56:00.205,1786524960.205367,7.788890,3,-3000,5.000000,352,-3000,0x03,single,397.674238,-2791,-0.167033,172,0,No fault,,,,,,,,,
2026-08-12T10:56:00.210,1786524960.210658,7.794178,3,-3000,5.000000,353,-3000,0x03,single,396.949497,-3193,-0.167033,172,0,No fault,,,,,,,,,
2026-08-12T10:56:00.215,1786524960.215876,7.799394,3,-3000,5.000000,354,-3000,0x03,single,396.224756,-3149,-0.126007,172,0,No fault,,,,,,,,,
2026-08-12T10:56:00.221,1786524960.221117,7.804651,3,-3000,5.000000,355,-3000,0x03,single,395.500015,-3059,-0.155311,173,0,No fault,,,,,,,,,
2026-08-12T10:56:00.226,1786524960.226396,7.809918,3,-3000,5.000000,356,-3000,0x03,single,394.797235,-2747,-0.143590,172,0,No fault,,,,,,,,,
2026-08-12T10:56:00.231,1786524960.231979,7.815517,3,-3000,5.000000,357,-3000,0x03,single,393.347753,-3149,-0.084982,171,0,No fault,,,,,,,,,
2026-08-12T10:56:00.237,1786524960.237316,7.820858,3,-3000,5.000000,358,-3000,0x03,single,392.623012,-2791,-0.149451,174,0,No fault,,,,,,,,,
2026-08-12T10:56:00.242,1786524960.242721,7.826258,3,-3000,5.000000,359,-3000,0x03,single,391.898271,-2970,-0.161172,173,0,No fault,,,,,,,,,
2026-08-12T10:56:00.248,1786524960.248049,7.831585,3,-3000,5.000000,360,-3000,0x03,single,391.195492,-2925,-0.155311,174,0,No fault,,,,,,,,,
2026-08-12T10:56:00.253,1786524960.253371,7.836904,3,-3000,5.000000,361,-3000,0x03,single,390.448789,-2925,-0.108425,168,0,No fault,,,,,,,,,
2026-08-12T10:56:00.258,1786524960.258725,7.842266,3,-3000,5.000000,362,-3000,0x03,single,389.724048,-3015,-0.178755,173,0,No fault,,,,,,,,,
2026-08-12T10:56:00.264,1786524960.264075,7.847610,3,-3000,5.000000,363,-3000,0x03,single,389.021268,-3149,-0.219780,173,0,No fault,,,,,,,,,
2026-08-12T10:56:00.269,1786524960.269382,7.852909,3,-3000,5.000000,364,-3000,0x03,single,388.318489,-3015,-0.149451,175,0,No fault,,,,,,,,,
2026-08-12T10:56:00.274,1786524960.274771,7.858316,3,-3000,5.000000,365,-3000,0x03,single,387.593748,-3149,-0.167033,173,0,No fault,,,,,,,,,
2026-08-12T10:56:00.280,1786524960.280315,7.863862,3,-3000,5.000000,366,-3000,0x03,single,386.890969,-2791,-0.184615,173,0,No fault,,,,,,,,,
2026-08-12T10:56:00.285,1786524960.285688,7.869228,3,-3000,5.000000,367,-3000,0x03,single,386.166227,-2881,-0.213919,172,0,No fault,,,,,,,,,
2026-08-12T10:56:00.291,1786524960.291027,7.874561,3,-3000,5.000000,368,-3000,0x03,single,385.463448,-2747,-0.126007,172,0,No fault,,,,,,,,,
2026-08-12T10:56:00.296,1786524960.296348,7.879890,3,-3000,5.000000,369,-3000,0x03,single,384.694783,-3193,-0.161172,173,0,No fault,,,,,,,,,
2026-08-12T10:56:00.301,1786524960.301690,7.885226,3,-3000,5.000000,370,-3000,0x03,single,383.992004,-3015,-0.208059,172,0,No fault,,,,,,,,,
2026-08-12T10:56:00.306,1786524960.306995,7.890528,3,-3000,5.000000,371,-3000,0x03,single,383.289225,-2836,-0.161172,172,0,No fault,,,,,,,,,
2026-08-12T10:56:00.312,1786524960.312305,7.895837,3,-3000,5.000000,372,-3000,0x03,single,382.586446,-2925,-0.114286,173,0,No fault,,,,,,,,,
2026-08-12T10:56:00.317,1786524960.317604,7.901138,3,-3000,5.000000,373,-3000,0x03,single,381.839743,-3059,-0.090842,170,0,No fault,,,,,,,,,
2026-08-12T10:56:00.322,1786524960.322888,7.906423,3,-3000,5.000000,374,-3000,0x03,single,381.136963,-2836,-0.167033,172,0,No fault,,,,,,,,,
2026-08-12T10:56:00.328,1786524960.328170,7.911701,3,-3000,5.000000,375,-3000,0x03,single,380.412222,-3015,-0.196337,173,0,No fault,,,,,,,,,
2026-08-12T10:56:00.343,1786524960.343883,7.927428,3,-3000,5.000000,376,-3000,0x03,single,378.984702,-2881,-0.108425,173,0,No fault,,,,,,,,,
2026-08-12T10:56:00.349,1786524960.349268,7.932823,3,-3000,5.000000,377,-3000,0x03,single,378.259961,-2836,-0.155311,172,0,No fault,,,,,,,,,
2026-08-12T10:56:00.354,1786524960.354732,7.938284,3,-3000,5.000000,378,-3000,0x03,single,376.019852,-3417,-0.102564,172,0,No fault,,,,,,,,,
2026-08-12T10:56:00.362,1786524960.362242,7.945789,3,-3000,5.000000,379,-3000,0x03,single,375.273149,-3015,-0.120147,173,0,No fault,,,,,,,,,
2026-08-12T10:56:00.367,1786524960.367568,7.951110,3,-3000,5.000000,380,-3000,0x03,single,374.548408,-3193,-0.149451,173,0,No fault,,,,,,,,,
2026-08-12T10:56:00.372,1786524960.372918,7.956456,3,-3000,5.000000,381,-3000,0x03,single,373.845628,-2925,-0.102564,172,0,No fault,,,,,,,,,
2026-08-12T10:56:00.378,1786524960.378231,7.961763,3,-3000,5.000000,382,-3000,0x03,single,373.120887,-2881,-0.108425,172,0,No fault,,,,,,,,,
2026-08-12T10:56:00.383,1786524960.383526,7.967047,3,-3000,5.000000,383,-3000,0x03,single,372.396146,-2791,-0.161172,173,0,No fault,,,,,,,,,
2026-08-12T10:56:00.388,1786524960.388752,7.972281,3,-3000,5.000000,384,-3000,0x03,single,371.671405,-3015,-0.172894,174,0,No fault,,,,,,,,,
2026-08-12T10:56:00.394,1786524960.394034,7.977567,3,-3000,5.000000,385,-3000,0x03,single,370.946664,-3015,-0.120147,172,0,No fault,,,,,,,,,
2026-08-12T10:56:00.399,1786524960.399466,7.982990,3,-3000,5.000000,386,-3000,0x03,single,370.221923,-3059,-0.114286,173,0,No fault,,,,,,,,,
2026-08-12T10:56:00.404,1786524960.404722,7.988253,3,-3000,5.000000,387,-3000,0x03,single,369.519144,-2836,-0.213919,172,0,No fault,,,,,,,,,
2026-08-12T10:56:00.410,1786524960.410003,7.993527,3,-3000,5.000000,388,-3000,0x03,single,368.816364,-2836,-0.196337,173,0,No fault,,,,,,,,,
2026-08-12T10:56:00.415,1786524960.415254,7.998773,3,-3000,5.000000,389,-3000,0x03,single,368.091623,-2970,-0.155311,174,0,No fault,,,,,,,,,
2026-08-12T10:56:00.420,1786524960.420508,8.004047,3,-3000,5.000000,390,-3000,0x03,single,367.366882,-3104,-0.167033,169,0,No fault,,,,,,,,,
2026-08-12T10:56:00.425,1786524960.425853,8.009376,3,-3000,5.000000,391,-3000,0x03,single,366.642141,-2970,-0.190476,172,0,No fault,,,,,,,,,
2026-08-12T10:56:00.431,1786524960.431120,8.014656,3,-3000,5.000000,392,-3000,0x03,single,365.939362,-3015,-0.225641,172,0,No fault,,,,,,,,,
2026-08-12T10:56:00.436,1786524960.436554,8.020087,3,-3000,5.000000,393,-3000,0x03,single,365.214621,-3059,-0.161172,173,0,No fault,,,,,,,,,
2026-08-12T10:56:00.442,1786524960.442063,8.025605,3,-3000,5.000000,394,-3000,0x03,single,364.467918,-3149,-0.155311,172,0,No fault,,,,,,,,,
2026-08-12T10:56:00.447,1786524960.447406,8.030940,3,-3000,5.000000,395,-3000,0x03,single,363.084321,-2702,-0.213919,173,0,No fault,,,,,,,,,
2026-08-12T10:56:00.452,1786524960.452714,8.036247,3,-3000,5.000000,396,-3000,0x03,single,362.337618,-2970,-0.143590,174,0,No fault,,,,,,,,,
2026-08-12T10:56:00.458,1786524960.458036,8.041572,3,-3000,5.000000,397,-3000,0x03,single,361.590915,-3193,-0.137729,172,0,No fault,,,,,,,,,
2026-08-12T10:56:00.463,1786524960.463370,8.046908,3,-3000,5.000000,398,-3000,0x03,single,360.910097,-2970,-0.237363,169,0,No fault,,,,,,,,,
2026-08-12T10:56:00.468,1786524960.468694,8.052219,3,-3000,5.000000,399,-3000,0x03,single,360.185356,-2881,-0.172894,172,0,No fault,,,,,,,,,
2026-08-12T10:56:00.473,1786524960.473940,8.057463,3,-3000,5.000000,400,-3000,0x03,single,359.482577,-3015,-0.137729,170,0,No fault,,,,,,,,,
2026-08-12T10:56:00.479,1786524960.479198,8.062719,3,-3000,5.000000,401,-3000,0x03,single,358.757836,-2970,-0.120147,173,0,No fault,,,,,,,,,
2026-08-12T10:56:00.484,1786524960.484466,8.068000,3,-3000,5.000000,402,-3000,0x03,single,358.011133,-3015,-0.161172,174,0,No fault,,,,,,,,,
2026-08-12T10:56:00.489,1786524960.489779,8.073300,3,-3000,5.000000,403,-3000,0x03,single,357.330316,-2836,-0.167033,172,0,No fault,,,,,,,,,
2026-08-12T10:56:00.495,1786524960.495008,8.078529,3,-3000,5.000000,404,-3000,0x03,single,356.583613,-3059,-0.096703,173,0,No fault,,,,,,,,,
2026-08-12T10:56:00.500,1786524960.500234,8.083753,3,-3000,5.000000,405,-3000,0x03,single,355.880833,-2836,-0.131868,173,0,No fault,,,,,,,,,
2026-08-12T10:56:00.505,1786524960.505514,8.089050,3,-3000,5.000000,406,-3000,0x03,single,355.134130,-3283,-0.167033,173,0,No fault,,,,,,,,,
2026-08-12T10:56:00.510,1786524960.510840,8.094365,3,-3000,5.000000,407,-3000,0x03,single,354.431351,-2925,-0.131868,173,0,No fault,,,,,,,,,
2026-08-12T10:56:00.516,1786524960.516080,8.099600,3,-3000,5.000000,408,-3000,0x03,single,353.706610,-3149,-0.114286,171,0,No fault,,,,,,,,,
2026-08-12T10:56:00.521,1786524960.521523,8.105062,3,-3000,5.000000,409,-3000,0x03,single,352.981869,-2970,-0.131868,173,0,No fault,,,,,,,,,
2026-08-12T10:56:00.526,1786524960.526878,8.110414,3,-3000,5.000000,410,-3000,0x03,single,352.279090,-2702,-0.161172,172,0,No fault,,,,,,,,,
2026-08-12T10:56:00.532,1786524960.532189,8.115722,3,-3000,5.000000,411,-3000,0x03,single,351.532387,-3104,-0.178755,172,0,No fault,,,,,,,,,
2026-08-12T10:56:00.547,1786524960.547812,8.131351,3,-3000,5.000000,412,-3000,0x03,single,350.126828,-2881,-0.161172,173,0,No fault,,,,,,,,,
2026-08-12T10:56:00.553,1786524960.553150,8.136685,3,-3000,5.000000,413,-3000,0x03,single,349.402087,-3059,-0.202198,173,0,No fault,,,,,,,,,
2026-08-12T10:56:00.558,1786524960.558462,8.141995,3,-3000,5.000000,414,-3000,0x03,single,347.227864,-2702,-0.155311,172,0,No fault,,,,,,,,,
2026-08-12T10:56:00.563,1786524960.563880,8.147413,3,-3000,5.000000,415,-3000,0x03,single,346.832550,-3015,-0.161172,173,0,No fault,,,,,,,,,
2026-08-12T10:56:00.569,1786524960.569335,8.152871,3,-3000,5.000000,416,-3000,0x03,single,346.437237,-3015,-0.219780,173,0,No fault,,,,,,,,,
2026-08-12T10:56:00.574,1786524960.574697,8.158231,3,-3000,5.000000,417,-3000,0x03,single,345.756419,-2747,-0.237363,172,0,No fault,,,,,,,,,
2026-08-12T10:56:00.580,1786524960.580007,8.163538,3,-3000,5.000000,418,-3000,0x03,single,345.031678,-2881,-0.137729,175,0,No fault,,,,,,,,,
2026-08-12T10:56:00.585,1786524960.585297,8.168829,3,-3000,5.000000,419,-3000,0x03,single,344.306937,-3059,-0.190476,172,0,No fault,,,,,,,,,
2026-08-12T10:56:00.590,1786524960.590662,8.174211,3,-3000,5.000000,420,-3000,0x03,single,343.582196,-3059,-0.202198,173,0,No fault,,,,,,,,,
2026-08-12T10:56:00.596,1786524960.596839,8.180386,3,-3000,5.000000,421,-3000,0x03,single,342.154676,-3015,-0.131868,173,0,No fault,,,,,,,,,
2026-08-12T10:56:00.602,1786524960.602291,8.185831,3,-3000,5.000000,422,-3000,0x03,single,341.429935,-2970,-0.178755,173,0,No fault,,,,,,,,,
2026-08-12T10:56:00.607,1786524960.607633,8.191172,3,-3000,5.000000,423,-3000,0x03,single,340.661270,-3015,-0.208059,172,0,No fault,,,,,,,,,
2026-08-12T10:56:00.612,1786524960.612959,8.196497,3,-3000,5.000000,424,-3000,0x03,single,339.958491,-3104,-0.178755,172,0,No fault,,,,,,,,,
2026-08-12T10:56:00.618,1786524960.618279,8.201815,3,-3000,5.000000,425,-3000,0x03,single,339.233749,-3015,-0.120147,174,0,No fault,,,,,,,,,
2026-08-12T10:56:00.623,1786524960.623597,8.207130,3,-3000,5.000000,426,-3000,0x03,single,338.509008,-3059,-0.149451,173,0,No fault,,,,,,,,,
2026-08-12T10:56:00.628,1786524960.628906,8.212440,3,-3000,5.000000,427,-3000,0x03,single,337.784267,-3104,-0.167033,173,0,No fault,,,,,,,,,
2026-08-12T10:56:00.634,1786524960.634222,8.217775,3,-3000,5.000000,428,-3000,0x03,single,337.103450,-2836,-0.161172,172,0,No fault,,,,,,,,,
2026-08-12T10:56:00.639,1786524960.639547,8.223080,3,-3000,5.000000,429,-3000,0x03,single,336.356747,-3015,-0.079121,172,0,No fault,,,,,,,,,
2026-08-12T10:56:00.644,1786524960.644863,8.228400,3,-3000,5.000000,430,-3000,0x03,single,335.632006,-3149,-0.149451,172,0,No fault,,,,,,,,,
2026-08-12T10:56:00.650,1786524960.650198,8.233732,3,-3000,5.000000,431,-3000,0x03,single,334.929226,-3015,-0.131868,173,0,No fault,,,,,,,,,
2026-08-12T10:56:00.655,1786524960.655515,8.239048,3,-3000,5.000000,432,-3000,0x03,single,334.204485,-2925,-0.155311,173,0,No fault,,,,,,,,,
2026-08-12T10:56:00.660,1786524960.660826,8.244359,3,-3000,5.000000,433,-3000,0x03,single,333.457782,-3238,-0.079121,172,0,No fault,,,,,,,,,
2026-08-12T10:56:00.666,1786524960.666142,8.249678,3,-3000,5.000000,434,-3000,0x03,single,332.755003,-2925,-0.143590,172,0,No fault,,,,,,,,,
2026-08-12T10:56:00.671,1786524960.671454,8.254979,3,-3000,5.000000,435,-3000,0x03,single,332.052224,-3059,-0.149451,173,0,No fault,,,,,,,,,
2026-08-12T10:56:00.676,1786524960.676704,8.260226,3,-3000,5.000000,436,-3000,0x03,single,331.349444,-2970,-0.167033,170,0,No fault,,,,,,,,,
2026-08-12T10:56:00.681,1786524960.681977,8.265510,3,-3000,5.000000,437,-3000,0x03,single,330.624703,-2881,-0.120147,173,0,No fault,,,,,,,,,
2026-08-12T10:56:00.687,1786524960.687275,8.270798,3,-3000,5.000000,438,-3000,0x03,single,329.899962,-2925,-0.172894,175,0,No fault,,,,,,,,,
2026-08-12T10:56:00.692,1786524960.692506,8.276028,3,-3000,5.000000,439,-3000,0x03,single,329.197183,-2925,-0.184615,172,0,No fault,,,,,,,,,
2026-08-12T10:56:00.697,1786524960.697731,8.281251,3,-3000,5.000000,440,-3000,0x03,single,328.472442,-2970,-0.202198,172,0,No fault,,,,,,,,,
2026-08-12T10:56:00.703,1786524960.703008,8.286539,3,-3000,5.000000,441,-3000,0x03,single,327.747701,-3059,-0.114286,173,0,No fault,,,,,,,,,
2026-08-12T10:56:00.708,1786524960.708408,8.291930,3,-3000,5.000000,442,-3000,0x03,single,327.044921,-3015,-0.178755,174,0,No fault,,,,,,,,,
2026-08-12T10:56:00.713,1786524960.713880,8.297410,3,-3000,5.000000,443,-3000,0x03,single,326.342142,-2747,-0.196337,174,0,No fault,,,,,,,,,
2026-08-12T10:56:00.719,1786524960.719293,8.302838,3,-3000,5.000000,444,-3000,0x03,single,324.870698,-2970,-0.096703,172,0,No fault,,,,,,,,,
2026-08-12T10:56:00.724,1786524960.724667,8.308200,3,-3000,5.000000,445,-3000,0x03,single,324.167919,-3104,-0.172894,170,0,No fault,,,,,,,,,
2026-08-12T10:56:00.729,1786524960.729944,8.313474,3,-3000,5.000000,446,-3000,0x03,single,323.443178,-2970,-0.167033,173,0,No fault,,,,,,,,,
2026-08-12T10:56:00.745,1786524960.745458,8.328989,3,-3000,5.000000,447,-3000,0x03,single,322.718437,-2836,-0.167033,171,0,No fault,,,,,,,,,
2026-08-12T10:56:00.750,1786524960.750745,8.334282,3,-3000,5.000000,448,-3000,0x03,single,321.290916,-2836,-0.167033,173,0,No fault,,,,,,,,,
2026-08-12T10:56:00.756,1786524960.756068,8.339610,3,-3000,5.000000,449,-3000,0x03,single,319.138655,-3059,-0.108425,170,0,No fault,,,,,,,,,
2026-08-12T10:56:00.761,1786524960.761421,8.345007,3,-3000,5.000000,450,-3000,0x03,single,318.765303,-2881,-0.114286,173,0,No fault,,,,,,,,,
2026-08-12T10:56:00.766,1786524960.766795,8.350332,3,-3000,5.000000,451,-3000,0x03,single,318.369990,-2881,-0.126007,173,0,No fault,,,,,,,,,
2026-08-12T10:56:00.772,1786524960.772085,8.355611,3,-3000,5.000000,452,-3000,0x03,single,317.623287,-3149,-0.196337,173,0,No fault,,,,,,,,,
2026-08-12T10:56:00.777,1786524960.777472,8.361006,3,-3000,5.000000,453,-3000,0x03,single,316.942469,-2881,-0.155311,173,0,No fault,,,,,,,,,
2026-08-12T10:56:00.782,1786524960.782776,8.366299,3,-3000,5.000000,454,-3000,0x03,single,316.217728,-3015,-0.084982,175,0,No fault,,,,,,,,,
2026-08-12T10:56:00.788,1786524960.788046,8.371586,3,-3000,5.000000,455,-3000,0x03,single,315.471025,-3238,-0.131868,172,0,No fault,,,,,,,,,
2026-08-12T10:56:00.793,1786524960.793402,8.376933,3,-3000,5.000000,456,-3000,0x03,single,314.768246,-2970,-0.149451,172,0,No fault,,,,,,,,,
2026-08-12T10:56:00.798,1786524960.798823,8.382348,3,-3000,5.000000,457,-3000,0x03,single,314.065467,-3015,-0.143590,173,0,No fault,,,,,,,,,
2026-08-12T10:56:00.804,1786524960.804083,8.387612,3,-3000,5.000000,458,-3000,0x03,single,313.318764,-2881,-0.067399,173,0,No fault,,,,,,,,,
2026-08-12T10:56:00.809,1786524960.809358,8.392879,3,-3000,5.000000,459,-3000,0x03,single,312.615985,-3015,-0.161172,174,0,No fault,,,,,,,,,
2026-08-12T10:56:00.814,1786524960.814667,8.398210,3,-3000,5.000000,460,-3000,0x03,single,311.891243,-3059,-0.161172,167,0,No fault,,,,,,,,,
2026-08-12T10:56:00.820,1786524960.820021,8.403545,3,-3000,5.000000,461,-3000,0x03,single,311.188464,-2881,-0.149451,172,0,No fault,,,,,,,,,
2026-08-12T10:56:00.825,1786524960.825284,8.408819,3,-3000,5.000000,462,-3000,0x03,single,310.463723,-2925,-0.114286,173,0,No fault,,,,,,,,,
2026-08-12T10:56:00.830,1786524960.830616,8.414142,3,-3000,5.000000,463,-3000,0x03,single,309.760944,-2881,-0.196337,173,0,No fault,,,,,,,,,
2026-08-12T10:56:00.835,1786524960.835895,8.419435,3,-3000,5.000000,464,-3000,0x03,single,309.036203,-2970,-0.208059,173,0,No fault,,,,,,,,,
2026-08-12T10:56:00.841,1786524960.841223,8.424749,3,-3000,5.000000,465,-3000,0x03,single,308.311462,-2881,-0.161172,172,0,No fault,,,,,,,,,
2026-08-12T10:56:00.846,1786524960.846613,8.430148,3,-3000,5.000000,466,-3000,0x03,single,307.586720,-3283,-0.161172,176,0,No fault,,,,,,,,,
2026-08-12T10:56:00.852,1786524960.852100,8.435635,3,-3000,5.000000,467,-3000,0x03,single,306.159200,-2970,-0.231502,173,0,No fault,,,,,,,,,
2026-08-12T10:56:00.857,1786524960.857395,8.440922,3,-3000,5.000000,468,-3000,0x03,single,305.434459,-2925,-0.190476,175,0,No fault,,,,,,,,,
2026-08-12T10:56:00.862,1786524960.862682,8.446208,3,-3000,5.000000,469,-3000,0x03,single,304.709718,-3015,-0.149451,171,0,No fault,,,,,,,,,
2026-08-12T10:56:00.867,1786524960.867934,8.451461,3,-3000,5.000000,470,-3000,0x03,single,304.006939,-3015,-0.184615,172,0,No fault,,,,,,,,,
2026-08-12T10:56:00.873,1786524960.873185,8.456710,3,-3000,5.000000,471,-3000,0x03,single,303.304159,-2836,-0.219780,174,0,No fault,,,,,,,,,
2026-08-12T10:56:00.878,1786524960.878596,8.462133,3,-3000,5.000000,472,-3000,0x03,single,302.579418,-3149,-0.190476,170,0,No fault,,,,,,,,,
2026-08-12T10:56:00.883,1786524960.883903,8.467439,3,-3000,5.000000,473,-3000,0x03,single,301.854677,-2881,-0.102564,173,0,No fault,,,,,,,,,
2026-08-12T10:56:00.889,1786524960.889187,8.472717,3,-3000,5.000000,474,-3000,0x03,single,301.129936,-3059,-0.213919,172,0,No fault,,,,,,,,,
2026-08-12T10:56:00.894,1786524960.894471,8.478001,3,-3000,5.000000,475,-3000,0x03,single,300.427157,-3015,-0.155311,173,0,No fault,,,,,,,,,
2026-08-12T10:56:00.899,1786524960.899742,8.483270,3,-3000,5.000000,476,-3000,0x03,single,299.702416,-2925,-0.161172,170,0,No fault,,,,,,,,,
2026-08-12T10:56:00.905,1786524960.905010,8.488540,3,-3000,5.000000,477,-3000,0x03,single,298.999636,-2747,-0.102564,172,0,No fault,,,,,,,,,
2026-08-12T10:56:00.910,1786524960.910272,8.493805,3,-3000,5.000000,478,-3000,0x03,single,298.252933,-2970,-0.143590,173,0,No fault,,,,,,,,,
2026-08-12T10:56:00.915,1786524960.915583,8.499109,3,-3000,5.000000,479,-3000,0x03,single,297.550154,-2791,-0.202198,172,0,No fault,,,,,,,,,
2026-08-12T10:56:00.920,1786524960.920856,8.504387,3,-3000,5.000000,480,-3000,0x03,single,296.825413,-3104,-0.126007,173,0,No fault,,,,,,,,,
2026-08-12T10:56:00.926,1786524960.926147,8.509668,3,-3000,5.000000,481,-3000,0x03,single,296.122634,-2791,-0.137729,173,0,No fault,,,,,,,,,
2026-08-12T10:56:00.931,1786524960.931408,8.514942,3,-3000,5.000000,482,-3000,0x03,single,295.397892,-3059,-0.167033,172,0,No fault,,,,,,,,,
2026-08-12T10:56:00.936,1786524960.936699,8.520223,3,-3000,5.000000,483,-3000,0x03,single,294.673151,-3104,-0.149451,175,0,No fault,,,,,,,,,
2026-08-12T10:56:00.952,1786524960.952169,8.535710,3,-3000,5.000000,484,-3000,0x03,single,293.223669,-3059,-0.114286,173,0,No fault,,,,,,,,,
2026-08-12T10:56:00.957,1786524960.957512,8.541051,3,-3000,5.000000,485,-3000,0x03,single,292.520890,-3059,-0.149451,173,0,No fault,,,,,,,,,
2026-08-12T10:56:00.962,1786524960.962834,8.546362,3,-3000,5.000000,486,-3000,0x03,single,290.412552,-3104,-0.143590,174,0,No fault,,,,,,,,,
2026-08-12T10:56:00.968,1786524960.968103,8.551638,3,-3000,5.000000,487,-3000,0x03,single,290.017239,-3059,-0.149451,173,0,No fault,,,,,,,,,
2026-08-12T10:56:00.973,1786524960.973410,8.556968,3,-3000,5.000000,488,-3000,0x03,single,289.643887,-3193,-0.208059,173,0,No fault,,,,,,,,,
2026-08-12T10:56:00.978,1786524960.978753,8.562288,3,-3000,5.000000,489,-3000,0x03,single,288.941108,-3059,-0.208059,173,0,No fault,,,,,,,,,
2026-08-12T10:56:00.984,1786524960.984045,8.567569,3,-3000,5.000000,490,-3000,0x03,single,288.238329,-2970,-0.161172,174,0,No fault,,,,,,,,,
2026-08-12T10:56:00.989,1786524960.989315,8.572847,3,-3000,5.000000,491,-3000,0x03,single,287.491626,-3149,-0.126007,173,0,No fault,,,,,,,,,
2026-08-12T10:56:00.994,1786524960.994730,8.578255,3,-3000,5.000000,492,-3000,0x03,single,286.788846,-2970,-0.178755,173,0,No fault,,,,,,,,,
2026-08-12T10:56:01.000,1786524961.000104,8.583641,3,-3000,5.000000,493,-3000,0x03,single,285.361326,-3283,-0.161172,173,0,No fault,,,,,,,,,
2026-08-12T10:56:01.005,1786524961.005434,8.589002,3,-3000,5.000000,494,-3000,0x03,single,284.614623,-2925,-0.208059,173,0,No fault,,,,,,,,,
2026-08-12T10:56:01.010,1786524961.010777,8.594306,3,-3000,5.000000,495,-3000,0x03,single,283.911844,-2881,-0.196337,173,0,No fault,,,,,,,,,
2026-08-12T10:56:01.016,1786524961.016070,8.599603,3,-3000,5.000000,496,-3000,0x03,single,283.209065,-2791,-0.184615,173,0,No fault,,,,,,,,,
2026-08-12T10:56:01.021,1786524961.021358,8.604879,3,-3000,5.000000,497,-3000,0x03,single,282.484323,-2836,-0.131868,173,0,No fault,,,,,,,,,
2026-08-12T10:56:01.026,1786524961.026657,8.610186,3,-3000,5.000000,498,-3000,0x03,single,281.759582,-3059,-0.137729,173,0,No fault,,,,,,,,,
2026-08-12T10:56:01.031,1786524961.031935,8.615459,3,-3000,5.000000,499,-3000,0x03,single,281.034841,-2970,-0.219780,171,0,No fault,,,,,,,,,
2026-08-12T10:56:01.037,1786524961.037207,8.620742,3,-3000,5.000000,500,-3000,0x03,single,280.332062,-3059,-0.213919,173,0,No fault,,,,,,,,,
2026-08-12T10:56:01.042,1786524961.042641,8.626167,3,-3000,5.000000,501,-3000,0x03,single,279.607321,-3059,-0.161172,173,0,No fault,,,,,,,,,
2026-08-12T10:56:01.047,1786524961.047890,8.631410,3,-3000,5.000000,502,-3000,0x03,single,278.882580,-3104,-0.149451,173,0,No fault,,,,,,,,,
2026-08-12T10:56:01.053,1786524961.053120,8.636640,3,-3000,5.000000,503,-3000,0x03,single,278.157839,-3059,-0.172894,174,0,No fault,,,,,,,,,
2026-08-12T10:56:01.058,1786524961.058354,8.641874,3,-3000,5.000000,504,-3000,0x03,single,277.477021,-2881,-0.196337,176,0,No fault,,,,,,,,,
2026-08-12T10:56:01.063,1786524961.063595,8.647115,3,-3000,5.000000,505,-3000,0x03,single,276.752280,-2881,-0.090842,171,0,No fault,,,,,,,,,
2026-08-12T10:56:01.068,1786524961.068848,8.652370,3,-3000,5.000000,506,-3000,0x03,single,276.027539,-2791,-0.114286,173,0,No fault,,,,,,,,,
2026-08-12T10:56:01.074,1786524961.074106,8.657627,3,-3000,5.000000,507,-3000,0x03,single,275.302798,-2791,-0.131868,173,0,No fault,,,,,,,,,
2026-08-12T10:56:01.079,1786524961.079392,8.662942,3,-3000,5.000000,508,-3000,0x03,single,274.600018,-2881,-0.155311,174,0,No fault,,,,,,,,,
2026-08-12T10:56:01.084,1786524961.084768,8.668322,3,-3000,5.000000,509,-3000,0x03,single,273.875277,-3059,-0.143590,173,0,No fault,,,,,,,,,
2026-08-12T10:56:01.090,1786524961.090181,8.673732,3,-3000,5.000000,510,-3000,0x03,single,273.150536,-3015,-0.108425,173,0,No fault,,,,,,,,,
2026-08-12T10:56:01.095,1786524961.095573,8.679117,3,-3000,5.000000,511,-3000,0x03,single,272.425795,-3149,-0.161172,172,0,No fault,,,,,,,,,
2026-08-12T10:56:01.100,1786524961.100958,8.684512,3,-3000,5.000000,512,-3000,0x03,single,271.701054,-3059,-0.172894,173,0,No fault,,,,,,,,,
2026-08-12T10:56:01.106,1786524961.106377,8.689925,3,-3000,5.000000,513,-3000,0x03,single,270.976313,-3238,-0.126007,174,0,No fault,,,,,,,,,
2026-08-12T10:56:01.111,1786524961.111778,8.695321,3,-3000,5.000000,514,-3000,0x03,single,270.273534,-3149,-0.131868,173,0,No fault,,,,,,,,,
2026-08-12T10:56:01.117,1786524961.117224,8.700759,3,-3000,5.000000,515,-3000,0x03,single,269.548792,-2881,-0.190476,176,0,No fault,,,,,,,,,
2026-08-12T10:56:01.122,1786524961.122603,8.706125,3,-3000,5.000000,516,-3000,0x03,single,268.099310,-3015,-0.149451,173,0,No fault,,,,,,,,,
2026-08-12T10:56:01.127,1786524961.127853,8.711387,3,-3000,5.000000,517,-3000,0x03,single,267.396531,-3104,-0.172894,173,0,No fault,,,,,,,,,
2026-08-12T10:56:01.133,1786524961.133195,8.716736,3,-3000,5.000000,518,-3000,0x03,single,266.671790,-3015,-0.196337,173,0,No fault,,,,,,,,,
2026-08-12T10:56:01.138,1786524961.138614,8.722142,3,-3000,5.000000,519,-3000,0x03,single,265.969011,-2791,-0.190476,172,0,No fault,,,,,,,,,
2026-08-12T10:56:01.154,1786524961.154235,8.737762,3,-3000,5.000000,520,-3000,0x03,single,265.244269,-2970,-0.155311,168,0,No fault,,,,,,,,,
2026-08-12T10:56:01.159,1786524961.159538,8.743070,3,-3000,5.000000,521,-3000,0x03,single,263.794787,-3015,-0.208059,172,0,No fault,,,,,,,,,
2026-08-12T10:56:01.164,1786524961.164847,8.748377,3,-3000,5.000000,522,-3000,0x03,single,261.730373,-2836,-0.126007,175,0,No fault,,,,,,,,,
2026-08-12T10:56:01.170,1786524961.170154,8.753698,3,-3000,5.000000,523,-3000,0x03,single,261.357022,-3104,-0.161172,173,0,No fault,,,,,,,,,
2026-08-12T10:56:01.175,1786524961.175550,8.759082,3,-3000,5.000000,524,-3000,0x03,single,260.961708,-2747,-0.155311,172,0,No fault,,,,,,,,,
2026-08-12T10:56:01.180,1786524961.180854,8.764384,3,-3000,5.000000,525,-3000,0x03,single,260.236967,-2657,-0.178755,170,0,No fault,,,,,,,,,
2026-08-12T10:56:01.186,1786524961.186152,8.769683,3,-3000,5.000000,526,-3000,0x03,single,259.512226,-2925,-0.114286,172,0,No fault,,,,,,,,,
2026-08-12T10:56:01.191,1786524961.191447,8.774980,3,-3000,5.000000,527,-3000,0x03,single,258.787485,-3104,-0.114286,174,0,No fault,,,,,,,,,
2026-08-12T10:56:01.196,1786524961.196785,8.780318,3,-3000,5.000000,528,-3000,0x03,single,258.062744,-2881,-0.155311,170,0,No fault,,,,,,,,,
2026-08-12T10:56:01.202,1786524961.202089,8.785618,3,-3000,5.000000,529,-3000,0x03,single,257.338003,-2970,-0.167033,173,0,No fault,,,,,,,,,
2026-08-12T10:56:01.207,1786524961.207478,8.791009,3,-3000,5.000000,530,-3000,0x03,single,256.635223,-3015,-0.096703,173,0,No fault,,,,,,,,,
2026-08-12T10:56:01.212,1786524961.212815,8.796353,3,-3000,5.000000,531,-3000,0x03,single,255.910482,-2881,-0.102564,172,0,No fault,,,,,,,,,
2026-08-12T10:56:01.218,1786524961.218179,8.801711,3,-3000,5.000000,532,-3000,0x03,single,255.185741,-2970,-0.131868,172,0,No fault,,,,,,,,,
2026-08-12T10:56:01.223,1786524961.223490,8.807023,3,-3000,5.000000,533,-3000,0x03,single,254.482962,-2657,-0.131868,172,0,No fault,,,,,,,,,
2026-08-12T10:56:01.228,1786524961.228827,8.812361,3,-3000,5.000000,534,-3000,0x03,single,253.758221,-2925,-0.114286,173,0,No fault,,,,,,,,,
2026-08-12T10:56:01.234,1786524961.234152,8.817691,3,-3000,5.000000,535,-3000,0x03,single,253.033480,-2970,-0.120147,172,0,No fault,,,,,,,,,
2026-08-12T10:56:01.239,1786524961.239644,8.823177,3,-3000,5.000000,536,-3000,0x03,single,252.308739,-2791,-0.155311,170,0,No fault,,,,,,,,,
2026-08-12T10:56:01.245,1786524961.245025,8.828556,3,-3000,5.000000,537,-3000,0x03,single,250.859256,-3149,-0.137729,172,0,No fault,,,,,,,,,
2026-08-12T10:56:01.250,1786524961.250329,8.833862,3,-3000,5.000000,538,-3000,0x03,single,250.156477,-2881,-0.114286,173,0,No fault,,,,,,,,,
2026-08-12T10:56:01.255,1786524961.255649,8.839179,3,-3000,5.000000,539,-3000,0x03,single,249.453698,-2702,-0.202198,172,0,No fault,,,,,,,,,
2026-08-12T10:56:01.260,1786524961.260946,8.844473,3,-3000,5.000000,540,-3000,0x03,single,248.728957,-2970,-0.190476,173,0,No fault,,,,,,,,,
2026-08-12T10:56:01.266,1786524961.266232,8.849761,3,-3000,5.000000,541,-3000,0x03,single,248.004216,-2881,-0.167033,171,0,No fault,,,,,,,,,
2026-08-12T10:56:01.271,1786524961.271535,8.855065,3,-3000,5.000000,542,-3000,0x03,single,247.279474,-3059,-0.131868,173,0,No fault,,,,,,,,,
2026-08-12T10:56:01.276,1786524961.276860,8.860393,3,-3000,5.000000,543,-3000,0x03,single,246.576695,-2925,-0.190476,173,0,No fault,,,,,,,,,
2026-08-12T10:56:01.282,1786524961.282167,8.865702,3,-3000,5.000000,544,-3000,0x03,single,245.873916,-2836,-0.202198,173,0,No fault,,,,,,,,,
2026-08-12T10:56:01.287,1786524961.287504,8.871037,3,-3000,5.000000,545,-3000,0x03,single,245.149175,-2791,-0.149451,173,0,No fault,,,,,,,,,
2026-08-12T10:56:01.292,1786524961.292827,8.876358,3,-3000,5.000000,546,-3000,0x03,single,244.424434,-3015,-0.155311,176,0,No fault,,,,,,,,,
2026-08-12T10:56:01.298,1786524961.298134,8.881668,3,-3000,5.000000,547,-3000,0x03,single,243.699693,-3283,-0.213919,173,0,No fault,,,,,,,,,
2026-08-12T10:56:01.303,1786524961.303483,8.887022,3,-3000,5.000000,548,-3000,0x03,single,242.996913,-2881,-0.208059,173,0,No fault,,,,,,,,,
2026-08-12T10:56:01.308,1786524961.308862,8.892407,3,-3000,5.000000,549,-3000,0x03,single,242.294134,-2881,-0.149451,174,0,No fault,,,,,,,,,
2026-08-12T10:56:01.314,1786524961.314227,8.897758,3,-3000,5.000000,550,-3000,0x03,single,241.547431,-2881,-0.131868,172,0,No fault,,,,,,,,,
2026-08-12T10:56:01.319,1786524961.319523,8.903049,3,-3000,5.000000,551,-3000,0x03,single,240.844652,-2836,-0.190476,175,0,No fault,,,,,,,,,
2026-08-12T10:56:01.324,1786524961.324817,8.908353,3,-3000,5.000000,552,-3000,0x03,single,240.097949,-2925,-0.178755,172,0,No fault,,,,,,,,,
2026-08-12T10:56:01.330,1786524961.330159,8.913694,3,-3000,5.000000,553,-3000,0x03,single,239.395169,-2881,-0.114286,172,0,No fault,,,,,,,,,
2026-08-12T10:56:01.335,1786524961.335471,8.919002,3,-3000,5.000000,554,-3000,0x03,single,238.670428,-2925,-0.114286,175,0,No fault,,,,,,,,,
2026-08-12T10:56:01.340,1786524961.340826,8.924377,3,-3000,5.000000,555,-3000,0x03,single,237.923725,-2925,-0.149451,173,0,No fault,,,,,,,,,
2026-08-12T10:56:01.346,1786524961.346237,8.929770,3,-3000,5.000000,556,-3000,0x03,single,237.220946,-2702,-0.184615,172,0,No fault,,,,,,,,,
2026-08-12T10:56:01.361,1786524961.361797,8.945338,3,-3000,5.000000,557,-3000,0x03,single,235.793426,-2791,-0.149451,172,0,No fault,,,,,,,,,
2026-08-12T10:56:01.367,1786524961.367142,8.950681,3,-3000,5.000000,558,-3000,0x03,single,235.046723,-3059,-0.131868,174,0,No fault,,,,,,,,,
2026-08-12T10:56:01.372,1786524961.372618,8.956159,3,-3000,5.000000,559,-3000,0x03,single,232.762690,-3104,-0.155311,173,0,No fault,,,,,,,,,
2026-08-12T10:56:01.377,1786524961.377973,8.961510,3,-3000,5.000000,560,-3000,0x03,single,232.411300,-3059,-0.149451,173,0,No fault,,,,,,,,,
2026-08-12T10:56:01.385,1786524961.385300,8.968826,3,-3000,5.000000,561,-3000,0x03,single,231.313208,-2970,-0.208059,170,0,No fault,,,,,,,,,
2026-08-12T10:56:01.390,1786524961.390602,8.974140,3,-3000,5.000000,562,-3000,0x03,single,230.566505,-2881,-0.120147,171,0,No fault,,,,,,,,,
2026-08-12T10:56:01.395,1786524961.395933,8.979460,3,-3000,5.000000,563,-3000,0x03,single,229.863726,-2836,-0.184615,173,0,No fault,,,,,,,,,
2026-08-12T10:56:01.401,1786524961.401833,8.985349,3,-3000,5.000000,564,-3000,0x03,single,229.160946,-2836,-0.208059,173,0,No fault,,,,,,,,,
2026-08-12T10:56:01.407,1786524961.407027,8.990546,3,-3000,5.000000,565,-3000,0x03,single,228.458167,-2791,-0.213919,174,0,No fault,,,,,,,,,
2026-08-12T10:56:01.412,1786524961.412256,8.995785,3,-3000,5.000000,566,-3000,0x03,single,227.711464,-2970,-0.126007,175,0,No fault,,,,,,,,,
2026-08-12T10:56:01.417,1786524961.417834,9.001367,3,-3000,5.000000,567,-3000,0x03,single,226.986723,-3104,-0.202198,173,0,No fault,,,,,,,,,
2026-08-12T10:56:01.423,1786524961.423485,9.007020,3,-3000,5.000000,568,-3000,0x03,single,226.283944,-2925,-0.213919,172,0,No fault,,,,,,,,,
2026-08-12T10:56:01.428,1786524961.428847,9.012390,3,-3000,5.000000,569,-3000,0x03,single,225.559203,-3238,-0.213919,175,0,No fault,,,,,,,,,
2026-08-12T10:56:01.434,1786524961.434255,9.018618,3,-3000,5.000000,570,-3000,0x03,single,224.834461,-3238,-0.143590,173,0,No fault,,,,,,,,,
2026-08-12T10:56:01.440,1786524961.440779,9.024316,3,-3000,5.000000,571,-3000,0x03,single,223.406941,-3149,-0.196337,173,0,No fault,,,,,,,,,
2026-08-12T10:56:01.446,1786524961.446111,9.029640,3,-3000,5.000000,572,-3000,0x03,single,222.704162,-2836,-0.190476,173,0,No fault,,,,,,,,,
2026-08-12T10:56:01.451,1786524961.451363,9.034888,3,-3000,5.000000,573,-3000,0x03,single,221.935497,-3059,-0.149451,169,0,No fault,,,,,,,,,
2026-08-12T10:56:01.456,1786524961.456610,9.040136,3,-3000,5.000000,574,-3000,0x03,single,221.232718,-2925,-0.243223,171,0,No fault,,,,,,,,,
2026-08-12T10:56:01.461,1786524961.461889,9.045416,3,-3000,5.000000,575,-3000,0x03,single,220.486015,-3193,-0.190476,174,0,No fault,,,,,,,,,
2026-08-12T10:56:01.467,1786524961.467151,9.050677,3,-3000,5.000000,576,-3000,0x03,single,219.805197,-2925,-0.149451,174,0,No fault,,,,,,,,,
2026-08-12T10:56:01.472,1786524961.472759,9.056292,3,-3000,5.000000,577,-3000,0x03,single,219.102418,-2791,-0.161172,173,0,No fault,,,,,,,,,
2026-08-12T10:56:01.478,1786524961.478055,9.061585,3,-3000,5.000000,578,-3000,0x03,single,218.355715,-2970,-0.137729,174,0,No fault,,,,,,,,,
2026-08-12T10:56:01.483,1786524961.483333,9.066862,3,-3000,5.000000,579,-3000,0x03,single,217.630974,-3059,-0.172894,170,0,No fault,,,,,,,,,
2026-08-12T10:56:01.488,1786524961.488608,9.072132,3,-3000,5.000000,580,-3000,0x03,single,216.928195,-2881,-0.126007,173,0,No fault,,,,,,,,,
2026-08-12T10:56:01.493,1786524961.493844,9.077374,3,-3000,5.000000,581,-3000,0x03,single,216.203454,-2970,-0.120147,172,0,No fault,,,,,,,,,
2026-08-12T10:56:01.499,1786524961.499120,9.082645,3,-3000,5.000000,582,-3000,0x03,single,215.478712,-2925,-0.155311,173,0,No fault,,,,,,,,,
2026-08-12T10:56:01.504,1786524961.504385,9.087918,3,-3000,5.000000,583,-3000,0x03,single,214.753971,-3193,-0.167033,173,0,No fault,,,,,,,,,
2026-08-12T10:56:01.509,1786524961.509702,9.093237,3,-3000,5.000000,584,-3000,0x03,single,214.051192,-3015,-0.131868,173,0,No fault,,,,,,,,,
2026-08-12T10:56:01.515,1786524961.515043,9.098581,3,-3000,5.000000,585,-3000,0x03,single,213.326451,-3149,-0.090842,173,0,No fault,,,,,,,,,
2026-08-12T10:56:01.520,1786524961.520368,9.103900,3,-3000,5.000000,586,-3000,0x03,single,212.601710,-3193,-0.143590,173,0,No fault,,,,,,,,,
2026-08-12T10:56:01.525,1786524961.525664,9.109192,3,-3000,5.000000,587,-3000,0x03,single,211.898931,-2925,-0.149451,174,0,No fault,,,,,,,,,
2026-08-12T10:56:01.531,1786524961.531078,9.114609,3,-3000,5.000000,588,-3000,0x03,single,211.174189,-3059,-0.184615,172,0,No fault,,,,,,,,,
2026-08-12T10:56:01.536,1786524961.536394,9.119925,3,-3000,5.000000,589,-3000,0x03,single,210.449448,-2970,-0.114286,172,0,No fault,,,,,,,,,
2026-08-12T10:56:01.541,1786524961.541700,9.125228,3,-3000,5.000000,590,-3000,0x03,single,209.746669,-2747,-0.196337,172,0,No fault,,,,,,,,,
2026-08-12T10:56:01.547,1786524961.547019,9.130554,3,-3000,5.000000,591,-3000,0x03,single,209.021928,-2702,-0.196337,173,0,No fault,,,,,,,,,
2026-08-12T10:56:01.557,1786524961.557418,9.140960,3,-3000,5.000000,592,-3000,0x03,single,208.297187,-3015,-0.161172,174,0,No fault,,,,,,,,,
2026-08-12T10:56:01.562,1786524961.562769,9.146308,3,-3000,5.000000,593,-3000,0x03,single,206.869666,-3015,-0.178755,172,0,No fault,,,,,,,,,
2026-08-12T10:56:01.568,1786524961.568124,9.151662,3,-3000,5.000000,594,-3000,0x03,single,204.849176,-2747,-0.120147,173,0,No fault,,,,,,,,,
2026-08-12T10:56:01.573,1786524961.573496,9.157029,3,-3000,5.000000,595,-3000,0x03,single,204.475825,-3149,-0.161172,172,0,No fault,,,,,,,,,
2026-08-12T10:56:01.578,1786524961.578791,9.162323,3,-3000,5.000000,596,-3000,0x03,single,204.058549,-3193,-0.196337,174,0,No fault,,,,,,,,,
2026-08-12T10:56:01.584,1786524961.584105,9.167645,3,-3000,5.000000,597,-3000,0x03,single,203.355770,-2791,-0.178755,173,0,No fault,,,,,,,,,
2026-08-12T10:56:01.589,1786524961.589491,9.173023,3,-3000,5.000000,598,-3000,0x03,single,202.652991,-2970,-0.131868,173,0,No fault,,,,,,,,,
2026-08-12T10:56:01.594,1786524961.594792,9.178320,3,-3000,5.000000,599,-3000,0x03,single,201.862364,-2836,-0.114286,172,0,No fault,,,,,,,,,
2026-08-12T10:56:01.600,1786524961.600096,9.183649,3,-3000,5.000000,600,-3000,0x03,single,201.137623,-2970,-0.172894,172,0,No fault,,,,,,,,,
2026-08-12T10:56:01.605,1786524961.605472,9.189004,3,-3000,5.000000,601,-3000,0x03,single,200.434844,-2702,-0.172894,171,0,No fault,,,,,,,,,
2026-08-12T10:56:01.610,1786524961.610795,9.194335,3,-3000,5.000000,602,-3000,0x03,single,199.688141,-2881,-0.155311,173,0,No fault,,,,,,,,,
2026-08-12T10:56:01.616,1786524961.616195,9.199739,3,-3000,5.000000,603,-3000,0x03,single,198.985362,-3104,-0.108425,171,0,No fault,,,,,,,,,
2026-08-12T10:56:01.621,1786524961.621573,9.205112,3,-3000,5.000000,604,-3000,0x03,single,198.260620,-3059,-0.137729,172,0,No fault,,,,,,,,,
2026-08-12T10:56:01.626,1786524961.626910,9.210443,3,-3000,5.000000,605,-3000,0x03,single,197.557841,-2836,-0.202198,173,0,No fault,,,,,,,,,
2026-08-12T10:56:01.632,1786524961.632231,9.215768,3,-3000,5.000000,606,-3000,0x03,single,196.833100,-2747,-0.108425,173,0,No fault,,,,,,,,,
2026-08-12T10:56:01.637,1786524961.637575,9.221109,3,-3000,5.000000,607,-3000,0x03,single,196.086397,-2836,-0.090842,172,0,No fault,,,,,,,,,
2026-08-12T10:56:01.642,1786524961.642895,9.226431,3,-3000,5.000000,608,-3000,0x03,single,195.361656,-3283,-0.126007,172,0,No fault,,,,,,,,,
2026-08-12T10:56:01.648,1786524961.648205,9.231734,3,-3000,5.000000,609,-3000,0x03,single,194.658877,-2747,-0.143590,170,0,No fault,,,,,,,,,
2026-08-12T10:56:01.653,1786524961.653549,9.237087,3,-3000,5.000000,610,-3000,0x03,single,193.934136,-2970,-0.114286,172,0,No fault,,,,,,,,,
2026-08-12T10:56:01.658,1786524961.658877,9.242407,3,-3000,5.000000,611,-3000,0x03,single,193.187433,-3149,-0.090842,172,0,No fault,,,,,,,,,
2026-08-12T10:56:01.664,1786524961.664177,9.247708,3,-3000,5.000000,612,-3000,0x03,single,192.462691,-3327,-0.172894,175,0,No fault,,,,,,,,,
2026-08-12T10:56:01.669,1786524961.669507,9.253038,3,-3000,5.000000,613,-3000,0x03,single,191.781874,-2970,-0.178755,175,0,No fault,,,,,,,,,
2026-08-12T10:56:01.674,1786524961.674820,9.258352,3,-3000,5.000000,614,-3000,0x03,single,191.035171,-3193,-0.137729,173,0,No fault,,,,,,,,,
2026-08-12T10:56:01.680,1786524961.680137,9.263665,3,-3000,5.000000,615,-3000,0x03,single,190.332392,-2925,-0.120147,171,0,No fault,,,,,,,,,
2026-08-12T10:56:01.685,1786524961.685528,9.269058,3,-3000,5.000000,616,-3000,0x03,single,189.629612,-2925,-0.190476,172,0,No fault,,,,,,,,,
2026-08-12T10:56:01.691,1786524961.691000,9.274540,3,-3000,5.000000,617,-3000,0x03,single,188.202092,-2925,-0.172894,173,0,No fault,,,,,,,,,
2026-08-12T10:56:01.696,1786524961.696351,9.279889,3,-3000,5.000000,618,-3000,0x03,single,187.477351,-2881,-0.149451,173,0,No fault,,,,,,,,,
2026-08-12T10:56:01.701,1786524961.701699,9.285260,3,-3000,5.000000,619,-3000,0x03,single,186.730648,-3015,-0.184615,173,0,No fault,,,,,,,,,
2026-08-12T10:56:01.707,1786524961.707109,9.290650,3,-3000,5.000000,620,-3000,0x03,single,186.027869,-2836,-0.225641,172,0,No fault,,,,,,,,,
2026-08-12T10:56:01.712,1786524961.712457,9.295993,3,-3000,5.000000,621,-3000,0x03,single,185.325089,-2925,-0.167033,175,0,No fault,,,,,,,,,
2026-08-12T10:56:01.717,1786524961.717769,9.301305,3,-3000,5.000000,622,-3000,0x03,single,184.578386,-3015,-0.155311,172,0,No fault,,,,,,,,,
2026-08-12T10:56:01.723,1786524961.723078,9.306603,3,-3000,5.000000,623,-3000,0x03,single,183.875607,-2970,-0.208059,173,0,No fault,,,,,,,,,
2026-08-12T10:56:01.728,1786524961.728322,9.311843,3,-3000,5.000000,624,-3000,0x03,single,183.150866,-2836,-0.231502,170,0,No fault,,,,,,,,,
2026-08-12T10:56:01.733,1786524961.733592,9.317132,3,-3000,5.000000,625,-3000,0x03,single,182.448087,-2925,-0.155311,175,0,No fault,,,,,,,,,
2026-08-12T10:56:01.738,1786524961.738912,9.322435,3,-3000,5.000000,626,-3000,0x03,single,181.723346,-2791,-0.131868,173,0,No fault,,,,,,,,,
2026-08-12T10:56:01.744,1786524961.744173,9.327704,3,-3000,5.000000,627,-3000,0x03,single,180.998605,-2836,-0.196337,171,0,No fault,,,,,,,,,
2026-08-12T10:56:01.749,1786524961.749467,9.332990,3,-3000,5.000000,628,-3000,0x03,single,180.273863,-3149,-0.190476,172,0,No fault,,,,,,,,,
2026-08-12T10:56:01.764,1786524961.764917,9.348456,3,-3000,5.000000,629,-3000,0x03,single,178.846343,-3015,-0.096703,173,0,No fault,,,,,,,,,
2026-08-12T10:56:01.770,1786524961.770247,9.353782,3,-3000,5.000000,630,-3000,0x03,single,178.121602,-2702,-0.172894,174,0,No fault,,,,,,,,,
2026-08-12T10:56:01.775,1786524961.775567,9.359102,3,-3000,5.000000,631,-3000,0x03,single,176.057188,-3149,-0.149451,173,0,No fault,,,,,,,,,
2026-08-12T10:56:01.780,1786524961.780878,9.364411,3,-3000,5.000000,632,-3000,0x03,single,175.705798,-2881,-0.172894,171,0,No fault,,,,,,,,,
2026-08-12T10:56:01.786,1786524961.786154,9.369678,3,-3000,5.000000,633,-3000,0x03,single,175.266561,-3015,-0.155311,174,0,No fault,,,,,,,,,
2026-08-12T10:56:01.791,1786524961.791448,9.374987,3,-3000,5.000000,634,-3000,0x03,single,174.563782,-2836,-0.155311,173,0,No fault,,,,,,,,,
2026-08-12T10:56:01.796,1786524961.796780,9.380305,3,-3000,5.000000,635,-3000,0x03,single,173.861003,-2702,-0.120147,172,0,No fault,,,,,,,,,
2026-08-12T10:56:01.802,1786524961.802012,9.385536,3,-3000,5.000000,636,-3000,0x03,single,173.114300,-2881,-0.102564,172,0,No fault,,,,,,,,,
2026-08-12T10:56:01.807,1786524961.807284,9.390819,3,-3000,5.000000,637,-3000,0x03,single,172.389559,-2970,-0.172894,172,0,No fault,,,,,,,,,
2026-08-12T10:56:01.812,1786524961.812594,9.396116,3,-3000,5.000000,638,-3000,0x03,single,171.664817,-3238,-0.167033,172,0,No fault,,,,,,,,,
2026-08-12T10:56:01.817,1786524961.817836,9.401357,3,-3000,5.000000,639,-3000,0x03,single,170.962038,-2925,-0.149451,172,0,No fault,,,,,,,,,
2026-08-12T10:56:01.823,1786524961.823081,9.406608,3,-3000,5.000000,640,-3000,0x03,single,170.237297,-3193,-0.149451,173,0,No fault,,,,,,,,,
2026-08-12T10:56:01.828,1786524961.828508,9.412038,3,-3000,5.000000,641,-3000,0x03,single,169.534518,-2657,-0.225641,172,0,No fault,,,,,,,,,
2026-08-12T10:56:01.833,1786524961.833806,9.417333,3,-3000,5.000000,642,-3000,0x03,single,168.106997,-2881,-0.137729,173,0,No fault,,,,,,,,,
2026-08-12T10:56:01.839,1786524961.839084,9.422616,3,-3000,5.000000,643,-3000,0x03,single,167.360294,-3015,-0.137729,174,0,No fault,,,,,,,,,
2026-08-12T10:56:01.844,1786524961.844374,9.427909,3,-3000,5.000000,644,-3000,0x03,single,166.635553,-2970,-0.196337,173,0,No fault,,,,,,,,,
2026-08-12T10:56:01.849,1786524961.849715,9.433244,3,-3000,5.000000,645,-3000,0x03,single,165.932774,-3059,-0.208059,172,0,No fault,,,,,,,,,
2026-08-12T10:56:01.855,1786524961.855116,9.438646,3,-3000,5.000000,646,-3000,0x03,single,165.229995,-3059,-0.137729,173,0,No fault,,,,,,,,,
2026-08-12T10:56:01.860,1786524961.860390,9.443916,3,-3000,5.000000,647,-3000,0x03,single,164.505254,-2836,-0.155311,172,0,No fault,,,,,,,,,
2026-08-12T10:56:01.865,1786524961.865674,9.449206,3,-3000,5.000000,648,-3000,0x03,single,163.780512,-3015,-0.208059,173,0,No fault,,,,,,,,,
2026-08-12T10:56:01.871,1786524961.871004,9.454537,3,-3000,5.000000,649,-3000,0x03,single,163.077733,-3059,-0.225641,173,0,No fault,,,,,,,,,
2026-08-12T10:56:01.876,1786524961.876320,9.459858,3,-3000,5.000000,650,-3000,0x03,single,162.352992,-3059,-0.120147,174,0,No fault,,,,,,,,,
2026-08-12T10:56:01.881,1786524961.881665,9.465196,3,-3000,5.000000,651,-3000,0x03,single,161.628251,-2970,-0.155311,173,0,No fault,,,,,,,,,
2026-08-12T10:56:01.887,1786524961.887090,9.470622,3,-3000,5.000000,652,-3000,0x03,single,160.903510,-2881,-0.167033,172,0,No fault,,,,,,,,,
2026-08-12T10:56:01.892,1786524961.892429,9.475963,3,-3000,5.000000,653,-3000,0x03,single,160.200731,-2836,-0.202198,175,0,No fault,,,,,,,,,
2026-08-12T10:56:01.897,1786524961.897767,9.481304,3,-3000,5.000000,654,-3000,0x03,single,159.475989,-2881,-0.167033,172,0,No fault,,,,,,,,,
2026-08-12T10:56:01.903,1786524961.903129,9.486659,3,-3000,5.000000,655,-3000,0x03,single,158.751248,-3149,-0.126007,173,0,No fault,,,,,,,,,
2026-08-12T10:56:01.908,1786524961.908420,9.491948,3,-3000,5.000000,656,-3000,0x03,single,158.026507,-2881,-0.161172,173,0,No fault,,,,,,,,,
2026-08-12T10:56:01.913,1786524961.913705,9.497222,3,-3000,5.000000,657,-3000,0x03,single,157.323728,-2925,-0.196337,172,0,No fault,,,,,,,,,
2026-08-12T10:56:01.918,1786524961.918905,9.502426,3,-3000,5.000000,658,-3000,0x03,single,156.598987,-2970,-0.102564,171,0,No fault,,,,,,,,,
2026-08-12T10:56:01.924,1786524961.924153,9.507680,3,-3000,5.000000,659,-3000,0x03,single,155.896208,-2791,-0.131868,173,0,No fault,,,,,,,,,
2026-08-12T10:56:01.929,1786524961.929497,9.513038,3,-3000,5.000000,660,-3000,0x03,single,155.149505,-3015,-0.167033,169,0,No fault,,,,,,,,,
2026-08-12T10:56:01.934,1786524961.934866,9.518394,3,-3000,5.000000,661,-3000,0x03,single,154.446725,-2970,-0.208059,173,0,No fault,,,,,,,,,
2026-08-12T10:56:01.940,1786524961.940327,9.523863,3,-3000,5.000000,662,-3000,0x03,single,153.721984,-2925,-0.096703,173,0,No fault,,,,,,,,,
2026-08-12T10:56:01.945,1786524961.945685,9.529212,3,-3000,5.000000,663,-3000,0x03,single,152.997243,-2925,-0.114286,173,0,No fault,,,,,,,,,
2026-08-12T10:56:01.951,1786524961.951067,9.534590,3,-3000,5.000000,664,-3000,0x03,single,152.272502,-3283,-0.149451,175,0,No fault,,,,,,,,,
2026-08-12T10:56:01.956,1786524961.956386,9.539922,3,-3000,5.000000,665,-3000,0x03,single,151.569723,-2836,-0.167033,172,0,No fault,,,,,,,,,
2026-08-12T10:56:01.967,1786524961.967303,9.550835,3,-3000,5.000000,666,-3000,0x03,single,150.823020,-3193,-0.120147,174,0,No fault,,,,,,,,,
2026-08-12T10:56:01.972,1786524961.972592,9.556123,3,-3000,5.000000,667,-3000,0x03,single,149.373537,-3149,-0.196337,172,0,No fault,,,,,,,,,
2026-08-12T10:56:01.977,1786524961.977895,9.561435,3,-3000,5.000000,668,-3000,0x03,single,147.331085,-2836,-0.167033,173,0,No fault,,,,,,,,,
2026-08-12T10:56:01.983,1786524961.983261,9.566795,3,-3000,5.000000,669,-3000,0x03,single,146.957734,-2881,-0.178755,172,0,No fault,,,,,,,,,
2026-08-12T10:56:01.988,1786524961.988577,9.572111,3,-3000,5.000000,670,-3000,0x03,single,146.540459,-2970,-0.184615,173,0,No fault,,,,,,,,,
2026-08-12T10:56:01.993,1786524961.993910,9.577442,3,-3000,5.000000,671,-3000,0x03,single,145.837679,-2970,-0.202198,172,0,No fault,,,,,,,,,
2026-08-12T10:56:01.999,1786524961.999212,9.582750,3,-3000,5.000000,672,-3000,0x03,single,145.090976,-3238,-0.108425,173,0,No fault,,,,,,,,,
2026-08-12T10:56:02.004,1786524962.004585,9.588116,3,-3000,5.000000,673,-3000,0x03,single,144.388197,-2836,-0.167033,173,0,No fault,,,,,,,,,
2026-08-12T10:56:02.010,1786524962.010007,9.593539,3,-3000,5.000000,674,-3000,0x03,single,143.663456,-3059,-0.167033,173,0,No fault,,,,,,,,,
2026-08-12T10:56:02.015,1786524962.015488,9.599024,3,-3000,5.000000,675,-3000,0x03,single,142.960677,-2881,-0.196337,173,0,No fault,,,,,,,,,
2026-08-12T10:56:02.020,1786524962.020832,9.604367,3,-3000,5.000000,676,-3000,0x03,single,142.235936,-3149,-0.114286,173,0,No fault,,,,,,,,,
2026-08-12T10:56:02.026,1786524962.026159,9.609690,3,-3000,5.000000,677,-3000,0x03,single,141.511194,-2836,-0.126007,173,0,No fault,,,,,,,,,
2026-08-12T10:56:02.031,1786524962.031462,9.615109,3,-3000,5.000000,678,-3000,0x03,single,140.786453,-2747,-0.190476,172,0,No fault,,,,,,,,,
2026-08-12T10:56:02.036,1786524962.036974,9.620510,3,-3000,5.000000,679,-3000,0x03,single,140.061712,-3059,-0.167033,173,0,No fault,,,,,,,,,
2026-08-12T10:56:02.042,1786524962.042308,9.625842,3,-3000,5.000000,680,-3000,0x03,single,139.358933,-3104,-0.131868,172,0,No fault,,,,,,,,,
2026-08-12T10:56:02.047,1786524962.047592,9.631128,3,-3000,5.000000,681,-3000,0x03,single,138.612230,-3149,-0.126007,173,0,No fault,,,,,,,,,
2026-08-12T10:56:02.052,1786524962.052947,9.636485,3,-3000,5.000000,682,-3000,0x03,single,137.887489,-3015,-0.137729,173,0,No fault,,,,,,,,,
2026-08-12T10:56:02.058,1786524962.058408,9.641988,3,-3000,5.000000,683,-3000,0x03,single,137.184710,-2881,-0.172894,174,0,No fault,,,,,,,,,
2026-08-12T10:56:02.063,1786524962.063893,9.647427,3,-3000,5.000000,684,-3000,0x03,single,135.757189,-2925,-0.137729,171,0,No fault,,,,,,,,,
2026-08-12T10:56:02.069,1786524962.069196,9.652725,3,-3000,5.000000,685,-3000,0x03,single,135.010486,-2970,-0.131868,172,0,No fault,,,,,,,,,
2026-08-12T10:56:02.074,1786524962.074469,9.658004,3,-3000,5.000000,686,-3000,0x03,single,134.307707,-2747,-0.167033,173,0,No fault,,,,,,,,,
2026-08-12T10:56:02.079,1786524962.079773,9.663302,3,-3000,5.000000,687,-3000,0x03,single,133.582966,-2925,-0.084982,173,0,No fault,,,,,,,,,
2026-08-12T10:56:02.085,1786524962.085053,9.668584,3,-3000,5.000000,688,-3000,0x03,single,132.858225,-3015,-0.108425,173,0,No fault,,,,,,,,,
2026-08-12T10:56:02.090,1786524962.090333,9.673862,3,-3000,5.000000,689,-3000,0x03,single,132.111522,-3104,-0.149451,172,0,No fault,,,,,,,,,
2026-08-12T10:56:02.095,1786524962.095603,9.679134,3,-3000,5.000000,690,-3000,0x03,single,131.430704,-2836,-0.184615,172,0,No fault,,,,,,,,,
2026-08-12T10:56:02.100,1786524962.100885,9.684414,3,-3000,5.000000,691,-3000,0x03,single,130.705963,-3015,-0.096703,174,0,No fault,,,,,,,,,
2026-08-12T10:56:02.106,1786524962.106147,9.689675,3,-3000,5.000000,692,-3000,0x03,single,129.981222,-2836,-0.167033,173,0,No fault,,,,,,,,,
2026-08-12T10:56:02.111,1786524962.111410,9.694945,3,-3000,5.000000,693,-3000,0x03,single,129.256481,-2925,-0.202198,173,0,No fault,,,,,,,,,
2026-08-12T10:56:02.116,1786524962.116719,9.700247,3,-3000,5.000000,694,-3000,0x03,single,128.575663,-2925,-0.237363,173,0,No fault,,,,,,,,,
2026-08-12T10:56:02.121,1786524962.121976,9.705505,3,-3000,5.000000,695,-3000,0x03,single,127.850922,-2836,-0.137729,172,0,No fault,,,,,,,,,
2026-08-12T10:56:02.127,1786524962.127253,9.710785,3,-3000,5.000000,696,-3000,0x03,single,127.104219,-2970,-0.143590,172,0,No fault,,,,,,,,,
2026-08-12T10:56:02.132,1786524962.132602,9.716152,3,-3000,5.000000,697,-3000,0x03,single,126.401440,-2925,-0.213919,173,0,No fault,,,,,,,,,
2026-08-12T10:56:02.138,1786524962.138008,9.721547,3,-3000,5.000000,698,-3000,0x03,single,125.698661,-3059,-0.225641,174,0,No fault,,,,,,,,,
2026-08-12T10:56:02.143,1786524962.143412,9.726946,3,-3000,5.000000,699,-3000,0x03,single,124.973920,-3059,-0.137729,172,0,No fault,,,,,,,,,
2026-08-12T10:56:02.148,1786524962.148741,9.732277,3,-3000,5.000000,700,-3000,0x03,single,124.249179,-2970,-0.190476,174,0,No fault,,,,,,,,,
2026-08-12T10:56:02.154,1786524962.154082,9.737614,3,-3000,5.000000,701,-3000,0x03,single,123.524437,-2925,-0.149451,173,0,No fault,,,,,,,,,
2026-08-12T10:56:02.159,1786524962.159414,9.742943,3,-3000,5.000000,702,-3000,0x03,single,122.821658,-3104,-0.213919,172,0,No fault,,,,,,,,,
2026-08-12T10:56:02.175,1786524962.175240,9.758785,3,-3000,5.000000,703,-3000,0x03,single,121.372176,-3015,-0.161172,172,0,No fault,,,,,,,,,
2026-08-12T10:56:02.180,1786524962.180613,9.764168,3,-3000,5.000000,704,-3000,0x03,single,120.669397,-2881,-0.190476,173,0,No fault,,,,,,,,,
2026-08-12T10:56:02.186,1786524962.186009,9.769548,3,-3000,5.000000,705,-3000,0x03,single,118.473211,-3015,-0.149451,172,0,No fault,,,,,,,,,
2026-08-12T10:56:02.191,1786524962.191338,9.774867,3,-3000,5.000000,706,-3000,0x03,single,118.121822,-2836,-0.178755,174,0,No fault,,,,,,,,,
2026-08-12T10:56:02.196,1786524962.196657,9.780196,3,-3000,5.000000,707,-3000,0x03,single,117.726509,-2702,-0.172894,173,0,No fault,,,,,,,,,
2026-08-12T10:56:02.202,1786524962.202014,9.785547,3,-3000,5.000000,708,-3000,0x03,single,117.001767,-2836,-0.184615,172,0,No fault,,,,,,,,,
2026-08-12T10:56:02.207,1786524962.207386,9.790914,3,-3000,5.000000,709,-3000,0x03,single,116.277026,-3015,-0.120147,173,0,No fault,,,,,,,,,
2026-08-12T10:56:02.212,1786524962.212678,9.796237,3,-3000,5.000000,710,-3000,0x03,single,114.783620,-2925,-0.155311,176,0,No fault,,,,,,,,,
2026-08-12T10:56:02.217,1786524962.217983,9.801526,3,-3000,5.000000,711,-3000,0x03,single,114.058879,-2925,-0.149451,172,0,No fault,,,,,,,,,
2026-08-12T10:56:02.223,1786524962.223301,9.806830,3,-3000,5.000000,712,-3000,0x03,single,113.334138,-3015,-0.126007,172,0,No fault,,,,,,,,,
2026-08-12T10:56:02.228,1786524962.228554,9.812081,3,-3000,5.000000,713,-3000,0x03,single,112.631359,-3193,-0.149451,173,0,No fault,,,,,,,,,
2026-08-12T10:56:02.233,1786524962.233825,9.817360,3,-3000,5.000000,714,-3000,0x03,single,111.884656,-3104,-0.184615,173,0,No fault,,,,,,,,,
2026-08-12T10:56:02.239,1786524962.239125,9.822650,3,-3000,5.000000,715,-3000,0x03,single,111.181877,-3059,-0.161172,174,0,No fault,,,,,,,,,
2026-08-12T10:56:02.244,1786524962.244372,9.827898,3,-3000,5.000000,716,-3000,0x03,single,110.457135,-3238,-0.149451,174,0,No fault,,,,,,,,,
2026-08-12T10:56:02.249,1786524962.249618,9.833142,3,-3000,5.000000,717,-3000,0x03,single,109.754356,-2970,-0.178755,172,0,No fault,,,,,,,,,
2026-08-12T10:56:02.254,1786524962.254851,9.838373,3,-3000,5.000000,718,-3000,0x03,single,109.051577,-3015,-0.219780,174,0,No fault,,,,,,,,,
2026-08-12T10:56:02.260,1786524962.260116,9.843645,3,-3000,5.000000,719,-3000,0x03,single,108.326836,-3104,-0.155311,173,0,No fault,,,,,,,,,
2026-08-12T10:56:02.265,1786524962.265389,9.848909,3,-3000,5.000000,720,-3000,0x03,single,107.602095,-2970,-0.149451,172,0,No fault,,,,,,,,,
2026-08-12T10:56:02.270,1786524962.270643,9.854169,3,-3000,5.000000,721,-3000,0x03,single,106.877354,-3015,-0.172894,172,0,No fault,,,,,,,,,
2026-08-12T10:56:02.275,1786524962.275897,9.859427,3,-3000,5.000000,722,-3000,0x03,single,106.174574,-2791,-0.219780,175,0,No fault,,,,,,,,,
2026-08-12T10:56:02.281,1786524962.281196,9.864728,3,-3000,5.000000,723,-3000,0x03,single,105.471795,-3015,-0.184615,173,0,No fault,,,,,,,,,
2026-08-12T10:56:02.286,1786524962.286472,9.870011,3,-3000,5.000000,724,-3000,0x03,single,104.747054,-2970,-0.172894,173,0,No fault,,,,,,,,,
2026-08-12T10:56:02.291,1786524962.291743,9.875269,3,-3000,5.000000,725,-3000,0x03,single,104.022313,-2881,-0.196337,175,0,No fault,,,,,,,,,
2026-08-12T10:56:02.297,1786524962.297005,9.880527,3,-3000,5.000000,726,-3000,0x03,single,103.319533,-2791,-0.202198,174,0,No fault,,,,,,,,,
2026-08-12T10:56:02.302,1786524962.302263,9.885798,3,-3000,5.000000,727,-3000,0x03,single,102.594792,-2925,-0.155311,173,0,No fault,,,,,,,,,
2026-08-12T10:56:02.307,1786524962.307552,9.891073,3,-3000,5.000000,728,-3000,0x03,single,101.870051,-3059,-0.143590,172,0,No fault,,,,,,,,,
2026-08-12T10:56:02.312,1786524962.312799,9.896331,3,-3000,5.000000,729,-3000,0x03,single,101.167272,-2925,-0.208059,173,0,No fault,,,,,,,,,
2026-08-12T10:56:02.318,1786524962.318094,9.901616,3,-3000,5.000000,730,-3000,0x03,single,100.442531,-2925,-0.219780,173,0,No fault,,,,,,,,,
2026-08-12T10:56:02.323,1786524962.323395,9.906941,3,-3000,5.000000,731,-3000,0x03,single,99.717790,-2970,-0.184615,173,0,No fault,,,,,,,,,
2026-08-12T10:56:02.328,1786524962.328928,9.912475,3,-3000,5.000000,732,-3000,0x03,single,99.015010,-2836,-0.143590,173,0,No fault,,,,,,,,,
2026-08-12T10:56:02.334,1786524962.334306,9.917841,3,-3000,5.000000,733,-3000,0x03,single,98.268307,-2925,-0.131868,173,0,No fault,,,,,,,,,
2026-08-12T10:56:02.339,1786524962.339609,9.923139,3,-3000,5.000000,734,-3000,0x03,single,97.499643,-2791,-0.184615,171,0,No fault,,,,,,,,,
2026-08-12T10:56:02.344,1786524962.344920,9.928462,3,-3000,5.000000,735,-3000,0x03,single,96.752940,-3015,-0.126007,174,0,No fault,,,,,,,,,
2026-08-12T10:56:02.350,1786524962.350431,9.933972,3,-3000,5.000000,736,-3000,0x03,single,96.050160,-3104,-0.126007,172,0,No fault,,,,,,,,,
2026-08-12T10:56:02.355,1786524962.355777,9.939317,3,-3000,5.000000,737,-3000,0x03,single,95.325419,-3059,-0.161172,172,0,No fault,,,,,,,,,
2026-08-12T10:56:02.361,1786524962.361313,9.944841,3,-3000,5.000000,738,-3000,0x03,single,94.600678,-2970,-0.178755,173,0,No fault,,,,,,,,,
2026-08-12T10:56:02.372,1786524962.372694,9.956247,3,-3000,5.000000,739,-3000,0x03,single,93.897899,-2970,-0.114286,173,0,No fault,,,,,,,,,
2026-08-12T10:56:02.378,1786524962.378076,9.961610,3,-3000,5.000000,740,-3000,0x03,single,92.426455,-3104,-0.167033,173,0,No fault,,,,,,,,,
2026-08-12T10:56:02.383,1786524962.383353,9.966892,3,-3000,5.000000,741,-3000,0x03,single,90.252231,-3015,-0.102564,173,0,No fault,,,,,,,,,
2026-08-12T10:56:02.388,1786524962.388669,9.972207,3,-3000,5.000000,742,-3000,0x03,single,89.900842,-2970,-0.137729,172,0,No fault,,,,,,,,,
2026-08-12T10:56:02.393,1786524962.393989,9.977526,3,-3000,5.000000,743,-3000,0x03,single,89.461605,-2881,-0.208059,174,0,No fault,,,,,,,,,
2026-08-12T10:56:02.399,1786524962.399290,9.982823,3,-3000,5.000000,744,-3000,0x03,single,88.736864,-3015,-0.208059,171,0,No fault,,,,,,,,,
2026-08-12T10:56:02.404,1786524962.404604,9.988139,3,-3000,5.000000,745,-3000,0x03,single,88.012123,-3149,-0.155311,177,0,No fault,,,,,,,,,
2026-08-12T10:56:02.411,1786524962.411314,9.994842,3,-3000,5.000000,746,-3000,0x03,single,87.287381,-3149,-0.172894,173,0,No fault,,,,,,,,,
2026-08-12T10:56:02.416,1786524962.416605,10.000137,3,-3000,5.000000,747,-3000,0x03,single,86.562640,-2970,-0.178755,174,0,No fault,,,,,,,,,
2026-08-12T10:56:02.421,1786524962.421917,10.005447,3,-3000,5.000000,748,-3000,0x03,single,85.859861,-2791,-0.196337,173,0,No fault,,,,,,,,,
2026-08-12T10:56:02.427,1786524962.427195,10.010721,3,-3000,5.000000,749,-3000,0x03,single,85.157082,-2925,-0.131868,173,0,No fault,,,,,,,,,
2026-08-12T10:56:02.432,1786524962.432456,10.015980,3,-3000,5.000000,750,-3000,0x03,single,84.432341,-3104,-0.155311,172,0,No fault,,,,,,,,,
2026-08-12T10:56:02.437,1786524962.437752,10.021287,3,-3000,5.000000,751,-3000,0x03,single,83.707600,-2925,-0.161172,172,0,No fault,,,,,,,,,
2026-08-12T10:56:02.443,1786524962.443087,10.026623,3,-3000,5.000000,752,-3000,0x03,single,83.004820,-2747,-0.184615,172,0,No fault,,,,,,,,,
2026-08-12T10:56:02.448,1786524962.448431,10.031967,3,-3000,5.000000,753,-3000,0x03,single,82.280079,-2970,-0.149451,172,0,No fault,,,,,,,,,
2026-08-12T10:56:02.453,1786524962.453777,10.037306,3,-3000,5.000000,754,-3000,0x03,single,81.533376,-3104,-0.114286,173,0,No fault,,,,,,,,,
2026-08-12T10:56:02.459,1786524962.459146,10.042680,3,-3000,5.000000,755,-3000,0x03,single,80.830597,-2970,-0.190476,173,0,No fault,,,,,,,,,
2026-08-12T10:56:02.464,1786524962.464551,10.048076,3,-3000,5.000000,756,-3000,0x03,single,79.403076,-3059,-0.102564,173,0,No fault,,,,,,,,,
2026-08-12T10:56:02.469,1786524962.469863,10.053404,3,-3000,5.000000,757,-3000,0x03,single,78.678335,-2925,-0.120147,173,0,No fault,,,,,,,,,
2026-08-12T10:56:02.475,1786524962.475270,10.058806,3,-3000,5.000000,758,-3000,0x03,single,77.953594,-2970,-0.161172,173,0,No fault,,,,,,,,,
2026-08-12T10:56:02.480,1786524962.480576,10.064101,3,-3000,5.000000,759,-3000,0x03,single,77.250815,-2702,-0.161172,173,0,No fault,,,,,,,,,
2026-08-12T10:56:02.485,1786524962.485971,10.069503,3,-3000,5.000000,760,-3000,0x03,single,76.504112,-3059,-0.084982,172,0,No fault,,,,,,,,,
2026-08-12T10:56:02.491,1786524962.491537,10.075078,3,-3000,5.000000,761,-3000,0x03,single,75.779371,-3015,-0.149451,172,0,No fault,,,,,,,,,
2026-08-12T10:56:02.496,1786524962.496905,10.080455,3,-3000,5.000000,762,-3000,0x03,single,75.054630,-3059,-0.143590,173,0,No fault,,,,,,,,,
2026-08-12T10:56:02.502,1786524962.502325,10.085866,3,-3000,5.000000,763,-3000,0x03,single,74.351850,-2970,-0.167033,173,0,No fault,,,,,,,,,
2026-08-12T10:56:02.507,1786524962.507682,10.091211,3,-3000,5.000000,764,-3000,0x03,single,73.627109,-2881,-0.090842,172,0,No fault,,,,,,,,,
2026-08-12T10:56:02.512,1786524962.512977,10.096513,3,-3000,5.000000,765,-3000,0x03,single,72.880406,-3104,-0.137729,173,0,No fault,,,,,,,,,
2026-08-12T10:56:02.518,1786524962.518299,10.101834,3,-3000,5.000000,766,-3000,0x03,single,72.155665,-2970,-0.161172,172,0,No fault,,,,,,,,,
2026-08-12T10:56:02.523,1786524962.523612,10.107145,3,-3000,5.000000,767,-3000,0x03,single,71.452886,-2881,-0.143590,172,0,No fault,,,,,,,,,
2026-08-12T10:56:02.528,1786524962.528911,10.112442,3,-3000,5.000000,768,-3000,0x03,single,70.772069,-2702,-0.126007,174,0,No fault,,,,,,,,,
2026-08-12T10:56:02.534,1786524962.534197,10.117726,3,-3000,5.000000,769,-3000,0x03,single,70.047327,-3015,-0.167033,175,0,No fault,,,,,,,,,
2026-08-12T10:56:02.539,1786524962.539512,10.123049,3,-3000,5.000000,770,-3000,0x03,single,69.322586,-3015,-0.190476,173,0,No fault,,,,,,,,,
2026-08-12T10:56:02.544,1786524962.544845,10.128378,3,-3000,5.000000,771,-3000,0x03,single,68.619807,-2791,-0.208059,173,0,No fault,,,,,,,,,
2026-08-12T10:56:02.550,1786524962.550140,10.133667,3,-3000,5.000000,772,-3000,0x03,single,67.895066,-3059,-0.155311,171,0,No fault,,,,,,,,,
2026-08-12T10:56:02.555,1786524962.555424,10.138951,3,-3000,5.000000,773,-3000,0x03,single,67.192287,-2970,-0.155311,172,0,No fault,,,,,,,,,
2026-08-12T10:56:02.560,1786524962.560709,10.144244,3,-3000,5.000000,774,-3000,0x03,single,66.467546,-2836,-0.208059,173,0,No fault,,,,,,,,,
2026-08-12T10:56:02.566,1786524962.566029,10.149558,3,-3000,5.000000,775,-3000,0x03,single,65.764766,-2970,-0.237363,172,0,No fault,,,,,,,,,
2026-08-12T10:56:02.576,1786524962.576653,10.160186,3,-3000,5.000000,776,-3000,0x03,single,65.061987,-2702,-0.120147,172,0,No fault,,,,,,,,,
2026-08-12T10:56:02.582,1786524962.582020,10.165558,3,-3000,5.000000,777,-3000,0x03,single,63.590543,-2970,-0.178755,173,0,No fault,,,,,,,,,
2026-08-12T10:56:02.587,1786524962.587335,10.170865,3,-3000,5.000000,778,-3000,0x03,single,61.460243,-2881,-0.149451,173,0,No fault,,,,,,,,,
2026-08-12T10:56:02.592,1786524962.592608,10.176140,3,-3000,5.000000,779,-3000,0x03,single,61.108854,-2881,-0.208059,171,0,No fault,,,,,,,,,
2026-08-12T10:56:02.597,1786524962.597896,10.181431,3,-3000,5.000000,780,-3000,0x03,single,60.691578,-3327,-0.172894,171,0,No fault,,,,,,,,,
2026-08-12T10:56:02.603,1786524962.603184,10.186716,3,-3000,5.000000,781,-3000,0x03,single,59.988799,-3059,-0.190476,172,0,No fault,,,,,,,,,
2026-08-12T10:56:02.608,1786524962.608483,10.192019,3,-3000,5.000000,782,-3000,0x03,single,59.286020,-3015,-0.114286,173,0,No fault,,,,,,,,,
2026-08-12T10:56:02.613,1786524962.613795,10.197330,3,-3000,5.000000,783,-3000,0x03,single,58.539317,-3015,-0.149451,175,0,No fault,,,,,,,,,
2026-08-12T10:56:02.619,1786524962.619129,10.202664,3,-3000,5.000000,784,-3000,0x03,single,57.814576,-3015,-0.143590,170,0,No fault,,,,,,,,,
2026-08-12T10:56:02.624,1786524962.624454,10.207989,3,-3000,5.000000,785,-3000,0x03,single,57.133758,-2791,-0.178755,174,0,No fault,,,,,,,,,
2026-08-12T10:56:02.629,1786524962.629762,10.213296,3,-3000,5.000000,786,-3000,0x03,single,56.387055,-3104,-0.096703,176,0,No fault,,,,,,,,,
2026-08-12T10:56:02.635,1786524962.635086,10.218628,3,-3000,5.000000,787,-3000,0x03,single,55.662314,-2791,-0.155311,176,0,No fault,,,,,,,,,
2026-08-12T10:56:02.640,1786524962.640457,10.223994,3,-3000,5.000000,788,-3000,0x03,single,54.959535,-2836,-0.131868,173,0,No fault,,,,,,,,,
2026-08-12T10:56:02.645,1786524962.645809,10.229346,3,-3000,5.000000,789,-3000,0x03,single,54.234794,-2970,-0.172894,172,0,No fault,,,,,,,,,
2026-08-12T10:56:02.651,1786524962.651256,10.234791,3,-3000,5.000000,790,-3000,0x03,single,53.532015,-2836,-0.090842,173,0,No fault,,,,,,,,,
2026-08-12T10:56:02.656,1786524962.656581,10.240119,3,-3000,5.000000,791,-3000,0x03,single,52.785312,-2970,-0.137729,173,0,No fault,,,,,,,,,
2026-08-12T10:56:02.661,1786524962.661911,10.245444,3,-3000,5.000000,792,-3000,0x03,single,52.060571,-3059,-0.161172,173,0,No fault,,,,,,,,,
2026-08-12T10:56:02.667,1786524962.667214,10.250746,3,-3000,5.000000,793,-3000,0x03,single,51.357791,-3193,-0.202198,175,0,No fault,,,,,,,,,
2026-08-12T10:56:02.672,1786524962.672528,10.256062,3,-3000,5.000000,794,-3000,0x03,single,50.633050,-2791,-0.120147,172,0,No fault,,,,,,,,,
2026-08-12T10:56:02.677,1786524962.677858,10.261389,3,-3000,5.000000,795,-3000,0x03,single,49.908309,-2881,-0.149451,170,0,No fault,,,,,,,,,
2026-08-12T10:56:02.683,1786524962.683145,10.266676,3,-3000,5.000000,796,-3000,0x03,single,49.205530,-2657,-0.196337,172,0,No fault,,,,,,,,,
2026-08-12T10:56:02.688,1786524962.688424,10.271950,3,-3000,5.000000,797,-3000,0x03,single,48.480789,-3104,-0.190476,171,0,No fault,,,,,,,,,
2026-08-12T10:56:02.693,1786524962.693705,10.277241,3,-3000,5.000000,798,-3000,0x03,single,47.778009,-3104,-0.137729,173,0,No fault,,,,,,,,,
2026-08-12T10:56:02.699,1786524962.699007,10.282534,3,-3000,5.000000,799,-3000,0x03,single,47.031306,-3238,-0.190476,170,0,No fault,,,,,,,,,
2026-08-12T10:56:02.704,1786524962.704435,10.287958,3,-3000,5.000000,800,-3000,0x03,single,46.328527,-3059,-0.202198,172,0,No fault,,,,,,,,,
2026-08-12T10:56:02.709,1786524962.709797,10.293333,3,-3000,5.000000,801,-3000,0x03,single,44.901007,-2881,-0.120147,173,0,No fault,,,,,,,,,
2026-08-12T10:56:02.715,1786524962.715100,10.298641,3,-3000,5.000000,802,-3000,0x03,single,44.176266,-3149,-0.202198,171,0,No fault,,,,,,,,,
2026-08-12T10:56:02.720,1786524962.720421,10.303953,3,-3000,5.000000,803,-3000,0x03,single,43.473486,-2970,-0.167033,173,0,No fault,,,,,,,,,
2026-08-12T10:56:02.725,1786524962.725698,10.309226,3,-3000,5.000000,804,-3000,0x03,single,42.770707,-2791,-0.213919,172,0,No fault,,,,,,,,,
2026-08-12T10:56:02.730,1786524962.730956,10.314482,3,-3000,5.000000,805,-3000,0x03,single,42.024004,-3015,-0.143590,173,0,No fault,,,,,,,,,
2026-08-12T10:56:02.736,1786524962.736218,10.319752,3,-3000,5.000000,806,-3000,0x03,single,41.321225,-2836,-0.202198,173,0,No fault,,,,,,,,,
2026-08-12T10:56:02.741,1786524962.741502,10.325030,3,-3000,5.000000,807,-3000,0x03,single,40.618446,-2791,-0.202198,174,0,No fault,,,,,,,,,
2026-08-12T10:56:02.746,1786524962.746757,10.330285,3,-3000,5.000000,808,-3000,0x03,single,39.893704,-2925,-0.167033,176,0,No fault,,,,,,,,,
2026-08-12T10:56:02.752,1786524962.752011,10.335536,3,-3000,5.000000,809,-3000,0x03,single,39.168963,-3104,-0.167033,172,0,No fault,,,,,,,,,
2026-08-12T10:56:02.757,1786524962.757282,10.340816,3,-3000,5.000000,810,-3000,0x03,single,38.444222,-3059,-0.137729,173,0,No fault,,,,,,,,,
2026-08-12T10:56:02.762,1786524962.762633,10.346162,3,-3000,5.000000,811,-3000,0x03,single,37.719481,-3104,-0.178755,174,0,No fault,,,,,,,,,
2026-08-12T10:56:02.767,1786524962.767893,10.351418,3,-3000,5.000000,812,-3000,0x03,single,37.016702,-3015,-0.155311,173,0,No fault,,,,,,,,,
2026-08-12T10:56:02.783,1786524962.783335,10.366875,3,-3000,5.000000,813,-3000,0x03,single,36.291961,-3238,-0.108425,172,0,No fault,,,,,,,,,
2026-08-12T10:56:02.788,1786524962.788690,10.372227,3,-3000,5.000000,814,-3000,0x03,single,34.842478,-3193,-0.167033,173,0,No fault,,,,,,,,,
2026-08-12T10:56:02.794,1786524962.794029,10.377566,3,-3000,5.000000,815,-3000,0x03,single,32.668255,-3015,-0.167033,174,0,No fault,,,,,,,,,
2026-08-12T10:56:02.799,1786524962.799344,10.382869,3,-3000,5.000000,816,-3000,0x03,single,32.294904,-2970,-0.184615,174,0,No fault,,,,,,,,,
2026-08-12T10:56:02.804,1786524962.804623,10.388159,3,-3000,5.000000,817,-3000,0x03,single,31.921552,-3015,-0.161172,172,0,No fault,,,,,,,,,
2026-08-12T10:56:02.809,1786524962.809958,10.393484,3,-3000,5.000000,818,-3000,0x03,single,31.218773,-2881,-0.190476,173,0,No fault,,,,,,,,,
2026-08-12T10:56:02.815,1786524962.815349,10.398881,3,-3000,5.000000,819,-3000,0x03,single,30.472070,-3059,-0.102564,173,0,No fault,,,,,,,,,
2026-08-12T10:56:02.820,1786524962.820659,10.404192,3,-3000,5.000000,820,-3000,0x03,single,29.747329,-2970,-0.184615,173,0,No fault,,,,,,,,,
2026-08-12T10:56:02.825,1786524962.825979,10.409510,3,-3000,5.000000,821,-3000,0x03,single,29.044549,-2881,-0.219780,172,0,No fault,,,,,,,,,
2026-08-12T10:56:02.831,1786524962.831285,10.414816,3,-3000,5.000000,822,-3000,0x03,single,28.319808,-3015,-0.155311,173,0,No fault,,,,,,,,,
2026-08-12T10:56:02.836,1786524962.836555,10.420076,3,-3000,5.000000,823,-3000,0x03,single,27.638991,-2791,-0.131868,174,0,No fault,,,,,,,,,
2026-08-12T10:56:02.841,1786524962.841826,10.425362,3,-3000,5.000000,824,-3000,0x03,single,26.892288,-3104,-0.167033,172,0,No fault,,,,,,,,,
2026-08-12T10:56:02.847,1786524962.847179,10.430713,3,-3000,5.000000,825,-3000,0x03,single,26.189509,-2881,-0.231502,171,0,No fault,,,,,,,,,
2026-08-12T10:56:02.852,1786524962.852478,10.435999,3,-3000,5.000000,826,-3000,0x03,single,25.486729,-2925,-0.143590,172,0,No fault,,,,,,,,,
2026-08-12T10:56:02.857,1786524962.857704,10.441224,3,-3000,5.000000,827,-3000,0x03,single,24.761988,-3059,-0.143590,173,0,No fault,,,,,,,,,
2026-08-12T10:56:02.863,1786524962.863152,10.446685,3,-3000,5.000000,828,-3000,0x03,single,24.015285,-3059,-0.196337,173,0,No fault,,,,,,,,,
2026-08-12T10:56:02.868,1786524962.868633,10.452155,3,-3000,5.000000,829,-3000,0x03,single,22.587765,-3283,-0.155311,172,0,No fault,,,,,,,,,
2026-08-12T10:56:02.873,1786524962.873889,10.457424,3,-3000,5.000000,830,-3000,0x03,single,21.863024,-3238,-0.090842,173,0,No fault,,,,,,,,,
2026-08-12T10:56:02.879,1786524962.879250,10.462790,3,-3000,5.000000,831,-3000,0x03,single,21.138283,-2925,-0.178755,173,0,No fault,,,,,,,,,
2026-08-12T10:56:02.884,1786524962.884640,10.468165,3,-3000,5.000000,832,-3000,0x03,single,20.435503,-3015,-0.196337,173,0,No fault,,,,,,,,,
2026-08-12T10:56:02.889,1786524962.889903,10.473440,3,-3000,5.000000,833,-3000,0x03,single,19.710762,-3015,-0.126007,173,0,No fault,,,,,,,,,
2026-08-12T10:56:02.895,1786524962.895273,10.478806,3,-3000,5.000000,834,-3000,0x03,single,18.986021,-3015,-0.120147,171,0,No fault,,,,,,,,,
2026-08-12T10:56:02.900,1786524962.900568,10.484094,3,-3000,5.000000,835,-3000,0x03,single,18.261280,-3104,-0.149451,170,0,No fault,,,,,,,,,
2026-08-12T10:56:02.905,1786524962.905813,10.489333,3,-3000,5.000000,836,-3000,0x03,single,17.558501,-2881,-0.161172,173,0,No fault,,,,,,,,,
2026-08-12T10:56:02.911,1786524962.911069,10.494603,3,-3000,5.000000,837,-3000,0x03,single,16.811798,-3193,-0.131868,174,0,No fault,,,,,,,,,
2026-08-12T10:56:02.916,1786524962.916399,10.499931,3,-3000,5.000000,838,-3000,0x03,single,16.087057,-3059,-0.108425,173,0,No fault,,,,,,,,,
2026-08-12T10:56:02.921,1786524962.921699,10.505230,3,-3000,5.000000,839,-3000,0x03,single,15.362316,-3149,-0.131868,173,0,No fault,,,,,,,,,
2026-08-12T10:56:02.927,1786524962.927004,10.510535,3,-3000,5.000000,840,-3000,0x03,single,14.659536,-3015,-0.143590,177,0,No fault,,,,,,,,,
2026-08-12T10:56:02.932,1786524962.932359,10.515883,3,-3000,5.000000,841,-3000,0x03,single,13.934795,-3104,-0.137729,173,0,No fault,,,,,,,,,
2026-08-12T10:56:02.937,1786524962.937662,10.521205,3,-3000,5.000000,842,-3000,0x03,single,13.210054,-3015,-0.108425,174,0,No fault,,,,,,,,,
2026-08-12T10:56:02.943,1786524962.943077,10.526612,3,-3000,5.000000,843,-3000,0x03,single,12.485313,-3015,-0.149451,173,0,No fault,,,,,,,,,
2026-08-12T10:56:02.948,1786524962.948438,10.531973,3,-3000,5.000000,844,-3000,0x03,single,11.782534,-2836,-0.172894,172,0,No fault,,,,,,,,,
2026-08-12T10:56:02.953,1786524962.953777,10.537311,3,-3000,5.000000,845,-3000,0x03,single,11.057793,-3149,-0.167033,177,0,No fault,,,,,,,,,
2026-08-12T10:56:02.959,1786524962.959110,10.542648,3,-3000,5.000000,846,-3000,0x03,single,10.333051,-3059,-0.126007,173,0,No fault,,,,,,,,,
2026-08-12T10:56:02.964,1786524962.964470,10.547995,3,-3000,5.000000,847,-3000,0x03,single,9.630272,-2925,-0.172894,173,0,No fault,,,,,,,,,
2026-08-12T10:56:02.969,1786524962.969877,10.553415,3,-3000,5.000000,848,-3000,0x03,single,8.905531,-2747,-0.184615,173,0,No fault,,,,,,,,,
2026-08-12T10:56:02.975,1786524962.975221,10.558749,3,-3000,5.000000,849,-3000,0x03,single,8.202752,-2881,-0.184615,171,0,No fault,,,,,,,,,
2026-08-12T10:56:02.991,1786524962.991112,10.574651,3,-3000,5.000000,850,-3000,0x03,single,6.753270,-3015,-0.184615,174,0,No fault,,,,,,,,,
2026-08-12T10:56:02.996,1786524962.996828,10.580368,3,-3000,5.000000,851,-3000,0x03,single,6.028528,-3015,-0.225641,172,0,No fault,,,,,,,,,
2026-08-12T10:56:03.002,1786524963.002424,10.585960,3,-3000,5.000000,852,-3000,0x03,single,3.458992,-2925,-0.178755,175,0,No fault,,,,,,,,,
2026-08-12T10:56:03.007,1786524963.007743,10.591275,3,-3000,5.000000,853,-3000,0x03,single,3.085640,-3149,-0.202198,172,0,No fault,,,,,,,,,
2026-08-12T10:56:03.013,1786524963.013067,10.596600,3,-3000,5.000000,854,-3000,0x03,single,2.360899,-3015,-0.155311,174,0,No fault,,,,,,,,,
2026-08-12T10:56:03.018,1786524963.018376,10.601908,3,-3000,5.000000,855,-3000,0x03,single,1.636158,-2970,-0.143590,176,0,No fault,,,,,,,,,
2026-08-12T10:56:03.023,1786524963.023688,10.607217,3,-3000,5.000000,856,-3000,0x03,single,0.933379,-3015,-0.231502,173,0,No fault,,,,,,,,,
2026-08-12T10:56:03.028,1786524963.028988,10.612520,3,-3000,5.000000,857,-3000,0x03,single,0.208638,-2925,-0.184615,173,0,No fault,,,,,,,,,
2026-08-12T10:56:03.034,1786524963.034296,10.617817,3,-3000,5.000000,858,-3000,0x03,single,-0.516104,-3149,-0.167033,172,0,No fault,,,,,,,,,
2026-08-12T10:56:03.039,1786524963.039555,10.623088,3,-3000,5.000000,859,-3000,0x03,single,-1.240845,-3059,-0.120147,172,0,No fault,,,,,,,,,
2026-08-12T10:56:03.044,1786524963.044831,10.628350,3,-3000,5.000000,860,-3000,0x03,single,-1.965586,-2925,-0.172894,176,0,No fault,,,,,,,,,
2026-08-12T10:56:03.050,1786524963.050186,10.633721,3,-3000,5.000000,861,-3000,0x03,single,-2.668365,-2791,-0.167033,173,0,No fault,,,,,,,,,
2026-08-12T10:56:03.055,1786524963.055487,10.639007,3,-3000,5.000000,862,-3000,0x03,single,-3.393106,-2970,-0.120147,173,0,No fault,,,,,,,,,
2026-08-12T10:56:03.060,1786524963.060734,10.644262,3,-3000,5.000000,863,-3000,0x03,single,-4.139809,-3193,-0.126007,173,0,No fault,,,,,,,,,
2026-08-12T10:56:03.066,1786524963.066023,10.649552,3,-3000,5.000000,864,-3000,0x03,single,-4.864550,-3238,-0.143590,173,0,No fault,,,,,,,,,
2026-08-12T10:56:03.071,1786524963.071341,10.654872,3,-3000,5.000000,865,-3000,0x03,single,-5.567330,-2925,-0.196337,173,0,No fault,,,,,,,,,
2026-08-12T10:56:03.076,1786524963.076643,10.660173,3,-3000,5.000000,866,-3000,0x03,single,-6.270109,-2791,-0.120147,173,0,No fault,,,,,,,,,
2026-08-12T10:56:03.081,1786524963.081924,10.665454,3,-3000,5.000000,867,-3000,0x03,single,-7.016812,-2970,-0.149451,174,0,No fault,,,,,,,,,
2026-08-12T10:56:03.087,1786524963.087223,10.670754,3,-3000,5.000000,868,-3000,0x03,single,-7.741553,-2970,-0.178755,173,0,No fault,,,,,,,,,
2026-08-12T10:56:03.092,1786524963.092510,10.676029,3,-3000,5.000000,869,-3000,0x03,single,-8.444332,-3015,-0.213919,173,0,No fault,,,,,,,,,
2026-08-12T10:56:03.097,1786524963.097753,10.681280,3,-3000,5.000000,870,-3000,0x03,single,-9.169073,-3015,-0.131868,172,0,No fault,,,,,,,,,
2026-08-12T10:56:03.103,1786524963.103044,10.686571,3,-3000,5.000000,871,-3000,0x03,single,-9.893814,-3104,-0.149451,173,0,No fault,,,,,,,,,
2026-08-12T10:56:03.108,1786524963.108355,10.691887,3,-3000,5.000000,872,-3000,0x03,single,-10.618556,-3104,-0.184615,173,0,No fault,,,,,,,,,
2026-08-12T10:56:03.113,1786524963.113627,10.697145,3,-3000,5.000000,873,-3000,0x03,single,-11.299373,-2925,-0.202198,173,0,No fault,,,,,,,,,
2026-08-12T10:56:03.118,1786524963.118884,10.702419,3,-3000,5.000000,874,-3000,0x03,single,-12.046076,-3327,-0.196337,172,0,No fault,,,,,,,,,
2026-08-12T10:56:03.124,1786524963.124197,10.707723,3,-3000,5.000000,875,-3000,0x03,single,-12.748855,-2747,-0.149451,173,0,No fault,,,,,,,,,
2026-08-12T10:56:03.129,1786524963.129824,10.713373,3,-3000,5.000000,876,-3000,0x03,single,-13.473596,-2881,-0.184615,172,0,No fault,,,,,,,,,
2026-08-12T10:56:03.135,1786524963.135665,10.719211,3,-3000,5.000000,877,-3000,0x03,single,-14.901117,-3015,-0.102564,174,0,No fault,,,,,,,,,
2026-08-12T10:56:03.141,1786524963.141070,10.724608,3,-3000,5.000000,878,-3000,0x03,single,-15.625858,-2925,-0.172894,172,0,No fault,,,,,,,,,
2026-08-12T10:56:03.146,1786524963.146383,10.729916,3,-3000,5.000000,879,-3000,0x03,single,-16.350599,-2836,-0.190476,173,0,No fault,,,,,,,,,
2026-08-12T10:56:03.151,1786524963.151681,10.735213,3,-3000,5.000000,880,-3000,0x03,single,-17.075340,-3015,-0.213919,176,0,No fault,,,,,,,,,
2026-08-12T10:56:03.156,1786524963.156982,10.740518,3,-3000,5.000000,881,-3000,0x03,single,-17.778119,-2836,-0.126007,173,0,No fault,,,,,,,,,
2026-08-12T10:56:03.162,1786524963.162296,10.745826,3,-3000,5.000000,882,-3000,0x03,single,-18.502860,-3059,-0.190476,176,0,No fault,,,,,,,,,
2026-08-12T10:56:03.167,1786524963.167583,10.751113,3,-3000,5.000000,883,-3000,0x03,single,-19.227602,-3059,-0.196337,171,0,No fault,,,,,,,,,
2026-08-12T10:56:03.172,1786524963.172874,10.756407,3,-3000,5.000000,884,-3000,0x03,single,-19.930381,-3015,-0.172894,173,0,No fault,,,,,,,,,
2026-08-12T10:56:03.188,1786524963.188357,10.771892,3,-3000,5.000000,885,-3000,0x03,single,-20.633160,-2970,-0.149451,172,0,No fault,,,,,,,,,
2026-08-12T10:56:03.193,1786524963.193677,10.777211,3,-3000,5.000000,886,-3000,0x03,single,-22.082642,-2791,-0.172894,173,0,No fault,,,,,,,,,
2026-08-12T10:56:03.198,1786524963.198964,10.782495,3,-3000,5.000000,887,-3000,0x03,single,-24.322751,-2836,-0.167033,172,0,No fault,,,,,,,,,
2026-08-12T10:56:03.204,1786524963.204278,10.787811,3,-3000,5.000000,888,-3000,0x03,single,-24.696103,-2925,-0.184615,174,0,No fault,,,,,,,,,
2026-08-12T10:56:03.209,1786524963.209608,10.793136,3,-3000,5.000000,889,-3000,0x03,single,-25.113378,-3104,-0.131868,169,0,No fault,,,,,,,,,
2026-08-12T10:56:03.214,1786524963.214884,10.798412,3,-3000,5.000000,890,-3000,0x03,single,-25.816157,-3059,-0.167033,172,0,No fault,,,,,,,,,
2026-08-12T10:56:03.220,1786524963.220195,10.803731,3,-3000,5.000000,891,-3000,0x03,single,-26.540898,-3104,-0.090842,172,0,No fault,,,,,,,,,
2026-08-12T10:56:03.225,1786524963.225543,10.809076,3,-3000,5.000000,892,-3000,0x03,single,-27.243678,-2836,-0.143590,172,0,No fault,,,,,,,,,
2026-08-12T10:56:03.230,1786524963.230846,10.814379,3,-3000,5.000000,893,-3000,0x03,single,-27.968419,-3015,-0.137729,173,0,No fault,,,,,,,,,
2026-08-12T10:56:03.243,1786524963.243021,10.826562,4,0,0.800000,1,0,0x03,single,-29.395939,-3059,-0.090842,172,0,No fault,,,,,,,,,
2026-08-12T10:56:03.248,1786524963.248439,10.831969,4,0,0.800000,2,0,0x03,single,-30.845421,-2881,-0.172894,173,0,No fault,,,,,,,,,
2026-08-12T10:56:03.253,1786524963.253719,10.837241,4,0,0.800000,3,0,0x03,single,-31.548201,-2881,-0.167033,174,0,No fault,,,,,,,,,
2026-08-12T10:56:03.258,1786524963.258963,10.842486,4,0,0.800000,4,0,0x03,single,-31.833705,-2345,1.520879,173,0,No fault,,,,,,,,,
2026-08-12T10:56:03.264,1786524963.264241,10.847775,4,0,0.800000,5,0,0x03,single,-32.053323,-1898,-0.858608,176,0,No fault,,,,,,,,,
2026-08-12T10:56:03.269,1786524963.269531,10.853059,4,0,0.800000,6,0,0x03,single,-32.382751,-916,0.923077,172,0,No fault,,,,,,,,,
2026-08-12T10:56:03.274,1786524963.274819,10.858349,4,0,0.800000,7,0,0x03,single,-32.382751,112,0.172894,175,0,No fault,,,,,,,,,
2026-08-12T10:56:03.280,1786524963.280127,10.863662,4,0,0.800000,8,0,0x03,single,-32.360789,112,0.002930,174,0,No fault,,,,,,,,,
2026-08-12T10:56:03.285,1786524963.285433,10.868984,4,0,0.800000,9,0,0x03,single,-32.360789,22,-0.008791,173,0,No fault,,,,,,,,,
2026-08-12T10:56:03.290,1786524963.290688,10.874208,4,0,0.800000,10,0,0x03,single,-32.360789,-22,-0.008791,171,0,No fault,,,,,,,,,
2026-08-12T10:56:03.295,1786524963.295937,10.879463,4,0,0.800000,11,0,0x03,single,-32.360789,-67,-0.020513,173,0,No fault,,,,,,,,,
2026-08-12T10:56:03.301,1786524963.301217,10.884747,4,0,0.800000,12,0,0x03,single,-32.382751,-246,-0.020513,172,0,No fault,,,,,,,,,
2026-08-12T10:56:03.306,1786524963.306671,10.890191,4,0,0.800000,13,0,0x03,single,-32.360789,-67,-0.020513,173,0,No fault,,,,,,,,,
2026-08-12T10:56:03.311,1786524963.311889,10.895410,4,0,0.800000,14,0,0x03,single,-32.360789,-112,-0.043956,172,0,No fault,,,,,,,,,
2026-08-12T10:56:03.317,1786524963.317150,10.900681,4,0,0.800000,15,0,0x03,single,-32.360789,-67,-0.038095,173,0,No fault,,,,,,,,,
2026-08-12T10:56:03.322,1786524963.322425,10.905949,4,0,0.800000,16,0,0x03,single,-32.360789,-67,-0.038095,173,0,No fault,,,,,,,,,
2026-08-12T10:56:03.327,1786524963.327656,10.911175,4,0,0.800000,17,0,0x03,single,-32.360789,112,-0.049817,173,0,No fault,,,,,,,,,
2026-08-12T10:56:03.332,1786524963.332864,10.916383,4,0,0.800000,18,0,0x03,single,-32.382751,-67,-0.026374,173,0,No fault,,,,,,,,,
2026-08-12T10:56:03.338,1786524963.338109,10.921645,4,0,0.800000,19,0,0x03,single,-32.382751,-156,-0.043956,173,0,No fault,,,,,,,,,
2026-08-12T10:56:03.343,1786524963.343402,10.926923,4,0,0.800000,20,0,0x03,single,-32.360789,-22,-0.038095,173,0,No fault,,,,,,,,,
2026-08-12T10:56:03.348,1786524963.348682,10.932228,4,0,0.800000,21,0,0x03,single,-32.382751,-112,-0.043956,173,0,No fault,,,,,,,,,
2026-08-12T10:56:03.354,1786524963.354074,10.937613,4,0,0.800000,22,0,0x03,single,-32.360789,-22,-0.043956,173,0,No fault,,,,,,,,,
2026-08-12T10:56:03.359,1786524963.359401,10.942932,4,0,0.800000,23,0,0x03,single,-32.360789,22,-0.026374,171,0,No fault,,,,,,,,,
2026-08-12T10:56:03.364,1786524963.364674,10.948200,4,0,0.800000,24,0,0x03,single,-32.360789,22,-0.032234,171,0,No fault,,,,,,,,,
2026-08-12T10:56:03.370,1786524963.370027,10.953561,4,0,0.800000,25,0,0x03,single,-32.360789,22,-0.032234,172,0,No fault,,,,,,,,,
2026-08-12T10:56:03.375,1786524963.375307,10.958836,4,0,0.800000,26,0,0x03,single,-32.382751,-67,-0.043956,173,0,No fault,,,,,,,,,
2026-08-12T10:56:03.390,1786524963.390840,10.974385,4,0,0.800000,27,0,0x03,single,-32.382751,-67,-0.038095,173,0,No fault,,,,,,,,,
2026-08-12T10:56:03.396,1786524963.396663,10.980207,4,0,0.800000,28,0,0x03,single,-32.360789,22,-0.043956,173,0,No fault,,,,,,,,,
2026-08-12T10:56:03.402,1786524963.402068,10.985592,4,0,0.800000,29,0,0x03,single,-32.360789,67,-0.038095,173,0,No fault,,,,,,,,,
2026-08-12T10:56:03.407,1786524963.407608,10.991150,4,0,0.800000,30,0,0x03,single,-32.382751,-22,-0.038095,173,0,No fault,,,,,,,,,
2026-08-12T10:56:03.413,1786524963.413077,10.996615,4,0,0.800000,31,0,0x03,single,-32.382751,-112,-0.043956,172,0,No fault,,,,,,,,,
2026-08-12T10:56:03.418,1786524963.418426,11.001958,4,0,0.800000,32,0,0x03,single,-32.360789,22,-0.043956,173,0,No fault,,,,,,,,,
2026-08-12T10:56:03.423,1786524963.423757,11.007292,4,0,0.800000,33,0,0x03,single,-32.382751,-67,-0.020513,171,0,No fault,,,,,,,,,
2026-08-12T10:56:03.429,1786524963.429109,11.012638,4,0,0.800000,34,0,0x03,single,-32.382751,-201,-0.043956,172,0,No fault,,,,,,,,,
2026-08-12T10:56:03.434,1786524963.434385,11.017911,4,0,0.800000,35,0,0x03,single,-32.382751,22,-0.032234,173,0,No fault,,,,,,,,,
2026-08-12T10:56:03.439,1786524963.439676,11.023213,4,0,0.800000,36,0,0x03,single,-32.360789,22,-0.049817,173,0,No fault,,,,,,,,,
2026-08-12T10:56:03.445,1786524963.445023,11.028549,4,0,0.800000,37,0,0x03,single,-32.382751,-67,-0.038095,170,0,No fault,,,,,,,,,
2026-08-12T10:56:03.450,1786524963.450285,11.033809,4,0,0.800000,38,0,0x03,single,-32.382751,-156,-0.043956,170,0,No fault,,,,,,,,,
2026-08-12T10:56:03.455,1786524963.455560,11.039093,4,0,0.800000,39,0,0x03,single,-32.382751,-112,-0.038095,173,0,No fault,,,,,,,,,
2026-08-12T10:56:03.460,1786524963.460866,11.044392,4,0,0.800000,40,0,0x03,single,-32.382751,-201,-0.055678,173,0,No fault,,,,,,,,,
2026-08-12T10:56:03.466,1786524963.466125,11.049650,4,0,0.800000,41,0,0x03,single,-32.360789,156,-0.055678,167,0,No fault,,,,,,,,,
2026-08-12T10:56:03.471,1786524963.471371,11.054894,4,0,0.800000,42,0,0x03,single,-32.382751,-67,-0.049817,173,0,No fault,,,,,,,,,
2026-08-12T10:56:03.476,1786524963.476641,11.060176,4,0,0.800000,43,0,0x03,single,-32.382751,-112,-0.038095,172,0,No fault,,,,,,,,,
2026-08-12T10:56:03.482,1786524963.482055,11.065580,4,0,0.800000,44,0,0x03,single,-32.382751,-22,-0.032234,174,0,No fault,,,,,,,,,
2026-08-12T10:56:03.487,1786524963.487307,11.070829,4,0,0.800000,45,0,0x03,single,-32.382751,-156,-0.038095,172,0,No fault,,,,,,,,,
2026-08-12T10:56:03.492,1786524963.492566,11.076102,4,0,0.800000,46,0,0x03,single,-32.382751,22,-0.032234,173,0,No fault,,,,,,,,,
2026-08-12T10:56:03.497,1786524963.497865,11.081390,4,0,0.800000,47,0,0x03,single,-32.382751,-156,-0.049817,173,0,No fault,,,,,,,,,
2026-08-12T10:56:03.503,1786524963.503107,11.086629,4,0,0.800000,48,0,0x03,single,-32.382751,-156,-0.043956,173,0,No fault,,,,,,,,,
2026-08-12T10:56:03.508,1786524963.508338,11.091921,4,0,0.800000,49,0,0x03,single,-32.382751,-22,-0.049817,173,0,No fault,,,,,,,,,
2026-08-12T10:56:03.513,1786524963.513666,11.097202,4,0,0.800000,50,0,0x03,single,-32.382751,-22,-0.049817,175,0,No fault,,,,,,,,,
2026-08-12T10:56:03.518,1786524963.518979,11.102503,4,0,0.800000,51,0,0x03,single,-32.382751,-22,-0.055678,170,0,No fault,,,,,,,,,
2026-08-12T10:56:03.524,1786524963.524216,11.107739,4,0,0.800000,52,0,0x03,single,-32.360789,22,-0.055678,173,0,No fault,,,,,,,,,
2026-08-12T10:56:03.529,1786524963.529522,11.113060,4,0,0.800000,53,0,0x03,single,-32.360789,156,-0.043956,173,0,No fault,,,,,,,,,
2026-08-12T10:56:03.534,1786524963.534960,11.118485,4,0,0.800000,54,0,0x03,single,-32.382751,-112,-0.032234,173,0,No fault,,,,,,,,,
2026-08-12T10:56:03.540,1786524963.540463,11.123998,4,0,0.800000,55,0,0x03,single,-32.382751,22,-0.038095,173,0,No fault,,,,,,,,,
2026-08-12T10:56:03.545,1786524963.545816,11.129352,4,0,0.800000,56,0,0x03,single,-32.382751,-22,-0.049817,172,0,No fault,,,,,,,,,
2026-08-12T10:56:03.551,1786524963.551147,11.134683,4,0,0.800000,57,0,0x03,single,-32.382751,-112,-0.049817,172,0,No fault,,,,,,,,,
2026-08-12T10:56:03.556,1786524963.556443,11.139966,4,0,0.800000,58,0,0x03,single,-32.382751,-156,-0.043956,172,0,No fault,,,,,,,,,
2026-08-12T10:56:03.561,1786524963.561711,11.145243,4,0,0.800000,59,0,0x03,single,-32.382751,67,-0.038095,172,0,No fault,,,,,,,,,
2026-08-12T10:56:03.567,1786524963.567010,11.150544,4,0,0.800000,60,0,0x03,single,-32.360789,67,-0.043956,172,0,No fault,,,,,,,,,
2026-08-12T10:56:03.572,1786524963.572285,11.155809,4,0,0.800000,61,0,0x03,single,-32.382751,-22,-0.049817,172,0,No fault,,,,,,,,,
2026-08-12T10:56:03.587,1786524963.587698,11.171234,4,0,0.800000,62,0,0x03,single,-32.382751,-22,-0.032234,174,0,No fault,,,,,,,,,
2026-08-12T10:56:03.593,1786524963.593035,11.176571,4,0,0.800000,63,0,0x03,single,-32.382751,-246,-0.049817,174,0,No fault,,,,,,,,,
2026-08-12T10:56:03.598,1786524963.598356,11.181893,4,0,0.800000,64,0,0x03,single,-32.382751,22,-0.043956,173,0,No fault,,,,,,,,,
2026-08-12T10:56:03.603,1786524963.603689,11.187222,4,0,0.800000,65,0,0x03,single,-32.382751,-156,-0.049817,173,0,No fault,,,,,,,,,
2026-08-12T10:56:03.608,1786524963.608994,11.192523,4,0,0.800000,66,0,0x03,single,-32.360789,67,-0.043956,173,0,No fault,,,,,,,,,
2026-08-12T10:56:03.614,1786524963.614288,11.197818,4,0,0.800000,67,0,0x03,single,-32.382751,22,-0.043956,173,0,No fault,,,,,,,,,
2026-08-12T10:56:03.619,1786524963.619586,11.203117,4,0,0.800000,68,0,0x03,single,-32.382751,-112,-0.032234,169,0,No fault,,,,,,,,,
2026-08-12T10:56:03.624,1786524963.624905,11.208445,4,0,0.800000,69,0,0x03,single,-32.382751,-112,-0.043956,172,0,No fault,,,,,,,,,
2026-08-12T10:56:03.630,1786524963.630258,11.213797,4,0,0.800000,70,0,0x03,single,-32.360789,112,-0.049817,175,0,No fault,,,,,,,,,
2026-08-12T10:56:03.635,1786524963.635590,11.219129,4,0,0.800000,71,0,0x03,single,-32.382751,-67,-0.049817,168,0,No fault,,,,,,,,,
2026-08-12T10:56:03.640,1786524963.640911,11.224442,4,0,0.800000,72,0,0x03,single,-32.382751,22,-0.032234,170,0,No fault,,,,,,,,,
2026-08-12T10:56:03.646,1786524963.646343,11.229877,4,0,0.800000,73,0,0x03,single,-32.382751,-156,-0.043956,171,0,No fault,,,,,,,,,
2026-08-12T10:56:03.651,1786524963.651638,11.235165,4,0,0.800000,74,0,0x03,single,-32.382751,-156,-0.055678,173,0,No fault,,,,,,,,,
2026-08-12T10:56:03.657,1786524963.657005,11.240530,4,0,0.800000,75,0,0x03,single,-32.382751,22,-0.049817,173,0,No fault,,,,,,,,,
2026-08-12T10:56:03.662,1786524963.662282,11.245818,4,0,0.800000,76,0,0x03,single,-32.382751,-22,-0.038095,172,0,No fault,,,,,,,,,
2026-08-12T10:56:03.667,1786524963.667610,11.251134,4,0,0.800000,77,0,0x03,single,-32.382751,67,-0.038095,174,0,No fault,,,,,,,,,
2026-08-12T10:56:03.672,1786524963.672961,11.256485,4,0,0.800000,78,0,0x03,single,-32.382751,67,-0.032234,172,0,No fault,,,,,,,,,
2026-08-12T10:56:03.678,1786524963.678421,11.261955,4,0,0.800000,79,0,0x03,single,-32.382751,22,-0.049817,173,0,No fault,,,,,,,,,
2026-08-12T10:56:03.683,1786524963.683705,11.267228,4,0,0.800000,80,0,0x03,single,-32.382751,-22,-0.049817,173,0,No fault,,,,,,,,,
2026-08-12T10:56:03.688,1786524963.688937,11.272459,4,0,0.800000,81,0,0x03,single,-32.360789,112,-0.043956,175,0,No fault,,,,,,,,,
2026-08-12T10:56:03.694,1786524963.694158,11.277678,4,0,0.800000,82,0,0x03,single,-32.382751,-246,-0.049817,172,0,No fault,,,,,,,,,
2026-08-12T10:56:03.699,1786524963.699419,11.282953,4,0,0.800000,83,0,0x03,single,-32.382751,-112,-0.055678,173,0,No fault,,,,,,,,,
2026-08-12T10:56:03.704,1786524963.704727,11.288250,4,0,0.800000,84,0,0x03,single,-32.382751,67,-0.032234,173,0,No fault,,,,,,,,,
2026-08-12T10:56:03.709,1786524963.709967,11.293491,4,0,0.800000,85,0,0x03,single,-32.382751,-67,-0.038095,171,0,No fault,,,,,,,,,
2026-08-12T10:56:03.715,1786524963.715227,11.298760,4,0,0.800000,86,0,0x03,single,-32.382751,-112,-0.043956,173,0,No fault,,,,,,,,,
2026-08-12T10:56:03.720,1786524963.720516,11.304040,4,0,0.800000,87,0,0x03,single,-32.382751,-22,-0.038095,172,0,No fault,,,,,,,,,
2026-08-12T10:56:03.725,1786524963.725780,11.309314,4,0,0.800000,88,0,0x03,single,-32.382751,67,-0.043956,173,0,No fault,,,,,,,,,
2026-08-12T10:56:03.731,1786524963.731156,11.314690,4,0,0.800000,89,0,0x03,single,-32.382751,-112,-0.049817,173,0,No fault,,,,,,,,,
2026-08-12T10:56:03.736,1786524963.736494,11.320030,4,0,0.800000,90,0,0x03,single,-32.360789,112,-0.043956,173,0,No fault,,,,,,,,,
2026-08-12T10:56:03.741,1786524963.741817,11.325354,4,0,0.800000,91,0,0x03,single,-32.382751,-156,-0.049817,172,0,No fault,,,,,,,,,
2026-08-12T10:56:03.747,1786524963.747151,11.330688,4,0,0.800000,92,0,0x03,single,-32.382751,67,-0.043956,172,0,No fault,,,,,,,,,
2026-08-12T10:56:03.752,1786524963.752485,11.336020,4,0,0.800000,93,0,0x03,single,-32.382751,-22,-0.049817,173,0,No fault,,,,,,,,,
2026-08-12T10:56:03.757,1786524963.757779,11.341302,4,0,0.800000,94,0,0x03,single,-32.382751,-201,-0.049817,173,0,No fault,,,,,,,,,
2026-08-12T10:56:03.763,1786524963.763042,11.346574,4,0,0.800000,95,0,0x03,single,-32.382751,-156,-0.032234,173,0,No fault,,,,,,,,,
2026-08-12T10:56:03.768,1786524963.768341,11.351864,4,0,0.800000,96,0,0x03,single,-32.382751,-112,-0.043956,169,0,No fault,,,,,,,,,
2026-08-12T10:56:03.773,1786524963.773588,11.357108,4,0,0.800000,97,0,0x03,single,-32.382751,-22,-0.043956,173,0,No fault,,,,,,,,,
2026-08-12T10:56:03.778,1786524963.778893,11.362430,4,0,0.800000,98,0,0x03,single,-32.360789,112,-0.049817,174,0,No fault,,,,,,,,,
2026-08-12T10:56:03.794,1786524963.794553,11.378096,4,0,0.800000,99,0,0x03,single,-32.382751,-22,-0.049817,171,0,No fault,,,,,,,,,
2026-08-12T10:56:03.799,1786524963.799904,11.383440,4,0,0.800000,100,0,0x03,single,-32.382751,22,-0.049817,172,0,No fault,,,,,,,,,
2026-08-12T10:56:03.805,1786524963.805223,11.388748,4,0,0.800000,101,0,0x03,single,-32.382751,67,-0.032234,173,0,No fault,,,,,,,,,
2026-08-12T10:56:03.810,1786524963.810465,11.393986,4,0,0.800000,102,0,0x03,single,-32.382751,-22,-0.049817,173,0,No fault,,,,,,,,,
2026-08-12T10:56:03.815,1786524963.815712,11.399241,4,0,0.800000,103,0,0x03,single,-32.382751,-201,-0.038095,173,0,No fault,,,,,,,,,
2026-08-12T10:56:03.821,1786524963.821024,11.404556,4,0,0.800000,104,0,0x03,single,-32.382751,-201,-0.049817,173,0,No fault,,,,,,,,,
2026-08-12T10:56:03.826,1786524963.826318,11.409844,4,0,0.800000,105,0,0x03,single,-32.382751,-112,-0.043956,173,0,No fault,,,,,,,,,
2026-08-12T10:56:03.831,1786524963.831767,11.415295,4,0,0.800000,106,0,0x03,single,-32.382751,-112,-0.043956,172,0,No fault,,,,,,,,,
2026-08-12T10:56:03.837,1786524963.837043,11.420567,4,0,0.800000,107,0,0x03,single,-32.382751,-22,-0.049817,172,0,No fault,,,,,,,,,
2026-08-12T10:56:03.842,1786524963.842356,11.425876,4,0,0.800000,108,0,0x03,single,-32.382751,-112,-0.032234,173,0,No fault,,,,,,,,,
2026-08-12T10:56:03.847,1786524963.847590,11.431115,4,0,0.800000,109,0,0x03,single,-32.382751,-67,-0.049817,173,0,No fault,,,,,,,,,
2026-08-12T10:56:03.852,1786524963.852855,11.436407,4,0,0.800000,110,0,0x03,single,-32.382751,-112,-0.049817,173,0,No fault,,,,,,,,,
2026-08-12T10:56:03.858,1786524963.858262,11.441811,4,0,0.800000,111,0,0x03,single,-32.382751,-22,-0.032234,173,0,No fault,,,,,,,,,
2026-08-12T10:56:03.863,1786524963.863627,11.447153,4,0,0.800000,112,0,0x03,single,-32.382751,-246,-0.043956,173,0,No fault,,,,,,,,,
2026-08-12T10:56:03.868,1786524963.868919,11.452453,4,0,0.800000,113,0,0x03,single,-32.382751,-112,-0.038095,174,0,No fault,,,,,,,,,
2026-08-12T10:56:03.874,1786524963.874249,11.457792,4,0,0.800000,114,0,0x03,single,-32.360789,156,-0.043956,172,0,No fault,,,,,,,,,
2026-08-12T10:56:03.879,1786524963.879616,11.463171,4,0,0.800000,115,0,0x03,single,-32.382751,-22,-0.032234,173,0,No fault,,,,,,,,,
2026-08-12T10:56:03.885,1786524963.885026,11.468575,4,0,0.800000,116,0,0x03,single,-32.360789,112,-0.049817,172,0,No fault,,,,,,,,,
2026-08-12T10:56:03.890,1786524963.890421,11.473971,4,0,0.800000,117,0,0x03,single,-32.382751,22,-0.038095,172,0,No fault,,,,,,,,,
2026-08-12T10:56:03.895,1786524963.895793,11.479328,4,0,0.800000,118,0,0x03,single,-32.382751,-67,-0.038095,173,0,No fault,,,,,,,,,
2026-08-12T10:56:03.901,1786524963.901106,11.484647,4,0,0.800000,119,0,0x03,single,-32.382751,22,-0.038095,175,0,No fault,,,,,,,,,
2026-08-12T10:56:03.906,1786524963.906455,11.489994,4,0,0.800000,120,0,0x03,single,-32.382751,-112,-0.049817,171,0,No fault,,,,,,,,,
2026-08-12T10:56:03.915,1786524963.915217,11.498734,4,0,0.800000,121,0,0x03,single,-32.382751,112,-0.038095,171,0,No fault,,,,,,,,,
2026-08-12T10:56:03.920,1786524963.920751,11.504289,4,0,0.800000,122,0,0x03,single,-32.382751,-67,-0.049817,171,0,No fault,,,,,,,,,
2026-08-12T10:56:03.926,1786524963.926057,11.509583,4,0,0.800000,123,0,0x03,single,-32.382751,22,-0.038095,173,0,No fault,,,,,,,,,
2026-08-12T10:56:03.931,1786524963.931325,11.514854,4,0,0.800000,124,0,0x03,single,-32.382751,22,-0.061538,172,0,No fault,,,,,,,,,
2026-08-12T10:56:03.936,1786524963.936626,11.520157,4,0,0.800000,125,0,0x03,single,-32.382751,-22,-0.038095,172,0,No fault,,,,,,,,,
2026-08-12T10:56:03.941,1786524963.941928,11.525466,4,0,0.800000,126,0,0x03,single,-32.382751,112,-0.038095,173,0,No fault,,,,,,,,,
2026-08-12T10:56:03.947,1786524963.947241,11.530766,4,0,0.800000,127,0,0x03,single,-32.382751,22,-0.026374,173,0,No fault,,,,,,,,,
2026-08-12T10:56:03.952,1786524963.952488,11.536008,4,0,0.800000,128,0,0x03,single,-32.382751,-112,-0.055678,172,0,No fault,,,,,,,,,
2026-08-12T10:56:03.957,1786524963.957745,11.541278,4,0,0.800000,129,0,0x03,single,-32.382751,-201,-0.043956,172,0,No fault,,,,,,,,,
2026-08-12T10:56:03.963,1786524963.963053,11.546580,4,0,0.800000,130,0,0x03,single,-32.382751,-22,-0.032234,172,0,No fault,,,,,,,,,
2026-08-12T10:56:03.968,1786524963.968314,11.551838,4,0,0.800000,131,0,0x03,single,-32.360789,156,-0.043956,174,0,No fault,,,,,,,,,
2026-08-12T10:56:03.973,1786524963.973585,11.557122,4,0,0.800000,132,0,0x03,single,-32.360789,201,-0.032234,173,0,No fault,,,,,,,,,
2026-08-12T10:56:03.978,1786524963.978899,11.562424,4,0,0.800000,133,0,0x03,single,-32.382751,22,-0.049817,172,0,No fault,,,,,,,,,
2026-08-12T10:56:03.984,1786524963.984158,11.567686,4,0,0.800000,134,0,0x03,single,-32.382751,-201,-0.043956,171,0,No fault,,,,,,,,,
2026-08-12T10:56:03.999,1786524963.999692,11.583233,4,0,0.800000,135,0,0x03,single,-32.382751,-67,-0.038095,173,0,No fault,,,,,,,,,
2026-08-12T10:56:04.005,1786524964.005045,11.588594,4,0,0.800000,136,0,0x03,single,-32.382751,-246,-0.055678,172,0,No fault,,,,,,,,,
2026-08-12T10:56:04.010,1786524964.010523,11.594061,4,0,0.800000,137,0,0x03,single,-32.382751,67,-0.032234,172,0,No fault,,,,,,,,,
2026-08-12T10:56:04.015,1786524964.015810,11.599333,4,0,0.800000,138,0,0x03,single,-32.382751,-67,-0.038095,173,0,No fault,,,,,,,,,
2026-08-12T10:56:04.021,1786524964.021347,11.604879,4,0,0.800000,139,0,0x03,single,-32.382751,-67,-0.043956,175,0,No fault,,,,,,,,,
2026-08-12T10:56:04.026,1786524964.026704,11.610235,4,0,0.800000,140,0,0x03,single,-32.382751,22,-0.038095,177,0,No fault,,,,,,,,,
2026-08-12T10:56:04.031,1786524964.031982,11.615509,4,0,0.800000,141,0,0x03,single,-32.382751,22,-0.032234,173,0,No fault,,,,,,,,,
2026-08-12T10:56:04.037,1786524964.037250,11.620779,4,0,0.800000,142,0,0x03,single,-32.382751,-22,-0.038095,172,0,No fault,,,,,,,,,
