wall_time_iso,wall_time_epoch_s,elapsed_s,phase_index,phase_command_erpm,phase_duration_s,sample_index,command_erpm,left_motor_id,left_motor_label,left_feedback_position_deg,left_feedback_speed_erpm,left_feedback_current_amps,left_feedback_temperature_c,left_feedback_error_code,left_feedback_error_description,right_motor_id,right_motor_label,right_feedback_position_deg,right_feedback_speed_erpm,right_feedback_current_amps,right_feedback_temperature_c,right_feedback_error_code,right_feedback_error_description,sync_error_erpm
2026-08-12T13:26:52.723,1786534012.723409,0.023523,1,2500,5.000000,1,2500,0x01,left,-705.815198,3006,0.084249,28,0,No fault,0x02,right,570.826744,2583,-0.538462,27,0,No fault,423.00
2026-08-12T13:26:52.729,1786534012.729634,0.029746,1,2500,5.000000,2,2500,0x01,left,-704.875350,2565,-0.098901,28,0,No fault,0x02,right,571.613593,2530,0.428571,27,0,No fault,35.00
2026-08-12T13:26:52.735,1786534012.735259,0.035359,1,2500,5.000000,3,2500,0x01,left,-703.192365,2530,0.150183,28,0,No fault,0x02,right,572.487871,2265,0.040293,27,0,No fault,265.00
2026-08-12T13:26:52.740,1786534012.740706,0.040795,1,2500,5.000000,4,2500,0x01,left,-702.339945,2036,0.098901,28,0,No fault,0x02,right,573.340292,2512,0.150183,27,0,No fault,-476.00
2026-08-12T13:26:52.746,1786534012.746150,0.046265,1,2500,5.000000,5,2500,0x01,left,-701.487524,2283,0.098901,28,0,No fault,0x02,right,574.192712,2371,0.106227,27,0,No fault,-88.00
2026-08-12T13:26:52.751,1786534012.751678,0.051774,1,2500,5.000000,6,2500,0x01,left,-700.635103,2389,0.098901,28,0,No fault,0x02,right,575.066990,2389,0.076923,27,0,No fault,0.00
2026-08-12T13:26:52.757,1786534012.757190,0.057286,1,2500,5.000000,7,2500,0x01,left,-699.738969,2653,0.062271,28,0,No fault,0x02,right,575.919410,2283,0.135531,27,0,No fault,370.00
2026-08-12T13:26:52.762,1786534012.762660,0.062755,1,2500,5.000000,8,2500,0x01,left,-698.886548,2265,0.120879,28,0,No fault,0x02,right,576.793688,2477,0.098901,27,0,No fault,-212.00
2026-08-12T13:26:52.768,1786534012.768142,0.068238,1,2500,5.000000,9,2500,0x01,left,-698.055985,2283,0.113553,28,0,No fault,0x02,right,577.646109,2530,0.142857,27,0,No fault,-247.00
2026-08-12T13:26:52.773,1786534012.773641,0.073749,1,2500,5.000000,10,2500,0x01,left,-697.203564,2212,0.098901,28,0,No fault,0x02,right,578.498529,2301,0.135531,27,0,No fault,-89.00
2026-08-12T13:26:52.779,1786534012.779279,0.079414,1,2500,5.000000,11,2500,0x01,left,-696.307430,2636,0.069597,28,0,No fault,0x02,right,579.350950,2301,0.098901,27,0,No fault,335.00
2026-08-12T13:26:52.784,1786534012.784960,0.085059,1,2500,5.000000,12,2500,0x01,left,-695.433152,2230,0.054945,28,0,No fault,0x02,right,581.143219,2459,0.135531,27,0,No fault,-229.00
2026-08-12T13:26:52.790,1786534012.790572,0.090675,1,2500,5.000000,13,2500,0x01,left,-694.580731,2336,0.135531,28,0,No fault,0x02,right,581.995639,2583,0.062271,27,0,No fault,-247.00
2026-08-12T13:26:52.796,1786534012.796259,0.096358,1,2500,5.000000,14,2500,0x01,left,-693.728311,2195,0.106227,28,0,No fault,0x02,right,582.869917,2459,0.084249,27,0,No fault,-264.00
2026-08-12T13:26:52.801,1786534012.801983,0.102080,1,2500,5.000000,15,2500,0x01,left,-692.001613,2248,0.047619,28,0,No fault,0x02,right,583.722338,2565,0.106227,27,0,No fault,-317.00
2026-08-12T13:26:52.807,1786534012.807536,0.107635,1,2500,5.000000,16,2500,0x01,left,-691.105478,2830,0.069597,28,0,No fault,0x02,right,584.618472,2636,0.076923,27,0,No fault,194.00
2026-08-12T13:26:52.813,1786534012.813076,0.113174,1,2500,5.000000,17,2500,0x01,left,-690.231201,2583,0.120879,28,0,No fault,0x02,right,585.470893,2248,0.098901,27,0,No fault,335.00
2026-08-12T13:26:52.818,1786534012.818652,0.118749,1,2500,5.000000,18,2500,0x01,left,-689.378780,2600,0.084249,28,0,No fault,0x02,right,586.345170,2777,0.091575,27,0,No fault,-177.00
2026-08-12T13:26:52.824,1786534012.824240,0.124344,1,2500,5.000000,19,2500,0x01,left,-688.526359,2495,0.062271,28,0,No fault,0x02,right,587.197591,2636,0.076923,27,0,No fault,-141.00
2026-08-12T13:26:52.829,1786534012.829809,0.129908,1,2500,5.000000,20,2500,0x01,left,-687.652082,2371,0.032967,28,0,No fault,0x02,right,588.071868,2583,0.091575,27,0,No fault,-212.00
2026-08-12T13:26:52.835,1786534012.835865,0.135971,1,2500,5.000000,21,2500,0x01,left,-686.777804,2565,0.062271,28,0,No fault,0x02,right,589.798567,2318,0.076923,27,0,No fault,247.00
2026-08-12T13:26:52.841,1786534012.841518,0.141620,1,2500,5.000000,22,2500,0x01,left,-685.903527,2036,0.106227,28,0,No fault,0x02,right,590.672844,2230,0.084249,27,0,No fault,-194.00
2026-08-12T13:26:52.847,1786534012.847878,0.147991,1,2500,5.000000,23,2500,0x01,left,-685.051106,2054,0.084249,28,0,No fault,0x02,right,591.547122,2301,0.106227,27,0,No fault,-247.00
2026-08-12T13:26:52.853,1786534012.853514,0.153617,1,2500,5.000000,24,2500,0x01,left,-683.280694,2671,0.003663,28,0,No fault,0x02,right,592.443256,2812,0.098901,27,0,No fault,-141.00
2026-08-12T13:26:52.859,1786534012.859270,0.159439,1,2500,5.000000,25,2500,0x01,left,-682.384560,2195,0.076923,28,0,No fault,0x02,right,593.317534,2212,0.062271,27,0,No fault,-17.00
2026-08-12T13:26:52.865,1786534012.865092,0.165200,1,2500,5.000000,26,2500,0x01,left,-681.510282,2248,0.120879,28,0,No fault,0x02,right,594.191811,2406,0.135531,27,0,No fault,-158.00
2026-08-12T13:26:52.870,1786534012.870802,0.170913,1,2500,5.000000,27,2500,0x01,left,-680.657861,2389,0.098901,28,0,No fault,0x02,right,595.087946,2124,0.076923,27,0,No fault,265.00
2026-08-12T13:26:52.876,1786534012.876655,0.176747,1,2500,5.000000,28,2500,0x01,left,-679.783584,2424,0.062271,28,0,No fault,0x02,right,595.940366,2019,0.150183,27,0,No fault,405.00
2026-08-12T13:26:52.882,1786534012.882353,0.182435,1,2500,5.000000,29,2500,0x01,left,-678.909306,2459,0.018315,28,0,No fault,0x02,right,597.732635,2741,0.084249,27,0,No fault,-282.00
2026-08-12T13:26:52.896,1786534012.896264,0.196462,1,2500,5.000000,30,2500,0x01,left,-677.138894,2248,0.120879,28,0,No fault,0x02,right,597.732635,2741,0.084249,27,0,No fault,-493.00
2026-08-12T13:26:52.902,1786534012.902569,0.202718,1,2500,5.000000,31,2500,0x01,left,-675.215484,2900,0.150183,28,0,No fault,0x02,right,601.098604,2248,0.069597,27,0,No fault,652.00
2026-08-12T13:26:52.914,1786534012.914184,0.214362,1,2500,5.000000,32,2500,0x01,left,-674.363063,2583,0.010989,28,0,No fault,0x02,right,602.737874,2283,0.106227,27,0,No fault,300.00
2026-08-12T13:26:52.920,1786534012.920051,0.220178,1,2500,5.000000,33,2500,0x01,left,-671.980657,2318,0.084249,28,0,No fault,0x02,right,603.612152,2706,0.091575,27,0,No fault,-388.00
2026-08-12T13:26:52.925,1786534012.925784,0.225886,1,2500,5.000000,34,2500,0x01,left,-671.543518,2230,0.076923,28,0,No fault,0x02,right,604.486429,2512,0.054945,27,0,No fault,-282.00
2026-08-12T13:26:52.931,1786534012.931511,0.231640,1,2500,5.000000,35,2500,0x01,left,-670.625526,2600,0.062271,28,0,No fault,0x02,right,605.360707,2265,0.098901,27,0,No fault,335.00
2026-08-12T13:26:52.937,1786534012.937945,0.238076,1,2500,5.000000,36,2500,0x01,left,-669.751249,2142,0.069597,28,0,No fault,0x02,right,606.213128,2283,0.084249,27,0,No fault,-141.00
2026-08-12T13:26:52.944,1786534012.944023,0.244125,1,2500,5.000000,37,2500,0x01,left,-667.827838,2636,0.113553,28,0,No fault,0x02,right,607.305975,2265,0.113553,27,0,No fault,371.00
2026-08-12T13:26:52.949,1786534012.949937,0.250045,1,2500,5.000000,38,2500,0x01,left,-667.019131,2301,0.091575,28,0,No fault,0x02,right,609.098244,2442,0.062271,27,0,No fault,-141.00
2026-08-12T13:26:52.955,1786534012.955532,0.255638,1,2500,5.000000,39,2500,0x01,left,-666.079283,2847,0.018315,28,0,No fault,0x02,right,609.994378,2653,0.091575,27,0,No fault,194.00
2026-08-12T13:26:52.961,1786534012.961226,0.261346,1,2500,5.000000,40,2500,0x01,left,-665.226863,2671,0.084249,28,0,No fault,0x02,right,610.868656,2530,0.098901,27,0,No fault,141.00
2026-08-12T13:26:52.966,1786534012.966968,0.267073,1,2500,5.000000,41,2500,0x01,left,-664.330728,2089,0.142857,28,0,No fault,0x02,right,611.764790,2389,0.091575,27,0,No fault,-300.00
2026-08-12T13:26:52.972,1786534012.972561,0.272661,1,2500,5.000000,42,2500,0x01,left,-663.456450,2318,0.106227,28,0,No fault,0x02,right,612.639068,2671,0.076923,27,0,No fault,-353.00
2026-08-12T13:26:52.978,1786534012.978269,0.278366,1,2500,5.000000,43,2500,0x01,left,-662.604030,2354,0.091575,28,0,No fault,0x02,right,613.491488,2230,0.098901,27,0,No fault,124.00
2026-08-12T13:26:52.983,1786534012.983816,0.283912,1,2500,5.000000,44,2500,0x01,left,-661.729752,2688,0.032967,28,0,No fault,0x02,right,614.365766,2583,0.069597,27,0,No fault,105.00
2026-08-12T13:26:52.989,1786534012.989525,0.289625,1,2500,5.000000,45,2500,0x01,left,-660.833618,2653,0.091575,28,0,No fault,0x02,right,615.240043,2495,0.091575,27,0,No fault,158.00
2026-08-12T13:26:52.996,1786534012.996050,0.296158,1,2500,5.000000,46,2500,0x01,left,-659.128777,2265,0.106227,28,0,No fault,0x02,right,616.114321,2688,0.106227,27,0,No fault,-423.00
2026-08-12T13:26:53.003,1786534013.003034,0.303146,1,2500,5.000000,47,2500,0x01,left,-658.232642,2230,0.106227,28,0,No fault,0x02,right,617.950304,2389,0.091575,27,0,No fault,-159.00
2026-08-12T13:26:53.009,1786534013.009000,0.309118,1,2500,5.000000,48,2500,0x01,left,-657.336508,2318,0.054945,28,0,No fault,0x02,right,618.780867,2001,0.069597,27,0,No fault,317.00
2026-08-12T13:26:53.015,1786534013.015113,0.315218,1,2500,5.000000,49,2500,0x01,left,-656.440373,2248,0.098901,28,0,No fault,0x02,right,619.677002,2283,0.076923,27,0,No fault,-35.00
2026-08-12T13:26:53.021,1786534013.021059,0.321157,1,2500,5.000000,50,2500,0x01,left,-655.566096,2547,0.120879,28,0,No fault,0x02,right,620.529423,2160,0.069597,27,0,No fault,387.00
2026-08-12T13:26:53.026,1786534013.026658,0.326760,1,2500,5.000000,51,2500,0x01,left,-653.839397,2530,0.142857,28,0,No fault,0x02,right,621.425557,2495,0.091575,27,0,No fault,35.00
2026-08-12T13:26:53.032,1786534013.032695,0.332814,1,2500,5.000000,52,2500,0x01,left,-652.921406,2741,0.040293,28,0,No fault,0x02,right,622.321692,1878,0.076923,27,0,No fault,863.00
2026-08-12T13:26:53.038,1786534013.038943,0.339043,1,2500,5.000000,53,2500,0x01,left,-652.047128,2424,0.091575,28,0,No fault,0x02,right,624.135817,2547,0.062271,27,0,No fault,-123.00
2026-08-12T13:26:53.044,1786534013.044463,0.344559,1,2500,5.000000,54,2500,0x01,left,-651.172851,2354,0.106227,28,0,No fault,0x02,right,625.010095,2389,0.091575,27,0,No fault,-35.00
2026-08-12T13:26:53.050,1786534013.050207,0.350303,1,2500,5.000000,55,2500,0x01,left,-650.342287,2019,0.106227,28,0,No fault,0x02,right,625.884373,2442,0.069597,27,0,No fault,-423.00
2026-08-12T13:26:53.055,1786534013.055965,0.356061,1,2500,5.000000,56,2500,0x01,left,-649.468010,2459,0.106227,28,0,No fault,0x02,right,626.736793,2283,0.040293,27,0,No fault,176.00
2026-08-12T13:26:53.062,1786534013.062122,0.362224,1,2500,5.000000,57,2500,0x01,left,-648.571875,2107,0.062271,28,0,No fault,0x02,right,627.632928,2600,0.040293,27,0,No fault,-493.00
2026-08-12T13:26:53.067,1786534013.067927,0.368023,1,2500,5.000000,58,2500,0x01,left,-646.801463,2759,0.091575,28,0,No fault,0x02,right,628.485348,2195,0.106227,27,0,No fault,564.00
2026-08-12T13:26:53.074,1786534013.074008,0.374107,1,2500,5.000000,59,2500,0x01,left,-645.970899,2442,0.084249,28,0,No fault,0x02,right,629.337769,2230,0.069597,27,0,No fault,212.00
2026-08-12T13:26:53.079,1786534013.079711,0.379802,1,2500,5.000000,60,2500,0x01,left,-645.096622,2265,0.076923,28,0,No fault,0x02,right,631.130038,2495,0.084249,27,0,No fault,-230.00
2026-08-12T13:26:53.085,1786534013.085228,0.385319,1,2500,5.000000,61,2500,0x01,left,-644.200487,2354,0.076923,28,0,No fault,0x02,right,631.982459,2459,0.076923,27,0,No fault,-105.00
2026-08-12T13:26:53.101,1786534013.101741,0.401854,1,2500,5.000000,62,2500,0x01,left,-641.293514,2019,0.084249,28,0,No fault,0x02,right,632.856736,2265,0.091575,27,0,No fault,-246.00
2026-08-12T13:26:53.107,1786534013.107628,0.407726,1,2500,5.000000,63,2500,0x01,left,-640.462951,2706,0.032967,28,0,No fault,0x02,right,636.200848,2389,0.113553,27,0,No fault,317.00
2026-08-12T13:26:53.124,1786534013.124964,0.425065,1,2500,5.000000,64,2500,0x01,left,-637.118839,2547,0.076923,28,0,No fault,0x02,right,638.430255,2371,0.091575,27,0,No fault,176.00
2026-08-12T13:26:53.130,1786534013.130956,0.431063,1,2500,5.000000,65,2500,0x01,left,-636.135277,2371,0.003663,28,0,No fault,0x02,right,639.282676,2336,0.062271,27,0,No fault,35.00
2026-08-12T13:26:53.136,1786534013.136727,0.436827,1,2500,5.000000,66,2500,0x01,left,-635.282856,2195,0.091575,28,0,No fault,0x02,right,640.156954,2248,0.076923,27,0,No fault,-53.00
2026-08-12T13:26:53.142,1786534013.142552,0.442653,1,2500,5.000000,67,2500,0x01,left,-634.430436,2054,0.113553,28,0,No fault,0x02,right,641.031231,2495,0.084249,27,0,No fault,-441.00
2026-08-12T13:26:53.148,1786534013.148272,0.448395,1,2500,5.000000,68,2500,0x01,left,-633.556158,2071,0.091575,28,0,No fault,0x02,right,642.779786,2389,0.084249,27,0,No fault,-318.00
2026-08-12T13:26:53.154,1786534013.154238,0.454350,1,2500,5.000000,69,2500,0x01,left,-632.703737,2177,0.084249,28,0,No fault,0x02,right,643.654064,2424,0.062271,27,0,No fault,-247.00
2026-08-12T13:26:53.159,1786534013.159867,0.459967,1,2500,5.000000,70,2500,0x01,left,-631.763889,2565,0.040293,28,0,No fault,0x02,right,644.528341,2054,0.047619,27,0,No fault,511.00
2026-08-12T13:26:53.165,1786534013.165410,0.465543,1,2500,5.000000,71,2500,0x01,left,-630.911469,2688,0.069597,28,0,No fault,0x02,right,645.380762,2371,0.069597,27,0,No fault,317.00
2026-08-12T13:26:53.171,1786534013.171236,0.471328,1,2500,5.000000,72,2500,0x01,left,-629.206627,2354,0.106227,28,0,No fault,0x02,right,646.255040,2741,0.084249,27,0,No fault,-387.00
2026-08-12T13:26:53.176,1786534013.176759,0.476848,1,2500,5.000000,73,2500,0x01,left,-628.332350,2442,0.069597,28,0,No fault,0x02,right,647.085603,2089,0.069597,27,0,No fault,353.00
2026-08-12T13:26:53.182,1786534013.182253,0.482339,1,2500,5.000000,74,2500,0x01,left,-627.458072,2583,0.054945,28,0,No fault,0x02,right,647.981738,2406,0.047619,27,0,No fault,177.00
2026-08-12T13:26:53.187,1786534013.187749,0.487839,1,2500,5.000000,75,2500,0x01,left,-626.583795,2459,0.084249,28,0,No fault,0x02,right,648.856015,2512,0.054945,27,0,No fault,-53.00
2026-08-12T13:26:53.193,1786534013.193391,0.493479,1,2500,5.000000,76,2500,0x01,left,-625.709517,2389,0.076923,28,0,No fault,0x02,right,649.730293,2600,0.084249,27,0,No fault,-211.00
2026-08-12T13:26:53.198,1786534013.198941,0.499029,1,2500,5.000000,77,2500,0x01,left,-624.878953,2230,0.098901,28,0,No fault,0x02,right,651.456991,2336,0.069597,27,0,No fault,-106.00
2026-08-12T13:26:53.204,1786534013.204569,0.504659,1,2500,5.000000,78,2500,0x01,left,-624.004676,2406,0.128205,28,0,No fault,0x02,right,652.353126,2618,0.047619,27,0,No fault,-212.00
2026-08-12T13:26:53.210,1786534013.210200,0.510288,1,2500,5.000000,79,2500,0x01,left,-623.108541,2406,0.047619,28,0,No fault,0x02,right,653.205546,2318,0.076923,27,0,No fault,88.00
2026-08-12T13:26:53.215,1786534013.215690,0.515777,1,2500,5.000000,80,2500,0x01,left,-622.256121,2354,0.098901,28,0,No fault,0x02,right,654.079824,2512,0.069597,27,0,No fault,-158.00
2026-08-12T13:26:53.221,1786534013.221299,0.521400,1,2500,5.000000,81,2500,0x01,left,-621.381843,2565,0.084249,28,0,No fault,0x02,right,654.932244,2071,0.084249,27,0,No fault,494.00
2026-08-12T13:26:53.227,1786534013.227372,0.527465,1,2500,5.000000,82,2500,0x01,left,-620.529423,2406,0.098901,28,0,No fault,0x02,right,655.784665,2212,0.076923,27,0,No fault,194.00
2026-08-12T13:26:53.233,1786534013.233242,0.533337,1,2500,5.000000,83,2500,0x01,left,-618.759011,2495,0.047619,28,0,No fault,0x02,right,656.680799,2354,0.054945,27,0,No fault,141.00
2026-08-12T13:26:53.239,1786534013.239053,0.539149,1,2500,5.000000,84,2500,0x01,left,-617.884733,2600,0.128205,28,0,No fault,0x02,right,657.533220,2160,0.091575,27,0,No fault,440.00
2026-08-12T13:26:53.244,1786534013.244993,0.545084,1,2500,5.000000,85,2500,0x01,left,-616.988598,2671,0.098901,28,0,No fault,0x02,right,659.303632,2424,0.054945,27,0,No fault,247.00
2026-08-12T13:26:53.250,1786534013.250566,0.550660,1,2500,5.000000,86,2500,0x01,left,-616.158035,2830,0.098901,28,0,No fault,0x02,right,660.177910,2583,0.069597,27,0,No fault,247.00
2026-08-12T13:26:53.256,1786534013.256153,0.556246,1,2500,5.000000,87,2500,0x01,left,-615.261900,2830,0.076923,28,0,No fault,0x02,right,661.052187,2547,0.054945,27,0,No fault,283.00
2026-08-12T13:26:53.262,1786534013.262062,0.562168,1,2500,5.000000,88,2500,0x01,left,-614.409480,2265,0.062271,28,0,No fault,0x02,right,661.926465,2301,0.062271,27,0,No fault,-36.00
2026-08-12T13:26:53.267,1786534013.267922,0.568021,1,2500,5.000000,89,2500,0x01,left,-613.513345,2442,0.106227,28,0,No fault,0x02,right,662.778885,2600,0.069597,27,0,No fault,-158.00
2026-08-12T13:26:53.273,1786534013.273974,0.574081,1,2500,5.000000,90,2500,0x01,left,-611.808504,2265,0.084249,28,0,No fault,0x02,right,663.631306,2089,0.069597,27,0,No fault,176.00
2026-08-12T13:26:53.279,1786534013.279662,0.579767,1,2500,5.000000,91,2500,0x01,left,-610.934226,2406,0.062271,28,0,No fault,0x02,right,664.505584,2142,0.054945,27,0,No fault,264.00
2026-08-12T13:26:53.285,1786534013.285257,0.585348,1,2500,5.000000,92,2500,0x01,left,-610.038092,2477,0.062271,28,0,No fault,0x02,right,665.401718,2142,0.047619,27,0,No fault,335.00
2026-08-12T13:26:53.291,1786534013.291330,0.591427,1,2500,5.000000,93,2500,0x01,left,-609.163814,2124,0.135531,28,0,No fault,0x02,right,666.297853,2812,0.054945,27,0,No fault,-688.00
2026-08-12T13:26:53.307,1786534013.307503,0.607596,1,2500,5.000000,94,2500,0x01,left,-606.540982,2618,0.032967,28,0,No fault,0x02,right,670.079103,2036,0.076923,27,0,No fault,582.00
2026-08-12T13:26:53.325,1786534013.325755,0.625871,1,2500,5.000000,95,2500,0x01,left,-603.087585,2953,0.091575,28,0,No fault,0x02,right,672.811220,2547,0.091575,27,0,No fault,406.00
2026-08-12T13:26:53.331,1786534013.331685,0.631791,1,2500,5.000000,96,2500,0x01,left,-602.060309,2336,0.010989,28,0,No fault,0x02,right,673.663641,2477,0.062271,27,0,No fault,-141.00
2026-08-12T13:26:53.337,1786534013.337415,0.637550,1,2500,5.000000,97,2500,0x01,left,-601.229746,2230,0.076923,28,0,No fault,0x02,right,674.516062,2177,0.091575,27,0,No fault,53.00
2026-08-12T13:26:53.343,1786534013.343028,0.643123,1,2500,5.000000,98,2500,0x01,left,-600.377325,2054,0.135531,28,0,No fault,0x02,right,675.390339,2283,0.098901,27,0,No fault,-229.00
2026-08-12T13:26:53.348,1786534013.348731,0.648828,1,2500,5.000000,99,2500,0x01,left,-599.481190,2741,0.098901,28,0,No fault,0x02,right,676.286474,2724,0.084249,27,0,No fault,17.00
2026-08-12T13:26:53.354,1786534013.354474,0.654575,1,2500,5.000000,100,2500,0x01,left,-598.563199,2442,0.091575,28,0,No fault,0x02,right,677.160751,2371,0.062271,27,0,No fault,71.00
2026-08-12T13:26:53.360,1786534013.360241,0.660331,1,2500,5.000000,101,2500,0x01,left,-597.688921,2195,0.032967,28,0,No fault,0x02,right,678.887449,2124,0.084249,27,0,No fault,71.00
2026-08-12T13:26:53.365,1786534013.365930,0.666021,1,2500,5.000000,102,2500,0x01,left,-596.792787,2265,0.084249,28,0,No fault,0x02,right,679.761727,2212,0.076923,27,0,No fault,53.00
2026-08-12T13:26:53.371,1786534013.371650,0.671747,1,2500,5.000000,103,2500,0x01,left,-595.940366,2230,0.135531,28,0,No fault,0x02,right,680.636004,2406,0.091575,27,0,No fault,-176.00
2026-08-12T13:26:53.377,1786534013.377683,0.677780,1,2500,5.000000,104,2500,0x01,left,-594.191811,2318,0.106227,28,0,No fault,0x02,right,681.532139,2706,0.054945,27,0,No fault,-388.00
2026-08-12T13:26:53.383,1786534013.383253,0.683350,1,2500,5.000000,105,2500,0x01,left,-593.339391,2265,0.047619,28,0,No fault,0x02,right,682.384560,2336,0.047619,27,0,No fault,-71.00
2026-08-12T13:26:53.388,1786534013.388819,0.688908,1,2500,5.000000,106,2500,0x01,left,-592.465113,2195,0.098901,28,0,No fault,0x02,right,683.258837,2424,0.062271,27,0,No fault,-229.00
2026-08-12T13:26:53.394,1786534013.394300,0.694387,1,2500,5.000000,107,2500,0x01,left,-591.568979,2283,0.084249,28,0,No fault,0x02,right,684.111258,2124,0.084249,27,0,No fault,159.00
2026-08-12T13:26:53.399,1786534013.399786,0.699876,1,2500,5.000000,108,2500,0x01,left,-590.738415,2124,0.076923,28,0,No fault,0x02,right,684.963678,1842,0.098901,27,0,No fault,282.00
2026-08-12T13:26:53.405,1786534013.405287,0.705373,1,2500,5.000000,109,2500,0x01,left,-589.842280,2583,0.120879,28,0,No fault,0x02,right,685.837956,2177,0.062271,27,0,No fault,406.00
2026-08-12T13:26:53.411,1786534013.411259,0.711346,1,2500,5.000000,110,2500,0x01,left,-588.968003,2424,0.047619,28,0,No fault,0x02,right,687.608368,2107,0.054945,27,0,No fault,317.00
2026-08-12T13:26:53.416,1786534013.416744,0.716828,1,2500,5.000000,111,2500,0x01,left,-588.093725,2336,0.076923,28,0,No fault,0x02,right,688.504502,2583,0.069597,27,0,No fault,-247.00
2026-08-12T13:26:53.422,1786534013.422240,0.722339,1,2500,5.000000,112,2500,0x01,left,-587.241305,2301,0.091575,28,0,No fault,0x02,right,689.356923,2230,0.076923,27,0,No fault,71.00
2026-08-12T13:26:53.428,1786534013.428038,0.728128,1,2500,5.000000,113,2500,0x01,left,-586.388884,2336,0.084249,28,0,No fault,0x02,right,690.274914,2706,0.069597,27,0,No fault,-370.00
2026-08-12T13:26:53.434,1786534013.434138,0.734233,1,2500,5.000000,114,2500,0x01,left,-584.552901,2530,0.062271,28,0,No fault,0x02,right,691.127335,2142,0.084249,27,0,No fault,388.00
2026-08-12T13:26:53.439,1786534013.439715,0.739806,1,2500,5.000000,115,2500,0x01,left,-583.722338,2389,0.106227,28,0,No fault,0x02,right,691.979756,2283,0.069597,27,0,No fault,106.00
2026-08-12T13:26:53.445,1786534013.445420,0.745541,1,2500,5.000000,116,2500,0x01,left,-582.869917,2318,0.084249,28,0,No fault,0x02,right,692.875890,2495,0.062271,27,0,No fault,-177.00
2026-08-12T13:26:53.450,1786534013.450938,0.751026,1,2500,5.000000,117,2500,0x01,left,-582.017496,2512,0.076923,28,0,No fault,0x02,right,693.750168,2636,0.098901,27,0,No fault,-124.00
2026-08-12T13:26:53.456,1786534013.456438,0.756530,1,2500,5.000000,118,2500,0x01,left,-581.165076,2142,0.091575,28,0,No fault,0x02,right,694.646302,2741,0.047619,27,0,No fault,-599.00
2026-08-12T13:26:53.462,1786534013.462439,0.762535,1,2500,5.000000,119,2500,0x01,left,-580.268941,2195,0.047619,28,0,No fault,0x02,right,695.498723,2283,0.084249,27,0,No fault,-88.00
2026-08-12T13:26:53.468,1786534013.468635,0.768751,1,2500,5.000000,120,2500,0x01,left,-579.372807,2459,0.098901,28,0,No fault,0x02,right,697.269135,2212,0.062271,27,0,No fault,247.00
2026-08-12T13:26:53.475,1786534013.475396,0.775504,1,2500,5.000000,121,2500,0x01,left,-577.580538,2512,0.098901,28,0,No fault,0x02,right,698.143412,2406,0.076923,27,0,No fault,106.00
2026-08-12T13:26:53.481,1786534013.481207,0.781295,1,2500,5.000000,122,2500,0x01,left,-576.749974,2212,0.040293,28,0,No fault,0x02,right,699.017690,2265,0.062271,27,0,No fault,-53.00
2026-08-12T13:26:53.486,1786534013.486775,0.786865,1,2500,5.000000,123,2500,0x01,left,-575.853840,2142,0.047619,28,0,No fault,0x02,right,699.913824,2459,0.069597,27,0,No fault,-317.00
2026-08-12T13:26:53.492,1786534013.492311,0.792398,1,2500,5.000000,124,2500,0x01,left,-575.001419,2124,0.142857,28,0,No fault,0x02,right,700.809959,2759,0.084249,27,0,No fault,-635.00
2026-08-12T13:26:53.508,1786534013.508403,0.808491,1,2500,5.000000,125,2500,0x01,left,-572.378586,2283,0.040293,28,0,No fault,0x02,right,704.460068,2618,0.069597,27,0,No fault,-335.00
2026-08-12T13:26:53.524,1786534013.524564,0.824662,1,2500,5.000000,126,2500,0x01,left,-568.968904,2212,0.106227,28,0,No fault,0x02,right,706.252337,2600,0.106227,27,0,No fault,-388.00
2026-08-12T13:26:53.530,1786534013.530047,0.830149,1,2500,5.000000,127,2500,0x01,left,-568.531765,2177,0.054945,28,0,No fault,0x02,right,707.214042,2424,0.054945,27,0,No fault,-247.00
2026-08-12T13:26:53.535,1786534013.535713,0.835823,1,2500,5.000000,128,2500,0x01,left,-567.941628,2195,0.032967,28,0,No fault,0x02,right,708.088320,2583,0.062271,27,0,No fault,-388.00
2026-08-12T13:26:53.541,1786534013.541625,0.841720,1,2500,5.000000,129,2500,0x01,left,-567.045493,2830,0.076923,28,0,No fault,0x02,right,709.880589,2424,0.076923,27,0,No fault,406.00
2026-08-12T13:26:53.547,1786534013.547599,0.847694,1,2500,5.000000,130,2500,0x01,left,-565.318795,2406,0.113553,28,0,No fault,0x02,right,710.711152,2389,0.098901,27,0,No fault,17.00
2026-08-12T13:26:53.553,1786534013.553082,0.853183,1,2500,5.000000,131,2500,0x01,left,-564.466374,2547,0.150183,28,0,No fault,0x02,right,711.694715,2354,0.062271,27,0,No fault,193.00
2026-08-12T13:26:53.558,1786534013.558680,0.858789,1,2500,5.000000,132,2500,0x01,left,-563.570240,2618,0.069597,28,0,No fault,0x02,right,712.568992,2248,0.069597,27,0,No fault,370.00
2026-08-12T13:26:53.564,1786534013.564378,0.864472,1,2500,5.000000,133,2500,0x01,left,-562.695962,2530,0.076923,28,0,No fault,0x02,right,713.443270,2495,0.084249,27,0,No fault,35.00
2026-08-12T13:26:53.569,1786534013.569839,0.869929,1,2500,5.000000,134,2500,0x01,left,-561.821685,2565,0.069597,28,0,No fault,0x02,right,714.295690,2265,0.106227,27,0,No fault,300.00
2026-08-12T13:26:53.575,1786534013.575302,0.875394,1,2500,5.000000,135,2500,0x01,left,-560.969264,2442,0.106227,28,0,No fault,0x02,right,715.191825,2530,0.084249,27,0,No fault,-88.00
2026-08-12T13:26:53.580,1786534013.580760,0.880848,1,2500,5.000000,136,2500,0x01,left,-560.116844,2688,0.157509,28,0,No fault,0x02,right,716.044245,2406,0.091575,27,0,No fault,282.00
2026-08-12T13:26:53.586,1786534013.586201,0.886291,1,2500,5.000000,137,2500,0x01,left,-559.220709,2688,0.091575,28,0,No fault,0x02,right,-715.519679,2389,0.076923,27,0,No fault,299.00
2026-08-12T13:26:53.591,1786534013.591720,0.891812,1,2500,5.000000,138,2500,0x01,left,-558.346432,2565,0.069597,28,0,No fault,0x02,right,-714.645401,2318,0.076923,27,0,No fault,247.00
2026-08-12T13:26:53.597,1786534013.597397,0.897564,1,2500,5.000000,139,2500,0x01,left,-557.472154,2600,0.069597,28,0,No fault,0x02,right,-713.792981,2107,0.120879,27,0,No fault,493.00
2026-08-12T13:26:53.603,1786534013.603187,0.903301,1,2500,5.000000,140,2500,0x01,left,-556.619733,2212,0.113553,28,0,No fault,0x02,right,-712.721991,2477,0.062271,27,0,No fault,-265.00
2026-08-12T13:26:53.609,1786534013.609302,0.909418,1,2500,5.000000,141,2500,0x01,left,-555.723599,2283,0.150183,28,0,No fault,0x02,right,-711.060863,2142,0.084249,27,0,No fault,141.00
2026-08-12T13:26:53.615,1786534013.615016,0.915117,1,2500,5.000000,142,2500,0x01,left,-554.652609,2830,0.069597,28,0,No fault,0x02,right,-710.230300,2565,0.098901,27,0,No fault,265.00
2026-08-12T13:26:53.621,1786534013.621644,0.921757,1,2500,5.000000,143,2500,0x01,left,-552.838483,2283,0.084249,28,0,No fault,0x02,right,-709.356022,2265,0.084249,27,0,No fault,18.00
2026-08-12T13:26:53.627,1786534013.627436,0.927541,1,2500,5.000000,144,2500,0x01,left,-551.964205,2583,0.091575,28,0,No fault,0x02,right,-708.481744,2583,0.047619,27,0,No fault,0.00
2026-08-12T13:26:53.633,1786534013.633006,0.933105,1,2500,5.000000,145,2500,0x01,left,-551.089928,2512,0.025641,28,0,No fault,0x02,right,-707.607467,2406,0.069597,27,0,No fault,106.00
2026-08-12T13:26:53.638,1786534013.638575,0.938680,1,2500,5.000000,146,2500,0x01,left,-550.237507,2071,0.069597,28,0,No fault,0x02,right,-706.755046,2265,0.062271,27,0,No fault,-194.00
2026-08-12T13:26:53.644,1786534013.644112,0.944209,1,2500,5.000000,147,2500,0x01,left,-549.341373,2336,0.135531,28,0,No fault,0x02,right,-705.880769,2054,0.076923,27,0,No fault,282.00
2026-08-12T13:26:53.650,1786534013.650185,0.950294,1,2500,5.000000,148,2500,0x01,left,-548.510809,2124,0.098901,28,0,No fault,0x02,right,-704.066643,2265,0.069597,27,0,No fault,-141.00
2026-08-12T13:26:53.655,1786534013.655950,0.956045,1,2500,5.000000,149,2500,0x01,left,-547.636531,2265,0.084249,28,0,No fault,0x02,right,-703.214222,2583,0.062271,27,0,No fault,-318.00
2026-08-12T13:26:53.661,1786534013.661879,0.962016,1,2500,5.000000,150,2500,0x01,left,-546.762254,2212,0.010989,28,0,No fault,0x02,right,-702.339945,2495,0.084249,27,0,No fault,-283.00
2026-08-12T13:26:53.668,1786534013.668144,0.968266,1,2500,5.000000,151,2500,0x01,left,-544.904414,2212,0.128205,28,0,No fault,0x02,right,-701.465667,2653,0.098901,27,0,No fault,-441.00
2026-08-12T13:26:53.673,1786534013.673765,0.973867,1,2500,5.000000,152,2500,0x01,left,-544.030137,2354,0.091575,28,0,No fault,0x02,right,-700.591390,2442,0.062271,27,0,No fault,-88.00
2026-08-12T13:26:53.679,1786534013.679302,0.979396,1,2500,5.000000,153,2500,0x01,left,-543.177716,2336,0.084249,28,0,No fault,0x02,right,-699.695255,2653,0.054945,27,0,No fault,-317.00
2026-08-12T13:26:53.685,1786534013.685075,0.985169,1,2500,5.000000,154,2500,0x01,left,-542.281581,2583,0.025641,28,0,No fault,0x02,right,-698.820978,2248,0.076923,27,0,No fault,335.00
2026-08-12T13:26:53.691,1786534013.691339,0.991432,1,2500,5.000000,155,2500,0x01,left,-541.407304,2495,0.076923,28,0,No fault,0x02,right,-697.072422,2265,0.076923,27,0,No fault,230.00
2026-08-12T13:26:53.715,1786534013.715131,1.015231,1,2500,5.000000,156,2500,0x01,left,-537.888337,2477,0.040293,28,0,No fault,0x02,right,-693.116316,2724,0.106227,27,0,No fault,-247.00
2026-08-12T13:26:53.726,1786534013.726311,1.026410,1,2500,5.000000,157,2500,0x01,left,-534.544225,2301,0.113553,28,0,No fault,0x02,right,-691.171049,2071,0.076923,27,0,No fault,230.00
2026-08-12T13:26:53.731,1786534013.731833,1.031922,1,2500,5.000000,158,2500,0x01,left,-534.107086,2230,0.054945,28,0,No fault,0x02,right,-690.318628,2706,0.032967,27,0,No fault,-476.00
2026-08-12T13:26:53.737,1786534013.737307,1.037394,1,2500,5.000000,159,2500,0x01,left,-533.582520,2495,0.010989,28,0,No fault,0x02,right,-689.466208,2318,0.054945,27,0,No fault,177.00
2026-08-12T13:26:53.742,1786534013.742843,1.042930,1,2500,5.000000,160,2500,0x01,left,-532.708242,2301,0.098901,28,0,No fault,0x02,right,-688.591930,2512,0.069597,27,0,No fault,-211.00
2026-08-12T13:26:53.748,1786534013.748319,1.048405,1,2500,5.000000,161,2500,0x01,left,-531.855822,2406,0.098901,28,0,No fault,0x02,right,-687.739510,2230,0.084249,27,0,No fault,176.00
2026-08-12T13:26:53.753,1786534013.753977,1.054085,1,2500,5.000000,162,2500,0x01,left,-531.003401,2512,0.091575,28,0,No fault,0x02,right,-686.865232,2301,0.047619,27,0,No fault,211.00
2026-08-12T13:26:53.759,1786534013.759966,1.060059,1,2500,5.000000,163,2500,0x01,left,-529.254846,2600,0.054945,28,0,No fault,0x02,right,-685.969097,2547,0.069597,27,0,No fault,53.00
2026-08-12T13:26:53.765,1786534013.765770,1.065860,1,2500,5.000000,164,2500,0x01,left,-528.380568,2459,0.084249,28,0,No fault,0x02,right,-685.094820,2741,0.062271,27,0,No fault,-282.00
2026-08-12T13:26:53.771,1786534013.771353,1.071445,1,2500,5.000000,165,2500,0x01,left,-527.550005,2160,0.106227,28,0,No fault,0x02,right,-684.242399,2336,0.098901,27,0,No fault,-176.00
2026-08-12T13:26:53.776,1786534013.776992,1.077080,1,2500,5.000000,166,2500,0x01,left,-526.675727,2354,0.076923,28,0,No fault,0x02,right,-682.493844,2442,0.054945,27,0,No fault,-88.00
2026-08-12T13:26:53.782,1786534013.782469,1.082557,1,2500,5.000000,167,2500,0x01,left,-525.823306,2124,0.106227,28,0,No fault,0x02,right,-681.641424,2882,0.091575,27,0,No fault,-758.00
2026-08-12T13:26:53.787,1786534013.787936,1.088025,1,2500,5.000000,168,2500,0x01,left,-524.927172,2565,0.069597,28,0,No fault,0x02,right,-680.767146,2565,0.076923,27,0,No fault,0.00
2026-08-12T13:26:53.793,1786534013.793573,1.093659,1,2500,5.000000,169,2500,0x01,left,-524.031038,2636,0.098901,28,0,No fault,0x02,right,-679.914725,2160,0.069597,27,0,No fault,476.00
2026-08-12T13:26:53.799,1786534013.799176,1.099261,1,2500,5.000000,170,2500,0x01,left,-523.200474,2248,0.106227,28,0,No fault,0x02,right,-679.040448,2830,0.084249,27,0,No fault,-582.00
2026-08-12T13:26:53.804,1786534013.804641,1.104727,1,2500,5.000000,171,2500,0x01,left,-522.348053,2336,0.098901,28,0,No fault,0x02,right,-678.166170,2283,0.047619,27,0,No fault,53.00
2026-08-12T13:26:53.810,1786534013.810118,1.110204,1,2500,5.000000,172,2500,0x01,left,-521.451919,2812,0.091575,28,0,No fault,0x02,right,-677.291893,2336,0.069597,27,0,No fault,476.00
2026-08-12T13:26:53.815,1786534013.815890,1.115976,1,2500,5.000000,173,2500,0x01,left,-520.577641,2565,0.076923,28,0,No fault,0x02,right,-676.417615,2512,0.069597,27,0,No fault,53.00
2026-08-12T13:26:53.821,1786534013.821581,1.121666,1,2500,5.000000,174,2500,0x01,left,-518.850943,2248,0.091575,28,0,No fault,0x02,right,-675.543338,2759,0.084249,27,0,No fault,-511.00
2026-08-12T13:26:53.827,1786534013.827351,1.127464,1,2500,5.000000,175,2500,0x01,left,-517.998522,2565,0.113553,28,0,No fault,0x02,right,-674.669060,2477,0.040293,27,0,No fault,88.00
2026-08-12T13:26:53.833,1786534013.833126,1.133257,1,2500,5.000000,176,2500,0x01,left,-517.102388,2442,0.069597,28,0,No fault,0x02,right,-673.794783,2477,0.062271,27,0,No fault,-35.00
2026-08-12T13:26:53.839,1786534013.839321,1.139428,1,2500,5.000000,177,2500,0x01,left,-516.206253,2547,0.047619,28,0,No fault,0x02,right,-671.849515,2354,0.084249,27,0,No fault,193.00
2026-08-12T13:26:53.844,1786534013.844939,1.145036,1,2500,5.000000,178,2500,0x01,left,-515.331976,2336,0.128205,28,0,No fault,0x02,right,-670.997094,2477,0.069597,27,0,No fault,-141.00
2026-08-12T13:26:53.850,1786534013.850690,1.150786,1,2500,5.000000,179,2500,0x01,left,-514.479555,2530,0.098901,28,0,No fault,0x02,right,-670.144674,2019,0.047619,27,0,No fault,511.00
2026-08-12T13:26:53.856,1786534013.856216,1.156309,1,2500,5.000000,180,2500,0x01,left,-513.627135,2424,0.084249,28,0,No fault,0x02,right,-669.248539,2354,0.047619,27,0,No fault,70.00
2026-08-12T13:26:53.862,1786534013.862137,1.162233,1,2500,5.000000,181,2500,0x01,left,-512.752857,2741,0.040293,28,0,No fault,0x02,right,-668.396119,2160,0.076923,27,0,No fault,581.00
2026-08-12T13:26:53.867,1786534013.867949,1.168041,1,2500,5.000000,182,2500,0x01,left,-510.982445,2389,0.128205,28,0,No fault,0x02,right,-667.499984,2671,0.076923,27,0,No fault,-282.00
2026-08-12T13:26:53.873,1786534013.873530,1.173622,1,2500,5.000000,183,2500,0x01,left,-510.130024,2142,0.076923,28,0,No fault,0x02,right,-666.625707,2530,0.098901,27,0,No fault,-388.00
2026-08-12T13:26:53.879,1786534013.879200,1.179289,1,2500,5.000000,184,2500,0x01,left,-509.277604,2336,0.076923,28,0,No fault,0x02,right,-665.751429,2442,0.047619,27,0,No fault,-106.00
2026-08-12T13:26:53.884,1786534013.884702,1.184793,1,2500,5.000000,185,2500,0x01,left,-508.403326,2160,0.032967,28,0,No fault,0x02,right,-664.877151,2389,0.062271,27,0,No fault,-229.00
2026-08-12T13:26:53.890,1786534013.890439,1.190526,1,2500,5.000000,186,2500,0x01,left,-507.507192,2759,0.069597,28,0,No fault,0x02,right,-663.106739,2389,0.069597,27,0,No fault,370.00
2026-08-12T13:26:53.895,1786534013.895901,1.195986,1,2500,5.000000,187,2500,0x01,left,-506.632914,2371,0.106227,28,0,No fault,0x02,right,-662.232462,2636,0.069597,27,0,No fault,-265.00
2026-08-12T13:26:53.912,1786534013.912422,1.212506,1,2500,5.000000,188,2500,0x01,left,-504.053795,2354,0.047619,28,0,No fault,0x02,right,-661.358184,2565,0.054945,27,0,No fault,-211.00
2026-08-12T13:26:53.917,1786534013.917871,1.217959,1,2500,5.000000,189,2500,0x01,left,-503.135804,2618,0.076923,28,0,No fault,0x02,right,-658.167071,2442,0.054945,27,0,No fault,176.00
2026-08-12T13:26:53.934,1786534013.934073,1.234161,1,2500,5.000000,190,2500,0x01,left,-499.441981,2336,0.047619,28,0,No fault,0x02,right,-655.893950,2653,0.032967,27,0,No fault,-317.00
2026-08-12T13:26:53.939,1786534013.939518,1.239602,1,2500,5.000000,191,2500,0x01,left,-499.004843,2301,0.062271,28,0,No fault,0x02,right,-655.041529,2124,0.047619,27,0,No fault,177.00
2026-08-12T13:26:53.944,1786534013.944962,1.245046,1,2500,5.000000,192,2500,0x01,left,-498.436562,2706,0.106227,28,0,No fault,0x02,right,-654.189108,2442,0.076923,27,0,No fault,264.00
2026-08-12T13:26:53.950,1786534013.950425,1.250509,1,2500,5.000000,193,2500,0x01,left,-497.605998,2177,0.091575,28,0,No fault,0x02,right,-653.314831,2671,0.098901,27,0,No fault,-494.00
2026-08-12T13:26:53.955,1786534013.955863,1.255947,1,2500,5.000000,194,2500,0x01,left,-496.775435,2477,0.113553,28,0,No fault,0x02,right,-652.418696,2583,0.062271,27,0,No fault,-106.00
2026-08-12T13:26:53.961,1786534013.961658,1.261745,1,2500,5.000000,195,2500,0x01,left,-495.026880,2124,0.047619,28,0,No fault,0x02,right,-651.544419,2442,0.084249,27,0,No fault,-318.00
2026-08-12T13:26:53.967,1786534013.967101,1.267186,1,2500,5.000000,196,2500,0x01,left,-494.152602,2565,0.120879,28,0,No fault,0x02,right,-650.648284,2301,0.054945,27,0,No fault,264.00
2026-08-12T13:26:53.972,1786534013.972553,1.272638,1,2500,5.000000,197,2500,0x01,left,-493.256468,2759,0.069597,28,0,No fault,0x02,right,-649.817721,2424,0.054945,27,0,No fault,335.00
2026-08-12T13:26:53.978,1786534013.978003,1.278087,1,2500,5.000000,198,2500,0x01,left,-492.447761,2019,0.098901,28,0,No fault,0x02,right,-648.943443,2389,0.062271,27,0,No fault,-370.00
2026-08-12T13:26:53.983,1786534013.983761,1.283846,1,2500,5.000000,199,2500,0x01,left,-491.573483,2459,0.076923,28,0,No fault,0x02,right,-647.173031,2600,0.047619,27,0,No fault,-141.00
2026-08-12T13:26:53.989,1786534013.989335,1.289417,1,2500,5.000000,200,2500,0x01,left,-490.677349,2301,0.054945,28,0,No fault,0x02,right,-646.320610,2354,0.047619,27,0,No fault,-53.00
2026-08-12T13:26:53.994,1786534013.994955,1.295040,1,2500,5.000000,201,2500,0x01,left,-489.803071,2389,0.120879,28,0,No fault,0x02,right,-645.446333,2318,0.091575,27,0,No fault,71.00
2026-08-12T13:26:54.000,1786534014.000536,1.300622,1,2500,5.000000,202,2500,0x01,left,-488.950651,2371,0.091575,28,0,No fault,0x02,right,-644.572055,2124,0.084249,27,0,No fault,247.00
2026-08-12T13:26:54.005,1786534014.005987,1.306072,1,2500,5.000000,203,2500,0x01,left,-488.076373,2124,0.091575,28,0,No fault,0x02,right,-643.675921,2618,0.040293,27,0,No fault,-494.00
2026-08-12T13:26:54.011,1786534014.011435,1.311519,1,2500,5.000000,204,2500,0x01,left,-487.202096,2830,0.040293,28,0,No fault,0x02,right,-642.823500,2195,0.062271,27,0,No fault,635.00
2026-08-12T13:26:54.016,1786534014.016882,1.316967,1,2500,5.000000,205,2500,0x01,left,-486.327818,2547,0.069597,28,0,No fault,0x02,right,-641.927366,2653,0.084249,27,0,No fault,-106.00
2026-08-12T13:26:54.022,1786534014.022377,1.322468,1,2500,5.000000,206,2500,0x01,left,-485.453540,2424,0.135531,28,0,No fault,0x02,right,-641.074945,2195,0.047619,27,0,No fault,229.00
2026-08-12T13:26:54.029,1786534014.029239,1.329358,1,2500,5.000000,207,2500,0x01,left,-483.726842,2495,0.084249,28,0,No fault,0x02,right,-640.200668,2318,0.076923,27,0,No fault,177.00
2026-08-12T13:26:54.035,1786534014.035767,1.335882,1,2500,5.000000,208,2500,0x01,left,-482.786994,2265,0.018315,28,0,No fault,0x02,right,-638.408399,2794,0.091575,27,0,No fault,-529.00
2026-08-12T13:26:54.041,1786534014.041479,1.341603,1,2500,5.000000,209,2500,0x01,left,-481.934573,2336,0.069597,28,0,No fault,0x02,right,-637.555978,2301,0.054945,27,0,No fault,35.00
2026-08-12T13:26:54.047,1786534014.047255,1.347400,1,2500,5.000000,210,2500,0x01,left,-481.038439,2618,0.135531,28,0,No fault,0x02,right,-636.681700,2547,0.069597,27,0,No fault,71.00
2026-08-12T13:26:54.053,1786534014.053008,1.353132,1,2500,5.000000,211,2500,0x01,left,-480.186018,2336,0.106227,28,0,No fault,0x02,right,-635.829280,1930,0.054945,27,0,No fault,406.00
2026-08-12T13:26:54.058,1786534014.058739,1.358857,1,2500,5.000000,212,2500,0x01,left,-479.311741,2230,0.062271,28,0,No fault,0x02,right,-634.911288,2054,0.040293,27,0,No fault,176.00
2026-08-12T13:26:54.066,1786534014.066758,1.366863,1,2500,5.000000,213,2500,0x01,left,-477.519472,2512,0.069597,28,0,No fault,0x02,right,-633.162733,2600,0.076923,27,0,No fault,-88.00
2026-08-12T13:26:54.072,1786534014.072217,1.372303,1,2500,5.000000,214,2500,0x01,left,-476.667051,2195,0.128205,28,0,No fault,0x02,right,-632.288456,2777,0.062271,27,0,No fault,-582.00
2026-08-12T13:26:54.077,1786534014.077691,1.377790,1,2500,5.000000,215,2500,0x01,left,-475.836487,1913,0.098901,28,0,No fault,0x02,right,-631.436035,2565,0.069597,27,0,No fault,-652.00
2026-08-12T13:26:54.083,1786534014.083234,1.383337,1,2500,5.000000,216,2500,0x01,left,-474.940353,2336,0.091575,28,0,No fault,0x02,right,-630.583614,2054,0.047619,27,0,No fault,282.00
2026-08-12T13:26:54.088,1786534014.088826,1.388931,1,2500,5.000000,217,2500,0x01,left,-474.044218,2794,0.032967,28,0,No fault,0x02,right,-629.731194,2036,0.076923,27,0,No fault,758.00
2026-08-12T13:26:54.094,1786534014.094445,1.394547,1,2500,5.000000,218,2500,0x01,left,-473.169941,2477,0.091575,28,0,No fault,0x02,right,-628.813202,2547,0.062271,27,0,No fault,-70.00
2026-08-12T13:26:54.100,1786534014.100159,1.400259,1,2500,5.000000,219,2500,0x01,left,-472.317520,2371,0.128205,28,0,No fault,0x02,right,-627.917068,2442,0.062271,27,0,No fault,-71.00
2026-08-12T13:26:54.116,1786534014.116319,1.416429,1,2500,5.000000,220,2500,0x01,left,-468.820410,2336,0.076923,28,0,No fault,0x02,right,-624.310673,2618,0.098901,27,0,No fault,-282.00
2026-08-12T13:26:54.132,1786534014.132932,1.433041,1,2500,5.000000,221,2500,0x01,left,-467.946132,2547,0.076923,28,0,No fault,0x02,right,-622.474690,2671,0.098901,27,0,No fault,-124.00
2026-08-12T13:26:54.138,1786534014.138665,1.438778,1,2500,5.000000,222,2500,0x01,left,-464.667592,2547,0.062271,28,0,No fault,0x02,right,-621.600413,2724,0.040293,27,0,No fault,-177.00
2026-08-12T13:26:54.144,1786534014.144399,1.444507,1,2500,5.000000,223,2500,0x01,left,-464.164882,2301,0.113553,28,0,No fault,0x02,right,-619.851857,2265,0.069597,27,0,No fault,36.00
2026-08-12T13:26:54.150,1786534014.150059,1.450171,1,2500,5.000000,224,2500,0x01,left,-463.334318,2107,0.113553,28,0,No fault,0x02,right,-619.021294,2389,0.135531,27,0,No fault,-282.00
2026-08-12T13:26:54.155,1786534014.155645,1.455758,1,2500,5.000000,225,2500,0x01,left,-462.438184,2530,0.098901,28,0,No fault,0x02,right,-618.125159,2495,0.025641,27,0,No fault,35.00
2026-08-12T13:26:54.161,1786534014.161236,1.461343,1,2500,5.000000,226,2500,0x01,left,-461.563906,2283,0.054945,28,0,No fault,0x02,right,-617.250882,2530,0.113553,27,0,No fault,-247.00
2026-08-12T13:26:54.166,1786534014.166834,1.466927,1,2500,5.000000,227,2500,0x01,left,-460.689629,2389,0.076923,28,0,No fault,0x02,right,-616.376604,2636,0.106227,27,0,No fault,-247.00
2026-08-12T13:26:54.172,1786534014.172365,1.472469,1,2500,5.000000,228,2500,0x01,left,-459.815351,2371,0.142857,28,0,No fault,0x02,right,-615.524184,2741,0.069597,27,0,No fault,-370.00
2026-08-12T13:26:54.178,1786534014.178073,1.478186,1,2500,5.000000,229,2500,0x01,left,-458.962931,2671,0.106227,28,0,No fault,0x02,right,-614.649906,2495,0.054945,27,0,No fault,176.00
2026-08-12T13:26:54.183,1786534014.183920,1.484023,1,2500,5.000000,230,2500,0x01,left,-458.088653,2477,0.098901,28,0,No fault,0x02,right,-613.731915,2406,0.076923,27,0,No fault,71.00
2026-08-12T13:26:54.189,1786534014.189752,1.489850,1,2500,5.000000,231,2500,0x01,left,-456.340098,1983,0.062271,28,0,No fault,0x02,right,-612.857637,2371,0.062271,27,0,No fault,-388.00
2026-08-12T13:26:54.195,1786534014.195598,1.495694,1,2500,5.000000,232,2500,0x01,left,-455.465820,2160,0.142857,28,0,No fault,0x02,right,-611.043511,2301,0.062271,27,0,No fault,-141.00
2026-08-12T13:26:54.201,1786534014.201189,1.501289,1,2500,5.000000,233,2500,0x01,left,-454.613400,2301,0.098901,28,0,No fault,0x02,right,-610.212947,2477,0.076923,27,0,No fault,-176.00
2026-08-12T13:26:54.206,1786534014.206803,1.506903,1,2500,5.000000,234,2500,0x01,left,-453.739122,2354,0.084249,28,0,No fault,0x02,right,-609.338670,2459,0.084249,27,0,No fault,-105.00
2026-08-12T13:26:54.212,1786534014.212353,1.512450,1,2500,5.000000,235,2500,0x01,left,-452.864845,2230,0.032967,28,0,No fault,0x02,right,-608.464392,2636,0.084249,27,0,No fault,-406.00
2026-08-12T13:26:54.217,1786534014.217898,1.517994,1,2500,5.000000,236,2500,0x01,left,-451.968710,2424,0.069597,28,0,No fault,0x02,right,-607.590115,2248,0.062271,27,0,No fault,176.00
2026-08-12T13:26:54.223,1786534014.223434,1.523534,1,2500,5.000000,237,2500,0x01,left,-451.094433,2283,0.135531,28,0,No fault,0x02,right,-606.737694,2160,0.098901,27,0,No fault,123.00
2026-08-12T13:26:54.228,1786534014.228987,1.529090,1,2500,5.000000,238,2500,0x01,left,-450.242012,2301,0.106227,28,0,No fault,0x02,right,-605.841560,2706,0.062271,27,0,No fault,-405.00
2026-08-12T13:26:54.234,1786534014.234626,1.534745,1,2500,5.000000,239,2500,0x01,left,-449.367734,2583,0.076923,28,0,No fault,0x02,right,-604.967282,2547,0.069597,27,0,No fault,36.00
2026-08-12T13:26:54.240,1786534014.240449,1.540563,1,2500,5.000000,240,2500,0x01,left,-448.493457,2547,0.047619,28,0,No fault,0x02,right,-604.093005,2406,0.069597,27,0,No fault,141.00
2026-08-12T13:26:54.246,1786534014.246379,1.546493,1,2500,5.000000,241,2500,0x01,left,-446.679331,2389,0.098901,28,0,No fault,0x02,right,-603.218727,2389,0.091575,27,0,No fault,0.00
2026-08-12T13:26:54.252,1786534014.252169,1.552285,1,2500,5.000000,242,2500,0x01,left,-445.848767,2671,0.120879,28,0,No fault,0x02,right,-602.322592,2777,0.091575,27,0,No fault,-106.00
2026-08-12T13:26:54.257,1786534014.257951,1.558063,1,2500,5.000000,243,2500,0x01,left,-444.996347,2389,0.113553,28,0,No fault,0x02,right,-600.530323,2265,0.062271,27,0,No fault,124.00
2026-08-12T13:26:54.263,1786534014.263541,1.563639,1,2500,5.000000,244,2500,0x01,left,-444.078355,2230,0.032967,28,0,No fault,0x02,right,-599.677903,2389,0.113553,27,0,No fault,-159.00
2026-08-12T13:26:54.269,1786534014.269075,1.569179,1,2500,5.000000,245,2500,0x01,left,-443.204078,2759,0.069597,28,0,No fault,0x02,right,-598.803625,2794,0.076923,27,0,No fault,-35.00
2026-08-12T13:26:54.274,1786534014.274628,1.574734,1,2500,5.000000,246,2500,0x01,left,-442.351657,2512,0.106227,28,0,No fault,0x02,right,-597.951205,2354,0.069597,27,0,No fault,158.00
2026-08-12T13:26:54.280,1786534014.280164,1.580263,1,2500,5.000000,247,2500,0x01,left,-441.521093,2265,0.106227,28,0,No fault,0x02,right,-597.076927,2759,0.098901,27,0,No fault,-494.00
2026-08-12T13:26:54.285,1786534014.285738,1.585841,1,2500,5.000000,248,2500,0x01,left,-440.624959,2688,0.098901,28,0,No fault,0x02,right,-596.180793,2565,0.032967,27,0,No fault,123.00
2026-08-12T13:26:54.291,1786534014.291333,1.591429,1,2500,5.000000,249,2500,0x01,left,-439.750681,2547,0.054945,28,0,No fault,0x02,right,-595.328372,2688,0.091575,27,0,No fault,-141.00
2026-08-12T13:26:54.296,1786534014.296798,1.596880,1,2500,5.000000,250,2500,0x01,left,-438.876404,2459,0.098901,28,0,No fault,0x02,right,-594.454094,2794,0.106227,27,0,No fault,-335.00
2026-08-12T13:26:54.302,1786534014.302834,1.602929,1,2500,5.000000,251,2500,0x01,left,-437.040421,2618,0.098901,28,0,No fault,0x02,right,-593.601674,2283,0.069597,27,0,No fault,335.00
2026-08-12T13:26:54.314,1786534014.314555,1.614657,1,2500,5.000000,252,2500,0x01,left,-435.182581,2530,0.076923,28,0,No fault,0x02,right,-592.639969,2583,0.113553,27,0,No fault,-53.00
2026-08-12T13:26:54.320,1786534014.320162,1.620254,1,2500,5.000000,253,2500,0x01,left,-434.417588,2283,0.113553,28,0,No fault,0x02,right,-589.558140,2248,0.084249,27,0,No fault,35.00
2026-08-12T13:26:54.337,1786534014.337074,1.637195,1,2500,5.000000,254,2500,0x01,left,-433.587025,2265,0.047619,28,0,No fault,0x02,right,-587.285019,2583,0.076923,27,0,No fault,-318.00
2026-08-12T13:26:54.342,1786534014.342718,1.642816,1,2500,5.000000,255,2500,0x01,left,-430.330341,2301,0.040293,28,0,No fault,0x02,right,-586.454455,2124,0.084249,27,0,No fault,177.00
2026-08-12T13:26:54.348,1786534014.348244,1.648336,1,2500,5.000000,256,2500,0x01,left,-429.827631,2212,0.128205,28,0,No fault,0x02,right,-585.558320,2336,0.062271,27,0,No fault,-124.00
2026-08-12T13:26:54.353,1786534014.353768,1.653856,1,2500,5.000000,257,2500,0x01,left,-428.953353,2706,0.120879,28,0,No fault,0x02,right,-584.662186,2724,0.106227,27,0,No fault,-18.00
2026-08-12T13:26:54.359,1786534014.359262,1.659349,1,2500,5.000000,258,2500,0x01,left,-428.100933,2512,0.098901,28,0,No fault,0x02,right,-583.744194,2301,0.062271,27,0,No fault,211.00
2026-08-12T13:26:54.364,1786534014.364748,1.664838,1,2500,5.000000,259,2500,0x01,left,-427.204798,2512,0.025641,28,0,No fault,0x02,right,-582.869917,2442,0.098901,27,0,No fault,70.00
2026-08-12T13:26:54.370,1786534014.370241,1.670330,1,2500,5.000000,260,2500,0x01,left,-426.352378,2195,0.084249,28,0,No fault,0x02,right,-581.995639,2618,0.113553,27,0,No fault,-423.00
2026-08-12T13:26:54.375,1786534014.375964,1.676058,1,2500,5.000000,261,2500,0x01,left,-425.456243,2618,0.142857,28,0,No fault,0x02,right,-581.121362,2847,0.113553,27,0,No fault,-229.00
2026-08-12T13:26:54.382,1786534014.382082,1.682180,1,2500,5.000000,262,2500,0x01,left,-423.751402,2124,0.098901,28,0,No fault,0x02,right,-580.268941,2371,0.098901,27,0,No fault,-247.00
2026-08-12T13:26:54.387,1786534014.387893,1.688017,1,2500,5.000000,263,2500,0x01,left,-422.855268,2512,0.047619,28,0,No fault,0x02,right,-578.432958,2265,0.069597,27,0,No fault,247.00
2026-08-12T13:26:54.393,1786534014.393933,1.694039,1,2500,5.000000,264,2500,0x01,left,-421.937276,2248,0.091575,28,0,No fault,0x02,right,-577.558681,2565,0.091575,27,0,No fault,-317.00
2026-08-12T13:26:54.399,1786534014.399682,1.699778,1,2500,5.000000,265,2500,0x01,left,-421.041142,2688,0.120879,28,0,No fault,0x02,right,-576.662546,2036,0.084249,27,0,No fault,652.00
2026-08-12T13:26:54.405,1786534014.405271,1.705366,1,2500,5.000000,266,2500,0x01,left,-420.210578,2442,0.098901,28,0,No fault,0x02,right,-575.766412,2354,0.076923,27,0,No fault,88.00
2026-08-12T13:26:54.410,1786534014.410848,1.710942,1,2500,5.000000,267,2500,0x01,left,-419.314443,2512,0.120879,28,0,No fault,0x02,right,-574.870277,2565,0.084249,27,0,No fault,-53.00
2026-08-12T13:26:54.416,1786534014.416653,1.716744,1,2500,5.000000,268,2500,0x01,left,-418.440166,2318,0.047619,28,0,No fault,0x02,right,-573.996000,2794,0.076923,27,0,No fault,-476.00
2026-08-12T13:26:54.422,1786534014.422318,1.722411,1,2500,5.000000,269,2500,0x01,left,-417.565888,2636,0.084249,28,0,No fault,0x02,right,-573.165436,1930,0.084249,27,0,No fault,706.00
2026-08-12T13:26:54.428,1786534014.428064,1.728155,1,2500,5.000000,270,2500,0x01,left,-415.861047,2248,0.091575,28,0,No fault,0x02,right,-572.225588,2724,0.076923,27,0,No fault,-476.00
2026-08-12T13:26:54.433,1786534014.433833,1.733939,1,2500,5.000000,271,2500,0x01,left,-414.986770,2354,0.106227,28,0,No fault,0x02,right,-570.498890,2618,0.054945,27,0,No fault,-264.00
2026-08-12T13:26:54.439,1786534014.439357,1.739450,1,2500,5.000000,272,2500,0x01,left,-414.090635,2512,0.047619,28,0,No fault,0x02,right,-569.668326,2512,0.084249,27,0,No fault,0.00
2026-08-12T13:26:54.444,1786534014.444829,1.744923,1,2500,5.000000,273,2500,0x01,left,-413.216358,2389,0.113553,28,0,No fault,0x02,right,-568.794048,2406,0.069597,27,0,No fault,-17.00
2026-08-12T13:26:54.450,1786534014.450366,1.750470,1,2500,5.000000,274,2500,0x01,left,-412.342080,2301,0.076923,28,0,No fault,0x02,right,-567.941628,2336,0.076923,27,0,No fault,-35.00
2026-08-12T13:26:54.455,1786534014.455983,1.756073,1,2500,5.000000,275,2500,0x01,left,-411.445945,2706,0.098901,28,0,No fault,0x02,right,-567.045493,2759,0.076923,27,0,No fault,-53.00
2026-08-12T13:26:54.461,1786534014.461512,1.761614,1,2500,5.000000,276,2500,0x01,left,-410.637239,2336,0.098901,28,0,No fault,0x02,right,-566.193073,2424,0.091575,27,0,No fault,-88.00
2026-08-12T13:26:54.467,1786534014.467027,1.767132,1,2500,5.000000,277,2500,0x01,left,-409.741104,2195,0.054945,28,0,No fault,0x02,right,-565.340652,2318,0.098901,27,0,No fault,-123.00
2026-08-12T13:26:54.472,1786534014.472587,1.772685,1,2500,5.000000,278,2500,0x01,left,-408.844970,2653,0.098901,28,0,No fault,0x02,right,-564.444517,2724,0.084249,27,0,No fault,-71.00
2026-08-12T13:26:54.478,1786534014.478123,1.778218,1,2500,5.000000,279,2500,0x01,left,-408.014406,2036,0.098901,28,0,No fault,0x02,right,-563.613954,2089,0.076923,27,0,No fault,-53.00
2026-08-12T13:26:54.484,1786534014.484867,1.784985,1,2500,5.000000,280,2500,0x01,left,-407.118272,2600,0.091575,28,0,No fault,0x02,right,-561.843542,2301,0.069597,27,0,No fault,299.00
2026-08-12T13:26:54.490,1786534014.490636,1.790736,1,2500,5.000000,281,2500,0x01,left,-405.347860,2212,0.069597,28,0,No fault,0x02,right,-560.991121,2071,0.120879,27,0,No fault,141.00
2026-08-12T13:26:54.496,1786534014.496270,1.796389,1,2500,5.000000,282,2500,0x01,left,-404.495439,2195,0.128205,28,0,No fault,0x02,right,-560.116844,2565,0.106227,27,0,No fault,-370.00
2026-08-12T13:26:54.502,1786534014.502131,1.802235,1,2500,5.000000,283,2500,0x01,left,-403.599304,2248,0.091575,28,0,No fault,0x02,right,-559.242566,2600,0.091575,27,0,No fault,-352.00
2026-08-12T13:26:54.518,1786534014.518515,1.818618,1,2500,5.000000,284,2500,0x01,left,-400.976472,2477,0.084249,28,0,No fault,0x02,right,-558.368288,2301,0.047619,27,0,No fault,176.00
2026-08-12T13:26:54.524,1786534014.524054,1.824148,1,2500,5.000000,285,2500,0x01,left,-400.102194,2512,0.120879,28,0,No fault,0x02,right,-554.958606,2477,0.076923,27,0,No fault,35.00
2026-08-12T13:26:54.540,1786534014.540458,1.840564,1,2500,5.000000,286,2500,0x01,left,-396.626941,2600,0.054945,28,0,No fault,0x02,right,-552.685484,2336,0.069597,27,0,No fault,264.00
2026-08-12T13:26:54.547,1786534014.547643,1.847756,1,2500,5.000000,287,2500,0x01,left,-395.621522,2054,0.120879,28,0,No fault,0x02,right,-551.876778,2371,0.069597,27,0,No fault,-317.00
2026-08-12T13:26:54.553,1786534014.553915,1.854020,1,2500,5.000000,288,2500,0x01,left,-394.725387,2160,0.091575,28,0,No fault,0x02,right,-551.024357,2265,0.076923,27,0,No fault,-105.00
2026-08-12T13:26:54.559,1786534014.559493,1.859584,1,2500,5.000000,289,2500,0x01,left,-393.894824,2495,0.098901,28,0,No fault,0x02,right,-549.253945,2354,0.047619,27,0,No fault,141.00
2026-08-12T13:26:54.565,1786534014.565058,1.865154,1,2500,5.000000,290,2500,0x01,left,-393.020546,2212,0.025641,28,0,No fault,0x02,right,-548.401524,2442,0.069597,27,0,No fault,-230.00
2026-08-12T13:26:54.570,1786534014.570694,1.870787,1,2500,5.000000,291,2500,0x01,left,-392.080698,2406,0.076923,28,0,No fault,0x02,right,-547.527247,2406,0.098901,27,0,No fault,0.00
2026-08-12T13:26:54.576,1786534014.576191,1.876278,1,2500,5.000000,292,2500,0x01,left,-391.250134,2442,0.120879,28,0,No fault,0x02,right,-546.674826,2318,0.084249,27,0,No fault,124.00
2026-08-12T13:26:54.581,1786534014.581761,1.881859,1,2500,5.000000,293,2500,0x01,left,-390.397713,2283,0.091575,28,0,No fault,0x02,right,-545.800549,2477,0.054945,27,0,No fault,-194.00
2026-08-12T13:26:54.587,1786534014.587691,1.887786,1,2500,5.000000,294,2500,0x01,left,-388.627301,2583,0.040293,28,0,No fault,0x02,right,-544.948128,2248,0.084249,27,0,No fault,335.00
2026-08-12T13:26:54.593,1786534014.593238,1.893330,1,2500,5.000000,295,2500,0x01,left,-387.774881,2265,0.076923,28,0,No fault,0x02,right,-544.030137,2688,0.069597,27,0,No fault,-423.00
2026-08-12T13:26:54.598,1786534014.598802,1.898897,1,2500,5.000000,296,2500,0x01,left,-386.900603,2212,0.076923,28,0,No fault,0x02,right,-543.177716,2724,0.113553,27,0,No fault,-512.00
2026-08-12T13:26:54.604,1786534014.604382,1.904474,1,2500,5.000000,297,2500,0x01,left,-386.070039,2142,0.106227,28,0,No fault,0x02,right,-542.325295,2547,0.098901,27,0,No fault,-405.00
2026-08-12T13:26:54.610,1786534014.610128,1.910227,1,2500,5.000000,298,2500,0x01,left,-385.195762,2406,0.113553,28,0,No fault,0x02,right,-541.385447,2565,0.084249,27,0,No fault,-159.00
2026-08-12T13:26:54.615,1786534014.615796,1.915893,1,2500,5.000000,299,2500,0x01,left,-384.299627,2530,0.032967,28,0,No fault,0x02,right,-539.658749,2354,0.091575,27,0,No fault,176.00
2026-08-12T13:26:54.621,1786534014.621426,1.921566,1,2500,5.000000,300,2500,0x01,left,-383.425350,2495,0.076923,28,0,No fault,0x02,right,-538.784471,2283,0.091575,27,0,No fault,212.00
2026-08-12T13:26:54.627,1786534014.627044,1.927137,1,2500,5.000000,301,2500,0x01,left,-382.551072,2212,0.084249,28,0,No fault,0x02,right,-537.888337,2177,0.076923,27,0,No fault,35.00
2026-08-12T13:26:54.632,1786534014.632922,1.933035,1,2500,5.000000,302,2500,0x01,left,-381.654938,2389,0.091575,28,0,No fault,0x02,right,-537.014059,2565,0.084249,27,0,No fault,-176.00
2026-08-12T13:26:54.639,1786534014.639435,1.939554,1,2500,5.000000,303,2500,0x01,left,-379.884526,2283,0.040293,28,0,No fault,0x02,right,-536.117925,2847,0.076923,27,0,No fault,-564.00
2026-08-12T13:26:54.645,1786534014.645576,1.945690,1,2500,5.000000,304,2500,0x01,left,-379.010248,2195,0.098901,28,0,No fault,0x02,right,-535.265504,2248,0.106227,27,0,No fault,-53.00
2026-08-12T13:26:54.651,1786534014.651440,1.951549,1,2500,5.000000,305,2500,0x01,left,-378.114114,2142,0.069597,28,0,No fault,0x02,right,-534.347513,2459,0.084249,27,0,No fault,-317.00
2026-08-12T13:26:54.657,1786534014.657245,1.957343,1,2500,5.000000,306,2500,0x01,left,-377.261693,2318,0.091575,28,0,No fault,0x02,right,-532.642671,2019,0.106227,27,0,No fault,299.00
2026-08-12T13:26:54.663,1786534014.663105,1.963202,1,2500,5.000000,307,2500,0x01,left,-376.387416,2371,0.069597,28,0,No fault,0x02,right,-531.746537,2953,0.069597,27,0,No fault,-582.00
2026-08-12T13:26:54.668,1786534014.668718,1.968817,1,2500,5.000000,308,2500,0x01,left,-375.469424,2547,0.054945,28,0,No fault,0x02,right,-530.894116,2389,0.106227,27,0,No fault,158.00
2026-08-12T13:26:54.674,1786534014.674513,1.974608,1,2500,5.000000,309,2500,0x01,left,-374.638860,2071,0.113553,28,0,No fault,0x02,right,-530.041696,2177,0.113553,27,0,No fault,-106.00
2026-08-12T13:26:54.680,1786534014.680322,1.980426,1,2500,5.000000,310,2500,0x01,left,-373.764583,2001,0.076923,28,0,No fault,0x02,right,-529.167418,2177,0.062271,27,0,No fault,-176.00
2026-08-12T13:26:54.686,1786534014.686141,1.986237,1,2500,5.000000,311,2500,0x01,left,-372.016028,2248,0.040293,28,0,No fault,0x02,right,-528.271284,2424,0.076923,27,0,No fault,-176.00
2026-08-12T13:26:54.691,1786534014.691675,1.991768,1,2500,5.000000,312,2500,0x01,left,-371.098036,1948,0.062271,28,0,No fault,0x02,right,-527.418863,2177,0.091575,27,0,No fault,-229.00
2026-08-12T13:26:54.697,1786534014.697413,1.997580,1,2500,5.000000,313,2500,0x01,left,-370.223759,2230,0.128205,28,0,No fault,0x02,right,-526.522729,2406,0.084249,27,0,No fault,-176.00
2026-08-12T13:26:54.703,1786534014.703374,2.003469,1,2500,5.000000,314,2500,0x01,left,-369.371338,2565,0.091575,28,0,No fault,0x02,right,-524.752316,2318,0.069597,27,0,No fault,247.00
2026-08-12T13:26:54.720,1786534014.720342,2.020434,1,2500,5.000000,315,2500,0x01,left,-366.726649,2671,0.076923,28,0,No fault,0x02,right,-523.899896,2336,0.054945,27,0,No fault,335.00
2026-08-12T13:26:54.725,1786534014.725827,2.025917,1,2500,5.000000,316,2500,0x01,left,-365.874228,2512,0.142857,28,0,No fault,0x02,right,-520.686926,2618,0.076923,27,0,No fault,-106.00
2026-08-12T13:26:54.736,1786534014.736926,2.037014,1,2500,5.000000,317,2500,0x01,left,-364.999950,2230,0.062271,28,0,No fault,0x02,right,-519.309939,2283,0.069597,27,0,No fault,-53.00
2026-08-12T13:26:54.742,1786534014.742416,2.042503,1,2500,5.000000,318,2500,0x01,left,-362.224119,2301,0.047619,28,0,No fault,0x02,right,-518.413804,2565,0.084249,27,0,No fault,-264.00
2026-08-12T13:26:54.747,1786534014.747877,2.047965,1,2500,5.000000,319,2500,0x01,left,-361.721410,2547,0.062271,28,0,No fault,0x02,right,-517.561384,2107,0.076923,27,0,No fault,440.00
2026-08-12T13:26:54.753,1786534014.753367,2.053457,1,2500,5.000000,320,2500,0x01,left,-360.868989,2212,0.113553,28,0,No fault,0x02,right,-516.621535,2318,0.113553,27,0,No fault,-106.00
2026-08-12T13:26:54.758,1786534014.758952,2.059055,1,2500,5.000000,321,2500,0x01,left,-359.994711,2442,0.128205,28,0,No fault,0x02,right,-515.790972,2371,0.084249,27,0,No fault,71.00
2026-08-12T13:26:54.764,1786534014.764516,2.064608,1,2500,5.000000,322,2500,0x01,left,-359.120434,2512,0.091575,28,0,No fault,0x02,right,-514.938551,2071,0.113553,27,0,No fault,441.00
2026-08-12T13:26:54.770,1786534014.770014,2.070102,1,2500,5.000000,323,2500,0x01,left,-358.202442,2495,0.069597,28,0,No fault,0x02,right,-514.064273,2054,0.106227,27,0,No fault,441.00
2026-08-12T13:26:54.775,1786534014.775492,2.075582,1,2500,5.000000,324,2500,0x01,left,-357.328165,2583,0.098901,28,0,No fault,0x02,right,-513.211853,2019,0.106227,27,0,No fault,564.00
2026-08-12T13:26:54.780,1786534014.780989,2.081077,1,2500,5.000000,325,2500,0x01,left,-356.475744,2442,0.084249,28,0,No fault,0x02,right,-512.315718,2741,0.120879,27,0,No fault,-299.00
2026-08-12T13:26:54.786,1786534014.786887,2.086980,1,2500,5.000000,326,2500,0x01,left,-355.623324,2354,0.113553,28,0,No fault,0x02,right,-511.463298,2107,0.091575,27,0,No fault,247.00
2026-08-12T13:26:54.792,1786534014.792681,2.092769,1,2500,5.000000,327,2500,0x01,left,-353.787341,2636,0.084249,28,0,No fault,0x02,right,-509.714743,2265,0.128205,27,0,No fault,371.00
2026-08-12T13:26:54.798,1786534014.798312,2.098401,1,2500,5.000000,328,2500,0x01,left,-352.934920,2424,0.098901,28,0,No fault,0x02,right,-508.840465,2547,0.120879,27,0,No fault,-123.00
2026-08-12T13:26:54.803,1786534014.803794,2.103885,1,2500,5.000000,329,2500,0x01,left,-352.060643,2459,0.084249,28,0,No fault,0x02,right,-507.988044,2054,0.084249,27,0,No fault,405.00
2026-08-12T13:26:54.809,1786534014.809271,2.109359,1,2500,5.000000,330,2500,0x01,left,-351.186365,3076,0.128205,28,0,No fault,0x02,right,-507.091910,2283,0.076923,27,0,No fault,793.00
2026-08-12T13:26:54.814,1786534014.814779,2.114866,1,2500,5.000000,331,2500,0x01,left,-350.333944,2459,0.069597,28,0,No fault,0x02,right,-506.195775,2777,0.106227,27,0,No fault,-318.00
2026-08-12T13:26:54.820,1786534014.820396,2.120484,1,2500,5.000000,332,2500,0x01,left,-349.459667,2759,0.069597,28,0,No fault,0x02,right,-505.343355,2371,0.098901,27,0,No fault,388.00
2026-08-12T13:26:54.825,1786534014.825874,2.125964,1,2500,5.000000,333,2500,0x01,left,-348.607246,2371,0.091575,28,0,No fault,0x02,right,-504.490934,2212,0.120879,27,0,No fault,159.00
2026-08-12T13:26:54.831,1786534014.831696,2.131803,1,2500,5.000000,334,2500,0x01,left,-347.754826,2547,0.113553,28,0,No fault,0x02,right,-503.638514,2124,0.135531,27,0,No fault,423.00
2026-08-12T13:26:54.838,1786534014.838046,2.138153,1,2500,5.000000,335,2500,0x01,left,-346.880548,2618,0.120879,28,0,No fault,0x02,right,-502.742379,2248,0.062271,27,0,No fault,370.00
2026-08-12T13:26:54.843,1786534014.843946,2.144040,1,2500,5.000000,336,2500,0x01,left,-345.984414,2442,0.062271,28,0,No fault,0x02,right,-500.993824,2019,0.098901,27,0,No fault,423.00
2026-08-12T13:26:54.849,1786534014.849668,2.149756,1,2500,5.000000,337,2500,0x01,left,-344.192145,2406,0.076923,28,0,No fault,0x02,right,-500.097689,2477,0.091575,27,0,No fault,-71.00
2026-08-12T13:26:54.855,1786534014.855198,2.155305,1,2500,5.000000,338,2500,0x01,left,-343.339724,2530,0.098901,28,0,No fault,0x02,right,-499.245269,2530,0.098901,27,0,No fault,0.00
2026-08-12T13:26:54.861,1786534014.861270,2.161397,1,2500,5.000000,339,2500,0x01,left,-342.465446,2124,0.120879,28,0,No fault,0x02,right,-498.305420,2389,0.084249,27,0,No fault,-265.00
2026-08-12T13:26:54.867,1786534014.867272,2.167373,1,2500,5.000000,340,2500,0x01,left,-341.525598,2477,0.069597,28,0,No fault,0x02,right,-497.474857,2177,0.098901,27,0,No fault,300.00
2026-08-12T13:26:54.873,1786534014.873174,2.173269,1,2500,5.000000,341,2500,0x01,left,-340.629464,2618,0.106227,28,0,No fault,0x02,right,-496.600579,2512,0.128205,27,0,No fault,106.00
2026-08-12T13:26:54.878,1786534014.878765,2.178864,1,2500,5.000000,342,2500,0x01,left,-339.777043,2371,0.062271,28,0,No fault,0x02,right,-495.748159,2089,0.098901,27,0,No fault,282.00
2026-08-12T13:26:54.884,1786534014.884726,2.184822,1,2500,5.000000,343,2500,0x01,left,-338.946479,2071,0.113553,28,0,No fault,0x02,right,-493.977747,2371,0.098901,27,0,No fault,-300.00
2026-08-12T13:26:54.890,1786534014.890980,2.191087,1,2500,5.000000,344,2500,0x01,left,-337.176067,2636,0.054945,28,0,No fault,0x02,right,-493.125326,2265,0.106227,27,0,No fault,371.00
2026-08-12T13:26:54.896,1786534014.896667,2.196781,1,2500,5.000000,345,2500,0x01,left,-336.279933,2688,0.106227,28,0,No fault,0x02,right,-492.251048,2071,0.128205,27,0,No fault,617.00
2026-08-12T13:26:54.903,1786534014.903467,2.203592,1,2500,5.000000,346,2500,0x01,left,-335.427512,2265,0.084249,28,0,No fault,0x02,right,-491.376771,2442,0.076923,27,0,No fault,-177.00
2026-08-12T13:26:54.909,1786534014.909132,2.209240,1,2500,5.000000,347,2500,0x01,left,-334.575092,2354,0.106227,28,0,No fault,0x02,right,-490.524350,2195,0.091575,27,0,No fault,159.00
2026-08-12T13:26:54.925,1786534014.925731,2.225839,1,2500,5.000000,348,2500,0x01,left,-331.908545,2600,0.142857,28,0,No fault,0x02,right,-486.764957,2354,0.076923,27,0,No fault,246.00
2026-08-12T13:26:54.931,1786534014.931543,2.231650,1,2500,5.000000,349,2500,0x01,left,-331.034267,2794,0.084249,28,0,No fault,0x02,right,-486.327818,2477,0.040293,27,0,No fault,317.00
2026-08-12T13:26:54.942,1786534014.942379,2.242474,1,2500,5.000000,350,2500,0x01,left,-330.181847,2495,0.032967,28,0,No fault,0x02,right,-484.819689,2406,0.150183,27,0,No fault,89.00
2026-08-12T13:26:54.947,1786534014.947917,2.248013,1,2500,5.000000,351,2500,0x01,left,-327.121875,2530,0.047619,28,0,No fault,0x02,right,-483.923555,2530,0.076923,27,0,No fault,0.00
2026-08-12T13:26:54.953,1786534014.953432,2.253557,1,2500,5.000000,352,2500,0x01,left,-326.662880,2019,0.091575,28,0,No fault,0x02,right,-483.049277,2741,0.084249,27,0,No fault,-722.00
2026-08-12T13:26:54.959,1786534014.959341,2.259450,1,2500,5.000000,353,2500,0x01,left,-325.810459,2230,0.091575,28,0,No fault,0x02,right,-481.278865,2389,0.091575,27,0,No fault,-159.00
2026-08-12T13:26:54.965,1786534014.965078,2.265172,1,2500,5.000000,354,2500,0x01,left,-324.914325,2442,0.018315,28,0,No fault,0x02,right,-480.448301,2160,0.084249,27,0,No fault,282.00
2026-08-12T13:26:54.970,1786534014.970609,2.270708,1,2500,5.000000,355,2500,0x01,left,-324.040047,2371,0.069597,28,0,No fault,0x02,right,-479.595881,2230,0.098901,27,0,No fault,141.00
2026-08-12T13:26:54.976,1786534014.976241,2.276345,1,2500,5.000000,356,2500,0x01,left,-323.143912,2865,0.142857,28,0,No fault,0x02,right,-478.743460,2195,0.076923,27,0,No fault,670.00
2026-08-12T13:26:54.982,1786534014.982027,2.282130,1,2500,5.000000,357,2500,0x01,left,-322.313349,2301,0.091575,28,0,No fault,0x02,right,-477.847326,2354,0.084249,27,0,No fault,-53.00
2026-08-12T13:26:54.988,1786534014.988239,2.288347,1,2500,5.000000,358,2500,0x01,left,-321.439071,2442,0.076923,28,0,No fault,0x02,right,-476.973048,2547,0.047619,27,0,No fault,-105.00
2026-08-12T13:26:54.993,1786534014.993816,2.293916,1,2500,5.000000,359,2500,0x01,left,-319.690516,2142,0.069597,28,0,No fault,0x02,right,-476.120628,2354,0.084249,27,0,No fault,-212.00
2026-08-12T13:26:54.999,1786534014.999334,2.299434,1,2500,5.000000,360,2500,0x01,left,-318.816239,2124,0.120879,28,0,No fault,0x02,right,-475.224493,2618,0.076923,27,0,No fault,-494.00
2026-08-12T13:26:55.005,1786534015.005008,2.305101,1,2500,5.000000,361,2500,0x01,left,-317.963818,2248,0.098901,28,0,No fault,0x02,right,-474.393929,2177,0.069597,27,0,No fault,71.00
2026-08-12T13:26:55.010,1786534015.010852,2.310952,1,2500,5.000000,362,2500,0x01,left,-317.089540,2636,0.098901,28,0,No fault,0x02,right,-472.645374,2389,0.098901,27,0,No fault,247.00
2026-08-12T13:26:55.016,1786534015.016424,2.316518,1,2500,5.000000,363,2500,0x01,left,-316.215263,2389,0.047619,28,0,No fault,0x02,right,-471.771097,2301,0.069597,27,0,No fault,88.00
2026-08-12T13:26:55.021,1786534015.021925,2.322021,1,2500,5.000000,364,2500,0x01,left,-315.340985,2071,0.076923,28,0,No fault,0x02,right,-470.896819,2583,0.113553,27,0,No fault,-512.00
2026-08-12T13:26:55.027,1786534015.027581,2.327684,1,2500,5.000000,365,2500,0x01,left,-314.466708,2107,0.113553,28,0,No fault,0x02,right,-470.044399,2354,0.091575,27,0,No fault,-247.00
2026-08-12T13:26:55.033,1786534015.033180,2.333280,1,2500,5.000000,366,2500,0x01,left,-313.614287,2177,0.106227,28,0,No fault,0x02,right,-469.170121,2583,0.076923,27,0,No fault,-406.00
2026-08-12T13:26:55.038,1786534015.038739,2.338837,1,2500,5.000000,367,2500,0x01,left,-312.761867,2160,0.106227,28,0,No fault,0x02,right,-468.295843,2230,0.084249,27,0,No fault,-70.00
2026-08-12T13:26:55.044,1786534015.044541,2.344644,1,2500,5.000000,368,2500,0x01,left,-311.865732,2565,0.040293,28,0,No fault,0x02,right,-467.443423,2336,0.069597,27,0,No fault,229.00
2026-08-12T13:26:55.050,1786534015.050459,2.350562,1,2500,5.000000,369,2500,0x01,left,-310.095320,2318,0.084249,28,0,No fault,0x02,right,-466.569145,2389,0.091575,27,0,No fault,-71.00
2026-08-12T13:26:55.056,1786534015.056614,2.356731,1,2500,5.000000,370,2500,0x01,left,-309.242899,2318,0.113553,28,0,No fault,0x02,right,-465.694868,2354,0.062271,27,0,No fault,-36.00
2026-08-12T13:26:55.062,1786534015.062185,2.362294,1,2500,5.000000,371,2500,0x01,left,-308.390479,2177,0.113553,28,0,No fault,0x02,right,-463.946313,2406,0.062271,27,0,No fault,-229.00
2026-08-12T13:26:55.067,1786534015.067888,2.367990,1,2500,5.000000,372,2500,0x01,left,-307.494344,2389,0.047619,28,0,No fault,0x02,right,-463.072035,2318,0.076923,27,0,No fault,71.00
2026-08-12T13:26:55.073,1786534015.073427,2.373571,1,2500,5.000000,373,2500,0x01,left,-306.620067,2354,0.084249,28,0,No fault,0x02,right,-462.197757,2283,0.106227,27,0,No fault,71.00
2026-08-12T13:26:55.078,1786534015.078992,2.379092,1,2500,5.000000,374,2500,0x01,left,-305.767646,2371,0.098901,28,0,No fault,0x02,right,-461.345337,2142,0.098901,27,0,No fault,229.00
2026-08-12T13:26:55.084,1786534015.084635,2.384737,1,2500,5.000000,375,2500,0x01,left,-304.915225,2530,0.084249,28,0,No fault,0x02,right,-460.471059,2336,0.076923,27,0,No fault,194.00
2026-08-12T13:26:55.090,1786534015.090805,2.390913,1,2500,5.000000,376,2500,0x01,left,-304.019091,2724,0.113553,28,0,No fault,0x02,right,-459.596782,2371,0.091575,27,0,No fault,353.00
2026-08-12T13:26:55.096,1786534015.096596,2.396706,1,2500,5.000000,377,2500,0x01,left,-302.270536,2283,0.091575,28,0,No fault,0x02,right,-458.722504,2177,0.054945,27,0,No fault,106.00
2026-08-12T13:26:55.102,1786534015.102240,2.402349,1,2500,5.000000,378,2500,0x01,left,-301.374401,2618,0.098901,28,0,No fault,0x02,right,-457.848227,2054,0.098901,27,0,No fault,564.00
2026-08-12T13:26:55.108,1786534015.108104,2.408216,1,2500,5.000000,379,2500,0x01,left,-300.543838,2248,0.091575,28,0,No fault,0x02,right,-456.930235,2389,0.054945,27,0,No fault,-141.00
2026-08-12T13:26:55.114,1786534015.114494,2.414606,1,2500,5.000000,380,2500,0x01,left,-299.669560,2565,0.091575,28,0,No fault,0x02,right,-456.055958,2618,0.054945,27,0,No fault,-53.00
2026-08-12T13:26:55.131,1786534015.131392,2.431491,1,2500,5.000000,381,2500,0x01,left,-296.981157,2565,0.084249,28,0,No fault,0x02,right,-451.903139,2371,0.091575,27,0,No fault,194.00
2026-08-12T13:26:55.142,1786534015.142383,2.442502,1,2500,5.000000,382,2500,0x01,left,-296.128736,2354,0.091575,28,0,No fault,0x02,right,-450.985148,2318,0.062271,27,0,No fault,36.00
2026-08-12T13:26:55.148,1786534015.148191,2.448295,1,2500,5.000000,383,2500,0x01,left,-293.221763,2424,0.106227,28,0,No fault,0x02,right,-450.089013,2318,0.120879,27,0,No fault,106.00
2026-08-12T13:26:55.153,1786534015.153808,2.453904,1,2500,5.000000,384,2500,0x01,left,-292.740911,2371,0.062271,28,0,No fault,0x02,right,-448.362315,2495,0.054945,27,0,No fault,-124.00
2026-08-12T13:26:55.159,1786534015.159379,2.459482,1,2500,5.000000,385,2500,0x01,left,-291.910347,2195,0.120879,28,0,No fault,0x02,right,-447.509895,2600,0.084249,27,0,No fault,-405.00
2026-08-12T13:26:55.165,1786534015.165018,2.465131,1,2500,5.000000,386,2500,0x01,left,-290.992355,2177,0.062271,28,0,No fault,0x02,right,-446.635617,2424,0.069597,27,0,No fault,-247.00
2026-08-12T13:26:55.170,1786534015.170615,2.470723,1,2500,5.000000,387,2500,0x01,left,-290.074364,2636,0.069597,28,0,No fault,0x02,right,-445.761339,2195,0.076923,27,0,No fault,441.00
2026-08-12T13:26:55.176,1786534015.176197,2.476310,1,2500,5.000000,388,2500,0x01,left,-289.221943,2354,0.142857,28,0,No fault,0x02,right,-444.908919,2301,0.120879,27,0,No fault,53.00
2026-08-12T13:26:55.181,1786534015.181781,2.481884,1,2500,5.000000,389,2500,0x01,left,-288.369523,2459,0.098901,28,0,No fault,0x02,right,-444.034641,2160,0.054945,27,0,No fault,299.00
2026-08-12T13:26:55.187,1786534015.187341,2.487451,1,2500,5.000000,390,2500,0x01,left,-287.473388,2265,0.062271,28,0,No fault,0x02,right,-443.182221,2248,0.076923,27,0,No fault,17.00
2026-08-12T13:26:55.194,1786534015.194015,2.494132,1,2500,5.000000,391,2500,0x01,left,-286.620968,2618,0.062271,28,0,No fault,0x02,right,-442.286086,2248,0.062271,27,0,No fault,370.00
2026-08-12T13:26:55.199,1786534015.199900,2.500013,1,2500,5.000000,392,2500,0x01,left,-284.872413,2371,0.120879,28,0,No fault,0x02,right,-440.559388,2019,0.069597,27,0,No fault,352.00
2026-08-12T13:26:55.205,1786534015.205569,2.505672,1,2500,5.000000,393,2500,0x01,left,-283.998135,2495,0.106227,28,0,No fault,0x02,right,-439.663254,2636,0.040293,27,0,No fault,-141.00
2026-08-12T13:26:55.211,1786534015.211138,2.511238,1,2500,5.000000,394,2500,0x01,left,-283.145714,2371,0.084249,28,0,No fault,0x02,right,-438.788976,2741,0.054945,27,0,No fault,-370.00
2026-08-12T13:26:55.217,1786534015.217174,2.517272,1,2500,5.000000,395,2500,0x01,left,-282.271437,2336,0.032967,28,0,No fault,0x02,right,-437.936555,2512,0.076923,27,0,No fault,-176.00
2026-08-12T13:26:55.222,1786534015.222652,2.522747,1,2500,5.000000,396,2500,0x01,left,-281.375302,2230,0.091575,28,0,No fault,0x02,right,-437.062278,2142,0.084249,27,0,No fault,88.00
2026-08-12T13:26:55.228,1786534015.228208,2.528306,1,2500,5.000000,397,2500,0x01,left,-280.522882,2195,0.120879,28,0,No fault,0x02,right,-436.188000,2406,0.084249,27,0,No fault,-211.00
2026-08-12T13:26:55.234,1786534015.234998,2.535098,1,2500,5.000000,398,2500,0x01,left,-278.796184,2371,0.091575,28,0,No fault,0x02,right,-435.335580,2583,0.076923,27,0,No fault,-212.00
2026-08-12T13:26:55.240,1786534015.240569,2.540659,1,2500,5.000000,399,2500,0x01,left,-277.921906,2512,0.040293,28,0,No fault,0x02,right,-433.587025,2283,0.062271,27,0,No fault,229.00
2026-08-12T13:26:55.246,1786534015.246094,2.546193,1,2500,5.000000,400,2500,0x01,left,-277.047628,2354,0.076923,28,0,No fault,0x02,right,-432.734604,2389,0.098901,27,0,No fault,-35.00
2026-08-12T13:26:55.251,1786534015.251723,2.551830,1,2500,5.000000,401,2500,0x01,left,-276.195208,2389,0.128205,28,0,No fault,0x02,right,-431.860326,2301,0.084249,27,0,No fault,88.00
2026-08-12T13:26:55.257,1786534015.257226,2.557322,1,2500,5.000000,402,2500,0x01,left,-275.320930,2583,0.098901,28,0,No fault,0x02,right,-430.986049,2688,0.091575,27,0,No fault,-105.00
2026-08-12T13:26:55.262,1786534015.262761,2.562867,1,2500,5.000000,403,2500,0x01,left,-274.468510,2495,0.076923,28,0,No fault,0x02,right,-430.133628,2512,0.084249,27,0,No fault,-17.00
2026-08-12T13:26:55.268,1786534015.268331,2.568435,1,2500,5.000000,404,2500,0x01,left,-273.572375,2371,0.040293,28,0,No fault,0x02,right,-429.259351,2442,0.084249,27,0,No fault,-71.00
2026-08-12T13:26:55.273,1786534015.273845,2.573938,1,2500,5.000000,405,2500,0x01,left,-272.698098,2565,0.084249,28,0,No fault,0x02,right,-428.385073,2301,0.069597,27,0,No fault,264.00
2026-08-12T13:26:55.279,1786534015.279343,2.579446,1,2500,5.000000,406,2500,0x01,left,-271.823820,2442,0.113553,28,0,No fault,0x02,right,-427.532652,2759,0.113553,27,0,No fault,-317.00
2026-08-12T13:26:55.285,1786534015.285176,2.585276,1,2500,5.000000,407,2500,0x01,left,-270.993256,2301,0.113553,28,0,No fault,0x02,right,-426.658375,2565,0.084249,27,0,No fault,-264.00
2026-08-12T13:26:55.291,1786534015.291429,2.591528,1,2500,5.000000,408,2500,0x01,left,-269.222844,2653,0.062271,28,0,No fault,0x02,right,-425.784097,2318,0.076923,27,0,No fault,335.00
2026-08-12T13:26:55.297,1786534015.297004,2.597107,1,2500,5.000000,409,2500,0x01,left,-268.348567,2389,0.098901,28,0,No fault,0x02,right,-424.057399,2354,0.062271,27,0,No fault,35.00
2026-08-12T13:26:55.302,1786534015.302589,2.602691,1,2500,5.000000,410,2500,0x01,left,-267.474289,2195,0.098901,28,0,No fault,0x02,right,-423.183122,2054,0.069597,27,0,No fault,141.00
2026-08-12T13:26:55.308,1786534015.308118,2.608212,1,2500,5.000000,411,2500,0x01,left,-266.643726,2001,0.120879,28,0,No fault,0x02,right,-422.330701,2001,0.084249,27,0,No fault,0.00
2026-08-12T13:26:55.313,1786534015.313647,2.613740,1,2500,5.000000,412,2500,0x01,left,-265.747591,2618,0.142857,28,0,No fault,0x02,right,-421.434567,2547,0.032967,27,0,No fault,71.00
2026-08-12T13:26:55.330,1786534015.330254,2.630351,1,2500,5.000000,413,2500,0x01,left,-263.124758,2336,0.098901,28,0,No fault,0x02,right,-420.560289,2724,0.098901,27,0,No fault,-388.00
2026-08-12T13:26:55.335,1786534015.335933,2.636027,1,2500,5.000000,414,2500,0x01,left,-262.294195,2212,0.098901,28,0,No fault,0x02,right,-417.325462,2706,0.069597,27,0,No fault,-494.00
2026-08-12T13:26:55.347,1786534015.347281,2.647413,1,2500,5.000000,415,2500,0x01,left,-261.419917,2759,0.113553,28,0,No fault,0x02,right,-416.014046,2107,0.135531,27,0,No fault,652.00
2026-08-12T13:26:55.352,1786534015.352889,2.652987,1,2500,5.000000,416,2500,0x01,left,-258.228804,2336,0.069597,28,0,No fault,0x02,right,-415.117911,2036,0.098901,27,0,No fault,300.00
2026-08-12T13:26:55.358,1786534015.358418,2.658517,1,2500,5.000000,417,2500,0x01,left,-257.835379,1930,0.062271,28,0,No fault,0x02,right,-414.243634,2177,0.047619,27,0,No fault,-247.00
2026-08-12T13:26:55.364,1786534015.364127,2.664223,1,2500,5.000000,418,2500,0x01,left,-256.961102,2389,0.084249,28,0,No fault,0x02,right,-413.369356,2812,0.069597,27,0,No fault,-423.00
2026-08-12T13:26:55.369,1786534015.369740,2.669836,1,2500,5.000000,419,2500,0x01,left,-256.064967,2442,0.069597,28,0,No fault,0x02,right,-411.598944,2442,0.069597,27,0,No fault,0.00
2026-08-12T13:26:55.375,1786534015.375469,2.675583,1,2500,5.000000,420,2500,0x01,left,-255.190690,2547,0.142857,28,0,No fault,0x02,right,-410.746523,2265,0.069597,27,0,No fault,282.00
2026-08-12T13:26:55.381,1786534015.381324,2.681431,1,2500,5.000000,421,2500,0x01,left,-254.338269,2160,0.076923,28,0,No fault,0x02,right,-409.850389,2424,0.054945,27,0,No fault,-264.00
2026-08-12T13:26:55.387,1786534015.387053,2.687159,1,2500,5.000000,422,2500,0x01,left,-253.485848,2477,0.084249,28,0,No fault,0x02,right,-408.997968,2230,0.062271,27,0,No fault,247.00
2026-08-12T13:26:55.392,1786534015.392593,2.692692,1,2500,5.000000,423,2500,0x01,left,-252.633428,2160,0.054945,28,0,No fault,0x02,right,-408.101834,2124,0.076923,27,0,No fault,36.00
2026-08-12T13:26:55.398,1786534015.398833,2.698945,1,2500,5.000000,424,2500,0x01,left,-251.737293,2354,0.062271,28,0,No fault,0x02,right,-407.227556,2636,0.076923,27,0,No fault,-282.00
2026-08-12T13:26:55.404,1786534015.404513,2.704613,1,2500,5.000000,425,2500,0x01,left,-249.988738,2512,0.106227,28,0,No fault,0x02,right,-406.353279,2336,0.062271,27,0,No fault,176.00
2026-08-12T13:26:55.410,1786534015.410100,2.710194,1,2500,5.000000,426,2500,0x01,left,-249.158174,2142,0.091575,28,0,No fault,0x02,right,-405.435287,2424,0.047619,27,0,No fault,-282.00
2026-08-12T13:26:55.415,1786534015.415884,2.715982,1,2500,5.000000,427,2500,0x01,left,-248.262040,2424,0.032967,28,0,No fault,0x02,right,-404.539153,2530,0.076923,27,0,No fault,-106.00
2026-08-12T13:26:55.421,1786534015.421699,2.721791,1,2500,5.000000,428,2500,0x01,left,-247.387762,2336,0.076923,28,0,No fault,0x02,right,-402.812455,2265,0.091575,27,0,No fault,71.00
2026-08-12T13:26:55.427,1786534015.427284,2.727379,1,2500,5.000000,429,2500,0x01,left,-246.535342,2195,0.135531,28,0,No fault,0x02,right,-401.938177,2301,0.047619,27,0,No fault,-106.00
2026-08-12T13:26:55.432,1786534015.432912,2.733018,1,2500,5.000000,430,2500,0x01,left,-245.682921,2019,0.084249,28,0,No fault,0x02,right,-401.042043,2847,0.069597,27,0,No fault,-828.00
2026-08-12T13:26:55.438,1786534015.438420,2.738510,1,2500,5.000000,431,2500,0x01,left,-244.808644,2248,0.091575,28,0,No fault,0x02,right,-400.189622,2442,0.091575,27,0,No fault,-194.00
2026-08-12T13:26:55.443,1786534015.443923,2.744014,1,2500,5.000000,432,2500,0x01,left,-243.912509,2424,0.018315,28,0,No fault,0x02,right,-399.315344,2512,0.040293,27,0,No fault,-88.00
2026-08-12T13:26:55.449,1786534015.449836,2.749932,1,2500,5.000000,433,2500,0x01,left,-243.038232,2442,0.069597,28,0,No fault,0x02,right,-398.419210,2459,0.076923,27,0,No fault,-17.00
2026-08-12T13:26:55.457,1786534015.457900,2.758018,1,2500,5.000000,434,2500,0x01,left,-241.289676,2547,0.098901,28,0,No fault,0x02,right,-396.670655,2389,0.069597,27,0,No fault,158.00
2026-08-12T13:26:55.464,1786534015.464067,2.764211,1,2500,5.000000,435,2500,0x01,left,-240.393542,2477,0.069597,28,0,No fault,0x02,right,-395.774520,2724,0.062271,27,0,No fault,-247.00
2026-08-12T13:26:55.470,1786534015.470346,2.770492,1,2500,5.000000,436,2500,0x01,left,-239.519264,2530,0.025641,28,0,No fault,0x02,right,-394.922100,2371,0.054945,27,0,No fault,159.00
2026-08-12T13:26:55.476,1786534015.476494,2.776614,1,2500,5.000000,437,2500,0x01,left,-237.705139,2653,0.128205,28,0,No fault,0x02,right,-394.025965,2618,0.076923,27,0,No fault,35.00
2026-08-12T13:26:55.482,1786534015.482174,2.782284,1,2500,5.000000,438,2500,0x01,left,-236.940146,2195,0.084249,28,0,No fault,0x02,right,-393.173545,2142,0.062271,27,0,No fault,53.00
2026-08-12T13:26:55.488,1786534015.488055,2.788157,1,2500,5.000000,439,2500,0x01,left,-236.065868,2442,0.091575,28,0,No fault,0x02,right,-392.299267,2406,0.076923,27,0,No fault,36.00
2026-08-12T13:26:55.494,1786534015.494104,2.794210,1,2500,5.000000,440,2500,0x01,left,-235.191591,2301,0.040293,28,0,No fault,0x02,right,-390.550712,2160,0.069597,27,0,No fault,141.00
2026-08-12T13:26:55.499,1786534015.499691,2.799788,1,2500,5.000000,441,2500,0x01,left,-234.295456,2583,0.076923,28,0,No fault,0x02,right,-389.676434,2019,0.076923,27,0,No fault,564.00
2026-08-12T13:26:55.505,1786534015.505398,2.805527,1,2500,5.000000,442,2500,0x01,left,-233.443035,2248,0.128205,28,0,No fault,0x02,right,-388.802157,2477,0.084249,27,0,No fault,-229.00
2026-08-12T13:26:55.511,1786534015.511577,2.811691,1,2500,5.000000,443,2500,0x01,left,-232.612472,1983,0.098901,28,0,No fault,0x02,right,-387.927879,2265,0.054945,27,0,No fault,-282.00
2026-08-12T13:26:55.517,1786534015.517354,2.817468,1,2500,5.000000,444,2500,0x01,left,-230.645347,2671,0.062271,28,0,No fault,0x02,right,-387.031745,2600,0.054945,27,0,No fault,71.00
2026-08-12T13:26:55.533,1786534015.533627,2.833731,1,2500,5.000000,445,2500,0x01,left,-228.197370,2777,0.098901,28,0,No fault,0x02,right,-383.294208,2054,0.091575,27,0,No fault,723.00
2026-08-12T13:26:55.550,1786534015.550369,2.850469,1,2500,5.000000,446,2500,0x01,left,-227.366806,2283,0.091575,28,0,No fault,0x02,right,-381.436368,2530,0.120879,27,0,No fault,-247.00
2026-08-12T13:26:55.555,1786534015.555877,2.855971,1,2500,5.000000,447,2500,0x01,left,-224.241264,2054,0.076923,28,0,No fault,0x02,right,-380.540234,2230,0.091575,27,0,No fault,-176.00
2026-08-12T13:26:55.561,1786534015.561382,2.861481,1,2500,5.000000,448,2500,0x01,left,-223.804125,2336,0.069597,28,0,No fault,0x02,right,-379.644099,2301,0.032967,27,0,No fault,35.00
2026-08-12T13:26:55.567,1786534015.567624,2.867735,1,2500,5.000000,449,2500,0x01,left,-222.929848,2583,0.091575,28,0,No fault,0x02,right,-378.857250,2336,0.091575,27,0,No fault,247.00
2026-08-12T13:26:55.573,1786534015.573884,2.873986,1,2500,5.000000,450,2500,0x01,left,-222.055570,2389,0.076923,28,0,No fault,0x02,right,-376.977553,2512,0.084249,27,0,No fault,-123.00
2026-08-12T13:26:55.579,1786534015.579405,2.879494,1,2500,5.000000,451,2500,0x01,left,-220.285158,2495,0.076923,28,0,No fault,0x02,right,-376.146989,2406,0.076923,27,0,No fault,89.00
2026-08-12T13:26:55.584,1786534015.584953,2.885052,1,2500,5.000000,452,2500,0x01,left,-219.454595,2195,0.120879,28,0,No fault,0x02,right,-375.272712,2424,0.084249,27,0,No fault,-229.00
2026-08-12T13:26:55.590,1786534015.590555,2.890659,1,2500,5.000000,453,2500,0x01,left,-218.558460,2618,0.098901,28,0,No fault,0x02,right,-374.354720,2089,0.076923,27,0,No fault,529.00
2026-08-12T13:26:55.596,1786534015.596085,2.896182,1,2500,5.000000,454,2500,0x01,left,-217.662326,2389,0.062271,28,0,No fault,0x02,right,-373.480443,2371,0.084249,27,0,No fault,18.00
2026-08-12T13:26:55.601,1786534015.601593,2.901689,1,2500,5.000000,455,2500,0x01,left,-216.809905,2318,0.120879,28,0,No fault,0x02,right,-372.628022,2530,0.076923,27,0,No fault,-212.00
2026-08-12T13:26:55.607,1786534015.607199,2.907306,1,2500,5.000000,456,2500,0x01,left,-215.957484,2406,0.091575,28,0,No fault,0x02,right,-371.775601,2195,0.084249,27,0,No fault,211.00
2026-08-12T13:26:55.612,1786534015.612845,2.912944,1,2500,5.000000,457,2500,0x01,left,-215.105064,2248,0.076923,28,0,No fault,0x02,right,-370.901324,2248,0.084249,27,0,No fault,0.00
2026-08-12T13:26:55.618,1786534015.618364,2.918460,1,2500,5.000000,458,2500,0x01,left,-214.230786,2424,0.084249,28,0,No fault,0x02,right,-369.983332,2459,0.069597,27,0,No fault,-35.00
2026-08-12T13:26:55.624,1786534015.624470,2.924572,1,2500,5.000000,459,2500,0x01,left,-213.334652,2688,0.069597,28,0,No fault,0x02,right,-368.234777,2618,0.091575,27,0,No fault,70.00
2026-08-12T13:26:55.630,1786534015.630182,2.930279,1,2500,5.000000,460,2500,0x01,left,-211.629810,2318,0.084249,28,0,No fault,0x02,right,-367.360500,2389,0.091575,27,0,No fault,-71.00
2026-08-12T13:26:55.636,1786534015.636281,2.936380,1,2500,5.000000,461,2500,0x01,left,-210.777390,2354,0.091575,28,0,No fault,0x02,right,-366.508079,2019,0.054945,27,0,No fault,335.00
2026-08-12T13:26:55.641,1786534015.641865,2.941968,1,2500,5.000000,462,2500,0x01,left,-209.903112,2265,0.076923,28,0,No fault,0x02,right,-365.611945,2459,0.069597,27,0,No fault,-194.00
2026-08-12T13:26:55.647,1786534015.647403,2.947500,1,2500,5.000000,463,2500,0x01,left,-209.006978,2354,0.069597,28,0,No fault,0x02,right,-364.737667,2583,0.106227,27,0,No fault,-229.00
2026-08-12T13:26:55.653,1786534015.653056,2.953156,1,2500,5.000000,464,2500,0x01,left,-208.132700,2671,0.106227,28,0,No fault,0x02,right,-363.885247,2442,0.098901,27,0,No fault,229.00
2026-08-12T13:26:55.658,1786534015.658670,2.958787,1,2500,5.000000,465,2500,0x01,left,-207.280280,2177,0.098901,28,0,No fault,0x02,right,-363.010969,2265,0.091575,27,0,No fault,-88.00
2026-08-12T13:26:55.664,1786534015.664292,2.964397,1,2500,5.000000,466,2500,0x01,left,-206.449716,2142,0.128205,28,0,No fault,0x02,right,-362.114834,2301,0.054945,27,0,No fault,-159.00
2026-08-12T13:26:55.669,1786534015.669838,2.969938,1,2500,5.000000,467,2500,0x01,left,-205.531725,2724,0.054945,28,0,No fault,0x02,right,-361.240557,2706,0.091575,27,0,No fault,18.00
2026-08-12T13:26:55.676,1786534015.676274,2.976384,1,2500,5.000000,468,2500,0x01,left,-204.679304,2389,0.084249,28,0,No fault,0x02,right,-359.448288,2283,0.106227,27,0,No fault,106.00
2026-08-12T13:26:55.681,1786534015.681925,2.982029,1,2500,5.000000,469,2500,0x01,left,-202.952606,2248,0.098901,28,0,No fault,0x02,right,-358.617724,2424,0.062271,27,0,No fault,-176.00
2026-08-12T13:26:55.687,1786534015.687500,2.987609,1,2500,5.000000,470,2500,0x01,left,-202.034614,2953,0.128205,28,0,No fault,0x02,right,-357.743447,1842,0.047619,27,0,No fault,1111.00
2026-08-12T13:26:55.693,1786534015.693047,2.993144,1,2500,5.000000,471,2500,0x01,left,-201.182194,2600,0.076923,28,0,No fault,0x02,right,-356.869169,1878,0.076923,27,0,No fault,722.00
2026-08-12T13:26:55.698,1786534015.698625,2.998726,1,2500,5.000000,472,2500,0x01,left,-200.307916,2371,0.069597,28,0,No fault,0x02,right,-356.016749,1878,0.091575,27,0,No fault,493.00
2026-08-12T13:26:55.704,1786534015.704172,3.004270,1,2500,5.000000,473,2500,0x01,left,-199.433639,2688,0.113553,28,0,No fault,0x02,right,-355.120614,2107,0.069597,27,0,No fault,581.00
2026-08-12T13:26:55.709,1786534015.709679,3.009775,1,2500,5.000000,474,2500,0x01,left,-198.581218,2600,0.113553,28,0,No fault,0x02,right,-354.246336,2001,0.084249,27,0,No fault,599.00
2026-08-12T13:26:55.715,1786534015.715281,3.015608,1,2500,5.000000,475,2500,0x01,left,-197.728797,2248,0.120879,28,0,No fault,0x02,right,-353.372059,2301,0.069597,27,0,No fault,-53.00
2026-08-12T13:26:55.721,1786534015.721323,3.021425,1,2500,5.000000,476,2500,0x01,left,-196.854520,2406,0.076923,28,0,No fault,0x02,right,-352.497781,2265,0.084249,27,0,No fault,141.00
2026-08-12T13:26:55.749,1786534015.749428,3.049601,1,2500,5.000000,477,2500,0x01,left,-191.106145,2230,0.142857,28,0,No fault,0x02,right,-347.711112,2354,0.091575,27,0,No fault,-124.00
2026-08-12T13:26:55.755,1786534015.755248,3.055348,1,2500,5.000000,478,2500,0x01,left,-190.669006,2442,0.106227,28,0,No fault,0x02,right,-345.940700,2688,0.040293,27,0,No fault,-246.00
2026-08-12T13:26:55.760,1786534015.760799,3.060896,1,2500,5.000000,479,2500,0x01,left,-190.188153,2371,0.069597,28,0,No fault,0x02,right,-345.088279,2195,0.076923,27,0,No fault,176.00
2026-08-12T13:26:55.766,1786534015.766760,3.066867,1,2500,5.000000,480,2500,0x01,left,-188.417741,2512,0.003663,28,0,No fault,0x02,right,-344.235858,2371,0.098901,27,0,No fault,141.00
2026-08-12T13:26:55.772,1786534015.772399,3.072500,1,2500,5.000000,481,2500,0x01,left,-187.565321,2142,0.069597,28,0,No fault,0x02,right,-343.339724,2565,0.062271,27,0,No fault,-423.00
2026-08-12T13:26:55.777,1786534015.777993,3.078091,1,2500,5.000000,482,2500,0x01,left,-186.691043,2265,0.142857,28,0,No fault,0x02,right,-342.465446,2283,0.076923,27,0,No fault,-18.00
2026-08-12T13:26:55.783,1786534015.783574,3.083677,1,2500,5.000000,483,2500,0x01,left,-185.816766,2600,0.084249,28,0,No fault,0x02,right,-341.591169,2495,0.076923,27,0,No fault,105.00
2026-08-12T13:26:55.789,1786534015.789103,3.089201,1,2500,5.000000,484,2500,0x01,left,-184.964345,2424,0.076923,28,0,No fault,0x02,right,-340.738748,2318,0.076923,27,0,No fault,106.00
2026-08-12T13:26:55.794,1786534015.794625,3.094718,1,2500,5.000000,485,2500,0x01,left,-184.090068,2230,0.010989,28,0,No fault,0x02,right,-339.864471,2195,0.069597,27,0,No fault,35.00
2026-08-12T13:26:55.800,1786534015.800287,3.100383,1,2500,5.000000,486,2500,0x01,left,-183.237647,2230,0.091575,28,0,No fault,0x02,right,-338.968336,2671,0.084249,27,0,No fault,-441.00
2026-08-12T13:26:55.806,1786534015.806020,3.106113,1,2500,5.000000,487,2500,0x01,left,-182.363369,2336,0.106227,28,0,No fault,0x02,right,-337.241638,2212,0.062271,27,0,No fault,124.00
2026-08-12T13:26:55.811,1786534015.811497,3.111590,1,2500,5.000000,488,2500,0x01,left,-181.489092,2777,0.098901,28,0,No fault,0x02,right,-336.367361,2512,0.054945,27,0,No fault,265.00
2026-08-12T13:26:55.816,1786534015.816973,3.117066,1,2500,5.000000,489,2500,0x01,left,-180.636671,2442,0.069597,28,0,No fault,0x02,right,-335.493083,2653,0.076923,27,0,No fault,-211.00
2026-08-12T13:26:55.822,1786534015.822654,3.122756,1,2500,5.000000,490,2500,0x01,left,-179.762394,2283,0.032967,28,0,No fault,0x02,right,-334.618805,2336,0.076923,27,0,No fault,-53.00
2026-08-12T13:26:55.828,1786534015.828375,3.128474,1,2500,5.000000,491,2500,0x01,left,-178.013839,2248,0.120879,28,0,No fault,0x02,right,-333.722671,2530,0.098901,27,0,No fault,-282.00
2026-08-12T13:26:55.833,1786534015.833881,3.133984,1,2500,5.000000,492,2500,0x01,left,-177.161418,2318,0.091575,28,0,No fault,0x02,right,-332.870250,2036,0.069597,27,0,No fault,282.00
2026-08-12T13:26:55.839,1786534015.839628,3.139758,1,2500,5.000000,493,2500,0x01,left,-176.287140,2512,0.091575,28,0,No fault,0x02,right,-331.995973,2618,0.106227,27,0,No fault,-106.00
2026-08-12T13:26:55.845,1786534015.845711,3.145820,1,2500,5.000000,494,2500,0x01,left,-175.391006,2495,0.032967,28,0,No fault,0x02,right,-331.121695,2354,0.069597,27,0,No fault,141.00
2026-08-12T13:26:55.851,1786534015.851294,3.151407,1,2500,5.000000,495,2500,0x01,left,-174.516728,2371,0.084249,28,0,No fault,0x02,right,-330.225561,2301,0.098901,27,0,No fault,70.00
2026-08-12T13:26:55.857,1786534015.857197,3.157316,1,2500,5.000000,496,2500,0x01,left,-173.642451,2424,0.098901,28,0,No fault,0x02,right,-329.394997,2195,0.084249,27,0,No fault,229.00
2026-08-12T13:26:55.863,1786534015.863857,3.163976,1,2500,5.000000,497,2500,0x01,left,-172.811887,2301,0.098901,28,0,No fault,0x02,right,-327.602728,2212,0.047619,27,0,No fault,89.00
2026-08-12T13:26:55.869,1786534015.869531,3.169639,1,2500,5.000000,498,2500,0x01,left,-171.041475,2477,0.040293,28,0,No fault,0x02,right,-326.728450,2354,0.054945,27,0,No fault,123.00
2026-08-12T13:26:55.875,1786534015.875133,3.175241,1,2500,5.000000,499,2500,0x01,left,-170.189054,2265,0.076923,28,0,No fault,0x02,right,-325.876030,2459,0.098901,27,0,No fault,-194.00
2026-08-12T13:26:55.880,1786534015.880751,3.180853,1,2500,5.000000,500,2500,0x01,left,-169.314777,2160,0.091575,28,0,No fault,0x02,right,-324.979895,2371,0.047619,27,0,No fault,-211.00
2026-08-12T13:26:55.886,1786534015.886575,3.186683,1,2500,5.000000,501,2500,0x01,left,-168.484213,2195,0.091575,28,0,No fault,0x02,right,-324.105618,2301,0.069597,27,0,No fault,-106.00
2026-08-12T13:26:55.892,1786534015.892239,3.192353,1,2500,5.000000,502,2500,0x01,left,-167.609936,2177,0.091575,28,0,No fault,0x02,right,-323.253197,2124,0.084249,27,0,No fault,53.00
2026-08-12T13:26:55.897,1786534015.897745,3.197837,1,2500,5.000000,503,2500,0x01,left,-166.713801,2688,0.054945,28,0,No fault,0x02,right,-322.357063,2283,0.069597,27,0,No fault,405.00
2026-08-12T13:26:55.903,1786534015.903236,3.203328,1,2500,5.000000,504,2500,0x01,left,-165.839524,2212,0.084249,28,0,No fault,0x02,right,-321.482785,2442,0.069597,27,0,No fault,-230.00
2026-08-12T13:26:55.909,1786534015.909006,3.209100,1,2500,5.000000,505,2500,0x01,left,-164.987103,2336,0.091575,28,0,No fault,0x02,right,-319.734230,2565,0.062271,27,0,No fault,-229.00
2026-08-12T13:26:55.914,1786534015.914700,3.214803,1,2500,5.000000,506,2500,0x01,left,-164.134682,2283,0.091575,28,0,No fault,0x02,right,-318.881809,2336,0.106227,27,0,No fault,-53.00
2026-08-12T13:26:55.920,1786534015.920481,3.220576,1,2500,5.000000,507,2500,0x01,left,-162.364270,2530,0.040293,28,0,No fault,0x02,right,-318.007532,2142,0.054945,27,0,No fault,388.00
2026-08-12T13:26:55.936,1786534015.936692,3.236782,1,2500,5.000000,508,2500,0x01,left,-159.763295,2019,0.113553,28,0,No fault,0x02,right,-317.155111,2019,0.091575,27,0,No fault,0.00
2026-08-12T13:26:55.952,1786534015.952783,3.252914,1,2500,5.000000,509,2500,0x01,left,-158.845303,2724,0.106227,28,0,No fault,0x02,right,-312.477726,2530,0.091575,27,0,No fault,194.00
2026-08-12T13:26:55.958,1786534015.958939,3.259043,1,2500,5.000000,510,2500,0x01,left,-155.850903,2160,0.076923,28,0,No fault,0x02,right,-311.625306,2212,0.062271,27,0,No fault,-52.00
2026-08-12T13:26:55.964,1786534015.964481,3.264592,1,2500,5.000000,511,2500,0x01,left,-155.391907,2336,0.084249,28,0,No fault,0x02,right,-310.685457,2459,0.040293,27,0,No fault,-123.00
2026-08-12T13:26:55.970,1786534015.970039,3.270150,1,2500,5.000000,512,2500,0x01,left,-154.517629,2459,0.054945,28,0,No fault,0x02,right,-309.833037,2354,0.113553,27,0,No fault,105.00
2026-08-12T13:26:55.975,1786534015.975695,3.275805,1,2500,5.000000,513,2500,0x01,left,-153.643352,2389,0.091575,28,0,No fault,0x02,right,-308.958759,2406,0.076923,27,0,No fault,-17.00
2026-08-12T13:26:55.981,1786534015.981256,3.281355,1,2500,5.000000,514,2500,0x01,left,-152.769074,2424,0.150183,28,0,No fault,0x02,right,-308.106339,2583,0.076923,27,0,No fault,-159.00
2026-08-12T13:26:55.987,1786534015.987502,3.287602,1,2500,5.000000,515,2500,0x01,left,-150.976805,2547,0.084249,28,0,No fault,0x02,right,-306.270356,2406,0.054945,27,0,No fault,141.00
2026-08-12T13:26:55.992,1786534015.992951,3.293039,1,2500,5.000000,516,2500,0x01,left,-150.146241,2265,0.062271,28,0,No fault,0x02,right,-305.417935,2706,0.084249,27,0,No fault,-441.00
2026-08-12T13:26:55.998,1786534015.998462,3.298564,1,2500,5.000000,517,2500,0x01,left,-149.250107,2759,0.091575,28,0,No fault,0x02,right,-304.543658,2424,0.091575,27,0,No fault,335.00
2026-08-12T13:26:56.004,1786534016.004011,3.304113,1,2500,5.000000,518,2500,0x01,left,-148.375829,2212,0.128205,28,0,No fault,0x02,right,-303.625666,2547,0.062271,27,0,No fault,-335.00
2026-08-12T13:26:56.009,1786534016.009600,3.309708,1,2500,5.000000,519,2500,0x01,left,-147.501552,2759,0.120879,28,0,No fault,0x02,right,-302.773245,2636,0.091575,27,0,No fault,123.00
2026-08-12T13:26:56.015,1786534016.015156,3.315266,1,2500,5.000000,520,2500,0x01,left,-146.670988,2248,0.113553,28,0,No fault,0x02,right,-301.898968,2230,0.084249,27,0,No fault,18.00
2026-08-12T13:26:56.020,1786534016.020837,3.320948,1,2500,5.000000,521,2500,0x01,left,-145.774854,2583,0.040293,28,0,No fault,0x02,right,-301.024690,2265,0.106227,27,0,No fault,318.00
2026-08-12T13:26:56.026,1786534016.026392,3.326496,1,2500,5.000000,522,2500,0x01,left,-144.878719,2265,0.084249,28,0,No fault,0x02,right,-300.128556,2442,0.084249,27,0,No fault,-177.00
2026-08-12T13:26:56.031,1786534016.031964,3.332072,1,2500,5.000000,523,2500,0x01,left,-144.026299,2371,0.135531,28,0,No fault,0x02,right,-299.232421,2530,0.062271,27,0,No fault,-159.00
2026-08-12T13:26:56.037,1786534016.037505,3.337609,1,2500,5.000000,524,2500,0x01,left,-143.173878,2636,0.113553,28,0,No fault,0x02,right,-298.380001,2354,0.084249,27,0,No fault,282.00
2026-08-12T13:26:56.043,1786534016.043381,3.343512,1,2500,5.000000,525,2500,0x01,left,-142.321457,2071,0.084249,28,0,No fault,0x02,right,-297.483866,2547,0.084249,27,0,No fault,-476.00
2026-08-12T13:26:56.050,1786534016.050021,3.350130,1,2500,5.000000,526,2500,0x01,left,-140.529188,2389,0.091575,28,0,No fault,0x02,right,-295.691597,2653,0.098901,27,0,No fault,-264.00
2026-08-12T13:26:56.055,1786534016.055603,3.355694,1,2500,5.000000,527,2500,0x01,left,-139.676768,2265,0.135531,28,0,No fault,0x02,right,-294.839177,2389,0.047619,27,0,No fault,-124.00
2026-08-12T13:26:56.061,1786534016.061116,3.361205,1,2500,5.000000,528,2500,0x01,left,-138.736919,2124,0.113553,28,0,No fault,0x02,right,-293.899328,2847,0.076923,27,0,No fault,-723.00
2026-08-12T13:26:56.066,1786534016.066617,3.366703,1,2500,5.000000,529,2500,0x01,left,-137.950070,2495,0.084249,28,0,No fault,0x02,right,-293.046908,2283,0.054945,27,0,No fault,212.00
2026-08-12T13:26:56.072,1786534016.072081,3.372167,1,2500,5.000000,530,2500,0x01,left,-137.075792,2583,0.054945,28,0,No fault,0x02,right,-292.194487,2530,0.098901,27,0,No fault,53.00
2026-08-12T13:26:56.077,1786534016.077676,3.377769,1,2500,5.000000,531,2500,0x01,left,-136.157801,2230,0.084249,28,0,No fault,0x02,right,-291.298353,2812,0.069597,27,0,No fault,-582.00
2026-08-12T13:26:56.083,1786534016.083160,3.383247,1,2500,5.000000,532,2500,0x01,left,-135.305380,2477,0.120879,28,0,No fault,0x02,right,-290.445932,2318,0.054945,27,0,No fault,159.00
2026-08-12T13:26:56.088,1786534016.088652,3.388742,1,2500,5.000000,533,2500,0x01,left,-134.452959,2212,0.113553,28,0,No fault,0x02,right,-289.571654,2495,0.069597,27,0,No fault,-283.00
2026-08-12T13:26:56.094,1786534016.094129,3.394217,1,2500,5.000000,534,2500,0x01,left,-133.578682,2812,0.098901,28,0,No fault,0x02,right,-288.697377,2618,0.069597,27,0,No fault,194.00
2026-08-12T13:26:56.099,1786534016.099711,3.399798,1,2500,5.000000,535,2500,0x01,left,-132.704404,2318,0.062271,28,0,No fault,0x02,right,-287.844956,2336,0.084249,27,0,No fault,-18.00
2026-08-12T13:26:56.105,1786534016.105324,3.405409,1,2500,5.000000,536,2500,0x01,left,-130.977706,2212,0.098901,28,0,No fault,0x02,right,-286.970679,2459,0.076923,27,0,No fault,-247.00
2026-08-12T13:26:56.111,1786534016.111352,3.411463,1,2500,5.000000,537,2500,0x01,left,-130.125285,2336,0.113553,28,0,No fault,0x02,right,-285.156553,2512,0.054945,27,0,No fault,-176.00
2026-08-12T13:26:56.116,1786534016.116998,3.417120,1,2500,5.000000,538,2500,0x01,left,-129.229151,2618,0.135531,28,0,No fault,0x02,right,-284.347846,2406,0.076923,27,0,No fault,212.00
2026-08-12T13:26:56.122,1786534016.122767,3.422883,1,2500,5.000000,539,2500,0x01,left,-128.354873,2389,0.047619,28,0,No fault,0x02,right,-283.451712,2706,0.098901,27,0,No fault,-317.00
2026-08-12T13:26:56.134,1786534016.134056,3.434165,1,2500,5.000000,540,2500,0x01,left,-126.606318,2265,0.106227,28,0,No fault,0x02,right,-282.599291,2512,0.076923,27,0,No fault,-247.00
2026-08-12T13:26:56.139,1786534016.139817,3.439906,1,2500,5.000000,541,2500,0x01,left,-125.753898,2371,0.098901,28,0,No fault,0x02,right,-280.173171,2371,0.062271,27,0,No fault,0.00
2026-08-12T13:26:56.150,1786534016.150821,3.450920,1,2500,5.000000,542,2500,0x01,left,-123.109208,2177,0.113553,28,0,No fault,0x02,right,-278.818040,2600,0.106227,27,0,No fault,-423.00
2026-08-12T13:26:56.156,1786534016.156780,3.456872,1,2500,5.000000,543,2500,0x01,left,-122.650212,2971,0.091575,28,0,No fault,0x02,right,-277.943763,2759,0.062271,27,0,No fault,212.00
2026-08-12T13:26:56.162,1786534016.162595,3.462683,1,2500,5.000000,544,2500,0x01,left,-121.338796,2336,0.106227,28,0,No fault,0x02,right,-277.091342,2583,0.040293,27,0,No fault,-247.00
2026-08-12T13:26:56.168,1786534016.168283,3.468378,1,2500,5.000000,545,2500,0x01,left,-120.377091,2459,0.054945,28,0,No fault,0x02,right,-276.217065,2195,0.062271,27,0,No fault,264.00
2026-08-12T13:26:56.174,1786534016.174091,3.474179,1,2500,5.000000,546,2500,0x01,left,-119.502813,2283,0.069597,28,0,No fault,0x02,right,-274.468510,2530,0.069597,27,0,No fault,-247.00
2026-08-12T13:26:56.179,1786534016.179666,3.479750,1,2500,5.000000,547,2500,0x01,left,-118.628536,2706,0.142857,28,0,No fault,0x02,right,-273.616089,2424,0.076923,27,0,No fault,282.00
2026-08-12T13:26:56.185,1786534016.185318,3.485408,1,2500,5.000000,548,2500,0x01,left,-117.754258,2442,0.084249,28,0,No fault,0x02,right,-272.741811,2160,0.047619,27,0,No fault,282.00
2026-08-12T13:26:56.191,1786534016.191080,3.491177,1,2500,5.000000,549,2500,0x01,left,-116.901837,2636,0.091575,28,0,No fault,0x02,right,-271.867534,2389,0.047619,27,0,No fault,247.00
2026-08-12T13:26:56.196,1786534016.196817,3.496906,1,2500,5.000000,550,2500,0x01,left,-116.027560,2318,0.040293,28,0,No fault,0x02,right,-270.971399,2565,0.076923,27,0,No fault,-247.00
2026-08-12T13:26:56.202,1786534016.202436,3.502523,1,2500,5.000000,551,2500,0x01,left,-115.153282,2336,0.076923,28,0,No fault,0x02,right,-270.118979,2354,0.062271,27,0,No fault,-18.00
2026-08-12T13:26:56.208,1786534016.208533,3.508631,1,2500,5.000000,552,2500,0x01,left,-114.279005,2442,0.135531,28,0,No fault,0x02,right,-269.266558,2212,0.069597,27,0,No fault,230.00
2026-08-12T13:26:56.214,1786534016.214229,3.514319,1,2500,5.000000,553,2500,0x01,left,-112.574164,2389,0.091575,28,0,No fault,0x02,right,-268.370424,2618,0.054945,27,0,No fault,-229.00
2026-08-12T13:26:56.220,1786534016.220186,3.520273,1,2500,5.000000,554,2500,0x01,left,-111.699886,2495,0.032967,28,0,No fault,0x02,right,-266.621869,2442,0.069597,27,0,No fault,53.00
2026-08-12T13:26:56.225,1786534016.225842,3.525929,1,2500,5.000000,555,2500,0x01,left,-110.825608,2212,0.069597,28,0,No fault,0x02,right,-265.769448,2177,0.098901,27,0,No fault,35.00
2026-08-12T13:26:56.231,1786534016.231455,3.531540,1,2500,5.000000,556,2500,0x01,left,-109.951331,2424,0.150183,28,0,No fault,0x02,right,-264.895170,2688,0.069597,27,0,No fault,-264.00
2026-08-12T13:26:56.237,1786534016.237224,3.537341,1,2500,5.000000,557,2500,0x01,left,-109.077053,2583,0.106227,28,0,No fault,0x02,right,-264.020893,2495,0.076923,27,0,No fault,88.00
2026-08-12T13:26:56.243,1786534016.243122,3.543210,1,2500,5.000000,558,2500,0x01,left,-108.180919,2477,0.062271,28,0,No fault,0x02,right,-263.146615,2283,0.084249,27,0,No fault,194.00
2026-08-12T13:26:56.248,1786534016.248807,3.548896,1,2500,5.000000,559,2500,0x01,left,-107.328498,2495,0.040293,28,0,No fault,0x02,right,-262.272338,2495,0.084249,27,0,No fault,0.00
2026-08-12T13:26:56.254,1786534016.254754,3.554843,1,2500,5.000000,560,2500,0x01,left,-106.432364,2512,0.084249,28,0,No fault,0x02,right,-261.398060,2724,0.062271,27,0,No fault,-212.00
2026-08-12T13:26:56.260,1786534016.260812,3.560903,1,2500,5.000000,561,2500,0x01,left,-104.727523,2142,0.113553,28,0,No fault,0x02,right,-260.545640,2530,0.054945,27,0,No fault,-388.00
2026-08-12T13:26:56.266,1786534016.266534,3.566625,1,2500,5.000000,562,2500,0x01,left,-103.831388,2283,0.069597,28,0,No fault,0x02,right,-258.753371,2565,0.091575,27,0,No fault,-282.00
2026-08-12T13:26:56.272,1786534016.272284,3.572370,1,2500,5.000000,563,2500,0x01,left,-102.935254,2777,0.032967,28,0,No fault,0x02,right,-257.900950,2442,0.084249,27,0,No fault,335.00
2026-08-12T13:26:56.277,1786534016.277977,3.578067,1,2500,5.000000,564,2500,0x01,left,-102.060976,2371,0.084249,28,0,No fault,0x02,right,-257.026672,2424,0.062271,27,0,No fault,-53.00
2026-08-12T13:26:56.283,1786534016.283687,3.583775,1,2500,5.000000,565,2500,0x01,left,-101.186698,2371,0.106227,28,0,No fault,0x02,right,-256.174252,2124,0.069597,27,0,No fault,247.00
2026-08-12T13:26:56.289,1786534016.289303,3.589390,1,2500,5.000000,566,2500,0x01,left,-100.356135,2054,0.106227,28,0,No fault,0x02,right,-255.299974,2389,0.076923,27,0,No fault,-335.00
2026-08-12T13:26:56.294,1786534016.294944,3.595030,1,2500,5.000000,567,2500,0x01,left,-99.481857,2459,0.106227,28,0,No fault,0x02,right,-254.425697,2653,0.091575,27,0,No fault,-194.00
2026-08-12T13:26:56.300,1786534016.300776,3.600876,1,2500,5.000000,568,2500,0x01,left,-98.585723,2547,0.040293,28,0,No fault,0x02,right,-253.551419,2301,0.076923,27,0,No fault,246.00
2026-08-12T13:26:56.306,1786534016.306581,3.606674,1,2500,5.000000,569,2500,0x01,left,-96.859025,2530,0.113553,28,0,No fault,0x02,right,-252.698999,2212,0.098901,27,0,No fault,318.00
2026-08-12T13:26:56.312,1786534016.312384,3.612471,1,2500,5.000000,570,2500,0x01,left,-96.006604,2301,0.106227,28,0,No fault,0x02,right,-250.928587,2248,0.076923,27,0,No fault,53.00
2026-08-12T13:26:56.318,1786534016.318027,3.618113,1,2500,5.000000,571,2500,0x01,left,-95.132326,2530,0.106227,28,0,No fault,0x02,right,-250.054309,2318,0.076923,27,0,No fault,212.00
2026-08-12T13:26:56.323,1786534016.323707,3.623807,1,2500,5.000000,572,2500,0x01,left,-94.258049,2618,0.054945,28,0,No fault,0x02,right,-249.158174,2794,0.069597,27,0,No fault,-176.00
2026-08-12T13:26:56.340,1786534016.340056,3.640152,1,2500,5.000000,573,2500,0x01,left,-91.635216,2777,0.120879,28,0,No fault,0x02,right,-248.305754,2177,0.084249,27,0,No fault,600.00
2026-08-12T13:26:56.351,1786534016.351201,3.651319,1,2500,5.000000,574,2500,0x01,left,-91.635216,2777,0.120879,28,0,No fault,0x02,right,-244.546360,2265,0.098901,27,0,No fault,512.00
2026-08-12T13:26:56.357,1786534016.357135,3.657249,1,2500,5.000000,575,2500,0x01,left,-87.897680,2406,0.098901,28,0,No fault,0x02,right,-243.628369,2900,0.076923,27,0,No fault,-494.00
2026-08-12T13:26:56.362,1786534016.362757,3.662846,1,2500,5.000000,576,2500,0x01,left,-87.416827,2406,0.076923,28,0,No fault,0x02,right,-242.775948,2477,0.032967,27,0,No fault,-71.00
2026-08-12T13:26:56.368,1786534016.368333,3.668419,1,2500,5.000000,577,2500,0x01,left,-86.564406,2495,0.106227,28,0,No fault,0x02,right,-241.923528,2318,0.098901,27,0,No fault,177.00
2026-08-12T13:26:56.383,1786534016.383014,3.683157,1,2500,5.000000,578,2500,0x01,left,-84.793994,2248,0.084249,28,0,No fault,0x02,right,-240.174973,2512,0.062271,27,0,No fault,-264.00
2026-08-12T13:26:56.390,1786534016.390069,3.690210,1,2500,5.000000,579,2500,0x01,left,-82.826870,2195,0.076923,28,0,No fault,0x02,right,-238.120420,2371,0.069597,27,0,No fault,-176.00
2026-08-12T13:26:56.396,1786534016.396215,3.696321,1,2500,5.000000,580,2500,0x01,left,-82.061877,2847,0.091575,28,0,No fault,0x02,right,-237.115001,2354,0.069597,27,0,No fault,493.00
2026-08-12T13:26:56.402,1786534016.402224,3.702318,1,2500,5.000000,581,2500,0x01,left,-81.187599,2688,0.062271,28,0,No fault,0x02,right,-236.328151,2354,0.098901,27,0,No fault,334.00
2026-08-12T13:26:56.408,1786534016.408639,3.708740,1,2500,5.000000,582,2500,0x01,left,-80.313322,3094,0.098901,28,0,No fault,0x02,right,-234.601453,2265,0.098901,27,0,No fault,829.00
2026-08-12T13:26:56.414,1786534016.414186,3.714280,1,2500,5.000000,583,2500,0x01,left,-78.608481,2565,0.113553,28,0,No fault,0x02,right,-233.727176,2248,0.098901,27,0,No fault,317.00
2026-08-12T13:26:56.419,1786534016.419886,3.719980,1,2500,5.000000,584,2500,0x01,left,-77.712346,2830,0.098901,28,0,No fault,0x02,right,-232.852898,2089,0.084249,27,0,No fault,741.00
2026-08-12T13:26:56.425,1786534016.425680,3.725773,1,2500,5.000000,585,2500,0x01,left,-76.838069,2688,0.069597,28,0,No fault,0x02,right,-231.978621,2653,0.113553,27,0,No fault,35.00
2026-08-12T13:26:56.431,1786534016.431467,3.731569,1,2500,5.000000,586,2500,0x01,left,-75.963791,2477,0.106227,28,0,No fault,0x02,right,-231.126200,2406,0.135531,27,0,No fault,71.00
2026-08-12T13:26:56.437,1786534016.437053,3.737155,1,2500,5.000000,587,2500,0x01,left,-75.111370,2301,0.076923,28,0,No fault,0x02,right,-230.230065,2248,0.062271,27,0,No fault,53.00
2026-08-12T13:26:56.442,1786534016.442573,3.742666,1,2500,5.000000,588,2500,0x01,left,-74.258950,2371,0.113553,28,0,No fault,0x02,right,-229.355788,2777,0.076923,27,0,No fault,-406.00
2026-08-12T13:26:56.448,1786534016.448119,3.748212,1,2500,5.000000,589,2500,0x01,left,-73.362815,2882,0.076923,28,0,No fault,0x02,right,-228.503367,2177,0.084249,27,0,No fault,705.00
2026-08-12T13:26:56.453,1786534016.453817,3.753909,1,2500,5.000000,590,2500,0x01,left,-72.510395,2354,0.069597,28,0,No fault,0x02,right,-227.629090,2706,0.098901,27,0,No fault,-352.00
2026-08-12T13:26:56.460,1786534016.460381,3.760477,1,2500,5.000000,591,2500,0x01,left,-71.614260,2583,0.106227,28,0,No fault,0x02,right,-225.924248,2036,0.069597,27,0,No fault,547.00
2026-08-12T13:26:56.466,1786534016.466235,3.766328,1,2500,5.000000,592,2500,0x01,left,-69.756420,2477,0.062271,28,0,No fault,0x02,right,-225.049971,2001,0.062271,27,0,No fault,476.00
2026-08-12T13:26:56.471,1786534016.471711,3.771801,1,2500,5.000000,593,2500,0x01,left,-68.882143,2124,-0.003663,28,0,No fault,0x02,right,-224.175693,2248,0.098901,27,0,No fault,-124.00
2026-08-12T13:26:56.477,1786534016.477153,3.777241,1,2500,5.000000,594,2500,0x01,left,-68.007865,2424,0.076923,28,0,No fault,0x02,right,-223.279559,2565,0.091575,27,0,No fault,-141.00
2026-08-12T13:26:56.482,1786534016.482591,3.782679,1,2500,5.000000,595,2500,0x01,left,-67.177302,2089,0.128205,28,0,No fault,0x02,right,-222.427138,2248,0.062271,27,0,No fault,-159.00
2026-08-12T13:26:56.488,1786534016.488050,3.788136,1,2500,5.000000,596,2500,0x01,left,-66.303024,2160,0.084249,28,0,No fault,0x02,right,-221.574718,2336,0.098901,27,0,No fault,-176.00
2026-08-12T13:26:56.493,1786534016.493605,3.793690,1,2500,5.000000,597,2500,0x01,left,-65.428746,2547,0.084249,28,0,No fault,0x02,right,-220.700440,2336,0.054945,27,0,No fault,211.00
2026-08-12T13:26:56.499,1786534016.499036,3.799122,1,2500,5.000000,598,2500,0x01,left,-64.554469,2477,0.040293,28,0,No fault,0x02,right,-219.804306,2230,0.054945,27,0,No fault,247.00
2026-08-12T13:26:56.504,1786534016.504471,3.804558,1,2500,5.000000,599,2500,0x01,left,-63.658334,2653,0.076923,28,0,No fault,0x02,right,-218.951885,2371,0.091575,27,0,No fault,282.00
2026-08-12T13:26:56.509,1786534016.509904,3.809991,1,2500,5.000000,600,2500,0x01,left,-62.827771,2212,0.098901,28,0,No fault,0x02,right,-218.077607,2318,0.091575,27,0,No fault,-106.00
2026-08-12T13:26:56.515,1786534016.515745,3.815832,1,2500,5.000000,601,2500,0x01,left,-61.975350,2071,0.084249,28,0,No fault,0x02,right,-216.307195,2530,0.091575,27,0,No fault,-459.00
2026-08-12T13:26:56.521,1786534016.521189,3.821277,1,2500,5.000000,602,2500,0x01,left,-61.079216,2706,0.098901,28,0,No fault,0x02,right,-215.454775,2301,0.062271,27,0,No fault,405.00
2026-08-12T13:26:56.527,1786534016.527121,3.827227,1,2500,5.000000,603,2500,0x01,left,-60.204938,2424,0.025641,28,0,No fault,0x02,right,-214.602354,2089,0.128205,27,0,No fault,335.00
2026-08-12T13:26:56.539,1786534016.539256,3.839358,1,2500,5.000000,604,2500,0x01,left,-57.560248,2195,0.113553,28,0,No fault,0x02,right,-213.706220,2794,0.076923,27,0,No fault,-599.00
2026-08-12T13:26:56.557,1786534016.557225,3.857356,1,2500,5.000000,605,2500,0x01,left,-54.084995,2354,0.091575,28,0,No fault,0x02,right,-209.771971,2089,0.128205,27,0,No fault,265.00
2026-08-12T13:26:56.563,1786534016.563812,3.864020,1,2500,5.000000,606,2500,0x01,left,-53.713427,2001,0.076923,28,0,No fault,0x02,right,-208.875836,2459,0.040293,27,0,No fault,-458.00
2026-08-12T13:26:56.570,1786534016.570211,3.870371,1,2500,5.000000,607,2500,0x01,left,-52.227155,2177,0.084249,28,0,No fault,0x02,right,-208.023416,2636,0.091575,27,0,No fault,-459.00
2026-08-12T13:26:56.576,1786534016.576481,3.876630,1,2500,5.000000,608,2500,0x01,left,-51.352878,2971,0.062271,28,0,No fault,0x02,right,-206.100005,2019,0.069597,27,0,No fault,952.00
2026-08-12T13:26:56.582,1786534016.582653,3.882792,1,2500,5.000000,609,2500,0x01,left,-50.434886,1913,0.113553,28,0,No fault,0x02,right,-205.269441,2406,0.076923,27,0,No fault,-493.00
2026-08-12T13:26:56.588,1786534016.588507,3.888635,1,2500,5.000000,610,2500,0x01,left,-49.626180,2389,0.084249,28,0,No fault,0x02,right,-204.395164,2301,0.054945,27,0,No fault,88.00
2026-08-12T13:26:56.594,1786534016.594703,3.894832,1,2500,5.000000,611,2500,0x01,left,-47.833911,2706,0.062271,28,0,No fault,0x02,right,-203.520886,2406,0.084249,27,0,No fault,300.00
2026-08-12T13:26:56.600,1786534016.600508,3.900632,1,2500,5.000000,612,2500,0x01,left,-47.003347,2354,0.069597,28,0,No fault,0x02,right,-202.668466,2318,0.106227,27,0,No fault,36.00
2026-08-12T13:26:56.606,1786534016.606915,3.907036,1,2500,5.000000,613,2500,0x01,left,-46.107213,2389,0.142857,28,0,No fault,0x02,right,-200.876197,2565,0.069597,27,0,No fault,-176.00
2026-08-12T13:26:56.612,1786534016.612617,3.912736,1,2500,5.000000,614,2500,0x01,left,-45.232935,2671,0.106227,28,0,No fault,0x02,right,-200.001919,2248,0.032967,27,0,No fault,423.00
2026-08-12T13:26:56.618,1786534016.618304,3.918417,1,2500,5.000000,615,2500,0x01,left,-44.380514,2442,0.098901,28,0,No fault,0x02,right,-199.149498,2406,0.106227,27,0,No fault,36.00
2026-08-12T13:26:56.623,1786534016.623964,3.924080,1,2500,5.000000,616,2500,0x01,left,-43.506237,2212,0.040293,28,0,No fault,0x02,right,-198.297078,2089,0.084249,27,0,No fault,123.00
2026-08-12T13:26:56.629,1786534016.629675,3.929792,1,2500,5.000000,617,2500,0x01,left,-42.631959,2583,0.069597,28,0,No fault,0x02,right,-197.379086,2406,0.062271,27,0,No fault,177.00
2026-08-12T13:26:56.635,1786534016.635504,3.935635,1,2500,5.000000,618,2500,0x01,left,-41.779539,2195,0.150183,28,0,No fault,0x02,right,-196.548523,2212,0.062271,27,0,No fault,-17.00
2026-08-12T13:26:56.641,1786534016.641303,3.941403,1,2500,5.000000,619,2500,0x01,left,-40.009127,2512,0.091575,28,0,No fault,0x02,right,-195.652388,2442,0.069597,27,0,No fault,70.00
2026-08-12T13:26:56.646,1786534016.646962,3.947076,1,2500,5.000000,620,2500,0x01,left,-39.178563,2036,0.025641,28,0,No fault,0x02,right,-194.799968,2071,0.084249,27,0,No fault,-35.00
2026-08-12T13:26:56.653,1786534016.653985,3.954116,1,2500,5.000000,621,2500,0x01,left,-38.282428,2406,0.084249,28,0,No fault,0x02,right,-193.051412,2600,0.069597,27,0,No fault,-194.00
2026-08-12T13:26:56.659,1786534016.659620,3.959712,1,2500,5.000000,622,2500,0x01,left,-37.408151,2636,0.135531,28,0,No fault,0x02,right,-192.177135,2442,0.091575,27,0,No fault,194.00
2026-08-12T13:26:56.665,1786534016.665056,3.965144,1,2500,5.000000,623,2500,0x01,left,-36.533873,2371,0.091575,28,0,No fault,0x02,right,-191.302857,2442,0.069597,27,0,No fault,-71.00
2026-08-12T13:26:56.670,1786534016.670441,3.970525,1,2500,5.000000,624,2500,0x01,left,-35.703310,2142,0.069597,28,0,No fault,0x02,right,-190.428580,2459,0.069597,27,0,No fault,-317.00
2026-08-12T13:26:56.675,1786534016.675807,3.975889,1,2500,5.000000,625,2500,0x01,left,-34.807175,2724,0.018315,28,0,No fault,0x02,right,-189.576159,2089,0.062271,27,0,No fault,635.00
2026-08-12T13:26:56.681,1786534016.681771,3.981871,1,2500,5.000000,626,2500,0x01,left,-33.954755,2212,0.069597,28,0,No fault,0x02,right,-188.701882,2565,0.084249,27,0,No fault,-353.00
2026-08-12T13:26:56.687,1786534016.687313,3.987410,1,2500,5.000000,627,2500,0x01,left,-32.228056,2248,0.098901,28,0,No fault,0x02,right,-187.805747,2600,0.054945,27,0,No fault,-352.00
2026-08-12T13:26:56.692,1786534016.692905,3.993017,1,2500,5.000000,628,2500,0x01,left,-31.353779,2495,0.076923,28,0,No fault,0x02,right,-186.953326,2830,0.091575,27,0,No fault,-335.00
2026-08-12T13:26:56.699,1786534016.699342,3.999459,1,2500,5.000000,629,2500,0x01,left,-30.435787,2477,0.032967,28,0,No fault,0x02,right,-185.117344,1983,0.076923,27,0,No fault,494.00
2026-08-12T13:26:56.705,1786534016.705193,4.005306,1,2500,5.000000,630,2500,0x01,left,-29.495939,2036,0.069597,28,0,No fault,0x02,right,-184.308637,2142,0.076923,27,0,No fault,-106.00
2026-08-12T13:26:56.711,1786534016.711919,4.012044,1,2500,5.000000,631,2500,0x01,left,-28.556091,2283,0.084249,28,0,No fault,0x02,right,-183.456216,2248,0.054945,27,0,No fault,35.00
2026-08-12T13:26:56.718,1786534016.718548,4.018668,1,2500,5.000000,632,2500,0x01,left,-27.725527,2248,0.106227,28,0,No fault,0x02,right,-182.560082,2424,0.069597,27,0,No fault,-176.00
2026-08-12T13:26:56.724,1786534016.724478,4.024591,1,2500,5.000000,633,2500,0x01,left,-26.829392,2636,0.120879,28,0,No fault,0x02,right,-181.554663,2195,0.062271,27,0,No fault,441.00
2026-08-12T13:26:56.733,1786534016.733754,4.034218,1,2500,5.000000,634,2500,0x01,left,-24.643699,2706,0.091575,28,0,No fault,0x02,right,-179.784251,2265,0.120879,27,0,No fault,441.00
2026-08-12T13:26:56.745,1786534016.745198,4.045557,1,2500,5.000000,635,2500,0x01,left,-22.873287,2318,0.098901,28,0,No fault,0x02,right,-178.866259,2248,0.084249,27,0,No fault,70.00
2026-08-12T13:26:56.757,1786534016.757246,4.057402,1,2500,5.000000,636,2500,0x01,left,-21.977152,2477,0.032967,28,0,No fault,0x02,right,-175.238007,2371,0.091575,27,0,No fault,106.00
2026-08-12T13:26:56.763,1786534016.763052,4.063149,1,2500,5.000000,637,2500,0x01,left,-19.135750,2336,0.076923,28,0,No fault,0x02,right,-174.451157,2671,0.062271,27,0,No fault,-335.00
2026-08-12T13:26:56.768,1786534016.768563,4.068658,1,2500,5.000000,638,2500,0x01,left,-18.654897,2530,0.076923,28,0,No fault,0x02,right,-173.576880,2442,0.076923,27,0,No fault,88.00
2026-08-12T13:26:56.774,1786534016.774077,4.074187,1,2500,5.000000,639,2500,0x01,left,-17.758763,2389,0.047619,28,0,No fault,0x02,right,-172.746316,2036,0.150183,27,0,No fault,353.00
2026-08-12T13:26:56.779,1786534016.779702,4.079809,1,2500,5.000000,640,2500,0x01,left,-16.884485,2671,0.076923,28,0,No fault,0x02,right,-171.872039,2477,0.091575,27,0,No fault,194.00
2026-08-12T13:26:56.785,1786534016.785285,4.085387,1,2500,5.000000,641,2500,0x01,left,-16.010208,2371,0.135531,28,0,No fault,0x02,right,-170.997761,2424,0.098901,27,0,No fault,-53.00
2026-08-12T13:26:56.791,1786534016.791063,4.091164,1,2500,5.000000,642,2500,0x01,left,-15.135930,2600,0.106227,28,0,No fault,0x02,right,-170.057913,2688,0.076923,27,0,No fault,-88.00
2026-08-12T13:26:56.796,1786534016.796616,4.096717,1,2500,5.000000,643,2500,0x01,left,-14.305366,2283,0.106227,28,0,No fault,0x02,right,-169.205492,2477,0.091575,27,0,No fault,-194.00
2026-08-12T13:26:56.803,1786534016.803141,4.103248,1,2500,5.000000,644,2500,0x01,left,-13.409232,2230,0.032967,28,0,No fault,0x02,right,-168.353072,2371,0.113553,27,0,No fault,-141.00
2026-08-12T13:26:56.809,1786534016.809415,4.109535,1,2500,5.000000,645,2500,0x01,left,-11.616963,2636,0.098901,28,0,No fault,0x02,right,-166.473375,2565,0.084249,27,0,No fault,71.00
2026-08-12T13:26:56.815,1786534016.815031,4.115137,1,2500,5.000000,646,2500,0x01,left,-10.786399,2265,0.098901,28,0,No fault,0x02,right,-165.664668,2653,0.098901,27,0,No fault,-388.00
2026-08-12T13:26:56.820,1786534016.820652,4.120755,1,2500,5.000000,647,2500,0x01,left,-9.933979,2547,0.106227,28,0,No fault,0x02,right,-164.790390,2847,0.098901,27,0,No fault,-300.00
2026-08-12T13:26:56.826,1786534016.826189,4.126283,1,2500,5.000000,648,2500,0x01,left,-9.015987,2424,0.047619,28,0,No fault,0x02,right,-163.937970,2477,0.113553,27,0,No fault,-53.00
2026-08-12T13:26:56.831,1786534016.831749,4.131849,1,2500,5.000000,649,2500,0x01,left,-8.163567,2459,0.076923,28,0,No fault,0x02,right,-163.063692,2512,0.098901,27,0,No fault,-53.00
2026-08-12T13:26:56.837,1786534016.837372,4.137476,1,2500,5.000000,650,2500,0x01,left,-7.289289,2001,0.098901,28,0,No fault,0x02,right,-162.189415,2688,0.128205,27,0,No fault,-687.00
2026-08-12T13:26:56.843,1786534016.843037,4.143140,1,2500,5.000000,651,2500,0x01,left,-6.436868,2248,0.091575,28,0,No fault,0x02,right,-161.315137,2653,0.084249,27,0,No fault,-405.00
2026-08-12T13:26:56.849,1786534016.849355,4.149468,1,2500,5.000000,652,2500,0x01,left,-4.644600,2354,0.062271,28,0,No fault,0x02,right,-160.462717,2688,0.091575,27,0,No fault,-334.00
2026-08-12T13:26:56.855,1786534016.855201,4.155320,1,2500,5.000000,653,2500,0x01,left,-3.748465,2830,0.091575,28,0,No fault,0x02,right,-158.714161,2830,0.098901,27,0,No fault,0.00
2026-08-12T13:26:56.860,1786534016.860821,4.160931,1,2500,5.000000,654,2500,0x01,left,-2.896044,2406,0.098901,28,0,No fault,0x02,right,-157.883598,2389,0.120879,27,0,No fault,17.00
2026-08-12T13:26:56.866,1786534016.866433,4.166537,1,2500,5.000000,655,2500,0x01,left,-2.065481,2230,0.098901,28,0,No fault,0x02,right,-156.987463,2371,0.084249,27,0,No fault,-141.00
2026-08-12T13:26:56.872,1786534016.872179,4.172290,1,2500,5.000000,656,2500,0x01,left,-1.191203,2177,0.098901,28,0,No fault,0x02,right,-156.135043,2195,0.113553,27,0,No fault,-18.00
2026-08-12T13:26:56.877,1786534016.877924,4.178030,1,2500,5.000000,657,2500,0x01,left,-0.251355,2459,0.076923,28,0,No fault,0x02,right,-155.173337,2424,0.091575,27,0,No fault,35.00
2026-08-12T13:26:56.883,1786534016.883705,4.183807,1,2500,5.000000,658,2500,0x01,left,0.666637,2318,0.142857,28,0,No fault,0x02,right,-154.342774,2477,0.142857,27,0,No fault,-159.00
2026-08-12T13:26:56.889,1786534016.889643,4.189755,1,2500,5.000000,659,2500,0x01,left,1.519057,2477,0.076923,28,0,No fault,0x02,right,-153.446639,2688,0.106227,27,0,No fault,-211.00
2026-08-12T13:26:56.896,1786534016.896336,4.196459,1,2500,5.000000,660,2500,0x01,left,2.371478,2089,0.091575,28,0,No fault,0x02,right,-152.594219,2512,0.076923,27,0,No fault,-423.00
2026-08-12T13:26:56.903,1786534016.903990,4.204092,1,2500,5.000000,661,2500,0x01,left,4.251175,2547,0.054945,28,0,No fault,0x02,right,-150.648951,2336,0.084249,27,0,No fault,211.00
2026-08-12T13:26:56.909,1786534016.909734,4.209833,1,2500,5.000000,662,2500,0x01,left,5.147309,2459,0.142857,28,0,No fault,0x02,right,-149.774674,2283,0.054945,27,0,No fault,176.00
2026-08-12T13:26:56.915,1786534016.915320,4.215423,1,2500,5.000000,663,2500,0x01,left,5.999730,2318,0.098901,28,0,No fault,0x02,right,-148.922253,2565,0.084249,27,0,No fault,-247.00
2026-08-12T13:26:56.921,1786534016.921028,4.221121,1,2500,5.000000,664,2500,0x01,left,6.852150,2212,0.106227,28,0,No fault,0x02,right,-148.047975,2406,0.084249,27,0,No fault,-194.00
2026-08-12T13:26:56.926,1786534016.926605,4.226690,1,2500,5.000000,665,2500,0x01,left,7.748285,2406,0.032967,28,0,No fault,0x02,right,-147.173698,2671,0.113553,27,0,No fault,-265.00
2026-08-12T13:26:56.932,1786534016.932197,4.232295,1,2500,5.000000,666,2500,0x01,left,9.496840,2688,0.135531,28,0,No fault,0x02,right,-146.321277,2547,0.113553,27,0,No fault,141.00
2026-08-12T13:26:56.938,1786534016.938205,4.238317,1,2500,5.000000,667,2500,0x01,left,10.327404,2318,0.106227,28,0,No fault,0x02,right,-145.447000,2547,0.084249,27,0,No fault,-229.00
2026-08-12T13:26:56.955,1786534016.955491,4.255609,1,2500,5.000000,668,2500,0x01,left,12.075959,2265,0.040293,28,0,No fault,0x02,right,-141.337895,2512,0.106227,27,0,No fault,-247.00
2026-08-12T13:26:56.961,1786534016.961145,4.261246,1,2500,5.000000,669,2500,0x01,left,14.786219,2142,0.069597,28,0,No fault,0x02,right,-140.857042,2565,0.032967,27,0,No fault,-423.00
2026-08-12T13:26:56.966,1786534016.966805,4.266919,1,2500,5.000000,670,2500,0x01,left,15.245215,2160,0.069597,28,0,No fault,0x02,right,-140.354333,2248,0.018315,27,0,No fault,-88.00
2026-08-12T13:26:56.972,1786534016.972818,4.272932,1,2500,5.000000,671,2500,0x01,left,16.119492,2406,0.062271,28,0,No fault,0x02,right,-139.523769,2177,0.120879,27,0,No fault,229.00
2026-08-12T13:26:56.978,1786534016.978917,4.279025,1,2500,5.000000,672,2500,0x01,left,16.993770,2512,0.062271,28,0,No fault,0x02,right,-137.731500,2371,0.069597,27,0,No fault,141.00
2026-08-12T13:26:56.984,1786534016.984686,4.284796,1,2500,5.000000,673,2500,0x01,left,17.868048,2477,0.120879,28,0,No fault,0x02,right,-136.879080,2406,0.084249,27,0,No fault,71.00
2026-08-12T13:26:56.990,1786534016.990297,4.290404,1,2500,5.000000,674,2500,0x01,left,18.720468,2424,0.084249,28,0,No fault,0x02,right,-136.004802,2212,0.091575,27,0,No fault,212.00
2026-08-12T13:26:56.995,1786534016.995882,4.295990,1,2500,5.000000,675,2500,0x01,left,19.572889,2424,0.106227,28,0,No fault,0x02,right,-135.130524,2195,0.106227,27,0,No fault,229.00
2026-08-12T13:26:57.001,1786534017.001908,4.302016,1,2500,5.000000,676,2500,0x01,left,21.343301,2248,0.062271,28,0,No fault,0x02,right,-134.256247,2794,0.091575,27,0,No fault,-546.00
2026-08-12T13:26:57.007,1786534017.007564,4.307676,1,2500,5.000000,677,2500,0x01,left,22.217578,2265,0.120879,28,0,No fault,0x02,right,-133.360112,2724,0.091575,27,0,No fault,-459.00
2026-08-12T13:26:57.013,1786534017.013174,4.313282,1,2500,5.000000,678,2500,0x01,left,23.069999,2318,0.091575,28,0,No fault,0x02,right,-132.507692,2477,0.062271,27,0,No fault,-159.00
2026-08-12T13:26:57.019,1786534017.019705,4.319820,1,2500,5.000000,679,2500,0x01,left,23.922420,2248,0.069597,28,0,No fault,0x02,right,-130.780994,2389,0.076923,27,0,No fault,-141.00
2026-08-12T13:26:57.025,1786534017.025431,4.325593,1,2500,5.000000,680,2500,0x01,left,24.796697,2195,0.018315,28,0,No fault,0x02,right,-129.884859,2230,0.091575,27,0,No fault,-35.00
2026-08-12T13:26:57.031,1786534017.031102,4.331198,1,2500,5.000000,681,2500,0x01,left,25.714689,2124,0.069597,28,0,No fault,0x02,right,-129.010582,2336,0.084249,27,0,No fault,-212.00
2026-08-12T13:26:57.036,1786534017.036678,4.336781,1,2500,5.000000,682,2500,0x01,left,26.567109,2495,0.128205,28,0,No fault,0x02,right,-128.114447,2724,0.062271,27,0,No fault,-229.00
2026-08-12T13:26:57.042,1786534017.042522,4.342629,1,2500,5.000000,683,2500,0x01,left,27.419530,2177,0.091575,28,0,No fault,0x02,right,-127.262026,2530,0.098901,27,0,No fault,-353.00
2026-08-12T13:26:57.048,1786534017.048337,4.348442,1,2500,5.000000,684,2500,0x01,left,29.168085,2336,0.032967,28,0,No fault,0x02,right,-126.409606,1966,0.062271,27,0,No fault,370.00
2026-08-12T13:26:57.053,1786534017.053971,4.354085,1,2500,5.000000,685,2500,0x01,left,30.042362,2318,0.076923,28,0,No fault,0x02,right,-125.535328,2212,0.084249,27,0,No fault,106.00
2026-08-12T13:26:57.061,1786534017.061590,4.361701,1,2500,5.000000,686,2500,0x01,left,30.916640,2406,0.106227,28,0,No fault,0x02,right,-123.611918,2142,0.069597,27,0,No fault,264.00
2026-08-12T13:26:57.067,1786534017.067148,4.367245,1,2500,5.000000,687,2500,0x01,left,31.812775,2547,0.084249,28,0,No fault,0x02,right,-122.737640,2671,0.076923,27,0,No fault,-124.00
2026-08-12T13:26:57.072,1786534017.072661,4.372760,1,2500,5.000000,688,2500,0x01,left,32.687052,2600,0.084249,28,0,No fault,0x02,right,-121.885220,2301,0.091575,27,0,No fault,299.00
2026-08-12T13:26:57.078,1786534017.078248,4.378352,1,2500,5.000000,689,2500,0x01,left,33.561330,2406,0.032967,28,0,No fault,0x02,right,-121.032799,2283,0.076923,27,0,No fault,123.00
2026-08-12T13:26:57.084,1786534017.084136,4.384246,1,2500,5.000000,690,2500,0x01,left,34.457464,2653,0.069597,28,0,No fault,0x02,right,-120.136664,2547,0.069597,27,0,No fault,106.00
2026-08-12T13:26:57.089,1786534017.089708,4.389809,1,2500,5.000000,691,2500,0x01,left,36.227876,2142,0.084249,28,0,No fault,0x02,right,-119.284244,2283,0.120879,27,0,No fault,-141.00
2026-08-12T13:26:57.095,1786534017.095275,4.395383,1,2500,5.000000,692,2500,0x01,left,37.102154,2671,0.098901,28,0,No fault,0x02,right,-118.409966,2442,0.069597,27,0,No fault,229.00
2026-08-12T13:26:57.100,1786534017.100828,4.400934,1,2500,5.000000,693,2500,0x01,left,37.976431,2495,0.025641,28,0,No fault,0x02,right,-117.535689,2230,0.084249,27,0,No fault,265.00
2026-08-12T13:26:57.106,1786534017.106349,4.406446,1,2500,5.000000,694,2500,0x01,left,38.850709,2248,0.091575,28,0,No fault,0x02,right,-116.683268,2212,0.106227,27,0,No fault,36.00
2026-08-12T13:26:57.111,1786534017.111889,4.411992,1,2500,5.000000,695,2500,0x01,left,39.724986,2354,0.084249,28,0,No fault,0x02,right,-115.808991,2636,0.091575,27,0,No fault,-282.00
2026-08-12T13:26:57.117,1786534017.117746,4.417855,1,2500,5.000000,696,2500,0x01,left,40.599264,2354,0.091575,28,0,No fault,0x02,right,-114.956570,2230,0.091575,27,0,No fault,124.00
2026-08-12T13:26:57.123,1786534017.123494,4.423604,1,2500,5.000000,697,2500,0x01,left,41.451685,2283,0.091575,28,0,No fault,0x02,right,-113.186158,2354,0.098901,27,0,No fault,-71.00
2026-08-12T13:26:57.129,1786534017.129139,4.429248,1,2500,5.000000,698,2500,0x01,left,42.347819,2124,0.047619,28,0,No fault,0x02,right,-112.311880,2301,0.084249,27,0,No fault,-177.00
2026-08-12T13:26:57.134,1786534017.134787,4.434895,1,2500,5.000000,699,2500,0x01,left,43.222097,2054,0.113553,28,0,No fault,0x02,right,-111.437603,2336,0.091575,27,0,No fault,-282.00
2026-08-12T13:26:57.163,1786534017.163386,4.463514,1,2500,5.000000,700,2500,0x01,left,49.210898,2724,0.120879,28,0,No fault,0x02,right,-106.956930,2283,0.084249,27,0,No fault,441.00
2026-08-12T13:26:57.169,1786534017.169042,4.469177,1,2500,5.000000,701,2500,0x01,left,49.648037,2406,0.084249,28,0,No fault,0x02,right,-106.060796,2477,0.091575,27,0,No fault,-71.00
2026-08-12T13:26:57.174,1786534017.174978,4.475099,1,2500,5.000000,702,2500,0x01,left,50.128889,2283,0.076923,28,0,No fault,0x02,right,-105.208375,2107,0.069597,27,0,No fault,176.00
2026-08-12T13:26:57.180,1786534017.180808,4.480914,1,2500,5.000000,703,2500,0x01,left,51.046881,2583,0.069597,28,0,No fault,0x02,right,-103.459820,2301,0.084249,27,0,No fault,282.00
2026-08-12T13:26:57.186,1786534017.186810,4.486929,1,2500,5.000000,704,2500,0x01,left,51.921158,2371,0.113553,28,0,No fault,0x02,right,-102.585543,2160,0.091575,27,0,No fault,211.00
2026-08-12T13:26:57.192,1786534017.192595,4.492698,1,2500,5.000000,705,2500,0x01,left,53.647856,2124,0.076923,28,0,No fault,0x02,right,-101.689408,2459,0.062271,27,0,No fault,-335.00
2026-08-12T13:26:57.198,1786534017.198135,4.498235,1,2500,5.000000,706,2500,0x01,left,54.522134,2124,0.018315,28,0,No fault,0x02,right,-100.836987,2230,0.069597,27,0,No fault,-106.00
2026-08-12T13:26:57.203,1786534017.203858,4.503973,1,2500,5.000000,707,2500,0x01,left,55.396412,2230,0.076923,28,0,No fault,0x02,right,-99.962710,2371,0.106227,27,0,No fault,-141.00
2026-08-12T13:26:57.209,1786534017.209519,4.509621,1,2500,5.000000,708,2500,0x01,left,56.314403,2512,0.150183,28,0,No fault,0x02,right,-99.088432,2565,0.091575,27,0,No fault,-53.00
2026-08-12T13:26:57.215,1786534017.215225,4.515325,1,2500,5.000000,709,2500,0x01,left,57.144967,2283,0.098901,28,0,No fault,0x02,right,-98.192298,2636,0.076923,27,0,No fault,-353.00
2026-08-12T13:26:57.220,1786534017.220834,4.520940,1,2500,5.000000,710,2500,0x01,left,57.997387,2230,0.062271,28,0,No fault,0x02,right,-97.318020,2688,0.069597,27,0,No fault,-458.00
2026-08-12T13:26:57.226,1786534017.226776,4.526878,1,2500,5.000000,711,2500,0x01,left,58.871665,2318,0.032967,28,0,No fault,0x02,right,-95.547608,2195,0.098901,27,0,No fault,123.00
2026-08-12T13:26:57.232,1786534017.232358,4.532455,1,2500,5.000000,712,2500,0x01,left,59.767799,2424,0.076923,28,0,No fault,0x02,right,-94.717045,2495,0.120879,27,0,No fault,-71.00
2026-08-12T13:26:57.238,1786534017.238493,4.538603,1,2500,5.000000,713,2500,0x01,left,60.642077,2283,0.142857,28,0,No fault,0x02,right,-93.842767,2336,0.135531,27,0,No fault,-53.00
2026-08-12T13:26:57.244,1786534017.244102,4.544203,1,2500,5.000000,714,2500,0x01,left,62.390632,2283,0.091575,28,0,No fault,0x02,right,-92.968489,2371,0.091575,27,0,No fault,-88.00
2026-08-12T13:26:57.249,1786534017.249798,4.549900,1,2500,5.000000,715,2500,0x01,left,63.243053,2354,0.003663,28,0,No fault,0x02,right,-92.094212,2142,0.084249,27,0,No fault,212.00
2026-08-12T13:26:57.255,1786534017.255612,4.555724,1,2500,5.000000,716,2500,0x01,left,64.117330,2212,0.084249,28,0,No fault,0x02,right,-91.241791,2089,0.106227,27,0,No fault,123.00
2026-08-12T13:26:57.261,1786534017.261745,4.561855,1,2500,5.000000,717,2500,0x01,left,65.013465,2512,0.128205,28,0,No fault,0x02,right,-90.345657,2794,0.106227,27,0,No fault,-282.00
2026-08-12T13:26:57.267,1786534017.267835,4.567943,1,2500,5.000000,718,2500,0x01,left,65.865885,2724,0.084249,28,0,No fault,0x02,right,-88.618959,2477,0.091575,27,0,No fault,247.00
2026-08-12T13:26:57.273,1786534017.273502,4.573606,1,2500,5.000000,719,2500,0x01,left,66.762020,2371,0.084249,28,0,No fault,0x02,right,-87.744681,2618,0.076923,27,0,No fault,-247.00
2026-08-12T13:26:57.279,1786534017.279252,4.579342,1,2500,5.000000,720,2500,0x01,left,67.658154,2389,0.032967,28,0,No fault,0x02,right,-86.870403,2424,0.098901,27,0,No fault,-35.00
2026-08-12T13:26:57.285,1786534017.285193,4.585283,1,2500,5.000000,721,2500,0x01,left,69.406709,2318,0.120879,28,0,No fault,0x02,right,-86.017983,2142,0.069597,27,0,No fault,176.00
2026-08-12T13:26:57.290,1786534017.290673,4.590761,1,2500,5.000000,722,2500,0x01,left,70.259130,2547,0.084249,28,0,No fault,0x02,right,-85.143705,2618,0.084249,27,0,No fault,-71.00
2026-08-12T13:26:57.296,1786534017.296142,4.596230,1,2500,5.000000,723,2500,0x01,left,71.155264,2512,0.069597,28,0,No fault,0x02,right,-84.291285,2160,0.069597,27,0,No fault,352.00
2026-08-12T13:26:57.301,1786534017.301625,4.601713,1,2500,5.000000,724,2500,0x01,left,72.007685,2389,0.047619,28,0,No fault,0x02,right,-83.395150,2354,0.069597,27,0,No fault,35.00
2026-08-12T13:26:57.307,1786534017.307142,4.607233,1,2500,5.000000,725,2500,0x01,left,72.881963,2354,0.076923,28,0,No fault,0x02,right,-82.542730,2124,0.091575,27,0,No fault,230.00
2026-08-12T13:26:57.312,1786534017.312798,4.612886,1,2500,5.000000,726,2500,0x01,left,73.778097,2406,0.098901,28,0,No fault,0x02,right,-81.668452,2424,0.098901,27,0,No fault,-18.00
2026-08-12T13:26:57.318,1786534017.318583,4.618672,1,2500,5.000000,727,2500,0x01,left,74.630518,2442,0.076923,28,0,No fault,0x02,right,-80.794174,2230,0.032967,27,0,No fault,212.00
2026-08-12T13:26:57.324,1786534017.324272,4.624360,1,2500,5.000000,728,2500,0x01,left,75.482938,2248,0.106227,28,0,No fault,0x02,right,-79.045619,2512,0.106227,27,0,No fault,-264.00
2026-08-12T13:26:57.329,1786534017.329896,4.629982,1,2500,5.000000,729,2500,0x01,left,76.379073,2283,0.040293,28,0,No fault,0x02,right,-78.193199,2177,0.069597,27,0,No fault,106.00
2026-08-12T13:26:57.335,1786534017.335722,4.635811,1,2500,5.000000,730,2500,0x01,left,77.253350,2565,0.084249,28,0,No fault,0x02,right,-77.318921,2371,0.098901,27,0,No fault,194.00
2026-08-12T13:26:57.352,1786534017.352184,4.652283,1,2500,5.000000,731,2500,0x01,left,80.772318,2371,0.047619,28,0,No fault,0x02,right,-76.444644,2565,0.062271,27,0,No fault,-194.00
2026-08-12T13:26:57.368,1786534017.368396,4.668491,1,2500,5.000000,732,2500,0x01,left,81.602881,2107,0.069597,28,0,No fault,0x02,right,-71.767259,2371,0.076923,27,0,No fault,-264.00
2026-08-12T13:26:57.373,1786534017.373930,4.674026,1,2500,5.000000,733,2500,0x01,left,84.706567,2565,0.010989,28,0,No fault,0x02,right,-70.805553,2583,0.069597,27,0,No fault,-18.00
2026-08-12T13:26:57.379,1786534017.379651,4.679757,1,2500,5.000000,734,2500,0x01,left,85.231133,2283,0.054945,28,0,No fault,0x02,right,-70.018704,2354,0.084249,27,0,No fault,-71.00
2026-08-12T13:26:57.385,1786534017.385407,4.685537,1,2500,5.000000,735,2500,0x01,left,86.105411,2794,0.150183,28,0,No fault,0x02,right,-69.166283,2777,0.142857,27,0,No fault,17.00
2026-08-12T13:26:57.391,1786534017.391214,4.691320,1,2500,5.000000,736,2500,0x01,left,86.957831,2283,0.076923,28,0,No fault,0x02,right,-68.292005,2054,0.054945,27,0,No fault,229.00
2026-08-12T13:26:57.397,1786534017.397665,4.697786,1,2500,5.000000,737,2500,0x01,left,87.810252,2265,0.084249,28,0,No fault,0x02,right,-67.417728,2354,0.091575,27,0,No fault,-89.00
2026-08-12T13:26:57.407,1786534017.407803,4.707991,1,2500,5.000000,738,2500,0x01,left,89.624378,2265,0.076923,28,0,No fault,0x02,right,-65.625459,2406,0.098901,27,0,No fault,-141.00
2026-08-12T13:26:57.414,1786534017.414190,4.714307,1,2500,5.000000,739,2500,0x01,left,90.498655,2459,0.106227,28,0,No fault,0x02,right,-63.855047,3076,0.084249,27,0,No fault,-617.00
2026-08-12T13:26:57.420,1786534017.420793,4.720946,1,2500,5.000000,740,2500,0x01,left,92.203497,2389,0.098901,28,0,No fault,0x02,right,-63.024483,2336,0.069597,27,0,No fault,53.00
2026-08-12T13:26:57.426,1786534017.426476,4.726609,1,2500,5.000000,741,2500,0x01,left,93.055917,2107,0.047619,28,0,No fault,0x02,right,-62.172063,1983,0.106227,27,0,No fault,124.00
2026-08-12T13:26:57.432,1786534017.432128,4.732236,1,2500,5.000000,742,2500,0x01,left,93.952052,2459,0.069597,28,0,No fault,0x02,right,-61.275928,1913,0.091575,27,0,No fault,546.00
2026-08-12T13:26:57.437,1786534017.437962,4.738106,1,2500,5.000000,743,2500,0x01,left,94.804472,2318,0.128205,28,0,No fault,0x02,right,-60.423507,2089,0.098901,27,0,No fault,229.00
2026-08-12T13:26:57.445,1786534017.445227,4.745356,1,2500,5.000000,744,2500,0x01,left,95.678750,2442,0.106227,28,0,No fault,0x02,right,-58.631238,2636,0.069597,27,0,No fault,-194.00
2026-08-12T13:26:57.451,1786534017.451460,4.751566,1,2500,5.000000,745,2500,0x01,left,97.558447,2618,0.047619,28,0,No fault,0x02,right,-57.778818,2371,0.076923,27,0,No fault,247.00
2026-08-12T13:26:57.457,1786534017.457081,4.757200,1,2500,5.000000,746,2500,0x01,left,98.432724,2301,0.069597,28,0,No fault,0x02,right,-56.904540,2442,0.098901,27,0,No fault,-141.00
2026-08-12T13:26:57.462,1786534017.462702,4.762806,1,2500,5.000000,747,2500,0x01,left,99.307002,2406,0.091575,28,0,No fault,0x02,right,-56.030263,2671,0.076923,27,0,No fault,-265.00
2026-08-12T13:26:57.468,1786534017.468217,4.768315,1,2500,5.000000,748,2500,0x01,left,100.159422,2354,0.084249,28,0,No fault,0x02,right,-55.155985,2653,0.076923,27,0,No fault,-299.00
2026-08-12T13:26:57.473,1786534017.473822,4.773931,1,2500,5.000000,749,2500,0x01,left,101.033700,2565,0.106227,28,0,No fault,0x02,right,-54.281708,2495,0.091575,27,0,No fault,70.00
2026-08-12T13:26:57.479,1786534017.479601,4.779700,1,2500,5.000000,750,2500,0x01,left,101.886120,2442,0.054945,28,0,No fault,0x02,right,-53.451144,2071,0.084249,27,0,No fault,371.00
2026-08-12T13:26:57.485,1786534017.485306,4.785405,1,2500,5.000000,751,2500,0x01,left,102.760398,2636,0.091575,28,0,No fault,0x02,right,-51.680732,2177,0.091575,27,0,No fault,459.00
2026-08-12T13:26:57.491,1786534017.491029,4.791125,1,2500,5.000000,752,2500,0x01,left,103.634676,2442,0.084249,28,0,No fault,0x02,right,-50.784597,2777,0.062271,27,0,No fault,-335.00
2026-08-12T13:26:57.496,1786534017.496821,4.796917,1,2500,5.000000,753,2500,0x01,left,105.339517,2512,0.120879,28,0,No fault,0x02,right,-49.932177,2301,0.084249,27,0,No fault,211.00
2026-08-12T13:26:57.502,1786534017.502520,4.802613,1,2500,5.000000,754,2500,0x01,left,106.235651,2583,0.062271,28,0,No fault,0x02,right,-49.057899,2389,0.084249,27,0,No fault,194.00
2026-08-12T13:26:57.508,1786534017.508063,4.808160,1,2500,5.000000,755,2500,0x01,left,107.088072,2160,0.091575,28,0,No fault,0x02,right,-48.205479,2406,0.091575,27,0,No fault,-246.00
2026-08-12T13:26:57.513,1786534017.513692,4.813792,1,2500,5.000000,756,2500,0x01,left,107.962349,2265,0.076923,28,0,No fault,0x02,right,-47.331201,2477,0.098901,27,0,No fault,-212.00
2026-08-12T13:26:57.519,1786534017.519272,4.819372,1,2500,5.000000,757,2500,0x01,left,108.814770,2477,0.106227,28,0,No fault,0x02,right,-46.435067,2406,0.076923,27,0,No fault,71.00
2026-08-12T13:26:57.524,1786534017.524936,4.825049,1,2500,5.000000,758,2500,0x01,left,109.689048,2565,0.128205,28,0,No fault,0x02,right,-45.560789,2583,0.084249,27,0,No fault,-18.00
2026-08-12T13:26:57.530,1786534017.530917,4.831035,1,2500,5.000000,759,2500,0x01,left,110.563325,2071,0.040293,28,0,No fault,0x02,right,-44.730225,2001,0.091575,27,0,No fault,70.00
2026-08-12T13:26:57.536,1786534017.536624,4.836726,1,2500,5.000000,760,2500,0x01,left,111.459460,2389,0.098901,28,0,No fault,0x02,right,-42.937956,2177,0.069597,27,0,No fault,212.00
2026-08-12T13:26:57.554,1786534017.554160,4.854266,1,2500,5.000000,761,2500,0x01,left,115.087712,2777,0.076923,28,0,No fault,0x02,right,-42.063679,2371,0.098901,27,0,No fault,406.00
2026-08-12T13:26:57.570,1786534017.570309,4.870467,1,2500,5.000000,762,2500,0x01,left,115.940132,2265,0.091575,28,0,No fault,0x02,right,-37.342580,2406,0.076923,27,0,No fault,-141.00
2026-08-12T13:26:57.575,1786534017.575966,4.876069,1,2500,5.000000,763,2500,0x01,left,119.218673,2618,0.047619,28,0,No fault,0x02,right,-36.446446,2477,0.076923,27,0,No fault,141.00
2026-08-12T13:26:57.581,1786534017.581784,4.881889,1,2500,5.000000,764,2500,0x01,left,119.677669,2565,0.047619,28,0,No fault,0x02,right,-35.594025,2512,0.040293,27,0,No fault,53.00
2026-08-12T13:26:57.587,1786534017.587377,4.887483,1,2500,5.000000,765,2500,0x01,left,120.551946,2512,0.128205,28,0,No fault,0x02,right,-34.741604,2406,0.128205,27,0,No fault,106.00
2026-08-12T13:26:57.593,1786534017.593011,4.893116,1,2500,5.000000,766,2500,0x01,left,121.382510,2107,0.084249,28,0,No fault,0x02,right,-33.845470,2406,0.091575,27,0,No fault,-299.00
2026-08-12T13:26:57.598,1786534017.598621,4.898719,1,2500,5.000000,767,2500,0x01,left,122.256787,2442,0.084249,28,0,No fault,0x02,right,-32.927478,2424,0.054945,27,0,No fault,18.00
2026-08-12T13:26:57.604,1786534017.604227,4.904331,1,2500,5.000000,768,2500,0x01,left,123.152922,2424,0.040293,28,0,No fault,0x02,right,-32.096915,2583,0.091575,27,0,No fault,-159.00
2026-08-12T13:26:57.610,1786534017.610606,4.910717,1,2500,5.000000,769,2500,0x01,left,124.027200,2230,0.076923,28,0,No fault,0x02,right,-31.244494,2283,0.106227,27,0,No fault,-53.00
2026-08-12T13:26:57.616,1786534017.616971,4.917085,1,2500,5.000000,770,2500,0x01,left,124.901477,2283,0.120879,28,0,No fault,0x02,right,-29.430368,2565,0.062271,27,0,No fault,-282.00
2026-08-12T13:26:57.622,1786534017.622660,4.922767,1,2500,5.000000,771,2500,0x01,left,126.606318,2318,0.113553,28,0,No fault,0x02,right,-28.599804,2354,0.084249,27,0,No fault,-36.00
2026-08-12T13:26:57.628,1786534017.628372,4.928485,1,2500,5.000000,772,2500,0x01,left,127.480596,2283,0.054945,28,0,No fault,0x02,right,-27.703670,2071,0.076923,27,0,No fault,212.00
2026-08-12T13:26:57.634,1786534017.634114,4.934237,1,2500,5.000000,773,2500,0x01,left,128.354873,2177,0.084249,28,0,No fault,0x02,right,-26.829392,2477,0.084249,27,0,No fault,-300.00
2026-08-12T13:26:57.639,1786534017.639821,4.939926,1,2500,5.000000,774,2500,0x01,left,129.251008,2477,0.106227,28,0,No fault,0x02,right,-25.955115,2354,0.076923,27,0,No fault,123.00
2026-08-12T13:26:57.645,1786534017.645479,4.945587,1,2500,5.000000,775,2500,0x01,left,130.081572,2248,0.091575,28,0,No fault,0x02,right,-25.080837,2618,0.062271,27,0,No fault,-370.00
2026-08-12T13:26:57.651,1786534017.651541,4.951648,1,2500,5.000000,776,2500,0x01,left,130.977706,2988,0.106227,28,0,No fault,0x02,right,-23.332282,2230,0.084249,27,0,No fault,758.00
2026-08-12T13:26:57.657,1786534017.657479,4.958764,1,2500,5.000000,777,2500,0x01,left,131.808270,2389,0.062271,28,0,No fault,0x02,right,-22.436148,2565,0.084249,27,0,No fault,-176.00
2026-08-12T13:26:57.665,1786534017.665024,4.965148,1,2500,5.000000,778,2500,0x01,left,133.862822,2636,0.113553,28,0,No fault,0x02,right,-21.561870,2442,0.062271,27,0,No fault,194.00
2026-08-12T13:26:57.670,1786534017.670728,4.970836,1,2500,5.000000,779,2500,0x01,left,134.496673,2265,0.091575,28,0,No fault,0x02,right,-20.687593,2477,0.062271,27,0,No fault,-212.00
2026-08-12T13:26:57.677,1786534017.677251,4.977365,1,2500,5.000000,780,2500,0x01,left,135.349094,2371,0.084249,28,0,No fault,0x02,right,-18.939038,2706,0.091575,27,0,No fault,-335.00
2026-08-12T13:26:57.683,1786534017.683577,4.983694,1,2500,5.000000,781,2500,0x01,left,136.245228,2142,0.054945,28,0,No fault,0x02,right,-18.086617,2195,0.084249,27,0,No fault,-53.00
2026-08-12T13:26:57.689,1786534017.689218,4.989325,1,2500,5.000000,782,2500,0x01,left,137.993783,2265,0.076923,28,0,No fault,0x02,right,-17.212339,2265,0.076923,27,0,No fault,0.00
2026-08-12T13:26:57.695,1786534017.695126,4.995235,1,2500,5.000000,783,2500,0x01,left,138.824347,2318,0.106227,28,0,No fault,0x02,right,-16.316205,2618,0.076923,27,0,No fault,-300.00
2026-08-12T13:26:57.700,1786534017.700965,5.001064,1,2500,5.000000,784,2500,0x01,left,139.698625,2248,0.062271,28,0,No fault,0x02,right,-15.441927,2759,0.076923,27,0,No fault,-511.00
2026-08-12T13:26:57.706,1786534017.706511,5.006613,1,2500,5.000000,785,2500,0x01,left,140.572902,2477,0.047619,28,0,No fault,0x02,right,-14.567650,2565,0.091575,27,0,No fault,-88.00
2026-08-12T13:26:57.712,1786534017.712183,5.012270,1,2500,5.000000,786,2500,0x01,left,141.469037,2847,0.113553,28,0,No fault,0x02,right,-13.649658,2212,0.076923,27,0,No fault,635.00
2026-08-12T13:26:57.729,1786534017.729273,5.029395,2,-2500,5.000000,1,-2500,0x01,left,144.244868,2794,0.025641,28,0,No fault,0x02,right,-10.065120,2688,0.040293,27,0,No fault,106.00
2026-08-12T13:26:57.735,1786534017.735413,5.035527,2,-2500,5.000000,2,-2500,0x01,left,144.616436,2565,0.054945,28,0,No fault,0x02,right,-9.977693,-1472,-4.875458,27,0,No fault,4037.00
2026-08-12T13:26:57.742,1786534017.742108,5.042212,2,-2500,5.000000,3,-2500,0x01,left,144.944290,1701,-3.271062,28,0,No fault,0x02,right,-10.239976,1825,5.571429,28,0,No fault,-124.00
