wall_time_iso,wall_time_epoch_s,elapsed_s,phase_index,phase_command_position_deg,phase_duration_s,sample_index,command_position_deg,left_motor_id,left_motor_label,left_feedback_position_deg,left_feedback_speed_erpm,left_feedback_current_amps,left_feedback_temperature_c,left_feedback_error_code,left_feedback_error_description,left_is_fresh_feedback,right_motor_id,right_motor_label,right_feedback_position_deg,right_feedback_speed_erpm,right_feedback_current_amps,right_feedback_temperature_c,right_feedback_error_code,right_feedback_error_description,right_is_fresh_feedback,sync_error_deg
2026-08-12T14:30:46.696,1786537846.696808,0.018266,1,30.000000,2.000000,1,0.000000,0x03,left,0.010981,290,-0.008791,172,0,No fault,False,0x04,right,-0.010981,156,-0.008791,174,0,No fault,True,0.02
2026-08-12T14:30:46.710,1786537846.710120,0.031618,1,30.000000,2.000000,2,0.041270,0x03,left,-0.010981,-156,-0.032234,172,0,No fault,False,0x04,right,-0.010981,-67,-0.020513,174,0,No fault,True,0.00
2026-08-12T14:30:46.721,1786537846.721573,0.043011,1,30.000000,2.000000,3,0.101222,0x03,left,-0.010981,112,-0.020513,171,0,No fault,False,0x04,right,-0.010981,-112,-0.014652,174,0,No fault,True,0.00
2026-08-12T14:30:46.735,1786537846.735104,0.056529,1,30.000000,2.000000,4,0.171925,0x03,left,-0.010981,-201,-0.008791,172,0,No fault,False,0x04,right,-0.010981,-22,-0.014652,174,0,No fault,True,0.00
2026-08-12T14:30:46.745,1786537846.745998,0.067438,1,30.000000,2.000000,5,0.280838,0x03,left,-0.010981,-22,-0.014652,170,0,No fault,False,0x04,right,-0.010981,-67,-0.014652,174,0,No fault,True,0.00
2026-08-12T14:30:46.757,1786537846.757272,0.078713,1,30.000000,2.000000,6,0.389951,0x03,left,-0.010981,-112,-0.008791,172,0,No fault,False,0x04,right,-0.010981,246,0.002930,174,0,No fault,True,0.00
2026-08-12T14:30:46.770,1786537846.770881,0.092310,1,30.000000,2.000000,7,0.520636,0x03,left,-0.010981,-67,0.014652,172,0,No fault,False,0x04,right,-0.010981,112,0.020513,173,0,No fault,True,0.00
2026-08-12T14:30:46.781,1786537846.781720,0.103139,1,30.000000,2.000000,8,0.697719,0x03,left,-0.010981,-112,0.020513,172,0,No fault,False,0x04,right,-0.010981,-22,0.020513,174,0,No fault,True,0.00
2026-08-12T14:30:46.792,1786537846.792530,0.113959,1,30.000000,2.000000,9,0.859404,0x03,left,0.010981,156,0.020513,173,0,No fault,False,0x04,right,-0.010981,-156,0.020513,174,0,No fault,True,0.02
2026-08-12T14:30:46.803,1786537846.803543,0.124965,1,30.000000,2.000000,10,1.038418,0x03,left,-0.010981,-22,0.043956,173,0,No fault,False,0x04,right,-0.010981,-156,0.032234,174,0,No fault,True,0.00
2026-08-12T14:30:46.816,1786537846.816952,0.138394,1,30.000000,2.000000,11,1.236426,0x03,left,-0.010981,-67,0.067399,172,0,No fault,False,0x04,right,-0.010981,-22,0.049817,173,0,No fault,True,0.00
2026-08-12T14:30:46.827,1786537846.827889,0.149321,1,30.000000,2.000000,12,1.500806,0x03,left,0.010981,-22,0.061538,172,0,No fault,False,0x04,right,-0.010981,-67,0.067399,175,0,No fault,True,0.02
2026-08-12T14:30:46.838,1786537846.838729,0.160148,1,30.000000,2.000000,13,1.732442,0x03,left,0.010981,-67,0.079121,173,0,No fault,False,0x04,right,0.010981,-67,0.079121,174,0,No fault,True,0.00
2026-08-12T14:30:46.849,1786537846.849651,0.171079,1,30.000000,2.000000,14,1.976602,0x03,left,0.010981,-156,0.096703,173,0,No fault,False,0x04,right,0.010981,-156,0.079121,174,0,No fault,True,0.00
2026-08-12T14:30:46.868,1786537846.868034,0.189462,1,30.000000,2.000000,15,2.240750,0x03,left,0.032943,67,0.126007,174,0,No fault,False,0x04,right,0.010981,-22,0.120147,174,0,No fault,False,0.02
2026-08-12T14:30:46.880,1786537846.880862,0.202291,1,30.000000,2.000000,16,2.717990,0x03,left,0.032943,22,0.155311,172,0,No fault,False,0x04,right,0.032943,22,0.137729,170,0,No fault,True,0.00
2026-08-12T14:30:46.900,1786537846.900113,0.221559,1,30.000000,2.000000,17,3.083269,0x03,left,0.032943,-67,0.178755,172,0,No fault,False,0x04,right,0.054905,-22,0.161172,174,0,No fault,True,-0.02
2026-08-12T14:30:46.914,1786537846.914401,0.235862,1,30.000000,2.000000,18,3.657163,0x03,left,0.054905,-22,0.190476,171,0,No fault,False,0x04,right,0.076866,-22,0.178755,174,0,No fault,True,-0.02
2026-08-12T14:30:46.925,1786537846.925627,0.247053,1,30.000000,2.000000,19,4.105646,0x03,left,0.098828,22,0.202198,172,0,No fault,False,0x04,right,0.120790,156,0.161172,172,0,No fault,True,-0.02
2026-08-12T14:30:46.939,1786537846.939800,0.261235,1,30.000000,2.000000,20,4.490646,0x03,left,0.186676,201,0.131868,174,0,No fault,False,0x04,right,0.230599,335,0.137729,174,0,No fault,True,-0.04
2026-08-12T14:30:46.950,1786537846.950884,0.272317,1,30.000000,2.000000,21,4.955393,0x03,left,0.252561,290,0.161172,173,0,No fault,False,0x04,right,0.252561,-112,0.260806,174,0,No fault,True,0.00
2026-08-12T14:30:46.961,1786537846.961918,0.283353,1,30.000000,2.000000,22,5.348157,0x03,left,0.296485,67,0.272527,172,0,No fault,False,0x04,right,0.274523,22,0.290110,174,0,No fault,True,0.02
2026-08-12T14:30:46.975,1786537846.975515,0.296943,1,30.000000,2.000000,23,5.751609,0x03,left,0.494142,424,0.102564,172,0,No fault,False,0x04,right,0.340409,335,0.266667,174,0,No fault,True,0.15
2026-08-12T14:30:46.986,1786537846.986367,0.307796,1,30.000000,2.000000,24,6.263941,0x03,left,0.581989,156,0.120147,172,0,No fault,False,0x04,right,0.428256,469,0.178755,174,0,No fault,True,0.15
2026-08-12T14:30:46.997,1786537846.997212,0.318638,1,30.000000,2.000000,25,6.684194,0x03,left,0.691798,290,0.167033,173,0,No fault,False,0x04,right,0.625913,380,0.126007,174,0,No fault,True,0.07
2026-08-12T14:30:47.011,1786537847.011249,0.332681,1,30.000000,2.000000,26,7.119366,0x03,left,0.757684,22,0.313553,172,0,No fault,False,0x04,right,0.757684,335,0.213919,175,0,No fault,True,0.00
2026-08-12T14:30:47.022,1786537847.022230,0.343661,1,30.000000,2.000000,27,7.687021,0x03,left,0.823569,22,0.301832,172,0,No fault,False,0x04,right,0.801608,335,0.307692,174,0,No fault,True,0.02
2026-08-12T14:30:47.033,1786537847.033162,0.354587,1,30.000000,2.000000,28,8.141709,0x03,left,1.021226,558,0.149451,173,0,No fault,False,0x04,right,0.955341,424,0.184615,174,0,No fault,True,0.07
2026-08-12T14:30:47.046,1786537847.046930,0.368356,1,30.000000,2.000000,29,8.617172,0x03,left,1.262806,335,0.178755,173,0,No fault,False,0x04,right,1.174959,380,0.190476,174,0,No fault,True,0.09
2026-08-12T14:30:47.057,1786537847.057791,0.379212,1,30.000000,2.000000,30,9.195142,0x03,left,1.394578,424,0.184615,170,0,No fault,False,0x04,right,1.262806,156,0.284249,175,0,No fault,True,0.13
2026-08-12T14:30:47.080,1786537847.080573,0.402017,1,30.000000,2.000000,31,9.676522,0x03,left,1.680082,335,0.225641,173,0,No fault,True,0x04,right,1.482425,603,0.202198,175,0,No fault,False,0.20
2026-08-12T14:30:47.092,1786537847.092899,0.414324,1,30.000000,2.000000,32,10.690131,0x03,left,1.767929,156,0.342857,172,0,No fault,False,0x04,right,1.702044,469,0.184615,174,0,No fault,True,0.07
2026-08-12T14:30:47.108,1786537847.108476,0.429897,1,30.000000,2.000000,33,11.254567,0x03,left,2.031471,424,0.184615,173,0,No fault,False,0x04,right,1.965586,603,0.155311,174,0,No fault,True,0.07
2026-08-12T14:30:47.121,1786537847.121860,0.443290,1,30.000000,2.000000,34,11.962632,0x03,left,2.338937,558,0.178755,171,0,No fault,False,0x04,right,2.251090,380,0.184615,174,0,No fault,True,0.09
2026-08-12T14:30:47.132,1786537847.132736,0.454163,1,30.000000,2.000000,35,12.582058,0x03,left,2.514632,737,0.137729,172,0,No fault,False,0x04,right,2.448747,692,0.172894,174,0,No fault,True,0.07
2026-08-12T14:30:47.143,1786537847.143598,0.465024,1,30.000000,2.000000,36,13.087919,0x03,left,2.756212,514,0.114286,173,0,No fault,False,0x04,right,2.690327,335,0.196337,173,0,No fault,True,0.07
2026-08-12T14:30:47.154,1786537847.154470,0.475905,1,30.000000,2.000000,37,13.597058,0x03,left,3.041717,960,0.102564,172,0,No fault,False,0x04,right,2.822098,558,0.243223,174,0,No fault,True,0.22
2026-08-12T14:30:47.167,1786537847.167936,0.489362,1,30.000000,2.000000,38,14.113771,0x03,left,3.371144,603,0.137729,173,0,No fault,False,0x04,right,3.129564,692,0.237363,174,0,No fault,True,0.24
2026-08-12T14:30:47.178,1786537847.178823,0.500242,1,30.000000,2.000000,39,14.742082,0x03,left,3.590763,603,0.184615,174,0,No fault,False,0x04,right,3.371144,737,0.196337,174,0,No fault,True,0.22
2026-08-12T14:30:47.189,1786537847.189767,0.511185,1,30.000000,2.000000,40,15.259677,0x03,left,3.832343,782,0.202198,172,0,No fault,False,0x04,right,3.568801,514,0.161172,174,0,No fault,True,0.26
2026-08-12T14:30:47.200,1786537847.200614,0.522035,1,30.000000,2.000000,41,15.768863,0x03,left,4.008038,782,0.184615,171,0,No fault,False,0x04,right,3.854305,782,0.167033,174,0,No fault,True,0.15
2026-08-12T14:30:47.214,1786537847.214036,0.535465,1,30.000000,2.000000,42,16.284053,0x03,left,4.359428,558,0.196337,172,0,No fault,False,0x04,right,4.183733,424,0.196337,174,0,No fault,True,0.18
2026-08-12T14:30:47.224,1786537847.224882,0.546307,1,30.000000,2.000000,43,16.909221,0x03,left,4.644932,737,0.219780,173,0,No fault,False,0x04,right,4.425313,826,0.219780,172,0,No fault,True,0.22
2026-08-12T14:30:47.235,1786537847.235706,0.557128,1,30.000000,2.000000,44,17.414416,0x03,left,4.842588,871,0.172894,173,0,No fault,False,0x04,right,5.018283,603,0.137729,174,0,No fault,True,-0.18
2026-08-12T14:30:47.246,1786537847.246547,0.567975,1,30.000000,2.000000,45,17.916579,0x03,left,5.215940,871,0.167033,173,0,No fault,False,0x04,right,5.215940,737,0.155311,174,0,No fault,True,0.00
2026-08-12T14:30:47.260,1786537847.260003,0.581426,1,30.000000,2.000000,46,18.422400,0x03,left,5.896757,871,0.131868,172,0,No fault,False,0x04,right,5.567330,737,0.219780,174,0,No fault,True,0.33
2026-08-12T14:30:47.275,1786537847.275940,0.597377,1,30.000000,2.000000,47,19.029970,0x03,left,6.094414,826,0.131868,173,0,No fault,False,0x04,right,5.743024,826,0.213919,176,0,No fault,False,0.35
2026-08-12T14:30:47.289,1786537847.289746,0.611179,1,30.000000,2.000000,48,19.762103,0x03,left,6.533651,871,0.120147,173,0,No fault,True,0x04,right,6.292071,916,0.213919,174,0,No fault,False,0.24
2026-08-12T14:30:47.311,1786537847.311452,0.632894,1,30.000000,2.000000,49,20.364728,0x03,left,7.060735,737,0.196337,173,0,No fault,False,0x04,right,6.819155,871,0.167033,174,0,No fault,True,0.24
2026-08-12T14:30:47.325,1786537847.325795,0.647291,1,30.000000,2.000000,50,21.325881,0x03,left,7.478011,737,0.225641,171,0,No fault,False,0x04,right,7.280354,737,0.167033,174,0,No fault,True,0.20
2026-08-12T14:30:47.337,1786537847.337501,0.658964,1,30.000000,2.000000,51,21.931672,0x03,left,7.917248,871,0.149451,172,0,No fault,False,0x04,right,7.543896,871,0.202198,174,0,No fault,True,0.37
2026-08-12T14:30:47.351,1786537847.351082,0.672513,1,30.000000,2.000000,52,22.396012,0x03,left,8.180790,1050,0.108425,172,0,No fault,False,0x04,right,8.005095,1050,0.213919,175,0,No fault,True,0.18
2026-08-12T14:30:47.362,1786537847.362140,0.683576,1,30.000000,2.000000,53,22.945858,0x03,left,8.532180,960,0.073260,174,0,No fault,False,0x04,right,8.312561,648,0.172894,174,0,No fault,True,0.22
2026-08-12T14:30:47.373,1786537847.373231,0.694658,1,30.000000,2.000000,54,23.382461,0x03,left,9.037302,916,0.120147,172,0,No fault,False,0x04,right,8.641989,782,0.202198,174,0,No fault,True,0.40
2026-08-12T14:30:47.386,1786537847.386745,0.708170,1,30.000000,2.000000,55,23.811205,0x03,left,9.344768,1005,0.137729,172,0,No fault,False,0x04,right,9.081226,1139,0.208059,174,0,No fault,True,0.26
2026-08-12T14:30:47.397,1786537847.397689,0.719114,1,30.000000,2.000000,56,24.317299,0x03,left,9.652234,1050,0.143590,174,0,No fault,False,0x04,right,9.366730,782,0.196337,174,0,No fault,True,0.29
2026-08-12T14:30:47.409,1786537847.409237,0.730668,1,30.000000,2.000000,57,24.715728,0x03,left,10.157357,1005,0.167033,171,0,No fault,False,0x04,right,9.718120,782,0.184615,175,0,No fault,True,0.44
2026-08-12T14:30:47.422,1786537847.422359,0.743782,1,30.000000,2.000000,58,25.127055,0x03,left,10.464823,871,0.196337,172,0,No fault,False,0x04,right,10.223242,1094,0.167033,175,0,No fault,True,0.24
2026-08-12T14:30:47.433,1786537847.433216,0.754636,1,30.000000,2.000000,59,25.571071,0x03,left,10.662479,782,0.155311,174,0,No fault,False,0x04,right,10.442861,1050,0.178755,173,0,No fault,True,0.22
2026-08-12T14:30:47.444,1786537847.444021,0.765438,1,30.000000,2.000000,60,25.927013,0x03,left,11.035831,826,0.114286,172,0,No fault,False,0x04,right,10.838174,1005,0.149451,174,0,No fault,True,0.20
2026-08-12T14:30:47.457,1786537847.457995,0.779413,1,30.000000,2.000000,61,26.272435,0x03,left,11.584877,960,0.043956,172,0,No fault,False,0x04,right,11.321335,782,0.202198,174,0,No fault,True,0.26
2026-08-12T14:30:47.468,1786537847.468827,0.790245,1,30.000000,2.000000,62,26.693484,0x03,left,11.870381,648,0.108425,174,0,No fault,False,0x04,right,11.606839,871,0.196337,176,0,No fault,True,0.26
2026-08-12T14:30:47.488,1786537847.488436,0.809868,1,30.000000,2.000000,63,27.006027,0x03,left,12.331580,782,0.172894,172,0,No fault,True,0x04,right,11.914305,1005,0.208059,175,0,No fault,False,0.42
2026-08-12T14:30:47.499,1786537847.499548,0.820972,1,30.000000,2.000000,64,27.541600,0x03,left,12.682970,826,0.137729,170,0,No fault,False,0x04,right,12.441389,960,0.143590,174,0,No fault,True,0.24
2026-08-12T14:30:47.514,1786537847.514533,0.835962,1,30.000000,2.000000,65,27.817698,0x03,left,13.297901,960,0.184615,169,0,No fault,False,0x04,right,12.924550,916,0.172894,174,0,No fault,True,0.37
2026-08-12T14:30:47.525,1786537847.525724,0.847148,1,30.000000,2.000000,66,28.170996,0x03,left,13.649291,648,0.178755,172,0,No fault,False,0x04,right,13.517520,1050,0.155311,174,0,No fault,True,0.13
2026-08-12T14:30:47.536,1786537847.536598,0.858021,1,30.000000,2.000000,67,28.414148,0x03,left,13.956757,960,0.143590,172,0,No fault,False,0x04,right,13.781062,1005,0.137729,174,0,No fault,True,0.18
2026-08-12T14:30:47.547,1786537847.547509,0.868939,1,30.000000,2.000000,68,28.635881,0x03,left,14.725422,1050,0.114286,173,0,No fault,False,0x04,right,14.132452,916,0.178755,175,0,No fault,True,0.59
2026-08-12T14:30:47.560,1786537847.560580,0.882003,1,30.000000,2.000000,69,28.842749,0x03,left,15.076812,782,0.137729,173,0,No fault,False,0x04,right,14.681498,782,0.219780,174,0,No fault,True,0.40
2026-08-12T14:30:47.571,1786537847.571754,0.893202,1,30.000000,2.000000,70,29.067320,0x03,left,15.384277,826,0.196337,172,0,No fault,False,0x04,right,14.945040,737,0.178755,174,0,No fault,True,0.44
2026-08-12T14:30:47.582,1786537847.582809,0.904246,1,30.000000,2.000000,71,29.243708,0x03,left,15.581934,782,0.237363,173,0,No fault,False,0x04,right,15.296430,871,0.143590,175,0,No fault,True,0.29
2026-08-12T14:30:47.593,1786537847.593849,0.915280,1,30.000000,2.000000,72,29.397562,0x03,left,15.955286,648,0.225641,174,0,No fault,False,0x04,right,15.625858,737,0.196337,176,0,No fault,True,0.33
2026-08-12T14:30:47.606,1786537847.606644,0.928070,1,30.000000,2.000000,73,29.534351,0x03,left,16.394523,1139,0.161172,172,0,No fault,False,0x04,right,16.065095,871,0.231502,174,0,No fault,True,0.33
2026-08-12T14:30:47.617,1786537847.617670,0.939091,1,30.000000,2.000000,74,29.671286,0x03,left,16.614141,737,0.167033,172,0,No fault,False,0x04,right,16.394523,826,0.178755,174,0,No fault,True,0.22
2026-08-12T14:30:47.628,1786537847.628540,0.949960,1,30.000000,2.000000,75,29.770514,0x03,left,17.031416,916,0.137729,173,0,No fault,False,0x04,right,16.745912,916,0.178755,175,0,No fault,True,0.29
2026-08-12T14:30:47.639,1786537847.639379,0.960798,1,30.000000,2.000000,76,29.851100,0x03,left,17.316920,871,0.126007,174,0,No fault,False,0x04,right,17.031416,826,0.184615,173,0,No fault,True,0.29
2026-08-12T14:30:47.652,1786537847.652741,0.974179,1,30.000000,2.000000,77,29.914208,0x03,left,17.800081,960,0.126007,173,0,No fault,False,0x04,right,17.514577,737,0.219780,175,0,No fault,True,0.29
2026-08-12T14:30:47.663,1786537847.663670,0.985097,1,30.000000,2.000000,78,29.968579,0x03,left,18.151471,916,0.149451,173,0,No fault,False,0x04,right,17.865967,782,0.190476,174,0,No fault,True,0.29
2026-08-12T14:30:47.674,1786537847.674516,0.995943,1,30.000000,2.000000,79,29.992963,0x03,left,18.480899,960,0.202198,173,0,No fault,False,0x04,right,18.085585,782,0.213919,175,0,No fault,True,0.40
2026-08-12T14:30:47.695,1786537847.695114,1.016548,1,30.000000,2.000000,80,30.000000,0x03,left,18.876212,782,0.243223,173,0,No fault,True,0x04,right,18.546784,826,0.184615,174,0,No fault,False,0.33
2026-08-12T14:30:47.714,1786537847.714248,1.035683,1,30.000000,2.000000,81,30.000000,0x03,left,19.425258,826,0.190476,173,0,No fault,False,0x04,right,19.205640,1094,0.167033,175,0,No fault,True,0.22
2026-08-12T14:30:47.728,1786537847.728588,1.050020,1,30.000000,2.000000,82,30.000000,0x03,left,19.908419,960,0.102564,172,0,No fault,False,0x04,right,19.622915,826,0.196337,174,0,No fault,True,0.29
2026-08-12T14:30:47.739,1786537847.739459,1.060883,1,30.000000,2.000000,83,30.000000,0x03,left,20.193923,871,0.102564,172,0,No fault,False,0x04,right,19.952343,782,0.225641,175,0,No fault,True,0.24
2026-08-12T14:30:47.754,1786537847.754073,1.075496,1,30.000000,2.000000,84,30.000000,0x03,left,20.633160,871,0.172894,169,0,No fault,False,0x04,right,20.369618,826,0.208059,175,0,No fault,True,0.26
2026-08-12T14:30:47.764,1786537847.764891,1.086311,1,30.000000,2.000000,85,30.000000,0x03,left,20.962588,782,0.184615,172,0,No fault,False,0x04,right,20.633160,826,0.178755,174,0,No fault,True,0.33
2026-08-12T14:30:47.779,1786537847.779552,1.100971,1,30.000000,2.000000,86,30.000000,0x03,left,21.357901,692,0.196337,173,0,No fault,False,0x04,right,21.050435,871,0.167033,174,0,No fault,True,0.31
2026-08-12T14:30:47.790,1786537847.790396,1.111823,1,30.000000,2.000000,87,30.000000,0x03,left,21.621443,826,0.190476,173,0,No fault,False,0x04,right,21.335939,648,0.237363,174,0,No fault,True,0.29
2026-08-12T14:30:47.805,1786537847.805064,1.126511,1,30.000000,2.000000,88,30.000000,0x03,left,21.950871,648,0.237363,171,0,No fault,False,0x04,right,22.082642,1050,0.137729,175,0,No fault,True,-0.13
2026-08-12T14:30:47.816,1786537847.816170,1.137615,1,30.000000,2.000000,89,30.000000,0x03,left,22.236375,648,0.184615,172,0,No fault,False,0x04,right,22.258337,692,0.167033,174,0,No fault,True,-0.02
2026-08-12T14:30:47.830,1786537847.830530,1.151966,1,30.000000,2.000000,90,30.000000,0x03,left,22.895231,871,0.090842,172,0,No fault,False,0x04,right,22.565803,692,0.190476,175,0,No fault,True,0.33
2026-08-12T14:30:47.841,1786537847.841433,1.162877,1,30.000000,2.000000,91,30.000000,0x03,left,23.114849,871,0.061538,173,0,No fault,False,0x04,right,22.873269,737,0.249084,174,0,No fault,True,0.24
2026-08-12T14:30:47.852,1786537847.852633,1.174059,1,30.000000,2.000000,92,30.000000,0x03,left,23.312506,692,0.096703,173,0,No fault,False,0x04,right,23.005040,558,0.249084,174,0,No fault,True,0.31
2026-08-12T14:30:47.866,1786537847.866239,1.187660,1,30.000000,2.000000,93,30.000000,0x03,left,23.641934,558,0.184615,173,0,No fault,False,0x04,right,23.378392,782,0.202198,173,0,No fault,True,0.26
2026-08-12T14:30:47.877,1786537847.877078,1.198493,1,30.000000,2.000000,94,30.000000,0x03,left,23.927438,782,0.178755,172,0,No fault,False,0x04,right,23.685858,692,0.161172,175,0,No fault,True,0.24
2026-08-12T14:30:47.895,1786537847.895899,1.217339,1,30.000000,2.000000,95,30.000000,0x03,left,24.256866,648,0.219780,175,0,No fault,True,0x04,right,24.059209,469,0.149451,174,0,No fault,False,0.20
2026-08-12T14:30:47.913,1786537847.913383,1.234819,1,30.000000,2.000000,96,30.000000,0x03,left,24.630217,469,0.219780,171,0,No fault,False,0x04,right,24.388637,558,0.196337,173,0,No fault,True,0.24
2026-08-12T14:30:47.926,1786537847.926511,1.247943,1,30.000000,2.000000,97,30.000000,0x03,left,24.937683,424,0.149451,171,0,No fault,False,0x04,right,24.630217,514,0.284249,174,0,No fault,True,0.31
2026-08-12T14:30:47.939,1786537847.939039,1.260464,1,30.000000,2.000000,98,30.000000,0x03,left,25.135340,469,0.202198,172,0,No fault,False,0x04,right,24.827874,782,0.190476,174,0,No fault,True,0.31
2026-08-12T14:30:47.952,1786537847.952097,1.273522,1,30.000000,2.000000,99,30.000000,0x03,left,25.442806,648,0.096703,173,0,No fault,False,0x04,right,25.157302,648,0.178755,173,0,No fault,True,0.29
2026-08-12T14:30:47.964,1786537847.964514,1.285936,1,30.000000,2.000000,100,30.000000,0x03,left,25.640462,469,0.090842,172,0,No fault,False,0x04,right,25.420844,648,0.137729,174,0,No fault,True,0.22
2026-08-12T14:30:47.977,1786537847.977545,1.298969,1,30.000000,2.000000,101,30.000000,0x03,left,25.991852,692,0.073260,171,0,No fault,False,0x04,right,25.662424,514,0.231502,178,0,No fault,True,0.33
2026-08-12T14:30:47.990,1786537847.990002,1.311423,1,30.000000,2.000000,102,30.000000,0x03,left,26.189509,514,0.073260,173,0,No fault,False,0x04,right,25.794195,514,0.196337,174,0,No fault,True,0.40
2026-08-12T14:30:48.003,1786537848.003049,1.324470,1,30.000000,2.000000,103,30.000000,0x03,left,26.475013,290,0.108425,175,0,No fault,False,0x04,right,26.013814,424,0.266667,174,0,No fault,True,0.46
2026-08-12T14:30:48.015,1786537848.015484,1.336903,1,30.000000,2.000000,104,30.000000,0x03,left,26.606784,469,0.155311,172,0,No fault,False,0x04,right,26.145585,514,0.254945,174,0,No fault,True,0.46
2026-08-12T14:30:48.028,1786537848.028507,1.349930,1,30.000000,2.000000,105,30.000000,0x03,left,26.826402,246,0.161172,172,0,No fault,False,0x04,right,26.431089,514,0.155311,177,0,No fault,True,0.40
2026-08-12T14:30:48.040,1786537848.040969,1.362388,1,30.000000,2.000000,106,30.000000,0x03,left,26.980135,290,0.237363,171,0,No fault,False,0x04,right,26.540898,246,0.178755,175,0,No fault,True,0.44
2026-08-12T14:30:48.053,1786537848.053995,1.375415,1,30.000000,2.000000,107,30.000000,0x03,left,27.089945,201,0.213919,172,0,No fault,False,0x04,right,26.782479,469,0.131868,174,0,No fault,True,0.31
2026-08-12T14:30:48.066,1786537848.066488,1.387927,1,30.000000,2.000000,108,30.000000,0x03,left,27.199754,469,0.167033,173,0,No fault,False,0x04,right,26.958174,424,0.167033,174,0,No fault,True,0.24
2026-08-12T14:30:48.079,1786537848.079729,1.401171,1,30.000000,2.000000,109,30.000000,0x03,left,27.353487,335,0.202198,172,0,No fault,False,0x04,right,27.133868,380,0.149451,174,0,No fault,True,0.22
2026-08-12T14:30:48.104,1786537848.104535,1.426022,1,30.000000,2.000000,110,30.000000,0x03,left,27.419372,112,0.307692,173,0,No fault,True,0x04,right,27.397411,112,0.208059,174,0,No fault,False,0.02
2026-08-12T14:30:48.125,1786537848.125719,1.447177,1,30.000000,2.000000,111,30.000000,0x03,left,27.529182,380,0.237363,172,0,No fault,False,0x04,right,27.551144,424,0.196337,174,0,No fault,True,-0.02
2026-08-12T14:30:48.140,1786537848.140713,1.462153,1,30.000000,2.000000,112,30.000000,0x03,left,27.704877,380,0.114286,173,0,No fault,False,0x04,right,27.748800,380,0.137729,174,0,No fault,True,-0.04
2026-08-12T14:30:48.156,1786537848.156047,1.477478,1,30.000000,2.000000,113,30.000000,0x03,left,27.858609,290,0.090842,174,0,No fault,False,0x04,right,27.858609,290,0.167033,179,0,No fault,True,0.00
2026-08-12T14:30:48.171,1786537848.171328,1.492758,1,30.000000,2.000000,114,30.000000,0x03,left,27.924495,22,0.202198,172,0,No fault,False,0x04,right,27.858609,-156,0.272527,174,0,No fault,True,0.07
2026-08-12T14:30:48.186,1786537848.186658,1.508082,1,30.000000,2.000000,115,30.000000,0x03,left,28.034304,246,0.102564,172,0,No fault,False,0x04,right,27.880571,67,0.290110,174,0,No fault,True,0.15
2026-08-12T14:30:48.201,1786537848.201906,1.523330,1,30.000000,2.000000,116,30.000000,0x03,left,28.275885,290,0.002930,170,0,No fault,False,0x04,right,27.902533,-156,0.290110,175,0,No fault,True,0.37
2026-08-12T14:30:48.212,1786537848.212886,1.534316,1,30.000000,2.000000,117,30.000000,0x03,left,28.363732,-67,0.131868,174,0,No fault,False,0x04,right,27.924495,112,0.284249,171,0,No fault,True,0.44
2026-08-12T14:30:48.227,1786537848.227416,1.548839,1,30.000000,2.000000,118,30.000000,0x03,left,28.363732,-67,0.190476,172,0,No fault,False,0x04,right,28.012342,290,0.196337,174,0,No fault,True,0.35
2026-08-12T14:30:48.238,1786537848.238457,1.559883,1,30.000000,2.000000,119,30.000000,0x03,left,28.363732,22,0.213919,172,0,No fault,False,0x04,right,28.144114,290,0.090842,174,0,No fault,True,0.22
2026-08-12T14:30:48.252,1786537848.252905,1.574333,1,30.000000,2.000000,120,30.000000,0x03,left,28.385694,246,0.219780,172,0,No fault,False,0x04,right,28.231961,112,0.149451,174,0,No fault,True,0.15
2026-08-12T14:30:48.263,1786537848.263960,1.585378,1,30.000000,2.000000,121,30.000000,0x03,left,28.407656,-22,0.190476,173,0,No fault,False,0x04,right,28.275885,112,0.143590,174,0,No fault,True,0.13
2026-08-12T14:30:48.278,1786537848.278469,1.599900,1,30.000000,2.000000,122,30.000000,0x03,left,28.473541,290,0.143590,173,0,No fault,False,0x04,right,28.319808,67,0.213919,174,0,No fault,True,0.15
2026-08-12T14:30:48.289,1786537848.289613,1.611031,1,30.000000,2.000000,123,30.000000,0x03,left,28.627274,246,0.002930,173,0,No fault,False,0x04,right,28.319808,67,0.243223,174,0,No fault,True,0.31
2026-08-12T14:30:48.311,1786537848.311598,1.633049,1,30.000000,2.000000,124,30.000000,0x03,left,28.715122,67,0.090842,171,0,No fault,True,0x04,right,28.319808,-112,0.243223,174,0,No fault,False,0.40
2026-08-12T14:30:48.335,1786537848.335517,1.657024,1,30.000000,2.000000,125,30.000000,0x03,left,28.802969,-201,0.131868,173,0,No fault,False,0x04,right,28.341770,201,0.249084,175,0,No fault,True,0.46
2026-08-12T14:30:48.348,1786537848.348072,1.669582,1,30.000000,2.000000,126,30.000000,0x03,left,28.802969,-67,0.143590,171,0,No fault,False,0x04,right,28.319808,-22,0.254945,172,0,No fault,True,0.48
2026-08-12T14:30:48.362,1786537848.362893,1.684322,1,30.000000,2.000000,127,30.000000,0x03,left,28.824931,156,0.155311,172,0,No fault,False,0x04,right,28.319808,-112,0.260806,174,0,No fault,True,0.51
2026-08-12T14:30:48.376,1786537848.376368,1.697791,1,30.000000,2.000000,128,30.000000,0x03,left,28.824931,-22,0.155311,172,0,No fault,True,0x04,right,28.319808,-201,0.254945,174,0,No fault,False,0.51
2026-08-12T14:30:48.388,1786537848.388381,1.709800,1,30.000000,2.000000,129,30.000000,0x03,left,28.824931,-67,0.161172,172,0,No fault,False,0x04,right,28.319808,-246,0.260806,174,0,No fault,True,0.51
2026-08-12T14:30:48.399,1786537848.399305,1.720723,1,30.000000,2.000000,130,30.000000,0x03,left,28.824931,112,0.172894,173,0,No fault,False,0x04,right,28.319808,-112,0.266667,174,0,No fault,True,0.51
2026-08-12T14:30:48.412,1786537848.412145,1.733569,1,30.000000,2.000000,131,30.000000,0x03,left,28.824931,-112,0.178755,173,0,No fault,False,0x04,right,28.341770,22,0.260806,174,0,No fault,True,0.48
2026-08-12T14:30:48.423,1786537848.423981,1.745399,1,30.000000,2.000000,132,30.000000,0x03,left,28.824931,67,0.172894,173,0,No fault,False,0x04,right,28.341770,22,0.260806,174,0,No fault,True,0.48
2026-08-12T14:30:48.434,1786537848.434816,1.756234,1,30.000000,2.000000,133,30.000000,0x03,left,28.824931,-112,0.184615,173,0,No fault,False,0x04,right,28.341770,67,0.272527,174,0,No fault,True,0.48
2026-08-12T14:30:48.447,1786537848.447871,1.769293,1,30.000000,2.000000,134,30.000000,0x03,left,28.824931,22,0.172894,173,0,No fault,False,0x04,right,28.341770,-67,0.260806,174,0,No fault,True,0.48
2026-08-12T14:30:48.459,1786537848.459758,1.781178,1,30.000000,2.000000,135,30.000000,0x03,left,28.824931,-112,0.172894,173,0,No fault,False,0x04,right,28.341770,112,0.254945,174,0,No fault,True,0.48
2026-08-12T14:30:48.470,1786537848.470763,1.792186,1,30.000000,2.000000,136,30.000000,0x03,left,28.824931,-22,0.190476,172,0,No fault,False,0x04,right,28.319808,-246,0.266667,175,0,No fault,True,0.51
2026-08-12T14:30:48.483,1786537848.483533,1.804955,1,30.000000,2.000000,137,30.000000,0x03,left,28.824931,-67,0.178755,173,0,No fault,False,0x04,right,28.341770,-112,0.249084,174,0,No fault,True,0.48
2026-08-12T14:30:48.495,1786537848.495687,1.817129,1,30.000000,2.000000,138,30.000000,0x03,left,28.824931,67,0.178755,172,0,No fault,False,0x04,right,28.341770,-22,0.266667,175,0,No fault,True,0.48
2026-08-12T14:30:48.519,1786537848.519490,1.840951,1,30.000000,2.000000,139,30.000000,0x03,left,28.824931,67,0.178755,171,0,No fault,True,0x04,right,28.341770,201,0.254945,175,0,No fault,False,0.48
2026-08-12T14:30:48.537,1786537848.537885,1.859334,1,30.000000,2.000000,140,30.000000,0x03,left,28.824931,-22,0.172894,174,0,No fault,False,0x04,right,28.341770,22,0.266667,173,0,No fault,True,0.48
2026-08-12T14:30:48.550,1786537848.550676,1.872114,1,30.000000,2.000000,141,30.000000,0x03,left,28.824931,67,0.167033,173,0,No fault,False,0x04,right,28.341770,246,0.254945,174,0,No fault,True,0.48
2026-08-12T14:30:48.561,1786537848.561579,1.883002,1,30.000000,2.000000,142,30.000000,0x03,left,28.824931,-22,0.178755,173,0,No fault,False,0x04,right,28.341770,-67,0.260806,174,0,No fault,True,0.48
2026-08-12T14:30:48.572,1786537848.572542,1.893964,1,30.000000,2.000000,143,30.000000,0x03,left,28.824931,112,0.161172,171,0,No fault,False,0x04,right,28.341770,-156,0.260806,175,0,No fault,True,0.48
2026-08-12T14:30:48.584,1786537848.584238,1.905783,1,30.000000,2.000000,144,30.000000,0x03,left,28.846893,156,0.172894,173,0,No fault,False,0x04,right,28.341770,-156,0.254945,174,0,No fault,True,0.51
2026-08-12T14:30:48.596,1786537848.596879,1.918342,1,30.000000,2.000000,145,30.000000,0x03,left,28.824931,-22,0.172894,173,0,No fault,False,0x04,right,28.341770,-22,0.254945,174,0,No fault,True,0.48
2026-08-12T14:30:48.608,1786537848.608006,1.929446,1,30.000000,2.000000,146,30.000000,0x03,left,28.824931,-112,0.161172,169,0,No fault,False,0x04,right,28.341770,67,0.254945,173,0,No fault,True,0.48
2026-08-12T14:30:48.619,1786537848.619243,1.940677,1,30.000000,2.000000,147,30.000000,0x03,left,28.824931,22,0.178755,173,0,No fault,False,0x04,right,28.341770,-22,0.254945,174,0,No fault,True,0.48
2026-08-12T14:30:48.632,1786537848.632640,1.954067,1,30.000000,2.000000,148,30.000000,0x03,left,28.824931,-22,0.172894,173,0,No fault,False,0x04,right,28.341770,-112,0.266667,175,0,No fault,True,0.48
2026-08-12T14:30:48.643,1786537848.643623,1.965047,1,30.000000,2.000000,149,30.000000,0x03,left,28.824931,67,0.167033,169,0,No fault,False,0x04,right,28.341770,-67,0.266667,174,0,No fault,True,0.48
2026-08-12T14:30:48.654,1786537848.654579,1.975999,1,30.000000,2.000000,150,30.000000,0x03,left,28.824931,67,0.172894,174,0,No fault,False,0x04,right,28.341770,67,0.260806,171,0,No fault,True,0.48
2026-08-12T14:30:48.665,1786537848.665581,1.987004,1,30.000000,2.000000,151,30.000000,0x03,left,28.824931,-112,0.161172,175,0,No fault,False,0x04,right,28.341770,-156,0.254945,174,0,No fault,True,0.48
2026-08-12T14:30:48.678,1786537848.678717,2.000159,1,30.000000,2.000000,152,30.000000,0x03,left,28.824931,-67,0.178755,172,0,No fault,False,0x04,right,28.341770,67,0.260806,174,0,No fault,True,0.48
2026-08-12T14:30:48.724,1786537848.724509,2.045962,2,-30.000000,2.000000,1,30.000000,0x03,left,28.824931,112,0.178755,173,0,No fault,True,0x04,right,28.341770,156,0.260806,174,0,No fault,False,0.48
2026-08-12T14:30:48.745,1786537848.745708,2.067155,2,-30.000000,2.000000,2,29.974516,0x03,left,28.824931,22,0.172894,172,0,No fault,False,0x04,right,28.341770,22,0.272527,174,0,No fault,True,0.48
2026-08-12T14:30:48.756,1786537848.756884,2.078313,2,-30.000000,2.000000,3,29.918710,0x03,left,28.824931,-22,0.167033,172,0,No fault,False,0x04,right,28.341770,-156,0.254945,175,0,No fault,True,0.48
2026-08-12T14:30:48.767,1786537848.767841,2.089260,2,-30.000000,2.000000,4,29.875756,0x03,left,28.824931,22,0.167033,172,0,No fault,False,0x04,right,28.341770,-201,0.260806,176,0,No fault,True,0.48
2026-08-12T14:30:48.780,1786537848.780953,2.102376,2,-30.000000,2.000000,5,29.824271,0x03,left,28.846893,67,0.167033,173,0,No fault,False,0x04,right,28.341770,112,0.266667,173,0,No fault,True,0.51
2026-08-12T14:30:48.792,1786537848.792206,2.113625,2,-30.000000,2.000000,6,29.751573,0x03,left,28.824931,-22,0.167033,173,0,No fault,False,0x04,right,28.341770,-112,0.254945,174,0,No fault,True,0.48
2026-08-12T14:30:48.803,1786537848.803081,2.124498,2,-30.000000,2.000000,7,29.678853,0x03,left,28.824931,22,0.167033,172,0,No fault,False,0x04,right,28.341770,67,0.254945,174,0,No fault,True,0.48
2026-08-12T14:30:48.814,1786537848.814040,2.135460,2,-30.000000,2.000000,8,29.599785,0x03,left,28.846893,112,0.178755,172,0,No fault,False,0x04,right,28.341770,-22,0.249084,175,0,No fault,True,0.51
2026-08-12T14:30:48.826,1786537848.826803,2.148232,2,-30.000000,2.000000,9,29.511300,0x03,left,28.824931,22,0.178755,170,0,No fault,False,0x04,right,28.341770,67,0.260806,174,0,No fault,True,0.48
2026-08-12T14:30:48.838,1786537848.838065,2.159483,2,-30.000000,2.000000,10,29.396982,0x03,left,28.824931,-112,0.167033,172,0,No fault,False,0x04,right,28.341770,-22,0.249084,174,0,No fault,True,0.48
2026-08-12T14:30:48.849,1786537848.849122,2.170542,2,-30.000000,2.000000,11,29.285048,0x03,left,28.824931,22,0.178755,173,0,No fault,False,0x04,right,28.341770,156,0.266667,175,0,No fault,True,0.48
2026-08-12T14:30:48.860,1786537848.860089,2.181509,2,-30.000000,2.000000,12,29.169302,0x03,left,28.846893,201,0.178755,174,0,No fault,False,0x04,right,28.341770,156,0.260806,174,0,No fault,True,0.51
2026-08-12T14:30:48.872,1786537848.872976,2.194399,2,-30.000000,2.000000,13,29.042449,0x03,left,28.824931,-22,0.167033,172,0,No fault,False,0x04,right,28.341770,-67,0.254945,174,0,No fault,True,0.48
2026-08-12T14:30:48.884,1786537848.884128,2.205547,2,-30.000000,2.000000,14,28.885947,0x03,left,28.824931,-67,0.172894,172,0,No fault,False,0x04,right,28.341770,-22,0.249084,174,0,No fault,True,0.48
2026-08-12T14:30:48.895,1786537848.895006,2.216425,2,-30.000000,2.000000,15,28.740124,0x03,left,28.824931,22,0.167033,174,0,No fault,False,0x04,right,28.341770,-67,0.237363,174,0,No fault,True,0.48
2026-08-12T14:30:48.905,1786537848.905872,2.227296,2,-30.000000,2.000000,16,28.588815,0x03,left,28.846893,67,0.178755,176,0,No fault,False,0x04,right,28.341770,-67,0.260806,174,0,No fault,True,0.51
2026-08-12T14:30:48.929,1786537848.929570,2.251015,2,-30.000000,2.000000,17,28.426550,0x03,left,28.824931,-22,0.178755,175,0,No fault,True,0x04,right,28.341770,67,0.260806,173,0,No fault,False,0.48
2026-08-12T14:30:48.949,1786537848.949416,2.270895,2,-30.000000,2.000000,18,28.051082,0x03,left,28.824931,-67,0.178755,172,0,No fault,False,0x04,right,28.341770,112,0.260806,176,0,No fault,True,0.48
2026-08-12T14:30:48.960,1786537848.960662,2.282092,2,-30.000000,2.000000,19,27.705364,0x03,left,28.824931,67,0.178755,172,0,No fault,False,0x04,right,28.341770,-67,0.260806,172,0,No fault,True,0.48
2026-08-12T14:30:48.973,1786537848.973411,2.294855,2,-30.000000,2.000000,20,27.499046,0x03,left,28.824931,-67,0.172894,174,0,No fault,False,0x04,right,28.341770,22,0.237363,174,0,No fault,True,0.48
2026-08-12T14:30:48.985,1786537848.985582,2.307002,2,-30.000000,2.000000,21,27.255246,0x03,left,28.846893,112,0.167033,173,0,No fault,False,0x04,right,28.341770,67,0.254945,174,0,No fault,True,0.51
2026-08-12T14:30:48.998,1786537848.998892,2.320317,2,-30.000000,2.000000,22,27.010952,0x03,left,28.846893,67,0.178755,173,0,No fault,False,0x04,right,28.341770,-67,0.260806,174,0,No fault,True,0.51
2026-08-12T14:30:49.011,1786537849.011006,2.332427,2,-30.000000,2.000000,23,26.731743,0x03,left,28.846893,67,0.172894,172,0,No fault,False,0x04,right,28.341770,-22,0.260806,174,0,No fault,True,0.51
2026-08-12T14:30:49.024,1786537849.024402,2.345824,2,-30.000000,2.000000,24,26.468329,0x03,left,28.824931,-112,0.172894,172,0,No fault,True,0x04,right,28.341770,-67,0.260806,175,0,No fault,False,0.48
2026-08-12T14:30:49.036,1786537849.036423,2.357841,2,-30.000000,2.000000,25,26.164995,0x03,left,28.824931,-201,0.172894,172,0,No fault,False,0x04,right,28.341770,-67,0.243223,174,0,No fault,True,0.48
2026-08-12T14:30:49.047,1786537849.047829,2.369254,2,-30.000000,2.000000,26,25.883507,0x03,left,28.824931,-22,0.167033,173,0,No fault,False,0x04,right,28.341770,22,0.249084,175,0,No fault,True,0.48
2026-08-12T14:30:49.060,1786537849.060104,2.381523,2,-30.000000,2.000000,27,25.606546,0x03,left,28.846893,246,0.172894,173,0,No fault,False,0x04,right,28.341770,67,0.254945,172,0,No fault,True,0.51
2026-08-12T14:30:49.072,1786537849.072042,2.393459,2,-30.000000,2.000000,28,25.301435,0x03,left,28.824931,-22,0.167033,172,0,No fault,False,0x04,right,28.341770,-67,0.254945,174,0,No fault,True,0.48
2026-08-12T14:30:49.082,1786537849.082946,2.404363,2,-30.000000,2.000000,29,24.994855,0x03,left,28.846893,67,0.172894,172,0,No fault,False,0x04,right,28.341770,67,0.254945,175,0,No fault,True,0.51
2026-08-12T14:30:49.095,1786537849.095750,2.417176,2,-30.000000,2.000000,30,24.706291,0x03,left,28.824931,-67,0.161172,174,0,No fault,False,0x04,right,28.341770,67,0.249084,174,0,No fault,True,0.48
2026-08-12T14:30:49.108,1786537849.108041,2.429580,2,-30.000000,2.000000,31,24.358382,0x03,left,28.824931,-156,0.172894,174,0,No fault,False,0x04,right,28.341770,-22,0.260806,174,0,No fault,True,0.48
2026-08-12T14:30:49.129,1786537849.129846,2.451299,2,-30.000000,2.000000,32,23.998601,0x03,left,28.824931,-112,0.178755,173,0,No fault,True,0x04,right,28.341770,-112,0.260806,174,0,No fault,False,0.48
2026-08-12T14:30:49.152,1786537849.152142,2.473591,2,-30.000000,2.000000,33,23.383470,0x03,left,28.846893,67,0.167033,175,0,No fault,False,0x04,right,28.341770,22,0.254945,174,0,No fault,True,0.51
2026-08-12T14:30:49.163,1786537849.163148,2.484578,2,-30.000000,2.000000,34,22.711617,0x03,left,28.824931,-112,0.172894,173,0,No fault,False,0x04,right,28.341770,67,0.260806,173,0,No fault,True,0.48
2026-08-12T14:30:49.176,1786537849.176239,2.497660,2,-30.000000,2.000000,35,22.369456,0x03,left,28.846893,112,0.178755,173,0,No fault,False,0x04,right,28.341770,112,0.260806,170,0,No fault,True,0.51
2026-08-12T14:30:49.188,1786537849.188146,2.509565,2,-30.000000,2.000000,36,21.958812,0x03,left,28.824931,-112,0.161172,175,0,No fault,False,0x04,right,28.341770,112,0.260806,173,0,No fault,True,0.48
2026-08-12T14:30:49.198,1786537849.198982,2.520400,2,-30.000000,2.000000,37,21.571366,0x03,left,28.824931,-67,0.172894,172,0,No fault,False,0x04,right,28.341770,22,0.254945,174,0,No fault,True,0.48
2026-08-12T14:30:49.212,1786537849.212033,2.533457,2,-30.000000,2.000000,38,21.212112,0x03,left,28.824931,-22,0.172894,171,0,No fault,False,0x04,right,28.363732,112,0.260806,174,0,No fault,True,0.46
2026-08-12T14:30:49.223,1786537849.223864,2.545281,2,-30.000000,2.000000,39,20.773303,0x03,left,28.824931,-22,0.172894,173,0,No fault,False,0x04,right,28.363732,156,0.254945,173,0,No fault,True,0.46
2026-08-12T14:30:49.234,1786537849.234681,2.556098,2,-30.000000,2.000000,40,20.368500,0x03,left,28.824931,-156,0.172894,173,0,No fault,False,0x04,right,28.363732,112,0.254945,174,0,No fault,True,0.46
2026-08-12T14:30:49.247,1786537849.247720,2.569137,2,-30.000000,2.000000,41,19.989704,0x03,left,28.846893,112,0.172894,172,0,No fault,False,0x04,right,28.341770,-67,0.249084,174,0,No fault,True,0.51
2026-08-12T14:30:49.259,1786537849.259465,2.580892,2,-30.000000,2.000000,42,19.528917,0x03,left,28.824931,22,0.178755,170,0,No fault,False,0x04,right,28.341770,112,0.249084,174,0,No fault,True,0.48
2026-08-12T14:30:49.270,1786537849.270281,2.591699,2,-30.000000,2.000000,43,19.104482,0x03,left,28.824931,-22,0.167033,173,0,No fault,False,0x04,right,28.341770,-112,0.249084,175,0,No fault,True,0.48
2026-08-12T14:30:49.283,1786537849.283661,2.605079,2,-30.000000,2.000000,44,18.709290,0x03,left,28.824931,-112,0.172894,171,0,No fault,True,0x04,right,28.341770,-22,0.249084,176,0,No fault,False,0.48
2026-08-12T14:30:49.295,1786537849.295111,2.616528,2,-30.000000,2.000000,45,18.212930,0x03,left,28.846893,22,0.161172,172,0,No fault,False,0x04,right,28.341770,22,0.254945,174,0,No fault,True,0.51
2026-08-12T14:30:49.305,1786537849.305880,2.627297,2,-30.000000,2.000000,46,17.781394,0x03,left,28.824931,-112,0.167033,172,0,No fault,False,0x04,right,28.341770,-156,0.254945,174,0,No fault,True,0.48
2026-08-12T14:30:49.316,1786537849.316836,2.638259,2,-30.000000,2.000000,47,17.370011,0x03,left,28.824931,-22,0.172894,173,0,No fault,False,0x04,right,28.341770,-112,0.254945,175,0,No fault,True,0.48
2026-08-12T14:30:49.334,1786537849.334850,2.656297,2,-30.000000,2.000000,48,16.942922,0x03,left,28.824931,-156,0.167033,172,0,No fault,True,0x04,right,28.341770,-67,0.249084,174,0,No fault,False,0.48
2026-08-12T14:30:49.358,1786537849.358592,2.680043,2,-30.000000,2.000000,49,16.232773,0x03,left,28.824931,-67,0.178755,173,0,No fault,False,0x04,right,28.341770,-112,0.254945,171,0,No fault,True,0.48
2026-08-12T14:30:49.371,1786537849.371198,2.692695,2,-30.000000,2.000000,50,15.274201,0x03,left,28.824931,-22,0.178755,173,0,No fault,False,0x04,right,28.341770,67,0.260806,173,0,No fault,True,0.48
2026-08-12T14:30:49.384,1786537849.384616,2.706091,2,-30.000000,2.000000,51,14.736226,0x03,left,28.824931,22,0.184615,172,0,No fault,False,0x04,right,28.341770,-201,0.260806,171,0,No fault,True,0.48
2026-08-12T14:30:49.396,1786537849.396286,2.717740,2,-30.000000,2.000000,52,14.210871,0x03,left,28.824931,-22,0.167033,173,0,No fault,False,0x04,right,28.341770,-22,0.254945,173,0,No fault,True,0.48
2026-08-12T14:30:49.407,1786537849.407357,2.728792,2,-30.000000,2.000000,53,13.727430,0x03,left,28.824931,-112,0.178755,174,0,No fault,False,0x04,right,28.341770,67,0.272527,174,0,No fault,True,0.48
2026-08-12T14:30:49.420,1786537849.420482,2.741907,2,-30.000000,2.000000,54,13.261246,0x03,left,28.846893,112,0.172894,170,0,No fault,False,0x04,right,28.341770,67,0.254945,174,0,No fault,True,0.51
2026-08-12T14:30:49.431,1786537849.431933,2.753354,2,-30.000000,2.000000,55,12.708260,0x03,left,28.846893,67,0.172894,173,0,No fault,False,0x04,right,28.341770,-201,0.260806,174,0,No fault,True,0.51
2026-08-12T14:30:49.442,1786537849.442861,2.764280,2,-30.000000,2.000000,56,12.217560,0x03,left,28.846893,112,0.172894,172,0,No fault,False,0x04,right,28.341770,22,0.254945,174,0,No fault,True,0.51
2026-08-12T14:30:49.456,1786537849.456342,2.777761,2,-30.000000,2.000000,57,11.746390,0x03,left,28.824931,-67,0.172894,173,0,No fault,True,0x04,right,28.341770,-112,0.254945,174,0,No fault,False,0.48
2026-08-12T14:30:49.467,1786537849.467653,2.789074,2,-30.000000,2.000000,58,11.158756,0x03,left,28.824931,-67,0.161172,173,0,No fault,False,0x04,right,28.341770,-67,0.266667,175,0,No fault,True,0.48
2026-08-12T14:30:49.478,1786537849.478517,2.799934,2,-30.000000,2.000000,59,10.662428,0x03,left,28.846893,156,0.178755,172,0,No fault,False,0x04,right,28.341770,-22,0.260806,174,0,No fault,True,0.51
2026-08-12T14:30:49.491,1786537849.491981,2.813399,2,-30.000000,2.000000,60,10.182928,0x03,left,28.824931,-22,0.178755,173,0,No fault,True,0x04,right,28.341770,-201,0.249084,174,0,No fault,False,0.48
2026-08-12T14:30:49.503,1786537849.503317,2.824736,2,-30.000000,2.000000,61,9.583567,0x03,left,28.824931,-112,0.178755,172,0,No fault,False,0x04,right,28.341770,-67,0.260806,175,0,No fault,True,0.48
2026-08-12T14:30:49.514,1786537849.514164,2.835584,2,-30.000000,2.000000,62,9.075918,0x03,left,28.846893,67,0.172894,175,0,No fault,False,0x04,right,28.341770,-201,0.243223,173,0,No fault,True,0.51
2026-08-12T14:30:49.532,1786537849.532549,2.853976,2,-30.000000,2.000000,63,8.587517,0x03,left,28.846893,156,0.172894,172,0,No fault,False,0x04,right,28.341770,-67,0.260806,174,0,No fault,False,0.51
2026-08-12T14:30:49.544,1786537849.544776,2.866225,2,-30.000000,2.000000,64,7.751578,0x03,left,28.846893,22,0.161172,173,0,No fault,False,0x04,right,28.341770,-67,0.249084,171,0,No fault,True,0.51
2026-08-12T14:30:49.558,1786537849.558968,2.880395,2,-30.000000,2.000000,65,7.177806,0x03,left,28.846893,67,0.167033,173,0,No fault,False,0x04,right,28.363732,67,0.249084,174,0,No fault,True,0.48
2026-08-12T14:30:49.573,1786537849.573171,2.894600,2,-30.000000,2.000000,66,6.539706,0x03,left,28.824931,-290,0.149451,174,0,No fault,False,0x04,right,28.341770,-112,0.243223,174,0,No fault,True,0.48
2026-08-12T14:30:49.583,1786537849.583981,2.905402,2,-30.000000,2.000000,67,5.889701,0x03,left,28.846893,112,0.161172,173,0,No fault,False,0x04,right,28.341770,-22,0.231502,170,0,No fault,True,0.51
2026-08-12T14:30:49.594,1786537849.594813,2.916232,2,-30.000000,2.000000,68,5.390127,0x03,left,28.824931,-22,0.155311,173,0,No fault,False,0x04,right,28.341770,22,0.231502,175,0,No fault,True,0.48
2026-08-12T14:30:49.610,1786537849.610916,2.932370,2,-30.000000,2.000000,69,4.885162,0x03,left,28.824931,-290,0.131868,170,0,No fault,False,0x04,right,28.341770,-112,0.225641,174,0,No fault,True,0.48
2026-08-12T14:30:49.624,1786537849.624258,2.945710,2,-30.000000,2.000000,70,4.121187,0x03,left,28.846893,67,0.131868,173,0,No fault,False,0x04,right,28.341770,-67,0.219780,174,0,No fault,True,0.51
2026-08-12T14:30:49.635,1786537849.635407,2.956841,2,-30.000000,2.000000,71,3.504269,0x03,left,28.846893,246,0.131868,172,0,No fault,False,0x04,right,28.341770,-67,0.219780,175,0,No fault,True,0.51
2026-08-12T14:30:49.646,1786537849.646413,2.967835,2,-30.000000,2.000000,72,2.987946,0x03,left,28.824931,-67,0.114286,172,0,No fault,False,0x04,right,28.341770,-22,0.219780,174,0,No fault,True,0.48
2026-08-12T14:30:49.659,1786537849.659842,2.981263,2,-30.000000,2.000000,73,2.467932,0x03,left,28.824931,156,0.120147,175,0,No fault,False,0x04,right,28.341770,22,0.196337,174,0,No fault,True,0.48
2026-08-12T14:30:49.670,1786537849.670776,2.992222,2,-30.000000,2.000000,74,1.842796,0x03,left,28.846893,156,0.102564,173,0,No fault,False,0x04,right,28.341770,-22,0.190476,174,0,No fault,True,0.51
2026-08-12T14:30:49.681,1786537849.681768,3.003189,2,-30.000000,2.000000,75,1.323871,0x03,left,28.824931,-156,0.084982,172,0,No fault,False,0x04,right,28.341770,-112,0.167033,174,0,No fault,True,0.48
2026-08-12T14:30:49.695,1786537849.695545,3.016964,2,-30.000000,2.000000,76,0.807097,0x03,left,28.824931,-112,0.067399,172,0,No fault,False,0x04,right,28.341770,-22,0.155311,174,0,No fault,True,0.48
2026-08-12T14:30:49.706,1786537849.706385,3.027804,2,-30.000000,2.000000,77,0.161885,0x03,left,28.824931,-22,0.073260,173,0,No fault,False,0x04,right,28.341770,-22,0.167033,171,0,No fault,True,0.48
2026-08-12T14:30:49.717,1786537849.717210,3.038629,2,-30.000000,2.000000,78,-0.349021,0x03,left,28.824931,67,0.038095,174,0,No fault,False,0x04,right,28.341770,-112,0.143590,174,0,No fault,True,0.48
2026-08-12T14:30:49.728,1786537849.728130,3.049549,2,-30.000000,2.000000,79,-0.858899,0x03,left,28.824931,67,0.020513,174,0,No fault,False,0x04,right,28.341770,22,0.120147,174,0,No fault,True,0.48
2026-08-12T14:30:49.747,1786537849.747497,3.068933,2,-30.000000,2.000000,80,-1.373192,0x03,left,28.802969,-112,0.002930,175,0,No fault,True,0x04,right,28.341770,112,0.102564,174,0,No fault,False,0.46
2026-08-12T14:30:49.760,1786537849.760544,3.081967,2,-30.000000,2.000000,81,-2.309414,0x03,left,28.802969,-67,-0.008791,173,0,No fault,False,0x04,right,28.341770,201,0.079121,174,0,No fault,True,0.46
2026-08-12T14:30:49.772,1786537849.772927,3.094366,2,-30.000000,2.000000,82,-2.913975,0x03,left,28.802969,-67,-0.026374,172,0,No fault,False,0x04,right,28.341770,-67,0.073260,174,0,No fault,True,0.46
2026-08-12T14:30:49.786,1786537849.786076,3.107499,2,-30.000000,2.000000,83,-3.484085,0x03,left,28.781007,-22,-0.055678,172,0,No fault,False,0x04,right,28.319808,-22,0.038095,174,0,No fault,True,0.46
2026-08-12T14:30:49.798,1786537849.798388,3.119808,2,-30.000000,2.000000,84,-4.091846,0x03,left,28.781007,22,-0.067399,170,0,No fault,False,0x04,right,28.319808,-67,0.014652,174,0,No fault,True,0.46
2026-08-12T14:30:49.811,1786537849.811818,3.133240,2,-30.000000,2.000000,85,-4.665736,0x03,left,28.781007,22,-0.090842,172,0,No fault,True,0x04,right,28.319808,-67,0.008791,174,0,No fault,False,0.46
2026-08-12T14:30:49.823,1786537849.823863,3.145283,2,-30.000000,2.000000,86,-5.290004,0x03,left,28.781007,-22,-0.108425,173,0,No fault,False,0x04,right,28.319808,-22,0.002930,173,0,No fault,True,0.46
2026-08-12T14:30:49.834,1786537849.834760,3.156199,2,-30.000000,2.000000,87,-5.847540,0x03,left,28.781007,67,-0.108425,173,0,No fault,False,0x04,right,28.319808,-201,-0.020513,174,0,No fault,True,0.46
2026-08-12T14:30:49.847,1786537849.847919,3.169371,2,-30.000000,2.000000,88,-6.356239,0x03,left,28.759045,-22,-0.155311,173,0,No fault,False,0x04,right,28.319808,112,-0.043956,173,0,No fault,True,0.44
2026-08-12T14:30:49.859,1786537849.859763,3.181216,2,-30.000000,2.000000,89,-6.962208,0x03,left,28.759045,67,-0.167033,172,0,No fault,False,0x04,right,28.297847,67,-0.049817,175,0,No fault,True,0.46
2026-08-12T14:30:49.871,1786537849.871157,3.192607,2,-30.000000,2.000000,90,-7.502952,0x03,left,28.715122,-246,-0.196337,173,0,No fault,False,0x04,right,28.297847,112,-0.084982,174,0,No fault,True,0.42
2026-08-12T14:30:49.885,1786537849.885024,3.206460,2,-30.000000,2.000000,91,-8.109104,0x03,left,28.693160,-67,-0.208059,174,0,No fault,False,0x04,right,28.275885,67,-0.114286,175,0,No fault,True,0.42
2026-08-12T14:30:49.896,1786537849.896117,3.217550,2,-30.000000,2.000000,92,-8.646660,0x03,left,28.649236,-246,-0.190476,177,0,No fault,False,0x04,right,28.253923,-112,-0.143590,174,0,No fault,True,0.40
2026-08-12T14:30:49.909,1786537849.909536,3.230986,2,-30.000000,2.000000,93,-9.162103,0x03,left,28.561389,-112,-0.167033,173,0,No fault,False,0x04,right,28.253923,22,-0.184615,175,0,No fault,True,0.31
2026-08-12T14:30:49.920,1786537849.920774,3.242195,2,-30.000000,2.000000,94,-9.748499,0x03,left,28.539427,112,-0.249084,173,0,No fault,False,0x04,right,28.231961,-22,-0.184615,174,0,No fault,True,0.31
2026-08-12T14:30:49.931,1786537849.931668,3.253105,2,-30.000000,2.000000,95,-10.239913,0x03,left,28.539427,112,-0.295971,172,0,No fault,False,0x04,right,28.209999,-67,-0.184615,174,0,No fault,True,0.33
2026-08-12T14:30:49.953,1786537849.953820,3.275261,2,-30.000000,2.000000,96,-10.724587,0x03,left,28.495503,-22,-0.295971,175,0,No fault,True,0x04,right,28.122152,-201,-0.167033,174,0,No fault,False,0.37
2026-08-12T14:30:49.964,1786537849.964796,3.286227,2,-30.000000,2.000000,97,-11.694510,0x03,left,28.319808,-648,-0.137729,168,0,No fault,False,0x04,right,28.056266,-67,-0.202198,176,0,No fault,True,0.26
2026-08-12T14:30:49.975,1786537849.975533,3.296959,2,-30.000000,2.000000,98,-12.167289,0x03,left,28.188037,-246,-0.143590,173,0,No fault,False,0x04,right,28.056266,22,-0.249084,174,0,No fault,True,0.13
2026-08-12T14:30:49.986,1786537849.986212,3.307633,2,-30.000000,2.000000,99,-12.626102,0x03,left,28.100190,-380,-0.190476,172,0,No fault,False,0x04,right,28.034304,112,-0.295971,176,0,No fault,True,0.07
2026-08-12T14:30:49.999,1786537849.999847,3.321304,2,-30.000000,2.000000,100,-13.088831,0x03,left,28.034304,-156,-0.325275,172,0,No fault,False,0x04,right,28.012342,22,-0.307692,172,0,No fault,True,0.02
2026-08-12T14:30:50.010,1786537850.010839,3.332269,2,-30.000000,2.000000,101,-13.662974,0x03,left,28.012342,-67,-0.360440,173,0,No fault,False,0x04,right,27.924495,-201,-0.243223,172,0,No fault,True,0.09
2026-08-12T14:30:50.021,1786537850.021641,3.343066,2,-30.000000,2.000000,102,-14.116954,0x03,left,27.924495,-290,-0.290110,175,0,No fault,False,0x04,right,27.770762,-424,-0.126007,174,0,No fault,True,0.15
2026-08-12T14:30:50.032,1786537850.032553,3.353996,2,-30.000000,2.000000,103,-14.563696,0x03,left,27.726838,-692,-0.131868,173,0,No fault,False,0x04,right,27.617029,-246,-0.131868,174,0,No fault,True,0.11
2026-08-12T14:30:50.045,1786537850.045856,3.367286,2,-30.000000,2.000000,104,-15.023336,0x03,left,27.485258,-335,-0.161172,170,0,No fault,False,0x04,right,27.529182,22,-0.307692,173,0,No fault,True,-0.04
2026-08-12T14:30:50.056,1786537850.056762,3.378186,2,-30.000000,2.000000,105,-15.551029,0x03,left,27.331525,-692,-0.090842,167,0,No fault,False,0x04,right,27.529182,-22,-0.360440,174,0,No fault,True,-0.20
2026-08-12T14:30:50.067,1786537850.067641,3.389062,2,-30.000000,2.000000,106,-15.987535,0x03,left,27.089945,-603,-0.067399,172,0,No fault,False,0x04,right,27.353487,-514,-0.196337,173,0,No fault,True,-0.26
2026-08-12T14:30:50.078,1786537850.078598,3.400017,2,-30.000000,2.000000,107,-16.418354,0x03,left,26.848364,-424,-0.102564,173,0,No fault,False,0x04,right,27.221716,-603,-0.172894,174,0,No fault,True,-0.37
2026-08-12T14:30:50.091,1786537850.091854,3.413272,2,-30.000000,2.000000,108,-16.847604,0x03,left,26.475013,-424,-0.178755,172,0,No fault,False,0x04,right,26.848364,-692,-0.172894,174,0,No fault,True,-0.37
2026-08-12T14:30:50.102,1786537850.102872,3.424323,2,-30.000000,2.000000,109,-17.360953,0x03,left,26.365204,-469,-0.155311,172,0,No fault,False,0x04,right,26.716593,-380,-0.202198,175,0,No fault,True,-0.35
2026-08-12T14:30:50.117,1786537850.117816,3.439269,2,-30.000000,2.000000,110,-17.869051,0x03,left,26.211471,-290,-0.184615,173,0,No fault,False,0x04,right,26.562860,-112,-0.301832,174,0,No fault,True,-0.35
2026-08-12T14:30:50.128,1786537850.128990,3.450422,2,-30.000000,2.000000,111,-18.350956,0x03,left,26.101661,-290,-0.295971,172,0,No fault,False,0x04,right,26.431089,-648,-0.231502,174,0,No fault,True,-0.33
2026-08-12T14:30:50.139,1786537850.139915,3.461348,2,-30.000000,2.000000,112,-18.759599,0x03,left,25.969890,-424,-0.266667,172,0,No fault,False,0x04,right,26.277356,-648,-0.208059,174,0,No fault,True,-0.31
2026-08-12T14:30:50.161,1786537850.161559,3.482995,2,-30.000000,2.000000,113,-19.162879,0x03,left,25.728310,-514,-0.196337,171,0,No fault,True,0x04,right,26.035776,-469,-0.219780,174,0,No fault,False,-0.31
2026-08-12T14:30:50.174,1786537850.174963,3.496397,2,-30.000000,2.000000,114,-19.933452,0x03,left,25.398882,-558,-0.178755,174,0,No fault,False,0x04,right,25.662424,-737,-0.161172,174,0,No fault,True,-0.26
2026-08-12T14:30:50.185,1786537850.185975,3.507409,2,-30.000000,2.000000,115,-20.400067,0x03,left,25.223187,-603,-0.208059,172,0,No fault,False,0x04,right,25.464768,-648,-0.172894,175,0,No fault,True,-0.24
2026-08-12T14:30:50.196,1786537850.196958,3.518384,2,-30.000000,2.000000,116,-20.777864,0x03,left,25.069454,-603,-0.249084,172,0,No fault,False,0x04,right,25.332996,-469,-0.178755,174,0,No fault,True,-0.26
2026-08-12T14:30:50.210,1786537850.210665,3.532088,2,-30.000000,2.000000,117,-21.148518,0x03,left,24.740026,-514,-0.131868,171,0,No fault,False,0x04,right,25.069454,-469,-0.272527,176,0,No fault,True,-0.33
2026-08-12T14:30:50.221,1786537850.221522,3.542945,2,-30.000000,2.000000,118,-21.599410,0x03,left,24.520408,-648,-0.143590,170,0,No fault,False,0x04,right,24.827874,-558,-0.208059,174,0,No fault,True,-0.31
2026-08-12T14:30:50.232,1786537850.232363,3.553786,2,-30.000000,2.000000,119,-21.951402,0x03,left,24.344713,-692,-0.143590,173,0,No fault,False,0x04,right,24.674141,-514,-0.254945,174,0,No fault,True,-0.33
2026-08-12T14:30:50.243,1786537850.243289,3.564709,2,-30.000000,2.000000,120,-22.296237,0x03,left,23.993323,-871,-0.143590,172,0,No fault,False,0x04,right,24.476484,-692,-0.213919,174,0,No fault,True,-0.48
2026-08-12T14:30:50.256,1786537850.256575,3.578007,2,-30.000000,2.000000,121,-22.637037,0x03,left,23.707819,-558,-0.155311,169,0,No fault,False,0x04,right,24.147056,-514,-0.178755,177,0,No fault,True,-0.44
2026-08-12T14:30:50.267,1786537850.267490,3.588916,2,-30.000000,2.000000,122,-23.044851,0x03,left,23.554086,-603,-0.161172,172,0,No fault,False,0x04,right,23.883514,-692,-0.184615,173,0,No fault,True,-0.33
2026-08-12T14:30:50.278,1786537850.278352,3.599777,2,-30.000000,2.000000,123,-23.369728,0x03,left,23.268582,-603,-0.155311,171,0,No fault,False,0x04,right,23.729781,-514,-0.237363,174,0,No fault,True,-0.46
2026-08-12T14:30:50.289,1786537850.289280,3.610699,2,-30.000000,2.000000,124,-23.687249,0x03,left,22.961116,-514,-0.213919,172,0,No fault,False,0x04,right,23.488201,-648,-0.213919,174,0,No fault,True,-0.53
2026-08-12T14:30:50.302,1786537850.302599,3.624020,2,-30.000000,2.000000,125,-24.000208,0x03,left,22.785422,-558,-0.243223,173,0,No fault,False,0x04,right,23.202697,-648,-0.260806,174,0,No fault,True,-0.42
2026-08-12T14:30:50.313,1786537850.313409,3.634853,2,-30.000000,2.000000,126,-24.370449,0x03,left,22.609727,-469,-0.249084,171,0,No fault,False,0x04,right,23.027002,-737,-0.213919,174,0,No fault,True,-0.42
2026-08-12T14:30:50.324,1786537850.324233,3.645651,2,-30.000000,2.000000,127,-24.664724,0x03,left,22.368146,-692,-0.231502,170,0,No fault,False,0x04,right,22.719536,-960,-0.167033,176,0,No fault,True,-0.35
2026-08-12T14:30:50.335,1786537850.335108,3.656527,2,-30.000000,2.000000,128,-24.950578,0x03,left,22.192452,-826,-0.243223,173,0,No fault,False,0x04,right,22.499918,-826,-0.155311,175,0,No fault,True,-0.31
2026-08-12T14:30:50.364,1786537850.364128,3.685639,2,-30.000000,2.000000,129,-25.241431,0x03,left,21.687329,-737,-0.131868,173,0,No fault,True,0x04,right,21.994795,-603,-0.208059,174,0,No fault,False,-0.31
2026-08-12T14:30:50.378,1786537850.378600,3.700071,2,-30.000000,2.000000,130,-25.984306,0x03,left,21.116321,-737,-0.143590,172,0,No fault,False,0x04,right,21.533596,-737,-0.196337,171,0,No fault,True,-0.42
2026-08-12T14:30:50.389,1786537850.389937,3.711379,2,-30.000000,2.000000,131,-26.283709,0x03,left,20.589236,-737,-0.149451,173,0,No fault,False,0x04,right,21.357901,-737,-0.219780,174,0,No fault,True,-0.77
2026-08-12T14:30:50.403,1786537850.403452,3.724924,2,-30.000000,2.000000,132,-26.544995,0x03,left,20.325694,-603,-0.219780,173,0,No fault,False,0x04,right,20.896702,-782,-0.143590,175,0,No fault,True,-0.57
2026-08-12T14:30:50.414,1786537850.414915,3.736361,2,-30.000000,2.000000,133,-26.831243,0x03,left,20.062152,-960,-0.196337,175,0,No fault,False,0x04,right,20.677084,-782,-0.155311,173,0,No fault,True,-0.61
2026-08-12T14:30:50.426,1786537850.426037,3.747470,2,-30.000000,2.000000,134,-27.065322,0x03,left,19.842533,-603,-0.249084,174,0,No fault,False,0x04,right,20.457465,-648,-0.219780,174,0,No fault,True,-0.61
2026-08-12T14:30:50.439,1786537850.439139,3.760565,2,-30.000000,2.000000,135,-27.286955,0x03,left,19.513106,-558,-0.225641,173,0,No fault,False,0x04,right,20.128038,-960,-0.243223,175,0,No fault,True,-0.61
2026-08-12T14:30:50.450,1786537850.450431,3.771855,2,-30.000000,2.000000,136,-27.536222,0x03,left,19.271525,-916,-0.231502,173,0,No fault,False,0x04,right,19.842533,-603,-0.202198,175,0,No fault,True,-0.57
2026-08-12T14:30:50.461,1786537850.461380,3.782805,2,-30.000000,2.000000,137,-27.743012,0x03,left,18.986021,-782,-0.161172,171,0,No fault,False,0x04,right,19.535067,-871,-0.172894,173,0,No fault,True,-0.55
2026-08-12T14:30:50.474,1786537850.474956,3.796387,2,-30.000000,2.000000,138,-27.935886,0x03,left,18.722479,-916,-0.102564,171,0,No fault,True,0x04,right,19.117792,-916,-0.172894,174,0,No fault,False,-0.40
2026-08-12T14:30:50.486,1786537850.486084,3.807507,2,-30.000000,2.000000,139,-28.162526,0x03,left,18.195395,-1184,-0.090842,173,0,No fault,False,0x04,right,18.832288,-871,-0.225641,174,0,No fault,True,-0.64
2026-08-12T14:30:50.496,1786537850.496934,3.818353,2,-30.000000,2.000000,140,-28.338267,0x03,left,17.865967,-826,-0.161172,173,0,No fault,False,0x04,right,18.524822,-737,-0.219780,176,0,No fault,True,-0.66
2026-08-12T14:30:50.507,1786537850.507763,3.829181,2,-30.000000,2.000000,141,-28.501705,0x03,left,17.668310,-737,-0.184615,169,0,No fault,False,0x04,right,18.327166,-916,-0.219780,174,0,No fault,True,-0.66
2026-08-12T14:30:50.520,1786537850.520800,3.842221,2,-30.000000,2.000000,142,-28.657552,0x03,left,17.229073,-960,-0.208059,172,0,No fault,False,0x04,right,17.887929,-871,-0.213919,175,0,No fault,True,-0.66
2026-08-12T14:30:50.531,1786537850.531844,3.853256,2,-30.000000,2.000000,143,-28.832752,0x03,left,16.921607,-737,-0.202198,173,0,No fault,False,0x04,right,17.536539,-916,-0.178755,174,0,No fault,True,-0.61
2026-08-12T14:30:50.542,1786537850.542410,3.863831,2,-30.000000,2.000000,144,-28.971225,0x03,left,16.680027,-871,-0.202198,171,0,No fault,False,0x04,right,17.316920,-916,-0.167033,175,0,No fault,True,-0.64
2026-08-12T14:30:50.565,1786537850.565226,3.886666,2,-30.000000,2.000000,145,-29.098012,0x03,left,16.394523,-826,-0.161172,173,0,No fault,True,0x04,right,16.877683,-782,-0.143590,175,0,No fault,False,-0.48
2026-08-12T14:30:50.579,1786537850.579005,3.900436,2,-30.000000,2.000000,146,-29.341670,0x03,left,15.845476,-871,-0.137729,176,0,No fault,True,0x04,right,16.416484,-960,-0.208059,175,0,No fault,False,-0.57
2026-08-12T14:30:50.594,1786537850.594274,3.915701,2,-30.000000,2.000000,147,-29.469451,0x03,left,15.340354,-916,-0.102564,173,0,No fault,True,0x04,right,15.977247,-692,-0.202198,174,0,No fault,False,-0.64
2026-08-12T14:30:50.607,1786537850.607058,3.928500,2,-30.000000,2.000000,148,-29.595470,0x03,left,14.813269,-960,-0.102564,173,0,No fault,False,0x04,right,15.603896,-916,-0.178755,176,0,No fault,True,-0.79
2026-08-12T14:30:50.620,1786537850.620003,3.941451,2,-30.000000,2.000000,149,-29.691156,0x03,left,14.374032,-871,-0.184615,174,0,No fault,False,0x04,right,15.186621,-916,-0.196337,174,0,No fault,True,-0.81
2026-08-12T14:30:50.632,1786537850.632343,3.953770,2,-30.000000,2.000000,150,-29.770608,0x03,left,14.088528,-1005,-0.225641,172,0,No fault,False,0x04,right,14.967002,-782,-0.213919,174,0,No fault,True,-0.88
2026-08-12T14:30:50.645,1786537850.645508,3.966952,2,-30.000000,2.000000,151,-29.837418,0x03,left,13.693215,-826,-0.202198,175,0,No fault,False,0x04,right,14.505803,-1094,-0.202198,174,0,No fault,True,-0.81
2026-08-12T14:30:50.658,1786537850.658015,3.979447,2,-30.000000,2.000000,152,-29.894597,0x03,left,13.232016,-960,-0.079121,171,0,No fault,False,0x04,right,14.132452,-1050,-0.137729,174,0,No fault,True,-0.90
2026-08-12T14:30:50.671,1786537850.671854,3.993286,2,-30.000000,2.000000,153,-29.938437,0x03,left,12.682970,-826,-0.096703,171,0,No fault,True,0x04,right,13.385749,-692,-0.184615,174,0,No fault,False,-0.70
2026-08-12T14:30:50.683,1786537850.683519,4.004945,2,-30.000000,2.000000,154,-29.972892,0x03,left,12.353542,-826,-0.120147,172,0,No fault,False,0x04,right,13.188092,-782,-0.249084,175,0,No fault,True,-0.83
2026-08-12T14:30:50.694,1786537850.694731,4.016192,2,-30.000000,2.000000,155,-29.991188,0x03,left,11.980190,-1050,-0.126007,172,0,No fault,False,0x04,right,12.682970,-1139,-0.190476,175,0,No fault,True,-0.70
2026-08-12T14:30:50.707,1786537850.707375,4.028800,2,-30.000000,2.000000,156,-29.999356,0x03,left,11.518991,-916,-0.137729,173,0,No fault,False,0x04,right,12.397466,-1139,-0.178755,175,0,No fault,True,-0.88
2026-08-12T14:30:50.719,1786537850.719192,4.040614,2,-30.000000,2.000000,157,-30.000000,0x03,left,11.233487,-782,-0.208059,172,0,No fault,False,0x04,right,12.090000,-871,-0.167033,174,0,No fault,True,-0.86
2026-08-12T14:30:50.730,1786537850.730120,4.051545,2,-30.000000,2.000000,158,-30.000000,0x03,left,10.926021,-826,-0.202198,173,0,No fault,False,0x04,right,11.782534,-782,-0.237363,174,0,No fault,True,-0.86
2026-08-12T14:30:50.743,1786537850.743212,4.064639,2,-30.000000,2.000000,159,-30.000000,0x03,left,10.464823,-1050,-0.120147,173,0,No fault,False,0x04,right,11.343297,-960,-0.202198,171,0,No fault,True,-0.88
2026-08-12T14:30:50.762,1786537850.762289,4.083721,2,-30.000000,2.000000,160,-30.000000,0x03,left,9.937738,-1228,-0.049817,173,0,No fault,False,0x04,right,11.035831,-1184,-0.167033,174,0,No fault,True,-1.10
2026-08-12T14:30:50.773,1786537850.773379,4.094814,2,-30.000000,2.000000,161,-30.000000,0x03,left,9.564387,-1094,-0.073260,173,0,No fault,False,0x04,right,10.618556,-1005,-0.149451,175,0,No fault,True,-1.05
2026-08-12T14:30:50.787,1786537850.787725,4.109157,2,-30.000000,2.000000,162,-30.000000,0x03,left,9.059264,-960,-0.161172,167,0,No fault,False,0x04,right,10.179318,-1005,-0.202198,174,0,No fault,True,-1.12
2026-08-12T14:30:50.798,1786537850.798843,4.120273,2,-30.000000,2.000000,163,-30.000000,0x03,left,8.773760,-916,-0.172894,173,0,No fault,False,0x04,right,9.849891,-1005,-0.202198,174,0,No fault,True,-1.08
2026-08-12T14:30:50.809,1786537850.809909,4.131332,2,-30.000000,2.000000,164,-30.000000,0x03,left,8.334523,-737,-0.167033,172,0,No fault,False,0x04,right,9.520463,-1005,-0.208059,175,0,No fault,True,-1.19
2026-08-12T14:30:50.823,1786537850.823387,4.144813,2,-30.000000,2.000000,165,-30.000000,0x03,left,7.983133,-871,-0.172894,172,0,No fault,False,0x04,right,9.081226,-960,-0.202198,174,0,No fault,True,-1.10
2026-08-12T14:30:50.834,1786537850.834339,4.155765,2,-30.000000,2.000000,166,-30.000000,0x03,left,7.675667,-1139,-0.172894,172,0,No fault,False,0x04,right,8.773760,-826,-0.219780,172,0,No fault,True,-1.10
2026-08-12T14:30:50.845,1786537850.845355,4.166802,2,-30.000000,2.000000,167,-30.000000,0x03,left,7.412125,-1050,-0.143590,170,0,No fault,False,0x04,right,8.400408,-916,-0.196337,174,0,No fault,True,-0.99
2026-08-12T14:30:50.859,1786537850.859147,4.180600,2,-30.000000,2.000000,168,-30.000000,0x03,left,6.841117,-1139,-0.084982,172,0,No fault,False,0x04,right,7.917248,-1094,-0.213919,175,0,No fault,True,-1.08
2026-08-12T14:30:50.870,1786537850.870287,4.191727,2,-30.000000,2.000000,169,-30.000000,0x03,left,6.423842,-1184,-0.120147,172,0,No fault,False,0x04,right,7.653705,-826,-0.196337,174,0,No fault,True,-1.23
2026-08-12T14:30:50.881,1786537850.881498,4.202945,2,-30.000000,2.000000,170,-30.000000,0x03,left,6.006567,-782,-0.213919,171,0,No fault,False,0x04,right,7.236430,-1050,-0.190476,174,0,No fault,True,-1.23
2026-08-12T14:30:50.894,1786537850.894797,4.216216,2,-30.000000,2.000000,171,-30.000000,0x03,left,5.721062,-916,-0.219780,172,0,No fault,False,0x04,right,6.731308,-1094,-0.208059,174,0,No fault,True,-1.01
2026-08-12T14:30:50.905,1786537850.905708,4.227169,2,-30.000000,2.000000,172,-30.000000,0x03,left,5.369673,-871,-0.202198,172,0,No fault,False,0x04,right,6.533651,-692,-0.225641,174,0,No fault,True,-1.16
2026-08-12T14:30:50.917,1786537850.917354,4.238790,2,-30.000000,2.000000,173,-30.000000,0x03,left,4.908474,-1094,-0.167033,171,0,No fault,False,0x04,right,6.138338,-916,-0.190476,175,0,No fault,True,-1.23
2026-08-12T14:30:50.931,1786537850.931005,4.252438,2,-30.000000,2.000000,174,-30.000000,0x03,left,4.666894,-1094,-0.137729,173,0,No fault,False,0x04,right,5.611253,-1228,-0.161172,174,0,No fault,True,-0.94
2026-08-12T14:30:50.941,1786537850.941841,4.263262,2,-30.000000,2.000000,175,-30.000000,0x03,left,4.315504,-1094,-0.120147,172,0,No fault,False,0x04,right,5.325749,-960,-0.155311,170,0,No fault,True,-1.01
2026-08-12T14:30:50.963,1786537850.963389,4.284828,2,-30.000000,2.000000,176,-30.000000,0x03,left,3.656648,-1184,-0.149451,173,0,No fault,True,0x04,right,4.447275,-916,-0.184615,175,0,No fault,False,-0.79
2026-08-12T14:30:50.974,1786537850.974527,4.295954,2,-30.000000,2.000000,177,-30.000000,0x03,left,3.195449,-737,-0.202198,174,0,No fault,False,0x04,right,4.205695,-1050,-0.137729,174,0,No fault,True,-1.01
2026-08-12T14:30:50.985,1786537850.985421,4.306874,2,-30.000000,2.000000,178,-30.000000,0x03,left,2.844060,-826,-0.208059,172,0,No fault,False,0x04,right,3.942152,-916,-0.161172,174,0,No fault,True,-1.10
2026-08-12T14:30:50.996,1786537850.996312,4.317732,2,-30.000000,2.000000,179,-30.000000,0x03,left,2.558556,-826,-0.243223,172,0,No fault,False,0x04,right,3.634687,-916,-0.208059,175,0,No fault,True,-1.08
2026-08-12T14:30:51.009,1786537851.009786,4.331205,2,-30.000000,2.000000,180,-30.000000,0x03,left,2.295014,-782,-0.243223,173,0,No fault,True,0x04,right,3.129564,-1005,-0.237363,174,0,No fault,False,-0.83
2026-08-12T14:30:51.020,1786537851.020584,4.342014,2,-30.000000,2.000000,181,-30.000000,0x03,left,1.745967,-960,-0.114286,173,0,No fault,False,0x04,right,2.866022,-1228,-0.202198,174,0,No fault,True,-1.12
2026-08-12T14:30:51.031,1786537851.031503,4.352936,2,-30.000000,2.000000,182,-30.000000,0x03,left,1.350654,-1005,-0.084982,174,0,No fault,False,0x04,right,2.470708,-1050,-0.126007,174,0,No fault,True,-1.12
2026-08-12T14:30:51.042,1786537851.042672,4.364123,2,-30.000000,2.000000,183,-30.000000,0x03,left,1.065150,-1139,-0.131868,171,0,No fault,False,0x04,right,2.097357,-1050,-0.161172,175,0,No fault,True,-1.03
2026-08-12T14:30:51.056,1786537851.056236,4.377662,2,-30.000000,2.000000,184,-30.000000,0x03,left,0.494142,-826,-0.161172,173,0,No fault,False,0x04,right,1.636158,-1050,-0.237363,174,0,No fault,True,-1.14
2026-08-12T14:30:51.067,1786537851.067133,4.388556,2,-30.000000,2.000000,185,-30.000000,0x03,left,0.142752,-826,-0.196337,173,0,No fault,False,0x04,right,1.284768,-960,-0.190476,174,0,No fault,True,-1.14
2026-08-12T14:30:51.078,1786537851.078002,4.399421,2,-30.000000,2.000000,186,-30.000000,0x03,left,-0.142752,-826,-0.202198,173,0,No fault,False,0x04,right,0.911417,-871,-0.178755,174,0,No fault,True,-1.05
2026-08-12T14:30:51.088,1786537851.088859,4.410279,2,-30.000000,2.000000,187,-30.000000,0x03,left,-0.516104,-960,-0.213919,172,0,No fault,False,0x04,right,0.581989,-1005,-0.196337,172,0,No fault,True,-1.10
2026-08-12T14:30:51.101,1786537851.101941,4.423363,2,-30.000000,2.000000,188,-30.000000,0x03,left,-0.999264,-1139,-0.143590,173,0,No fault,False,0x04,right,0.076866,-1005,-0.208059,173,0,No fault,True,-1.08
2026-08-12T14:30:51.112,1786537851.112997,4.434424,2,-30.000000,2.000000,189,-30.000000,0x03,left,-1.240845,-960,-0.114286,170,0,No fault,False,0x04,right,-0.296485,-960,-0.167033,176,0,No fault,True,-0.94
2026-08-12T14:30:51.124,1786537851.124333,4.445797,2,-30.000000,2.000000,190,-30.000000,0x03,left,-1.724005,-1184,-0.061538,173,0,No fault,False,0x04,right,-0.560027,-1184,-0.178755,176,0,No fault,True,-1.16
2026-08-12T14:30:51.138,1786537851.138033,4.459464,2,-30.000000,2.000000,191,-30.000000,0x03,left,-2.031471,-960,-0.126007,173,0,No fault,True,0x04,right,-1.109074,-692,-0.196337,174,0,No fault,False,-0.92
2026-08-12T14:30:51.148,1786537851.148951,4.470370,2,-30.000000,2.000000,192,-30.000000,0x03,left,-2.514632,-916,-0.202198,172,0,No fault,False,0x04,right,-1.526349,-916,-0.190476,174,0,No fault,True,-0.99
2026-08-12T14:30:51.171,1786537851.171553,4.492990,2,-30.000000,2.000000,193,-30.000000,0x03,left,-2.909945,-1050,-0.172894,172,0,No fault,True,0x04,right,-1.987548,-782,-0.190476,175,0,No fault,False,-0.92
2026-08-12T14:30:51.185,1786537851.185904,4.507333,2,-30.000000,2.000000,194,-30.000000,0x03,left,-3.524877,-1005,-0.190476,172,0,No fault,False,0x04,right,-2.470708,-1094,-0.184615,174,0,No fault,True,-1.05
2026-08-12T14:30:51.196,1786537851.196950,4.518376,2,-30.000000,2.000000,195,-30.000000,0x03,left,-3.898229,-1050,-0.131868,171,0,No fault,False,0x04,right,-2.800136,-1050,-0.184615,171,0,No fault,True,-1.10
2026-08-12T14:30:51.211,1786537851.211405,4.532834,2,-30.000000,2.000000,196,-30.000000,0x03,left,-4.403351,-1228,-0.090842,173,0,No fault,False,0x04,right,-3.305259,-1139,-0.172894,174,0,No fault,True,-1.10
2026-08-12T14:30:51.222,1786537851.222436,4.543860,2,-30.000000,2.000000,197,-30.000000,0x03,left,-4.688855,-960,-0.090842,172,0,No fault,False,0x04,right,-3.656648,-1184,-0.196337,174,0,No fault,True,-1.03
2026-08-12T14:30:51.236,1786537851.236869,4.558296,2,-30.000000,2.000000,198,-30.000000,0x03,left,-5.259864,-1094,-0.114286,172,0,No fault,False,0x04,right,-4.139809,-1318,-0.178755,172,0,No fault,True,-1.12
2026-08-12T14:30:51.247,1786537851.247755,4.569174,2,-30.000000,2.000000,199,-30.000000,0x03,left,-5.852834,-648,-0.178755,173,0,No fault,False,0x04,right,-4.469237,-1094,-0.196337,174,0,No fault,True,-1.38
2026-08-12T14:30:51.262,1786537851.262368,4.583806,2,-30.000000,2.000000,200,-30.000000,0x03,left,-6.204223,-916,-0.190476,174,0,No fault,False,0x04,right,-5.391635,-737,-0.231502,174,0,No fault,True,-0.81
2026-08-12T14:30:51.273,1786537851.273383,4.594808,2,-30.000000,2.000000,201,-30.000000,0x03,left,-6.533651,-916,-0.161172,172,0,No fault,False,0x04,right,-5.611253,-871,-0.178755,175,0,No fault,True,-0.92
2026-08-12T14:30:51.287,1786537851.287868,4.609299,2,-30.000000,2.000000,202,-30.000000,0x03,left,-7.060735,-1094,-0.067399,173,0,No fault,False,0x04,right,-6.072452,-1050,-0.202198,174,0,No fault,True,-0.99
2026-08-12T14:30:51.298,1786537851.298832,4.620258,2,-30.000000,2.000000,203,-30.000000,0x03,left,-7.346240,-1005,-0.079121,172,0,No fault,False,0x04,right,-6.357956,-1139,-0.237363,176,0,No fault,True,-0.99
2026-08-12T14:30:51.313,1786537851.313340,4.634765,2,-30.000000,2.000000,204,-30.000000,0x03,left,-7.851362,-960,-0.108425,173,0,No fault,False,0x04,right,-6.819155,-916,-0.266667,174,0,No fault,True,-1.03
2026-08-12T14:30:51.324,1786537851.324219,4.645639,2,-30.000000,2.000000,205,-30.000000,0x03,left,-8.268637,-1184,-0.131868,173,0,No fault,False,0x04,right,-7.214468,-960,-0.196337,174,0,No fault,True,-1.05
2026-08-12T14:30:51.335,1786537851.335138,4.656558,2,-30.000000,2.000000,206,-30.000000,0x03,left,-8.751798,-826,-0.167033,173,0,No fault,False,0x04,right,-7.456049,-1050,-0.161172,175,0,No fault,True,-1.30
2026-08-12T14:30:51.349,1786537851.349107,4.670553,2,-30.000000,2.000000,207,-30.000000,0x03,left,-8.971417,-871,-0.190476,174,0,No fault,False,0x04,right,-7.939210,-826,-0.213919,171,0,No fault,True,-1.03
2026-08-12T14:30:51.369,1786537851.369362,4.690800,2,-30.000000,2.000000,208,-30.000000,0x03,left,-9.256921,-692,-0.196337,173,0,No fault,True,0x04,right,-8.268637,-960,-0.272527,174,0,No fault,False,-0.99
2026-08-12T14:30:51.380,1786537851.380867,4.702320,2,-30.000000,2.000000,209,-30.000000,0x03,left,-9.871853,-1005,-0.055678,173,0,No fault,False,0x04,right,-8.751798,-960,-0.213919,174,0,No fault,True,-1.12
2026-08-12T14:30:51.391,1786537851.391871,4.713289,2,-30.000000,2.000000,210,-30.000000,0x03,left,-10.311090,-916,-0.043956,170,0,No fault,False,0x04,right,-9.037302,-1050,-0.178755,174,0,No fault,True,-1.27
2026-08-12T14:30:51.402,1786537851.402481,4.723903,2,-30.000000,2.000000,211,-30.000000,0x03,left,-10.596594,-871,-0.131868,173,0,No fault,False,0x04,right,-9.388692,-916,-0.172894,176,0,No fault,True,-1.21
2026-08-12T14:30:51.413,1786537851.413523,4.734960,2,-30.000000,2.000000,212,-30.000000,0x03,left,-10.882098,-916,-0.161172,172,0,No fault,False,0x04,right,-9.696158,-648,-0.249084,176,0,No fault,True,-1.19
2026-08-12T14:30:51.427,1786537851.427114,4.748559,2,-30.000000,2.000000,213,-30.000000,0x03,left,-11.365258,-960,-0.167033,173,0,No fault,False,0x04,right,-10.113433,-916,-0.249084,174,0,No fault,True,-1.25
2026-08-12T14:30:51.438,1786537851.438224,4.759654,2,-30.000000,2.000000,214,-30.000000,0x03,left,-11.672724,-871,-0.155311,173,0,No fault,False,0x04,right,-10.398937,-871,-0.208059,174,0,No fault,True,-1.27
2026-08-12T14:30:51.449,1786537851.449110,4.770529,2,-30.000000,2.000000,215,-30.000000,0x03,left,-11.870381,-826,-0.167033,172,0,No fault,False,0x04,right,-10.772288,-1184,-0.172894,174,0,No fault,True,-1.10
2026-08-12T14:30:51.459,1786537851.459987,4.781405,2,-30.000000,2.000000,216,-30.000000,0x03,left,-12.177847,-871,-0.184615,171,0,No fault,False,0x04,right,-11.035831,-1184,-0.213919,174,0,No fault,True,-1.14
2026-08-12T14:30:51.473,1786537851.473307,4.794727,2,-30.000000,2.000000,217,-30.000000,0x03,left,-12.682970,-826,-0.096703,173,0,No fault,False,0x04,right,-11.453106,-1005,-0.202198,174,0,No fault,True,-1.23
2026-08-12T14:30:51.484,1786537851.484129,4.805546,2,-30.000000,2.000000,218,-30.000000,0x03,left,-12.902588,-871,-0.073260,173,0,No fault,False,0x04,right,-11.804496,-871,-0.202198,174,0,No fault,True,-1.10
2026-08-12T14:30:51.494,1786537851.494936,4.816353,2,-30.000000,2.000000,219,-30.000000,0x03,left,-13.341825,-1094,-0.090842,173,0,No fault,False,0x04,right,-12.111961,-916,-0.231502,175,0,No fault,True,-1.23
2026-08-12T14:30:51.505,1786537851.505802,4.827222,2,-30.000000,2.000000,220,-30.000000,0x03,left,-13.583406,-871,-0.149451,172,0,No fault,False,0x04,right,-12.441389,-826,-0.178755,174,0,No fault,True,-1.14
2026-08-12T14:30:51.519,1786537851.519085,4.840504,2,-30.000000,2.000000,221,-30.000000,0x03,left,-14.000681,-1005,-0.225641,175,0,No fault,False,0x04,right,-12.880626,-737,-0.219780,174,0,No fault,True,-1.12
2026-08-12T14:30:51.529,1786537851.529869,4.851287,2,-30.000000,2.000000,222,-30.000000,0x03,left,-14.549727,-692,-0.190476,172,0,No fault,False,0x04,right,-13.144169,-826,-0.231502,173,0,No fault,True,-1.41
2026-08-12T14:30:51.540,1786537851.540663,4.862084,2,-30.000000,2.000000,223,-30.000000,0x03,left,-14.725422,-782,-0.196337,172,0,No fault,False,0x04,right,-13.407711,-648,-0.243223,174,0,No fault,True,-1.32
2026-08-12T14:30:51.551,1786537851.551458,4.872875,2,-30.000000,2.000000,224,-30.000000,0x03,left,-14.945040,-603,-0.202198,173,0,No fault,False,0x04,right,-14.066566,-692,-0.172894,176,0,No fault,True,-0.88
2026-08-12T14:30:51.577,1786537851.577477,4.898914,2,-30.000000,2.000000,225,-30.000000,0x03,left,-15.494087,-826,-0.149451,172,0,No fault,True,0x04,right,-14.593651,-871,-0.172894,174,0,No fault,False,-0.90
2026-08-12T14:30:51.591,1786537851.591145,4.912578,2,-30.000000,2.000000,226,-30.000000,0x03,left,-15.955286,-826,-0.137729,173,0,No fault,True,0x04,right,-14.967002,-826,-0.272527,174,0,No fault,False,-0.99
2026-08-12T14:30:51.602,1786537851.602158,4.923586,2,-30.000000,2.000000,227,-30.000000,0x03,left,-16.394523,-916,-0.149451,172,0,No fault,False,0x04,right,-15.186621,-1005,-0.260806,177,0,No fault,True,-1.21
2026-08-12T14:30:51.613,1786537851.613127,4.934558,2,-30.000000,2.000000,228,-30.000000,0x03,left,-16.701989,-960,-0.155311,174,0,No fault,False,0x04,right,-15.494087,-916,-0.225641,175,0,No fault,True,-1.21
2026-08-12T14:30:51.627,1786537851.627369,4.948896,2,-30.000000,2.000000,229,-30.000000,0x03,left,-16.921607,-737,-0.196337,172,0,No fault,True,0x04,right,-15.977247,-782,-0.167033,174,0,No fault,False,-0.94
2026-08-12T14:30:51.638,1786537851.638909,4.960369,2,-30.000000,2.000000,230,-30.000000,0x03,left,-17.272997,-558,-0.278388,173,0,No fault,False,0x04,right,-16.174904,-871,-0.184615,175,0,No fault,True,-1.10
2026-08-12T14:30:51.649,1786537851.649961,4.971400,2,-30.000000,2.000000,231,-30.000000,0x03,left,-17.536539,-916,-0.243223,173,0,No fault,False,0x04,right,-16.482370,-916,-0.202198,174,0,No fault,True,-1.05
2026-08-12T14:30:51.663,1786537851.663628,4.985055,2,-30.000000,2.000000,232,-30.000000,0x03,left,-17.865967,-692,-0.196337,172,0,No fault,False,0x04,right,-16.855722,-782,-0.254945,170,0,No fault,True,-1.01
2026-08-12T14:30:51.674,1786537851.674645,4.996104,2,-30.000000,2.000000,233,-30.000000,0x03,left,-18.063623,-916,-0.161172,173,0,No fault,False,0x04,right,-17.119264,-1005,-0.208059,174,0,No fault,True,-0.94
2026-08-12T14:30:51.685,1786537851.685752,5.007180,2,-30.000000,2.000000,234,-30.000000,0x03,left,-18.393051,-960,-0.084982,173,0,No fault,False,0x04,right,-17.426730,-1184,-0.149451,175,0,No fault,True,-0.97
2026-08-12T14:30:51.698,1786537851.698830,5.020254,2,-30.000000,2.000000,235,-30.000000,0x03,left,-18.810326,-692,-0.120147,173,0,No fault,False,0x04,right,-17.822043,-826,-0.190476,174,0,No fault,True,-0.99
2026-08-12T14:30:51.709,1786537851.709687,5.031107,2,-30.000000,2.000000,236,-30.000000,0x03,left,-19.029945,-782,-0.172894,172,0,No fault,False,0x04,right,-18.085585,-514,-0.219780,174,0,No fault,True,-0.94
2026-08-12T14:30:51.789,1786537851.789646,5.111094,3,30.000000,2.000000,1,-30.000000,0x03,left,-19.644877,-692,-0.184615,173,0,No fault,True,0x04,right,-18.678555,-916,-0.208059,174,0,No fault,False,-0.97
2026-08-12T14:30:51.802,1786537851.802630,5.124095,3,30.000000,2.000000,2,-29.978408,0x03,left,-20.106076,-514,-0.202198,172,0,No fault,False,0x04,right,-19.095830,-1005,-0.161172,173,0,No fault,True,-1.01
2026-08-12T14:30:51.815,1786537851.815872,5.137317,3,30.000000,2.000000,3,-29.948675,0x03,left,-20.501389,-648,-0.243223,174,0,No fault,False,0x04,right,-19.469182,-737,-0.167033,174,0,No fault,True,-1.03
2026-08-12T14:30:51.828,1786537851.828268,5.149702,3,30.000000,2.000000,4,-29.906260,0x03,left,-20.764931,-603,-0.208059,173,0,No fault,False,0x04,right,-19.710762,-826,-0.237363,174,0,No fault,True,-1.05
2026-08-12T14:30:51.841,1786537851.841508,5.162979,3,30.000000,2.000000,5,-29.854290,0x03,left,-21.555558,-737,-0.084982,173,0,No fault,False,0x04,right,-20.062152,-603,-0.190476,174,0,No fault,True,-1.49
2026-08-12T14:30:51.853,1786537851.853949,5.175403,3,30.000000,2.000000,6,-29.786090,0x03,left,-21.884986,-737,-0.084982,174,0,No fault,False,0x04,right,-20.413542,-648,-0.172894,174,0,No fault,True,-1.47
2026-08-12T14:30:51.867,1786537851.867192,5.188655,3,30.000000,2.000000,7,-29.710424,0x03,left,-22.214413,-514,-0.196337,172,0,No fault,False,0x04,right,-21.313978,-916,-0.167033,175,0,No fault,True,-0.90
2026-08-12T14:30:51.879,1786537851.879523,5.200967,3,30.000000,2.000000,8,-29.617953,0x03,left,-22.543841,-737,-0.231502,173,0,No fault,False,0x04,right,-21.533596,-737,-0.190476,174,0,No fault,True,-1.01
2026-08-12T14:30:51.892,1786537851.892728,5.214172,3,30.000000,2.000000,9,-29.519821,0x03,left,-22.983078,-424,-0.208059,173,0,No fault,False,0x04,right,-21.906948,-514,-0.184615,174,0,No fault,True,-1.08
2026-08-12T14:30:51.905,1786537851.905155,5.226571,3,30.000000,2.000000,10,-29.403676,0x03,left,-23.246621,-514,-0.190476,173,0,No fault,False,0x04,right,-22.324223,-648,-0.161172,174,0,No fault,True,-0.92
2026-08-12T14:30:51.918,1786537851.918231,5.239658,3,30.000000,2.000000,11,-29.280742,0x03,left,-23.685858,-692,-0.161172,173,0,No fault,False,0x04,right,-22.653651,-826,-0.161172,175,0,No fault,True,-1.03
2026-08-12T14:30:51.931,1786537851.931043,5.252493,3,30.000000,2.000000,12,-29.141906,0x03,left,-23.905476,-514,-0.149451,172,0,No fault,False,0x04,right,-23.005040,-603,-0.202198,173,0,No fault,True,-0.90
2026-08-12T14:30:51.943,1786537851.943790,5.265218,3,30.000000,2.000000,13,-28.989723,0x03,left,-24.388637,-424,-0.090842,172,0,No fault,False,0x04,right,-23.378392,-469,-0.202198,173,0,No fault,True,-1.01
2026-08-12T14:30:51.956,1786537851.956262,5.277683,3,30.000000,2.000000,14,-28.832681,0x03,left,-24.718065,-648,-0.102564,173,0,No fault,False,0x04,right,-23.619972,-380,-0.196337,174,0,No fault,True,-1.10
2026-08-12T14:30:51.974,1786537851.974434,5.295886,3,30.000000,2.000000,15,-28.664260,0x03,left,-24.915721,-335,-0.161172,172,0,No fault,False,0x04,right,-23.905476,-424,-0.219780,174,0,No fault,False,-1.01
2026-08-12T14:30:51.988,1786537851.988814,5.310259,3,30.000000,2.000000,16,-28.396743,0x03,left,-25.311035,-246,-0.190476,169,0,No fault,False,0x04,right,-24.322751,-692,-0.155311,174,0,No fault,True,-0.99
2026-08-12T14:30:52.002,1786537852.002531,5.323992,3,30.000000,2.000000,17,-28.170991,0x03,left,-25.596539,-558,-0.172894,174,0,No fault,False,0x04,right,-24.696103,-514,-0.161172,175,0,No fault,True,-0.90
2026-08-12T14:30:52.013,1786537852.013608,5.335038,3,30.000000,2.000000,18,-27.943751,0x03,left,-25.794195,-156,-0.225641,173,0,No fault,False,0x04,right,-24.871798,-335,-0.266667,175,0,No fault,True,-0.92
2026-08-12T14:30:52.024,1786537852.024472,5.345893,3,30.000000,2.000000,19,-27.752263,0x03,left,-25.925966,-469,-0.219780,172,0,No fault,False,0x04,right,-25.113378,-737,-0.178755,172,0,No fault,True,-0.81
2026-08-12T14:30:52.035,1786537852.035395,5.356814,3,30.000000,2.000000,20,-27.554278,0x03,left,-26.255394,-335,-0.178755,172,0,No fault,False,0x04,right,-25.332996,-246,-0.231502,175,0,No fault,True,-0.92
2026-08-12T14:30:52.048,1786537852.048443,5.369864,3,30.000000,2.000000,21,-27.345456,0x03,left,-26.518936,-380,-0.102564,171,0,No fault,False,0x04,right,-25.706348,-514,-0.102564,174,0,No fault,True,-0.81
2026-08-12T14:30:52.059,1786537852.059342,5.380774,3,30.000000,2.000000,22,-27.088126,0x03,left,-26.716593,-335,-0.055678,173,0,No fault,False,0x04,right,-25.925966,-380,-0.178755,177,0,No fault,True,-0.79
2026-08-12T14:30:52.070,1786537852.070255,5.391676,3,30.000000,2.000000,23,-26.862175,0x03,left,-26.892288,-335,-0.102564,172,0,No fault,False,0x04,right,-26.299318,-335,-0.278388,174,0,No fault,True,-0.59
2026-08-12T14:30:52.081,1786537852.081193,5.402616,3,30.000000,2.000000,24,-26.630580,0x03,left,-27.111906,-112,-0.073260,173,0,No fault,False,0x04,right,-26.387165,-246,-0.254945,174,0,No fault,True,-0.72
2026-08-12T14:30:52.094,1786537852.094609,5.416031,3,30.000000,2.000000,25,-26.387936,0x03,left,-27.331525,-112,-0.155311,173,0,No fault,False,0x04,right,-26.628746,-335,-0.219780,174,0,No fault,True,-0.70
2026-08-12T14:30:52.105,1786537852.105508,5.426935,3,30.000000,2.000000,26,-26.082745,0x03,left,-27.573105,-290,-0.090842,172,0,No fault,False,0x04,right,-26.738555,-201,-0.284249,174,0,No fault,True,-0.83
2026-08-12T14:30:52.116,1786537852.116557,5.438002,3,30.000000,2.000000,27,-25.824070,0x03,left,-27.704877,-335,-0.149451,172,0,No fault,False,0x04,right,-26.826402,-335,-0.307692,174,0,No fault,True,-0.88
2026-08-12T14:30:52.127,1786537852.127992,5.449467,3,30.000000,2.000000,28,-25.554003,0x03,left,-27.814686,-246,-0.155311,172,0,No fault,False,0x04,right,-27.155830,-603,-0.126007,174,0,No fault,True,-0.66
2026-08-12T14:30:52.140,1786537852.140778,5.462244,3,30.000000,2.000000,29,-25.254607,0x03,left,-28.078228,-380,-0.102564,173,0,No fault,False,0x04,right,-27.287601,-246,-0.196337,174,0,No fault,True,-0.79
2026-08-12T14:30:52.151,1786537852.151983,5.473422,3,30.000000,2.000000,30,-24.934718,0x03,left,-28.144114,-22,-0.213919,172,0,No fault,False,0x04,right,-27.485258,-380,-0.126007,174,0,No fault,True,-0.66
2026-08-12T14:30:52.163,1786537852.163075,5.484500,3,30.000000,2.000000,31,-24.640671,0x03,left,-28.166075,-112,-0.272527,174,0,No fault,False,0x04,right,-27.638991,-335,-0.161172,172,0,No fault,True,-0.53
2026-08-12T14:30:52.187,1786537852.187859,5.509309,3,30.000000,2.000000,32,-24.339061,0x03,left,-28.385694,-558,-0.067399,173,0,No fault,True,0x04,right,-27.726838,-201,-0.307692,174,0,No fault,False,-0.66
2026-08-12T14:30:52.199,1786537852.199157,5.520588,3,30.000000,2.000000,33,-23.635190,0x03,left,-28.517465,-246,-0.155311,170,0,No fault,False,0x04,right,-27.858609,-424,-0.149451,174,0,No fault,True,-0.66
2026-08-12T14:30:52.210,1786537852.210175,5.531601,3,30.000000,2.000000,34,-23.307243,0x03,left,-28.561389,-22,-0.184615,169,0,No fault,False,0x04,right,-28.012342,-156,-0.155311,174,0,No fault,True,-0.55
2026-08-12T14:30:52.221,1786537852.221351,5.542811,3,30.000000,2.000000,35,-22.974260,0x03,left,-28.583351,-112,-0.249084,175,0,No fault,False,0x04,right,-28.122152,-335,-0.213919,175,0,No fault,True,-0.46
2026-08-12T14:30:52.234,1786537852.234957,5.556383,3,30.000000,2.000000,36,-22.624194,0x03,left,-28.583351,22,-0.249084,171,0,No fault,False,0x04,right,-28.122152,-67,-0.325275,174,0,No fault,True,-0.46
2026-08-12T14:30:52.245,1786537852.245892,5.567313,3,30.000000,2.000000,37,-22.210105,0x03,left,-28.583351,22,-0.266667,171,0,No fault,False,0x04,right,-28.144114,-22,-0.331136,174,0,No fault,True,-0.44
2026-08-12T14:30:52.256,1786537852.256881,5.578314,3,30.000000,2.000000,38,-21.860413,0x03,left,-28.583351,201,-0.254945,172,0,No fault,False,0x04,right,-28.144114,-112,-0.336996,176,0,No fault,True,-0.44
2026-08-12T14:30:52.270,1786537852.270001,5.591427,3,30.000000,2.000000,39,-21.489168,0x03,left,-28.583351,67,-0.266667,175,0,No fault,False,0x04,right,-28.166075,-246,-0.336996,174,0,No fault,True,-0.42
2026-08-12T14:30:52.281,1786537852.281018,5.602444,3,30.000000,2.000000,40,-21.066515,0x03,left,-28.605312,-156,-0.266667,174,0,No fault,False,0x04,right,-28.166075,22,-0.336996,174,0,No fault,True,-0.44
2026-08-12T14:30:52.291,1786537852.291897,5.613317,3,30.000000,2.000000,41,-20.693615,0x03,left,-28.583351,22,-0.272527,171,0,No fault,False,0x04,right,-28.188037,-156,-0.331136,177,0,No fault,True,-0.40
2026-08-12T14:30:52.302,1786537852.302762,5.624180,3,30.000000,2.000000,42,-20.320385,0x03,left,-28.583351,22,-0.260806,173,0,No fault,False,0x04,right,-28.188037,-156,-0.336996,174,0,No fault,True,-0.40
2026-08-12T14:30:52.316,1786537852.316341,5.637767,3,30.000000,2.000000,43,-19.940901,0x03,left,-28.583351,112,-0.254945,173,0,No fault,True,0x04,right,-28.209999,-112,-0.295971,174,0,No fault,False,-0.37
2026-08-12T14:30:52.327,1786537852.327341,5.648765,3,30.000000,2.000000,44,-19.457387,0x03,left,-28.583351,-67,-0.278388,170,0,No fault,False,0x04,right,-28.275885,-246,-0.213919,173,0,No fault,True,-0.31
2026-08-12T14:30:52.338,1786537852.338304,5.659724,3,30.000000,2.000000,45,-19.060429,0x03,left,-28.605312,-156,-0.254945,172,0,No fault,False,0x04,right,-28.429618,-290,-0.114286,174,0,No fault,True,-0.18
2026-08-12T14:30:52.349,1786537852.349430,5.670931,3,30.000000,2.000000,46,-18.658977,0x03,left,-28.605312,-156,-0.272527,172,0,No fault,False,0x04,right,-28.517465,-246,-0.172894,173,0,No fault,True,-0.09
2026-08-12T14:30:52.362,1786537852.362999,5.684447,3,30.000000,2.000000,47,-18.235270,0x03,left,-28.583351,-22,-0.266667,175,0,No fault,False,0x04,right,-28.583351,-67,-0.196337,174,0,No fault,True,0.00
2026-08-12T14:30:52.374,1786537852.374118,5.695567,3,30.000000,2.000000,48,-17.729876,0x03,left,-28.583351,-156,-0.278388,171,0,No fault,False,0x04,right,-28.583351,112,-0.243223,174,0,No fault,True,0.00
2026-08-12T14:30:52.397,1786537852.397125,5.718621,3,30.000000,2.000000,49,-17.302324,0x03,left,-28.583351,-112,-0.284249,173,0,No fault,False,0x04,right,-28.605312,-22,-0.260806,174,0,No fault,True,0.02
2026-08-12T14:30:52.410,1786537852.410515,5.731947,3,30.000000,2.000000,50,-16.392938,0x03,left,-28.583351,-22,-0.260806,173,0,No fault,False,0x04,right,-28.605312,67,-0.266667,177,0,No fault,True,0.02
2026-08-12T14:30:52.421,1786537852.421484,5.742909,3,30.000000,2.000000,51,-15.878575,0x03,left,-28.583351,156,-0.278388,173,0,No fault,False,0x04,right,-28.605312,22,-0.260806,174,0,No fault,True,0.02
2026-08-12T14:30:52.432,1786537852.432370,5.753796,3,30.000000,2.000000,52,-15.438781,0x03,left,-28.583351,67,-0.266667,170,0,No fault,False,0x04,right,-28.605312,-22,-0.272527,174,0,No fault,True,0.02
2026-08-12T14:30:52.443,1786537852.443708,5.765137,3,30.000000,2.000000,53,-14.996124,0x03,left,-28.583351,67,-0.272527,172,0,No fault,False,0x04,right,-28.605312,67,-0.260806,176,0,No fault,True,0.02
2026-08-12T14:30:52.456,1786537852.456490,5.777910,3,30.000000,2.000000,54,-14.529593,0x03,left,-28.583351,67,-0.260806,172,0,No fault,False,0x04,right,-28.605312,-67,-0.260806,175,0,No fault,True,0.02
2026-08-12T14:30:52.467,1786537852.467482,5.788900,3,30.000000,2.000000,55,-13.997427,0x03,left,-28.583351,67,-0.266667,175,0,No fault,False,0x04,right,-28.605312,-22,-0.266667,174,0,No fault,True,0.02
2026-08-12T14:30:52.478,1786537852.478315,5.799732,3,30.000000,2.000000,56,-13.542412,0x03,left,-28.583351,22,-0.272527,172,0,No fault,False,0x04,right,-28.605312,112,-0.260806,174,0,No fault,True,0.02
2026-08-12T14:30:52.489,1786537852.489231,5.810648,3,30.000000,2.000000,57,-13.085702,0x03,left,-28.583351,67,-0.266667,173,0,No fault,False,0x04,right,-28.605312,112,-0.260806,175,0,No fault,True,0.02
2026-08-12T14:30:52.502,1786537852.502539,5.823959,3,30.000000,2.000000,58,-12.619740,0x03,left,-28.583351,67,-0.290110,172,0,No fault,False,0x04,right,-28.605312,-22,-0.278388,174,0,No fault,True,0.02
2026-08-12T14:30:52.513,1786537852.513391,5.834808,3,30.000000,2.000000,59,-12.048142,0x03,left,-28.583351,22,-0.272527,170,0,No fault,False,0x04,right,-28.605312,-112,-0.266667,175,0,No fault,True,0.02
2026-08-12T14:30:52.524,1786537852.524239,5.845656,3,30.000000,2.000000,60,-11.577690,0x03,left,-28.583351,112,-0.278388,172,0,No fault,False,0x04,right,-28.605312,22,-0.272527,174,0,No fault,True,0.02
2026-08-12T14:30:52.535,1786537852.535336,5.856767,3,30.000000,2.000000,61,-11.105666,0x03,left,-28.583351,22,-0.278388,172,0,No fault,False,0x04,right,-28.605312,156,-0.260806,174,0,No fault,True,0.02
2026-08-12T14:30:52.548,1786537852.548499,5.869921,3,30.000000,2.000000,62,-10.609455,0x03,left,-28.583351,-22,-0.272527,171,0,No fault,False,0x04,right,-28.605312,-22,-0.266667,174,0,No fault,True,0.02
2026-08-12T14:30:52.559,1786537852.559430,5.880849,3,30.000000,2.000000,63,-10.034739,0x03,left,-28.583351,112,-0.272527,168,0,No fault,False,0x04,right,-28.627274,-112,-0.272527,175,0,No fault,True,0.04
2026-08-12T14:30:52.570,1786537852.570327,5.891745,3,30.000000,2.000000,64,-9.548062,0x03,left,-28.605312,-156,-0.272527,172,0,No fault,False,0x04,right,-28.627274,-112,-0.266667,174,0,No fault,True,0.02
2026-08-12T14:30:52.595,1786537852.595015,5.916458,3,30.000000,2.000000,65,-9.060037,0x03,left,-28.583351,67,-0.272527,172,0,No fault,True,0x04,right,-28.605312,22,-0.278388,176,0,No fault,False,0.02
2026-08-12T14:30:52.606,1786537852.606866,5.928303,3,30.000000,2.000000,66,-7.936382,0x03,left,-28.605312,-201,-0.266667,173,0,No fault,False,0x04,right,-28.605312,112,-0.260806,175,0,No fault,True,0.00
2026-08-12T14:30:52.617,1786537852.617979,5.939414,3,30.000000,2.000000,67,-7.401062,0x03,left,-28.583351,156,-0.278388,175,0,No fault,False,0x04,right,-28.605312,67,-0.272527,175,0,No fault,True,0.02
2026-08-12T14:30:52.629,1786537852.629161,5.950636,3,30.000000,2.000000,68,-6.892689,0x03,left,-28.583351,112,-0.266667,169,0,No fault,False,0x04,right,-28.627274,-156,-0.272527,174,0,No fault,True,0.04
2026-08-12T14:30:52.642,1786537852.642478,5.963914,3,30.000000,2.000000,69,-6.356191,0x03,left,-28.605312,-201,-0.272527,173,0,No fault,False,0x04,right,-28.605312,22,-0.260806,174,0,No fault,True,0.00
2026-08-12T14:30:52.653,1786537852.653607,5.975026,3,30.000000,2.000000,70,-5.765281,0x03,left,-28.583351,-22,-0.272527,172,0,No fault,False,0x04,right,-28.605312,-22,-0.272527,175,0,No fault,True,0.02
2026-08-12T14:30:52.664,1786537852.664448,5.985867,3,30.000000,2.000000,71,-5.252672,0x03,left,-28.583351,112,-0.278388,174,0,No fault,False,0x04,right,-28.605312,156,-0.272527,174,0,No fault,True,0.02
2026-08-12T14:30:52.675,1786537852.675290,5.996708,3,30.000000,2.000000,72,-4.748981,0x03,left,-28.583351,67,-0.266667,173,0,No fault,False,0x04,right,-28.605312,156,-0.266667,174,0,No fault,True,0.02
2026-08-12T14:30:52.688,1786537852.688332,6.009751,3,30.000000,2.000000,73,-4.242438,0x03,left,-28.605312,-156,-0.278388,173,0,No fault,False,0x04,right,-28.605312,67,-0.266667,175,0,No fault,True,0.00
2026-08-12T14:30:52.699,1786537852.699515,6.020952,3,30.000000,2.000000,74,-3.633933,0x03,left,-28.583351,22,-0.278388,173,0,No fault,False,0x04,right,-28.627274,-67,-0.260806,173,0,No fault,True,0.04
2026-08-12T14:30:52.710,1786537852.710516,6.031943,3,30.000000,2.000000,75,-3.105336,0x03,left,-28.583351,22,-0.272527,170,0,No fault,False,0x04,right,-28.627274,-112,-0.254945,174,0,No fault,True,0.04
2026-08-12T14:30:52.721,1786537852.721567,6.042989,3,30.000000,2.000000,76,-2.587084,0x03,left,-28.583351,156,-0.278388,174,0,No fault,False,0x04,right,-28.627274,-67,-0.272527,173,0,No fault,True,0.04
2026-08-12T14:30:52.734,1786537852.734391,6.055810,3,30.000000,2.000000,77,-2.074706,0x03,left,-28.605312,-112,-0.266667,172,0,No fault,False,0x04,right,-28.627274,-156,-0.260806,174,0,No fault,True,0.02
2026-08-12T14:30:52.745,1786537852.745871,6.067289,3,30.000000,2.000000,78,-1.472081,0x03,left,-28.605312,-112,-0.284249,172,0,No fault,False,0x04,right,-28.627274,-246,-0.278388,174,0,No fault,True,0.02
2026-08-12T14:30:52.756,1786537852.756705,6.078122,3,30.000000,2.000000,79,-0.931416,0x03,left,-28.583351,22,-0.272527,175,0,No fault,False,0x04,right,-28.627274,22,-0.260806,174,0,No fault,True,0.04
2026-08-12T14:30:52.767,1786537852.767594,6.089013,3,30.000000,2.000000,80,-0.421565,0x03,left,-28.605312,-112,-0.278388,172,0,No fault,False,0x04,right,-28.627274,-112,-0.272527,174,0,No fault,True,0.02
2026-08-12T14:30:52.785,1786537852.785528,6.106969,3,30.000000,2.000000,81,0.095045,0x03,left,-28.605312,-246,-0.272527,173,0,No fault,False,0x04,right,-28.605312,67,-0.272527,174,0,No fault,False,0.00
2026-08-12T14:30:52.802,1786537852.802944,6.124381,3,30.000000,2.000000,82,0.949412,0x03,left,-28.605312,-67,-0.278388,173,0,No fault,False,0x04,right,-28.627274,-67,-0.260806,174,0,No fault,True,0.02
2026-08-12T14:30:52.817,1786537852.817516,6.138947,3,30.000000,2.000000,83,1.767778,0x03,left,-28.605312,-67,-0.278388,172,0,No fault,False,0x04,right,-28.605312,156,-0.266667,175,0,No fault,True,0.00
2026-08-12T14:30:52.828,1786537852.828545,6.149971,3,30.000000,2.000000,84,2.444399,0x03,left,-28.605312,-156,-0.266667,169,0,No fault,False,0x04,right,-28.605312,112,-0.266667,175,0,No fault,True,0.00
2026-08-12T14:30:52.843,1786537852.843058,6.164484,3,30.000000,2.000000,85,2.962145,0x03,left,-28.605312,-67,-0.272527,170,0,No fault,False,0x04,right,-28.605312,156,-0.266667,175,0,No fault,True,0.00
2026-08-12T14:30:52.854,1786537852.854047,6.175468,3,30.000000,2.000000,86,3.640237,0x03,left,-28.583351,156,-0.260806,172,0,No fault,False,0x04,right,-28.605312,67,-0.272527,174,0,No fault,True,0.02
2026-08-12T14:30:52.868,1786537852.868643,6.190108,3,30.000000,2.000000,87,4.153353,0x03,left,-28.583351,67,-0.278388,173,0,No fault,False,0x04,right,-28.627274,22,-0.266667,177,0,No fault,True,0.04
2026-08-12T14:30:52.879,1786537852.879953,6.201402,3,30.000000,2.000000,88,4.843389,0x03,left,-28.605312,22,-0.260806,171,0,No fault,False,0x04,right,-28.605312,22,-0.278388,174,0,No fault,True,0.00
2026-08-12T14:30:52.894,1786537852.894199,6.215640,3,30.000000,2.000000,89,5.372712,0x03,left,-28.605312,-22,-0.272527,172,0,No fault,False,0x04,right,-28.627274,-156,-0.278388,174,0,No fault,True,0.02
2026-08-12T14:30:52.905,1786537852.905262,6.226713,3,30.000000,2.000000,90,6.024273,0x03,left,-28.605312,-67,-0.278388,172,0,No fault,False,0x04,right,-28.627274,22,-0.254945,173,0,No fault,True,0.02
2026-08-12T14:30:52.919,1786537852.919717,6.241155,3,30.000000,2.000000,91,6.536775,0x03,left,-28.605312,-156,-0.278388,170,0,No fault,False,0x04,right,-28.627274,-22,-0.272527,175,0,No fault,True,0.02
2026-08-12T14:30:52.931,1786537852.931116,6.252547,3,30.000000,2.000000,92,7.191070,0x03,left,-28.583351,112,-0.260806,173,0,No fault,False,0x04,right,-28.627274,-67,-0.266667,172,0,No fault,True,0.04
2026-08-12T14:30:52.946,1786537852.946414,6.267849,3,30.000000,2.000000,93,7.712543,0x03,left,-28.605312,-156,-0.260806,171,0,No fault,False,0x04,right,-28.627274,-67,-0.249084,174,0,No fault,True,0.02
2026-08-12T14:30:52.961,1786537852.961687,6.283135,3,30.000000,2.000000,94,8.412109,0x03,left,-28.605312,-22,-0.260806,173,0,No fault,False,0x04,right,-28.627274,-67,-0.260806,171,0,No fault,True,0.02
2026-08-12T14:30:52.976,1786537852.976978,6.298415,3,30.000000,2.000000,95,9.099907,0x03,left,-28.583351,112,-0.272527,173,0,No fault,False,0x04,right,-28.627274,-22,-0.272527,174,0,No fault,True,0.04
2026-08-12T14:30:53.000,1786537853.000183,6.321644,3,30.000000,2.000000,96,9.794902,0x03,left,-28.605312,-156,-0.266667,172,0,No fault,True,0x04,right,-28.627274,67,-0.266667,174,0,No fault,False,0.02
2026-08-12T14:30:53.013,1786537853.013409,6.334862,3,30.000000,2.000000,97,10.816548,0x03,left,-28.583351,67,-0.272527,173,0,No fault,False,0x04,right,-28.627274,22,-0.266667,175,0,No fault,True,0.04
2026-08-12T14:30:53.024,1786537853.024423,6.345850,3,30.000000,2.000000,98,11.387066,0x03,left,-28.583351,67,-0.272527,173,0,No fault,False,0x04,right,-28.627274,-22,-0.266667,174,0,No fault,True,0.04
2026-08-12T14:30:53.035,1786537853.035368,6.356790,3,30.000000,2.000000,99,11.863490,0x03,left,-28.605312,-156,-0.266667,169,0,No fault,False,0x04,right,-28.627274,-156,-0.266667,174,0,No fault,True,0.02
2026-08-12T14:30:53.046,1786537853.046422,6.367842,3,30.000000,2.000000,100,12.334466,0x03,left,-28.583351,67,-0.272527,172,0,No fault,False,0x04,right,-28.627274,-201,-0.260806,174,0,No fault,True,0.04
2026-08-12T14:30:53.059,1786537853.059483,6.380903,3,30.000000,2.000000,101,12.809247,0x03,left,-28.605312,-112,-0.278388,172,0,No fault,False,0x04,right,-28.627274,-156,-0.266667,173,0,No fault,True,0.02
2026-08-12T14:30:53.070,1786537853.070309,6.391727,3,30.000000,2.000000,102,13.360102,0x03,left,-28.605312,-22,-0.260806,171,0,No fault,False,0x04,right,-28.605312,112,-0.266667,174,0,No fault,True,0.00
2026-08-12T14:30:53.081,1786537853.081124,6.402543,3,30.000000,2.000000,103,13.814567,0x03,left,-28.605312,-201,-0.260806,173,0,No fault,False,0x04,right,-28.627274,-201,-0.266667,175,0,No fault,True,0.02
2026-08-12T14:30:53.091,1786537853.091918,6.413335,3,30.000000,2.000000,104,14.264601,0x03,left,-28.605312,-156,-0.266667,171,0,No fault,False,0x04,right,-28.627274,22,-0.272527,177,0,No fault,True,0.02
2026-08-12T14:30:53.105,1786537853.105502,6.426922,3,30.000000,2.000000,105,14.715433,0x03,left,-28.583351,22,-0.272527,172,0,No fault,False,0x04,right,-28.627274,-112,-0.260806,174,0,No fault,True,0.04
2026-08-12T14:30:53.116,1786537853.116366,6.437789,3,30.000000,2.000000,106,15.265787,0x03,left,-28.605312,-67,-0.278388,173,0,No fault,False,0x04,right,-28.627274,-112,-0.266667,173,0,No fault,True,0.02
2026-08-12T14:30:53.127,1786537853.127246,6.448669,3,30.000000,2.000000,107,15.704866,0x03,left,-28.605312,22,-0.272527,172,0,No fault,False,0x04,right,-28.627274,22,-0.272527,174,0,No fault,True,0.02
2026-08-12T14:30:53.138,1786537853.138184,6.459607,3,30.000000,2.000000,108,16.138967,0x03,left,-28.605312,-67,-0.266667,173,0,No fault,False,0x04,right,-28.627274,-156,-0.266667,174,0,No fault,True,0.02
2026-08-12T14:30:53.152,1786537853.152003,6.473467,3,30.000000,2.000000,109,16.641518,0x03,left,-28.583351,22,-0.260806,173,0,No fault,False,0x04,right,-28.627274,-67,-0.266667,174,0,No fault,True,0.04
2026-08-12T14:30:53.163,1786537853.163254,6.484675,3,30.000000,2.000000,110,17.122997,0x03,left,-28.583351,22,-0.272527,171,0,No fault,False,0x04,right,-28.627274,-22,-0.254945,174,0,No fault,True,0.04
2026-08-12T14:30:53.174,1786537853.174231,6.495649,3,30.000000,2.000000,111,17.542726,0x03,left,-28.605312,-67,-0.284249,173,0,No fault,False,0x04,right,-28.627274,67,-0.260806,174,0,No fault,True,0.02
2026-08-12T14:30:53.187,1786537853.187549,6.508966,3,30.000000,2.000000,112,17.959608,0x03,left,-28.605312,-22,-0.266667,171,0,No fault,False,0x04,right,-28.627274,-22,-0.254945,174,0,No fault,True,0.02
2026-08-12T14:30:53.209,1786537853.209803,6.531256,3,30.000000,2.000000,113,18.457969,0x03,left,-28.605312,-112,-0.272527,170,0,No fault,True,0x04,right,-28.627274,-112,-0.272527,173,0,No fault,False,0.02
2026-08-12T14:30:53.223,1786537853.223017,6.544465,3,30.000000,2.000000,114,19.291700,0x03,left,-28.583351,156,-0.272527,172,0,No fault,False,0x04,right,-28.627274,-156,-0.266667,174,0,No fault,True,0.04
2026-08-12T14:30:53.234,1786537853.234460,6.555887,3,30.000000,2.000000,115,19.750722,0x03,left,-28.605312,-67,-0.278388,171,0,No fault,False,0x04,right,-28.627274,-22,-0.266667,175,0,No fault,True,0.02
2026-08-12T14:30:53.245,1786537853.245492,6.566916,3,30.000000,2.000000,116,20.154556,0x03,left,-28.605312,-22,-0.249084,172,0,No fault,False,0x04,right,-28.627274,-112,-0.272527,176,0,No fault,True,0.02
2026-08-12T14:30:53.259,1786537853.259015,6.580450,3,30.000000,2.000000,117,20.531618,0x03,left,-28.583351,112,-0.260806,173,0,No fault,True,0x04,right,-28.627274,-67,-0.260806,175,0,No fault,False,0.04
2026-08-12T14:30:53.270,1786537853.270043,6.591466,3,30.000000,2.000000,118,20.993401,0x03,left,-28.605312,-156,-0.260806,174,0,No fault,False,0x04,right,-28.627274,67,-0.249084,177,0,No fault,True,0.02
2026-08-12T14:30:53.280,1786537853.280906,6.602325,3,30.000000,2.000000,119,21.359618,0x03,left,-28.605312,-22,-0.260806,173,0,No fault,False,0x04,right,-28.627274,112,-0.266667,174,0,No fault,True,0.02
2026-08-12T14:30:53.291,1786537853.291727,6.613145,3,30.000000,2.000000,120,21.715627,0x03,left,-28.583351,67,-0.249084,173,0,No fault,False,0x04,right,-28.627274,156,-0.266667,174,0,No fault,True,0.04
2026-08-12T14:30:53.304,1786537853.304780,6.626203,3,30.000000,2.000000,121,22.066530,0x03,left,-28.583351,112,-0.249084,174,0,No fault,False,0x04,right,-28.627274,-67,-0.249084,174,0,No fault,True,0.04
2026-08-12T14:30:53.315,1786537853.315876,6.637295,3,30.000000,2.000000,122,22.477214,0x03,left,-28.583351,22,-0.237363,174,0,No fault,False,0x04,right,-28.627274,67,-0.243223,175,0,No fault,True,0.04
2026-08-12T14:30:53.326,1786537853.326724,6.648144,3,30.000000,2.000000,123,22.819334,0x03,left,-28.583351,67,-0.219780,173,0,No fault,False,0x04,right,-28.627274,112,-0.225641,174,0,No fault,True,0.04
2026-08-12T14:30:53.337,1786537853.337517,6.658935,3,30.000000,2.000000,124,23.147622,0x03,left,-28.583351,-22,-0.202198,172,0,No fault,False,0x04,right,-28.627274,-22,-0.225641,171,0,No fault,True,0.04
2026-08-12T14:30:53.350,1786537853.350884,6.672305,3,30.000000,2.000000,125,23.468055,0x03,left,-28.583351,22,-0.196337,170,0,No fault,True,0x04,right,-28.627274,-67,-0.213919,174,0,No fault,False,0.04
2026-08-12T14:30:53.361,1786537853.361711,6.683128,3,30.000000,2.000000,126,23.855480,0x03,left,-28.583351,-22,-0.172894,173,0,No fault,False,0x04,right,-28.627274,67,-0.202198,175,0,No fault,True,0.04
2026-08-12T14:30:53.372,1786537853.372568,6.694022,3,30.000000,2.000000,127,24.160940,0x03,left,-28.583351,22,-0.161172,172,0,No fault,False,0x04,right,-28.627274,22,-0.196337,174,0,No fault,True,0.04
2026-08-12T14:30:53.383,1786537853.383935,6.705381,3,30.000000,2.000000,128,24.466205,0x03,left,-28.583351,-201,-0.149451,173,0,No fault,False,0x04,right,-28.627274,-22,-0.178755,175,0,No fault,True,0.04
2026-08-12T14:30:53.402,1786537853.402890,6.724359,3,30.000000,2.000000,129,24.777099,0x03,left,-28.561389,112,-0.126007,170,0,No fault,False,0x04,right,-28.627274,-201,-0.161172,175,0,No fault,False,0.07
2026-08-12T14:30:53.418,1786537853.418140,6.739615,3,30.000000,2.000000,130,25.317554,0x03,left,-28.561389,-22,-0.055678,173,0,No fault,False,0x04,right,-28.627274,22,-0.108425,174,0,No fault,True,0.07
2026-08-12T14:30:53.429,1786537853.429245,6.750675,3,30.000000,2.000000,131,25.643655,0x03,left,-28.539427,112,-0.038095,173,0,No fault,False,0x04,right,-28.627274,-67,-0.102564,172,0,No fault,True,0.09
2026-08-12T14:30:53.440,1786537853.440217,6.761644,3,30.000000,2.000000,132,25.910041,0x03,left,-28.539427,67,-0.014652,174,0,No fault,False,0x04,right,-28.605312,-156,-0.096703,174,0,No fault,True,0.07
2026-08-12T14:30:53.451,1786537853.451117,6.772538,3,30.000000,2.000000,133,26.164671,0x03,left,-28.539427,-112,-0.002930,174,0,No fault,False,0x04,right,-28.605312,22,-0.038095,175,0,No fault,True,0.07
2026-08-12T14:30:53.464,1786537853.464353,6.785818,3,30.000000,2.000000,134,26.415417,0x03,left,-28.517465,-67,0.049817,170,0,No fault,False,0x04,right,-28.605312,-67,-0.026374,174,0,No fault,True,0.09
2026-08-12T14:30:53.475,1786537853.475767,6.797198,3,30.000000,2.000000,135,26.708359,0x03,left,-28.495503,156,0.073260,172,0,No fault,False,0x04,right,-28.583351,22,0.026374,174,0,No fault,True,0.09
2026-08-12T14:30:53.487,1786537853.487050,6.808470,3,30.000000,2.000000,136,26.947410,0x03,left,-28.473541,-67,0.079121,173,0,No fault,False,0x04,right,-28.583351,-67,0.055678,174,0,No fault,True,0.11
2026-08-12T14:30:53.499,1786537853.499798,6.821217,3,30.000000,2.000000,137,27.175306,0x03,left,-28.363732,246,0.043956,173,0,No fault,False,0x04,right,-28.561389,-22,0.102564,173,0,No fault,True,0.20
2026-08-12T14:30:53.511,1786537853.511100,6.832521,3,30.000000,2.000000,138,27.422159,0x03,left,-28.341770,22,0.131868,169,0,No fault,False,0x04,right,-28.561389,-112,0.108425,177,0,No fault,True,0.22
2026-08-12T14:30:53.521,1786537853.521769,6.843176,3,30.000000,2.000000,139,27.633696,0x03,left,-28.319808,67,0.190476,173,0,No fault,False,0x04,right,-28.539427,22,0.137729,174,0,No fault,True,0.22
2026-08-12T14:30:53.532,1786537853.532515,6.853932,3,30.000000,2.000000,140,27.824054,0x03,left,-28.297847,22,0.202198,172,0,No fault,False,0x04,right,-28.539427,-156,0.172894,174,0,No fault,True,0.24
2026-08-12T14:30:53.545,1786537853.545984,6.867405,3,30.000000,2.000000,141,28.010741,0x03,left,-28.275885,22,0.213919,169,0,No fault,True,0x04,right,-28.473541,-67,0.190476,175,0,No fault,False,0.20
2026-08-12T14:30:53.556,1786537853.556944,6.878361,3,30.000000,2.000000,142,28.232078,0x03,left,-28.034304,558,0.073260,169,0,No fault,False,0x04,right,-28.407656,156,0.149451,174,0,No fault,True,0.37
2026-08-12T14:30:53.567,1786537853.567756,6.889173,3,30.000000,2.000000,143,28.402159,0x03,left,-27.880571,156,0.102564,173,0,No fault,False,0x04,right,-28.319808,201,0.184615,174,0,No fault,True,0.44
2026-08-12T14:30:53.578,1786537853.578592,6.900008,3,30.000000,2.000000,144,28.562164,0x03,left,-27.814686,-112,0.249084,175,0,No fault,False,0x04,right,-28.319808,-112,0.266667,174,0,No fault,True,0.51
2026-08-12T14:30:53.591,1786537853.591673,6.913090,3,30.000000,2.000000,145,28.715381,0x03,left,-27.704877,290,0.225641,174,0,No fault,False,0x04,right,-28.253923,67,0.272527,174,0,No fault,True,0.55
2026-08-12T14:30:53.614,1786537853.614384,6.935830,3,30.000000,2.000000,146,28.886619,0x03,left,-27.397411,380,0.137729,173,0,No fault,True,0x04,right,-27.968419,514,0.102564,174,0,No fault,False,0.57
2026-08-12T14:30:53.627,1786537853.627525,6.948969,3,30.000000,2.000000,147,29.159015,0x03,left,-27.046021,603,0.149451,173,0,No fault,False,0x04,right,-27.792724,22,0.272527,175,0,No fault,True,0.75
2026-08-12T14:30:53.639,1786537853.639382,6.960807,3,30.000000,2.000000,148,29.297767,0x03,left,-26.870326,424,0.190476,171,0,No fault,False,0x04,right,-27.682915,469,0.231502,174,0,No fault,True,0.81
2026-08-12T14:30:53.652,1786537853.652303,6.973864,3,30.000000,2.000000,149,29.412666,0x03,left,-26.782479,201,0.278388,173,0,No fault,False,0x04,right,-27.309563,67,0.260806,173,0,No fault,True,0.53
2026-08-12T14:30:53.665,1786537853.665210,6.986662,3,30.000000,2.000000,150,29.531341,0x03,left,-26.431089,514,0.155311,173,0,No fault,False,0x04,right,-27.243678,156,0.307692,174,0,No fault,True,0.81
2026-08-12T14:30:53.676,1786537853.676239,6.997670,3,30.000000,2.000000,151,29.628511,0x03,left,-26.211471,469,0.143590,172,0,No fault,False,0x04,right,-26.980135,469,0.190476,175,0,No fault,True,0.77
2026-08-12T14:30:53.687,1786537853.687135,7.008554,3,30.000000,2.000000,152,29.704888,0x03,left,-25.904005,469,0.096703,173,0,No fault,False,0x04,right,-26.738555,290,0.208059,173,0,No fault,True,0.83
2026-08-12T14:30:53.698,1786537853.698092,7.019512,3,30.000000,2.000000,153,29.772218,0x03,left,-25.574577,648,0.079121,172,0,No fault,False,0x04,right,-26.496975,782,0.120147,175,0,No fault,True,0.92
2026-08-12T14:30:53.710,1786537853.710859,7.032280,3,30.000000,2.000000,154,29.831378,0x03,left,-25.157302,782,0.061538,172,0,No fault,False,0x04,right,-26.057738,514,0.161172,174,0,No fault,True,0.90
2026-08-12T14:30:53.721,1786537853.721886,7.043376,3,30.000000,2.000000,155,29.889048,0x03,left,-24.893759,290,0.196337,172,0,No fault,False,0x04,right,-25.794195,603,0.231502,176,0,No fault,True,0.90
2026-08-12T14:30:53.733,1786537853.733252,7.054684,3,30.000000,2.000000,156,29.930490,0x03,left,-24.608255,514,0.178755,172,0,No fault,False,0x04,right,-25.618501,424,0.196337,174,0,No fault,True,1.01
2026-08-12T14:30:53.746,1786537853.746786,7.068205,3,30.000000,2.000000,157,29.961349,0x03,left,-24.344713,514,0.225641,173,0,No fault,True,0x04,right,-25.245149,380,0.219780,176,0,No fault,False,0.90
2026-08-12T14:30:53.757,1786537853.757622,7.079042,3,30.000000,2.000000,158,29.986838,0x03,left,-24.015285,380,0.254945,172,0,No fault,False,0x04,right,-24.893759,558,0.167033,175,0,No fault,True,0.88
2026-08-12T14:30:53.768,1786537853.768442,7.089860,3,30.000000,2.000000,159,29.997618,0x03,left,-23.729781,782,0.178755,169,0,No fault,False,0x04,right,-24.520408,1005,0.137729,174,0,No fault,True,0.79
2026-08-12T14:30:53.779,1786537853.779246,7.100665,3,30.000000,2.000000,160,30.000000,0x03,left,-23.400353,648,0.161172,172,0,No fault,False,0x04,right,-24.322751,424,0.172894,174,0,No fault,True,0.92
2026-08-12T14:30:53.790,1786537853.790137,7.111554,3,30.000000,2.000000,161,30.000000,0x03,left,-23.027002,737,0.114286,171,0,No fault,False,0x04,right,-24.037247,380,0.172894,174,0,No fault,True,1.01
2026-08-12T14:30:53.814,1786537853.814131,7.135579,3,30.000000,2.000000,162,30.000000,0x03,left,-22.434032,558,0.149451,172,0,No fault,False,0x04,right,-23.422315,737,0.178755,174,0,No fault,True,0.99
2026-08-12T14:30:53.825,1786537853.825311,7.146740,3,30.000000,2.000000,163,30.000000,0x03,left,-21.621443,380,0.143590,172,0,No fault,False,0x04,right,-22.895231,826,0.161172,174,0,No fault,True,1.27
2026-08-12T14:30:53.839,1786537853.839282,7.160714,3,30.000000,2.000000,164,30.000000,0x03,left,-21.423787,469,0.237363,172,0,No fault,False,0x04,right,-22.609727,514,0.178755,174,0,No fault,True,1.19
2026-08-12T14:30:53.850,1786537853.850197,7.171619,3,30.000000,2.000000,165,30.000000,0x03,left,-21.160245,603,0.266667,173,0,No fault,False,0x04,right,-21.928909,558,0.172894,174,0,No fault,True,0.77
2026-08-12T14:30:53.861,1786537853.861166,7.182586,3,30.000000,2.000000,166,30.000000,0x03,left,-20.742969,826,0.213919,172,0,No fault,False,0x04,right,-21.643405,603,0.143590,176,0,No fault,True,0.90
2026-08-12T14:30:53.875,1786537853.875050,7.196537,3,30.000000,2.000000,167,30.000000,0x03,left,-20.347656,960,0.120147,169,0,No fault,False,0x04,right,-21.226130,558,0.161172,174,0,No fault,True,0.88
2026-08-12T14:30:53.886,1786537853.886755,7.208210,3,30.000000,2.000000,168,30.000000,0x03,left,-19.886457,916,0.079121,173,0,No fault,False,0x04,right,-20.874740,469,0.172894,176,0,No fault,True,0.99
2026-08-12T14:30:53.900,1786537853.900553,7.222023,3,30.000000,2.000000,169,30.000000,0x03,left,-19.337411,782,0.172894,171,0,No fault,False,0x04,right,-20.325694,648,0.190476,175,0,No fault,True,0.99
2026-08-12T14:30:53.911,1786537853.911758,7.233209,3,30.000000,2.000000,170,30.000000,0x03,left,-18.964059,782,0.202198,174,0,No fault,False,0x04,right,-19.754686,692,0.155311,174,0,No fault,True,0.79
2026-08-12T14:30:53.923,1786537853.923032,7.244471,3,30.000000,2.000000,171,30.000000,0x03,left,-18.283242,826,0.213919,171,0,No fault,False,0x04,right,-19.578991,782,0.196337,174,0,No fault,True,1.30
2026-08-12T14:30:53.936,1786537853.936199,7.257632,3,30.000000,2.000000,172,30.000000,0x03,left,-18.041662,737,0.231502,172,0,No fault,False,0x04,right,-18.986021,826,0.172894,174,0,No fault,True,0.94
2026-08-12T14:30:53.946,1786537853.946972,7.268394,3,30.000000,2.000000,173,30.000000,0x03,left,-17.690272,603,0.208059,174,0,No fault,False,0x04,right,-18.634632,692,0.225641,174,0,No fault,True,0.94
2026-08-12T14:30:53.957,1786537853.957859,7.279283,3,30.000000,2.000000,174,30.000000,0x03,left,-17.272997,737,0.131868,172,0,No fault,False,0x04,right,-18.261280,782,0.213919,174,0,No fault,True,0.99
2026-08-12T14:30:53.968,1786537853.968912,7.290340,3,30.000000,2.000000,175,30.000000,0x03,left,-16.460408,826,0.149451,173,0,No fault,False,0x04,right,-17.844005,692,0.137729,174,0,No fault,True,1.38
2026-08-12T14:30:53.982,1786537853.982318,7.303758,3,30.000000,2.000000,176,30.000000,0x03,left,-16.152942,782,0.172894,171,0,No fault,False,0x04,right,-17.229073,692,0.237363,174,0,No fault,True,1.08
2026-08-12T14:30:53.993,1786537853.993419,7.314886,3,30.000000,2.000000,177,30.000000,0x03,left,-15.757629,558,0.213919,172,0,No fault,False,0x04,right,-16.877683,648,0.249084,173,0,No fault,True,1.12
2026-08-12T14:30:54.004,1786537854.004716,7.326144,3,30.000000,2.000000,178,30.000000,0x03,left,-15.362316,648,0.208059,172,0,No fault,False,0x04,right,-16.460408,871,0.167033,174,0,No fault,True,1.10
2026-08-12T14:30:54.027,1786537854.027595,7.349052,3,30.000000,2.000000,179,30.000000,0x03,left,-14.615613,782,0.131868,172,0,No fault,False,0x04,right,-15.823514,782,0.196337,173,0,No fault,True,1.21
2026-08-12T14:30:54.041,1786537854.041157,7.362599,3,30.000000,2.000000,180,30.000000,0x03,left,-13.956757,826,0.102564,171,0,No fault,False,0x04,right,-15.186621,826,0.231502,174,0,No fault,True,1.23
2026-08-12T14:30:54.052,1786537854.052474,7.373935,3,30.000000,2.000000,181,30.000000,0x03,left,-13.517520,960,0.126007,172,0,No fault,False,0x04,right,-14.352070,648,0.161172,174,0,No fault,True,0.83
2026-08-12T14:30:54.063,1786537854.063637,7.385058,3,30.000000,2.000000,182,30.000000,0x03,left,-13.056321,916,0.184615,172,0,No fault,False,0x04,right,-14.088528,648,0.178755,174,0,No fault,True,1.03
2026-08-12T14:30:54.076,1786537854.076954,7.398373,3,30.000000,2.000000,183,30.000000,0x03,left,-12.441389,692,0.219780,172,0,No fault,False,0x04,right,-13.627329,782,0.266667,176,0,No fault,True,1.19
2026-08-12T14:30:54.087,1786537854.087804,7.409226,3,30.000000,2.000000,184,30.000000,0x03,left,-11.980190,782,0.114286,172,0,No fault,False,0x04,right,-13.188092,1005,0.213919,174,0,No fault,True,1.21
2026-08-12T14:30:54.098,1786537854.098715,7.420133,3,30.000000,2.000000,185,30.000000,0x03,left,-11.475068,916,0.090842,172,0,No fault,False,0x04,right,-12.704931,916,0.190476,174,0,No fault,True,1.23
2026-08-12T14:30:54.109,1786537854.109595,7.431022,3,30.000000,2.000000,186,30.000000,0x03,left,-10.947983,1050,0.120147,172,0,No fault,False,0x04,right,-12.265694,692,0.190476,174,0,No fault,True,1.32
2026-08-12T14:30:54.123,1786537854.123307,7.444734,3,30.000000,2.000000,187,30.000000,0x03,left,-10.245204,1005,0.102564,173,0,No fault,False,0x04,right,-11.584877,871,0.208059,174,0,No fault,True,1.34
2026-08-12T14:30:54.134,1786537854.134183,7.455601,3,30.000000,2.000000,188,30.000000,0x03,left,-9.784005,960,0.143590,172,0,No fault,False,0x04,right,-11.101716,1005,0.219780,176,0,No fault,True,1.32
2026-08-12T14:30:54.144,1786537854.144997,7.466414,3,30.000000,2.000000,189,30.000000,0x03,left,-9.344768,916,0.155311,173,0,No fault,False,0x04,right,-10.640517,871,0.196337,175,0,No fault,True,1.30
2026-08-12T14:30:54.155,1786537854.155800,7.477219,3,30.000000,2.000000,190,30.000000,0x03,left,-8.861607,1005,0.090842,172,0,No fault,False,0x04,right,-10.201280,826,0.208059,176,0,No fault,True,1.34
2026-08-12T14:30:54.169,1786537854.169521,7.490986,3,30.000000,2.000000,191,30.000000,0x03,left,-8.290599,1005,0.055678,173,0,No fault,True,0x04,right,-9.520463,871,0.196337,174,0,No fault,False,1.23
2026-08-12T14:30:54.180,1786537854.180699,7.502122,3,30.000000,2.000000,192,30.000000,0x03,left,-7.631744,960,0.155311,170,0,No fault,False,0x04,right,-9.037302,1094,0.184615,174,0,No fault,True,1.41
2026-08-12T14:30:54.191,1786537854.191561,7.512977,3,30.000000,2.000000,193,30.000000,0x03,left,-7.148583,960,0.149451,173,0,No fault,False,0x04,right,-8.576103,871,0.225641,175,0,No fault,True,1.43
2026-08-12T14:30:54.205,1786537854.205469,7.526911,3,30.000000,2.000000,194,30.000000,0x03,left,-6.687384,916,0.172894,172,0,No fault,True,0x04,right,-7.895286,916,0.190476,173,0,No fault,False,1.21
2026-08-12T14:30:54.229,1786537854.229269,7.550705,3,30.000000,2.000000,195,30.000000,0x03,left,-5.501444,1094,0.079121,170,0,No fault,False,0x04,right,-7.126621,871,0.237363,173,0,No fault,True,1.63
2026-08-12T14:30:54.240,1786537854.240388,7.561842,3,30.000000,2.000000,196,30.000000,0x03,left,-4.666894,692,0.126007,172,0,No fault,False,0x04,right,-6.621498,871,0.202198,174,0,No fault,True,1.95
2026-08-12T14:30:54.253,1786537854.253809,7.575241,3,30.000000,2.000000,197,30.000000,0x03,left,-4.271580,826,0.202198,174,0,No fault,False,0x04,right,-5.479482,960,0.184615,175,0,No fault,True,1.21
2026-08-12T14:30:54.264,1786537854.264738,7.586157,3,30.000000,2.000000,198,30.000000,0x03,left,-3.854305,826,0.219780,172,0,No fault,False,0x04,right,-5.106131,960,0.172894,175,0,No fault,True,1.25
2026-08-12T14:30:54.275,1786537854.275602,7.597020,3,30.000000,2.000000,199,30.000000,0x03,left,-3.393106,737,0.161172,173,0,No fault,False,0x04,right,-4.820627,960,0.208059,174,0,No fault,True,1.43
2026-08-12T14:30:54.286,1786537854.286410,7.607827,3,30.000000,2.000000,200,30.000000,0x03,left,-2.909945,1094,0.120147,169,0,No fault,False,0x04,right,-4.337466,916,0.190476,174,0,No fault,True,1.43
2026-08-12T14:30:54.299,1786537854.299839,7.621257,3,30.000000,2.000000,201,30.000000,0x03,left,-2.163242,1094,0.149451,172,0,No fault,False,0x04,right,-3.656648,960,0.202198,174,0,No fault,True,1.49
2026-08-12T14:30:54.310,1786537854.310755,7.632180,3,30.000000,2.000000,202,30.000000,0x03,left,-1.658120,1094,0.143590,171,0,No fault,False,0x04,right,-3.151526,960,0.126007,175,0,No fault,True,1.49
2026-08-12T14:30:54.321,1786537854.321629,7.643047,3,30.000000,2.000000,203,30.000000,0x03,left,-1.131035,826,0.219780,172,0,No fault,False,0x04,right,-2.624441,871,0.190476,174,0,No fault,True,1.49
2026-08-12T14:30:54.332,1786537854.332547,7.653967,3,30.000000,2.000000,204,30.000000,0x03,left,-0.801608,782,0.196337,173,0,No fault,False,0x04,right,-2.163242,1005,0.172894,174,0,No fault,True,1.36
2026-08-12T14:30:54.345,1786537854.345912,7.667331,3,30.000000,2.000000,205,30.000000,0x03,left,0.186676,916,0.102564,173,0,No fault,False,0x04,right,-1.416539,826,0.184615,174,0,No fault,True,1.60
2026-08-12T14:30:54.356,1786537854.356741,7.678160,3,30.000000,2.000000,206,30.000000,0x03,left,0.560027,1005,0.143590,173,0,No fault,False,0x04,right,-0.977302,916,0.178755,174,0,No fault,True,1.54
2026-08-12T14:30:54.367,1786537854.367566,7.688983,3,30.000000,2.000000,207,30.000000,0x03,left,0.889455,826,0.184615,173,0,No fault,False,0x04,right,-0.472180,916,0.178755,173,0,No fault,True,1.36
2026-08-12T14:30:54.378,1786537854.378457,7.699875,3,30.000000,2.000000,208,30.000000,0x03,left,1.372616,871,0.202198,173,0,No fault,False,0x04,right,0.010981,1139,0.202198,174,0,No fault,True,1.36
2026-08-12T14:30:54.391,1786537854.391757,7.713175,3,30.000000,2.000000,209,30.000000,0x03,left,2.031471,603,0.190476,173,0,No fault,False,0x04,right,0.779646,871,0.161172,176,0,No fault,True,1.25
2026-08-12T14:30:54.402,1786537854.402693,7.724156,3,30.000000,2.000000,210,30.000000,0x03,left,2.492670,916,0.167033,172,0,No fault,False,0x04,right,1.262806,1050,0.208059,174,0,No fault,True,1.23
2026-08-12T14:30:54.427,1786537854.427906,7.749362,3,30.000000,2.000000,211,30.000000,0x03,left,3.217411,960,0.120147,171,0,No fault,True,0x04,right,1.943624,1139,0.184615,175,0,No fault,False,1.27
2026-08-12T14:30:54.440,1786537854.440161,7.761611,3,30.000000,2.000000,212,30.000000,0x03,left,4.447275,871,0.172894,173,0,No fault,False,0x04,right,2.668365,871,0.161172,174,0,No fault,True,1.78
2026-08-12T14:30:54.455,1786537854.455272,7.776705,3,30.000000,2.000000,213,30.000000,0x03,left,4.886512,916,0.167033,172,0,No fault,False,0x04,right,3.788419,1139,0.155311,173,0,No fault,True,1.10
2026-08-12T14:30:54.466,1786537854.466155,7.787586,3,30.000000,2.000000,214,30.000000,0x03,left,5.369673,1005,0.178755,172,0,No fault,False,0x04,right,4.117847,960,0.167033,174,0,No fault,True,1.25
2026-08-12T14:30:54.477,1786537854.477177,7.798606,3,30.000000,2.000000,215,30.000000,0x03,left,5.896757,960,0.120147,172,0,No fault,False,0x04,right,4.447275,871,0.208059,176,0,No fault,True,1.45
2026-08-12T14:30:54.489,1786537854.489984,7.811428,3,30.000000,2.000000,216,30.000000,0x03,left,6.841117,1050,0.137729,172,0,No fault,False,0x04,right,5.128092,871,0.190476,174,0,No fault,True,1.71
2026-08-12T14:30:54.501,1786537854.501414,7.822862,3,30.000000,2.000000,217,30.000000,0x03,left,7.060735,782,0.184615,172,0,No fault,False,0x04,right,5.699101,1050,0.172894,175,0,No fault,True,1.36
2026-08-12T14:30:54.512,1786537854.512290,7.833730,3,30.000000,2.000000,218,30.000000,0x03,left,7.521934,692,0.225641,173,0,No fault,False,0x04,right,6.204223,1184,0.225641,174,0,No fault,True,1.32
2026-08-12T14:30:54.523,1786537854.523499,7.844931,3,30.000000,2.000000,219,30.000000,0x03,left,8.005095,826,0.149451,173,0,No fault,False,0x04,right,6.555613,737,0.190476,173,0,No fault,True,1.45
2026-08-12T14:30:54.536,1786537854.536263,7.857695,3,30.000000,2.000000,220,30.000000,0x03,left,8.685913,960,0.096703,172,0,No fault,False,0x04,right,7.324278,916,0.167033,175,0,No fault,True,1.36
2026-08-12T14:30:54.547,1786537854.547409,7.868828,3,30.000000,2.000000,221,30.000000,0x03,left,9.169073,960,0.120147,173,0,No fault,False,0x04,right,7.785477,692,0.178755,174,0,No fault,True,1.38
2026-08-12T14:30:54.558,1786537854.558236,7.879658,3,30.000000,2.000000,222,30.000000,0x03,left,9.674196,916,0.126007,172,0,No fault,False,0x04,right,8.290599,960,0.190476,174,0,No fault,True,1.38
2026-08-12T14:30:54.569,1786537854.569096,7.890518,3,30.000000,2.000000,223,30.000000,0x03,left,10.179318,782,0.161172,173,0,No fault,False,0x04,right,8.685913,916,0.172894,175,0,No fault,True,1.49
2026-08-12T14:30:54.582,1786537854.582379,7.903828,3,30.000000,2.000000,224,30.000000,0x03,left,10.728365,782,0.149451,172,0,No fault,False,0x04,right,9.388692,782,0.202198,174,0,No fault,True,1.34
2026-08-12T14:30:54.593,1786537854.593683,7.915121,3,30.000000,2.000000,225,30.000000,0x03,left,11.167602,960,0.084982,174,0,No fault,False,0x04,right,9.871853,960,0.196337,174,0,No fault,True,1.30
2026-08-12T14:30:54.604,1786537854.604707,7.926139,3,30.000000,2.000000,226,30.000000,0x03,left,11.738610,826,0.073260,173,0,No fault,False,0x04,right,10.333051,692,0.184615,175,0,No fault,True,1.41
2026-08-12T14:30:54.629,1786537854.629153,7.950595,3,30.000000,2.000000,227,30.000000,0x03,left,12.199809,603,0.149451,173,0,No fault,True,0x04,right,11.189564,737,0.155311,175,0,No fault,False,1.01
2026-08-12T14:30:54.640,1786537854.640431,7.961860,3,30.000000,2.000000,228,30.000000,0x03,left,13.385749,692,0.167033,171,0,No fault,False,0x04,right,11.628801,960,0.190476,174,0,No fault,True,1.76
2026-08-12T14:30:54.655,1786537854.655234,7.976669,3,30.000000,2.000000,229,30.000000,0x03,left,13.583406,737,0.161172,173,0,No fault,False,0x04,right,12.265694,916,0.167033,174,0,No fault,True,1.32
2026-08-12T14:30:54.670,1786537854.670698,7.992178,3,30.000000,2.000000,230,30.000000,0x03,left,14.154414,603,0.137729,177,0,No fault,False,0x04,right,13.144169,648,0.178755,174,0,No fault,True,1.01
2026-08-12T14:30:54.682,1786537854.682699,8.004196,3,30.000000,2.000000,231,30.000000,0x03,left,14.593651,1005,0.108425,172,0,No fault,False,0x04,right,13.473596,692,0.149451,174,0,No fault,True,1.12
2026-08-12T14:30:54.696,1786537854.696363,8.017798,3,30.000000,2.000000,232,30.000000,0x03,left,15.208583,603,0.184615,173,0,No fault,False,0x04,right,14.110490,692,0.178755,175,0,No fault,True,1.10
2026-08-12T14:30:54.707,1786537854.707447,8.028875,3,30.000000,2.000000,233,30.000000,0x03,left,15.581934,692,0.202198,173,0,No fault,False,0x04,right,14.461880,737,0.213919,173,0,No fault,True,1.12
2026-08-12T14:30:54.718,1786537854.718472,8.039896,3,30.000000,2.000000,234,30.000000,0x03,left,15.955286,737,0.208059,176,0,No fault,False,0x04,right,14.857193,960,0.213919,174,0,No fault,True,1.10
2026-08-12T14:30:54.731,1786537854.731979,8.053400,3,30.000000,2.000000,235,30.000000,0x03,left,16.482370,737,0.155311,172,0,No fault,False,0x04,right,15.516049,871,0.137729,176,0,No fault,True,0.97
2026-08-12T14:30:54.742,1786537854.742907,8.064327,3,30.000000,2.000000,236,30.000000,0x03,left,16.877683,692,0.137729,174,0,No fault,False,0x04,right,15.889400,826,0.172894,171,0,No fault,True,0.99
2026-08-12T14:30:54.753,1786537854.753786,8.075205,3,30.000000,2.000000,237,30.000000,0x03,left,17.272997,826,0.120147,173,0,No fault,False,0x04,right,16.240790,737,0.219780,174,0,No fault,True,1.03
2026-08-12T14:30:54.767,1786537854.767632,8.089055,3,30.000000,2.000000,238,30.000000,0x03,left,17.844005,782,0.131868,174,0,No fault,False,0x04,right,16.965531,692,0.143590,173,0,No fault,True,0.88
2026-08-12T14:30:54.778,1786537854.778504,8.099925,3,30.000000,2.000000,239,30.000000,0x03,left,18.217356,782,0.149451,171,0,No fault,False,0x04,right,17.251035,826,0.172894,176,0,No fault,True,0.97
2026-08-12T14:30:54.860,1786537854.860637,8.182118,4,-30.000000,2.000000,1,30.000000,0x03,left,19.161716,558,0.219780,172,0,No fault,True,0x04,right,18.195395,782,0.196337,174,0,No fault,False,0.97
2026-08-12T14:30:54.873,1786537854.873544,8.194993,4,-30.000000,2.000000,2,29.980953,0x03,left,19.952343,782,0.090842,173,0,No fault,False,0x04,right,18.678555,648,0.172894,174,0,No fault,True,1.27
2026-08-12T14:30:54.886,1786537854.886829,8.208279,4,-30.000000,2.000000,3,29.953168,0x03,left,20.413542,558,0.172894,174,0,No fault,False,0x04,right,19.205640,692,0.161172,174,0,No fault,True,1.21
2026-08-12T14:30:54.898,1786537854.898946,8.220374,4,-30.000000,2.000000,4,29.911979,0x03,left,20.830817,558,0.196337,172,0,No fault,False,0x04,right,19.535067,514,0.219780,173,0,No fault,True,1.30
2026-08-12T14:30:54.912,1786537854.912414,8.233858,4,-30.000000,2.000000,5,29.863421,0x03,left,21.226130,648,0.184615,174,0,No fault,False,0x04,right,20.040190,603,0.202198,174,0,No fault,True,1.19
2026-08-12T14:30:54.924,1786537854.924427,8.245851,4,-30.000000,2.000000,6,29.795696,0x03,left,21.533596,782,0.178755,172,0,No fault,False,0x04,right,20.699046,603,0.131868,174,0,No fault,True,0.83
2026-08-12T14:30:54.935,1786537854.935450,8.256873,4,-30.000000,2.000000,7,29.725280,0x03,left,21.753215,424,0.290110,173,0,No fault,False,0x04,right,20.852779,737,0.202198,174,0,No fault,True,0.90
2026-08-12T14:30:54.948,1786537854.948380,8.269851,4,-30.000000,2.000000,8,29.649124,0x03,left,22.214413,469,0.202198,173,0,No fault,False,0x04,right,21.270054,380,0.254945,174,0,No fault,True,0.94
2026-08-12T14:30:54.960,1786537854.960375,8.281810,4,-30.000000,2.000000,9,29.550707,0x03,left,22.477956,692,0.131868,170,0,No fault,False,0x04,right,21.577520,648,0.202198,174,0,No fault,True,0.90
2026-08-12T14:30:54.973,1786537854.973976,8.295400,4,-30.000000,2.000000,10,29.448778,0x03,left,22.807383,737,0.096703,173,0,No fault,True,0x04,right,22.082642,737,0.137729,174,0,No fault,False,0.72
2026-08-12T14:30:54.985,1786537854.985588,8.307007,4,-30.000000,2.000000,11,29.320475,0x03,left,23.356430,737,0.120147,172,0,No fault,False,0x04,right,22.390108,871,0.172894,175,0,No fault,True,0.97
2026-08-12T14:30:54.996,1786537854.996391,8.317831,4,-30.000000,2.000000,12,29.200109,0x03,left,23.576048,558,0.161172,172,0,No fault,False,0x04,right,22.675612,514,0.219780,174,0,No fault,True,0.90
2026-08-12T14:30:55.009,1786537855.009647,8.331091,4,-30.000000,2.000000,13,29.075298,0x03,left,23.949400,469,0.161172,172,0,No fault,False,0x04,right,23.005040,692,0.254945,174,0,No fault,True,0.94
2026-08-12T14:30:55.021,1786537855.021594,8.343021,4,-30.000000,2.000000,14,28.916961,0x03,left,24.190980,335,0.231502,168,0,No fault,False,0x04,right,23.246621,469,0.260806,174,0,No fault,True,0.94
2026-08-12T14:30:55.038,1786537855.038305,8.359739,4,-30.000000,2.000000,15,28.763928,0x03,left,24.520408,514,0.190476,175,0,No fault,False,0x04,right,23.729781,558,0.161172,174,0,No fault,True,0.79
2026-08-12T14:30:55.051,1786537855.051394,8.372833,4,-30.000000,2.000000,16,28.529479,0x03,left,24.849836,380,0.149451,173,0,No fault,False,0x04,right,24.103133,648,0.184615,174,0,No fault,True,0.75
2026-08-12T14:30:55.062,1786537855.062991,8.384418,4,-30.000000,2.000000,17,28.331863,0x03,left,25.069454,290,0.190476,173,0,No fault,False,0x04,right,24.344713,469,0.178755,174,0,No fault,True,0.72
2026-08-12T14:30:55.073,1786537855.073961,8.395389,4,-30.000000,2.000000,18,28.149004,0x03,left,25.267111,648,0.149451,173,0,No fault,False,0x04,right,24.564332,558,0.260806,174,0,No fault,True,0.70
2026-08-12T14:30:55.087,1786537855.087027,8.408451,4,-30.000000,2.000000,19,27.962258,0x03,left,25.728310,469,0.073260,173,0,No fault,False,0x04,right,24.849836,424,0.167033,175,0,No fault,True,0.88
2026-08-12T14:30:55.098,1786537855.098688,8.420117,4,-30.000000,2.000000,20,27.737628,0x03,left,25.969890,424,0.079121,172,0,No fault,False,0x04,right,25.113378,603,0.190476,174,0,No fault,True,0.86
2026-08-12T14:30:55.109,1786537855.109775,8.431219,4,-30.000000,2.000000,21,27.523348,0x03,left,26.123623,469,0.114286,173,0,No fault,False,0x04,right,25.354958,469,0.155311,174,0,No fault,True,0.77
2026-08-12T14:30:55.122,1786537855.122979,8.444425,4,-30.000000,2.000000,22,27.307800,0x03,left,26.475013,335,0.120147,173,0,No fault,False,0x04,right,25.750272,380,0.184615,174,0,No fault,True,0.72
2026-08-12T14:30:55.134,1786537855.134533,8.455964,4,-30.000000,2.000000,23,27.045523,0x03,left,26.606784,290,0.161172,173,0,No fault,False,0x04,right,25.947928,469,0.202198,174,0,No fault,True,0.66
2026-08-12T14:30:55.145,1786537855.145535,8.466972,4,-30.000000,2.000000,24,26.807201,0x03,left,26.804441,246,0.155311,174,0,No fault,False,0x04,right,26.013814,156,0.336996,174,0,No fault,True,0.79
2026-08-12T14:30:55.159,1786537855.159027,8.480469,4,-30.000000,2.000000,25,26.569827,0x03,left,26.958174,-67,0.266667,173,0,No fault,False,0x04,right,26.277356,558,0.178755,173,0,No fault,True,0.68
2026-08-12T14:30:55.170,1786537855.170208,8.491648,4,-30.000000,2.000000,26,26.265888,0x03,left,27.024059,201,0.278388,170,0,No fault,False,0x04,right,26.453051,514,0.143590,174,0,No fault,True,0.57
2026-08-12T14:30:55.180,1786537855.180941,8.502370,4,-30.000000,2.000000,27,26.011532,0x03,left,27.221716,290,0.155311,173,0,No fault,False,0x04,right,26.606784,424,0.178755,174,0,No fault,True,0.61
2026-08-12T14:30:55.191,1786537855.191884,8.513307,4,-30.000000,2.000000,28,25.755959,0x03,left,27.331525,156,0.196337,172,0,No fault,False,0x04,right,26.826402,424,0.120147,174,0,No fault,True,0.51
2026-08-12T14:30:55.204,1786537855.204662,8.526087,4,-30.000000,2.000000,29,25.488270,0x03,left,27.419372,201,0.313553,172,0,No fault,False,0x04,right,27.089945,424,0.178755,174,0,No fault,True,0.33
2026-08-12T14:30:55.216,1786537855.216005,8.537425,4,-30.000000,2.000000,30,25.164967,0x03,left,27.419372,-67,0.342857,169,0,No fault,False,0x04,right,27.221716,424,0.149451,174,0,No fault,True,0.20
2026-08-12T14:30:55.231,1786537855.231995,8.553433,4,-30.000000,2.000000,31,24.870530,0x03,left,27.463296,22,0.319414,171,0,No fault,False,0x04,right,27.287601,112,0.155311,174,0,No fault,False,0.18
2026-08-12T14:30:55.251,1786537855.251909,8.573426,4,-30.000000,2.000000,32,24.436102,0x03,left,27.770762,201,0.090842,171,0,No fault,False,0x04,right,27.485258,67,0.272527,174,0,No fault,True,0.29
2026-08-12T14:30:55.266,1786537855.266903,8.588392,4,-30.000000,2.000000,33,23.875710,0x03,left,27.924495,-22,0.196337,172,0,No fault,False,0x04,right,27.726838,290,0.131868,175,0,No fault,True,0.20
2026-08-12T14:30:55.278,1786537855.278197,8.599627,4,-30.000000,2.000000,34,23.444547,0x03,left,28.166075,558,0.002930,172,0,No fault,False,0x04,right,27.836648,246,0.167033,175,0,No fault,True,0.33
2026-08-12T14:30:55.292,1786537855.292284,8.613706,4,-30.000000,2.000000,35,23.115182,0x03,left,28.275885,290,0.008791,172,0,No fault,False,0x04,right,27.880571,22,0.290110,174,0,No fault,True,0.40
2026-08-12T14:30:55.303,1786537855.303158,8.624579,4,-30.000000,2.000000,36,22.687379,0x03,left,28.341770,-112,0.190476,169,0,No fault,False,0x04,right,27.902533,22,0.290110,174,0,No fault,True,0.44
2026-08-12T14:30:55.317,1786537855.317755,8.639180,4,-30.000000,2.000000,37,22.346957,0x03,left,28.385694,201,0.213919,171,0,No fault,False,0x04,right,27.968419,201,0.249084,175,0,No fault,True,0.42
2026-08-12T14:30:55.328,1786537855.328657,8.650075,4,-30.000000,2.000000,38,21.884105,0x03,left,28.407656,201,0.213919,173,0,No fault,False,0x04,right,28.012342,335,0.178755,174,0,No fault,True,0.40
2026-08-12T14:30:55.343,1786537855.343228,8.664658,4,-30.000000,2.000000,39,21.527937,0x03,left,28.451579,-67,0.143590,173,0,No fault,False,0x04,right,28.209999,22,0.149451,174,0,No fault,True,0.24
2026-08-12T14:30:55.354,1786537855.354337,8.675760,4,-30.000000,2.000000,40,21.039358,0x03,left,28.605312,380,0.014652,171,0,No fault,False,0x04,right,28.253923,-67,0.137729,174,0,No fault,True,0.35
2026-08-12T14:30:55.368,1786537855.368735,8.690180,4,-30.000000,2.000000,41,20.659244,0x03,left,28.715122,156,0.090842,171,0,No fault,False,0x04,right,28.319808,-22,0.237363,173,0,No fault,True,0.40
2026-08-12T14:30:55.379,1786537855.379775,8.701205,4,-30.000000,2.000000,42,20.167865,0x03,left,28.802969,67,0.108425,172,0,No fault,False,0x04,right,28.319808,22,0.243223,174,0,No fault,True,0.48
2026-08-12T14:30:55.390,1786537855.390621,8.712068,4,-30.000000,2.000000,43,19.784074,0x03,left,28.802969,-156,0.149451,173,0,No fault,False,0x04,right,28.319808,-22,0.254945,174,0,No fault,True,0.48
2026-08-12T14:30:55.404,1786537855.404357,8.725779,4,-30.000000,2.000000,44,19.397354,0x03,left,28.824931,67,0.161172,171,0,No fault,False,0x04,right,28.319808,67,0.254945,174,0,No fault,True,0.51
2026-08-12T14:30:55.415,1786537855.415310,8.736757,4,-30.000000,2.000000,45,18.898583,0x03,left,28.824931,112,0.167033,173,0,No fault,False,0x04,right,28.341770,67,0.249084,174,0,No fault,True,0.48
2026-08-12T14:30:55.426,1786537855.426521,8.747970,4,-30.000000,2.000000,46,18.490935,0x03,left,28.824931,-112,0.172894,175,0,No fault,False,0x04,right,28.341770,67,0.266667,174,0,No fault,True,0.48
2026-08-12T14:30:55.448,1786537855.448931,8.770385,4,-30.000000,2.000000,47,18.067883,0x03,left,28.824931,-156,0.172894,173,0,No fault,True,0x04,right,28.341770,156,0.260806,174,0,No fault,False,0.48
2026-08-12T14:30:55.462,1786537855.462998,8.784448,4,-30.000000,2.000000,48,17.143066,0x03,left,28.824931,-22,0.172894,176,0,No fault,False,0x04,right,28.341770,22,0.254945,175,0,No fault,True,0.48
2026-08-12T14:30:55.477,1786537855.477418,8.798881,4,-30.000000,2.000000,49,16.670034,0x03,left,28.824931,-22,0.178755,172,0,No fault,False,0x04,right,28.319808,-112,0.260806,174,0,No fault,True,0.51
2026-08-12T14:30:55.488,1786537855.488581,8.810010,4,-30.000000,2.000000,50,16.101932,0x03,left,28.824931,-22,0.184615,173,0,No fault,False,0x04,right,28.341770,-22,0.243223,173,0,No fault,True,0.48
2026-08-12T14:30:55.502,1786537855.502978,8.824408,4,-30.000000,2.000000,51,15.650029,0x03,left,28.824931,-201,0.172894,172,0,No fault,False,0x04,right,28.341770,22,0.260806,173,0,No fault,True,0.48
2026-08-12T14:30:55.514,1786537855.514491,8.835924,4,-30.000000,2.000000,52,15.066751,0x03,left,28.824931,-156,0.167033,172,0,No fault,False,0x04,right,28.341770,112,0.260806,174,0,No fault,True,0.48
2026-08-12T14:30:55.528,1786537855.528439,8.849863,4,-30.000000,2.000000,53,14.601417,0x03,left,28.824931,67,0.167033,172,0,No fault,False,0x04,right,28.341770,67,0.260806,174,0,No fault,True,0.48
2026-08-12T14:30:55.539,1786537855.539369,8.860787,4,-30.000000,2.000000,54,14.027565,0x03,left,28.846893,156,0.178755,171,0,No fault,False,0x04,right,28.341770,22,0.260806,174,0,No fault,True,0.51
2026-08-12T14:30:55.553,1786537855.553874,8.875298,4,-30.000000,2.000000,55,13.569298,0x03,left,28.846893,112,0.178755,173,0,No fault,False,0x04,right,28.341770,246,0.266667,174,0,No fault,True,0.51
2026-08-12T14:30:55.564,1786537855.564770,8.886188,4,-30.000000,2.000000,56,12.958089,0x03,left,28.824931,-112,0.172894,173,0,No fault,False,0x04,right,28.341770,156,0.272527,172,0,No fault,True,0.48
2026-08-12T14:30:55.579,1786537855.579332,8.900751,4,-30.000000,2.000000,57,12.487877,0x03,left,28.824931,-67,0.155311,175,0,No fault,False,0x04,right,28.341770,112,0.260806,175,0,No fault,True,0.48
2026-08-12T14:30:55.590,1786537855.590201,8.911618,4,-30.000000,2.000000,58,11.866277,0x03,left,28.824931,-112,0.172894,172,0,No fault,False,0x04,right,28.341770,67,0.260806,174,0,No fault,True,0.48
2026-08-12T14:30:55.601,1786537855.601194,8.922612,4,-30.000000,2.000000,59,11.394300,0x03,left,28.824931,-201,0.172894,172,0,No fault,False,0x04,right,28.341770,22,0.260806,174,0,No fault,True,0.48
2026-08-12T14:30:55.615,1786537855.615007,8.936426,4,-30.000000,2.000000,60,10.905815,0x03,left,28.824931,22,0.172894,172,0,No fault,False,0x04,right,28.341770,67,0.260806,174,0,No fault,True,0.48
2026-08-12T14:30:55.625,1786537855.625858,8.947277,4,-30.000000,2.000000,61,10.304772,0x03,left,28.824931,-112,0.184615,171,0,No fault,False,0x04,right,28.341770,22,0.260806,171,0,No fault,True,0.48
2026-08-12T14:30:55.636,1786537855.636862,8.958281,4,-30.000000,2.000000,62,9.822457,0x03,left,28.846893,67,0.167033,172,0,No fault,False,0x04,right,28.341770,-22,0.260806,173,0,No fault,True,0.51
2026-08-12T14:30:55.656,1786537855.656444,8.977882,4,-30.000000,2.000000,63,9.331020,0x03,left,28.824931,-22,0.167033,172,0,No fault,False,0x04,right,28.341770,-67,0.249084,174,0,No fault,True,0.48
2026-08-12T14:30:55.669,1786537855.669715,8.991151,4,-30.000000,2.000000,64,8.443897,0x03,left,28.846893,156,0.172894,170,0,No fault,False,0x04,right,28.341770,-67,0.260806,174,0,No fault,True,0.51
2026-08-12T14:30:55.680,1786537855.680858,9.002313,4,-30.000000,2.000000,65,7.844738,0x03,left,28.824931,-67,0.167033,171,0,No fault,False,0x04,right,28.341770,-67,0.260806,174,0,No fault,True,0.48
2026-08-12T14:30:55.693,1786537855.693132,9.014703,4,-30.000000,2.000000,66,7.331297,0x03,left,28.824931,-67,0.172894,173,0,No fault,False,0x04,right,28.341770,-112,0.254945,173,0,No fault,True,0.48
2026-08-12T14:30:55.705,1786537855.705980,9.027416,4,-30.000000,2.000000,67,6.751227,0x03,left,28.824931,-201,0.161172,172,0,No fault,False,0x04,right,28.341770,112,0.272527,174,0,No fault,True,0.48
2026-08-12T14:30:55.716,1786537855.716872,9.038290,4,-30.000000,2.000000,68,6.184394,0x03,left,28.824931,-246,0.172894,172,0,No fault,False,0x04,right,28.341770,67,0.249084,174,0,No fault,True,0.48
2026-08-12T14:30:55.727,1786537855.727680,9.049098,4,-30.000000,2.000000,69,5.683832,0x03,left,28.824931,-112,0.161172,175,0,No fault,False,0x04,right,28.341770,67,0.237363,174,0,No fault,True,0.48
2026-08-12T14:30:55.738,1786537855.738481,9.059898,4,-30.000000,2.000000,70,5.183408,0x03,left,28.824931,-156,0.172894,173,0,No fault,False,0x04,right,28.341770,-22,0.249084,174,0,No fault,True,0.48
2026-08-12T14:30:55.749,1786537855.749422,9.070868,4,-30.000000,2.000000,71,4.681848,0x03,left,28.824931,-67,0.178755,173,0,No fault,False,0x04,right,28.341770,22,0.243223,174,0,No fault,True,0.48
2026-08-12T14:30:55.762,1786537855.762526,9.083951,4,-30.000000,2.000000,72,4.150928,0x03,left,28.824931,-112,0.178755,170,0,No fault,False,0x04,right,28.341770,-22,0.272527,176,0,No fault,True,0.48
2026-08-12T14:30:55.773,1786537855.773518,9.094938,4,-30.000000,2.000000,73,3.555890,0x03,left,28.824931,-22,0.161172,172,0,No fault,False,0x04,right,28.341770,22,0.249084,174,0,No fault,True,0.48
2026-08-12T14:30:55.784,1786537855.784461,9.105881,4,-30.000000,2.000000,74,3.043212,0x03,left,28.824931,-22,0.161172,175,0,No fault,False,0x04,right,28.341770,22,0.260806,173,0,No fault,True,0.48
2026-08-12T14:30:55.797,1786537855.797931,9.119352,4,-30.000000,2.000000,75,2.529703,0x03,left,28.824931,-246,0.178755,173,0,No fault,True,0x04,right,28.341770,-22,0.243223,174,0,No fault,False,0.48
2026-08-12T14:30:55.808,1786537855.808860,9.130286,4,-30.000000,2.000000,76,1.896944,0x03,left,28.846893,290,0.172894,172,0,No fault,False,0x04,right,28.341770,-67,0.260806,174,0,No fault,True,0.51
2026-08-12T14:30:55.819,1786537855.819833,9.141252,4,-30.000000,2.000000,77,1.382204,0x03,left,28.846893,156,0.172894,172,0,No fault,False,0x04,right,28.341770,-156,0.260806,177,0,No fault,True,0.51
2026-08-12T14:30:55.830,1786537855.830957,9.152388,4,-30.000000,2.000000,78,0.865877,0x03,left,28.824931,-156,0.167033,172,0,No fault,False,0x04,right,28.319808,-156,0.266667,174,0,No fault,True,0.51
2026-08-12T14:30:55.856,1786537855.856444,9.177888,4,-30.000000,2.000000,79,0.327789,0x03,left,28.824931,-67,0.184615,172,0,No fault,True,0x04,right,28.341770,-112,0.254945,174,0,No fault,False,0.48
2026-08-12T14:30:55.867,1786537855.867844,9.189300,4,-30.000000,2.000000,80,-0.867112,0x03,left,28.824931,22,0.172894,174,0,No fault,False,0x04,right,28.341770,-156,0.254945,174,0,No fault,True,0.48
2026-08-12T14:30:55.882,1786537855.882351,9.203784,4,-30.000000,2.000000,81,-1.406420,0x03,left,28.824931,-22,0.172894,170,0,No fault,False,0x04,right,28.341770,-22,0.260806,173,0,No fault,True,0.48
2026-08-12T14:30:55.893,1786537855.893276,9.214695,4,-30.000000,2.000000,82,-2.079423,0x03,left,28.824931,22,0.172894,173,0,No fault,False,0x04,right,28.341770,-156,0.260806,175,0,No fault,True,0.48
2026-08-12T14:30:55.907,1786537855.907820,9.229238,4,-30.000000,2.000000,83,-2.592360,0x03,left,28.824931,22,0.167033,172,0,No fault,False,0x04,right,28.341770,156,0.254945,174,0,No fault,True,0.48
2026-08-12T14:30:55.918,1786537855.918901,9.240346,4,-30.000000,2.000000,84,-3.272712,0x03,left,28.824931,22,0.178755,172,0,No fault,False,0x04,right,28.341770,-67,0.260806,174,0,No fault,True,0.48
2026-08-12T14:30:55.933,1786537855.933414,9.254894,4,-30.000000,2.000000,85,-3.799316,0x03,left,28.846893,201,0.184615,173,0,No fault,False,0x04,right,28.341770,-67,0.243223,175,0,No fault,True,0.51
2026-08-12T14:30:55.944,1786537855.944549,9.265976,4,-30.000000,2.000000,86,-4.479430,0x03,left,28.824931,22,0.172894,172,0,No fault,False,0x04,right,28.341770,-112,0.254945,175,0,No fault,True,0.48
2026-08-12T14:30:55.958,1786537855.958876,9.280307,4,-30.000000,2.000000,87,-4.993023,0x03,left,28.824931,-335,0.178755,173,0,No fault,False,0x04,right,28.341770,-201,0.266667,174,0,No fault,True,0.48
2026-08-12T14:30:55.969,1786537855.969579,9.291002,4,-30.000000,2.000000,88,-5.652816,0x03,left,28.824931,-156,0.161172,172,0,No fault,False,0x04,right,28.341770,-22,0.266667,173,0,No fault,True,0.48
2026-08-12T14:30:55.980,1786537855.980387,9.301799,4,-30.000000,2.000000,89,-6.146553,0x03,left,28.824931,-22,0.178755,173,0,No fault,False,0x04,right,28.341770,67,0.254945,174,0,No fault,True,0.48
2026-08-12T14:30:55.994,1786537855.994420,9.315847,4,-30.000000,2.000000,90,-6.641912,0x03,left,28.824931,-22,0.172894,174,0,No fault,False,0x04,right,28.341770,67,0.249084,174,0,No fault,True,0.48
2026-08-12T14:30:56.005,1786537856.005275,9.326694,4,-30.000000,2.000000,91,-7.288258,0x03,left,28.846893,67,0.167033,172,0,No fault,False,0x04,right,28.341770,112,0.243223,174,0,No fault,True,0.51
2026-08-12T14:30:56.016,1786537856.016097,9.337515,4,-30.000000,2.000000,92,-7.782953,0x03,left,28.824931,-112,0.167033,173,0,No fault,False,0x04,right,28.341770,22,0.249084,174,0,No fault,True,0.48
2026-08-12T14:30:56.030,1786537856.030084,9.351507,4,-30.000000,2.000000,93,-8.283798,0x03,left,28.824931,-156,0.178755,173,0,No fault,False,0x04,right,28.341770,112,0.260806,173,0,No fault,True,0.48
2026-08-12T14:30:56.040,1786537856.040894,9.362322,4,-30.000000,2.000000,94,-8.905469,0x03,left,28.824931,-201,0.184615,173,0,No fault,False,0x04,right,28.341770,-112,0.254945,174,0,No fault,True,0.48
2026-08-12T14:30:56.061,1786537856.061785,9.383224,4,-30.000000,2.000000,95,-9.392804,0x03,left,28.824931,-67,0.167033,173,0,No fault,True,0x04,right,28.341770,-67,0.249084,174,0,No fault,False,0.48
2026-08-12T14:30:56.074,1786537856.074923,9.396346,4,-30.000000,2.000000,96,-10.326428,0x03,left,28.824931,-22,0.178755,172,0,No fault,False,0x04,right,28.341770,-112,0.254945,174,0,No fault,True,0.48
2026-08-12T14:30:56.085,1786537856.085999,9.407421,4,-30.000000,2.000000,97,-10.899969,0x03,left,28.846893,201,0.167033,172,0,No fault,False,0x04,right,28.341770,22,0.260806,174,0,No fault,True,0.51
2026-08-12T14:30:56.096,1786537856.096856,9.418276,4,-30.000000,2.000000,98,-11.384178,0x03,left,28.824931,-22,0.172894,173,0,No fault,False,0x04,right,28.341770,-67,0.243223,175,0,No fault,True,0.48
2026-08-12T14:30:56.107,1786537856.107675,9.429094,4,-30.000000,2.000000,99,-11.854917,0x03,left,28.824931,22,0.172894,173,0,No fault,False,0x04,right,28.341770,67,0.254945,175,0,No fault,True,0.48
2026-08-12T14:30:56.120,1786537856.120748,9.442166,4,-30.000000,2.000000,100,-12.324638,0x03,left,28.846893,112,0.172894,173,0,No fault,False,0x04,right,28.341770,-67,0.260806,174,0,No fault,True,0.51
2026-08-12T14:30:56.131,1786537856.131926,9.453343,4,-30.000000,2.000000,101,-12.885899,0x03,left,28.824931,-156,0.167033,169,0,No fault,False,0x04,right,28.341770,-67,0.254945,173,0,No fault,True,0.48
2026-08-12T14:30:56.142,1786537856.142799,9.464220,4,-30.000000,2.000000,102,-13.354513,0x03,left,28.846893,156,0.172894,172,0,No fault,False,0x04,right,28.341770,-156,0.254945,176,0,No fault,True,0.51
2026-08-12T14:30:56.153,1786537856.153599,9.475015,4,-30.000000,2.000000,103,-13.811150,0x03,left,28.824931,-67,0.172894,172,0,No fault,False,0x04,right,28.341770,22,0.254945,174,0,No fault,True,0.48
2026-08-12T14:30:56.166,1786537856.166658,9.488075,4,-30.000000,2.000000,104,-14.263168,0x03,left,28.846893,67,0.172894,173,0,No fault,False,0x04,right,28.341770,-112,0.249084,175,0,No fault,True,0.51
2026-08-12T14:30:56.177,1786537856.177889,9.499306,4,-30.000000,2.000000,105,-14.799146,0x03,left,28.846893,201,0.172894,173,0,No fault,False,0x04,right,28.341770,-112,0.243223,174,0,No fault,True,0.51
2026-08-12T14:30:56.188,1786537856.188850,9.510292,4,-30.000000,2.000000,106,-15.257624,0x03,left,28.846893,67,0.172894,171,0,No fault,False,0x04,right,28.341770,-112,0.260806,174,0,No fault,True,0.51
2026-08-12T14:30:56.202,1786537856.202639,9.524069,4,-30.000000,2.000000,107,-15.707670,0x03,left,28.846893,156,0.172894,172,0,No fault,True,0x04,right,28.341770,-156,0.254945,174,0,No fault,False,0.51
2026-08-12T14:30:56.213,1786537856.213589,9.535009,4,-30.000000,2.000000,108,-16.252427,0x03,left,28.824931,-67,0.172894,173,0,No fault,False,0x04,right,28.363732,156,0.249084,174,0,No fault,True,0.46
2026-08-12T14:30:56.224,1786537856.224543,9.545977,4,-30.000000,2.000000,109,-16.681675,0x03,left,28.824931,-22,0.172894,164,0,No fault,False,0x04,right,28.341770,22,0.266667,174,0,No fault,True,0.48
2026-08-12T14:30:56.238,1786537856.238184,9.559616,4,-30.000000,2.000000,110,-17.111611,0x03,left,28.824931,-156,0.172894,170,0,No fault,True,0x04,right,28.341770,-22,0.254945,175,0,No fault,False,0.48
2026-08-12T14:30:56.249,1786537856.249237,9.570669,4,-30.000000,2.000000,111,-17.636760,0x03,left,28.824931,-156,0.172894,175,0,No fault,False,0x04,right,28.341770,-67,0.260806,174,0,No fault,True,0.48
2026-08-12T14:30:56.272,1786537856.272000,9.593459,4,-30.000000,2.000000,112,-18.055456,0x03,left,28.824931,-67,0.161172,172,0,No fault,False,0x04,right,28.341770,-156,0.260806,174,0,No fault,True,0.48
2026-08-12T14:30:56.285,1786537856.285333,9.606897,4,-30.000000,2.000000,113,-18.903219,0x03,left,28.846893,112,0.172894,172,0,No fault,False,0x04,right,28.341770,22,0.266667,174,0,No fault,True,0.51
2026-08-12T14:30:56.296,1786537856.296853,9.618309,4,-30.000000,2.000000,114,-19.398542,0x03,left,28.824931,-67,0.167033,172,0,No fault,False,0x04,right,28.341770,-112,0.249084,174,0,No fault,True,0.48
2026-08-12T14:30:56.307,1786537856.307849,9.629281,4,-30.000000,2.000000,115,-19.796190,0x03,left,28.824931,22,0.178755,170,0,No fault,False,0x04,right,28.363732,201,0.272527,173,0,No fault,True,0.46
2026-08-12T14:30:56.320,1786537856.320924,9.642348,4,-30.000000,2.000000,116,-20.180992,0x03,left,28.824931,22,0.172894,172,0,No fault,False,0x04,right,28.363732,156,0.260806,175,0,No fault,True,0.46
2026-08-12T14:30:56.332,1786537856.332523,9.653942,4,-30.000000,2.000000,117,-20.629653,0x03,left,28.824931,-112,0.167033,170,0,No fault,False,0x04,right,28.341770,22,0.249084,175,0,No fault,True,0.48
2026-08-12T14:30:56.343,1786537856.343376,9.664799,4,-30.000000,2.000000,118,-21.022452,0x03,left,28.824931,-67,0.155311,170,0,No fault,False,0x04,right,28.341770,-22,0.260806,174,0,No fault,True,0.48
2026-08-12T14:30:56.356,1786537856.356893,9.678312,4,-30.000000,2.000000,119,-21.384341,0x03,left,28.824931,-156,0.155311,172,0,No fault,True,0x04,right,28.341770,-22,0.254945,172,0,No fault,False,0.48
2026-08-12T14:30:56.368,1786537856.368282,9.689699,4,-30.000000,2.000000,120,-21.826382,0x03,left,28.846893,112,0.137729,173,0,No fault,False,0x04,right,28.363732,246,0.249084,174,0,No fault,True,0.48
2026-08-12T14:30:56.379,1786537856.379097,9.700516,4,-30.000000,2.000000,121,-22.190667,0x03,left,28.824931,-290,0.114286,172,0,No fault,False,0x04,right,28.341770,-67,0.231502,175,0,No fault,True,0.48
2026-08-12T14:30:56.392,1786537856.392291,9.713709,4,-30.000000,2.000000,122,-22.537980,0x03,left,28.846893,201,0.114286,170,0,No fault,False,0x04,right,28.341770,-22,0.231502,174,0,No fault,True,0.51
2026-08-12T14:30:56.403,1786537856.403994,9.725411,4,-30.000000,2.000000,123,-22.936261,0x03,left,28.824931,-112,0.102564,173,0,No fault,False,0x04,right,28.341770,67,0.213919,173,0,No fault,True,0.48
2026-08-12T14:30:56.414,1786537856.414906,9.736335,4,-30.000000,2.000000,124,-23.287742,0x03,left,28.824931,22,0.096703,172,0,No fault,False,0x04,right,28.341770,112,0.202198,175,0,No fault,True,0.48
2026-08-12T14:30:56.428,1786537856.428014,9.749441,4,-30.000000,2.000000,125,-23.621092,0x03,left,28.824931,22,0.061538,172,0,No fault,False,0x04,right,28.341770,22,0.167033,174,0,No fault,True,0.48
2026-08-12T14:30:56.440,1786537856.440298,9.761733,4,-30.000000,2.000000,126,-23.986071,0x03,left,28.802969,-112,0.038095,173,0,No fault,False,0x04,right,28.341770,67,0.161172,174,0,No fault,True,0.46
2026-08-12T14:30:56.458,1786537856.458837,9.780276,4,-30.000000,2.000000,127,-24.333364,0x03,left,28.802969,-67,0.020513,173,0,No fault,False,0x04,right,28.341770,-22,0.126007,175,0,No fault,False,0.46
2026-08-12T14:30:56.475,1786537856.475921,9.797364,4,-30.000000,2.000000,128,-24.938339,0x03,left,28.802969,67,-0.002930,173,0,No fault,False,0x04,right,28.341770,-67,0.096703,174,0,No fault,True,0.46
2026-08-12T14:30:56.490,1786537856.490794,9.812223,4,-30.000000,2.000000,129,-25.282304,0x03,left,28.802969,22,-0.038095,172,0,No fault,False,0x04,right,28.341770,-22,0.096703,175,0,No fault,True,0.46
2026-08-12T14:30:56.501,1786537856.501823,9.823256,4,-30.000000,2.000000,130,-25.643346,0x03,left,28.781007,-112,-0.090842,173,0,No fault,False,0x04,right,28.319808,-67,0.067399,174,0,No fault,True,0.46
2026-08-12T14:30:56.516,1786537856.516352,9.837778,4,-30.000000,2.000000,131,-25.909980,0x03,left,28.781007,-67,-0.120147,173,0,No fault,False,0x04,right,28.319808,-67,0.032234,174,0,No fault,True,0.46
2026-08-12T14:30:56.527,1786537856.527282,9.848703,4,-30.000000,2.000000,132,-26.247334,0x03,left,28.759045,-22,-0.131868,173,0,No fault,False,0x04,right,28.319808,-22,-0.008791,171,0,No fault,True,0.44
2026-08-12T14:30:56.541,1786537856.541961,9.863407,4,-30.000000,2.000000,133,-26.493015,0x03,left,28.759045,112,-0.161172,173,0,No fault,False,0x04,right,28.319808,156,-0.032234,174,0,No fault,True,0.44
2026-08-12T14:30:56.557,1786537856.557214,9.878651,4,-30.000000,2.000000,134,-26.815735,0x03,left,28.715122,-67,-0.208059,171,0,No fault,False,0x04,right,28.297847,67,-0.084982,176,0,No fault,True,0.42
2026-08-12T14:30:56.568,1786537856.568421,9.889849,4,-30.000000,2.000000,135,-27.127632,0x03,left,28.649236,-290,-0.178755,172,0,No fault,False,0x04,right,28.275885,-22,-0.120147,174,0,No fault,True,0.37
2026-08-12T14:30:56.582,1786537856.582786,9.904216,4,-30.000000,2.000000,136,-27.346803,0x03,left,28.561389,-201,-0.161172,172,0,No fault,False,0x04,right,28.275885,-112,-0.161172,177,0,No fault,True,0.29
2026-08-12T14:30:56.593,1786537856.593812,9.915236,4,-30.000000,2.000000,137,-27.618351,0x03,left,28.539427,112,-0.301832,173,0,No fault,False,0x04,right,28.253923,-156,-0.184615,174,0,No fault,True,0.29
2026-08-12T14:30:56.608,1786537856.608152,9.929572,4,-30.000000,2.000000,138,-27.816559,0x03,left,28.495503,-67,-0.295971,172,0,No fault,False,0x04,right,28.209999,-201,-0.178755,174,0,No fault,True,0.29
2026-08-12T14:30:56.619,1786537856.619103,9.940524,4,-30.000000,2.000000,139,-28.062223,0x03,left,28.363732,-424,-0.190476,172,0,No fault,False,0x04,right,28.166075,-22,-0.155311,174,0,No fault,True,0.20
2026-08-12T14:30:56.633,1786537856.633635,9.955056,4,-30.000000,2.000000,140,-28.242432,0x03,left,28.122152,-290,-0.167033,172,0,No fault,False,0x04,right,28.056266,-22,-0.243223,173,0,No fault,True,0.07
2026-08-12T14:30:56.644,1786537856.644494,9.965915,4,-30.000000,2.000000,141,-28.464434,0x03,left,28.034304,-156,-0.307692,167,0,No fault,False,0x04,right,28.034304,-22,-0.295971,175,0,No fault,True,0.00
2026-08-12T14:30:56.672,1786537856.672736,9.994196,4,-30.000000,2.000000,142,-28.636802,0x03,left,27.792724,-469,-0.161172,172,0,No fault,True,0x04,right,27.880571,-335,-0.178755,173,0,No fault,False,-0.09
2026-08-12T14:30:56.686,1786537856.686071,10.007559,4,-30.000000,2.000000,143,-28.995016,0x03,left,27.221716,-603,-0.079121,170,0,No fault,False,0x04,right,27.595067,-201,-0.167033,174,0,No fault,True,-0.37
2026-08-12T14:30:56.697,1786537856.697572,10.019068,4,-30.000000,2.000000,144,-29.150409,0x03,left,27.067983,-112,-0.137729,176,0,No fault,False,0x04,right,27.441334,-514,-0.290110,174,0,No fault,True,-0.37
2026-08-12T14:30:56.711,1786537856.711442,10.032878,4,-30.000000,2.000000,145,-29.274941,0x03,left,26.650708,-692,-0.126007,173,0,No fault,False,0x04,right,27.177792,-424,-0.143590,173,0,No fault,True,-0.53
2026-08-12T14:30:56.722,1786537856.722412,10.043835,4,-30.000000,2.000000,146,-29.407932,0x03,left,26.496975,-424,-0.196337,174,0,No fault,False,0x04,right,27.024059,-156,-0.260806,174,0,No fault,True,-0.53
2026-08-12T14:30:56.733,1786537856.733299,10.054718,4,-30.000000,2.000000,147,-29.505229,0x03,left,26.255394,-558,-0.167033,172,0,No fault,False,0x04,right,26.892288,-603,-0.219780,174,0,No fault,True,-0.64
2026-08-12T14:30:56.744,1786537856.744276,10.065697,4,-30.000000,2.000000,148,-29.593720,0x03,left,25.925966,-692,-0.196337,172,0,No fault,False,0x04,right,26.672669,-558,-0.208059,174,0,No fault,True,-0.75
2026-08-12T14:30:56.757,1786537856.757352,10.078770,4,-30.000000,2.000000,149,-29.674327,0x03,left,25.684386,-335,-0.190476,171,0,No fault,False,0x04,right,26.365204,-648,-0.196337,174,0,No fault,True,-0.68
2026-08-12T14:30:56.768,1786537856.768236,10.089654,4,-30.000000,2.000000,150,-29.758512,0x03,left,25.442806,-514,-0.208059,172,0,No fault,False,0x04,right,26.123623,-424,-0.213919,174,0,No fault,True,-0.68
2026-08-12T14:30:56.779,1786537856.779075,10.100493,4,-30.000000,2.000000,151,-29.818882,0x03,left,25.179264,-737,-0.208059,173,0,No fault,False,0x04,right,25.838119,-737,-0.149451,174,0,No fault,True,-0.66
2026-08-12T14:30:56.790,1786537856.790039,10.111474,4,-30.000000,2.000000,152,-29.870611,0x03,left,24.871798,-603,-0.155311,173,0,No fault,False,0x04,right,25.574577,-290,-0.213919,174,0,No fault,True,-0.70
2026-08-12T14:30:56.803,1786537856.803888,10.125323,4,-30.000000,2.000000,153,-29.914645,0x03,left,24.498446,-692,-0.149451,173,0,No fault,False,0x04,right,25.201225,-424,-0.208059,175,0,No fault,True,-0.70
2026-08-12T14:30:56.814,1786537856.814933,10.136358,4,-30.000000,2.000000,154,-29.956668,0x03,left,24.147056,-648,-0.184615,172,0,No fault,False,0x04,right,24.959645,-558,-0.225641,174,0,No fault,True,-0.81
2026-08-12T14:30:56.825,1786537856.825941,10.147368,4,-30.000000,2.000000,155,-29.979996,0x03,left,23.773705,-692,-0.149451,172,0,No fault,False,0x04,right,24.696103,-558,-0.225641,174,0,No fault,True,-0.92
2026-08-12T14:30:56.839,1786537856.839540,10.160969,4,-30.000000,2.000000,156,-29.994449,0x03,left,23.378392,-782,-0.167033,172,0,No fault,False,0x04,right,24.234904,-782,-0.155311,174,0,No fault,True,-0.86
2026-08-12T14:30:56.850,1786537856.850410,10.171833,4,-30.000000,2.000000,157,-30.000000,0x03,left,23.027002,-692,-0.190476,173,0,No fault,False,0x04,right,23.905476,-558,-0.196337,175,0,No fault,True,-0.88
2026-08-12T14:30:56.871,1786537856.871677,10.193107,4,-30.000000,2.000000,158,-30.000000,0x03,left,22.741498,-380,-0.272527,174,0,No fault,True,0x04,right,23.554086,-514,-0.213919,174,0,No fault,False,-0.81
2026-08-12T14:30:56.882,1786537856.882771,10.204205,4,-30.000000,2.000000,159,-30.000000,0x03,left,22.060680,-648,-0.167033,172,0,No fault,False,0x04,right,23.224659,-469,-0.272527,174,0,No fault,True,-1.16
2026-08-12T14:30:56.893,1786537856.893815,10.215241,4,-30.000000,2.000000,160,-30.000000,0x03,left,21.863024,-648,-0.120147,172,0,No fault,False,0x04,right,22.873269,-871,-0.190476,175,0,No fault,True,-1.01
2026-08-12T14:30:56.907,1786537856.907439,10.228862,4,-30.000000,2.000000,161,-30.000000,0x03,left,21.313978,-826,-0.143590,172,0,No fault,False,0x04,right,22.148528,-603,-0.202198,176,0,No fault,True,-0.83
2026-08-12T14:30:56.918,1786537856.918561,10.239995,4,-30.000000,2.000000,162,-30.000000,0x03,left,20.984550,-826,-0.184615,173,0,No fault,False,0x04,right,21.928909,-469,-0.219780,173,0,No fault,True,-0.94
2026-08-12T14:30:56.929,1786537856.929673,10.251111,4,-30.000000,2.000000,163,-30.000000,0x03,left,20.611198,-737,-0.172894,173,0,No fault,False,0x04,right,21.665367,-514,-0.284249,174,0,No fault,True,-1.05
2026-08-12T14:30:56.943,1786537856.943494,10.264959,4,-30.000000,2.000000,164,-30.000000,0x03,left,20.040190,-826,-0.161172,171,0,No fault,False,0x04,right,21.138283,-692,-0.178755,174,0,No fault,True,-1.10
2026-08-12T14:30:56.954,1786537856.954689,10.276147,4,-30.000000,2.000000,165,-30.000000,0x03,left,19.688800,-603,-0.172894,172,0,No fault,False,0x04,right,20.742969,-871,-0.196337,172,0,No fault,True,-1.05
2026-08-12T14:30:56.966,1786537856.966121,10.287576,4,-30.000000,2.000000,166,-30.000000,0x03,left,19.403296,-514,-0.284249,172,0,No fault,False,0x04,right,20.391580,-737,-0.213919,171,0,No fault,True,-0.99
2026-08-12T14:30:56.979,1786537856.979291,10.300726,4,-30.000000,2.000000,167,-30.000000,0x03,left,18.832288,-960,-0.149451,173,0,No fault,False,0x04,right,19.842533,-871,-0.213919,174,0,No fault,True,-1.01
2026-08-12T14:30:56.990,1786537856.990210,10.311641,4,-30.000000,2.000000,168,-30.000000,0x03,left,18.371089,-826,-0.102564,170,0,No fault,False,0x04,right,19.447220,-782,-0.172894,174,0,No fault,True,-1.08
2026-08-12T14:30:57.001,1786537857.001071,10.322499,4,-30.000000,2.000000,169,-30.000000,0x03,left,17.909890,-648,-0.190476,172,0,No fault,False,0x04,right,19.007983,-826,-0.190476,173,0,No fault,True,-1.10
2026-08-12T14:30:57.012,1786537857.012058,10.333479,4,-30.000000,2.000000,170,-30.000000,0x03,left,17.580463,-826,-0.190476,173,0,No fault,False,0x04,right,18.678555,-826,-0.190476,175,0,No fault,True,-1.10
2026-08-12T14:30:57.025,1786537857.025470,10.346893,4,-30.000000,2.000000,171,-30.000000,0x03,left,16.899645,-871,-0.202198,172,0,No fault,False,0x04,right,18.085585,-737,-0.202198,174,0,No fault,True,-1.19
2026-08-12T14:30:57.036,1786537857.036316,10.357735,4,-30.000000,2.000000,172,-30.000000,0x03,left,16.482370,-960,-0.202198,172,0,No fault,False,0x04,right,17.712234,-826,-0.184615,174,0,No fault,True,-1.23
2026-08-12T14:30:57.047,1786537857.047177,10.368599,4,-30.000000,2.000000,173,-30.000000,0x03,left,16.196866,-826,-0.155311,173,0,No fault,False,0x04,right,17.294959,-1050,-0.167033,174,0,No fault,True,-1.10
2026-08-12T14:30:57.058,1786537857.058100,10.379520,4,-30.000000,2.000000,174,-30.000000,0x03,left,15.472125,-916,-0.102564,173,0,No fault,False,0x04,right,16.877683,-960,-0.178755,176,0,No fault,True,-1.41
2026-08-12T14:30:57.080,1786537857.080094,10.401532,4,-30.000000,2.000000,175,-30.000000,0x03,left,15.318392,-1184,-0.114286,174,0,No fault,True,0x04,right,16.284713,-782,-0.196337,174,0,No fault,False,-0.97
2026-08-12T14:30:57.093,1786537857.093553,10.414979,4,-30.000000,2.000000,176,-30.000000,0x03,left,14.242261,-692,-0.184615,171,0,No fault,False,0x04,right,15.603896,-1050,-0.190476,173,0,No fault,True,-1.36
2026-08-12T14:30:57.104,1786537857.104521,10.425943,4,-30.000000,2.000000,177,-30.000000,0x03,left,14.044604,-826,-0.196337,172,0,No fault,False,0x04,right,15.164659,-871,-0.213919,174,0,No fault,True,-1.12
2026-08-12T14:30:57.119,1786537857.119042,10.440461,4,-30.000000,2.000000,178,-30.000000,0x03,left,13.473596,-871,-0.161172,172,0,No fault,False,0x04,right,14.374032,-916,-0.161172,174,0,No fault,True,-0.90
2026-08-12T14:30:57.129,1786537857.129858,10.451277,4,-30.000000,2.000000,179,-30.000000,0x03,left,12.990436,-960,-0.096703,172,0,No fault,False,0x04,right,13.912833,-826,-0.149451,174,0,No fault,True,-0.92
2026-08-12T14:30:57.144,1786537857.144600,10.466020,4,-30.000000,2.000000,180,-30.000000,0x03,left,12.155885,-1139,-0.114286,173,0,No fault,False,0x04,right,13.363787,-916,-0.237363,175,0,No fault,True,-1.21
2026-08-12T14:30:57.155,1786537857.155659,10.477079,4,-30.000000,2.000000,181,-30.000000,0x03,left,11.782534,-1050,-0.137729,172,0,No fault,False,0x04,right,12.836703,-1094,-0.190476,172,0,No fault,True,-1.05
2026-08-12T14:30:57.170,1786537857.170104,10.491524,4,-30.000000,2.000000,182,-30.000000,0x03,left,11.079754,-871,-0.190476,172,0,No fault,False,0x04,right,12.243733,-916,-0.184615,178,0,No fault,True,-1.16
2026-08-12T14:30:57.180,1786537857.180896,10.502313,4,-30.000000,2.000000,183,-30.000000,0x03,left,10.640517,-782,-0.167033,172,0,No fault,False,0x04,right,11.804496,-782,-0.231502,169,0,No fault,True,-1.16
2026-08-12T14:30:57.195,1786537857.195695,10.517144,4,-30.000000,2.000000,184,-30.000000,0x03,left,9.937738,-1094,-0.067399,171,0,No fault,False,0x04,right,11.145640,-1005,-0.167033,174,0,No fault,True,-1.21
2026-08-12T14:30:57.207,1786537857.207180,10.528640,4,-30.000000,2.000000,185,-30.000000,0x03,left,9.234959,-960,-0.149451,173,0,No fault,False,0x04,right,10.662479,-916,-0.161172,176,0,No fault,True,-1.43
2026-08-12T14:30:57.221,1786537857.221194,10.542630,4,-30.000000,2.000000,186,-30.000000,0x03,left,8.751798,-1318,-0.155311,175,0,No fault,False,0x04,right,9.871853,-916,-0.196337,175,0,No fault,True,-1.12
2026-08-12T14:30:57.232,1786537857.232091,10.553515,4,-30.000000,2.000000,187,-30.000000,0x03,left,8.312561,-960,-0.155311,167,0,No fault,False,0x04,right,9.564387,-960,-0.196337,174,0,No fault,True,-1.25
2026-08-12T14:30:57.246,1786537857.246688,10.568111,4,-30.000000,2.000000,188,-30.000000,0x03,left,7.675667,-826,-0.172894,172,0,No fault,False,0x04,right,8.795722,-871,-0.219780,176,0,No fault,True,-1.12
2026-08-12T14:30:57.257,1786537857.257587,10.579009,4,-30.000000,2.000000,189,-30.000000,0x03,left,7.192507,-1005,-0.090842,173,0,No fault,False,0x04,right,8.400408,-916,-0.196337,174,0,No fault,True,-1.21
2026-08-12T14:30:57.281,1786537857.281369,10.602807,4,-30.000000,2.000000,190,-30.000000,0x03,left,6.182261,-782,-0.167033,171,0,No fault,False,0x04,right,7.675667,-1005,-0.208059,174,0,No fault,True,-1.49
2026-08-12T14:30:57.292,1786537857.292426,10.613850,4,-30.000000,2.000000,191,-30.000000,0x03,left,5.743024,-871,-0.202198,173,0,No fault,False,0x04,right,7.148583,-1094,-0.202198,174,0,No fault,True,-1.41
2026-08-12T14:30:57.305,1786537857.305865,10.627285,4,-30.000000,2.000000,192,-30.000000,0x03,left,5.018283,-782,-0.172894,174,0,No fault,False,0x04,right,6.335994,-826,-0.196337,174,0,No fault,True,-1.32
2026-08-12T14:30:57.316,1786537857.316752,10.638172,4,-30.000000,2.000000,193,-30.000000,0x03,left,4.688855,-782,-0.190476,170,0,No fault,False,0x04,right,5.633215,-1050,-0.120147,174,0,No fault,True,-0.94
2026-08-12T14:30:57.327,1786537857.327624,10.649043,4,-30.000000,2.000000,194,-30.000000,0x03,left,4.227657,-1050,-0.143590,172,0,No fault,False,0x04,right,5.391635,-1139,-0.120147,173,0,No fault,True,-1.16
2026-08-12T14:30:57.338,1786537857.338475,10.659895,4,-30.000000,2.000000,195,-30.000000,0x03,left,3.612725,-1184,-0.172894,172,0,No fault,False,0x04,right,5.084169,-648,-0.260806,174,0,No fault,True,-1.47
2026-08-12T14:30:57.351,1786537857.351564,10.672986,4,-30.000000,2.000000,196,-30.000000,0x03,left,2.997793,-782,-0.184615,172,0,No fault,False,0x04,right,4.447275,-960,-0.202198,175,0,No fault,True,-1.45
2026-08-12T14:30:57.362,1786537857.362466,10.683893,4,-30.000000,2.000000,197,-30.000000,0x03,left,2.470708,-1094,-0.254945,169,0,No fault,False,0x04,right,3.876267,-1094,-0.184615,175,0,No fault,True,-1.41
2026-08-12T14:30:57.373,1786537857.373340,10.694758,4,-30.000000,2.000000,198,-30.000000,0x03,left,2.009509,-960,-0.178755,172,0,No fault,False,0x04,right,3.458992,-826,-0.202198,174,0,No fault,True,-1.45
2026-08-12T14:30:57.384,1786537857.384197,10.705616,4,-30.000000,2.000000,199,-30.000000,0x03,left,1.636158,-1139,-0.108425,173,0,No fault,False,0x04,right,2.997793,-1094,-0.213919,175,0,No fault,True,-1.36
2026-08-12T14:30:57.395,1786537857.395101,10.716519,4,-30.000000,2.000000,200,-30.000000,0x03,left,1.109074,-1050,-0.126007,171,0,No fault,False,0x04,right,2.492670,-1318,-0.161172,174,0,No fault,True,-1.38
2026-08-12T14:30:57.408,1786537857.408263,10.729682,4,-30.000000,2.000000,201,-30.000000,0x03,left,0.384332,-960,-0.172894,173,0,No fault,False,0x04,right,1.767929,-871,-0.225641,175,0,No fault,True,-1.38
2026-08-12T14:30:57.419,1786537857.419110,10.740528,4,-30.000000,2.000000,202,-30.000000,0x03,left,-0.120790,-1005,-0.178755,172,0,No fault,False,0x04,right,1.306730,-1139,-0.219780,174,0,No fault,True,-1.43
2026-08-12T14:30:57.430,1786537857.430929,10.752382,4,-30.000000,2.000000,203,-30.000000,0x03,left,-0.538065,-826,-0.231502,171,0,No fault,False,0x04,right,0.801608,-960,-0.161172,174,0,No fault,True,-1.34
2026-08-12T14:30:57.444,1786537857.444310,10.765743,4,-30.000000,2.000000,204,-30.000000,0x03,left,-1.218883,-960,-0.108425,173,0,No fault,False,0x04,right,0.098828,-1094,-0.196337,173,0,No fault,True,-1.32
2026-08-12T14:30:57.455,1786537857.455357,10.776814,4,-30.000000,2.000000,205,-30.000000,0x03,left,-1.767929,-1139,-0.079121,173,0,No fault,False,0x04,right,-0.406294,-1228,-0.178755,175,0,No fault,True,-1.36
2026-08-12T14:30:57.482,1786537857.482547,10.803998,4,-30.000000,2.000000,206,-30.000000,0x03,left,-2.536594,-782,-0.190476,174,0,No fault,True,0x04,right,-1.131035,-1005,-0.196337,174,0,No fault,False,-1.41
2026-08-12T14:30:57.495,1786537857.495129,10.816548,4,-30.000000,2.000000,207,-30.000000,0x03,left,-3.437030,-960,-0.190476,173,0,No fault,False,0x04,right,-1.899700,-782,-0.196337,174,0,No fault,True,-1.54
2026-08-12T14:30:57.505,1786537857.505904,10.827334,4,-30.000000,2.000000,208,-30.000000,0x03,left,-4.117847,-1050,-0.114286,172,0,No fault,False,0x04,right,-2.316975,-1139,-0.178755,173,0,No fault,True,-1.80
2026-08-12T14:30:57.516,1786537857.516817,10.838249,4,-30.000000,2.000000,209,-30.000000,0x03,left,-4.381390,-916,-0.073260,173,0,No fault,False,0x04,right,-2.800136,-916,-0.172894,174,0,No fault,True,-1.58
2026-08-12T14:30:57.529,1786537857.529909,10.851331,4,-30.000000,2.000000,210,-30.000000,0x03,left,-5.150054,-960,-0.114286,172,0,No fault,False,0x04,right,-3.810381,-1050,-0.167033,175,0,No fault,True,-1.34
2026-08-12T14:30:57.541,1786537857.541141,10.862570,4,-30.000000,2.000000,211,-30.000000,0x03,left,-5.611253,-1050,-0.196337,172,0,No fault,False,0x04,right,-4.139809,-960,-0.172894,175,0,No fault,True,-1.47
2026-08-12T14:30:57.552,1786537857.552022,10.873446,4,-30.000000,2.000000,212,-30.000000,0x03,left,-6.050490,-916,-0.184615,172,0,No fault,False,0x04,right,-4.601008,-826,-0.184615,171,0,No fault,True,-1.45
2026-08-12T14:30:57.563,1786537857.563166,10.884601,4,-30.000000,2.000000,213,-30.000000,0x03,left,-6.489727,-916,-0.143590,173,0,No fault,False,0x04,right,-5.062207,-871,-0.237363,174,0,No fault,True,-1.43
2026-08-12T14:30:57.575,1786537857.575956,10.897381,4,-30.000000,2.000000,214,-30.000000,0x03,left,-7.258392,-1184,-0.073260,174,0,No fault,False,0x04,right,-5.721062,-1094,-0.161172,174,0,No fault,True,-1.54
2026-08-12T14:30:57.587,1786537857.587106,10.908527,4,-30.000000,2.000000,215,-30.000000,0x03,left,-7.741553,-960,-0.114286,171,0,No fault,False,0x04,right,-6.226185,-960,-0.155311,175,0,No fault,True,-1.52
2026-08-12T14:30:57.597,1786537857.597903,10.919321,4,-30.000000,2.000000,216,-30.000000,0x03,left,-8.246675,-916,-0.137729,170,0,No fault,False,0x04,right,-6.687384,-1005,-0.219780,175,0,No fault,True,-1.56
2026-08-12T14:30:57.608,1786537857.608681,10.930100,4,-30.000000,2.000000,217,-30.000000,0x03,left,-8.707874,-826,-0.167033,171,0,No fault,False,0x04,right,-7.170545,-1050,-0.225641,174,0,No fault,True,-1.54
2026-08-12T14:30:57.622,1786537857.622051,10.943469,4,-30.000000,2.000000,218,-30.000000,0x03,left,-9.125150,-916,-0.196337,172,0,No fault,True,0x04,right,-7.807438,-826,-0.208059,174,0,No fault,False,-1.32
2026-08-12T14:30:57.632,1786537857.632993,10.954410,4,-30.000000,2.000000,219,-30.000000,0x03,left,-9.784005,-1094,-0.073260,172,0,No fault,False,0x04,right,-8.246675,-737,-0.254945,173,0,No fault,True,-1.54
2026-08-12T14:30:57.643,1786537857.643760,10.965177,4,-30.000000,2.000000,220,-30.000000,0x03,left,-10.289128,-1094,-0.055678,175,0,No fault,False,0x04,right,-8.707874,-960,-0.196337,174,0,No fault,True,-1.58
2026-08-12T14:30:57.654,1786537857.654680,10.976097,4,-30.000000,2.000000,221,-30.000000,0x03,left,-10.750327,-1005,-0.137729,173,0,No fault,False,0x04,right,-9.234959,-1050,-0.184615,174,0,No fault,True,-1.52
2026-08-12T14:30:57.668,1786537857.668073,10.989495,4,-30.000000,2.000000,222,-30.000000,0x03,left,-11.189564,-916,-0.155311,174,0,No fault,True,0x04,right,-9.696158,-737,-0.243223,174,0,No fault,False,-1.49
2026-08-12T14:30:57.690,1786537857.690035,11.011504,4,-30.000000,2.000000,223,-30.000000,0x03,left,-12.046076,-826,-0.231502,172,0,No fault,False,0x04,right,-10.486784,-871,-0.196337,174,0,No fault,True,-1.56
2026-08-12T14:30:57.705,1786537857.705542,11.026993,4,-30.000000,2.000000,224,-30.000000,0x03,left,-12.595122,-1050,-0.131868,169,0,No fault,False,0x04,right,-11.233487,-960,-0.208059,174,0,No fault,True,-1.36
2026-08-12T14:30:57.720,1786537857.720898,11.042355,4,-30.000000,2.000000,225,-30.000000,0x03,left,-13.605367,-692,-0.120147,173,0,No fault,False,0x04,right,-11.826457,-960,-0.178755,174,0,No fault,True,-1.78
2026-08-12T14:30:57.736,1786537857.736194,11.057647,4,-30.000000,2.000000,226,-30.000000,0x03,left,-14.066566,-916,-0.249084,174,0,No fault,False,0x04,right,-13.078283,-514,-0.178755,174,0,No fault,True,-0.99
2026-08-12T14:30:57.751,1786537857.751562,11.073018,4,-30.000000,2.000000,227,-30.000000,0x03,left,-14.615613,-692,-0.208059,173,0,No fault,False,0x04,right,-13.495558,-692,-0.225641,174,0,No fault,True,-1.12
2026-08-12T14:30:57.766,1786537857.766840,11.088308,4,-30.000000,2.000000,228,-30.000000,0x03,left,-15.274468,-916,-0.149451,171,0,No fault,False,0x04,right,-14.154414,-1362,-0.184615,174,0,No fault,True,-1.12
2026-08-12T14:30:57.782,1786537857.782130,11.103561,4,-30.000000,2.000000,229,-30.000000,0x03,left,-15.823514,-826,-0.120147,172,0,No fault,False,0x04,right,-14.725422,-782,-0.178755,176,0,No fault,True,-1.10
2026-08-12T14:30:57.793,1786537857.793029,11.114450,4,-30.000000,2.000000,230,-30.000000,0x03,left,-16.262752,-737,-0.143590,174,0,No fault,False,0x04,right,-15.142697,-826,-0.202198,175,0,No fault,True,-1.12
2026-08-12T14:30:57.807,1786537857.807591,11.129009,4,-30.000000,2.000000,231,-30.000000,0x03,left,-16.833760,-692,-0.213919,173,0,No fault,False,0x04,right,-15.735667,-871,-0.161172,174,0,No fault,True,-1.10
2026-08-12T14:30:57.818,1786537857.818382,11.139800,4,-30.000000,2.000000,232,-30.000000,0x03,left,-17.185149,-558,-0.243223,172,0,No fault,False,0x04,right,-16.152942,-1050,-0.190476,173,0,No fault,True,-1.03
2026-08-12T14:30:57.829,1786537857.829307,11.150725,4,-30.000000,2.000000,233,-30.000000,0x03,left,-17.646348,-648,-0.237363,172,0,No fault,False,0x04,right,-16.526294,-871,-0.196337,174,0,No fault,True,-1.12
2026-08-12T14:30:57.843,1786537857.843280,11.164702,4,-30.000000,2.000000,234,-30.000000,0x03,left,-17.997738,-782,-0.178755,170,0,No fault,False,0x04,right,-17.097302,-1005,-0.184615,173,0,No fault,True,-0.90
2026-08-12T14:30:57.905,1786537857.905929,11.227388,5,30.000000,2.000000,1,-30.000000,0x03,left,-18.986021,-871,-0.149451,172,0,No fault,False,0x04,right,-18.085585,-871,-0.190476,174,0,No fault,True,-0.90
2026-08-12T14:30:57.919,1786537857.919474,11.240915,5,30.000000,2.000000,2,-29.986590,0x03,left,-19.535067,-826,-0.161172,172,0,No fault,False,0x04,right,-18.700517,-871,-0.202198,174,0,No fault,True,-0.83
2026-08-12T14:30:57.930,1786537857.930521,11.251949,5,30.000000,2.000000,3,-29.962444,0x03,left,-19.886457,-737,-0.178755,172,0,No fault,False,0x04,right,-19.007983,-916,-0.143590,174,0,No fault,True,-0.88
2026-08-12T14:30:57.941,1786537857.941290,11.262718,5,30.000000,2.000000,4,-29.932057,0x03,left,-20.215885,-692,-0.231502,173,0,No fault,False,0x04,right,-19.381335,-826,-0.143590,174,0,No fault,True,-0.83
2026-08-12T14:30:57.952,1786537857.952492,11.273930,5,30.000000,2.000000,5,-29.893483,0x03,left,-20.589236,-469,-0.266667,173,0,No fault,False,0x04,right,-19.688800,-514,-0.213919,175,0,No fault,True,-0.90
2026-08-12T14:30:57.965,1786537857.965402,11.286855,5,30.000000,2.000000,6,-29.842509,0x03,left,-20.962588,-782,-0.149451,172,0,No fault,False,0x04,right,-20.545313,-782,-0.137729,174,0,No fault,True,-0.42
2026-08-12T14:30:57.976,1786537857.976417,11.297864,5,30.000000,2.000000,7,-29.776512,0x03,left,-21.335939,-1050,-0.084982,173,0,No fault,False,0x04,right,-20.786893,-603,-0.131868,174,0,No fault,True,-0.55
2026-08-12T14:30:57.987,1786537857.987494,11.308927,5,30.000000,2.000000,8,-29.708248,0x03,left,-21.731253,-826,-0.073260,174,0,No fault,False,0x04,right,-21.072397,-514,-0.219780,174,0,No fault,True,-0.66
2026-08-12T14:30:58.000,1786537858.000527,11.321961,5,30.000000,2.000000,9,-29.631708,0x03,left,-22.170490,-558,-0.178755,173,0,No fault,False,0x04,right,-21.401825,-648,-0.161172,174,0,No fault,True,-0.77
2026-08-12T14:30:58.013,1786537858.013616,11.335041,5,30.000000,2.000000,10,-29.529258,0x03,left,-22.477956,-424,-0.196337,172,0,No fault,False,0x04,right,-21.884986,-826,-0.167033,173,0,No fault,True,-0.59
2026-08-12T14:30:58.028,1786537858.028889,11.350312,5,30.000000,2.000000,11,-29.414035,0x03,left,-22.917193,-514,-0.172894,173,0,No fault,False,0x04,right,-22.368146,-648,-0.131868,174,0,No fault,True,-0.55
2026-08-12T14:30:58.044,1786537858.044154,11.365582,5,30.000000,2.000000,12,-29.264080,0x03,left,-23.290544,-514,-0.202198,172,0,No fault,False,0x04,right,-22.807383,-826,-0.143590,174,0,No fault,True,-0.48
2026-08-12T14:30:58.054,1786537858.054928,11.376354,5,30.000000,2.000000,13,-29.098040,0x03,left,-23.663896,-558,-0.161172,172,0,No fault,False,0x04,right,-23.092888,-558,-0.167033,174,0,No fault,True,-0.57
2026-08-12T14:30:58.069,1786537858.069602,11.391033,5,30.000000,2.000000,14,-28.971167,0x03,left,-23.927438,-603,-0.172894,173,0,No fault,False,0x04,right,-23.488201,-290,-0.219780,175,0,No fault,True,-0.44
2026-08-12T14:30:58.088,1786537858.088342,11.409779,5,30.000000,2.000000,15,-28.782958,0x03,left,-24.388637,-603,-0.073260,172,0,No fault,True,0x04,right,-23.751743,-737,-0.178755,174,0,No fault,False,-0.64
2026-08-12T14:30:58.109,1786537858.109358,11.430792,5,30.000000,2.000000,16,-28.520549,0x03,left,-24.937683,-335,-0.155311,173,0,No fault,False,0x04,right,-24.300789,-737,-0.131868,174,0,No fault,True,-0.64
2026-08-12T14:30:58.120,1786537858.120443,11.441867,5,30.000000,2.000000,17,-28.196811,0x03,left,-25.201225,-380,-0.120147,173,0,No fault,False,0x04,right,-24.542370,-558,-0.161172,174,0,No fault,True,-0.66
2026-08-12T14:30:58.131,1786537858.131367,11.452789,5,30.000000,2.000000,18,-28.016537,0x03,left,-25.420844,-290,-0.243223,173,0,No fault,False,0x04,right,-24.805912,-380,-0.167033,174,0,No fault,True,-0.61
2026-08-12T14:30:58.142,1786537858.142310,11.463729,5,30.000000,2.000000,19,-27.828852,0x03,left,-25.618501,-558,-0.190476,173,0,No fault,False,0x04,right,-24.959645,-558,-0.225641,175,0,No fault,True,-0.66
2026-08-12T14:30:58.155,1786537858.155413,11.476854,5,30.000000,2.000000,20,-27.625823,0x03,left,-25.925966,-335,-0.219780,172,0,No fault,False,0x04,right,-25.354958,-603,-0.208059,177,0,No fault,True,-0.57
2026-08-12T14:30:58.166,1786537858.166427,11.487854,5,30.000000,2.000000,21,-27.384912,0x03,left,-26.123623,-558,-0.137729,172,0,No fault,False,0x04,right,-25.838119,-558,-0.114286,174,0,No fault,True,-0.29
2026-08-12T14:30:58.177,1786537858.177335,11.498758,5,30.000000,2.000000,22,-27.169921,0x03,left,-26.277356,-246,-0.225641,172,0,No fault,False,0x04,right,-25.969890,-424,-0.131868,174,0,No fault,True,-0.31
2026-08-12T14:30:58.188,1786537858.188825,11.510248,5,30.000000,2.000000,23,-26.940739,0x03,left,-26.540898,-424,-0.114286,173,0,No fault,False,0x04,right,-26.123623,-558,-0.161172,174,0,No fault,True,-0.42
2026-08-12T14:30:58.201,1786537858.201580,11.523001,5,30.000000,2.000000,24,-26.701656,0x03,left,-26.782479,-335,-0.084982,171,0,No fault,False,0x04,right,-26.343242,-335,-0.284249,174,0,No fault,True,-0.44
2026-08-12T14:30:58.212,1786537858.212553,11.534009,5,30.000000,2.000000,25,-26.426527,0x03,left,-26.980135,-558,-0.067399,176,0,No fault,False,0x04,right,-26.518936,-558,-0.167033,174,0,No fault,True,-0.46
2026-08-12T14:30:58.223,1786537858.223758,11.545181,5,30.000000,2.000000,26,-26.171360,0x03,left,-27.177792,-335,-0.102564,174,0,No fault,False,0x04,right,-26.694631,-380,-0.196337,174,0,No fault,True,-0.48
2026-08-12T14:30:58.234,1786537858.234816,11.556237,5,30.000000,2.000000,27,-25.916139,0x03,left,-27.419372,-603,-0.096703,173,0,No fault,False,0x04,right,-26.782479,-112,-0.301832,175,0,No fault,True,-0.64
2026-08-12T14:30:58.249,1786537858.249290,11.570765,5,30.000000,2.000000,28,-25.628927,0x03,left,-27.617029,-246,-0.090842,173,0,No fault,False,0x04,right,-27.133868,-514,-0.108425,177,0,No fault,True,-0.48
2026-08-12T14:30:58.260,1786537858.260582,11.582026,5,30.000000,2.000000,29,-25.282471,0x03,left,-27.836648,-380,-0.131868,173,0,No fault,False,0x04,right,-27.265639,-290,-0.155311,174,0,No fault,True,-0.57
2026-08-12T14:30:58.274,1786537858.274686,11.596118,5,30.000000,2.000000,30,-24.997504,0x03,left,-28.034304,-469,-0.102564,171,0,No fault,False,0x04,right,-27.551144,-469,-0.143590,173,0,No fault,True,-0.48
2026-08-12T14:30:58.295,1786537858.295727,11.617176,5,30.000000,2.000000,31,-24.625263,0x03,left,-28.166075,-156,-0.208059,173,0,No fault,True,0x04,right,-27.660953,-22,-0.260806,174,0,No fault,False,-0.51
2026-08-12T14:30:58.316,1786537858.316660,11.638116,5,30.000000,2.000000,32,-24.041791,0x03,left,-28.363732,-514,-0.090842,172,0,No fault,False,0x04,right,-27.836648,-558,-0.178755,174,0,No fault,True,-0.53
2026-08-12T14:30:58.328,1786537858.328616,11.650083,5,30.000000,2.000000,33,-23.439205,0x03,left,-28.429618,-380,-0.079121,173,0,No fault,False,0x04,right,-28.012342,-246,-0.143590,174,0,No fault,True,-0.42
2026-08-12T14:30:58.341,1786537858.341887,11.663341,5,30.000000,2.000000,34,-23.080169,0x03,left,-28.539427,-67,-0.167033,173,0,No fault,False,0x04,right,-28.122152,-201,-0.243223,176,0,No fault,True,-0.42
2026-08-12T14:30:58.353,1786537858.353985,11.675412,5,30.000000,2.000000,35,-22.679568,0x03,left,-28.561389,22,-0.249084,173,0,No fault,False,0x04,right,-28.122152,-67,-0.313553,175,0,No fault,True,-0.44
2026-08-12T14:30:58.367,1786537858.367530,11.688959,5,30.000000,2.000000,36,-22.305106,0x03,left,-28.561389,112,-0.249084,176,0,No fault,True,0x04,right,-28.144114,-112,-0.331136,174,0,No fault,False,-0.42
2026-08-12T14:30:58.379,1786537858.379389,11.700814,5,30.000000,2.000000,37,-21.873711,0x03,left,-28.583351,-112,-0.272527,172,0,No fault,False,0x04,right,-28.166075,-22,-0.319414,175,0,No fault,True,-0.42
2026-08-12T14:30:58.390,1786537858.390503,11.711929,5,30.000000,2.000000,38,-21.487950,0x03,left,-28.583351,156,-0.266667,176,0,No fault,False,0x04,right,-28.188037,-22,-0.319414,172,0,No fault,True,-0.40
2026-08-12T14:30:58.403,1786537858.403116,11.724538,5,30.000000,2.000000,39,-21.118103,0x03,left,-28.583351,112,-0.272527,172,0,No fault,False,0x04,right,-28.231961,-67,-0.260806,174,0,No fault,True,-0.35
2026-08-12T14:30:58.415,1786537858.415061,11.736506,5,30.000000,2.000000,40,-20.693269,0x03,left,-28.583351,-22,-0.272527,173,0,No fault,False,0x04,right,-28.363732,-424,-0.096703,176,0,No fault,True,-0.22
2026-08-12T14:30:58.426,1786537858.426014,11.747443,5,30.000000,2.000000,41,-20.278867,0x03,left,-28.583351,67,-0.266667,171,0,No fault,False,0x04,right,-28.495503,-290,-0.137729,175,0,No fault,True,-0.09
2026-08-12T14:30:58.439,1786537858.439452,11.760873,5,30.000000,2.000000,42,-19.898026,0x03,left,-28.583351,-22,-0.272527,173,0,No fault,True,0x04,right,-28.583351,-156,-0.178755,174,0,No fault,False,0.00
2026-08-12T14:30:58.450,1786537858.450586,11.772004,5,30.000000,2.000000,43,-19.420505,0x03,left,-28.583351,-67,-0.266667,172,0,No fault,False,0x04,right,-28.583351,-112,-0.249084,174,0,No fault,True,0.00
2026-08-12T14:30:58.461,1786537858.461462,11.782884,5,30.000000,2.000000,44,-19.017708,0x03,left,-28.583351,-67,-0.266667,173,0,No fault,False,0x04,right,-28.605312,-201,-0.243223,179,0,No fault,True,0.02
2026-08-12T14:30:58.472,1786537858.472352,11.793770,5,30.000000,2.000000,45,-18.618671,0x03,left,-28.583351,156,-0.272527,172,0,No fault,False,0x04,right,-28.605312,-22,-0.254945,174,0,No fault,True,0.02
2026-08-12T14:30:58.490,1786537858.490309,11.811747,5,30.000000,2.000000,46,-18.210180,0x03,left,-28.583351,-22,-0.260806,172,0,No fault,False,0x04,right,-28.605312,246,-0.260806,174,0,No fault,False,0.02
2026-08-12T14:30:58.501,1786537858.501976,11.823423,5,30.000000,2.000000,47,-17.530978,0x03,left,-28.583351,-67,-0.266667,168,0,No fault,False,0x04,right,-28.605312,22,-0.260806,174,0,No fault,True,0.02
2026-08-12T14:30:58.522,1786537858.522582,11.844029,5,30.000000,2.000000,48,-17.072896,0x03,left,-28.583351,-67,-0.272527,172,0,No fault,False,0x04,right,-28.605312,22,-0.272527,174,0,No fault,True,0.02
2026-08-12T14:30:58.533,1786537858.533996,11.855420,5,30.000000,2.000000,49,-16.273014,0x03,left,-28.583351,-67,-0.254945,172,0,No fault,False,0x04,right,-28.605312,-22,-0.266667,174,0,No fault,True,0.02
2026-08-12T14:30:58.544,1786537858.544861,11.866282,5,30.000000,2.000000,50,-15.823103,0x03,left,-28.583351,-22,-0.272527,173,0,No fault,False,0x04,right,-28.627274,-112,-0.266667,173,0,No fault,True,0.04
2026-08-12T14:30:58.555,1786537858.555825,11.877246,5,30.000000,2.000000,51,-15.386419,0x03,left,-28.583351,-67,-0.272527,173,0,No fault,False,0x04,right,-28.605312,22,-0.266667,173,0,No fault,True,0.02
2026-08-12T14:30:58.568,1786537858.568547,11.889966,5,30.000000,2.000000,52,-14.936920,0x03,left,-28.583351,-156,-0.278388,175,0,No fault,False,0x04,right,-28.627274,-22,-0.266667,174,0,No fault,True,0.04
2026-08-12T14:30:58.580,1786537858.580044,11.901482,5,30.000000,2.000000,53,-14.417986,0x03,left,-28.583351,67,-0.266667,175,0,No fault,False,0x04,right,-28.605312,67,-0.266667,174,0,No fault,True,0.02
2026-08-12T14:30:58.591,1786537858.591268,11.912713,5,30.000000,2.000000,54,-13.935220,0x03,left,-28.583351,-112,-0.266667,173,0,No fault,False,0x04,right,-28.627274,-67,-0.266667,174,0,No fault,True,0.04
2026-08-12T14:30:58.604,1786537858.604448,11.925891,5,30.000000,2.000000,55,-13.461497,0x03,left,-28.583351,-67,-0.272527,172,0,No fault,False,0x04,right,-28.627274,-112,-0.272527,175,0,No fault,True,0.04
2026-08-12T14:30:58.615,1786537858.615843,11.937278,5,30.000000,2.000000,56,-12.907707,0x03,left,-28.583351,-112,-0.266667,172,0,No fault,False,0x04,right,-28.627274,22,-0.272527,172,0,No fault,True,0.04
2026-08-12T14:30:58.627,1786537858.627142,11.948587,5,30.000000,2.000000,57,-12.422410,0x03,left,-28.605312,-112,-0.266667,172,0,No fault,False,0x04,right,-28.627274,22,-0.266667,174,0,No fault,True,0.02
2026-08-12T14:30:58.640,1786537858.640283,11.961713,5,30.000000,2.000000,58,-11.933142,0x03,left,-28.583351,22,-0.284249,172,0,No fault,False,0x04,right,-28.627274,-67,-0.266667,175,0,No fault,True,0.04
2026-08-12T14:30:58.651,1786537858.651556,11.972979,5,30.000000,2.000000,59,-11.366139,0x03,left,-28.583351,-22,-0.266667,172,0,No fault,False,0x04,right,-28.627274,-22,-0.272527,174,0,No fault,True,0.04
2026-08-12T14:30:58.662,1786537858.662414,11.983834,5,30.000000,2.000000,60,-10.874157,0x03,left,-28.583351,-67,-0.266667,172,0,No fault,False,0x04,right,-28.605312,112,-0.272527,173,0,No fault,True,0.02
2026-08-12T14:30:58.673,1786537858.673369,11.994790,5,30.000000,2.000000,61,-10.396113,0x03,left,-28.583351,-22,-0.266667,174,0,No fault,False,0x04,right,-28.627274,-67,-0.266667,174,0,No fault,True,0.04
2026-08-12T14:30:58.691,1786537858.691163,12.012590,5,30.000000,2.000000,62,-9.901819,0x03,left,-28.583351,67,-0.278388,173,0,No fault,False,0x04,right,-28.627274,-156,-0.260806,174,0,No fault,False,0.04
2026-08-12T14:30:58.703,1786537858.703612,12.025043,5,30.000000,2.000000,63,-9.115081,0x03,left,-28.583351,22,-0.272527,175,0,No fault,False,0x04,right,-28.627274,-22,-0.260806,174,0,No fault,True,0.04
2026-08-12T14:30:58.724,1786537858.724052,12.045498,5,30.000000,2.000000,64,-8.552782,0x03,left,-28.605312,-156,-0.272527,173,0,No fault,False,0x04,right,-28.627274,22,-0.254945,173,0,No fault,True,0.02
2026-08-12T14:30:58.740,1786537858.740016,12.061440,5,30.000000,2.000000,65,-7.404286,0x03,left,-28.605312,-201,-0.272527,172,0,No fault,False,0x04,right,-28.627274,-112,-0.266667,174,0,No fault,True,0.02
2026-08-12T14:30:58.750,1786537858.750854,12.072289,5,30.000000,2.000000,66,-6.897242,0x03,left,-28.583351,-67,-0.278388,171,0,No fault,False,0x04,right,-28.627274,-22,-0.266667,176,0,No fault,True,0.04
2026-08-12T14:30:58.761,1786537858.761841,12.083276,5,30.000000,2.000000,67,-6.398702,0x03,left,-28.583351,-67,-0.284249,173,0,No fault,False,0x04,right,-28.627274,22,-0.266667,172,0,No fault,True,0.04
2026-08-12T14:30:58.775,1786537858.775068,12.096494,5,30.000000,2.000000,68,-5.878824,0x03,left,-28.583351,-67,-0.278388,169,0,No fault,False,0x04,right,-28.627274,67,-0.266667,174,0,No fault,True,0.04
2026-08-12T14:30:58.786,1786537858.786010,12.107436,5,30.000000,2.000000,69,-5.279162,0x03,left,-28.605312,-112,-0.272527,173,0,No fault,False,0x04,right,-28.627274,-156,-0.260806,174,0,No fault,True,0.02
2026-08-12T14:30:58.796,1786537858.796960,12.118386,5,30.000000,2.000000,70,-4.770774,0x03,left,-28.583351,-22,-0.272527,173,0,No fault,False,0x04,right,-28.627274,-112,-0.266667,174,0,No fault,True,0.04
2026-08-12T14:30:58.807,1786537858.807964,12.129391,5,30.000000,2.000000,71,-4.260985,0x03,left,-28.583351,-22,-0.254945,172,0,No fault,False,0x04,right,-28.627274,-290,-0.266667,175,0,No fault,True,0.04
2026-08-12T14:30:58.821,1786537858.821249,12.142671,5,30.000000,2.000000,72,-3.734129,0x03,left,-28.583351,67,-0.272527,172,0,No fault,False,0x04,right,-28.627274,-201,-0.266667,174,0,No fault,True,0.04
2026-08-12T14:30:58.832,1786537858.832169,12.153590,5,30.000000,2.000000,73,-3.124681,0x03,left,-28.583351,156,-0.272527,169,0,No fault,False,0x04,right,-28.627274,-22,-0.266667,174,0,No fault,True,0.04
2026-08-12T14:30:58.843,1786537858.843228,12.164663,5,30.000000,2.000000,74,-2.611965,0x03,left,-28.605312,-112,-0.260806,172,0,No fault,False,0x04,right,-28.627274,-201,-0.260806,173,0,No fault,True,0.02
2026-08-12T14:30:58.857,1786537858.857593,12.179034,5,30.000000,2.000000,75,-2.082138,0x03,left,-28.583351,112,-0.272527,172,0,No fault,False,0x04,right,-28.627274,-67,-0.266667,177,0,No fault,True,0.04
2026-08-12T14:30:58.868,1786537858.868757,12.190190,5,30.000000,2.000000,76,-1.410033,0x03,left,-28.583351,112,-0.260806,171,0,No fault,False,0x04,right,-28.627274,-112,-0.266667,174,0,No fault,True,0.04
2026-08-12T14:30:58.882,1786537858.882651,12.204077,5,30.000000,2.000000,77,-0.875906,0x03,left,-28.605312,-201,-0.278388,172,0,No fault,False,0x04,right,-28.627274,-67,-0.266667,174,0,No fault,True,0.02
2026-08-12T14:30:58.903,1786537858.903709,12.225140,5,30.000000,2.000000,78,-0.234380,0x03,left,-28.583351,112,-0.278388,172,0,No fault,True,0x04,right,-28.627274,-22,-0.260806,175,0,No fault,False,0.04
2026-08-12T14:30:58.924,1786537858.924750,12.246184,5,30.000000,2.000000,79,0.764522,0x03,left,-28.583351,156,-0.260806,173,0,No fault,False,0x04,right,-28.627274,112,-0.260806,174,0,No fault,True,0.04
2026-08-12T14:30:58.935,1786537858.935822,12.257250,5,30.000000,2.000000,80,1.749393,0x03,left,-28.605312,-112,-0.284249,175,0,No fault,False,0x04,right,-28.627274,-201,-0.266667,176,0,No fault,True,0.02
2026-08-12T14:30:58.946,1786537858.946844,12.268268,5,30.000000,2.000000,81,2.268298,0x03,left,-28.583351,-22,-0.284249,173,0,No fault,False,0x04,right,-28.627274,201,-0.260806,174,0,No fault,True,0.04
2026-08-12T14:30:58.957,1786537858.957927,12.279377,5,30.000000,2.000000,82,2.783837,0x03,left,-28.605312,-156,-0.278388,172,0,No fault,False,0x04,right,-28.627274,156,-0.260806,174,0,No fault,True,0.02
2026-08-12T14:30:58.971,1786537858.971404,12.292845,5,30.000000,2.000000,83,3.327150,0x03,left,-28.605312,-156,-0.278388,172,0,No fault,False,0x04,right,-28.627274,112,-0.260806,174,0,No fault,True,0.02
2026-08-12T14:30:58.982,1786537858.982513,12.303955,5,30.000000,2.000000,84,3.939940,0x03,left,-28.605312,-156,-0.272527,174,0,No fault,False,0x04,right,-28.627274,-22,-0.260806,174,0,No fault,True,0.02
2026-08-12T14:30:58.993,1786537858.993918,12.315360,5,30.000000,2.000000,85,4.458001,0x03,left,-28.583351,22,-0.272527,173,0,No fault,False,0x04,right,-28.627274,112,-0.266667,174,0,No fault,True,0.04
2026-08-12T14:30:59.007,1786537859.007209,12.328667,5,30.000000,2.000000,86,4.999434,0x03,left,-28.583351,22,-0.260806,175,0,No fault,False,0x04,right,-28.627274,67,-0.266667,174,0,No fault,True,0.04
2026-08-12T14:30:59.018,1786537859.018365,12.339809,5,30.000000,2.000000,87,5.606825,0x03,left,-28.583351,22,-0.278388,173,0,No fault,False,0x04,right,-28.627274,22,-0.278388,174,0,No fault,True,0.04
2026-08-12T14:30:59.029,1786537859.029606,12.351047,5,30.000000,2.000000,88,6.118691,0x03,left,-28.605312,-201,-0.278388,171,0,No fault,False,0x04,right,-28.627274,-67,-0.260806,174,0,No fault,True,0.02
2026-08-12T14:30:59.042,1786537859.042844,12.364280,5,30.000000,2.000000,89,6.665535,0x03,left,-28.583351,22,-0.278388,172,0,No fault,False,0x04,right,-28.627274,22,-0.254945,174,0,No fault,True,0.04
2026-08-12T14:30:59.053,1786537859.053841,12.375272,5,30.000000,2.000000,90,7.240225,0x03,left,-28.583351,201,-0.266667,173,0,No fault,False,0x04,right,-28.627274,67,-0.272527,171,0,No fault,True,0.04
2026-08-12T14:30:59.064,1786537859.064807,12.386231,5,30.000000,2.000000,91,7.743211,0x03,left,-28.583351,-67,-0.278388,172,0,No fault,False,0x04,right,-28.627274,112,-0.260806,175,0,No fault,True,0.04
2026-08-12T14:30:59.075,1786537859.075966,12.397398,5,30.000000,2.000000,92,8.240038,0x03,left,-28.605312,-67,-0.266667,169,0,No fault,False,0x04,right,-28.627274,-67,-0.254945,174,0,No fault,True,0.02
2026-08-12T14:30:59.088,1786537859.088826,12.410251,5,30.000000,2.000000,93,8.750421,0x03,left,-28.583351,67,-0.266667,172,0,No fault,False,0x04,right,-28.627274,-112,-0.266667,174,0,No fault,True,0.04
2026-08-12T14:30:59.106,1786537859.106811,12.428251,5,30.000000,2.000000,94,9.322626,0x03,left,-28.583351,112,-0.266667,172,0,No fault,True,0x04,right,-28.627274,-67,-0.260806,173,0,No fault,False,0.04
2026-08-12T14:30:59.127,1786537859.127751,12.449186,5,30.000000,2.000000,95,10.127884,0x03,left,-28.605312,-201,-0.266667,173,0,No fault,False,0x04,right,-28.627274,22,-0.266667,175,0,No fault,True,0.02
2026-08-12T14:30:59.138,1786537859.138806,12.460233,5,30.000000,2.000000,96,11.050196,0x03,left,-28.583351,156,-0.266667,175,0,No fault,False,0x04,right,-28.627274,67,-0.249084,171,0,No fault,True,0.04
2026-08-12T14:30:59.149,1786537859.149736,12.471159,5,30.000000,2.000000,97,11.529801,0x03,left,-28.605312,-67,-0.266667,172,0,No fault,False,0x04,right,-28.627274,112,-0.266667,174,0,No fault,True,0.02
2026-08-12T14:30:59.160,1786537859.160626,12.482047,5,30.000000,2.000000,98,12.003197,0x03,left,-28.583351,67,-0.272527,173,0,No fault,False,0x04,right,-28.627274,112,-0.260806,174,0,No fault,True,0.04
2026-08-12T14:30:59.171,1786537859.171475,12.492895,5,30.000000,2.000000,99,12.470833,0x03,left,-28.583351,112,-0.284249,170,0,No fault,False,0x04,right,-28.627274,22,-0.243223,174,0,No fault,True,0.04
2026-08-12T14:30:59.184,1786537859.184546,12.505967,5,30.000000,2.000000,100,12.937596,0x03,left,-28.583351,22,-0.278388,170,0,No fault,False,0x04,right,-28.627274,-22,-0.266667,174,0,No fault,True,0.04
2026-08-12T14:30:59.195,1786537859.195408,12.516832,5,30.000000,2.000000,101,13.487776,0x03,left,-28.583351,112,-0.272527,172,0,No fault,False,0x04,right,-28.627274,22,-0.266667,174,0,No fault,True,0.04
2026-08-12T14:30:59.206,1786537859.206272,12.527693,5,30.000000,2.000000,102,13.943507,0x03,left,-28.605312,-112,-0.278388,173,0,No fault,False,0x04,right,-28.627274,22,-0.266667,174,0,No fault,True,0.02
2026-08-12T14:30:59.217,1786537859.217140,12.538559,5,30.000000,2.000000,103,14.394312,0x03,left,-28.605312,-67,-0.266667,173,0,No fault,False,0x04,right,-28.649236,-112,-0.249084,174,0,No fault,True,0.04
2026-08-12T14:30:59.230,1786537859.230479,12.551903,5,30.000000,2.000000,104,14.841036,0x03,left,-28.605312,-67,-0.266667,172,0,No fault,False,0x04,right,-28.649236,-156,-0.278388,174,0,No fault,True,0.04
2026-08-12T14:30:59.241,1786537859.241379,12.562802,5,30.000000,2.000000,105,15.385413,0x03,left,-28.605312,-67,-0.266667,173,0,No fault,False,0x04,right,-28.627274,112,-0.260806,175,0,No fault,True,0.02
2026-08-12T14:30:59.252,1786537859.252435,12.573893,5,30.000000,2.000000,106,15.829542,0x03,left,-28.583351,-22,-0.272527,168,0,No fault,False,0x04,right,-28.627274,112,-0.266667,174,0,No fault,True,0.04
2026-08-12T14:30:59.263,1786537859.263620,12.585126,5,30.000000,2.000000,107,16.267149,0x03,left,-28.605312,-112,-0.272527,172,0,No fault,False,0x04,right,-28.627274,22,-0.260806,175,0,No fault,True,0.02
2026-08-12T14:30:59.277,1786537859.277958,12.599429,5,30.000000,2.000000,108,16.742339,0x03,left,-28.583351,67,-0.284249,172,0,No fault,False,0x04,right,-28.627274,67,-0.260806,174,0,No fault,True,0.04
2026-08-12T14:30:59.289,1786537859.289269,12.610716,5,30.000000,2.000000,109,17.269741,0x03,left,-28.605312,-112,-0.278388,172,0,No fault,False,0x04,right,-28.627274,67,-0.260806,174,0,No fault,True,0.02
2026-08-12T14:30:59.311,1786537859.311170,12.632647,5,30.000000,2.000000,110,17.698687,0x03,left,-28.583351,-67,-0.272527,173,0,No fault,True,0x04,right,-28.627274,-22,-0.254945,175,0,No fault,False,0.04
2026-08-12T14:30:59.332,1786537859.332879,12.654313,5,30.000000,2.000000,111,18.540066,0x03,left,-28.583351,112,-0.266667,172,0,No fault,False,0x04,right,-28.627274,-22,-0.254945,170,0,No fault,True,0.04
2026-08-12T14:30:59.343,1786537859.343827,12.665257,5,30.000000,2.000000,112,19.312583,0x03,left,-28.605312,-112,-0.272527,172,0,No fault,False,0x04,right,-28.649236,-67,-0.266667,174,0,No fault,True,0.04
2026-08-12T14:30:59.357,1786537859.357012,12.678466,5,30.000000,2.000000,113,19.706358,0x03,left,-28.583351,-22,-0.272527,173,0,No fault,False,0x04,right,-28.649236,-112,-0.260806,176,0,No fault,True,0.07
2026-08-12T14:30:59.369,1786537859.369268,12.690705,5,30.000000,2.000000,114,20.172510,0x03,left,-28.583351,-22,-0.272527,172,0,No fault,False,0x04,right,-28.649236,-22,-0.266667,174,0,No fault,True,0.07
2026-08-12T14:30:59.382,1786537859.382710,12.704139,5,30.000000,2.000000,115,20.593832,0x03,left,-28.583351,67,-0.266667,172,0,No fault,False,0x04,right,-28.649236,-67,-0.260806,174,0,No fault,True,0.07
2026-08-12T14:30:59.394,1786537859.394743,12.716168,5,30.000000,2.000000,116,21.047421,0x03,left,-28.583351,22,-0.266667,171,0,No fault,False,0x04,right,-28.627274,112,-0.254945,174,0,No fault,True,0.04
2026-08-12T14:30:59.405,1786537859.405619,12.727044,5,30.000000,2.000000,117,21.447725,0x03,left,-28.583351,-22,-0.254945,171,0,No fault,False,0x04,right,-28.627274,22,-0.260806,174,0,No fault,True,0.04
2026-08-12T14:30:59.418,1786537859.418696,12.740119,5,30.000000,2.000000,118,21.804570,0x03,left,-28.605312,-112,-0.243223,173,0,No fault,False,0x04,right,-28.649236,-22,-0.249084,173,0,No fault,True,0.04
2026-08-12T14:30:59.430,1786537859.430711,12.752132,5,30.000000,2.000000,119,22.221085,0x03,left,-28.583351,67,-0.243223,172,0,No fault,False,0x04,right,-28.649236,-22,-0.243223,174,0,No fault,True,0.07
2026-08-12T14:30:59.441,1786537859.441560,12.762980,5,30.000000,2.000000,120,22.597039,0x03,left,-28.583351,-22,-0.237363,173,0,No fault,False,0x04,right,-28.649236,-156,-0.237363,173,0,No fault,True,0.07
2026-08-12T14:30:59.454,1786537859.454639,12.776058,5,30.000000,2.000000,121,22.931577,0x03,left,-28.583351,156,-0.219780,173,0,No fault,False,0x04,right,-28.649236,-112,-0.219780,172,0,No fault,True,0.07
2026-08-12T14:30:59.466,1786537859.466401,12.787819,5,30.000000,2.000000,122,23.322129,0x03,left,-28.583351,-156,-0.202198,172,0,No fault,False,0x04,right,-28.627274,-22,-0.213919,174,0,No fault,True,0.04
2026-08-12T14:30:59.477,1786537859.477222,12.798640,5,30.000000,2.000000,123,23.666798,0x03,left,-28.583351,22,-0.184615,173,0,No fault,False,0x04,right,-28.649236,-156,-0.202198,176,0,No fault,True,0.07
2026-08-12T14:30:59.490,1786537859.490721,12.812192,5,30.000000,2.000000,124,23.976693,0x03,left,-28.583351,112,-0.172894,172,0,No fault,False,0x04,right,-28.627274,112,-0.196337,174,0,No fault,True,0.04
2026-08-12T14:30:59.518,1786537859.518562,12.840014,5,30.000000,2.000000,125,24.358657,0x03,left,-28.561389,201,-0.137729,171,0,No fault,True,0x04,right,-28.649236,-67,-0.167033,175,0,No fault,False,0.09
2026-08-12T14:30:59.542,1786537859.542138,12.863614,5,30.000000,2.000000,126,25.107859,0x03,left,-28.561389,-22,-0.090842,175,0,No fault,False,0x04,right,-28.627274,67,-0.120147,175,0,No fault,True,0.07
2026-08-12T14:30:59.554,1786537859.554121,12.875559,5,30.000000,2.000000,127,25.692874,0x03,left,-28.561389,-112,-0.061538,172,0,No fault,False,0x04,right,-28.627274,-156,-0.090842,175,0,No fault,True,0.07
2026-08-12T14:30:59.565,1786537859.565147,12.886592,5,30.000000,2.000000,128,25.976333,0x03,left,-28.561389,-67,-0.043956,171,0,No fault,False,0x04,right,-28.627274,-67,-0.073260,172,0,No fault,True,0.07
2026-08-12T14:30:59.577,1786537859.577993,12.899434,5,30.000000,2.000000,129,26.241631,0x03,left,-28.539427,67,0.014652,172,0,No fault,False,0x04,right,-28.605312,-22,-0.038095,175,0,No fault,True,0.07
2026-08-12T14:30:59.590,1786537859.590151,12.911574,5,30.000000,2.000000,130,26.522437,0x03,left,-28.539427,-67,0.032234,171,0,No fault,False,0x04,right,-28.605312,-67,-0.020513,174,0,No fault,True,0.07
2026-08-12T14:30:59.603,1786537859.603755,12.925216,5,30.000000,2.000000,131,26.782849,0x03,left,-28.517465,156,0.061538,172,0,No fault,True,0x04,right,-28.561389,156,0.055678,174,0,No fault,False,0.04
2026-08-12T14:30:59.615,1786537859.615911,12.937348,5,30.000000,2.000000,132,27.070743,0x03,left,-28.473541,156,0.090842,172,0,No fault,False,0x04,right,-28.561389,-22,0.061538,173,0,No fault,True,0.09
2026-08-12T14:30:59.629,1786537859.629051,12.950481,5,30.000000,2.000000,133,27.314707,0x03,left,-28.407656,156,0.055678,172,0,No fault,False,0x04,right,-28.539427,112,0.131868,174,0,No fault,True,0.13
2026-08-12T14:30:59.641,1786537859.641386,12.962812,5,30.000000,2.000000,134,27.559496,0x03,left,-28.341770,246,0.114286,172,0,No fault,False,0x04,right,-28.517465,201,0.143590,176,0,No fault,True,0.18
2026-08-12T14:30:59.654,1786537859.654506,12.975931,5,30.000000,2.000000,135,27.784487,0x03,left,-28.319808,22,0.184615,172,0,No fault,False,0x04,right,-28.495503,-22,0.190476,174,0,No fault,True,0.18
2026-08-12T14:30:59.667,1786537859.667009,12.988433,5,30.000000,2.000000,136,28.010170,0x03,left,-28.297847,112,0.208059,167,0,No fault,False,0x04,right,-28.473541,112,0.184615,174,0,No fault,True,0.18
2026-08-12T14:30:59.680,1786537859.680063,13.001486,5,30.000000,2.000000,137,28.216179,0x03,left,-28.144114,514,0.143590,172,0,No fault,False,0x04,right,-28.363732,201,0.149451,175,0,No fault,True,0.22
2026-08-12T14:30:59.692,1786537859.692549,13.013971,5,30.000000,2.000000,138,28.418600,0x03,left,-27.990381,335,0.073260,173,0,No fault,False,0x04,right,-28.319808,22,0.249084,174,0,No fault,True,0.33
2026-08-12T14:30:59.716,1786537859.716744,13.038178,5,30.000000,2.000000,139,28.604820,0x03,left,-27.814686,-67,0.254945,171,0,No fault,True,0x04,right,-28.275885,112,0.301832,174,0,No fault,False,0.46
2026-08-12T14:30:59.728,1786537859.728376,13.049803,5,30.000000,2.000000,140,28.927326,0x03,left,-27.726838,424,0.254945,170,0,No fault,False,0x04,right,-28.034304,469,0.090842,174,0,No fault,True,0.31
2026-08-12T14:30:59.748,1786537859.748264,13.069695,5,30.000000,2.000000,141,29.065717,0x03,left,-27.331525,424,0.178755,172,0,No fault,True,0x04,right,-27.617029,424,0.137729,174,0,No fault,False,0.29
2026-08-12T14:30:59.759,1786537859.759523,13.080999,5,30.000000,2.000000,142,29.283908,0x03,left,-27.046021,558,0.131868,172,0,No fault,False,0x04,right,-27.441334,380,0.108425,175,0,No fault,True,0.40
2026-08-12T14:30:59.774,1786537859.774106,13.095562,5,30.000000,2.000000,143,29.398688,0x03,left,-26.958174,424,0.190476,173,0,No fault,True,0x04,right,-27.309563,112,0.301832,174,0,No fault,False,0.35
2026-08-12T14:30:59.785,1786537859.785284,13.106715,5,30.000000,2.000000,144,29.525066,0x03,left,-26.782479,380,0.272527,172,0,No fault,False,0x04,right,-27.243678,67,0.284249,175,0,No fault,True,0.46
2026-08-12T14:30:59.796,1786537859.796330,13.117756,5,30.000000,2.000000,145,29.613170,0x03,left,-26.562860,335,0.178755,167,0,No fault,False,0x04,right,-27.002097,424,0.202198,173,0,No fault,True,0.44
2026-08-12T14:30:59.809,1786537859.809515,13.130941,5,30.000000,2.000000,146,29.692593,0x03,left,-26.211471,514,0.137729,172,0,No fault,False,0x04,right,-26.650708,603,0.155311,174,0,No fault,True,0.44
2026-08-12T14:30:59.820,1786537859.820739,13.142161,5,30.000000,2.000000,147,29.774136,0x03,left,-25.904005,514,0.073260,173,0,No fault,False,0x04,right,-26.343242,424,0.137729,174,0,No fault,True,0.44
2026-08-12T14:30:59.831,1786537859.831667,13.153091,5,30.000000,2.000000,148,29.834220,0x03,left,-25.618501,469,0.073260,170,0,No fault,False,0x04,right,-26.079699,603,0.155311,173,0,No fault,True,0.46
2026-08-12T14:30:59.842,1786537859.842938,13.164364,5,30.000000,2.000000,149,29.883901,0x03,left,-25.289073,603,0.114286,172,0,No fault,False,0x04,right,-25.728310,648,0.213919,175,0,No fault,True,0.44
2026-08-12T14:30:59.855,1786537859.855446,13.176867,5,30.000000,2.000000,150,29.925943,0x03,left,-24.871798,469,0.196337,173,0,No fault,False,0x04,right,-25.464768,737,0.208059,175,0,No fault,True,0.59
2026-08-12T14:30:59.866,1786537859.866802,13.188223,5,30.000000,2.000000,151,29.961505,0x03,left,-24.608255,648,0.172894,171,0,No fault,False,0x04,right,-25.245149,782,0.225641,174,0,No fault,True,0.64
2026-08-12T14:30:59.877,1786537859.877739,13.199163,5,30.000000,2.000000,152,29.983834,0x03,left,-24.344713,648,0.231502,170,0,No fault,False,0x04,right,-24.893759,514,0.161172,174,0,No fault,True,0.55
2026-08-12T14:30:59.888,1786537859.888736,13.210166,5,30.000000,2.000000,153,29.996342,0x03,left,-24.059209,648,0.219780,173,0,No fault,False,0x04,right,-24.520408,692,0.126007,173,0,No fault,True,0.46
2026-08-12T14:30:59.907,1786537859.907503,13.228931,5,30.000000,2.000000,154,30.000000,0x03,left,-23.729781,469,0.172894,172,0,No fault,False,0x04,right,-24.300789,692,0.167033,174,0,No fault,False,0.57
2026-08-12T14:30:59.918,1786537859.918600,13.240034,5,30.000000,2.000000,155,30.000000,0x03,left,-23.246621,782,0.126007,172,0,No fault,False,0x04,right,-23.839591,603,0.231502,177,0,No fault,True,0.59
2026-08-12T14:30:59.931,1786537859.931671,13.253102,5,30.000000,2.000000,156,30.000000,0x03,left,-22.631689,692,0.102564,172,0,No fault,False,0x04,right,-23.378392,916,0.161172,174,0,No fault,True,0.75
2026-08-12T14:30:59.952,1786537859.952031,13.273462,5,30.000000,2.000000,157,30.000000,0x03,left,-22.192452,648,0.120147,172,0,No fault,False,0x04,right,-22.521879,469,0.202198,173,0,No fault,True,0.33
2026-08-12T14:30:59.963,1786537859.963140,13.284563,5,30.000000,2.000000,158,30.000000,0x03,left,-21.621443,871,0.149451,173,0,No fault,False,0x04,right,-22.368146,692,0.161172,174,0,No fault,True,0.75
2026-08-12T14:30:59.973,1786537859.973784,13.295201,5,30.000000,2.000000,159,30.000000,0x03,left,-21.445749,603,0.225641,172,0,No fault,False,0x04,right,-22.038719,514,0.202198,178,0,No fault,True,0.59
2026-08-12T14:30:59.984,1786537859.984474,13.305898,5,30.000000,2.000000,160,30.000000,0x03,left,-21.094359,514,0.295971,170,0,No fault,False,0x04,right,-21.687329,826,0.126007,174,0,No fault,True,0.59
2026-08-12T14:30:59.998,1786537859.998382,13.319810,5,30.000000,2.000000,161,30.000000,0x03,left,-20.808855,514,0.231502,172,0,No fault,False,0x04,right,-21.138283,648,0.167033,173,0,No fault,True,0.33
2026-08-12T14:31:00.009,1786537860.009237,13.330666,5,30.000000,2.000000,162,30.000000,0x03,left,-20.391580,782,0.143590,172,0,No fault,False,0x04,right,-20.764931,826,0.143590,174,0,No fault,True,0.37
2026-08-12T14:31:00.020,1786537860.020239,13.341695,5,30.000000,2.000000,163,30.000000,0x03,left,-19.820572,648,0.090842,172,0,No fault,False,0x04,right,-20.369618,603,0.184615,174,0,No fault,True,0.55
2026-08-12T14:31:00.033,1786537860.033978,13.355408,5,30.000000,2.000000,164,30.000000,0x03,left,-19.425258,871,0.155311,176,0,No fault,False,0x04,right,-19.908419,782,0.184615,175,0,No fault,True,0.48
2026-08-12T14:31:00.044,1786537860.044857,13.366287,5,30.000000,2.000000,165,30.000000,0x03,left,-19.029945,782,0.213919,171,0,No fault,False,0x04,right,-19.491144,1005,0.178755,174,0,No fault,True,0.46
2026-08-12T14:31:00.055,1786537860.055979,13.377408,5,30.000000,2.000000,166,30.000000,0x03,left,-18.458937,826,0.184615,173,0,No fault,False,0x04,right,-19.073869,648,0.161172,175,0,No fault,True,0.61
2026-08-12T14:31:00.069,1786537860.069705,13.391142,5,30.000000,2.000000,167,30.000000,0x03,left,-18.151471,648,0.272527,175,0,No fault,False,0x04,right,-18.612670,782,0.196337,177,0,No fault,True,0.46
2026-08-12T14:31:00.080,1786537860.080677,13.402102,5,30.000000,2.000000,168,30.000000,0x03,left,-17.756157,692,0.219780,174,0,No fault,False,0x04,right,-18.173433,826,0.219780,178,0,No fault,True,0.42
2026-08-12T14:31:00.091,1786537860.091826,13.413263,5,30.000000,2.000000,169,30.000000,0x03,left,-17.294959,826,0.126007,172,0,No fault,False,0x04,right,-17.712234,826,0.178755,174,0,No fault,True,0.42
2026-08-12T14:31:00.115,1786537860.115382,13.436852,5,30.000000,2.000000,170,30.000000,0x03,left,-16.482370,826,0.143590,172,0,No fault,True,0x04,right,-17.031416,692,0.219780,174,0,No fault,False,0.55
2026-08-12T14:31:00.126,1786537860.126580,13.448033,5,30.000000,2.000000,171,30.000000,0x03,left,-15.823514,692,0.225641,172,0,No fault,False,0x04,right,-16.658065,960,0.231502,177,0,No fault,True,0.83
2026-08-12T14:31:00.137,1786537860.137698,13.459129,5,30.000000,2.000000,172,30.000000,0x03,left,-15.384277,648,0.213919,173,0,No fault,False,0x04,right,-16.240790,916,0.172894,176,0,No fault,True,0.86
2026-08-12T14:31:00.158,1786537860.158007,13.479444,5,30.000000,2.000000,173,30.000000,0x03,left,-14.857193,826,0.161172,173,0,No fault,False,0x04,right,-15.164659,871,0.213919,174,0,No fault,True,0.31
2026-08-12T14:31:00.172,1786537860.172451,13.493900,5,30.000000,2.000000,174,30.000000,0x03,left,-13.934795,871,0.084982,173,0,No fault,False,0x04,right,-14.725422,1050,0.184615,174,0,No fault,True,0.79
2026-08-12T14:31:00.183,1786537860.183552,13.504982,5,30.000000,2.000000,175,30.000000,0x03,left,-13.605367,960,0.073260,171,0,No fault,False,0x04,right,-14.308147,826,0.190476,174,0,No fault,True,0.70
2026-08-12T14:31:00.197,1786537860.197905,13.519334,5,30.000000,2.000000,176,30.000000,0x03,left,-13.056321,782,0.178755,170,0,No fault,False,0x04,right,-13.759100,782,0.237363,174,0,No fault,True,0.70
2026-08-12T14:31:00.208,1786537860.208888,13.530320,5,30.000000,2.000000,177,30.000000,0x03,left,-12.639046,692,0.225641,169,0,No fault,False,0x04,right,-13.341825,916,0.225641,175,0,No fault,True,0.70
2026-08-12T14:31:00.223,1786537860.223487,13.544932,5,30.000000,2.000000,178,30.000000,0x03,left,-11.804496,916,0.073260,173,0,No fault,False,0x04,right,-12.704931,782,0.202198,174,0,No fault,True,0.90
2026-08-12T14:31:00.234,1786537860.234394,13.555820,5,30.000000,2.000000,179,30.000000,0x03,left,-11.540953,826,0.067399,173,0,No fault,False,0x04,right,-12.243733,916,0.196337,174,0,No fault,True,0.70
2026-08-12T14:31:00.245,1786537860.245356,13.566780,5,30.000000,2.000000,180,30.000000,0x03,left,-10.794250,1184,0.114286,175,0,No fault,False,0x04,right,-11.782534,916,0.196337,175,0,No fault,True,0.99
2026-08-12T14:31:00.259,1786537860.259213,13.580664,5,30.000000,2.000000,181,30.000000,0x03,left,-10.311090,960,0.126007,175,0,No fault,False,0x04,right,-11.101716,960,0.219780,174,0,No fault,True,0.79
2026-08-12T14:31:00.270,1786537860.270385,13.591831,5,30.000000,2.000000,182,30.000000,0x03,left,-9.827929,960,0.155311,173,0,No fault,False,0x04,right,-10.640517,1094,0.196337,175,0,No fault,True,0.81
2026-08-12T14:31:00.284,1786537860.284721,13.606163,5,30.000000,2.000000,183,30.000000,0x03,left,-9.191035,558,0.155311,172,0,No fault,False,0x04,right,-9.937738,1005,0.184615,175,0,No fault,True,0.75
2026-08-12T14:31:00.295,1786537860.295759,13.617193,5,30.000000,2.000000,184,30.000000,0x03,left,-8.685913,1139,0.073260,173,0,No fault,False,0x04,right,-9.476539,1050,0.178755,174,0,No fault,True,0.79
2026-08-12T14:31:00.306,1786537860.306845,13.628275,5,30.000000,2.000000,185,30.000000,0x03,left,-7.917248,1184,0.102564,173,0,No fault,False,0x04,right,-9.015340,916,0.184615,174,0,No fault,True,1.10
2026-08-12T14:31:00.327,1786537860.327585,13.649019,5,30.000000,2.000000,186,30.000000,0x03,left,-7.126621,1139,0.155311,172,0,No fault,True,0x04,right,-8.312561,960,0.213919,175,0,No fault,False,1.19
2026-08-12T14:31:00.340,1786537860.340942,13.662373,5,30.000000,2.000000,187,30.000000,0x03,left,-6.555613,782,0.155311,170,0,No fault,False,0x04,right,-7.565858,826,0.178755,176,0,No fault,True,1.01
2026-08-12T14:31:00.361,1786537860.361701,13.683136,5,30.000000,2.000000,188,30.000000,0x03,left,-5.874795,871,0.102564,173,0,No fault,False,0x04,right,-6.182261,1005,0.143590,174,0,No fault,True,0.31
2026-08-12T14:31:00.372,1786537860.372669,13.694100,5,30.000000,2.000000,189,30.000000,0x03,left,-5.369673,960,0.049817,175,0,No fault,False,0x04,right,-5.852834,737,0.143590,174,0,No fault,True,0.48
2026-08-12T14:31:00.383,1786537860.383546,13.704968,5,30.000000,2.000000,190,30.000000,0x03,left,-4.579046,737,0.143590,173,0,No fault,False,0x04,right,-5.501444,916,0.196337,174,0,No fault,True,0.92
2026-08-12T14:31:00.397,1786537860.397301,13.718723,5,30.000000,2.000000,191,30.000000,0x03,left,-4.073924,960,0.249084,172,0,No fault,False,0x04,right,-4.930436,916,0.208059,175,0,No fault,True,0.86
2026-08-12T14:31:00.408,1786537860.408126,13.729544,5,30.000000,2.000000,192,30.000000,0x03,left,-3.634687,916,0.172894,171,0,No fault,False,0x04,right,-4.447275,1050,0.196337,174,0,No fault,True,0.81
2026-08-12T14:31:00.419,1786537860.419000,13.740420,5,30.000000,2.000000,193,30.000000,0x03,left,-3.129564,1139,0.090842,173,0,No fault,False,0x04,right,-3.942152,916,0.202198,174,0,No fault,True,0.81
2026-08-12T14:31:00.429,1786537860.429946,13.751366,5,30.000000,2.000000,194,30.000000,0x03,left,-2.382861,1094,0.143590,172,0,No fault,False,0x04,right,-3.393106,1184,0.178755,174,0,No fault,True,1.01
2026-08-12T14:31:00.443,1786537860.443216,13.764636,5,30.000000,2.000000,195,30.000000,0x03,left,-1.899700,960,0.155311,172,0,No fault,False,0x04,right,-2.624441,1184,0.178755,174,0,No fault,True,0.72
2026-08-12T14:31:00.454,1786537860.454038,13.775457,5,30.000000,2.000000,196,30.000000,0x03,left,-1.394578,960,0.178755,174,0,No fault,False,0x04,right,-2.163242,916,0.196337,175,0,No fault,True,0.77
2026-08-12T14:31:00.464,1786537860.464850,13.786269,5,30.000000,2.000000,197,30.000000,0x03,left,-0.977302,826,0.237363,173,0,No fault,False,0x04,right,-1.680082,1094,0.190476,174,0,No fault,True,0.70
2026-08-12T14:31:00.475,1786537860.475758,13.797177,5,30.000000,2.000000,198,30.000000,0x03,left,-0.274523,1094,0.114286,173,0,No fault,False,0x04,right,-1.174959,871,0.161172,174,0,No fault,True,0.90
2026-08-12T14:31:00.489,1786537860.489218,13.810654,5,30.000000,2.000000,199,30.000000,0x03,left,0.274523,1094,0.108425,173,0,No fault,False,0x04,right,-0.428256,1139,0.202198,174,0,No fault,True,0.70
2026-08-12T14:31:00.500,1786537860.500279,13.821709,5,30.000000,2.000000,200,30.000000,0x03,left,0.735722,826,0.161172,174,0,No fault,False,0x04,right,0.054905,1005,0.202198,172,0,No fault,True,0.68
2026-08-12T14:31:00.511,1786537860.511442,13.832888,5,30.000000,2.000000,201,30.000000,0x03,left,1.262806,1050,0.178755,171,0,No fault,False,0x04,right,0.560027,1318,0.178755,174,0,No fault,True,0.70
2026-08-12T14:31:00.535,1786537860.535215,13.856650,5,30.000000,2.000000,202,30.000000,0x03,left,2.229128,871,0.208059,172,0,No fault,True,0x04,right,1.065150,1005,0.184615,174,0,No fault,False,1.16
2026-08-12T14:31:00.546,1786537860.546300,13.867754,5,30.000000,2.000000,203,30.000000,0x03,left,2.822098,960,0.126007,168,0,No fault,False,0x04,right,1.724005,1184,0.202198,174,0,No fault,True,1.10
2026-08-12T14:31:00.566,1786537860.566193,13.887658,5,30.000000,2.000000,204,30.000000,0x03,left,3.612725,1005,0.167033,173,0,No fault,False,0x04,right,2.712289,916,0.172894,173,0,No fault,True,0.90
2026-08-12T14:31:00.577,1786537860.577241,13.898664,5,30.000000,2.000000,205,30.000000,0x03,left,4.403351,916,0.161172,173,0,No fault,False,0x04,right,3.590763,737,0.149451,174,0,No fault,True,0.81
2026-08-12T14:31:00.588,1786537860.588072,13.909491,5,30.000000,2.000000,206,30.000000,0x03,left,4.666894,782,0.196337,171,0,No fault,False,0x04,right,3.942152,826,0.149451,174,0,No fault,True,0.72
2026-08-12T14:31:00.601,1786537860.601795,13.923217,5,30.000000,2.000000,207,30.000000,0x03,left,5.193978,692,0.213919,173,0,No fault,False,0x04,right,4.579046,737,0.237363,174,0,No fault,True,0.61
2026-08-12T14:31:00.612,1786537860.612641,13.934062,5,30.000000,2.000000,208,30.000000,0x03,left,5.699101,916,0.126007,173,0,No fault,False,0x04,right,4.996321,1005,0.190476,174,0,No fault,True,0.70
2026-08-12T14:31:00.623,1786537860.623445,13.944865,5,30.000000,2.000000,209,30.000000,0x03,left,6.226185,1050,0.126007,169,0,No fault,False,0x04,right,5.545368,871,0.155311,174,0,No fault,True,0.68
2026-08-12T14:31:00.634,1786537860.634437,13.955863,5,30.000000,2.000000,210,30.000000,0x03,left,7.104659,692,0.172894,172,0,No fault,False,0x04,right,6.028528,871,0.196337,174,0,No fault,True,1.08
2026-08-12T14:31:00.647,1786537860.647753,13.969175,5,30.000000,2.000000,211,30.000000,0x03,left,7.434087,692,0.184615,173,0,No fault,False,0x04,right,6.753270,1184,0.178755,177,0,No fault,True,0.68
2026-08-12T14:31:00.658,1786537860.658642,13.980063,5,30.000000,2.000000,212,30.000000,0x03,left,7.873324,1050,0.155311,172,0,No fault,False,0x04,right,7.214468,871,0.184615,173,0,No fault,True,0.66
2026-08-12T14:31:00.669,1786537860.669481,13.990901,5,30.000000,2.000000,213,30.000000,0x03,left,8.378447,1050,0.079121,170,0,No fault,False,0x04,right,7.675667,826,0.184615,173,0,No fault,True,0.70
2026-08-12T14:31:00.680,1786537860.680425,14.001845,5,30.000000,2.000000,214,30.000000,0x03,left,9.212997,1005,0.120147,173,0,No fault,False,0x04,right,8.136866,960,0.202198,172,0,No fault,True,1.08
2026-08-12T14:31:00.693,1786537860.693671,14.015091,5,30.000000,2.000000,215,30.000000,0x03,left,9.586348,916,0.131868,173,0,No fault,False,0x04,right,8.839645,826,0.149451,174,0,No fault,True,0.75
2026-08-12T14:31:00.704,1786537860.704502,14.025921,5,30.000000,2.000000,216,30.000000,0x03,left,10.047547,871,0.149451,173,0,No fault,False,0x04,right,9.300844,916,0.167033,174,0,No fault,True,0.75
2026-08-12T14:31:00.715,1786537860.715307,14.036727,5,30.000000,2.000000,217,30.000000,0x03,left,10.464823,916,0.208059,172,0,No fault,False,0x04,right,9.718120,1005,0.208059,174,0,No fault,True,0.75
2026-08-12T14:31:00.735,1786537860.735954,14.057393,5,30.000000,2.000000,218,30.000000,0x03,left,11.255449,960,0.061538,173,0,No fault,True,0x04,right,10.508746,916,0.172894,173,0,No fault,False,0.75
2026-08-12T14:31:00.747,1786537860.747135,14.068569,5,30.000000,2.000000,219,30.000000,0x03,left,12.068038,916,0.137729,173,0,No fault,False,0x04,right,11.057793,960,0.137729,176,0,No fault,True,1.01
2026-08-12T14:31:00.767,1786537860.767104,14.088570,5,30.000000,2.000000,220,30.000000,0x03,left,12.485313,782,0.149451,172,0,No fault,False,0x04,right,11.738610,916,0.213919,176,0,No fault,True,0.75
2026-08-12T14:31:00.778,1786537860.778884,14.100330,5,30.000000,2.000000,221,30.000000,0x03,left,13.407711,648,0.155311,172,0,No fault,False,0x04,right,12.639046,916,0.137729,174,0,No fault,True,0.77
2026-08-12T14:31:00.792,1786537860.792814,14.114319,5,30.000000,2.000000,222,30.000000,0x03,left,13.627329,469,0.161172,172,0,No fault,True,0x04,right,13.056321,514,0.184615,175,0,No fault,False,0.57
2026-08-12T14:31:00.804,1786537860.804458,14.125920,5,30.000000,2.000000,223,30.000000,0x03,left,14.088528,737,0.149451,171,0,No fault,False,0x04,right,13.429673,1094,0.190476,174,0,No fault,True,0.66
2026-08-12T14:31:00.815,1786537860.815525,14.136956,5,30.000000,2.000000,224,30.000000,0x03,left,14.571689,871,0.096703,173,0,No fault,False,0x04,right,13.846948,960,0.172894,171,0,No fault,True,0.72
2026-08-12T14:31:00.828,1786537860.828627,14.150054,5,30.000000,2.000000,225,30.000000,0x03,left,15.208583,916,0.184615,174,0,No fault,False,0x04,right,14.483842,826,0.190476,174,0,No fault,True,0.72
2026-08-12T14:31:00.840,1786537860.840096,14.161516,5,30.000000,2.000000,226,30.000000,0x03,left,15.581934,826,0.208059,172,0,No fault,False,0x04,right,14.857193,737,0.202198,174,0,No fault,True,0.72
2026-08-12T14:31:00.851,1786537860.851129,14.172550,5,30.000000,2.000000,227,30.000000,0x03,left,15.933324,514,0.208059,173,0,No fault,False,0x04,right,15.318392,916,0.167033,174,0,No fault,True,0.61
2026-08-12T14:31:00.864,1786537860.864609,14.186034,5,30.000000,2.000000,228,30.000000,0x03,left,16.350599,871,0.172894,171,0,No fault,True,0x04,right,15.911362,826,0.184615,174,0,No fault,False,0.44
2026-08-12T14:31:00.875,1786537860.875739,14.197158,5,30.000000,2.000000,229,30.000000,0x03,left,16.921607,916,0.131868,170,0,No fault,False,0x04,right,16.284713,737,0.208059,174,0,No fault,True,0.64
2026-08-12T14:31:00.886,1786537860.886654,14.208071,5,30.000000,2.000000,230,30.000000,0x03,left,17.316920,782,0.120147,172,0,No fault,False,0x04,right,16.680027,826,0.172894,173,0,No fault,True,0.64
2026-08-12T14:31:00.897,1786537860.897603,14.219026,5,30.000000,2.000000,231,30.000000,0x03,left,17.712234,871,0.167033,172,0,No fault,False,0x04,right,17.163187,782,0.161172,175,0,No fault,True,0.55
2026-08-12T14:31:00.970,1786537860.970370,14.291807,6,-30.000000,2.000000,1,30.000000,0x03,left,19.249563,514,0.196337,175,0,No fault,False,0x04,right,17.975776,648,0.243223,174,0,No fault,True,1.27
2026-08-12T14:31:00.983,1786537860.983483,14.304922,6,-30.000000,2.000000,2,29.987352,0x03,left,19.776648,871,0.079121,173,0,No fault,False,0x04,right,18.524822,692,0.190476,174,0,No fault,True,1.25
2026-08-12T14:31:00.995,1786537860.995591,14.317017,6,-30.000000,2.000000,3,29.963131,0x03,left,20.149999,782,0.108425,173,0,No fault,False,0x04,right,18.898174,648,0.196337,174,0,No fault,True,1.25
2026-08-12T14:31:01.009,1786537861.009089,14.330534,6,-30.000000,2.000000,4,29.929578,0x03,left,20.742969,603,0.161172,173,0,No fault,True,0x04,right,19.447220,737,0.202198,174,0,No fault,False,1.30
2026-08-12T14:31:01.021,1786537861.021165,14.342603,6,-30.000000,2.000000,5,29.879021,0x03,left,21.006512,648,0.184615,172,0,No fault,False,0x04,right,19.974305,648,0.196337,176,0,No fault,True,1.03
2026-08-12T14:31:01.035,1786537861.035095,14.356584,6,-30.000000,2.000000,6,29.822627,0x03,left,21.292016,469,0.208059,172,0,No fault,True,0x04,right,20.501389,558,0.161172,175,0,No fault,False,0.79
2026-08-12T14:31:01.046,1786537861.046530,14.367955,6,-30.000000,2.000000,7,29.742850,0x03,left,21.753215,380,0.249084,176,0,No fault,False,0x04,right,20.721008,603,0.137729,174,0,No fault,True,1.03
2026-08-12T14:31:01.057,1786537861.057400,14.378820,6,-30.000000,2.000000,8,29.669672,0x03,left,22.016757,648,0.213919,167,0,No fault,False,0x04,right,20.918664,603,0.208059,174,0,No fault,True,1.10
2026-08-12T14:31:01.070,1786537861.070798,14.392221,6,-30.000000,2.000000,9,29.589524,0x03,left,22.477956,826,0.137729,172,0,No fault,False,0x04,right,21.401825,603,0.237363,174,0,No fault,True,1.08
2026-08-12T14:31:01.082,1786537861.082235,14.403678,6,-30.000000,2.000000,10,29.478909,0x03,left,22.807383,648,0.108425,170,0,No fault,False,0x04,right,21.643405,514,0.184615,174,0,No fault,True,1.16
2026-08-12T14:31:01.093,1786537861.093587,14.415036,6,-30.000000,2.000000,11,29.372773,0x03,left,23.136811,558,0.079121,172,0,No fault,False,0x04,right,21.972833,737,0.161172,174,0,No fault,True,1.16
2026-08-12T14:31:01.106,1786537861.106868,14.428324,6,-30.000000,2.000000,12,29.258323,0x03,left,23.576048,558,0.172894,171,0,No fault,False,0x04,right,22.455994,514,0.167033,173,0,No fault,True,1.12
2026-08-12T14:31:01.118,1786537861.118272,14.439720,6,-30.000000,2.000000,13,29.114486,0x03,left,23.795667,558,0.184615,173,0,No fault,False,0x04,right,22.741498,424,0.266667,170,0,No fault,True,1.05
2026-08-12T14:31:01.129,1786537861.129523,14.450962,6,-30.000000,2.000000,14,28.980343,0x03,left,24.103133,335,0.202198,172,0,No fault,False,0x04,right,22.961116,514,0.260806,173,0,No fault,True,1.14
2026-08-12T14:31:01.156,1786537861.156311,14.477761,6,-30.000000,2.000000,15,28.836574,0x03,left,24.542370,246,0.178755,172,0,No fault,True,0x04,right,23.598010,603,0.137729,174,0,No fault,False,0.94
2026-08-12T14:31:01.177,1786537861.177524,14.498979,6,-30.000000,2.000000,16,28.466565,0x03,left,25.091416,201,0.208059,173,0,No fault,False,0x04,right,24.081171,558,0.172894,174,0,No fault,True,1.01
2026-08-12T14:31:01.188,1786537861.188591,14.510018,6,-30.000000,2.000000,17,28.133700,0x03,left,25.311035,648,0.131868,172,0,No fault,False,0x04,right,24.300789,424,0.178755,173,0,No fault,True,1.01
2026-08-12T14:31:01.199,1786537861.199445,14.520865,6,-30.000000,2.000000,18,27.951604,0x03,left,25.574577,514,0.096703,172,0,No fault,False,0x04,right,24.520408,246,0.231502,174,0,No fault,True,1.05
2026-08-12T14:31:01.210,1786537861.210386,14.531806,6,-30.000000,2.000000,19,27.762038,0x03,left,26.057738,290,0.143590,173,0,No fault,False,0x04,right,24.761988,648,0.196337,174,0,No fault,True,1.30
2026-08-12T14:31:01.223,1786537861.223516,14.544951,6,-30.000000,2.000000,20,27.555965,0x03,left,26.233432,290,0.090842,173,0,No fault,False,0x04,right,25.376920,380,0.143590,176,0,No fault,True,0.86
2026-08-12T14:31:01.234,1786537861.234462,14.555885,6,-30.000000,2.000000,21,27.311044,0x03,left,26.475013,201,0.114286,173,0,No fault,False,0x04,right,25.464768,156,0.172894,171,0,No fault,True,1.01
2026-08-12T14:31:01.245,1786537861.245384,14.566817,6,-30.000000,2.000000,22,27.094357,0x03,left,26.650708,380,0.137729,173,0,No fault,False,0x04,right,25.574577,156,0.307692,174,0,No fault,True,1.08
2026-08-12T14:31:01.256,1786537861.256717,14.578158,6,-30.000000,2.000000,23,26.867264,0x03,left,26.892288,201,0.161172,170,0,No fault,False,0x04,right,25.816157,514,0.178755,174,0,No fault,True,1.08
2026-08-12T14:31:01.269,1786537861.269562,14.590984,6,-30.000000,2.000000,24,26.626548,0x03,left,26.980135,67,0.284249,171,0,No fault,False,0x04,right,26.013814,-22,0.354579,175,0,No fault,True,0.97
2026-08-12T14:31:01.280,1786537861.280399,14.601818,6,-30.000000,2.000000,25,26.343643,0x03,left,27.089945,514,0.213919,174,0,No fault,False,0x04,right,26.145585,424,0.254945,174,0,No fault,True,0.94
2026-08-12T14:31:01.291,1786537861.291187,14.612606,6,-30.000000,2.000000,26,26.096232,0x03,left,27.243678,156,0.143590,173,0,No fault,False,0x04,right,26.365204,514,0.143590,172,0,No fault,True,0.88
2026-08-12T14:31:01.301,1786537861.301968,14.623386,6,-30.000000,2.000000,27,25.841763,0x03,left,27.353487,201,0.202198,171,0,No fault,False,0x04,right,26.562860,469,0.213919,175,0,No fault,True,0.79
2026-08-12T14:31:01.315,1786537861.315433,14.636850,6,-30.000000,2.000000,28,25.578990,0x03,left,27.419372,67,0.336996,172,0,No fault,False,0x04,right,26.914250,514,0.126007,174,0,No fault,True,0.51
2026-08-12T14:31:01.326,1786537861.326203,14.647620,6,-30.000000,2.000000,29,25.242882,0x03,left,27.441334,-67,0.331136,171,0,No fault,False,0x04,right,26.980135,67,0.219780,173,0,No fault,True,0.46
2026-08-12T14:31:01.336,1786537861.336979,14.658396,6,-30.000000,2.000000,30,24.965033,0x03,left,27.485258,112,0.295971,175,0,No fault,False,0x04,right,27.133868,335,0.149451,173,0,No fault,True,0.35
2026-08-12T14:31:01.360,1786537861.360037,14.681472,6,-30.000000,2.000000,31,24.679609,0x03,left,27.814686,335,0.096703,172,0,No fault,True,0x04,right,27.397411,67,0.225641,176,0,No fault,False,0.42
2026-08-12T14:31:01.380,1786537861.380500,14.701941,6,-30.000000,2.000000,32,24.043602,0x03,left,28.034304,469,0.114286,173,0,No fault,False,0x04,right,27.573105,380,0.178755,174,0,No fault,True,0.46
2026-08-12T14:31:01.391,1786537861.391615,14.713054,6,-30.000000,2.000000,33,23.453151,0x03,left,28.209999,514,0.002930,171,0,No fault,False,0x04,right,27.748800,335,0.143590,174,0,No fault,True,0.46
2026-08-12T14:31:01.403,1786537861.403087,14.724541,6,-30.000000,2.000000,34,23.123082,0x03,left,28.319808,201,0.008791,172,0,No fault,False,0x04,right,27.858609,67,0.196337,174,0,No fault,True,0.46
2026-08-12T14:31:01.416,1786537861.416693,14.738129,6,-30.000000,2.000000,35,22.761701,0x03,left,28.363732,-67,0.219780,174,0,No fault,False,0x04,right,27.880571,-67,0.295971,174,0,No fault,True,0.48
2026-08-12T14:31:01.427,1786537861.427834,14.749266,6,-30.000000,2.000000,36,22.353364,0x03,left,28.385694,67,0.219780,171,0,No fault,False,0x04,right,27.902533,-156,0.290110,174,0,No fault,True,0.48
2026-08-12T14:31:01.439,1786537861.439128,14.760560,6,-30.000000,2.000000,37,21.995929,0x03,left,28.385694,22,0.213919,175,0,No fault,False,0x04,right,27.946457,67,0.278388,174,0,No fault,True,0.44
2026-08-12T14:31:01.452,1786537861.452252,14.773685,6,-30.000000,2.000000,38,21.627980,0x03,left,28.429618,-22,0.190476,173,0,No fault,False,0x04,right,28.056266,290,0.114286,175,0,No fault,True,0.37
2026-08-12T14:31:01.463,1786537861.463399,14.784835,6,-30.000000,2.000000,39,21.201853,0x03,left,28.539427,290,0.055678,174,0,No fault,False,0x04,right,28.188037,112,0.137729,175,0,No fault,True,0.35
2026-08-12T14:31:01.474,1786537861.474606,14.796048,6,-30.000000,2.000000,40,20.826738,0x03,left,28.649236,-22,0.067399,173,0,No fault,False,0x04,right,28.275885,290,0.131868,175,0,No fault,True,0.37
2026-08-12T14:31:01.488,1786537861.488038,14.809453,6,-30.000000,2.000000,41,20.442133,0x03,left,28.759045,201,0.079121,172,0,No fault,False,0x04,right,28.319808,67,0.219780,174,0,No fault,True,0.44
2026-08-12T14:31:01.499,1786537861.499556,14.820977,6,-30.000000,2.000000,42,19.979735,0x03,left,28.802969,-22,0.096703,173,0,No fault,False,0x04,right,28.319808,-67,0.237363,175,0,No fault,True,0.48
2026-08-12T14:31:01.510,1786537861.510654,14.832088,6,-30.000000,2.000000,43,19.570260,0x03,left,28.802969,-22,0.149451,173,0,No fault,False,0x04,right,28.319808,-67,0.243223,173,0,No fault,True,0.48
2026-08-12T14:31:01.523,1786537861.523764,14.845190,6,-30.000000,2.000000,44,19.167229,0x03,left,28.824931,156,0.155311,175,0,No fault,False,0x04,right,28.341770,-22,0.237363,174,0,No fault,True,0.48
2026-08-12T14:31:01.535,1786537861.535091,14.856546,6,-30.000000,2.000000,45,18.690359,0x03,left,28.824931,-22,0.178755,173,0,No fault,False,0x04,right,28.319808,-112,0.249084,174,0,No fault,True,0.51
2026-08-12T14:31:01.546,1786537861.546756,14.868231,6,-30.000000,2.000000,46,18.252856,0x03,left,28.824931,-67,0.172894,173,0,No fault,False,0x04,right,28.341770,22,0.254945,175,0,No fault,True,0.48
2026-08-12T14:31:01.570,1786537861.570827,14.892323,6,-30.000000,2.000000,47,17.814593,0x03,left,28.824931,22,0.172894,172,0,No fault,True,0x04,right,28.319808,-156,0.260806,174,0,No fault,False,0.51
2026-08-12T14:31:01.594,1786537861.594286,14.915761,6,-30.000000,2.000000,48,16.889759,0x03,left,28.824931,22,0.172894,173,0,No fault,False,0x04,right,28.319808,-246,0.254945,174,0,No fault,True,0.51
2026-08-12T14:31:01.609,1786537861.609531,14.930985,6,-30.000000,2.000000,49,15.963308,0x03,left,28.824931,22,0.178755,172,0,No fault,False,0x04,right,28.341770,156,0.254945,173,0,No fault,True,0.48
2026-08-12T14:31:01.620,1786537861.620716,14.942182,6,-30.000000,2.000000,50,15.365718,0x03,left,28.824931,22,0.172894,172,0,No fault,False,0x04,right,28.341770,67,0.254945,174,0,No fault,True,0.48
2026-08-12T14:31:01.634,1786537861.634989,14.956414,6,-30.000000,2.000000,51,14.908600,0x03,left,28.824931,22,0.167033,172,0,No fault,False,0x04,right,28.319808,-112,0.272527,174,0,No fault,True,0.51
2026-08-12T14:31:01.645,1786537861.645908,14.967332,6,-30.000000,2.000000,52,14.328709,0x03,left,28.824931,-22,0.178755,172,0,No fault,False,0x04,right,28.341770,-112,0.249084,174,0,No fault,True,0.48
2026-08-12T14:31:01.660,1786537861.660536,14.981976,6,-30.000000,2.000000,53,13.860893,0x03,left,28.824931,-67,0.184615,173,0,No fault,False,0x04,right,28.341770,22,0.260806,174,0,No fault,True,0.48
2026-08-12T14:31:01.671,1786537861.671691,14.993122,6,-30.000000,2.000000,54,13.254133,0x03,left,28.824931,-22,0.172894,172,0,No fault,False,0x04,right,28.341770,22,0.266667,174,0,No fault,True,0.48
2026-08-12T14:31:01.685,1786537861.685893,15.007316,6,-30.000000,2.000000,55,12.781863,0x03,left,28.824931,-67,0.172894,172,0,No fault,False,0x04,right,28.341770,156,0.249084,173,0,No fault,True,0.48
2026-08-12T14:31:01.696,1786537861.696864,15.018288,6,-30.000000,2.000000,56,12.176213,0x03,left,28.824931,-112,0.167033,173,0,No fault,False,0x04,right,28.341770,-112,0.260806,174,0,No fault,True,0.48
2026-08-12T14:31:01.708,1786537861.708047,15.029475,6,-30.000000,2.000000,57,11.698399,0x03,left,28.824931,112,0.172894,173,0,No fault,False,0x04,right,28.341770,-67,0.260806,174,0,No fault,True,0.48
2026-08-12T14:31:01.721,1786537861.721486,15.042909,6,-30.000000,2.000000,58,11.214693,0x03,left,28.824931,-156,0.172894,171,0,No fault,False,0x04,right,28.341770,-67,0.272527,173,0,No fault,True,0.48
2026-08-12T14:31:01.732,1786537861.732338,15.053760,6,-30.000000,2.000000,59,10.625907,0x03,left,28.824931,-156,0.167033,175,0,No fault,False,0x04,right,28.341770,-67,0.260806,175,0,No fault,True,0.48
2026-08-12T14:31:01.743,1786537861.743179,15.064598,6,-30.000000,2.000000,60,10.146140,0x03,left,28.824931,-22,0.184615,173,0,No fault,False,0x04,right,28.341770,-112,0.260806,174,0,No fault,True,0.48
2026-08-12T14:31:01.762,1786537861.762170,15.083591,6,-30.000000,2.000000,61,9.662066,0x03,left,28.846893,201,0.178755,174,0,No fault,False,0x04,right,28.341770,22,0.254945,174,0,No fault,False,0.51
2026-08-12T14:31:01.773,1786537861.773365,15.094792,6,-30.000000,2.000000,62,8.812603,0x03,left,28.824931,67,0.167033,172,0,No fault,False,0x04,right,28.341770,22,0.254945,174,0,No fault,True,0.48
2026-08-12T14:31:01.797,1786537861.797164,15.118609,6,-30.000000,2.000000,63,8.259779,0x03,left,28.824931,22,0.178755,172,0,No fault,True,0x04,right,28.341770,67,0.254945,174,0,No fault,False,0.48
2026-08-12T14:31:01.810,1786537861.810217,15.131687,6,-30.000000,2.000000,64,7.216658,0x03,left,28.846893,156,0.178755,172,0,No fault,False,0x04,right,28.341770,22,0.260806,174,0,No fault,True,0.51
2026-08-12T14:31:01.823,1786537861.823486,15.144920,6,-30.000000,2.000000,65,6.613897,0x03,left,28.824931,-22,0.167033,170,0,No fault,False,0x04,right,28.341770,-22,0.254945,174,0,No fault,True,0.48
2026-08-12T14:31:01.835,1786537861.835391,15.156816,6,-30.000000,2.000000,66,6.011349,0x03,left,28.824931,-67,0.178755,172,0,No fault,False,0x04,right,28.341770,-67,0.260806,174,0,No fault,True,0.48
2026-08-12T14:31:01.846,1786537861.846447,15.167885,6,-30.000000,2.000000,67,5.462117,0x03,left,28.824931,-201,0.167033,172,0,No fault,False,0x04,right,28.341770,-22,0.249084,174,0,No fault,True,0.48
2026-08-12T14:31:01.859,1786537861.859267,15.180695,6,-30.000000,2.000000,68,4.940435,0x03,left,28.846893,156,0.167033,172,0,No fault,False,0x04,right,28.341770,-67,0.243223,174,0,No fault,True,0.51
2026-08-12T14:31:01.871,1786537861.871210,15.192652,6,-30.000000,2.000000,69,4.351263,0x03,left,28.824931,22,0.172894,169,0,No fault,False,0x04,right,28.341770,156,0.249084,172,0,No fault,True,0.48
2026-08-12T14:31:01.884,1786537861.884949,15.206396,6,-30.000000,2.000000,70,3.790467,0x03,left,28.846893,112,0.161172,175,0,No fault,True,0x04,right,28.341770,-67,0.249084,172,0,No fault,False,0.51
2026-08-12T14:31:01.896,1786537861.896761,15.218198,6,-30.000000,2.000000,71,3.145477,0x03,left,28.824931,67,0.167033,173,0,No fault,False,0x04,right,28.341770,-22,0.254945,174,0,No fault,True,0.48
2026-08-12T14:31:01.910,1786537861.910627,15.232108,6,-30.000000,2.000000,72,2.592705,0x03,left,28.824931,-22,0.172894,173,0,No fault,True,0x04,right,28.341770,-201,0.254945,174,0,No fault,False,0.48
2026-08-12T14:31:01.922,1786537861.922851,15.244338,6,-30.000000,2.000000,73,1.934421,0x03,left,28.846893,156,0.167033,170,0,No fault,False,0x04,right,28.341770,22,0.254945,174,0,No fault,True,0.51
2026-08-12T14:31:01.936,1786537861.936885,15.258348,6,-30.000000,2.000000,74,1.357054,0x03,left,28.824931,-112,0.172894,170,0,No fault,True,0x04,right,28.341770,22,0.254945,174,0,No fault,False,0.48
2026-08-12T14:31:01.948,1786537861.948152,15.269608,6,-30.000000,2.000000,75,0.700795,0x03,left,28.824931,22,0.178755,172,0,No fault,False,0x04,right,28.341770,-22,0.266667,174,0,No fault,True,0.48
2026-08-12T14:31:01.964,1786537861.964491,15.285965,6,-30.000000,2.000000,76,0.171170,0x03,left,28.824931,22,0.167033,173,0,No fault,False,0x04,right,28.341770,-67,0.254945,174,0,No fault,False,0.48
2026-08-12T14:31:01.977,1786537861.977334,15.298823,6,-30.000000,2.000000,77,-0.601403,0x03,left,28.824931,-67,0.172894,173,0,No fault,False,0x04,right,28.341770,67,0.254945,174,0,No fault,True,0.48
2026-08-12T14:31:02.000,1786537862.000796,15.322237,6,-30.000000,2.000000,78,-1.217739,0x03,left,28.824931,-67,0.178755,173,0,No fault,False,0x04,right,28.341770,-112,0.260806,174,0,No fault,True,0.48
2026-08-12T14:31:02.011,1786537862.011810,15.333237,6,-30.000000,2.000000,79,-2.301668,0x03,left,28.824931,-22,0.167033,174,0,No fault,False,0x04,right,28.341770,22,0.249084,174,0,No fault,True,0.48
2026-08-12T14:31:02.023,1786537862.023035,15.344459,6,-30.000000,2.000000,80,-2.816470,0x03,left,28.824931,22,0.178755,172,0,No fault,False,0x04,right,28.341770,67,0.249084,173,0,No fault,True,0.48
2026-08-12T14:31:02.036,1786537862.036512,15.357933,6,-30.000000,2.000000,81,-3.342606,0x03,left,28.846893,112,0.172894,173,0,No fault,False,0x04,right,28.341770,22,0.249084,173,0,No fault,True,0.51
2026-08-12T14:31:02.047,1786537862.047415,15.368867,6,-30.000000,2.000000,82,-3.971311,0x03,left,28.846893,67,0.161172,172,0,No fault,False,0x04,right,28.341770,-156,0.260806,174,0,No fault,True,0.51
2026-08-12T14:31:02.058,1786537862.058811,15.380245,6,-30.000000,2.000000,83,-4.490432,0x03,left,28.846893,22,0.167033,172,0,No fault,False,0x04,right,28.341770,112,0.249084,174,0,No fault,True,0.51
2026-08-12T14:31:02.072,1786537862.072300,15.393727,6,-30.000000,2.000000,84,-5.019403,0x03,left,28.824931,-22,0.167033,171,0,No fault,False,0x04,right,28.341770,22,0.260806,176,0,No fault,True,0.48
2026-08-12T14:31:02.083,1786537862.083162,15.404583,6,-30.000000,2.000000,85,-5.636528,0x03,left,28.824931,-112,0.172894,173,0,No fault,False,0x04,right,28.363732,290,0.254945,175,0,No fault,True,0.46
2026-08-12T14:31:02.094,1786537862.094025,15.415448,6,-30.000000,2.000000,86,-6.138012,0x03,left,28.824931,-201,0.172894,175,0,No fault,False,0x04,right,28.341770,22,0.260806,174,0,No fault,True,0.48
2026-08-12T14:31:02.105,1786537862.105000,15.426420,6,-30.000000,2.000000,87,-6.639413,0x03,left,28.824931,-201,0.172894,172,0,No fault,False,0x04,right,28.341770,-112,0.260806,173,0,No fault,True,0.48
2026-08-12T14:31:02.118,1786537862.118315,15.439734,6,-30.000000,2.000000,88,-7.141704,0x03,left,28.824931,-156,0.178755,171,0,No fault,False,0x04,right,28.341770,-156,0.260806,173,0,No fault,True,0.48
2026-08-12T14:31:02.129,1786537862.129113,15.450534,6,-30.000000,2.000000,89,-7.748575,0x03,left,28.846893,22,0.167033,170,0,No fault,False,0x04,right,28.341770,-112,0.266667,174,0,No fault,True,0.51
2026-08-12T14:31:02.139,1786537862.139897,15.461315,6,-30.000000,2.000000,90,-8.239031,0x03,left,28.846893,156,0.172894,173,0,No fault,False,0x04,right,28.341770,-201,0.254945,175,0,No fault,True,0.51
2026-08-12T14:31:02.150,1786537862.150798,15.472241,6,-30.000000,2.000000,91,-8.726175,0x03,left,28.824931,-112,0.167033,173,0,No fault,False,0x04,right,28.341770,-156,0.243223,174,0,No fault,True,0.48
2026-08-12T14:31:02.176,1786537862.176019,15.497505,6,-30.000000,2.000000,92,-9.221893,0x03,left,28.824931,-156,0.184615,173,0,No fault,True,0x04,right,28.341770,-67,0.266667,174,0,No fault,False,0.48
2026-08-12T14:31:02.191,1786537862.191431,15.512872,6,-30.000000,2.000000,93,-10.365527,0x03,left,28.824931,-67,0.178755,167,0,No fault,False,0x04,right,28.363732,156,0.260806,175,0,No fault,True,0.46
2026-08-12T14:31:02.206,1786537862.206690,15.528137,6,-30.000000,2.000000,94,-11.028133,0x03,left,28.824931,-22,0.172894,173,0,No fault,False,0x04,right,28.341770,-201,0.243223,174,0,No fault,True,0.48
2026-08-12T14:31:02.217,1786537862.217848,15.539312,6,-30.000000,2.000000,95,-11.690632,0x03,left,28.846893,22,0.178755,173,0,No fault,False,0x04,right,28.341770,22,0.272527,174,0,No fault,True,0.51
2026-08-12T14:31:02.232,1786537862.232105,15.553538,6,-30.000000,2.000000,96,-12.175160,0x03,left,28.846893,-22,0.167033,173,0,No fault,False,0x04,right,28.341770,112,0.254945,174,0,No fault,True,0.51
2026-08-12T14:31:02.243,1786537862.243083,15.564509,6,-30.000000,2.000000,97,-12.779231,0x03,left,28.824931,-156,0.178755,169,0,No fault,False,0x04,right,28.341770,22,0.260806,174,0,No fault,True,0.48
2026-08-12T14:31:02.257,1786537862.257604,15.579039,6,-30.000000,2.000000,98,-13.248564,0x03,left,28.824931,-67,0.167033,173,0,No fault,False,0x04,right,28.341770,-22,0.254945,174,0,No fault,True,0.48
2026-08-12T14:31:02.268,1786537862.268687,15.590117,6,-30.000000,2.000000,99,-13.858402,0x03,left,28.846893,67,0.172894,173,0,No fault,False,0x04,right,28.341770,-112,0.254945,174,0,No fault,True,0.51
2026-08-12T14:31:02.283,1786537862.283053,15.604477,6,-30.000000,2.000000,100,-14.319820,0x03,left,28.824931,-112,0.161172,172,0,No fault,False,0x04,right,28.341770,-22,0.254945,173,0,No fault,True,0.48
2026-08-12T14:31:02.293,1786537862.293997,15.615416,6,-30.000000,2.000000,101,-14.908109,0x03,left,28.846893,-22,0.161172,173,0,No fault,False,0x04,right,28.341770,-67,0.249084,174,0,No fault,True,0.51
2026-08-12T14:31:02.305,1786537862.305135,15.626556,6,-30.000000,2.000000,102,-15.352772,0x03,left,28.824931,-22,0.184615,172,0,No fault,False,0x04,right,28.341770,22,0.266667,173,0,No fault,True,0.48
2026-08-12T14:31:02.318,1786537862.318689,15.640122,6,-30.000000,2.000000,103,-15.801858,0x03,left,28.824931,-67,0.167033,175,0,No fault,False,0x04,right,28.341770,-22,0.260806,175,0,No fault,True,0.48
2026-08-12T14:31:02.329,1786537862.329748,15.651178,6,-30.000000,2.000000,104,-16.344661,0x03,left,28.846893,22,0.184615,172,0,No fault,False,0x04,right,28.341770,67,0.260806,174,0,No fault,True,0.51
2026-08-12T14:31:02.340,1786537862.340788,15.662214,6,-30.000000,2.000000,105,-16.777162,0x03,left,28.846893,22,0.167033,172,0,No fault,False,0x04,right,28.341770,-156,0.249084,174,0,No fault,True,0.51
2026-08-12T14:31:02.354,1786537862.354457,15.675897,6,-30.000000,2.000000,106,-17.210004,0x03,left,28.824931,-156,0.172894,173,0,No fault,False,0x04,right,28.341770,67,0.254945,174,0,No fault,True,0.48
2026-08-12T14:31:02.376,1786537862.376049,15.697487,6,-30.000000,2.000000,107,-17.732938,0x03,left,28.846893,-22,0.167033,172,0,No fault,True,0x04,right,28.341770,22,0.249084,173,0,No fault,False,0.51
2026-08-12T14:31:02.387,1786537862.387382,15.708815,6,-30.000000,2.000000,108,-18.541679,0x03,left,28.824931,-246,0.172894,172,0,No fault,False,0x04,right,28.363732,246,0.266667,174,0,No fault,True,0.46
2026-08-12T14:31:02.406,1786537862.406931,15.728361,6,-30.000000,2.000000,109,-18.958308,0x03,left,28.824931,-201,0.172894,175,0,No fault,False,0x04,right,28.341770,67,0.254945,175,0,No fault,True,0.48
2026-08-12T14:31:02.419,1786537862.419085,15.740515,6,-30.000000,2.000000,110,-19.662083,0x03,left,28.846893,22,0.172894,173,0,No fault,False,0x04,right,28.341770,67,0.266667,174,0,No fault,True,0.51
2026-08-12T14:31:02.432,1786537862.432903,15.754343,6,-30.000000,2.000000,111,-20.092159,0x03,left,28.824931,-67,0.172894,174,0,No fault,True,0x04,right,28.341770,22,0.254945,177,0,No fault,False,0.48
2026-08-12T14:31:02.444,1786537862.444540,15.765966,6,-30.000000,2.000000,112,-20.571776,0x03,left,28.846893,112,0.167033,171,0,No fault,False,0x04,right,28.341770,-156,0.260806,174,0,No fault,True,0.51
2026-08-12T14:31:02.455,1786537862.455504,15.776926,6,-30.000000,2.000000,113,-20.964891,0x03,left,28.846893,22,0.161172,172,0,No fault,False,0x04,right,28.341770,-201,0.254945,173,0,No fault,True,0.51
2026-08-12T14:31:02.468,1786537862.468563,15.789983,6,-30.000000,2.000000,114,-21.332136,0x03,left,28.824931,-112,0.155311,172,0,No fault,False,0x04,right,28.341770,-22,0.243223,174,0,No fault,True,0.48
2026-08-12T14:31:02.480,1786537862.480233,15.801659,6,-30.000000,2.000000,115,-21.758188,0x03,left,28.846893,67,0.155311,172,0,No fault,False,0x04,right,28.341770,22,0.243223,175,0,No fault,True,0.51
2026-08-12T14:31:02.491,1786537862.491144,15.812569,6,-30.000000,2.000000,116,-22.133531,0x03,left,28.846893,-22,0.155311,172,0,No fault,False,0x04,right,28.341770,-112,0.237363,174,0,No fault,True,0.51
2026-08-12T14:31:02.504,1786537862.504194,15.825624,6,-30.000000,2.000000,117,-22.478469,0x03,left,28.824931,-67,0.143590,169,0,No fault,False,0x04,right,28.341770,-67,0.237363,177,0,No fault,True,0.48
2026-08-12T14:31:02.515,1786537862.515946,15.837371,6,-30.000000,2.000000,118,-22.886203,0x03,left,28.846893,156,0.126007,173,0,No fault,False,0x04,right,28.341770,112,0.231502,174,0,No fault,True,0.51
2026-08-12T14:31:02.526,1786537862.526935,15.848362,6,-30.000000,2.000000,119,-23.234280,0x03,left,28.846893,22,0.126007,172,0,No fault,False,0x04,right,28.341770,22,0.219780,174,0,No fault,True,0.51
2026-08-12T14:31:02.540,1786537862.540380,15.861814,6,-30.000000,2.000000,120,-23.560077,0x03,left,28.846893,112,0.096703,173,0,No fault,False,0x04,right,28.341770,-67,0.202198,174,0,No fault,True,0.51
2026-08-12T14:31:02.551,1786537862.551689,15.873144,6,-30.000000,2.000000,121,-23.947128,0x03,left,28.824931,-112,0.096703,170,0,No fault,False,0x04,right,28.341770,-22,0.184615,175,0,No fault,True,0.48
2026-08-12T14:31:02.562,1786537862.562763,15.884214,6,-30.000000,2.000000,122,-24.265693,0x03,left,28.824931,-22,0.084982,173,0,No fault,False,0x04,right,28.341770,-67,0.167033,174,0,No fault,True,0.48
2026-08-12T14:31:02.586,1786537862.586057,15.907580,6,-30.000000,2.000000,123,-24.581921,0x03,left,28.824931,22,0.038095,173,0,No fault,True,0x04,right,28.341770,22,0.137729,176,0,No fault,False,0.48
2026-08-12T14:31:02.599,1786537862.599399,15.920876,6,-30.000000,2.000000,124,-25.192243,0x03,left,28.824931,-22,0.014652,173,0,No fault,False,0x04,right,28.341770,-67,0.131868,173,0,No fault,True,0.48
2026-08-12T14:31:02.614,1786537862.614728,15.936175,6,-30.000000,2.000000,125,-25.589904,0x03,left,28.824931,112,-0.008791,171,0,No fault,False,0x04,right,28.319808,-246,0.090842,174,0,No fault,True,0.51
2026-08-12T14:31:02.629,1786537862.629951,15.951377,6,-30.000000,2.000000,126,-25.893927,0x03,left,28.802969,112,-0.008791,170,0,No fault,False,0x04,right,28.319808,-67,0.079121,170,0,No fault,True,0.48
2026-08-12T14:31:02.640,1786537862.640930,15.962359,6,-30.000000,2.000000,127,-26.243524,0x03,left,28.781007,-156,-0.038095,173,0,No fault,False,0x04,right,28.341770,112,0.079121,174,0,No fault,True,0.44
2026-08-12T14:31:02.655,1786537862.655483,15.976910,6,-30.000000,2.000000,128,-26.490750,0x03,left,28.781007,22,-0.084982,172,0,No fault,False,0x04,right,28.319808,-67,-0.008791,175,0,No fault,True,0.46
2026-08-12T14:31:02.666,1786537862.666507,15.987927,6,-30.000000,2.000000,129,-26.805215,0x03,left,28.759045,-112,-0.155311,173,0,No fault,False,0x04,right,28.297847,-67,-0.043956,174,0,No fault,True,0.46
2026-08-12T14:31:02.681,1786537862.681046,16.002488,6,-30.000000,2.000000,130,-27.033893,0x03,left,28.759045,22,-0.161172,172,0,No fault,False,0x04,right,28.297847,-67,-0.079121,174,0,No fault,True,0.46
2026-08-12T14:31:02.692,1786537862.692260,16.013689,6,-30.000000,2.000000,131,-27.326196,0x03,left,28.737084,-22,-0.208059,172,0,No fault,False,0x04,right,28.275885,67,-0.120147,174,0,No fault,True,0.46
2026-08-12T14:31:02.706,1786537862.706476,16.027900,6,-30.000000,2.000000,132,-27.538381,0x03,left,28.693160,-67,-0.208059,171,0,No fault,False,0x04,right,28.275885,112,-0.143590,174,0,No fault,True,0.42
2026-08-12T14:31:02.717,1786537862.717315,16.038734,6,-30.000000,2.000000,133,-27.796639,0x03,left,28.605312,-201,-0.155311,172,0,No fault,False,0x04,right,28.253923,22,-0.178755,174,0,No fault,True,0.35
2026-08-12T14:31:02.731,1786537862.731977,16.053398,6,-30.000000,2.000000,134,-27.987198,0x03,left,28.539427,-22,-0.249084,173,0,No fault,False,0x04,right,28.209999,-112,-0.178755,174,0,No fault,True,0.33
2026-08-12T14:31:02.742,1786537862.742841,16.064260,6,-30.000000,2.000000,135,-28.226263,0x03,left,28.517465,201,-0.301832,171,0,No fault,False,0x04,right,28.122152,-380,-0.161172,174,0,No fault,True,0.40
2026-08-12T14:31:02.757,1786537862.757527,16.078951,6,-30.000000,2.000000,136,-28.396847,0x03,left,28.407656,-335,-0.225641,173,0,No fault,False,0x04,right,28.056266,-22,-0.266667,174,0,No fault,True,0.35
2026-08-12T14:31:02.768,1786537862.768378,16.089797,6,-30.000000,2.000000,137,-28.611399,0x03,left,28.188037,-290,-0.137729,172,0,No fault,False,0x04,right,28.034304,-22,-0.301832,175,0,No fault,True,0.15
2026-08-12T14:31:02.789,1786537862.789711,16.111142,6,-30.000000,2.000000,138,-28.761732,0x03,left,28.034304,67,-0.378022,173,0,No fault,True,0x04,right,27.946457,-290,-0.266667,172,0,No fault,False,0.09
2026-08-12T14:31:02.802,1786537862.802842,16.124266,6,-30.000000,2.000000,139,-29.032359,0x03,left,27.924495,-290,-0.278388,172,0,No fault,False,0x04,right,27.638991,-112,-0.143590,174,0,No fault,True,0.29
2026-08-12T14:31:02.818,1786537862.818109,16.139551,6,-30.000000,2.000000,140,-29.180580,0x03,left,27.463296,-380,-0.161172,173,0,No fault,False,0x04,right,27.463296,-156,-0.284249,175,0,No fault,True,0.00
2026-08-12T14:31:02.829,1786537862.829834,16.151279,6,-30.000000,2.000000,141,-29.340417,0x03,left,27.046021,-290,-0.131868,172,0,No fault,False,0x04,right,27.287601,-692,-0.143590,177,0,No fault,True,-0.24
2026-08-12T14:31:02.840,1786537862.840985,16.162415,6,-30.000000,2.000000,142,-29.451457,0x03,left,26.936212,-469,-0.143590,172,0,No fault,False,0x04,right,27.089945,-335,-0.149451,174,0,No fault,True,-0.15
2026-08-12T14:31:02.854,1786537862.854221,16.175659,6,-30.000000,2.000000,143,-29.546537,0x03,left,26.628746,-380,-0.155311,172,0,No fault,False,0x04,right,26.980135,-112,-0.290110,174,0,No fault,True,-0.35
2026-08-12T14:31:02.865,1786537862.865426,16.186876,6,-30.000000,2.000000,144,-29.648169,0x03,left,26.409127,-380,-0.167033,173,0,No fault,False,0x04,right,26.738555,-469,-0.208059,174,0,No fault,True,-0.33
2026-08-12T14:31:02.876,1786537862.876312,16.197732,6,-30.000000,2.000000,145,-29.723458,0x03,left,26.145585,-424,-0.196337,173,0,No fault,False,0x04,right,26.431089,-514,-0.213919,174,0,No fault,True,-0.29
2026-08-12T14:31:02.887,1786537862.887125,16.208543,6,-30.000000,2.000000,146,-29.788278,0x03,left,25.882043,-692,-0.202198,172,0,No fault,False,0x04,right,26.299318,-380,-0.196337,176,0,No fault,True,-0.42
2026-08-12T14:31:02.900,1786537862.900182,16.221601,6,-30.000000,2.000000,147,-29.844799,0x03,left,25.530653,-514,-0.231502,172,0,No fault,False,0x04,right,25.904005,-692,-0.161172,174,0,No fault,True,-0.37
2026-08-12T14:31:02.911,1786537862.911311,16.232739,6,-30.000000,2.000000,148,-29.900909,0x03,left,25.267111,-558,-0.190476,171,0,No fault,False,0x04,right,25.596539,-603,-0.196337,174,0,No fault,True,-0.33
2026-08-12T14:31:02.922,1786537862.922218,16.243637,6,-30.000000,2.000000,149,-29.938910,0x03,left,25.047492,-603,-0.237363,171,0,No fault,False,0x04,right,25.332996,-603,-0.184615,174,0,No fault,True,-0.29
2026-08-12T14:31:02.933,1786537862.933024,16.254445,6,-30.000000,2.000000,150,-29.967181,0x03,left,24.696103,-603,-0.143590,172,0,No fault,False,0x04,right,25.091416,-424,-0.284249,170,0,No fault,True,-0.40
2026-08-12T14:31:02.946,1786537862.946079,16.267499,6,-30.000000,2.000000,151,-29.986748,0x03,left,24.278828,-603,-0.131868,170,0,No fault,False,0x04,right,24.718065,-692,-0.237363,174,0,No fault,True,-0.44
2026-08-12T14:31:02.957,1786537862.957263,16.278681,6,-30.000000,2.000000,152,-29.998707,0x03,left,23.949400,-737,-0.131868,172,0,No fault,False,0x04,right,24.432561,-648,-0.196337,174,0,No fault,True,-0.48
2026-08-12T14:31:02.968,1786537862.968068,16.289488,6,-30.000000,2.000000,153,-30.000000,0x03,left,23.598010,-737,-0.178755,173,0,No fault,False,0x04,right,24.081171,-737,-0.196337,174,0,No fault,True,-0.48
2026-08-12T14:31:02.978,1786537862.978866,16.300283,6,-30.000000,2.000000,154,-30.000000,0x03,left,23.224659,-737,-0.178755,173,0,No fault,False,0x04,right,23.751743,-558,-0.219780,174,0,No fault,True,-0.53
2026-08-12T14:31:02.998,1786537862.998661,16.320089,6,-30.000000,2.000000,155,-30.000000,0x03,left,22.851307,-648,-0.213919,173,0,No fault,True,0x04,right,23.400353,-558,-0.225641,174,0,No fault,False,-0.55
2026-08-12T14:31:03.017,1786537863.017589,16.339017,6,-30.000000,2.000000,156,-30.000000,0x03,left,22.214413,-469,-0.237363,170,0,No fault,False,0x04,right,22.653651,-826,-0.178755,175,0,No fault,True,-0.44
2026-08-12T14:31:03.032,1786537863.032109,16.353532,6,-30.000000,2.000000,157,-30.000000,0x03,left,21.357901,-558,-0.090842,172,0,No fault,False,0x04,right,21.906948,-380,-0.219780,174,0,No fault,True,-0.55
2026-08-12T14:31:03.043,1786537863.043116,16.364542,6,-30.000000,2.000000,158,-30.000000,0x03,left,21.182206,-514,-0.143590,172,0,No fault,False,0x04,right,21.555558,-603,-0.202198,174,0,No fault,True,-0.37
2026-08-12T14:31:03.057,1786537863.057593,16.379033,6,-30.000000,2.000000,159,-30.000000,0x03,left,20.742969,-424,-0.208059,171,0,No fault,False,0x04,right,21.270054,-424,-0.237363,174,0,No fault,True,-0.53
2026-08-12T14:31:03.068,1786537863.068776,16.390213,6,-30.000000,2.000000,160,-30.000000,0x03,left,20.457465,-916,-0.184615,170,0,No fault,False,0x04,right,20.940626,-648,-0.167033,174,0,No fault,True,-0.48
2026-08-12T14:31:03.083,1786537863.083133,16.404579,6,-30.000000,2.000000,161,-30.000000,0x03,left,19.864495,-782,-0.184615,175,0,No fault,False,0x04,right,20.391580,-558,-0.243223,174,0,No fault,True,-0.53
2026-08-12T14:31:03.094,1786537863.094321,16.415760,6,-30.000000,2.000000,162,-30.000000,0x03,left,19.513106,-648,-0.225641,173,0,No fault,False,0x04,right,20.062152,-782,-0.202198,173,0,No fault,True,-0.55
2026-08-12T14:31:03.108,1786537863.108599,16.430010,6,-30.000000,2.000000,163,-30.000000,0x03,left,18.964059,-960,-0.161172,173,0,No fault,False,0x04,right,19.425258,-737,-0.178755,174,0,No fault,True,-0.46
2026-08-12T14:31:03.119,1786537863.119180,16.440600,6,-30.000000,2.000000,164,-30.000000,0x03,left,18.524822,-960,-0.090842,172,0,No fault,False,0x04,right,19.051907,-737,-0.184615,175,0,No fault,True,-0.53
2026-08-12T14:31:03.130,1786537863.130111,16.451534,6,-30.000000,2.000000,165,-30.000000,0x03,left,17.800081,-782,-0.161172,172,0,No fault,False,0x04,right,18.656593,-826,-0.196337,174,0,No fault,True,-0.86
2026-08-12T14:31:03.144,1786537863.144172,16.465592,6,-30.000000,2.000000,166,-30.000000,0x03,left,17.492615,-916,-0.196337,173,0,No fault,False,0x04,right,18.085585,-826,-0.190476,174,0,No fault,True,-0.59
2026-08-12T14:31:03.155,1786537863.155040,16.476459,6,-30.000000,2.000000,167,-30.000000,0x03,left,17.097302,-737,-0.190476,172,0,No fault,False,0x04,right,17.668310,-1050,-0.172894,174,0,No fault,True,-0.57
2026-08-12T14:31:03.169,1786537863.169653,16.491077,6,-30.000000,2.000000,168,-30.000000,0x03,left,16.504332,-782,-0.196337,173,0,No fault,False,0x04,right,16.965531,-826,-0.190476,173,0,No fault,True,-0.46
2026-08-12T14:31:03.180,1786537863.180483,16.501902,6,-30.000000,2.000000,169,-30.000000,0x03,left,16.109019,-692,-0.167033,173,0,No fault,False,0x04,right,16.614141,-916,-0.178755,174,0,No fault,True,-0.51
2026-08-12T14:31:03.201,1786537863.201170,16.522602,6,-30.000000,2.000000,170,-30.000000,0x03,left,15.340354,-1005,-0.108425,173,0,No fault,True,0x04,right,15.955286,-871,-0.202198,174,0,No fault,False,-0.61
2026-08-12T14:31:03.223,1786537863.223150,16.544580,6,-30.000000,2.000000,171,-30.000000,0x03,left,14.308147,-916,-0.178755,173,0,No fault,False,0x04,right,15.142697,-871,-0.202198,174,0,No fault,True,-0.83
2026-08-12T14:31:03.234,1786537863.234105,16.555532,6,-30.000000,2.000000,172,-30.000000,0x03,left,13.934795,-916,-0.208059,172,0,No fault,False,0x04,right,14.483842,-916,-0.161172,174,0,No fault,True,-0.55
2026-08-12T14:31:03.247,1786537863.247207,16.568630,6,-30.000000,2.000000,173,-30.000000,0x03,left,12.968474,-826,-0.067399,172,0,No fault,False,0x04,right,13.868910,-1050,-0.161172,176,0,No fault,True,-0.90
2026-08-12T14:31:03.259,1786537863.259140,16.580567,6,-30.000000,2.000000,174,-30.000000,0x03,left,12.551199,-960,-0.137729,172,0,No fault,False,0x04,right,13.451634,-603,-0.172894,174,0,No fault,True,-0.90
2026-08-12T14:31:03.270,1786537863.270041,16.591463,6,-30.000000,2.000000,175,-30.000000,0x03,left,12.046076,-916,-0.155311,172,0,No fault,False,0x04,right,13.078283,-916,-0.225641,175,0,No fault,True,-1.03
2026-08-12T14:31:03.283,1786537863.283089,16.604510,6,-30.000000,2.000000,176,-30.000000,0x03,left,11.365258,-1184,-0.131868,172,0,No fault,False,0x04,right,12.287656,-871,-0.161172,174,0,No fault,True,-0.92
2026-08-12T14:31:03.294,1786537863.294789,16.616208,6,-30.000000,2.000000,177,-30.000000,0x03,left,10.926021,-737,-0.190476,173,0,No fault,False,0x04,right,11.980190,-871,-0.208059,174,0,No fault,True,-1.05
2026-08-12T14:31:03.305,1786537863.305711,16.627129,6,-30.000000,2.000000,178,-30.000000,0x03,left,10.420899,-1362,-0.143590,170,0,No fault,False,0x04,right,11.540953,-871,-0.208059,174,0,No fault,True,-1.12
2026-08-12T14:31:03.318,1786537863.318740,16.640159,6,-30.000000,2.000000,179,-30.000000,0x03,left,9.762043,-960,-0.067399,172,0,No fault,False,0x04,right,10.816212,-782,-0.149451,173,0,No fault,True,-1.05
2026-08-12T14:31:03.330,1786537863.330459,16.651896,6,-30.000000,2.000000,180,-30.000000,0x03,left,9.256921,-826,-0.149451,173,0,No fault,False,0x04,right,10.355013,-871,-0.219780,174,0,No fault,True,-1.10
2026-08-12T14:31:03.341,1786537863.341914,16.663361,6,-30.000000,2.000000,181,-30.000000,0x03,left,8.817684,-871,-0.149451,171,0,No fault,False,0x04,right,9.915776,-916,-0.225641,176,0,No fault,True,-1.10
2026-08-12T14:31:03.354,1786537863.354681,16.676105,6,-30.000000,2.000000,182,-30.000000,0x03,left,8.070981,-960,-0.172894,172,0,No fault,False,0x04,right,9.212997,-1094,-0.172894,174,0,No fault,True,-1.14
2026-08-12T14:31:03.366,1786537863.366071,16.687490,6,-30.000000,2.000000,183,-30.000000,0x03,left,7.719591,-826,-0.190476,172,0,No fault,False,0x04,right,8.773760,-960,-0.202198,175,0,No fault,True,-1.05
2026-08-12T14:31:03.376,1786537863.376915,16.698335,6,-30.000000,2.000000,184,-30.000000,0x03,left,7.236430,-1139,-0.096703,172,0,No fault,False,0x04,right,8.290599,-1050,-0.184615,174,0,No fault,True,-1.05
2026-08-12T14:31:03.387,1786537863.387944,16.709364,6,-30.000000,2.000000,185,-30.000000,0x03,left,6.731308,-1050,-0.096703,173,0,No fault,False,0x04,right,7.763515,-960,-0.202198,174,0,No fault,True,-1.03
2026-08-12T14:31:03.408,1786537863.408572,16.730005,6,-30.000000,2.000000,186,-30.000000,0x03,left,6.028528,-782,-0.225641,170,0,No fault,True,0x04,right,7.082697,-916,-0.202198,174,0,No fault,False,-1.05
2026-08-12T14:31:03.426,1786537863.426819,16.748280,6,-30.000000,2.000000,187,-30.000000,0x03,left,4.908474,-871,-0.184615,172,0,No fault,False,0x04,right,5.567330,-1005,-0.137729,174,0,No fault,True,-0.66
2026-08-12T14:31:03.442,1786537863.442182,16.763611,6,-30.000000,2.000000,188,-30.000000,0x03,left,3.986076,-871,-0.131868,172,0,No fault,True,0x04,right,5.062207,-871,-0.208059,174,0,No fault,False,-1.08
2026-08-12T14:31:03.457,1786537863.457612,16.779042,6,-30.000000,2.000000,189,-30.000000,0x03,left,3.458992,-1050,-0.196337,173,0,No fault,True,0x04,right,4.403351,-871,-0.172894,174,0,No fault,False,-0.94
2026-08-12T14:31:03.470,1786537863.470257,16.791682,6,-30.000000,2.000000,190,-30.000000,0x03,left,2.822098,-782,-0.225641,172,0,No fault,False,0x04,right,3.942152,-960,-0.178755,170,0,No fault,True,-1.12
2026-08-12T14:31:03.482,1786537863.482989,16.804409,6,-30.000000,2.000000,191,-30.000000,0x03,left,2.185204,-737,-0.208059,169,0,No fault,False,0x04,right,3.217411,-1050,-0.260806,174,0,No fault,True,-1.03
2026-08-12T14:31:03.495,1786537863.495668,16.817090,6,-30.000000,2.000000,192,-30.000000,0x03,left,1.658120,-1228,-0.126007,173,0,No fault,False,0x04,right,2.800136,-1228,-0.178755,175,0,No fault,True,-1.14
2026-08-12T14:31:03.508,1786537863.508415,16.829834,6,-30.000000,2.000000,193,-30.000000,0x03,left,0.889455,-960,-0.149451,172,0,No fault,False,0x04,right,1.987548,-960,-0.190476,174,0,No fault,True,-1.10
2026-08-12T14:31:03.521,1786537863.521016,16.842434,6,-30.000000,2.000000,194,-30.000000,0x03,left,0.384332,-1094,-0.172894,173,0,No fault,False,0x04,right,1.482425,-1050,-0.231502,174,0,No fault,True,-1.10
2026-08-12T14:31:03.534,1786537863.534092,16.855514,6,-30.000000,2.000000,195,-30.000000,0x03,left,-0.406294,-871,-0.213919,175,0,No fault,False,0x04,right,0.823569,-916,-0.178755,174,0,No fault,True,-1.23
2026-08-12T14:31:03.546,1786537863.546453,16.867872,6,-30.000000,2.000000,196,-30.000000,0x03,left,-0.845531,-960,-0.208059,172,0,No fault,False,0x04,right,0.318447,-916,-0.225641,173,0,No fault,True,-1.16
2026-08-12T14:31:03.559,1786537863.559917,16.881342,6,-30.000000,2.000000,197,-30.000000,0x03,left,-1.504387,-1139,-0.096703,174,0,No fault,False,0x04,right,-0.384332,-1094,-0.172894,176,0,No fault,True,-1.12
2026-08-12T14:31:03.571,1786537863.571913,16.893356,6,-30.000000,2.000000,198,-30.000000,0x03,left,-2.075395,-960,-0.137729,171,0,No fault,False,0x04,right,-0.911417,-871,-0.155311,174,0,No fault,True,-1.16
2026-08-12T14:31:03.585,1786537863.585020,16.906452,6,-30.000000,2.000000,199,-30.000000,0x03,left,-2.734251,-1005,-0.178755,173,0,No fault,False,0x04,right,-1.614196,-871,-0.208059,175,0,No fault,True,-1.12
2026-08-12T14:31:03.597,1786537863.597270,16.918699,6,-30.000000,2.000000,200,-30.000000,0x03,left,-3.239373,-1050,-0.172894,173,0,No fault,False,0x04,right,-2.075395,-648,-0.225641,175,0,No fault,True,-1.16
2026-08-12T14:31:03.618,1786537863.618305,16.939751,6,-30.000000,2.000000,201,-30.000000,0x03,left,-3.942152,-960,-0.137729,173,0,No fault,True,0x04,right,-3.063678,-871,-0.172894,174,0,No fault,False,-0.88
2026-08-12T14:31:03.632,1786537863.632256,16.953742,6,-30.000000,2.000000,202,-30.000000,0x03,left,-4.644932,-1005,-0.055678,172,0,No fault,False,0x04,right,-4.030000,-782,-0.184615,175,0,No fault,True,-0.61
2026-08-12T14:31:03.646,1786537863.646812,16.968240,6,-30.000000,2.000000,203,-30.000000,0x03,left,-5.677139,-960,-0.155311,172,0,No fault,False,0x04,right,-4.469237,-737,-0.190476,175,0,No fault,True,-1.21
2026-08-12T14:31:03.657,1786537863.657841,16.979268,6,-30.000000,2.000000,204,-30.000000,0x03,left,-6.094414,-871,-0.202198,173,0,No fault,False,0x04,right,-4.864550,-871,-0.249084,174,0,No fault,True,-1.23
2026-08-12T14:31:03.672,1786537863.672299,16.993726,6,-30.000000,2.000000,205,-30.000000,0x03,left,-6.687384,-1050,-0.114286,172,0,No fault,False,0x04,right,-5.501444,-1005,-0.213919,174,0,No fault,True,-1.19
2026-08-12T14:31:03.683,1786537863.683220,17.004644,6,-30.000000,2.000000,206,-30.000000,0x03,left,-7.302316,-960,-0.079121,176,0,No fault,False,0x04,right,-6.006567,-916,-0.155311,174,0,No fault,True,-1.30
2026-08-12T14:31:03.697,1786537863.697831,17.019262,6,-30.000000,2.000000,207,-30.000000,0x03,left,-7.961171,-1139,-0.114286,171,0,No fault,False,0x04,right,-6.709346,-916,-0.208059,174,0,No fault,True,-1.25
2026-08-12T14:31:03.708,1786537863.708894,17.030331,6,-30.000000,2.000000,208,-30.000000,0x03,left,-8.532180,-1005,-0.131868,173,0,No fault,False,0x04,right,-7.148583,-960,-0.225641,173,0,No fault,True,-1.38
2026-08-12T14:31:03.723,1786537863.723347,17.044780,6,-30.000000,2.000000,209,-30.000000,0x03,left,-9.059264,-648,-0.196337,175,0,No fault,False,0x04,right,-7.851362,-871,-0.202198,174,0,No fault,True,-1.21
2026-08-12T14:31:03.734,1786537863.734262,17.055686,6,-30.000000,2.000000,210,-30.000000,0x03,left,-9.564387,-960,-0.108425,175,0,No fault,False,0x04,right,-8.268637,-960,-0.266667,174,0,No fault,True,-1.30
2026-08-12T14:31:03.745,1786537863.745214,17.066638,6,-30.000000,2.000000,211,-30.000000,0x03,left,-10.245204,-1050,-0.032234,167,0,No fault,False,0x04,right,-8.729836,-871,-0.196337,174,0,No fault,True,-1.52
2026-08-12T14:31:03.759,1786537863.759028,17.080451,6,-30.000000,2.000000,212,-30.000000,0x03,left,-10.706403,-916,-0.137729,173,0,No fault,False,0x04,right,-9.454577,-1094,-0.196337,176,0,No fault,True,-1.25
2026-08-12T14:31:03.769,1786537863.769831,17.091252,6,-30.000000,2.000000,213,-30.000000,0x03,left,-11.233487,-1139,-0.155311,173,0,No fault,False,0x04,right,-9.871853,-826,-0.225641,174,0,No fault,True,-1.36
2026-08-12T14:31:03.780,1786537863.780692,17.102111,6,-30.000000,2.000000,214,-30.000000,0x03,left,-11.672724,-826,-0.155311,173,0,No fault,False,0x04,right,-10.333051,-916,-0.208059,174,0,No fault,True,-1.34
2026-08-12T14:31:03.794,1786537863.794672,17.116092,6,-30.000000,2.000000,215,-30.000000,0x03,left,-12.155885,-826,-0.202198,172,0,No fault,False,0x04,right,-11.013869,-960,-0.184615,175,0,No fault,True,-1.14
2026-08-12T14:31:03.805,1786537863.805508,17.126928,6,-30.000000,2.000000,216,-30.000000,0x03,left,-12.661008,-960,-0.096703,169,0,No fault,False,0x04,right,-11.431144,-960,-0.196337,175,0,No fault,True,-1.23
2026-08-12T14:31:03.827,1786537863.827173,17.148603,6,-30.000000,2.000000,217,-30.000000,0x03,left,-13.034359,-871,-0.073260,173,0,No fault,True,0x04,right,-12.090000,-603,-0.196337,174,0,No fault,False,-0.94
2026-08-12T14:31:03.838,1786537863.838451,17.159897,6,-30.000000,2.000000,218,-30.000000,0x03,left,-14.198337,-826,-0.249084,171,0,No fault,False,0x04,right,-12.880626,-871,-0.172894,174,0,No fault,True,-1.32
2026-08-12T14:31:03.851,1786537863.851404,17.172846,6,-30.000000,2.000000,219,-30.000000,0x03,left,-14.461880,-692,-0.231502,172,0,No fault,False,0x04,right,-13.341825,-737,-0.254945,175,0,No fault,True,-1.12
2026-08-12T14:31:03.862,1786537863.862492,17.183935,6,-30.000000,2.000000,220,-30.000000,0x03,left,-14.813269,-782,-0.231502,174,0,No fault,False,0x04,right,-13.715177,-916,-0.208059,174,0,No fault,True,-1.10
2026-08-12T14:31:03.873,1786537863.873530,17.194957,6,-30.000000,2.000000,221,-30.000000,0x03,left,-15.208583,-871,-0.149451,172,0,No fault,False,0x04,right,-14.132452,-916,-0.155311,174,0,No fault,True,-1.08
2026-08-12T14:31:03.887,1786537863.887045,17.208467,6,-30.000000,2.000000,222,-30.000000,0x03,left,-15.845476,-871,-0.137729,173,0,No fault,False,0x04,right,-14.791307,-871,-0.161172,175,0,No fault,True,-1.05
2026-08-12T14:31:03.897,1786537863.897850,17.219270,6,-30.000000,2.000000,223,-30.000000,0x03,left,-16.284713,-1094,-0.149451,173,0,No fault,False,0x04,right,-15.186621,-916,-0.213919,174,0,No fault,True,-1.10
2026-08-12T14:31:03.908,1786537863.908639,17.230059,6,-30.000000,2.000000,224,-30.000000,0x03,left,-16.701989,-871,-0.172894,173,0,No fault,False,0x04,right,-15.603896,-1139,-0.190476,174,0,No fault,True,-1.10
2026-08-12T14:31:03.919,1786537863.919424,17.240843,6,-30.000000,2.000000,225,-30.000000,0x03,left,-17.075340,-737,-0.219780,172,0,No fault,False,0x04,right,-16.043133,-916,-0.167033,174,0,No fault,True,-1.03
2026-08-12T14:31:03.932,1786537863.932948,17.254367,6,-30.000000,2.000000,226,-30.000000,0x03,left,-17.536539,-737,-0.254945,172,0,No fault,False,0x04,right,-16.592179,-782,-0.213919,173,0,No fault,True,-0.94
2026-08-12T14:31:03.943,1786537863.943761,17.265181,6,-30.000000,2.000000,227,-30.000000,0x03,left,-17.865967,-558,-0.202198,172,0,No fault,False,0x04,right,-16.965531,-871,-0.208059,174,0,No fault,True,-0.90
2026-08-12T14:31:03.954,1786537863.954587,17.276007,6,-30.000000,2.000000,228,-30.000000,0x03,left,-18.261280,-737,-0.126007,173,0,No fault,False,0x04,right,-17.382806,-1005,-0.131868,174,0,No fault,True,-0.88
2026-08-12T14:31:03.965,1786537863.965551,17.286972,6,-30.000000,2.000000,229,-30.000000,0x03,left,-18.722479,-782,-0.120147,176,0,No fault,False,0x04,right,-17.822043,-826,-0.155311,175,0,No fault,True,-0.90
2026-08-12T14:31:04.048,1786537864.048381,17.369858,7,30.000000,2.000000,1,-30.000000,0x03,left,-20.303732,-514,-0.219780,172,0,No fault,True,0x04,right,-19.315449,-1005,-0.149451,174,0,No fault,False,-0.99
2026-08-12T14:31:04.061,1786537864.061756,17.383183,7,30.000000,2.000000,2,-29.974625,0x03,left,-20.830817,-737,-0.172894,172,0,No fault,False,0x04,right,-19.864495,-737,-0.178755,174,0,No fault,True,-0.97
2026-08-12T14:31:04.072,1786537864.072791,17.394240,7,30.000000,2.000000,3,-29.943057,0x03,left,-21.401825,-916,-0.067399,172,0,No fault,False,0x04,right,-20.523351,-826,-0.131868,175,0,No fault,True,-0.88
2026-08-12T14:31:04.083,1786537864.083829,17.405270,7,30.000000,2.000000,4,-29.906264,0x03,left,-21.709291,-782,-0.079121,171,0,No fault,False,0x04,right,-20.786893,-782,-0.126007,174,0,No fault,True,-0.92
2026-08-12T14:31:04.097,1786537864.097724,17.419192,7,30.000000,2.000000,5,-29.860483,0x03,left,-22.170490,-692,-0.178755,173,0,No fault,False,0x04,right,-21.204168,-692,-0.208059,174,0,No fault,True,-0.97
2026-08-12T14:31:04.109,1786537864.109098,17.430540,7,30.000000,2.000000,6,-29.789728,0x03,left,-22.455994,-469,-0.190476,172,0,No fault,False,0x04,right,-21.533596,-558,-0.178755,174,0,No fault,True,-0.92
2026-08-12T14:31:04.120,1786537864.120362,17.441794,7,30.000000,2.000000,7,-29.722646,0x03,left,-22.917193,-603,-0.167033,172,0,No fault,False,0x04,right,-21.841062,-782,-0.172894,173,0,No fault,True,-1.08
2026-08-12T14:31:04.133,1786537864.133523,17.454952,7,30.000000,2.000000,8,-29.644137,0x03,left,-23.136811,-603,-0.202198,169,0,No fault,False,0x04,right,-22.324223,-960,-0.143590,174,0,No fault,True,-0.81
2026-08-12T14:31:04.144,1786537864.144509,17.465945,7,30.000000,2.000000,9,-29.545002,0x03,left,-23.400353,-380,-0.196337,172,0,No fault,False,0x04,right,-22.609727,-826,-0.161172,175,0,No fault,True,-0.79
2026-08-12T14:31:04.155,1786537864.155485,17.476914,7,30.000000,2.000000,10,-29.450724,0x03,left,-23.707819,-424,-0.149451,172,0,No fault,False,0x04,right,-22.939155,-737,-0.120147,174,0,No fault,True,-0.77
2026-08-12T14:31:04.169,1786537864.169240,17.490665,7,30.000000,2.000000,11,-29.346799,0x03,left,-24.059209,-603,-0.131868,172,0,No fault,False,0x04,right,-23.356430,-603,-0.149451,175,0,No fault,True,-0.70
2026-08-12T14:31:04.179,1786537864.179979,17.501390,7,30.000000,2.000000,12,-29.206953,0x03,left,-24.454522,-603,-0.084982,173,0,No fault,False,0x04,right,-23.619972,-692,-0.161172,175,0,No fault,True,-0.83
2026-08-12T14:31:04.190,1786537864.190831,17.512255,7,30.000000,2.000000,13,-29.088266,0x03,left,-24.783950,-603,-0.090842,173,0,No fault,False,0x04,right,-23.883514,-514,-0.184615,174,0,No fault,True,-0.90
2026-08-12T14:31:04.201,1786537864.201822,17.523251,7,30.000000,2.000000,14,-28.957770,0x03,left,-24.959645,-648,-0.149451,172,0,No fault,False,0x04,right,-24.169018,-692,-0.120147,174,0,No fault,True,-0.79
2026-08-12T14:31:04.215,1786537864.215294,17.536721,7,30.000000,2.000000,15,-28.816669,0x03,left,-25.332996,-514,-0.196337,172,0,No fault,False,0x04,right,-24.542370,-692,-0.155311,174,0,No fault,True,-0.79
2026-08-12T14:31:04.237,1786537864.237355,17.558875,7,30.000000,2.000000,16,-28.635143,0x03,left,-25.662424,-514,-0.196337,173,0,No fault,True,0x04,right,-24.805912,-469,-0.161172,174,0,No fault,False,-0.86
2026-08-12T14:31:04.250,1786537864.250924,17.572358,7,30.000000,2.000000,17,-28.303591,0x03,left,-26.057738,-558,-0.149451,174,0,No fault,False,0x04,right,-25.223187,-558,-0.161172,174,0,No fault,True,-0.83
2026-08-12T14:31:04.263,1786537864.263474,17.584906,7,30.000000,2.000000,18,-28.089029,0x03,left,-26.211471,-558,-0.149451,170,0,No fault,False,0x04,right,-25.398882,-335,-0.219780,174,0,No fault,True,-0.81
2026-08-12T14:31:04.274,1786537864.274464,17.595893,7,30.000000,2.000000,19,-27.876728,0x03,left,-26.343242,-156,-0.254945,174,0,No fault,False,0x04,right,-25.904005,-290,-0.137729,174,0,No fault,True,-0.44
2026-08-12T14:31:04.285,1786537864.285402,17.606824,7,30.000000,2.000000,20,-27.681756,0x03,left,-26.518936,-424,-0.102564,173,0,No fault,False,0x04,right,-26.057738,-335,-0.137729,174,0,No fault,True,-0.46
2026-08-12T14:31:04.296,1786537864.296516,17.617936,7,30.000000,2.000000,21,-27.478756,0x03,left,-26.782479,-558,-0.084982,173,0,No fault,False,0x04,right,-26.255394,-246,-0.184615,174,0,No fault,True,-0.53
2026-08-12T14:31:04.309,1786537864.309388,17.630807,7,30.000000,2.000000,22,-27.262654,0x03,left,-27.089945,-603,-0.079121,172,0,No fault,False,0x04,right,-26.409127,-380,-0.196337,175,0,No fault,True,-0.68
2026-08-12T14:31:04.320,1786537864.320284,17.641703,7,30.000000,2.000000,23,-27.006121,0x03,left,-27.265639,-514,-0.155311,174,0,No fault,False,0x04,right,-26.606784,-335,-0.178755,173,0,No fault,True,-0.66
2026-08-12T14:31:04.331,1786537864.331150,17.652569,7,30.000000,2.000000,24,-26.779045,0x03,left,-27.441334,-514,-0.090842,173,0,No fault,False,0x04,right,-26.760517,-335,-0.260806,173,0,No fault,True,-0.68
2026-08-12T14:31:04.341,1786537864.341992,17.663412,7,30.000000,2.000000,25,-26.544566,0x03,left,-27.660953,-424,-0.090842,170,0,No fault,False,0x04,right,-26.892288,-648,-0.208059,172,0,No fault,True,-0.77
2026-08-12T14:31:04.355,1786537864.355680,17.677103,7,30.000000,2.000000,26,-26.299262,0x03,left,-27.814686,-290,-0.131868,173,0,No fault,False,0x04,right,-27.221716,-290,-0.126007,174,0,No fault,True,-0.59
2026-08-12T14:31:04.366,1786537864.366704,17.688125,7,30.000000,2.000000,27,-25.985757,0x03,left,-28.012342,-335,-0.096703,173,0,No fault,False,0x04,right,-27.353487,-424,-0.131868,174,0,No fault,True,-0.66
2026-08-12T14:31:04.377,1786537864.377772,17.699191,7,30.000000,2.000000,28,-25.719591,0x03,left,-28.122152,-67,-0.155311,173,0,No fault,False,0x04,right,-27.551144,-201,-0.143590,175,0,No fault,True,-0.57
2026-08-12T14:31:04.391,1786537864.391375,17.712796,7,30.000000,2.000000,29,-25.448887,0x03,left,-28.166075,22,-0.272527,171,0,No fault,False,0x04,right,-27.682915,-156,-0.295971,174,0,No fault,True,-0.48
2026-08-12T14:31:04.402,1786537864.402450,17.723919,7,30.000000,2.000000,30,-25.105227,0x03,left,-28.209999,-112,-0.266667,172,0,No fault,False,0x04,right,-27.704877,-112,-0.301832,173,0,No fault,True,-0.51
2026-08-12T14:31:04.422,1786537864.422213,17.743741,7,30.000000,2.000000,31,-24.710892,0x03,left,-28.341770,-603,-0.096703,172,0,No fault,True,0x04,right,-28.012342,-246,-0.131868,174,0,No fault,False,-0.33
2026-08-12T14:31:04.443,1786537864.443741,17.765186,7,30.000000,2.000000,32,-24.265294,0x03,left,-28.495503,-290,-0.178755,172,0,No fault,True,0x04,right,-28.100190,-112,-0.190476,176,0,No fault,False,-0.40
2026-08-12T14:31:04.455,1786537864.455235,17.776690,7,30.000000,2.000000,33,-23.657715,0x03,left,-28.583351,-67,-0.231502,173,0,No fault,False,0x04,right,-28.122152,-112,-0.313553,174,0,No fault,True,-0.46
2026-08-12T14:31:04.466,1786537864.466265,17.787708,7,30.000000,2.000000,34,-23.329409,0x03,left,-28.583351,-112,-0.249084,170,0,No fault,False,0x04,right,-28.144114,-67,-0.325275,174,0,No fault,True,-0.44
2026-08-12T14:31:04.478,1786537864.478362,17.799850,7,30.000000,2.000000,35,-23.001395,0x03,left,-28.583351,-67,-0.260806,177,0,No fault,False,0x04,right,-28.166075,112,-0.319414,174,0,No fault,True,-0.42
2026-08-12T14:31:04.490,1786537864.490850,17.812286,7,30.000000,2.000000,36,-22.626308,0x03,left,-28.583351,-67,-0.278388,173,0,No fault,False,0x04,right,-28.188037,-67,-0.301832,173,0,No fault,True,-0.40
2026-08-12T14:31:04.501,1786537864.501757,17.823178,7,30.000000,2.000000,37,-22.241795,0x03,left,-28.583351,-201,-0.272527,172,0,No fault,False,0x04,right,-28.231961,-156,-0.237363,174,0,No fault,True,-0.35
2026-08-12T14:31:04.512,1786537864.512570,17.833987,7,30.000000,2.000000,38,-21.895787,0x03,left,-28.583351,-22,-0.272527,172,0,No fault,False,0x04,right,-28.407656,-424,-0.084982,174,0,No fault,True,-0.18
2026-08-12T14:31:04.523,1786537864.523421,17.844838,7,30.000000,2.000000,39,-21.544650,0x03,left,-28.583351,22,-0.266667,171,0,No fault,False,0x04,right,-28.517465,-246,-0.131868,174,0,No fault,True,-0.07
2026-08-12T14:31:04.536,1786537864.536867,17.858293,7,30.000000,2.000000,40,-21.177063,0x03,left,-28.583351,22,-0.266667,172,0,No fault,False,0x04,right,-28.605312,-156,-0.213919,174,0,No fault,True,0.02
2026-08-12T14:31:04.547,1786537864.547718,17.869136,7,30.000000,2.000000,41,-20.730952,0x03,left,-28.583351,22,-0.272527,171,0,No fault,False,0x04,right,-28.605312,-112,-0.249084,176,0,No fault,True,0.02
2026-08-12T14:31:04.558,1786537864.558541,17.879968,7,30.000000,2.000000,42,-20.359618,0x03,left,-28.583351,-67,-0.284249,172,0,No fault,False,0x04,right,-28.605312,-22,-0.249084,177,0,No fault,True,0.02
2026-08-12T14:31:04.569,1786537864.569502,17.890934,7,30.000000,2.000000,43,-19.980435,0x03,left,-28.583351,-156,-0.284249,172,0,No fault,False,0x04,right,-28.605312,-201,-0.254945,177,0,No fault,True,0.02
2026-08-12T14:31:04.583,1786537864.583044,17.904467,7,30.000000,2.000000,44,-19.579113,0x03,left,-28.583351,-201,-0.278388,172,0,No fault,False,0x04,right,-28.605312,-67,-0.260806,174,0,No fault,True,0.02
2026-08-12T14:31:04.593,1786537864.593889,17.915309,7,30.000000,2.000000,45,-19.105332,0x03,left,-28.583351,22,-0.266667,172,0,No fault,False,0x04,right,-28.627274,-67,-0.249084,177,0,No fault,True,0.04
2026-08-12T14:31:04.604,1786537864.604788,17.926261,7,30.000000,2.000000,46,-18.709464,0x03,left,-28.583351,-112,-0.278388,171,0,No fault,False,0x04,right,-28.627274,-22,-0.260806,173,0,No fault,True,0.04
2026-08-12T14:31:04.618,1786537864.618076,17.939518,7,30.000000,2.000000,47,-18.283241,0x03,left,-28.583351,-112,-0.284249,171,0,No fault,False,0x04,right,-28.627274,-67,-0.266667,174,0,No fault,True,0.04
2026-08-12T14:31:04.629,1786537864.629534,17.950991,7,30.000000,2.000000,48,-17.799998,0x03,left,-28.583351,112,-0.272527,172,0,No fault,False,0x04,right,-28.627274,22,-0.266667,174,0,No fault,True,0.04
2026-08-12T14:31:04.652,1786537864.652218,17.973727,7,30.000000,2.000000,49,-17.349963,0x03,left,-28.583351,-22,-0.272527,174,0,No fault,True,0x04,right,-28.627274,-112,-0.266667,174,0,No fault,False,0.04
2026-08-12T14:31:04.665,1786537864.665829,17.987271,7,30.000000,2.000000,50,-16.466462,0x03,left,-28.583351,22,-0.266667,172,0,No fault,False,0x04,right,-28.605312,201,-0.266667,174,0,No fault,True,0.02
2026-08-12T14:31:04.676,1786537864.676915,17.998368,7,30.000000,2.000000,51,-15.941985,0x03,left,-28.583351,-22,-0.266667,169,0,No fault,False,0x04,right,-28.627274,22,-0.249084,171,0,No fault,True,0.04
2026-08-12T14:31:04.688,1786537864.688179,18.009632,7,30.000000,2.000000,52,-15.494743,0x03,left,-28.583351,-67,-0.266667,172,0,No fault,False,0x04,right,-28.627274,67,-0.254945,174,0,No fault,True,0.04
2026-08-12T14:31:04.701,1786537864.701485,18.022944,7,30.000000,2.000000,53,-15.030244,0x03,left,-28.583351,-67,-0.284249,175,0,No fault,False,0x04,right,-28.627274,67,-0.260806,173,0,No fault,True,0.04
2026-08-12T14:31:04.712,1786537864.712650,18.034096,7,30.000000,2.000000,54,-14.490516,0x03,left,-28.583351,-112,-0.260806,173,0,No fault,False,0x04,right,-28.627274,-112,-0.266667,174,0,No fault,True,0.04
2026-08-12T14:31:04.723,1786537864.723681,18.045124,7,30.000000,2.000000,55,-14.030587,0x03,left,-28.583351,-22,-0.278388,172,0,No fault,False,0x04,right,-28.627274,67,-0.272527,174,0,No fault,True,0.04
2026-08-12T14:31:04.737,1786537864.737310,18.058748,7,30.000000,2.000000,56,-13.565822,0x03,left,-28.583351,-112,-0.266667,173,0,No fault,False,0x04,right,-28.627274,-22,-0.266667,175,0,No fault,True,0.04
2026-08-12T14:31:04.748,1786537864.748227,18.069649,7,30.000000,2.000000,57,-12.992686,0x03,left,-28.583351,22,-0.272527,172,0,No fault,False,0x04,right,-28.627274,-67,-0.266667,171,0,No fault,True,0.04
2026-08-12T14:31:04.759,1786537864.759362,18.080791,7,30.000000,2.000000,58,-12.527054,0x03,left,-28.583351,-22,-0.266667,176,0,No fault,False,0x04,right,-28.627274,-22,-0.266667,174,0,No fault,True,0.04
2026-08-12T14:31:04.770,1786537864.770544,18.091974,7,30.000000,2.000000,59,-12.051527,0x03,left,-28.583351,22,-0.278388,173,0,No fault,False,0x04,right,-28.627274,-67,-0.266667,174,0,No fault,True,0.04
2026-08-12T14:31:04.783,1786537864.783330,18.104760,7,30.000000,2.000000,60,-11.557611,0x03,left,-28.583351,-22,-0.272527,174,0,No fault,False,0x04,right,-28.627274,-156,-0.266667,174,0,No fault,True,0.04
2026-08-12T14:31:04.794,1786537864.794300,18.115720,7,30.000000,2.000000,61,-11.006391,0x03,left,-28.583351,-112,-0.278388,173,0,No fault,False,0x04,right,-28.627274,-201,-0.266667,174,0,No fault,True,0.04
2026-08-12T14:31:04.805,1786537864.805141,18.126559,7,30.000000,2.000000,62,-10.528332,0x03,left,-28.583351,67,-0.266667,172,0,No fault,False,0x04,right,-28.627274,-156,-0.266667,174,0,No fault,True,0.04
2026-08-12T14:31:04.816,1786537864.816048,18.137467,7,30.000000,2.000000,63,-10.049101,0x03,left,-28.583351,-112,-0.266667,173,0,No fault,False,0x04,right,-28.627274,156,-0.266667,174,0,No fault,True,0.04
2026-08-12T14:31:04.829,1786537864.829356,18.150774,7,30.000000,2.000000,64,-9.562830,0x03,left,-28.583351,67,-0.272527,169,0,No fault,False,0x04,right,-28.627274,-112,-0.260806,174,0,No fault,True,0.04
2026-08-12T14:31:04.850,1786537864.850140,18.171585,7,30.000000,2.000000,65,-8.965883,0x03,left,-28.583351,67,-0.278388,174,0,No fault,True,0x04,right,-28.627274,-22,-0.266667,173,0,No fault,False,0.04
2026-08-12T14:31:04.861,1786537864.861379,18.182822,7,30.000000,2.000000,66,-8.020469,0x03,left,-28.583351,-22,-0.266667,174,0,No fault,False,0x04,right,-28.627274,112,-0.266667,174,0,No fault,True,0.04
2026-08-12T14:31:04.872,1786537864.872558,18.193982,7,30.000000,2.000000,67,-7.500560,0x03,left,-28.583351,22,-0.278388,172,0,No fault,False,0x04,right,-28.627274,156,-0.260806,177,0,No fault,True,0.04
2026-08-12T14:31:04.885,1786537864.885640,18.207118,7,30.000000,2.000000,68,-7.003438,0x03,left,-28.583351,-22,-0.266667,173,0,No fault,False,0x04,right,-28.627274,-67,-0.254945,174,0,No fault,True,0.04
2026-08-12T14:31:04.897,1786537864.897349,18.218781,7,30.000000,2.000000,69,-6.385819,0x03,left,-28.605312,-156,-0.272527,176,0,No fault,False,0x04,right,-28.627274,-67,-0.260806,174,0,No fault,True,0.02
2026-08-12T14:31:04.910,1786537864.910201,18.231623,7,30.000000,2.000000,70,-5.853976,0x03,left,-28.583351,-22,-0.278388,171,0,No fault,False,0x04,right,-28.627274,-112,-0.266667,175,0,No fault,True,0.04
2026-08-12T14:31:04.921,1786537864.921104,18.242531,7,30.000000,2.000000,71,-5.267838,0x03,left,-28.583351,67,-0.272527,171,0,No fault,False,0x04,right,-28.627274,-67,-0.266667,174,0,No fault,True,0.04
2026-08-12T14:31:04.932,1786537864.932008,18.253432,7,30.000000,2.000000,72,-4.760149,0x03,left,-28.583351,22,-0.278388,173,0,No fault,False,0x04,right,-28.627274,22,-0.260806,174,0,No fault,True,0.04
2026-08-12T14:31:04.942,1786537864.942954,18.264394,7,30.000000,2.000000,73,-4.252851,0x03,left,-28.583351,-112,-0.272527,172,0,No fault,False,0x04,right,-28.627274,112,-0.266667,174,0,No fault,True,0.04
2026-08-12T14:31:04.956,1786537864.956459,18.277888,7,30.000000,2.000000,74,-3.711080,0x03,left,-28.583351,22,-0.272527,172,0,No fault,False,0x04,right,-28.627274,-67,-0.260806,174,0,No fault,True,0.04
2026-08-12T14:31:04.967,1786537864.967431,18.288862,7,30.000000,2.000000,75,-3.108510,0x03,left,-28.583351,22,-0.272527,169,0,No fault,False,0x04,right,-28.627274,22,-0.260806,175,0,No fault,True,0.04
2026-08-12T14:31:04.978,1786537864.978174,18.299591,7,30.000000,2.000000,76,-2.593722,0x03,left,-28.583351,22,-0.278388,171,0,No fault,False,0x04,right,-28.649236,-67,-0.260806,174,0,No fault,True,0.07
2026-08-12T14:31:04.988,1786537864.988845,18.310263,7,30.000000,2.000000,77,-2.093070,0x03,left,-28.583351,67,-0.278388,173,0,No fault,False,0x04,right,-28.649236,-112,-0.254945,175,0,No fault,True,0.07
2026-08-12T14:31:05.000,1786537865.000052,18.321493,7,30.000000,2.000000,78,-1.590064,0x03,left,-28.605312,-246,-0.284249,173,0,No fault,False,0x04,right,-28.627274,-67,-0.278388,174,0,No fault,True,0.02
2026-08-12T14:31:05.012,1786537865.012779,18.334203,7,30.000000,2.000000,79,-1.056661,0x03,left,-28.583351,-22,-0.266667,173,0,No fault,False,0x04,right,-28.627274,156,-0.266667,174,0,No fault,True,0.04
2026-08-12T14:31:05.023,1786537865.023940,18.345361,7,30.000000,2.000000,80,-0.444663,0x03,left,-28.605312,-112,-0.266667,173,0,No fault,False,0x04,right,-28.627274,-67,-0.260806,173,0,No fault,True,0.02
2026-08-12T14:31:05.035,1786537865.035742,18.357174,7,30.000000,2.000000,81,0.063699,0x03,left,-28.583351,-22,-0.266667,172,0,No fault,False,0x04,right,-28.627274,112,-0.272527,174,0,No fault,True,0.04
2026-08-12T14:31:05.055,1786537865.055769,18.377197,7,30.000000,2.000000,82,0.633483,0x03,left,-28.583351,156,-0.272527,172,0,No fault,True,0x04,right,-28.627274,201,-0.266667,173,0,No fault,False,0.04
2026-08-12T14:31:05.069,1786537865.069199,18.390633,7,30.000000,2.000000,83,1.567255,0x03,left,-28.583351,67,-0.272527,173,0,No fault,False,0x04,right,-28.627274,67,-0.260806,174,0,No fault,True,0.04
2026-08-12T14:31:05.080,1786537865.080241,18.401667,7,30.000000,2.000000,84,2.198597,0x03,left,-28.583351,-22,-0.272527,172,0,No fault,False,0x04,right,-28.649236,-112,-0.254945,174,0,No fault,True,0.07
2026-08-12T14:31:05.091,1786537865.091240,18.412662,7,30.000000,2.000000,85,2.714503,0x03,left,-28.583351,22,-0.272527,172,0,No fault,False,0x04,right,-28.627274,67,-0.266667,174,0,No fault,True,0.04
2026-08-12T14:31:05.104,1786537865.104074,18.425510,7,30.000000,2.000000,86,3.237143,0x03,left,-28.605312,-112,-0.260806,172,0,No fault,False,0x04,right,-28.627274,-22,-0.266667,175,0,No fault,True,0.02
2026-08-12T14:31:05.115,1786537865.115337,18.436774,7,30.000000,2.000000,87,3.840734,0x03,left,-28.583351,112,-0.272527,175,0,No fault,False,0x04,right,-28.627274,22,-0.260806,175,0,No fault,True,0.04
2026-08-12T14:31:05.126,1786537865.126598,18.448046,7,30.000000,2.000000,88,4.360184,0x03,left,-28.583351,-22,-0.272527,172,0,No fault,False,0x04,right,-28.627274,112,-0.260806,174,0,No fault,True,0.04
2026-08-12T14:31:05.141,1786537865.141070,18.462515,7,30.000000,2.000000,89,4.941223,0x03,left,-28.605312,-67,-0.278388,175,0,No fault,False,0x04,right,-28.627274,22,-0.266667,176,0,No fault,True,0.02
2026-08-12T14:31:05.152,1786537865.152225,18.473662,7,30.000000,2.000000,90,5.559828,0x03,left,-28.605312,-156,-0.272527,171,0,No fault,False,0x04,right,-28.627274,112,-0.266667,174,0,No fault,True,0.02
2026-08-12T14:31:05.166,1786537865.166815,18.488236,7,30.000000,2.000000,91,6.133260,0x03,left,-28.583351,22,-0.272527,172,0,No fault,False,0x04,right,-28.649236,-246,-0.254945,174,0,No fault,True,0.07
2026-08-12T14:31:05.177,1786537865.177723,18.499143,7,30.000000,2.000000,92,6.740312,0x03,left,-28.605312,-112,-0.284249,173,0,No fault,False,0x04,right,-28.649236,-67,-0.266667,174,0,No fault,True,0.04
2026-08-12T14:31:05.188,1786537865.188692,18.510112,7,30.000000,2.000000,93,7.240223,0x03,left,-28.583351,67,-0.260806,171,0,No fault,False,0x04,right,-28.627274,67,-0.243223,172,0,No fault,True,0.04
2026-08-12T14:31:05.201,1786537865.201771,18.523191,7,30.000000,2.000000,94,7.742674,0x03,left,-28.583351,22,-0.260806,173,0,No fault,False,0x04,right,-28.649236,-156,-0.266667,175,0,No fault,True,0.07
2026-08-12T14:31:05.212,1786537865.212912,18.534330,7,30.000000,2.000000,95,8.333834,0x03,left,-28.605312,-112,-0.266667,173,0,No fault,False,0x04,right,-28.649236,-156,-0.266667,174,0,No fault,True,0.04
2026-08-12T14:31:05.223,1786537865.223785,18.545205,7,30.000000,2.000000,96,8.836421,0x03,left,-28.605312,-246,-0.266667,172,0,No fault,False,0x04,right,-28.627274,112,-0.254945,174,0,No fault,True,0.02
2026-08-12T14:31:05.234,1786537865.234674,18.556091,7,30.000000,2.000000,97,9.324707,0x03,left,-28.583351,22,-0.278388,173,0,No fault,False,0x04,right,-28.649236,-67,-0.266667,173,0,No fault,True,0.07
2026-08-12T14:31:05.252,1786537865.252965,18.574389,7,30.000000,2.000000,98,9.813362,0x03,left,-28.605312,-156,-0.278388,172,0,No fault,False,0x04,right,-28.649236,-67,-0.272527,174,0,No fault,False,0.04
2026-08-12T14:31:05.266,1786537865.266471,18.587895,7,30.000000,2.000000,99,10.623201,0x03,left,-28.583351,-22,-0.260806,172,0,No fault,False,0x04,right,-28.649236,-22,-0.266667,171,0,No fault,True,0.07
2026-08-12T14:31:05.279,1786537865.279870,18.601299,7,30.000000,2.000000,100,11.229769,0x03,left,-28.583351,22,-0.290110,173,0,No fault,False,0x04,right,-28.649236,-201,-0.272527,175,0,No fault,True,0.07
2026-08-12T14:31:05.290,1786537865.290928,18.612354,7,30.000000,2.000000,101,11.800820,0x03,left,-28.583351,67,-0.266667,171,0,No fault,False,0x04,right,-28.649236,-67,-0.260806,174,0,No fault,True,0.07
2026-08-12T14:31:05.301,1786537865.301889,18.623308,7,30.000000,2.000000,102,12.276969,0x03,left,-28.605312,-201,-0.284249,173,0,No fault,False,0x04,right,-28.627274,67,-0.260806,175,0,No fault,True,0.02
2026-08-12T14:31:05.314,1786537865.314960,18.636380,7,30.000000,2.000000,103,12.754081,0x03,left,-28.605312,-201,-0.278388,171,0,No fault,False,0x04,right,-28.649236,-112,-0.260806,174,0,No fault,True,0.04
2026-08-12T14:31:05.325,1786537865.325839,18.647263,7,30.000000,2.000000,104,13.298979,0x03,left,-28.605312,-112,-0.278388,172,0,No fault,False,0x04,right,-28.627274,290,-0.260806,175,0,No fault,True,0.02
2026-08-12T14:31:05.336,1786537865.336740,18.658161,7,30.000000,2.000000,105,13.757404,0x03,left,-28.583351,67,-0.266667,173,0,No fault,False,0x04,right,-28.649236,67,-0.249084,174,0,No fault,True,0.07
2026-08-12T14:31:05.347,1786537865.347648,18.669069,7,30.000000,2.000000,106,14.211615,0x03,left,-28.605312,-112,-0.266667,173,0,No fault,False,0x04,right,-28.649236,-67,-0.266667,177,0,No fault,True,0.04
2026-08-12T14:31:05.361,1786537865.361129,18.682548,7,30.000000,2.000000,107,14.662374,0x03,left,-28.583351,-22,-0.278388,169,0,No fault,True,0x04,right,-28.627274,156,-0.254945,175,0,No fault,False,0.04
2026-08-12T14:31:05.372,1786537865.372150,18.693569,7,30.000000,2.000000,108,15.218770,0x03,left,-28.583351,67,-0.272527,171,0,No fault,False,0x04,right,-28.649236,22,-0.243223,174,0,No fault,True,0.07
2026-08-12T14:31:05.386,1786537865.386640,18.708117,7,30.000000,2.000000,109,15.724910,0x03,left,-28.605312,-156,-0.266667,172,0,No fault,False,0x04,right,-28.649236,-112,-0.272527,174,0,No fault,True,0.04
2026-08-12T14:31:05.397,1786537865.397994,18.719477,7,30.000000,2.000000,110,16.249593,0x03,left,-28.605312,-201,-0.272527,173,0,No fault,False,0x04,right,-28.649236,22,-0.249084,174,0,No fault,True,0.04
2026-08-12T14:31:05.409,1786537865.409521,18.730961,7,30.000000,2.000000,111,16.695656,0x03,left,-28.605312,-67,-0.266667,173,0,No fault,False,0x04,right,-28.649236,-22,-0.266667,174,0,No fault,True,0.04
2026-08-12T14:31:05.422,1786537865.422231,18.743650,7,30.000000,2.000000,112,17.138470,0x03,left,-28.583351,67,-0.266667,171,0,No fault,False,0x04,right,-28.649236,-22,-0.254945,170,0,No fault,True,0.07
2026-08-12T14:31:05.433,1786537865.433483,18.754901,7,30.000000,2.000000,113,17.620139,0x03,left,-28.583351,22,-0.278388,175,0,No fault,False,0x04,right,-28.627274,112,-0.260806,174,0,No fault,True,0.04
2026-08-12T14:31:05.444,1786537865.444293,18.765711,7,30.000000,2.000000,114,18.046486,0x03,left,-28.583351,-22,-0.272527,172,0,No fault,False,0x04,right,-28.649236,-22,-0.260806,171,0,No fault,True,0.07
2026-08-12T14:31:05.468,1786537865.468330,18.789783,7,30.000000,2.000000,115,18.450674,0x03,left,-28.583351,112,-0.266667,173,0,No fault,False,0x04,right,-28.649236,-67,-0.260806,174,0,No fault,True,0.07
2026-08-12T14:31:05.481,1786537865.481517,18.802950,7,30.000000,2.000000,116,19.337900,0x03,left,-28.583351,112,-0.284249,172,0,No fault,False,0x04,right,-28.649236,67,-0.266667,174,0,No fault,True,0.07
2026-08-12T14:31:05.492,1786537865.492488,18.813914,7,30.000000,2.000000,117,19.803885,0x03,left,-28.583351,67,-0.266667,172,0,No fault,False,0x04,right,-28.649236,-67,-0.266667,172,0,No fault,True,0.07
2026-08-12T14:31:05.503,1786537865.503377,18.824796,7,30.000000,2.000000,118,20.187659,0x03,left,-28.583351,22,-0.272527,172,0,No fault,False,0x04,right,-28.649236,112,-0.254945,174,0,No fault,True,0.07
2026-08-12T14:31:05.517,1786537865.517142,18.838559,7,30.000000,2.000000,119,20.566206,0x03,left,-28.605312,-156,-0.278388,172,0,No fault,False,0x04,right,-28.649236,112,-0.254945,174,0,No fault,True,0.04
2026-08-12T14:31:05.528,1786537865.528015,18.849434,7,30.000000,2.000000,120,21.031230,0x03,left,-28.583351,-22,-0.260806,172,0,No fault,False,0x04,right,-28.649236,-156,-0.260806,168,0,No fault,True,0.07
2026-08-12T14:31:05.539,1786537865.539022,18.860443,7,30.000000,2.000000,121,21.393949,0x03,left,-28.605312,-67,-0.254945,172,0,No fault,False,0x04,right,-28.649236,67,-0.249084,175,0,No fault,True,0.04
2026-08-12T14:31:05.550,1786537865.550004,18.871422,7,30.000000,2.000000,122,21.754565,0x03,left,-28.583351,-22,-0.260806,176,0,No fault,False,0x04,right,-28.649236,-112,-0.254945,174,0,No fault,True,0.07
2026-08-12T14:31:05.563,1786537865.563046,18.884464,7,30.000000,2.000000,123,22.108535,0x03,left,-28.583351,112,-0.243223,172,0,No fault,False,0x04,right,-28.649236,67,-0.249084,174,0,No fault,True,0.07
2026-08-12T14:31:05.573,1786537865.573894,18.895316,7,30.000000,2.000000,124,22.517740,0x03,left,-28.605312,-112,-0.243223,172,0,No fault,False,0x04,right,-28.649236,-112,-0.237363,174,0,No fault,True,0.04
2026-08-12T14:31:05.584,1786537865.584739,18.906158,7,30.000000,2.000000,125,22.852451,0x03,left,-28.605312,-67,-0.231502,172,0,No fault,False,0x04,right,-28.649236,-22,-0.213919,174,0,No fault,True,0.04
2026-08-12T14:31:05.595,1786537865.595596,18.917014,7,30.000000,2.000000,126,23.180036,0x03,left,-28.583351,-22,-0.219780,172,0,No fault,False,0x04,right,-28.649236,-112,-0.202198,174,0,No fault,True,0.07
2026-08-12T14:31:05.606,1786537865.606741,18.928170,7,30.000000,2.000000,127,23.501546,0x03,left,-28.583351,-67,-0.196337,172,0,No fault,False,0x04,right,-28.649236,67,-0.202198,174,0,No fault,True,0.07
2026-08-12T14:31:05.619,1786537865.619879,18.941304,7,30.000000,2.000000,128,23.831036,0x03,left,-28.583351,22,-0.172894,172,0,No fault,False,0x04,right,-28.649236,-22,-0.190476,173,0,No fault,True,0.07
2026-08-12T14:31:05.631,1786537865.631021,18.952449,7,30.000000,2.000000,129,24.197634,0x03,left,-28.583351,-67,-0.167033,173,0,No fault,False,0x04,right,-28.649236,-67,-0.184615,174,0,No fault,True,0.07
2026-08-12T14:31:05.641,1786537865.641977,18.963398,7,30.000000,2.000000,130,24.504269,0x03,left,-28.583351,112,-0.155311,173,0,No fault,False,0x04,right,-28.649236,-22,-0.167033,171,0,No fault,True,0.07
2026-08-12T14:31:05.660,1786537865.660851,18.982319,7,30.000000,2.000000,131,24.802890,0x03,left,-28.583351,22,-0.126007,172,0,No fault,False,0x04,right,-28.649236,112,-0.131868,174,0,No fault,False,0.07
2026-08-12T14:31:05.677,1786537865.677158,18.998594,7,30.000000,2.000000,132,25.292564,0x03,left,-28.583351,-67,-0.102564,172,0,No fault,False,0x04,right,-28.627274,67,-0.114286,174,0,No fault,True,0.04
2026-08-12T14:31:05.688,1786537865.688208,19.009640,7,30.000000,2.000000,133,25.694628,0x03,left,-28.561389,-22,-0.084982,175,0,No fault,False,0x04,right,-28.627274,22,-0.102564,173,0,No fault,True,0.07
2026-08-12T14:31:05.699,1786537865.699214,19.020634,7,30.000000,2.000000,134,25.958926,0x03,left,-28.561389,-112,-0.032234,172,0,No fault,False,0x04,right,-28.627274,22,-0.049817,174,0,No fault,True,0.07
2026-08-12T14:31:05.710,1786537865.710099,19.031516,7,30.000000,2.000000,135,26.212692,0x03,left,-28.561389,-112,-0.014652,173,0,No fault,False,0x04,right,-28.627274,-22,-0.049817,174,0,No fault,True,0.07
2026-08-12T14:31:05.723,1786537865.723195,19.044613,7,30.000000,2.000000,136,26.459795,0x03,left,-28.539427,67,0.008791,173,0,No fault,False,0x04,right,-28.605312,-67,-0.014652,174,0,No fault,True,0.07
2026-08-12T14:31:05.734,1786537865.734051,19.055469,7,30.000000,2.000000,137,26.743315,0x03,left,-28.517465,156,0.026374,175,0,No fault,False,0x04,right,-28.583351,22,0.014652,174,0,No fault,True,0.07
2026-08-12T14:31:05.744,1786537865.744904,19.066321,7,30.000000,2.000000,138,26.971266,0x03,left,-28.517465,-112,0.061538,172,0,No fault,False,0x04,right,-28.561389,112,0.055678,174,0,No fault,True,0.04
2026-08-12T14:31:05.755,1786537865.755781,19.077200,7,30.000000,2.000000,139,27.191641,0x03,left,-28.473541,246,0.084982,172,0,No fault,False,0x04,right,-28.561389,-112,0.090842,175,0,No fault,True,0.09
2026-08-12T14:31:05.769,1786537865.769244,19.090667,7,30.000000,2.000000,140,27.403887,0x03,left,-28.451579,201,0.061538,173,0,No fault,True,0x04,right,-28.539427,156,0.126007,174,0,No fault,False,0.09
2026-08-12T14:31:05.780,1786537865.780123,19.101540,7,30.000000,2.000000,141,27.656479,0x03,left,-28.341770,67,0.084982,173,0,No fault,False,0x04,right,-28.539427,-156,0.137729,174,0,No fault,True,0.20
2026-08-12T14:31:05.790,1786537865.790988,19.112405,7,30.000000,2.000000,142,27.850360,0x03,left,-28.341770,-112,0.172894,171,0,No fault,False,0x04,right,-28.517465,112,0.184615,173,0,No fault,True,0.18
2026-08-12T14:31:05.801,1786537865.801812,19.123229,7,30.000000,2.000000,143,28.036529,0x03,left,-28.319808,-112,0.208059,174,0,No fault,False,0x04,right,-28.495503,22,0.196337,174,0,No fault,True,0.18
2026-08-12T14:31:05.815,1786537865.815241,19.136659,7,30.000000,2.000000,144,28.214040,0x03,left,-28.297847,22,0.208059,173,0,No fault,True,0x04,right,-28.385694,112,0.143590,174,0,No fault,False,0.09
2026-08-12T14:31:05.826,1786537865.826075,19.147491,7,30.000000,2.000000,145,28.422879,0x03,left,-28.209999,112,0.184615,173,0,No fault,False,0x04,right,-28.319808,-22,0.231502,174,0,No fault,True,0.11
2026-08-12T14:31:05.836,1786537865.836904,19.158321,7,30.000000,2.000000,146,28.582069,0x03,left,-27.990381,290,0.079121,171,0,No fault,False,0x04,right,-28.297847,22,0.295971,174,0,No fault,True,0.31
2026-08-12T14:31:05.847,1786537865.847753,19.169175,7,30.000000,2.000000,147,28.732969,0x03,left,-27.858609,290,0.102564,172,0,No fault,False,0x04,right,-28.253923,156,0.295971,174,0,No fault,True,0.40
2026-08-12T14:31:05.876,1786537865.876166,19.197612,7,30.000000,2.000000,148,28.878487,0x03,left,-27.792724,22,0.301832,175,0,No fault,True,0x04,right,-27.814686,-112,0.190476,174,0,No fault,False,0.02
2026-08-12T14:31:05.889,1786537865.889384,19.210880,7,30.000000,2.000000,149,29.214555,0x03,left,-27.353487,290,0.167033,172,0,No fault,False,0x04,right,-27.660953,290,0.167033,174,0,No fault,True,0.31
2026-08-12T14:31:05.900,1786537865.900618,19.222049,7,30.000000,2.000000,150,29.348919,0x03,left,-27.155830,603,0.172894,172,0,No fault,False,0x04,right,-27.309563,156,0.301832,173,0,No fault,True,0.15
2026-08-12T14:31:05.912,1786537865.912006,19.233513,7,30.000000,2.000000,151,29.451774,0x03,left,-26.980135,380,0.126007,172,0,No fault,False,0x04,right,-27.265639,246,0.307692,174,0,No fault,True,0.29
2026-08-12T14:31:05.925,1786537865.925373,19.246814,7,30.000000,2.000000,152,29.551624,0x03,left,-26.782479,290,0.266667,172,0,No fault,False,0x04,right,-26.936212,424,0.178755,174,0,No fault,True,0.15
2026-08-12T14:31:05.936,1786537865.936498,19.257932,7,30.000000,2.000000,153,29.651902,0x03,left,-26.540898,603,0.167033,172,0,No fault,False,0x04,right,-26.650708,692,0.155311,174,0,No fault,True,0.11
2026-08-12T14:31:05.947,1786537865.947559,19.268989,7,30.000000,2.000000,154,29.726681,0x03,left,-26.365204,380,0.167033,172,0,No fault,False,0x04,right,-26.431089,424,0.096703,174,0,No fault,True,0.07
2026-08-12T14:31:05.961,1786537865.961182,19.282615,7,30.000000,2.000000,155,29.792422,0x03,left,-25.925966,558,0.079121,175,0,No fault,False,0x04,right,-26.013814,469,0.149451,174,0,No fault,True,0.09
2026-08-12T14:31:05.972,1786537865.972279,19.293710,7,30.000000,2.000000,156,29.861027,0x03,left,-25.618501,692,0.067399,173,0,No fault,False,0x04,right,-25.772234,648,0.225641,174,0,No fault,True,0.15
2026-08-12T14:31:05.983,1786537865.983327,19.304757,7,30.000000,2.000000,157,29.906669,0x03,left,-25.289073,648,0.108425,172,0,No fault,False,0x04,right,-25.508691,603,0.219780,175,0,No fault,True,0.22
2026-08-12T14:31:05.996,1786537865.996895,19.318323,7,30.000000,2.000000,158,29.943186,0x03,left,-24.893759,469,0.178755,172,0,No fault,False,0x04,right,-25.201225,603,0.184615,174,0,No fault,True,0.31
2026-08-12T14:31:06.007,1786537866.007880,19.329310,7,30.000000,2.000000,159,29.975664,0x03,left,-24.630217,648,0.184615,173,0,No fault,False,0x04,right,-24.871798,469,0.149451,174,0,No fault,True,0.24
2026-08-12T14:31:06.018,1786537866.018899,19.340319,7,30.000000,2.000000,160,29.992032,0x03,left,-24.366675,603,0.254945,172,0,No fault,False,0x04,right,-24.520408,826,0.108425,174,0,No fault,True,0.15
2026-08-12T14:31:06.030,1786537866.030050,19.351474,7,30.000000,2.000000,161,29.999495,0x03,left,-24.015285,469,0.225641,173,0,No fault,False,0x04,right,-24.212942,782,0.161172,176,0,No fault,True,0.20
2026-08-12T14:31:06.043,1786537866.043237,19.364671,7,30.000000,2.000000,162,30.000000,0x03,left,-23.795667,514,0.184615,173,0,No fault,False,0x04,right,-23.861552,424,0.243223,177,0,No fault,True,0.07
2026-08-12T14:31:06.054,1786537866.054167,19.375594,7,30.000000,2.000000,163,30.000000,0x03,left,-23.444277,692,0.161172,172,0,No fault,False,0x04,right,-23.510163,692,0.149451,174,0,No fault,True,0.07
2026-08-12T14:31:06.076,1786537866.076528,19.397982,7,30.000000,2.000000,164,30.000000,0x03,left,-22.697574,826,0.108425,173,0,No fault,False,0x04,right,-22.917193,424,0.167033,174,0,No fault,True,0.22
2026-08-12T14:31:06.089,1786537866.089658,19.411093,7,30.000000,2.000000,165,30.000000,0x03,left,-22.455994,737,0.143590,172,0,No fault,False,0x04,right,-22.390108,737,0.196337,174,0,No fault,True,-0.07
2026-08-12T14:31:06.100,1786537866.100650,19.422079,7,30.000000,2.000000,166,30.000000,0x03,left,-22.060680,782,0.149451,172,0,No fault,False,0x04,right,-21.841062,558,0.155311,174,0,No fault,True,-0.22
2026-08-12T14:31:06.111,1786537866.111809,19.433252,7,30.000000,2.000000,167,30.000000,0x03,left,-21.555558,469,0.213919,172,0,No fault,False,0x04,right,-21.577520,558,0.155311,174,0,No fault,True,0.02
2026-08-12T14:31:06.125,1786537866.125416,19.446892,7,30.000000,2.000000,168,30.000000,0x03,left,-21.226130,558,0.272527,173,0,No fault,False,0x04,right,-21.094359,514,0.213919,174,0,No fault,True,-0.13
2026-08-12T14:31:06.136,1786537866.136628,19.458074,7,30.000000,2.000000,169,30.000000,0x03,left,-20.918664,692,0.272527,173,0,No fault,False,0x04,right,-20.721008,782,0.143590,176,0,No fault,True,-0.20
2026-08-12T14:31:06.148,1786537866.148413,19.469864,7,30.000000,2.000000,170,30.000000,0x03,left,-20.193923,1005,0.073260,173,0,No fault,False,0x04,right,-20.149999,826,0.184615,174,0,No fault,True,-0.04
2026-08-12T14:31:06.160,1786537866.160949,19.482384,7,30.000000,2.000000,171,30.000000,0x03,left,-19.974305,1005,0.079121,172,0,No fault,False,0x04,right,-19.798610,648,0.184615,175,0,No fault,True,-0.18
2026-08-12T14:31:06.171,1786537866.171843,19.493275,7,30.000000,2.000000,172,30.000000,0x03,left,-19.557029,916,0.172894,172,0,No fault,False,0x04,right,-19.425258,826,0.167033,174,0,No fault,True,-0.13
2026-08-12T14:31:06.182,1786537866.182963,19.504398,7,30.000000,2.000000,173,30.000000,0x03,left,-19.139754,826,0.225641,173,0,No fault,False,0x04,right,-19.029945,826,0.155311,174,0,No fault,True,-0.11
2026-08-12T14:31:06.194,1786537866.194094,19.515526,7,30.000000,2.000000,174,30.000000,0x03,left,-18.634632,603,0.208059,174,0,No fault,False,0x04,right,-18.656593,692,0.213919,176,0,No fault,True,0.02
2026-08-12T14:31:06.207,1786537866.207174,19.528600,7,30.000000,2.000000,175,30.000000,0x03,left,-18.239318,558,0.272527,172,0,No fault,False,0x04,right,-18.085585,871,0.184615,176,0,No fault,True,-0.15
2026-08-12T14:31:06.218,1786537866.218123,19.539549,7,30.000000,2.000000,176,30.000000,0x03,left,-17.887929,826,0.219780,173,0,No fault,False,0x04,right,-17.668310,782,0.172894,174,0,No fault,True,-0.22
2026-08-12T14:31:06.229,1786537866.229016,19.550439,7,30.000000,2.000000,177,30.000000,0x03,left,-17.448692,1139,0.155311,172,0,No fault,False,0x04,right,-17.075340,692,0.208059,174,0,No fault,True,-0.37
2026-08-12T14:31:06.240,1786537866.240066,19.561487,7,30.000000,2.000000,178,30.000000,0x03,left,-16.877683,960,0.079121,172,0,No fault,False,0x04,right,-16.921607,514,0.249084,174,0,No fault,True,0.04
2026-08-12T14:31:06.253,1786537866.253161,19.574594,7,30.000000,2.000000,179,30.000000,0x03,left,-16.394523,871,0.155311,176,0,No fault,False,0x04,right,-16.306675,871,0.178755,174,0,No fault,True,-0.09
2026-08-12T14:31:06.269,1786537866.269639,19.591094,7,30.000000,2.000000,180,30.000000,0x03,left,-16.240790,782,0.202198,172,0,No fault,False,0x04,right,-16.021171,871,0.172894,174,0,No fault,False,-0.22
2026-08-12T14:31:06.281,1786537866.281415,19.602870,7,30.000000,2.000000,181,30.000000,0x03,left,-15.538010,826,0.213919,173,0,No fault,False,0x04,right,-15.472125,782,0.219780,174,0,No fault,True,-0.07
2026-08-12T14:31:06.294,1786537866.294779,19.616204,7,30.000000,2.000000,182,30.000000,0x03,left,-15.010926,782,0.143590,172,0,No fault,False,0x04,right,-14.439918,558,0.178755,174,0,No fault,True,-0.57
2026-08-12T14:31:06.305,1786537866.305604,19.627023,7,30.000000,2.000000,183,30.000000,0x03,left,-14.549727,1005,0.114286,173,0,No fault,False,0x04,right,-14.132452,692,0.178755,174,0,No fault,True,-0.42
2026-08-12T14:31:06.316,1786537866.316405,19.637825,7,30.000000,2.000000,184,30.000000,0x03,left,-13.978719,916,0.079121,172,0,No fault,False,0x04,right,-13.868910,514,0.313553,174,0,No fault,True,-0.11
2026-08-12T14:31:06.327,1786537866.327193,19.648612,7,30.000000,2.000000,185,30.000000,0x03,left,-13.561444,916,0.096703,172,0,No fault,False,0x04,right,-13.407711,916,0.231502,174,0,No fault,True,-0.15
2026-08-12T14:31:06.338,1786537866.338165,19.659583,7,30.000000,2.000000,186,30.000000,0x03,left,-12.924550,737,0.196337,170,0,No fault,False,0x04,right,-12.858664,871,0.178755,175,0,No fault,True,-0.07
2026-08-12T14:31:06.350,1786537866.350899,19.672317,7,30.000000,2.000000,187,30.000000,0x03,left,-12.353542,782,0.202198,173,0,No fault,False,0x04,right,-12.177847,782,0.167033,174,0,No fault,True,-0.18
2026-08-12T14:31:06.361,1786537866.361775,19.683199,7,30.000000,2.000000,188,30.000000,0x03,left,-11.694686,1005,0.061538,172,0,No fault,False,0x04,right,-11.738610,826,0.213919,174,0,No fault,True,0.04
2026-08-12T14:31:06.372,1786537866.372595,19.694012,7,30.000000,2.000000,189,30.000000,0x03,left,-11.453106,916,0.079121,172,0,No fault,False,0x04,right,-11.277411,826,0.190476,174,0,No fault,True,-0.18
2026-08-12T14:31:06.383,1786537866.383383,19.704803,7,30.000000,2.000000,190,30.000000,0x03,left,-10.926021,960,0.114286,174,0,No fault,False,0x04,right,-10.772288,1094,0.190476,174,0,No fault,True,-0.15
2026-08-12T14:31:06.396,1786537866.396906,19.718340,7,30.000000,2.000000,191,30.000000,0x03,left,-10.245204,916,0.120147,172,0,No fault,False,0x04,right,-10.157357,826,0.213919,175,0,No fault,True,-0.09
2026-08-12T14:31:06.407,1786537866.407964,19.729400,7,30.000000,2.000000,192,30.000000,0x03,left,-9.586348,692,0.190476,171,0,No fault,False,0x04,right,-9.696158,1005,0.202198,175,0,No fault,True,0.11
2026-08-12T14:31:06.419,1786537866.419015,19.740456,7,30.000000,2.000000,193,30.000000,0x03,left,-9.366730,826,0.161172,175,0,No fault,False,0x04,right,-9.169073,1005,0.184615,174,0,No fault,True,-0.20
2026-08-12T14:31:06.432,1786537866.432779,19.754210,7,30.000000,2.000000,194,30.000000,0x03,left,-8.663951,960,0.067399,172,0,No fault,False,0x04,right,-8.532180,960,0.237363,174,0,No fault,True,-0.13
2026-08-12T14:31:06.443,1786537866.443650,19.765074,7,30.000000,2.000000,195,30.000000,0x03,left,-8.136866,1005,0.096703,171,0,No fault,False,0x04,right,-8.092943,960,0.225641,174,0,No fault,True,-0.04
2026-08-12T14:31:06.454,1786537866.454521,19.775945,7,30.000000,2.000000,196,30.000000,0x03,left,-7.653705,1005,0.149451,171,0,No fault,False,0x04,right,-7.565858,826,0.155311,174,0,No fault,True,-0.09
2026-08-12T14:31:06.470,1786537866.470890,19.792328,7,30.000000,2.000000,197,30.000000,0x03,left,-7.280354,916,0.143590,172,0,No fault,False,0x04,right,-7.346240,916,0.178755,174,0,No fault,False,0.07
2026-08-12T14:31:06.484,1786537866.484963,19.806399,7,30.000000,2.000000,198,30.000000,0x03,left,-6.511689,737,0.161172,173,0,No fault,False,0x04,right,-6.423842,960,0.167033,176,0,No fault,True,-0.09
2026-08-12T14:31:06.495,1786537866.495873,19.817294,7,30.000000,2.000000,199,30.000000,0x03,left,-6.072452,1005,0.126007,172,0,No fault,False,0x04,right,-5.501444,871,0.184615,173,0,No fault,True,-0.57
2026-08-12T14:31:06.506,1786537866.506794,19.828214,7,30.000000,2.000000,200,30.000000,0x03,left,-5.567330,1273,0.061538,171,0,No fault,False,0x04,right,-5.172016,782,0.208059,174,0,No fault,True,-0.40
2026-08-12T14:31:06.517,1786537866.517628,19.839046,7,30.000000,2.000000,201,30.000000,0x03,left,-4.864550,826,0.137729,173,0,No fault,False,0x04,right,-4.820627,1005,0.178755,175,0,No fault,True,-0.04
2026-08-12T14:31:06.531,1786537866.531147,19.852565,7,30.000000,2.000000,202,30.000000,0x03,left,-4.381390,648,0.167033,170,0,No fault,False,0x04,right,-4.073924,871,0.202198,175,0,No fault,True,-0.31
2026-08-12T14:31:06.541,1786537866.541990,19.863411,7,30.000000,2.000000,203,30.000000,0x03,left,-3.986076,782,0.225641,172,0,No fault,False,0x04,right,-3.568801,1050,0.184615,174,0,No fault,True,-0.42
2026-08-12T14:31:06.552,1786537866.552806,19.874224,7,30.000000,2.000000,204,30.000000,0x03,left,-3.546839,916,0.161172,172,0,No fault,False,0x04,right,-3.151526,1318,0.143590,174,0,No fault,True,-0.40
2026-08-12T14:31:06.563,1786537866.563635,19.885067,7,30.000000,2.000000,205,30.000000,0x03,left,-3.063678,1050,0.120147,172,0,No fault,False,0x04,right,-2.668365,1094,0.172894,174,0,No fault,True,-0.40
2026-08-12T14:31:06.577,1786537866.577369,19.898802,7,30.000000,2.000000,206,30.000000,0x03,left,-2.316975,960,0.120147,172,0,No fault,False,0x04,right,-1.877738,871,0.208059,175,0,No fault,True,-0.44
2026-08-12T14:31:06.588,1786537866.588315,19.909740,7,30.000000,2.000000,207,30.000000,0x03,left,-1.833815,960,0.155311,173,0,No fault,False,0x04,right,-1.460463,871,0.172894,174,0,No fault,True,-0.37
2026-08-12T14:31:06.599,1786537866.599270,19.920689,7,30.000000,2.000000,208,30.000000,0x03,left,-1.350654,826,0.213919,172,0,No fault,False,0x04,right,-0.955341,1094,0.190476,175,0,No fault,True,-0.40
2026-08-12T14:31:06.610,1786537866.610204,19.931636,7,30.000000,2.000000,209,30.000000,0x03,left,-0.955341,648,0.225641,173,0,No fault,False,0x04,right,-0.472180,1050,0.196337,173,0,No fault,True,-0.48
2026-08-12T14:31:06.623,1786537866.623683,19.945121,7,30.000000,2.000000,210,30.000000,0x03,left,-0.230599,871,0.102564,173,0,No fault,False,0x04,right,0.230599,826,0.172894,174,0,No fault,True,-0.46
2026-08-12T14:31:06.634,1786537866.634794,19.956233,7,30.000000,2.000000,211,30.000000,0x03,left,0.274523,871,0.102564,172,0,No fault,False,0x04,right,0.713760,1005,0.178755,173,0,No fault,True,-0.44
2026-08-12T14:31:06.646,1786537866.646038,19.967473,7,30.000000,2.000000,212,30.000000,0x03,left,0.779646,960,0.184615,173,0,No fault,False,0x04,right,1.218883,1005,0.184615,174,0,No fault,True,-0.44
2026-08-12T14:31:06.659,1786537866.659532,19.980952,7,30.000000,2.000000,213,30.000000,0x03,left,1.460463,960,0.184615,171,0,No fault,False,0x04,right,1.899700,916,0.190476,174,0,No fault,True,-0.44
2026-08-12T14:31:06.679,1786537866.679778,20.001231,7,30.000000,2.000000,214,30.000000,0x03,left,2.338937,737,0.202198,173,0,No fault,False,0x04,right,2.712289,692,0.184615,174,0,No fault,True,-0.37
2026-08-12T14:31:06.692,1786537866.692976,20.014410,7,30.000000,2.000000,215,30.000000,0x03,left,2.866022,1139,0.114286,172,0,No fault,False,0x04,right,3.327221,871,0.225641,172,0,No fault,True,-0.46
2026-08-12T14:31:06.703,1786537866.703909,20.025331,7,30.000000,2.000000,216,30.000000,0x03,left,3.437030,1094,0.126007,172,0,No fault,False,0x04,right,4.315504,1184,0.172894,175,0,No fault,True,-0.88
2026-08-12T14:31:06.714,1786537866.714813,20.036232,7,30.000000,2.000000,217,30.000000,0x03,left,3.942152,1050,0.196337,172,0,No fault,False,0x04,right,4.644932,916,0.254945,174,0,No fault,True,-0.70
2026-08-12T14:31:06.728,1786537866.728689,20.050109,7,30.000000,2.000000,218,30.000000,0x03,left,4.798665,782,0.178755,172,0,No fault,False,0x04,right,5.215940,737,0.184615,173,0,No fault,True,-0.42
2026-08-12T14:31:06.739,1786537866.739638,20.061066,7,30.000000,2.000000,219,30.000000,0x03,left,5.281825,916,0.155311,172,0,No fault,False,0x04,right,5.743024,916,0.184615,174,0,No fault,True,-0.46
2026-08-12T14:31:06.750,1786537866.750531,20.071957,7,30.000000,2.000000,220,30.000000,0x03,left,5.633215,960,0.131868,167,0,No fault,False,0x04,right,6.226185,960,0.231502,174,0,No fault,True,-0.59
2026-08-12T14:31:06.764,1786537866.764394,20.085819,7,30.000000,2.000000,221,30.000000,0x03,left,6.467765,960,0.114286,173,0,No fault,False,0x04,right,6.819155,871,0.172894,174,0,No fault,True,-0.35
2026-08-12T14:31:06.775,1786537866.775335,20.096775,7,30.000000,2.000000,222,30.000000,0x03,left,6.994850,916,0.167033,167,0,No fault,False,0x04,right,7.324278,782,0.172894,175,0,No fault,True,-0.33
2026-08-12T14:31:06.786,1786537866.786753,20.108194,7,30.000000,2.000000,223,30.000000,0x03,left,7.324278,826,0.190476,171,0,No fault,False,0x04,right,7.807438,826,0.184615,174,0,No fault,True,-0.48
2026-08-12T14:31:06.800,1786537866.800153,20.121584,7,30.000000,2.000000,224,30.000000,0x03,left,8.005095,1050,0.155311,170,0,No fault,False,0x04,right,8.444332,916,0.196337,174,0,No fault,True,-0.44
2026-08-12T14:31:06.811,1786537866.811164,20.132587,7,30.000000,2.000000,225,30.000000,0x03,left,8.532180,1094,0.084982,172,0,No fault,False,0x04,right,8.927493,826,0.196337,175,0,No fault,True,-0.40
2026-08-12T14:31:06.822,1786537866.822146,20.143569,7,30.000000,2.000000,226,30.000000,0x03,left,9.037302,871,0.114286,172,0,No fault,False,0x04,right,9.410654,916,0.202198,174,0,No fault,True,-0.37
2026-08-12T14:31:06.835,1786537866.835841,20.157263,7,30.000000,2.000000,227,30.000000,0x03,left,9.696158,960,0.126007,170,0,No fault,False,0x04,right,10.003624,960,0.184615,173,0,No fault,True,-0.31
2026-08-12T14:31:06.846,1786537866.846858,20.168278,7,30.000000,2.000000,228,30.000000,0x03,left,10.245204,826,0.172894,173,0,No fault,False,0x04,right,10.508746,916,0.178755,174,0,No fault,True,-0.26
2026-08-12T14:31:06.857,1786537866.857902,20.179327,7,30.000000,2.000000,229,30.000000,0x03,left,10.530708,916,0.184615,173,0,No fault,False,0x04,right,11.035831,1050,0.167033,175,0,No fault,True,-0.51
2026-08-12T14:31:06.882,1786537866.882730,20.204183,7,30.000000,2.000000,230,30.000000,0x03,left,11.233487,871,0.079121,172,0,No fault,True,0x04,right,11.760572,826,0.213919,174,0,No fault,False,-0.53
2026-08-12T14:31:06.895,1786537866.895353,20.216802,7,30.000000,2.000000,231,30.000000,0x03,left,12.090000,826,0.126007,172,0,No fault,False,0x04,right,12.199809,916,0.161172,174,0,No fault,True,-0.11
2026-08-12T14:31:06.909,1786537866.909117,20.230554,7,30.000000,2.000000,232,30.000000,0x03,left,12.507275,826,0.172894,172,0,No fault,True,0x04,right,13.144169,558,0.178755,175,0,No fault,False,-0.64
2026-08-12T14:31:06.920,1786537866.920757,20.242181,7,30.000000,2.000000,233,30.000000,0x03,left,13.429673,916,0.161172,172,0,No fault,False,0x04,right,13.429673,1005,0.161172,174,0,No fault,True,0.00
2026-08-12T14:31:06.931,1786537866.931728,20.253149,7,30.000000,2.000000,234,30.000000,0x03,left,13.715177,514,0.184615,171,0,No fault,False,0x04,right,13.759100,960,0.149451,175,0,No fault,True,-0.04
2026-08-12T14:31:06.944,1786537866.944797,20.266219,7,30.000000,2.000000,235,30.000000,0x03,left,14.286185,782,0.131868,174,0,No fault,False,0x04,right,14.395994,916,0.190476,174,0,No fault,True,-0.11
2026-08-12T14:31:06.956,1786537866.956330,20.277751,7,30.000000,2.000000,236,30.000000,0x03,left,14.747384,960,0.114286,173,0,No fault,False,0x04,right,14.769346,871,0.225641,173,0,No fault,True,-0.02
2026-08-12T14:31:06.967,1786537866.967282,20.288703,7,30.000000,2.000000,237,30.000000,0x03,left,15.164659,916,0.184615,172,0,No fault,False,0x04,right,15.142697,782,0.178755,174,0,No fault,True,0.02
2026-08-12T14:31:06.980,1786537866.980799,20.302221,7,30.000000,2.000000,238,30.000000,0x03,left,15.559972,871,0.196337,170,0,No fault,True,0x04,right,15.779591,782,0.184615,174,0,No fault,False,-0.22
2026-08-12T14:31:06.991,1786537866.991981,20.313401,7,30.000000,2.000000,239,30.000000,0x03,left,16.087057,737,0.243223,172,0,No fault,False,0x04,right,16.152942,648,0.231502,174,0,No fault,True,-0.07
2026-08-12T14:31:07.002,1786537867.002927,20.324347,7,30.000000,2.000000,240,30.000000,0x03,left,16.460408,916,0.155311,173,0,No fault,False,0x04,right,16.592179,782,0.184615,174,0,No fault,True,-0.13
2026-08-12T14:31:07.013,1786537867.013909,20.335328,7,30.000000,2.000000,241,30.000000,0x03,left,16.855722,871,0.126007,173,0,No fault,False,0x04,right,16.921607,737,0.131868,174,0,No fault,True,-0.07
2026-08-12T14:31:07.026,1786537867.026698,20.348127,7,30.000000,2.000000,242,30.000000,0x03,left,17.426730,692,0.137729,172,0,No fault,False,0x04,right,17.492615,648,0.219780,177,0,No fault,True,-0.07
2026-08-12T14:31:07.037,1786537867.037738,20.359161,7,30.000000,2.000000,243,30.000000,0x03,left,17.822043,826,0.137729,172,0,No fault,False,0x04,right,17.865967,514,0.202198,173,0,No fault,True,-0.04
2026-08-12T14:31:07.124,1786537867.124646,20.446361,8,-30.000000,2.000000,1,30.000000,0x03,left,18.854250,469,0.219780,171,0,No fault,False,0x04,right,18.920136,648,0.202198,174,0,No fault,True,-0.07
2026-08-12T14:31:07.139,1786537867.139831,20.461334,8,-30.000000,2.000000,2,29.972335,0x03,left,19.315449,648,0.172894,175,0,No fault,False,0x04,right,19.491144,782,0.202198,174,0,No fault,True,-0.18
2026-08-12T14:31:07.154,1786537867.154371,20.475843,8,-30.000000,2.000000,3,29.934835,0x03,left,19.688800,692,0.108425,174,0,No fault,True,0x04,right,19.952343,737,0.231502,174,0,No fault,False,-0.26
2026-08-12T14:31:07.165,1786537867.165498,20.486935,8,-30.000000,2.000000,4,29.884253,0x03,left,20.325694,603,0.155311,172,0,No fault,False,0x04,right,20.633160,871,0.155311,173,0,No fault,True,-0.31
2026-08-12T14:31:07.176,1786537867.176207,20.497636,8,-30.000000,2.000000,5,29.834713,0x03,left,20.852779,603,0.202198,172,0,No fault,False,0x04,right,20.786893,603,0.178755,175,0,No fault,True,0.07
2026-08-12T14:31:07.187,1786537867.187213,20.508643,8,-30.000000,2.000000,6,29.777265,0x03,left,21.094359,603,0.155311,173,0,No fault,False,0x04,right,21.072397,290,0.196337,173,0,No fault,True,0.02
2026-08-12T14:31:07.200,1786537867.200037,20.521475,8,-30.000000,2.000000,7,29.709648,0x03,left,21.533596,514,0.178755,172,0,No fault,False,0x04,right,21.533596,648,0.213919,174,0,No fault,True,0.00
2026-08-12T14:31:07.211,1786537867.211482,20.532913,8,-30.000000,2.000000,8,29.619910,0x03,left,21.775176,290,0.284249,173,0,No fault,False,0x04,right,21.863024,603,0.196337,177,0,No fault,True,-0.09
2026-08-12T14:31:07.222,1786537867.222363,20.543783,8,-30.000000,2.000000,9,29.529849,0x03,left,22.038719,648,0.213919,172,0,No fault,False,0x04,right,22.148528,648,0.126007,174,0,No fault,True,-0.11
2026-08-12T14:31:07.233,1786537867.233297,20.554717,8,-30.000000,2.000000,10,29.435282,0x03,left,22.346185,692,0.184615,172,0,No fault,False,0x04,right,22.434032,648,0.161172,175,0,No fault,True,-0.09
2026-08-12T14:31:07.246,1786537867.246079,20.567502,8,-30.000000,2.000000,11,29.329872,0x03,left,22.851307,782,0.090842,171,0,No fault,False,0x04,right,22.851307,603,0.249084,174,0,No fault,True,0.00
2026-08-12T14:31:07.257,1786537867.257930,20.579363,8,-30.000000,2.000000,12,29.198847,0x03,left,23.180735,469,0.114286,172,0,No fault,False,0x04,right,23.136811,558,0.237363,174,0,No fault,True,0.04
2026-08-12T14:31:07.269,1786537867.269105,20.590567,8,-30.000000,2.000000,13,29.065074,0x03,left,23.466239,558,0.149451,173,0,No fault,False,0x04,right,23.312506,424,0.213919,174,0,No fault,True,0.15
2026-08-12T14:31:07.286,1786537867.286911,20.608340,8,-30.000000,2.000000,14,28.927616,0x03,left,23.839591,737,0.172894,171,0,No fault,False,0x04,right,23.641934,603,0.149451,174,0,No fault,False,0.20
2026-08-12T14:31:07.300,1786537867.300249,20.621681,8,-30.000000,2.000000,15,28.697344,0x03,left,24.212942,424,0.219780,172,0,No fault,False,0x04,right,24.081171,692,0.167033,177,0,No fault,True,0.13
2026-08-12T14:31:07.320,1786537867.320156,20.641586,8,-30.000000,2.000000,16,28.506996,0x03,left,24.564332,424,0.196337,173,0,No fault,False,0x04,right,24.476484,246,0.219780,173,0,No fault,True,0.09
2026-08-12T14:31:07.331,1786537867.331297,20.652727,8,-30.000000,2.000000,17,28.201180,0x03,left,24.761988,469,0.178755,172,0,No fault,False,0x04,right,24.652179,335,0.290110,174,0,No fault,True,0.11
2026-08-12T14:31:07.344,1786537867.344116,20.665548,8,-30.000000,2.000000,18,28.017902,0x03,left,25.091416,424,0.213919,173,0,No fault,False,0x04,right,25.091416,424,0.172894,174,0,No fault,True,0.00
2026-08-12T14:31:07.355,1786537867.355849,20.677274,8,-30.000000,2.000000,19,27.796616,0x03,left,25.311035,558,0.131868,173,0,No fault,False,0x04,right,25.354958,335,0.143590,172,0,No fault,True,-0.04
2026-08-12T14:31:07.366,1786537867.366799,20.688221,8,-30.000000,2.000000,20,27.584544,0x03,left,25.574577,424,0.114286,173,0,No fault,False,0x04,right,25.530653,380,0.202198,174,0,No fault,True,0.04
2026-08-12T14:31:07.379,1786537867.379855,20.701279,8,-30.000000,2.000000,21,27.376645,0x03,left,26.079699,246,0.143590,173,0,No fault,False,0x04,right,25.860081,246,0.184615,173,0,No fault,True,0.22
2026-08-12T14:31:07.391,1786537867.391659,20.713111,8,-30.000000,2.000000,22,27.120360,0x03,left,26.277356,469,0.067399,172,0,No fault,False,0x04,right,25.947928,-201,0.243223,174,0,No fault,True,0.33
2026-08-12T14:31:07.403,1786537867.403121,20.724594,8,-30.000000,2.000000,23,26.874656,0x03,left,26.475013,290,0.131868,172,0,No fault,False,0x04,right,26.013814,156,0.395604,174,0,No fault,True,0.46
2026-08-12T14:31:07.415,1786537867.415848,20.737281,8,-30.000000,2.000000,24,26.628414,0x03,left,26.782479,424,0.143590,173,0,No fault,False,0x04,right,26.321280,469,0.167033,174,0,No fault,True,0.46
2026-08-12T14:31:07.427,1786537867.427922,20.749349,8,-30.000000,2.000000,25,26.351222,0x03,left,26.914250,112,0.184615,168,0,No fault,False,0x04,right,26.540898,335,0.208059,174,0,No fault,True,0.37
2026-08-12T14:31:07.441,1786537867.441584,20.763012,8,-30.000000,2.000000,26,26.072203,0x03,left,26.980135,156,0.290110,173,0,No fault,True,0x04,right,26.804441,380,0.149451,174,0,No fault,False,0.18
2026-08-12T14:31:07.453,1786537867.453390,20.774813,8,-30.000000,2.000000,27,25.750959,0x03,left,27.199754,469,0.149451,173,0,No fault,False,0x04,right,26.980135,246,0.213919,174,0,No fault,True,0.22
2026-08-12T14:31:07.464,1786537867.464465,20.785887,8,-30.000000,2.000000,28,25.460543,0x03,left,27.309563,112,0.190476,172,0,No fault,False,0x04,right,27.067983,335,0.196337,174,0,No fault,True,0.24
2026-08-12T14:31:07.477,1786537867.477210,20.798633,8,-30.000000,2.000000,29,25.177152,0x03,left,27.397411,-67,0.307692,171,0,No fault,False,0x04,right,27.331525,335,0.172894,174,0,No fault,True,0.07
2026-08-12T14:31:07.500,1786537867.500024,20.821455,8,-30.000000,2.000000,30,24.850356,0x03,left,27.441334,156,0.348718,173,0,No fault,True,0x04,right,27.441334,156,0.295971,178,0,No fault,False,0.00
2026-08-12T14:31:07.513,1786537867.513155,20.834584,8,-30.000000,2.000000,31,24.224296,0x03,left,27.485258,156,0.284249,172,0,No fault,False,0x04,right,27.573105,335,0.172894,174,0,No fault,True,-0.09
2026-08-12T14:31:07.524,1786537867.524450,20.845881,8,-30.000000,2.000000,32,23.855789,0x03,left,27.858609,246,0.108425,173,0,No fault,False,0x04,right,27.748800,156,0.149451,173,0,No fault,True,0.11
2026-08-12T14:31:07.538,1786537867.538982,20.860414,8,-30.000000,2.000000,33,23.534725,0x03,left,27.924495,-22,0.202198,173,0,No fault,False,0x04,right,27.858609,-67,0.266667,174,0,No fault,True,0.07
2026-08-12T14:31:07.550,1786537867.550174,20.871604,8,-30.000000,2.000000,34,23.103425,0x03,left,28.078228,380,0.061538,171,0,No fault,False,0x04,right,27.880571,-67,0.290110,175,0,No fault,True,0.20
2026-08-12T14:31:07.564,1786537867.564166,20.885591,8,-30.000000,2.000000,35,22.763966,0x03,left,28.275885,335,0.008791,172,0,No fault,False,0x04,right,27.902533,-201,0.295971,174,0,No fault,True,0.37
2026-08-12T14:31:07.575,1786537867.575125,20.896550,8,-30.000000,2.000000,36,22.329847,0x03,left,28.363732,22,0.190476,171,0,No fault,False,0x04,right,27.946457,-22,0.254945,176,0,No fault,True,0.42
2026-08-12T14:31:07.589,1786537867.589937,20.911361,8,-30.000000,2.000000,37,21.980428,0x03,left,28.363732,-22,0.219780,173,0,No fault,False,0x04,right,28.100190,380,0.084982,174,0,No fault,True,0.26
2026-08-12T14:31:07.600,1786537867.600943,20.922365,8,-30.000000,2.000000,38,21.501001,0x03,left,28.385694,-67,0.213919,173,0,No fault,False,0x04,right,28.209999,67,0.161172,177,0,No fault,True,0.18
2026-08-12T14:31:07.615,1786537867.615167,20.936591,8,-30.000000,2.000000,39,21.131341,0x03,left,28.429618,-22,0.161172,173,0,No fault,False,0x04,right,28.297847,67,0.149451,174,0,No fault,True,0.13
2026-08-12T14:31:07.626,1786537867.626227,20.947665,8,-30.000000,2.000000,40,20.654115,0x03,left,28.583351,246,0.014652,171,0,No fault,False,0x04,right,28.319808,67,0.225641,174,0,No fault,True,0.26
2026-08-12T14:31:07.640,1786537867.640765,20.962214,8,-30.000000,2.000000,41,20.268061,0x03,left,28.693160,112,0.090842,173,0,No fault,False,0x04,right,28.319808,-201,0.254945,174,0,No fault,True,0.37
2026-08-12T14:31:07.652,1786537867.652147,20.973579,8,-30.000000,2.000000,42,19.759115,0x03,left,28.781007,290,0.073260,173,0,No fault,False,0x04,right,28.319808,-22,0.249084,174,0,No fault,True,0.46
2026-08-12T14:31:07.666,1786537867.666289,20.987714,8,-30.000000,2.000000,43,19.330598,0x03,left,28.802969,-156,0.143590,173,0,No fault,False,0x04,right,28.319808,-112,0.260806,170,0,No fault,True,0.48
2026-08-12T14:31:07.677,1786537867.677032,20.998462,8,-30.000000,2.000000,44,18.843880,0x03,left,28.802969,22,0.155311,173,0,No fault,False,0x04,right,28.319808,-156,0.266667,174,0,No fault,True,0.48
2026-08-12T14:31:07.687,1786537867.687950,21.009375,8,-30.000000,2.000000,45,18.446222,0x03,left,28.824931,-22,0.167033,174,0,No fault,False,0x04,right,28.341770,290,0.254945,174,0,No fault,True,0.48
2026-08-12T14:31:07.709,1786537867.709707,21.031140,8,-30.000000,2.000000,46,18.039072,0x03,left,28.824931,22,0.172894,172,0,No fault,True,0x04,right,28.319808,-67,0.266667,174,0,No fault,False,0.51
2026-08-12T14:31:07.727,1786537867.727945,21.049377,8,-30.000000,2.000000,47,17.194884,0x03,left,28.824931,-22,0.172894,172,0,No fault,False,0x04,right,28.341770,156,0.272527,174,0,No fault,True,0.48
2026-08-12T14:31:07.740,1786537867.740529,21.061957,8,-30.000000,2.000000,48,16.496578,0x03,left,28.824931,-67,0.167033,170,0,No fault,False,0x04,right,28.341770,22,0.260806,174,0,No fault,True,0.48
2026-08-12T14:31:07.753,1786537867.753636,21.075069,8,-30.000000,2.000000,49,15.989030,0x03,left,28.824931,67,0.178755,172,0,No fault,False,0x04,right,28.341770,67,0.260806,174,0,No fault,True,0.48
2026-08-12T14:31:07.766,1786537867.766092,21.087523,8,-30.000000,2.000000,50,15.472298,0x03,left,28.824931,-156,0.178755,174,0,No fault,False,0x04,right,28.319808,-112,0.254945,174,0,No fault,True,0.51
2026-08-12T14:31:07.779,1786537867.779184,21.100612,8,-30.000000,2.000000,51,14.964762,0x03,left,28.824931,-156,0.167033,175,0,No fault,False,0x04,right,28.319808,-156,0.249084,170,0,No fault,True,0.51
2026-08-12T14:31:07.791,1786537867.791604,21.113036,8,-30.000000,2.000000,52,14.429362,0x03,left,28.824931,-67,0.167033,171,0,No fault,False,0x04,right,28.319808,-246,0.249084,173,0,No fault,True,0.51
2026-08-12T14:31:07.804,1786537867.804896,21.126330,8,-30.000000,2.000000,53,13.900740,0x03,left,28.824931,-201,0.167033,173,0,No fault,False,0x04,right,28.341770,-22,0.260806,174,0,No fault,True,0.48
2026-08-12T14:31:07.816,1786537867.816995,21.138420,8,-30.000000,2.000000,54,13.353137,0x03,left,28.824931,-22,0.161172,173,0,No fault,False,0x04,right,28.341770,-67,0.254945,174,0,No fault,True,0.48
2026-08-12T14:31:07.830,1786537867.830445,21.151866,8,-30.000000,2.000000,55,12.843201,0x03,left,28.824931,-67,0.178755,170,0,No fault,True,0x04,right,28.341770,-67,0.254945,174,0,No fault,False,0.48
2026-08-12T14:31:07.842,1786537867.842475,21.163894,8,-30.000000,2.000000,56,12.268094,0x03,left,28.824931,112,0.172894,172,0,No fault,False,0x04,right,28.341770,67,0.249084,174,0,No fault,True,0.48
2026-08-12T14:31:07.853,1786537867.853405,21.174855,8,-30.000000,2.000000,57,11.749041,0x03,left,28.824931,-112,0.172894,172,0,No fault,False,0x04,right,28.341770,22,0.254945,174,0,No fault,True,0.48
2026-08-12T14:31:07.866,1786537867.866172,21.187596,8,-30.000000,2.000000,58,11.271139,0x03,left,28.824931,22,0.178755,173,0,No fault,False,0x04,right,28.341770,22,0.272527,174,0,No fault,True,0.48
2026-08-12T14:31:07.878,1786537867.878174,21.199594,8,-30.000000,2.000000,59,10.712644,0x03,left,28.824931,22,0.161172,172,0,No fault,False,0x04,right,28.341770,67,0.249084,173,0,No fault,True,0.48
2026-08-12T14:31:07.889,1786537867.889535,21.210973,8,-30.000000,2.000000,60,10.183536,0x03,left,28.824931,112,0.172894,172,0,No fault,False,0x04,right,28.341770,112,0.272527,174,0,No fault,True,0.48
2026-08-12T14:31:07.914,1786537867.914454,21.235900,8,-30.000000,2.000000,61,9.642986,0x03,left,28.824931,-112,0.172894,173,0,No fault,True,0x04,right,28.341770,22,0.254945,174,0,No fault,False,0.48
2026-08-12T14:31:07.937,1786537867.937818,21.259282,8,-30.000000,2.000000,62,8.549973,0x03,left,28.824931,-22,0.172894,172,0,No fault,False,0x04,right,28.319808,-201,0.249084,173,0,No fault,True,0.51
2026-08-12T14:31:07.949,1786537867.949367,21.270788,8,-30.000000,2.000000,63,7.487376,0x03,left,28.824931,-112,0.161172,171,0,No fault,False,0x04,right,28.341770,67,0.260806,175,0,No fault,True,0.48
2026-08-12T14:31:07.960,1786537867.960283,21.281702,8,-30.000000,2.000000,64,6.968857,0x03,left,28.824931,-156,0.172894,172,0,No fault,False,0x04,right,28.341770,-112,0.249084,174,0,No fault,True,0.48
2026-08-12T14:31:07.973,1786537867.973768,21.295186,8,-30.000000,2.000000,65,6.469339,0x03,left,28.824931,-22,0.167033,172,0,No fault,True,0x04,right,28.341770,156,0.249084,174,0,No fault,False,0.48
2026-08-12T14:31:07.985,1786537867.985027,21.306444,8,-30.000000,2.000000,66,5.847708,0x03,left,28.824931,-201,0.172894,172,0,No fault,False,0x04,right,28.341770,67,0.260806,172,0,No fault,True,0.48
2026-08-12T14:31:07.995,1786537867.995988,21.317407,8,-30.000000,2.000000,67,5.320396,0x03,left,28.824931,-67,0.167033,175,0,No fault,False,0x04,right,28.341770,112,0.272527,174,0,No fault,True,0.48
2026-08-12T14:31:08.009,1786537868.009398,21.330815,8,-30.000000,2.000000,68,4.817631,0x03,left,28.824931,-67,0.172894,172,0,No fault,True,0x04,right,28.341770,-156,0.260806,174,0,No fault,False,0.48
2026-08-12T14:31:08.020,1786537868.020681,21.342098,8,-30.000000,2.000000,69,4.191920,0x03,left,28.824931,-22,0.172894,169,0,No fault,False,0x04,right,28.341770,67,0.260806,174,0,No fault,True,0.48
2026-08-12T14:31:08.031,1786537868.031490,21.352907,8,-30.000000,2.000000,70,3.666180,0x03,left,28.824931,-112,0.172894,173,0,No fault,False,0x04,right,28.341770,22,0.272527,174,0,No fault,True,0.48
2026-08-12T14:31:08.042,1786537868.042301,21.363717,8,-30.000000,2.000000,71,3.160020,0x03,left,28.824931,67,0.178755,173,0,No fault,False,0x04,right,28.341770,-22,0.254945,174,0,No fault,True,0.48
2026-08-12T14:31:08.055,1786537868.055365,21.376784,8,-30.000000,2.000000,72,2.647072,0x03,left,28.824931,-112,0.178755,172,0,No fault,False,0x04,right,28.341770,22,0.254945,174,0,No fault,True,0.48
2026-08-12T14:31:08.066,1786537868.066535,21.387952,8,-30.000000,2.000000,73,2.038020,0x03,left,28.846893,112,0.178755,175,0,No fault,False,0x04,right,28.341770,67,0.260806,174,0,No fault,True,0.51
2026-08-12T14:31:08.077,1786537868.077413,21.398858,8,-30.000000,2.000000,74,1.513284,0x03,left,28.824931,-67,0.184615,173,0,No fault,False,0x04,right,28.341770,22,0.260806,175,0,No fault,True,0.48
2026-08-12T14:31:08.088,1786537868.088291,21.409712,8,-30.000000,2.000000,75,0.999374,0x03,left,28.846893,112,0.172894,173,0,No fault,False,0x04,right,28.319808,-290,0.254945,175,0,No fault,True,0.53
2026-08-12T14:31:08.106,1786537868.106429,21.427848,8,-30.000000,2.000000,76,0.485922,0x03,left,28.824931,22,0.184615,170,0,No fault,False,0x04,right,28.319808,-290,0.260806,174,0,No fault,False,0.51
2026-08-12T14:31:08.120,1786537868.120610,21.442034,8,-30.000000,2.000000,77,-0.366234,0x03,left,28.824931,-22,0.178755,172,0,No fault,False,0x04,right,28.341770,22,0.260806,172,0,No fault,True,0.48
2026-08-12T14:31:08.140,1786537868.140864,21.462313,8,-30.000000,2.000000,78,-1.038124,0x03,left,28.824931,-22,0.178755,173,0,No fault,False,0x04,right,28.319808,-335,0.260806,174,0,No fault,True,0.51
2026-08-12T14:31:08.152,1786537868.152205,21.473704,8,-30.000000,2.000000,79,-1.994372,0x03,left,28.824931,-112,0.172894,174,0,No fault,False,0x04,right,28.341770,112,0.266667,174,0,No fault,True,0.48
2026-08-12T14:31:08.166,1786537868.166539,21.488007,8,-30.000000,2.000000,80,-2.550904,0x03,left,28.824931,-22,0.172894,173,0,No fault,False,0x04,right,28.341770,22,0.249084,174,0,No fault,True,0.48
2026-08-12T14:31:08.178,1786537868.178538,21.499969,8,-30.000000,2.000000,81,-3.247134,0x03,left,28.824931,-112,0.167033,173,0,No fault,False,0x04,right,28.341770,-112,0.254945,174,0,No fault,True,0.48
2026-08-12T14:31:08.191,1786537868.191993,21.513439,8,-30.000000,2.000000,82,-3.755905,0x03,left,28.824931,-156,0.167033,171,0,No fault,False,0x04,right,28.341770,-67,0.249084,174,0,No fault,True,0.48
2026-08-12T14:31:08.202,1786537868.202952,21.524380,8,-30.000000,2.000000,83,-4.386046,0x03,left,28.846893,67,0.178755,172,0,No fault,False,0x04,right,28.341770,246,0.266667,174,0,No fault,True,0.51
2026-08-12T14:31:08.213,1786537868.213834,21.535278,8,-30.000000,2.000000,84,-4.893881,0x03,left,28.824931,-67,0.172894,172,0,No fault,False,0x04,right,28.341770,-156,0.260806,174,0,No fault,True,0.48
2026-08-12T14:31:08.227,1786537868.227641,21.549063,8,-30.000000,2.000000,85,-5.403320,0x03,left,28.824931,-22,0.172894,172,0,No fault,False,0x04,right,28.341770,-156,0.266667,174,0,No fault,True,0.48
2026-08-12T14:31:08.238,1786537868.238493,21.559913,8,-30.000000,2.000000,86,-6.037508,0x03,left,28.824931,22,0.178755,170,0,No fault,False,0x04,right,28.341770,-22,0.260806,175,0,No fault,True,0.48
2026-08-12T14:31:08.249,1786537868.249423,21.570866,8,-30.000000,2.000000,87,-6.541597,0x03,left,28.846893,67,0.172894,174,0,No fault,False,0x04,right,28.341770,-67,0.260806,174,0,No fault,True,0.51
2026-08-12T14:31:08.260,1786537868.260726,21.582166,8,-30.000000,2.000000,88,-7.040082,0x03,left,28.846893,67,0.178755,173,0,No fault,False,0x04,right,28.341770,67,0.254945,174,0,No fault,True,0.51
2026-08-12T14:31:08.273,1786537868.273552,21.594974,8,-30.000000,2.000000,89,-7.559134,0x03,left,28.824931,-156,0.190476,172,0,No fault,False,0x04,right,28.341770,-67,0.260806,174,0,No fault,True,0.48
2026-08-12T14:31:08.284,1786537868.284388,21.605808,8,-30.000000,2.000000,90,-8.138881,0x03,left,28.824931,-112,0.178755,176,0,No fault,False,0x04,right,28.341770,156,0.260806,174,0,No fault,True,0.48
2026-08-12T14:31:08.295,1786537868.295215,21.616634,8,-30.000000,2.000000,91,-8.628596,0x03,left,28.824931,-156,0.167033,173,0,No fault,False,0x04,right,28.341770,22,0.260806,174,0,No fault,True,0.48
2026-08-12T14:31:08.317,1786537868.317231,21.638676,8,-30.000000,2.000000,92,-9.116207,0x03,left,28.824931,-67,0.172894,172,0,No fault,True,0x04,right,28.341770,-246,0.254945,174,0,No fault,False,0.48
2026-08-12T14:31:08.332,1786537868.332669,21.654093,8,-30.000000,2.000000,93,-10.108187,0x03,left,28.824931,-112,0.172894,172,0,No fault,False,0x04,right,28.341770,-156,0.249084,174,0,No fault,True,0.48
2026-08-12T14:31:08.347,1786537868.347774,21.669204,8,-30.000000,2.000000,94,-10.780268,0x03,left,28.824931,-112,0.167033,173,0,No fault,False,0x04,right,28.341770,112,0.272527,175,0,No fault,True,0.48
2026-08-12T14:31:08.358,1786537868.358899,21.680329,8,-30.000000,2.000000,95,-11.444978,0x03,left,28.824931,-156,0.172894,172,0,No fault,False,0x04,right,28.341770,-22,0.254945,174,0,No fault,True,0.48
2026-08-12T14:31:08.369,1786537868.369807,21.691228,8,-30.000000,2.000000,96,-11.926623,0x03,left,28.846893,22,0.178755,172,0,No fault,False,0x04,right,28.341770,-112,0.266667,174,0,No fault,True,0.51
2026-08-12T14:31:08.380,1786537868.380682,21.702105,8,-30.000000,2.000000,97,-12.395637,0x03,left,28.846893,22,0.172894,170,0,No fault,False,0x04,right,28.341770,-246,0.249084,174,0,No fault,True,0.51
2026-08-12T14:31:08.393,1786537868.393946,21.715420,8,-30.000000,2.000000,98,-12.862120,0x03,left,28.824931,-201,0.178755,173,0,No fault,False,0x04,right,28.341770,-22,0.266667,174,0,No fault,True,0.48
2026-08-12T14:31:08.405,1786537868.405747,21.727211,8,-30.000000,2.000000,99,-13.444583,0x03,left,28.824931,-67,0.172894,176,0,No fault,False,0x04,right,28.341770,-156,0.249084,174,0,No fault,True,0.48
2026-08-12T14:31:08.416,1786537868.416869,21.738299,8,-30.000000,2.000000,100,-13.925472,0x03,left,28.824931,-156,0.167033,174,0,No fault,False,0x04,right,28.341770,-112,0.266667,169,0,No fault,True,0.48
2026-08-12T14:31:08.430,1786537868.430243,21.751665,8,-30.000000,2.000000,101,-14.380554,0x03,left,28.846893,22,0.172894,173,0,No fault,False,0x04,right,28.341770,-67,0.254945,174,0,No fault,True,0.51
2026-08-12T14:31:08.441,1786537868.441109,21.762529,8,-30.000000,2.000000,102,-14.929114,0x03,left,28.846893,112,0.178755,173,0,No fault,False,0x04,right,28.341770,22,0.254945,174,0,No fault,True,0.51
2026-08-12T14:31:08.451,1786537868.451950,21.773369,8,-30.000000,2.000000,103,-15.370776,0x03,left,28.824931,-246,0.178755,171,0,No fault,False,0x04,right,28.341770,-201,0.254945,174,0,No fault,True,0.48
2026-08-12T14:31:08.462,1786537868.462846,21.784268,8,-30.000000,2.000000,104,-15.806976,0x03,left,28.846893,67,0.172894,171,0,No fault,False,0x04,right,28.341770,-22,0.266667,174,0,No fault,True,0.51
2026-08-12T14:31:08.476,1786537868.476302,21.797722,8,-30.000000,2.000000,105,-16.241865,0x03,left,28.824931,-156,0.167033,172,0,No fault,True,0x04,right,28.341770,112,0.249084,177,0,No fault,False,0.48
2026-08-12T14:31:08.487,1786537868.487149,21.808577,8,-30.000000,2.000000,106,-16.770563,0x03,left,28.824931,-156,0.167033,173,0,No fault,False,0x04,right,28.341770,22,0.254945,174,0,No fault,True,0.48
2026-08-12T14:31:08.498,1786537868.498015,21.819438,8,-30.000000,2.000000,107,-17.193127,0x03,left,28.824931,-201,0.155311,173,0,No fault,False,0x04,right,28.341770,22,0.260806,174,0,No fault,True,0.48
2026-08-12T14:31:08.522,1786537868.522056,21.843490,8,-30.000000,2.000000,108,-17.614093,0x03,left,28.846893,67,0.155311,172,0,No fault,True,0x04,right,28.341770,-156,0.249084,174,0,No fault,False,0.51
2026-08-12T14:31:08.543,1786537868.543003,21.864436,8,-30.000000,2.000000,109,-18.520764,0x03,left,28.846893,67,0.172894,170,0,No fault,False,0x04,right,28.341770,-67,0.266667,172,0,No fault,True,0.51
2026-08-12T14:31:08.554,1786537868.554090,21.875523,8,-30.000000,2.000000,110,-19.283058,0x03,left,28.824931,-201,0.172894,172,0,No fault,False,0x04,right,28.341770,-156,0.272527,174,0,No fault,True,0.48
2026-08-12T14:31:08.568,1786537868.568465,21.889890,8,-30.000000,2.000000,111,-19.681026,0x03,left,28.846893,67,0.161172,169,0,No fault,False,0x04,right,28.341770,-22,0.260806,174,0,No fault,True,0.51
2026-08-12T14:31:08.579,1786537868.579322,21.900743,8,-30.000000,2.000000,112,-20.184379,0x03,left,28.846893,22,0.161172,173,0,No fault,False,0x04,right,28.341770,-156,0.249084,175,0,No fault,True,0.51
2026-08-12T14:31:08.590,1786537868.590221,21.911641,8,-30.000000,2.000000,113,-20.559329,0x03,left,28.846893,67,0.167033,172,0,No fault,False,0x04,right,28.341770,-67,0.254945,174,0,No fault,True,0.51
2026-08-12T14:31:08.604,1786537868.604130,21.925554,8,-30.000000,2.000000,114,-20.931960,0x03,left,28.824931,-112,0.155311,172,0,No fault,False,0x04,right,28.341770,-156,0.249084,174,0,No fault,True,0.48
2026-08-12T14:31:08.615,1786537868.615010,21.936430,8,-30.000000,2.000000,115,-21.395717,0x03,left,28.824931,-67,0.167033,172,0,No fault,False,0x04,right,28.341770,67,0.260806,175,0,No fault,True,0.48
2026-08-12T14:31:08.629,1786537868.629765,21.951211,8,-30.000000,2.000000,116,-21.769821,0x03,left,28.846893,67,0.161172,173,0,No fault,False,0x04,right,28.341770,-67,0.225641,174,0,No fault,True,0.51
2026-08-12T14:31:08.640,1786537868.640797,21.962237,8,-30.000000,2.000000,117,-22.227949,0x03,left,28.824931,-22,0.149451,170,0,No fault,False,0x04,right,28.341770,112,0.231502,174,0,No fault,True,0.48
2026-08-12T14:31:08.652,1786537868.652014,21.973455,8,-30.000000,2.000000,118,-22.572919,0x03,left,28.846893,112,0.137729,169,0,No fault,False,0x04,right,28.341770,-67,0.231502,173,0,No fault,True,0.51
2026-08-12T14:31:08.665,1786537868.665642,21.987086,8,-30.000000,2.000000,119,-22.917825,0x03,left,28.846893,67,0.131868,169,0,No fault,False,0x04,right,28.341770,-67,0.219780,175,0,No fault,True,0.51
2026-08-12T14:31:08.677,1786537868.677426,21.998893,8,-30.000000,2.000000,120,-23.351157,0x03,left,28.824931,-22,0.114286,173,0,No fault,False,0x04,right,28.341770,-67,0.208059,174,0,No fault,True,0.48
2026-08-12T14:31:08.691,1786537868.691019,22.012440,8,-30.000000,2.000000,121,-23.674590,0x03,left,28.824931,-112,0.090842,173,0,No fault,False,0x04,right,28.341770,112,0.178755,174,0,No fault,True,0.48
2026-08-12T14:31:08.701,1786537868.701816,22.023249,8,-30.000000,2.000000,122,-24.056571,0x03,left,28.824931,22,0.079121,173,0,No fault,False,0x04,right,28.341770,67,0.172894,175,0,No fault,True,0.48
2026-08-12T14:31:08.725,1786537868.725901,22.047342,8,-30.000000,2.000000,123,-24.358795,0x03,left,28.824931,67,0.026374,172,0,No fault,True,0x04,right,28.341770,-67,0.137729,174,0,No fault,False,0.48
2026-08-12T14:31:08.747,1786537868.747440,22.068881,8,-30.000000,2.000000,124,-25.005956,0x03,left,28.824931,112,0.002930,168,0,No fault,False,0x04,right,28.319808,-201,0.073260,175,0,No fault,True,0.51
2026-08-12T14:31:08.758,1786537868.758512,22.079950,8,-30.000000,2.000000,125,-25.551741,0x03,left,28.802969,-67,-0.002930,175,0,No fault,False,0x04,right,28.341770,22,0.084982,174,0,No fault,True,0.46
2026-08-12T14:31:08.770,1786537868.770028,22.091453,8,-30.000000,2.000000,126,-25.820369,0x03,left,28.802969,-112,-0.038095,172,0,No fault,False,0x04,right,28.319808,-112,0.032234,174,0,No fault,True,0.48
2026-08-12T14:31:08.783,1786537868.783118,22.104543,8,-30.000000,2.000000,127,-26.094516,0x03,left,28.781007,-22,-0.079121,173,0,No fault,False,0x04,right,28.319808,22,0.020513,177,0,No fault,True,0.46
2026-08-12T14:31:08.794,1786537868.794118,22.115542,8,-30.000000,2.000000,128,-26.392763,0x03,left,28.759045,-156,-0.102564,171,0,No fault,False,0x04,right,28.319808,-156,-0.002930,174,0,No fault,True,0.44
2026-08-12T14:31:08.805,1786537868.805066,22.126487,8,-30.000000,2.000000,129,-26.632769,0x03,left,28.759045,-156,-0.126007,171,0,No fault,False,0x04,right,28.319808,-22,-0.032234,174,0,No fault,True,0.44
2026-08-12T14:31:08.818,1786537868.818911,22.140346,8,-30.000000,2.000000,130,-26.866177,0x03,left,28.759045,112,-0.178755,168,0,No fault,False,0x04,right,28.297847,22,-0.067399,174,0,No fault,True,0.46
2026-08-12T14:31:08.830,1786537868.830037,22.151471,8,-30.000000,2.000000,131,-27.151767,0x03,left,28.737084,-67,-0.196337,172,0,No fault,False,0x04,right,28.275885,-156,-0.131868,174,0,No fault,True,0.46
2026-08-12T14:31:08.841,1786537868.841156,22.162579,8,-30.000000,2.000000,132,-27.370240,0x03,left,28.693160,-22,-0.213919,172,0,No fault,False,0x04,right,28.275885,-67,-0.137729,174,0,No fault,True,0.42
2026-08-12T14:31:08.854,1786537868.854475,22.175903,8,-30.000000,2.000000,133,-27.579784,0x03,left,28.627274,-335,-0.178755,172,0,No fault,False,0x04,right,28.253923,-112,-0.184615,174,0,No fault,True,0.37
2026-08-12T14:31:08.865,1786537868.865474,22.186905,8,-30.000000,2.000000,134,-27.820845,0x03,left,28.539427,-67,-0.213919,172,0,No fault,False,0x04,right,28.231961,-201,-0.184615,173,0,No fault,True,0.31
2026-08-12T14:31:08.876,1786537868.876449,22.197877,8,-30.000000,2.000000,135,-28.010680,0x03,left,28.517465,-156,-0.301832,172,0,No fault,False,0x04,right,28.209999,-22,-0.196337,173,0,No fault,True,0.31
2026-08-12T14:31:08.890,1786537868.890152,22.211579,8,-30.000000,2.000000,136,-28.192320,0x03,left,28.451579,-67,-0.284249,170,0,No fault,False,0x04,right,28.078228,-201,-0.184615,173,0,No fault,True,0.37
2026-08-12T14:31:08.901,1786537868.901147,22.222588,8,-30.000000,2.000000,137,-28.405727,0x03,left,28.253923,-692,-0.120147,174,0,No fault,False,0x04,right,28.034304,-246,-0.272527,174,0,No fault,True,0.22
2026-08-12T14:31:08.917,1786537868.917382,22.238882,8,-30.000000,2.000000,138,-28.570159,0x03,left,28.122152,-335,-0.172894,173,0,No fault,False,0x04,right,28.012342,-112,-0.319414,175,0,No fault,False,0.11
2026-08-12T14:31:08.930,1786537868.930907,22.252337,8,-30.000000,2.000000,139,-28.794368,0x03,left,27.968419,-424,-0.354579,172,0,No fault,False,0x04,right,27.902533,-201,-0.213919,174,0,No fault,True,0.07
2026-08-12T14:31:08.950,1786537868.950641,22.272076,8,-30.000000,2.000000,140,-28.965190,0x03,left,27.638991,-514,-0.114286,173,0,No fault,False,0x04,right,27.507220,-246,-0.336996,174,0,No fault,True,0.13
2026-08-12T14:31:08.961,1786537868.961668,22.283100,8,-30.000000,2.000000,141,-29.193488,0x03,left,27.463296,-246,-0.137729,174,0,No fault,False,0x04,right,27.463296,-201,-0.295971,174,0,No fault,True,0.00
2026-08-12T14:31:08.972,1786537868.972791,22.294220,8,-30.000000,2.000000,142,-29.308554,0x03,left,26.980135,-335,-0.161172,172,0,No fault,False,0x04,right,27.243678,-335,-0.161172,174,0,No fault,True,-0.26
2026-08-12T14:31:08.986,1786537868.986417,22.307876,8,-30.000000,2.000000,143,-29.416119,0x03,left,26.782479,-558,-0.108425,173,0,No fault,False,0x04,right,26.980135,-290,-0.266667,174,0,No fault,True,-0.20
2026-08-12T14:31:08.997,1786537868.997557,22.318999,8,-30.000000,2.000000,144,-29.536479,0x03,left,26.540898,-424,-0.178755,170,0,No fault,False,0x04,right,26.760517,-290,-0.202198,174,0,No fault,True,-0.22
2026-08-12T14:31:09.011,1786537869.011974,22.333408,8,-30.000000,2.000000,145,-29.624542,0x03,left,26.189509,-380,-0.178755,174,0,No fault,False,0x04,right,26.475013,-335,-0.266667,174,0,No fault,True,-0.29
2026-08-12T14:31:09.022,1786537869.022972,22.344400,8,-30.000000,2.000000,146,-29.722755,0x03,left,26.013814,-558,-0.266667,172,0,No fault,False,0x04,right,26.211471,-469,-0.184615,174,0,No fault,True,-0.20
2026-08-12T14:31:09.034,1786537869.034032,22.355456,8,-30.000000,2.000000,147,-29.788436,0x03,left,25.574577,-469,-0.225641,170,0,No fault,False,0x04,right,25.947928,-692,-0.178755,175,0,No fault,True,-0.37
2026-08-12T14:31:09.047,1786537869.047689,22.369110,8,-30.000000,2.000000,148,-29.846248,0x03,left,25.398882,-558,-0.196337,174,0,No fault,False,0x04,right,25.574577,-380,-0.208059,174,0,No fault,True,-0.18
2026-08-12T14:31:09.058,1786537869.058673,22.380097,8,-30.000000,2.000000,149,-29.903948,0x03,left,25.179264,-380,-0.219780,172,0,No fault,False,0x04,right,25.267111,-514,-0.208059,174,0,No fault,True,-0.09
2026-08-12T14:31:09.069,1786537869.069730,22.391152,8,-30.000000,2.000000,150,-29.940950,0x03,left,24.761988,-514,-0.131868,173,0,No fault,False,0x04,right,25.091416,-469,-0.290110,171,0,No fault,True,-0.33
2026-08-12T14:31:09.083,1786537869.083398,22.404819,8,-30.000000,2.000000,151,-29.969075,0x03,left,24.454522,-782,-0.137729,172,0,No fault,False,0x04,right,24.674141,-469,-0.266667,174,0,No fault,True,-0.22
2026-08-12T14:31:09.094,1786537869.094302,22.415722,8,-30.000000,2.000000,152,-29.991397,0x03,left,24.147056,-603,-0.155311,173,0,No fault,False,0x04,right,24.410599,-737,-0.190476,174,0,No fault,True,-0.26
2026-08-12T14:31:09.105,1786537869.105294,22.426749,8,-30.000000,2.000000,153,-29.999299,0x03,left,23.729781,-737,-0.149451,173,0,No fault,False,0x04,right,24.103133,-424,-0.172894,174,0,No fault,True,-0.37
2026-08-12T14:31:09.129,1786537869.129582,22.451022,8,-30.000000,2.000000,154,-30.000000,0x03,left,23.158773,-558,-0.202198,173,0,No fault,True,0x04,right,23.663896,-603,-0.249084,174,0,No fault,False,-0.51
2026-08-12T14:31:09.140,1786537869.140730,22.462161,8,-30.000000,2.000000,155,-30.000000,0x03,left,22.719536,-290,-0.301832,172,0,No fault,False,0x04,right,23.202697,-603,-0.260806,174,0,No fault,True,-0.48
2026-08-12T14:31:09.161,1786537869.161571,22.483010,8,-30.000000,2.000000,156,-30.000000,0x03,left,22.148528,-648,-0.208059,173,0,No fault,False,0x04,right,22.280299,-558,-0.184615,174,0,No fault,True,-0.13
2026-08-12T14:31:09.175,1786537869.175887,22.497331,8,-30.000000,2.000000,157,-30.000000,0x03,left,21.511634,-782,-0.061538,173,0,No fault,False,0x04,right,21.884986,-826,-0.225641,176,0,No fault,True,-0.37
2026-08-12T14:31:09.186,1786537869.186919,22.508359,8,-30.000000,2.000000,158,-30.000000,0x03,left,21.357901,-558,-0.096703,173,0,No fault,False,0x04,right,21.665367,-648,-0.278388,174,0,No fault,True,-0.31
2026-08-12T14:31:09.198,1786537869.198052,22.519476,8,-30.000000,2.000000,159,-30.000000,0x03,left,20.896702,-782,-0.213919,173,0,No fault,False,0x04,right,21.270054,-737,-0.231502,175,0,No fault,True,-0.37
2026-08-12T14:31:09.211,1786537869.211487,22.532920,8,-30.000000,2.000000,160,-30.000000,0x03,left,20.523351,-960,-0.184615,173,0,No fault,False,0x04,right,20.764931,-960,-0.190476,174,0,No fault,True,-0.24
2026-08-12T14:31:09.222,1786537869.222449,22.543878,8,-30.000000,2.000000,161,-30.000000,0x03,left,20.128038,-916,-0.172894,173,0,No fault,False,0x04,right,20.325694,-648,-0.237363,173,0,No fault,True,-0.20
2026-08-12T14:31:09.233,1786537869.233498,22.554930,8,-30.000000,2.000000,162,-30.000000,0x03,left,19.732724,-603,-0.202198,172,0,No fault,False,0x04,right,19.952343,-826,-0.178755,175,0,No fault,True,-0.22
2026-08-12T14:31:09.247,1786537869.247235,22.568679,8,-30.000000,2.000000,163,-30.000000,0x03,left,19.293487,-737,-0.254945,174,0,No fault,False,0x04,right,19.359373,-960,-0.208059,174,0,No fault,True,-0.07
2026-08-12T14:31:09.258,1786537869.258270,22.579706,8,-30.000000,2.000000,164,-30.000000,0x03,left,18.832288,-737,-0.143590,172,0,No fault,False,0x04,right,19.051907,-737,-0.178755,174,0,No fault,True,-0.22
2026-08-12T14:31:09.269,1786537869.269256,22.590682,8,-30.000000,2.000000,165,-30.000000,0x03,left,18.436975,-871,-0.096703,174,0,No fault,False,0x04,right,18.678555,-1005,-0.225641,174,0,No fault,True,-0.24
2026-08-12T14:31:09.282,1786537869.282913,22.604337,8,-30.000000,2.000000,166,-30.000000,0x03,left,17.800081,-960,-0.172894,169,0,No fault,False,0x04,right,18.107547,-916,-0.190476,171,0,No fault,True,-0.31
2026-08-12T14:31:09.293,1786537869.293876,22.615303,8,-30.000000,2.000000,167,-30.000000,0x03,left,17.426730,-782,-0.202198,173,0,No fault,False,0x04,right,17.712234,-871,-0.172894,174,0,No fault,True,-0.29
2026-08-12T14:31:09.304,1786537869.304711,22.626131,8,-30.000000,2.000000,168,-30.000000,0x03,left,17.031416,-648,-0.190476,172,0,No fault,False,0x04,right,17.294959,-916,-0.178755,174,0,No fault,True,-0.26
2026-08-12T14:31:09.323,1786537869.323682,22.645107,8,-30.000000,2.000000,169,-30.000000,0x03,left,16.372561,-916,-0.178755,174,0,No fault,False,0x04,right,16.855722,-916,-0.161172,174,0,No fault,False,-0.48
2026-08-12T14:31:09.335,1786537869.335724,22.657151,8,-30.000000,2.000000,170,-30.000000,0x03,left,15.823514,-826,-0.137729,173,0,No fault,False,0x04,right,16.262752,-1094,-0.208059,175,0,No fault,True,-0.44
2026-08-12T14:31:09.349,1786537869.349047,22.670473,8,-30.000000,2.000000,171,-30.000000,0x03,left,15.120735,-1094,-0.137729,169,0,No fault,False,0x04,right,15.516049,-826,-0.196337,174,0,No fault,True,-0.40
2026-08-12T14:31:09.369,1786537869.369914,22.691391,8,-30.000000,2.000000,172,-30.000000,0x03,left,14.264223,-782,-0.167033,172,0,No fault,False,0x04,right,14.549727,-737,-0.202198,175,0,No fault,True,-0.29
2026-08-12T14:31:09.385,1786537869.385261,22.706693,8,-30.000000,2.000000,173,-30.000000,0x03,left,13.495558,-603,-0.167033,172,0,No fault,False,0x04,right,13.803024,-826,-0.149451,174,0,No fault,True,-0.31
2026-08-12T14:31:09.400,1786537869.400448,22.721913,8,-30.000000,2.000000,174,-30.000000,0x03,left,12.946512,-826,-0.114286,173,0,No fault,False,0x04,right,13.473596,-558,-0.237363,175,0,No fault,True,-0.53
2026-08-12T14:31:09.415,1786537869.415797,22.737241,8,-30.000000,2.000000,175,-30.000000,0x03,left,12.243733,-1050,-0.155311,173,0,No fault,False,0x04,right,12.748855,-1094,-0.184615,174,0,No fault,True,-0.51
2026-08-12T14:31:09.431,1786537869.431058,22.752486,8,-30.000000,2.000000,176,-30.000000,0x03,left,11.475068,-1094,-0.126007,173,0,No fault,False,0x04,right,12.111961,-871,-0.155311,174,0,No fault,True,-0.64
2026-08-12T14:31:09.446,1786537869.446346,22.767767,8,-30.000000,2.000000,177,-30.000000,0x03,left,10.838174,-737,-0.213919,173,0,No fault,False,0x04,right,11.431144,-871,-0.190476,174,0,No fault,True,-0.59
2026-08-12T14:31:09.461,1786537869.461672,22.783096,8,-30.000000,2.000000,178,-30.000000,0x03,left,10.157357,-916,-0.084982,173,0,No fault,False,0x04,right,10.684441,-1094,-0.155311,175,0,No fault,True,-0.53
2026-08-12T14:31:09.476,1786537869.476904,22.798324,8,-30.000000,2.000000,179,-30.000000,0x03,left,9.388692,-916,-0.143590,174,0,No fault,False,0x04,right,9.959700,-960,-0.225641,174,0,No fault,True,-0.57
2026-08-12T14:31:09.492,1786537869.492414,22.813852,8,-30.000000,2.000000,180,-30.000000,0x03,left,8.620027,-1094,-0.149451,172,0,No fault,False,0x04,right,9.322806,-960,-0.202198,175,0,No fault,True,-0.70
2026-08-12T14:31:09.507,1786537869.507545,22.828977,8,-30.000000,2.000000,181,-30.000000,0x03,left,8.005095,-960,-0.190476,172,0,No fault,False,0x04,right,8.598065,-1050,-0.178755,174,0,No fault,True,-0.59
2026-08-12T14:31:09.527,1786537869.527848,22.849273,8,-30.000000,2.000000,182,-30.000000,0x03,left,7.346240,-1184,-0.126007,172,0,No fault,False,0x04,right,8.136866,-1005,-0.184615,174,0,No fault,False,-0.79
2026-08-12T14:31:09.542,1786537869.542021,22.863456,8,-30.000000,2.000000,183,-30.000000,0x03,left,6.489727,-960,-0.114286,173,0,No fault,False,0x04,right,7.170545,-1094,-0.190476,173,0,No fault,True,-0.68
2026-08-12T14:31:09.552,1786537869.552903,22.874329,8,-30.000000,2.000000,184,-30.000000,0x03,left,6.028528,-648,-0.219780,173,0,No fault,False,0x04,right,6.709346,-1050,-0.208059,174,0,No fault,True,-0.68
2026-08-12T14:31:09.573,1786537869.573498,22.894929,8,-30.000000,2.000000,185,-30.000000,0x03,left,5.435558,-737,-0.167033,173,0,No fault,False,0x04,right,5.589291,-1094,-0.131868,175,0,No fault,True,-0.15
2026-08-12T14:31:09.584,1786537869.584416,22.905838,8,-30.000000,2.000000,186,-30.000000,0x03,left,4.996321,-1050,-0.208059,171,0,No fault,False,0x04,right,5.128092,-916,-0.202198,174,0,No fault,True,-0.13
2026-08-12T14:31:09.595,1786537869.595465,22.916886,8,-30.000000,2.000000,187,-30.000000,0x03,left,4.161771,-782,-0.114286,173,0,No fault,False,0x04,right,4.688855,-782,-0.208059,174,0,No fault,True,-0.53
2026-08-12T14:31:09.609,1786537869.609311,22.930732,8,-30.000000,2.000000,188,-30.000000,0x03,left,3.590763,-1005,-0.196337,172,0,No fault,False,0x04,right,3.942152,-1005,-0.208059,170,0,No fault,True,-0.35
2026-08-12T14:31:09.620,1786537869.620165,22.941586,8,-30.000000,2.000000,189,-30.000000,0x03,left,3.107602,-826,-0.178755,172,0,No fault,False,0x04,right,3.546839,-1005,-0.213919,174,0,No fault,True,-0.44
2026-08-12T14:31:09.631,1786537869.631013,22.952433,8,-30.000000,2.000000,190,-30.000000,0x03,left,2.536594,-1094,-0.219780,173,0,No fault,False,0x04,right,3.107602,-1005,-0.213919,173,0,No fault,True,-0.57
2026-08-12T14:31:09.645,1786537869.645063,22.966499,8,-30.000000,2.000000,191,-30.000000,0x03,left,2.009509,-960,-0.196337,172,0,No fault,False,0x04,right,2.316975,-1184,-0.155311,174,0,No fault,True,-0.31
2026-08-12T14:31:09.656,1786537869.656122,22.977560,8,-30.000000,2.000000,192,-30.000000,0x03,left,1.416539,-1184,-0.096703,170,0,No fault,False,0x04,right,1.855777,-871,-0.208059,174,0,No fault,True,-0.44
2026-08-12T14:31:09.667,1786537869.667320,22.988754,8,-30.000000,2.000000,193,-30.000000,0x03,left,0.867493,-1094,-0.161172,172,0,No fault,False,0x04,right,1.372616,-1094,-0.213919,174,0,No fault,True,-0.51
2026-08-12T14:31:09.680,1786537869.680934,23.002394,8,-30.000000,2.000000,194,-30.000000,0x03,left,0.230599,-1094,-0.172894,173,0,No fault,False,0x04,right,0.625913,-1228,-0.155311,173,0,No fault,True,-0.40
2026-08-12T14:31:09.691,1786537869.691674,23.013092,8,-30.000000,2.000000,195,-30.000000,0x03,left,-0.296485,-782,-0.196337,173,0,No fault,False,0x04,right,0.164714,-1050,-0.196337,176,0,No fault,True,-0.46
2026-08-12T14:31:09.702,1786537869.702644,23.024077,8,-30.000000,2.000000,196,-30.000000,0x03,left,-0.735722,-826,-0.219780,173,0,No fault,False,0x04,right,-0.318447,-1050,-0.184615,174,0,No fault,True,-0.42
2026-08-12T14:31:09.713,1786537869.713727,23.035156,8,-30.000000,2.000000,197,-30.000000,0x03,left,-1.438501,-960,-0.073260,174,0,No fault,False,0x04,right,-0.823569,-1139,-0.161172,174,0,No fault,True,-0.61
2026-08-12T14:31:09.735,1786537869.735667,23.057100,8,-30.000000,2.000000,198,-30.000000,0x03,left,-2.229128,-1228,-0.149451,173,0,No fault,True,0x04,right,-1.767929,-826,-0.196337,175,0,No fault,False,-0.46
2026-08-12T14:31:09.746,1786537869.746889,23.068328,8,-30.000000,2.000000,199,-30.000000,0x03,left,-2.975831,-871,-0.184615,172,0,No fault,False,0x04,right,-2.273052,-1050,-0.190476,174,0,No fault,True,-0.70
2026-08-12T14:31:09.758,1786537869.758122,23.079563,8,-30.000000,2.000000,200,-30.000000,0x03,left,-3.480954,-1050,-0.184615,172,0,No fault,False,0x04,right,-2.800136,-1184,-0.172894,176,0,No fault,True,-0.68
2026-08-12T14:31:09.777,1786537869.777781,23.099210,8,-30.000000,2.000000,201,-30.000000,0x03,left,-4.095885,-782,-0.096703,172,0,No fault,False,0x04,right,-4.008038,-871,-0.190476,174,0,No fault,True,-0.09
2026-08-12T14:31:09.792,1786537869.792008,23.113433,8,-30.000000,2.000000,202,-30.000000,0x03,left,-5.106131,-1094,-0.108425,173,0,No fault,False,0x04,right,-4.644932,-960,-0.219780,174,0,No fault,True,-0.46
2026-08-12T14:31:09.802,1786537869.802881,23.124302,8,-30.000000,2.000000,203,-30.000000,0x03,left,-5.457520,-826,-0.172894,173,0,No fault,False,0x04,right,-5.062207,-826,-0.219780,174,0,No fault,True,-0.40
2026-08-12T14:31:09.813,1786537869.813827,23.135249,8,-30.000000,2.000000,204,-30.000000,0x03,left,-5.896757,-826,-0.208059,172,0,No fault,False,0x04,right,-5.567330,-1184,-0.196337,174,0,No fault,True,-0.33
2026-08-12T14:31:09.827,1786537869.827709,23.149132,8,-30.000000,2.000000,205,-30.000000,0x03,left,-6.577575,-1005,-0.137729,171,0,No fault,False,0x04,right,-6.270109,-1050,-0.178755,174,0,No fault,True,-0.31
2026-08-12T14:31:09.838,1786537869.838614,23.160034,8,-30.000000,2.000000,206,-30.000000,0x03,left,-7.104659,-1094,-0.061538,172,0,No fault,False,0x04,right,-6.753270,-1094,-0.225641,174,0,No fault,True,-0.35
2026-08-12T14:31:09.850,1786537869.850421,23.171871,8,-30.000000,2.000000,207,-30.000000,0x03,left,-7.895286,-1094,-0.090842,173,0,No fault,False,0x04,right,-7.192507,-1094,-0.219780,172,0,No fault,True,-0.70
2026-08-12T14:31:09.863,1786537869.863577,23.185004,8,-30.000000,2.000000,208,-30.000000,0x03,left,-8.356485,-1094,-0.131868,171,0,No fault,False,0x04,right,-7.917248,-1050,-0.196337,173,0,No fault,True,-0.44
2026-08-12T14:31:09.874,1786537869.874472,23.195896,8,-30.000000,2.000000,209,-30.000000,0x03,left,-8.817684,-960,-0.196337,170,0,No fault,False,0x04,right,-8.334523,-960,-0.249084,174,0,No fault,True,-0.48
2026-08-12T14:31:09.885,1786537869.885484,23.206909,8,-30.000000,2.000000,210,-30.000000,0x03,left,-9.191035,-826,-0.208059,172,0,No fault,False,0x04,right,-8.817684,-1005,-0.178755,174,0,No fault,True,-0.37
2026-08-12T14:31:09.899,1786537869.899246,23.220668,8,-30.000000,2.000000,211,-30.000000,0x03,left,-9.915776,-1184,-0.055678,172,0,No fault,False,0x04,right,-9.520463,-960,-0.202198,174,0,No fault,True,-0.40
2026-08-12T14:31:09.910,1786537869.910100,23.231535,8,-30.000000,2.000000,212,-30.000000,0x03,left,-10.420899,-960,-0.084982,169,0,No fault,False,0x04,right,-9.959700,-1005,-0.231502,173,0,No fault,True,-0.46
2026-08-12T14:31:09.921,1786537869.921098,23.242530,8,-30.000000,2.000000,213,-30.000000,0x03,left,-10.860136,-1139,-0.155311,172,0,No fault,False,0x04,right,-10.398937,-916,-0.208059,174,0,No fault,True,-0.46
2026-08-12T14:31:09.943,1786537869.943902,23.265342,8,-30.000000,2.000000,214,-30.000000,0x03,left,-11.738610,-1050,-0.161172,173,0,No fault,True,0x04,right,-11.321335,-960,-0.190476,174,0,No fault,False,-0.42
2026-08-12T14:31:09.955,1786537869.955060,23.276488,8,-30.000000,2.000000,215,-30.000000,0x03,left,-12.287656,-1050,-0.178755,173,0,No fault,False,0x04,right,-11.782534,-871,-0.196337,174,0,No fault,True,-0.51
2026-08-12T14:31:09.965,1786537869.965947,23.287373,8,-30.000000,2.000000,216,-30.000000,0x03,left,-12.726893,-1050,-0.090842,173,0,No fault,False,0x04,right,-12.595122,-916,-0.178755,173,0,No fault,True,-0.13
2026-08-12T14:31:09.984,1786537869.984467,23.305891,8,-30.000000,2.000000,217,-30.000000,0x03,left,-13.868910,-648,-0.208059,172,0,No fault,False,0x04,right,-13.166130,-648,-0.196337,174,0,No fault,True,-0.70
2026-08-12T14:31:09.996,1786537869.996179,23.317645,8,-30.000000,2.000000,218,-30.000000,0x03,left,-14.022643,-648,-0.249084,172,0,No fault,False,0x04,right,-13.495558,-648,-0.266667,172,0,No fault,True,-0.53
2026-08-12T14:31:10.007,1786537870.007499,23.328933,8,-30.000000,2.000000,219,-30.000000,0x03,left,-14.352070,-648,-0.260806,172,0,No fault,False,0x04,right,-13.890871,-871,-0.249084,172,0,No fault,True,-0.46
2026-08-12T14:31:10.020,1786537870.020230,23.341654,8,-30.000000,2.000000,220,-30.000000,0x03,left,-14.901117,-692,-0.219780,174,0,No fault,False,0x04,right,-14.527765,-1005,-0.155311,176,0,No fault,True,-0.37
2026-08-12T14:31:10.031,1786537870.031476,23.352895,8,-30.000000,2.000000,221,-30.000000,0x03,left,-15.318392,-826,-0.137729,171,0,No fault,False,0x04,right,-14.967002,-826,-0.196337,175,0,No fault,True,-0.35
2026-08-12T14:31:10.042,1786537870.042165,23.363776,8,-30.000000,2.000000,222,-30.000000,0x03,left,-15.757629,-960,-0.131868,172,0,No fault,False,0x04,right,-15.406239,-871,-0.231502,176,0,No fault,True,-0.35
2026-08-12T14:31:10.053,1786537870.053123,23.374552,8,-30.000000,2.000000,223,-30.000000,0x03,left,-16.174904,-1094,-0.131868,173,0,No fault,False,0x04,right,-15.779591,-826,-0.143590,174,0,No fault,True,-0.40
2026-08-12T14:31:10.066,1786537870.066520,23.387963,8,-30.000000,2.000000,224,-30.000000,0x03,left,-16.789836,-782,-0.184615,167,0,No fault,False,0x04,right,-16.394523,-648,-0.208059,175,0,No fault,True,-0.40
2026-08-12T14:31:10.077,1786537870.077669,23.399102,8,-30.000000,2.000000,225,-30.000000,0x03,left,-17.141226,-692,-0.237363,172,0,No fault,False,0x04,right,-16.745912,-692,-0.213919,173,0,No fault,True,-0.40
2026-08-12T14:31:10.088,1786537870.088701,23.410125,8,-30.000000,2.000000,226,-30.000000,0x03,left,-17.492615,-514,-0.266667,172,0,No fault,False,0x04,right,-17.141226,-916,-0.167033,177,0,No fault,True,-0.35
2026-08-12T14:31:10.102,1786537870.102139,23.423559,8,-30.000000,2.000000,227,-30.000000,0x03,left,-17.844005,-737,-0.219780,172,0,No fault,True,0x04,right,-17.844005,-826,-0.161172,175,0,No fault,False,0.00
2026-08-12T14:31:10.113,1786537870.113346,23.434765,8,-30.000000,2.000000,228,-30.000000,0x03,left,-18.327166,-871,-0.120147,172,0,No fault,False,0x04,right,-18.151471,-737,-0.184615,173,0,No fault,True,-0.18
2026-08-12T14:31:10.196,1786537870.196213,23.517679,9,30.000000,2.000000,1,-30.000000,0x03,left,-19.842533,-782,-0.190476,169,0,No fault,False,0x04,right,-19.425258,-782,-0.149451,173,0,No fault,True,-0.42
2026-08-12T14:31:10.207,1786537870.207418,23.528908,9,30.000000,2.000000,2,-29.976104,0x03,left,-20.171961,-782,-0.237363,172,0,No fault,False,0x04,right,-19.754686,-692,-0.208059,174,0,No fault,True,-0.42
2026-08-12T14:31:10.218,1786537870.218672,23.540146,9,30.000000,2.000000,3,-29.950163,0x03,left,-20.435503,-469,-0.237363,172,0,No fault,False,0x04,right,-20.435503,-782,-0.143590,174,0,No fault,True,0.00
2026-08-12T14:31:10.232,1786537870.232161,23.553600,9,30.000000,2.000000,4,-29.915080,0x03,left,-21.050435,-737,-0.102564,173,0,No fault,False,0x04,right,-20.786893,-648,-0.114286,173,0,No fault,True,-0.26
2026-08-12T14:31:10.243,1786537870.243092,23.564534,9,30.000000,2.000000,5,-29.861245,0x03,left,-21.357901,-558,-0.079121,168,0,No fault,False,0x04,right,-21.050435,-335,-0.213919,175,0,No fault,True,-0.31
2026-08-12T14:31:10.254,1786537870.254221,23.575679,9,30.000000,2.000000,6,-29.806938,0x03,left,-21.775176,-692,-0.084982,173,0,No fault,False,0x04,right,-21.357901,-826,-0.190476,174,0,No fault,True,-0.42
2026-08-12T14:31:10.268,1786537870.268780,23.590251,9,30.000000,2.000000,7,-29.740965,0x03,left,-22.016757,-514,-0.167033,173,0,No fault,True,0x04,right,-21.819100,-737,-0.172894,174,0,No fault,False,-0.20
2026-08-12T14:31:10.280,1786537870.280391,23.601856,9,30.000000,2.000000,8,-29.644569,0x03,left,-22.521879,-424,-0.225641,173,0,No fault,False,0x04,right,-22.104604,-514,-0.172894,174,0,No fault,True,-0.42
2026-08-12T14:31:10.291,1786537870.291498,23.612923,9,30.000000,2.000000,9,-29.556584,0x03,left,-22.851307,-648,-0.178755,171,0,No fault,False,0x04,right,-22.499918,-692,-0.155311,174,0,No fault,True,-0.35
2026-08-12T14:31:10.304,1786537870.304596,23.626017,9,30.000000,2.000000,10,-29.463077,0x03,left,-23.180735,-737,-0.202198,174,0,No fault,False,0x04,right,-22.939155,-826,-0.131868,174,0,No fault,True,-0.24
2026-08-12T14:31:10.315,1786537870.315527,23.636954,9,30.000000,2.000000,11,-29.341296,0x03,left,-23.466239,-380,-0.231502,172,0,No fault,False,0x04,right,-23.224659,-469,-0.143590,174,0,No fault,True,-0.24
2026-08-12T14:31:10.326,1786537870.326505,23.647946,9,30.000000,2.000000,12,-29.229325,0x03,left,-23.751743,-558,-0.155311,173,0,No fault,False,0x04,right,-23.510163,-335,-0.208059,174,0,No fault,True,-0.24
2026-08-12T14:31:10.337,1786537870.337865,23.659302,9,30.000000,2.000000,13,-29.108048,0x03,left,-23.971362,-648,-0.149451,172,0,No fault,False,0x04,right,-23.817629,-380,-0.161172,174,0,No fault,True,-0.15
2026-08-12T14:31:10.360,1786537870.360396,23.681849,9,30.000000,2.000000,14,-28.970145,0x03,left,-24.608255,-603,-0.067399,173,0,No fault,True,0x04,right,-24.344713,-692,-0.131868,174,0,No fault,False,-0.26
2026-08-12T14:31:10.371,1786537870.371844,23.693282,9,30.000000,2.000000,15,-28.679200,0x03,left,-25.091416,-737,-0.108425,175,0,No fault,False,0x04,right,-24.586293,-469,-0.137729,174,0,No fault,True,-0.51
2026-08-12T14:31:10.392,1786537870.392027,23.713458,9,30.000000,2.000000,16,-28.517117,0x03,left,-25.354958,-246,-0.278388,173,0,No fault,False,0x04,right,-24.981607,-514,-0.213919,174,0,No fault,True,-0.37
2026-08-12T14:31:10.403,1786537870.403065,23.724490,9,30.000000,2.000000,17,-28.208009,0x03,left,-25.596539,-782,-0.202198,173,0,No fault,False,0x04,right,-25.267111,-246,-0.161172,174,0,No fault,True,-0.33
2026-08-12T14:31:10.414,1786537870.414072,23.735495,9,30.000000,2.000000,18,-28.025694,0x03,left,-25.750272,-469,-0.190476,173,0,No fault,False,0x04,right,-25.706348,-603,-0.079121,174,0,No fault,True,-0.04
2026-08-12T14:31:10.424,1786537870.424999,23.746419,9,30.000000,2.000000,19,-27.838578,0x03,left,-25.860081,-156,-0.284249,173,0,No fault,False,0x04,right,-25.838119,-469,-0.120147,174,0,No fault,True,-0.02
2026-08-12T14:31:10.438,1786537870.438096,23.759517,9,30.000000,2.000000,20,-27.640876,0x03,left,-26.255394,-156,-0.196337,177,0,No fault,False,0x04,right,-26.145585,-380,-0.143590,174,0,No fault,True,-0.11
2026-08-12T14:31:10.448,1786537870.448933,23.770351,9,30.000000,2.000000,21,-27.397174,0x03,left,-26.387165,-424,-0.231502,173,0,No fault,False,0x04,right,-26.299318,-201,-0.243223,175,0,No fault,True,-0.09
2026-08-12T14:31:10.459,1786537870.459764,23.781187,9,30.000000,2.000000,22,-27.185261,0x03,left,-26.650708,-603,-0.061538,173,0,No fault,False,0x04,right,-26.475013,-514,-0.155311,174,0,No fault,True,-0.18
2026-08-12T14:31:10.470,1786537870.470637,23.792059,9,30.000000,2.000000,23,-26.965198,0x03,left,-26.826402,-514,-0.102564,171,0,No fault,False,0x04,right,-26.672669,-290,-0.184615,174,0,No fault,True,-0.15
2026-08-12T14:31:10.484,1786537870.484151,23.805576,9,30.000000,2.000000,24,-26.735660,0x03,left,-27.199754,-469,-0.079121,173,0,No fault,False,0x04,right,-26.826402,-290,-0.272527,174,0,No fault,True,-0.37
2026-08-12T14:31:10.495,1786537870.495038,23.816456,9,30.000000,2.000000,25,-26.441845,0x03,left,-27.309563,-290,-0.155311,174,0,No fault,False,0x04,right,-27.067983,-469,-0.114286,175,0,No fault,True,-0.24
2026-08-12T14:31:10.505,1786537870.505857,23.827277,9,30.000000,2.000000,26,-26.195990,0x03,left,-27.507220,-380,-0.084982,173,0,No fault,False,0x04,right,-27.243678,-380,-0.149451,175,0,No fault,True,-0.26
2026-08-12T14:31:10.516,1786537870.516921,23.838358,9,30.000000,2.000000,27,-25.943646,0x03,left,-27.682915,-380,-0.120147,172,0,No fault,False,0x04,right,-27.397411,-290,-0.096703,174,0,No fault,True,-0.29
2026-08-12T14:31:10.530,1786537870.530066,23.851505,9,30.000000,2.000000,28,-25.672799,0x03,left,-27.880571,-424,-0.084982,173,0,No fault,False,0x04,right,-27.638991,-335,-0.178755,172,0,No fault,True,-0.24
2026-08-12T14:31:10.541,1786537870.541433,23.862977,9,30.000000,2.000000,29,-25.347639,0x03,left,-28.056266,-201,-0.108425,173,0,No fault,False,0x04,right,-27.682915,-22,-0.284249,174,0,No fault,True,-0.37
2026-08-12T14:31:10.552,1786537870.552684,23.874109,9,30.000000,2.000000,30,-25.053837,0x03,left,-28.144114,-201,-0.190476,173,0,No fault,False,0x04,right,-27.704877,67,-0.295971,175,0,No fault,True,-0.44
2026-08-12T14:31:10.573,1786537870.573355,23.894788,9,30.000000,2.000000,31,-24.756313,0x03,left,-28.166075,-201,-0.284249,171,0,No fault,True,0x04,right,-27.946457,-380,-0.108425,175,0,No fault,False,-0.22
2026-08-12T14:31:10.587,1786537870.587138,23.908561,9,30.000000,2.000000,32,-24.199001,0x03,left,-28.275885,-156,-0.143590,172,0,No fault,False,0x04,right,-28.100190,-201,-0.178755,174,0,No fault,True,-0.18
2026-08-12T14:31:10.602,1786537870.602707,23.924138,9,30.000000,2.000000,33,-23.813411,0x03,left,-28.495503,-201,-0.184615,173,0,No fault,False,0x04,right,-28.122152,-67,-0.313553,174,0,No fault,True,-0.37
2026-08-12T14:31:10.614,1786537870.614764,23.936195,9,30.000000,2.000000,34,-23.358615,0x03,left,-28.561389,-246,-0.196337,173,0,No fault,False,0x04,right,-28.144114,-67,-0.319414,175,0,No fault,True,-0.42
2026-08-12T14:31:10.625,1786537870.625728,23.947150,9,30.000000,2.000000,35,-22.999383,0x03,left,-28.561389,-67,-0.237363,173,0,No fault,False,0x04,right,-28.166075,156,-0.319414,174,0,No fault,True,-0.40
2026-08-12T14:31:10.638,1786537870.638501,23.959924,9,30.000000,2.000000,36,-22.665400,0x03,left,-28.561389,156,-0.272527,173,0,No fault,False,0x04,right,-28.188037,-22,-0.313553,174,0,No fault,True,-0.37
2026-08-12T14:31:10.650,1786537870.650390,23.971811,9,30.000000,2.000000,37,-22.266366,0x03,left,-28.583351,67,-0.266667,172,0,No fault,False,0x04,right,-28.231961,-67,-0.237363,174,0,No fault,True,-0.35
2026-08-12T14:31:10.661,1786537870.661432,23.982878,9,30.000000,2.000000,38,-21.883452,0x03,left,-28.583351,67,-0.266667,172,0,No fault,False,0x04,right,-28.407656,-380,-0.084982,174,0,No fault,True,-0.18
2026-08-12T14:31:10.674,1786537870.674193,23.995616,9,30.000000,2.000000,39,-21.523163,0x03,left,-28.583351,-112,-0.272527,172,0,No fault,False,0x04,right,-28.561389,-380,-0.126007,174,0,No fault,True,-0.02
2026-08-12T14:31:10.686,1786537870.686082,24.007508,9,30.000000,2.000000,40,-21.104083,0x03,left,-28.583351,-112,-0.278388,170,0,No fault,False,0x04,right,-28.583351,-22,-0.202198,174,0,No fault,True,0.00
2026-08-12T14:31:10.696,1786537870.696951,24.018385,9,30.000000,2.000000,41,-20.701862,0x03,left,-28.583351,22,-0.260806,171,0,No fault,False,0x04,right,-28.605312,-112,-0.249084,175,0,No fault,True,0.02
2026-08-12T14:31:10.710,1786537870.710034,24.031453,9,30.000000,2.000000,42,-20.324496,0x03,left,-28.583351,-22,-0.272527,171,0,No fault,False,0x04,right,-28.605312,112,-0.237363,174,0,No fault,True,0.02
2026-08-12T14:31:10.721,1786537870.721767,24.043187,9,30.000000,2.000000,43,-19.871936,0x03,left,-28.583351,-22,-0.278388,173,0,No fault,False,0x04,right,-28.627274,-67,-0.249084,174,0,No fault,True,0.04
2026-08-12T14:31:10.732,1786537870.732605,24.054028,9,30.000000,2.000000,44,-19.454415,0x03,left,-28.583351,67,-0.266667,172,0,No fault,False,0x04,right,-28.627274,-22,-0.260806,174,0,No fault,True,0.04
2026-08-12T14:31:10.746,1786537870.746059,24.067484,9,30.000000,2.000000,45,-19.062772,0x03,left,-28.583351,112,-0.284249,172,0,No fault,True,0x04,right,-28.627274,-112,-0.260806,175,0,No fault,False,0.04
2026-08-12T14:31:10.757,1786537870.757591,24.079037,9,30.000000,2.000000,46,-18.567500,0x03,left,-28.583351,-112,-0.290110,173,0,No fault,False,0x04,right,-28.627274,-22,-0.266667,174,0,No fault,True,0.04
2026-08-12T14:31:10.784,1786537870.784354,24.105866,9,30.000000,2.000000,47,-18.134595,0x03,left,-28.583351,67,-0.272527,173,0,No fault,True,0x04,right,-28.627274,-67,-0.254945,175,0,No fault,False,0.04
2026-08-12T14:31:10.808,1786537870.808176,24.129634,9,30.000000,2.000000,48,-17.098624,0x03,left,-28.583351,22,-0.266667,170,0,No fault,False,0x04,right,-28.627274,67,-0.249084,174,0,No fault,True,0.04
2026-08-12T14:31:10.821,1786537870.821173,24.142619,9,30.000000,2.000000,49,-16.174704,0x03,left,-28.583351,156,-0.272527,176,0,No fault,False,0x04,right,-28.627274,-201,-0.272527,174,0,No fault,True,0.04
2026-08-12T14:31:10.834,1786537870.834372,24.155813,9,30.000000,2.000000,50,-15.643776,0x03,left,-28.583351,112,-0.266667,172,0,No fault,False,0x04,right,-28.627274,-156,-0.260806,174,0,No fault,True,0.04
2026-08-12T14:31:10.846,1786537870.846734,24.168173,9,30.000000,2.000000,51,-15.128883,0x03,left,-28.583351,67,-0.272527,172,0,No fault,False,0x04,right,-28.627274,-246,-0.254945,174,0,No fault,True,0.04
2026-08-12T14:31:10.859,1786537870.859918,24.181353,9,30.000000,2.000000,52,-14.622180,0x03,left,-28.583351,-67,-0.260806,172,0,No fault,False,0x04,right,-28.627274,112,-0.260806,172,0,No fault,True,0.04
2026-08-12T14:31:10.872,1786537870.872436,24.193879,9,30.000000,2.000000,53,-14.077146,0x03,left,-28.583351,-112,-0.266667,171,0,No fault,False,0x04,right,-28.627274,22,-0.278388,174,0,No fault,True,0.04
2026-08-12T14:31:10.885,1786537870.885592,24.207025,9,30.000000,2.000000,54,-13.548902,0x03,left,-28.583351,-112,-0.278388,172,0,No fault,False,0x04,right,-28.605312,201,-0.260806,174,0,No fault,True,0.02
2026-08-12T14:31:10.897,1786537870.897694,24.219126,9,30.000000,2.000000,55,-12.999770,0x03,left,-28.583351,22,-0.284249,172,0,No fault,False,0x04,right,-28.627274,22,-0.272527,174,0,No fault,True,0.04
2026-08-12T14:31:10.911,1786537870.911322,24.232757,9,30.000000,2.000000,56,-12.482466,0x03,left,-28.583351,-22,-0.266667,173,0,No fault,True,0x04,right,-28.627274,-112,-0.266667,175,0,No fault,False,0.04
2026-08-12T14:31:10.923,1786537870.923203,24.244633,9,30.000000,2.000000,57,-11.895026,0x03,left,-28.583351,-67,-0.266667,172,0,No fault,False,0x04,right,-28.627274,22,-0.260806,174,0,No fault,True,0.04
2026-08-12T14:31:10.936,1786537870.936775,24.258202,9,30.000000,2.000000,58,-11.377108,0x03,left,-28.583351,-22,-0.266667,172,0,No fault,True,0x04,right,-28.627274,-22,-0.260806,173,0,No fault,False,0.04
2026-08-12T14:31:10.948,1786537870.948659,24.270082,9,30.000000,2.000000,59,-10.787515,0x03,left,-28.583351,201,-0.284249,173,0,No fault,False,0x04,right,-28.627274,-67,-0.266667,176,0,No fault,True,0.04
2026-08-12T14:31:10.959,1786537870.959602,24.281027,9,30.000000,2.000000,60,-10.263592,0x03,left,-28.583351,67,-0.266667,172,0,No fault,False,0x04,right,-28.627274,-156,-0.266667,175,0,No fault,True,0.04
2026-08-12T14:31:10.985,1786537870.985344,24.306814,9,30.000000,2.000000,61,-9.775094,0x03,left,-28.583351,112,-0.266667,173,0,No fault,True,0x04,right,-28.627274,22,-0.254945,174,0,No fault,False,0.04
2026-08-12T14:31:11.013,1786537871.013323,24.334922,9,30.000000,2.000000,62,-8.603471,0x03,left,-28.583351,156,-0.278388,173,0,No fault,False,0x04,right,-28.627274,22,-0.266667,174,0,No fault,True,0.04
2026-08-12T14:31:11.026,1786537871.026268,24.347732,9,30.000000,2.000000,63,-7.325365,0x03,left,-28.583351,246,-0.266667,172,0,No fault,False,0x04,right,-28.649236,-112,-0.260806,174,0,No fault,True,0.07
2026-08-12T14:31:11.039,1786537871.039364,24.360838,9,30.000000,2.000000,64,-6.688748,0x03,left,-28.583351,156,-0.266667,172,0,No fault,False,0x04,right,-28.649236,-201,-0.278388,172,0,No fault,True,0.07
2026-08-12T14:31:11.053,1786537871.053356,24.374825,9,30.000000,2.000000,65,-6.063675,0x03,left,-28.583351,-201,-0.266667,172,0,No fault,False,0x04,right,-28.627274,201,-0.249084,174,0,No fault,True,0.04
2026-08-12T14:31:11.064,1786537871.064947,24.386412,9,30.000000,2.000000,66,-5.493764,0x03,left,-28.583351,156,-0.272527,170,0,No fault,False,0x04,right,-28.627274,67,-0.260806,174,0,No fault,True,0.04
2026-08-12T14:31:11.078,1786537871.078981,24.400450,9,30.000000,2.000000,67,-4.961831,0x03,left,-28.583351,112,-0.266667,172,0,No fault,True,0x04,right,-28.627274,156,-0.254945,174,0,No fault,False,0.04
2026-08-12T14:31:11.090,1786537871.090456,24.411917,9,30.000000,2.000000,68,-4.295373,0x03,left,-28.583351,112,-0.272527,172,0,No fault,False,0x04,right,-28.627274,22,-0.249084,175,0,No fault,True,0.04
2026-08-12T14:31:11.102,1786537871.102378,24.423840,9,30.000000,2.000000,69,-3.763167,0x03,left,-28.583351,156,-0.254945,170,0,No fault,False,0x04,right,-28.649236,-290,-0.260806,176,0,No fault,True,0.07
2026-08-12T14:31:11.115,1786537871.115096,24.436560,9,30.000000,2.000000,70,-3.205684,0x03,left,-28.583351,-112,-0.290110,172,0,No fault,False,0x04,right,-28.649236,-112,-0.260806,174,0,No fault,True,0.07
2026-08-12T14:31:11.126,1786537871.126635,24.448106,9,30.000000,2.000000,71,-2.609019,0x03,left,-28.583351,67,-0.266667,171,0,No fault,False,0x04,right,-28.649236,-156,-0.266667,170,0,No fault,True,0.07
2026-08-12T14:31:11.138,1786537871.138757,24.460220,9,30.000000,2.000000,72,-2.065121,0x03,left,-28.583351,-156,-0.284249,172,0,No fault,False,0x04,right,-28.627274,22,-0.254945,174,0,No fault,True,0.04
2026-08-12T14:31:11.151,1786537871.151701,24.473170,9,30.000000,2.000000,73,-1.495836,0x03,left,-28.583351,67,-0.272527,172,0,No fault,False,0x04,right,-28.649236,-67,-0.249084,170,0,No fault,True,0.07
2026-08-12T14:31:11.163,1786537871.163824,24.485292,9,30.000000,2.000000,74,-0.880255,0x03,left,-28.583351,-67,-0.272527,172,0,No fault,False,0x04,right,-28.649236,-156,-0.266667,172,0,No fault,True,0.07
2026-08-12T14:31:11.185,1786537871.185550,24.507004,9,30.000000,2.000000,75,-0.241996,0x03,left,-28.583351,-22,-0.266667,172,0,No fault,True,0x04,right,-28.627274,-22,-0.260806,174,0,No fault,False,0.04
2026-08-12T14:31:11.198,1786537871.198722,24.520185,9,30.000000,2.000000,76,0.703564,0x03,left,-28.583351,22,-0.278388,173,0,No fault,False,0x04,right,-28.627274,-67,-0.266667,176,0,No fault,True,0.04
2026-08-12T14:31:11.214,1786537871.214100,24.535570,9,30.000000,2.000000,77,1.317577,0x03,left,-28.583351,-22,-0.266667,173,0,No fault,False,0x04,right,-28.627274,67,-0.272527,174,0,No fault,True,0.04
2026-08-12T14:31:11.225,1786537871.225905,24.547363,9,30.000000,2.000000,78,2.058998,0x03,left,-28.583351,22,-0.272527,172,0,No fault,False,0x04,right,-28.649236,-67,-0.254945,177,0,No fault,True,0.07
2026-08-12T14:31:11.239,1786537871.239759,24.561225,9,30.000000,2.000000,79,2.593744,0x03,left,-28.583351,67,-0.278388,172,0,No fault,False,0x04,right,-28.649236,-67,-0.266667,175,0,No fault,True,0.07
2026-08-12T14:31:11.251,1786537871.251492,24.572953,9,30.000000,2.000000,80,3.246283,0x03,left,-28.583351,-22,-0.284249,175,0,No fault,False,0x04,right,-28.627274,22,-0.266667,174,0,No fault,True,0.04
2026-08-12T14:31:11.263,1786537871.263784,24.585237,9,30.000000,2.000000,81,3.794695,0x03,left,-28.583351,-67,-0.272527,172,0,No fault,False,0x04,right,-28.627274,22,-0.260806,175,0,No fault,True,0.04
2026-08-12T14:31:11.277,1786537871.277461,24.598902,9,30.000000,2.000000,82,4.397596,0x03,left,-28.583351,-67,-0.278388,174,0,No fault,False,0x04,right,-28.649236,-67,-0.260806,174,0,No fault,True,0.07
2026-08-12T14:31:11.288,1786537871.288553,24.609994,9,30.000000,2.000000,83,5.005341,0x03,left,-28.583351,-22,-0.272527,173,0,No fault,False,0x04,right,-28.627274,22,-0.254945,174,0,No fault,True,0.04
2026-08-12T14:31:11.299,1786537871.299415,24.620843,9,30.000000,2.000000,84,5.513126,0x03,left,-28.583351,22,-0.272527,172,0,No fault,False,0x04,right,-28.627274,22,-0.266667,174,0,No fault,True,0.04
2026-08-12T14:31:11.312,1786537871.312701,24.634134,9,30.000000,2.000000,85,6.012843,0x03,left,-28.583351,67,-0.272527,172,0,No fault,False,0x04,right,-28.649236,-67,-0.249084,173,0,No fault,True,0.07
2026-08-12T14:31:11.323,1786537871.323451,24.644878,9,30.000000,2.000000,86,6.625963,0x03,left,-28.583351,-22,-0.278388,174,0,No fault,False,0x04,right,-28.627274,67,-0.260806,174,0,No fault,True,0.04
2026-08-12T14:31:11.334,1786537871.334385,24.655817,9,30.000000,2.000000,87,7.119500,0x03,left,-28.583351,-22,-0.266667,170,0,No fault,False,0x04,right,-28.627274,67,-0.249084,174,0,No fault,True,0.04
2026-08-12T14:31:11.345,1786537871.345352,24.666781,9,30.000000,2.000000,88,7.620468,0x03,left,-28.583351,112,-0.260806,172,0,No fault,False,0x04,right,-28.649236,-156,-0.260806,174,0,No fault,True,0.07
2026-08-12T14:31:11.358,1786537871.358877,24.680289,9,30.000000,2.000000,89,8.119032,0x03,left,-28.583351,67,-0.272527,170,0,No fault,True,0x04,right,-28.649236,22,-0.260806,174,0,No fault,False,0.07
2026-08-12T14:31:11.369,1786537871.369684,24.691105,9,30.000000,2.000000,90,8.725487,0x03,left,-28.583351,-22,-0.272527,173,0,No fault,False,0x04,right,-28.627274,112,-0.260806,174,0,No fault,True,0.04
2026-08-12T14:31:11.393,1786537871.393701,24.715133,9,30.000000,2.000000,91,9.213945,0x03,left,-28.583351,22,-0.266667,174,0,No fault,True,0x04,right,-28.649236,-22,-0.266667,173,0,No fault,False,0.07
2026-08-12T14:31:11.414,1786537871.414697,24.736146,9,30.000000,2.000000,92,10.287252,0x03,left,-28.583351,156,-0.266667,173,0,No fault,False,0x04,right,-28.649236,-112,-0.266667,174,0,No fault,True,0.07
2026-08-12T14:31:11.425,1786537871.425867,24.747289,9,30.000000,2.000000,93,11.214495,0x03,left,-28.583351,22,-0.266667,173,0,No fault,False,0x04,right,-28.649236,-156,-0.272527,174,0,No fault,True,0.07
2026-08-12T14:31:11.436,1786537871.436762,24.758180,9,30.000000,2.000000,94,11.694742,0x03,left,-28.583351,-67,-0.272527,171,0,No fault,False,0x04,right,-28.649236,-156,-0.266667,174,0,No fault,True,0.07
2026-08-12T14:31:11.447,1786537871.447937,24.769354,9,30.000000,2.000000,95,12.164819,0x03,left,-28.583351,22,-0.272527,173,0,No fault,False,0x04,right,-28.627274,67,-0.272527,173,0,No fault,True,0.04
2026-08-12T14:31:11.460,1786537871.460991,24.782413,9,30.000000,2.000000,96,12.658612,0x03,left,-28.583351,67,-0.272527,174,0,No fault,False,0x04,right,-28.649236,67,-0.260806,174,0,No fault,True,0.07
2026-08-12T14:31:11.471,1786537871.471961,24.793383,9,30.000000,2.000000,97,13.201939,0x03,left,-28.583351,-22,-0.266667,173,0,No fault,False,0x04,right,-28.649236,22,-0.260806,174,0,No fault,True,0.07
2026-08-12T14:31:11.483,1786537871.483052,24.804472,9,30.000000,2.000000,98,13.668238,0x03,left,-28.583351,112,-0.266667,173,0,No fault,False,0x04,right,-28.649236,-67,-0.260806,174,0,No fault,True,0.07
2026-08-12T14:31:11.494,1786537871.494151,24.815571,9,30.000000,2.000000,99,14.125291,0x03,left,-28.583351,22,-0.266667,173,0,No fault,False,0x04,right,-28.649236,22,-0.260806,174,0,No fault,True,0.07
2026-08-12T14:31:11.506,1786537871.506899,24.828319,9,30.000000,2.000000,100,14.590553,0x03,left,-28.583351,-22,-0.278388,172,0,No fault,False,0x04,right,-28.627274,156,-0.249084,174,0,No fault,True,0.04
2026-08-12T14:31:11.517,1786537871.517779,24.839198,9,30.000000,2.000000,101,15.107170,0x03,left,-28.605312,-201,-0.278388,172,0,No fault,False,0x04,right,-28.627274,112,-0.260806,173,0,No fault,True,0.02
2026-08-12T14:31:11.528,1786537871.528658,24.850078,9,30.000000,2.000000,102,15.547373,0x03,left,-28.583351,67,-0.260806,173,0,No fault,False,0x04,right,-28.649236,-156,-0.266667,176,0,No fault,True,0.07
2026-08-12T14:31:11.539,1786537871.539653,24.861142,9,30.000000,2.000000,103,15.983652,0x03,left,-28.583351,112,-0.278388,175,0,No fault,False,0x04,right,-28.649236,-67,-0.249084,175,0,No fault,True,0.07
2026-08-12T14:31:11.553,1786537871.553284,24.874724,9,30.000000,2.000000,104,16.445262,0x03,left,-28.583351,-22,-0.266667,172,0,No fault,False,0x04,right,-28.649236,-67,-0.260806,174,0,No fault,True,0.07
2026-08-12T14:31:11.564,1786537871.564358,24.885784,9,30.000000,2.000000,105,16.960961,0x03,left,-28.583351,22,-0.272527,172,0,No fault,False,0x04,right,-28.649236,-112,-0.260806,173,0,No fault,True,0.07
2026-08-12T14:31:11.575,1786537871.575225,24.896644,9,30.000000,2.000000,106,17.381703,0x03,left,-28.605312,-67,-0.266667,175,0,No fault,False,0x04,right,-28.649236,-67,-0.260806,173,0,No fault,True,0.04
2026-08-12T14:31:11.594,1786537871.594980,24.916416,9,30.000000,2.000000,107,17.806767,0x03,left,-28.583351,112,-0.260806,173,0,No fault,True,0x04,right,-28.649236,22,-0.266667,173,0,No fault,False,0.07
2026-08-12T14:31:11.616,1786537871.616840,24.938289,9,30.000000,2.000000,108,18.544838,0x03,left,-28.583351,22,-0.266667,173,0,No fault,False,0x04,right,-28.649236,67,-0.260806,175,0,No fault,True,0.07
2026-08-12T14:31:11.628,1786537871.628183,24.949653,9,30.000000,2.000000,109,19.340710,0x03,left,-28.583351,201,-0.272527,172,0,No fault,False,0x04,right,-28.649236,-67,-0.266667,175,0,No fault,True,0.07
2026-08-12T14:31:11.641,1786537871.641407,24.962880,9,30.000000,2.000000,110,19.750113,0x03,left,-28.583351,-22,-0.260806,172,0,No fault,False,0x04,right,-28.649236,112,-0.260806,175,0,No fault,True,0.07
2026-08-12T14:31:11.652,1786537871.652826,24.974250,9,30.000000,2.000000,111,20.209537,0x03,left,-28.583351,-67,-0.266667,172,0,No fault,False,0x04,right,-28.649236,22,-0.254945,172,0,No fault,True,0.07
2026-08-12T14:31:11.663,1786537871.663697,24.985126,9,30.000000,2.000000,112,20.601066,0x03,left,-28.605312,-112,-0.266667,171,0,No fault,False,0x04,right,-28.649236,67,-0.260806,174,0,No fault,True,0.04
2026-08-12T14:31:11.677,1786537871.677240,24.998664,9,30.000000,2.000000,113,20.970860,0x03,left,-28.605312,-112,-0.266667,175,0,No fault,True,0x04,right,-28.649236,22,-0.254945,175,0,No fault,False,0.04
2026-08-12T14:31:11.688,1786537871.688549,25.009969,9,30.000000,2.000000,114,21.423078,0x03,left,-28.583351,67,-0.266667,172,0,No fault,False,0x04,right,-28.649236,-112,-0.254945,175,0,No fault,True,0.07
2026-08-12T14:31:11.699,1786537871.699741,25.021217,9,30.000000,2.000000,115,21.791391,0x03,left,-28.583351,22,-0.249084,172,0,No fault,False,0x04,right,-28.649236,22,-0.260806,174,0,No fault,True,0.07
2026-08-12T14:31:11.712,1786537871.712943,25.034383,9,30.000000,2.000000,116,22.157413,0x03,left,-28.605312,-201,-0.266667,172,0,No fault,False,0x04,right,-28.649236,-67,-0.266667,174,0,No fault,True,0.04
2026-08-12T14:31:11.724,1786537871.724309,25.045734,9,30.000000,2.000000,117,22.566965,0x03,left,-28.583351,-22,-0.266667,172,0,No fault,False,0x04,right,-28.649236,156,-0.249084,174,0,No fault,True,0.07
2026-08-12T14:31:11.735,1786537871.735314,25.056739,9,30.000000,2.000000,118,22.918941,0x03,left,-28.583351,67,-0.243223,173,0,No fault,False,0x04,right,-28.649236,156,-0.243223,174,0,No fault,True,0.07
2026-08-12T14:31:11.748,1786537871.748841,25.070268,9,30.000000,2.000000,119,23.246857,0x03,left,-28.583351,112,-0.243223,172,0,No fault,True,0x04,right,-28.649236,-22,-0.231502,173,0,No fault,False,0.07
2026-08-12T14:31:11.760,1786537871.760061,25.081489,9,30.000000,2.000000,120,23.644336,0x03,left,-28.583351,-22,-0.225641,174,0,No fault,False,0x04,right,-28.649236,-67,-0.213919,175,0,No fault,True,0.07
2026-08-12T14:31:11.771,1786537871.771089,25.092618,9,30.000000,2.000000,121,23.966054,0x03,left,-28.583351,67,-0.213919,173,0,No fault,False,0x04,right,-28.649236,-67,-0.202198,173,0,No fault,True,0.07
2026-08-12T14:31:11.789,1786537871.789685,25.111194,9,30.000000,2.000000,122,24.289450,0x03,left,-28.583351,-22,-0.184615,172,0,No fault,False,0x04,right,-28.649236,-67,-0.196337,174,0,No fault,False,0.07
2026-08-12T14:31:11.803,1786537871.803888,25.125404,9,30.000000,2.000000,123,24.787326,0x03,left,-28.583351,-22,-0.149451,170,0,No fault,False,0x04,right,-28.649236,112,-0.184615,173,0,No fault,True,0.07
2026-08-12T14:31:11.825,1786537871.825371,25.146821,9,30.000000,2.000000,124,25.164489,0x03,left,-28.583351,22,-0.137729,173,0,No fault,False,0x04,right,-28.649236,-22,-0.131868,173,0,No fault,True,0.07
2026-08-12T14:31:11.838,1786537871.838683,25.160128,9,30.000000,2.000000,125,25.699553,0x03,left,-28.583351,22,-0.096703,173,0,No fault,False,0x04,right,-28.649236,22,-0.120147,174,0,No fault,True,0.07
2026-08-12T14:31:11.849,1786537871.849763,25.171202,9,30.000000,2.000000,126,26.007871,0x03,left,-28.583351,-112,-0.096703,172,0,No fault,False,0x04,right,-28.649236,-112,-0.102564,174,0,No fault,True,0.07
2026-08-12T14:31:11.860,1786537871.860804,25.182236,9,30.000000,2.000000,127,26.263897,0x03,left,-28.561389,-67,-0.084982,172,0,No fault,False,0x04,right,-28.627274,22,-0.096703,174,0,No fault,True,0.07
2026-08-12T14:31:11.874,1786537871.874470,25.195897,9,30.000000,2.000000,128,26.511995,0x03,left,-28.561389,67,-0.043956,173,0,No fault,False,0x04,right,-28.605312,67,-0.067399,174,0,No fault,True,0.04
2026-08-12T14:31:11.885,1786537871.885766,25.207191,9,30.000000,2.000000,129,26.805659,0x03,left,-28.539427,22,-0.008791,175,0,No fault,False,0x04,right,-28.605312,156,-0.026374,174,0,No fault,True,0.07
2026-08-12T14:31:11.897,1786537871.897002,25.218445,9,30.000000,2.000000,130,27.040510,0x03,left,-28.539427,67,0.026374,173,0,No fault,False,0x04,right,-28.605312,22,-0.014652,174,0,No fault,True,0.07
2026-08-12T14:31:11.910,1786537871.910268,25.231707,9,30.000000,2.000000,131,27.274992,0x03,left,-28.517465,-112,0.061538,173,0,No fault,False,0x04,right,-28.583351,-67,0.061538,174,0,No fault,True,0.07
2026-08-12T14:31:11.921,1786537871.921279,25.242706,9,30.000000,2.000000,132,27.521128,0x03,left,-28.495503,112,0.073260,172,0,No fault,False,0x04,right,-28.561389,-22,0.055678,174,0,No fault,True,0.07
2026-08-12T14:31:11.932,1786537871.932273,25.253700,9,30.000000,2.000000,133,27.723504,0x03,left,-28.473541,201,0.090842,173,0,No fault,False,0x04,right,-28.539427,201,0.090842,174,0,No fault,True,0.07
2026-08-12T14:31:11.946,1786537871.946001,25.267447,9,30.000000,2.000000,134,27.920812,0x03,left,-28.341770,246,0.079121,171,0,No fault,False,0x04,right,-28.539427,-22,0.137729,174,0,No fault,True,0.20
2026-08-12T14:31:11.957,1786537871.957185,25.278617,9,30.000000,2.000000,135,28.148617,0x03,left,-28.341770,-22,0.155311,172,0,No fault,False,0x04,right,-28.517465,67,0.178755,174,0,No fault,True,0.18
2026-08-12T14:31:11.968,1786537871.968253,25.289683,9,30.000000,2.000000,136,28.326177,0x03,left,-28.319808,22,0.184615,176,0,No fault,False,0x04,right,-28.495503,-22,0.167033,174,0,No fault,True,0.18
2026-08-12T14:31:11.982,1786537871.982294,25.303726,9,30.000000,2.000000,137,28.493454,0x03,left,-28.275885,22,0.231502,172,0,No fault,False,0x04,right,-28.407656,201,0.167033,175,0,No fault,True,0.13
2026-08-12T14:31:12.001,1786537872.001819,25.323248,9,30.000000,2.000000,138,28.694587,0x03,left,-28.100190,558,0.096703,171,0,No fault,True,0x04,right,-28.341770,-112,0.196337,173,0,No fault,False,0.24
2026-08-12T14:31:12.012,1786537872.012949,25.334375,9,30.000000,2.000000,139,28.949471,0x03,left,-27.836648,380,0.114286,175,0,No fault,False,0x04,right,-28.297847,156,0.301832,174,0,No fault,True,0.46
2026-08-12T14:31:12.033,1786537872.033853,25.355303,9,30.000000,2.000000,140,29.081125,0x03,left,-27.748800,290,0.278388,175,0,No fault,False,0x04,right,-28.078228,424,0.108425,174,0,No fault,True,0.33
2026-08-12T14:31:12.048,1786537872.048365,25.369808,9,30.000000,2.000000,141,29.312117,0x03,left,-27.507220,335,0.143590,172,0,No fault,False,0x04,right,-27.682915,514,0.178755,174,0,No fault,True,0.18
2026-08-12T14:31:12.059,1786537872.059562,25.381023,9,30.000000,2.000000,142,29.446610,0x03,left,-27.331525,156,0.178755,173,0,No fault,False,0x04,right,-27.573105,290,0.114286,174,0,No fault,True,0.24
2026-08-12T14:31:12.073,1786537872.073857,25.395291,9,30.000000,2.000000,143,29.543219,0x03,left,-27.024059,290,0.155311,172,0,No fault,False,0x04,right,-27.331525,156,0.219780,177,0,No fault,True,0.31
2026-08-12T14:31:12.084,1786537872.084864,25.406290,9,30.000000,2.000000,144,29.652306,0x03,left,-26.892288,335,0.178755,173,0,No fault,False,0x04,right,-27.265639,201,0.301832,174,0,No fault,True,0.37
2026-08-12T14:31:12.099,1786537872.099205,25.420629,9,30.000000,2.000000,145,29.726405,0x03,left,-26.650708,648,0.184615,172,0,No fault,False,0x04,right,-26.870326,424,0.167033,175,0,No fault,True,0.22
2026-08-12T14:31:12.110,1786537872.110062,25.431481,9,30.000000,2.000000,146,29.809660,0x03,left,-26.431089,603,0.161172,172,0,No fault,False,0x04,right,-26.628746,514,0.149451,174,0,No fault,True,0.20
2026-08-12T14:31:12.120,1786537872.120983,25.442401,9,30.000000,2.000000,147,29.862804,0x03,left,-26.057738,514,0.079121,172,0,No fault,False,0x04,right,-26.409127,648,0.108425,174,0,No fault,True,0.35
2026-08-12T14:31:12.134,1786537872.134790,25.456209,9,30.000000,2.000000,148,29.907591,0x03,left,-25.772234,558,0.096703,173,0,No fault,False,0x04,right,-25.991852,514,0.137729,174,0,No fault,True,0.22
2026-08-12T14:31:12.145,1786537872.145710,25.467131,9,30.000000,2.000000,149,29.951581,0x03,left,-25.464768,648,0.049817,170,0,No fault,False,0x04,right,-25.772234,424,0.219780,175,0,No fault,True,0.31
2026-08-12T14:31:12.156,1786537872.156801,25.478223,9,30.000000,2.000000,150,29.976445,0x03,left,-25.003569,514,0.084982,170,0,No fault,False,0x04,right,-25.596539,201,0.196337,174,0,No fault,True,0.59
2026-08-12T14:31:12.170,1786537872.170429,25.491861,9,30.000000,2.000000,151,29.992592,0x03,left,-24.783950,648,0.190476,171,0,No fault,False,0x04,right,-25.179264,692,0.178755,174,0,No fault,True,0.40
2026-08-12T14:31:12.181,1786537872.181402,25.502824,9,30.000000,2.000000,152,29.999993,0x03,left,-24.520408,156,0.184615,172,0,No fault,False,0x04,right,-24.849836,469,0.149451,174,0,No fault,True,0.33
2026-08-12T14:31:12.192,1786537872.192327,25.513747,9,30.000000,2.000000,153,30.000000,0x03,left,-24.256866,692,0.225641,175,0,No fault,False,0x04,right,-24.586293,603,0.102564,175,0,No fault,True,0.33
2026-08-12T14:31:12.213,1786537872.213748,25.535186,9,30.000000,2.000000,154,30.000000,0x03,left,-23.751743,603,0.184615,172,0,No fault,True,0x04,right,-24.103133,558,0.161172,174,0,No fault,False,0.35
2026-08-12T14:31:12.231,1786537872.231963,25.553393,9,30.000000,2.000000,155,30.000000,0x03,left,-23.114849,469,0.090842,173,0,No fault,False,0x04,right,-23.554086,737,0.155311,174,0,No fault,True,0.44
2026-08-12T14:31:12.242,1786537872.242931,25.564354,9,30.000000,2.000000,156,30.000000,0x03,left,-22.763460,737,0.102564,173,0,No fault,False,0x04,right,-23.224659,782,0.137729,175,0,No fault,True,0.46
2026-08-12T14:31:12.253,1786537872.253845,25.575272,9,30.000000,2.000000,157,30.000000,0x03,left,-22.434032,692,0.161172,172,0,No fault,False,0x04,right,-22.917193,335,0.172894,173,0,No fault,True,0.48
2026-08-12T14:31:12.265,1786537872.265181,25.586609,9,30.000000,2.000000,158,30.000000,0x03,left,-21.577520,514,0.196337,173,0,No fault,False,0x04,right,-22.390108,603,0.161172,174,0,No fault,True,0.81
2026-08-12T14:31:12.278,1786537872.278079,25.599512,9,30.000000,2.000000,159,30.000000,0x03,left,-21.467710,380,0.284249,171,0,No fault,False,0x04,right,-21.863024,603,0.137729,174,0,No fault,True,0.40
2026-08-12T14:31:12.289,1786537872.289244,25.610684,9,30.000000,2.000000,160,30.000000,0x03,left,-21.204168,558,0.243223,173,0,No fault,False,0x04,right,-21.643405,648,0.114286,173,0,No fault,True,0.44
2026-08-12T14:31:12.300,1786537872.300436,25.621876,9,30.000000,2.000000,161,30.000000,0x03,left,-21.028473,380,0.313553,171,0,No fault,False,0x04,right,-21.401825,692,0.167033,174,0,No fault,True,0.37
2026-08-12T14:31:12.314,1786537872.314177,25.635613,9,30.000000,2.000000,162,30.000000,0x03,left,-20.479427,1050,0.161172,173,0,No fault,False,0x04,right,-20.874740,871,0.172894,174,0,No fault,True,0.40
2026-08-12T14:31:12.324,1786537872.324914,25.646334,9,30.000000,2.000000,163,30.000000,0x03,left,-20.040190,648,0.090842,172,0,No fault,False,0x04,right,-20.501389,603,0.196337,174,0,No fault,True,0.46
2026-08-12T14:31:12.335,1786537872.335742,25.657175,9,30.000000,2.000000,164,30.000000,0x03,left,-19.622915,692,0.161172,173,0,No fault,False,0x04,right,-20.128038,648,0.208059,174,0,No fault,True,0.51
2026-08-12T14:31:12.346,1786537872.346771,25.668197,9,30.000000,2.000000,165,30.000000,0x03,left,-19.227602,782,0.184615,172,0,No fault,False,0x04,right,-19.754686,871,0.184615,174,0,No fault,True,0.53
2026-08-12T14:31:12.360,1786537872.360096,25.681523,9,30.000000,2.000000,166,30.000000,0x03,left,-18.634632,692,0.202198,172,0,No fault,False,0x04,right,-19.161716,737,0.161172,174,0,No fault,True,0.53
2026-08-12T14:31:12.370,1786537872.370987,25.692408,9,30.000000,2.000000,167,30.000000,0x03,left,-18.261280,648,0.237363,174,0,No fault,False,0x04,right,-18.766403,916,0.178755,174,0,No fault,True,0.51
2026-08-12T14:31:12.381,1786537872.381813,25.703232,9,30.000000,2.000000,168,30.000000,0x03,left,-17.909890,782,0.231502,172,0,No fault,False,0x04,right,-18.305204,960,0.190476,173,0,No fault,True,0.40
2026-08-12T14:31:12.392,1786537872.392674,25.714096,9,30.000000,2.000000,169,30.000000,0x03,left,-17.536539,916,0.167033,173,0,No fault,False,0x04,right,-17.975776,916,0.149451,171,0,No fault,True,0.44
2026-08-12T14:31:12.415,1786537872.415993,25.737423,9,30.000000,2.000000,170,30.000000,0x03,left,-16.636103,871,0.108425,172,0,No fault,True,0x04,right,-17.185149,692,0.243223,174,0,No fault,False,0.55
2026-08-12T14:31:12.426,1786537872.426941,25.748373,9,30.000000,2.000000,171,30.000000,0x03,left,-16.196866,782,0.184615,170,0,No fault,False,0x04,right,-16.811798,871,0.254945,174,0,No fault,True,0.61
2026-08-12T14:31:12.441,1786537872.441548,25.762977,9,30.000000,2.000000,172,30.000000,0x03,left,-15.340354,648,0.219780,173,0,No fault,False,0x04,right,-16.196866,960,0.167033,174,0,No fault,True,0.86
2026-08-12T14:31:12.454,1786537872.454172,25.775596,9,30.000000,2.000000,173,30.000000,0x03,left,-14.923079,960,0.149451,176,0,No fault,False,0x04,right,-15.757629,826,0.161172,174,0,No fault,True,0.83
2026-08-12T14:31:12.467,1786537872.467243,25.788666,9,30.000000,2.000000,174,30.000000,0x03,left,-13.429673,916,0.161172,169,0,No fault,False,0x04,right,-14.417956,782,0.196337,174,0,No fault,True,0.99
2026-08-12T14:31:12.479,1786537872.479544,25.800966,9,30.000000,2.000000,175,30.000000,0x03,left,-13.144169,782,0.196337,171,0,No fault,False,0x04,right,-14.088528,514,0.178755,174,0,No fault,True,0.94
2026-08-12T14:31:12.492,1786537872.492966,25.814387,9,30.000000,2.000000,176,30.000000,0x03,left,-12.595122,960,0.219780,172,0,No fault,True,0x04,right,-13.495558,916,0.260806,174,0,No fault,False,0.90
2026-08-12T14:31:12.505,1786537872.505245,25.826669,9,30.000000,2.000000,177,30.000000,0x03,left,-12.024114,960,0.143590,172,0,No fault,False,0x04,right,-12.836703,960,0.196337,174,0,No fault,True,0.81
2026-08-12T14:31:12.518,1786537872.518275,25.839695,9,30.000000,2.000000,178,30.000000,0x03,left,-11.233487,1318,0.055678,172,0,No fault,False,0x04,right,-12.243733,1139,0.202198,173,0,No fault,True,1.01
2026-08-12T14:31:12.530,1786537872.530334,25.851755,9,30.000000,2.000000,179,30.000000,0x03,left,-10.706403,960,0.096703,172,0,No fault,False,0x04,right,-11.716648,916,0.190476,174,0,No fault,True,1.01
2026-08-12T14:31:12.541,1786537872.541543,25.862991,9,30.000000,2.000000,180,30.000000,0x03,left,-10.135395,871,0.126007,173,0,No fault,False,0x04,right,-11.299373,1050,0.190476,175,0,No fault,True,1.16
2026-08-12T14:31:12.554,1786537872.554865,25.876309,9,30.000000,2.000000,181,30.000000,0x03,left,-9.542425,692,0.178755,172,0,No fault,False,0x04,right,-10.530708,782,0.213919,174,0,No fault,True,0.99
2026-08-12T14:31:12.566,1786537872.566070,25.887496,9,30.000000,2.000000,182,30.000000,0x03,left,-9.081226,1005,0.161172,173,0,No fault,False,0x04,right,-10.003624,960,0.219780,174,0,No fault,True,0.92
2026-08-12T14:31:12.576,1786537872.576912,25.898333,9,30.000000,2.000000,183,30.000000,0x03,left,-8.488256,1228,0.049817,174,0,No fault,False,0x04,right,-9.630272,1094,0.202198,174,0,No fault,True,1.14
2026-08-12T14:31:12.587,1786537872.587722,25.909142,9,30.000000,2.000000,184,30.000000,0x03,left,-7.895286,1005,0.108425,173,0,No fault,False,0x04,right,-9.147111,871,0.190476,174,0,No fault,True,1.25
2026-08-12T14:31:12.600,1786537872.600805,25.922226,9,30.000000,2.000000,185,30.000000,0x03,left,-7.280354,916,0.161172,172,0,No fault,False,0x04,right,-8.312561,737,0.231502,172,0,No fault,True,1.03
2026-08-12T14:31:12.622,1786537872.622400,25.943836,9,30.000000,2.000000,186,30.000000,0x03,left,-6.577575,916,0.167033,173,0,No fault,True,0x04,right,-7.939210,1139,0.184615,174,0,No fault,False,1.36
2026-08-12T14:31:12.643,1786537872.643401,25.964867,9,30.000000,2.000000,187,30.000000,0x03,left,-5.369673,1005,0.061538,173,0,No fault,False,0x04,right,-6.357956,1094,0.137729,174,0,No fault,True,0.99
2026-08-12T14:31:12.656,1786537872.656460,25.977924,9,30.000000,2.000000,188,30.000000,0x03,left,-4.666894,960,0.155311,172,0,No fault,False,0x04,right,-5.984605,826,0.137729,174,0,No fault,True,1.32
2026-08-12T14:31:12.669,1786537872.669220,25.990644,9,30.000000,2.000000,189,30.000000,0x03,left,-4.095885,960,0.190476,175,0,No fault,False,0x04,right,-5.325749,871,0.272527,174,0,No fault,True,1.23
2026-08-12T14:31:12.681,1786537872.681825,26.003248,9,30.000000,2.000000,190,30.000000,0x03,left,-3.678610,1050,0.184615,172,0,No fault,False,0x04,right,-4.842588,1094,0.208059,174,0,No fault,True,1.16
2026-08-12T14:31:12.694,1786537872.694898,26.016323,9,30.000000,2.000000,191,30.000000,0x03,left,-2.953869,826,0.102564,173,0,No fault,False,0x04,right,-4.095885,1050,0.178755,174,0,No fault,True,1.14
2026-08-12T14:31:12.707,1786537872.707335,26.028757,9,30.000000,2.000000,192,30.000000,0x03,left,-2.448747,1005,0.143590,172,0,No fault,False,0x04,right,-3.634687,916,0.178755,174,0,No fault,True,1.19
2026-08-12T14:31:12.720,1786537872.720381,26.041801,9,30.000000,2.000000,193,30.000000,0x03,left,-1.658120,1139,0.131868,175,0,No fault,False,0x04,right,-2.866022,960,0.167033,175,0,No fault,True,1.21
2026-08-12T14:31:12.732,1786537872.732813,26.054231,9,30.000000,2.000000,194,30.000000,0x03,left,-1.240845,916,0.208059,172,0,No fault,False,0x04,right,-2.316975,826,0.202198,175,0,No fault,True,1.08
2026-08-12T14:31:12.745,1786537872.745849,26.067269,9,30.000000,2.000000,195,30.000000,0x03,left,-0.538065,1005,0.196337,173,0,No fault,False,0x04,right,-1.570272,1184,0.184615,174,0,No fault,True,1.03
2026-08-12T14:31:12.758,1786537872.758384,26.079819,9,30.000000,2.000000,196,30.000000,0x03,left,0.010981,1050,0.096703,171,0,No fault,False,0x04,right,-1.087112,1005,0.184615,176,0,No fault,True,1.10
2026-08-12T14:31:12.771,1786537872.771496,26.092921,9,30.000000,2.000000,197,30.000000,0x03,left,0.669836,1005,0.143590,170,0,No fault,False,0x04,right,-0.340409,960,0.178755,174,0,No fault,True,1.01
2026-08-12T14:31:12.783,1786537872.783968,26.105424,9,30.000000,2.000000,198,30.000000,0x03,left,1.174959,960,0.155311,172,0,No fault,False,0x04,right,0.164714,1184,0.172894,175,0,No fault,True,1.01
2026-08-12T14:31:12.797,1786537872.797207,26.118647,9,30.000000,2.000000,199,30.000000,0x03,left,1.833815,782,0.237363,173,0,No fault,False,0x04,right,0.933379,916,0.190476,174,0,No fault,True,0.90
2026-08-12T14:31:12.809,1786537872.809399,26.130855,9,30.000000,2.000000,200,30.000000,0x03,left,2.251090,692,0.213919,171,0,No fault,False,0x04,right,1.438501,1050,0.219780,174,0,No fault,True,0.81
2026-08-12T14:31:12.831,1786537872.831995,26.153504,9,30.000000,2.000000,201,30.000000,0x03,left,2.997793,1184,0.108425,172,0,No fault,True,0x04,right,2.075395,1005,0.155311,174,0,No fault,False,0.92
2026-08-12T14:31:12.851,1786537872.851974,26.173414,9,30.000000,2.000000,202,30.000000,0x03,left,3.986076,960,0.167033,172,0,No fault,False,0x04,right,3.437030,1005,0.178755,174,0,No fault,True,0.55
2026-08-12T14:31:12.865,1786537872.865924,26.187371,9,30.000000,2.000000,203,30.000000,0x03,left,4.886512,737,0.190476,173,0,No fault,False,0x04,right,3.898229,960,0.167033,174,0,No fault,True,0.99
2026-08-12T14:31:12.877,1786537872.877023,26.198454,9,30.000000,2.000000,204,30.000000,0x03,left,5.281825,826,0.219780,173,0,No fault,False,0x04,right,4.403351,960,0.167033,174,0,No fault,True,0.88
2026-08-12T14:31:12.888,1786537872.888136,26.209565,9,30.000000,2.000000,205,30.000000,0x03,left,6.182261,1050,0.108425,172,0,No fault,False,0x04,right,4.666894,826,0.284249,173,0,No fault,True,1.52
2026-08-12T14:31:12.901,1786537872.901616,26.223039,9,30.000000,2.000000,206,30.000000,0x03,left,6.599537,916,0.120147,170,0,No fault,False,0x04,right,5.479482,1139,0.143590,174,0,No fault,True,1.12
2026-08-12T14:31:12.912,1786537872.912547,26.233989,9,30.000000,2.000000,207,30.000000,0x03,left,7.060735,782,0.190476,172,0,No fault,False,0x04,right,6.006567,960,0.190476,174,0,No fault,True,1.05
2026-08-12T14:31:12.923,1786537872.923950,26.245407,9,30.000000,2.000000,208,30.000000,0x03,left,7.807438,1005,0.172894,173,0,No fault,False,0x04,right,6.357956,916,0.196337,173,0,No fault,True,1.45
2026-08-12T14:31:12.937,1786537872.937485,26.258911,9,30.000000,2.000000,209,30.000000,0x03,left,8.334523,1184,0.079121,171,0,No fault,False,0x04,right,7.104659,960,0.184615,174,0,No fault,True,1.23
2026-08-12T14:31:12.948,1786537872.948301,26.269723,9,30.000000,2.000000,210,30.000000,0x03,left,8.707874,1005,0.073260,173,0,No fault,False,0x04,right,7.631744,960,0.184615,174,0,No fault,True,1.08
2026-08-12T14:31:12.959,1786537872.959103,26.280522,9,30.000000,2.000000,211,30.000000,0x03,left,9.169073,1005,0.126007,172,0,No fault,False,0x04,right,8.136866,1139,0.184615,174,0,No fault,True,1.03
2026-08-12T14:31:12.973,1786537872.973117,26.294536,9,30.000000,2.000000,212,30.000000,0x03,left,9.981662,1050,0.131868,173,0,No fault,False,0x04,right,8.729836,1005,0.184615,174,0,No fault,True,1.25
2026-08-12T14:31:12.983,1786537872.983888,26.305305,9,30.000000,2.000000,213,30.000000,0x03,left,10.420899,916,0.219780,171,0,No fault,False,0x04,right,9.212997,1005,0.196337,174,0,No fault,True,1.21
2026-08-12T14:31:12.994,1786537872.994675,26.316092,9,30.000000,2.000000,214,30.000000,0x03,left,10.772288,1139,0.155311,172,0,No fault,False,0x04,right,9.674196,826,0.213919,174,0,No fault,True,1.10
2026-08-12T14:31:13.005,1786537873.005538,26.326955,9,30.000000,2.000000,215,30.000000,0x03,left,11.518991,1094,0.049817,173,0,No fault,False,0x04,right,10.157357,960,0.196337,174,0,No fault,True,1.36
2026-08-12T14:31:13.024,1786537873.024136,26.345566,9,30.000000,2.000000,216,30.000000,0x03,left,12.002152,1050,0.120147,173,0,No fault,False,0x04,right,10.662479,916,0.126007,174,0,No fault,False,1.34
2026-08-12T14:31:13.037,1786537873.037633,26.359061,9,30.000000,2.000000,217,30.000000,0x03,left,12.573160,826,0.149451,173,0,No fault,True,0x04,right,11.431144,960,0.219780,174,0,No fault,False,1.14
2026-08-12T14:31:13.058,1786537873.058954,26.380452,9,30.000000,2.000000,218,30.000000,0x03,left,13.583406,514,0.184615,172,0,No fault,False,0x04,right,12.661008,692,0.149451,174,0,No fault,True,0.92
2026-08-12T14:31:13.073,1786537873.073165,26.394632,9,30.000000,2.000000,219,30.000000,0x03,left,13.956757,826,0.172894,173,0,No fault,False,0x04,right,13.100245,648,0.184615,174,0,No fault,True,0.86
2026-08-12T14:31:13.084,1786537873.084550,26.405996,9,30.000000,2.000000,220,30.000000,0x03,left,14.439918,1050,0.114286,173,0,No fault,False,0x04,right,13.473596,826,0.155311,174,0,No fault,True,0.97
2026-08-12T14:31:13.098,1786537873.098656,26.420086,9,30.000000,2.000000,221,30.000000,0x03,left,15.054850,1005,0.126007,174,0,No fault,False,0x04,right,14.132452,826,0.178755,172,0,No fault,True,0.92
2026-08-12T14:31:13.109,1786537873.109494,26.430915,9,30.000000,2.000000,222,30.000000,0x03,left,15.450163,603,0.196337,170,0,No fault,False,0x04,right,14.549727,871,0.202198,175,0,No fault,True,0.90
2026-08-12T14:31:13.120,1786537873.120329,26.441750,9,30.000000,2.000000,223,30.000000,0x03,left,15.845476,648,0.225641,172,0,No fault,False,0x04,right,14.923079,782,0.190476,175,0,No fault,True,0.92
2026-08-12T14:31:13.131,1786537873.131281,26.452701,9,30.000000,2.000000,224,30.000000,0x03,left,16.328637,826,0.167033,168,0,No fault,False,0x04,right,15.340354,692,0.149451,172,0,No fault,True,0.99
2026-08-12T14:31:13.144,1786537873.144538,26.465958,9,30.000000,2.000000,225,30.000000,0x03,left,16.767874,871,0.137729,172,0,No fault,False,0x04,right,15.955286,826,0.155311,174,0,No fault,True,0.81
2026-08-12T14:31:13.155,1786537873.155472,26.476907,9,30.000000,2.000000,226,30.000000,0x03,left,17.185149,916,0.120147,170,0,No fault,False,0x04,right,16.306675,692,0.202198,174,0,No fault,True,0.88
2026-08-12T14:31:13.166,1786537873.166441,26.487861,9,30.000000,2.000000,227,30.000000,0x03,left,17.514577,692,0.143590,172,0,No fault,False,0x04,right,16.723950,782,0.172894,174,0,No fault,True,0.79
2026-08-12T14:31:13.180,1786537873.180203,26.501623,9,30.000000,2.000000,228,30.000000,0x03,left,18.129509,916,0.155311,172,0,No fault,False,0x04,right,17.316920,737,0.172894,174,0,No fault,True,0.81
2026-08-12T14:31:13.191,1786537873.191015,26.512433,9,30.000000,2.000000,229,30.000000,0x03,left,18.502860,603,0.219780,172,0,No fault,False,0x04,right,17.646348,514,0.213919,174,0,No fault,True,0.86
2026-08-12T14:31:13.269,1786537873.269380,26.590862,10,-30.000000,2.000000,1,30.000000,0x03,left,19.381335,737,0.190476,177,0,No fault,False,0x04,right,18.546784,558,0.178755,174,0,No fault,True,0.83
2026-08-12T14:31:13.282,1786537873.282975,26.604441,10,-30.000000,2.000000,2,29.980353,0x03,left,20.018228,916,0.096703,170,0,No fault,False,0x04,right,19.293487,603,0.149451,174,0,No fault,True,0.72
2026-08-12T14:31:13.296,1786537873.296206,26.617642,10,-30.000000,2.000000,3,29.950721,0x03,left,20.808855,558,0.196337,172,0,No fault,False,0x04,right,19.996266,514,0.190476,171,0,No fault,True,0.81
2026-08-12T14:31:13.308,1786537873.308429,26.629857,10,-30.000000,2.000000,4,29.908870,0x03,left,21.050435,782,0.167033,172,0,No fault,False,0x04,right,20.237847,514,0.184615,174,0,No fault,True,0.81
2026-08-12T14:31:13.321,1786537873.321885,26.643339,10,-30.000000,2.000000,5,29.858771,0x03,left,21.423787,648,0.202198,173,0,No fault,False,0x04,right,20.830817,692,0.178755,174,0,No fault,True,0.59
2026-08-12T14:31:13.333,1786537873.333986,26.655411,10,-30.000000,2.000000,6,29.789612,0x03,left,21.731253,424,0.254945,173,0,No fault,False,0x04,right,20.984550,514,0.178755,175,0,No fault,True,0.75
2026-08-12T14:31:13.347,1786537873.347563,26.668991,10,-30.000000,2.000000,7,29.717956,0x03,left,21.972833,514,0.237363,172,0,No fault,True,0x04,right,21.357901,469,0.260806,174,0,No fault,False,0.61
2026-08-12T14:31:13.359,1786537873.359520,26.680942,10,-30.000000,2.000000,8,29.623512,0x03,left,22.346185,692,0.172894,173,0,No fault,False,0x04,right,21.665367,469,0.196337,173,0,No fault,True,0.68
2026-08-12T14:31:13.370,1786537873.370536,26.691956,10,-30.000000,2.000000,9,29.529479,0x03,left,22.719536,692,0.120147,169,0,No fault,False,0x04,right,21.994795,558,0.149451,174,0,No fault,True,0.72
2026-08-12T14:31:13.383,1786537873.383296,26.704714,10,-30.000000,2.000000,10,29.432122,0x03,left,23.334468,514,0.108425,172,0,No fault,False,0x04,right,22.499918,558,0.161172,173,0,No fault,True,0.83
2026-08-12T14:31:13.395,1786537873.395203,26.716620,10,-30.000000,2.000000,11,29.311530,0x03,left,23.488201,380,0.143590,172,0,No fault,False,0x04,right,22.741498,380,0.266667,175,0,No fault,True,0.75
2026-08-12T14:31:13.406,1786537873.406039,26.727460,10,-30.000000,2.000000,12,29.186787,0x03,left,23.729781,335,0.208059,167,0,No fault,False,0x04,right,22.983078,424,0.249084,175,0,No fault,True,0.75
2026-08-12T14:31:13.419,1786537873.419137,26.740559,10,-30.000000,2.000000,13,29.062684,0x03,left,24.103133,156,0.196337,172,0,No fault,False,0x04,right,23.378392,692,0.178755,175,0,No fault,True,0.72
2026-08-12T14:31:13.430,1786537873.430918,26.752338,10,-30.000000,2.000000,14,28.905557,0x03,left,24.344713,469,0.172894,169,0,No fault,False,0x04,right,23.685858,692,0.172894,174,0,No fault,True,0.66
2026-08-12T14:31:13.451,1786537873.451919,26.773360,10,-30.000000,2.000000,15,28.751875,0x03,left,24.652179,201,0.219780,172,0,No fault,True,0x04,right,23.949400,514,0.167033,175,0,No fault,False,0.70
2026-08-12T14:31:13.472,1786537873.472737,26.794192,10,-30.000000,2.000000,16,28.451357,0x03,left,25.113378,201,0.219780,172,0,No fault,False,0x04,right,24.520408,290,0.225641,173,0,No fault,True,0.59
2026-08-12T14:31:13.488,1786537873.488231,26.809664,10,-30.000000,2.000000,17,28.124016,0x03,left,25.618501,469,0.114286,172,0,No fault,False,0x04,right,24.849836,737,0.167033,174,0,No fault,True,0.77
2026-08-12T14:31:13.503,1786537873.503501,26.824921,10,-30.000000,2.000000,18,27.865080,0x03,left,26.123623,469,0.137729,169,0,No fault,False,0x04,right,25.442806,335,0.137729,174,0,No fault,True,0.68
2026-08-12T14:31:13.518,1786537873.518689,26.840108,10,-30.000000,2.000000,19,27.591121,0x03,left,26.299318,424,0.084982,173,0,No fault,False,0x04,right,25.596539,290,0.307692,174,0,No fault,True,0.70
2026-08-12T14:31:13.533,1786537873.533827,26.855245,10,-30.000000,2.000000,20,27.299497,0x03,left,26.540898,201,0.184615,171,0,No fault,False,0x04,right,25.882043,380,0.178755,175,0,No fault,True,0.66
2026-08-12T14:31:13.549,1786537873.549097,26.870518,10,-30.000000,2.000000,21,26.997699,0x03,left,26.804441,380,0.155311,173,0,No fault,False,0x04,right,26.035776,156,0.360440,174,0,No fault,True,0.77
2026-08-12T14:31:13.564,1786537873.564346,26.885764,10,-30.000000,2.000000,22,26.676471,0x03,left,26.958174,67,0.272527,172,0,No fault,False,0x04,right,26.321280,558,0.172894,175,0,No fault,True,0.64
2026-08-12T14:31:13.575,1786537873.575292,26.896711,10,-30.000000,2.000000,23,26.341542,0x03,left,27.155830,424,0.161172,172,0,No fault,False,0x04,right,26.496975,201,0.202198,170,0,No fault,True,0.66
2026-08-12T14:31:13.589,1786537873.589778,26.911195,10,-30.000000,2.000000,24,26.090766,0x03,left,27.287601,201,0.167033,173,0,No fault,False,0x04,right,26.804441,380,0.137729,174,0,No fault,True,0.48
2026-08-12T14:31:13.600,1786537873.600817,26.922236,10,-30.000000,2.000000,25,25.746974,0x03,left,27.397411,201,0.243223,173,0,No fault,False,0x04,right,26.958174,246,0.184615,174,0,No fault,True,0.44
2026-08-12T14:31:13.615,1786537873.615311,26.936812,10,-30.000000,2.000000,26,25.474530,0x03,left,27.419372,-22,0.331136,172,0,No fault,False,0x04,right,27.177792,290,0.149451,174,0,No fault,True,0.24
2026-08-12T14:31:13.626,1786537873.626766,26.948195,10,-30.000000,2.000000,27,25.099332,0x03,left,27.507220,156,0.260806,176,0,No fault,False,0x04,right,27.331525,246,0.172894,174,0,No fault,True,0.18
2026-08-12T14:31:13.645,1786537873.645817,26.967240,10,-30.000000,2.000000,28,24.808161,0x03,left,27.704877,156,0.090842,173,0,No fault,False,0x04,right,27.419372,22,0.231502,174,0,No fault,False,0.29
2026-08-12T14:31:13.657,1786537873.657872,26.979290,10,-30.000000,2.000000,29,24.292832,0x03,left,27.902533,67,0.184615,173,0,No fault,False,0x04,right,27.507220,246,0.231502,173,0,No fault,True,0.40
2026-08-12T14:31:13.677,1786537873.677434,26.998902,10,-30.000000,2.000000,30,23.952927,0x03,left,28.100190,380,0.038095,173,0,No fault,False,0x04,right,27.814686,201,0.149451,174,0,No fault,True,0.29
2026-08-12T14:31:13.688,1786537873.688531,27.009977,10,-30.000000,2.000000,31,23.384945,0x03,left,28.231961,246,0.014652,172,0,No fault,False,0x04,right,27.880571,22,0.231502,174,0,No fault,True,0.35
2026-08-12T14:31:13.701,1786537873.701713,27.023167,10,-30.000000,2.000000,32,23.045952,0x03,left,28.363732,112,0.178755,173,0,No fault,False,0x04,right,27.880571,-67,0.290110,175,0,No fault,True,0.48
2026-08-12T14:31:13.713,1786537873.713692,27.035121,10,-30.000000,2.000000,33,22.652331,0x03,left,28.363732,-67,0.213919,172,0,No fault,False,0x04,right,27.946457,22,0.278388,173,0,No fault,True,0.42
2026-08-12T14:31:13.724,1786537873.724666,27.046095,10,-30.000000,2.000000,34,22.282050,0x03,left,28.385694,22,0.213919,172,0,No fault,False,0x04,right,27.990381,112,0.196337,175,0,No fault,True,0.40
2026-08-12T14:31:13.737,1786537873.737415,27.058865,10,-30.000000,2.000000,35,21.931787,0x03,left,28.407656,67,0.196337,173,0,No fault,False,0x04,right,28.209999,112,0.131868,174,0,No fault,True,0.20
2026-08-12T14:31:13.749,1786537873.749856,27.071284,10,-30.000000,2.000000,36,21.517837,0x03,left,28.495503,246,0.079121,173,0,No fault,False,0x04,right,28.275885,22,0.137729,174,0,No fault,True,0.22
2026-08-12T14:31:13.762,1786537873.762988,27.084451,10,-30.000000,2.000000,37,21.101223,0x03,left,28.671198,22,0.067399,168,0,No fault,False,0x04,right,28.319808,22,0.231502,174,0,No fault,True,0.35
2026-08-12T14:31:13.774,1786537873.774866,27.096286,10,-30.000000,2.000000,38,20.657799,0x03,left,28.737084,156,0.079121,171,0,No fault,False,0x04,right,28.319808,67,0.254945,174,0,No fault,True,0.42
2026-08-12T14:31:13.785,1786537873.785678,27.107095,10,-30.000000,2.000000,39,20.252500,0x03,left,28.802969,67,0.096703,172,0,No fault,False,0x04,right,28.319808,22,0.254945,174,0,No fault,True,0.48
2026-08-12T14:31:13.798,1786537873.798709,27.120126,10,-30.000000,2.000000,40,19.872863,0x03,left,28.802969,-156,0.149451,172,0,No fault,False,0x04,right,28.319808,-67,0.249084,174,0,No fault,True,0.48
2026-08-12T14:31:13.810,1786537873.810450,27.131866,10,-30.000000,2.000000,41,19.410326,0x03,left,28.824931,22,0.167033,173,0,No fault,False,0x04,right,28.319808,-156,0.254945,175,0,No fault,True,0.51
2026-08-12T14:31:13.821,1786537873.821225,27.142642,10,-30.000000,2.000000,42,18.985294,0x03,left,28.802969,-112,0.161172,171,0,No fault,False,0x04,right,28.319808,-112,0.254945,174,0,No fault,True,0.48
2026-08-12T14:31:13.834,1786537873.834653,27.156195,10,-30.000000,2.000000,43,18.589118,0x03,left,28.824931,-22,0.172894,175,0,No fault,False,0x04,right,28.341770,67,0.260806,174,0,No fault,True,0.48
2026-08-12T14:31:13.859,1786537873.859506,27.180974,10,-30.000000,2.000000,44,18.070332,0x03,left,28.824931,-22,0.172894,171,0,No fault,True,0x04,right,28.341770,-67,0.254945,174,0,No fault,False,0.48
2026-08-12T14:31:13.881,1786537873.881237,27.202703,10,-30.000000,2.000000,45,17.125189,0x03,left,28.824931,-67,0.172894,173,0,No fault,False,0x04,right,28.341770,201,0.266667,175,0,No fault,True,0.48
2026-08-12T14:31:13.892,1786537873.892469,27.213897,10,-30.000000,2.000000,46,16.282038,0x03,left,28.824931,-156,0.167033,174,0,No fault,False,0x04,right,28.341770,22,0.254945,175,0,No fault,True,0.48
2026-08-12T14:31:13.906,1786537873.906006,27.227428,10,-30.000000,2.000000,47,15.839966,0x03,left,28.824931,112,0.172894,169,0,No fault,True,0x04,right,28.341770,67,0.254945,174,0,No fault,False,0.48
2026-08-12T14:31:13.916,1786537873.916931,27.238350,10,-30.000000,2.000000,48,15.296418,0x03,left,28.824931,-112,0.178755,176,0,No fault,False,0x04,right,28.319808,-112,0.266667,174,0,No fault,True,0.51
2026-08-12T14:31:13.927,1786537873.927819,27.249238,10,-30.000000,2.000000,49,14.852311,0x03,left,28.824931,67,0.184615,172,0,No fault,False,0x04,right,28.319808,-156,0.254945,174,0,No fault,True,0.51
2026-08-12T14:31:13.938,1786537873.938735,27.260154,10,-30.000000,2.000000,50,14.404247,0x03,left,28.824931,-156,0.161172,174,0,No fault,False,0x04,right,28.341770,-22,0.254945,174,0,No fault,True,0.48
2026-08-12T14:31:13.952,1786537873.952561,27.273985,10,-30.000000,2.000000,51,13.925743,0x03,left,28.824931,-67,0.167033,173,0,No fault,False,0x04,right,28.341770,67,0.254945,174,0,No fault,True,0.48
2026-08-12T14:31:13.963,1786537873.963489,27.284908,10,-30.000000,2.000000,52,13.369191,0x03,left,28.824931,-22,0.172894,172,0,No fault,False,0x04,right,28.341770,201,0.254945,174,0,No fault,True,0.48
2026-08-12T14:31:13.974,1786537873.974511,27.295929,10,-30.000000,2.000000,53,12.902481,0x03,left,28.824931,67,0.172894,174,0,No fault,False,0x04,right,28.341770,-67,0.254945,174,0,No fault,True,0.48
2026-08-12T14:31:13.987,1786537873.987573,27.308991,10,-30.000000,2.000000,54,12.427985,0x03,left,28.824931,156,0.178755,173,0,No fault,False,0x04,right,28.341770,-67,0.254945,174,0,No fault,True,0.48
2026-08-12T14:31:13.998,1786537873.998443,27.319861,10,-30.000000,2.000000,55,11.874629,0x03,left,28.824931,-112,0.184615,173,0,No fault,False,0x04,right,28.341770,-22,0.260806,174,0,No fault,True,0.48
2026-08-12T14:31:14.009,1786537874.009340,27.330779,10,-30.000000,2.000000,56,11.402637,0x03,left,28.824931,-22,0.172894,174,0,No fault,False,0x04,right,28.341770,-22,0.266667,175,0,No fault,True,0.48
2026-08-12T14:31:14.020,1786537874.020797,27.342253,10,-30.000000,2.000000,57,10.912978,0x03,left,28.846893,156,0.178755,172,0,No fault,False,0x04,right,28.341770,22,0.254945,173,0,No fault,True,0.51
2026-08-12T14:31:14.034,1786537874.034308,27.355735,10,-30.000000,2.000000,58,10.391054,0x03,left,28.824931,-22,0.178755,173,0,No fault,False,0x04,right,28.341770,246,0.272527,176,0,No fault,True,0.48
2026-08-12T14:31:14.050,1786537874.050346,27.371769,10,-30.000000,2.000000,59,9.820594,0x03,left,28.824931,67,0.172894,172,0,No fault,False,0x04,right,28.341770,22,0.254945,173,0,No fault,False,0.48
2026-08-12T14:31:14.063,1786537874.063192,27.384612,10,-30.000000,2.000000,60,9.101993,0x03,left,28.824931,-246,0.167033,173,0,No fault,False,0x04,right,28.341770,156,0.260806,174,0,No fault,True,0.48
2026-08-12T14:31:14.087,1786537874.087911,27.409366,10,-30.000000,2.000000,61,8.525709,0x03,left,28.824931,-22,0.172894,170,0,No fault,False,0x04,right,28.341770,-67,0.260806,174,0,No fault,True,0.48
2026-08-12T14:31:14.102,1786537874.102130,27.423573,10,-30.000000,2.000000,62,7.394143,0x03,left,28.824931,-67,0.167033,172,0,No fault,False,0x04,right,28.341770,-22,0.266667,173,0,No fault,True,0.48
2026-08-12T14:31:14.114,1786537874.114847,27.436411,10,-30.000000,2.000000,63,6.746504,0x03,left,28.824931,-22,0.172894,173,0,No fault,False,0x04,right,28.341770,22,0.260806,174,0,No fault,True,0.48
2026-08-12T14:31:14.128,1786537874.128251,27.449711,10,-30.000000,2.000000,64,6.130589,0x03,left,28.824931,-67,0.178755,172,0,No fault,False,0x04,right,28.341770,-22,0.254945,174,0,No fault,True,0.48
2026-08-12T14:31:14.139,1786537874.139346,27.460781,10,-30.000000,2.000000,65,5.540756,0x03,left,28.824931,22,0.167033,170,0,No fault,False,0x04,right,28.319808,-201,0.254945,174,0,No fault,True,0.51
2026-08-12T14:31:14.150,1786537874.150252,27.471676,10,-30.000000,2.000000,66,5.030005,0x03,left,28.824931,-201,0.184615,174,0,No fault,False,0x04,right,28.341770,-22,0.249084,174,0,No fault,True,0.48
2026-08-12T14:31:14.163,1786537874.163928,27.485347,10,-30.000000,2.000000,67,4.521249,0x03,left,28.824931,22,0.178755,171,0,No fault,False,0x04,right,28.341770,-112,0.254945,174,0,No fault,True,0.48
2026-08-12T14:31:14.174,1786537874.174781,27.496198,10,-30.000000,2.000000,68,3.887574,0x03,left,28.824931,-67,0.172894,172,0,No fault,False,0x04,right,28.341770,22,0.249084,174,0,No fault,True,0.48
2026-08-12T14:31:14.185,1786537874.185580,27.506996,10,-30.000000,2.000000,69,3.380510,0x03,left,28.824931,-22,0.172894,170,0,No fault,False,0x04,right,28.341770,-22,0.249084,174,0,No fault,True,0.48
2026-08-12T14:31:14.196,1786537874.196363,27.517779,10,-30.000000,2.000000,70,2.874370,0x03,left,28.824931,-201,0.178755,170,0,No fault,False,0x04,right,28.319808,-201,0.254945,174,0,No fault,True,0.51
2026-08-12T14:31:14.209,1786537874.209864,27.531281,10,-30.000000,2.000000,71,2.354823,0x03,left,28.824931,-22,0.167033,173,0,No fault,False,0x04,right,28.341770,112,0.266667,175,0,No fault,True,0.48
2026-08-12T14:31:14.220,1786537874.220645,27.542061,10,-30.000000,2.000000,72,1.733520,0x03,left,28.824931,-22,0.172894,173,0,No fault,False,0x04,right,28.341770,67,0.260806,174,0,No fault,True,0.48
2026-08-12T14:31:14.231,1786537874.231401,27.552817,10,-30.000000,2.000000,73,1.226519,0x03,left,28.846893,246,0.167033,172,0,No fault,False,0x04,right,28.341770,112,0.260806,174,0,No fault,True,0.51
2026-08-12T14:31:14.242,1786537874.242163,27.563579,10,-30.000000,2.000000,74,0.719933,0x03,left,28.824931,22,0.172894,173,0,No fault,False,0x04,right,28.341770,22,0.260806,174,0,No fault,True,0.48
2026-08-12T14:31:14.263,1786537874.263815,27.585295,10,-30.000000,2.000000,75,0.212841,0x03,left,28.824931,22,0.167033,173,0,No fault,True,0x04,right,28.341770,-67,0.260806,174,0,No fault,False,0.48
2026-08-12T14:31:14.283,1786537874.283415,27.604844,10,-30.000000,2.000000,76,-0.821349,0x03,left,28.824931,-67,0.172894,172,0,No fault,False,0x04,right,28.341770,67,0.266667,176,0,No fault,True,0.48
2026-08-12T14:31:14.294,1786537874.294411,27.615853,10,-30.000000,2.000000,77,-1.733087,0x03,left,28.824931,-22,0.184615,172,0,No fault,False,0x04,right,28.341770,-22,0.266667,174,0,No fault,True,0.48
2026-08-12T14:31:14.307,1786537874.307622,27.629073,10,-30.000000,2.000000,78,-2.258048,0x03,left,28.824931,-112,0.167033,173,0,No fault,False,0x04,right,28.341770,22,0.266667,172,0,No fault,True,0.48
2026-08-12T14:31:14.319,1786537874.319134,27.640567,10,-30.000000,2.000000,79,-2.877735,0x03,left,28.824931,-156,0.161172,175,0,No fault,False,0x04,right,28.341770,67,0.260806,174,0,No fault,True,0.48
2026-08-12T14:31:14.330,1786537874.330159,27.651590,10,-30.000000,2.000000,80,-3.410468,0x03,left,28.846893,22,0.161172,172,0,No fault,False,0x04,right,28.341770,67,0.260806,174,0,No fault,True,0.51
2026-08-12T14:31:14.343,1786537874.343306,27.664748,10,-30.000000,2.000000,81,-3.929356,0x03,left,28.846893,156,0.167033,172,0,No fault,False,0x04,right,28.341770,-22,0.266667,174,0,No fault,True,0.51
2026-08-12T14:31:14.355,1786537874.355242,27.676694,10,-30.000000,2.000000,82,-4.543766,0x03,left,28.824931,-22,0.167033,172,0,No fault,False,0x04,right,28.341770,-67,0.260806,174,0,No fault,True,0.48
2026-08-12T14:31:14.369,1786537874.369298,27.690756,10,-30.000000,2.000000,83,-5.102481,0x03,left,28.824931,-67,0.161172,173,0,No fault,True,0x04,right,28.341770,-112,0.254945,171,0,No fault,False,0.48
2026-08-12T14:31:14.380,1786537874.380872,27.702316,10,-30.000000,2.000000,84,-5.757107,0x03,left,28.846893,67,0.172894,172,0,No fault,False,0x04,right,28.341770,-67,0.260806,174,0,No fault,True,0.51
2026-08-12T14:31:14.391,1786537874.391912,27.713341,10,-30.000000,2.000000,85,-6.282962,0x03,left,28.846893,22,0.184615,173,0,No fault,False,0x04,right,28.341770,67,0.272527,174,0,No fault,True,0.51
2026-08-12T14:31:14.404,1786537874.404965,27.726401,10,-30.000000,2.000000,86,-6.786156,0x03,left,28.824931,-67,0.172894,171,0,No fault,False,0x04,right,28.341770,67,0.254945,175,0,No fault,True,0.48
2026-08-12T14:31:14.416,1786537874.416491,27.737917,10,-30.000000,2.000000,87,-7.385930,0x03,left,28.824931,-67,0.178755,177,0,No fault,False,0x04,right,28.341770,-156,0.266667,174,0,No fault,True,0.48
2026-08-12T14:31:14.427,1786537874.427424,27.748850,10,-30.000000,2.000000,88,-7.909840,0x03,left,28.846893,-22,0.167033,173,0,No fault,False,0x04,right,28.341770,201,0.260806,174,0,No fault,True,0.51
2026-08-12T14:31:14.440,1786537874.440943,27.762373,10,-30.000000,2.000000,89,-8.405438,0x03,left,28.824931,-112,0.155311,176,0,No fault,True,0x04,right,28.341770,-22,0.272527,174,0,No fault,False,0.48
2026-08-12T14:31:14.457,1786537874.457318,27.778742,10,-30.000000,2.000000,90,-9.016142,0x03,left,28.846893,22,0.178755,172,0,No fault,False,0x04,right,28.341770,-67,0.249084,174,0,No fault,False,0.51
2026-08-12T14:31:14.468,1786537874.468669,27.790093,10,-30.000000,2.000000,91,-9.750399,0x03,left,28.824931,-22,0.178755,172,0,No fault,False,0x04,right,28.341770,67,0.249084,174,0,No fault,True,0.48
2026-08-12T14:31:14.488,1786537874.488050,27.809484,10,-30.000000,2.000000,92,-10.259321,0x03,left,28.824931,-201,0.167033,173,0,No fault,False,0x04,right,28.341770,-156,0.249084,173,0,No fault,True,0.48
2026-08-12T14:31:14.499,1786537874.499126,27.820557,10,-30.000000,2.000000,93,-11.108800,0x03,left,28.846893,67,0.167033,174,0,No fault,False,0x04,right,28.341770,-112,0.260806,176,0,No fault,True,0.51
2026-08-12T14:31:14.512,1786537874.512554,27.833976,10,-30.000000,2.000000,94,-11.589152,0x03,left,28.824931,-67,0.172894,173,0,No fault,True,0x04,right,28.341770,67,0.249084,174,0,No fault,False,0.48
2026-08-12T14:31:14.523,1786537874.523645,27.845064,10,-30.000000,2.000000,95,-12.168871,0x03,left,28.824931,-67,0.178755,173,0,No fault,False,0x04,right,28.319808,-335,0.254945,175,0,No fault,True,0.51
2026-08-12T14:31:14.534,1786537874.534451,27.855869,10,-30.000000,2.000000,96,-12.644703,0x03,left,28.846893,67,0.178755,172,0,No fault,False,0x04,right,28.341770,-67,0.254945,174,0,No fault,True,0.51
2026-08-12T14:31:14.545,1786537874.545234,27.866652,10,-30.000000,2.000000,97,-13.103878,0x03,left,28.846893,67,0.172894,173,0,No fault,False,0x04,right,28.341770,-112,0.260806,174,0,No fault,True,0.51
2026-08-12T14:31:14.558,1786537874.558294,27.879717,10,-30.000000,2.000000,98,-13.563842,0x03,left,28.846893,-22,0.178755,173,0,No fault,False,0x04,right,28.341770,22,0.254945,176,0,No fault,True,0.51
2026-08-12T14:31:14.569,1786537874.569474,27.890895,10,-30.000000,2.000000,99,-14.106513,0x03,left,28.824931,-112,0.172894,176,0,No fault,False,0x04,right,28.341770,-22,0.272527,175,0,No fault,True,0.48
2026-08-12T14:31:14.580,1786537874.580127,27.901537,10,-30.000000,2.000000,100,-14.568352,0x03,left,28.824931,-112,0.184615,173,0,No fault,False,0x04,right,28.319808,-246,0.260806,174,0,No fault,True,0.51
2026-08-12T14:31:14.590,1786537874.590957,27.912381,10,-30.000000,2.000000,101,-15.003385,0x03,left,28.824931,-156,0.172894,173,0,No fault,False,0x04,right,28.341770,112,0.254945,174,0,No fault,True,0.48
2026-08-12T14:31:14.604,1786537874.604344,27.925763,10,-30.000000,2.000000,102,-15.445864,0x03,left,28.846893,201,0.161172,173,0,No fault,True,0x04,right,28.341770,-156,0.249084,173,0,No fault,False,0.51
2026-08-12T14:31:14.615,1786537874.615305,27.936755,10,-30.000000,2.000000,103,-15.982570,0x03,left,28.824931,-112,0.172894,173,0,No fault,False,0x04,right,28.341770,-67,0.260806,174,0,No fault,True,0.48
2026-08-12T14:31:14.626,1786537874.626752,27.948210,10,-30.000000,2.000000,104,-16.426530,0x03,left,28.846893,-22,0.184615,173,0,No fault,False,0x04,right,28.341770,-112,0.254945,174,0,No fault,True,0.51
2026-08-12T14:31:14.640,1786537874.640079,27.961504,10,-30.000000,2.000000,105,-16.879327,0x03,left,28.846893,22,0.178755,172,0,No fault,False,0x04,right,28.341770,-112,0.260806,174,0,No fault,True,0.51
2026-08-12T14:31:14.651,1786537874.651718,27.973137,10,-30.000000,2.000000,106,-17.383364,0x03,left,28.846893,-22,0.161172,172,0,No fault,False,0x04,right,28.341770,-22,0.260806,174,0,No fault,True,0.51
2026-08-12T14:31:14.672,1786537874.672649,27.994082,10,-30.000000,2.000000,107,-17.825791,0x03,left,28.824931,-112,0.172894,172,0,No fault,True,0x04,right,28.341770,67,0.254945,176,0,No fault,False,0.48
2026-08-12T14:31:14.691,1786537874.691498,28.012930,10,-30.000000,2.000000,108,-18.612077,0x03,left,28.846893,67,0.172894,172,0,No fault,False,0x04,right,28.341770,-156,0.266667,174,0,No fault,True,0.51
2026-08-12T14:31:14.702,1786537874.702538,28.023959,10,-30.000000,2.000000,109,-19.300263,0x03,left,28.824931,-156,0.172894,172,0,No fault,False,0x04,right,28.341770,-156,0.254945,174,0,No fault,True,0.48
2026-08-12T14:31:14.713,1786537874.713391,28.034811,10,-30.000000,2.000000,110,-19.693597,0x03,left,28.824931,-156,0.167033,173,0,No fault,False,0x04,right,28.341770,-156,0.249084,174,0,No fault,True,0.48
2026-08-12T14:31:14.724,1786537874.724235,28.045652,10,-30.000000,2.000000,111,-20.076770,0x03,left,28.846893,112,0.172894,172,0,No fault,False,0x04,right,28.341770,67,0.260806,175,0,No fault,True,0.51
2026-08-12T14:31:14.737,1786537874.737503,28.058925,10,-30.000000,2.000000,112,-20.469762,0x03,left,28.846893,112,0.178755,172,0,No fault,False,0x04,right,28.341770,112,0.254945,174,0,No fault,True,0.51
2026-08-12T14:31:14.748,1786537874.748373,28.069792,10,-30.000000,2.000000,113,-20.906517,0x03,left,28.824931,-112,0.167033,173,0,No fault,False,0x04,right,28.341770,-22,0.260806,174,0,No fault,True,0.48
2026-08-12T14:31:14.759,1786537874.759247,28.080671,10,-30.000000,2.000000,114,-21.270263,0x03,left,28.846893,-67,0.161172,173,0,No fault,False,0x04,right,28.341770,-246,0.254945,174,0,No fault,True,0.51
2026-08-12T14:31:14.770,1786537874.770094,28.091512,10,-30.000000,2.000000,115,-21.629400,0x03,left,28.846893,22,0.167033,170,0,No fault,False,0x04,right,28.341770,22,0.254945,174,0,No fault,True,0.51
2026-08-12T14:31:14.783,1786537874.783503,28.104926,10,-30.000000,2.000000,116,-21.981606,0x03,left,28.846893,67,0.155311,173,0,No fault,False,0x04,right,28.341770,-22,0.254945,176,0,No fault,True,0.51
2026-08-12T14:31:14.794,1786537874.794342,28.115759,10,-30.000000,2.000000,117,-22.405449,0x03,left,28.846893,-67,0.131868,174,0,No fault,False,0x04,right,28.341770,-22,0.231502,174,0,No fault,True,0.51
2026-08-12T14:31:14.805,1786537874.805130,28.126547,10,-30.000000,2.000000,118,-22.740766,0x03,left,28.824931,-112,0.126007,173,0,No fault,False,0x04,right,28.341770,-67,0.225641,175,0,No fault,True,0.48
2026-08-12T14:31:14.815,1786537874.815942,28.137363,10,-30.000000,2.000000,119,-23.069047,0x03,left,28.846893,-22,0.114286,172,0,No fault,False,0x04,right,28.341770,-22,0.219780,175,0,No fault,True,0.51
2026-08-12T14:31:14.829,1786537874.829289,28.150708,10,-30.000000,2.000000,120,-23.393152,0x03,left,28.846893,67,0.102564,174,0,No fault,False,0x04,right,28.341770,-67,0.196337,174,0,No fault,True,0.51
2026-08-12T14:31:14.840,1786537874.840092,28.161510,10,-30.000000,2.000000,121,-23.780546,0x03,left,28.824931,-112,0.102564,174,0,No fault,False,0x04,right,28.341770,156,0.190476,174,0,No fault,True,0.48
2026-08-12T14:31:14.850,1786537874.850958,28.172392,10,-30.000000,2.000000,122,-24.086962,0x03,left,28.824931,-67,0.073260,172,0,No fault,False,0x04,right,28.341770,-112,0.161172,174,0,No fault,True,0.48
2026-08-12T14:31:14.862,1786537874.862240,28.183679,10,-30.000000,2.000000,123,-24.393477,0x03,left,28.824931,-112,0.073260,173,0,No fault,False,0x04,right,28.341770,-201,0.143590,174,0,No fault,True,0.48
2026-08-12T14:31:14.882,1786537874.882071,28.203508,10,-30.000000,2.000000,124,-24.706383,0x03,left,28.824931,-156,0.032234,170,0,No fault,True,0x04,right,28.341770,-67,0.131868,174,0,No fault,False,0.48
2026-08-12T14:31:14.905,1786537874.905540,28.227011,10,-30.000000,2.000000,125,-25.224079,0x03,left,28.802969,-22,-0.008791,175,0,No fault,False,0x04,right,28.319808,-246,0.073260,174,0,No fault,True,0.48
2026-08-12T14:31:14.916,1786537874.916510,28.237938,10,-30.000000,2.000000,126,-25.800253,0x03,left,28.802969,-22,-0.032234,171,0,No fault,False,0x04,right,28.319808,-67,0.061538,174,0,No fault,True,0.48
2026-08-12T14:31:14.927,1786537874.927497,28.248937,10,-30.000000,2.000000,127,-26.055171,0x03,left,28.781007,-67,-0.055678,174,0,No fault,False,0x04,right,28.319808,22,0.049817,174,0,No fault,True,0.46
2026-08-12T14:31:14.941,1786537874.941093,28.262527,10,-30.000000,2.000000,128,-26.310346,0x03,left,28.781007,-156,-0.102564,172,0,No fault,False,0x04,right,28.319808,-67,0.008791,174,0,No fault,True,0.46
2026-08-12T14:31:14.951,1786537874.951976,28.273404,10,-30.000000,2.000000,129,-26.611008,0x03,left,28.781007,-156,-0.120147,171,0,No fault,False,0x04,right,28.319808,-67,-0.038095,174,0,No fault,True,0.46
2026-08-12T14:31:14.962,1786537874.962930,28.284366,10,-30.000000,2.000000,130,-26.844119,0x03,left,28.759045,-112,-0.149451,171,0,No fault,False,0x04,right,28.297847,-67,-0.055678,174,0,No fault,True,0.46
2026-08-12T14:31:14.976,1786537874.976880,28.298315,10,-30.000000,2.000000,131,-27.073318,0x03,left,28.737084,-67,-0.184615,172,0,No fault,False,0x04,right,28.297847,22,-0.096703,175,0,No fault,True,0.44
2026-08-12T14:31:14.987,1786537874.987803,28.309233,10,-30.000000,2.000000,132,-27.348425,0x03,left,28.737084,-156,-0.213919,172,0,No fault,False,0x04,right,28.275885,-112,-0.120147,174,0,No fault,True,0.46
2026-08-12T14:31:14.999,1786537874.999060,28.320521,10,-30.000000,2.000000,133,-27.554741,0x03,left,28.693160,-156,-0.219780,167,0,No fault,False,0x04,right,28.275885,-22,-0.155311,174,0,No fault,True,0.42
2026-08-12T14:31:15.012,1786537875.012847,28.334279,10,-30.000000,2.000000,134,-27.766008,0x03,left,28.583351,-290,-0.161172,173,0,No fault,False,0x04,right,28.231961,-112,-0.184615,174,0,No fault,True,0.35
2026-08-12T14:31:15.023,1786537875.023599,28.345016,10,-30.000000,2.000000,135,-27.999574,0x03,left,28.539427,156,-0.231502,172,0,No fault,False,0x04,right,28.209999,22,-0.190476,177,0,No fault,True,0.33
2026-08-12T14:31:15.034,1786537875.034247,28.355663,10,-30.000000,2.000000,136,-28.176677,0x03,left,28.517465,-156,-0.301832,173,0,No fault,False,0x04,right,28.122152,-246,-0.167033,174,0,No fault,True,0.40
2026-08-12T14:31:15.045,1786537875.045020,28.366441,10,-30.000000,2.000000,137,-28.344951,0x03,left,28.473541,-112,-0.301832,172,0,No fault,False,0x04,right,28.056266,-112,-0.213919,176,0,No fault,True,0.42
2026-08-12T14:31:15.058,1786537875.058778,28.380198,10,-30.000000,2.000000,138,-28.507533,0x03,left,28.188037,-469,-0.143590,173,0,No fault,False,0x04,right,28.012342,-201,-0.313553,175,0,No fault,True,0.18
2026-08-12T14:31:15.069,1786537875.069623,28.391041,10,-30.000000,2.000000,139,-28.703072,0x03,left,28.078228,-22,-0.225641,172,0,No fault,False,0x04,right,27.946457,-290,-0.290110,173,0,No fault,True,0.13
2026-08-12T14:31:15.090,1786537875.090286,28.411723,10,-30.000000,2.000000,140,-28.848922,0x03,left,27.990381,-201,-0.342857,172,0,No fault,True,0x04,right,27.638991,-514,-0.149451,174,0,No fault,False,0.35
2026-08-12T14:31:15.108,1786537875.108769,28.430189,10,-30.000000,2.000000,141,-29.101784,0x03,left,27.529182,-514,-0.114286,167,0,No fault,False,0x04,right,27.353487,-558,-0.190476,174,0,No fault,True,0.18
2026-08-12T14:31:15.123,1786537875.123818,28.445256,10,-30.000000,2.000000,142,-29.299468,0x03,left,27.002097,-201,-0.126007,172,0,No fault,False,0x04,right,27.067983,-424,-0.178755,175,0,No fault,True,-0.07
2026-08-12T14:31:15.135,1786537875.135527,28.456981,10,-30.000000,2.000000,143,-29.444372,0x03,left,26.738555,-603,-0.102564,170,0,No fault,False,0x04,right,26.914250,-469,-0.213919,174,0,No fault,True,-0.18
2026-08-12T14:31:15.149,1786537875.149472,28.470914,10,-30.000000,2.000000,144,-29.545397,0x03,left,26.540898,-335,-0.213919,173,0,No fault,False,0x04,right,26.650708,-335,-0.202198,175,0,No fault,True,-0.11
2026-08-12T14:31:15.160,1786537875.160611,28.482041,10,-30.000000,2.000000,145,-29.651997,0x03,left,26.299318,-514,-0.172894,172,0,No fault,False,0x04,right,26.475013,-201,-0.254945,173,0,No fault,True,-0.18
2026-08-12T14:31:15.174,1786537875.174835,28.496257,10,-30.000000,2.000000,146,-29.727878,0x03,left,25.969890,-514,-0.237363,173,0,No fault,False,0x04,right,26.079699,-558,-0.219780,174,0,No fault,True,-0.11
2026-08-12T14:31:15.185,1786537875.185702,28.507122,10,-30.000000,2.000000,147,-29.809409,0x03,left,25.706348,-514,-0.190476,172,0,No fault,False,0x04,right,25.794195,-737,-0.149451,175,0,No fault,True,-0.09
2026-08-12T14:31:15.196,1786537875.196731,28.518151,10,-30.000000,2.000000,148,-29.862652,0x03,left,25.332996,-558,-0.202198,173,0,No fault,False,0x04,right,25.574577,-290,-0.225641,174,0,No fault,True,-0.24
2026-08-12T14:31:15.210,1786537875.210489,28.531908,10,-30.000000,2.000000,149,-29.907831,0x03,left,25.113378,-558,-0.243223,173,0,No fault,False,0x04,right,25.157302,-558,-0.225641,174,0,No fault,True,-0.04
2026-08-12T14:31:15.221,1786537875.221340,28.542760,10,-30.000000,2.000000,150,-29.951615,0x03,left,24.827874,-692,-0.149451,173,0,No fault,False,0x04,right,24.937683,-737,-0.231502,173,0,No fault,True,-0.11
2026-08-12T14:31:15.232,1786537875.232923,28.554359,10,-30.000000,2.000000,151,-29.976636,0x03,left,24.388637,-603,-0.131868,172,0,No fault,False,0x04,right,24.652179,-335,-0.272527,174,0,No fault,True,-0.26
2026-08-12T14:31:15.246,1786537875.246055,28.567478,10,-30.000000,2.000000,152,-29.993167,0x03,left,24.081171,-603,-0.149451,172,0,No fault,False,0x04,right,24.234904,-692,-0.155311,174,0,No fault,True,-0.15
2026-08-12T14:31:15.256,1786537875.256971,28.578392,10,-30.000000,2.000000,153,-29.999987,0x03,left,23.707819,-871,-0.155311,172,0,No fault,False,0x04,right,23.927438,-603,-0.167033,175,0,No fault,True,-0.22
2026-08-12T14:31:15.267,1786537875.267906,28.589334,10,-30.000000,2.000000,154,-30.000000,0x03,left,23.422315,-603,-0.161172,173,0,No fault,False,0x04,right,23.619972,-603,-0.243223,175,0,No fault,True,-0.20
2026-08-12T14:31:15.290,1786537875.290805,28.612242,10,-30.000000,2.000000,155,-30.000000,0x03,left,22.785422,-558,-0.249084,172,0,No fault,True,0x04,right,23.070926,-692,-0.225641,174,0,No fault,False,-0.29
2026-08-12T14:31:15.311,1786537875.311252,28.632685,10,-30.000000,2.000000,156,-30.000000,0x03,left,22.060680,-603,-0.167033,171,0,No fault,False,0x04,right,22.104604,-514,-0.208059,174,0,No fault,True,-0.04
2026-08-12T14:31:15.322,1786537875.322308,28.643730,10,-30.000000,2.000000,157,-30.000000,0x03,left,21.313978,-380,-0.172894,172,0,No fault,False,0x04,right,21.972833,-514,-0.213919,174,0,No fault,True,-0.66
2026-08-12T14:31:15.336,1786537875.336613,28.658032,10,-30.000000,2.000000,158,-30.000000,0x03,left,21.182206,-514,-0.190476,173,0,No fault,False,0x04,right,21.577520,-782,-0.231502,173,0,No fault,True,-0.40
2026-08-12T14:31:15.347,1786537875.347527,28.668946,10,-30.000000,2.000000,159,-30.000000,0x03,left,20.874740,-826,-0.243223,172,0,No fault,False,0x04,right,21.226130,-737,-0.231502,174,0,No fault,True,-0.35
2026-08-12T14:31:15.362,1786537875.362077,28.683498,10,-30.000000,2.000000,160,-30.000000,0x03,left,20.281770,-826,-0.184615,172,0,No fault,False,0x04,right,20.699046,-960,-0.167033,174,0,No fault,True,-0.42
2026-08-12T14:31:15.373,1786537875.373391,28.694875,10,-30.000000,2.000000,161,-30.000000,0x03,left,19.666839,-692,-0.208059,173,0,No fault,False,0x04,right,20.303732,-648,-0.237363,174,0,No fault,True,-0.64
2026-08-12T14:31:15.387,1786537875.387730,28.709169,10,-30.000000,2.000000,162,-30.000000,0x03,left,19.337411,-558,-0.272527,174,0,No fault,False,0x04,right,19.754686,-782,-0.202198,175,0,No fault,True,-0.42
2026-08-12T14:31:15.399,1786537875.399964,28.721401,10,-30.000000,2.000000,163,-30.000000,0x03,left,18.788365,-960,-0.126007,172,0,No fault,False,0x04,right,19.337411,-782,-0.202198,174,0,No fault,True,-0.55
2026-08-12T14:31:15.413,1786537875.413095,28.734528,10,-30.000000,2.000000,164,-30.000000,0x03,left,18.305204,-916,-0.102564,174,0,No fault,False,0x04,right,18.744441,-916,-0.196337,174,0,No fault,True,-0.44
2026-08-12T14:31:15.424,1786537875.424473,28.745891,10,-30.000000,2.000000,165,-30.000000,0x03,left,17.865967,-737,-0.178755,172,0,No fault,False,0x04,right,18.349127,-960,-0.225641,174,0,No fault,True,-0.48
2026-08-12T14:31:15.435,1786537875.435316,28.756740,10,-30.000000,2.000000,166,-30.000000,0x03,left,17.316920,-916,-0.167033,173,0,No fault,False,0x04,right,17.975776,-648,-0.213919,172,0,No fault,True,-0.66
2026-08-12T14:31:15.448,1786537875.448738,28.770172,10,-30.000000,2.000000,167,-30.000000,0x03,left,16.921607,-648,-0.202198,172,0,No fault,False,0x04,right,17.316920,-1005,-0.161172,174,0,No fault,True,-0.40
2026-08-12T14:31:15.459,1786537875.459688,28.781114,10,-30.000000,2.000000,168,-30.000000,0x03,left,16.526294,-603,-0.202198,174,0,No fault,False,0x04,right,16.899645,-826,-0.172894,174,0,No fault,True,-0.37
2026-08-12T14:31:15.470,1786537875.470566,28.791993,10,-30.000000,2.000000,169,-30.000000,0x03,left,16.065095,-826,-0.167033,176,0,No fault,False,0x04,right,16.504332,-782,-0.219780,174,0,No fault,True,-0.44
2026-08-12T14:31:15.489,1786537875.489418,28.810862,10,-30.000000,2.000000,170,-30.000000,0x03,left,15.450163,-1094,-0.096703,170,0,No fault,False,0x04,right,15.867438,-826,-0.155311,174,0,No fault,False,-0.42
2026-08-12T14:31:15.503,1786537875.503009,28.824428,10,-30.000000,2.000000,171,-30.000000,0x03,left,14.747384,-1184,-0.143590,173,0,No fault,True,0x04,right,15.428201,-826,-0.172894,175,0,No fault,False,-0.68
2026-08-12T14:31:15.521,1786537875.521068,28.842495,10,-30.000000,2.000000,172,-30.000000,0x03,left,13.583406,-692,-0.137729,175,0,No fault,False,0x04,right,14.308147,-960,-0.167033,174,0,No fault,True,-0.72
2026-08-12T14:31:15.533,1786537875.533695,28.855116,10,-30.000000,2.000000,173,-30.000000,0x03,left,13.232016,-960,-0.084982,173,0,No fault,False,0x04,right,13.824986,-871,-0.155311,176,0,No fault,True,-0.59
2026-08-12T14:31:15.546,1786537875.546726,28.868144,10,-30.000000,2.000000,174,-30.000000,0x03,left,12.726893,-960,-0.161172,171,0,No fault,False,0x04,right,13.275940,-737,-0.219780,174,0,No fault,True,-0.55
2026-08-12T14:31:15.559,1786537875.559121,28.880539,10,-30.000000,2.000000,175,-30.000000,0x03,left,12.155885,-916,-0.155311,174,0,No fault,False,0x04,right,12.902588,-960,-0.225641,174,0,No fault,True,-0.75
2026-08-12T14:31:15.572,1786537875.572174,28.893592,10,-30.000000,2.000000,176,-30.000000,0x03,left,11.497030,-916,-0.131868,172,0,No fault,False,0x04,right,12.221771,-960,-0.202198,174,0,No fault,True,-0.72
2026-08-12T14:31:15.584,1786537875.584619,28.906036,10,-30.000000,2.000000,177,-30.000000,0x03,left,11.013869,-692,-0.196337,174,0,No fault,False,0x04,right,11.782534,-782,-0.219780,173,0,No fault,True,-0.77
2026-08-12T14:31:15.597,1786537875.597626,28.919043,10,-30.000000,2.000000,178,-30.000000,0x03,left,10.398937,-1094,-0.126007,173,0,No fault,False,0x04,right,11.057793,-1094,-0.167033,174,0,No fault,True,-0.66
2026-08-12T14:31:15.610,1786537875.610143,28.931559,10,-30.000000,2.000000,179,-30.000000,0x03,left,9.871853,-960,-0.055678,172,0,No fault,False,0x04,right,10.574632,-1094,-0.196337,174,0,No fault,True,-0.70
2026-08-12T14:31:15.623,1786537875.623165,28.944588,10,-30.000000,2.000000,180,-30.000000,0x03,left,9.169073,-916,-0.161172,172,0,No fault,False,0x04,right,9.915776,-916,-0.213919,173,0,No fault,True,-0.75
2026-08-12T14:31:15.635,1786537875.635700,28.957117,10,-30.000000,2.000000,181,-30.000000,0x03,left,8.685913,-1139,-0.161172,173,0,No fault,False,0x04,right,9.454577,-1050,-0.184615,174,0,No fault,True,-0.77
2026-08-12T14:31:15.648,1786537875.648751,28.970186,10,-30.000000,2.000000,182,-30.000000,0x03,left,7.983133,-826,-0.172894,172,0,No fault,False,0x04,right,8.663951,-960,-0.190476,174,0,No fault,True,-0.68
2026-08-12T14:31:15.661,1786537875.661320,28.982769,10,-30.000000,2.000000,183,-30.000000,0x03,left,7.565858,-960,-0.155311,175,0,No fault,False,0x04,right,8.268637,-1050,-0.172894,174,0,No fault,True,-0.70
2026-08-12T14:31:15.674,1786537875.674652,28.996079,10,-30.000000,2.000000,184,-30.000000,0x03,left,6.753270,-1005,-0.096703,173,0,No fault,False,0x04,right,7.543896,-871,-0.202198,175,0,No fault,True,-0.79
2026-08-12T14:31:15.691,1786537875.691947,29.013371,10,-30.000000,2.000000,185,-30.000000,0x03,left,6.226185,-916,-0.167033,173,0,No fault,False,0x04,right,7.038774,-916,-0.208059,174,0,No fault,False,-0.81
2026-08-12T14:31:15.704,1786537875.704016,29.025439,10,-30.000000,2.000000,186,-30.000000,0x03,left,5.611253,-1050,-0.219780,176,0,No fault,False,0x04,right,5.918719,-1094,-0.149451,174,0,No fault,True,-0.31
2026-08-12T14:31:15.725,1786537875.725792,29.047225,10,-30.000000,2.000000,187,-30.000000,0x03,left,4.513161,-916,-0.161172,173,0,No fault,False,0x04,right,5.215940,-782,-0.155311,175,0,No fault,True,-0.70
2026-08-12T14:31:15.736,1786537875.736705,29.058125,10,-30.000000,2.000000,188,-30.000000,0x03,left,4.315504,-871,-0.143590,170,0,No fault,False,0x04,right,4.754741,-871,-0.231502,174,0,No fault,True,-0.44
2026-08-12T14:31:15.750,1786537875.750176,29.071596,10,-30.000000,2.000000,189,-30.000000,0x03,left,3.876267,-916,-0.184615,171,0,No fault,True,0x04,right,4.161771,-782,-0.202198,174,0,No fault,False,-0.29
2026-08-12T14:31:15.762,1786537875.762035,29.083474,10,-30.000000,2.000000,190,-30.000000,0x03,left,3.107602,-1184,-0.167033,173,0,No fault,False,0x04,right,3.678610,-960,-0.208059,174,0,No fault,True,-0.57
2026-08-12T14:31:15.775,1786537875.775702,29.097128,10,-30.000000,2.000000,191,-30.000000,0x03,left,2.646403,-826,-0.231502,172,0,No fault,True,0x04,right,2.975831,-916,-0.202198,174,0,No fault,False,-0.33
2026-08-12T14:31:15.787,1786537875.787504,29.108921,10,-30.000000,2.000000,192,-30.000000,0x03,left,1.899700,-1273,-0.172894,172,0,No fault,False,0x04,right,2.448747,-1273,-0.155311,174,0,No fault,True,-0.55
2026-08-12T14:31:15.798,1786537875.798376,29.119794,10,-30.000000,2.000000,193,-30.000000,0x03,left,1.438501,-1318,-0.079121,172,0,No fault,False,0x04,right,1.943624,-826,-0.184615,175,0,No fault,True,-0.51
2026-08-12T14:31:15.811,1786537875.811191,29.132614,10,-30.000000,2.000000,194,-30.000000,0x03,left,0.647875,-1139,-0.172894,172,0,No fault,False,0x04,right,1.240845,-1005,-0.219780,174,0,No fault,True,-0.59
2026-08-12T14:31:15.823,1786537875.823199,29.144616,10,-30.000000,2.000000,195,-30.000000,0x03,left,0.186676,-1184,-0.161172,173,0,No fault,False,0x04,right,0.713760,-1139,-0.155311,173,0,No fault,True,-0.53
2026-08-12T14:31:15.834,1786537875.834109,29.155526,10,-30.000000,2.000000,196,-30.000000,0x03,left,-0.296485,-1050,-0.184615,172,0,No fault,False,0x04,right,0.186676,-871,-0.208059,174,0,No fault,True,-0.48
2026-08-12T14:31:15.846,1786537875.846862,29.168281,10,-30.000000,2.000000,197,-30.000000,0x03,left,-1.021226,-1094,-0.167033,176,0,No fault,False,0x04,right,-0.494142,-1228,-0.184615,174,0,No fault,True,-0.53
2026-08-12T14:31:15.858,1786537875.858940,29.180360,10,-30.000000,2.000000,198,-30.000000,0x03,left,-1.460463,-1050,-0.073260,173,0,No fault,False,0x04,right,-0.999264,-1094,-0.172894,174,0,No fault,True,-0.46
2026-08-12T14:31:15.869,1786537875.869896,29.191319,10,-30.000000,2.000000,199,-30.000000,0x03,left,-1.987548,-960,-0.108425,172,0,No fault,False,0x04,right,-1.548311,-1005,-0.202198,174,0,No fault,True,-0.44
2026-08-12T14:31:15.882,1786537875.882759,29.204216,10,-30.000000,2.000000,200,-30.000000,0x03,left,-2.778174,-1005,-0.190476,172,0,No fault,False,0x04,right,-2.163242,-960,-0.196337,174,0,No fault,True,-0.61
2026-08-12T14:31:15.901,1786537875.901942,29.223411,10,-30.000000,2.000000,201,-30.000000,0x03,left,-3.173488,-960,-0.161172,170,0,No fault,True,0x04,right,-2.668365,-1050,-0.161172,174,0,No fault,False,-0.51
2026-08-12T14:31:15.913,1786537875.913206,29.234638,10,-30.000000,2.000000,202,-30.000000,0x03,left,-3.876267,-1050,-0.131868,170,0,No fault,False,0x04,right,-3.612725,-1005,-0.178755,174,0,No fault,True,-0.26
2026-08-12T14:31:15.934,1786537875.934002,29.255434,10,-30.000000,2.000000,203,-30.000000,0x03,left,-5.128092,-1139,-0.090842,174,0,No fault,False,0x04,right,-4.337466,-916,-0.155311,174,0,No fault,True,-0.79
2026-08-12T14:31:15.947,1786537875.947860,29.269285,10,-30.000000,2.000000,204,-30.000000,0x03,left,-5.589291,-871,-0.184615,173,0,No fault,False,0x04,right,-5.193978,-960,-0.213919,174,0,No fault,True,-0.40
2026-08-12T14:31:15.958,1786537875.958825,29.280255,10,-30.000000,2.000000,205,-30.000000,0x03,left,-6.050490,-960,-0.196337,171,0,No fault,False,0x04,right,-5.413597,-871,-0.260806,174,0,No fault,True,-0.64
2026-08-12T14:31:15.969,1786537875.969860,29.291284,10,-30.000000,2.000000,206,-30.000000,0x03,left,-6.401880,-871,-0.155311,172,0,No fault,False,0x04,right,-5.896757,-782,-0.161172,170,0,No fault,True,-0.51
2026-08-12T14:31:15.983,1786537875.983604,29.305050,10,-30.000000,2.000000,207,-30.000000,0x03,left,-7.214468,-1184,-0.073260,173,0,No fault,False,0x04,right,-6.599537,-1005,-0.213919,173,0,No fault,True,-0.61
2026-08-12T14:31:15.994,1786537875.994964,29.316412,10,-30.000000,2.000000,208,-30.000000,0x03,left,-7.741553,-1094,-0.114286,172,0,No fault,False,0x04,right,-7.038774,-960,-0.225641,175,0,No fault,True,-0.70
2026-08-12T14:31:16.006,1786537876.006253,29.327680,10,-30.000000,2.000000,209,-30.000000,0x03,left,-8.422370,-1005,-0.137729,175,0,No fault,False,0x04,right,-7.543896,-1050,-0.184615,174,0,No fault,True,-0.88
2026-08-12T14:31:16.019,1786537876.019308,29.340735,10,-30.000000,2.000000,210,-30.000000,0x03,left,-8.861607,-960,-0.172894,169,0,No fault,False,0x04,right,-8.180790,-826,-0.237363,174,0,No fault,True,-0.68
2026-08-12T14:31:16.030,1786537876.030271,29.351721,10,-30.000000,2.000000,211,-30.000000,0x03,left,-9.256921,-826,-0.196337,171,0,No fault,False,0x04,right,-8.620027,-871,-0.196337,175,0,No fault,True,-0.64
2026-08-12T14:31:16.041,1786537876.041299,29.362728,10,-30.000000,2.000000,212,-30.000000,0x03,left,-9.762043,-1005,-0.084982,175,0,No fault,False,0x04,right,-9.103188,-1050,-0.155311,174,0,No fault,True,-0.66
2026-08-12T14:31:16.052,1786537876.052326,29.373751,10,-30.000000,2.000000,213,-30.000000,0x03,left,-10.464823,-916,-0.084982,173,0,No fault,False,0x04,right,-9.564387,-782,-0.202198,175,0,No fault,True,-0.90
2026-08-12T14:31:16.065,1786537876.065520,29.386948,10,-30.000000,2.000000,214,-30.000000,0x03,left,-10.904060,-1050,-0.149451,172,0,No fault,False,0x04,right,-10.201280,-692,-0.219780,174,0,No fault,True,-0.70
2026-08-12T14:31:16.076,1786537876.076469,29.397898,10,-30.000000,2.000000,215,-30.000000,0x03,left,-11.387220,-916,-0.161172,172,0,No fault,False,0x04,right,-10.662479,-826,-0.196337,174,0,No fault,True,-0.72
2026-08-12T14:31:16.087,1786537876.087370,29.408801,10,-30.000000,2.000000,216,-30.000000,0x03,left,-11.826457,-648,-0.172894,175,0,No fault,False,0x04,right,-11.101716,-826,-0.208059,174,0,No fault,True,-0.72
2026-08-12T14:31:16.107,1786537876.107692,29.429124,10,-30.000000,2.000000,217,-30.000000,0x03,left,-12.353542,-737,-0.167033,173,0,No fault,True,0x04,right,-11.760572,-871,-0.178755,174,0,No fault,False,-0.59
2026-08-12T14:31:16.120,1786537876.120755,29.442181,10,-30.000000,2.000000,218,-30.000000,0x03,left,-13.275940,-826,-0.079121,172,0,No fault,False,0x04,right,-12.704931,-960,-0.172894,173,0,No fault,True,-0.57
2026-08-12T14:31:16.141,1786537876.141924,29.463379,10,-30.000000,2.000000,219,-30.000000,0x03,left,-14.044604,-737,-0.196337,174,0,No fault,False,0x04,right,-13.385749,-692,-0.202198,174,0,No fault,True,-0.66
2026-08-12T14:31:16.156,1786537876.156480,29.477913,10,-30.000000,2.000000,220,-30.000000,0x03,left,-14.461880,-558,-0.260806,172,0,No fault,False,0x04,right,-13.956757,-692,-0.237363,175,0,No fault,True,-0.51
2026-08-12T14:31:16.167,1786537876.167603,29.489031,10,-30.000000,2.000000,221,-30.000000,0x03,left,-14.835231,-558,-0.225641,172,0,No fault,False,0x04,right,-14.439918,-916,-0.167033,173,0,No fault,True,-0.40
2026-08-12T14:31:16.181,1786537876.181962,29.503386,10,-30.000000,2.000000,222,-30.000000,0x03,left,-15.428201,-826,-0.155311,172,0,No fault,False,0x04,right,-15.032888,-1139,-0.190476,174,0,No fault,True,-0.40
2026-08-12T14:31:16.192,1786537876.192889,29.514313,10,-30.000000,2.000000,223,-30.000000,0x03,left,-15.867438,-1005,-0.126007,172,0,No fault,False,0x04,right,-15.428201,-1005,-0.219780,174,0,No fault,True,-0.44
2026-08-12T14:31:16.203,1786537876.203914,29.525337,10,-30.000000,2.000000,224,-30.000000,0x03,left,-16.548256,-826,-0.161172,173,0,No fault,False,0x04,right,-15.889400,-826,-0.190476,175,0,No fault,True,-0.66
2026-08-12T14:31:16.217,1786537876.217695,29.539116,10,-30.000000,2.000000,225,-30.000000,0x03,left,-16.965531,-1050,-0.196337,172,0,No fault,False,0x04,right,-16.438446,-871,-0.208059,174,0,No fault,True,-0.53
2026-08-12T14:31:16.228,1786537876.228584,29.550005,10,-30.000000,2.000000,226,-30.000000,0x03,left,-17.229073,-558,-0.237363,172,0,No fault,False,0x04,right,-16.789836,-692,-0.237363,174,0,No fault,True,-0.44
2026-08-12T14:31:16.243,1786537876.243645,29.565105,10,-30.000000,2.000000,227,-30.000000,0x03,left,-17.712234,-558,-0.249084,175,0,No fault,False,0x04,right,-17.426730,-1005,-0.108425,173,0,No fault,True,-0.29
2026-08-12T14:31:16.255,1786537876.255156,29.576597,10,-30.000000,2.000000,228,-30.000000,0x03,left,-18.239318,-737,-0.149451,167,0,No fault,False,0x04,right,-17.844005,-782,-0.155311,175,0,No fault,True,-0.40
2026-08-12T14:31:16.269,1786537876.269044,29.590475,10,-30.000000,2.000000,229,-30.000000,0x03,left,-18.678555,-1094,-0.102564,168,0,No fault,False,0x04,right,-18.436975,-826,-0.196337,173,0,No fault,True,-0.24
