wall_time_iso,wall_time_epoch_s,elapsed_s,phase_index,phase_command_position_deg,phase_duration_s,sample_index,command_position_deg,left_motor_id,left_motor_label,left_feedback_position_deg,left_feedback_speed_erpm,left_feedback_current_amps,left_feedback_temperature_c,left_feedback_error_code,left_feedback_error_description,left_is_fresh_feedback,right_motor_id,right_motor_label,right_feedback_position_deg,right_feedback_speed_erpm,right_feedback_current_amps,right_feedback_temperature_c,right_feedback_error_code,right_feedback_error_description,right_is_fresh_feedback,sync_error_deg
2026-08-11T16:49:52.555,1786459792.555035,0.008765,1,45.000000,2.800000,1,0.000000,0x02,single,-0.010928,26,-0.010989,25,0,No fault,False,,,,,,,,,,
2026-08-11T16:49:52.567,1786459792.567927,0.021616,1,45.000000,2.800000,2,0.007271,0x02,single,-0.010928,-97,-0.018315,25,0,No fault,False,,,,,,,,,,
2026-08-11T16:49:52.579,1786459792.579592,0.033262,1,45.000000,2.800000,3,0.024938,0x02,single,-0.010928,26,-0.018315,25,0,No fault,False,,,,,,,,,,
2026-08-11T16:49:52.593,1786459792.593773,0.047440,1,45.000000,2.800000,4,0.051182,0x02,single,-0.010928,-397,-0.040293,25,0,No fault,False,,,,,,,,,,
2026-08-11T16:49:52.605,1786459792.605023,0.058665,1,45.000000,2.800000,5,0.094963,0x02,single,-0.010928,-203,-0.032967,25,0,No fault,False,,,,,,,,,,
2026-08-11T16:49:52.616,1786459792.616179,0.069828,1,45.000000,2.800000,6,0.139358,0x02,single,-0.010928,256,0.010989,25,0,No fault,False,,,,,,,,,,
2026-08-11T16:49:52.629,1786459792.629707,0.083369,1,45.000000,2.800000,7,0.192380,0x02,single,-0.010928,115,-0.018315,25,0,No fault,False,,,,,,,,,,
2026-08-11T16:49:52.640,1786459792.640789,0.094427,1,45.000000,2.800000,8,0.268043,0x02,single,-0.010928,-115,0.018315,25,0,No fault,False,,,,,,,,,,
2026-08-11T16:49:52.651,1786459792.651905,0.105554,1,45.000000,2.800000,9,0.339071,0x02,single,0.010928,167,-0.010989,25,0,No fault,False,,,,,,,,,,
2026-08-11T16:49:52.665,1786459792.665646,0.119320,1,45.000000,2.800000,10,0.418558,0x02,single,0.010928,220,0.010989,25,0,No fault,False,,,,,,,,,,
2026-08-11T16:49:52.676,1786459792.676908,0.130550,1,45.000000,2.800000,11,0.529384,0x02,single,0.010928,79,-0.018315,25,0,No fault,False,,,,,,,,,,
2026-08-11T16:49:52.687,1786459792.687997,0.141648,1,45.000000,2.800000,12,0.627878,0x02,single,0.010928,185,0.003663,25,0,No fault,False,,,,,,,,,,
2026-08-11T16:49:52.701,1786459792.701518,0.155171,1,45.000000,2.800000,13,0.734185,0x02,single,0.010928,44,0.010989,25,0,No fault,False,,,,,,,,,,
2026-08-11T16:49:52.712,1786459792.712547,0.166186,1,45.000000,2.800000,14,0.875096,0x02,single,0.010928,-97,0.003663,25,0,No fault,False,,,,,,,,,,
2026-08-11T16:49:52.723,1786459792.723554,0.177204,1,45.000000,2.800000,15,0.998136,0x02,single,0.032785,62,0.025641,25,0,No fault,False,,,,,,,,,,
2026-08-11T16:49:52.734,1786459792.734492,0.188146,1,45.000000,2.800000,16,1.129644,0x02,single,0.010928,-379,0.003663,25,0,No fault,False,,,,,,,,,,
2026-08-11T16:49:52.751,1786459792.751634,0.205289,1,45.000000,2.800000,17,1.270162,0x02,single,0.054642,9,0.032967,25,0,No fault,False,,,,,,,,,,
2026-08-11T16:49:52.765,1786459792.765380,0.219033,1,45.000000,2.800000,18,1.501311,0x02,single,0.054642,-203,0.040293,25,0,No fault,False,,,,,,,,,,
2026-08-11T16:49:52.776,1786459792.776625,0.230275,1,45.000000,2.800000,19,1.701281,0x02,single,0.076499,-97,0.032967,25,0,No fault,False,,,,,,,,,,
2026-08-11T16:49:52.787,1786459792.787616,0.241254,1,45.000000,2.800000,20,1.872816,0x02,single,0.120213,132,0.032967,25,0,No fault,False,,,,,,,,,,
2026-08-11T16:49:52.801,1786459792.801062,0.254717,1,45.000000,2.800000,21,2.047963,0x02,single,0.142070,-79,0.054945,25,0,No fault,False,,,,,,,,,,
2026-08-11T16:49:52.812,1786459792.812123,0.265765,1,45.000000,2.800000,22,2.275052,0x02,single,0.163927,44,0.040293,25,0,No fault,False,,,,,,,,,,
2026-08-11T16:49:52.823,1786459792.823228,0.276880,1,45.000000,2.800000,23,2.469465,0x02,single,0.251355,326,0.069597,25,0,No fault,False,,,,,,,,,,
2026-08-11T16:49:52.836,1786459792.836721,0.290376,1,45.000000,2.800000,24,2.670946,0x02,single,0.273212,167,0.069597,25,0,No fault,False,,,,,,,,,,
2026-08-11T16:49:52.847,1786459792.847899,0.301537,1,45.000000,2.800000,25,2.929861,0x02,single,0.316926,-44,0.054945,25,0,No fault,False,,,,,,,,,,
2026-08-11T16:49:52.858,1786459792.858812,0.312464,1,45.000000,2.800000,26,3.146007,0x02,single,0.338783,291,0.084249,25,0,No fault,False,,,,,,,,,,
2026-08-11T16:49:52.872,1786459792.872425,0.326081,1,45.000000,2.800000,27,3.369217,0x02,single,0.404353,309,0.076923,25,0,No fault,False,,,,,,,,,,
2026-08-11T16:49:52.883,1786459792.883518,0.337159,1,45.000000,2.800000,28,3.656456,0x02,single,0.448067,-44,0.084249,25,0,No fault,False,,,,,,,,,,
2026-08-11T16:49:52.894,1786459792.894688,0.348335,1,45.000000,2.800000,29,3.896962,0x02,single,0.513638,150,0.069597,25,0,No fault,False,,,,,,,,,,
2026-08-11T16:49:52.908,1786459792.908249,0.361897,1,45.000000,2.800000,30,4.147937,0x02,single,0.601066,-9,0.062271,25,0,No fault,False,,,,,,,,,,
2026-08-11T16:49:52.919,1786459792.919324,0.372981,1,45.000000,2.800000,31,4.461220,0x02,single,0.688494,361,0.054945,25,0,No fault,False,,,,,,,,,,
2026-08-11T16:49:52.930,1786459792.930517,0.384163,1,45.000000,2.800000,32,4.725679,0x02,single,0.754064,238,0.062271,25,0,No fault,False,,,,,,,,,,
2026-08-11T16:49:52.944,1786459792.944289,0.397951,1,45.000000,2.800000,33,4.997118,0x02,single,0.841492,379,0.047619,25,0,No fault,False,,,,,,,,,,
2026-08-11T16:49:52.963,1786459792.963731,0.417438,1,45.000000,2.800000,34,5.343507,0x02,single,0.950777,9,0.025641,25,0,No fault,False,,,,,,,,,,
2026-08-11T16:49:52.977,1786459792.977091,0.430750,1,45.000000,2.800000,35,5.853412,0x02,single,1.060062,-150,0.069597,25,0,No fault,False,,,,,,,,,,
2026-08-11T16:49:52.988,1786459792.988670,0.442335,1,45.000000,2.800000,36,6.204216,0x02,single,1.147489,9,0.076923,25,0,No fault,False,,,,,,,,,,
2026-08-11T16:49:52.999,1786459792.999873,0.453526,1,45.000000,2.800000,37,6.521341,0x02,single,1.234917,326,0.069597,25,0,No fault,False,,,,,,,,,,
2026-08-11T16:49:53.013,1786459793.013117,0.466778,1,45.000000,2.800000,38,6.838092,0x02,single,1.387916,361,0.076923,25,0,No fault,False,,,,,,,,,,
2026-08-11T16:49:53.024,1786459793.024392,0.478047,1,45.000000,2.800000,39,7.211213,0x02,single,1.475343,-150,0.054945,25,0,No fault,False,,,,,,,,,,
2026-08-11T16:49:53.036,1786459793.036233,0.489920,1,45.000000,2.800000,40,7.550618,0x02,single,1.562771,115,0.069597,25,0,No fault,False,,,,,,,,,,
2026-08-11T16:49:53.049,1786459793.049013,0.502671,1,45.000000,2.800000,41,7.892325,0x02,single,1.759484,309,0.040293,25,0,No fault,False,,,,,,,,,,
2026-08-11T16:49:53.060,1786459793.060032,0.513674,1,45.000000,2.800000,42,8.274750,0x02,single,1.890625,238,0.032967,25,0,No fault,False,,,,,,,,,,
2026-08-11T16:49:53.070,1786459793.070946,0.524588,1,45.000000,2.800000,43,8.610153,0x02,single,1.956196,291,0.047619,25,0,No fault,False,,,,,,,,,,
2026-08-11T16:49:53.081,1786459793.081959,0.535608,1,45.000000,2.800000,44,8.949640,0x02,single,2.109195,273,0.062271,25,0,No fault,False,,,,,,,,,,
2026-08-11T16:49:53.095,1786459793.095044,0.548690,1,45.000000,2.800000,45,9.300806,0x02,single,2.305907,643,0.047619,25,0,No fault,False,,,,,,,,,,
2026-08-11T16:49:53.106,1786459793.106120,0.559807,1,45.000000,2.800000,46,9.717997,0x02,single,2.415192,467,0.047619,25,0,No fault,False,,,,,,,,,,
2026-08-11T16:49:53.117,1786459793.117246,0.570889,1,45.000000,2.800000,47,10.081368,0x02,single,2.546333,379,0.062271,25,0,No fault,False,,,,,,,,,,
2026-08-11T16:49:53.128,1786459793.128393,0.582041,1,45.000000,2.800000,48,10.445321,0x02,single,2.830474,273,0.054945,25,0,No fault,False,,,,,,,,,,
2026-08-11T16:49:53.141,1786459793.141167,0.594807,1,45.000000,2.800000,49,10.820736,0x02,single,2.961615,344,0.113553,25,0,No fault,False,,,,,,,,,,
2026-08-11T16:49:53.152,1786459793.152143,0.605790,1,45.000000,2.800000,50,11.246876,0x02,single,3.114614,203,0.032967,25,0,No fault,False,,,,,,,,,,
2026-08-11T16:49:53.170,1786459793.170014,0.623675,1,45.000000,2.800000,51,11.625674,0x02,single,3.267612,203,0.106227,25,0,No fault,False,,,,,,,,,,
2026-08-11T16:49:53.181,1786459793.181528,0.635175,1,45.000000,2.800000,52,12.246959,0x02,single,3.420611,555,0.084249,25,0,No fault,False,,,,,,,,,,
2026-08-11T16:49:53.192,1786459793.192716,0.646390,1,45.000000,2.800000,53,12.648293,0x02,single,3.595466,397,0.076923,25,0,No fault,False,,,,,,,,,,
2026-08-11T16:49:53.206,1786459793.206459,0.660117,1,45.000000,2.800000,54,13.076963,0x02,single,3.814036,326,0.054945,25,0,No fault,False,,,,,,,,,,
2026-08-11T16:49:53.217,1786459793.217730,0.671378,1,45.000000,2.800000,55,13.542082,0x02,single,3.901464,44,0.069597,25,0,No fault,False,,,,,,,,,,
2026-08-11T16:49:53.228,1786459793.228693,0.682337,1,45.000000,2.800000,56,13.944617,0x02,single,4.120033,203,0.040293,25,0,No fault,False,,,,,,,,,,
2026-08-11T16:49:53.242,1786459793.242326,0.695979,1,45.000000,2.800000,57,14.343715,0x02,single,4.404173,238,0.032967,25,0,No fault,False,,,,,,,,,,
2026-08-11T16:49:53.253,1786459793.253597,0.707250,1,45.000000,2.800000,58,14.847162,0x02,single,4.513458,220,0.069597,25,0,No fault,False,,,,,,,,,,
2026-08-11T16:49:53.264,1786459793.264964,0.718613,1,45.000000,2.800000,59,15.264532,0x02,single,4.688313,44,0.076923,25,0,No fault,False,,,,,,,,,,
2026-08-11T16:49:53.278,1786459793.278109,0.731762,1,45.000000,2.800000,60,15.690519,0x02,single,4.972454,203,0.040293,25,0,No fault,False,,,,,,,,,,
2026-08-11T16:49:53.289,1786459793.289195,0.742843,1,45.000000,2.800000,61,16.181880,0x02,single,5.125452,414,0.098901,25,0,No fault,False,,,,,,,,,,
2026-08-11T16:49:53.300,1786459793.300248,0.753893,1,45.000000,2.800000,62,16.599809,0x02,single,5.300308,97,0.047619,25,0,No fault,False,,,,,,,,,,
2026-08-11T16:49:53.311,1786459793.311266,0.764917,1,45.000000,2.800000,63,17.019312,0x02,single,5.540734,361,0.076923,25,0,No fault,False,,,,,,,,,,
2026-08-11T16:49:53.324,1786459793.324408,0.778048,1,45.000000,2.800000,64,17.444639,0x02,single,5.824874,185,0.076923,25,0,No fault,False,,,,,,,,,,
2026-08-11T16:49:53.335,1786459793.335543,0.789195,1,45.000000,2.800000,65,17.943823,0x02,single,5.956016,397,0.047619,25,0,No fault,False,,,,,,,,,,
2026-08-11T16:49:53.346,1786459793.346802,0.800451,1,45.000000,2.800000,66,18.374451,0x02,single,6.152728,220,0.098901,25,0,No fault,False,,,,,,,,,,
2026-08-11T16:49:53.360,1786459793.360351,0.813995,1,45.000000,2.800000,67,18.809062,0x02,single,6.371298,502,0.084249,25,0,No fault,False,,,,,,,,,,
2026-08-11T16:49:53.379,1786459793.379060,0.832724,1,45.000000,2.800000,68,19.334390,0x02,single,6.677295,608,0.069597,25,0,No fault,False,,,,,,,,,,
2026-08-11T16:49:53.392,1786459793.392260,0.845921,1,45.000000,2.800000,69,20.070728,0x02,single,6.939578,132,0.062271,25,0,No fault,False,,,,,,,,,,
2026-08-11T16:49:53.403,1786459793.403577,0.857240,1,45.000000,2.800000,70,20.583048,0x02,single,7.158147,203,0.076923,25,0,No fault,False,,,,,,,,,,
2026-08-11T16:49:53.414,1786459793.414852,0.868501,1,45.000000,2.800000,71,21.026077,0x02,single,7.398574,450,0.062271,25,0,No fault,False,,,,,,,,,,
2026-08-11T16:49:53.427,1786459793.427998,0.881648,1,45.000000,2.800000,72,21.470563,0x02,single,7.988711,555,0.062271,25,0,No fault,False,,,,,,,,,,
2026-08-11T16:49:53.439,1786459793.439230,0.892884,1,45.000000,2.800000,73,21.982032,0x02,single,8.141710,397,0.076923,25,0,No fault,False,,,,,,,,,,
2026-08-11T16:49:53.450,1786459793.450361,0.904014,1,45.000000,2.800000,74,22.423053,0x02,single,8.338422,467,0.069597,25,0,No fault,False,,,,,,,,,,
2026-08-11T16:49:53.464,1786459793.464032,0.917675,1,45.000000,2.800000,75,22.859642,0x02,single,8.666276,591,0.069597,25,0,No fault,False,,,,,,,,,,
2026-08-11T16:49:53.475,1786459793.475046,0.928688,1,45.000000,2.800000,76,23.394400,0x02,single,8.862989,538,0.098901,25,0,No fault,False,,,,,,,,,,
2026-08-11T16:49:53.486,1786459793.486075,0.939727,1,45.000000,2.800000,77,23.826644,0x02,single,9.103415,591,0.047619,25,0,No fault,False,,,,,,,,,,
2026-08-11T16:49:53.497,1786459793.497525,0.951236,1,45.000000,2.800000,78,24.260191,0x02,single,9.343841,538,0.084249,25,0,No fault,False,,,,,,,,,,
2026-08-11T16:49:53.510,1786459793.510341,0.964000,1,45.000000,2.800000,79,24.715710,0x02,single,9.671695,485,0.098901,25,0,No fault,False,,,,,,,,,,
2026-08-11T16:49:53.521,1786459793.521817,0.975470,1,45.000000,2.800000,80,25.213747,0x02,single,9.890265,361,0.069597,25,0,No fault,False,,,,,,,,,,
2026-08-11T16:49:53.533,1786459793.533046,0.986691,1,45.000000,2.800000,81,25.658489,0x02,single,10.174405,467,0.091575,25,0,No fault,False,,,,,,,,,,
2026-08-11T16:49:53.546,1786459793.546258,0.999915,1,45.000000,2.800000,82,26.095597,0x02,single,10.524116,344,0.040293,25,0,No fault,False,,,,,,,,,,
2026-08-11T16:49:53.557,1786459793.557560,1.011223,1,45.000000,2.800000,83,26.603603,0x02,single,10.720829,309,0.091575,25,0,No fault,False,,,,,,,,,,
2026-08-11T16:49:53.568,1786459793.568961,1.022614,1,45.000000,2.800000,84,27.039830,0x02,single,11.048683,467,0.040293,25,0,No fault,False,,,,,,,,,,
2026-08-11T16:49:53.590,1786459793.590621,1.044322,1,45.000000,2.800000,85,27.482472,0x02,single,11.398394,397,0.054945,25,0,No fault,False,,,,,,,,,,
2026-08-11T16:49:53.603,1786459793.603861,1.057521,1,45.000000,2.800000,86,28.309710,0x02,single,11.748105,361,0.076923,25,0,No fault,False,,,,,,,,,,
2026-08-11T16:49:53.615,1786459793.615111,1.068762,1,45.000000,2.800000,87,28.804094,0x02,single,11.944817,309,0.098901,25,0,No fault,False,,,,,,,,,,
2026-08-11T16:49:53.626,1786459793.626125,1.079771,1,45.000000,2.800000,88,29.224351,0x02,single,12.228957,679,0.084249,25,0,No fault,False,,,,,,,,,,
2026-08-11T16:49:53.639,1786459793.639746,1.093396,1,45.000000,2.800000,89,29.635732,0x02,single,12.622382,538,0.054945,25,0,No fault,False,,,,,,,,,,
2026-08-11T16:49:53.651,1786459793.651115,1.104775,1,45.000000,2.800000,90,30.141311,0x02,single,12.819095,573,0.091575,25,0,No fault,False,,,,,,,,,,
2026-08-11T16:49:53.662,1786459793.662534,1.116190,1,45.000000,2.800000,91,30.566279,0x02,single,13.081378,538,0.054945,25,0,No fault,False,,,,,,,,,,
2026-08-11T16:49:53.675,1786459793.675753,1.129412,1,45.000000,2.800000,92,30.980100,0x02,single,13.496660,661,0.054945,25,0,No fault,False,,,,,,,,,,
2026-08-11T16:49:53.687,1786459793.687145,1.140803,1,45.000000,2.800000,93,31.456628,0x02,single,13.715229,361,0.084249,25,0,No fault,False,,,,,,,,,,
2026-08-11T16:49:53.701,1786459793.701370,1.155039,1,45.000000,2.800000,94,31.866163,0x02,single,14.108654,626,0.098901,25,0,No fault,False,,,,,,,,,,
2026-08-11T16:49:53.712,1786459793.712866,1.166519,1,45.000000,2.800000,95,32.374091,0x02,single,14.392794,538,0.062271,25,0,No fault,False,,,,,,,,,,
2026-08-11T16:49:53.724,1786459793.724202,1.177852,1,45.000000,2.800000,96,32.773810,0x02,single,14.961075,591,0.062271,25,0,No fault,False,,,,,,,,,,
2026-08-11T16:49:53.737,1786459793.737034,1.190681,1,45.000000,2.800000,97,33.174334,0x02,single,15.223358,256,0.098901,25,0,No fault,False,,,,,,,,,,
2026-08-11T16:49:53.748,1786459793.748241,1.201894,1,45.000000,2.800000,98,33.607829,0x02,single,15.485641,538,0.062271,25,0,No fault,False,,,,,,,,,,
2026-08-11T16:49:53.759,1786459793.759541,1.213201,1,45.000000,2.800000,99,33.988658,0x02,single,15.791638,573,0.062271,25,0,No fault,False,,,,,,,,,,
2026-08-11T16:49:53.772,1786459793.772895,1.226555,1,45.000000,2.800000,100,34.374505,0x02,single,16.163206,414,0.120879,25,0,No fault,False,,,,,,,,,,
2026-08-11T16:49:53.793,1786459793.793755,1.247415,1,45.000000,2.800000,101,34.811016,0x02,single,16.425490,573,0.098901,25,0,No fault,False,,,,,,,,,,
2026-08-11T16:49:53.805,1786459793.805398,1.259217,1,45.000000,2.800000,102,35.491505,0x02,single,16.840771,626,0.076923,25,0,No fault,False,,,,,,,,,,
2026-08-11T16:49:53.816,1786459793.816770,1.270418,1,45.000000,2.800000,103,35.864297,0x02,single,17.124912,538,0.113553,25,0,No fault,False,,,,,,,,,,
2026-08-11T16:49:53.830,1786459793.830444,1.284097,1,45.000000,2.800000,104,36.213982,0x02,single,17.518336,626,0.091575,25,0,No fault,False,,,,,,,,,,
2026-08-11T16:49:53.841,1786459793.841541,1.295187,1,45.000000,2.800000,105,36.636869,0x02,single,17.780620,379,0.084249,25,0,No fault,False,,,,,,,,,,
2026-08-11T16:49:53.852,1786459793.852659,1.306305,1,45.000000,2.800000,106,36.972600,0x02,single,18.130331,608,0.047619,25,0,No fault,False,,,,,,,,,,
2026-08-11T16:49:53.866,1786459793.866356,1.320002,1,45.000000,2.800000,107,37.307773,0x02,single,18.501899,573,0.084249,25,0,No fault,False,,,,,,,,,,
2026-08-11T16:49:53.877,1786459793.877387,1.331033,1,45.000000,2.800000,108,37.704841,0x02,single,18.720468,414,0.084249,25,0,No fault,False,,,,,,,,,,
2026-08-11T16:49:53.888,1786459793.888476,1.342118,1,45.000000,2.800000,109,38.021489,0x02,single,19.070179,502,0.040293,25,0,No fault,False,,,,,,,,,,
2026-08-11T16:49:53.902,1786459793.902091,1.355752,1,45.000000,2.800000,110,38.333378,0x02,single,19.485461,185,0.076923,25,0,No fault,False,,,,,,,,,,
2026-08-11T16:49:53.913,1786459793.913336,1.366985,1,45.000000,2.800000,111,38.710631,0x02,single,19.704030,273,0.062271,25,0,No fault,False,,,,,,,,,,
2026-08-11T16:49:53.924,1786459793.924507,1.378160,1,45.000000,2.800000,112,39.012496,0x02,single,19.988171,432,0.069597,25,0,No fault,False,,,,,,,,,,
2026-08-11T16:49:53.938,1786459793.938197,1.391869,1,45.000000,2.800000,113,39.307543,0x02,single,20.447166,696,0.076923,25,0,No fault,False,,,,,,,,,,
2026-08-11T16:49:53.950,1786459793.950013,1.403680,1,45.000000,2.800000,114,39.668268,0x02,single,20.665736,273,0.084249,25,0,No fault,False,,,,,,,,,,
2026-08-11T16:49:53.963,1786459793.963993,1.417664,1,45.000000,2.800000,115,39.958702,0x02,single,21.081018,520,0.106227,25,0,No fault,False,,,,,,,,,,
2026-08-11T16:49:53.975,1786459793.975101,1.428752,1,45.000000,2.800000,116,40.298528,0x02,single,21.387015,626,0.040293,25,0,No fault,False,,,,,,,,,,
2026-08-11T16:49:53.997,1786459793.997486,1.451184,1,45.000000,2.800000,117,40.561994,0x02,single,21.824153,591,0.062271,25,0,No fault,False,,,,,,,,,,
2026-08-11T16:49:54.009,1786459794.009266,1.462926,1,45.000000,2.800000,118,41.073551,0x02,single,22.064580,167,0.091575,25,0,No fault,False,,,,,,,,,,
2026-08-11T16:49:54.020,1786459794.020532,1.474192,1,45.000000,2.800000,119,41.330619,0x02,single,22.392434,467,0.047619,25,0,No fault,False,,,,,,,,,,
2026-08-11T16:49:54.033,1786459794.033704,1.487359,1,45.000000,2.800000,120,41.570495,0x02,single,23.069999,450,0.054945,25,0,No fault,False,,,,,,,,,,
2026-08-11T16:49:54.044,1786459794.044916,1.498568,1,45.000000,2.800000,121,41.837239,0x02,single,23.288568,520,0.098901,25,0,No fault,False,,,,,,,,,,
2026-08-11T16:49:54.056,1786459794.056216,1.509864,1,45.000000,2.800000,122,42.058268,0x02,single,23.572709,626,0.047619,25,0,No fault,False,,,,,,,,,,
2026-08-11T16:49:54.067,1786459794.067571,1.521228,1,45.000000,2.800000,123,42.273409,0x02,single,23.856849,732,0.076923,25,0,No fault,False,,,,,,,,,,
2026-08-11T16:49:54.080,1786459794.080474,1.534135,1,45.000000,2.800000,124,42.484201,0x02,single,24.272131,785,0.062271,25,0,No fault,False,,,,,,,,,,
2026-08-11T16:49:54.091,1786459794.091754,1.545400,1,45.000000,2.800000,125,42.711249,0x02,single,24.534414,397,0.084249,25,0,No fault,False,,,,,,,,,,
2026-08-11T16:49:54.103,1786459794.103026,1.556674,1,45.000000,2.800000,126,42.901020,0x02,single,24.862268,767,0.054945,25,0,No fault,False,,,,,,,,,,
2026-08-11T16:49:54.116,1786459794.116241,1.569896,1,45.000000,2.800000,127,43.085315,0x02,single,25.233836,326,0.091575,25,0,No fault,False,,,,,,,,,,
2026-08-11T16:49:54.127,1786459794.127435,1.581082,1,45.000000,2.800000,128,43.288248,0x02,single,25.474262,767,0.091575,25,0,No fault,False,,,,,,,,,,
2026-08-11T16:49:54.138,1786459794.138710,1.592356,1,45.000000,2.800000,129,43.451983,0x02,single,25.823973,643,0.054945,25,0,No fault,False,,,,,,,,,,
2026-08-11T16:49:54.152,1786459794.152341,1.605995,1,45.000000,2.800000,130,43.609258,0x02,single,26.217398,555,0.076923,25,0,No fault,False,,,,,,,,,,
2026-08-11T16:49:54.163,1786459794.163492,1.617137,1,45.000000,2.800000,131,43.788866,0x02,single,26.414111,485,0.084249,25,0,No fault,False,,,,,,,,,,
2026-08-11T16:49:54.174,1786459794.174692,1.628340,1,45.000000,2.800000,132,43.926117,0x02,single,26.763822,749,0.062271,25,0,No fault,False,,,,,,,,,,
2026-08-11T16:49:54.188,1786459794.188334,1.641986,1,45.000000,2.800000,133,44.056499,0x02,single,27.004248,591,0.106227,25,0,No fault,False,,,,,,,,,,
2026-08-11T16:49:54.207,1786459794.207231,1.660893,1,45.000000,2.800000,134,44.205045,0x02,single,27.375816,432,0.076923,25,0,No fault,False,,,,,,,,,,
2026-08-11T16:49:54.220,1786459794.220443,1.674092,1,45.000000,2.800000,135,44.389242,0x02,single,27.812955,485,0.091575,25,0,No fault,False,,,,,,,,,,
2026-08-11T16:49:54.231,1786459794.231631,1.685271,1,45.000000,2.800000,136,44.502506,0x02,single,28.162666,890,0.054945,25,0,No fault,False,,,,,,,,,,
2026-08-11T16:49:54.242,1786459794.242658,1.696297,1,45.000000,2.800000,137,44.589692,0x02,single,28.337521,273,0.069597,25,0,No fault,False,,,,,,,,,,
2026-08-11T16:49:54.253,1786459794.253700,1.707337,1,45.000000,2.800000,138,44.667830,0x02,single,28.621661,502,0.084249,25,0,No fault,False,,,,,,,,,,
2026-08-11T16:49:54.266,1786459794.266631,1.720271,1,45.000000,2.800000,139,44.738811,0x02,single,29.036943,538,0.040293,25,0,No fault,False,,,,,,,,,,
2026-08-11T16:49:54.277,1786459794.277542,1.731177,1,45.000000,2.800000,140,44.809543,0x02,single,29.277370,467,0.113553,25,0,No fault,False,,,,,,,,,,
2026-08-11T16:49:54.288,1786459794.288444,1.742079,1,45.000000,2.800000,141,44.861105,0x02,single,29.539653,361,0.076923,25,0,No fault,False,,,,,,,,,,
2026-08-11T16:49:54.299,1786459794.299436,1.753072,1,45.000000,2.800000,142,44.904504,0x02,single,29.845650,520,0.047619,25,0,No fault,False,,,,,,,,,,
2026-08-11T16:49:54.312,1786459794.312538,1.766177,1,45.000000,2.800000,143,44.940407,0x02,single,30.588786,309,0.054945,25,0,No fault,False,,,,,,,,,,
2026-08-11T16:49:54.323,1786459794.323443,1.777077,1,45.000000,2.800000,144,44.971766,0x02,single,30.763641,802,0.084249,25,0,No fault,False,,,,,,,,,,
2026-08-11T16:49:54.334,1786459794.334318,1.787951,1,45.000000,2.800000,145,44.989147,0x02,single,30.938497,538,0.062271,25,0,No fault,False,,,,,,,,,,
2026-08-11T16:49:54.345,1786459794.345181,1.798818,1,45.000000,2.800000,146,44.998352,0x02,single,31.113352,696,0.157509,25,0,No fault,False,,,,,,,,,,
2026-08-11T16:49:54.356,1786459794.356321,1.809966,1,45.000000,2.800000,147,45.000000,0x02,single,31.441207,397,0.018315,25,0,No fault,False,,,,,,,,,,
2026-08-11T16:49:54.369,1786459794.369173,1.822822,1,45.000000,2.800000,148,45.000000,0x02,single,31.856488,961,0.054945,25,0,No fault,False,,,,,,,,,,
2026-08-11T16:49:54.380,1786459794.380145,1.833783,1,45.000000,2.800000,149,45.000000,0x02,single,32.009487,432,0.069597,25,0,No fault,False,,,,,,,,,,
2026-08-11T16:49:54.391,1786459794.391051,1.844686,1,45.000000,2.800000,150,45.000000,0x02,single,32.337341,626,0.047619,25,0,No fault,False,,,,,,,,,,
2026-08-11T16:49:54.412,1786459794.412701,1.866367,1,45.000000,2.800000,151,45.000000,0x02,single,32.708909,450,0.069597,25,0,No fault,False,,,,,,,,,,
2026-08-11T16:49:54.424,1786459794.424162,1.877828,1,45.000000,2.800000,152,45.000000,0x02,single,32.905621,661,0.084249,25,0,No fault,False,,,,,,,,,,
2026-08-11T16:49:54.435,1786459794.435630,1.889314,1,45.000000,2.800000,153,45.000000,0x02,single,33.189762,696,0.054945,25,0,No fault,False,,,,,,,,,,
2026-08-11T16:49:54.448,1786459794.448921,1.902586,1,45.000000,2.800000,154,45.000000,0x02,single,33.517616,326,0.084249,25,0,No fault,False,,,,,,,,,,
2026-08-11T16:49:54.460,1786459794.460426,1.914079,1,45.000000,2.800000,155,45.000000,0x02,single,33.736185,573,0.106227,25,0,No fault,False,,,,,,,,,,
2026-08-11T16:49:54.471,1786459794.471643,1.925319,1,45.000000,2.800000,156,45.000000,0x02,single,33.976611,414,0.069597,25,0,No fault,False,,,,,,,,,,
2026-08-11T16:49:54.484,1786459794.484799,1.938432,1,45.000000,2.800000,157,45.000000,0x02,single,34.348179,749,0.069597,25,0,No fault,False,,,,,,,,,,
2026-08-11T16:49:54.495,1786459794.495792,1.949449,1,45.000000,2.800000,158,45.000000,0x02,single,34.588606,467,0.106227,25,0,No fault,False,,,,,,,,,,
2026-08-11T16:49:54.507,1786459794.507086,1.960735,1,45.000000,2.800000,159,45.000000,0x02,single,34.785318,538,0.076923,25,0,No fault,False,,,,,,,,,,
2026-08-11T16:49:54.520,1786459794.520738,1.974389,1,45.000000,2.800000,160,45.000000,0x02,single,35.135029,414,0.091575,25,0,No fault,False,,,,,,,,,,
2026-08-11T16:49:54.531,1786459794.531911,1.985552,1,45.000000,2.800000,161,45.000000,0x02,single,35.397312,167,0.054945,25,0,No fault,False,,,,,,,,,,
2026-08-11T16:49:54.542,1786459794.542970,1.996617,1,45.000000,2.800000,162,45.000000,0x02,single,35.550311,467,0.062271,25,0,No fault,False,,,,,,,,,,
2026-08-11T16:49:54.556,1786459794.556544,2.010196,1,45.000000,2.800000,163,45.000000,0x02,single,35.921879,291,0.062271,25,0,No fault,False,,,,,,,,,,
2026-08-11T16:49:54.567,1786459794.567587,2.021229,1,45.000000,2.800000,164,45.000000,0x02,single,36.184162,502,0.062271,25,0,No fault,False,,,,,,,,,,
2026-08-11T16:49:54.578,1786459794.578613,2.032259,1,45.000000,2.800000,165,45.000000,0x02,single,36.337161,555,0.054945,25,0,No fault,False,,,,,,,,,,
2026-08-11T16:49:54.592,1786459794.592493,2.046153,1,45.000000,2.800000,166,45.000000,0x02,single,36.643158,97,0.069597,25,0,No fault,False,,,,,,,,,,
2026-08-11T16:49:54.614,1786459794.614432,2.068085,1,45.000000,2.800000,167,45.000000,0x02,single,37.277009,361,0.084249,25,0,No fault,False,,,,,,,,,,
2026-08-11T16:49:54.626,1786459794.626011,2.079663,1,45.000000,2.800000,168,45.000000,0x02,single,37.408151,326,0.091575,25,0,No fault,False,,,,,,,,,,
2026-08-11T16:49:54.637,1786459794.637084,2.090727,1,45.000000,2.800000,169,45.000000,0x02,single,37.583006,450,0.106227,25,0,No fault,False,,,,,,,,,,
2026-08-11T16:49:54.650,1786459794.650683,2.104327,1,45.000000,2.800000,170,45.000000,0x02,single,37.889004,591,0.106227,25,0,No fault,False,,,,,,,,,,
2026-08-11T16:49:54.661,1786459794.661803,2.115449,1,45.000000,2.800000,171,45.000000,0x02,single,38.107573,608,0.076923,25,0,No fault,False,,,,,,,,,,
2026-08-11T16:49:54.672,1786459794.672827,2.126468,1,45.000000,2.800000,172,45.000000,0x02,single,38.238715,344,0.069597,25,0,No fault,False,,,,,,,,,,
2026-08-11T16:49:54.686,1786459794.686489,2.140148,1,45.000000,2.800000,173,45.000000,0x02,single,38.522855,450,0.076923,25,0,No fault,False,,,,,,,,,,
2026-08-11T16:49:54.697,1786459794.697881,2.151552,1,45.000000,2.800000,174,45.000000,0x02,single,38.741424,132,0.069597,25,0,No fault,False,,,,,,,,,,
2026-08-11T16:49:54.709,1786459794.709128,2.162772,1,45.000000,2.800000,175,45.000000,0x02,single,38.894423,256,0.084249,25,0,No fault,False,,,,,,,,,,
2026-08-11T16:49:54.722,1786459794.722268,2.175926,1,45.000000,2.800000,176,45.000000,0x02,single,39.178563,167,0.062271,25,0,No fault,False,,,,,,,,,,
2026-08-11T16:49:54.733,1786459794.733299,2.186949,1,45.000000,2.800000,177,45.000000,0x02,single,39.375275,555,0.062271,25,0,No fault,False,,,,,,,,,,
2026-08-11T16:49:54.744,1786459794.744342,2.197983,1,45.000000,2.800000,178,45.000000,0x02,single,39.528274,344,0.076923,25,0,No fault,False,,,,,,,,,,
2026-08-11T16:49:54.755,1786459794.755416,2.209065,1,45.000000,2.800000,179,45.000000,0x02,single,39.681272,291,0.069597,25,0,No fault,False,,,,,,,,,,
2026-08-11T16:49:54.768,1786459794.768224,2.221875,1,45.000000,2.800000,180,45.000000,0x02,single,39.943556,309,0.098901,25,0,No fault,False,,,,,,,,,,
2026-08-11T16:49:54.779,1786459794.779221,2.232857,1,45.000000,2.800000,181,45.000000,0x02,single,40.140268,309,0.062271,25,0,No fault,False,,,,,,,,,,
2026-08-11T16:49:54.790,1786459794.790197,2.243841,1,45.000000,2.800000,182,45.000000,0x02,single,40.249553,326,0.084249,25,0,No fault,False,,,,,,,,,,
2026-08-11T16:49:54.801,1786459794.801157,2.254816,1,45.000000,2.800000,183,45.000000,0x02,single,40.446265,203,0.047619,25,0,No fault,False,,,,,,,,,,
2026-08-11T16:49:54.822,1786459794.822443,2.276102,1,45.000000,2.800000,184,45.000000,0x02,single,40.686692,414,0.054945,25,0,No fault,False,,,,,,,,,,
2026-08-11T16:49:54.836,1786459794.836313,2.289967,1,45.000000,2.800000,185,45.000000,0x02,single,40.905261,220,0.091575,25,0,No fault,False,,,,,,,,,,
2026-08-11T16:49:54.847,1786459794.847480,2.301123,1,45.000000,2.800000,186,45.000000,0x02,single,41.014546,256,0.084249,25,0,No fault,False,,,,,,,,,,
2026-08-11T16:49:54.858,1786459794.858516,2.312159,1,45.000000,2.800000,187,45.000000,0x02,single,41.189401,450,0.054945,25,0,No fault,False,,,,,,,,,,
2026-08-11T16:49:54.869,1786459794.869643,2.323285,1,45.000000,2.800000,188,45.000000,0x02,single,41.298686,115,0.076923,25,0,No fault,False,,,,,,,,,,
2026-08-11T16:49:54.882,1786459794.882471,2.336113,1,45.000000,2.800000,189,45.000000,0x02,single,41.495398,238,0.084249,25,0,No fault,False,,,,,,,,,,
2026-08-11T16:49:54.893,1786459794.893491,2.347134,1,45.000000,2.800000,190,45.000000,0x02,single,41.648397,185,0.076923,25,0,No fault,False,,,,,,,,,,
2026-08-11T16:49:54.904,1786459794.904540,2.358182,1,45.000000,2.800000,191,45.000000,0x02,single,41.910680,167,0.113553,25,0,No fault,False,,,,,,,,,,
2026-08-11T16:49:54.915,1786459794.915594,2.369243,1,45.000000,2.800000,192,45.000000,0x02,single,41.954394,-9,0.135531,25,0,No fault,False,,,,,,,,,,
2026-08-11T16:49:54.928,1786459794.928424,2.382080,1,45.000000,2.800000,193,45.000000,0x02,single,42.129250,203,0.084249,25,0,No fault,False,,,,,,,,,,
2026-08-11T16:49:54.939,1786459794.939519,2.393166,1,45.000000,2.800000,194,45.000000,0x02,single,42.238534,361,0.098901,25,0,No fault,False,,,,,,,,,,
2026-08-11T16:49:54.950,1786459794.950701,2.404351,1,45.000000,2.800000,195,45.000000,0x02,single,42.325962,185,0.084249,25,0,No fault,False,,,,,,,,,,
2026-08-11T16:49:54.962,1786459794.962883,2.416523,1,45.000000,2.800000,196,45.000000,0x02,single,42.478961,-9,0.069597,25,0,No fault,False,,,,,,,,,,
2026-08-11T16:49:54.974,1786459794.974887,2.428558,1,45.000000,2.800000,197,45.000000,0x02,single,42.610102,273,0.069597,25,0,No fault,False,,,,,,,,,,
2026-08-11T16:49:54.985,1786459794.985865,2.439513,1,45.000000,2.800000,198,45.000000,0x02,single,42.653816,9,0.120879,25,0,No fault,False,,,,,,,,,,
2026-08-11T16:49:54.996,1786459794.996958,2.450617,1,45.000000,2.800000,199,45.000000,0x02,single,42.784958,-26,0.054945,25,0,No fault,False,,,,,,,,,,
2026-08-11T16:49:55.010,1786459795.010694,2.464343,1,45.000000,2.800000,200,45.000000,0x02,single,42.894243,185,0.047619,25,0,No fault,False,,,,,,,,,,
2026-08-11T16:49:55.028,1786459795.028599,2.482262,1,45.000000,2.800000,201,45.000000,0x02,single,43.003527,44,0.076923,25,0,No fault,False,,,,,,,,,,
2026-08-11T16:49:55.041,1786459795.041785,2.495440,1,45.000000,2.800000,202,45.000000,0x02,single,43.134669,397,0.091575,25,0,No fault,False,,,,,,,,,,
2026-08-11T16:49:55.053,1786459795.053003,2.506654,1,45.000000,2.800000,203,45.000000,0x02,single,43.222097,79,0.062271,25,0,No fault,False,,,,,,,,,,
2026-08-11T16:49:55.064,1786459795.064044,2.517691,1,45.000000,2.800000,204,45.000000,0x02,single,43.309524,79,0.084249,25,0,No fault,False,,,,,,,,,,
2026-08-11T16:49:55.077,1786459795.077632,2.531283,1,45.000000,2.800000,205,45.000000,0x02,single,43.396952,132,0.076923,25,0,No fault,False,,,,,,,,,,
2026-08-11T16:49:55.088,1786459795.088710,2.542350,1,45.000000,2.800000,206,45.000000,0x02,single,43.440666,203,0.091575,25,0,No fault,False,,,,,,,,,,
2026-08-11T16:49:55.099,1786459795.099669,2.553307,1,45.000000,2.800000,207,45.000000,0x02,single,43.528094,291,0.069597,25,0,No fault,False,,,,,,,,,,
2026-08-11T16:49:55.110,1786459795.110757,2.564423,1,45.000000,2.800000,208,45.000000,0x02,single,43.571808,9,0.069597,25,0,No fault,False,,,,,,,,,,
2026-08-11T16:49:55.123,1786459795.123613,2.577263,1,45.000000,2.800000,209,45.000000,0x02,single,43.659235,-62,0.069597,25,0,No fault,False,,,,,,,,,,
2026-08-11T16:49:55.134,1786459795.134709,2.588348,1,45.000000,2.800000,210,45.000000,0x02,single,43.702949,-79,0.098901,25,0,No fault,False,,,,,,,,,,
2026-08-11T16:49:55.145,1786459795.145578,2.599216,1,45.000000,2.800000,211,45.000000,0x02,single,43.768520,150,0.076923,25,0,No fault,False,,,,,,,,,,
2026-08-11T16:49:55.156,1786459795.156601,2.610245,1,45.000000,2.800000,212,45.000000,0x02,single,43.812234,361,0.076923,25,0,No fault,False,,,,,,,,,,
2026-08-11T16:49:55.169,1786459795.169772,2.623421,1,45.000000,2.800000,213,45.000000,0x02,single,43.877805,309,0.069597,25,0,No fault,False,,,,,,,,,,
2026-08-11T16:49:55.180,1786459795.180845,2.634494,1,45.000000,2.800000,214,45.000000,0x02,single,43.921519,26,0.084249,25,0,No fault,False,,,,,,,,,,
2026-08-11T16:49:55.192,1786459795.192234,2.645884,1,45.000000,2.800000,215,45.000000,0x02,single,43.965233,273,0.084249,25,0,No fault,False,,,,,,,,,,
2026-08-11T16:49:55.205,1786459795.205996,2.659651,1,45.000000,2.800000,216,45.000000,0x02,single,44.030803,132,0.069597,25,0,No fault,False,,,,,,,,,,
2026-08-11T16:49:55.217,1786459795.217135,2.670781,1,45.000000,2.800000,217,45.000000,0x02,single,44.052660,44,0.091575,25,0,No fault,False,,,,,,,,,,
2026-08-11T16:49:55.237,1786459795.237377,2.691041,1,45.000000,2.800000,218,45.000000,0x02,single,44.074517,26,0.091575,25,0,No fault,False,,,,,,,,,,
2026-08-11T16:49:55.248,1786459795.248888,2.702533,1,45.000000,2.800000,219,45.000000,0x02,single,44.096374,-9,0.076923,25,0,No fault,False,,,,,,,,,,
2026-08-11T16:49:55.259,1786459795.259981,2.713634,1,45.000000,2.800000,220,45.000000,0x02,single,44.140088,256,0.091575,25,0,No fault,False,,,,,,,,,,
2026-08-11T16:49:55.273,1786459795.273678,2.727332,1,45.000000,2.800000,221,45.000000,0x02,single,44.140088,62,0.076923,25,0,No fault,False,,,,,,,,,,
2026-08-11T16:49:55.284,1786459795.284774,2.738413,1,45.000000,2.800000,222,45.000000,0x02,single,44.161945,62,0.098901,25,0,No fault,False,,,,,,,,,,
2026-08-11T16:49:55.295,1786459795.295779,2.749429,1,45.000000,2.800000,223,45.000000,0x02,single,44.183802,-9,0.069597,25,0,No fault,False,,,,,,,,,,
2026-08-11T16:49:55.309,1786459795.309369,2.763012,1,45.000000,2.800000,224,45.000000,0x02,single,44.205659,-150,0.084249,25,0,No fault,False,,,,,,,,,,
2026-08-11T16:49:55.320,1786459795.320370,2.774014,1,45.000000,2.800000,225,45.000000,0x02,single,44.205659,-167,0.098901,25,0,No fault,False,,,,,,,,,,
2026-08-11T16:49:55.331,1786459795.331294,2.784943,1,45.000000,2.800000,226,45.000000,0x02,single,44.249373,203,0.054945,25,0,No fault,False,,,,,,,,,,
2026-08-11T16:49:55.342,1786459795.342362,2.796009,1,45.000000,2.800000,227,45.000000,0x02,single,44.249373,291,0.084249,25,0,No fault,False,,,,,,,,,,
2026-08-11T16:49:55.355,1786459795.355481,2.809130,1,45.000000,2.800000,228,45.000000,0x02,single,44.271230,62,0.106227,25,0,No fault,False,,,,,,,,,,
2026-08-11T16:49:55.392,1786459795.392518,2.846168,2,-45.000000,2.800000,1,-0.000000,0x02,single,44.293087,115,0.091575,25,0,No fault,False,,,,,,,,,,
2026-08-11T16:49:55.403,1786459795.403622,2.857272,2,-45.000000,2.800000,2,-0.005486,0x02,single,44.293087,-132,0.076923,25,0,No fault,False,,,,,,,,,,
2026-08-11T16:49:55.414,1786459795.414684,2.868331,2,-45.000000,2.800000,3,-0.019263,0x02,single,44.293087,-9,0.054945,25,0,No fault,False,,,,,,,,,,
2026-08-11T16:49:55.428,1786459795.428258,2.881897,2,-45.000000,2.800000,4,-0.041374,0x02,single,44.314944,238,0.113553,25,0,No fault,False,,,,,,,,,,
2026-08-11T16:49:55.445,1786459795.445767,2.899429,2,-45.000000,2.800000,5,-0.079869,0x02,single,44.314944,9,0.098901,25,0,No fault,False,,,,,,,,,,
2026-08-11T16:49:55.458,1786459795.458954,2.912603,2,-45.000000,2.800000,6,-0.149451,0x02,single,44.336800,309,0.091575,25,0,No fault,False,,,,,,,,,,
2026-08-11T16:49:55.470,1786459795.470188,2.923834,2,-45.000000,2.800000,7,-0.214094,0x02,single,44.314944,-150,0.091575,25,0,No fault,False,,,,,,,,,,
2026-08-11T16:49:55.481,1786459795.481174,2.934815,2,-45.000000,2.800000,8,-0.278550,0x02,single,44.336800,9,0.091575,25,0,No fault,False,,,,,,,,,,
2026-08-11T16:49:55.494,1786459795.494870,2.948516,2,-45.000000,2.800000,9,-0.350134,0x02,single,44.336800,-9,0.098901,25,0,No fault,False,,,,,,,,,,
2026-08-11T16:49:55.505,1786459795.505961,2.959597,2,-45.000000,2.800000,10,-0.451263,0x02,single,44.336800,62,0.106227,25,0,No fault,False,,,,,,,,,,
2026-08-11T16:49:55.516,1786459795.516762,2.970405,2,-45.000000,2.800000,11,-0.541644,0x02,single,44.336800,-115,0.069597,25,0,No fault,False,,,,,,,,,,
2026-08-11T16:49:55.530,1786459795.530343,2.983993,2,-45.000000,2.800000,12,-0.638518,0x02,single,44.358657,167,0.069597,25,0,No fault,False,,,,,,,,,,
2026-08-11T16:49:55.541,1786459795.541492,2.995135,2,-45.000000,2.800000,13,-0.771759,0x02,single,44.358657,79,0.106227,25,0,No fault,False,,,,,,,,,,
2026-08-11T16:49:55.552,1786459795.552649,3.006297,2,-45.000000,2.800000,14,-0.889399,0x02,single,44.358657,44,0.098901,25,0,No fault,False,,,,,,,,,,
2026-08-11T16:49:55.566,1786459795.566379,3.020037,2,-45.000000,2.800000,15,-1.015214,0x02,single,44.358657,79,0.062271,25,0,No fault,False,,,,,,,,,,
2026-08-11T16:49:55.577,1786459795.577577,3.031218,2,-45.000000,2.800000,16,-1.181994,0x02,single,44.358657,-79,0.069597,25,0,No fault,False,,,,,,,,,,
2026-08-11T16:49:55.588,1786459795.588670,3.042313,2,-45.000000,2.800000,17,-1.325110,0x02,single,44.380514,326,0.113553,25,0,No fault,False,,,,,,,,,,
2026-08-11T16:49:55.602,1786459795.602310,3.055962,2,-45.000000,2.800000,18,-1.476989,0x02,single,44.358657,79,0.106227,25,0,No fault,False,,,,,,,,,,
2026-08-11T16:49:55.613,1786459795.613405,3.067115,2,-45.000000,2.800000,19,-1.674016,0x02,single,44.380514,167,0.084249,25,0,No fault,False,,,,,,,,,,
2026-08-11T16:49:55.624,1786459795.624585,3.078247,2,-45.000000,2.800000,20,-1.843549,0x02,single,44.358657,-150,0.113553,25,0,No fault,False,,,,,,,,,,
2026-08-11T16:49:55.638,1786459795.638316,3.091976,2,-45.000000,2.800000,21,-2.021257,0x02,single,44.358657,-97,0.098901,25,0,No fault,False,,,,,,,,,,
2026-08-11T16:49:55.656,1786459795.656060,3.109702,2,-45.000000,2.800000,22,-2.249837,0x02,single,44.380514,-44,0.084249,25,0,No fault,False,,,,,,,,,,
2026-08-11T16:49:55.669,1786459795.669149,3.122797,2,-45.000000,2.800000,23,-2.566910,0x02,single,44.380514,344,0.091575,25,0,No fault,False,,,,,,,,,,
2026-08-11T16:49:55.680,1786459795.680255,3.133900,2,-45.000000,2.800000,24,-2.806190,0x02,single,44.358657,-397,0.091575,25,0,No fault,False,,,,,,,,,,
2026-08-11T16:49:55.691,1786459795.691315,3.144962,2,-45.000000,2.800000,25,-3.020623,0x02,single,44.380514,-26,0.062271,25,0,No fault,False,,,,,,,,,,
2026-08-11T16:49:55.704,1786459795.704847,3.158489,2,-45.000000,2.800000,26,-3.241677,0x02,single,44.358657,-238,0.069597,25,0,No fault,False,,,,,,,,,,
2026-08-11T16:49:55.715,1786459795.715881,3.169533,2,-45.000000,2.800000,27,-3.521561,0x02,single,44.380514,44,0.069597,25,0,No fault,False,,,,,,,,,,
2026-08-11T16:49:55.727,1786459795.727065,3.180715,2,-45.000000,2.800000,28,-3.758943,0x02,single,44.358657,-9,0.098901,25,0,No fault,False,,,,,,,,,,
2026-08-11T16:49:55.738,1786459795.738091,3.191732,2,-45.000000,2.800000,29,-4.004681,0x02,single,44.380514,220,0.091575,25,0,No fault,False,,,,,,,,,,
2026-08-11T16:49:55.750,1786459795.750938,3.204586,2,-45.000000,2.800000,30,-4.255964,0x02,single,44.380514,273,0.091575,25,0,No fault,False,,,,,,,,,,
2026-08-11T16:49:55.761,1786459795.761941,3.215585,2,-45.000000,2.800000,31,-4.554213,0x02,single,44.380514,-185,0.069597,25,0,No fault,False,,,,,,,,,,
2026-08-11T16:49:55.772,1786459795.772861,3.226501,2,-45.000000,2.800000,32,-4.817877,0x02,single,44.380514,44,0.091575,25,0,No fault,False,,,,,,,,,,
2026-08-11T16:49:55.783,1786459795.783737,3.237376,2,-45.000000,2.800000,33,-5.086043,0x02,single,44.380514,238,0.106227,25,0,No fault,False,,,,,,,,,,
2026-08-11T16:49:55.796,1786459795.796836,3.250488,2,-45.000000,2.800000,34,-5.363080,0x02,single,44.380514,-26,0.098901,25,0,No fault,False,,,,,,,,,,
2026-08-11T16:49:55.807,1786459795.807851,3.261491,2,-45.000000,2.800000,35,-5.698129,0x02,single,44.380514,-62,0.098901,25,0,No fault,False,,,,,,,,,,
2026-08-11T16:49:55.818,1786459795.818919,3.272564,2,-45.000000,2.800000,36,-5.988364,0x02,single,44.380514,-62,0.091575,25,0,No fault,False,,,,,,,,,,
2026-08-11T16:49:55.829,1786459795.829984,3.283634,2,-45.000000,2.800000,37,-6.286835,0x02,single,44.380514,79,0.076923,25,0,No fault,False,,,,,,,,,,
2026-08-11T16:49:55.842,1786459795.842795,3.296446,2,-45.000000,2.800000,38,-6.593049,0x02,single,44.380514,-115,0.091575,25,0,No fault,False,,,,,,,,,,
2026-08-11T16:49:55.863,1786459795.863392,3.317052,2,-45.000000,2.800000,39,-6.951071,0x02,single,44.380514,62,0.106227,25,0,No fault,False,,,,,,,,,,
2026-08-11T16:49:55.874,1786459795.874851,3.328508,2,-45.000000,2.800000,40,-7.547547,0x02,single,44.380514,44,0.084249,25,0,No fault,False,,,,,,,,,,
2026-08-11T16:49:55.886,1786459795.886057,3.339701,2,-45.000000,2.800000,41,-7.889995,0x02,single,44.402371,220,0.069597,25,0,No fault,False,,,,,,,,,,
2026-08-11T16:49:55.896,1786459795.896994,3.350641,2,-45.000000,2.800000,42,-8.221192,0x02,single,44.380514,62,0.084249,25,0,No fault,False,,,,,,,,,,
2026-08-11T16:49:55.910,1786459795.910598,3.364246,2,-45.000000,2.800000,43,-8.557307,0x02,single,44.380514,26,0.076923,25,0,No fault,False,,,,,,,,,,
2026-08-11T16:49:55.921,1786459795.921660,3.375311,2,-45.000000,2.800000,44,-8.980080,0x02,single,44.380514,115,0.091575,25,0,No fault,False,,,,,,,,,,
2026-08-11T16:49:55.932,1786459795.932736,3.386378,2,-45.000000,2.800000,45,-9.330040,0x02,single,44.380514,-220,0.069597,25,0,No fault,False,,,,,,,,,,
2026-08-11T16:49:55.943,1786459795.943782,3.397431,2,-45.000000,2.800000,46,-9.683854,0x02,single,44.380514,-26,0.076923,25,0,No fault,False,,,,,,,,,,
2026-08-11T16:49:55.956,1786459795.956558,3.410202,2,-45.000000,2.800000,47,-10.045657,0x02,single,44.402371,185,0.084249,25,0,No fault,False,,,,,,,,,,
2026-08-11T16:49:55.967,1786459795.967642,3.421292,2,-45.000000,2.800000,48,-10.464205,0x02,single,44.380514,-397,0.076923,25,0,No fault,False,,,,,,,,,,
2026-08-11T16:49:55.978,1786459795.978734,3.432376,2,-45.000000,2.800000,49,-10.834774,0x02,single,44.380514,-203,0.076923,25,0,No fault,False,,,,,,,,,,
2026-08-11T16:49:55.989,1786459795.989994,3.443647,2,-45.000000,2.800000,50,-11.208628,0x02,single,44.380514,-344,0.069597,25,0,No fault,False,,,,,,,,,,
2026-08-11T16:49:56.002,1786459796.002722,3.456371,2,-45.000000,2.800000,51,-11.655113,0x02,single,44.380514,-115,0.076923,25,0,No fault,False,,,,,,,,,,
2026-08-11T16:49:56.013,1786459796.013743,3.467385,2,-45.000000,2.800000,52,-12.034364,0x02,single,44.380514,-62,0.091575,25,0,No fault,False,,,,,,,,,,
2026-08-11T16:49:56.024,1786459796.024563,3.478211,2,-45.000000,2.800000,53,-12.417884,0x02,single,44.402371,167,0.084249,25,0,No fault,False,,,,,,,,,,
2026-08-11T16:49:56.035,1786459796.035569,3.489220,2,-45.000000,2.800000,54,-12.800645,0x02,single,44.380514,79,0.098901,25,0,No fault,False,,,,,,,,,,
2026-08-11T16:49:56.049,1786459796.049160,3.502813,2,-45.000000,2.800000,55,-13.192277,0x02,single,44.402371,132,0.106227,25,0,No fault,False,,,,,,,,,,
2026-08-11T16:49:56.070,1786459796.070087,3.523785,2,-45.000000,2.800000,56,-13.680807,0x02,single,44.402371,238,0.076923,25,0,No fault,False,,,,,,,,,,
2026-08-11T16:49:56.081,1786459796.081638,3.535292,2,-45.000000,2.800000,57,-14.446357,0x02,single,44.380514,-167,0.084249,25,0,No fault,False,,,,,,,,,,
2026-08-11T16:49:56.092,1786459796.092864,3.546519,2,-45.000000,2.800000,58,-14.868919,0x02,single,44.380514,26,0.084249,25,0,No fault,False,,,,,,,,,,
2026-08-11T16:49:56.106,1786459796.106769,3.560430,2,-45.000000,2.800000,59,-15.287082,0x02,single,44.402371,273,0.069597,25,0,No fault,False,,,,,,,,,,
2026-08-11T16:49:56.117,1786459796.117932,3.571576,2,-45.000000,2.800000,60,-15.804224,0x02,single,44.402371,132,0.091575,25,0,No fault,False,,,,,,,,,,
2026-08-11T16:49:56.130,1786459796.130362,3.584025,2,-45.000000,2.800000,61,-16.223099,0x02,single,44.380514,-115,0.069597,25,0,No fault,False,,,,,,,,,,
2026-08-11T16:49:56.142,1786459796.142679,3.596329,2,-45.000000,2.800000,62,-16.698903,0x02,single,44.402371,79,0.106227,25,0,No fault,False,,,,,,,,,,
2026-08-11T16:49:56.153,1786459796.153800,3.607453,2,-45.000000,2.800000,63,-17.161519,0x02,single,44.380514,-167,0.084249,25,0,No fault,False,,,,,,,,,,
2026-08-11T16:49:56.164,1786459796.164828,3.618473,2,-45.000000,2.800000,64,-17.587159,0x02,single,44.402371,150,0.069597,25,0,No fault,False,,,,,,,,,,
2026-08-11T16:49:56.175,1786459796.175912,3.629551,2,-45.000000,2.800000,65,-18.009251,0x02,single,44.380514,-291,0.091575,25,0,No fault,False,,,,,,,,,,
2026-08-11T16:49:56.188,1786459796.188744,3.642391,2,-45.000000,2.800000,66,-18.440196,0x02,single,44.402371,-62,0.069597,25,0,No fault,False,,,,,,,,,,
2026-08-11T16:49:56.199,1786459796.199752,3.653400,2,-45.000000,2.800000,67,-18.934238,0x02,single,44.380514,-167,0.091575,25,0,No fault,False,,,,,,,,,,
2026-08-11T16:49:56.210,1786459796.210995,3.664637,2,-45.000000,2.800000,68,-19.366683,0x02,single,44.380514,-150,0.076923,25,0,No fault,False,,,,,,,,,,
2026-08-11T16:49:56.225,1786459796.225080,3.678764,2,-45.000000,2.800000,69,-19.802902,0x02,single,44.402371,9,0.098901,25,0,No fault,False,,,,,,,,,,
2026-08-11T16:49:56.236,1786459796.236715,3.690372,2,-45.000000,2.800000,70,-20.358312,0x02,single,44.380514,-9,0.106227,25,0,No fault,False,,,,,,,,,,
2026-08-11T16:49:56.248,1786459796.248023,3.701668,2,-45.000000,2.800000,71,-20.806011,0x02,single,44.402371,132,0.098901,25,0,No fault,False,,,,,,,,,,
2026-08-11T16:49:56.260,1786459796.260867,3.714517,2,-45.000000,2.800000,72,-21.250420,0x02,single,44.402371,26,0.098901,25,0,No fault,False,,,,,,,,,,
2026-08-11T16:49:56.280,1786459796.280121,3.733781,2,-45.000000,2.800000,73,-21.753455,0x02,single,44.402371,-79,0.076923,25,0,No fault,False,,,,,,,,,,
2026-08-11T16:49:56.293,1786459796.293334,3.747008,2,-45.000000,2.800000,74,-22.515256,0x02,single,44.402371,-132,0.054945,25,0,No fault,False,,,,,,,,,,
2026-08-11T16:49:56.305,1786459796.305029,3.758692,2,-45.000000,2.800000,75,-23.032032,0x02,single,44.402371,9,0.098901,25,0,No fault,False,,,,,,,,,,
2026-08-11T16:49:56.316,1786459796.316416,3.770103,2,-45.000000,2.800000,76,-23.488064,0x02,single,44.402371,-44,0.069597,25,0,No fault,False,,,,,,,,,,
2026-08-11T16:49:56.329,1786459796.329146,3.782795,2,-45.000000,2.800000,77,-23.940120,0x02,single,44.402371,-9,0.098901,25,0,No fault,False,,,,,,,,,,
2026-08-11T16:49:56.340,1786459796.340363,3.794016,2,-45.000000,2.800000,78,-24.429781,0x02,single,44.402371,79,0.098901,25,0,No fault,False,,,,,,,,,,
2026-08-11T16:49:56.351,1786459796.351454,3.805109,2,-45.000000,2.800000,79,-24.869558,0x02,single,44.402371,-44,0.076923,25,0,No fault,False,,,,,,,,,,
2026-08-11T16:49:56.365,1786459796.365408,3.819119,2,-45.000000,2.800000,80,-25.302963,0x02,single,44.402371,-26,0.076923,25,0,No fault,False,,,,,,,,,,
2026-08-11T16:49:56.377,1786459796.377332,3.830987,2,-45.000000,2.800000,81,-25.857954,0x02,single,44.402371,-26,0.076923,25,0,No fault,False,,,,,,,,,,
2026-08-11T16:49:56.391,1786459796.391092,3.844773,2,-45.000000,2.800000,82,-26.307951,0x02,single,44.402371,-62,0.091575,25,0,No fault,False,,,,,,,,,,
2026-08-11T16:49:56.402,1786459796.402518,3.856158,2,-45.000000,2.800000,83,-26.844810,0x02,single,44.402371,132,0.091575,25,0,No fault,False,,,,,,,,,,
2026-08-11T16:49:56.413,1786459796.413340,3.866976,2,-45.000000,2.800000,84,-27.275060,0x02,single,44.402371,-44,0.091575,25,0,No fault,False,,,,,,,,,,
2026-08-11T16:49:56.426,1786459796.426931,3.880596,2,-45.000000,2.800000,85,-27.689512,0x02,single,44.402371,44,0.091575,25,0,No fault,False,,,,,,,,,,
2026-08-11T16:49:56.438,1786459796.438035,3.891690,2,-45.000000,2.800000,86,-28.211885,0x02,single,44.402371,-62,0.069597,25,0,No fault,False,,,,,,,,,,
2026-08-11T16:49:56.449,1786459796.449002,3.902649,2,-45.000000,2.800000,87,-28.629767,0x02,single,44.402371,-167,0.069597,25,0,No fault,False,,,,,,,,,,
2026-08-11T16:49:56.459,1786459796.459867,3.913507,2,-45.000000,2.800000,88,-29.041935,0x02,single,44.402371,97,0.084249,25,0,No fault,False,,,,,,,,,,
2026-08-11T16:49:56.470,1786459796.470901,3.924546,2,-45.000000,2.800000,89,-29.449454,0x02,single,44.402371,185,0.091575,25,0,No fault,False,,,,,,,,,,
2026-08-11T16:49:56.488,1786459796.488488,3.942143,2,-45.000000,2.800000,90,-29.882073,0x02,single,44.402371,44,0.106227,25,0,No fault,False,,,,,,,,,,
2026-08-11T16:49:56.502,1786459796.502505,3.956184,2,-45.000000,2.800000,91,-30.510595,0x02,single,44.402371,238,0.098901,25,0,No fault,False,,,,,,,,,,
2026-08-11T16:49:56.513,1786459796.513906,3.967548,2,-45.000000,2.800000,92,-31.030486,0x02,single,44.402371,-79,0.098901,25,0,No fault,False,,,,,,,,,,
2026-08-11T16:49:56.524,1786459796.524918,3.978560,2,-45.000000,2.800000,93,-31.434021,0x02,single,44.402371,-26,0.084249,25,0,No fault,False,,,,,,,,,,
2026-08-11T16:49:56.538,1786459796.538503,3.992143,2,-45.000000,2.800000,94,-31.833512,0x02,single,44.402371,203,0.084249,25,0,No fault,False,,,,,,,,,,
2026-08-11T16:49:56.549,1786459796.549399,4.003092,2,-45.000000,2.800000,95,-32.311757,0x02,single,44.402371,9,0.069597,25,0,No fault,False,,,,,,,,,,
2026-08-11T16:49:56.560,1786459796.560656,4.014304,2,-45.000000,2.800000,96,-32.700530,0x02,single,44.402371,-26,0.076923,25,0,No fault,False,,,,,,,,,,
2026-08-11T16:49:56.574,1786459796.574314,4.027974,2,-45.000000,2.800000,97,-33.089339,0x02,single,44.402371,-44,0.076923,25,0,No fault,False,,,,,,,,,,
2026-08-11T16:49:56.585,1786459796.585423,4.039117,2,-45.000000,2.800000,98,-33.560426,0x02,single,44.402371,62,0.076923,25,0,No fault,False,,,,,,,,,,
2026-08-11T16:49:56.596,1786459796.596580,4.050219,2,-45.000000,2.800000,99,-33.938496,0x02,single,44.424228,185,0.076923,25,0,No fault,False,,,,,,,,,,
2026-08-11T16:49:56.610,1786459796.610221,4.063870,2,-45.000000,2.800000,100,-34.310632,0x02,single,40.336981,-5950,-0.260073,25,0,No fault,False,,,,,,,,,,
2026-08-11T16:49:56.621,1786459796.621161,4.074808,2,-45.000000,2.800000,101,-34.763383,0x02,single,37.757862,-5333,-0.018315,25,0,No fault,False,,,,,,,,,,
2026-08-11T16:49:56.632,1786459796.632228,4.085871,2,-45.000000,2.800000,102,-35.121873,0x02,single,35.309885,-5421,-0.084249,25,0,No fault,False,,,,,,,,,,
2026-08-11T16:49:56.643,1786459796.643394,4.097046,2,-45.000000,2.800000,103,-35.478616,0x02,single,32.555910,-4011,-0.091575,25,0,No fault,False,,,,,,,,,,
2026-08-11T16:49:56.656,1786459796.656345,4.110012,2,-45.000000,2.800000,104,-35.843806,0x02,single,27.419530,-3764,-0.003663,25,0,No fault,False,,,,,,,,,,
2026-08-11T16:49:56.667,1786459796.667535,4.121193,2,-45.000000,2.800000,105,-36.242951,0x02,single,26.086257,-3535,-0.003663,25,0,No fault,False,,,,,,,,,,
2026-08-11T16:49:56.678,1786459796.678920,4.132572,2,-45.000000,2.800000,106,-36.588745,0x02,single,24.097275,-3323,-0.047619,25,0,No fault,False,,,,,,,,,,
2026-08-11T16:49:56.700,1786459796.700099,4.153807,2,-45.000000,2.800000,107,-36.939085,0x02,single,21.780440,-3376,-0.062271,25,0,No fault,False,,,,,,,,,,
2026-08-11T16:49:56.713,1786459796.713644,4.167429,2,-45.000000,2.800000,108,-37.569901,0x02,single,19.704030,-2512,-0.010989,25,0,No fault,False,,,,,,,,,,
2026-08-11T16:49:56.725,1786459796.725401,4.179085,2,-45.000000,2.800000,109,-37.959331,0x02,single,18.392614,-2530,-0.040293,25,0,No fault,False,,,,,,,,,,
2026-08-11T16:49:56.739,1786459796.739102,4.192747,2,-45.000000,2.800000,110,-38.285442,0x02,single,16.491060,-2142,-0.018315,25,0,No fault,False,,,,,,,,,,
2026-08-11T16:49:56.750,1786459796.750083,4.203722,2,-45.000000,2.800000,111,-38.661889,0x02,single,15.288929,-2442,-0.025641,25,0,No fault,False,,,,,,,,,,
2026-08-11T16:49:56.761,1786459796.761045,4.214692,2,-45.000000,2.800000,112,-38.958380,0x02,single,14.370937,-2124,-0.032967,25,0,No fault,False,,,,,,,,,,
2026-08-11T16:49:56.772,1786459796.772454,4.226149,2,-45.000000,2.800000,113,-39.249850,0x02,single,13.234376,-1807,-0.047619,25,0,No fault,False,,,,,,,,,,
2026-08-11T16:49:56.785,1786459796.785314,4.238966,2,-45.000000,2.800000,114,-39.551993,0x02,single,11.835532,-1613,-0.040293,25,0,No fault,False,,,,,,,,,,
2026-08-11T16:49:56.796,1786459796.796535,4.250188,2,-45.000000,2.800000,115,-39.873315,0x02,single,11.223538,-1684,-0.040293,25,0,No fault,False,,,,,,,,,,
2026-08-11T16:49:56.807,1786459796.807714,4.261359,2,-45.000000,2.800000,116,-40.148040,0x02,single,10.283690,-1349,-0.069597,25,0,No fault,False,,,,,,,,,,
2026-08-11T16:49:56.821,1786459796.821465,4.275127,2,-45.000000,2.800000,117,-40.416438,0x02,single,9.147129,-1296,-0.054945,25,0,No fault,False,,,,,,,,,,
2026-08-11T16:49:56.832,1786459796.832552,4.286197,2,-45.000000,2.800000,118,-40.738767,0x02,single,8.622562,-1172,-0.069597,25,0,No fault,False,,,,,,,,,,
2026-08-11T16:49:56.843,1786459796.843514,4.297151,2,-45.000000,2.800000,119,-40.989060,0x02,single,7.901283,-1278,-0.047619,25,0,No fault,False,,,,,,,,,,
2026-08-11T16:49:56.857,1786459796.857199,4.310854,2,-45.000000,2.800000,120,-41.231107,0x02,single,7.005149,-732,-0.047619,25,0,No fault,False,,,,,,,,,,
2026-08-11T16:49:56.868,1786459796.868683,4.322357,2,-45.000000,2.800000,121,-41.528182,0x02,single,6.502439,-696,-0.054945,25,0,No fault,False,,,,,,,,,,
2026-08-11T16:49:56.880,1786459796.880284,4.333979,2,-45.000000,2.800000,122,-41.762593,0x02,single,5.781160,-591,-0.047619,25,0,No fault,False,,,,,,,,,,
2026-08-11T16:49:56.904,1786459796.904452,4.358109,2,-45.000000,2.800000,123,-42.009752,0x02,single,5.256594,-714,-0.040293,25,0,No fault,False,,,,,,,,,,
2026-08-11T16:49:56.916,1786459796.916430,4.370081,2,-45.000000,2.800000,124,-42.452004,0x02,single,4.579029,-873,-0.047619,25,0,No fault,False,,,,,,,,,,
2026-08-11T16:49:56.927,1786459796.927614,4.381256,2,-45.000000,2.800000,125,-42.663161,0x02,single,4.207461,-714,-0.069597,25,0,No fault,False,,,,,,,,,,
2026-08-11T16:49:56.941,1786459796.941495,4.395145,2,-45.000000,2.800000,126,-42.853345,0x02,single,3.661037,-643,-0.069597,25,0,No fault,False,,,,,,,,,,
2026-08-11T16:49:56.952,1786459796.952666,4.406312,2,-45.000000,2.800000,127,-43.079821,0x02,single,3.245755,-591,-0.069597,25,0,No fault,False,,,,,,,,,,
2026-08-11T16:49:56.963,1786459796.963828,4.417485,2,-45.000000,2.800000,128,-43.253142,0x02,single,2.546333,-714,-0.040293,25,0,No fault,False,,,,,,,,,,
2026-08-11T16:49:56.977,1786459796.977557,4.431233,2,-45.000000,2.800000,129,-43.418914,0x02,single,2.218479,-573,-0.106227,25,0,No fault,False,,,,,,,,,,
2026-08-11T16:49:56.988,1786459796.988686,4.442321,2,-45.000000,2.800000,130,-43.611962,0x02,single,1.912482,-626,-0.047619,25,0,No fault,False,,,,,,,,,,
2026-08-11T16:49:56.999,1786459796.999696,4.453347,2,-45.000000,2.800000,131,-43.757688,0x02,single,1.628342,-502,-0.113553,25,0,No fault,False,,,,,,,,,,
2026-08-11T16:49:57.013,1786459797.013461,4.467129,2,-45.000000,2.800000,132,-43.897021,0x02,single,1.256774,-643,-0.091575,25,0,No fault,False,,,,,,,,,,
2026-08-11T16:49:57.024,1786459797.024816,4.478459,2,-45.000000,2.800000,133,-44.059227,0x02,single,0.994491,-467,-0.062271,25,0,No fault,False,,,,,,,,,,
2026-08-11T16:49:57.035,1786459797.035999,4.489652,2,-45.000000,2.800000,134,-44.180714,0x02,single,0.710351,-379,-0.106227,25,0,No fault,False,,,,,,,,,,
2026-08-11T16:49:57.049,1786459797.049868,4.503526,2,-45.000000,2.800000,135,-44.294493,0x02,single,0.360639,-432,-0.047619,25,0,No fault,False,,,,,,,,,,
2026-08-11T16:49:57.061,1786459797.061026,4.514685,2,-45.000000,2.800000,136,-44.423188,0x02,single,0.163927,-767,-0.076923,25,0,No fault,False,,,,,,,,,,
2026-08-11T16:49:57.072,1786459797.072184,4.525840,2,-45.000000,2.800000,137,-44.517583,0x02,single,-0.120213,-485,-0.076923,25,0,No fault,False,,,,,,,,,,
2026-08-11T16:49:57.085,1786459797.085996,4.539701,2,-45.000000,2.800000,138,-44.603528,0x02,single,-0.469924,-485,-0.047619,25,0,No fault,False,,,,,,,,,,
2026-08-11T16:49:57.107,1786459797.107199,4.560869,2,-45.000000,2.800000,139,-44.698751,0x02,single,-0.622923,-326,-0.069597,25,0,No fault,False,,,,,,,,,,
2026-08-11T16:49:57.119,1786459797.119143,4.572802,2,-45.000000,2.800000,140,-44.820457,0x02,single,-0.907063,-150,-0.069597,25,0,No fault,False,,,,,,,,,,
2026-08-11T16:49:57.130,1786459797.130339,4.583999,2,-45.000000,2.800000,141,-44.873659,0x02,single,-1.147489,-309,-0.069597,25,0,No fault,False,,,,,,,,,,
2026-08-11T16:49:57.144,1786459797.144132,4.597783,2,-45.000000,2.800000,142,-44.915891,0x02,single,-1.475343,-361,-0.040293,25,0,No fault,False,,,,,,,,,,
2026-08-11T16:49:57.155,1786459797.155327,4.608980,2,-45.000000,2.800000,143,-44.956198,0x02,single,-1.650199,-467,-0.076923,25,0,No fault,False,,,,,,,,,,
2026-08-11T16:49:57.166,1786459797.166425,4.620078,2,-45.000000,2.800000,144,-44.979295,0x02,single,-1.846911,-203,-0.084249,25,0,No fault,False,,,,,,,,,,
2026-08-11T16:49:57.180,1786459797.180031,4.633678,2,-45.000000,2.800000,145,-44.993767,0x02,single,-2.131052,-185,-0.084249,25,0,No fault,False,,,,,,,,,,
2026-08-11T16:49:57.191,1786459797.191190,4.644842,2,-45.000000,2.800000,146,-45.000000,0x02,single,-2.349621,-238,-0.098901,25,0,No fault,False,,,,,,,,,,
2026-08-11T16:49:57.202,1786459797.202354,4.656008,2,-45.000000,2.800000,147,-45.000000,0x02,single,-2.502619,-432,-0.084249,25,0,No fault,False,,,,,,,,,,
2026-08-11T16:49:57.213,1786459797.213594,4.667261,2,-45.000000,2.800000,148,-45.000000,0x02,single,-2.743046,-608,-0.069597,25,0,No fault,False,,,,,,,,,,
2026-08-11T16:49:57.226,1786459797.226470,4.680129,2,-45.000000,2.800000,149,-45.000000,0x02,single,-3.049043,-203,-0.062271,25,0,No fault,False,,,,,,,,,,
2026-08-11T16:49:57.237,1786459797.237558,4.691213,2,-45.000000,2.800000,150,-45.000000,0x02,single,-3.202042,-538,-0.091575,25,0,No fault,False,,,,,,,,,,
2026-08-11T16:49:57.248,1786459797.248657,4.702301,2,-45.000000,2.800000,151,-45.000000,0x02,single,-3.376897,-397,-0.076923,25,0,No fault,False,,,,,,,,,,
2026-08-11T16:49:57.262,1786459797.262264,4.715913,2,-45.000000,2.800000,152,-45.000000,0x02,single,-3.923321,-361,-0.047619,25,0,No fault,False,,,,,,,,,,
2026-08-11T16:49:57.273,1786459797.273357,4.727013,2,-45.000000,2.800000,153,-45.000000,0x02,single,-4.054462,-256,-0.047619,25,0,No fault,False,,,,,,,,,,
2026-08-11T16:49:57.284,1786459797.284551,4.738210,2,-45.000000,2.800000,154,-45.000000,0x02,single,-4.207461,-432,-0.091575,25,0,No fault,False,,,,,,,,,,
2026-08-11T16:49:57.298,1786459797.298211,4.751865,2,-45.000000,2.800000,155,-45.000000,0x02,single,-4.382316,-309,-0.062271,25,0,No fault,False,,,,,,,,,,
2026-08-11T16:49:57.316,1786459797.316198,4.769859,2,-45.000000,2.800000,156,-45.000000,0x02,single,-4.688313,-467,-0.069597,25,0,No fault,False,,,,,,,,,,
2026-08-11T16:49:57.329,1786459797.329355,4.782998,2,-45.000000,2.800000,157,-45.000000,0x02,single,-4.994311,-485,-0.062271,25,0,No fault,False,,,,,,,,,,
2026-08-11T16:49:57.340,1786459797.340454,4.794098,2,-45.000000,2.800000,158,-45.000000,0x02,single,-5.234737,-185,-0.032967,25,0,No fault,False,,,,,,,,,,
2026-08-11T16:49:57.351,1786459797.351450,4.805099,2,-45.000000,2.800000,159,-45.000000,0x02,single,-5.453306,-767,-0.069597,25,0,No fault,False,,,,,,,,,,
2026-08-11T16:49:57.362,1786459797.362644,4.816291,2,-45.000000,2.800000,160,-45.000000,0x02,single,-5.628162,-379,-0.076923,25,0,No fault,False,,,,,,,,,,
2026-08-11T16:49:57.375,1786459797.375455,4.829106,2,-45.000000,2.800000,161,-45.000000,0x02,single,-5.934159,-273,-0.091575,25,0,No fault,False,,,,,,,,,,
2026-08-11T16:49:57.386,1786459797.386448,4.840091,2,-45.000000,2.800000,162,-45.000000,0x02,single,-6.174585,-291,-0.062271,25,0,No fault,False,,,,,,,,,,
2026-08-11T16:49:57.397,1786459797.397493,4.851143,2,-45.000000,2.800000,163,-45.000000,0x02,single,-6.349441,-432,-0.062271,25,0,No fault,False,,,,,,,,,,
2026-08-11T16:49:57.408,1786459797.408550,4.862193,2,-45.000000,2.800000,164,-45.000000,0x02,single,-6.546153,-432,-0.062271,25,0,No fault,False,,,,,,,,,,
2026-08-11T16:49:57.421,1786459797.421391,4.875042,2,-45.000000,2.800000,165,-45.000000,0x02,single,-6.874007,-309,-0.098901,25,0,No fault,False,,,,,,,,,,
2026-08-11T16:49:57.432,1786459797.432392,4.886039,2,-45.000000,2.800000,166,-45.000000,0x02,single,-7.070720,-397,-0.091575,25,0,No fault,False,,,,,,,,,,
2026-08-11T16:49:57.443,1786459797.443411,4.897054,2,-45.000000,2.800000,167,-45.000000,0x02,single,-7.289289,-309,-0.069597,25,0,No fault,False,,,,,,,,,,
2026-08-11T16:49:57.454,1786459797.454376,4.908025,2,-45.000000,2.800000,168,-45.000000,0x02,single,-7.573429,-626,-0.069597,25,0,No fault,False,,,,,,,,,,
2026-08-11T16:49:57.468,1786459797.468110,4.921801,2,-45.000000,2.800000,169,-45.000000,0x02,single,-7.944997,-485,-0.062271,25,0,No fault,False,,,,,,,,,,
2026-08-11T16:49:57.479,1786459797.479422,4.933080,2,-45.000000,2.800000,170,-45.000000,0x02,single,-8.185424,-450,-0.062271,25,0,No fault,False,,,,,,,,,,
2026-08-11T16:49:57.490,1786459797.490499,4.944150,2,-45.000000,2.800000,171,-45.000000,0x02,single,-8.513278,-450,-0.084249,25,0,No fault,False,,,,,,,,,,
2026-08-11T16:49:57.504,1786459797.504122,4.957779,2,-45.000000,2.800000,172,-45.000000,0x02,single,-9.081558,-467,-0.054945,25,0,No fault,False,,,,,,,,,,
2026-08-11T16:49:57.524,1786459797.524916,4.978579,2,-45.000000,2.800000,173,-45.000000,0x02,single,-9.343841,-432,-0.091575,25,0,No fault,False,,,,,,,,,,
2026-08-11T16:49:57.536,1786459797.536733,4.990385,2,-45.000000,2.800000,174,-45.000000,0x02,single,-10.152548,-361,-0.084249,25,0,No fault,False,,,,,,,,,,
2026-08-11T16:49:57.547,1786459797.547889,5.001540,2,-45.000000,2.800000,175,-45.000000,0x02,single,-10.305547,-344,-0.091575,25,0,No fault,False,,,,,,,,,,
2026-08-11T16:49:57.561,1786459797.561086,5.014742,2,-45.000000,2.800000,176,-45.000000,0x02,single,-10.895684,-573,-0.091575,25,0,No fault,False,,,,,,,,,,
2026-08-11T16:49:57.572,1786459797.572200,5.025847,2,-45.000000,2.800000,177,-45.000000,0x02,single,-11.201681,-573,-0.062271,25,0,No fault,False,,,,,,,,,,
2026-08-11T16:49:57.583,1786459797.583275,5.036923,2,-45.000000,2.800000,178,-45.000000,0x02,single,-11.529535,-432,-0.091575,25,0,No fault,False,,,,,,,,,,
2026-08-11T16:49:57.594,1786459797.594292,5.047937,2,-45.000000,2.800000,179,-45.000000,0x02,single,-11.879246,-450,-0.128205,25,0,No fault,False,,,,,,,,,,
2026-08-11T16:49:57.607,1786459797.607169,5.060822,2,-45.000000,2.800000,180,-45.000000,0x02,single,-12.425670,-591,-0.062271,25,0,No fault,False,,,,,,,,,,
2026-08-11T16:49:57.618,1786459797.618231,5.071872,2,-45.000000,2.800000,181,-45.000000,0x02,single,-12.797238,-749,-0.084249,25,0,No fault,False,,,,,,,,,,
2026-08-11T16:49:57.629,1786459797.629268,5.082917,2,-45.000000,2.800000,182,-45.000000,0x02,single,-13.168806,-608,-0.091575,25,0,No fault,False,,,,,,,,,,
2026-08-11T16:49:57.640,1786459797.640300,5.093941,2,-45.000000,2.800000,183,-45.000000,0x02,single,-13.562231,-520,-0.076923,25,0,No fault,False,,,,,,,,,,
2026-08-11T16:49:57.653,1786459797.653182,5.106836,2,-45.000000,2.800000,184,-45.000000,0x02,single,-14.130511,-626,-0.091575,25,0,No fault,False,,,,,,,,,,
2026-08-11T16:49:57.664,1786459797.664211,5.117852,2,-45.000000,2.800000,185,-45.000000,0x02,single,-14.480222,-837,-0.069597,25,0,No fault,False,,,,,,,,,,
2026-08-11T16:49:57.675,1786459797.675313,5.128967,2,-45.000000,2.800000,186,-45.000000,0x02,single,-14.873647,-626,-0.062271,25,0,No fault,False,,,,,,,,,,
2026-08-11T16:49:57.688,1786459797.688990,5.142641,2,-45.000000,2.800000,187,-45.000000,0x02,single,-15.463784,-467,-0.032967,25,0,No fault,False,,,,,,,,,,
2026-08-11T16:49:57.700,1786459797.700009,5.153652,2,-45.000000,2.800000,188,-45.000000,0x02,single,-15.835352,-573,-0.076923,25,0,No fault,False,,,,,,,,,,
2026-08-11T16:49:57.711,1786459797.711050,5.164693,2,-45.000000,2.800000,189,-45.000000,0x02,single,-16.206920,-573,-0.091575,25,0,No fault,False,,,,,,,,,,
2026-08-11T16:49:57.733,1786459797.733071,5.186760,2,-45.000000,2.800000,190,-45.000000,0x02,single,-16.775201,-591,-0.091575,25,0,No fault,False,,,,,,,,,,
2026-08-11T16:49:57.746,1786459797.746429,5.200096,2,-45.000000,2.800000,191,-45.000000,0x02,single,-17.671335,-520,-0.076923,25,0,No fault,False,,,,,,,,,,
2026-08-11T16:49:57.757,1786459797.757659,5.211315,2,-45.000000,2.800000,192,-45.000000,0x02,single,-17.977332,-520,-0.032967,25,0,No fault,False,,,,,,,,,,
2026-08-11T16:49:57.768,1786459797.768806,5.222455,2,-45.000000,2.800000,193,-45.000000,0x02,single,-18.348900,-361,-0.091575,25,0,No fault,False,,,,,,,,,,
2026-08-11T16:49:57.782,1786459797.782464,5.236121,2,-45.000000,2.800000,194,-45.000000,0x02,single,-19.048322,-450,-0.062271,25,0,No fault,False,,,,,,,,,,
2026-08-11T16:49:57.793,1786459797.793625,5.247274,2,-45.000000,2.800000,195,-45.000000,0x02,single,-19.310605,-326,-0.113553,25,0,No fault,False,,,,,,,,,,
2026-08-11T16:49:57.804,1786459797.804621,5.258265,2,-45.000000,2.800000,196,-45.000000,0x02,single,-19.725887,-608,-0.098901,25,0,No fault,False,,,,,,,,,,
2026-08-11T16:49:57.818,1786459797.818206,5.271859,2,-45.000000,2.800000,197,-45.000000,0x02,single,-20.403452,-555,-0.062271,25,0,No fault,False,,,,,,,,,,
2026-08-11T16:49:57.829,1786459797.829277,5.282923,2,-45.000000,2.800000,198,-45.000000,0x02,single,-20.753163,-520,-0.054945,25,0,No fault,False,,,,,,,,,,
2026-08-11T16:49:57.840,1786459797.840390,5.294038,2,-45.000000,2.800000,199,-45.000000,0x02,single,-21.146588,-502,-0.040293,25,0,No fault,False,,,,,,,,,,
2026-08-11T16:49:57.853,1786459797.853943,5.307592,2,-45.000000,2.800000,200,-45.000000,0x02,single,-21.758583,-696,-0.091575,25,0,No fault,False,,,,,,,,,,
2026-08-11T16:49:57.864,1786459797.864976,5.318619,2,-45.000000,2.800000,201,-45.000000,0x02,single,-22.152008,-696,-0.047619,25,0,No fault,False,,,,,,,,,,
2026-08-11T16:49:57.875,1786459797.875998,5.329644,2,-45.000000,2.800000,202,-45.000000,0x02,single,-22.545432,-326,-0.076923,25,0,No fault,False,,,,,,,,,,
2026-08-11T16:49:57.889,1786459797.889753,5.343407,2,-45.000000,2.800000,203,-45.000000,0x02,single,-23.157427,-573,-0.062271,25,0,No fault,False,,,,,,,,,,
2026-08-11T16:49:57.900,1786459797.900812,5.354458,2,-45.000000,2.800000,204,-45.000000,0x02,single,-23.550852,-555,-0.084249,25,0,No fault,False,,,,,,,,,,
2026-08-11T16:49:57.911,1786459797.911865,5.365514,2,-45.000000,2.800000,205,-45.000000,0x02,single,-23.944277,-450,-0.069597,25,0,No fault,False,,,,,,,,,,
2026-08-11T16:49:57.937,1786459797.937221,5.390886,2,-45.000000,2.800000,206,-45.000000,0x02,single,-24.752983,-820,-0.091575,25,0,No fault,False,,,,,,,,,,
2026-08-11T16:49:57.948,1786459797.948839,5.402504,2,-45.000000,2.800000,207,-45.000000,0x02,single,-25.430548,-520,-0.003663,25,0,No fault,False,,,,,,,,,,
2026-08-11T16:49:57.960,1786459797.960149,5.413812,2,-45.000000,2.800000,208,-45.000000,0x02,single,-25.692832,-626,-0.120879,25,0,No fault,False,,,,,,,,,,
2026-08-11T16:49:57.973,1786459797.973373,5.427025,2,-45.000000,2.800000,209,-45.000000,0x02,single,-26.217398,-555,-0.076923,25,0,No fault,False,,,,,,,,,,
2026-08-11T16:49:57.984,1786459797.984688,5.438330,2,-45.000000,2.800000,210,-45.000000,0x02,single,-26.676394,-626,-0.084249,25,0,No fault,False,,,,,,,,,,
2026-08-11T16:49:57.996,1786459797.996074,5.449728,2,-45.000000,2.800000,211,-45.000000,0x02,single,-27.069819,-309,-0.076923,25,0,No fault,False,,,,,,,,,,
2026-08-11T16:49:58.009,1786459798.009356,5.463012,2,-45.000000,2.800000,212,-45.000000,0x02,single,-27.616242,-485,-0.084249,25,0,No fault,False,,,,,,,,,,
2026-08-11T16:49:58.020,1786459798.020688,5.474347,2,-45.000000,2.800000,213,-45.000000,0x02,single,-28.009667,-608,-0.054945,25,0,No fault,False,,,,,,,,,,
2026-08-11T16:49:58.031,1786459798.031794,5.485440,2,-45.000000,2.800000,214,-45.000000,0x02,single,-28.446806,-767,-0.069597,25,0,No fault,False,,,,,,,,,,
2026-08-11T16:49:58.045,1786459798.045829,5.499496,2,-45.000000,2.800000,215,-45.000000,0x02,single,-28.949516,-520,-0.062271,25,0,No fault,False,,,,,,,,,,
2026-08-11T16:49:58.057,1786459798.057118,5.510757,2,-45.000000,2.800000,216,-45.000000,0x02,single,-29.321083,-538,-0.091575,25,0,No fault,False,,,,,,,,,,
2026-08-11T16:49:58.068,1786459798.068182,5.521822,2,-45.000000,2.800000,217,-45.000000,0x02,single,-29.758222,-573,-0.054945,25,0,No fault,False,,,,,,,,,,
2026-08-11T16:49:58.081,1786459798.081710,5.535358,2,-45.000000,2.800000,218,-45.000000,0x02,single,-30.260932,-767,-0.054945,25,0,No fault,False,,,,,,,,,,
2026-08-11T16:49:58.092,1786459798.092705,5.546342,2,-45.000000,2.800000,219,-45.000000,0x02,single,-30.676214,-626,-0.069597,25,0,No fault,False,,,,,,,,,,
2026-08-11T16:49:58.103,1786459798.103628,5.557276,2,-45.000000,2.800000,220,-45.000000,0x02,single,-31.069639,-661,-0.069597,25,0,No fault,False,,,,,,,,,,
2026-08-11T16:49:58.114,1786459798.114674,5.568315,2,-45.000000,2.800000,221,-45.000000,0x02,single,-31.463063,-555,-0.069597,25,0,No fault,False,,,,,,,,,,
2026-08-11T16:49:58.139,1786459798.139228,5.592883,2,-45.000000,2.800000,222,-45.000000,0x02,single,-31.900202,-414,-0.084249,25,0,No fault,False,,,,,,,,,,
2026-08-11T16:49:58.150,1786459798.150668,5.604316,2,-45.000000,2.800000,223,-45.000000,0x02,single,-32.424769,-238,-0.084249,25,0,No fault,False,,,,,,,,,,
2026-08-11T16:49:58.161,1786459798.161896,5.615551,2,-45.000000,2.800000,224,-45.000000,0x02,single,-33.124191,-273,-0.098901,25,0,No fault,False,,,,,,,,,,
2026-08-11T16:49:58.175,1786459798.175707,5.629369,2,-45.000000,2.800000,225,-45.000000,0x02,single,-33.452045,-414,-0.128205,25,0,No fault,False,,,,,,,,,,
2026-08-11T16:49:58.186,1786459798.186896,5.640537,2,-45.000000,2.800000,226,-45.000000,0x02,single,-33.779899,-238,-0.047619,25,0,No fault,False,,,,,,,,,,
2026-08-11T16:49:58.224,1786459798.224038,5.677763,3,45.000000,2.800000,1,0.000000,0x02,single,-34.479321,-785,-0.047619,25,0,No fault,False,,,,,,,,,,
2026-08-11T16:49:58.235,1786459798.235810,5.689459,3,45.000000,2.800000,2,0.005747,0x02,single,-34.807175,-256,-0.076923,25,0,No fault,False,,,,,,,,,,
2026-08-11T16:49:58.249,1786459798.249531,5.703180,3,45.000000,2.800000,3,0.020419,0x02,single,-35.353599,-150,-0.062271,25,0,No fault,False,,,,,,,,,,
2026-08-11T16:49:58.260,1786459798.260581,5.714227,3,45.000000,2.800000,4,0.049770,0x02,single,-35.703310,-450,-0.091575,25,0,No fault,False,,,,,,,,,,
2026-08-11T16:49:58.271,1786459798.271632,5.725278,3,45.000000,2.800000,5,0.082712,0x02,single,-35.943736,-502,-0.084249,25,0,No fault,False,,,,,,,,,,
2026-08-11T16:49:58.285,1786459798.285508,5.739192,3,45.000000,2.800000,6,0.124030,0x02,single,-36.446446,-520,-0.084249,25,0,No fault,False,,,,,,,,,,
2026-08-11T16:49:58.296,1786459798.296971,5.750635,3,45.000000,2.800000,7,0.188563,0x02,single,-36.752443,-573,-0.084249,25,0,No fault,False,,,,,,,,,,
2026-08-11T16:49:58.308,1786459798.308342,5.761995,3,45.000000,2.800000,8,0.250686,0x02,single,-37.014726,-661,-0.054945,25,0,No fault,False,,,,,,,,,,
2026-08-11T16:49:58.321,1786459798.321615,5.775277,3,45.000000,2.800000,9,0.322283,0x02,single,-37.451865,-97,-0.076923,25,0,No fault,False,,,,,,,,,,
2026-08-11T16:49:58.343,1786459798.343130,5.796786,3,45.000000,2.800000,10,0.415349,0x02,single,-37.779719,-608,-0.054945,25,0,No fault,False,,,,,,,,,,
2026-08-11T16:49:58.354,1786459798.354786,5.808436,3,45.000000,2.800000,11,0.592755,0x02,single,-38.151287,-485,-0.069597,25,0,No fault,False,,,,,,,,,,
2026-08-11T16:49:58.365,1786459798.365814,5.819455,3,45.000000,2.800000,12,0.700743,0x02,single,-38.435427,9,-0.076923,25,0,No fault,False,,,,,,,,,,
2026-08-11T16:49:58.379,1786459798.379449,5.833100,3,45.000000,2.800000,13,0.811808,0x02,single,-38.828852,-185,0.003663,25,0,No fault,False,,,,,,,,,,
2026-08-11T16:49:58.390,1786459798.390476,5.844123,3,45.000000,2.800000,14,0.960871,0x02,single,-39.353418,-379,-0.084249,25,0,No fault,False,,,,,,,,,,
2026-08-11T16:49:58.401,1786459798.401493,5.855134,3,45.000000,2.800000,15,1.089827,0x02,single,-39.484560,-432,-0.062271,25,0,No fault,False,,,,,,,,,,
2026-08-11T16:49:58.412,1786459798.412694,5.866340,3,45.000000,2.800000,16,1.226402,0x02,single,-39.724986,-379,-0.091575,25,0,No fault,False,,,,,,,,,,
2026-08-11T16:49:58.425,1786459798.425538,5.879186,3,45.000000,2.800000,17,1.374344,0x02,single,-40.096554,-238,-0.062271,25,0,No fault,False,,,,,,,,,,
2026-08-11T16:49:58.436,1786459798.436617,5.890258,3,45.000000,2.800000,18,1.553173,0x02,single,-40.336981,-344,-0.091575,25,0,No fault,False,,,,,,,,,,
2026-08-11T16:49:58.447,1786459798.447652,5.901299,3,45.000000,2.800000,19,1.715040,0x02,single,-40.533693,-238,-0.098901,25,0,No fault,False,,,,,,,,,,
2026-08-11T16:49:58.461,1786459798.461301,5.914953,3,45.000000,2.800000,20,1.885535,0x02,single,-40.883404,-220,-0.076923,25,0,No fault,False,,,,,,,,,,
2026-08-11T16:49:58.472,1786459798.472495,5.926144,3,45.000000,2.800000,21,2.107134,0x02,single,-41.080117,-344,-0.098901,25,0,No fault,False,,,,,,,,,,
2026-08-11T16:49:58.483,1786459798.483680,5.937328,3,45.000000,2.800000,22,2.296687,0x02,single,-41.276829,-62,-0.062271,25,0,No fault,False,,,,,,,,,,
2026-08-11T16:49:58.497,1786459798.497370,5.951022,3,45.000000,2.800000,23,2.492780,0x02,single,-41.582826,-291,-0.098901,25,0,No fault,False,,,,,,,,,,
2026-08-11T16:49:58.508,1786459798.508657,5.962311,3,45.000000,2.800000,24,2.747807,0x02,single,-41.779539,-467,-0.076923,25,0,No fault,False,,,,,,,,,,
2026-08-11T16:49:58.522,1786459798.522844,5.976496,3,45.000000,2.800000,25,2.986727,0x02,single,-42.085536,-326,-0.047619,25,0,No fault,False,,,,,,,,,,
2026-08-11T16:49:58.544,1786459798.544689,5.998351,3,45.000000,2.800000,26,3.243967,0x02,single,-42.325962,185,-0.040293,25,0,No fault,False,,,,,,,,,,
2026-08-11T16:49:58.555,1786459798.555852,6.009502,3,45.000000,2.800000,27,3.700837,0x02,single,-42.500818,-291,-0.054945,25,0,No fault,False,,,,,,,,,,
2026-08-11T16:49:58.566,1786459798.566992,6.020642,3,45.000000,2.800000,28,3.945847,0x02,single,-42.697530,-203,-0.032967,25,0,No fault,False,,,,,,,,,,
2026-08-11T16:49:58.578,1786459798.578161,6.031807,3,45.000000,2.800000,29,4.196223,0x02,single,-42.828672,-220,-0.040293,25,0,No fault,False,,,,,,,,,,
2026-08-11T16:49:58.591,1786459798.591014,6.044661,3,45.000000,2.800000,30,4.455337,0x02,single,-43.178383,-26,-0.054945,25,0,No fault,False,,,,,,,,,,
2026-08-11T16:49:58.602,1786459798.602108,6.055752,3,45.000000,2.800000,31,4.760401,0x02,single,-43.287667,-203,-0.069597,25,0,No fault,False,,,,,,,,,,
2026-08-11T16:49:58.613,1786459798.613183,6.066827,3,45.000000,2.800000,32,5.031219,0x02,single,-43.375095,-220,-0.069597,25,0,No fault,False,,,,,,,,,,
2026-08-11T16:49:58.626,1786459798.626783,6.080433,3,45.000000,2.800000,33,5.308303,0x02,single,-43.549951,-44,-0.069597,25,0,No fault,False,,,,,,,,,,
2026-08-11T16:49:58.637,1786459798.637955,6.091615,3,45.000000,2.800000,34,5.659055,0x02,single,-43.681092,-26,-0.047619,25,0,No fault,False,,,,,,,,,,
2026-08-11T16:49:58.649,1786459798.649055,6.102701,3,45.000000,2.800000,35,5.953192,0x02,single,-43.790377,-450,-0.047619,25,0,No fault,False,,,,,,,,,,
2026-08-11T16:49:58.662,1786459798.662644,6.116300,3,45.000000,2.800000,36,6.249848,0x02,single,-43.899662,26,-0.091575,25,0,No fault,False,,,,,,,,,,
2026-08-11T16:49:58.673,1786459798.673666,6.127315,3,45.000000,2.800000,37,6.624581,0x02,single,-43.987089,-79,-0.076923,25,0,No fault,False,,,,,,,,,,
2026-08-11T16:49:58.684,1786459798.684690,6.138335,3,45.000000,2.800000,38,6.933457,0x02,single,-44.052660,-220,-0.076923,25,0,No fault,False,,,,,,,,,,
2026-08-11T16:49:58.695,1786459798.695789,6.149435,3,45.000000,2.800000,39,7.248284,0x02,single,-44.096374,-150,-0.076923,25,0,No fault,False,,,,,,,,,,
2026-08-11T16:49:58.708,1786459798.708589,6.162242,3,45.000000,2.800000,40,7.572353,0x02,single,-44.183802,44,-0.084249,25,0,No fault,False,,,,,,,,,,
2026-08-11T16:49:58.719,1786459798.719662,6.173303,3,45.000000,2.800000,41,7.952693,0x02,single,-44.227516,-62,-0.069597,25,0,No fault,False,,,,,,,,,,
2026-08-11T16:49:58.730,1786459798.730883,6.184555,3,45.000000,2.800000,42,8.286026,0x02,single,-44.271230,-62,-0.069597,25,0,No fault,False,,,,,,,,,,
2026-08-11T16:49:58.749,1786459798.749638,6.203301,3,45.000000,2.800000,43,8.635153,0x02,single,-44.314944,-115,-0.076923,25,0,No fault,False,,,,,,,,,,
2026-08-11T16:49:58.761,1786459798.761350,6.215017,3,45.000000,2.800000,44,9.220321,0x02,single,-44.358657,-79,-0.062271,25,0,No fault,False,,,,,,,,,,
2026-08-11T16:49:58.773,1786459798.773006,6.226675,3,45.000000,2.800000,45,9.599600,0x02,single,-44.424228,-538,-0.069597,25,0,No fault,False,,,,,,,,,,
2026-08-11T16:49:58.785,1786459798.785640,6.239287,3,45.000000,2.800000,46,9.972178,0x02,single,-44.446085,-97,-0.062271,25,0,No fault,False,,,,,,,,,,
2026-08-11T16:49:58.796,1786459798.796829,6.250476,3,45.000000,2.800000,47,10.384935,0x02,single,-44.511656,-132,-0.062271,25,0,No fault,False,,,,,,,,,,
2026-08-11T16:49:58.807,1786459798.807863,6.261504,3,45.000000,2.800000,48,10.756945,0x02,single,-44.533513,-132,-0.062271,25,0,No fault,False,,,,,,,,,,
2026-08-11T16:49:58.821,1786459798.821640,6.275301,3,45.000000,2.800000,49,11.128506,0x02,single,-44.533513,115,-0.069597,25,0,No fault,False,,,,,,,,,,
2026-08-11T16:49:58.833,1786459798.833072,6.286721,3,45.000000,2.800000,50,11.600652,0x02,single,-44.577227,220,-0.047619,25,0,No fault,False,,,,,,,,,,
2026-08-11T16:49:58.844,1786459798.844251,6.297904,3,45.000000,2.800000,51,11.994574,0x02,single,-44.599084,-256,-0.062271,25,0,No fault,False,,,,,,,,,,
2026-08-11T16:49:58.857,1786459798.857467,6.311114,3,45.000000,2.800000,52,12.390189,0x02,single,-44.620941,97,-0.076923,25,0,No fault,False,,,,,,,,,,
2026-08-11T16:49:58.868,1786459798.868791,6.322435,3,45.000000,2.800000,53,12.855615,0x02,single,-44.620941,9,-0.069597,25,0,No fault,False,,,,,,,,,,
2026-08-11T16:49:58.879,1786459798.879915,6.333569,3,45.000000,2.800000,54,13.253786,0x02,single,-44.642798,-203,-0.076923,25,0,No fault,False,,,,,,,,,,
2026-08-11T16:49:58.893,1786459798.893729,6.347386,3,45.000000,2.800000,55,13.654550,0x02,single,-44.642798,26,-0.062271,25,0,No fault,False,,,,,,,,,,
2026-08-11T16:49:58.904,1786459798.904961,6.358602,3,45.000000,2.800000,56,14.156668,0x02,single,-44.664655,-79,-0.062271,25,0,No fault,False,,,,,,,,,,
2026-08-11T16:49:58.916,1786459798.916012,6.369664,3,45.000000,2.800000,57,14.565999,0x02,single,-44.664655,-97,-0.076923,25,0,No fault,False,,,,,,,,,,
2026-08-11T16:49:58.929,1786459798.929724,6.383368,3,45.000000,2.800000,58,14.974477,0x02,single,-44.686511,-379,-0.076923,25,0,No fault,False,,,,,,,,,,
2026-08-11T16:49:58.951,1786459798.951999,6.405675,3,45.000000,2.800000,59,15.484886,0x02,single,-44.686511,-44,-0.062271,25,0,No fault,False,,,,,,,,,,
2026-08-11T16:49:58.964,1786459798.964091,6.417765,3,45.000000,2.800000,60,16.329990,0x02,single,-44.686511,-309,-0.091575,25,0,No fault,False,,,,,,,,,,
2026-08-11T16:49:58.978,1786459798.978302,6.431975,3,45.000000,2.800000,61,16.783263,0x02,single,-44.686511,-9,-0.069597,25,0,No fault,False,,,,,,,,,,
2026-08-11T16:49:58.989,1786459798.989940,6.443583,3,45.000000,2.800000,62,17.322493,0x02,single,-44.708368,-132,-0.069597,25,0,No fault,False,,,,,,,,,,
2026-08-11T16:49:59.000,1786459799.000811,6.454458,3,45.000000,2.800000,63,17.763121,0x02,single,-44.686511,62,-0.076923,25,0,No fault,False,,,,,,,,,,
2026-08-11T16:49:59.014,1786459799.014549,6.468210,3,45.000000,2.800000,64,18.183044,0x02,single,-44.708368,79,-0.054945,25,0,No fault,False,,,,,,,,,,
2026-08-11T16:49:59.025,1786459799.025949,6.479600,3,45.000000,2.800000,65,18.718888,0x02,single,-44.708368,-150,-0.084249,25,0,No fault,False,,,,,,,,,,
2026-08-11T16:49:59.037,1786459799.037274,6.490918,3,45.000000,2.800000,66,19.158472,0x02,single,-44.708368,-9,-0.054945,25,0,No fault,False,,,,,,,,,,
2026-08-11T16:49:59.050,1786459799.050481,6.504136,3,45.000000,2.800000,67,19.601475,0x02,single,-44.730225,-150,-0.047619,25,0,No fault,False,,,,,,,,,,
2026-08-11T16:49:59.061,1786459799.061729,6.515376,3,45.000000,2.800000,68,20.113938,0x02,single,-44.708368,9,-0.062271,25,0,No fault,False,,,,,,,,,,
2026-08-11T16:49:59.073,1786459799.073224,6.526883,3,45.000000,2.800000,69,20.553267,0x02,single,-44.708368,62,-0.062271,25,0,No fault,False,,,,,,,,,,
2026-08-11T16:49:59.086,1786459799.086470,6.540153,3,45.000000,2.800000,70,21.006443,0x02,single,-44.730225,-62,-0.084249,25,0,No fault,False,,,,,,,,,,
2026-08-11T16:49:59.097,1786459799.097665,6.551308,3,45.000000,2.800000,71,21.524922,0x02,single,-44.730225,-97,-0.062271,25,0,No fault,False,,,,,,,,,,
2026-08-11T16:49:59.108,1786459799.108665,6.562319,3,45.000000,2.800000,72,21.958644,0x02,single,-44.730225,62,-0.062271,25,0,No fault,False,,,,,,,,,,
2026-08-11T16:49:59.122,1786459799.122279,6.575930,3,45.000000,2.800000,73,22.392081,0x02,single,-44.730225,-132,-0.069597,25,0,No fault,False,,,,,,,,,,
2026-08-11T16:49:59.133,1786459799.133302,6.586956,3,45.000000,2.800000,74,22.926152,0x02,single,-44.730225,-44,-0.076923,25,0,No fault,False,,,,,,,,,,
2026-08-11T16:49:59.155,1786459799.155654,6.609314,3,45.000000,2.800000,75,23.360656,0x02,single,-44.730225,-132,-0.069597,25,0,No fault,False,,,,,,,,,,
2026-08-11T16:49:59.167,1786459799.167348,6.621005,3,45.000000,2.800000,76,24.236939,0x02,single,-44.730225,26,-0.084249,25,0,No fault,False,,,,,,,,,,
2026-08-11T16:49:59.178,1786459799.178679,6.632330,3,45.000000,2.800000,77,24.695550,0x02,single,-44.752082,-185,-0.069597,25,0,No fault,False,,,,,,,,,,
2026-08-11T16:49:59.191,1786459799.191802,6.645451,3,45.000000,2.800000,78,25.148916,0x02,single,-44.730225,-150,-0.069597,25,0,No fault,False,,,,,,,,,,
2026-08-11T16:49:59.202,1786459799.202857,6.656499,3,45.000000,2.800000,79,25.645643,0x02,single,-44.730225,-79,-0.054945,25,0,No fault,False,,,,,,,,,,
2026-08-11T16:49:59.214,1786459799.214016,6.667664,3,45.000000,2.800000,80,26.079436,0x02,single,-44.730225,-150,-0.084249,25,0,No fault,False,,,,,,,,,,
2026-08-11T16:49:59.228,1786459799.228120,6.681782,3,45.000000,2.800000,81,26.509872,0x02,single,-44.730225,62,-0.054945,25,0,No fault,False,,,,,,,,,,
2026-08-11T16:49:59.239,1786459799.239477,6.693117,3,45.000000,2.800000,82,27.058030,0x02,single,-44.730225,-62,-0.062271,25,0,No fault,False,,,,,,,,,,
2026-08-11T16:49:59.250,1786459799.250636,6.704282,3,45.000000,2.800000,83,27.486488,0x02,single,-44.730225,62,-0.062271,25,0,No fault,False,,,,,,,,,,
2026-08-11T16:49:59.263,1786459799.263752,6.717404,3,45.000000,2.800000,84,27.914912,0x02,single,-44.730225,26,-0.076923,25,0,No fault,False,,,,,,,,,,
2026-08-11T16:49:59.274,1786459799.274983,6.728639,3,45.000000,2.800000,85,28.414230,0x02,single,-44.730225,79,-0.062271,25,0,No fault,False,,,,,,,,,,
2026-08-11T16:49:59.286,1786459799.286179,6.739853,3,45.000000,2.800000,86,28.837790,0x02,single,-44.752082,-62,-0.069597,25,0,No fault,False,,,,,,,,,,
2026-08-11T16:49:59.299,1786459799.299555,6.753231,3,45.000000,2.800000,87,29.269655,0x02,single,-44.730225,167,-0.069597,25,0,No fault,False,,,,,,,,,,
2026-08-11T16:49:59.311,1786459799.311187,6.764852,3,45.000000,2.800000,88,29.761631,0x02,single,-44.730225,62,-0.054945,25,0,No fault,False,,,,,,,,,,
2026-08-11T16:49:59.325,1786459799.325221,6.778897,3,45.000000,2.800000,89,30.191247,0x02,single,-44.752082,26,-0.069597,25,0,No fault,False,,,,,,,,,,
2026-08-11T16:49:59.336,1786459799.336735,6.790385,3,45.000000,2.800000,90,30.717531,0x02,single,-44.752082,9,-0.069597,25,0,No fault,False,,,,,,,,,,
2026-08-11T16:49:59.358,1786459799.358642,6.812307,3,45.000000,2.800000,91,31.122671,0x02,single,-44.752082,-273,-0.047619,25,0,No fault,False,,,,,,,,,,
2026-08-11T16:49:59.370,1786459799.370486,6.824153,3,45.000000,2.800000,92,31.911325,0x02,single,-44.752082,97,-0.076923,25,0,No fault,False,,,,,,,,,,
2026-08-11T16:49:59.384,1786459799.384481,6.838140,3,45.000000,2.800000,93,32.335855,0x02,single,-44.752082,-150,-0.084249,25,0,No fault,False,,,,,,,,,,
2026-08-11T16:49:59.395,1786459799.395716,6.849370,3,45.000000,2.800000,94,32.824157,0x02,single,-44.752082,-26,-0.054945,25,0,No fault,False,,,,,,,,,,
2026-08-11T16:49:59.406,1786459799.406957,6.860609,3,45.000000,2.800000,95,33.214042,0x02,single,-44.730225,203,-0.054945,25,0,No fault,False,,,,,,,,,,
2026-08-11T16:49:59.420,1786459799.420632,6.874290,3,45.000000,2.800000,96,33.597924,0x02,single,-44.752082,-132,-0.076923,25,0,No fault,False,,,,,,,,,,
2026-08-11T16:49:59.431,1786459799.431840,6.885490,3,45.000000,2.800000,97,34.064155,0x02,single,-44.730225,115,-0.084249,25,0,No fault,False,,,,,,,,,,
2026-08-11T16:49:59.443,1786459799.443001,6.896648,3,45.000000,2.800000,98,34.436668,0x02,single,-44.730225,344,-0.062271,25,0,No fault,False,,,,,,,,,,
2026-08-11T16:49:59.456,1786459799.456535,6.910178,3,45.000000,2.800000,99,34.805906,0x02,single,-44.752082,-26,-0.076923,25,0,No fault,False,,,,,,,,,,
2026-08-11T16:49:59.467,1786459799.467630,6.921278,3,45.000000,2.800000,100,35.247768,0x02,single,-44.752082,-115,-0.076923,25,0,No fault,False,,,,,,,,,,
2026-08-11T16:49:59.478,1786459799.478837,6.932492,3,45.000000,2.800000,101,35.604344,0x02,single,-44.752082,9,-0.091575,25,0,No fault,False,,,,,,,,,,
2026-08-11T16:49:59.492,1786459799.492514,6.946167,3,45.000000,2.800000,102,35.960161,0x02,single,-44.752082,26,-0.054945,25,0,No fault,False,,,,,,,,,,
2026-08-11T16:49:59.507,1786459799.507740,6.961388,3,45.000000,2.800000,103,36.473304,0x02,single,-44.752082,-62,-0.062271,25,0,No fault,False,,,,,,,,,,
2026-08-11T16:49:59.518,1786459799.518847,6.972488,3,45.000000,2.800000,104,36.851451,0x02,single,-44.752082,-44,-0.076923,25,0,No fault,False,,,,,,,,,,
2026-08-11T16:49:59.529,1786459799.529852,6.983495,3,45.000000,2.800000,105,37.184436,0x02,single,-44.752082,-9,-0.076923,25,0,No fault,False,,,,,,,,,,
2026-08-11T16:49:59.541,1786459799.541022,6.994671,3,45.000000,2.800000,106,37.511177,0x02,single,-44.752082,44,-0.062271,25,0,No fault,False,,,,,,,,,,
2026-08-11T16:49:59.564,1786459799.564945,7.018629,3,45.000000,2.800000,107,37.840838,0x02,single,-44.752082,-26,-0.069597,25,0,No fault,False,,,,,,,,,,
2026-08-11T16:49:59.576,1786459799.576486,7.030136,3,45.000000,2.800000,108,38.512573,0x02,single,-44.752082,-79,-0.062271,25,0,No fault,False,,,,,,,,,,
2026-08-11T16:49:59.587,1786459799.587661,7.041303,3,45.000000,2.800000,109,38.824214,0x02,single,-44.752082,-26,-0.076923,25,0,No fault,False,,,,,,,,,,
2026-08-11T16:49:59.601,1786459799.601353,7.055007,3,45.000000,2.800000,110,39.121128,0x02,single,-44.752082,-203,-0.076923,25,0,No fault,False,,,,,,,,,,
2026-08-11T16:49:59.612,1786459799.612684,7.066334,3,45.000000,2.800000,111,39.481582,0x02,single,-44.752082,44,-0.076923,25,0,No fault,False,,,,,,,,,,
2026-08-11T16:49:59.623,1786459799.623792,7.077440,3,45.000000,2.800000,112,39.768790,0x02,single,-44.752082,79,-0.091575,25,0,No fault,False,,,,,,,,,,
2026-08-11T16:49:59.637,1786459799.637303,7.090954,3,45.000000,2.800000,113,40.043690,0x02,single,-44.730225,326,-0.047619,25,0,No fault,False,,,,,,,,,,
2026-08-11T16:49:59.648,1786459799.648527,7.102172,3,45.000000,2.800000,114,40.372068,0x02,single,-44.752082,9,-0.062271,25,0,No fault,False,,,,,,,,,,
2026-08-11T16:49:59.659,1786459799.659624,7.113273,3,45.000000,2.800000,115,40.636503,0x02,single,-44.752082,185,-0.054945,25,0,No fault,False,,,,,,,,,,
2026-08-11T16:49:59.673,1786459799.673246,7.126893,3,45.000000,2.800000,116,40.889815,0x02,single,-44.752082,26,-0.047619,25,0,No fault,False,,,,,,,,,,
2026-08-11T16:49:59.684,1786459799.684338,7.137979,3,45.000000,2.800000,117,41.194068,0x02,single,-44.752082,44,-0.062271,25,0,No fault,False,,,,,,,,,,
2026-08-11T16:49:59.695,1786459799.695342,7.148988,3,45.000000,2.800000,118,41.431222,0x02,single,-44.752082,26,-0.047619,25,0,No fault,False,,,,,,,,,,
2026-08-11T16:49:59.708,1786459799.708833,7.162478,3,45.000000,2.800000,119,41.661926,0x02,single,-41.998108,4945,0.040293,25,0,No fault,False,,,,,,,,,,
2026-08-11T16:49:59.719,1786459799.719892,7.173535,3,45.000000,2.800000,120,41.934133,0x02,single,-38.042002,4998,-0.040293,25,0,No fault,False,,,,,,,,,,
2026-08-11T16:49:59.730,1786459799.730987,7.184632,3,45.000000,2.800000,121,42.149468,0x02,single,-34.435607,4822,0.018315,25,0,No fault,False,,,,,,,,,,
2026-08-11T16:49:59.744,1786459799.744612,7.198256,3,45.000000,2.800000,122,42.358455,0x02,single,-29.714508,3693,0.054945,25,0,No fault,False,,,,,,,,,,
2026-08-11T16:49:59.765,1786459799.765999,7.219655,3,45.000000,2.800000,123,42.603755,0x02,single,-25.583547,3358,0.076923,25,0,No fault,False,,,,,,,,,,
2026-08-11T16:49:59.777,1786459799.777122,7.230767,3,45.000000,2.800000,124,42.967784,0x02,single,-23.135570,3570,0.025641,25,0,No fault,False,,,,,,,,,,
2026-08-11T16:49:59.788,1786459799.788263,7.241913,3,45.000000,2.800000,125,43.145018,0x02,single,-20.971733,2547,0.054945,25,0,No fault,False,,,,,,,,,,
2026-08-11T16:49:59.799,1786459799.799407,7.253049,3,45.000000,2.800000,126,43.314803,0x02,single,-18.917181,2371,-0.003663,25,0,No fault,False,,,,,,,,,,
2026-08-11T16:49:59.812,1786459799.812282,7.265935,3,45.000000,2.800000,127,43.478498,0x02,single,-14.523936,2107,0.025641,25,0,No fault,False,,,,,,,,,,
2026-08-11T16:49:59.823,1786459799.823353,7.276998,3,45.000000,2.800000,128,43.654633,0x02,single,-13.474803,1966,0.032967,25,0,No fault,False,,,,,,,,,,
2026-08-11T16:49:59.834,1786459799.834414,7.288054,3,45.000000,2.800000,129,43.798563,0x02,single,-12.360099,1578,0.091575,25,0,No fault,False,,,,,,,,,,
2026-08-11T16:49:59.847,1786459799.847961,7.301607,3,45.000000,2.800000,130,43.934450,0x02,single,-10.677115,2071,0.047619,25,0,No fault,False,,,,,,,,,,
2026-08-11T16:49:59.859,1786459799.859017,7.312662,3,45.000000,2.800000,131,44.090365,0x02,single,-9.627982,1313,0.032967,25,0,No fault,False,,,,,,,,,,
2026-08-11T16:49:59.870,1786459799.870020,7.323660,3,45.000000,2.800000,132,44.208555,0x02,single,-8.578849,1507,0.047619,25,0,No fault,False,,,,,,,,,,
2026-08-11T16:49:59.883,1786459799.883768,7.337419,3,45.000000,2.800000,133,44.319229,0x02,single,-7.354860,1137,0.040293,25,0,No fault,False,,,,,,,,,,
2026-08-11T16:49:59.894,1786459799.894896,7.348550,3,45.000000,2.800000,134,44.443823,0x02,single,-6.568010,873,0.062271,25,0,No fault,False,,,,,,,,,,
2026-08-11T16:49:59.906,1786459799.906023,7.359680,3,45.000000,2.800000,135,44.536374,0x02,single,-5.868588,1014,0.040293,25,0,No fault,False,,,,,,,,,,
2026-08-11T16:49:59.919,1786459799.919570,7.373224,3,45.000000,2.800000,136,44.620429,0x02,single,-4.906883,978,0.091575,25,0,No fault,False,,,,,,,,,,
2026-08-11T16:49:59.930,1786459799.930709,7.384366,3,45.000000,2.800000,137,44.711476,0x02,single,-4.360459,573,0.069597,25,0,No fault,False,,,,,,,,,,
2026-08-11T16:49:59.941,1786459799.941802,7.395452,3,45.000000,2.800000,138,44.777093,0x02,single,-3.814036,591,0.062271,25,0,No fault,False,,,,,,,,,,
2026-08-11T16:49:59.955,1786459799.955377,7.409030,3,45.000000,2.800000,139,44.834054,0x02,single,-3.070900,749,0.054945,25,0,No fault,False,,,,,,,,,,
2026-08-11T16:49:59.976,1786459799.976299,7.429989,3,45.000000,2.800000,140,44.892504,0x02,single,-2.633761,873,0.106227,25,0,No fault,False,,,,,,,,,,
2026-08-11T16:49:59.988,1786459799.988029,7.441691,3,45.000000,2.800000,141,44.958154,0x02,single,-1.999910,414,0.091575,25,0,No fault,False,,,,,,,,,,
2026-08-11T16:49:59.999,1786459799.999414,7.453063,3,45.000000,2.800000,142,44.981344,0x02,single,-1.562771,555,0.047619,25,0,No fault,False,,,,,,,,,,
2026-08-11T16:50:00.012,1786459800.012627,7.466274,3,45.000000,2.800000,143,44.995198,0x02,single,-1.038205,538,0.076923,25,0,No fault,False,,,,,,,,,,
2026-08-11T16:50:00.023,1786459800.023671,7.477314,3,45.000000,2.800000,144,45.000000,0x02,single,-0.448067,291,0.084249,25,0,No fault,False,,,,,,,,,,
2026-08-11T16:50:00.034,1786459800.034834,7.488482,3,45.000000,2.800000,145,45.000000,0x02,single,-0.185784,361,0.106227,25,0,No fault,False,,,,,,,,,,
2026-08-11T16:50:00.048,1786459800.048462,7.502117,3,45.000000,2.800000,146,45.000000,0x02,single,0.273212,-26,0.106227,25,0,No fault,False,,,,,,,,,,
2026-08-11T16:50:00.059,1786459800.059582,7.513232,3,45.000000,2.800000,147,45.000000,0x02,single,0.601066,591,0.062271,25,0,No fault,False,,,,,,,,,,
2026-08-11T16:50:00.070,1786459800.070762,7.524413,3,45.000000,2.800000,148,45.000000,0x02,single,0.907063,414,0.054945,25,0,No fault,False,,,,,,,,,,
2026-08-11T16:50:00.084,1786459800.084476,7.538126,3,45.000000,2.800000,149,45.000000,0x02,single,1.322345,220,0.098901,25,0,No fault,False,,,,,,,,,,
2026-08-11T16:50:00.095,1786459800.095919,7.549572,3,45.000000,2.800000,150,45.000000,0x02,single,1.628342,520,0.091575,25,0,No fault,False,,,,,,,,,,
2026-08-11T16:50:00.107,1786459800.107213,7.560863,3,45.000000,2.800000,151,45.000000,0x02,single,1.912482,150,0.076923,25,0,No fault,False,,,,,,,,,,
2026-08-11T16:50:00.120,1786459800.120423,7.574076,3,45.000000,2.800000,152,45.000000,0x02,single,2.349621,890,0.062271,25,0,No fault,False,,,,,,,,,,
2026-08-11T16:50:00.131,1786459800.131649,7.585299,3,45.000000,2.800000,153,45.000000,0x02,single,2.611904,397,0.113553,25,0,No fault,False,,,,,,,,,,
2026-08-11T16:50:00.142,1786459800.142668,7.596312,3,45.000000,2.800000,154,45.000000,0x02,single,2.896044,115,0.062271,25,0,No fault,False,,,,,,,,,,
2026-08-11T16:50:00.156,1786459800.156313,7.609970,3,45.000000,2.800000,155,45.000000,0x02,single,3.333183,696,0.084249,25,0,No fault,False,,,,,,,,,,
2026-08-11T16:50:00.178,1786459800.178910,7.632575,3,45.000000,2.800000,156,45.000000,0x02,single,3.770322,485,0.128205,25,0,No fault,False,,,,,,,,,,
2026-08-11T16:50:00.190,1786459800.190679,7.644356,3,45.000000,2.800000,157,45.000000,0x02,single,4.010748,732,0.091575,25,0,No fault,False,,,,,,,,,,
2026-08-11T16:50:00.204,1786459800.204625,7.658280,3,45.000000,2.800000,158,45.000000,0x02,single,4.426030,450,0.076923,25,0,No fault,False,,,,,,,,,,
2026-08-11T16:50:00.215,1786459800.215914,7.669574,3,45.000000,2.800000,159,45.000000,0x02,single,4.753884,732,0.098901,25,0,No fault,False,,,,,,,,,,
2026-08-11T16:50:00.227,1786459800.227711,7.681377,3,45.000000,2.800000,160,45.000000,0x02,single,5.387735,379,0.069597,25,0,No fault,False,,,,,,,,,,
2026-08-11T16:50:00.240,1786459800.240309,7.694000,3,45.000000,2.800000,161,45.000000,0x02,single,5.693733,591,0.091575,25,0,No fault,False,,,,,,,,,,
2026-08-11T16:50:00.251,1786459800.251806,7.705465,3,45.000000,2.800000,162,45.000000,0x02,single,5.999730,538,0.047619,25,0,No fault,False,,,,,,,,,,
2026-08-11T16:50:00.263,1786459800.263446,7.717137,3,45.000000,2.800000,163,45.000000,0x02,single,6.436868,414,0.054945,25,0,No fault,False,,,,,,,,,,
2026-08-11T16:50:00.276,1786459800.276182,7.729845,3,45.000000,2.800000,164,45.000000,0x02,single,6.742866,661,0.076923,25,0,No fault,False,,,,,,,,,,
2026-08-11T16:50:00.287,1786459800.287472,7.741131,3,45.000000,2.800000,165,45.000000,0x02,single,7.048863,555,0.098901,25,0,No fault,False,,,,,,,,,,
2026-08-11T16:50:00.298,1786459800.298745,7.752393,3,45.000000,2.800000,166,45.000000,0x02,single,7.376717,379,0.076923,25,0,No fault,False,,,,,,,,,,
2026-08-11T16:50:00.311,1786459800.311893,7.765542,3,45.000000,2.800000,167,45.000000,0x02,single,7.835713,256,0.106227,25,0,No fault,False,,,,,,,,,,
2026-08-11T16:50:00.323,1786459800.323048,7.776704,3,45.000000,2.800000,168,45.000000,0x02,single,8.163567,485,0.076923,25,0,No fault,False,,,,,,,,,,
2026-08-11T16:50:00.334,1786459800.334228,7.787876,3,45.000000,2.800000,169,45.000000,0x02,single,8.491421,167,0.084249,25,0,No fault,False,,,,,,,,,,
2026-08-11T16:50:00.347,1786459800.347953,7.801604,3,45.000000,2.800000,170,45.000000,0x02,single,8.972273,309,0.076923,25,0,No fault,False,,,,,,,,,,
2026-08-11T16:50:00.359,1786459800.359375,7.813031,3,45.000000,2.800000,171,45.000000,0x02,single,9.300127,414,0.076923,25,0,No fault,False,,,,,,,,,,
2026-08-11T16:50:00.382,1786459800.382139,7.835804,3,45.000000,2.800000,172,45.000000,0x02,single,9.824694,432,0.098901,25,0,No fault,False,,,,,,,,,,
2026-08-11T16:50:00.393,1786459800.393721,7.847380,3,45.000000,2.800000,173,45.000000,0x02,single,10.152548,485,0.120879,25,0,No fault,False,,,,,,,,,,
2026-08-11T16:50:00.405,1786459800.405100,7.858747,3,45.000000,2.800000,174,45.000000,0x02,single,10.524116,432,0.069597,25,0,No fault,False,,,,,,,,,,
2026-08-11T16:50:00.418,1786459800.418325,7.871987,3,45.000000,2.800000,175,45.000000,0x02,single,11.442107,450,0.054945,25,0,No fault,False,,,,,,,,,,
2026-08-11T16:50:00.429,1786459800.429732,7.883382,3,45.000000,2.800000,176,45.000000,0x02,single,11.682534,432,0.062271,25,0,No fault,False,,,,,,,,,,
2026-08-11T16:50:00.440,1786459800.440841,7.894489,3,45.000000,2.800000,177,45.000000,0x02,single,11.966674,767,0.128205,25,0,No fault,False,,,,,,,,,,
2026-08-11T16:50:00.454,1786459800.454539,7.908193,3,45.000000,2.800000,178,45.000000,0x02,single,12.469384,326,0.054945,25,0,No fault,False,,,,,,,,,,
2026-08-11T16:50:00.465,1786459800.465741,7.919395,3,45.000000,2.800000,179,45.000000,0x02,single,12.884665,538,0.062271,25,0,No fault,False,,,,,,,,,,
2026-08-11T16:50:00.476,1786459800.476931,7.930586,3,45.000000,2.800000,180,45.000000,0x02,single,13.278090,432,0.091575,25,0,No fault,False,,,,,,,,,,
2026-08-11T16:50:00.490,1786459800.490673,7.944333,3,45.000000,2.800000,181,45.000000,0x02,single,13.780800,555,0.076923,25,0,No fault,False,,,,,,,,,,
2026-08-11T16:50:00.502,1786459800.502021,7.955677,3,45.000000,2.800000,182,45.000000,0x02,single,14.217939,679,0.054945,25,0,No fault,False,,,,,,,,,,
2026-08-11T16:50:00.513,1786459800.513327,7.966992,3,45.000000,2.800000,183,45.000000,0x02,single,14.633221,485,0.069597,25,0,No fault,False,,,,,,,,,,
2026-08-11T16:50:00.527,1786459800.527113,7.980766,3,45.000000,2.800000,184,45.000000,0x02,single,15.135930,679,0.069597,25,0,No fault,False,,,,,,,,,,
2026-08-11T16:50:00.538,1786459800.538228,7.991878,3,45.000000,2.800000,185,45.000000,0x02,single,15.551212,502,0.084249,25,0,No fault,False,,,,,,,,,,
2026-08-11T16:50:00.549,1786459800.549545,8.003202,3,45.000000,2.800000,186,45.000000,0x02,single,15.988351,502,0.069597,25,0,No fault,False,,,,,,,,,,
2026-08-11T16:50:00.562,1786459800.562870,8.016525,3,45.000000,2.800000,187,45.000000,0x02,single,16.469203,450,0.091575,25,0,No fault,False,,,,,,,,,,
2026-08-11T16:50:00.584,1786459800.584775,8.038442,3,45.000000,2.800000,188,45.000000,0x02,single,17.037484,344,0.120879,25,0,No fault,False,,,,,,,,,,
2026-08-11T16:50:00.596,1786459800.596517,8.050174,3,45.000000,2.800000,189,45.000000,0x02,single,17.430909,555,0.076923,25,0,No fault,False,,,,,,,,,,
2026-08-11T16:50:00.607,1786459800.607731,8.061389,3,45.000000,2.800000,190,45.000000,0x02,single,17.824334,485,0.076923,25,0,No fault,False,,,,,,,,,,
2026-08-11T16:50:00.620,1786459800.620916,8.074570,3,45.000000,2.800000,191,45.000000,0x02,single,18.436328,485,0.084249,25,0,No fault,False,,,,,,,,,,
2026-08-11T16:50:00.632,1786459800.632125,8.085778,3,45.000000,2.800000,192,45.000000,0x02,single,19.179464,450,0.040293,25,0,No fault,False,,,,,,,,,,
2026-08-11T16:50:00.643,1786459800.643461,8.097168,3,45.000000,2.800000,193,45.000000,0x02,single,19.485461,485,0.135531,25,0,No fault,False,,,,,,,,,,
2026-08-11T16:50:00.656,1786459800.656768,8.110428,3,45.000000,2.800000,194,45.000000,0x02,single,20.053741,167,0.076923,25,0,No fault,False,,,,,,,,,,
2026-08-11T16:50:00.668,1786459800.668003,8.121659,3,45.000000,2.800000,195,45.000000,0x02,single,20.447166,749,0.106227,25,0,No fault,False,,,,,,,,,,
2026-08-11T16:50:00.679,1786459800.679371,8.133035,3,45.000000,2.800000,196,45.000000,0x02,single,20.906162,890,0.062271,25,0,No fault,False,,,,,,,,,,
2026-08-11T16:50:00.692,1786459800.692843,8.146517,3,45.000000,2.800000,197,45.000000,0x02,single,21.452585,344,0.084249,25,0,No fault,False,,,,,,,,,,
2026-08-11T16:50:00.704,1786459800.704304,8.157981,3,45.000000,2.800000,198,45.000000,0x02,single,21.867867,555,0.120879,25,0,No fault,False,,,,,,,,,,
2026-08-11T16:50:00.715,1786459800.715858,8.169516,3,45.000000,2.800000,199,45.000000,0x02,single,22.326863,502,0.084249,25,0,No fault,False,,,,,,,,,,
2026-08-11T16:50:00.727,1786459800.727036,8.180701,3,45.000000,2.800000,200,45.000000,0x02,single,22.764002,361,0.084249,25,0,No fault,False,,,,,,,,,,
2026-08-11T16:50:00.740,1786459800.740433,8.194118,3,45.000000,2.800000,201,45.000000,0x02,single,23.266711,502,0.084249,25,0,No fault,False,,,,,,,,,,
2026-08-11T16:50:00.751,1786459800.751956,8.205619,3,45.000000,2.800000,202,45.000000,0x02,single,23.703850,467,0.091575,25,0,No fault,False,,,,,,,,,,
2026-08-11T16:50:00.766,1786459800.766329,8.220020,3,45.000000,2.800000,203,45.000000,0x02,single,24.293988,502,0.069597,25,0,No fault,False,,,,,,,,,,
2026-08-11T16:50:00.792,1786459800.792111,8.245772,3,45.000000,2.800000,204,45.000000,0x02,single,24.862268,555,0.084249,25,0,No fault,False,,,,,,,,,,
2026-08-11T16:50:00.803,1786459800.803696,8.257350,3,45.000000,2.800000,205,45.000000,0x02,single,25.474262,361,0.062271,25,0,No fault,False,,,,,,,,,,
2026-08-11T16:50:00.814,1786459800.814952,8.268594,3,45.000000,2.800000,206,45.000000,0x02,single,25.823973,538,0.069597,25,0,No fault,False,,,,,,,,,,
2026-08-11T16:50:00.828,1786459800.828684,8.282331,3,45.000000,2.800000,207,45.000000,0x02,single,26.873106,661,0.091575,25,0,No fault,False,,,,,,,,,,
2026-08-11T16:50:00.839,1786459800.839631,8.293268,3,45.000000,2.800000,208,45.000000,0x02,single,27.047962,661,0.084249,25,0,No fault,False,,,,,,,,,,
2026-08-11T16:50:00.850,1786459800.850739,8.304387,3,45.000000,2.800000,209,45.000000,0x02,single,27.419530,520,0.098901,25,0,No fault,False,,,,,,,,,,
2026-08-11T16:50:00.864,1786459800.864623,8.318287,3,45.000000,2.800000,210,45.000000,0x02,single,27.987810,538,0.076923,25,0,No fault,False,,,,,,,,,,
2026-08-11T16:50:00.875,1786459800.875747,8.329398,3,45.000000,2.800000,211,45.000000,0x02,single,28.381235,520,0.091575,25,0,No fault,False,,,,,,,,,,
2026-08-11T16:50:00.886,1786459800.886882,8.340575,3,45.000000,2.800000,212,45.000000,0x02,single,28.774660,555,0.128205,25,0,No fault,False,,,,,,,,,,
2026-08-11T16:50:00.900,1786459800.900602,8.354256,3,45.000000,2.800000,213,45.000000,0x02,single,29.342940,485,0.106227,25,0,No fault,False,,,,,,,,,,
2026-08-11T16:50:00.911,1786459800.911834,8.365481,3,45.000000,2.800000,214,45.000000,0x02,single,29.714508,608,0.113553,25,0,No fault,False,,,,,,,,,,
2026-08-11T16:50:00.922,1786459800.922849,8.376499,3,45.000000,2.800000,215,45.000000,0x02,single,30.086076,326,0.120879,25,0,No fault,False,,,,,,,,,,
2026-08-11T16:50:00.936,1786459800.936456,8.390104,3,45.000000,2.800000,216,45.000000,0x02,single,30.654357,309,0.069597,25,0,No fault,False,,,,,,,,,,
2026-08-11T16:50:00.947,1786459800.947505,8.401148,3,45.000000,2.800000,217,45.000000,0x02,single,31.004068,344,0.106227,25,0,No fault,False,,,,,,,,,,
2026-08-11T16:50:00.958,1786459800.958418,8.412067,3,45.000000,2.800000,218,45.000000,0x02,single,31.397493,520,0.076923,25,0,No fault,False,,,,,,,,,,
2026-08-11T16:50:00.969,1786459800.969424,8.423098,3,45.000000,2.800000,219,45.000000,0x02,single,31.769061,485,0.076923,25,0,No fault,False,,,,,,,,,,
2026-08-11T16:50:00.994,1786459800.994315,8.447974,3,45.000000,2.800000,220,45.000000,0x02,single,32.271770,538,0.091575,25,0,No fault,False,,,,,,,,,,
2026-08-11T16:50:01.006,1786459801.006071,8.459718,3,45.000000,2.800000,221,45.000000,0x02,single,32.796337,344,0.091575,25,0,No fault,False,,,,,,,,,,
2026-08-11T16:50:01.017,1786459801.017262,8.470903,3,45.000000,2.800000,222,45.000000,0x02,single,33.146048,573,0.091575,25,0,No fault,False,,,,,,,,,,
2026-08-11T16:50:01.053,1786459801.053851,8.507510,4,-45.000000,2.800000,1,-0.000000,0x02,single,34.282609,167,0.084249,25,0,No fault,False,,,,,,,,,,
2026-08-11T16:50:01.065,1786459801.065009,8.518645,4,-45.000000,2.800000,2,-0.005733,0x02,single,34.479321,538,0.128205,25,0,No fault,False,,,,,,,,,,
2026-08-11T16:50:01.075,1786459801.075937,8.529573,4,-45.000000,2.800000,3,-0.019660,0x02,single,34.850889,502,0.054945,25,0,No fault,False,,,,,,,,,,
2026-08-11T16:50:01.086,1786459801.086953,8.540590,4,-45.000000,2.800000,4,-0.041650,0x02,single,35.113172,309,0.069597,25,0,No fault,False,,,,,,,,,,
2026-08-11T16:50:01.099,1786459801.099761,8.553396,4,-45.000000,2.800000,5,-0.072448,0x02,single,35.615882,361,0.054945,25,0,No fault,False,,,,,,,,,,
2026-08-11T16:50:01.111,1786459801.111190,8.564843,4,-45.000000,2.800000,6,-0.118078,0x02,single,35.965593,626,0.098901,25,0,No fault,False,,,,,,,,,,
2026-08-11T16:50:01.122,1786459801.122903,8.576546,4,-45.000000,2.800000,7,-0.169270,0x02,single,36.227876,344,0.032967,25,0,No fault,False,,,,,,,,,,
2026-08-11T16:50:01.135,1786459801.135664,8.589301,4,-45.000000,2.800000,8,-0.229351,0x02,single,36.730586,573,0.062271,25,0,No fault,False,,,,,,,,,,
2026-08-11T16:50:01.146,1786459801.146601,8.600237,4,-45.000000,2.800000,9,-0.305940,0x02,single,37.036583,626,0.084249,25,0,No fault,False,,,,,,,,,,
2026-08-11T16:50:01.157,1786459801.157491,8.611129,4,-45.000000,2.800000,10,-0.380424,0x02,single,37.298866,485,0.054945,25,0,No fault,False,,,,,,,,,,
2026-08-11T16:50:01.168,1786459801.168354,8.621992,4,-45.000000,2.800000,11,-0.462805,0x02,single,37.561149,502,0.091575,25,0,No fault,False,,,,,,,,,,
2026-08-11T16:50:01.181,1786459801.181765,8.635405,4,-45.000000,2.800000,12,-0.552660,0x02,single,37.801576,256,0.128205,25,0,No fault,False,,,,,,,,,,
2026-08-11T16:50:01.200,1786459801.200134,8.653794,4,-45.000000,2.800000,13,-0.674874,0x02,single,38.238715,555,0.069597,25,0,No fault,False,,,,,,,,,,
2026-08-11T16:50:01.213,1786459801.213304,8.666976,4,-45.000000,2.800000,14,-0.862951,0x02,single,38.653996,397,0.113553,25,0,No fault,False,,,,,,,,,,
2026-08-11T16:50:01.224,1786459801.224755,8.678409,4,-45.000000,2.800000,15,-1.010621,0x02,single,38.916280,97,0.069597,25,0,No fault,False,,,,,,,,,,
2026-08-11T16:50:01.236,1786459801.236125,8.689780,4,-45.000000,2.800000,16,-1.147573,0x02,single,39.156706,432,0.069597,25,0,No fault,False,,,,,,,,,,
2026-08-11T16:50:01.249,1786459801.249342,8.703015,4,-45.000000,2.800000,17,-1.293635,0x02,single,39.746843,273,0.076923,25,0,No fault,False,,,,,,,,,,
2026-08-11T16:50:01.260,1786459801.260702,8.714417,4,-45.000000,2.800000,18,-1.472641,0x02,single,39.856128,97,0.054945,25,0,No fault,False,,,,,,,,,,
2026-08-11T16:50:01.275,1786459801.275604,8.729279,4,-45.000000,2.800000,19,-1.640336,0x02,single,40.249553,132,0.084249,25,0,No fault,False,,,,,,,,,,
2026-08-11T16:50:01.287,1786459801.287213,8.740868,4,-45.000000,2.800000,20,-1.861281,0x02,single,40.511836,555,0.054945,25,0,No fault,False,,,,,,,,,,
2026-08-11T16:50:01.301,1786459801.301287,8.754965,4,-45.000000,2.800000,21,-2.045962,0x02,single,40.795976,538,0.054945,25,0,No fault,False,,,,,,,,,,
2026-08-11T16:50:01.312,1786459801.312657,8.766312,4,-45.000000,2.800000,22,-2.283573,0x02,single,40.992689,273,0.120879,25,0,No fault,False,,,,,,,,,,
2026-08-11T16:50:01.323,1786459801.323920,8.777567,4,-45.000000,2.800000,23,-2.482398,0x02,single,41.233115,203,0.062271,25,0,No fault,False,,,,,,,,,,
2026-08-11T16:50:01.337,1786459801.337066,8.790723,4,-45.000000,2.800000,24,-2.689101,0x02,single,41.495398,432,0.069597,25,0,No fault,False,,,,,,,,,,
2026-08-11T16:50:01.348,1786459801.348098,8.801740,4,-45.000000,2.800000,25,-2.937262,0x02,single,41.670254,97,0.098901,25,0,No fault,False,,,,,,,,,,
2026-08-11T16:50:01.359,1786459801.359365,8.813025,4,-45.000000,2.800000,26,-3.153972,0x02,single,41.845109,62,0.076923,25,0,No fault,False,,,,,,,,,,
2026-08-11T16:50:01.370,1786459801.370540,8.824188,4,-45.000000,2.800000,27,-3.384909,0x02,single,41.976251,220,0.120879,25,0,No fault,False,,,,,,,,,,
2026-08-11T16:50:01.383,1786459801.383442,8.837121,4,-45.000000,2.800000,28,-3.620745,0x02,single,42.216677,203,0.084249,25,0,No fault,False,,,,,,,,,,
2026-08-11T16:50:01.408,1786459801.408151,8.861808,4,-45.000000,2.800000,29,-3.903109,0x02,single,42.500818,150,0.069597,25,0,No fault,False,,,,,,,,,,
2026-08-11T16:50:01.421,1786459801.421405,8.875084,4,-45.000000,2.800000,30,-4.466639,0x02,single,42.719387,309,0.076923,25,0,No fault,False,,,,,,,,,,
2026-08-11T16:50:01.433,1786459801.433040,8.886710,4,-45.000000,2.800000,31,-4.779694,0x02,single,42.872386,273,0.084249,25,0,No fault,False,,,,,,,,,,
2026-08-11T16:50:01.444,1786459801.444454,8.898097,4,-45.000000,2.800000,32,-5.067061,0x02,single,42.981670,-62,0.062271,25,0,No fault,False,,,,,,,,,,
2026-08-11T16:50:01.457,1786459801.457281,8.910929,4,-45.000000,2.800000,33,-5.353122,0x02,single,43.287667,220,0.084249,25,0,No fault,False,,,,,,,,,,
2026-08-11T16:50:01.468,1786459801.468465,8.922115,4,-45.000000,2.800000,34,-5.681776,0x02,single,43.331381,-26,0.069597,25,0,No fault,False,,,,,,,,,,
2026-08-11T16:50:01.479,1786459801.479690,8.933331,4,-45.000000,2.800000,35,-5.977322,0x02,single,43.418809,150,0.076923,25,0,No fault,False,,,,,,,,,,
2026-08-11T16:50:01.492,1786459801.492963,8.946625,4,-45.000000,2.800000,36,-6.284109,0x02,single,43.571808,9,0.069597,25,0,No fault,False,,,,,,,,,,
2026-08-11T16:50:01.504,1786459801.504158,8.957818,4,-45.000000,2.800000,37,-6.645234,0x02,single,43.637378,115,0.076923,25,0,No fault,False,,,,,,,,,,
2026-08-11T16:50:01.515,1786459801.515584,8.969243,4,-45.000000,2.800000,38,-6.961084,0x02,single,43.724806,115,0.076923,25,0,No fault,False,,,,,,,,,,
2026-08-11T16:50:01.528,1786459801.528999,8.982675,4,-45.000000,2.800000,39,-7.298872,0x02,single,43.834091,344,0.076923,25,0,No fault,False,,,,,,,,,,
2026-08-11T16:50:01.540,1786459801.540366,8.994012,4,-45.000000,2.800000,40,-7.680472,0x02,single,43.899662,185,0.062271,25,0,No fault,False,,,,,,,,,,
2026-08-11T16:50:01.551,1786459801.551501,9.005146,4,-45.000000,2.800000,41,-8.016754,0x02,single,43.943376,167,0.062271,25,0,No fault,False,,,,,,,,,,
2026-08-11T16:50:01.564,1786459801.564690,9.018345,4,-45.000000,2.800000,42,-8.356992,0x02,single,44.008946,150,0.076923,25,0,No fault,False,,,,,,,,,,
2026-08-11T16:50:01.575,1786459801.575961,9.029602,4,-45.000000,2.800000,43,-8.763791,0x02,single,44.052660,150,0.076923,25,0,No fault,False,,,,,,,,,,
2026-08-11T16:50:01.587,1786459801.587153,9.040798,4,-45.000000,2.800000,44,-9.113505,0x02,single,44.074517,62,0.084249,25,0,No fault,False,,,,,,,,,,
2026-08-11T16:50:01.609,1786459801.609202,9.062859,4,-45.000000,2.800000,45,-9.477066,0x02,single,44.118231,-26,0.062271,25,0,No fault,False,,,,,,,,,,
2026-08-11T16:50:01.620,1786459801.620605,9.074269,4,-45.000000,2.800000,46,-10.188655,0x02,single,44.140088,97,0.076923,25,0,No fault,False,,,,,,,,,,
2026-08-11T16:50:01.631,1786459801.631978,9.085626,4,-45.000000,2.800000,47,-10.564582,0x02,single,44.161945,-185,0.098901,25,0,No fault,False,,,,,,,,,,
2026-08-11T16:50:01.645,1786459801.645800,9.099461,4,-45.000000,2.800000,48,-10.943039,0x02,single,44.183802,-115,0.076923,25,0,No fault,False,,,,,,,,,,
2026-08-11T16:50:01.657,1786459801.657041,9.110688,4,-45.000000,2.800000,49,-11.413865,0x02,single,44.227516,97,0.054945,25,0,No fault,False,,,,,,,,,,
2026-08-11T16:50:01.668,1786459801.668071,9.121710,4,-45.000000,2.800000,50,-11.798686,0x02,single,44.249373,-44,0.054945,25,0,No fault,False,,,,,,,,,,
2026-08-11T16:50:01.681,1786459801.681897,9.135548,4,-45.000000,2.800000,51,-12.180963,0x02,single,44.271230,-115,0.054945,25,0,No fault,False,,,,,,,,,,
2026-08-11T16:50:01.693,1786459801.693024,9.146667,4,-45.000000,2.800000,52,-12.667223,0x02,single,44.293087,-132,0.069597,25,0,No fault,False,,,,,,,,,,
2026-08-11T16:50:01.704,1786459801.704216,9.157892,4,-45.000000,2.800000,53,-13.061600,0x02,single,44.314944,150,0.062271,25,0,No fault,False,,,,,,,,,,
2026-08-11T16:50:01.718,1786459801.718314,9.171976,4,-45.000000,2.800000,54,-13.466782,0x02,single,44.314944,115,0.076923,25,0,No fault,False,,,,,,,,,,
2026-08-11T16:50:01.729,1786459801.729481,9.183124,4,-45.000000,2.800000,55,-13.974212,0x02,single,44.314944,-185,0.098901,25,0,No fault,False,,,,,,,,,,
2026-08-11T16:50:01.740,1786459801.740515,9.194159,4,-45.000000,2.800000,56,-14.378655,0x02,single,44.314944,-273,0.084249,25,0,No fault,False,,,,,,,,,,
2026-08-11T16:50:01.754,1786459801.754066,9.207725,4,-45.000000,2.800000,57,-14.784453,0x02,single,44.336800,-79,0.076923,25,0,No fault,False,,,,,,,,,,
2026-08-11T16:50:01.765,1786459801.765141,9.218781,4,-45.000000,2.800000,58,-15.287793,0x02,single,44.336800,-44,0.076923,25,0,No fault,False,,,,,,,,,,
2026-08-11T16:50:01.776,1786459801.776576,9.230232,4,-45.000000,2.800000,59,-15.700352,0x02,single,44.336800,-97,0.069597,25,0,No fault,False,,,,,,,,,,
2026-08-11T16:50:01.790,1786459801.790282,9.243948,4,-45.000000,2.800000,60,-16.131165,0x02,single,44.336800,-97,0.069597,25,0,No fault,False,,,,,,,,,,
2026-08-11T16:50:01.811,1786459801.811647,9.265366,4,-45.000000,2.800000,61,-16.649103,0x02,single,44.358657,44,0.091575,25,0,No fault,False,,,,,,,,,,
2026-08-11T16:50:01.823,1786459801.823316,9.276973,4,-45.000000,2.800000,62,-17.469986,0x02,single,44.358657,9,0.091575,25,0,No fault,False,,,,,,,,,,
2026-08-11T16:50:01.834,1786459801.834536,9.288188,4,-45.000000,2.800000,63,-17.910613,0x02,single,44.358657,-9,0.084249,25,0,No fault,False,,,,,,,,,,
2026-08-11T16:50:01.848,1786459801.848181,9.301835,4,-45.000000,2.800000,64,-18.342250,0x02,single,44.358657,-26,0.091575,25,0,No fault,False,,,,,,,,,,
2026-08-11T16:50:01.859,1786459801.859258,9.312898,4,-45.000000,2.800000,65,-18.870107,0x02,single,44.336800,-203,0.091575,25,0,No fault,False,,,,,,,,,,
2026-08-11T16:50:01.870,1786459801.870217,9.323860,4,-45.000000,2.800000,66,-19.297974,0x02,single,44.380514,379,0.069597,25,0,No fault,False,,,,,,,,,,
2026-08-11T16:50:01.881,1786459801.881471,9.335122,4,-45.000000,2.800000,67,-19.725527,0x02,single,44.358657,-185,0.062271,25,0,No fault,False,,,,,,,,,,
2026-08-11T16:50:01.894,1786459801.894265,9.347916,4,-45.000000,2.800000,68,-20.183743,0x02,single,44.358657,-150,0.106227,25,0,No fault,False,,,,,,,,,,
2026-08-11T16:50:01.905,1786459801.905356,9.359004,4,-45.000000,2.800000,69,-20.665514,0x02,single,44.358657,97,0.091575,25,0,No fault,False,,,,,,,,,,
2026-08-11T16:50:01.916,1786459801.916469,9.370121,4,-45.000000,2.800000,70,-21.101130,0x02,single,44.358657,-379,0.113553,25,0,No fault,False,,,,,,,,,,
2026-08-11T16:50:01.930,1786459801.930129,9.383780,4,-45.000000,2.800000,71,-21.535458,0x02,single,44.380514,115,0.091575,25,0,No fault,False,,,,,,,,,,
2026-08-11T16:50:01.941,1786459801.941214,9.394859,4,-45.000000,2.800000,72,-22.071549,0x02,single,44.380514,97,0.069597,25,0,No fault,False,,,,,,,,,,
2026-08-11T16:50:01.952,1786459801.952443,9.406088,4,-45.000000,2.800000,73,-22.512515,0x02,single,44.380514,115,0.062271,25,0,No fault,False,,,,,,,,,,
2026-08-11T16:50:01.965,1786459801.965974,9.419627,4,-45.000000,2.800000,74,-22.946843,0x02,single,44.358657,-26,0.106227,25,0,No fault,False,,,,,,,,,,
2026-08-11T16:50:01.977,1786459801.977034,9.430674,4,-45.000000,2.800000,75,-23.478810,0x02,single,44.380514,97,0.091575,25,0,No fault,False,,,,,,,,,,
2026-08-11T16:50:01.988,1786459801.988049,9.441693,4,-45.000000,2.800000,76,-23.910836,0x02,single,44.380514,62,0.091575,25,0,No fault,False,,,,,,,,,,
2026-08-11T16:50:01.999,1786459801.999062,9.452704,4,-45.000000,2.800000,77,-24.342748,0x02,single,44.380514,-150,0.091575,25,0,No fault,False,,,,,,,,,,
2026-08-11T16:50:02.016,1786459802.016586,9.470251,4,-45.000000,2.800000,78,-24.774187,0x02,single,44.358657,-291,0.076923,25,0,No fault,False,,,,,,,,,,
2026-08-11T16:50:02.028,1786459802.028033,9.481682,4,-45.000000,2.800000,79,-25.460397,0x02,single,44.380514,203,0.098901,25,0,No fault,False,,,,,,,,,,
2026-08-11T16:50:02.039,1786459802.039301,9.492956,4,-45.000000,2.800000,80,-25.901665,0x02,single,44.380514,-62,0.106227,25,0,No fault,False,,,,,,,,,,
2026-08-11T16:50:02.052,1786459802.052471,9.506114,4,-45.000000,2.800000,81,-26.367620,0x02,single,44.380514,9,0.098901,25,0,No fault,False,,,,,,,,,,
2026-08-11T16:50:02.063,1786459802.063465,9.517119,4,-45.000000,2.800000,82,-26.847651,0x02,single,44.380514,9,0.106227,25,0,No fault,False,,,,,,,,,,
2026-08-11T16:50:02.074,1786459802.074660,9.528311,4,-45.000000,2.800000,83,-27.272900,0x02,single,44.380514,-97,0.113553,25,0,No fault,False,,,,,,,,,,
2026-08-11T16:50:02.088,1786459802.088356,9.542006,4,-45.000000,2.800000,84,-27.701120,0x02,single,44.380514,-44,0.091575,25,0,No fault,False,,,,,,,,,,
2026-08-11T16:50:02.099,1786459802.099521,9.553168,4,-45.000000,2.800000,85,-28.222376,0x02,single,44.380514,-132,0.062271,25,0,No fault,False,,,,,,,,,,
2026-08-11T16:50:02.110,1786459802.110579,9.564221,4,-45.000000,2.800000,86,-28.645028,0x02,single,44.380514,62,0.076923,25,0,No fault,False,,,,,,,,,,
2026-08-11T16:50:02.124,1786459802.124446,9.578105,4,-45.000000,2.800000,87,-29.060340,0x02,single,44.380514,-62,0.091575,25,0,No fault,False,,,,,,,,,,
2026-08-11T16:50:02.135,1786459802.135706,9.589366,4,-45.000000,2.800000,88,-29.581970,0x02,single,44.380514,-132,0.106227,25,0,No fault,False,,,,,,,,,,
2026-08-11T16:50:02.147,1786459802.147091,9.600738,4,-45.000000,2.800000,89,-30.004516,0x02,single,44.380514,-9,0.076923,25,0,No fault,False,,,,,,,,,,
2026-08-11T16:50:02.160,1786459802.160298,9.613955,4,-45.000000,2.800000,90,-30.434058,0x02,single,44.380514,-79,0.062271,25,0,No fault,False,,,,,,,,,,
2026-08-11T16:50:02.171,1786459802.171478,9.625133,4,-45.000000,2.800000,91,-30.903371,0x02,single,44.380514,-220,0.091575,25,0,No fault,False,,,,,,,,,,
2026-08-11T16:50:02.182,1786459802.182702,9.636365,4,-45.000000,2.800000,92,-31.308246,0x02,single,44.380514,44,0.069597,25,0,No fault,False,,,,,,,,,,
2026-08-11T16:50:02.196,1786459802.196664,9.650339,4,-45.000000,2.800000,93,-31.713355,0x02,single,44.402371,185,0.091575,25,0,No fault,False,,,,,,,,,,
2026-08-11T16:50:02.220,1786459802.220155,9.673840,4,-45.000000,2.800000,94,-32.213854,0x02,single,44.380514,-132,0.084249,25,0,No fault,False,,,,,,,,,,
2026-08-11T16:50:02.232,1786459802.232127,9.685778,4,-45.000000,2.800000,95,-33.037618,0x02,single,44.380514,62,0.076923,25,0,No fault,False,,,,,,,,,,
2026-08-11T16:50:02.243,1786459802.243309,9.696949,4,-45.000000,2.800000,96,-33.446910,0x02,single,44.380514,-203,0.106227,25,0,No fault,False,,,,,,,,,,
2026-08-11T16:50:02.256,1786459802.256489,9.710129,4,-45.000000,2.800000,97,-33.832721,0x02,single,44.380514,-150,0.091575,25,0,No fault,False,,,,,,,,,,
2026-08-11T16:50:02.267,1786459802.267641,9.721291,4,-45.000000,2.800000,98,-34.269879,0x02,single,44.402371,97,0.076923,25,0,No fault,False,,,,,,,,,,
2026-08-11T16:50:02.279,1786459802.279027,9.732671,4,-45.000000,2.800000,99,-34.642992,0x02,single,44.380514,-97,0.069597,25,0,No fault,False,,,,,,,,,,
2026-08-11T16:50:02.292,1786459802.292316,9.745956,4,-45.000000,2.800000,100,-35.023445,0x02,single,44.402371,62,0.076923,25,0,No fault,False,,,,,,,,,,
2026-08-11T16:50:02.303,1786459802.303241,9.756878,4,-45.000000,2.800000,101,-35.445433,0x02,single,44.380514,-150,0.069597,25,0,No fault,False,,,,,,,,,,
2026-08-11T16:50:02.314,1786459802.314124,9.767763,4,-45.000000,2.800000,102,-35.793332,0x02,single,44.380514,-132,0.076923,25,0,No fault,False,,,,,,,,,,
2026-08-11T16:50:02.324,1786459802.324997,9.778635,4,-45.000000,2.800000,103,-36.135847,0x02,single,44.402371,185,0.098901,25,0,No fault,False,,,,,,,,,,
2026-08-11T16:50:02.338,1786459802.338467,9.792107,4,-45.000000,2.800000,104,-36.472822,0x02,single,44.402371,167,0.069597,25,0,No fault,False,,,,,,,,,,
2026-08-11T16:50:02.349,1786459802.349340,9.802977,4,-45.000000,2.800000,105,-36.883839,0x02,single,44.402371,-26,0.076923,25,0,No fault,False,,,,,,,,,,
2026-08-11T16:50:02.360,1786459802.360237,9.813881,4,-45.000000,2.800000,106,-37.209854,0x02,single,44.380514,-26,0.091575,25,0,No fault,False,,,,,,,,,,
2026-08-11T16:50:02.371,1786459802.371125,9.824763,4,-45.000000,2.800000,107,-37.529871,0x02,single,44.402371,115,0.076923,25,0,No fault,False,,,,,,,,,,
2026-08-11T16:50:02.384,1786459802.384544,9.838180,4,-45.000000,2.800000,108,-37.845758,0x02,single,44.402371,79,0.069597,25,0,No fault,False,,,,,,,,,,
2026-08-11T16:50:02.395,1786459802.395450,9.849085,4,-45.000000,2.800000,109,-38.226817,0x02,single,44.402371,150,0.076923,25,0,No fault,False,,,,,,,,,,
2026-08-11T16:50:02.406,1786459802.406300,9.859938,4,-45.000000,2.800000,110,-38.530027,0x02,single,44.380514,-115,0.091575,25,0,No fault,False,,,,,,,,,,
2026-08-11T16:50:02.424,1786459802.424288,9.877941,4,-45.000000,2.800000,111,-38.826330,0x02,single,44.380514,-97,0.091575,25,0,No fault,False,,,,,,,,,,
2026-08-11T16:50:02.435,1786459802.435468,9.889144,4,-45.000000,2.800000,112,-39.305464,0x02,single,44.402371,97,0.076923,25,0,No fault,False,,,,,,,,,,
2026-08-11T16:50:02.446,1786459802.446779,9.900428,4,-45.000000,2.800000,113,-39.596849,0x02,single,44.402371,132,0.113553,25,0,No fault,False,,,,,,,,,,
2026-08-11T16:50:02.460,1786459802.460595,9.914284,4,-45.000000,2.800000,114,-39.879761,0x02,single,44.380514,-79,0.069597,25,0,No fault,False,,,,,,,,,,
2026-08-11T16:50:02.472,1786459802.472844,9.926534,4,-45.000000,2.800000,115,-40.223408,0x02,single,44.380514,-115,0.098901,25,0,No fault,False,,,,,,,,,,
2026-08-11T16:50:02.486,1786459802.486120,9.939787,4,-45.000000,2.800000,116,-40.516642,0x02,single,44.380514,-238,0.076923,25,0,No fault,False,,,,,,,,,,
2026-08-11T16:50:02.497,1786459802.497576,9.951238,4,-45.000000,2.800000,117,-40.823640,0x02,single,44.402371,-79,0.069597,25,0,No fault,False,,,,,,,,,,
2026-08-11T16:50:02.508,1786459802.508905,9.962564,4,-45.000000,2.800000,118,-41.077848,0x02,single,44.402371,185,0.084249,25,0,No fault,False,,,,,,,,,,
2026-08-11T16:50:02.522,1786459802.522270,9.975968,4,-45.000000,2.800000,119,-41.335287,0x02,single,44.380514,-44,0.084249,25,0,No fault,False,,,,,,,,,,
2026-08-11T16:50:02.533,1786459802.533729,9.987383,4,-45.000000,2.800000,120,-41.610070,0x02,single,43.943376,-5333,-5.615385,25,0,No fault,False,,,,,,,,,,
2026-08-11T16:50:02.545,1786459802.545046,9.998701,4,-45.000000,2.800000,121,-41.840984,0x02,single,39.287848,-5721,-0.003663,25,0,No fault,False,,,,,,,,,,
2026-08-11T16:50:02.557,1786459802.557887,10.011540,4,-45.000000,2.800000,122,-42.065855,0x02,single,34.195181,-4769,-0.018315,25,0,No fault,False,,,,,,,,,,
2026-08-11T16:50:02.569,1786459802.569153,10.022805,4,-45.000000,2.800000,123,-42.307967,0x02,single,30.960354,-4416,-0.040293,25,0,No fault,False,,,,,,,,,,
2026-08-11T16:50:02.580,1786459802.580349,10.034003,4,-45.000000,2.800000,124,-42.514342,0x02,single,28.031524,-4081,-0.032967,25,0,No fault,False,,,,,,,,,,
2026-08-11T16:50:02.594,1786459802.594019,10.047670,4,-45.000000,2.800000,125,-42.711519,0x02,single,24.075418,-3288,-0.025641,25,0,No fault,False,,,,,,,,,,
2026-08-11T16:50:02.606,1786459802.606344,10.059990,4,-45.000000,2.800000,126,-42.960265,0x02,single,21.736726,-3270,-0.025641,25,0,No fault,False,,,,,,,,,,
2026-08-11T16:50:02.628,1786459802.628370,10.082030,4,-45.000000,2.800000,127,-43.138637,0x02,single,18.698611,-2741,-0.040293,25,0,No fault,False,,,,,,,,,,
2026-08-11T16:50:02.639,1786459802.639935,10.093582,4,-45.000000,2.800000,128,-43.468312,0x02,single,16.928199,-2001,-0.047619,25,0,No fault,False,,,,,,,,,,
2026-08-11T16:50:02.651,1786459802.651092,10.104738,4,-45.000000,2.800000,129,-43.628490,0x02,single,15.267072,-2089,-0.032967,25,0,No fault,False,,,,,,,,,,
2026-08-11T16:50:02.664,1786459802.664703,10.118352,4,-45.000000,2.800000,130,-43.775086,0x02,single,13.081378,-1719,-0.040293,25,0,No fault,False,,,,,,,,,,
2026-08-11T16:50:02.675,1786459802.675796,10.129440,4,-45.000000,2.800000,131,-43.942885,0x02,single,10.851970,-1419,-0.032967,25,0,No fault,False,,,,,,,,,,
2026-08-11T16:50:02.686,1786459802.686886,10.140531,4,-45.000000,2.800000,132,-44.070375,0x02,single,9.999550,-1366,-0.054945,25,0,No fault,False,,,,,,,,,,
2026-08-11T16:50:02.698,1786459802.698461,10.152107,4,-45.000000,2.800000,133,-44.190364,0x02,single,8.972273,-1419,-0.032967,25,0,No fault,False,,,,,,,,,,
2026-08-11T16:50:02.710,1786459802.710864,10.164523,4,-45.000000,2.800000,134,-44.306834,0x02,single,7.617143,-1067,-0.040293,25,0,No fault,False,,,,,,,,,,
2026-08-11T16:50:02.722,1786459802.722127,10.175790,4,-45.000000,2.800000,135,-44.422075,0x02,single,6.786580,-1049,-0.062271,25,0,No fault,False,,,,,,,,,,
2026-08-11T16:50:02.733,1786459802.733485,10.187158,4,-45.000000,2.800000,136,-44.517433,0x02,single,6.043444,-890,-0.047619,25,0,No fault,False,,,,,,,,,,
2026-08-11T16:50:02.746,1786459802.746840,10.200513,4,-45.000000,2.800000,137,-44.606688,0x02,single,5.059881,-679,-0.084249,25,0,No fault,False,,,,,,,,,,
2026-08-11T16:50:02.758,1786459802.758423,10.212088,4,-45.000000,2.800000,138,-44.697551,0x02,single,4.404173,-820,-0.040293,25,0,No fault,False,,,,,,,,,,
2026-08-11T16:50:02.772,1786459802.772565,10.226233,4,-45.000000,2.800000,139,-44.767007,0x02,single,3.595466,-520,-0.069597,25,0,No fault,False,,,,,,,,,,
2026-08-11T16:50:02.784,1786459802.784057,10.237706,4,-45.000000,2.800000,140,-44.840161,0x02,single,3.070900,-767,-0.076923,25,0,No fault,False,,,,,,,,,,
2026-08-11T16:50:02.798,1786459802.798348,10.252055,4,-45.000000,2.800000,141,-44.888897,0x02,single,2.371478,-767,-0.076923,25,0,No fault,False,,,,,,,,,,
2026-08-11T16:50:02.809,1786459802.809799,10.263454,4,-45.000000,2.800000,142,-44.938389,0x02,single,1.956196,-696,-0.098901,25,0,No fault,False,,,,,,,,,,
2026-08-11T16:50:02.835,1786459802.835088,10.288749,4,-45.000000,2.800000,143,-44.966619,0x02,single,1.366059,-714,-0.084249,25,0,No fault,False,,,,,,,,,,
2026-08-11T16:50:02.846,1786459802.846704,10.300356,4,-45.000000,2.800000,144,-44.998849,0x02,single,0.754064,-467,-0.106227,25,0,No fault,False,,,,,,,,,,
2026-08-11T16:50:02.857,1786459802.857836,10.311480,4,-45.000000,2.800000,145,-45.000000,0x02,single,0.360639,-837,-0.062271,25,0,No fault,False,,,,,,,,,,
2026-08-11T16:50:02.868,1786459802.868892,10.322533,4,-45.000000,2.800000,146,-45.000000,0x02,single,0.120213,-502,-0.062271,25,0,No fault,False,,,,,,,,,,
2026-08-11T16:50:02.881,1786459802.881644,10.335283,4,-45.000000,2.800000,147,-45.000000,0x02,single,-0.579209,-273,-0.047619,25,0,No fault,False,,,,,,,,,,
2026-08-11T16:50:02.892,1786459802.892779,10.346426,4,-45.000000,2.800000,148,-45.000000,0x02,single,-0.775921,-520,-0.084249,25,0,No fault,False,,,,,,,,,,
2026-08-11T16:50:02.903,1786459802.903942,10.357603,4,-45.000000,2.800000,149,-45.000000,0x02,single,-1.060062,-256,-0.062271,25,0,No fault,False,,,,,,,,,,
2026-08-11T16:50:02.917,1786459802.917737,10.371398,4,-45.000000,2.800000,150,-45.000000,0x02,single,-1.475343,-485,-0.062271,25,0,No fault,False,,,,,,,,,,
2026-08-11T16:50:02.928,1786459802.928919,10.382565,4,-45.000000,2.800000,151,-45.000000,0x02,single,-1.803197,-643,-0.084249,25,0,No fault,False,,,,,,,,,,
2026-08-11T16:50:02.940,1786459802.940138,10.393786,4,-45.000000,2.800000,152,-45.000000,0x02,single,-1.999910,-414,-0.062271,25,0,No fault,False,,,,,,,,,,
2026-08-11T16:50:02.953,1786459802.953717,10.407371,4,-45.000000,2.800000,153,-45.000000,0x02,single,-2.458906,-555,-0.076923,25,0,No fault,False,,,,,,,,,,
2026-08-11T16:50:02.964,1786459802.964843,10.418501,4,-45.000000,2.800000,154,-45.000000,0x02,single,-2.764903,-291,-0.062271,25,0,No fault,False,,,,,,,,,,
2026-08-11T16:50:02.976,1786459802.976013,10.429665,4,-45.000000,2.800000,155,-45.000000,0x02,single,-3.070900,-467,-0.040293,25,0,No fault,False,,,,,,,,,,
2026-08-11T16:50:02.989,1786459802.989731,10.443384,4,-45.000000,2.800000,156,-45.000000,0x02,single,-3.420611,-397,-0.084249,25,0,No fault,False,,,,,,,,,,
2026-08-11T16:50:03.000,1786459803.000867,10.454519,4,-45.000000,2.800000,157,-45.000000,0x02,single,-3.748465,-626,-0.069597,25,0,No fault,False,,,,,,,,,,
2026-08-11T16:50:03.011,1786459803.011926,10.465577,4,-45.000000,2.800000,158,-45.000000,0x02,single,-3.988891,-502,-0.032967,25,0,No fault,False,,,,,,,,,,
2026-08-11T16:50:03.033,1786459803.033951,10.487621,4,-45.000000,2.800000,159,-45.000000,0x02,single,-4.426030,-379,-0.091575,25,0,No fault,False,,,,,,,,,,
2026-08-11T16:50:03.045,1786459803.045635,10.499302,4,-45.000000,2.800000,160,-45.000000,0x02,single,-4.753884,-414,-0.062271,25,0,No fault,False,,,,,,,,,,
2026-08-11T16:50:03.057,1786459803.057220,10.510895,4,-45.000000,2.800000,161,-45.000000,0x02,single,-5.125452,-150,-0.054945,25,0,No fault,False,,,,,,,,,,
2026-08-11T16:50:03.069,1786459803.069859,10.523508,4,-45.000000,2.800000,162,-45.000000,0x02,single,-5.453306,-291,-0.062271,25,0,No fault,False,,,,,,,,,,
2026-08-11T16:50:03.081,1786459803.081082,10.534735,4,-45.000000,2.800000,163,-45.000000,0x02,single,-5.759303,-203,-0.106227,25,0,No fault,False,,,,,,,,,,
2026-08-11T16:50:03.092,1786459803.092269,10.545919,4,-45.000000,2.800000,164,-45.000000,0x02,single,-6.349441,-344,-0.098901,25,0,No fault,False,,,,,,,,,,
2026-08-11T16:50:03.105,1786459803.105978,10.559631,4,-45.000000,2.800000,165,-45.000000,0x02,single,-6.677295,-573,-0.120879,25,0,No fault,False,,,,,,,,,,
2026-08-11T16:50:03.117,1786459803.117136,10.570787,4,-45.000000,2.800000,166,-45.000000,0x02,single,-7.005149,-397,-0.069597,25,0,No fault,False,,,,,,,,,,
2026-08-11T16:50:03.128,1786459803.128282,10.581932,4,-45.000000,2.800000,167,-45.000000,0x02,single,-7.267432,-309,-0.069597,25,0,No fault,False,,,,,,,,,,
2026-08-11T16:50:03.141,1786459803.141966,10.595622,4,-45.000000,2.800000,168,-45.000000,0x02,single,-7.770142,-379,-0.098901,25,0,No fault,False,,,,,,,,,,
2026-08-11T16:50:03.153,1786459803.153099,10.606750,4,-45.000000,2.800000,169,-45.000000,0x02,single,-8.141710,-414,-0.076923,25,0,No fault,False,,,,,,,,,,
2026-08-11T16:50:03.164,1786459803.164321,10.618034,4,-45.000000,2.800000,170,-45.000000,0x02,single,-8.425850,-767,-0.062271,25,0,No fault,False,,,,,,,,,,
2026-08-11T16:50:03.178,1786459803.178520,10.632192,4,-45.000000,2.800000,171,-45.000000,0x02,single,-8.928560,-432,-0.054945,25,0,No fault,False,,,,,,,,,,
2026-08-11T16:50:03.189,1786459803.189878,10.643543,4,-45.000000,2.800000,172,-45.000000,0x02,single,-9.278271,-591,-0.106227,25,0,No fault,False,,,,,,,,,,
2026-08-11T16:50:03.201,1786459803.201053,10.654704,4,-45.000000,2.800000,173,-45.000000,0x02,single,-9.584268,-256,-0.054945,25,0,No fault,False,,,,,,,,,,
2026-08-11T16:50:03.214,1786459803.214262,10.667912,4,-45.000000,2.800000,174,-45.000000,0x02,single,-10.108834,-397,-0.084249,25,0,No fault,False,,,,,,,,,,
2026-08-11T16:50:03.236,1786459803.236748,10.690406,4,-45.000000,2.800000,175,-45.000000,0x02,single,-10.611544,-450,-0.076923,25,0,No fault,False,,,,,,,,,,
2026-08-11T16:50:03.248,1786459803.248156,10.701824,4,-45.000000,2.800000,176,-45.000000,0x02,single,-10.939398,-485,-0.091575,25,0,No fault,False,,,,,,,,,,
2026-08-11T16:50:03.259,1786459803.259382,10.713038,4,-45.000000,2.800000,177,-45.000000,0x02,single,-11.310966,-379,-0.098901,25,0,No fault,False,,,,,,,,,,
2026-08-11T16:50:03.273,1786459803.273103,10.726766,4,-45.000000,2.800000,178,-45.000000,0x02,single,-11.813675,-573,-0.106227,25,0,No fault,False,,,,,,,,,,
2026-08-11T16:50:03.284,1786459803.284395,10.738069,4,-45.000000,2.800000,179,-45.000000,0x02,single,-12.163386,-467,-0.098901,25,0,No fault,False,,,,,,,,,,
2026-08-11T16:50:03.295,1786459803.295827,10.749487,4,-45.000000,2.800000,180,-45.000000,0x02,single,-12.884665,-450,-0.084249,25,0,No fault,False,,,,,,,,,,
2026-08-11T16:50:03.309,1786459803.309072,10.762730,4,-45.000000,2.800000,181,-45.000000,0x02,single,-13.256233,-485,-0.098901,25,0,No fault,False,,,,,,,,,,
2026-08-11T16:50:03.320,1786459803.320205,10.773855,4,-45.000000,2.800000,182,-45.000000,0x02,single,-13.693372,-591,-0.062271,25,0,No fault,False,,,,,,,,,,
2026-08-11T16:50:03.331,1786459803.331366,10.785013,4,-45.000000,2.800000,183,-45.000000,0x02,single,-14.021226,-502,-0.062271,25,0,No fault,False,,,,,,,,,,
2026-08-11T16:50:03.344,1786459803.344945,10.798602,4,-45.000000,2.800000,184,-45.000000,0x02,single,-14.589507,-414,-0.076923,25,0,No fault,False,,,,,,,,,,
2026-08-11T16:50:03.356,1786459803.356090,10.809734,4,-45.000000,2.800000,185,-45.000000,0x02,single,-15.004789,-291,-0.062271,25,0,No fault,False,,,,,,,,,,
2026-08-11T16:50:03.367,1786459803.367333,10.820976,4,-45.000000,2.800000,186,-45.000000,0x02,single,-15.441927,-291,-0.062271,25,0,No fault,False,,,,,,,,,,
2026-08-11T16:50:03.381,1786459803.381026,10.834689,4,-45.000000,2.800000,187,-45.000000,0x02,single,-15.900923,-643,-0.106227,25,0,No fault,False,,,,,,,,,,
2026-08-11T16:50:03.392,1786459803.392451,10.846105,4,-45.000000,2.800000,188,-45.000000,0x02,single,-16.338062,-573,-0.084249,25,0,No fault,False,,,,,,,,,,
2026-08-11T16:50:03.404,1786459803.404058,10.857711,4,-45.000000,2.800000,189,-45.000000,0x02,single,-16.753344,-608,-0.069597,25,0,No fault,False,,,,,,,,,,
2026-08-11T16:50:03.416,1786459803.416879,10.870545,4,-45.000000,2.800000,190,-45.000000,0x02,single,-17.256053,-379,-0.084249,25,0,No fault,False,,,,,,,,,,
2026-08-11T16:50:03.438,1786459803.438816,10.892474,4,-45.000000,2.800000,191,-45.000000,0x02,single,-17.846191,-361,-0.084249,25,0,No fault,False,,,,,,,,,,
2026-08-11T16:50:03.450,1786459803.450366,10.904025,4,-45.000000,2.800000,192,-45.000000,0x02,single,-18.261472,-309,-0.091575,25,0,No fault,False,,,,,,,,,,
2026-08-11T16:50:03.461,1786459803.461551,10.915206,4,-45.000000,2.800000,193,-45.000000,0x02,single,-18.633040,-432,-0.098901,25,0,No fault,False,,,,,,,,,,
2026-08-11T16:50:03.474,1786459803.474748,10.928399,4,-45.000000,2.800000,194,-45.000000,0x02,single,-19.223178,-291,-0.128205,25,0,No fault,False,,,,,,,,,,
2026-08-11T16:50:03.485,1786459803.485845,10.939489,4,-45.000000,2.800000,195,-45.000000,0x02,single,-19.616603,-520,-0.076923,25,0,No fault,False,,,,,,,,,,
2026-08-11T16:50:03.496,1786459803.496862,10.950516,4,-45.000000,2.800000,196,-45.000000,0x02,single,-20.578308,-520,-0.098901,25,0,No fault,False,,,,,,,,,,
2026-08-11T16:50:03.507,1786459803.507991,10.961632,4,-45.000000,2.800000,197,-45.000000,0x02,single,-20.775020,-538,-0.084249,25,0,No fault,False,,,,,,,,,,
2026-08-11T16:50:03.520,1786459803.520888,10.974542,4,-45.000000,2.800000,198,-45.000000,0x02,single,-21.452585,-432,-0.062271,25,0,No fault,False,,,,,,,,,,
2026-08-11T16:50:03.531,1786459803.531977,10.985626,4,-45.000000,2.800000,199,-45.000000,0x02,single,-21.780440,-802,-0.069597,25,0,No fault,False,,,,,,,,,,
2026-08-11T16:50:03.543,1786459803.543083,10.996736,4,-45.000000,2.800000,200,-45.000000,0x02,single,-22.173864,-696,-0.062271,25,0,No fault,False,,,,,,,,,,
2026-08-11T16:50:03.556,1786459803.556903,11.010569,4,-45.000000,2.800000,201,-45.000000,0x02,single,-22.851430,-397,-0.084249,25,0,No fault,False,,,,,,,,,,
2026-08-11T16:50:03.568,1786459803.568125,11.021793,4,-45.000000,2.800000,202,-45.000000,0x02,single,-23.201141,-326,-0.047619,25,0,No fault,False,,,,,,,,,,
2026-08-11T16:50:03.579,1786459803.579208,11.032845,4,-45.000000,2.800000,203,-45.000000,0x02,single,-23.572709,-732,-0.091575,25,0,No fault,False,,,,,,,,,,
2026-08-11T16:50:03.592,1786459803.592859,11.046520,4,-45.000000,2.800000,204,-45.000000,0x02,single,-24.228417,-397,-0.084249,25,0,No fault,False,,,,,,,,,,
2026-08-11T16:50:03.604,1786459803.604099,11.057750,4,-45.000000,2.800000,205,-45.000000,0x02,single,-24.578128,-802,-0.062271,25,0,No fault,False,,,,,,,,,,
2026-08-11T16:50:03.615,1786459803.615255,11.068900,4,-45.000000,2.800000,206,-45.000000,0x02,single,-24.971553,-591,-0.076923,25,0,No fault,False,,,,,,,,,,
2026-08-11T16:50:03.628,1786459803.628896,11.082553,4,-45.000000,2.800000,207,-45.000000,0x02,single,-25.343121,-256,-0.069597,25,0,No fault,False,,,,,,,,,,
2026-08-11T16:50:03.647,1786459803.647849,11.101533,4,-45.000000,2.800000,208,-45.000000,0x02,single,-25.955115,-432,-0.040293,25,0,No fault,False,,,,,,,,,,
2026-08-11T16:50:03.661,1786459803.661919,11.115572,4,-45.000000,2.800000,209,-45.000000,0x02,single,-26.610823,-802,-0.054945,25,0,No fault,False,,,,,,,,,,
2026-08-11T16:50:03.673,1786459803.673097,11.126735,4,-45.000000,2.800000,210,-45.000000,0x02,single,-27.026105,-520,-0.062271,25,0,No fault,False,,,,,,,,,,
2026-08-11T16:50:03.684,1786459803.684167,11.137807,4,-45.000000,2.800000,211,-45.000000,0x02,single,-27.353959,-309,-0.062271,25,0,No fault,False,,,,,,,,,,
2026-08-11T16:50:03.697,1786459803.697697,11.151334,4,-45.000000,2.800000,212,-45.000000,0x02,single,-28.315664,-309,-0.098901,25,0,No fault,False,,,,,,,,,,
2026-08-11T16:50:03.708,1786459803.708607,11.162248,4,-45.000000,2.800000,213,-45.000000,0x02,single,-28.512377,-520,-0.076923,25,0,No fault,False,,,,,,,,,,
2026-08-11T16:50:03.719,1786459803.719614,11.173250,4,-45.000000,2.800000,214,-45.000000,0x02,single,-28.883945,-520,-0.091575,25,0,No fault,False,,,,,,,,,,
2026-08-11T16:50:03.730,1786459803.730491,11.184127,4,-45.000000,2.800000,215,-45.000000,0x02,single,-29.277370,-749,-0.106227,25,0,No fault,False,,,,,,,,,,
2026-08-11T16:50:03.743,1786459803.743956,11.197591,4,-45.000000,2.800000,216,-45.000000,0x02,single,-29.845650,-326,-0.076923,25,0,No fault,False,,,,,,,,,,
2026-08-11T16:50:03.754,1786459803.754879,11.208515,4,-45.000000,2.800000,217,-45.000000,0x02,single,-30.239075,-591,-0.069597,25,0,No fault,False,,,,,,,,,,
2026-08-11T16:50:03.765,1786459803.765747,11.219383,4,-45.000000,2.800000,218,-45.000000,0x02,single,-30.632500,-696,-0.084249,25,0,No fault,False,,,,,,,,,,
2026-08-11T16:50:03.776,1786459803.776613,11.230253,4,-45.000000,2.800000,219,-45.000000,0x02,single,-31.004068,-714,-0.076923,25,0,No fault,False,,,,,,,,,,
2026-08-11T16:50:03.790,1786459803.790168,11.243805,4,-45.000000,2.800000,220,-45.000000,0x02,single,-31.528634,-432,-0.076923,25,0,No fault,False,,,,,,,,,,
2026-08-11T16:50:03.802,1786459803.802109,11.255798,4,-45.000000,2.800000,221,-45.000000,0x02,single,-31.878345,-115,-0.091575,25,0,No fault,False,,,,,,,,,,
2026-08-11T16:50:03.816,1786459803.816048,11.269688,4,-45.000000,2.800000,222,-45.000000,0x02,single,-32.446626,-467,-0.069597,25,0,No fault,False,,,,,,,,,,
2026-08-11T16:50:03.827,1786459803.827116,11.280753,4,-45.000000,2.800000,223,-45.000000,0x02,single,-32.796337,-397,-0.069597,25,0,No fault,False,,,,,,,,,,
2026-08-11T16:50:03.838,1786459803.838014,11.291654,4,-45.000000,2.800000,224,-45.000000,0x02,single,-33.146048,-344,-0.106227,25,0,No fault,False,,,,,,,,,,
2026-08-11T16:50:03.859,1786459803.859703,11.313374,4,-45.000000,2.800000,225,-45.000000,0x02,single,-33.736185,-414,-0.032967,25,0,No fault,False,,,,,,,,,,
2026-08-11T16:50:03.897,1786459803.897014,11.350671,5,45.000000,2.800000,1,0.000000,0x02,single,-34.676033,-256,-0.032967,25,0,No fault,False,,,,,,,,,,
2026-08-11T16:50:03.908,1786459803.908189,11.361831,5,45.000000,2.800000,2,0.005344,0x02,single,-35.462883,-608,-0.069597,25,0,No fault,False,,,,,,,,,,
2026-08-11T16:50:03.919,1786459803.919254,11.372906,5,45.000000,2.800000,3,0.018991,0x02,single,-35.594025,-44,-0.091575,25,0,No fault,False,,,,,,,,,,
2026-08-11T16:50:03.933,1786459803.933121,11.386793,5,45.000000,2.800000,4,0.041140,0x02,single,-36.140448,-273,-0.054945,25,0,No fault,False,,,,,,,,,,
2026-08-11T16:50:03.944,1786459803.944368,11.398012,5,45.000000,2.800000,5,0.080805,0x02,single,-36.380875,-309,-0.069597,25,0,No fault,False,,,,,,,,,,
2026-08-11T16:50:03.955,1786459803.955578,11.409232,5,45.000000,2.800000,6,0.122598,0x02,single,-36.665015,-397,-0.106227,25,0,No fault,False,,,,,,,,,,
2026-08-11T16:50:03.969,1786459803.969323,11.422989,5,45.000000,2.800000,7,0.172422,0x02,single,-37.189581,-467,-0.069597,25,0,No fault,False,,,,,,,,,,
2026-08-11T16:50:03.980,1786459803.980490,11.434128,5,45.000000,2.800000,8,0.245758,0x02,single,-37.430008,-432,-0.047619,25,0,No fault,False,,,,,,,,,,
2026-08-11T16:50:03.991,1786459803.991496,11.445137,5,45.000000,2.800000,9,0.313886,0x02,single,-37.692291,-379,-0.084249,25,0,No fault,False,,,,,,,,,,
2026-08-11T16:50:04.002,1786459804.002709,11.456394,5,45.000000,2.800000,10,0.390057,0x02,single,-37.998288,-326,-0.076923,25,0,No fault,False,,,,,,,,,,
2026-08-11T16:50:04.015,1786459804.015597,11.469299,5,45.000000,2.800000,11,0.478332,0x02,single,-38.391713,-309,-0.091575,25,0,No fault,False,,,,,,,,,,
2026-08-11T16:50:04.027,1786459804.027317,11.480972,5,45.000000,2.800000,12,0.587162,0x02,single,-38.675853,-785,-0.098901,25,0,No fault,False,,,,,,,,,,
2026-08-11T16:50:04.041,1786459804.041194,11.494859,5,45.000000,2.800000,13,0.694547,0x02,single,-39.112992,-696,-0.106227,25,0,No fault,False,,,,,,,,,,
2026-08-11T16:50:04.063,1786459804.063637,11.517310,5,45.000000,2.800000,14,0.835678,0x02,single,-39.462703,-44,-0.076923,25,0,No fault,False,,,,,,,,,,
2026-08-11T16:50:04.075,1786459804.075648,11.529323,5,45.000000,2.800000,15,1.090178,0x02,single,-39.746843,-397,-0.054945,25,0,No fault,False,,,,,,,,,,
2026-08-11T16:50:04.089,1786459804.089592,11.543252,5,45.000000,2.800000,16,1.239316,0x02,single,-40.052840,-97,-0.069597,25,0,No fault,False,,,,,,,,,,
2026-08-11T16:50:04.100,1786459804.100899,11.554552,5,45.000000,2.800000,17,1.424783,0x02,single,-40.336981,-220,-0.084249,25,0,No fault,False,,,,,,,,,,
2026-08-11T16:50:04.112,1786459804.112098,11.565759,5,45.000000,2.800000,18,1.584108,0x02,single,-40.774119,150,-0.069597,25,0,No fault,False,,,,,,,,,,
2026-08-11T16:50:04.125,1786459804.125295,11.578957,5,45.000000,2.800000,19,1.752362,0x02,single,-41.014546,-379,-0.106227,25,0,No fault,False,,,,,,,,,,
2026-08-11T16:50:04.136,1786459804.136539,11.590180,5,45.000000,2.800000,20,1.956963,0x02,single,-41.233115,-238,-0.062271,25,0,No fault,False,,,,,,,,,,
2026-08-11T16:50:04.147,1786459804.147744,11.601396,5,45.000000,2.800000,21,2.139357,0x02,single,-41.407971,-185,-0.062271,25,0,No fault,False,,,,,,,,,,
2026-08-11T16:50:04.160,1786459804.160976,11.614631,5,45.000000,2.800000,22,2.332418,0x02,single,-41.692111,-115,-0.076923,25,0,No fault,False,,,,,,,,,,
2026-08-11T16:50:04.172,1786459804.172139,11.625790,5,45.000000,2.800000,23,2.566881,0x02,single,-41.888823,-185,-0.084249,25,0,No fault,False,,,,,,,,,,
2026-08-11T16:50:04.183,1786459804.183976,11.637656,5,45.000000,2.800000,24,2.779306,0x02,single,-42.107393,-291,-0.062271,25,0,No fault,False,,,,,,,,,,
2026-08-11T16:50:04.197,1786459804.197489,11.651182,5,45.000000,2.800000,25,3.012820,0x02,single,-42.325962,-167,-0.062271,25,0,No fault,False,,,,,,,,,,
2026-08-11T16:50:04.209,1786459804.209229,11.662908,5,45.000000,2.800000,26,3.275786,0x02,single,-42.500818,97,-0.069597,25,0,No fault,False,,,,,,,,,,
2026-08-11T16:50:04.223,1786459804.223566,11.677286,5,45.000000,2.800000,27,3.519416,0x02,single,-42.741244,-203,-0.062271,25,0,No fault,False,,,,,,,,,,
2026-08-11T16:50:04.235,1786459804.235439,11.689122,5,45.000000,2.800000,28,3.829170,0x02,single,-42.894243,-167,-0.062271,25,0,No fault,False,,,,,,,,,,
2026-08-11T16:50:04.249,1786459804.249516,11.703207,5,45.000000,2.800000,29,4.091149,0x02,single,-43.112812,-361,-0.040293,25,0,No fault,False,,,,,,,,,,
2026-08-11T16:50:04.267,1786459804.267214,11.720874,5,45.000000,2.800000,30,4.415260,0x02,single,-43.222097,-62,-0.076923,25,0,No fault,False,,,,,,,,,,
2026-08-11T16:50:04.278,1786459804.278670,11.732324,5,45.000000,2.800000,31,4.833230,0x02,single,-43.375095,-167,-0.062271,25,0,No fault,False,,,,,,,,,,
2026-08-11T16:50:04.290,1786459804.290084,11.743747,5,45.000000,2.800000,32,5.118712,0x02,single,-43.484380,-167,-0.047619,25,0,No fault,False,,,,,,,,,,
2026-08-11T16:50:04.303,1786459804.303384,11.757039,5,45.000000,2.800000,33,5.410663,0x02,single,-43.681092,-238,-0.062271,25,0,No fault,False,,,,,,,,,,
2026-08-11T16:50:04.314,1786459804.314670,11.768329,5,45.000000,2.800000,34,5.746914,0x02,single,-43.855948,-150,-0.084249,25,0,No fault,False,,,,,,,,,,
2026-08-11T16:50:04.325,1786459804.325846,11.779493,5,45.000000,2.800000,35,6.046479,0x02,single,-43.943376,-273,-0.084249,25,0,No fault,False,,,,,,,,,,
2026-08-11T16:50:04.339,1786459804.339519,11.793171,5,45.000000,2.800000,36,6.347819,0x02,single,-43.987089,26,-0.076923,25,0,No fault,False,,,,,,,,,,
2026-08-11T16:50:04.350,1786459804.350518,11.804169,5,45.000000,2.800000,37,6.726199,0x02,single,-44.052660,9,-0.091575,25,0,No fault,False,,,,,,,,,,
2026-08-11T16:50:04.361,1786459804.361565,11.815210,5,45.000000,2.800000,38,7.037209,0x02,single,-44.118231,-167,-0.069597,25,0,No fault,False,,,,,,,,,,
2026-08-11T16:50:04.372,1786459804.372605,11.826254,5,45.000000,2.800000,39,7.354998,0x02,single,-44.161945,62,-0.076923,25,0,No fault,False,,,,,,,,,,
2026-08-11T16:50:04.385,1786459804.385741,11.839389,5,45.000000,2.800000,40,7.681275,0x02,single,-44.249373,-79,-0.069597,25,0,No fault,False,,,,,,,,,,
2026-08-11T16:50:04.396,1786459804.396939,11.850588,5,45.000000,2.800000,41,8.073144,0x02,single,-44.293087,44,-0.069597,25,0,No fault,False,,,,,,,,,,
2026-08-11T16:50:04.408,1786459804.408185,11.861840,5,45.000000,2.800000,42,8.412323,0x02,single,-44.336800,-167,-0.076923,25,0,No fault,False,,,,,,,,,,
2026-08-11T16:50:04.422,1786459804.422290,11.875974,5,45.000000,2.800000,43,8.760198,0x02,single,-44.402371,-326,-0.062271,25,0,No fault,False,,,,,,,,,,
2026-08-11T16:50:04.434,1786459804.434094,11.887766,5,45.000000,2.800000,44,9.216851,0x02,single,-44.424228,9,-0.054945,25,0,No fault,False,,,,,,,,,,
2026-08-11T16:50:04.447,1786459804.447990,11.901659,5,45.000000,2.800000,45,9.579541,0x02,single,-44.467942,220,-0.054945,25,0,No fault,False,,,,,,,,,,
2026-08-11T16:50:04.470,1786459804.470745,11.924419,5,45.000000,2.800000,46,10.031188,0x02,single,-44.511656,115,-0.054945,25,0,No fault,False,,,,,,,,,,
2026-08-11T16:50:04.482,1786459804.482640,11.936299,5,45.000000,2.800000,47,10.784163,0x02,single,-44.555370,-9,-0.062271,25,0,No fault,False,,,,,,,,,,
2026-08-11T16:50:04.493,1786459804.493911,11.947574,5,45.000000,2.800000,48,11.183844,0x02,single,-44.577227,-150,-0.084249,25,0,No fault,False,,,,,,,,,,
2026-08-11T16:50:04.507,1786459804.507674,11.961325,5,45.000000,2.800000,49,11.568859,0x02,single,-44.599084,-79,-0.069597,25,0,No fault,False,,,,,,,,,,
2026-08-11T16:50:04.519,1786459804.519007,11.972656,5,45.000000,2.800000,50,12.042384,0x02,single,-44.620941,-26,-0.054945,25,0,No fault,False,,,,,,,,,,
2026-08-11T16:50:04.530,1786459804.530090,11.983739,5,45.000000,2.800000,51,12.438044,0x02,single,-44.620941,185,-0.054945,25,0,No fault,False,,,,,,,,,,
2026-08-11T16:50:04.543,1786459804.543896,11.997547,5,45.000000,2.800000,52,12.829842,0x02,single,-44.642798,-9,-0.084249,25,0,No fault,False,,,,,,,,,,
2026-08-11T16:50:04.555,1786459804.555340,12.008992,5,45.000000,2.800000,53,13.322289,0x02,single,-44.664655,26,-0.062271,25,0,No fault,False,,,,,,,,,,
2026-08-11T16:50:04.566,1786459804.566937,12.020600,5,45.000000,2.800000,54,13.735205,0x02,single,-44.664655,-203,-0.084249,25,0,No fault,False,,,,,,,,,,
2026-08-11T16:50:04.580,1786459804.580546,12.034180,5,45.000000,2.800000,55,14.246826,0x02,single,-44.686511,-9,-0.062271,25,0,No fault,False,,,,,,,,,,
2026-08-11T16:50:04.591,1786459804.591556,12.045209,5,45.000000,2.800000,56,14.651534,0x02,single,-44.686511,-97,-0.054945,25,0,No fault,False,,,,,,,,,,
2026-08-11T16:50:04.605,1786459804.605350,12.059007,5,45.000000,2.800000,57,15.062495,0x02,single,-44.686511,-44,-0.076923,25,0,No fault,False,,,,,,,,,,
2026-08-11T16:50:04.616,1786459804.616829,12.070483,5,45.000000,2.800000,58,15.579439,0x02,single,-44.708368,26,-0.076923,25,0,No fault,False,,,,,,,,,,
2026-08-11T16:50:04.628,1786459804.628198,12.081847,5,45.000000,2.800000,59,16.010704,0x02,single,-44.708368,-62,-0.054945,25,0,No fault,False,,,,,,,,,,
2026-08-11T16:50:04.641,1786459804.641257,12.094931,5,45.000000,2.800000,60,16.447429,0x02,single,-44.708368,-26,-0.069597,25,0,No fault,False,,,,,,,,,,
2026-08-11T16:50:04.652,1786459804.652643,12.106294,5,45.000000,2.800000,61,16.935234,0x02,single,-44.708368,150,-0.069597,25,0,No fault,False,,,,,,,,,,
2026-08-11T16:50:04.677,1786459804.677657,12.131330,5,45.000000,2.800000,62,17.367638,0x02,single,-44.708368,150,-0.062271,25,0,No fault,False,,,,,,,,,,
2026-08-11T16:50:04.689,1786459804.689416,12.143159,5,45.000000,2.800000,63,18.333598,0x02,single,-44.730225,44,-0.054945,25,0,No fault,False,,,,,,,,,,
2026-08-11T16:50:04.700,1786459804.700674,12.154318,5,45.000000,2.800000,64,18.781507,0x02,single,-44.730225,-26,-0.076923,25,0,No fault,False,,,,,,,,,,
2026-08-11T16:50:04.714,1786459804.714218,12.167861,5,45.000000,2.800000,65,19.213539,0x02,single,-44.730225,150,-0.062271,25,0,No fault,False,,,,,,,,,,
2026-08-11T16:50:04.725,1786459804.725154,12.178793,5,45.000000,2.800000,66,19.740206,0x02,single,-44.730225,220,-0.032967,25,0,No fault,False,,,,,,,,,,
2026-08-11T16:50:04.736,1786459804.736169,12.189813,5,45.000000,2.800000,67,20.166721,0x02,single,-44.730225,-26,-0.062271,25,0,No fault,False,,,,,,,,,,
2026-08-11T16:50:04.747,1786459804.747676,12.201333,5,45.000000,2.800000,68,20.598748,0x02,single,-44.752082,-62,-0.069597,25,0,No fault,False,,,,,,,,,,
2026-08-11T16:50:04.760,1786459804.760204,12.213854,5,45.000000,2.800000,69,21.050246,0x02,single,-44.752082,-26,-0.076923,25,0,No fault,False,,,,,,,,,,
2026-08-11T16:50:04.771,1786459804.771316,12.224965,5,45.000000,2.800000,70,21.541272,0x02,single,-44.752082,9,-0.069597,25,0,No fault,False,,,,,,,,,,
2026-08-11T16:50:04.782,1786459804.782328,12.235975,5,45.000000,2.800000,71,21.976155,0x02,single,-44.752082,9,-0.084249,25,0,No fault,False,,,,,,,,,,
2026-08-11T16:50:04.793,1786459804.793610,12.247284,5,45.000000,2.800000,72,22.408909,0x02,single,-44.752082,-26,-0.069597,25,0,No fault,False,,,,,,,,,,
2026-08-11T16:50:04.806,1786459804.806308,12.259967,5,45.000000,2.800000,73,22.852557,0x02,single,-44.752082,62,-0.054945,25,0,No fault,False,,,,,,,,,,
2026-08-11T16:50:04.817,1786459804.817624,12.271275,5,45.000000,2.800000,74,23.354317,0x02,single,-44.752082,-26,-0.047619,25,0,No fault,False,,,,,,,,,,
2026-08-11T16:50:04.828,1786459804.828773,12.282414,5,45.000000,2.800000,75,23.795909,0x02,single,-44.752082,79,-0.062271,25,0,No fault,False,,,,,,,,,,
2026-08-11T16:50:04.842,1786459804.842401,12.296058,5,45.000000,2.800000,76,24.230431,0x02,single,-44.752082,-132,-0.069597,25,0,No fault,False,,,,,,,,,,
2026-08-11T16:50:04.853,1786459804.853549,12.307202,5,45.000000,2.800000,77,24.765003,0x02,single,-44.752082,97,-0.054945,25,0,No fault,False,,,,,,,,,,
2026-08-11T16:50:04.875,1786459804.875771,12.329420,5,45.000000,2.800000,78,25.199107,0x02,single,-44.752082,115,-0.069597,25,0,No fault,False,,,,,,,,,,
2026-08-11T16:50:04.886,1786459804.886939,12.340590,5,45.000000,2.800000,79,26.064415,0x02,single,-44.752082,132,-0.062271,25,0,No fault,False,,,,,,,,,,
2026-08-11T16:50:04.897,1786459804.897975,12.351619,5,45.000000,2.800000,80,26.496574,0x02,single,-44.773939,-79,-0.076923,25,0,No fault,False,,,,,,,,,,
2026-08-11T16:50:04.909,1786459804.909014,12.362660,5,45.000000,2.800000,81,26.920753,0x02,single,-44.773939,-26,-0.062271,25,0,No fault,False,,,,,,,,,,
2026-08-11T16:50:04.921,1786459804.921853,12.375498,5,45.000000,2.800000,82,27.352054,0x02,single,-44.773939,-150,-0.062271,25,0,No fault,False,,,,,,,,,,
2026-08-11T16:50:04.933,1786459804.933100,12.386751,5,45.000000,2.800000,83,27.837521,0x02,single,-44.752082,62,-0.076923,25,0,No fault,False,,,,,,,,,,
2026-08-11T16:50:04.944,1786459804.944350,12.397999,5,45.000000,2.800000,84,28.266248,0x02,single,-44.773939,-220,-0.062271,25,0,No fault,False,,,,,,,,,,
2026-08-11T16:50:04.958,1786459804.958048,12.411696,5,45.000000,2.800000,85,28.690941,0x02,single,-44.773939,-62,-0.069597,25,0,No fault,False,,,,,,,,,,
2026-08-11T16:50:04.969,1786459804.969295,12.422940,5,45.000000,2.800000,86,29.211164,0x02,single,-44.773939,44,-0.062271,25,0,No fault,False,,,,,,,,,,
2026-08-11T16:50:04.980,1786459804.980409,12.434060,5,45.000000,2.800000,87,29.629415,0x02,single,-44.773939,-238,-0.062271,25,0,No fault,False,,,,,,,,,,
2026-08-11T16:50:04.994,1786459804.994044,12.447697,5,45.000000,2.800000,88,30.039303,0x02,single,-44.773939,132,-0.047619,25,0,No fault,False,,,,,,,,,,
2026-08-11T16:50:05.005,1786459805.005161,12.458808,5,45.000000,2.800000,89,30.542449,0x02,single,-44.773939,97,-0.062271,25,0,No fault,False,,,,,,,,,,
2026-08-11T16:50:05.016,1786459805.016539,12.470187,5,45.000000,2.800000,90,30.947323,0x02,single,-44.752082,220,-0.040293,25,0,No fault,False,,,,,,,,,,
2026-08-11T16:50:05.030,1786459805.030076,12.483742,5,45.000000,2.800000,91,31.359538,0x02,single,-44.752082,273,-0.069597,25,0,No fault,False,,,,,,,,,,
2026-08-11T16:50:05.041,1786459805.041182,12.494831,5,45.000000,2.800000,92,31.847136,0x02,single,-44.773939,44,-0.069597,25,0,No fault,False,,,,,,,,,,
2026-08-11T16:50:05.052,1786459805.052178,12.505835,5,45.000000,2.800000,93,32.240309,0x02,single,-44.773939,-167,-0.047619,25,0,No fault,False,,,,,,,,,,
2026-08-11T16:50:05.063,1786459805.063447,12.517109,5,45.000000,2.800000,94,32.628935,0x02,single,-44.773939,-62,-0.076923,25,0,No fault,False,,,,,,,,,,
2026-08-11T16:50:05.085,1786459805.085495,12.539161,5,45.000000,2.800000,95,33.039731,0x02,single,-44.773939,44,-0.062271,25,0,No fault,False,,,,,,,,,,
2026-08-11T16:50:05.098,1786459805.098719,12.552383,5,45.000000,2.800000,96,33.784933,0x02,single,-44.773939,-115,-0.054945,25,0,No fault,False,,,,,,,,,,
2026-08-11T16:50:05.110,1786459805.110829,12.564475,5,45.000000,2.800000,97,34.260058,0x02,single,-44.773939,9,-0.054945,25,0,No fault,False,,,,,,,,,,
2026-08-11T16:50:05.125,1786459805.125302,12.578951,5,45.000000,2.800000,98,34.628719,0x02,single,-44.773939,-26,-0.076923,25,0,No fault,False,,,,,,,,,,
2026-08-11T16:50:05.136,1786459805.136394,12.590046,5,45.000000,2.800000,99,35.104838,0x02,single,-44.752082,185,-0.084249,25,0,No fault,False,,,,,,,,,,
2026-08-11T16:50:05.147,1786459805.147588,12.601246,5,45.000000,2.800000,100,35.463711,0x02,single,-44.773939,-44,-0.054945,25,0,No fault,False,,,,,,,,,,
2026-08-11T16:50:05.161,1786459805.161299,12.614942,5,45.000000,2.800000,101,35.821259,0x02,single,-44.773939,115,-0.076923,25,0,No fault,False,,,,,,,,,,
2026-08-11T16:50:05.172,1786459805.172400,12.626048,5,45.000000,2.800000,102,36.248995,0x02,single,-44.773939,-26,-0.062271,25,0,No fault,False,,,,,,,,,,
2026-08-11T16:50:05.183,1786459805.183463,12.637112,5,45.000000,2.800000,103,36.591385,0x02,single,-44.773939,-256,-0.054945,25,0,No fault,False,,,,,,,,,,
2026-08-11T16:50:05.197,1786459805.197107,12.650759,5,45.000000,2.800000,104,36.927751,0x02,single,-44.773939,-220,-0.069597,25,0,No fault,False,,,,,,,,,,
2026-08-11T16:50:05.208,1786459805.208239,12.661884,5,45.000000,2.800000,105,37.335227,0x02,single,-44.773939,220,-0.047619,25,0,No fault,False,,,,,,,,,,
2026-08-11T16:50:05.219,1786459805.219468,12.673121,5,45.000000,2.800000,106,37.663104,0x02,single,-44.773939,-79,-0.076923,25,0,No fault,False,,,,,,,,,,
2026-08-11T16:50:05.233,1786459805.233049,12.686714,5,45.000000,2.800000,107,37.984278,0x02,single,-44.773939,-79,-0.076923,25,0,No fault,False,,,,,,,,,,
2026-08-11T16:50:05.244,1786459805.244170,12.697826,5,45.000000,2.800000,108,38.367418,0x02,single,-44.752082,273,-0.062271,25,0,No fault,False,,,,,,,,,,
2026-08-11T16:50:05.255,1786459805.255303,12.708956,5,45.000000,2.800000,109,38.672283,0x02,single,-44.773939,273,-0.062271,25,0,No fault,False,,,,,,,,,,
2026-08-11T16:50:05.269,1786459805.269032,12.722702,5,45.000000,2.800000,110,38.973926,0x02,single,-44.752082,220,-0.069597,25,0,No fault,False,,,,,,,,,,
2026-08-11T16:50:05.287,1786459805.287373,12.741037,5,45.000000,2.800000,111,39.337207,0x02,single,-44.773939,-97,-0.054945,25,0,No fault,False,,,,,,,,,,
2026-08-11T16:50:05.299,1786459805.299099,12.752759,5,45.000000,2.800000,112,39.808916,0x02,single,-44.773939,-9,-0.062271,25,0,No fault,False,,,,,,,,,,
2026-08-11T16:50:05.310,1786459805.310443,12.764095,5,45.000000,2.800000,113,40.097087,0x02,single,-44.773939,79,-0.054945,25,0,No fault,False,,,,,,,,,,
2026-08-11T16:50:05.323,1786459805.323809,12.777501,5,45.000000,2.800000,114,40.375600,0x02,single,-44.773939,-62,-0.076923,25,0,No fault,False,,,,,,,,,,
2026-08-11T16:50:05.335,1786459805.335401,12.789055,5,45.000000,2.800000,115,40.688366,0x02,single,-44.773939,44,-0.062271,25,0,No fault,False,,,,,,,,,,
2026-08-11T16:50:05.346,1786459805.346823,12.800469,5,45.000000,2.800000,116,40.949388,0x02,single,-44.773939,-185,-0.076923,25,0,No fault,False,,,,,,,,,,
2026-08-11T16:50:05.359,1786459805.359636,12.813287,5,45.000000,2.800000,117,41.204226,0x02,single,-44.773939,79,-0.047619,25,0,No fault,False,,,,,,,,,,
2026-08-11T16:50:05.370,1786459805.370723,12.824374,5,45.000000,2.800000,118,41.476772,0x02,single,-44.773939,-44,-0.054945,25,0,No fault,False,,,,,,,,,,
2026-08-11T16:50:05.381,1786459805.381833,12.835474,5,45.000000,2.800000,119,41.708173,0x02,single,-44.358657,5121,5.827839,25,0,No fault,False,,,,,,,,,,
2026-08-11T16:50:05.395,1786459805.395467,12.849122,5,45.000000,2.800000,120,41.929966,0x02,single,-38.107573,4557,-0.025641,25,0,No fault,False,,,,,,,,,,
2026-08-11T16:50:05.406,1786459805.406789,12.860458,5,45.000000,2.800000,121,42.195528,0x02,single,-34.501178,4416,0.003663,25,0,No fault,False,,,,,,,,,,
2026-08-11T16:50:05.418,1786459805.418018,12.871663,5,45.000000,2.800000,122,42.407345,0x02,single,-31.157066,4328,0.047619,25,0,No fault,False,,,,,,,,,,
2026-08-11T16:50:05.431,1786459805.431290,12.884967,5,45.000000,2.800000,123,42.611433,0x02,single,-26.829392,3993,0.047619,25,0,No fault,False,,,,,,,,,,
2026-08-11T16:50:05.442,1786459805.442796,12.896464,5,45.000000,2.800000,124,42.838949,0x02,single,-24.315844,3588,0.047619,25,0,No fault,False,,,,,,,,,,
2026-08-11T16:50:05.454,1786459805.454101,12.907768,5,45.000000,2.800000,125,43.026377,0x02,single,-21.911581,3306,0.040293,25,0,No fault,False,,,,,,,,,,
2026-08-11T16:50:05.467,1786459805.467488,12.921152,5,45.000000,2.800000,126,43.212774,0x02,single,-18.873467,2812,0.032967,25,0,No fault,False,,,,,,,,,,
2026-08-11T16:50:05.491,1786459805.491008,12.944700,5,45.000000,2.800000,127,43.404507,0x02,single,-15.813495,2406,0.040293,25,0,No fault,False,,,,,,,,,,
2026-08-11T16:50:05.503,1786459805.503247,12.956901,5,45.000000,2.800000,128,43.729566,0x02,single,-14.305366,1737,0.054945,25,0,No fault,False,,,,,,,,,,
2026-08-11T16:50:05.514,1786459805.514411,12.968074,5,45.000000,2.800000,129,43.882547,0x02,single,-13.234376,1895,0.025641,25,0,No fault,False,,,,,,,,,,
2026-08-11T16:50:05.527,1786459805.527559,12.981210,5,45.000000,2.800000,130,44.015894,0x02,single,-11.332823,1719,0.040293,25,0,No fault,False,,,,,,,,,,
2026-08-11T16:50:05.538,1786459805.538631,12.992273,5,45.000000,2.800000,131,44.159713,0x02,single,-10.239976,1172,0.025641,25,0,No fault,False,,,,,,,,,,
2026-08-11T16:50:05.549,1786459805.549665,13.003320,5,45.000000,2.800000,132,44.273085,0x02,single,-8.382136,1155,0.062271,25,0,No fault,False,,,,,,,,,,
2026-08-11T16:50:05.563,1786459805.563414,13.017065,5,45.000000,2.800000,133,44.378958,0x02,single,-7.311146,1084,0.047619,25,0,No fault,False,,,,,,,,,,
2026-08-11T16:50:05.574,1786459805.574535,13.028184,5,45.000000,2.800000,134,44.498561,0x02,single,-6.524296,873,0.047619,25,0,No fault,False,,,,,,,,,,
2026-08-11T16:50:05.585,1786459805.585657,13.039305,5,45.000000,2.800000,135,44.585869,0x02,single,-5.715590,1067,0.047619,25,0,No fault,False,,,,,,,,,,
2026-08-11T16:50:05.599,1786459805.599416,13.053071,5,45.000000,2.800000,136,44.665185,0x02,single,-4.863169,873,0.106227,25,0,No fault,False,,,,,,,,,,
2026-08-11T16:50:05.610,1786459805.610315,13.063945,5,45.000000,2.800000,137,44.751723,0x02,single,-4.294888,679,0.062271,25,0,No fault,False,,,,,,,,,,
2026-08-11T16:50:05.621,1786459805.621177,13.074824,5,45.000000,2.800000,138,44.810487,0x02,single,-3.726608,626,0.084249,25,0,No fault,False,,,,,,,,,,
2026-08-11T16:50:05.632,1786459805.632288,13.085931,5,45.000000,2.800000,139,44.862631,0x02,single,-3.158328,820,0.047619,25,0,No fault,False,,,,,,,,,,
2026-08-11T16:50:05.645,1786459805.645413,13.099095,5,45.000000,2.800000,140,44.906483,0x02,single,-2.611904,273,0.069597,25,0,No fault,False,,,,,,,,,,
2026-08-11T16:50:05.656,1786459805.656525,13.110168,5,45.000000,2.800000,141,44.947480,0x02,single,-2.131052,538,0.084249,25,0,No fault,False,,,,,,,,,,
2026-08-11T16:50:05.667,1786459805.667560,13.121202,5,45.000000,2.800000,142,44.972893,0x02,single,-1.650199,502,0.047619,25,0,No fault,False,,,,,,,,,,
2026-08-11T16:50:05.678,1786459805.678746,13.132393,5,45.000000,2.800000,143,44.989984,0x02,single,-1.366059,291,0.062271,25,0,No fault,False,,,,,,,,,,
2026-08-11T16:50:05.699,1786459805.699708,13.153378,5,45.000000,2.800000,144,44.998831,0x02,single,-0.754064,749,0.091575,25,0,No fault,False,,,,,,,,,,
2026-08-11T16:50:05.712,1786459805.712912,13.166564,5,45.000000,2.800000,145,45.000000,0x02,single,-0.295069,591,0.069597,25,0,No fault,False,,,,,,,,,,
2026-08-11T16:50:05.724,1786459805.724085,13.177736,5,45.000000,2.800000,146,45.000000,0x02,single,0.054642,185,0.047619,25,0,No fault,False,,,,,,,,,,
2026-08-11T16:50:05.735,1786459805.735229,13.188876,5,45.000000,2.800000,147,45.000000,0x02,single,0.338783,273,0.062271,25,0,No fault,False,,,,,,,,,,
2026-08-11T16:50:05.748,1786459805.748855,13.202508,5,45.000000,2.800000,148,45.000000,0x02,single,1.060062,361,0.076923,25,0,No fault,False,,,,,,,,,,
2026-08-11T16:50:05.759,1786459805.759944,13.213591,5,45.000000,2.800000,149,45.000000,0x02,single,1.278631,326,0.091575,25,0,No fault,False,,,,,,,,,,
2026-08-11T16:50:05.770,1786459805.770904,13.224547,5,45.000000,2.800000,150,45.000000,0x02,single,1.628342,661,0.076923,25,0,No fault,False,,,,,,,,,,
2026-08-11T16:50:05.781,1786459805.781941,13.235595,5,45.000000,2.800000,151,45.000000,0x02,single,1.890625,432,0.040293,25,0,No fault,False,,,,,,,,,,
2026-08-11T16:50:05.794,1786459805.794761,13.248409,5,45.000000,2.800000,152,45.000000,0x02,single,2.305907,238,0.076923,25,0,No fault,False,,,,,,,,,,
2026-08-11T16:50:05.805,1786459805.805756,13.259394,5,45.000000,2.800000,153,45.000000,0x02,single,2.611904,414,0.084249,25,0,No fault,False,,,,,,,,,,
2026-08-11T16:50:05.816,1786459805.816780,13.270432,5,45.000000,2.800000,154,45.000000,0x02,single,2.874187,520,0.054945,25,0,No fault,False,,,,,,,,,,
2026-08-11T16:50:05.830,1786459805.830549,13.284197,5,45.000000,2.800000,155,45.000000,0x02,single,3.289469,220,0.084249,25,0,No fault,False,,,,,,,,,,
2026-08-11T16:50:05.841,1786459805.841632,13.295274,5,45.000000,2.800000,156,45.000000,0x02,single,3.595466,485,0.106227,25,0,No fault,False,,,,,,,,,,
2026-08-11T16:50:05.852,1786459805.852605,13.306248,5,45.000000,2.800000,157,45.000000,0x02,single,3.879607,414,0.091575,25,0,No fault,False,,,,,,,,,,
2026-08-11T16:50:05.863,1786459805.863686,13.317327,5,45.000000,2.800000,158,45.000000,0x02,single,4.185604,485,0.069597,25,0,No fault,False,,,,,,,,,,
2026-08-11T16:50:05.876,1786459805.876467,13.330119,5,45.000000,2.800000,159,45.000000,0x02,single,4.557172,749,0.076923,25,0,No fault,False,,,,,,,,,,
2026-08-11T16:50:05.887,1786459805.887496,13.341135,5,45.000000,2.800000,160,45.000000,0x02,single,4.863169,485,0.084249,25,0,No fault,False,,,,,,,,,,
2026-08-11T16:50:05.909,1786459805.909376,13.363075,5,45.000000,2.800000,161,45.000000,0x02,single,5.234737,79,0.076923,25,0,No fault,False,,,,,,,,,,
2026-08-11T16:50:05.922,1786459805.922598,13.376241,5,45.000000,2.800000,162,45.000000,0x02,single,5.693733,397,0.091575,25,0,No fault,False,,,,,,,,,,
2026-08-11T16:50:05.933,1786459805.933568,13.387207,5,45.000000,2.800000,163,45.000000,0x02,single,5.999730,467,0.076923,25,0,No fault,False,,,,,,,,,,
2026-08-11T16:50:05.944,1786459805.944452,13.398091,5,45.000000,2.800000,164,45.000000,0x02,single,6.611724,238,0.098901,25,0,No fault,False,,,,,,,,,,
2026-08-11T16:50:05.955,1786459805.955478,13.409117,5,45.000000,2.800000,165,45.000000,0x02,single,6.764723,397,0.054945,25,0,No fault,False,,,,,,,,,,
2026-08-11T16:50:05.968,1786459805.968533,13.422174,5,45.000000,2.800000,166,45.000000,0x02,single,7.289289,397,0.076923,25,0,No fault,False,,,,,,,,,,
2026-08-11T16:50:05.979,1786459805.979446,13.433085,5,45.000000,2.800000,167,45.000000,0x02,single,7.551572,238,0.069597,25,0,No fault,False,,,,,,,,,,
2026-08-11T16:50:05.990,1786459805.990354,13.443992,5,45.000000,2.800000,168,45.000000,0x02,single,7.857570,379,0.135531,25,0,No fault,False,,,,,,,,,,
2026-08-11T16:50:06.001,1786459806.001215,13.454861,5,45.000000,2.800000,169,45.000000,0x02,single,8.185424,502,0.098901,25,0,No fault,False,,,,,,,,,,
2026-08-11T16:50:06.014,1786459806.014817,13.468481,5,45.000000,2.800000,170,45.000000,0x02,single,8.709990,555,0.069597,25,0,No fault,False,,,,,,,,,,
2026-08-11T16:50:06.026,1786459806.026133,13.479785,5,45.000000,2.800000,171,45.000000,0x02,single,9.037844,555,0.084249,25,0,No fault,False,,,,,,,,,,
2026-08-11T16:50:06.037,1786459806.037271,13.490924,5,45.000000,2.800000,172,45.000000,0x02,single,9.365698,573,0.091575,25,0,No fault,False,,,,,,,,,,
2026-08-11T16:50:06.051,1786459806.051036,13.504688,5,45.000000,2.800000,173,45.000000,0x02,single,9.868408,591,0.106227,25,0,No fault,False,,,,,,,,,,
2026-08-11T16:50:06.062,1786459806.062160,13.515811,5,45.000000,2.800000,174,45.000000,0x02,single,10.196262,379,0.069597,25,0,No fault,False,,,,,,,,,,
2026-08-11T16:50:06.073,1786459806.073345,13.526990,5,45.000000,2.800000,175,45.000000,0x02,single,10.589687,573,0.062271,25,0,No fault,False,,,,,,,,,,
2026-08-11T16:50:06.087,1786459806.087086,13.540746,5,45.000000,2.800000,176,45.000000,0x02,single,11.114253,626,0.069597,25,0,No fault,False,,,,,,,,,,
2026-08-11T16:50:06.098,1786459806.098396,13.552045,5,45.000000,2.800000,177,45.000000,0x02,single,11.310966,608,0.113553,25,0,No fault,False,,,,,,,,,,
2026-08-11T16:50:06.118,1786459806.118454,13.572148,5,45.000000,2.800000,178,45.000000,0x02,single,11.988531,397,0.106227,25,0,No fault,False,,,,,,,,,,
2026-08-11T16:50:06.130,1786459806.130070,13.583726,5,45.000000,2.800000,179,45.000000,0x02,single,12.338242,591,0.076923,25,0,No fault,False,,,,,,,,,,
2026-08-11T16:50:06.141,1786459806.141234,13.594889,5,45.000000,2.800000,180,45.000000,0x02,single,12.687953,432,0.113553,25,0,No fault,False,,,,,,,,,,
2026-08-11T16:50:06.154,1786459806.154346,13.608043,5,45.000000,2.800000,181,45.000000,0x02,single,13.584087,379,0.076923,25,0,No fault,False,,,,,,,,,,
2026-08-11T16:50:06.165,1786459806.165500,13.619149,5,45.000000,2.800000,182,45.000000,0x02,single,13.780800,379,0.135531,25,0,No fault,False,,,,,,,,,,
2026-08-11T16:50:06.176,1786459806.176665,13.630319,5,45.000000,2.800000,183,45.000000,0x02,single,14.217939,696,0.069597,25,0,No fault,False,,,,,,,,,,
2026-08-11T16:50:06.190,1786459806.190322,13.643978,5,45.000000,2.800000,184,45.000000,0x02,single,14.720648,626,0.076923,25,0,No fault,False,,,,,,,,,,
2026-08-11T16:50:06.201,1786459806.201408,13.655074,5,45.000000,2.800000,185,45.000000,0x02,single,15.135930,591,0.098901,25,0,No fault,False,,,,,,,,,,
2026-08-11T16:50:06.212,1786459806.212537,13.666183,5,45.000000,2.800000,186,45.000000,0x02,single,15.573069,837,0.091575,25,0,No fault,False,,,,,,,,,,
2026-08-11T16:50:06.226,1786459806.226142,13.679800,5,45.000000,2.800000,187,45.000000,0x02,single,16.075779,379,0.069597,25,0,No fault,False,,,,,,,,,,
2026-08-11T16:50:06.237,1786459806.237400,13.691093,5,45.000000,2.800000,188,45.000000,0x02,single,16.447346,626,0.120879,25,0,No fault,False,,,,,,,,,,
2026-08-11T16:50:06.248,1786459806.248599,13.702253,5,45.000000,2.800000,189,45.000000,0x02,single,16.884485,538,0.098901,25,0,No fault,False,,,,,,,,,,
2026-08-11T16:50:06.262,1786459806.262278,13.715927,5,45.000000,2.800000,190,45.000000,0x02,single,17.430909,326,0.084249,25,0,No fault,False,,,,,,,,,,
2026-08-11T16:50:06.273,1786459806.273488,13.727138,5,45.000000,2.800000,191,45.000000,0x02,single,17.802477,273,0.076923,25,0,No fault,False,,,,,,,,,,
2026-08-11T16:50:06.284,1786459806.284672,13.738316,5,45.000000,2.800000,192,45.000000,0x02,single,18.217759,626,0.076923,25,0,No fault,False,,,,,,,,,,
2026-08-11T16:50:06.298,1786459806.298342,13.752013,5,45.000000,2.800000,193,45.000000,0x02,single,18.807896,326,0.091575,25,0,No fault,False,,,,,,,,,,
2026-08-11T16:50:06.325,1786459806.325379,13.779086,5,45.000000,2.800000,194,45.000000,0x02,single,19.638460,749,0.091575,25,0,No fault,False,,,,,,,,,,
2026-08-11T16:50:06.338,1786459806.338655,13.792327,5,45.000000,2.800000,195,45.000000,0x02,single,20.228597,502,0.098901,25,0,No fault,False,,,,,,,,,,
2026-08-11T16:50:06.349,1786459806.349960,13.803611,5,45.000000,2.800000,196,45.000000,0x02,single,20.971733,520,0.069597,25,0,No fault,False,,,,,,,,,,
2026-08-11T16:50:06.360,1786459806.360971,13.814618,5,45.000000,2.800000,197,45.000000,0x02,single,21.255873,467,0.135531,25,0,No fault,False,,,,,,,,,,
2026-08-11T16:50:06.374,1786459806.374475,13.828137,5,45.000000,2.800000,198,45.000000,0x02,single,21.846010,485,0.098901,25,0,No fault,False,,,,,,,,,,
2026-08-11T16:50:06.385,1786459806.385787,13.839457,5,45.000000,2.800000,199,45.000000,0x02,single,22.261292,520,0.062271,25,0,No fault,False,,,,,,,,,,
2026-08-11T16:50:06.397,1786459806.397419,13.851099,5,45.000000,2.800000,200,45.000000,0x02,single,22.654717,714,0.128205,25,0,No fault,False,,,,,,,,,,
2026-08-11T16:50:06.410,1786459806.410588,13.864230,5,45.000000,2.800000,201,45.000000,0x02,single,23.244854,467,0.098901,25,0,No fault,False,,,,,,,,,,
2026-08-11T16:50:06.421,1786459806.421522,13.875175,5,45.000000,2.800000,202,45.000000,0x02,single,23.660136,502,0.098901,25,0,No fault,False,,,,,,,,,,
2026-08-11T16:50:06.433,1786459806.433075,13.886742,5,45.000000,2.800000,203,45.000000,0x02,single,24.075418,573,0.076923,25,0,No fault,False,,,,,,,,,,
2026-08-11T16:50:06.446,1786459806.446852,13.900508,5,45.000000,2.800000,204,45.000000,0x02,single,24.665555,696,0.142857,25,0,No fault,False,,,,,,,,,,
2026-08-11T16:50:06.457,1786459806.457994,13.911653,5,45.000000,2.800000,205,45.000000,0x02,single,25.058980,608,0.128205,25,0,No fault,False,,,,,,,,,,
2026-08-11T16:50:06.469,1786459806.469474,13.923129,5,45.000000,2.800000,206,45.000000,0x02,single,25.452405,115,0.098901,25,0,No fault,False,,,,,,,,,,
2026-08-11T16:50:06.482,1786459806.482751,13.936413,5,45.000000,2.800000,207,45.000000,0x02,single,26.020686,256,0.120879,25,0,No fault,False,,,,,,,,,,
2026-08-11T16:50:06.493,1786459806.493962,13.947605,5,45.000000,2.800000,208,45.000000,0x02,single,26.414111,291,0.091575,25,0,No fault,False,,,,,,,,,,
2026-08-11T16:50:06.505,1786459806.505069,13.958724,5,45.000000,2.800000,209,45.000000,0x02,single,26.829392,485,0.106227,25,0,No fault,False,,,,,,,,,,
2026-08-11T16:50:06.526,1786459806.526870,13.980533,5,45.000000,2.800000,210,45.000000,0x02,single,27.419530,696,0.091575,25,0,No fault,False,,,,,,,,,,
2026-08-11T16:50:06.540,1786459806.540905,13.994555,5,45.000000,2.800000,211,45.000000,0x02,single,28.097095,608,0.069597,25,0,No fault,False,,,,,,,,,,
2026-08-11T16:50:06.551,1786459806.551977,14.005616,5,45.000000,2.800000,212,45.000000,0x02,single,28.643518,185,0.135531,25,0,No fault,False,,,,,,,,,,
2026-08-11T16:50:06.562,1786459806.562909,14.016545,5,45.000000,2.800000,213,45.000000,0x02,single,28.949516,837,0.084249,25,0,No fault,False,,,,,,,,,,
2026-08-11T16:50:06.573,1786459806.573728,14.027365,5,45.000000,2.800000,214,45.000000,0x02,single,29.255513,326,0.186813,25,0,No fault,False,,,,,,,,,,
2026-08-11T16:50:06.587,1786459806.587012,14.040653,5,45.000000,2.800000,215,45.000000,0x02,single,29.845650,450,0.076923,25,0,No fault,False,,,,,,,,,,
2026-08-11T16:50:06.598,1786459806.598053,14.051713,5,45.000000,2.800000,216,45.000000,0x02,single,30.239075,256,0.098901,25,0,No fault,False,,,,,,,,,,
2026-08-11T16:50:06.609,1786459806.609366,14.063017,5,45.000000,2.800000,217,45.000000,0x02,single,30.654357,273,0.069597,25,0,No fault,False,,,,,,,,,,
2026-08-11T16:50:06.629,1786459806.629732,14.083365,5,45.000000,2.800000,218,45.000000,0x02,single,31.397493,679,0.025641,25,0,No fault,False,,,,,,,,,,
2026-08-11T16:50:06.640,1786459806.640862,14.094530,5,45.000000,2.800000,219,45.000000,0x02,single,31.747204,414,0.076923,25,0,No fault,False,,,,,,,,,,
2026-08-11T16:50:06.653,1786459806.653661,14.107315,5,45.000000,2.800000,220,45.000000,0x02,single,32.359198,520,0.076923,25,0,No fault,False,,,,,,,,,,
2026-08-11T16:50:06.664,1786459806.664755,14.118401,5,45.000000,2.800000,221,45.000000,0x02,single,32.643338,538,0.062271,25,0,No fault,False,,,,,,,,,,
2026-08-11T16:50:06.675,1786459806.675751,14.129393,5,45.000000,2.800000,222,45.000000,0x02,single,32.971192,220,0.084249,25,0,No fault,False,,,,,,,,,,
2026-08-11T16:50:06.686,1786459806.686866,14.140512,5,45.000000,2.800000,223,45.000000,0x02,single,33.320903,538,0.098901,25,0,No fault,False,,,,,,,,,,
2026-08-11T16:50:06.699,1786459806.699661,14.153306,5,45.000000,2.800000,224,45.000000,0x02,single,33.823613,291,0.054945,25,0,No fault,False,,,,,,,,,,
2026-08-11T16:50:06.710,1786459806.710695,14.164337,5,45.000000,2.800000,225,45.000000,0x02,single,34.173324,502,0.076923,25,0,No fault,False,,,,,,,,,,
2026-08-11T16:50:06.750,1786459806.750362,14.204023,6,-45.000000,2.800000,1,-0.000000,0x02,single,34.829032,679,0.069597,25,0,No fault,False,,,,,,,,,,
2026-08-11T16:50:06.764,1786459806.764292,14.217947,6,-45.000000,2.800000,2,-0.016371,0x02,single,35.703310,714,0.091575,25,0,No fault,False,,,,,,,,,,
2026-08-11T16:50:06.775,1786459806.775623,14.229276,6,-45.000000,2.800000,3,-0.043938,0x02,single,35.834451,309,0.076923,25,0,No fault,False,,,,,,,,,,
2026-08-11T16:50:06.786,1786459806.786741,14.240383,6,-45.000000,2.800000,4,-0.075957,0x02,single,36.162305,591,0.091575,25,0,No fault,False,,,,,,,,,,
2026-08-11T16:50:06.800,1786459806.800354,14.254003,6,-45.000000,2.800000,5,-0.115825,0x02,single,36.665015,643,0.069597,25,0,No fault,False,,,,,,,,,,
2026-08-11T16:50:06.811,1786459806.811385,14.265033,6,-45.000000,2.800000,6,-0.176403,0x02,single,36.927298,573,0.106227,25,0,No fault,False,,,,,,,,,,
2026-08-11T16:50:06.822,1786459806.822442,14.276089,6,-45.000000,2.800000,7,-0.234670,0x02,single,37.233295,414,0.062271,25,0,No fault,False,,,,,,,,,,
2026-08-11T16:50:06.833,1786459806.833570,14.287213,6,-45.000000,2.800000,8,-0.301262,0x02,single,37.495579,520,0.098901,25,0,No fault,False,,,,,,,,,,
2026-08-11T16:50:06.846,1786459806.846426,14.300100,6,-45.000000,2.800000,9,-0.377587,0x02,single,37.910860,502,0.106227,25,0,No fault,False,,,,,,,,,,
2026-08-11T16:50:06.857,1786459806.857540,14.311194,6,-45.000000,2.800000,10,-0.474927,0x02,single,38.173144,167,0.084249,25,0,No fault,False,,,,,,,,,,
2026-08-11T16:50:06.868,1786459806.868583,14.322230,6,-45.000000,2.800000,11,-0.567686,0x02,single,38.457284,450,0.084249,25,0,No fault,False,,,,,,,,,,
2026-08-11T16:50:06.882,1786459806.882153,14.335802,6,-45.000000,2.800000,12,-0.668312,0x02,single,38.828852,414,0.084249,25,0,No fault,False,,,,,,,,,,
2026-08-11T16:50:06.893,1786459806.893228,14.346872,6,-45.000000,2.800000,13,-0.803562,0x02,single,39.091135,344,0.076923,25,0,No fault,False,,,,,,,,,,
2026-08-11T16:50:06.904,1786459806.904280,14.357923,6,-45.000000,2.800000,14,-0.923166,0x02,single,39.353418,309,0.062271,25,0,No fault,False,,,,,,,,,,
2026-08-11T16:50:06.915,1786459806.915413,14.369061,6,-45.000000,2.800000,15,-1.049608,0x02,single,39.571988,220,0.106227,25,0,No fault,False,,,,,,,,,,
2026-08-11T16:50:06.928,1786459806.928218,14.381865,6,-45.000000,2.800000,16,-1.186002,0x02,single,39.943556,450,0.106227,25,0,No fault,False,,,,,,,,,,
2026-08-11T16:50:06.939,1786459806.939170,14.392812,6,-45.000000,2.800000,17,-1.352010,0x02,single,40.118411,167,0.054945,25,0,No fault,False,,,,,,,,,,
2026-08-11T16:50:06.959,1786459806.959446,14.413142,6,-45.000000,2.800000,18,-1.502216,0x02,single,40.533693,309,0.054945,25,0,No fault,False,,,,,,,,,,
2026-08-11T16:50:06.970,1786459806.970873,14.424519,6,-45.000000,2.800000,19,-1.805284,0x02,single,40.927118,115,0.106227,25,0,No fault,False,,,,,,,,,,
2026-08-11T16:50:06.982,1786459806.982079,14.435733,6,-45.000000,2.800000,20,-1.982131,0x02,single,41.123830,167,0.069597,25,0,No fault,False,,,,,,,,,,
2026-08-11T16:50:06.995,1786459806.995282,14.448922,6,-45.000000,2.800000,21,-2.172464,0x02,single,41.407971,538,0.069597,25,0,No fault,False,,,,,,,,,,
2026-08-11T16:50:07.006,1786459807.006418,14.460055,6,-45.000000,2.800000,22,-2.394268,0x02,single,41.582826,185,0.120879,25,0,No fault,False,,,,,,,,,,
2026-08-11T16:50:07.017,1786459807.017527,14.471179,6,-45.000000,2.800000,23,-2.594041,0x02,single,41.779539,414,0.106227,25,0,No fault,False,,,,,,,,,,
2026-08-11T16:50:07.031,1786459807.031220,14.484875,6,-45.000000,2.800000,24,-2.801997,0x02,single,41.976251,115,0.142857,25,0,No fault,False,,,,,,,,,,
2026-08-11T16:50:07.042,1786459807.042429,14.496069,6,-45.000000,2.800000,25,-3.067654,0x02,single,42.151107,44,0.069597,25,0,No fault,False,,,,,,,,,,
2026-08-11T16:50:07.053,1786459807.053847,14.507493,6,-45.000000,2.800000,26,-3.292369,0x02,single,42.304105,238,0.113553,25,0,No fault,False,,,,,,,,,,
2026-08-11T16:50:07.067,1786459807.067008,14.520656,6,-45.000000,2.800000,27,-3.532136,0x02,single,42.522675,273,0.084249,25,0,No fault,False,,,,,,,,,,
2026-08-11T16:50:07.078,1786459807.078093,14.531735,6,-45.000000,2.800000,28,-3.813103,0x02,single,42.653816,220,0.128205,25,0,No fault,False,,,,,,,,,,
2026-08-11T16:50:07.089,1786459807.089298,14.542944,6,-45.000000,2.800000,29,-4.059042,0x02,single,42.828672,291,0.069597,25,0,No fault,False,,,,,,,,,,
2026-08-11T16:50:07.103,1786459807.103192,14.556870,6,-45.000000,2.800000,30,-4.315496,0x02,single,43.003527,167,0.084249,25,0,No fault,False,,,,,,,,,,
2026-08-11T16:50:07.118,1786459807.118387,14.572033,6,-45.000000,2.800000,31,-4.696016,0x02,single,43.200240,9,0.054945,25,0,No fault,False,,,,,,,,,,
2026-08-11T16:50:07.129,1786459807.129710,14.583364,6,-45.000000,2.800000,32,-5.012741,0x02,single,43.287667,309,0.091575,25,0,No fault,False,,,,,,,,,,
2026-08-11T16:50:07.140,1786459807.140845,14.594489,6,-45.000000,2.800000,33,-5.294434,0x02,single,43.375095,-44,0.084249,25,0,No fault,False,,,,,,,,,,
2026-08-11T16:50:07.165,1786459807.165106,14.618769,6,-45.000000,2.800000,34,-5.577725,0x02,single,43.549951,115,0.062271,25,0,No fault,False,,,,,,,,,,
2026-08-11T16:50:07.176,1786459807.176729,14.630385,6,-45.000000,2.800000,35,-6.225563,0x02,single,43.702949,79,0.084249,25,0,No fault,False,,,,,,,,,,
2026-08-11T16:50:07.187,1786459807.187958,14.641607,6,-45.000000,2.800000,36,-6.541381,0x02,single,43.768520,26,0.069597,25,0,No fault,False,,,,,,,,,,
2026-08-11T16:50:07.202,1786459807.202018,14.655675,6,-45.000000,2.800000,37,-6.853705,0x02,single,43.877805,132,0.040293,25,0,No fault,False,,,,,,,,,,
2026-08-11T16:50:07.213,1786459807.213316,14.666963,6,-45.000000,2.800000,38,-7.255747,0x02,single,43.921519,-132,0.091575,25,0,No fault,False,,,,,,,,,,
2026-08-11T16:50:07.224,1786459807.224511,14.678169,6,-45.000000,2.800000,39,-7.585510,0x02,single,43.965233,44,0.069597,25,0,No fault,False,,,,,,,,,,
2026-08-11T16:50:07.237,1786459807.237764,14.691416,6,-45.000000,2.800000,40,-7.922786,0x02,single,44.030803,-167,0.091575,25,0,No fault,False,,,,,,,,,,
2026-08-11T16:50:07.248,1786459807.248913,14.702563,6,-45.000000,2.800000,41,-8.316126,0x02,single,44.052660,62,0.098901,25,0,No fault,False,,,,,,,,,,
2026-08-11T16:50:07.260,1786459807.260292,14.713956,6,-45.000000,2.800000,42,-8.660182,0x02,single,44.074517,-97,0.098901,25,0,No fault,False,,,,,,,,,,
2026-08-11T16:50:07.274,1786459807.274300,14.727971,6,-45.000000,2.800000,43,-9.015868,0x02,single,44.118231,79,0.091575,25,0,No fault,False,,,,,,,,,,
2026-08-11T16:50:07.285,1786459807.285630,14.739295,6,-45.000000,2.800000,44,-9.460986,0x02,single,44.161945,150,0.084249,25,0,No fault,False,,,,,,,,,,
2026-08-11T16:50:07.296,1786459807.296934,14.750602,6,-45.000000,2.800000,45,-9.825532,0x02,single,44.183802,-62,0.062271,25,0,No fault,False,,,,,,,,,,
2026-08-11T16:50:07.310,1786459807.310198,14.763860,6,-45.000000,2.800000,46,-10.212834,0x02,single,44.227516,608,0.091575,25,0,No fault,False,,,,,,,,,,
2026-08-11T16:50:07.321,1786459807.321847,14.775549,6,-45.000000,2.800000,47,-10.633966,0x02,single,44.227516,185,0.091575,25,0,No fault,False,,,,,,,,,,
2026-08-11T16:50:07.336,1786459807.336894,14.790602,6,-45.000000,2.800000,48,-11.035567,0x02,single,44.249373,132,0.084249,25,0,No fault,False,,,,,,,,,,
2026-08-11T16:50:07.348,1786459807.348586,14.802256,6,-45.000000,2.800000,49,-11.542048,0x02,single,44.271230,-26,0.076923,25,0,No fault,False,,,,,,,,,,
2026-08-11T16:50:07.372,1786459807.372863,14.826619,6,-45.000000,2.800000,50,-11.950919,0x02,single,44.293087,115,0.076923,25,0,No fault,False,,,,,,,,,,
2026-08-11T16:50:07.386,1786459807.386267,14.839957,6,-45.000000,2.800000,51,-12.800963,0x02,single,44.314944,26,0.098901,25,0,No fault,False,,,,,,,,,,
2026-08-11T16:50:07.398,1786459807.398182,14.851858,6,-45.000000,2.800000,52,-13.274587,0x02,single,44.314944,-115,0.091575,25,0,No fault,False,,,,,,,,,,
2026-08-11T16:50:07.412,1786459807.412234,14.865900,6,-45.000000,2.800000,53,-13.702044,0x02,single,44.336800,-167,0.076923,25,0,No fault,False,,,,,,,,,,
2026-08-11T16:50:07.423,1786459807.423512,14.877167,6,-45.000000,2.800000,54,-14.208785,0x02,single,44.336800,-97,0.098901,25,0,No fault,False,,,,,,,,,,
2026-08-11T16:50:07.434,1786459807.434727,14.888373,6,-45.000000,2.800000,55,-14.620129,0x02,single,44.336800,-62,0.084249,25,0,No fault,False,,,,,,,,,,
2026-08-11T16:50:07.448,1786459807.448521,14.902195,6,-45.000000,2.800000,56,-15.032116,0x02,single,44.358657,150,0.098901,25,0,No fault,False,,,,,,,,,,
2026-08-11T16:50:07.459,1786459807.459978,14.913618,6,-45.000000,2.800000,57,-15.553602,0x02,single,44.336800,-79,0.091575,25,0,No fault,False,,,,,,,,,,
2026-08-11T16:50:07.471,1786459807.471200,14.924836,6,-45.000000,2.800000,58,-15.975829,0x02,single,44.336800,-450,0.069597,25,0,No fault,False,,,,,,,,,,
2026-08-11T16:50:07.484,1786459807.484330,14.937968,6,-45.000000,2.800000,59,-16.401250,0x02,single,44.336800,-220,0.076923,25,0,No fault,False,,,,,,,,,,
2026-08-11T16:50:07.495,1786459807.495244,14.948881,6,-45.000000,2.800000,60,-16.894288,0x02,single,44.358657,-26,0.106227,25,0,No fault,False,,,,,,,,,,
2026-08-11T16:50:07.506,1786459807.506130,14.959766,6,-45.000000,2.800000,61,-17.309813,0x02,single,44.358657,-115,0.106227,25,0,No fault,False,,,,,,,,,,
2026-08-11T16:50:07.517,1786459807.517026,14.970665,6,-45.000000,2.800000,62,-17.726721,0x02,single,44.380514,309,0.091575,25,0,No fault,False,,,,,,,,,,
2026-08-11T16:50:07.530,1786459807.530524,14.984166,6,-45.000000,2.800000,63,-18.146143,0x02,single,44.358657,-9,0.106227,25,0,No fault,False,,,,,,,,,,
2026-08-11T16:50:07.541,1786459807.541481,14.995122,6,-45.000000,2.800000,64,-18.667398,0x02,single,44.358657,-97,0.098901,25,0,No fault,False,,,,,,,,,,
2026-08-11T16:50:07.552,1786459807.552468,15.006116,6,-45.000000,2.800000,65,-19.092147,0x02,single,44.358657,-115,0.084249,25,0,No fault,False,,,,,,,,,,
2026-08-11T16:50:07.577,1786459807.577295,15.030951,6,-45.000000,2.800000,66,-19.519689,0x02,single,44.380514,97,0.098901,25,0,No fault,False,,,,,,,,,,
2026-08-11T16:50:07.588,1786459807.588573,15.042214,6,-45.000000,2.800000,67,-20.494049,0x02,single,44.358657,-79,0.091575,25,0,No fault,False,,,,,,,,,,
2026-08-11T16:50:07.599,1786459807.599698,15.053364,6,-45.000000,2.800000,68,-20.929877,0x02,single,44.380514,167,0.076923,25,0,No fault,False,,,,,,,,,,
2026-08-11T16:50:07.611,1786459807.611035,15.064680,6,-45.000000,2.800000,69,-21.369916,0x02,single,44.358657,-132,0.098901,25,0,No fault,False,,,,,,,,,,
2026-08-11T16:50:07.624,1786459807.624005,15.077722,6,-45.000000,2.800000,70,-21.811931,0x02,single,44.380514,150,0.076923,25,0,No fault,False,,,,,,,,,,
2026-08-11T16:50:07.635,1786459807.635399,15.089050,6,-45.000000,2.800000,71,-22.326122,0x02,single,44.380514,9,0.091575,25,0,No fault,False,,,,,,,,,,
2026-08-11T16:50:07.646,1786459807.646442,15.100085,6,-45.000000,2.800000,72,-22.769346,0x02,single,44.380514,9,0.076923,25,0,No fault,False,,,,,,,,,,
2026-08-11T16:50:07.660,1786459807.660118,15.113780,6,-45.000000,2.800000,73,-23.201495,0x02,single,44.380514,62,0.084249,25,0,No fault,False,,,,,,,,,,
2026-08-11T16:50:07.671,1786459807.671729,15.125382,6,-45.000000,2.800000,74,-23.746673,0x02,single,44.380514,-62,0.076923,25,0,No fault,False,,,,,,,,,,
2026-08-11T16:50:07.683,1786459807.683093,15.136748,6,-45.000000,2.800000,75,-24.193381,0x02,single,44.380514,79,0.091575,25,0,No fault,False,,,,,,,,,,
2026-08-11T16:50:07.695,1786459807.695901,15.149552,6,-45.000000,2.800000,76,-24.649532,0x02,single,44.380514,-97,0.069597,25,0,No fault,False,,,,,,,,,,
2026-08-11T16:50:07.707,1786459807.707001,15.160664,6,-45.000000,2.800000,77,-25.138444,0x02,single,44.380514,-238,0.076923,25,0,No fault,False,,,,,,,,,,
2026-08-11T16:50:07.718,1786459807.718155,15.171799,6,-45.000000,2.800000,78,-25.572324,0x02,single,44.380514,203,0.084249,25,0,No fault,False,,,,,,,,,,
2026-08-11T16:50:07.731,1786459807.731795,15.185455,6,-45.000000,2.800000,79,-26.003384,0x02,single,44.380514,79,0.113553,25,0,No fault,False,,,,,,,,,,
2026-08-11T16:50:07.742,1786459807.742930,15.196569,6,-45.000000,2.800000,80,-26.533066,0x02,single,44.380514,-26,0.076923,25,0,No fault,False,,,,,,,,,,
2026-08-11T16:50:07.753,1786459807.753940,15.207597,6,-45.000000,2.800000,81,-26.959875,0x02,single,44.358657,-238,0.091575,25,0,No fault,False,,,,,,,,,,
2026-08-11T16:50:07.778,1786459807.778293,15.231952,6,-45.000000,2.800000,82,-27.384776,0x02,single,44.380514,9,0.098901,25,0,No fault,False,,,,,,,,,,
2026-08-11T16:50:07.789,1786459807.789536,15.243195,6,-45.000000,2.800000,83,-28.314126,0x02,single,44.380514,-44,0.091575,25,0,No fault,False,,,,,,,,,,
2026-08-11T16:50:07.800,1786459807.800824,15.254476,6,-45.000000,2.800000,84,-28.740182,0x02,single,44.380514,115,0.069597,25,0,No fault,False,,,,,,,,,,
2026-08-11T16:50:07.814,1786459807.814381,15.268029,6,-45.000000,2.800000,85,-29.163155,0x02,single,44.380514,26,0.098901,25,0,No fault,False,,,,,,,,,,
2026-08-11T16:50:07.825,1786459807.825341,15.278983,6,-45.000000,2.800000,86,-29.669096,0x02,single,44.380514,79,0.084249,25,0,No fault,False,,,,,,,,,,
2026-08-11T16:50:07.836,1786459807.836426,15.290082,6,-45.000000,2.800000,87,-30.076990,0x02,single,44.380514,-79,0.091575,25,0,No fault,False,,,,,,,,,,
2026-08-11T16:50:07.847,1786459807.847593,15.301240,6,-45.000000,2.800000,88,-30.485556,0x02,single,44.380514,-79,0.076923,25,0,No fault,False,,,,,,,,,,
2026-08-11T16:50:07.860,1786459807.860467,15.314128,6,-45.000000,2.800000,89,-30.893209,0x02,single,44.380514,132,0.084249,25,0,No fault,False,,,,,,,,,,
2026-08-11T16:50:07.871,1786459807.871606,15.325256,6,-45.000000,2.800000,90,-31.361576,0x02,single,44.380514,-44,0.084249,25,0,No fault,False,,,,,,,,,,
2026-08-11T16:50:07.883,1786459807.883646,15.337414,6,-45.000000,2.800000,91,-31.760903,0x02,single,44.402371,256,0.084249,25,0,No fault,False,,,,,,,,,,
2026-08-11T16:50:07.896,1786459807.896265,15.349960,6,-45.000000,2.800000,92,-32.201505,0x02,single,44.380514,79,0.098901,25,0,No fault,False,,,,,,,,,,
2026-08-11T16:50:07.907,1786459807.907744,15.361398,6,-45.000000,2.800000,93,-32.639859,0x02,single,44.380514,9,0.076923,25,0,No fault,False,,,,,,,,,,
2026-08-11T16:50:07.918,1786459807.918938,15.372599,6,-45.000000,2.800000,94,-33.035634,0x02,single,44.380514,-150,0.076923,25,0,No fault,False,,,,,,,,,,
2026-08-11T16:50:07.932,1786459807.932147,15.385808,6,-45.000000,2.800000,95,-33.427580,0x02,single,44.380514,26,0.091575,25,0,No fault,False,,,,,,,,,,
2026-08-11T16:50:07.943,1786459807.943355,15.397004,6,-45.000000,2.800000,96,-33.872982,0x02,single,44.380514,-185,0.084249,25,0,No fault,False,,,,,,,,,,
2026-08-11T16:50:07.954,1786459807.954655,15.408311,6,-45.000000,2.800000,97,-34.249067,0x02,single,44.380514,-115,0.098901,25,0,No fault,False,,,,,,,,,,
2026-08-11T16:50:07.979,1786459807.979975,15.433658,6,-45.000000,2.800000,98,-34.625988,0x02,single,44.402371,203,0.062271,25,0,No fault,False,,,,,,,,,,
2026-08-11T16:50:07.992,1786459807.992164,15.445826,6,-45.000000,2.800000,99,-35.459788,0x02,single,44.402371,132,0.091575,25,0,No fault,False,,,,,,,,,,
2026-08-11T16:50:08.003,1786459808.003519,15.457162,6,-45.000000,2.800000,100,-35.842205,0x02,single,44.380514,26,0.098901,25,0,No fault,False,,,,,,,,,,
2026-08-11T16:50:08.016,1786459808.016690,15.470331,6,-45.000000,2.800000,101,-36.199881,0x02,single,44.380514,9,0.091575,25,0,No fault,False,,,,,,,,,,
2026-08-11T16:50:08.027,1786459808.027622,15.481262,6,-45.000000,2.800000,102,-36.601540,0x02,single,44.380514,-44,0.091575,25,0,No fault,False,,,,,,,,,,
2026-08-11T16:50:08.038,1786459808.038507,15.492144,6,-45.000000,2.800000,103,-36.932901,0x02,single,44.380514,-97,0.076923,25,0,No fault,False,,,,,,,,,,
2026-08-11T16:50:08.049,1786459808.049392,15.503029,6,-45.000000,2.800000,104,-37.258334,0x02,single,44.380514,-238,0.076923,25,0,No fault,False,,,,,,,,,,
2026-08-11T16:50:08.062,1786459808.062913,15.516558,6,-45.000000,2.800000,105,-37.579065,0x02,single,44.402371,-62,0.054945,25,0,No fault,False,,,,,,,,,,
2026-08-11T16:50:08.073,1786459808.073832,15.527471,6,-45.000000,2.800000,106,-37.968964,0x02,single,44.402371,9,0.069597,25,0,No fault,False,,,,,,,,,,
2026-08-11T16:50:08.084,1786459808.084717,15.538354,6,-45.000000,2.800000,107,-38.277107,0x02,single,44.402371,203,0.076923,25,0,No fault,False,,,,,,,,,,
2026-08-11T16:50:08.095,1786459808.095711,15.549353,6,-45.000000,2.800000,108,-38.578976,0x02,single,44.380514,-167,0.091575,25,0,No fault,False,,,,,,,,,,
2026-08-11T16:50:08.107,1786459808.107059,15.560720,6,-45.000000,2.800000,109,-38.878168,0x02,single,44.380514,-9,0.098901,25,0,No fault,False,,,,,,,,,,
2026-08-11T16:50:08.119,1786459808.119975,15.573657,6,-45.000000,2.800000,110,-39.189276,0x02,single,44.380514,-115,0.069597,25,0,No fault,False,,,,,,,,,,
2026-08-11T16:50:08.131,1786459808.131495,15.585158,6,-45.000000,2.800000,111,-39.520097,0x02,single,44.380514,-185,0.069597,25,0,No fault,False,,,,,,,,,,
2026-08-11T16:50:08.142,1786459808.142684,15.596341,6,-45.000000,2.800000,112,-39.811190,0x02,single,44.402371,150,0.098901,25,0,No fault,False,,,,,,,,,,
2026-08-11T16:50:08.155,1786459808.155983,15.609653,6,-45.000000,2.800000,113,-40.092440,0x02,single,44.402371,132,0.084249,25,0,No fault,False,,,,,,,,,,
2026-08-11T16:50:08.182,1786459808.182817,15.636502,6,-45.000000,2.800000,114,-40.412643,0x02,single,44.402371,79,0.076923,25,0,No fault,False,,,,,,,,,,
2026-08-11T16:50:08.196,1786459808.196115,15.649826,6,-45.000000,2.800000,115,-41.029669,0x02,single,44.402371,44,0.098901,25,0,No fault,False,,,,,,,,,,
2026-08-11T16:50:08.209,1786459808.209428,15.663111,6,-45.000000,2.800000,116,-41.326775,0x02,single,44.402371,-26,0.084249,25,0,No fault,False,,,,,,,,,,
2026-08-11T16:50:08.220,1786459808.220847,15.674533,6,-45.000000,2.800000,117,-41.601435,0x02,single,44.402371,-9,0.098901,25,0,No fault,False,,,,,,,,,,
2026-08-11T16:50:08.234,1786459808.234968,15.688611,6,-45.000000,2.800000,118,-41.837358,0x02,single,40.227696,-6003,-0.098901,25,0,No fault,False,,,,,,,,,,
2026-08-11T16:50:08.246,1786459808.246083,15.699744,6,-45.000000,2.800000,119,-42.109981,0x02,single,36.446446,-5174,-0.194139,25,0,No fault,False,,,,,,,,,,
2026-08-11T16:50:08.257,1786459808.257400,15.711073,6,-45.000000,2.800000,120,-42.322720,0x02,single,33.014906,-4187,-0.076923,25,0,No fault,False,,,,,,,,,,
2026-08-11T16:50:08.271,1786459808.271066,15.724708,6,-45.000000,2.800000,121,-42.527495,0x02,single,28.315664,-3464,-0.084249,25,0,No fault,False,,,,,,,,,,
2026-08-11T16:50:08.282,1786459808.282254,15.735906,6,-45.000000,2.800000,122,-42.765495,0x02,single,25.605404,-3870,-0.047619,25,0,No fault,False,,,,,,,,,,
2026-08-11T16:50:08.293,1786459808.293641,15.747303,6,-45.000000,2.800000,123,-42.953877,0x02,single,23.157427,-3306,-0.040293,25,0,No fault,False,,,,,,,,,,
2026-08-11T16:50:08.307,1786459808.307041,15.760719,6,-45.000000,2.800000,124,-43.139154,0x02,single,19.398033,-2830,-0.025641,25,0,No fault,False,,,,,,,,,,
2026-08-11T16:50:08.318,1786459808.318443,15.772107,6,-45.000000,2.800000,125,-43.340667,0x02,single,17.955475,-2971,-0.054945,25,0,No fault,False,,,,,,,,,,
2026-08-11T16:50:08.330,1786459808.330047,15.783713,6,-45.000000,2.800000,126,-43.504781,0x02,single,15.267072,-2318,-0.032967,25,0,No fault,False,,,,,,,,,,
2026-08-11T16:50:08.342,1786459808.342851,15.796538,6,-45.000000,2.800000,127,-43.665864,0x02,single,13.671515,-2001,-0.032967,25,0,No fault,False,,,,,,,,,,
2026-08-11T16:50:08.354,1786459808.354360,15.808020,6,-45.000000,2.800000,128,-43.830152,0x02,single,12.534954,-1772,-0.025641,25,0,No fault,False,,,,,,,,,,
2026-08-11T16:50:08.365,1786459808.365918,15.819574,6,-45.000000,2.800000,129,-43.968494,0x02,single,11.289109,-1807,-0.054945,25,0,No fault,False,,,,,,,,,,
2026-08-11T16:50:08.388,1786459808.388652,15.842345,6,-45.000000,2.800000,130,-44.101704,0x02,single,9.431269,-1631,-0.040293,25,0,No fault,False,,,,,,,,,,
2026-08-11T16:50:08.401,1786459808.401914,15.855575,6,-45.000000,2.800000,131,-44.336115,0x02,single,8.141710,-1190,-0.010989,25,0,No fault,False,,,,,,,,,,
2026-08-11T16:50:08.413,1786459808.413182,15.866830,6,-45.000000,2.800000,132,-44.453221,0x02,single,7.267432,-1296,-0.032967,25,0,No fault,False,,,,,,,,,,
2026-08-11T16:50:08.424,1786459808.424249,15.877896,6,-45.000000,2.800000,133,-44.545385,0x02,single,5.759303,-1084,-0.040293,25,0,No fault,False,,,,,,,,,,
2026-08-11T16:50:08.437,1786459808.437832,15.891484,6,-45.000000,2.800000,134,-44.628057,0x02,single,5.081738,-943,-0.084249,25,0,No fault,False,,,,,,,,,,
2026-08-11T16:50:08.448,1786459808.448876,15.902530,6,-45.000000,2.800000,135,-44.718471,0x02,single,4.404173,-520,-0.040293,25,0,No fault,False,,,,,,,,,,
2026-08-11T16:50:08.460,1786459808.460111,15.913763,6,-45.000000,2.800000,136,-44.783084,0x02,single,3.770322,-679,-0.062271,25,0,No fault,False,,,,,,,,,,
2026-08-11T16:50:08.473,1786459808.473914,15.927569,6,-45.000000,2.800000,137,-44.839903,0x02,single,3.092757,-696,-0.062271,25,0,No fault,False,,,,,,,,,,
2026-08-11T16:50:08.485,1786459808.485117,15.938766,6,-45.000000,2.800000,138,-44.897812,0x02,single,2.568190,-855,-0.062271,25,0,No fault,False,,,,,,,,,,
2026-08-11T16:50:08.496,1786459808.496173,15.949837,6,-45.000000,2.800000,139,-44.935310,0x02,single,2.065481,-661,-0.069597,25,0,No fault,False,,,,,,,,,,
2026-08-11T16:50:08.510,1786459808.510062,15.963715,6,-45.000000,2.800000,140,-44.964236,0x02,single,1.519057,-837,-0.106227,25,0,No fault,False,,,,,,,,,,
2026-08-11T16:50:08.521,1786459808.521354,15.975004,6,-45.000000,2.800000,141,-44.988319,0x02,single,1.103775,-890,-0.062271,25,0,No fault,False,,,,,,,,,,
2026-08-11T16:50:08.532,1786459808.532490,15.986145,6,-45.000000,2.800000,142,-44.998238,0x02,single,0.710351,-679,-0.106227,25,0,No fault,False,,,,,,,,,,
2026-08-11T16:50:08.546,1786459808.546240,15.999904,6,-45.000000,2.800000,143,-45.000000,0x02,single,0.229498,-344,-0.040293,25,0,No fault,False,,,,,,,,,,
2026-08-11T16:50:08.557,1786459808.557430,16.011106,6,-45.000000,2.800000,144,-45.000000,0x02,single,-0.142070,-485,-0.076923,25,0,No fault,False,,,,,,,,,,
2026-08-11T16:50:08.568,1786459808.568655,16.022307,6,-45.000000,2.800000,145,-45.000000,0x02,single,-0.513638,-344,-0.054945,25,0,No fault,False,,,,,,,,,,
2026-08-11T16:50:08.591,1786459808.591233,16.044890,6,-45.000000,2.800000,146,-45.000000,0x02,single,-0.928920,-326,-0.062271,25,0,No fault,False,,,,,,,,,,
2026-08-11T16:50:08.602,1786459808.602741,16.056394,6,-45.000000,2.800000,147,-45.000000,0x02,single,-1.213060,-467,-0.084249,25,0,No fault,False,,,,,,,,,,
2026-08-11T16:50:08.614,1786459808.614091,16.067745,6,-45.000000,2.800000,148,-45.000000,0x02,single,-1.519057,-238,-0.047619,25,0,No fault,False,,,,,,,,,,
2026-08-11T16:50:08.627,1786459808.627273,16.080917,6,-45.000000,2.800000,149,-45.000000,0x02,single,-1.999910,-291,-0.054945,25,0,No fault,False,,,,,,,,,,
2026-08-11T16:50:08.638,1786459808.638099,16.091752,6,-45.000000,2.800000,150,-45.000000,0x02,single,-2.546333,-643,-0.069597,25,0,No fault,False,,,,,,,,,,
2026-08-11T16:50:08.649,1786459808.649391,16.103084,6,-45.000000,2.800000,151,-45.000000,0x02,single,-2.699332,-238,-0.062271,25,0,No fault,False,,,,,,,,,,
2026-08-11T16:50:08.663,1786459808.663154,16.116811,6,-45.000000,2.800000,152,-45.000000,0x02,single,-3.049043,-502,-0.098901,25,0,No fault,False,,,,,,,,,,
2026-08-11T16:50:08.674,1786459808.674735,16.128393,6,-45.000000,2.800000,153,-45.000000,0x02,single,-3.333183,-608,-0.128205,25,0,No fault,False,,,,,,,,,,
2026-08-11T16:50:08.686,1786459808.686242,16.139952,6,-45.000000,2.800000,154,-45.000000,0x02,single,-3.770322,-115,-0.047619,25,0,No fault,False,,,,,,,,,,
2026-08-11T16:50:08.698,1786459808.698891,16.152545,6,-45.000000,2.800000,155,-45.000000,0x02,single,-4.076319,-256,-0.076923,25,0,No fault,False,,,,,,,,,,
2026-08-11T16:50:08.710,1786459808.710078,16.163727,6,-45.000000,2.800000,156,-45.000000,0x02,single,-4.360459,-326,-0.106227,25,0,No fault,False,,,,,,,,,,
2026-08-11T16:50:08.721,1786459808.721204,16.174859,6,-45.000000,2.800000,157,-45.000000,0x02,single,-4.666456,-467,-0.062271,25,0,No fault,False,,,,,,,,,,
2026-08-11T16:50:08.734,1786459808.734868,16.188529,6,-45.000000,2.800000,158,-45.000000,0x02,single,-5.125452,-555,-0.032967,25,0,No fault,False,,,,,,,,,,
2026-08-11T16:50:08.746,1786459808.746017,16.199662,6,-45.000000,2.800000,159,-45.000000,0x02,single,-5.431449,-626,-0.069597,25,0,No fault,False,,,,,,,,,,
2026-08-11T16:50:08.757,1786459808.757056,16.210703,6,-45.000000,2.800000,160,-45.000000,0x02,single,-5.715590,-132,-0.091575,25,0,No fault,False,,,,,,,,,,
2026-08-11T16:50:08.770,1786459808.770707,16.224362,6,-45.000000,2.800000,161,-45.000000,0x02,single,-6.174585,-450,-0.054945,25,0,No fault,False,,,,,,,,,,
2026-08-11T16:50:08.795,1786459808.795914,16.249608,6,-45.000000,2.800000,162,-45.000000,0x02,single,-6.742866,-309,-0.113553,25,0,No fault,False,,,,,,,,,,
2026-08-11T16:50:08.807,1786459808.807660,16.261322,6,-45.000000,2.800000,163,-45.000000,0x02,single,-7.092577,-538,-0.084249,25,0,No fault,False,,,,,,,,,,
2026-08-11T16:50:08.819,1786459808.819142,16.272818,6,-45.000000,2.800000,164,-45.000000,0x02,single,-7.398574,-167,-0.047619,25,0,No fault,False,,,,,,,,,,
2026-08-11T16:50:08.832,1786459808.832378,16.286028,6,-45.000000,2.800000,165,-45.000000,0x02,single,-7.901283,-256,-0.084249,25,0,No fault,False,,,,,,,,,,
2026-08-11T16:50:08.843,1786459808.843580,16.297239,6,-45.000000,2.800000,166,-45.000000,0x02,single,-8.513278,-467,-0.062271,25,0,No fault,False,,,,,,,,,,
2026-08-11T16:50:08.855,1786459808.855235,16.308915,6,-45.000000,2.800000,167,-45.000000,0x02,single,-8.731847,-679,-0.091575,25,0,No fault,False,,,,,,,,,,
2026-08-11T16:50:08.868,1786459808.868560,16.322224,6,-45.000000,2.800000,168,-45.000000,0x02,single,-9.190843,-555,-0.091575,25,0,No fault,False,,,,,,,,,,
2026-08-11T16:50:08.879,1786459808.879837,16.333479,6,-45.000000,2.800000,169,-45.000000,0x02,single,-9.540554,-379,-0.062271,25,0,No fault,False,,,,,,,,,,
2026-08-11T16:50:08.890,1786459808.890892,16.344535,6,-45.000000,2.800000,170,-45.000000,0x02,single,-9.890265,-326,-0.069597,25,0,No fault,False,,,,,,,,,,
2026-08-11T16:50:08.904,1786459808.904598,16.358242,6,-45.000000,2.800000,171,-45.000000,0x02,single,-10.392974,-185,-0.069597,25,0,No fault,False,,,,,,,,,,
2026-08-11T16:50:08.915,1786459808.915713,16.369365,6,-45.000000,2.800000,172,-45.000000,0x02,single,-10.764542,-450,-0.106227,25,0,No fault,False,,,,,,,,,,
2026-08-11T16:50:08.926,1786459808.926898,16.380538,6,-45.000000,2.800000,173,-45.000000,0x02,single,-11.114253,-555,-0.098901,25,0,No fault,False,,,,,,,,,,
2026-08-11T16:50:08.940,1786459808.940501,16.394148,6,-45.000000,2.800000,174,-45.000000,0x02,single,-11.660677,-732,-0.098901,25,0,No fault,False,,,,,,,,,,
2026-08-11T16:50:08.951,1786459808.951557,16.405214,6,-45.000000,2.800000,175,-45.000000,0x02,single,-12.010388,-591,-0.098901,25,0,No fault,False,,,,,,,,,,
2026-08-11T16:50:08.962,1786459808.962710,16.416350,6,-45.000000,2.800000,176,-45.000000,0x02,single,-12.360099,-379,-0.062271,25,0,No fault,False,,,,,,,,,,
2026-08-11T16:50:08.973,1786459808.973797,16.427443,6,-45.000000,2.800000,177,-45.000000,0x02,single,-12.775381,-485,-0.062271,25,0,No fault,False,,,,,,,,,,
2026-08-11T16:50:08.998,1786459808.998332,16.451987,6,-45.000000,2.800000,178,-45.000000,0x02,single,-13.321804,-643,-0.054945,25,0,No fault,False,,,,,,,,,,
2026-08-11T16:50:09.009,1786459809.009923,16.463577,6,-45.000000,2.800000,179,-45.000000,0x02,single,-13.890085,-555,-0.018315,25,0,No fault,False,,,,,,,,,,
2026-08-11T16:50:09.021,1786459809.021081,16.474724,6,-45.000000,2.800000,180,-45.000000,0x02,single,-14.239796,-573,-0.120879,25,0,No fault,False,,,,,,,,,,
2026-08-11T16:50:09.034,1786459809.034715,16.488374,6,-45.000000,2.800000,181,-45.000000,0x02,single,-14.873647,-379,-0.076923,25,0,No fault,False,,,,,,,,,,
2026-08-11T16:50:09.046,1786459809.046896,16.500569,6,-45.000000,2.800000,182,-45.000000,0x02,single,-15.551212,-379,-0.076923,25,0,No fault,False,,,,,,,,,,
2026-08-11T16:50:09.060,1786459809.060669,16.514321,6,-45.000000,2.800000,183,-45.000000,0x02,single,-15.900923,-485,-0.069597,25,0,No fault,False,,,,,,,,,,
2026-08-11T16:50:09.071,1786459809.071857,16.525499,6,-45.000000,2.800000,184,-45.000000,0x02,single,-16.272491,-591,-0.091575,25,0,No fault,False,,,,,,,,,,
2026-08-11T16:50:09.082,1786459809.082827,16.536465,6,-45.000000,2.800000,185,-45.000000,0x02,single,-16.665916,-397,-0.091575,25,0,No fault,False,,,,,,,,,,
2026-08-11T16:50:09.093,1786459809.093751,16.547397,6,-45.000000,2.800000,186,-45.000000,0x02,single,-17.081198,-679,-0.040293,25,0,No fault,False,,,,,,,,,,
2026-08-11T16:50:09.106,1786459809.106609,16.560368,6,-45.000000,2.800000,187,-45.000000,0x02,single,-17.693192,-573,-0.032967,25,0,No fault,False,,,,,,,,,,
2026-08-11T16:50:09.118,1786459809.118042,16.571692,6,-45.000000,2.800000,188,-45.000000,0x02,single,-18.086617,-538,-0.054945,25,0,No fault,False,,,,,,,,,,
2026-08-11T16:50:09.129,1786459809.129105,16.582748,6,-45.000000,2.800000,189,-45.000000,0x02,single,-18.458185,-309,-0.098901,25,0,No fault,False,,,,,,,,,,
2026-08-11T16:50:09.142,1786459809.142505,16.596154,6,-45.000000,2.800000,190,-45.000000,0x02,single,-19.092036,-573,-0.106227,25,0,No fault,False,,,,,,,,,,
2026-08-11T16:50:09.153,1786459809.153757,16.607406,6,-45.000000,2.800000,191,-45.000000,0x02,single,-19.463604,-608,-0.106227,25,0,No fault,False,,,,,,,,,,
2026-08-11T16:50:09.164,1786459809.164858,16.618507,6,-45.000000,2.800000,192,-45.000000,0x02,single,-20.053741,-591,-0.084249,25,0,No fault,False,,,,,,,,,,
2026-08-11T16:50:09.178,1786459809.178692,16.632351,6,-45.000000,2.800000,193,-45.000000,0x02,single,-20.447166,-926,-0.084249,25,0,No fault,False,,,,,,,,,,
2026-08-11T16:50:09.197,1786459809.197503,16.651176,6,-45.000000,2.800000,194,-45.000000,0x02,single,-20.687593,-820,-0.098901,25,0,No fault,False,,,,,,,,,,
2026-08-11T16:50:09.208,1786459809.208863,16.662552,6,-45.000000,2.800000,195,-45.000000,0x02,single,-21.255873,-467,-0.047619,25,0,No fault,False,,,,,,,,,,
2026-08-11T16:50:09.220,1786459809.220830,16.674499,6,-45.000000,2.800000,196,-45.000000,0x02,single,-21.649298,-732,-0.098901,25,0,No fault,False,,,,,,,,,,
2026-08-11T16:50:09.233,1786459809.233692,16.687378,6,-45.000000,2.800000,197,-45.000000,0x02,single,-22.436148,-361,-0.054945,25,0,No fault,False,,,,,,,,,,
2026-08-11T16:50:09.245,1786459809.245107,16.698770,6,-45.000000,2.800000,198,-45.000000,0x02,single,-22.676574,-696,-0.076923,25,0,No fault,False,,,,,,,,,,
2026-08-11T16:50:09.256,1786459809.256664,16.710361,6,-45.000000,2.800000,199,-45.000000,0x02,single,-23.419710,-467,-0.135531,25,0,No fault,False,,,,,,,,,,
2026-08-11T16:50:09.269,1786459809.269546,16.723215,6,-45.000000,2.800000,200,-45.000000,0x02,single,-23.813135,-749,-0.142857,25,0,No fault,False,,,,,,,,,,
2026-08-11T16:50:09.281,1786459809.281224,16.734886,6,-45.000000,2.800000,201,-45.000000,0x02,single,-24.250274,-273,-0.084249,25,0,No fault,False,,,,,,,,,,
2026-08-11T16:50:09.295,1786459809.295260,16.748918,6,-45.000000,2.800000,202,-45.000000,0x02,single,-24.774840,-291,-0.069597,25,0,No fault,False,,,,,,,,,,
2026-08-11T16:50:09.306,1786459809.306939,16.760597,6,-45.000000,2.800000,203,-45.000000,0x02,single,-25.211979,-450,-0.091575,25,0,No fault,False,,,,,,,,,,
2026-08-11T16:50:09.320,1786459809.320864,16.774528,6,-45.000000,2.800000,204,-45.000000,0x02,single,-25.802116,-661,-0.120879,25,0,No fault,False,,,,,,,,,,
2026-08-11T16:50:09.332,1786459809.332320,16.785983,6,-45.000000,2.800000,205,-45.000000,0x02,single,-26.195541,-185,-0.047619,25,0,No fault,False,,,,,,,,,,
2026-08-11T16:50:09.343,1786459809.343501,16.797155,6,-45.000000,2.800000,206,-45.000000,0x02,single,-26.588966,-414,-0.076923,25,0,No fault,False,,,,,,,,,,
2026-08-11T16:50:09.356,1786459809.356719,16.810384,6,-45.000000,2.800000,207,-45.000000,0x02,single,-27.179103,-643,-0.076923,25,0,No fault,False,,,,,,,,,,
2026-08-11T16:50:09.368,1786459809.368051,16.821737,6,-45.000000,2.800000,208,-45.000000,0x02,single,-27.572528,-450,-0.032967,25,0,No fault,False,,,,,,,,,,
2026-08-11T16:50:09.379,1786459809.379426,16.833084,6,-45.000000,2.800000,209,-45.000000,0x02,single,-27.944096,-679,-0.106227,25,0,No fault,False,,,,,,,,,,
2026-08-11T16:50:09.401,1786459809.401696,16.855366,6,-45.000000,2.800000,210,-45.000000,0x02,single,-28.512377,-873,-0.076923,25,0,No fault,False,,,,,,,,,,
2026-08-11T16:50:09.413,1786459809.413257,16.866916,6,-45.000000,2.800000,211,-45.000000,0x02,single,-28.905802,-573,-0.062271,25,0,No fault,False,,,,,,,,,,
2026-08-11T16:50:09.424,1786459809.424878,16.878527,6,-45.000000,2.800000,212,-45.000000,0x02,single,-29.255513,-573,-0.113553,25,0,No fault,False,,,,,,,,,,
2026-08-11T16:50:09.438,1786459809.438005,16.891651,6,-45.000000,2.800000,213,-45.000000,0x02,single,-29.845650,-520,-0.062271,25,0,No fault,False,,,,,,,,,,
2026-08-11T16:50:09.448,1786459809.448981,16.902618,6,-45.000000,2.800000,214,-45.000000,0x02,single,-30.217218,-520,-0.098901,25,0,No fault,False,,,,,,,,,,
2026-08-11T16:50:09.459,1786459809.459970,16.913618,6,-45.000000,2.800000,215,-45.000000,0x02,single,-30.982211,-326,-0.069597,25,0,No fault,False,,,,,,,,,,
2026-08-11T16:50:09.473,1786459809.473766,16.927434,6,-45.000000,2.800000,216,-45.000000,0x02,single,-31.375636,-520,-0.120879,25,0,No fault,False,,,,,,,,,,
2026-08-11T16:50:09.485,1786459809.485093,16.938746,6,-45.000000,2.800000,217,-45.000000,0x02,single,-31.790918,-520,-0.040293,25,0,No fault,False,,,,,,,,,,
2026-08-11T16:50:09.496,1786459809.496462,16.950126,6,-45.000000,2.800000,218,-45.000000,0x02,single,-32.140629,-414,-0.076923,25,0,No fault,False,,,,,,,,,,
2026-08-11T16:50:09.509,1786459809.509696,16.963351,6,-45.000000,2.800000,219,-45.000000,0x02,single,-32.599624,-256,-0.098901,25,0,No fault,False,,,,,,,,,,
2026-08-11T16:50:09.520,1786459809.520815,16.974452,6,-45.000000,2.800000,220,-45.000000,0x02,single,-33.014906,-502,-0.084249,25,0,No fault,False,,,,,,,,,,
2026-08-11T16:50:09.531,1786459809.531726,16.985361,6,-45.000000,2.800000,221,-45.000000,0x02,single,-33.364617,-326,-0.120879,25,0,No fault,False,,,,,,,,,,
2026-08-11T16:50:09.542,1786459809.542621,16.996258,6,-45.000000,2.800000,222,-45.000000,0x02,single,-33.670614,-502,-0.025641,25,0,No fault,False,,,,,,,,,,
2026-08-11T16:50:09.578,1786459809.578592,17.032235,7,45.000000,2.800000,1,0.000000,0x02,single,-34.566749,-661,-0.069597,25,0,No fault,False,,,,,,,,,,
2026-08-11T16:50:09.589,1786459809.589512,17.043160,7,45.000000,2.800000,2,0.005281,0x02,single,-34.719747,-890,-0.040293,25,0,No fault,False,,,,,,,,,,
2026-08-11T16:50:09.610,1786459809.610059,17.063716,7,45.000000,2.800000,3,0.018663,0x02,single,-35.397312,-608,-0.032967,25,0,No fault,False,,,,,,,,,,
2026-08-11T16:50:09.621,1786459809.621558,17.075227,7,45.000000,2.800000,4,0.066165,0x02,single,-35.703310,-432,-0.098901,25,0,No fault,False,,,,,,,,,,
2026-08-11T16:50:09.632,1786459809.632857,17.086532,7,45.000000,2.800000,5,0.105429,0x02,single,-36.053021,-485,-0.084249,25,0,No fault,False,,,,,,,,,,
2026-08-11T16:50:09.646,1786459809.646111,17.099789,7,45.000000,2.800000,6,0.153567,0x02,single,-36.468302,-538,-0.076923,25,0,No fault,False,,,,,,,,,,
2026-08-11T16:50:09.657,1786459809.657344,17.111003,7,45.000000,2.800000,7,0.219246,0x02,single,-36.752443,-256,-0.098901,25,0,No fault,False,,,,,,,,,,
2026-08-11T16:50:09.668,1786459809.668663,17.122314,7,45.000000,2.800000,8,0.284800,0x02,single,-37.364437,-344,-0.062271,25,0,No fault,False,,,,,,,,,,
2026-08-11T16:50:09.681,1786459809.681896,17.135547,7,45.000000,2.800000,9,0.360814,0x02,single,-37.604863,-361,-0.098901,25,0,No fault,False,,,,,,,,,,
2026-08-11T16:50:09.693,1786459809.693061,17.146711,7,45.000000,2.800000,10,0.457687,0x02,single,-37.889004,-220,-0.069597,25,0,No fault,False,,,,,,,,,,
2026-08-11T16:50:09.704,1786459809.704390,17.158049,7,45.000000,2.800000,11,0.549895,0x02,single,-38.173144,-450,-0.069597,25,0,No fault,False,,,,,,,,,,
2026-08-11T16:50:09.718,1786459809.718220,17.171876,7,45.000000,2.800000,12,0.652198,0x02,single,-38.588426,-873,-0.084249,25,0,No fault,False,,,,,,,,,,
2026-08-11T16:50:09.729,1786459809.729369,17.183019,7,45.000000,2.800000,13,0.788283,0x02,single,-38.872566,-485,-0.054945,25,0,No fault,False,,,,,,,,,,
2026-08-11T16:50:09.740,1786459809.740683,17.194332,7,45.000000,2.800000,14,0.907424,0x02,single,-39.156706,-467,-0.084249,25,0,No fault,False,,,,,,,,,,
2026-08-11T16:50:09.751,1786459809.751956,17.205624,7,45.000000,2.800000,15,1.036196,0x02,single,-39.440846,-79,-0.062271,25,0,No fault,False,,,,,,,,,,
2026-08-11T16:50:09.764,1786459809.764797,17.218474,7,45.000000,2.800000,16,1.173772,0x02,single,-39.790557,-573,-0.069597,25,0,No fault,False,,,,,,,,,,
2026-08-11T16:50:09.776,1786459809.776116,17.229763,7,45.000000,2.800000,17,1.340218,0x02,single,-40.030984,-397,-0.091575,25,0,No fault,False,,,,,,,,,,
2026-08-11T16:50:09.787,1786459809.787427,17.241078,7,45.000000,2.800000,18,1.494068,0x02,single,-40.315124,-167,-0.062271,25,0,No fault,False,,,,,,,,,,
2026-08-11T16:50:09.800,1786459809.800599,17.254265,7,45.000000,2.800000,19,1.658134,0x02,single,-40.533693,-167,-0.062271,25,0,No fault,False,,,,,,,,,,
2026-08-11T16:50:09.818,1786459809.818547,17.272209,7,45.000000,2.800000,20,1.858158,0x02,single,-40.839690,-485,-0.076923,25,0,No fault,False,,,,,,,,,,
2026-08-11T16:50:09.831,1786459809.831759,17.285443,7,45.000000,2.800000,21,2.149992,0x02,single,-41.123830,-573,-0.062271,25,0,No fault,False,,,,,,,,,,
2026-08-11T16:50:09.843,1786459809.843170,17.296828,7,45.000000,2.800000,22,2.376511,0x02,single,-41.320543,-344,-0.076923,25,0,No fault,False,,,,,,,,,,
2026-08-11T16:50:09.854,1786459809.854405,17.308067,7,45.000000,2.800000,23,2.580011,0x02,single,-41.539112,-432,-0.106227,25,0,No fault,False,,,,,,,,,,
2026-08-11T16:50:09.868,1786459809.868492,17.322162,7,45.000000,2.800000,24,2.788832,0x02,single,-41.998108,-309,-0.047619,25,0,No fault,False,,,,,,,,,,
2026-08-11T16:50:09.881,1786459809.881164,17.334872,7,45.000000,2.800000,25,3.063348,0x02,single,-42.129250,-256,-0.062271,25,0,No fault,False,,,,,,,,,,
2026-08-11T16:50:09.896,1786459809.896020,17.349720,7,45.000000,2.800000,26,3.327622,0x02,single,-42.347819,-44,-0.062271,25,0,No fault,False,,,,,,,,,,
2026-08-11T16:50:09.908,1786459809.908158,17.361852,7,45.000000,2.800000,27,3.633399,0x02,single,-42.544531,-273,-0.069597,25,0,No fault,False,,,,,,,,,,
2026-08-11T16:50:09.922,1786459809.922734,17.376423,7,45.000000,2.800000,28,3.898665,0x02,single,-42.763101,-26,-0.047619,25,0,No fault,False,,,,,,,,,,
2026-08-11T16:50:09.934,1786459809.934535,17.388209,7,45.000000,2.800000,29,4.223954,0x02,single,-42.916099,-414,-0.062271,25,0,No fault,False,,,,,,,,,,
2026-08-11T16:50:09.948,1786459809.948645,17.402295,7,45.000000,2.800000,30,4.496670,0x02,single,-43.134669,-291,-0.069597,25,0,No fault,False,,,,,,,,,,
2026-08-11T16:50:09.959,1786459809.959874,17.413527,7,45.000000,2.800000,31,4.831345,0x02,single,-43.265810,-185,-0.076923,25,0,No fault,False,,,,,,,,,,
2026-08-11T16:50:09.971,1786459809.971123,17.424774,7,45.000000,2.800000,32,5.108197,0x02,single,-43.396952,-238,-0.062271,25,0,No fault,False,,,,,,,,,,
2026-08-11T16:50:09.984,1786459809.984854,17.438504,7,45.000000,2.800000,33,5.390649,0x02,single,-43.571808,-238,-0.047619,25,0,No fault,False,,,,,,,,,,
2026-08-11T16:50:09.996,1786459809.996080,17.449735,7,45.000000,2.800000,34,5.745469,0x02,single,-43.702949,-379,-0.032967,25,0,No fault,False,,,,,,,,,,
2026-08-11T16:50:10.007,1786459810.007181,17.460833,7,45.000000,2.800000,35,6.043046,0x02,single,-43.790377,26,-0.047619,25,0,No fault,False,,,,,,,,,,
2026-08-11T16:50:10.028,1786459810.028460,17.482147,7,45.000000,2.800000,36,6.347071,0x02,single,-43.921519,-97,-0.084249,25,0,No fault,False,,,,,,,,,,
2026-08-11T16:50:10.041,1786459810.041689,17.495353,7,45.000000,2.800000,37,6.940772,0x02,single,-44.030803,-44,-0.069597,25,0,No fault,False,,,,,,,,,,
2026-08-11T16:50:10.052,1786459810.052931,17.506586,7,45.000000,2.800000,38,7.316567,0x02,single,-44.074517,-97,-0.076923,25,0,No fault,False,,,,,,,,,,
2026-08-11T16:50:10.064,1786459810.064008,17.517655,7,45.000000,2.800000,39,7.643555,0x02,single,-44.140088,-62,-0.076923,25,0,No fault,False,,,,,,,,,,
2026-08-11T16:50:10.077,1786459810.077581,17.531229,7,45.000000,2.800000,40,7.972395,0x02,single,-44.271230,-203,-0.076923,25,0,No fault,False,,,,,,,,,,
2026-08-11T16:50:10.088,1786459810.088684,17.542342,7,45.000000,2.800000,41,8.384047,0x02,single,-44.293087,-44,-0.076923,25,0,No fault,False,,,,,,,,,,
2026-08-11T16:50:10.099,1786459810.099860,17.553510,7,45.000000,2.800000,42,8.727012,0x02,single,-44.336800,-79,-0.069597,25,0,No fault,False,,,,,,,,,,
2026-08-11T16:50:10.113,1786459810.113548,17.567205,7,45.000000,2.800000,43,9.075895,0x02,single,-44.380514,150,-0.062271,25,0,No fault,False,,,,,,,,,,
2026-08-11T16:50:10.124,1786459810.124837,17.578495,7,45.000000,2.800000,44,9.511376,0x02,single,-44.424228,-220,-0.047619,25,0,No fault,False,,,,,,,,,,
2026-08-11T16:50:10.136,1786459810.136004,17.589668,7,45.000000,2.800000,45,9.876167,0x02,single,-44.467942,-115,-0.076923,25,0,No fault,False,,,,,,,,,,
2026-08-11T16:50:10.149,1786459810.149949,17.603618,7,45.000000,2.800000,46,10.242265,0x02,single,-44.511656,-220,-0.076923,25,0,No fault,False,,,,,,,,,,
2026-08-11T16:50:10.161,1786459810.161123,17.614755,7,45.000000,2.800000,47,10.705120,0x02,single,-44.533513,9,-0.069597,25,0,No fault,False,,,,,,,,,,
2026-08-11T16:50:10.171,1786459810.171918,17.625566,7,45.000000,2.800000,48,11.076854,0x02,single,-44.533513,62,-0.054945,25,0,No fault,False,,,,,,,,,,
2026-08-11T16:50:10.185,1786459810.185590,17.639250,7,45.000000,2.800000,49,11.446163,0x02,single,-44.577227,-115,-0.069597,25,0,No fault,False,,,,,,,,,,
2026-08-11T16:50:10.196,1786459810.196808,17.650465,7,45.000000,2.800000,50,11.920635,0x02,single,-44.599084,-326,-0.091575,25,0,No fault,False,,,,,,,,,,
2026-08-11T16:50:10.208,1786459810.208372,17.662028,7,45.000000,2.800000,51,12.318122,0x02,single,-44.599084,26,-0.091575,25,0,No fault,False,,,,,,,,,,
2026-08-11T16:50:10.230,1786459810.230799,17.684457,7,45.000000,2.800000,52,12.723086,0x02,single,-44.620941,62,-0.062271,25,0,No fault,False,,,,,,,,,,
2026-08-11T16:50:10.242,1786459810.242180,17.695835,7,45.000000,2.800000,53,13.516287,0x02,single,-44.642798,-344,-0.062271,25,0,No fault,False,,,,,,,,,,
2026-08-11T16:50:10.253,1786459810.253421,17.707090,7,45.000000,2.800000,54,13.928923,0x02,single,-44.642798,-203,-0.062271,25,0,No fault,False,,,,,,,,,,
2026-08-11T16:50:10.267,1786459810.267173,17.720827,7,45.000000,2.800000,55,14.337864,0x02,single,-44.664655,-26,-0.062271,25,0,No fault,False,,,,,,,,,,
2026-08-11T16:50:10.278,1786459810.278273,17.731930,7,45.000000,2.800000,56,14.843254,0x02,single,-44.664655,62,-0.054945,25,0,No fault,False,,,,,,,,,,
2026-08-11T16:50:10.289,1786459810.289396,17.743038,7,45.000000,2.800000,57,15.254624,0x02,single,-44.664655,79,-0.069597,25,0,No fault,False,,,,,,,,,,
2026-08-11T16:50:10.303,1786459810.303090,17.756746,7,45.000000,2.800000,58,15.668770,0x02,single,-44.686511,-79,-0.084249,25,0,No fault,False,,,,,,,,,,
2026-08-11T16:50:10.314,1786459810.314209,17.767864,7,45.000000,2.800000,59,16.183534,0x02,single,-44.686511,-26,-0.069597,25,0,No fault,False,,,,,,,,,,
2026-08-11T16:50:10.325,1786459810.325481,17.779136,7,45.000000,2.800000,60,16.603878,0x02,single,-44.686511,-97,-0.069597,25,0,No fault,False,,,,,,,,,,
2026-08-11T16:50:10.339,1786459810.339549,17.793216,7,45.000000,2.800000,61,17.033073,0x02,single,-44.686511,9,-0.062271,25,0,No fault,False,,,,,,,,,,
2026-08-11T16:50:10.350,1786459810.350798,17.804438,7,45.000000,2.800000,62,17.571094,0x02,single,-44.686511,97,-0.069597,25,0,No fault,False,,,,,,,,,,
2026-08-11T16:50:10.362,1786459810.362025,17.815678,7,45.000000,2.800000,63,18.005103,0x02,single,-44.708368,-344,-0.062271,25,0,No fault,False,,,,,,,,,,
2026-08-11T16:50:10.375,1786459810.375702,17.829365,7,45.000000,2.800000,64,18.434801,0x02,single,-44.708368,44,-0.076923,25,0,No fault,False,,,,,,,,,,
2026-08-11T16:50:10.386,1786459810.386926,17.840574,7,45.000000,2.800000,65,18.964870,0x02,single,-44.730225,-326,-0.062271,25,0,No fault,False,,,,,,,,,,
2026-08-11T16:50:10.398,1786459810.398218,17.851889,7,45.000000,2.800000,66,19.399400,0x02,single,-44.708368,-150,-0.076923,25,0,No fault,False,,,,,,,,,,
2026-08-11T16:50:10.411,1786459810.411590,17.865247,7,45.000000,2.800000,67,19.861200,0x02,single,-44.708368,-44,-0.084249,25,0,No fault,False,,,,,,,,,,
2026-08-11T16:50:10.430,1786459810.430334,17.883999,7,45.000000,2.800000,68,20.363440,0x02,single,-44.708368,-132,-0.084249,25,0,No fault,False,,,,,,,,,,
2026-08-11T16:50:10.442,1786459810.442205,17.895874,7,45.000000,2.800000,69,21.096777,0x02,single,-44.708368,9,-0.062271,25,0,No fault,False,,,,,,,,,,
2026-08-11T16:50:10.456,1786459810.456037,17.909700,7,45.000000,2.800000,70,21.563781,0x02,single,-44.730225,-361,-0.069597,25,0,No fault,False,,,,,,,,,,
2026-08-11T16:50:10.467,1786459810.467287,17.920936,7,45.000000,2.800000,71,22.105533,0x02,single,-44.708368,115,-0.069597,25,0,No fault,False,,,,,,,,,,
2026-08-11T16:50:10.478,1786459810.478470,17.932124,7,45.000000,2.800000,72,22.545293,0x02,single,-44.730225,-9,-0.069597,25,0,No fault,False,,,,,,,,,,
2026-08-11T16:50:10.492,1786459810.492110,17.945770,7,45.000000,2.800000,73,22.985050,0x02,single,-44.730225,79,-0.069597,25,0,No fault,False,,,,,,,,,,
2026-08-11T16:50:10.503,1786459810.503320,17.956959,7,45.000000,2.800000,74,23.521618,0x02,single,-44.730225,62,-0.084249,25,0,No fault,False,,,,,,,,,,
2026-08-11T16:50:10.514,1786459810.514507,17.968169,7,45.000000,2.800000,75,23.957982,0x02,single,-44.730225,-9,-0.047619,25,0,No fault,False,,,,,,,,,,
2026-08-11T16:50:10.528,1786459810.528193,17.981858,7,45.000000,2.800000,76,24.399357,0x02,single,-44.730225,203,-0.084249,25,0,No fault,False,,,,,,,,,,
2026-08-11T16:50:10.539,1786459810.539445,17.993104,7,45.000000,2.800000,77,24.933857,0x02,single,-44.752082,-167,-0.054945,25,0,No fault,False,,,,,,,,,,
2026-08-11T16:50:10.550,1786459810.550768,18.004427,7,45.000000,2.800000,78,25.372986,0x02,single,-44.730225,115,-0.062271,25,0,No fault,False,,,,,,,,,,
2026-08-11T16:50:10.564,1786459810.564040,18.017700,7,45.000000,2.800000,79,25.818810,0x02,single,-44.730225,220,-0.069597,25,0,No fault,False,,,,,,,,,,
2026-08-11T16:50:10.575,1786459810.575289,18.028946,7,45.000000,2.800000,80,26.327055,0x02,single,-44.730225,-26,-0.084249,25,0,No fault,False,,,,,,,,,,
2026-08-11T16:50:10.586,1786459810.586383,18.040029,7,45.000000,2.800000,81,26.760715,0x02,single,-44.730225,9,-0.084249,25,0,No fault,False,,,,,,,,,,
2026-08-11T16:50:10.600,1786459810.600084,18.053740,7,45.000000,2.800000,82,27.186951,0x02,single,-44.730225,115,-0.062271,25,0,No fault,False,,,,,,,,,,
2026-08-11T16:50:10.611,1786459810.611223,18.064874,7,45.000000,2.800000,83,27.712179,0x02,single,-44.752082,-115,-0.054945,25,0,No fault,False,,,,,,,,,,
2026-08-11T16:50:10.638,1786459810.638803,18.092529,7,45.000000,2.800000,84,28.136605,0x02,single,-44.752082,-26,-0.047619,25,0,No fault,False,,,,,,,,,,
2026-08-11T16:50:10.651,1786459810.651710,18.105384,7,45.000000,2.800000,85,29.191667,0x02,single,-44.730225,115,-0.047619,25,0,No fault,False,,,,,,,,,,
2026-08-11T16:50:10.663,1786459810.663173,18.116833,7,45.000000,2.800000,86,29.665015,0x02,single,-44.752082,-115,-0.047619,25,0,No fault,False,,,,,,,,,,
2026-08-11T16:50:10.675,1786459810.675468,18.129109,7,45.000000,2.800000,87,30.087919,0x02,single,-44.752082,-97,-0.054945,25,0,No fault,False,,,,,,,,,,
2026-08-11T16:50:10.688,1786459810.688301,18.141961,7,45.000000,2.800000,88,30.542384,0x02,single,-44.752082,-115,-0.062271,25,0,No fault,False,,,,,,,,,,
2026-08-11T16:50:10.699,1786459810.699616,18.153279,7,45.000000,2.800000,89,31.011857,0x02,single,-44.752082,-344,-0.091575,25,0,No fault,False,,,,,,,,,,
2026-08-11T16:50:10.710,1786459810.710958,18.164611,7,45.000000,2.800000,90,31.418768,0x02,single,-44.752082,9,-0.047619,25,0,No fault,False,,,,,,,,,,
2026-08-11T16:50:10.724,1786459810.724165,18.177826,7,45.000000,2.800000,91,31.839617,0x02,single,-44.752082,238,-0.047619,25,0,No fault,False,,,,,,,,,,
2026-08-11T16:50:10.735,1786459810.735602,18.189258,7,45.000000,2.800000,92,32.295297,0x02,single,-44.752082,-115,-0.062271,25,0,No fault,False,,,,,,,,,,
2026-08-11T16:50:10.746,1786459810.746842,18.200497,7,45.000000,2.800000,93,32.696823,0x02,single,-44.752082,115,-0.062271,25,0,No fault,False,,,,,,,,,,
2026-08-11T16:50:10.759,1786459810.759982,18.213631,7,45.000000,2.800000,94,33.100046,0x02,single,-44.752082,44,-0.069597,25,0,No fault,False,,,,,,,,,,
2026-08-11T16:50:10.771,1786459810.771030,18.224667,7,45.000000,2.800000,95,33.538866,0x02,single,-44.752082,-115,-0.084249,25,0,No fault,False,,,,,,,,,,
2026-08-11T16:50:10.781,1786459810.781950,18.235597,7,45.000000,2.800000,96,33.914308,0x02,single,-44.752082,-203,-0.091575,25,0,No fault,False,,,,,,,,,,
2026-08-11T16:50:10.793,1786459810.793006,18.246657,7,45.000000,2.800000,97,34.282188,0x02,single,-44.752082,-150,-0.076923,25,0,No fault,False,,,,,,,,,,
2026-08-11T16:50:10.806,1786459810.806105,18.259752,7,45.000000,2.800000,98,34.654675,0x02,single,-44.752082,-256,-0.062271,25,0,No fault,False,,,,,,,,,,
2026-08-11T16:50:10.817,1786459810.817205,18.270859,7,45.000000,2.800000,99,35.080108,0x02,single,-44.752082,79,-0.062271,25,0,No fault,False,,,,,,,,,,
2026-08-11T16:50:10.838,1786459810.838207,18.291875,7,45.000000,2.800000,100,35.441382,0x02,single,-44.752082,-115,-0.091575,25,0,No fault,False,,,,,,,,,,
2026-08-11T16:50:10.849,1786459810.849689,18.303328,7,45.000000,2.800000,101,36.109899,0x02,single,-44.752082,132,-0.062271,25,0,No fault,False,,,,,,,,,,
2026-08-11T16:50:10.860,1786459810.860809,18.314460,7,45.000000,2.800000,102,36.460484,0x02,single,-44.752082,-62,-0.076923,25,0,No fault,False,,,,,,,,,,
2026-08-11T16:50:10.871,1786459810.871927,18.325584,7,45.000000,2.800000,103,36.801901,0x02,single,-44.752082,79,-0.054945,25,0,No fault,False,,,,,,,,,,
2026-08-11T16:50:10.884,1786459810.884667,18.338312,7,45.000000,2.800000,104,37.137970,0x02,single,-44.752082,9,-0.076923,25,0,No fault,False,,,,,,,,,,
2026-08-11T16:50:10.895,1786459810.895759,18.349403,7,45.000000,2.800000,105,37.511420,0x02,single,-44.752082,9,-0.069597,25,0,No fault,False,,,,,,,,,,
2026-08-11T16:50:10.906,1786459810.906874,18.360538,7,45.000000,2.800000,106,37.833833,0x02,single,-44.752082,-79,-0.062271,25,0,No fault,False,,,,,,,,,,
2026-08-11T16:50:10.920,1786459810.920533,18.374175,7,45.000000,2.800000,107,38.151374,0x02,single,-44.752082,9,-0.047619,25,0,No fault,False,,,,,,,,,,
2026-08-11T16:50:10.931,1786459810.931629,18.385277,7,45.000000,2.800000,108,38.530502,0x02,single,-44.773939,-26,-0.069597,25,0,No fault,False,,,,,,,,,,
2026-08-11T16:50:10.942,1786459810.942718,18.396365,7,45.000000,2.800000,109,38.833840,0x02,single,-44.752082,-9,-0.054945,25,0,No fault,False,,,,,,,,,,
2026-08-11T16:50:10.956,1786459810.956309,18.409957,7,45.000000,2.800000,110,39.130215,0x02,single,-44.773939,9,-0.040293,25,0,No fault,False,,,,,,,,,,
2026-08-11T16:50:10.967,1786459810.967420,18.421072,7,45.000000,2.800000,111,39.485052,0x02,single,-44.752082,26,-0.054945,25,0,No fault,False,,,,,,,,,,
2026-08-11T16:50:10.978,1786459810.978524,18.432171,7,45.000000,2.800000,112,39.768505,0x02,single,-44.752082,9,-0.054945,25,0,No fault,False,,,,,,,,,,
2026-08-11T16:50:10.989,1786459810.989493,18.443128,7,45.000000,2.800000,113,40.043706,0x02,single,-44.752082,185,-0.062271,25,0,No fault,False,,,,,,,,,,
2026-08-11T16:50:11.002,1786459811.002258,18.455897,7,45.000000,2.800000,114,40.312545,0x02,single,-44.773939,-44,-0.069597,25,0,No fault,False,,,,,,,,,,
2026-08-11T16:50:11.013,1786459811.013108,18.466748,7,45.000000,2.800000,115,40.611156,0x02,single,-44.773939,9,-0.069597,25,0,No fault,False,,,,,,,,,,
2026-08-11T16:50:11.024,1786459811.024236,18.477887,7,45.000000,2.800000,116,40.864566,0x02,single,-44.773939,-203,-0.054945,25,0,No fault,False,,,,,,,,,,
2026-08-11T16:50:11.046,1786459811.046617,18.500319,7,45.000000,2.800000,117,41.111475,0x02,single,-44.773939,97,-0.047619,25,0,No fault,False,,,,,,,,,,
2026-08-11T16:50:11.059,1786459811.059925,18.513598,7,45.000000,2.800000,118,41.595651,0x02,single,-44.773939,97,-0.047619,25,0,No fault,False,,,,,,,,,,
2026-08-11T16:50:11.071,1786459811.071716,18.525361,7,45.000000,2.800000,119,41.863417,0x02,single,-42.019965,4980,0.150183,25,0,No fault,False,,,,,,,,,,
2026-08-11T16:50:11.082,1786459811.082838,18.536483,7,45.000000,2.800000,120,42.093872,0x02,single,-35.135029,4857,0.018315,25,0,No fault,False,,,,,,,,,,
2026-08-11T16:50:11.095,1786459811.095636,18.549276,7,45.000000,2.800000,121,42.304886,0x02,single,-30.960354,4628,0.120879,25,0,No fault,False,,,,,,,,,,
2026-08-11T16:50:11.106,1786459811.106663,18.560306,7,45.000000,2.800000,122,42.537890,0x02,single,-28.053381,3394,0.047619,25,0,No fault,False,,,,,,,,,,
2026-08-11T16:50:11.117,1786459811.117595,18.571240,7,45.000000,2.800000,123,42.731173,0x02,single,-25.343121,2988,0.018315,26,0,No fault,False,,,,,,,,,,
2026-08-11T16:50:11.128,1786459811.128522,18.582177,7,45.000000,2.800000,124,42.915401,0x02,single,-22.960714,2847,0.010989,25,0,No fault,False,,,,,,,,,,
2026-08-11T16:50:11.141,1786459811.141641,18.595285,7,45.000000,2.800000,125,43.094136,0x02,single,-19.769601,2477,0.010989,25,0,No fault,False,,,,,,,,,,
2026-08-11T16:50:11.152,1786459811.152618,18.606263,7,45.000000,2.800000,126,43.294312,0x02,single,-17.868048,2671,0.025641,25,0,No fault,False,,,,,,,,,,
2026-08-11T16:50:11.163,1786459811.163635,18.617283,7,45.000000,2.800000,127,43.455237,0x02,single,-16.185063,2089,0.054945,25,0,No fault,False,,,,,,,,,,
2026-08-11T16:50:11.174,1786459811.174939,18.628589,7,45.000000,2.800000,128,43.609164,0x02,single,-14.502079,1737,0.032967,25,0,No fault,False,,,,,,,,,,
2026-08-11T16:50:11.187,1786459811.187684,18.641321,7,45.000000,2.800000,129,43.760537,0x02,single,-12.556811,1772,0.047619,25,0,No fault,False,,,,,,,,,,
2026-08-11T16:50:11.198,1786459811.198649,18.652300,7,45.000000,2.800000,130,43.916693,0x02,single,-11.310966,1419,0.032967,25,0,No fault,False,,,,,,,,,,
2026-08-11T16:50:11.209,1786459811.209821,18.663463,7,45.000000,2.800000,131,44.046361,0x02,single,-10.086977,1437,0.018315,25,0,No fault,False,,,,,,,,,,
2026-08-11T16:50:11.220,1786459811.220935,18.674577,7,45.000000,2.800000,132,44.168070,0x02,single,-8.972273,1419,0.047619,25,0,No fault,False,,,,,,,,,,
2026-08-11T16:50:11.233,1786459811.233795,18.687440,7,45.000000,2.800000,133,44.282739,0x02,single,-7.988711,1190,0.025641,25,0,No fault,False,,,,,,,,,,
2026-08-11T16:50:11.251,1786459811.251721,18.705387,7,45.000000,2.800000,134,44.402631,0x02,single,-6.961435,1067,0.032967,25,0,No fault,False,,,,,,,,,,
2026-08-11T16:50:11.264,1786459811.264907,18.718564,7,45.000000,2.800000,135,44.554166,0x02,single,-5.846731,996,0.047619,25,0,No fault,False,,,,,,,,,,
2026-08-11T16:50:11.275,1786459811.275981,18.729629,7,45.000000,2.800000,136,44.649994,0x02,single,-5.212880,714,0.076923,25,0,No fault,False,,,,,,,,,,
2026-08-11T16:50:11.287,1786459811.287063,18.740704,7,45.000000,2.800000,137,44.722019,0x02,single,-4.054462,785,0.025641,25,0,No fault,False,,,,,,,,,,
2026-08-11T16:50:11.298,1786459811.298171,18.751824,7,45.000000,2.800000,138,44.785807,0x02,single,-3.704751,432,0.084249,25,0,No fault,False,,,,,,,,,,
2026-08-11T16:50:11.310,1786459811.310941,18.764595,7,45.000000,2.800000,139,44.842282,0x02,single,-3.070900,626,0.069597,25,0,No fault,False,,,,,,,,,,
2026-08-11T16:50:11.321,1786459811.321914,18.775565,7,45.000000,2.800000,140,44.895645,0x02,single,-2.568190,591,0.054945,25,0,No fault,False,,,,,,,,,,
2026-08-11T16:50:11.332,1786459811.332941,18.786581,7,45.000000,2.800000,141,44.932964,0x02,single,-2.087338,767,0.076923,25,0,No fault,False,,,,,,,,,,
2026-08-11T16:50:11.343,1786459811.343839,18.797509,7,45.000000,2.800000,142,44.962120,0x02,single,-1.737627,238,0.040293,25,0,No fault,False,,,,,,,,,,
2026-08-11T16:50:11.357,1786459811.357016,18.810664,7,45.000000,2.800000,143,44.983152,0x02,single,-1.103775,573,0.062271,25,0,No fault,False,,,,,,,,,,
2026-08-11T16:50:11.368,1786459811.368300,18.821963,7,45.000000,2.800000,144,44.997165,0x02,single,-0.754064,626,0.040293,25,0,No fault,False,,,,,,,,,,
2026-08-11T16:50:11.379,1786459811.379592,18.833249,7,45.000000,2.800000,145,45.000000,0x02,single,-0.448067,238,0.091575,25,0,No fault,False,,,,,,,,,,
2026-08-11T16:50:11.392,1786459811.392741,18.846404,7,45.000000,2.800000,146,45.000000,0x02,single,0.076499,309,0.018315,25,0,No fault,False,,,,,,,,,,
2026-08-11T16:50:11.403,1786459811.403730,18.857371,7,45.000000,2.800000,147,45.000000,0x02,single,0.360639,291,0.091575,25,0,No fault,False,,,,,,,,,,
2026-08-11T16:50:11.414,1786459811.414576,18.868210,7,45.000000,2.800000,148,45.000000,0x02,single,0.666637,309,0.084249,25,0,No fault,False,,,,,,,,,,
2026-08-11T16:50:11.425,1786459811.425492,18.879141,7,45.000000,2.800000,149,45.000000,0x02,single,0.994491,326,0.040293,25,0,No fault,False,,,,,,,,,,
2026-08-11T16:50:11.438,1786459811.438615,18.892271,7,45.000000,2.800000,150,45.000000,0x02,single,1.431629,485,0.054945,25,0,No fault,False,,,,,,,,,,
2026-08-11T16:50:11.457,1786459811.457244,18.910890,7,45.000000,2.800000,151,45.000000,0x02,single,1.868768,344,0.062271,25,0,No fault,False,,,,,,,,,,
2026-08-11T16:50:11.470,1786459811.470362,18.924023,7,45.000000,2.800000,152,45.000000,0x02,single,2.327764,520,0.076923,25,0,No fault,False,,,,,,,,,,
2026-08-11T16:50:11.481,1786459811.481594,18.935250,7,45.000000,2.800000,153,45.000000,0x02,single,2.633761,749,0.098901,25,0,No fault,False,,,,,,,,,,
2026-08-11T16:50:11.492,1786459811.492794,18.946444,7,45.000000,2.800000,154,45.000000,0x02,single,3.070900,326,0.069597,25,0,No fault,False,,,,,,,,,,
2026-08-11T16:50:11.506,1786459811.506395,18.960043,7,45.000000,2.800000,155,45.000000,0x02,single,3.442468,203,0.069597,25,0,No fault,False,,,,,,,,,,
2026-08-11T16:50:11.517,1786459811.517367,18.971011,7,45.000000,2.800000,156,45.000000,0x02,single,3.617323,291,0.120879,25,0,No fault,False,,,,,,,,,,
2026-08-11T16:50:11.528,1786459811.528411,18.982051,7,45.000000,2.800000,157,45.000000,0x02,single,3.901464,397,0.113553,25,0,No fault,False,,,,,,,,,,
2026-08-11T16:50:11.539,1786459811.539561,18.993204,7,45.000000,2.800000,158,45.000000,0x02,single,4.185604,150,0.054945,25,0,No fault,False,,,,,,,,,,
2026-08-11T16:50:11.552,1786459811.552429,19.006081,7,45.000000,2.800000,159,45.000000,0x02,single,4.622743,220,0.091575,25,0,No fault,False,,,,,,,,,,
2026-08-11T16:50:11.563,1786459811.563542,19.017191,7,45.000000,2.800000,160,45.000000,0x02,single,4.928740,379,0.062271,25,0,No fault,False,,,,,,,,,,
2026-08-11T16:50:11.574,1786459811.574811,19.028460,7,45.000000,2.800000,161,45.000000,0x02,single,5.212880,238,0.120879,25,0,No fault,False,,,,,,,,,,
2026-08-11T16:50:11.588,1786459811.588581,19.042239,7,45.000000,2.800000,162,45.000000,0x02,single,5.671876,485,0.084249,25,0,No fault,False,,,,,,,,,,
2026-08-11T16:50:11.599,1786459811.599781,19.053439,7,45.000000,2.800000,163,45.000000,0x02,single,5.956016,573,0.084249,25,0,No fault,False,,,,,,,,,,
2026-08-11T16:50:11.610,1786459811.610948,19.064590,7,45.000000,2.800000,164,45.000000,0x02,single,6.262013,291,0.084249,25,0,No fault,False,,,,,,,,,,
2026-08-11T16:50:11.624,1786459811.624545,19.078190,7,45.000000,2.800000,165,45.000000,0x02,single,6.742866,485,0.062271,25,0,No fault,False,,,,,,,,,,
2026-08-11T16:50:11.635,1786459811.635611,19.089263,7,45.000000,2.800000,166,45.000000,0x02,single,7.027006,326,0.106227,25,0,No fault,False,,,,,,,,,,
2026-08-11T16:50:11.646,1786459811.646690,19.100337,7,45.000000,2.800000,167,45.000000,0x02,single,7.354860,379,0.076923,25,0,No fault,False,,,,,,,,,,
2026-08-11T16:50:11.667,1786459811.667669,19.121360,7,45.000000,2.800000,168,45.000000,0x02,single,7.835713,555,0.098901,25,0,No fault,False,,,,,,,,,,
2026-08-11T16:50:11.680,1786459811.680893,19.134539,7,45.000000,2.800000,169,45.000000,0x02,single,8.382136,185,0.076923,25,0,No fault,False,,,,,,,,,,
2026-08-11T16:50:11.691,1786459811.691830,19.145472,7,45.000000,2.800000,170,45.000000,0x02,single,9.037844,273,0.076923,25,0,No fault,False,,,,,,,,,,
2026-08-11T16:50:11.702,1786459811.702710,19.156347,7,45.000000,2.800000,171,45.000000,0x02,single,9.190843,344,0.069597,25,0,No fault,False,,,,,,,,,,
2026-08-11T16:50:11.713,1786459811.713639,19.167280,7,45.000000,2.800000,172,45.000000,0x02,single,9.518697,450,0.062271,25,0,No fault,False,,,,,,,,,,
2026-08-11T16:50:11.727,1786459811.727079,19.180723,7,45.000000,2.800000,173,45.000000,0x02,single,10.065120,626,0.069597,25,0,No fault,False,,,,,,,,,,
2026-08-11T16:50:11.738,1786459811.738058,19.191715,7,45.000000,2.800000,174,45.000000,0x02,single,10.414831,573,0.084249,25,0,No fault,False,,,,,,,,,,
2026-08-11T16:50:11.749,1786459811.749276,19.202919,7,45.000000,2.800000,175,45.000000,0x02,single,10.764542,608,0.069597,25,0,No fault,False,,,,,,,,,,
2026-08-11T16:50:11.760,1786459811.760148,19.213790,7,45.000000,2.800000,176,45.000000,0x02,single,11.114253,450,0.084249,25,0,No fault,False,,,,,,,,,,
2026-08-11T16:50:11.772,1786459811.772977,19.226623,7,45.000000,2.800000,177,45.000000,0x02,single,11.660677,432,0.076923,25,0,No fault,False,,,,,,,,,,
2026-08-11T16:50:11.784,1786459811.784032,19.237682,7,45.000000,2.800000,178,45.000000,0x02,single,12.010388,661,0.113553,25,0,No fault,False,,,,,,,,,,
2026-08-11T16:50:11.795,1786459811.795293,19.248942,7,45.000000,2.800000,179,45.000000,0x02,single,12.360099,626,0.106227,25,0,No fault,False,,,,,,,,,,
2026-08-11T16:50:11.808,1786459811.808930,19.262577,7,45.000000,2.800000,180,45.000000,0x02,single,12.928379,626,0.098901,25,0,No fault,False,,,,,,,,,,
2026-08-11T16:50:11.819,1786459811.819880,19.273521,7,45.000000,2.800000,181,45.000000,0x02,single,13.299947,608,0.106227,25,0,No fault,False,,,,,,,,,,
2026-08-11T16:50:11.830,1786459811.830931,19.284572,7,45.000000,2.800000,182,45.000000,0x02,single,13.671515,626,0.098901,25,0,No fault,False,,,,,,,,,,
2026-08-11T16:50:11.841,1786459811.841900,19.295548,7,45.000000,2.800000,183,45.000000,0x02,single,14.064940,555,0.084249,25,0,No fault,False,,,,,,,,,,
2026-08-11T16:50:11.854,1786459811.854999,19.308639,7,45.000000,2.800000,184,45.000000,0x02,single,14.633221,714,0.069597,25,0,No fault,False,,,,,,,,,,
2026-08-11T16:50:11.875,1786459811.875554,19.329208,7,45.000000,2.800000,185,45.000000,0x02,single,15.004789,361,0.084249,25,0,No fault,False,,,,,,,,,,
2026-08-11T16:50:11.887,1786459811.887133,19.340785,7,45.000000,2.800000,186,45.000000,0x02,single,16.053922,608,0.142857,25,0,No fault,False,,,,,,,,,,
2026-08-11T16:50:11.898,1786459811.898209,19.351855,7,45.000000,2.800000,187,45.000000,0x02,single,16.206920,238,0.113553,25,0,No fault,False,,,,,,,,,,
2026-08-11T16:50:11.911,1786459811.911716,19.365373,7,45.000000,2.800000,188,45.000000,0x02,single,16.797058,309,0.069597,25,0,No fault,False,,,,,,,,,,
2026-08-11T16:50:11.922,1786459811.922935,19.376585,7,45.000000,2.800000,189,45.000000,0x02,single,17.168625,643,0.120879,25,0,No fault,False,,,,,,,,,,
2026-08-11T16:50:11.934,1786459811.934058,19.387716,7,45.000000,2.800000,190,45.000000,0x02,single,17.562050,432,0.113553,25,0,No fault,False,,,,,,,,,,
2026-08-11T16:50:11.947,1786459811.947658,19.401309,7,45.000000,2.800000,191,45.000000,0x02,single,18.195902,608,0.047619,25,0,No fault,False,,,,,,,,,,
2026-08-11T16:50:11.958,1786459811.958752,19.412403,7,45.000000,2.800000,192,45.000000,0x02,single,18.567470,485,0.106227,25,0,No fault,False,,,,,,,,,,
2026-08-11T16:50:11.969,1786459811.969768,19.423413,7,45.000000,2.800000,193,45.000000,0x02,single,18.960894,591,0.076923,25,0,No fault,False,,,,,,,,,,
2026-08-11T16:50:11.980,1786459811.980994,19.434647,7,45.000000,2.800000,194,45.000000,0x02,single,19.398033,890,0.076923,25,0,No fault,False,,,,,,,,,,
2026-08-11T16:50:11.993,1786459811.993759,19.447408,7,45.000000,2.800000,195,45.000000,0x02,single,19.966314,397,0.084249,25,0,No fault,False,,,,,,,,,,
2026-08-11T16:50:12.005,1786459812.005007,19.458657,7,45.000000,2.800000,196,45.000000,0x02,single,20.359739,538,0.142857,25,0,No fault,False,,,,,,,,,,
2026-08-11T16:50:12.016,1786459812.016045,19.469701,7,45.000000,2.800000,197,45.000000,0x02,single,20.775020,467,0.120879,25,0,No fault,False,,,,,,,,,,
2026-08-11T16:50:12.029,1786459812.029713,19.483360,7,45.000000,2.800000,198,45.000000,0x02,single,21.365158,238,0.062271,25,0,No fault,False,,,,,,,,,,
2026-08-11T16:50:12.040,1786459812.040788,19.494441,7,45.000000,2.800000,199,45.000000,0x02,single,21.758583,767,0.128205,25,0,No fault,False,,,,,,,,,,
2026-08-11T16:50:12.051,1786459812.051780,19.505428,7,45.000000,2.800000,200,45.000000,0x02,single,22.152008,485,0.084249,25,0,No fault,False,,,,,,,,,,
2026-08-11T16:50:12.063,1786459812.063173,19.516821,7,45.000000,2.800000,201,45.000000,0x02,single,22.567289,520,0.098901,25,0,No fault,False,,,,,,,,,,
2026-08-11T16:50:12.084,1786459812.084126,19.537791,7,45.000000,2.800000,202,45.000000,0x02,single,23.179284,591,0.084249,25,0,No fault,False,,,,,,,,,,
2026-08-11T16:50:12.098,1786459812.098234,19.551908,7,45.000000,2.800000,203,45.000000,0x02,single,24.009847,520,0.084249,25,0,No fault,False,,,,,,,,,,
2026-08-11T16:50:12.109,1786459812.109510,19.563171,7,45.000000,2.800000,204,45.000000,0x02,single,24.359558,220,0.054945,25,0,No fault,False,,,,,,,,,,
2026-08-11T16:50:12.120,1786459812.120667,19.574323,7,45.000000,2.800000,205,45.000000,0x02,single,24.643699,661,0.098901,25,0,No fault,False,,,,,,,,,,
2026-08-11T16:50:12.134,1786459812.134323,19.587982,7,45.000000,2.800000,206,45.000000,0x02,single,25.364978,450,0.098901,25,0,No fault,False,,,,,,,,,,
2026-08-11T16:50:12.145,1786459812.145405,19.599075,7,45.000000,2.800000,207,45.000000,0x02,single,25.670975,767,0.076923,25,0,No fault,False,,,,,,,,,,
2026-08-11T16:50:12.156,1786459812.156412,19.610072,7,45.000000,2.800000,208,45.000000,0x02,single,26.064400,643,0.113553,25,0,No fault,False,,,,,,,,,,
2026-08-11T16:50:12.170,1786459812.170125,19.623843,7,45.000000,2.800000,209,45.000000,0x02,single,26.741965,520,0.062271,25,0,No fault,False,,,,,,,,,,
2026-08-11T16:50:12.181,1786459812.181647,19.635312,7,45.000000,2.800000,210,45.000000,0x02,single,27.047962,273,0.120879,25,0,No fault,False,,,,,,,,,,
2026-08-11T16:50:12.193,1786459812.193220,19.646899,7,45.000000,2.800000,211,45.000000,0x02,single,27.703670,661,0.069597,25,0,No fault,False,,,,,,,,,,
2026-08-11T16:50:12.205,1786459812.205842,19.659492,7,45.000000,2.800000,212,45.000000,0x02,single,28.140809,714,0.069597,25,0,No fault,False,,,,,,,,,,
2026-08-11T16:50:12.217,1786459812.217048,19.670702,7,45.000000,2.800000,213,45.000000,0x02,single,28.424949,661,0.069597,25,0,No fault,False,,,,,,,,,,
2026-08-11T16:50:12.228,1786459812.228392,19.682045,7,45.000000,2.800000,214,45.000000,0x02,single,28.796517,591,0.084249,25,0,No fault,False,,,,,,,,,,
2026-08-11T16:50:12.242,1786459812.242018,19.695667,7,45.000000,2.800000,215,45.000000,0x02,single,29.408511,467,0.106227,25,0,No fault,False,,,,,,,,,,
2026-08-11T16:50:12.253,1786459812.253138,19.706789,7,45.000000,2.800000,216,45.000000,0x02,single,29.823793,432,0.084249,25,0,No fault,False,,,,,,,,,,
2026-08-11T16:50:12.264,1786459812.264238,19.717890,7,45.000000,2.800000,217,45.000000,0x02,single,30.129790,432,0.076923,25,0,No fault,False,,,,,,,,,,
2026-08-11T16:50:12.286,1786459812.286409,19.740085,7,45.000000,2.800000,218,45.000000,0x02,single,30.698071,591,0.084249,25,0,No fault,False,,,,,,,,,,
2026-08-11T16:50:12.298,1786459812.298113,19.751790,7,45.000000,2.800000,219,45.000000,0x02,single,31.419350,361,0.098901,25,0,No fault,False,,,,,,,,,,
2026-08-11T16:50:12.309,1786459812.309776,19.763432,7,45.000000,2.800000,220,45.000000,0x02,single,31.790918,361,0.120879,25,0,No fault,False,,,,,,,,,,
2026-08-11T16:50:12.322,1786459812.322454,19.776106,7,45.000000,2.800000,221,45.000000,0x02,single,32.206199,820,0.076923,25,0,No fault,False,,,,,,,,,,
2026-08-11T16:50:12.333,1786459812.333524,19.787169,7,45.000000,2.800000,222,45.000000,0x02,single,32.577767,538,0.091575,25,0,No fault,False,,,,,,,,,,
2026-08-11T16:50:12.344,1786459812.344816,19.798476,7,45.000000,2.800000,223,45.000000,0x02,single,32.927478,502,0.062271,25,0,No fault,False,,,,,,,,,,
2026-08-11T16:50:12.358,1786459812.358808,19.812471,7,45.000000,2.800000,224,45.000000,0x02,single,33.386474,379,0.069597,25,0,No fault,False,,,,,,,,,,
2026-08-11T16:50:12.370,1786459812.370147,19.823799,7,45.000000,2.800000,225,45.000000,0x02,single,33.736185,62,0.098901,25,0,No fault,False,,,,,,,,,,
2026-08-11T16:50:12.407,1786459812.407684,19.861349,8,-45.000000,2.800000,1,-0.000000,0x02,single,34.348179,309,0.106227,25,0,No fault,False,,,,,,,,,,
2026-08-11T16:50:12.421,1786459812.421118,19.874784,8,-45.000000,2.800000,2,-0.004923,0x02,single,34.894603,397,0.069597,25,0,No fault,False,,,,,,,,,,
2026-08-11T16:50:12.432,1786459812.432534,19.886195,8,-45.000000,2.800000,3,-0.021782,0x02,single,35.178743,661,0.069597,25,0,No fault,False,,,,,,,,,,
2026-08-11T16:50:12.443,1786459812.443714,19.897370,8,-45.000000,2.800000,4,-0.045830,0x02,single,35.484740,291,0.047619,25,0,No fault,False,,,,,,,,,,
2026-08-11T16:50:12.456,1786459812.456901,19.910709,8,-45.000000,2.800000,5,-0.078195,0x02,single,36.009307,326,0.106227,25,0,No fault,False,,,,,,,,,,
2026-08-11T16:50:12.469,1786459812.469026,19.922711,8,-45.000000,2.800000,6,-0.128728,0x02,single,36.337161,397,0.062271,25,0,No fault,False,,,,,,,,,,
2026-08-11T16:50:12.492,1786459812.492253,19.945918,8,-45.000000,2.800000,7,-0.184447,0x02,single,36.708729,467,0.091575,25,0,No fault,False,,,,,,,,,,
2026-08-11T16:50:12.503,1786459812.503952,19.957615,8,-45.000000,2.800000,8,-0.317173,0x02,single,37.036583,361,0.076923,25,0,No fault,False,,,,,,,,,,
2026-08-11T16:50:12.515,1786459812.515424,19.969094,8,-45.000000,2.800000,9,-0.398860,0x02,single,37.342580,97,0.084249,25,0,No fault,False,,,,,,,,,,
2026-08-11T16:50:12.528,1786459812.528237,19.981888,8,-45.000000,2.800000,10,-0.488423,0x02,single,37.910860,291,0.120879,25,0,No fault,False,,,,,,,,,,
2026-08-11T16:50:12.539,1786459812.539461,19.993113,8,-45.000000,2.800000,11,-0.596657,0x02,single,38.195001,432,0.047619,25,0,No fault,False,,,,,,,,,,
2026-08-11T16:50:12.550,1786459812.550648,20.004302,8,-45.000000,2.800000,12,-0.701635,0x02,single,38.369856,450,0.076923,25,0,No fault,False,,,,,,,,,,
2026-08-11T16:50:12.564,1786459812.564383,20.018031,8,-45.000000,2.800000,13,-0.815011,0x02,single,38.850709,626,0.084249,25,0,No fault,False,,,,,,,,,,
2026-08-11T16:50:12.575,1786459812.575560,20.029206,8,-45.000000,2.800000,14,-0.964672,0x02,single,39.025564,309,0.084249,25,0,No fault,False,,,,,,,,,,
2026-08-11T16:50:12.586,1786459812.586764,20.040420,8,-45.000000,2.800000,15,-1.095863,0x02,single,39.287848,361,0.076923,25,0,No fault,False,,,,,,,,,,
2026-08-11T16:50:12.600,1786459812.600478,20.054126,8,-45.000000,2.800000,16,-1.235992,0x02,single,39.681272,450,0.076923,25,0,No fault,False,,,,,,,,,,
2026-08-11T16:50:12.611,1786459812.611673,20.065320,8,-45.000000,2.800000,17,-1.417601,0x02,single,39.943556,432,0.098901,25,0,No fault,False,,,,,,,,,,
2026-08-11T16:50:12.623,1786459812.623070,20.076731,8,-45.000000,2.800000,18,-1.575427,0x02,single,40.118411,538,0.076923,25,0,No fault,False,,,,,,,,,,
2026-08-11T16:50:12.636,1786459812.636312,20.089968,8,-45.000000,2.800000,19,-1.745162,0x02,single,40.489979,397,0.062271,25,0,No fault,False,,,,,,,,,,
2026-08-11T16:50:12.647,1786459812.647562,20.101213,8,-45.000000,2.800000,20,-1.950455,0x02,single,40.752262,344,0.047619,25,0,No fault,False,,,,,,,,,,
2026-08-11T16:50:12.658,1786459812.658789,20.112432,8,-45.000000,2.800000,21,-2.134351,0x02,single,40.970832,397,0.091575,25,0,No fault,False,,,,,,,,,,
2026-08-11T16:50:12.672,1786459812.672002,20.125662,8,-45.000000,2.800000,22,-2.326550,0x02,single,41.211258,326,0.062271,25,0,No fault,False,,,,,,,,,,
2026-08-11T16:50:12.694,1786459812.694520,20.148175,8,-45.000000,2.800000,23,-2.561819,0x02,single,41.517255,326,0.069597,25,0,No fault,False,,,,,,,,,,
2026-08-11T16:50:12.705,1786459812.705972,20.159611,8,-45.000000,2.800000,24,-2.984611,0x02,single,41.670254,150,0.113553,25,0,No fault,False,,,,,,,,,,
2026-08-11T16:50:12.717,1786459812.717029,20.170696,8,-45.000000,2.800000,25,-3.212323,0x02,single,41.823252,-115,0.076923,25,0,No fault,False,,,,,,,,,,
2026-08-11T16:50:12.728,1786459812.728299,20.181947,8,-45.000000,2.800000,26,-3.441057,0x02,single,42.151107,361,0.091575,25,0,No fault,False,,,,,,,,,,
2026-08-11T16:50:12.741,1786459812.741205,20.194860,8,-45.000000,2.800000,27,-3.684528,0x02,single,42.304105,485,0.098901,25,0,No fault,False,,,,,,,,,,
2026-08-11T16:50:12.752,1786459812.752377,20.206025,8,-45.000000,2.800000,28,-3.963110,0x02,single,42.435247,26,0.084249,25,0,No fault,False,,,,,,,,,,
2026-08-11T16:50:12.763,1786459812.763527,20.217184,8,-45.000000,2.800000,29,-4.213345,0x02,single,42.588245,132,0.069597,25,0,No fault,False,,,,,,,,,,
2026-08-11T16:50:12.777,1786459812.777220,20.230878,8,-45.000000,2.800000,30,-4.472698,0x02,single,42.806815,238,0.062271,25,0,No fault,False,,,,,,,,,,
2026-08-11T16:50:12.788,1786459812.788402,20.242050,8,-45.000000,2.800000,31,-4.800883,0x02,single,42.916099,97,0.076923,25,0,No fault,False,,,,,,,,,,
2026-08-11T16:50:12.799,1786459812.799519,20.253171,8,-45.000000,2.800000,32,-5.073422,0x02,single,43.047241,62,0.091575,25,0,No fault,False,,,,,,,,,,
2026-08-11T16:50:12.813,1786459812.813192,20.266844,8,-45.000000,2.800000,33,-5.353136,0x02,single,43.222097,150,0.069597,25,0,No fault,False,,,,,,,,,,
2026-08-11T16:50:12.824,1786459812.824371,20.278025,8,-45.000000,2.800000,34,-5.706844,0x02,single,43.331381,379,0.091575,25,0,No fault,False,,,,,,,,,,
2026-08-11T16:50:12.835,1786459812.835620,20.289285,8,-45.000000,2.800000,35,-6.001536,0x02,single,43.418809,79,0.076923,25,0,No fault,False,,,,,,,,,,
2026-08-11T16:50:12.849,1786459812.849358,20.303007,8,-45.000000,2.800000,36,-6.305640,0x02,single,43.549951,97,0.076923,25,0,No fault,False,,,,,,,,,,
2026-08-11T16:50:12.860,1786459812.860528,20.314178,8,-45.000000,2.800000,37,-6.684202,0x02,single,43.659235,344,0.069597,25,0,No fault,False,,,,,,,,,,
2026-08-11T16:50:12.871,1786459812.871526,20.325178,8,-45.000000,2.800000,38,-6.998274,0x02,single,43.724806,9,0.076923,25,0,No fault,False,,,,,,,,,,
2026-08-11T16:50:12.885,1786459812.885144,20.338786,8,-45.000000,2.800000,39,-7.314726,0x02,single,43.790377,26,0.069597,25,0,No fault,False,,,,,,,,,,
2026-08-11T16:50:12.903,1786459812.903276,20.356932,8,-45.000000,2.800000,40,-7.712289,0x02,single,43.877805,-115,0.069597,25,0,No fault,False,,,,,,,,,,
2026-08-11T16:50:12.917,1786459812.917273,20.370934,8,-45.000000,2.800000,41,-8.257941,0x02,single,43.987089,62,0.084249,25,0,No fault,False,,,,,,,,,,
2026-08-11T16:50:12.928,1786459812.928911,20.382578,8,-45.000000,2.800000,42,-8.690529,0x02,single,44.008946,115,0.091575,25,0,No fault,False,,,,,,,,,,
2026-08-11T16:50:12.940,1786459812.940095,20.393744,8,-45.000000,2.800000,43,-9.053087,0x02,single,44.074517,185,0.084249,25,0,No fault,False,,,,,,,,,,
2026-08-11T16:50:12.953,1786459812.953292,20.406946,8,-45.000000,2.800000,44,-9.424993,0x02,single,44.074517,-238,0.069597,25,0,No fault,False,,,,,,,,,,
2026-08-11T16:50:12.964,1786459812.964392,20.418036,8,-45.000000,2.800000,45,-9.831643,0x02,single,44.118231,44,0.098901,25,0,No fault,False,,,,,,,,,,
2026-08-11T16:50:12.975,1786459812.975371,20.429014,8,-45.000000,2.800000,46,-10.192066,0x02,single,44.140088,-203,0.091575,25,0,No fault,False,,,,,,,,,,
2026-08-11T16:50:12.986,1786459812.986410,20.440052,8,-45.000000,2.800000,47,-10.554836,0x02,single,44.161945,-44,0.062271,25,0,No fault,False,,,,,,,,,,
2026-08-11T16:50:12.999,1786459812.999334,20.452986,8,-45.000000,2.800000,48,-10.930142,0x02,single,44.205659,185,0.069597,25,0,No fault,False,,,,,,,,,,
2026-08-11T16:50:13.010,1786459813.010489,20.464139,8,-45.000000,2.800000,49,-11.364335,0x02,single,44.227516,-9,0.069597,25,0,No fault,False,,,,,,,,,,
2026-08-11T16:50:13.021,1786459813.021434,20.475106,8,-45.000000,2.800000,50,-11.745546,0x02,single,44.249373,-150,0.069597,25,0,No fault,False,,,,,,,,,,
2026-08-11T16:50:13.035,1786459813.035016,20.488663,8,-45.000000,2.800000,51,-12.125827,0x02,single,44.271230,-44,0.084249,25,0,No fault,False,,,,,,,,,,
2026-08-11T16:50:13.046,1786459813.046091,20.499739,8,-45.000000,2.800000,52,-12.605514,0x02,single,44.293087,62,0.084249,25,0,No fault,False,,,,,,,,,,
2026-08-11T16:50:13.057,1786459813.057184,20.510834,8,-45.000000,2.800000,53,-12.993781,0x02,single,44.293087,-97,0.054945,25,0,No fault,False,,,,,,,,,,
2026-08-11T16:50:13.068,1786459813.068207,20.521850,8,-45.000000,2.800000,54,-13.390407,0x02,single,44.314944,-79,0.076923,25,0,No fault,False,,,,,,,,,,
2026-08-11T16:50:13.081,1786459813.081156,20.534813,8,-45.000000,2.800000,55,-13.789276,0x02,single,44.314944,-79,0.054945,25,0,No fault,False,,,,,,,,,,
2026-08-11T16:50:13.092,1786459813.092294,20.545940,8,-45.000000,2.800000,56,-14.261295,0x02,single,44.314944,-9,0.106227,25,0,No fault,False,,,,,,,,,,
2026-08-11T16:50:13.114,1786459813.114426,20.568122,8,-45.000000,2.800000,57,-14.667673,0x02,single,44.336800,-97,0.098901,25,0,No fault,False,,,,,,,,,,
2026-08-11T16:50:13.127,1786459813.127698,20.581343,8,-45.000000,2.800000,58,-15.496524,0x02,single,44.336800,44,0.098901,25,0,No fault,False,,,,,,,,,,
2026-08-11T16:50:13.138,1786459813.138952,20.592603,8,-45.000000,2.800000,59,-15.986137,0x02,single,44.336800,-97,0.098901,25,0,No fault,False,,,,,,,,,,
2026-08-11T16:50:13.150,1786459813.150093,20.603744,8,-45.000000,2.800000,60,-16.410437,0x02,single,44.358657,44,0.084249,25,0,No fault,False,,,,,,,,,,
2026-08-11T16:50:13.163,1786459813.163767,20.617418,8,-45.000000,2.800000,61,-16.832384,0x02,single,44.358657,-256,0.076923,25,0,No fault,False,,,,,,,,,,
2026-08-11T16:50:13.174,1786459813.174917,20.628561,8,-45.000000,2.800000,62,-17.353568,0x02,single,44.358657,-62,0.091575,25,0,No fault,False,,,,,,,,,,
2026-08-11T16:50:13.185,1786459813.185937,20.639586,8,-45.000000,2.800000,63,-17.779340,0x02,single,44.358657,26,0.076923,25,0,No fault,False,,,,,,,,,,
2026-08-11T16:50:13.197,1786459813.197151,20.650802,8,-45.000000,2.800000,64,-18.204409,0x02,single,44.380514,26,0.054945,25,0,No fault,False,,,,,,,,,,
2026-08-11T16:50:13.210,1786459813.210135,20.663780,8,-45.000000,2.800000,65,-18.716523,0x02,single,44.380514,97,0.076923,25,0,No fault,False,,,,,,,,,,
2026-08-11T16:50:13.221,1786459813.221210,20.674855,8,-45.000000,2.800000,66,-19.140666,0x02,single,44.380514,26,0.098901,25,0,No fault,False,,,,,,,,,,
2026-08-11T16:50:13.232,1786459813.232140,20.685788,8,-45.000000,2.800000,67,-19.569796,0x02,single,44.380514,-44,0.069597,25,0,No fault,False,,,,,,,,,,
2026-08-11T16:50:13.245,1786459813.245958,20.699625,8,-45.000000,2.800000,68,-19.997163,0x02,single,44.380514,97,0.084249,25,0,No fault,False,,,,,,,,,,
2026-08-11T16:50:13.257,1786459813.257219,20.710877,8,-45.000000,2.800000,69,-20.539646,0x02,single,44.380514,9,0.106227,25,0,No fault,False,,,,,,,,,,
2026-08-11T16:50:13.268,1786459813.268445,20.722099,8,-45.000000,2.800000,70,-20.980119,0x02,single,44.358657,-432,0.091575,25,0,No fault,False,,,,,,,,,,
2026-08-11T16:50:13.281,1786459813.281658,20.735310,8,-45.000000,2.800000,71,-21.424709,0x02,single,44.380514,150,0.098901,25,0,No fault,False,,,,,,,,,,
2026-08-11T16:50:13.292,1786459813.292764,20.746410,8,-45.000000,2.800000,72,-21.936348,0x02,single,44.380514,-9,0.098901,25,0,No fault,False,,,,,,,,,,
2026-08-11T16:50:13.315,1786459813.315162,20.768821,8,-45.000000,2.800000,73,-22.372369,0x02,single,44.380514,-203,0.084249,25,0,No fault,False,,,,,,,,,,
2026-08-11T16:50:13.327,1786459813.327830,20.781499,8,-45.000000,2.800000,74,-23.263110,0x02,single,44.380514,-132,0.091575,25,0,No fault,False,,,,,,,,,,
2026-08-11T16:50:13.339,1786459813.339402,20.793101,8,-45.000000,2.800000,75,-23.752524,0x02,single,44.380514,-26,0.062271,25,0,No fault,False,,,,,,,,,,
2026-08-11T16:50:13.352,1786459813.352207,20.805872,8,-45.000000,2.800000,76,-24.211266,0x02,single,44.380514,44,0.091575,25,0,No fault,False,,,,,,,,,,
2026-08-11T16:50:13.363,1786459813.363674,20.817338,8,-45.000000,2.800000,77,-24.705176,0x02,single,44.380514,44,0.098901,25,0,No fault,False,,,,,,,,,,
2026-08-11T16:50:13.377,1786459813.377981,20.831655,8,-45.000000,2.800000,78,-25.165451,0x02,single,44.380514,79,0.076923,25,0,No fault,False,,,,,,,,,,
2026-08-11T16:50:13.389,1786459813.389393,20.843082,8,-45.000000,2.800000,79,-25.712181,0x02,single,44.380514,-62,0.069597,25,0,No fault,False,,,,,,,,,,
2026-08-11T16:50:13.400,1786459813.400775,20.854437,8,-45.000000,2.800000,80,-26.153947,0x02,single,44.380514,-97,0.098901,25,0,No fault,False,,,,,,,,,,
2026-08-11T16:50:13.414,1786459813.414903,20.868561,8,-45.000000,2.800000,81,-26.597886,0x02,single,44.380514,-26,0.084249,25,0,No fault,False,,,,,,,,,,
2026-08-11T16:50:13.427,1786459813.427476,20.881151,8,-45.000000,2.800000,82,-27.139878,0x02,single,44.380514,-97,0.098901,25,0,No fault,False,,,,,,,,,,
2026-08-11T16:50:13.440,1786459813.440908,20.894571,8,-45.000000,2.800000,83,-27.625531,0x02,single,44.380514,-150,0.069597,25,0,No fault,False,,,,,,,,,,
2026-08-11T16:50:13.452,1786459813.452208,20.905868,8,-45.000000,2.800000,84,-28.132921,0x02,single,44.380514,115,0.076923,25,0,No fault,False,,,,,,,,,,
2026-08-11T16:50:13.463,1786459813.463865,20.917575,8,-45.000000,2.800000,85,-28.560471,0x02,single,44.402371,62,0.084249,25,0,No fault,False,,,,,,,,,,
2026-08-11T16:50:13.476,1786459813.476553,20.930211,8,-45.000000,2.800000,86,-29.001589,0x02,single,44.380514,-220,0.091575,25,0,No fault,False,,,,,,,,,,
2026-08-11T16:50:13.487,1786459813.487659,20.941321,8,-45.000000,2.800000,87,-29.474265,0x02,single,44.380514,97,0.113553,25,0,No fault,False,,,,,,,,,,
2026-08-11T16:50:13.498,1786459813.498803,20.952451,8,-45.000000,2.800000,88,-29.887777,0x02,single,44.380514,-9,0.084249,25,0,No fault,False,,,,,,,,,,
2026-08-11T16:50:13.521,1786459813.521312,20.974970,8,-45.000000,2.800000,89,-30.297544,0x02,single,44.402371,79,0.084249,25,0,No fault,False,,,,,,,,,,
2026-08-11T16:50:13.532,1786459813.532488,20.986147,8,-45.000000,2.800000,90,-31.123472,0x02,single,44.380514,79,0.084249,25,0,No fault,False,,,,,,,,,,
2026-08-11T16:50:13.543,1786459813.543694,20.997357,8,-45.000000,2.800000,91,-31.526892,0x02,single,44.380514,-185,0.069597,25,0,No fault,False,,,,,,,,,,
2026-08-11T16:50:13.557,1786459813.557503,21.011165,8,-45.000000,2.800000,92,-31.928319,0x02,single,44.402371,97,0.106227,25,0,No fault,False,,,,,,,,,,
2026-08-11T16:50:13.568,1786459813.568742,21.022388,8,-45.000000,2.800000,93,-32.417930,0x02,single,44.380514,-167,0.084249,25,0,No fault,False,,,,,,,,,,
2026-08-11T16:50:13.579,1786459813.579871,21.033521,8,-45.000000,2.800000,94,-32.809946,0x02,single,44.380514,-44,0.069597,25,0,No fault,False,,,,,,,,,,
2026-08-11T16:50:13.593,1786459813.593555,21.047213,8,-45.000000,2.800000,95,-33.197477,0x02,single,44.380514,-62,0.069597,25,0,No fault,False,,,,,,,,,,
2026-08-11T16:50:13.604,1786459813.604704,21.058347,8,-45.000000,2.800000,96,-33.667957,0x02,single,44.402371,132,0.098901,25,0,No fault,False,,,,,,,,,,
2026-08-11T16:50:13.616,1786459813.616160,21.069817,8,-45.000000,2.800000,97,-34.044519,0x02,single,44.380514,-26,0.098901,25,0,No fault,False,,,,,,,,,,
2026-08-11T16:50:13.629,1786459813.629364,21.083026,8,-45.000000,2.800000,98,-34.433186,0x02,single,44.402371,115,0.069597,25,0,No fault,False,,,,,,,,,,
2026-08-11T16:50:13.640,1786459813.640613,21.094260,8,-45.000000,2.800000,99,-34.868171,0x02,single,44.380514,-203,0.098901,25,0,No fault,False,,,,,,,,,,
2026-08-11T16:50:13.651,1786459813.651914,21.105566,8,-45.000000,2.800000,100,-35.231701,0x02,single,44.380514,-26,0.076923,25,0,No fault,False,,,,,,,,,,
2026-08-11T16:50:13.665,1786459813.665124,21.118782,8,-45.000000,2.800000,101,-35.600228,0x02,single,44.380514,-167,0.098901,25,0,No fault,False,,,,,,,,,,
2026-08-11T16:50:13.676,1786459813.676428,21.130085,8,-45.000000,2.800000,102,-36.014950,0x02,single,44.402371,79,0.054945,25,0,No fault,False,,,,,,,,,,
2026-08-11T16:50:13.687,1786459813.687644,21.141303,8,-45.000000,2.800000,103,-36.367267,0x02,single,44.380514,-115,0.069597,25,0,No fault,False,,,,,,,,,,
2026-08-11T16:50:13.700,1786459813.700741,21.154382,8,-45.000000,2.800000,104,-36.719360,0x02,single,44.402371,-44,0.091575,25,0,No fault,False,,,,,,,,,,
2026-08-11T16:50:13.721,1786459813.721151,21.174841,8,-45.000000,2.800000,105,-37.106213,0x02,single,44.402371,26,0.106227,25,0,No fault,False,,,,,,,,,,
2026-08-11T16:50:13.732,1786459813.732490,21.186146,8,-45.000000,2.800000,106,-37.709955,0x02,single,44.380514,-132,0.106227,25,0,No fault,False,,,,,,,,,,
2026-08-11T16:50:13.744,1786459813.744162,21.197816,8,-45.000000,2.800000,107,-38.039997,0x02,single,44.402371,-44,0.076923,25,0,No fault,False,,,,,,,,,,
2026-08-11T16:50:13.757,1786459813.757170,21.210828,8,-45.000000,2.800000,108,-38.363466,0x02,single,44.380514,-97,0.076923,25,0,No fault,False,,,,,,,,,,
2026-08-11T16:50:13.768,1786459813.768331,21.221975,8,-45.000000,2.800000,109,-38.717137,0x02,single,44.380514,-132,0.076923,25,0,No fault,False,,,,,,,,,,
2026-08-11T16:50:13.779,1786459813.779419,21.233071,8,-45.000000,2.800000,110,-39.017375,0x02,single,44.402371,115,0.098901,25,0,No fault,False,,,,,,,,,,
2026-08-11T16:50:13.793,1786459813.793214,21.246864,8,-45.000000,2.800000,111,-39.310135,0x02,single,44.380514,-273,0.076923,25,0,No fault,False,,,,,,,,,,
2026-08-11T16:50:13.804,1786459813.804363,21.258021,8,-45.000000,2.800000,112,-39.666401,0x02,single,44.380514,-185,0.098901,25,0,No fault,False,,,,,,,,,,
2026-08-11T16:50:13.815,1786459813.815562,21.269208,8,-45.000000,2.800000,113,-39.946117,0x02,single,44.402371,-150,0.069597,25,0,No fault,False,,,,,,,,,,
2026-08-11T16:50:13.826,1786459813.826718,21.280367,8,-45.000000,2.800000,114,-40.219349,0x02,single,44.402371,79,0.091575,25,0,No fault,False,,,,,,,,,,
2026-08-11T16:50:13.839,1786459813.839862,21.293513,8,-45.000000,2.800000,115,-40.488994,0x02,single,44.402371,-150,0.091575,25,0,No fault,False,,,,,,,,,,
2026-08-11T16:50:13.851,1786459813.851062,21.304715,8,-45.000000,2.800000,116,-40.792340,0x02,single,44.402371,-9,0.091575,25,0,No fault,False,,,,,,,,,,
2026-08-11T16:50:13.862,1786459813.862263,21.315913,8,-45.000000,2.800000,117,-41.044887,0x02,single,44.402371,-62,0.091575,25,0,No fault,False,,,,,,,,,,
2026-08-11T16:50:13.875,1786459813.875892,21.329544,8,-45.000000,2.800000,118,-41.290073,0x02,single,44.402371,-167,0.054945,25,0,No fault,False,,,,,,,,,,
2026-08-11T16:50:13.887,1786459813.887022,21.340665,8,-45.000000,2.800000,119,-41.579181,0x02,single,43.943376,-5439,-5.424908,26,0,No fault,False,,,,,,,,,,
2026-08-11T16:50:13.898,1786459813.898058,21.351701,8,-45.000000,2.800000,120,-41.806303,0x02,single,39.353418,-5298,-0.003663,25,0,No fault,False,,,,,,,,,,
2026-08-11T16:50:13.911,1786459813.911679,21.365324,8,-45.000000,2.800000,121,-42.025284,0x02,single,36.512016,-4469,-0.157509,25,0,No fault,False,,,,,,,,,,
2026-08-11T16:50:13.929,1786459813.929468,21.383134,8,-45.000000,2.800000,122,-42.285599,0x02,single,30.807355,-3975,-0.047619,25,0,No fault,False,,,,,,,,,,
2026-08-11T16:50:13.942,1786459813.942747,21.396414,8,-45.000000,2.800000,123,-42.611338,0x02,single,27.091676,-4222,-0.025641,25,0,No fault,False,,,,,,,,,,
2026-08-11T16:50:13.954,1786459813.954097,21.407744,8,-45.000000,2.800000,124,-42.839373,0x02,single,24.053561,-3447,-0.018315,25,0,No fault,False,,,,,,,,,,
2026-08-11T16:50:13.965,1786459813.965292,21.418937,8,-45.000000,2.800000,125,-43.024367,0x02,single,19.157607,-2530,0.010989,25,0,No fault,False,,,,,,,,,,
2026-08-11T16:50:13.978,1786459813.978474,21.432132,8,-45.000000,2.800000,126,-43.208846,0x02,single,17.059341,-2142,-0.032967,25,0,No fault,False,,,,,,,,,,
2026-08-11T16:50:13.989,1786459813.989634,21.443275,8,-45.000000,2.800000,127,-43.398443,0x02,single,15.201501,-2107,-0.018315,25,0,No fault,False,,,,,,,,,,
2026-08-11T16:50:14.000,1786459814.000780,21.454421,8,-45.000000,2.800000,128,-43.556020,0x02,single,13.715229,-1807,-0.040293,25,0,No fault,False,,,,,,,,,,
2026-08-11T16:50:14.014,1786459814.014407,21.468061,8,-45.000000,2.800000,129,-43.706338,0x02,single,11.922960,-1772,-0.018315,25,0,No fault,False,,,,,,,,,,
2026-08-11T16:50:14.025,1786459814.025627,21.479273,8,-45.000000,2.800000,130,-43.879711,0x02,single,10.633401,-1472,-0.054945,25,0,No fault,False,,,,,,,,,,
2026-08-11T16:50:14.037,1786459814.037000,21.490644,8,-45.000000,2.800000,131,-44.014455,0x02,single,9.715409,-1543,-0.047619,25,0,No fault,False,,,,,,,,,,
2026-08-11T16:50:14.050,1786459814.050174,21.503823,8,-45.000000,2.800000,132,-44.142882,0x02,single,8.185424,-1137,-0.025641,25,0,No fault,False,,,,,,,,,,
2026-08-11T16:50:14.061,1786459814.061360,21.514998,8,-45.000000,2.800000,133,-44.275482,0x02,single,7.245575,-1155,-0.040293,25,0,No fault,False,,,,,,,,,,
2026-08-11T16:50:14.072,1786459814.072383,21.526022,8,-45.000000,2.800000,134,-44.381583,0x02,single,6.589867,-943,-0.076923,25,0,No fault,False,,,,,,,,,,
2026-08-11T16:50:14.086,1786459814.086055,21.539708,8,-45.000000,2.800000,135,-44.478212,0x02,single,5.453306,-1049,-0.062271,25,0,No fault,False,,,,,,,,,,
2026-08-11T16:50:14.097,1786459814.097427,21.551150,8,-45.000000,2.800000,136,-44.587498,0x02,single,4.775741,-643,-0.062271,25,0,No fault,False,,,,,,,,,,
2026-08-11T16:50:14.108,1786459814.108777,21.562437,8,-45.000000,2.800000,137,-44.668622,0x02,single,4.141890,-996,-0.069597,25,0,No fault,False,,,,,,,,,,
2026-08-11T16:50:14.122,1786459814.122443,21.576091,8,-45.000000,2.800000,138,-44.740017,0x02,single,3.748465,-767,-0.062271,25,0,No fault,False,,,,,,,,,,
2026-08-11T16:50:14.140,1786459814.140249,21.593903,8,-45.000000,2.800000,139,-44.814568,0x02,single,2.896044,-326,-0.091575,26,0,No fault,False,,,,,,,,,,
2026-08-11T16:50:14.154,1786459814.154002,21.607660,8,-45.000000,2.800000,140,-44.893607,0x02,single,2.305907,-502,-0.047619,25,0,No fault,False,,,,,,,,,,
2026-08-11T16:50:14.165,1786459814.165242,21.618894,8,-45.000000,2.800000,141,-44.939683,0x02,single,1.453486,-538,-0.135531,25,0,No fault,False,,,,,,,,,,
2026-08-11T16:50:14.176,1786459814.176395,21.630063,8,-45.000000,2.800000,142,-44.967672,0x02,single,1.256774,-326,-0.069597,25,0,No fault,False,,,,,,,,,,
2026-08-11T16:50:14.190,1786459814.190046,21.643704,8,-45.000000,2.800000,143,-44.986868,0x02,single,0.666637,-450,-0.106227,25,0,No fault,False,,,,,,,,,,
2026-08-11T16:50:14.201,1786459814.201183,21.654816,8,-45.000000,2.800000,144,-44.998802,0x02,single,0.273212,-520,-0.062271,25,0,No fault,False,,,,,,,,,,
2026-08-11T16:50:14.212,1786459814.212511,21.666155,8,-45.000000,2.800000,145,-45.000000,0x02,single,0.032785,-450,-0.062271,25,0,No fault,False,,,,,,,,,,
2026-08-11T16:50:14.226,1786459814.226135,21.679789,8,-45.000000,2.800000,146,-45.000000,0x02,single,-0.491781,-502,-0.032967,25,0,No fault,False,,,,,,,,,,
2026-08-11T16:50:14.237,1786459814.237242,21.690882,8,-45.000000,2.800000,147,-45.000000,0x02,single,-0.819635,-432,-0.076923,25,0,No fault,False,,,,,,,,,,
2026-08-11T16:50:14.248,1786459814.248288,21.701935,8,-45.000000,2.800000,148,-45.000000,0x02,single,-1.060062,-9,-0.047619,25,0,No fault,False,,,,,,,,,,
2026-08-11T16:50:14.261,1786459814.261918,21.715573,8,-45.000000,2.800000,149,-45.000000,0x02,single,-1.540914,-555,-0.062271,25,0,No fault,False,,,,,,,,,,
2026-08-11T16:50:14.273,1786459814.273010,21.726653,8,-45.000000,2.800000,150,-45.000000,0x02,single,-1.846911,-485,-0.113553,25,0,No fault,False,,,,,,,,,,
2026-08-11T16:50:14.284,1786459814.284197,21.737857,8,-45.000000,2.800000,151,-45.000000,0x02,single,-2.087338,-485,-0.098901,25,0,No fault,False,,,,,,,,,,
2026-08-11T16:50:14.297,1786459814.297992,21.751645,8,-45.000000,2.800000,152,-45.000000,0x02,single,-2.524476,-502,-0.062271,25,0,No fault,False,,,,,,,,,,
2026-08-11T16:50:14.309,1786459814.309062,21.762711,8,-45.000000,2.800000,153,-45.000000,0x02,single,-2.830474,-485,-0.076923,25,0,No fault,False,,,,,,,,,,
2026-08-11T16:50:14.320,1786459814.320141,21.773794,8,-45.000000,2.800000,154,-45.000000,0x02,single,-3.070900,-397,-0.062271,25,0,No fault,False,,,,,,,,,,
2026-08-11T16:50:14.333,1786459814.333867,21.787515,8,-45.000000,2.800000,155,-45.000000,0x02,single,-3.333183,-397,-0.084249,25,0,No fault,False,,,,,,,,,,
2026-08-11T16:50:14.351,1786459814.351622,21.805279,8,-45.000000,2.800000,156,-45.000000,0x02,single,-3.814036,-661,-0.062271,26,0,No fault,False,,,,,,,,,,
2026-08-11T16:50:14.364,1786459814.364770,21.818422,8,-45.000000,2.800000,157,-45.000000,0x02,single,-4.469744,-502,-0.069597,25,0,No fault,False,,,,,,,,,,
2026-08-11T16:50:14.375,1786459814.375855,21.829495,8,-45.000000,2.800000,158,-45.000000,0x02,single,-4.644600,-185,-0.054945,25,0,No fault,False,,,,,,,,,,
2026-08-11T16:50:14.386,1786459814.386796,21.840438,8,-45.000000,2.800000,159,-45.000000,0x02,single,-4.906883,-414,-0.040293,25,0,No fault,False,,,,,,,,,,
2026-08-11T16:50:14.397,1786459814.397897,21.851535,8,-45.000000,2.800000,160,-45.000000,0x02,single,-5.191023,-485,-0.084249,25,0,No fault,False,,,,,,,,,,
2026-08-11T16:50:14.410,1786459814.410677,21.864319,8,-45.000000,2.800000,161,-45.000000,0x02,single,-5.671876,-150,-0.091575,25,0,No fault,False,,,,,,,,,,
2026-08-11T16:50:14.421,1786459814.421649,21.875310,8,-45.000000,2.800000,162,-45.000000,0x02,single,-5.912302,-414,-0.062271,25,0,No fault,False,,,,,,,,,,
2026-08-11T16:50:14.433,1786459814.433051,21.886719,8,-45.000000,2.800000,163,-45.000000,0x02,single,-6.218299,-608,-0.062271,25,0,No fault,False,,,,,,,,,,
2026-08-11T16:50:14.446,1786459814.446959,21.900625,8,-45.000000,2.800000,164,-45.000000,0x02,single,-6.721009,-555,-0.128205,25,0,No fault,False,,,,,,,,,,
2026-08-11T16:50:14.458,1786459814.458199,21.911855,8,-45.000000,2.800000,165,-45.000000,0x02,single,-7.048863,-485,-0.069597,25,0,No fault,False,,,,,,,,,,
2026-08-11T16:50:14.469,1786459814.469226,21.922877,8,-45.000000,2.800000,166,-45.000000,0x02,single,-7.289289,-696,-0.062271,25,0,No fault,False,,,,,,,,,,
2026-08-11T16:50:14.483,1786459814.483017,21.936688,8,-45.000000,2.800000,167,-45.000000,0x02,single,-7.770142,-696,-0.091575,25,0,No fault,False,,,,,,,,,,
2026-08-11T16:50:14.494,1786459814.494341,21.947997,8,-45.000000,2.800000,168,-45.000000,0x02,single,-8.119853,-326,-0.062271,26,0,No fault,False,,,,,,,,,,
2026-08-11T16:50:14.505,1786459814.505607,21.959309,8,-45.000000,2.800000,169,-45.000000,0x02,single,-8.382136,-538,-0.054945,25,0,No fault,False,,,,,,,,,,
2026-08-11T16:50:14.519,1786459814.519028,21.972692,8,-45.000000,2.800000,170,-45.000000,0x02,single,-8.884846,-432,-0.047619,25,0,No fault,False,,,,,,,,,,
2026-08-11T16:50:14.530,1786459814.530235,21.983890,8,-45.000000,2.800000,171,-45.000000,0x02,single,-9.256414,-820,-0.076923,25,0,No fault,False,,,,,,,,,,
2026-08-11T16:50:14.541,1786459814.541415,21.995083,8,-45.000000,2.800000,172,-45.000000,0x02,single,-9.606125,-502,-0.076923,25,0,No fault,False,,,,,,,,,,
2026-08-11T16:50:14.563,1786459814.563180,22.016841,8,-45.000000,2.800000,173,-45.000000,0x02,single,-10.021406,-450,-0.091575,25,0,No fault,False,,,,,,,,,,
2026-08-11T16:50:14.577,1786459814.577070,22.030731,8,-45.000000,2.800000,174,-45.000000,0x02,single,-10.873827,-538,-0.084249,25,0,No fault,False,,,,,,,,,,
2026-08-11T16:50:14.588,1786459814.588474,22.042129,8,-45.000000,2.800000,175,-45.000000,0x02,single,-11.092396,-538,-0.098901,25,0,No fault,False,,,,,,,,,,
2026-08-11T16:50:14.599,1786459814.599488,22.053130,8,-45.000000,2.800000,176,-45.000000,0x02,single,-11.420251,-361,-0.032967,25,0,No fault,False,,,,,,,,,,
2026-08-11T16:50:14.613,1786459814.613097,22.066744,8,-45.000000,2.800000,177,-45.000000,0x02,single,-11.901103,-696,-0.076923,26,0,No fault,False,,,,,,,,,,
2026-08-11T16:50:14.624,1786459814.624171,22.077813,8,-45.000000,2.800000,178,-45.000000,0x02,single,-12.294528,-732,-0.069597,25,0,No fault,False,,,,,,,,,,
2026-08-11T16:50:14.635,1786459814.635114,22.088752,8,-45.000000,2.800000,179,-45.000000,0x02,single,-12.622382,-450,-0.040293,25,0,No fault,False,,,,,,,,,,
2026-08-11T16:50:14.646,1786459814.646249,22.099891,8,-45.000000,2.800000,180,-45.000000,0x02,single,-12.972093,-502,-0.076923,25,0,No fault,False,,,,,,,,,,
2026-08-11T16:50:14.659,1786459814.659133,22.112785,8,-45.000000,2.800000,181,-45.000000,0x02,single,-13.605944,-749,-0.076923,25,0,No fault,False,,,,,,,,,,
2026-08-11T16:50:14.670,1786459814.670216,22.123864,8,-45.000000,2.800000,182,-45.000000,0x02,single,-14.021226,-538,-0.054945,25,0,No fault,False,,,,,,,,,,
2026-08-11T16:50:14.681,1786459814.681433,22.135120,8,-45.000000,2.800000,183,-45.000000,0x02,single,-14.283510,-414,-0.135531,25,0,No fault,False,,,,,,,,,,
2026-08-11T16:50:14.695,1786459814.695233,22.148886,8,-45.000000,2.800000,184,-45.000000,0x02,single,-14.917361,-379,-0.062271,25,0,No fault,False,,,,,,,,,,
2026-08-11T16:50:14.706,1786459814.706336,22.159984,8,-45.000000,2.800000,185,-45.000000,0x02,single,-15.310786,-608,-0.069597,25,0,No fault,False,,,,,,,,,,
2026-08-11T16:50:14.717,1786459814.717118,22.170781,8,-45.000000,2.800000,186,-45.000000,0x02,single,-15.638640,-555,-0.069597,25,0,No fault,False,,,,,,,,,,
2026-08-11T16:50:14.728,1786459814.728089,22.181739,8,-45.000000,2.800000,187,-45.000000,0x02,single,-16.010208,-414,-0.098901,25,0,No fault,False,,,,,,,,,,
2026-08-11T16:50:14.741,1786459814.741232,22.194881,8,-45.000000,2.800000,188,-45.000000,0x02,single,-16.665916,-573,-0.069597,25,0,No fault,False,,,,,,,,,,
2026-08-11T16:50:14.752,1786459814.752449,22.206081,8,-45.000000,2.800000,189,-45.000000,0x02,single,-16.775201,-555,-0.091575,25,0,No fault,False,,,,,,,,,,
2026-08-11T16:50:14.769,1786459814.769647,22.223297,8,-45.000000,2.800000,190,-45.000000,0x02,single,-17.365338,-643,-0.084249,25,0,No fault,False,,,,,,,,,,
2026-08-11T16:50:14.782,1786459814.782813,22.236470,8,-45.000000,2.800000,191,-45.000000,0x02,single,-18.414471,-538,-0.120879,25,0,No fault,False,,,,,,,,,,
2026-08-11T16:50:14.794,1786459814.794048,22.247703,8,-45.000000,2.800000,192,-45.000000,0x02,single,-18.742325,-238,-0.062271,25,0,No fault,False,,,,,,,,,,
2026-08-11T16:50:14.805,1786459814.805153,22.258796,8,-45.000000,2.800000,193,-45.000000,0x02,single,-18.960894,-414,-0.091575,25,0,No fault,False,,,,,,,,,,
2026-08-11T16:50:14.818,1786459814.818851,22.272500,8,-45.000000,2.800000,194,-45.000000,0x02,single,-19.572889,-608,-0.113553,25,0,No fault,False,,,,,,,,,,
2026-08-11T16:50:14.829,1786459814.829911,22.283559,8,-45.000000,2.800000,195,-45.000000,0x02,single,-19.966314,-555,-0.054945,25,0,No fault,False,,,,,,,,,,
2026-08-11T16:50:14.840,1786459814.840956,22.294603,8,-45.000000,2.800000,196,-45.000000,0x02,single,-20.381595,-573,-0.098901,25,0,No fault,False,,,,,,,,,,
2026-08-11T16:50:14.854,1786459814.854604,22.308335,8,-45.000000,2.800000,197,-45.000000,0x02,single,-20.971733,-643,-0.076923,26,0,No fault,False,,,,,,,,,,
2026-08-11T16:50:14.865,1786459814.865806,22.319454,8,-45.000000,2.800000,198,-45.000000,0x02,single,-21.387015,-555,-0.069597,25,0,No fault,False,,,,,,,,,,
2026-08-11T16:50:14.876,1786459814.876863,22.330506,8,-45.000000,2.800000,199,-45.000000,0x02,single,-21.824153,-573,-0.098901,25,0,No fault,False,,,,,,,,,,
2026-08-11T16:50:14.890,1786459814.890376,22.344024,8,-45.000000,2.800000,200,-45.000000,0x02,single,-22.436148,-485,-0.084249,26,0,No fault,False,,,,,,,,,,
2026-08-11T16:50:14.901,1786459814.901376,22.355014,8,-45.000000,2.800000,201,-45.000000,0x02,single,-22.851430,-485,-0.091575,25,0,No fault,False,,,,,,,,,,
2026-08-11T16:50:14.912,1786459814.912402,22.366046,8,-45.000000,2.800000,202,-45.000000,0x02,single,-23.266711,-714,-0.069597,25,0,No fault,False,,,,,,,,,,
2026-08-11T16:50:14.923,1786459814.923673,22.377327,8,-45.000000,2.800000,203,-45.000000,0x02,single,-23.681993,-502,-0.069597,25,0,No fault,False,,,,,,,,,,
2026-08-11T16:50:14.936,1786459814.936467,22.390128,8,-45.000000,2.800000,204,-45.000000,0x02,single,-24.250274,-714,-0.076923,25,0,No fault,False,,,,,,,,,,
2026-08-11T16:50:14.947,1786459814.947776,22.401435,8,-45.000000,2.800000,205,-45.000000,0x02,single,-24.621842,-679,-0.084249,26,0,No fault,False,,,,,,,,,,
2026-08-11T16:50:14.958,1786459814.958972,22.412621,8,-45.000000,2.800000,206,-45.000000,0x02,single,-25.058980,-520,-0.076923,25,0,No fault,False,,,,,,,,,,
2026-08-11T16:50:14.979,1786459814.979556,22.433200,8,-45.000000,2.800000,207,-45.000000,0x02,single,-25.627261,-573,-0.069597,25,0,No fault,False,,,,,,,,,,
2026-08-11T16:50:14.993,1786459814.993423,22.447215,8,-45.000000,2.800000,208,-45.000000,0x02,single,-26.523395,-273,-0.054945,25,0,No fault,False,,,,,,,,,,
2026-08-11T16:50:15.004,1786459815.004933,22.458580,8,-45.000000,2.800000,209,-45.000000,0x02,single,-26.894963,-450,-0.076923,25,0,No fault,False,,,,,,,,,,
2026-08-11T16:50:15.015,1786459815.015951,22.469592,8,-45.000000,2.800000,210,-45.000000,0x02,single,-27.310245,-643,-0.084249,25,0,No fault,False,,,,,,,,,,
2026-08-11T16:50:15.029,1786459815.029128,22.482780,8,-45.000000,2.800000,211,-45.000000,0x02,single,-27.878526,-450,-0.098901,25,0,No fault,False,,,,,,,,,,
2026-08-11T16:50:15.040,1786459815.040223,22.493865,8,-45.000000,2.800000,212,-45.000000,0x02,single,-28.250093,-573,-0.113553,25,0,No fault,False,,,,,,,,,,
2026-08-11T16:50:15.051,1786459815.051196,22.504844,8,-45.000000,2.800000,213,-45.000000,0x02,single,-28.643518,-573,-0.069597,25,0,No fault,False,,,,,,,,,,
2026-08-11T16:50:15.062,1786459815.062337,22.515979,8,-45.000000,2.800000,214,-45.000000,0x02,single,-29.036943,-344,-0.076923,25,0,No fault,False,,,,,,,,,,
2026-08-11T16:50:15.075,1786459815.075236,22.528886,8,-45.000000,2.800000,215,-45.000000,0x02,single,-29.605224,-555,-0.054945,25,0,No fault,False,,,,,,,,,,
2026-08-11T16:50:15.086,1786459815.086297,22.539947,8,-45.000000,2.800000,216,-45.000000,0x02,single,-29.976792,-432,-0.113553,26,0,No fault,False,,,,,,,,,,
2026-08-11T16:50:15.097,1786459815.097409,22.551126,8,-45.000000,2.800000,217,-45.000000,0x02,single,-30.370217,-573,-0.040293,25,0,No fault,False,,,,,,,,,,
2026-08-11T16:50:15.111,1786459815.111194,22.564848,8,-45.000000,2.800000,218,-45.000000,0x02,single,-30.916640,-538,-0.069597,25,0,No fault,False,,,,,,,,,,
2026-08-11T16:50:15.122,1786459815.122353,22.576004,8,-45.000000,2.800000,219,-45.000000,0x02,single,-31.288208,-379,-0.091575,25,0,No fault,False,,,,,,,,,,
2026-08-11T16:50:15.133,1786459815.133521,22.587172,8,-45.000000,2.800000,220,-45.000000,0x02,single,-31.637919,-62,-0.084249,25,0,No fault,False,,,,,,,,,,
2026-08-11T16:50:15.147,1786459815.147158,22.600799,8,-45.000000,2.800000,221,-45.000000,0x02,single,-32.184342,-573,-0.084249,25,0,No fault,False,,,,,,,,,,
2026-08-11T16:50:15.158,1786459815.158158,22.611803,8,-45.000000,2.800000,222,-45.000000,0x02,single,-32.534053,-538,-0.098901,25,0,No fault,False,,,,,,,,,,
2026-08-11T16:50:15.169,1786459815.169210,22.622855,8,-45.000000,2.800000,223,-45.000000,0x02,single,-32.883765,-450,-0.040293,25,0,No fault,False,,,,,,,,,,
2026-08-11T16:50:15.190,1786459815.190009,22.643711,8,-45.000000,2.800000,224,-45.000000,0x02,single,-33.583187,-397,-0.054945,25,0,No fault,False,,,,,,,,,,
2026-08-11T16:50:15.203,1786459815.203375,22.657021,8,-45.000000,2.800000,225,-45.000000,0x02,single,-34.020325,-661,-0.084249,25,0,No fault,False,,,,,,,,,,
2026-08-11T16:50:15.234,1786459815.234818,22.688470,9,45.000000,2.800000,1,0.000000,0x02,single,-34.697890,-309,-0.069597,25,0,No fault,False,,,,,,,,,,
2026-08-11T16:50:15.245,1786459815.245948,22.699597,9,45.000000,2.800000,2,0.005515,0x02,single,-35.091315,-732,-0.054945,25,0,No fault,False,,,,,,,,,,
2026-08-11T16:50:15.257,1786459815.257175,22.710817,9,45.000000,2.800000,3,0.019547,0x02,single,-35.441026,-626,-0.069597,25,0,No fault,False,,,,,,,,,,
2026-08-11T16:50:15.270,1786459815.270777,22.724426,9,45.000000,2.800000,4,0.042068,0x02,single,-35.856308,-573,-0.084249,25,0,No fault,False,,,,,,,,,,
2026-08-11T16:50:15.281,1786459815.281785,22.735431,9,45.000000,2.800000,5,0.081005,0x02,single,-36.184162,-361,-0.098901,25,0,No fault,False,,,,,,,,,,
2026-08-11T16:50:15.292,1786459815.292873,22.746515,9,45.000000,2.800000,6,0.121874,0x02,single,-36.533873,-591,-0.054945,25,0,No fault,False,,,,,,,,,,
2026-08-11T16:50:15.303,1786459815.303982,22.757630,9,45.000000,2.800000,7,0.171152,0x02,single,-36.839870,-309,-0.091575,25,0,No fault,False,,,,,,,,,,
2026-08-11T16:50:15.317,1786459815.317341,22.771004,9,45.000000,2.800000,8,0.229788,0x02,single,-37.233295,-361,-0.069597,26,0,No fault,False,,,,,,,,,,
2026-08-11T16:50:15.328,1786459815.328872,22.782537,9,45.000000,2.800000,9,0.310854,0x02,single,-37.539292,-326,-0.098901,26,0,No fault,False,,,,,,,,,,
2026-08-11T16:50:15.342,1786459815.342758,22.796402,9,45.000000,2.800000,10,0.390702,0x02,single,-37.954574,-273,-0.062271,25,0,No fault,False,,,,,,,,,,
2026-08-11T16:50:15.353,1786459815.353774,22.807415,9,45.000000,2.800000,11,0.496860,0x02,single,-38.238715,-220,-0.076923,26,0,No fault,False,,,,,,,,,,
2026-08-11T16:50:15.365,1786459815.365025,22.818676,9,45.000000,2.800000,12,0.591494,0x02,single,-38.522855,-485,-0.113553,25,0,No fault,False,,,,,,,,,,
2026-08-11T16:50:15.378,1786459815.378763,22.832403,9,45.000000,2.800000,13,0.696150,0x02,single,-38.828852,-414,-0.040293,25,0,No fault,False,,,,,,,,,,
2026-08-11T16:50:15.396,1786459815.396650,22.850306,9,45.000000,2.800000,14,0.835100,0x02,single,-39.418989,-150,-0.054945,25,0,No fault,False,,,,,,,,,,
2026-08-11T16:50:15.409,1786459815.409817,22.863473,9,45.000000,2.800000,15,1.036513,0x02,single,-39.659416,-238,-0.076923,25,0,No fault,False,,,,,,,,,,
2026-08-11T16:50:15.420,1786459815.420931,22.874575,9,45.000000,2.800000,16,1.196707,0x02,single,-39.877985,150,-0.076923,25,0,No fault,False,,,,,,,,,,
2026-08-11T16:50:15.432,1786459815.432088,22.885737,9,45.000000,2.800000,17,1.340599,0x02,single,-40.162125,-432,-0.062271,25,0,No fault,False,,,,,,,,,,
2026-08-11T16:50:15.446,1786459815.446176,22.899953,9,45.000000,2.800000,18,1.494215,0x02,single,-40.468122,-238,-0.106227,25,0,No fault,False,,,,,,,,,,
2026-08-11T16:50:15.462,1786459815.462117,22.915847,9,45.000000,2.800000,19,1.716008,0x02,single,-40.795976,-185,-0.076923,25,0,No fault,False,,,,,,,,,,
2026-08-11T16:50:15.473,1786459815.473946,22.927601,9,45.000000,2.800000,20,1.949987,0x02,single,-41.014546,-344,-0.062271,25,0,No fault,False,,,,,,,,,,
2026-08-11T16:50:15.487,1786459815.487910,22.941581,9,45.000000,2.800000,21,2.138718,0x02,single,-41.342400,-643,-0.040293,25,0,No fault,False,,,,,,,,,,
2026-08-11T16:50:15.499,1786459815.499441,22.953095,9,45.000000,2.800000,22,2.379073,0x02,single,-41.517255,-220,-0.098901,25,0,No fault,False,,,,,,,,,,
2026-08-11T16:50:15.510,1786459815.510585,22.964247,9,45.000000,2.800000,23,2.585582,0x02,single,-41.713968,-361,-0.054945,25,0,No fault,False,,,,,,,,,,
2026-08-11T16:50:15.523,1786459815.523857,22.977519,9,45.000000,2.800000,24,2.795848,0x02,single,-41.976251,-238,-0.062271,25,0,No fault,False,,,,,,,,,,
2026-08-11T16:50:15.535,1786459815.535219,22.988869,9,45.000000,2.800000,25,3.050729,0x02,single,-42.172964,-361,-0.062271,25,0,No fault,False,,,,,,,,,,
2026-08-11T16:50:15.546,1786459815.546272,22.999924,9,45.000000,2.800000,26,3.276085,0x02,single,-42.347819,-397,-0.047619,25,0,No fault,False,,,,,,,,,,
2026-08-11T16:50:15.559,1786459815.559795,23.013452,9,45.000000,2.800000,27,3.505013,0x02,single,-42.588245,167,-0.047619,25,0,No fault,False,,,,,,,,,,
2026-08-11T16:50:15.570,1786459815.570918,23.024581,9,45.000000,2.800000,28,3.795604,0x02,single,-42.763101,-309,-0.069597,25,0,No fault,False,,,,,,,,,,
2026-08-11T16:50:15.582,1786459815.582260,23.035934,9,45.000000,2.800000,29,4.042752,0x02,single,-42.894243,-97,-0.062271,25,0,No fault,False,,,,,,,,,,
2026-08-11T16:50:15.607,1786459815.607163,23.060857,9,45.000000,2.800000,30,4.301787,0x02,single,-43.134669,-256,-0.040293,25,0,No fault,False,,,,,,,,,,
2026-08-11T16:50:15.619,1786459815.619045,23.072695,9,45.000000,2.800000,31,4.897061,0x02,single,-43.418809,-238,-0.047619,25,0,No fault,False,,,,,,,,,,
2026-08-11T16:50:15.630,1786459815.630410,23.084064,9,45.000000,2.800000,32,5.186876,0x02,single,-43.506237,-62,-0.054945,25,0,No fault,False,,,,,,,,,,
2026-08-11T16:50:15.643,1786459815.643571,23.097221,9,45.000000,2.800000,33,5.478514,0x02,single,-43.681092,-167,-0.025641,25,0,No fault,False,,,,,,,,,,
2026-08-11T16:50:15.654,1786459815.654653,23.108294,9,45.000000,2.800000,34,5.817116,0x02,single,-43.790377,-220,-0.054945,25,0,No fault,False,,,,,,,,,,
2026-08-11T16:50:15.665,1786459815.665666,23.119306,9,45.000000,2.800000,35,6.111404,0x02,single,-43.877805,-502,-0.084249,25,0,No fault,False,,,,,,,,,,
2026-08-11T16:50:15.676,1786459815.676683,23.130324,9,45.000000,2.800000,36,6.410442,0x02,single,-43.921519,185,-0.076923,25,0,No fault,False,,,,,,,,,,
2026-08-11T16:50:15.689,1786459815.689522,23.143167,9,45.000000,2.800000,37,6.721102,0x02,single,-44.052660,-115,-0.076923,25,0,No fault,False,,,,,,,,,,
2026-08-11T16:50:15.700,1786459815.700458,23.154099,9,45.000000,2.800000,38,7.079297,0x02,single,-44.096374,-26,-0.084249,25,0,No fault,False,,,,,,,,,,
2026-08-11T16:50:15.711,1786459815.711975,23.165630,9,45.000000,2.800000,39,7.394977,0x02,single,-44.140088,-185,-0.091575,25,0,No fault,False,,,,,,,,,,
2026-08-11T16:50:15.725,1786459815.725939,23.179599,9,45.000000,2.800000,40,7.741162,0x02,single,-44.227516,-44,-0.076923,25,0,No fault,False,,,,,,,,,,
2026-08-11T16:50:15.737,1786459815.737108,23.190748,9,45.000000,2.800000,41,8.152377,0x02,single,-44.249373,9,-0.076923,25,0,No fault,False,,,,,,,,,,
2026-08-11T16:50:15.748,1786459815.748106,23.201749,9,45.000000,2.800000,42,8.490871,0x02,single,-44.314944,-309,-0.069597,25,0,No fault,False,,,,,,,,,,
2026-08-11T16:50:15.761,1786459815.761738,23.215389,9,45.000000,2.800000,43,8.832240,0x02,single,-44.380514,-115,-0.076923,25,0,No fault,False,,,,,,,,,,
2026-08-11T16:50:15.772,1786459815.772803,23.226446,9,45.000000,2.800000,44,9.262873,0x02,single,-44.402371,79,-0.069597,25,0,No fault,False,,,,,,,,,,
2026-08-11T16:50:15.783,1786459815.783793,23.237435,9,45.000000,2.800000,45,9.615131,0x02,single,-44.446085,-256,-0.054945,25,0,No fault,False,,,,,,,,,,
2026-08-11T16:50:15.808,1786459815.808078,23.261782,9,45.000000,2.800000,46,9.971458,0x02,single,-44.489799,44,-0.069597,25,0,No fault,False,,,,,,,,,,
2026-08-11T16:50:15.819,1786459815.819622,23.273280,9,45.000000,2.800000,47,10.778011,0x02,single,-44.555370,-432,-0.069597,25,0,No fault,False,,,,,,,,,,
2026-08-11T16:50:15.830,1786459815.830834,23.284481,9,45.000000,2.800000,48,11.166094,0x02,single,-44.555370,97,-0.076923,25,0,No fault,False,,,,,,,,,,
2026-08-11T16:50:15.844,1786459815.844391,23.298036,9,45.000000,2.800000,49,11.546184,0x02,single,-44.599084,-150,-0.069597,25,0,No fault,False,,,,,,,,,,
2026-08-11T16:50:15.855,1786459815.855398,23.309037,9,45.000000,2.800000,50,12.014233,0x02,single,-44.599084,26,-0.069597,25,0,No fault,False,,,,,,,,,,
2026-08-11T16:50:15.866,1786459815.866340,23.319978,9,45.000000,2.800000,51,12.398196,0x02,single,-44.620941,-44,-0.069597,25,0,No fault,False,,,,,,,,,,
2026-08-11T16:50:15.877,1786459815.877290,23.330929,9,45.000000,2.800000,52,12.783619,0x02,single,-44.620941,150,-0.047619,25,0,No fault,False,,,,,,,,,,
2026-08-11T16:50:15.890,1786459815.890983,23.344631,9,45.000000,2.800000,53,13.174851,0x02,single,-44.642798,44,-0.054945,25,0,No fault,False,,,,,,,,,,
2026-08-11T16:50:15.902,1786459815.902098,23.355745,9,45.000000,2.800000,54,13.667506,0x02,single,-44.642798,-97,-0.076923,25,0,No fault,False,,,,,,,,,,
2026-08-11T16:50:15.913,1786459815.913144,23.366787,9,45.000000,2.800000,55,14.069797,0x02,single,-44.664655,-414,-0.076923,26,0,No fault,False,,,,,,,,,,
2026-08-11T16:50:15.924,1786459815.924234,23.377883,9,45.000000,2.800000,56,14.472278,0x02,single,-44.664655,220,-0.076923,25,0,No fault,False,,,,,,,,,,
2026-08-11T16:50:15.937,1786459815.937035,23.390681,9,45.000000,2.800000,57,14.882071,0x02,single,-44.664655,256,-0.076923,25,0,No fault,False,,,,,,,,,,
2026-08-11T16:50:15.948,1786459815.948086,23.401733,9,45.000000,2.800000,58,15.355796,0x02,single,-44.686511,-185,-0.062271,25,0,No fault,False,,,,,,,,,,
2026-08-11T16:50:15.959,1786459815.959216,23.412867,9,45.000000,2.800000,59,15.769505,0x02,single,-44.686511,44,-0.054945,25,0,No fault,False,,,,,,,,,,
2026-08-11T16:50:15.973,1786459815.973077,23.426738,9,45.000000,2.800000,60,16.188994,0x02,single,-44.686511,-62,-0.062271,26,0,No fault,False,,,,,,,,,,
2026-08-11T16:50:15.984,1786459815.984318,23.437963,9,45.000000,2.800000,61,16.715580,0x02,single,-44.686511,-9,-0.047619,25,0,No fault,False,,,,,,,,,,
2026-08-11T16:50:16.008,1786459816.008508,23.462172,9,45.000000,2.800000,62,17.139264,0x02,single,-44.708368,-238,-0.069597,26,0,No fault,False,,,,,,,,,,
2026-08-11T16:50:16.020,1786459816.020107,23.473765,9,45.000000,2.800000,63,18.074013,0x02,single,-44.708368,-44,-0.054945,25,0,No fault,False,,,,,,,,,,
2026-08-11T16:50:16.031,1786459816.031438,23.485092,9,45.000000,2.800000,64,18.519920,0x02,single,-44.708368,-256,-0.062271,25,0,No fault,False,,,,,,,,,,
2026-08-11T16:50:16.045,1786459816.045185,23.498842,9,45.000000,2.800000,65,18.953456,0x02,single,-44.708368,-167,-0.062271,25,0,No fault,False,,,,,,,,,,
2026-08-11T16:50:16.056,1786459816.056343,23.509993,9,45.000000,2.800000,66,19.487803,0x02,single,-44.708368,-79,-0.084249,25,0,No fault,False,,,,,,,,,,
2026-08-11T16:50:16.067,1786459816.067521,23.521174,9,45.000000,2.800000,67,19.921942,0x02,single,-44.708368,-79,-0.062271,25,0,No fault,False,,,,,,,,,,
2026-08-11T16:50:16.081,1786459816.081375,23.535038,9,45.000000,2.800000,68,20.360735,0x02,single,-44.730225,-291,-0.062271,26,0,No fault,False,,,,,,,,,,
2026-08-11T16:50:16.092,1786459816.092633,23.546289,9,45.000000,2.800000,69,20.904439,0x02,single,-44.730225,9,-0.069597,25,0,No fault,False,,,,,,,,,,
2026-08-11T16:50:16.103,1786459816.103716,23.557360,9,45.000000,2.800000,70,21.342622,0x02,single,-44.730225,-273,-0.062271,25,0,No fault,False,,,,,,,,,,
2026-08-11T16:50:16.117,1786459816.117373,23.571029,9,45.000000,2.800000,71,21.775532,0x02,single,-44.708368,62,-0.062271,25,0,No fault,False,,,,,,,,,,
2026-08-11T16:50:16.128,1786459816.128508,23.582163,9,45.000000,2.800000,72,22.314752,0x02,single,-44.730225,-26,-0.062271,25,0,No fault,False,,,,,,,,,,
2026-08-11T16:50:16.139,1786459816.139613,23.593262,9,45.000000,2.800000,73,22.750527,0x02,single,-44.730225,-115,-0.062271,26,0,No fault,False,,,,,,,,,,
2026-08-11T16:50:16.153,1786459816.153372,23.607041,9,45.000000,2.800000,74,23.185652,0x02,single,-44.730225,-79,-0.054945,25,0,No fault,False,,,,,,,,,,
2026-08-11T16:50:16.164,1786459816.164767,23.618421,9,45.000000,2.800000,75,23.730784,0x02,single,-44.730225,150,-0.069597,26,0,No fault,False,,,,,,,,,,
2026-08-11T16:50:16.175,1786459816.175963,23.629628,9,45.000000,2.800000,76,24.173032,0x02,single,-44.708368,309,-0.084249,26,0,No fault,False,,,,,,,,,,
2026-08-11T16:50:16.189,1786459816.189189,23.642844,9,45.000000,2.800000,77,24.616776,0x02,single,-44.730225,-9,-0.062271,25,0,No fault,False,,,,,,,,,,
2026-08-11T16:50:16.208,1786459816.208192,23.661847,9,45.000000,2.800000,78,25.127482,0x02,single,-44.730225,26,-0.076923,26,0,No fault,False,,,,,,,,,,
2026-08-11T16:50:16.220,1786459816.220054,23.673732,9,45.000000,2.800000,79,25.866697,0x02,single,-44.752082,-115,-0.062271,25,0,No fault,False,,,,,,,,,,
2026-08-11T16:50:16.233,1786459816.233944,23.687600,9,45.000000,2.800000,80,26.331533,0x02,single,-44.752082,-150,-0.062271,25,0,No fault,False,,,,,,,,,,
2026-08-11T16:50:16.244,1786459816.244981,23.698625,9,45.000000,2.800000,81,26.863448,0x02,single,-44.730225,26,-0.084249,25,0,No fault,False,,,,,,,,,,
2026-08-11T16:50:16.255,1786459816.255969,23.709614,9,45.000000,2.800000,82,27.287186,0x02,single,-44.730225,79,-0.084249,25,0,No fault,False,,,,,,,,,,
2026-08-11T16:50:16.267,1786459816.267053,23.720697,9,45.000000,2.800000,83,27.707068,0x02,single,-44.730225,203,-0.062271,25,0,No fault,False,,,,,,,,,,
2026-08-11T16:50:16.280,1786459816.280165,23.733818,9,45.000000,2.800000,84,28.141159,0x02,single,-44.752082,-26,-0.062271,25,0,No fault,False,,,,,,,,,,
2026-08-11T16:50:16.291,1786459816.291160,23.744803,9,45.000000,2.800000,85,28.628436,0x02,single,-44.752082,-115,-0.069597,25,0,No fault,False,,,,,,,,,,
2026-08-11T16:50:16.302,1786459816.302176,23.755818,9,45.000000,2.800000,86,29.042265,0x02,single,-44.752082,9,-0.054945,25,0,No fault,False,,,,,,,,,,
2026-08-11T16:50:16.313,1786459816.313118,23.766757,9,45.000000,2.800000,87,29.453231,0x02,single,-44.752082,-379,-0.062271,25,0,No fault,False,,,,,,,,,,
2026-08-11T16:50:16.326,1786459816.326230,23.779877,9,45.000000,2.800000,88,29.872313,0x02,single,-44.752082,-115,-0.076923,25,0,No fault,False,,,,,,,,,,
2026-08-11T16:50:16.337,1786459816.337240,23.790881,9,45.000000,2.800000,89,30.347190,0x02,single,-44.752082,-361,-0.076923,25,0,No fault,False,,,,,,,,,,
2026-08-11T16:50:16.348,1786459816.348310,23.801947,9,45.000000,2.800000,90,30.753502,0x02,single,-44.752082,-203,-0.062271,25,0,No fault,False,,,,,,,,,,
2026-08-11T16:50:16.359,1786459816.359336,23.812986,9,45.000000,2.800000,91,31.150927,0x02,single,-44.752082,-115,-0.047619,25,0,No fault,False,,,,,,,,,,
2026-08-11T16:50:16.372,1786459816.372156,23.825813,9,45.000000,2.800000,92,31.550430,0x02,single,-44.752082,44,-0.062271,25,0,No fault,False,,,,,,,,,,
2026-08-11T16:50:16.383,1786459816.383977,23.837620,9,45.000000,2.800000,93,32.025015,0x02,single,-44.752082,-273,-0.084249,25,0,No fault,False,,,,,,,,,,
2026-08-11T16:50:16.395,1786459816.395069,23.848713,9,45.000000,2.800000,94,32.427059,0x02,single,-44.752082,-44,-0.062271,25,0,No fault,False,,,,,,,,,,
2026-08-11T16:50:16.408,1786459816.408914,23.862556,9,45.000000,2.800000,95,32.822581,0x02,single,-44.752082,97,-0.069597,25,0,No fault,False,,,,,,,,,,
2026-08-11T16:50:16.419,1786459816.419898,23.873533,9,45.000000,2.800000,96,33.297637,0x02,single,-44.752082,62,-0.054945,25,0,No fault,False,,,,,,,,,,
2026-08-11T16:50:16.430,1786459816.430787,23.884423,9,45.000000,2.800000,97,33.671765,0x02,single,-44.752082,115,-0.047619,25,0,No fault,False,,,,,,,,,,
2026-08-11T16:50:16.441,1786459816.441663,23.895297,9,45.000000,2.800000,98,34.040767,0x02,single,-44.752082,26,-0.084249,26,0,No fault,False,,,,,,,,,,
2026-08-11T16:50:16.452,1786459816.452536,23.906179,9,45.000000,2.800000,99,34.405385,0x02,single,-44.752082,326,-0.047619,25,0,No fault,False,,,,,,,,,,
2026-08-11T16:50:16.466,1786459816.466055,23.919724,9,45.000000,2.800000,100,34.765899,0x02,single,-44.752082,26,-0.084249,25,0,No fault,False,,,,,,,,,,
2026-08-11T16:50:16.479,1786459816.479498,23.933230,9,45.000000,2.800000,101,35.240303,0x02,single,-44.752082,26,-0.054945,26,0,No fault,False,,,,,,,,,,
2026-08-11T16:50:16.491,1786459816.491954,23.945611,9,45.000000,2.800000,102,35.666306,0x02,single,-44.752082,9,-0.047619,25,0,No fault,False,,,,,,,,,,
2026-08-11T16:50:16.503,1786459816.503492,23.957147,9,45.000000,2.800000,103,36.037599,0x02,single,-44.752082,-79,-0.062271,25,0,No fault,False,,,,,,,,,,
2026-08-11T16:50:16.514,1786459816.514667,23.968332,9,45.000000,2.800000,104,36.395751,0x02,single,-44.752082,203,-0.069597,25,0,No fault,False,,,,,,,,,,
2026-08-11T16:50:16.527,1786459816.527872,23.981544,9,45.000000,2.800000,105,36.740456,0x02,single,-44.773939,-220,-0.069597,25,0,No fault,False,,,,,,,,,,
2026-08-11T16:50:16.539,1786459816.539245,23.992905,9,45.000000,2.800000,106,37.137304,0x02,single,-44.752082,-97,-0.069597,25,0,No fault,False,,,,,,,,,,
2026-08-11T16:50:16.550,1786459816.550638,24.004317,9,45.000000,2.800000,107,37.471932,0x02,single,-44.773939,-185,-0.054945,25,0,No fault,False,,,,,,,,,,
2026-08-11T16:50:16.563,1786459816.563892,24.017594,9,45.000000,2.800000,108,37.805674,0x02,single,-44.752082,26,-0.069597,25,0,No fault,False,,,,,,,,,,
2026-08-11T16:50:16.575,1786459816.575296,24.028955,9,45.000000,2.800000,109,38.183386,0x02,single,-44.752082,62,-0.084249,25,0,No fault,False,,,,,,,,,,
2026-08-11T16:50:16.586,1786459816.586434,24.040079,9,45.000000,2.800000,110,38.498853,0x02,single,-44.752082,79,-0.076923,25,0,No fault,False,,,,,,,,,,
2026-08-11T16:50:16.599,1786459816.599693,24.053344,9,45.000000,2.800000,111,38.809205,0x02,single,-44.752082,26,-0.091575,25,0,No fault,False,,,,,,,,,,
2026-08-11T16:50:16.618,1786459816.618825,24.072486,9,45.000000,2.800000,112,39.156454,0x02,single,-44.773939,-256,-0.054945,25,0,No fault,False,,,,,,,,,,
2026-08-11T16:50:16.632,1786459816.632051,24.085714,9,45.000000,2.800000,113,39.655707,0x02,single,-44.773939,-220,-0.054945,25,0,No fault,False,,,,,,,,,,
2026-08-11T16:50:16.643,1786459816.643271,24.096922,9,45.000000,2.800000,114,39.984917,0x02,single,-44.752082,79,-0.047619,25,0,No fault,False,,,,,,,,,,
2026-08-11T16:50:16.654,1786459816.654400,24.108053,9,45.000000,2.800000,115,40.257888,0x02,single,-44.773939,-167,-0.076923,25,0,No fault,False,,,,,,,,,,
2026-08-11T16:50:16.668,1786459816.668082,24.121735,9,45.000000,2.800000,116,40.523269,0x02,single,-44.752082,361,-0.084249,25,0,No fault,False,,,,,,,,,,
2026-08-11T16:50:16.679,1786459816.679237,24.132890,9,45.000000,2.800000,117,40.842236,0x02,single,-44.773939,-167,-0.069597,25,0,No fault,False,,,,,,,,,,
2026-08-11T16:50:16.690,1786459816.690300,24.143947,9,45.000000,2.800000,118,41.089656,0x02,single,-44.752082,9,-0.062271,25,0,No fault,False,,,,,,,,,,
2026-08-11T16:50:16.704,1786459816.704076,24.157742,9,45.000000,2.800000,119,41.330521,0x02,single,-44.336800,4963,5.805861,25,0,No fault,False,,,,,,,,,,
2026-08-11T16:50:16.715,1786459816.715556,24.169227,9,45.000000,2.800000,120,41.622136,0x02,single,-39.593845,6161,-0.040293,25,0,No fault,False,,,,,,,,,,
2026-08-11T16:50:16.727,1786459816.727247,24.180926,9,45.000000,2.800000,121,41.856338,0x02,single,-35.550311,4469,0.025641,25,0,No fault,False,,,,,,,,,,
2026-08-11T16:50:16.740,1786459816.740128,24.193786,9,45.000000,2.800000,122,42.090739,0x02,single,-31.178923,4028,0.032967,25,0,No fault,False,,,,,,,,,,
2026-08-11T16:50:16.751,1786459816.751658,24.205314,9,45.000000,2.800000,123,42.330460,0x02,single,-28.009667,3605,0.025641,25,0,No fault,False,,,,,,,,,,
2026-08-11T16:50:16.763,1786459816.763275,24.216925,9,45.000000,2.800000,124,42.540374,0x02,single,-24.337701,3147,0.069597,25,0,No fault,False,,,,,,,,,,
2026-08-11T16:50:16.776,1786459816.776045,24.229704,9,45.000000,2.800000,125,42.743569,0x02,single,-21.933438,3023,0.018315,25,0,No fault,False,,,,,,,,,,
2026-08-11T16:50:16.787,1786459816.787425,24.241076,9,45.000000,2.800000,126,42.959634,0x02,single,-19.835172,2830,0.025641,25,0,No fault,False,,,,,,,,,,
2026-08-11T16:50:16.798,1786459816.798622,24.252263,9,45.000000,2.800000,127,43.139465,0x02,single,-17.715049,2424,0.025641,25,0,No fault,False,,,,,,,,,,
2026-08-11T16:50:16.811,1786459816.811834,24.265482,9,45.000000,2.800000,128,43.312483,0x02,single,-16.250634,2442,0.054945,25,0,No fault,False,,,,,,,,,,
2026-08-11T16:50:16.829,1786459816.829732,24.283395,9,45.000000,2.800000,129,43.501836,0x02,single,-13.846371,2265,0.032967,25,0,No fault,False,,,,,,,,,,
2026-08-11T16:50:16.842,1786459816.842872,24.296553,9,45.000000,2.800000,130,43.744064,0x02,single,-12.032245,1719,0.047619,25,0,No fault,False,,,,,,,,,,
2026-08-11T16:50:16.854,1786459816.854319,24.308168,9,45.000000,2.800000,131,43.909387,0x02,single,-9.737266,1190,0.047619,25,0,No fault,False,,,,,,,,,,
2026-08-11T16:50:16.868,1786459816.868333,24.321983,9,45.000000,2.800000,132,44.044894,0x02,single,-8.753704,1225,0.069597,25,0,No fault,False,,,,,,,,,,
2026-08-11T16:50:16.879,1786459816.879421,24.333066,9,45.000000,2.800000,133,44.194231,0x02,single,-7.857570,1155,0.040293,25,0,No fault,False,,,,,,,,,,
2026-08-11T16:50:16.890,1786459816.890427,24.344074,9,45.000000,2.800000,134,44.305397,0x02,single,-6.961435,1172,0.047619,26,0,No fault,False,,,,,,,,,,
2026-08-11T16:50:16.904,1786459816.904063,24.357731,9,45.000000,2.800000,135,44.407902,0x02,single,-5.934159,643,0.003663,25,0,No fault,False,,,,,,,,,,
2026-08-11T16:50:16.915,1786459816.915289,24.368935,9,45.000000,2.800000,136,44.524386,0x02,single,-5.256594,502,0.054945,25,0,No fault,False,,,,,,,,,,
2026-08-11T16:50:16.926,1786459816.926402,24.380052,9,45.000000,2.800000,137,44.609760,0x02,single,-4.622743,837,0.076923,25,0,No fault,False,,,,,,,,,,
2026-08-11T16:50:16.939,1786459816.939984,24.393639,9,45.000000,2.800000,138,44.686542,0x02,single,-3.726608,961,0.106227,25,0,No fault,False,,,,,,,,,,
2026-08-11T16:50:16.951,1786459816.951090,24.404737,9,45.000000,2.800000,139,44.769211,0x02,single,-3.289469,714,0.047619,25,0,No fault,False,,,,,,,,,,
2026-08-11T16:50:16.962,1786459816.962096,24.415742,9,45.000000,2.800000,140,44.827118,0x02,single,-2.852331,467,0.054945,25,0,No fault,False,,,,,,,,,,
2026-08-11T16:50:16.973,1786459816.973192,24.426839,9,45.000000,2.800000,141,44.876510,0x02,single,-2.393335,661,0.062271,25,0,No fault,False,,,,,,,,,,
2026-08-11T16:50:16.986,1786459816.986028,24.439728,9,45.000000,2.800000,142,44.918730,0x02,single,-1.650199,767,0.040293,26,0,No fault,False,,,,,,,,,,
2026-08-11T16:50:16.997,1786459816.997612,24.451264,9,45.000000,2.800000,143,44.956117,0x02,single,-1.387916,555,0.076923,25,0,No fault,False,,,,,,,,,,
2026-08-11T16:50:17.008,1786459817.008750,24.462398,9,45.000000,2.800000,144,44.979400,0x02,single,-1.016348,626,0.062271,25,0,No fault,False,,,,,,,,,,
2026-08-11T16:50:17.021,1786459817.021860,24.475508,9,45.000000,2.800000,145,44.993895,0x02,single,-0.688494,450,0.098901,25,0,No fault,False,,,,,,,,,,
2026-08-11T16:50:17.039,1786459817.039709,24.493359,9,45.000000,2.800000,146,44.999997,0x02,single,-0.207641,62,0.084249,25,0,No fault,False,,,,,,,,,,
2026-08-11T16:50:17.053,1786459817.053368,24.507008,9,45.000000,2.800000,147,45.000000,0x02,single,0.338783,185,0.084249,25,0,No fault,False,,,,,,,,,,
2026-08-11T16:50:17.064,1786459817.064291,24.517931,9,45.000000,2.800000,148,45.000000,0x02,single,0.928920,432,0.040293,25,0,No fault,False,,,,,,,,,,
2026-08-11T16:50:17.075,1786459817.075166,24.528805,9,45.000000,2.800000,149,45.000000,0x02,single,1.169346,150,0.084249,25,0,No fault,False,,,,,,,,,,
2026-08-11T16:50:17.086,1786459817.086079,24.539716,9,45.000000,2.800000,150,45.000000,0x02,single,1.344202,238,0.084249,26,0,No fault,False,,,,,,,,,,
2026-08-11T16:50:17.099,1786459817.099484,24.553123,9,45.000000,2.800000,151,45.000000,0x02,single,1.759484,379,0.047619,25,0,No fault,False,,,,,,,,,,
2026-08-11T16:50:17.110,1786459817.110322,24.563958,9,45.000000,2.800000,152,45.000000,0x02,single,2.043624,238,0.040293,25,0,No fault,False,,,,,,,,,,
2026-08-11T16:50:17.121,1786459817.121222,24.574862,9,45.000000,2.800000,153,45.000000,0x02,single,2.371478,785,0.098901,26,0,No fault,False,,,,,,,,,,
2026-08-11T16:50:17.132,1786459817.132166,24.585806,9,45.000000,2.800000,154,45.000000,0x02,single,2.655618,220,0.106227,25,0,No fault,False,,,,,,,,,,
2026-08-11T16:50:17.143,1786459817.143075,24.596712,9,45.000000,2.800000,155,45.000000,0x02,single,2.983472,273,0.054945,25,0,No fault,False,,,,,,,,,,
2026-08-11T16:50:17.156,1786459817.156106,24.609743,9,45.000000,2.800000,156,45.000000,0x02,single,3.333183,608,0.106227,25,0,No fault,False,,,,,,,,,,
2026-08-11T16:50:17.166,1786459817.166976,24.620613,9,45.000000,2.800000,157,45.000000,0x02,single,3.617323,256,0.098901,25,0,No fault,False,,,,,,,,,,
2026-08-11T16:50:17.177,1786459817.177781,24.631419,9,45.000000,2.800000,158,45.000000,0x02,single,3.923321,361,0.091575,25,0,No fault,False,,,,,,,,,,
2026-08-11T16:50:17.188,1786459817.188611,24.642246,9,45.000000,2.800000,159,45.000000,0x02,single,4.163747,167,0.054945,26,0,No fault,False,,,,,,,,,,
2026-08-11T16:50:17.201,1786459817.201974,24.655628,9,45.000000,2.800000,160,45.000000,0x02,single,4.600886,397,0.098901,25,0,No fault,False,,,,,,,,,,
2026-08-11T16:50:17.213,1786459817.213013,24.666656,9,45.000000,2.800000,161,45.000000,0x02,single,4.906883,344,0.062271,25,0,No fault,False,,,,,,,,,,
2026-08-11T16:50:17.223,1786459817.223893,24.677534,9,45.000000,2.800000,162,45.000000,0x02,single,5.147309,432,0.062271,25,0,No fault,False,,,,,,,,,,
2026-08-11T16:50:17.244,1786459817.244209,24.697860,9,45.000000,2.800000,163,45.000000,0x02,single,5.606305,309,0.062271,25,0,No fault,False,,,,,,,,,,
2026-08-11T16:50:17.255,1786459817.255461,24.709111,9,45.000000,2.800000,164,45.000000,0x02,single,5.956016,326,0.054945,25,0,No fault,False,,,,,,,,,,
2026-08-11T16:50:17.266,1786459817.266478,24.720123,9,45.000000,2.800000,165,45.000000,0x02,single,6.480582,326,0.040293,25,0,No fault,False,,,,,,,,,,
2026-08-11T16:50:17.280,1786459817.280260,24.733918,9,45.000000,2.800000,166,45.000000,0x02,single,6.764723,256,0.069597,26,0,No fault,False,,,,,,,,,,
2026-08-11T16:50:17.291,1786459817.291603,24.745255,9,45.000000,2.800000,167,45.000000,0x02,single,7.048863,502,0.084249,26,0,No fault,False,,,,,,,,,,
2026-08-11T16:50:17.303,1786459817.303046,24.756714,9,45.000000,2.800000,168,45.000000,0x02,single,7.376717,485,0.091575,25,0,No fault,False,,,,,,,,,,
2026-08-11T16:50:17.316,1786459817.316318,24.769974,9,45.000000,2.800000,169,45.000000,0x02,single,7.857570,414,0.106227,25,0,No fault,False,,,,,,,,,,
2026-08-11T16:50:17.327,1786459817.327535,24.781174,9,45.000000,2.800000,170,45.000000,0x02,single,8.163567,291,0.062271,26,0,No fault,False,,,,,,,,,,
2026-08-11T16:50:17.338,1786459817.338534,24.792183,9,45.000000,2.800000,171,45.000000,0x02,single,8.491421,309,0.084249,25,0,No fault,False,,,,,,,,,,
2026-08-11T16:50:17.352,1786459817.352178,24.805842,9,45.000000,2.800000,172,45.000000,0x02,single,9.037844,555,0.054945,25,0,No fault,False,,,,,,,,,,
2026-08-11T16:50:17.363,1786459817.363355,24.817000,9,45.000000,2.800000,173,45.000000,0x02,single,9.365698,538,0.106227,25,0,No fault,False,,,,,,,,,,
2026-08-11T16:50:17.374,1786459817.374480,24.828126,9,45.000000,2.800000,174,45.000000,0x02,single,9.693552,450,0.084249,26,0,No fault,False,,,,,,,,,,
2026-08-11T16:50:17.388,1786459817.388050,24.841702,9,45.000000,2.800000,175,45.000000,0x02,single,10.305547,467,0.106227,25,0,No fault,False,,,,,,,,,,
2026-08-11T16:50:17.399,1786459817.399143,24.852785,9,45.000000,2.800000,176,45.000000,0x02,single,10.677115,661,0.054945,25,0,No fault,False,,,,,,,,,,
2026-08-11T16:50:17.410,1786459817.410202,24.863852,9,45.000000,2.800000,177,45.000000,0x02,single,10.939398,591,0.084249,25,0,No fault,False,,,,,,,,,,
2026-08-11T16:50:17.423,1786459817.423851,24.877501,9,45.000000,2.800000,178,45.000000,0x02,single,11.529535,379,0.062271,26,0,No fault,False,,,,,,,,,,
2026-08-11T16:50:17.434,1786459817.434983,24.888620,9,45.000000,2.800000,179,45.000000,0x02,single,11.638820,414,0.084249,25,0,No fault,False,,,,,,,,,,
2026-08-11T16:50:17.455,1786459817.455985,24.909658,9,45.000000,2.800000,180,45.000000,0x02,single,12.381956,573,0.076923,25,0,No fault,False,,,,,,,,,,
2026-08-11T16:50:17.467,1786459817.467762,24.921402,9,45.000000,2.800000,181,45.000000,0x02,single,13.015807,238,0.054945,26,0,No fault,False,,,,,,,,,,
2026-08-11T16:50:17.479,1786459817.479489,24.933151,9,45.000000,2.800000,182,45.000000,0x02,single,13.278090,291,0.062271,25,0,No fault,False,,,,,,,,,,
2026-08-11T16:50:17.492,1786459817.492409,24.946074,9,45.000000,2.800000,183,45.000000,0x02,single,13.715229,520,0.069597,25,0,No fault,False,,,,,,,,,,
2026-08-11T16:50:17.503,1786459817.503842,24.957485,9,45.000000,2.800000,184,45.000000,0x02,single,14.086797,414,0.091575,25,0,No fault,False,,,,,,,,,,
2026-08-11T16:50:17.514,1786459817.514959,24.968594,9,45.000000,2.800000,185,45.000000,0x02,single,14.480222,361,0.098901,25,0,No fault,False,,,,,,,,,,
2026-08-11T16:50:17.528,1786459817.528063,24.981699,9,45.000000,2.800000,186,45.000000,0x02,single,15.070359,432,0.062271,26,0,No fault,False,,,,,,,,,,
2026-08-11T16:50:17.538,1786459817.538950,24.992585,9,45.000000,2.800000,187,45.000000,0x02,single,15.463784,608,0.091575,25,0,No fault,False,,,,,,,,,,
2026-08-11T16:50:17.549,1786459817.549819,25.003453,9,45.000000,2.800000,188,45.000000,0x02,single,15.857209,485,0.069597,25,0,No fault,False,,,,,,,,,,
2026-08-11T16:50:17.560,1786459817.560761,25.014413,9,45.000000,2.800000,189,45.000000,0x02,single,16.272491,591,0.128205,25,0,No fault,False,,,,,,,,,,
2026-08-11T16:50:17.571,1786459817.571862,25.025498,9,45.000000,2.800000,190,45.000000,0x02,single,16.687773,238,0.062271,25,0,No fault,False,,,,,,,,,,
2026-08-11T16:50:17.584,1786459817.584640,25.038274,9,45.000000,2.800000,191,45.000000,0x02,single,17.190482,256,0.113553,25,0,No fault,False,,,,,,,,,,
2026-08-11T16:50:17.595,1786459817.595616,25.049253,9,45.000000,2.800000,192,45.000000,0x02,single,17.627621,573,0.113553,25,0,No fault,False,,,,,,,,,,
2026-08-11T16:50:17.606,1786459817.606565,25.060202,9,45.000000,2.800000,193,45.000000,0x02,single,18.064760,555,0.069597,26,0,No fault,False,,,,,,,,,,
2026-08-11T16:50:17.617,1786459817.617393,25.071028,9,45.000000,2.800000,194,45.000000,0x02,single,18.414471,626,0.040293,25,0,No fault,False,,,,,,,,,,
2026-08-11T16:50:17.630,1786459817.630792,25.084428,9,45.000000,2.800000,195,45.000000,0x02,single,19.048322,502,0.069597,25,0,No fault,False,,,,,,,,,,
2026-08-11T16:50:17.641,1786459817.641608,25.095243,9,45.000000,2.800000,196,45.000000,0x02,single,19.485461,626,0.076923,26,0,No fault,False,,,,,,,,,,
2026-08-11T16:50:17.660,1786459817.660059,25.113726,9,45.000000,2.800000,197,45.000000,0x02,single,19.900743,467,0.047619,25,0,No fault,False,,,,,,,,,,
2026-08-11T16:50:17.671,1786459817.671341,25.124985,9,45.000000,2.800000,198,45.000000,0x02,single,20.687593,502,0.120879,25,0,No fault,False,,,,,,,,,,
2026-08-11T16:50:17.682,1786459817.682526,25.136184,9,45.000000,2.800000,199,45.000000,0x02,single,20.884305,608,0.076923,25,0,No fault,False,,,,,,,,,,
2026-08-11T16:50:17.696,1786459817.696182,25.149847,9,45.000000,2.800000,200,45.000000,0x02,single,21.474442,450,0.025641,25,0,No fault,False,,,,,,,,,,
2026-08-11T16:50:17.707,1786459817.707343,25.160994,9,45.000000,2.800000,201,45.000000,0x02,single,21.846010,802,0.106227,25,0,No fault,False,,,,,,,,,,
2026-08-11T16:50:17.718,1786459817.718761,25.172417,9,45.000000,2.800000,202,45.000000,0x02,single,22.239435,520,0.120879,25,0,No fault,False,,,,,,,,,,
2026-08-11T16:50:17.732,1786459817.732655,25.186316,9,45.000000,2.800000,203,45.000000,0x02,single,22.960714,414,0.084249,25,0,No fault,False,,,,,,,,,,
2026-08-11T16:50:17.743,1786459817.743821,25.197480,9,45.000000,2.800000,204,45.000000,0x02,single,23.288568,485,0.032967,25,0,No fault,False,,,,,,,,,,
2026-08-11T16:50:17.755,1786459817.755050,25.208717,9,45.000000,2.800000,205,45.000000,0x02,single,23.703850,732,0.076923,25,0,No fault,False,,,,,,,,,,
2026-08-11T16:50:17.768,1786459817.768600,25.222259,9,45.000000,2.800000,206,45.000000,0x02,single,24.359558,344,0.069597,26,0,No fault,False,,,,,,,,,,
2026-08-11T16:50:17.779,1786459817.779837,25.233491,9,45.000000,2.800000,207,45.000000,0x02,single,24.774840,344,0.135531,25,0,No fault,False,,,,,,,,,,
2026-08-11T16:50:17.790,1786459817.790960,25.244679,9,45.000000,2.800000,208,45.000000,0x02,single,25.080837,520,0.098901,25,0,No fault,False,,,,,,,,,,
2026-08-11T16:50:17.805,1786459817.805799,25.259488,9,45.000000,2.800000,209,45.000000,0x02,single,25.692832,520,0.047619,25,0,No fault,False,,,,,,,,,,
2026-08-11T16:50:17.817,1786459817.817184,25.270826,9,45.000000,2.800000,210,45.000000,0x02,single,26.108113,555,0.120879,25,0,No fault,False,,,,,,,,,,
2026-08-11T16:50:17.828,1786459817.828434,25.282081,9,45.000000,2.800000,211,45.000000,0x02,single,26.545252,661,0.069597,25,0,No fault,False,,,,,,,,,,
2026-08-11T16:50:17.841,1786459817.841542,25.295192,9,45.000000,2.800000,212,45.000000,0x02,single,27.026105,643,0.098901,26,0,No fault,False,,,,,,,,,,
2026-08-11T16:50:17.862,1786459817.862901,25.316560,9,45.000000,2.800000,213,45.000000,0x02,single,27.463244,538,0.054945,25,0,No fault,False,,,,,,,,,,
2026-08-11T16:50:17.874,1786459817.874462,25.328121,9,45.000000,2.800000,214,45.000000,0x02,single,28.184523,220,0.062271,25,0,No fault,False,,,,,,,,,,
2026-08-11T16:50:17.885,1786459817.885571,25.339221,9,45.000000,2.800000,215,45.000000,0x02,single,28.446806,326,0.069597,25,0,No fault,False,,,,,,,,,,
2026-08-11T16:50:17.899,1786459817.899184,25.352835,9,45.000000,2.800000,216,45.000000,0x02,single,28.949516,591,0.069597,25,0,No fault,False,,,,,,,,,,
2026-08-11T16:50:17.910,1786459817.910205,25.363859,9,45.000000,2.800000,217,45.000000,0x02,single,29.321083,608,0.128205,25,0,No fault,False,,,,,,,,,,
2026-08-11T16:50:17.921,1786459817.921171,25.374819,9,45.000000,2.800000,218,45.000000,0x02,single,29.714508,626,0.106227,26,0,No fault,False,,,,,,,,,,
2026-08-11T16:50:17.932,1786459817.932288,25.385928,9,45.000000,2.800000,219,45.000000,0x02,single,30.086076,732,0.113553,25,0,No fault,False,,,,,,,,,,
2026-08-11T16:50:17.945,1786459817.945112,25.398758,9,45.000000,2.800000,220,45.000000,0x02,single,30.632500,256,0.076923,25,0,No fault,False,,,,,,,,,,
2026-08-11T16:50:17.956,1786459817.956084,25.409731,9,45.000000,2.800000,221,45.000000,0x02,single,31.025925,344,0.084249,25,0,No fault,False,,,,,,,,,,
2026-08-11T16:50:17.967,1786459817.967134,25.420776,9,45.000000,2.800000,222,45.000000,0x02,single,31.353779,397,0.054945,26,0,No fault,False,,,,,,,,,,
2026-08-11T16:50:17.978,1786459817.978244,25.431895,9,45.000000,2.800000,223,45.000000,0x02,single,31.747204,150,0.069597,25,0,No fault,False,,,,,,,,,,
2026-08-11T16:50:17.991,1786459817.991089,25.444748,9,45.000000,2.800000,224,45.000000,0x02,single,32.271770,379,0.062271,26,0,No fault,False,,,,,,,,,,
2026-08-11T16:50:18.002,1786459818.002305,25.455959,9,45.000000,2.800000,225,45.000000,0x02,single,32.621481,344,0.084249,25,0,No fault,False,,,,,,,,,,
2026-08-11T16:50:18.013,1786459818.013430,25.467112,9,45.000000,2.800000,226,45.000000,0x02,single,33.014906,397,0.076923,25,0,No fault,False,,,,,,,,,,
2026-08-11T16:50:18.027,1786459818.027081,25.480733,9,45.000000,2.800000,227,45.000000,0x02,single,33.473902,185,0.106227,25,0,No fault,False,,,,,,,,,,
2026-08-11T16:50:18.038,1786459818.038149,25.491787,9,45.000000,2.800000,228,45.000000,0x02,single,33.801756,450,0.084249,26,0,No fault,False,,,,,,,,,,
2026-08-11T16:50:18.049,1786459818.049132,25.502779,9,45.000000,2.800000,229,45.000000,0x02,single,34.173324,591,0.106227,25,0,No fault,False,,,,,,,,,,
2026-08-11T16:50:18.090,1786459818.090626,25.544282,10,-45.000000,2.800000,1,-0.000000,0x02,single,34.807175,309,0.062271,25,0,No fault,False,,,,,,,,,,
2026-08-11T16:50:18.101,1786459818.101871,25.555510,10,-45.000000,2.800000,2,-0.015644,0x02,single,35.375456,256,0.054945,25,0,No fault,False,,,,,,,,,,
2026-08-11T16:50:18.112,1786459818.112997,25.566641,10,-45.000000,2.800000,3,-0.036355,0x02,single,35.594025,256,0.084249,25,0,No fault,False,,,,,,,,,,
2026-08-11T16:50:18.125,1786459818.125777,25.579427,10,-45.000000,2.800000,4,-0.065646,0x02,single,36.053021,591,0.120879,25,0,No fault,False,,,,,,,,,,
2026-08-11T16:50:18.136,1786459818.136886,25.590531,10,-45.000000,2.800000,5,-0.109356,0x02,single,36.359018,379,0.069597,25,0,No fault,False,,,,,,,,,,
2026-08-11T16:50:18.147,1786459818.147983,25.601632,10,-45.000000,2.800000,6,-0.156522,0x02,single,36.665015,238,0.076923,26,0,No fault,False,,,,,,,,,,
2026-08-11T16:50:18.161,1786459818.161642,25.615294,10,-45.000000,2.800000,7,-0.211970,0x02,single,37.124011,291,0.076923,25,0,No fault,False,,,,,,,,,,
2026-08-11T16:50:18.172,1786459818.172777,25.626426,10,-45.000000,2.800000,8,-0.291805,0x02,single,37.408151,520,0.098901,25,0,No fault,False,,,,,,,,,,
2026-08-11T16:50:18.183,1786459818.183810,25.637460,10,-45.000000,2.800000,9,-0.366051,0x02,single,37.692291,291,0.091575,25,0,No fault,False,,,,,,,,,,
2026-08-11T16:50:18.197,1786459818.197492,25.651204,10,-45.000000,2.800000,10,-0.448121,0x02,single,38.085716,485,0.098901,25,0,No fault,False,,,,,,,,,,
2026-08-11T16:50:18.208,1786459818.208662,25.662308,10,-45.000000,2.800000,11,-0.561582,0x02,single,38.369856,309,0.084249,26,0,No fault,False,,,,,,,,,,
2026-08-11T16:50:18.219,1786459818.219843,25.673499,10,-45.000000,2.800000,12,-0.662407,0x02,single,38.741424,344,0.098901,25,0,No fault,False,,,,,,,,,,
2026-08-11T16:50:18.233,1786459818.233601,25.687252,10,-45.000000,2.800000,13,-0.772676,0x02,single,39.003707,538,0.091575,25,0,No fault,False,,,,,,,,,,
2026-08-11T16:50:18.244,1786459818.244705,25.698350,10,-45.000000,2.800000,14,-0.919146,0x02,single,39.265991,326,0.076923,25,0,No fault,False,,,,,,,,,,
2026-08-11T16:50:18.256,1786459818.256006,25.709660,10,-45.000000,2.800000,15,-1.046171,0x02,single,39.506417,132,0.084249,26,0,No fault,False,,,,,,,,,,
2026-08-11T16:50:18.267,1786459818.267435,25.721086,10,-45.000000,2.800000,16,-1.185078,0x02,single,39.746843,-26,0.054945,26,0,No fault,False,,,,,,,,,,
2026-08-11T16:50:18.280,1786459818.280502,25.734139,10,-45.000000,2.800000,17,-1.335105,0x02,single,40.009127,467,0.098901,25,0,No fault,False,,,,,,,,,,
2026-08-11T16:50:18.294,1786459818.294718,25.748384,10,-45.000000,2.800000,18,-1.510951,0x02,single,40.315124,26,0.091575,25,0,No fault,False,,,,,,,,,,
2026-08-11T16:50:18.307,1786459818.307974,25.761627,10,-45.000000,2.800000,19,-1.727304,0x02,single,40.839690,44,0.054945,25,0,No fault,False,,,,,,,,,,
2026-08-11T16:50:18.319,1786459818.319399,25.773051,10,-45.000000,2.800000,20,-1.925718,0x02,single,40.970832,256,0.106227,25,0,No fault,False,,,,,,,,,,
2026-08-11T16:50:18.330,1786459818.330616,25.784266,10,-45.000000,2.800000,21,-2.110913,0x02,single,41.189401,185,0.062271,25,0,No fault,False,,,,,,,,,,
2026-08-11T16:50:18.343,1786459818.343762,25.797413,10,-45.000000,2.800000,22,-2.306376,0x02,single,41.473541,309,0.069597,25,0,No fault,False,,,,,,,,,,
2026-08-11T16:50:18.355,1786459818.355148,25.808799,10,-45.000000,2.800000,23,-2.533684,0x02,single,41.648397,203,0.084249,25,0,No fault,False,,,,,,,,,,
2026-08-11T16:50:18.366,1786459818.366275,25.819923,10,-45.000000,2.800000,24,-2.743552,0x02,single,41.845109,573,0.098901,25,0,No fault,False,,,,,,,,,,
2026-08-11T16:50:18.379,1786459818.379498,25.833146,10,-45.000000,2.800000,25,-2.958168,0x02,single,42.041822,62,0.084249,25,0,No fault,False,,,,,,,,,,
2026-08-11T16:50:18.390,1786459818.390677,25.844327,10,-45.000000,2.800000,26,-3.219307,0x02,single,42.194820,167,0.076923,25,0,No fault,False,,,,,,,,,,
2026-08-11T16:50:18.401,1786459818.401807,25.855454,10,-45.000000,2.800000,27,-3.449285,0x02,single,42.369676,26,0.069597,25,0,No fault,False,,,,,,,,,,
2026-08-11T16:50:18.415,1786459818.415506,25.869168,10,-45.000000,2.800000,28,-3.684312,0x02,single,42.588245,555,0.098901,25,0,No fault,False,,,,,,,,,,
2026-08-11T16:50:18.426,1786459818.426880,25.880539,10,-45.000000,2.800000,29,-3.986767,0x02,single,42.697530,26,0.098901,25,0,No fault,False,,,,,,,,,,
2026-08-11T16:50:18.438,1786459818.438080,25.891730,10,-45.000000,2.800000,30,-4.243193,0x02,single,42.850529,9,0.076923,25,0,No fault,False,,,,,,,,,,
2026-08-11T16:50:18.449,1786459818.449169,25.902812,10,-45.000000,2.800000,31,-4.502793,0x02,single,42.981670,44,0.076923,25,0,No fault,False,,,,,,,,,,
2026-08-11T16:50:18.462,1786459818.462362,25.916016,10,-45.000000,2.800000,32,-4.770472,0x02,single,43.156526,167,0.076923,25,0,No fault,False,,,,,,,,,,
2026-08-11T16:50:18.473,1786459818.473491,25.927137,10,-45.000000,2.800000,33,-5.091325,0x02,single,43.265810,44,0.084249,25,0,No fault,False,,,,,,,,,,
2026-08-11T16:50:18.495,1786459818.495115,25.948809,10,-45.000000,2.800000,34,-5.371071,0x02,single,43.418809,185,0.084249,25,0,No fault,False,,,,,,,,,,
2026-08-11T16:50:18.506,1786459818.506676,25.960343,10,-45.000000,2.800000,35,-5.935142,0x02,single,43.506237,256,0.084249,25,0,No fault,False,,,,,,,,,,
2026-08-11T16:50:18.518,1786459818.518428,25.972095,10,-45.000000,2.800000,36,-6.247790,0x02,single,43.681092,185,0.069597,25,0,No fault,False,,,,,,,,,,
2026-08-11T16:50:18.531,1786459818.531227,25.984892,10,-45.000000,2.800000,37,-6.573256,0x02,single,43.746663,309,0.098901,25,0,No fault,False,,,,,,,,,,
2026-08-11T16:50:18.542,1786459818.542381,25.996043,10,-45.000000,2.800000,38,-6.926934,0x02,single,43.834091,432,0.069597,25,0,No fault,False,,,,,,,,,,
2026-08-11T16:50:18.553,1786459818.553481,26.007127,10,-45.000000,2.800000,39,-7.245533,0x02,single,43.877805,-26,0.069597,25,0,No fault,False,,,,,,,,,,
2026-08-11T16:50:18.567,1786459818.567127,26.020781,10,-45.000000,2.800000,40,-7.567211,0x02,single,43.965233,185,0.069597,25,0,No fault,False,,,,,,,,,,
2026-08-11T16:50:18.578,1786459818.578205,26.031850,10,-45.000000,2.800000,41,-7.972993,0x02,single,44.008946,256,0.084249,25,0,No fault,False,,,,,,,,,,
2026-08-11T16:50:18.589,1786459818.589150,26.042792,10,-45.000000,2.800000,42,-8.306851,0x02,single,44.030803,44,0.076923,25,0,No fault,False,,,,,,,,,,
2026-08-11T16:50:18.600,1786459818.600276,26.053922,10,-45.000000,2.800000,43,-8.642719,0x02,single,44.052660,-79,0.106227,25,0,No fault,False,,,,,,,,,,
2026-08-11T16:50:18.613,1786459818.613098,26.066750,10,-45.000000,2.800000,44,-8.994295,0x02,single,44.096374,-115,0.106227,25,0,No fault,False,,,,,,,,,,
2026-08-11T16:50:18.624,1786459818.624153,26.077799,10,-45.000000,2.800000,45,-9.396764,0x02,single,44.140088,9,0.084249,25,0,No fault,False,,,,,,,,,,
2026-08-11T16:50:18.635,1786459818.635291,26.088947,10,-45.000000,2.800000,46,-9.751360,0x02,single,44.161945,-97,0.069597,26,0,No fault,False,,,,,,,,,,
2026-08-11T16:50:18.648,1786459818.648902,26.102560,10,-45.000000,2.800000,47,-10.115597,0x02,single,44.183802,-62,0.054945,25,0,No fault,False,,,,,,,,,,
2026-08-11T16:50:18.660,1786459818.660070,26.113719,10,-45.000000,2.800000,48,-10.569099,0x02,single,44.205659,-203,0.076923,25,0,No fault,False,,,,,,,,,,
2026-08-11T16:50:18.671,1786459818.671065,26.124704,10,-45.000000,2.800000,49,-10.937866,0x02,single,44.249373,132,0.069597,26,0,No fault,False,,,,,,,,,,
2026-08-11T16:50:18.682,1786459818.682153,26.135797,10,-45.000000,2.800000,50,-11.309317,0x02,single,44.249373,26,0.069597,25,0,No fault,False,,,,,,,,,,
2026-08-11T16:50:18.703,1786459818.703689,26.157370,10,-45.000000,2.800000,51,-11.692253,0x02,single,44.271230,-132,0.076923,25,0,No fault,False,,,,,,,,,,
2026-08-11T16:50:18.716,1786459818.716957,26.170611,10,-45.000000,2.800000,52,-12.446189,0x02,single,44.293087,-256,0.047619,25,0,No fault,False,,,,,,,,,,
2026-08-11T16:50:18.728,1786459818.728070,26.181714,10,-45.000000,2.800000,53,-12.909354,0x02,single,44.314944,-132,0.069597,25,0,No fault,False,,,,,,,,,,
2026-08-11T16:50:18.739,1786459818.739102,26.192739,10,-45.000000,2.800000,54,-13.304423,0x02,single,44.314944,26,0.106227,25,0,No fault,False,,,,,,,,,,
2026-08-11T16:50:18.750,1786459818.750029,26.203665,10,-45.000000,2.800000,55,-13.700192,0x02,single,44.336800,62,0.084249,26,0,No fault,False,,,,,,,,,,
2026-08-11T16:50:18.762,1786459818.762862,26.216513,10,-45.000000,2.800000,56,-14.098482,0x02,single,44.336800,185,0.091575,25,0,No fault,False,,,,,,,,,,
2026-08-11T16:50:18.773,1786459818.773987,26.227637,10,-45.000000,2.800000,57,-14.568317,0x02,single,44.336800,220,0.106227,25,0,No fault,False,,,,,,,,,,
2026-08-11T16:50:18.785,1786459818.785029,26.238677,10,-45.000000,2.800000,58,-14.978553,0x02,single,44.358657,203,0.062271,25,0,No fault,False,,,,,,,,,,
2026-08-11T16:50:18.798,1786459818.798606,26.252249,10,-45.000000,2.800000,59,-15.388912,0x02,single,44.358657,167,0.084249,26,0,No fault,False,,,,,,,,,,
2026-08-11T16:50:18.809,1786459818.809607,26.263260,10,-45.000000,2.800000,60,-15.895366,0x02,single,44.358657,-62,0.098901,25,0,No fault,False,,,,,,,,,,
2026-08-11T16:50:18.820,1786459818.820807,26.274449,10,-45.000000,2.800000,61,-16.314492,0x02,single,44.358657,-79,0.076923,25,0,No fault,False,,,,,,,,,,
2026-08-11T16:50:18.834,1786459818.834396,26.288050,10,-45.000000,2.800000,62,-16.736587,0x02,single,44.380514,26,0.076923,25,0,No fault,False,,,,,,,,,,
2026-08-11T16:50:18.845,1786459818.845505,26.299156,10,-45.000000,2.800000,63,-17.253336,0x02,single,44.358657,-238,0.084249,25,0,No fault,False,,,,,,,,,,
2026-08-11T16:50:18.856,1786459818.856503,26.310144,10,-45.000000,2.800000,64,-17.677411,0x02,single,44.380514,62,0.098901,25,0,No fault,False,,,,,,,,,,
2026-08-11T16:50:18.867,1786459818.867520,26.321168,10,-45.000000,2.800000,65,-18.098042,0x02,single,44.358657,-291,0.084249,25,0,No fault,False,,,,,,,,,,
2026-08-11T16:50:18.880,1786459818.880268,26.333907,10,-45.000000,2.800000,66,-18.529198,0x02,single,44.358657,-115,0.098901,25,0,No fault,False,,,,,,,,,,
2026-08-11T16:50:18.891,1786459818.891212,26.344853,10,-45.000000,2.800000,67,-19.016865,0x02,single,44.380514,132,0.069597,25,0,No fault,False,,,,,,,,,,
2026-08-11T16:50:18.913,1786459818.913406,26.367130,10,-45.000000,2.800000,68,-19.449428,0x02,single,44.380514,-9,0.069597,25,0,No fault,False,,,,,,,,,,
2026-08-11T16:50:18.926,1786459818.926713,26.380368,10,-45.000000,2.800000,69,-20.320233,0x02,single,44.380514,-44,0.069597,25,0,No fault,False,,,,,,,,,,
2026-08-11T16:50:18.937,1786459818.937730,26.391370,10,-45.000000,2.800000,70,-20.832312,0x02,single,44.380514,-26,0.098901,25,0,No fault,False,,,,,,,,,,
2026-08-11T16:50:18.948,1786459818.948735,26.402383,10,-45.000000,2.800000,71,-21.259502,0x02,single,44.380514,-167,0.091575,25,0,No fault,False,,,,,,,,,,
2026-08-11T16:50:18.959,1786459818.959897,26.413544,10,-45.000000,2.800000,72,-21.693879,0x02,single,44.380514,62,0.106227,25,0,No fault,False,,,,,,,,,,
2026-08-11T16:50:18.972,1786459818.972745,26.426395,10,-45.000000,2.800000,73,-22.130566,0x02,single,44.380514,-238,0.054945,25,0,No fault,False,,,,,,,,,,
2026-08-11T16:50:18.983,1786459818.983820,26.437479,10,-45.000000,2.800000,74,-22.635801,0x02,single,44.380514,-115,0.076923,25,0,No fault,False,,,,,,,,,,
2026-08-11T16:50:18.995,1786459818.995042,26.448684,10,-45.000000,2.800000,75,-23.076951,0x02,single,44.380514,132,0.098901,25,0,No fault,False,,,,,,,,,,
2026-08-11T16:50:19.008,1786459819.008608,26.462254,10,-45.000000,2.800000,76,-23.510428,0x02,single,44.380514,-62,0.098901,25,0,No fault,False,,,,,,,,,,
2026-08-11T16:50:19.019,1786459819.019715,26.473363,10,-45.000000,2.800000,77,-24.042632,0x02,single,44.380514,-62,0.076923,25,0,No fault,False,,,,,,,,,,
2026-08-11T16:50:19.031,1786459819.031102,26.484779,10,-45.000000,2.800000,78,-24.478351,0x02,single,44.380514,-79,0.076923,25,0,No fault,False,,,,,,,,,,
2026-08-11T16:50:19.044,1786459819.044923,26.498585,10,-45.000000,2.800000,79,-24.926852,0x02,single,44.402371,291,0.062271,26,0,No fault,False,,,,,,,,,,
2026-08-11T16:50:19.056,1786459819.056011,26.509653,10,-45.000000,2.800000,80,-25.462856,0x02,single,44.380514,-115,0.084249,25,0,No fault,False,,,,,,,,,,
2026-08-11T16:50:19.067,1786459819.067096,26.520740,10,-45.000000,2.800000,81,-25.892134,0x02,single,44.380514,-132,0.084249,25,0,No fault,False,,,,,,,,,,
2026-08-11T16:50:19.078,1786459819.078156,26.531810,10,-45.000000,2.800000,82,-26.321589,0x02,single,44.380514,-97,0.084249,25,0,No fault,False,,,,,,,,,,
2026-08-11T16:50:19.090,1786459819.090972,26.544620,10,-45.000000,2.800000,83,-26.754894,0x02,single,44.380514,-9,0.076923,25,0,No fault,False,,,,,,,,,,
2026-08-11T16:50:19.102,1786459819.102014,26.555650,10,-45.000000,2.800000,84,-27.242796,0x02,single,44.380514,115,0.113553,25,0,No fault,False,,,,,,,,,,
2026-08-11T16:50:19.119,1786459819.119344,26.572996,10,-45.000000,2.800000,85,-27.667131,0x02,single,44.402371,26,0.076923,25,0,No fault,False,,,,,,,,,,
2026-08-11T16:50:19.132,1786459819.132462,26.586111,10,-45.000000,2.800000,86,-28.329862,0x02,single,44.380514,-44,0.106227,25,0,No fault,False,,,,,,,,,,
2026-08-11T16:50:19.143,1786459819.143471,26.597112,10,-45.000000,2.800000,87,-28.821534,0x02,single,44.402371,150,0.106227,25,0,No fault,False,,,,,,,,,,
2026-08-11T16:50:19.154,1786459819.154420,26.608065,10,-45.000000,2.800000,88,-29.234321,0x02,single,44.380514,-238,0.076923,25,0,No fault,False,,,,,,,,,,
2026-08-11T16:50:19.165,1786459819.165379,26.619022,10,-45.000000,2.800000,89,-29.643400,0x02,single,44.402371,97,0.084249,26,0,No fault,False,,,,,,,,,,
2026-08-11T16:50:19.178,1786459819.178509,26.632157,10,-45.000000,2.800000,90,-30.054312,0x02,single,44.402371,62,0.084249,25,0,No fault,False,,,,,,,,,,
2026-08-11T16:50:19.189,1786459819.189500,26.643138,10,-45.000000,2.800000,91,-30.534905,0x02,single,44.402371,150,0.084249,25,0,No fault,False,,,,,,,,,,
2026-08-11T16:50:19.200,1786459819.200506,26.654146,10,-45.000000,2.800000,92,-30.935443,0x02,single,44.402371,79,0.076923,25,0,No fault,False,,,,,,,,,,
2026-08-11T16:50:19.211,1786459819.211457,26.665098,10,-45.000000,2.800000,93,-31.334581,0x02,single,44.402371,44,0.091575,25,0,No fault,False,,,,,,,,,,
2026-08-11T16:50:19.224,1786459819.224636,26.678286,10,-45.000000,2.800000,94,-31.742191,0x02,single,44.402371,44,0.076923,25,0,No fault,False,,,,,,,,,,
2026-08-11T16:50:19.235,1786459819.235771,26.689429,10,-45.000000,2.800000,95,-32.200070,0x02,single,44.402371,26,0.062271,25,0,No fault,False,,,,,,,,,,
2026-08-11T16:50:19.246,1786459819.246949,26.700606,10,-45.000000,2.800000,96,-32.592890,0x02,single,44.402371,167,0.091575,25,0,No fault,False,,,,,,,,,,
2026-08-11T16:50:19.260,1786459819.260640,26.714299,10,-45.000000,2.800000,97,-32.982488,0x02,single,44.402371,-9,0.062271,25,0,No fault,False,,,,,,,,,,
2026-08-11T16:50:19.271,1786459819.271787,26.725507,10,-45.000000,2.800000,98,-33.456596,0x02,single,44.402371,-9,0.069597,25,0,No fault,False,,,,,,,,,,
2026-08-11T16:50:19.283,1786459819.283206,26.736859,10,-45.000000,2.800000,99,-33.837823,0x02,single,44.380514,-150,0.076923,25,0,No fault,False,,,,,,,,,,
2026-08-11T16:50:19.296,1786459819.296211,26.749861,10,-45.000000,2.800000,100,-34.220508,0x02,single,44.402371,-9,0.106227,25,0,No fault,False,,,,,,,,,,
2026-08-11T16:50:19.307,1786459819.307339,26.760992,10,-45.000000,2.800000,101,-34.654787,0x02,single,44.402371,-9,0.069597,25,0,No fault,False,,,,,,,,,,
2026-08-11T16:50:19.328,1786459819.328979,26.782654,10,-45.000000,2.800000,102,-35.022739,0x02,single,44.402371,9,0.098901,25,0,No fault,False,,,,,,,,,,
2026-08-11T16:50:19.342,1786459819.342182,26.795837,10,-45.000000,2.800000,103,-35.728545,0x02,single,44.402371,-44,0.098901,25,0,No fault,False,,,,,,,,,,
2026-08-11T16:50:19.353,1786459819.353354,26.807007,10,-45.000000,2.800000,104,-36.133642,0x02,single,44.402371,-115,0.084249,25,0,No fault,False,,,,,,,,,,
2026-08-11T16:50:19.364,1786459819.364412,26.818059,10,-45.000000,2.800000,105,-36.480124,0x02,single,44.402371,203,0.098901,25,0,No fault,False,,,,,,,,,,
2026-08-11T16:50:19.378,1786459819.378039,26.831691,10,-45.000000,2.800000,106,-36.815777,0x02,single,44.402371,-26,0.098901,25,0,No fault,False,,,,,,,,,,
2026-08-11T16:50:19.389,1786459819.389167,26.842816,10,-45.000000,2.800000,107,-37.227135,0x02,single,44.380514,-185,0.106227,25,0,No fault,False,,,,,,,,,,
2026-08-11T16:50:19.400,1786459819.400219,26.853862,10,-45.000000,2.800000,108,-37.552597,0x02,single,44.402371,-44,0.062271,25,0,No fault,False,,,,,,,,,,
2026-08-11T16:50:19.413,1786459819.413808,26.867453,10,-45.000000,2.800000,109,-37.871561,0x02,single,44.402371,-26,0.062271,25,0,No fault,False,,,,,,,,,,
2026-08-11T16:50:19.424,1786459819.424906,26.878552,10,-45.000000,2.800000,110,-38.257788,0x02,single,44.402371,26,0.106227,25,0,No fault,False,,,,,,,,,,
2026-08-11T16:50:19.436,1786459819.436104,26.889772,10,-45.000000,2.800000,111,-38.565607,0x02,single,44.402371,9,0.098901,25,0,No fault,False,,,,,,,,,,
2026-08-11T16:50:19.449,1786459819.449998,26.903656,10,-45.000000,2.800000,112,-38.873521,0x02,single,44.402371,26,0.091575,25,0,No fault,False,,,,,,,,,,
2026-08-11T16:50:19.461,1786459819.461139,26.914786,10,-45.000000,2.800000,113,-39.241328,0x02,single,44.402371,9,0.106227,26,0,No fault,False,,,,,,,,,,
2026-08-11T16:50:19.472,1786459819.472203,26.925849,10,-45.000000,2.800000,114,-39.528406,0x02,single,44.402371,-97,0.069597,25,0,No fault,False,,,,,,,,,,
2026-08-11T16:50:19.485,1786459819.485825,26.939489,10,-45.000000,2.800000,115,-39.810021,0x02,single,44.402371,-26,0.069597,25,0,No fault,False,,,,,,,,,,
2026-08-11T16:50:19.496,1786459819.496909,26.950562,10,-45.000000,2.800000,116,-40.146903,0x02,single,44.402371,79,0.069597,26,0,No fault,False,,,,,,,,,,
2026-08-11T16:50:19.508,1786459819.508074,26.961735,10,-45.000000,2.800000,117,-40.413713,0x02,single,44.402371,-97,0.091575,25,0,No fault,False,,,,,,,,,,
2026-08-11T16:50:19.530,1786459819.530084,26.983743,10,-45.000000,2.800000,118,-40.676223,0x02,single,44.402371,26,0.106227,25,0,No fault,False,,,,,,,,,,
2026-08-11T16:50:19.541,1786459819.541268,26.994928,10,-45.000000,2.800000,119,-41.171877,0x02,single,44.402371,9,0.106227,25,0,No fault,False,,,,,,,,,,
2026-08-11T16:50:19.552,1786459819.552611,27.006262,10,-45.000000,2.800000,120,-41.415522,0x02,single,44.402371,150,0.069597,25,0,No fault,False,,,,,,,,,,
2026-08-11T16:50:19.566,1786459819.566324,27.019978,10,-45.000000,2.800000,121,-41.650364,0x02,single,39.244134,-5915,0.003663,25,0,No fault,False,,,,,,,,,,
2026-08-11T16:50:19.577,1786459819.577478,27.031145,10,-45.000000,2.800000,122,-41.927905,0x02,single,35.288028,-4769,-0.069597,25,0,No fault,False,,,,,,,,,,
2026-08-11T16:50:19.588,1786459819.588606,27.042258,10,-45.000000,2.800000,123,-42.145430,0x02,single,32.730766,-4592,-0.091575,25,0,No fault,False,,,,,,,,,,
2026-08-11T16:50:19.602,1786459819.602165,27.055829,10,-45.000000,2.800000,124,-42.353774,0x02,single,27.922239,-4399,-0.040293,26,0,No fault,False,,,,,,,,,,
2026-08-11T16:50:19.613,1786459819.613283,27.066934,10,-45.000000,2.800000,125,-42.599241,0x02,single,25.058980,-3288,-0.047619,25,0,No fault,False,,,,,,,,,,
2026-08-11T16:50:19.624,1786459819.624471,27.078120,10,-45.000000,2.800000,126,-42.791725,0x02,single,23.026285,-3253,0.003663,25,0,No fault,False,,,,,,,,,,
2026-08-11T16:50:19.638,1786459819.638210,27.091869,10,-45.000000,2.800000,127,-42.979643,0x02,single,19.616603,-2724,0.003663,25,0,No fault,False,,,,,,,,,,
2026-08-11T16:50:19.649,1786459819.649325,27.102985,10,-45.000000,2.800000,128,-43.195244,0x02,single,17.583907,-2477,-0.040293,25,0,No fault,False,,,,,,,,,,
2026-08-11T16:50:19.660,1786459819.660532,27.114185,10,-45.000000,2.800000,129,-43.363276,0x02,single,16.141349,-2107,-0.003663,25,0,No fault,False,,,,,,,,,,
2026-08-11T16:50:19.674,1786459819.674257,27.127918,10,-45.000000,2.800000,130,-43.523309,0x02,single,13.693372,-1948,-0.032967,25,0,No fault,False,,,,,,,,,,
2026-08-11T16:50:19.685,1786459819.685404,27.139082,10,-45.000000,2.800000,131,-43.709378,0x02,single,12.207100,-1948,-0.040293,25,0,No fault,False,,,,,,,,,,
2026-08-11T16:50:19.696,1786459819.696475,27.150128,10,-45.000000,2.800000,132,-43.851710,0x02,single,11.179824,-1930,-0.062271,25,0,No fault,False,,,,,,,,,,
2026-08-11T16:50:19.710,1786459819.710044,27.163693,10,-45.000000,2.800000,133,-43.984409,0x02,single,9.431269,-1595,-0.040293,25,0,No fault,False,,,,,,,,,,
2026-08-11T16:50:19.731,1786459819.731485,27.185146,10,-45.000000,2.800000,134,-44.136659,0x02,single,8.097996,-978,-0.025641,26,0,No fault,False,,,,,,,,,,
2026-08-11T16:50:19.742,1786459819.742941,27.196599,10,-45.000000,2.800000,135,-44.352800,0x02,single,7.136291,-978,-0.047619,25,0,No fault,False,,,,,,,,,,
2026-08-11T16:50:19.754,1786459819.754119,27.207772,10,-45.000000,2.800000,136,-44.455504,0x02,single,5.890445,-1225,-0.047619,26,0,No fault,False,,,,,,,,,,
2026-08-11T16:50:19.767,1786459819.767293,27.220954,10,-45.000000,2.800000,137,-44.547713,0x02,single,5.191023,-1278,-0.084249,25,0,No fault,False,,,,,,,,,,
2026-08-11T16:50:19.778,1786459819.778482,27.232131,10,-45.000000,2.800000,138,-44.644830,0x02,single,4.579029,-996,-0.047619,25,0,No fault,False,,,,,,,,,,
2026-08-11T16:50:19.789,1786459819.789409,27.243040,10,-45.000000,2.800000,139,-44.718109,0x02,single,3.923321,-873,-0.062271,25,0,No fault,False,,,,,,,,,,
2026-08-11T16:50:19.800,1786459819.800434,27.254082,10,-45.000000,2.800000,140,-44.781493,0x02,single,3.311326,-873,-0.025641,25,0,No fault,False,,,,,,,,,,
2026-08-11T16:50:19.813,1786459819.813242,27.266887,10,-45.000000,2.800000,141,-44.838334,0x02,single,2.699332,-714,-0.084249,26,0,No fault,False,,,,,,,,,,
2026-08-11T16:50:19.824,1786459819.824304,27.277943,10,-45.000000,2.800000,142,-44.892723,0x02,single,2.196622,-379,-0.091575,25,0,No fault,False,,,,,,,,,,
2026-08-11T16:50:19.835,1786459819.835339,27.288982,10,-45.000000,2.800000,143,-44.930685,0x02,single,1.737627,-555,-0.054945,26,0,No fault,False,,,,,,,,,,
2026-08-11T16:50:19.848,1786459819.848921,27.302571,10,-45.000000,2.800000,144,-44.960627,0x02,single,1.234917,-626,-0.091575,25,0,No fault,False,,,,,,,,,,
2026-08-11T16:50:19.860,1786459819.860109,27.313756,10,-45.000000,2.800000,145,-44.985954,0x02,single,0.819635,-220,-0.076923,26,0,No fault,False,,,,,,,,,,
2026-08-11T16:50:19.871,1786459819.871212,27.324855,10,-45.000000,2.800000,146,-44.997138,0x02,single,0.426210,-538,-0.047619,25,0,No fault,False,,,,,,,,,,
2026-08-11T16:50:19.884,1786459819.884808,27.338457,10,-45.000000,2.800000,147,-45.000000,0x02,single,-0.054642,-855,-0.076923,25,0,No fault,False,,,,,,,,,,
2026-08-11T16:50:19.895,1786459819.895902,27.349546,10,-45.000000,2.800000,148,-45.000000,0x02,single,-0.404353,-502,-0.054945,25,0,No fault,False,,,,,,,,,,
2026-08-11T16:50:19.907,1786459819.907014,27.360661,10,-45.000000,2.800000,149,-45.000000,0x02,single,-0.754064,-97,-0.076923,25,0,No fault,False,,,,,,,,,,
2026-08-11T16:50:19.920,1786459819.920655,27.374301,10,-45.000000,2.800000,150,-45.000000,0x02,single,-1.103775,-97,-0.062271,25,0,No fault,False,,,,,,,,,,
2026-08-11T16:50:19.938,1786459819.938413,27.392069,10,-45.000000,2.800000,151,-45.000000,0x02,single,-1.475343,-203,-0.040293,26,0,No fault,False,,,,,,,,,,
2026-08-11T16:50:19.952,1786459819.952189,27.405843,10,-45.000000,2.800000,152,-45.000000,0x02,single,-1.912482,-132,-0.084249,25,0,No fault,False,,,,,,,,,,
2026-08-11T16:50:19.963,1786459819.963459,27.417109,10,-45.000000,2.800000,153,-45.000000,0x02,single,-2.437049,-167,-0.069597,25,0,No fault,False,,,,,,,,,,
2026-08-11T16:50:19.974,1786459819.974462,27.428107,10,-45.000000,2.800000,154,-45.000000,0x02,single,-2.655618,-256,-0.113553,25,0,No fault,False,,,,,,,,,,
2026-08-11T16:50:19.988,1786459819.988142,27.441789,10,-45.000000,2.800000,155,-45.000000,0x02,single,-3.180185,-115,-0.106227,26,0,No fault,False,,,,,,,,,,
2026-08-11T16:50:19.999,1786459819.999176,27.452825,10,-45.000000,2.800000,156,-45.000000,0x02,single,-3.333183,-485,-0.091575,25,0,No fault,False,,,,,,,,,,
2026-08-11T16:50:20.010,1786459820.010197,27.463839,10,-45.000000,2.800000,157,-45.000000,0x02,single,-3.639180,-591,-0.120879,26,0,No fault,False,,,,,,,,,,
2026-08-11T16:50:20.024,1786459820.024363,27.478044,10,-45.000000,2.800000,158,-45.000000,0x02,single,-4.076319,-732,-0.062271,25,0,No fault,False,,,,,,,,,,
2026-08-11T16:50:20.035,1786459820.035848,27.489513,10,-45.000000,2.800000,159,-45.000000,0x02,single,-4.360459,-379,-0.047619,25,0,No fault,False,,,,,,,,,,
2026-08-11T16:50:20.047,1786459820.047278,27.500931,10,-45.000000,2.800000,160,-45.000000,0x02,single,-4.666456,-502,-0.069597,26,0,No fault,False,,,,,,,,,,
2026-08-11T16:50:20.060,1786459820.060111,27.513761,10,-45.000000,2.800000,161,-45.000000,0x02,single,-5.103595,-414,-0.069597,25,0,No fault,False,,,,,,,,,,
2026-08-11T16:50:20.071,1786459820.071347,27.525004,10,-45.000000,2.800000,162,-45.000000,0x02,single,-5.409592,-555,-0.047619,26,0,No fault,False,,,,,,,,,,
2026-08-11T16:50:20.082,1786459820.082490,27.536141,10,-45.000000,2.800000,163,-45.000000,0x02,single,-5.693733,-538,-0.113553,26,0,No fault,False,,,,,,,,,,
2026-08-11T16:50:20.096,1786459820.096090,27.549738,10,-45.000000,2.800000,164,-45.000000,0x02,single,-6.109014,-115,-0.076923,25,0,No fault,False,,,,,,,,,,
2026-08-11T16:50:20.107,1786459820.107167,27.560810,10,-45.000000,2.800000,165,-45.000000,0x02,single,-6.415012,-414,-0.091575,26,0,No fault,False,,,,,,,,,,
2026-08-11T16:50:20.118,1786459820.118145,27.571793,10,-45.000000,2.800000,166,-45.000000,0x02,single,-6.699152,-502,-0.120879,25,0,No fault,False,,,,,,,,,,
2026-08-11T16:50:20.129,1786459820.129318,27.582958,10,-45.000000,2.800000,167,-45.000000,0x02,single,-7.048863,-679,-0.091575,26,0,No fault,False,,,,,,,,,,
2026-08-11T16:50:20.150,1786459820.150207,27.603856,10,-45.000000,2.800000,168,-45.000000,0x02,single,-7.486002,-573,-0.091575,25,0,No fault,False,,,,,,,,,,
2026-08-11T16:50:20.163,1786459820.163311,27.616958,10,-45.000000,2.800000,169,-45.000000,0x02,single,-8.163567,-220,-0.091575,26,0,No fault,False,,,,,,,,,,
2026-08-11T16:50:20.174,1786459820.174445,27.628094,10,-45.000000,2.800000,170,-45.000000,0x02,single,-8.403993,-432,-0.091575,25,0,No fault,False,,,,,,,,,,
2026-08-11T16:50:20.185,1786459820.185471,27.639121,10,-45.000000,2.800000,171,-45.000000,0x02,single,-8.709990,-643,-0.128205,26,0,No fault,False,,,,,,,,,,
2026-08-11T16:50:20.198,1786459820.198990,27.652633,10,-45.000000,2.800000,172,-45.000000,0x02,single,-9.212700,-538,-0.113553,25,0,No fault,False,,,,,,,,,,
2026-08-11T16:50:20.210,1786459820.210062,27.663706,10,-45.000000,2.800000,173,-45.000000,0x02,single,-9.584268,-626,-0.076923,26,0,No fault,False,,,,,,,,,,
2026-08-11T16:50:20.221,1786459820.221075,27.674724,10,-45.000000,2.800000,174,-45.000000,0x02,single,-9.912122,-344,-0.069597,25,0,No fault,False,,,,,,,,,,
2026-08-11T16:50:20.232,1786459820.232200,27.685845,10,-45.000000,2.800000,175,-45.000000,0x02,single,-10.261833,-661,-0.106227,25,0,No fault,False,,,,,,,,,,
2026-08-11T16:50:20.245,1786459820.245042,27.698703,10,-45.000000,2.800000,176,-45.000000,0x02,single,-10.764542,-591,-0.120879,26,0,No fault,False,,,,,,,,,,
2026-08-11T16:50:20.256,1786459820.256225,27.709890,10,-45.000000,2.800000,177,-45.000000,0x02,single,-11.092396,-220,-0.106227,25,0,No fault,False,,,,,,,,,,
2026-08-11T16:50:20.267,1786459820.267396,27.721060,10,-45.000000,2.800000,178,-45.000000,0x02,single,-11.463964,-555,-0.069597,25,0,No fault,False,,,,,,,,,,
2026-08-11T16:50:20.281,1786459820.281153,27.734810,10,-45.000000,2.800000,179,-45.000000,0x02,single,-11.988531,-414,-0.098901,25,0,No fault,False,,,,,,,,,,
2026-08-11T16:50:20.292,1786459820.292216,27.745867,10,-45.000000,2.800000,180,-45.000000,0x02,single,-12.338242,-256,-0.062271,26,0,No fault,False,,,,,,,,,,
2026-08-11T16:50:20.303,1786459820.303105,27.756744,10,-45.000000,2.800000,181,-45.000000,0x02,single,-12.709810,-361,-0.069597,25,0,No fault,False,,,,,,,,,,
2026-08-11T16:50:20.314,1786459820.314044,27.767683,10,-45.000000,2.800000,182,-45.000000,0x02,single,-13.125092,-414,-0.054945,25,0,No fault,False,,,,,,,,,,
2026-08-11T16:50:20.327,1786459820.327009,27.780656,10,-45.000000,2.800000,183,-45.000000,0x02,single,-13.649658,-555,-0.076923,26,0,No fault,False,,,,,,,,,,
2026-08-11T16:50:20.338,1786459820.338024,27.791670,10,-45.000000,2.800000,184,-45.000000,0x02,single,-14.043083,-608,-0.040293,25,0,No fault,False,,,,,,,,,,
2026-08-11T16:50:20.359,1786459820.359476,27.813139,10,-45.000000,2.800000,185,-45.000000,0x02,single,-14.567650,-414,-0.069597,25,0,No fault,False,,,,,,,,,,
2026-08-11T16:50:20.372,1786459820.372615,27.826261,10,-45.000000,2.800000,186,-45.000000,0x02,single,-15.420070,-714,-0.062271,25,0,No fault,False,,,,,,,,,,
2026-08-11T16:50:20.383,1786459820.383727,27.837379,10,-45.000000,2.800000,187,-45.000000,0x02,single,-15.660497,-344,-0.113553,26,0,No fault,False,,,,,,,,,,
2026-08-11T16:50:20.394,1786459820.394848,27.848494,10,-45.000000,2.800000,188,-45.000000,0x02,single,-16.010208,-397,-0.128205,26,0,No fault,False,,,,,,,,,,
2026-08-11T16:50:20.408,1786459820.408441,27.862090,10,-45.000000,2.800000,189,-45.000000,0x02,single,-16.600345,-485,-0.069597,25,0,No fault,False,,,,,,,,,,
2026-08-11T16:50:20.419,1786459820.419484,27.873135,10,-45.000000,2.800000,190,-45.000000,0x02,single,-17.015627,-591,-0.076923,25,0,No fault,False,,,,,,,,,,
2026-08-11T16:50:20.430,1786459820.430589,27.884232,10,-45.000000,2.800000,191,-45.000000,0x02,single,-17.409052,-397,-0.032967,25,0,No fault,False,,,,,,,,,,
2026-08-11T16:50:20.444,1786459820.444177,27.897831,10,-45.000000,2.800000,192,-45.000000,0x02,single,-17.999189,-450,-0.032967,25,0,No fault,False,,,,,,,,,,
2026-08-11T16:50:20.455,1786459820.455265,27.908913,10,-45.000000,2.800000,193,-45.000000,0x02,single,-18.414471,-732,-0.098901,25,0,No fault,False,,,,,,,,,,
2026-08-11T16:50:20.466,1786459820.466329,27.919980,10,-45.000000,2.800000,194,-45.000000,0x02,single,-18.807896,-608,-0.091575,26,0,No fault,False,,,,,,,,,,
2026-08-11T16:50:20.479,1786459820.479976,27.933627,10,-45.000000,2.800000,195,-45.000000,0x02,single,-19.376176,-714,-0.120879,25,0,No fault,False,,,,,,,,,,
2026-08-11T16:50:20.491,1786459820.491130,27.944773,10,-45.000000,2.800000,196,-45.000000,0x02,single,-19.769601,-591,-0.084249,26,0,No fault,False,,,,,,,,,,
2026-08-11T16:50:20.502,1786459820.502127,27.955778,10,-45.000000,2.800000,197,-45.000000,0x02,single,-20.184883,-626,-0.084249,25,0,No fault,False,,,,,,,,,,
2026-08-11T16:50:20.515,1786459820.515804,27.969466,10,-45.000000,2.800000,198,-45.000000,0x02,single,-20.775020,-361,-0.084249,25,0,No fault,False,,,,,,,,,,
2026-08-11T16:50:20.527,1786459820.527066,27.980715,10,-45.000000,2.800000,199,-45.000000,0x02,single,-21.168445,-344,-0.076923,25,0,No fault,False,,,,,,,,,,
2026-08-11T16:50:20.538,1786459820.538153,27.991805,10,-45.000000,2.800000,200,-45.000000,0x02,single,-21.583727,-591,-0.069597,25,0,No fault,False,,,,,,,,,,
2026-08-11T16:50:20.562,1786459820.562257,28.015907,10,-45.000000,2.800000,201,-45.000000,0x02,single,-22.195721,-485,-0.047619,26,0,No fault,False,,,,,,,,,,
2026-08-11T16:50:20.573,1786459820.573811,28.027455,10,-45.000000,2.800000,202,-45.000000,0x02,single,-23.201141,-573,-0.040293,25,0,No fault,False,,,,,,,,,,
2026-08-11T16:50:20.584,1786459820.584900,28.038544,10,-45.000000,2.800000,203,-45.000000,0x02,single,-23.463424,-291,-0.113553,26,0,No fault,False,,,,,,,,,,
2026-08-11T16:50:20.595,1786459820.595946,28.049597,10,-45.000000,2.800000,204,-45.000000,0x02,single,-23.878706,-908,-0.062271,25,0,No fault,False,,,,,,,,,,
2026-08-11T16:50:20.609,1786459820.609088,28.062739,10,-45.000000,2.800000,205,-45.000000,0x02,single,-24.381415,-767,-0.084249,26,0,No fault,False,,,,,,,,,,
2026-08-11T16:50:20.620,1786459820.620195,28.073844,10,-45.000000,2.800000,206,-45.000000,0x02,single,-24.818554,-502,-0.076923,25,0,No fault,False,,,,,,,,,,
2026-08-11T16:50:20.631,1786459820.631290,28.084947,10,-45.000000,2.800000,207,-45.000000,0x02,single,-25.233836,-291,-0.054945,26,0,No fault,False,,,,,,,,,,
2026-08-11T16:50:20.644,1786459820.644859,28.098514,10,-45.000000,2.800000,208,-45.000000,0x02,single,-25.758402,-626,-0.084249,25,0,No fault,False,,,,,,,,,,
2026-08-11T16:50:20.655,1786459820.655912,28.109554,10,-45.000000,2.800000,209,-45.000000,0x02,single,-26.195541,-732,-0.069597,25,0,No fault,False,,,,,,,,,,
2026-08-11T16:50:20.666,1786459820.666957,28.120602,10,-45.000000,2.800000,210,-45.000000,0x02,single,-26.632680,-696,-0.054945,25,0,No fault,False,,,,,,,,,,
2026-08-11T16:50:20.678,1786459820.678057,28.131702,10,-45.000000,2.800000,211,-45.000000,0x02,single,-27.004248,-150,-0.098901,26,0,No fault,False,,,,,,,,,,
2026-08-11T16:50:20.690,1786459820.690939,28.144591,10,-45.000000,2.800000,212,-45.000000,0x02,single,-27.528814,-132,-0.076923,25,0,No fault,False,,,,,,,,,,
2026-08-11T16:50:20.701,1786459820.701993,28.155644,10,-45.000000,2.800000,213,-45.000000,0x02,single,-27.944096,-555,-0.098901,25,0,No fault,False,,,,,,,,,,
2026-08-11T16:50:20.713,1786459820.713000,28.166646,10,-45.000000,2.800000,214,-45.000000,0x02,single,-28.359378,-591,-0.098901,25,0,No fault,False,,,,,,,,,,
2026-08-11T16:50:20.724,1786459820.724013,28.177658,10,-45.000000,2.800000,215,-45.000000,0x02,single,-28.687232,-855,-0.084249,25,0,No fault,False,,,,,,,,,,
2026-08-11T16:50:20.736,1786459820.736802,28.190444,10,-45.000000,2.800000,216,-45.000000,0x02,single,-29.255513,-538,-0.120879,25,0,No fault,False,,,,,,,,,,
2026-08-11T16:50:20.747,1786459820.747755,28.201402,10,-45.000000,2.800000,217,-45.000000,0x02,single,-29.692651,-397,-0.018315,26,0,No fault,False,,,,,,,,,,
2026-08-11T16:50:20.770,1786459820.770233,28.223934,10,-45.000000,2.800000,218,-45.000000,0x02,single,-30.173504,-538,-0.069597,26,0,No fault,False,,,,,,,,,,
2026-08-11T16:50:20.783,1786459820.783571,28.237239,10,-45.000000,2.800000,219,-45.000000,0x02,single,-31.069639,-450,-0.062271,25,0,No fault,False,,,,,,,,,,
2026-08-11T16:50:20.795,1786459820.795165,28.248805,10,-45.000000,2.800000,220,-45.000000,0x02,single,-31.310065,-467,-0.062271,25,0,No fault,False,,,,,,,,,,
2026-08-11T16:50:20.806,1786459820.806291,28.259944,10,-45.000000,2.800000,221,-45.000000,0x02,single,-31.572348,-626,-0.098901,26,0,No fault,False,,,,,,,,,,
2026-08-11T16:50:20.819,1786459820.819437,28.273086,10,-45.000000,2.800000,222,-45.000000,0x02,single,-32.140629,-502,-0.069597,26,0,No fault,False,,,,,,,,,,
2026-08-11T16:50:20.830,1786459820.830621,28.284279,10,-45.000000,2.800000,223,-45.000000,0x02,single,-32.534053,-397,-0.091575,26,0,No fault,False,,,,,,,,,,
2026-08-11T16:50:20.841,1786459820.841993,28.295690,10,-45.000000,2.800000,224,-45.000000,0x02,single,-32.818194,-344,-0.040293,25,0,No fault,False,,,,,,,,,,
2026-08-11T16:50:20.855,1786459820.855269,28.308928,10,-45.000000,2.800000,225,-45.000000,0x02,single,-33.364617,-555,-0.091575,25,0,No fault,False,,,,,,,,,,
2026-08-11T16:50:20.866,1786459820.866491,28.320136,10,-45.000000,2.800000,226,-45.000000,0x02,single,-33.736185,-502,-0.040293,26,0,No fault,False,,,,,,,,,,
2026-08-11T16:50:20.877,1786459820.877603,28.331252,10,-45.000000,2.800000,227,-45.000000,0x02,single,-34.020325,-115,-0.076923,25,0,No fault,False,,,,,,,,,,
