wall_time_iso,wall_time_epoch_s,elapsed_s,phase_index,phase_command_erpm,phase_duration_s,sample_index,command_erpm,left_motor_id,left_motor_label,left_feedback_position_deg,left_feedback_speed_erpm,left_feedback_current_amps,left_feedback_temperature_c,left_feedback_error_code,left_feedback_error_description,right_motor_id,right_motor_label,right_feedback_position_deg,right_feedback_speed_erpm,right_feedback_current_amps,right_feedback_temperature_c,right_feedback_error_code,right_feedback_error_description,sync_error_erpm
2026-08-12T10:48:21.058,1786524501.058146,0.022628,1,2500,5.000000,1,2500,0x04,left,-0.098828,2523,0.483516,174,0,No fault,0x03,right,-0.516104,1094,2.300366,174,0,No fault,1429.00
2026-08-12T10:48:21.063,1786524501.063716,0.028174,1,2500,5.000000,2,2500,0x04,left,0.516104,2300,0.061538,174,0,No fault,0x03,right,-4.535122,1184,2.118681,174,0,No fault,1116.00
2026-08-12T10:48:21.069,1786524501.069556,0.034035,1,2500,5.000000,3,2500,0x04,left,1.109074,2389,0.149451,174,0,No fault,0x03,right,-0.098828,2523,0.483516,174,0,No fault,-134.00
2026-08-12T10:48:21.075,1786524501.075038,0.039519,1,2500,5.000000,4,2500,0x04,left,1.658120,2121,0.290110,171,0,No fault,0x03,right,-4.139809,2613,0.547985,173,0,No fault,-492.00
2026-08-12T10:48:21.080,1786524501.080495,0.044966,1,2500,5.000000,5,2500,0x04,left,2.316975,2523,0.196337,174,0,No fault,0x03,right,0.516104,2300,0.061538,174,0,No fault,223.00
2026-08-12T10:48:21.085,1786524501.085901,0.050377,1,2500,5.000000,6,2500,0x04,left,2.909945,2211,0.167033,172,0,No fault,0x03,right,-3.480954,2747,-0.002930,173,0,No fault,-536.00
2026-08-12T10:48:21.091,1786524501.091424,0.055898,1,2500,5.000000,7,2500,0x04,left,3.458992,2255,0.219780,174,0,No fault,0x03,right,1.109074,2389,0.149451,174,0,No fault,-134.00
2026-08-12T10:48:21.097,1786524501.097065,0.061533,1,2500,5.000000,8,2500,0x04,left,4.666894,2255,0.172894,175,0,No fault,0x03,right,-2.909945,2077,0.055678,176,0,No fault,178.00
2026-08-12T10:48:21.102,1786524501.102582,0.067091,1,2500,5.000000,9,2500,0x04,left,5.237902,2479,0.219780,175,0,No fault,0x03,right,1.658120,2121,0.290110,171,0,No fault,358.00
2026-08-12T10:48:21.108,1786524501.108272,0.072741,1,2500,5.000000,10,2500,0x04,left,5.830872,2434,0.178755,175,0,No fault,0x03,right,2.316975,2523,0.196337,174,0,No fault,-89.00
2026-08-12T10:48:21.113,1786524501.113667,0.078129,1,2500,5.000000,11,2500,0x04,left,6.423842,2479,0.225641,174,0,No fault,0x03,right,-1.724005,2613,0.155311,172,0,No fault,-134.00
2026-08-12T10:48:21.119,1786524501.119019,0.083480,1,2500,5.000000,12,2500,0x04,left,6.972888,2077,0.167033,175,0,No fault,0x03,right,2.909945,2211,0.167033,172,0,No fault,-134.00
2026-08-12T10:48:21.124,1786524501.124368,0.088832,1,2500,5.000000,13,2500,0x04,left,7.587820,2568,0.213919,174,0,No fault,0x03,right,-1.152997,2523,0.096703,173,0,No fault,45.00
2026-08-12T10:48:21.129,1786524501.129769,0.094250,1,2500,5.000000,14,2500,0x04,left,8.180790,2479,0.178755,175,0,No fault,0x03,right,3.458992,2255,0.219780,174,0,No fault,224.00
2026-08-12T10:48:21.135,1786524501.135133,0.099591,1,2500,5.000000,15,2500,0x04,left,8.751798,2345,0.231502,175,0,No fault,0x03,right,-0.560027,2434,0.167033,173,0,No fault,-89.00
2026-08-12T10:48:21.140,1786524501.140462,0.104924,1,2500,5.000000,16,2500,0x04,left,9.322806,2345,0.184615,174,0,No fault,0x03,right,4.073924,2434,0.202198,176,0,No fault,-89.00
2026-08-12T10:48:21.145,1786524501.145809,0.110275,1,2500,5.000000,17,2500,0x04,left,9.915776,2345,0.190476,177,0,No fault,0x03,right,0.010981,2166,0.260806,173,0,No fault,179.00
2026-08-12T10:48:21.151,1786524501.151169,0.115627,1,2500,5.000000,18,2500,0x04,left,10.508746,2434,0.172894,173,0,No fault,0x03,right,4.666894,2255,0.172894,175,0,No fault,179.00
2026-08-12T10:48:21.156,1786524501.156489,0.120949,1,2500,5.000000,19,2500,0x04,left,11.101716,2657,0.161172,174,0,No fault,0x03,right,0.581989,2523,0.196337,173,0,No fault,134.00
2026-08-12T10:48:21.161,1786524501.161856,0.126327,1,2500,5.000000,20,2500,0x04,left,11.672724,2434,0.202198,178,0,No fault,0x03,right,5.237902,2479,0.219780,175,0,No fault,-45.00
2026-08-12T10:48:21.167,1786524501.167399,0.131861,1,2500,5.000000,21,2500,0x04,left,12.243733,2166,0.190476,177,0,No fault,0x03,right,1.196921,2479,0.090842,172,0,No fault,-313.00
2026-08-12T10:48:21.172,1786524501.172730,0.137193,1,2500,5.000000,22,2500,0x04,left,12.836703,2211,0.143590,174,0,No fault,0x03,right,5.830872,2434,0.178755,175,0,No fault,-223.00
2026-08-12T10:48:21.178,1786524501.178184,0.142651,1,2500,5.000000,23,2500,0x04,left,13.407711,2300,0.202198,174,0,No fault,0x03,right,1.767929,2300,0.161172,173,0,No fault,0.00
2026-08-12T10:48:21.183,1786524501.183560,0.148031,1,2500,5.000000,24,2500,0x04,left,14.000681,2345,0.167033,174,0,No fault,0x03,right,6.423842,2479,0.225641,174,0,No fault,-134.00
2026-08-12T10:48:21.189,1786524501.189099,0.153564,1,2500,5.000000,25,2500,0x04,left,15.186621,2523,0.184615,175,0,No fault,0x03,right,2.360899,2255,0.167033,175,0,No fault,268.00
2026-08-12T10:48:21.195,1786524501.195079,0.159558,1,2500,5.000000,26,2500,0x04,left,15.757629,2255,0.167033,175,0,No fault,0x03,right,6.972888,2077,0.167033,175,0,No fault,178.00
2026-08-12T10:48:21.200,1786524501.200826,0.165297,1,2500,5.000000,27,2500,0x04,left,16.350599,2345,0.213919,174,0,No fault,0x03,right,7.587820,2568,0.213919,174,0,No fault,-223.00
2026-08-12T10:48:21.206,1786524501.206231,0.170697,1,2500,5.000000,28,2500,0x04,left,16.943569,2479,0.190476,174,0,No fault,0x03,right,3.502915,2211,0.155311,173,0,No fault,268.00
2026-08-12T10:48:21.211,1786524501.211621,0.176084,1,2500,5.000000,29,2500,0x04,left,17.514577,2345,0.172894,174,0,No fault,0x03,right,8.180790,2479,0.178755,175,0,No fault,-134.00
2026-08-12T10:48:21.216,1786524501.216986,0.181451,1,2500,5.000000,30,2500,0x04,left,18.085585,2255,0.202198,175,0,No fault,0x03,right,4.117847,2389,0.126007,173,0,No fault,-134.00
2026-08-12T10:48:21.222,1786524501.222355,0.186818,1,2500,5.000000,31,2500,0x04,left,18.700517,2657,0.202198,175,0,No fault,0x03,right,8.751798,2345,0.231502,175,0,No fault,312.00
2026-08-12T10:48:21.237,1786524501.237967,0.202442,1,2500,5.000000,32,2500,0x04,left,20.457465,2479,0.219780,175,0,No fault,0x03,right,4.688855,2345,0.208059,174,0,No fault,134.00
2026-08-12T10:48:21.248,1786524501.248501,0.212996,1,2500,5.000000,33,2500,0x04,left,21.028473,2389,0.190476,174,0,No fault,0x03,right,9.915776,2345,0.190476,177,0,No fault,44.00
2026-08-12T10:48:21.253,1786524501.253865,0.218318,1,2500,5.000000,34,2500,0x04,left,22.785422,2479,0.143590,174,0,No fault,0x03,right,5.852834,2211,0.202198,173,0,No fault,268.00
2026-08-12T10:48:21.259,1786524501.259143,0.223606,1,2500,5.000000,35,2500,0x04,left,23.114849,2345,0.213919,172,0,No fault,0x03,right,10.508746,2434,0.172894,173,0,No fault,-89.00
2026-08-12T10:48:21.264,1786524501.264477,0.228940,1,2500,5.000000,36,2500,0x04,left,23.685858,2434,0.208059,174,0,No fault,0x03,right,6.445804,2434,0.149451,172,0,No fault,0.00
2026-08-12T10:48:21.269,1786524501.269832,0.234301,1,2500,5.000000,37,2500,0x04,left,24.300789,2523,0.178755,175,0,No fault,0x03,right,11.101716,2657,0.161172,174,0,No fault,-134.00
2026-08-12T10:48:21.275,1786524501.275192,0.239652,1,2500,5.000000,38,2500,0x04,left,24.871798,2479,0.254945,172,0,No fault,0x03,right,7.038774,2523,0.102564,173,0,No fault,-44.00
2026-08-12T10:48:21.280,1786524501.280536,0.244991,1,2500,5.000000,39,2500,0x04,left,25.442806,2389,0.219780,178,0,No fault,0x03,right,11.672724,2434,0.202198,178,0,No fault,-45.00
2026-08-12T10:48:21.285,1786524501.285924,0.250399,1,2500,5.000000,40,2500,0x04,left,26.035776,2434,0.190476,174,0,No fault,0x03,right,7.631744,2613,0.161172,173,0,No fault,-179.00
2026-08-12T10:48:21.291,1786524501.291381,0.255852,1,2500,5.000000,41,2500,0x04,left,26.606784,2389,0.231502,175,0,No fault,0x03,right,12.243733,2166,0.190476,177,0,No fault,223.00
2026-08-12T10:48:21.296,1786524501.296744,0.261201,1,2500,5.000000,42,2500,0x04,left,27.221716,2657,0.172894,175,0,No fault,0x03,right,8.202752,2389,0.219780,173,0,No fault,268.00
2026-08-12T10:48:21.302,1786524501.302140,0.266602,1,2500,5.000000,43,2500,0x04,left,27.770762,2166,0.213919,175,0,No fault,0x03,right,12.836703,2211,0.143590,174,0,No fault,-45.00
2026-08-12T10:48:21.307,1786524501.307662,0.272132,1,2500,5.000000,44,2500,0x04,left,28.385694,2523,0.208059,175,0,No fault,0x03,right,8.795722,2345,0.167033,173,0,No fault,178.00
2026-08-12T10:48:21.313,1786524501.313175,0.277628,1,2500,5.000000,45,2500,0x04,left,28.956702,2389,0.196337,173,0,No fault,0x03,right,13.407711,2300,0.202198,174,0,No fault,89.00
2026-08-12T10:48:21.318,1786524501.318644,0.283102,1,2500,5.000000,46,2500,0x04,left,29.549672,2434,0.155311,174,0,No fault,0x03,right,9.388692,2702,0.108425,174,0,No fault,-268.00
2026-08-12T10:48:21.324,1786524501.324160,0.288631,1,2500,5.000000,47,2500,0x04,left,30.142642,2523,0.213919,174,0,No fault,0x03,right,9.981662,2389,0.102564,172,0,No fault,134.00
2026-08-12T10:48:21.329,1786524501.329655,0.294119,1,2500,5.000000,48,2500,0x04,left,30.713650,2211,0.161172,174,0,No fault,0x03,right,14.593651,2479,0.172894,174,0,No fault,-268.00
2026-08-12T10:48:21.335,1786524501.335078,0.299543,1,2500,5.000000,49,2500,0x04,left,31.899590,2300,0.178755,174,0,No fault,0x03,right,10.574632,2345,0.155311,171,0,No fault,-45.00
2026-08-12T10:48:21.340,1786524501.340427,0.304893,1,2500,5.000000,50,2500,0x04,left,32.492560,2479,0.155311,175,0,No fault,0x03,right,15.186621,2523,0.184615,175,0,No fault,-44.00
2026-08-12T10:48:21.345,1786524501.345745,0.310203,1,2500,5.000000,51,2500,0x04,left,33.063568,2166,0.190476,176,0,No fault,0x03,right,11.145640,2568,0.178755,173,0,No fault,-402.00
2026-08-12T10:48:21.351,1786524501.351042,0.315498,1,2500,5.000000,52,2500,0x04,left,33.656538,2479,0.178755,175,0,No fault,0x03,right,15.757629,2255,0.167033,175,0,No fault,224.00
2026-08-12T10:48:21.356,1786524501.356342,0.320801,1,2500,5.000000,53,2500,0x04,left,34.249508,2479,0.120147,176,0,No fault,0x03,right,11.738610,2300,0.143590,170,0,No fault,179.00
2026-08-12T10:48:21.361,1786524501.361689,0.326157,1,2500,5.000000,54,2500,0x04,left,34.820517,2434,0.184615,175,0,No fault,0x03,right,16.350599,2345,0.213919,174,0,No fault,89.00
2026-08-12T10:48:21.367,1786524501.367063,0.331525,1,2500,5.000000,55,2500,0x04,left,35.391525,2300,0.190476,174,0,No fault,0x03,right,12.353542,2389,0.079121,171,0,No fault,-89.00
2026-08-12T10:48:21.372,1786524501.372417,0.336879,1,2500,5.000000,56,2500,0x04,left,35.984495,2479,0.167033,174,0,No fault,0x03,right,16.943569,2479,0.190476,174,0,No fault,0.00
2026-08-12T10:48:21.377,1786524501.377738,0.342198,1,2500,5.000000,57,2500,0x04,left,36.577465,2613,0.190476,175,0,No fault,0x03,right,12.946512,2434,0.108425,173,0,No fault,179.00
2026-08-12T10:48:21.383,1786524501.383066,0.347532,1,2500,5.000000,58,2500,0x04,left,37.148473,2434,0.149451,175,0,No fault,0x03,right,17.514577,2345,0.172894,174,0,No fault,89.00
2026-08-12T10:48:21.388,1786524501.388433,0.352897,1,2500,5.000000,59,2500,0x04,left,37.741443,2345,0.172894,174,0,No fault,0x03,right,13.539482,2479,0.131868,174,0,No fault,-134.00
2026-08-12T10:48:21.393,1786524501.393782,0.358242,1,2500,5.000000,60,2500,0x04,left,38.312451,2255,0.190476,174,0,No fault,0x03,right,18.085585,2255,0.202198,175,0,No fault,0.00
2026-08-12T10:48:21.399,1786524501.399115,0.363578,1,2500,5.000000,61,2500,0x04,left,38.927383,2568,0.172894,174,0,No fault,0x03,right,14.132452,2389,0.143590,174,0,No fault,179.00
2026-08-12T10:48:21.404,1786524501.404469,0.368931,1,2500,5.000000,62,2500,0x04,left,39.520353,2523,0.126007,174,0,No fault,0x03,right,18.700517,2657,0.202198,175,0,No fault,-134.00
2026-08-12T10:48:21.409,1786524501.409792,0.374250,1,2500,5.000000,63,2500,0x04,left,40.091361,2121,0.190476,174,0,No fault,0x03,right,14.703460,2166,0.137729,172,0,No fault,-45.00
2026-08-12T10:48:21.415,1786524501.415084,0.379537,1,2500,5.000000,64,2500,0x04,left,40.684331,2479,0.225641,175,0,No fault,0x03,right,19.249563,2211,0.208059,172,0,No fault,268.00
2026-08-12T10:48:21.420,1786524501.420516,0.384972,1,2500,5.000000,65,2500,0x04,left,41.255339,2211,0.120147,174,0,No fault,0x03,right,15.318392,2479,0.073260,172,0,No fault,-268.00
2026-08-12T10:48:21.426,1786524501.426257,0.390711,1,2500,5.000000,66,2500,0x04,left,41.848309,2166,0.202198,174,0,No fault,0x03,right,19.864495,2345,0.161172,175,0,No fault,-179.00
2026-08-12T10:48:21.436,1786524501.436727,0.401221,1,2500,5.000000,67,2500,0x04,left,43.034249,2389,0.172894,175,0,No fault,0x03,right,21.028473,2389,0.190476,174,0,No fault,0.00
2026-08-12T10:48:21.442,1786524501.442147,0.406625,1,2500,5.000000,68,2500,0x04,left,43.627219,2300,0.208059,175,0,No fault,0x03,right,17.141226,2300,0.137729,173,0,No fault,0.00
2026-08-12T10:48:21.458,1786524501.458188,0.422694,1,2500,5.000000,69,2500,0x04,left,46.218718,2747,0.196337,174,0,No fault,0x03,right,18.371089,2345,0.079121,174,0,No fault,402.00
2026-08-12T10:48:21.463,1786524501.463855,0.428384,1,2500,5.000000,70,2500,0x04,left,46.482260,2166,0.237363,174,0,No fault,0x03,right,22.477956,2479,0.190476,176,0,No fault,-313.00
2026-08-12T10:48:21.469,1786524501.469556,0.434033,1,2500,5.000000,71,2500,0x04,left,46.833650,2389,0.196337,175,0,No fault,0x03,right,18.942097,2434,0.143590,170,0,No fault,-45.00
2026-08-12T10:48:21.474,1786524501.474987,0.439452,1,2500,5.000000,72,2500,0x04,left,47.404658,2300,0.184615,175,0,No fault,0x03,right,23.114849,2345,0.213919,172,0,No fault,-45.00
2026-08-12T10:48:21.480,1786524501.480371,0.444833,1,2500,5.000000,73,2500,0x04,left,47.997628,2568,0.219780,170,0,No fault,0x03,right,19.535067,2479,0.184615,172,0,No fault,89.00
2026-08-12T10:48:21.485,1786524501.485957,0.450480,1,2500,5.000000,74,2500,0x04,left,48.568636,2568,0.184615,174,0,No fault,0x03,right,23.685858,2434,0.208059,174,0,No fault,134.00
2026-08-12T10:48:21.491,1786524501.491684,0.456156,1,2500,5.000000,75,2500,0x04,left,49.754576,2300,0.213919,173,0,No fault,0x03,right,20.106076,2300,0.178755,173,0,No fault,0.00
2026-08-12T10:48:21.497,1786524501.497071,0.461523,1,2500,5.000000,76,2500,0x04,left,50.325584,2255,0.219780,175,0,No fault,0x03,right,24.300789,2523,0.178755,175,0,No fault,-268.00
2026-08-12T10:48:21.502,1786524501.502398,0.466859,1,2500,5.000000,77,2500,0x04,left,50.918554,2345,0.202198,175,0,No fault,0x03,right,20.699046,2523,0.149451,173,0,No fault,-178.00
2026-08-12T10:48:21.507,1786524501.507725,0.472177,1,2500,5.000000,78,2500,0x04,left,51.511524,2479,0.213919,175,0,No fault,0x03,right,24.871798,2479,0.254945,172,0,No fault,0.00
2026-08-12T10:48:21.513,1786524501.513065,0.477540,1,2500,5.000000,79,2500,0x04,left,52.082532,2345,0.231502,175,0,No fault,0x03,right,21.292016,2300,0.131868,173,0,No fault,45.00
2026-08-12T10:48:21.518,1786524501.518461,0.482926,1,2500,5.000000,80,2500,0x04,left,52.675502,2211,0.190476,176,0,No fault,0x03,right,25.442806,2389,0.219780,178,0,No fault,-178.00
2026-08-12T10:48:21.523,1786524501.523842,0.488310,1,2500,5.000000,81,2500,0x04,left,53.246511,2345,0.243223,177,0,No fault,0x03,right,21.884986,2345,0.167033,174,0,No fault,0.00
2026-08-12T10:48:21.529,1786524501.529294,0.493766,1,2500,5.000000,82,2500,0x04,left,53.839481,2211,0.172894,174,0,No fault,0x03,right,26.035776,2434,0.190476,174,0,No fault,-223.00
2026-08-12T10:48:21.534,1786524501.534764,0.499232,1,2500,5.000000,83,2500,0x04,left,54.432451,2166,0.184615,174,0,No fault,0x03,right,22.477956,2479,0.202198,173,0,No fault,-313.00
2026-08-12T10:48:21.540,1786524501.540140,0.504603,1,2500,5.000000,84,2500,0x04,left,55.003459,2211,0.231502,175,0,No fault,0x03,right,26.606784,2389,0.231502,175,0,No fault,-178.00
2026-08-12T10:48:21.545,1786524501.545583,0.510054,1,2500,5.000000,85,2500,0x04,left,55.596429,2523,0.190476,174,0,No fault,0x03,right,23.048964,2434,0.202198,170,0,No fault,89.00
2026-08-12T10:48:21.551,1786524501.551132,0.515598,1,2500,5.000000,86,2500,0x04,left,56.167437,2211,0.190476,174,0,No fault,0x03,right,27.221716,2657,0.172894,175,0,No fault,-446.00
2026-08-12T10:48:21.556,1786524501.556556,0.521010,1,2500,5.000000,87,2500,0x04,left,56.760407,2211,0.172894,173,0,No fault,0x03,right,27.770762,2166,0.213919,175,0,No fault,45.00
2026-08-12T10:48:21.561,1786524501.561887,0.526360,1,2500,5.000000,88,2500,0x04,left,57.353377,2613,0.190476,175,0,No fault,0x03,right,24.212942,2300,0.131868,173,0,No fault,313.00
2026-08-12T10:48:21.567,1786524501.567423,0.531884,1,2500,5.000000,89,2500,0x04,left,57.924385,2166,0.184615,176,0,No fault,0x03,right,28.385694,2523,0.208059,175,0,No fault,-357.00
2026-08-12T10:48:21.572,1786524501.572846,0.537303,1,2500,5.000000,90,2500,0x04,left,58.517355,2389,0.172894,175,0,No fault,0x03,right,24.805912,2523,0.219780,173,0,No fault,-134.00
2026-08-12T10:48:21.578,1786524501.578192,0.542650,1,2500,5.000000,91,2500,0x04,left,59.703295,2568,0.208059,174,0,No fault,0x03,right,28.956702,2389,0.196337,173,0,No fault,179.00
2026-08-12T10:48:21.583,1786524501.583536,0.547995,1,2500,5.000000,92,2500,0x04,left,60.274303,2389,0.190476,174,0,No fault,0x03,right,25.398882,2523,0.172894,173,0,No fault,-134.00
2026-08-12T10:48:21.588,1786524501.588914,0.553382,1,2500,5.000000,93,2500,0x04,left,60.845311,2255,0.196337,175,0,No fault,0x03,right,29.549672,2434,0.155311,174,0,No fault,-179.00
2026-08-12T10:48:21.594,1786524501.594285,0.558743,1,2500,5.000000,94,2500,0x04,left,61.438281,2211,0.190476,174,0,No fault,0x03,right,26.013814,2345,0.208059,171,0,No fault,-134.00
2026-08-12T10:48:21.599,1786524501.599594,0.564049,1,2500,5.000000,95,2500,0x04,left,62.031251,2434,0.219780,175,0,No fault,0x03,right,30.142642,2523,0.213919,174,0,No fault,-89.00
2026-08-12T10:48:21.604,1786524501.604915,0.569380,1,2500,5.000000,96,2500,0x04,left,62.602260,2300,0.149451,176,0,No fault,0x03,right,26.562860,2211,0.155311,174,0,No fault,89.00
2026-08-12T10:48:21.610,1786524501.610284,0.574745,1,2500,5.000000,97,2500,0x04,left,63.195230,2434,0.202198,174,0,No fault,0x03,right,30.713650,2211,0.161172,174,0,No fault,223.00
2026-08-12T10:48:21.615,1786524501.615615,0.580076,1,2500,5.000000,98,2500,0x04,left,63.766238,2300,0.196337,173,0,No fault,0x03,right,27.177792,2702,0.149451,172,0,No fault,-402.00
2026-08-12T10:48:21.620,1786524501.620973,0.585439,1,2500,5.000000,99,2500,0x04,left,64.381170,2568,0.167033,174,0,No fault,0x03,right,31.328582,2613,0.167033,177,0,No fault,-45.00
2026-08-12T10:48:21.626,1786524501.626323,0.590783,1,2500,5.000000,100,2500,0x04,left,64.930216,2166,0.225641,175,0,No fault,0x03,right,27.748800,2255,0.190476,175,0,No fault,-89.00
2026-08-12T10:48:21.641,1786524501.641841,0.606299,1,2500,5.000000,101,2500,0x04,left,66.731088,2434,0.213919,176,0,No fault,0x03,right,28.319808,2300,0.190476,173,0,No fault,134.00
2026-08-12T10:48:21.652,1786524501.652611,0.617087,1,2500,5.000000,102,2500,0x04,left,67.324058,2434,0.202198,177,0,No fault,0x03,right,28.912778,2211,0.167033,173,0,No fault,223.00
2026-08-12T10:48:21.657,1786524501.657959,0.622414,1,2500,5.000000,103,2500,0x04,left,69.059044,2255,0.178755,174,0,No fault,0x03,right,33.063568,2166,0.190476,176,0,No fault,89.00
2026-08-12T10:48:21.663,1786524501.663252,0.627716,1,2500,5.000000,104,2500,0x04,left,69.388472,2479,0.202198,172,0,No fault,0x03,right,29.483787,2166,0.131868,172,0,No fault,313.00
2026-08-12T10:48:21.668,1786524501.668602,0.633071,1,2500,5.000000,105,2500,0x04,left,69.981442,2613,0.202198,176,0,No fault,0x03,right,33.656538,2479,0.178755,175,0,No fault,134.00
2026-08-12T10:48:21.673,1786524501.673947,0.638401,1,2500,5.000000,106,2500,0x04,left,70.574412,2613,0.202198,175,0,No fault,0x03,right,30.076757,2255,0.161172,175,0,No fault,358.00
2026-08-12T10:48:21.679,1786524501.679257,0.643723,1,2500,5.000000,107,2500,0x04,left,71.145420,2211,0.167033,175,0,No fault,0x03,right,34.249508,2479,0.120147,176,0,No fault,-268.00
2026-08-12T10:48:21.684,1786524501.684815,0.649287,1,2500,5.000000,108,2500,0x04,left,71.738390,2255,0.172894,175,0,No fault,0x03,right,30.691688,2568,0.120147,174,0,No fault,-313.00
2026-08-12T10:48:21.690,1786524501.690320,0.654783,1,2500,5.000000,109,2500,0x04,left,72.331360,2300,0.178755,174,0,No fault,0x03,right,31.284658,2255,0.178755,173,0,No fault,45.00
2026-08-12T10:48:21.695,1786524501.695648,0.660108,1,2500,5.000000,110,2500,0x04,left,72.924330,2300,0.190476,174,0,No fault,0x03,right,35.391525,2300,0.190476,174,0,No fault,0.00
2026-08-12T10:48:21.701,1786524501.701099,0.665562,1,2500,5.000000,111,2500,0x04,left,73.517300,2434,0.213919,175,0,No fault,0x03,right,31.855667,2434,0.190476,172,0,No fault,0.00
2026-08-12T10:48:21.706,1786524501.706445,0.670902,1,2500,5.000000,112,2500,0x04,left,74.088308,2523,0.155311,175,0,No fault,0x03,right,35.984495,2479,0.167033,174,0,No fault,44.00
2026-08-12T10:48:21.711,1786524501.711744,0.676196,1,2500,5.000000,113,2500,0x04,left,74.681278,2434,0.167033,176,0,No fault,0x03,right,32.448637,2434,0.084982,171,0,No fault,0.00
2026-08-12T10:48:21.717,1786524501.717053,0.681513,1,2500,5.000000,114,2500,0x04,left,75.274248,2568,0.190476,175,0,No fault,0x03,right,36.577465,2613,0.190476,175,0,No fault,-45.00
2026-08-12T10:48:21.722,1786524501.722378,0.686836,1,2500,5.000000,115,2500,0x04,left,75.845256,2345,0.202198,174,0,No fault,0x03,right,33.019645,2077,0.126007,173,0,No fault,268.00
2026-08-12T10:48:21.727,1786524501.727684,0.692139,1,2500,5.000000,116,2500,0x04,left,76.460188,2389,0.196337,174,0,No fault,0x03,right,37.148473,2434,0.149451,175,0,No fault,-45.00
2026-08-12T10:48:21.732,1786524501.732947,0.697396,1,2500,5.000000,117,2500,0x04,left,77.031196,2389,0.161172,177,0,No fault,0x03,right,33.634577,2345,0.131868,171,0,No fault,44.00
2026-08-12T10:48:21.738,1786524501.738191,0.702650,1,2500,5.000000,118,2500,0x04,left,77.602205,2255,0.172894,174,0,No fault,0x03,right,37.741443,2345,0.172894,174,0,No fault,-90.00
2026-08-12T10:48:21.748,1786524501.748111,0.712573,1,2500,5.000000,119,2500,0x04,left,78.766183,2345,0.243223,175,0,No fault,0x03,right,38.312451,2255,0.190476,174,0,No fault,90.00
2026-08-12T10:48:21.753,1786524501.753870,0.718328,1,2500,5.000000,120,2500,0x04,left,79.359153,2389,0.184615,176,0,No fault,0x03,right,34.798555,2389,0.155311,174,0,No fault,0.00
2026-08-12T10:48:21.759,1786524501.759137,0.723585,1,2500,5.000000,121,2500,0x04,left,79.930161,2211,0.172894,175,0,No fault,0x03,right,38.927383,2568,0.172894,174,0,No fault,-357.00
2026-08-12T10:48:21.764,1786524501.764370,0.728823,1,2500,5.000000,122,2500,0x04,left,80.523131,2345,0.219780,176,0,No fault,0x03,right,35.391525,2434,0.049817,174,0,No fault,-89.00
2026-08-12T10:48:21.769,1786524501.769684,0.734147,1,2500,5.000000,123,2500,0x04,left,81.094139,2389,0.184615,174,0,No fault,0x03,right,39.520353,2523,0.126007,174,0,No fault,-134.00
2026-08-12T10:48:21.775,1786524501.775020,0.739476,1,2500,5.000000,124,2500,0x04,left,81.665147,2345,0.266667,174,0,No fault,0x03,right,35.984495,2345,0.149451,173,0,No fault,0.00
2026-08-12T10:48:21.780,1786524501.780317,0.744772,1,2500,5.000000,125,2500,0x04,left,82.280079,2479,0.161172,174,0,No fault,0x03,right,40.091361,2121,0.190476,174,0,No fault,358.00
2026-08-12T10:48:21.785,1786524501.785729,0.750184,1,2500,5.000000,126,2500,0x04,left,82.851087,2345,0.178755,175,0,No fault,0x03,right,36.577465,2434,0.167033,172,0,No fault,-89.00
2026-08-12T10:48:21.791,1786524501.791207,0.755669,1,2500,5.000000,127,2500,0x04,left,83.422095,2121,0.243223,174,0,No fault,0x03,right,40.684331,2479,0.225641,175,0,No fault,-358.00
2026-08-12T10:48:21.796,1786524501.796615,0.761074,1,2500,5.000000,128,2500,0x04,left,84.608035,2255,0.219780,171,0,No fault,0x03,right,37.148473,2434,0.161172,173,0,No fault,-179.00
2026-08-12T10:48:21.801,1786524501.801942,0.766395,1,2500,5.000000,129,2500,0x04,left,85.179044,2479,0.178755,175,0,No fault,0x03,right,41.255339,2211,0.120147,174,0,No fault,268.00
2026-08-12T10:48:21.807,1786524501.807234,0.771698,1,2500,5.000000,130,2500,0x04,left,85.772014,2568,0.143590,176,0,No fault,0x03,right,37.741443,2300,0.167033,174,0,No fault,268.00
2026-08-12T10:48:21.812,1786524501.812646,0.777108,1,2500,5.000000,131,2500,0x04,left,86.364984,2345,0.237363,176,0,No fault,0x03,right,41.848309,2166,0.202198,174,0,No fault,179.00
2026-08-12T10:48:21.818,1786524501.818343,0.782817,1,2500,5.000000,132,2500,0x04,left,86.935992,2345,0.202198,174,0,No fault,0x03,right,42.419317,2166,0.161172,175,0,No fault,179.00
2026-08-12T10:48:21.823,1786524501.823713,0.788181,1,2500,5.000000,133,2500,0x04,left,87.528962,2255,0.184615,173,0,No fault,0x03,right,43.034249,2389,0.172894,175,0,No fault,-134.00
2026-08-12T10:48:21.839,1786524501.839574,0.804039,1,2500,5.000000,134,2500,0x04,left,89.285910,2434,0.184615,174,0,No fault,0x03,right,43.627219,2300,0.208059,175,0,No fault,134.00
2026-08-12T10:48:21.844,1786524501.844932,0.809397,1,2500,5.000000,135,2500,0x04,left,89.878880,2345,0.167033,175,0,No fault,0x03,right,39.937628,2434,0.202198,175,0,No fault,-89.00
2026-08-12T10:48:21.860,1786524501.860497,0.824961,1,2500,5.000000,136,2500,0x04,left,92.140951,2479,0.196337,175,0,No fault,0x03,right,40.925912,2345,0.120147,173,0,No fault,134.00
2026-08-12T10:48:21.865,1786524501.865848,0.830313,1,2500,5.000000,137,2500,0x04,left,92.426455,2255,0.167033,174,0,No fault,0x03,right,41.518882,2389,0.155311,173,0,No fault,-134.00
2026-08-12T10:48:21.871,1786524501.871186,0.835641,1,2500,5.000000,138,2500,0x04,left,92.777844,2479,0.161172,174,0,No fault,0x03,right,42.177737,2657,0.178755,173,0,No fault,-178.00
2026-08-12T10:48:21.876,1786524501.876467,0.840921,1,2500,5.000000,139,2500,0x04,left,93.348853,2389,0.202198,174,0,No fault,0x03,right,46.218718,2747,0.196337,174,0,No fault,-358.00
2026-08-12T10:48:21.881,1786524501.881784,0.846253,1,2500,5.000000,140,2500,0x04,left,93.941823,2434,0.155311,174,0,No fault,0x03,right,46.482260,2166,0.237363,174,0,No fault,268.00
2026-08-12T10:48:21.887,1786524501.887147,0.851608,1,2500,5.000000,141,2500,0x04,left,94.534793,2300,0.120147,171,0,No fault,0x03,right,42.704822,2479,0.196337,175,0,No fault,-179.00
2026-08-12T10:48:21.892,1786524501.892460,0.856918,1,2500,5.000000,142,2500,0x04,left,95.105801,2345,0.213919,175,0,No fault,0x03,right,46.833650,2389,0.196337,175,0,No fault,-44.00
2026-08-12T10:48:21.897,1786524501.897935,0.862398,1,2500,5.000000,143,2500,0x04,left,95.698771,2568,0.161172,174,0,No fault,0x03,right,43.275830,2211,0.219780,175,0,No fault,357.00
2026-08-12T10:48:21.903,1786524501.903347,0.867811,1,2500,5.000000,144,2500,0x04,left,96.906673,2479,0.131868,178,0,No fault,0x03,right,47.404658,2300,0.184615,175,0,No fault,179.00
2026-08-12T10:48:21.908,1786524501.908705,0.873169,1,2500,5.000000,145,2500,0x04,left,97.455719,2523,0.149451,174,0,No fault,0x03,right,43.868800,2345,0.108425,174,0,No fault,178.00
2026-08-12T10:48:21.914,1786524501.914041,0.878499,1,2500,5.000000,146,2500,0x04,left,98.048689,2345,0.190476,178,0,No fault,0x03,right,47.997628,2568,0.219780,170,0,No fault,-223.00
2026-08-12T10:48:21.919,1786524501.919549,0.884011,1,2500,5.000000,147,2500,0x04,left,98.641659,2523,0.184615,176,0,No fault,0x03,right,44.461770,2255,0.167033,172,0,No fault,268.00
2026-08-12T10:48:21.924,1786524501.924907,0.889369,1,2500,5.000000,148,2500,0x04,left,99.212667,2255,0.161172,173,0,No fault,0x03,right,48.568636,2568,0.184615,174,0,No fault,-313.00
2026-08-12T10:48:21.930,1786524501.930281,0.894741,1,2500,5.000000,149,2500,0x04,left,99.783675,2300,0.172894,176,0,No fault,0x03,right,45.054740,2389,0.167033,173,0,No fault,-89.00
2026-08-12T10:48:21.935,1786524501.935647,0.900111,1,2500,5.000000,150,2500,0x04,left,100.398607,2523,0.167033,175,0,No fault,0x03,right,49.161606,2300,0.196337,174,0,No fault,223.00
2026-08-12T10:48:21.941,1786524501.941037,0.905517,1,2500,5.000000,151,2500,0x04,left,100.969615,2345,0.167033,175,0,No fault,0x03,right,45.647710,2479,0.196337,174,0,No fault,-134.00
2026-08-12T10:48:21.946,1786524501.946434,0.910913,1,2500,5.000000,152,2500,0x04,left,101.562585,2345,0.196337,174,0,No fault,0x03,right,49.754576,2300,0.213919,173,0,No fault,45.00
2026-08-12T10:48:21.951,1786524501.951933,0.916395,1,2500,5.000000,153,2500,0x04,left,102.133593,2345,0.184615,175,0,No fault,0x03,right,46.218718,2345,0.213919,173,0,No fault,0.00
2026-08-12T10:48:21.957,1786524501.957307,0.921783,1,2500,5.000000,154,2500,0x04,left,102.726563,2523,0.096703,175,0,No fault,0x03,right,50.325584,2255,0.219780,175,0,No fault,268.00
2026-08-12T10:48:21.962,1786524501.962748,0.927215,1,2500,5.000000,155,2500,0x04,left,103.319533,2613,0.213919,175,0,No fault,0x03,right,50.918554,2345,0.202198,175,0,No fault,268.00
2026-08-12T10:48:21.968,1786524501.968209,0.932661,1,2500,5.000000,156,2500,0x04,left,103.890542,2211,0.208059,172,0,No fault,0x03,right,47.404658,2345,0.143590,173,0,No fault,-134.00
2026-08-12T10:48:21.973,1786524501.973840,0.938291,1,2500,5.000000,157,2500,0x04,left,104.483512,2657,0.208059,176,0,No fault,0x03,right,51.511524,2479,0.213919,175,0,No fault,178.00
2026-08-12T10:48:21.979,1786524501.979095,0.943547,1,2500,5.000000,158,2500,0x04,left,105.054520,2345,0.219780,171,0,No fault,0x03,right,47.997628,2523,0.190476,174,0,No fault,-178.00
2026-08-12T10:48:21.984,1786524501.984422,0.948918,1,2500,5.000000,159,2500,0x04,left,105.625528,2389,0.137729,174,0,No fault,0x03,right,52.082532,2345,0.231502,175,0,No fault,44.00
2026-08-12T10:48:21.990,1786524501.990669,0.955136,1,2500,5.000000,160,2500,0x04,left,106.877354,2568,0.243223,174,0,No fault,0x03,right,48.568636,2300,0.178755,173,0,No fault,268.00
2026-08-12T10:48:21.996,1786524501.996001,0.960456,1,2500,5.000000,161,2500,0x04,left,107.448362,2255,0.219780,174,0,No fault,0x03,right,52.675502,2211,0.190476,176,0,No fault,44.00
2026-08-12T10:48:22.001,1786524502.001323,0.965788,1,2500,5.000000,162,2500,0x04,left,108.019370,2300,0.172894,170,0,No fault,0x03,right,49.161606,2523,0.126007,173,0,No fault,-223.00
2026-08-12T10:48:22.006,1786524502.006671,0.971130,1,2500,5.000000,163,2500,0x04,left,108.612340,2300,0.184615,175,0,No fault,0x03,right,53.246511,2345,0.243223,177,0,No fault,-45.00
2026-08-12T10:48:22.011,1786524502.011962,0.976425,1,2500,5.000000,164,2500,0x04,left,109.205310,2389,0.208059,174,0,No fault,0x03,right,49.754576,2345,0.131868,173,0,No fault,44.00
2026-08-12T10:48:22.017,1786524502.017260,0.981716,1,2500,5.000000,165,2500,0x04,left,109.776318,2211,0.260806,174,0,No fault,0x03,right,53.839481,2211,0.172894,174,0,No fault,0.00
2026-08-12T10:48:22.022,1786524502.022511,0.986962,1,2500,5.000000,166,2500,0x04,left,110.347326,2389,0.237363,174,0,No fault,0x03,right,50.347546,2434,0.114286,177,0,No fault,-45.00
2026-08-12T10:48:22.027,1786524502.027752,0.992205,1,2500,5.000000,167,2500,0x04,left,110.918334,2389,0.167033,174,0,No fault,0x03,right,54.432451,2166,0.184615,174,0,No fault,223.00
2026-08-12T10:48:22.038,1786524502.038101,1.002558,1,2500,5.000000,168,2500,0x04,left,112.104274,2389,0.243223,175,0,No fault,0x03,right,55.003459,2211,0.231502,175,0,No fault,178.00
2026-08-12T10:48:22.043,1786524502.043384,1.007839,1,2500,5.000000,169,2500,0x04,left,112.697244,2345,0.213919,174,0,No fault,0x03,right,51.533486,2345,0.184615,172,0,No fault,0.00
2026-08-12T10:48:22.048,1786524502.048663,1.013120,1,2500,5.000000,170,2500,0x04,left,113.268253,2389,0.213919,174,0,No fault,0x03,right,55.596429,2523,0.190476,174,0,No fault,-134.00
2026-08-12T10:48:22.064,1786524502.064154,1.028620,1,2500,5.000000,171,2500,0x04,left,115.442476,2300,0.184615,175,0,No fault,0x03,right,52.741388,2434,0.090842,177,0,No fault,-134.00
2026-08-12T10:48:22.069,1786524502.069608,1.034069,1,2500,5.000000,172,2500,0x04,left,115.727980,2345,0.196337,173,0,No fault,0x03,right,56.760407,2211,0.172894,173,0,No fault,134.00
2026-08-12T10:48:22.075,1786524502.075153,1.039627,1,2500,5.000000,173,2500,0x04,left,116.057408,2434,0.208059,174,0,No fault,0x03,right,57.353377,2613,0.190476,175,0,No fault,-179.00
2026-08-12T10:48:22.080,1786524502.080543,1.045002,1,2500,5.000000,174,2500,0x04,left,116.650378,2523,0.178755,174,0,No fault,0x03,right,53.927328,2434,0.143590,172,0,No fault,89.00
2026-08-12T10:48:22.085,1786524502.085866,1.050326,1,2500,5.000000,175,2500,0x04,left,117.221386,2255,0.126007,174,0,No fault,0x03,right,57.924385,2166,0.184615,176,0,No fault,89.00
2026-08-12T10:48:22.091,1786524502.091381,1.055849,1,2500,5.000000,176,2500,0x04,left,117.814356,2389,0.172894,175,0,No fault,0x03,right,54.520298,2345,0.131868,172,0,No fault,44.00
2026-08-12T10:48:22.096,1786524502.096896,1.061360,1,2500,5.000000,177,2500,0x04,left,118.978334,2255,0.178755,175,0,No fault,0x03,right,58.517355,2389,0.172894,175,0,No fault,-134.00
2026-08-12T10:48:22.102,1786524502.102386,1.066848,1,2500,5.000000,178,2500,0x04,left,119.549342,2166,0.155311,175,0,No fault,0x03,right,55.091306,2345,0.096703,175,0,No fault,-179.00
2026-08-12T10:48:22.107,1786524502.107773,1.072243,1,2500,5.000000,179,2500,0x04,left,120.164274,2434,0.190476,176,0,No fault,0x03,right,59.110325,2166,0.167033,175,0,No fault,268.00
2026-08-12T10:48:22.113,1786524502.113163,1.077627,1,2500,5.000000,180,2500,0x04,left,120.735282,2434,0.196337,174,0,No fault,0x03,right,55.662314,2211,0.114286,172,0,No fault,223.00
2026-08-12T10:48:22.118,1786524502.118519,1.082981,1,2500,5.000000,181,2500,0x04,left,121.328252,2255,0.190476,175,0,No fault,0x03,right,59.703295,2568,0.208059,174,0,No fault,-313.00
2026-08-12T10:48:22.123,1786524502.123877,1.088342,1,2500,5.000000,182,2500,0x04,left,121.899260,2255,0.225641,176,0,No fault,0x03,right,56.277246,2389,0.149451,173,0,No fault,-134.00
2026-08-12T10:48:22.129,1786524502.129257,1.093721,1,2500,5.000000,183,2500,0x04,left,122.492230,2613,0.149451,175,0,No fault,0x03,right,60.274303,2389,0.190476,174,0,No fault,224.00
2026-08-12T10:48:22.134,1786524502.134651,1.099114,1,2500,5.000000,184,2500,0x04,left,123.085200,2434,0.190476,174,0,No fault,0x03,right,56.870216,2479,0.155311,173,0,No fault,-45.00
2026-08-12T10:48:22.140,1786524502.140040,1.104510,1,2500,5.000000,185,2500,0x04,left,123.656209,2389,0.219780,175,0,No fault,0x03,right,60.845311,2255,0.196337,175,0,No fault,134.00
2026-08-12T10:48:22.145,1786524502.145461,1.109931,1,2500,5.000000,186,2500,0x04,left,124.227217,2300,0.155311,175,0,No fault,0x03,right,57.441224,2300,0.149451,173,0,No fault,0.00
2026-08-12T10:48:22.150,1786524502.150849,1.115319,1,2500,5.000000,187,2500,0x04,left,124.820187,2345,0.196337,175,0,No fault,0x03,right,61.438281,2211,0.190476,174,0,No fault,134.00
2026-08-12T10:48:22.156,1786524502.156238,1.120702,1,2500,5.000000,188,2500,0x04,left,125.391195,2300,0.155311,174,0,No fault,0x03,right,58.034194,2389,0.131868,173,0,No fault,-89.00
2026-08-12T10:48:22.161,1786524502.161830,1.126295,1,2500,5.000000,189,2500,0x04,left,125.984165,2479,0.184615,176,0,No fault,0x03,right,62.031251,2434,0.219780,175,0,No fault,45.00
2026-08-12T10:48:22.167,1786524502.167446,1.131915,1,2500,5.000000,190,2500,0x04,left,126.577135,2657,0.190476,178,0,No fault,0x03,right,62.602260,2300,0.149451,176,0,No fault,357.00
2026-08-12T10:48:22.172,1786524502.172843,1.137307,1,2500,5.000000,191,2500,0x04,left,127.301876,2479,0.202198,174,0,No fault,0x03,right,59.242096,2568,0.143590,174,0,No fault,-89.00
2026-08-12T10:48:22.178,1786524502.178172,1.142628,1,2500,5.000000,192,2500,0x04,left,127.894846,2389,0.202198,176,0,No fault,0x03,right,63.195230,2434,0.202198,174,0,No fault,-45.00
2026-08-12T10:48:22.183,1786524502.183484,1.147949,1,2500,5.000000,193,2500,0x04,left,128.465854,2389,0.167033,174,0,No fault,0x03,right,59.813104,2479,0.202198,173,0,No fault,-90.00
2026-08-12T10:48:22.188,1786524502.188891,1.153354,1,2500,5.000000,194,2500,0x04,left,129.058824,2345,0.167033,174,0,No fault,0x03,right,63.766238,2300,0.196337,173,0,No fault,45.00
2026-08-12T10:48:22.194,1786524502.194257,1.158710,1,2500,5.000000,195,2500,0x04,left,129.629832,2211,0.219780,175,0,No fault,0x03,right,60.384113,2434,0.143590,172,0,No fault,-223.00
2026-08-12T10:48:22.199,1786524502.199580,1.164046,1,2500,5.000000,196,2500,0x04,left,130.222802,2389,0.231502,174,0,No fault,0x03,right,64.381170,2568,0.167033,174,0,No fault,-179.00
2026-08-12T10:48:22.205,1786524502.205083,1.169547,1,2500,5.000000,197,2500,0x04,left,130.815772,2389,0.149451,174,0,No fault,0x03,right,60.977083,2389,0.120147,173,0,No fault,0.00
2026-08-12T10:48:22.210,1786524502.210565,1.175031,1,2500,5.000000,198,2500,0x04,left,132.001712,2434,0.190476,176,0,No fault,0x03,right,64.930216,2166,0.225641,175,0,No fault,268.00
2026-08-12T10:48:22.215,1786524502.215963,1.180431,1,2500,5.000000,199,2500,0x04,left,132.594682,2568,0.161172,175,0,No fault,0x03,right,61.570053,2434,0.172894,173,0,No fault,134.00
2026-08-12T10:48:22.221,1786524502.221317,1.185784,1,2500,5.000000,200,2500,0x04,left,133.165691,2255,0.213919,174,0,No fault,0x03,right,65.523186,2434,0.172894,173,0,No fault,-179.00
2026-08-12T10:48:22.227,1786524502.227817,1.192280,1,2500,5.000000,201,2500,0x04,left,133.758661,2389,0.161172,174,0,No fault,0x03,right,66.160080,2389,0.167033,174,0,No fault,0.00
2026-08-12T10:48:22.233,1786524502.233119,1.197575,1,2500,5.000000,202,2500,0x04,left,134.329669,2211,0.172894,174,0,No fault,0x03,right,66.731088,2434,0.213919,176,0,No fault,-223.00
2026-08-12T10:48:22.243,1786524502.243662,1.208139,1,2500,5.000000,203,2500,0x04,left,135.515609,2434,0.190476,175,0,No fault,0x03,right,67.324058,2434,0.202198,177,0,No fault,0.00
2026-08-12T10:48:22.249,1786524502.249092,1.213582,1,2500,5.000000,204,2500,0x04,left,136.086617,2345,0.190476,175,0,No fault,0x03,right,63.656428,2434,0.131868,175,0,No fault,-89.00
2026-08-12T10:48:22.254,1786524502.254555,1.219024,1,2500,5.000000,205,2500,0x04,left,136.679587,2389,0.167033,174,0,No fault,0x03,right,63.985856,2568,0.114286,170,0,No fault,-179.00
2026-08-12T10:48:22.270,1786524502.270230,1.234699,1,2500,5.000000,206,2500,0x04,left,138.963620,2211,0.190476,175,0,No fault,0x03,right,65.149834,2300,0.196337,173,0,No fault,-89.00
2026-08-12T10:48:22.275,1786524502.275609,1.240072,1,2500,5.000000,207,2500,0x04,left,139.249124,2345,0.213919,174,0,No fault,0x03,right,69.059044,2255,0.178755,174,0,No fault,90.00
2026-08-12T10:48:22.281,1786524502.281149,1.245615,1,2500,5.000000,208,2500,0x04,left,139.600513,2434,0.167033,175,0,No fault,0x03,right,69.388472,2479,0.202198,172,0,No fault,-45.00
2026-08-12T10:48:22.287,1786524502.287196,1.251664,1,2500,5.000000,209,2500,0x04,left,140.193483,2389,0.225641,174,0,No fault,0x03,right,69.981442,2613,0.202198,176,0,No fault,-224.00
2026-08-12T10:48:22.292,1786524502.292606,1.257070,1,2500,5.000000,210,2500,0x04,left,141.357461,2255,0.213919,175,0,No fault,0x03,right,66.313813,2300,0.196337,172,0,No fault,-45.00
2026-08-12T10:48:22.297,1786524502.297966,1.262435,1,2500,5.000000,211,2500,0x04,left,141.928470,2121,0.213919,177,0,No fault,0x03,right,70.574412,2613,0.202198,175,0,No fault,-492.00
2026-08-12T10:48:22.303,1786524502.303410,1.267874,1,2500,5.000000,212,2500,0x04,left,142.521440,2345,0.137729,173,0,No fault,0x03,right,66.928744,2479,0.120147,173,0,No fault,-134.00
2026-08-12T10:48:22.308,1786524502.308790,1.273248,1,2500,5.000000,213,2500,0x04,left,143.136371,2389,0.225641,174,0,No fault,0x03,right,71.145420,2211,0.167033,175,0,No fault,178.00
2026-08-12T10:48:22.314,1786524502.314116,1.278582,1,2500,5.000000,214,2500,0x04,left,143.685418,2300,0.219780,175,0,No fault,0x03,right,67.499753,2389,0.149451,175,0,No fault,-89.00
2026-08-12T10:48:22.319,1786524502.319516,1.283982,1,2500,5.000000,215,2500,0x04,left,144.278388,2300,0.161172,173,0,No fault,0x03,right,71.738390,2255,0.172894,175,0,No fault,45.00
2026-08-12T10:48:22.324,1786524502.324867,1.289327,1,2500,5.000000,216,2500,0x04,left,144.849396,2077,0.213919,174,0,No fault,0x03,right,68.114684,2479,0.196337,173,0,No fault,-402.00
2026-08-12T10:48:22.330,1786524502.330196,1.294657,1,2500,5.000000,217,2500,0x04,left,145.442366,2345,0.178755,174,0,No fault,0x03,right,72.331360,2300,0.178755,174,0,No fault,45.00
2026-08-12T10:48:22.335,1786524502.335576,1.300044,1,2500,5.000000,218,2500,0x04,left,146.035336,2523,0.167033,175,0,No fault,0x03,right,68.707654,2300,0.161172,172,0,No fault,223.00
2026-08-12T10:48:22.340,1786524502.340985,1.305449,1,2500,5.000000,219,2500,0x04,left,146.606344,2389,0.225641,176,0,No fault,0x03,right,72.924330,2300,0.190476,174,0,No fault,89.00
2026-08-12T10:48:22.346,1786524502.346365,1.310830,1,2500,5.000000,220,2500,0x04,left,147.199314,2479,0.178755,175,0,No fault,0x03,right,69.278663,2479,0.137729,172,0,No fault,0.00
2026-08-12T10:48:22.351,1786524502.351779,1.316250,1,2500,5.000000,221,2500,0x04,left,147.792284,2479,0.208059,174,0,No fault,0x03,right,73.517300,2434,0.213919,175,0,No fault,45.00
2026-08-12T10:48:22.357,1786524502.357167,1.321631,1,2500,5.000000,222,2500,0x04,left,148.385254,2523,0.190476,175,0,No fault,0x03,right,69.849671,2345,0.114286,173,0,No fault,178.00
2026-08-12T10:48:22.362,1786524502.362678,1.327140,1,2500,5.000000,223,2500,0x04,left,148.956262,2345,0.149451,174,0,No fault,0x03,right,74.088308,2523,0.155311,175,0,No fault,-178.00
2026-08-12T10:48:22.368,1786524502.368239,1.332706,1,2500,5.000000,224,2500,0x04,left,149.549232,2300,0.172894,175,0,No fault,0x03,right,70.464603,2568,0.143590,173,0,No fault,-268.00
2026-08-12T10:48:22.373,1786524502.373703,1.338164,1,2500,5.000000,225,2500,0x04,left,150.142202,2613,0.184615,174,0,No fault,0x03,right,71.035611,2523,0.167033,173,0,No fault,90.00
2026-08-12T10:48:22.379,1786524502.379323,1.343789,1,2500,5.000000,226,2500,0x04,left,150.735172,2479,0.126007,175,0,No fault,0x03,right,75.274248,2568,0.190476,175,0,No fault,-89.00
2026-08-12T10:48:22.384,1786524502.384793,1.349261,1,2500,5.000000,227,2500,0x04,left,151.921112,2345,0.190476,175,0,No fault,0x03,right,71.628581,2523,0.149451,175,0,No fault,-178.00
2026-08-12T10:48:22.390,1786524502.390149,1.354607,1,2500,5.000000,228,2500,0x04,left,152.514082,2434,0.184615,176,0,No fault,0x03,right,75.845256,2345,0.202198,174,0,No fault,89.00
2026-08-12T10:48:22.395,1786524502.395483,1.359946,1,2500,5.000000,229,2500,0x04,left,153.085090,2166,0.190476,173,0,No fault,0x03,right,72.199589,2255,0.114286,174,0,No fault,-89.00
2026-08-12T10:48:22.400,1786524502.400835,1.365298,1,2500,5.000000,230,2500,0x04,left,153.678060,2389,0.167033,178,0,No fault,0x03,right,76.460188,2389,0.196337,174,0,No fault,0.00
2026-08-12T10:48:22.406,1786524502.406172,1.370634,1,2500,5.000000,231,2500,0x04,left,154.249069,2032,0.108425,176,0,No fault,0x03,right,72.814521,2434,0.090842,172,0,No fault,-402.00
2026-08-12T10:48:22.411,1786524502.411506,1.375968,1,2500,5.000000,232,2500,0x04,left,154.864001,2300,0.161172,173,0,No fault,0x03,right,77.031196,2389,0.161172,177,0,No fault,-89.00
2026-08-12T10:48:22.416,1786524502.416876,1.381334,1,2500,5.000000,233,2500,0x04,left,155.435009,2255,0.184615,174,0,No fault,0x03,right,73.407491,2479,0.137729,173,0,No fault,-224.00
2026-08-12T10:48:22.422,1786524502.422202,1.386667,1,2500,5.000000,234,2500,0x04,left,156.027979,2255,0.190476,174,0,No fault,0x03,right,77.602205,2255,0.172894,174,0,No fault,0.00
2026-08-12T10:48:22.427,1786524502.427573,1.392037,1,2500,5.000000,235,2500,0x04,left,156.598987,2389,0.161172,174,0,No fault,0x03,right,74.000461,2479,0.137729,171,0,No fault,-90.00
2026-08-12T10:48:22.432,1786524502.432943,1.397406,1,2500,5.000000,236,2500,0x04,left,157.191957,2479,0.137729,175,0,No fault,0x03,right,78.173213,2300,0.208059,174,0,No fault,179.00
2026-08-12T10:48:22.448,1786524502.448655,1.413149,1,2500,5.000000,237,2500,0x04,left,159.014791,2479,0.143590,174,0,No fault,0x03,right,74.593431,2479,0.126007,173,0,No fault,0.00
2026-08-12T10:48:22.454,1786524502.454117,1.418585,1,2500,5.000000,238,2500,0x04,left,159.585799,2166,0.131868,171,0,No fault,0x03,right,75.164439,2300,0.073260,173,0,No fault,-134.00
2026-08-12T10:48:22.469,1786524502.469742,1.434213,1,2500,5.000000,239,2500,0x04,left,161.847870,2300,0.225641,175,0,No fault,0x03,right,79.930161,2211,0.172894,175,0,No fault,89.00
2026-08-12T10:48:22.475,1786524502.475123,1.439587,1,2500,5.000000,240,2500,0x04,left,162.155335,2389,0.225641,175,0,No fault,0x03,right,76.328417,2121,0.178755,172,0,No fault,268.00
2026-08-12T10:48:22.480,1786524502.480491,1.444956,1,2500,5.000000,241,2500,0x04,left,162.484763,2434,0.149451,174,0,No fault,0x03,right,80.523131,2345,0.219780,176,0,No fault,89.00
2026-08-12T10:48:22.485,1786524502.485880,1.450351,1,2500,5.000000,242,2500,0x04,left,163.077733,2479,0.172894,175,0,No fault,0x03,right,76.965311,2657,0.149451,173,0,No fault,-178.00
2026-08-12T10:48:22.491,1786524502.491267,1.455729,1,2500,5.000000,243,2500,0x04,left,163.670703,2479,0.225641,178,0,No fault,0x03,right,81.094139,2389,0.184615,174,0,No fault,90.00
2026-08-12T10:48:22.496,1786524502.496610,1.461069,1,2500,5.000000,244,2500,0x04,left,164.241711,2345,0.202198,176,0,No fault,0x03,right,77.536319,2657,0.161172,172,0,No fault,-312.00
2026-08-12T10:48:22.502,1786524502.502269,1.466733,1,2500,5.000000,245,2500,0x04,left,164.834681,2479,0.231502,175,0,No fault,0x03,right,81.665147,2345,0.266667,174,0,No fault,134.00
2026-08-12T10:48:22.507,1786524502.507752,1.472215,1,2500,5.000000,246,2500,0x04,left,165.998660,2345,0.184615,177,0,No fault,0x03,right,78.129289,2389,0.108425,173,0,No fault,-44.00
2026-08-12T10:48:22.513,1786524502.513107,1.477577,1,2500,5.000000,247,2500,0x04,left,166.569668,2255,0.219780,174,0,No fault,0x03,right,82.280079,2479,0.161172,174,0,No fault,-224.00
2026-08-12T10:48:22.518,1786524502.518491,1.482960,1,2500,5.000000,248,2500,0x04,left,167.162638,2434,0.213919,176,0,No fault,0x03,right,78.722259,2434,0.131868,173,0,No fault,0.00
2026-08-12T10:48:22.523,1786524502.523865,1.488330,1,2500,5.000000,249,2500,0x04,left,167.755608,2523,0.202198,174,0,No fault,0x03,right,82.851087,2345,0.178755,175,0,No fault,178.00
2026-08-12T10:48:22.529,1786524502.529335,1.493796,1,2500,5.000000,250,2500,0x04,left,168.326616,2300,0.208059,173,0,No fault,0x03,right,79.315229,2345,0.149451,171,0,No fault,-45.00
2026-08-12T10:48:22.534,1786524502.534846,1.499310,1,2500,5.000000,251,2500,0x04,left,168.919586,2479,0.184615,175,0,No fault,0x03,right,79.886237,2255,0.190476,171,0,No fault,224.00
2026-08-12T10:48:22.540,1786524502.540200,1.504673,1,2500,5.000000,252,2500,0x04,left,169.490594,2300,0.196337,174,0,No fault,0x03,right,84.037027,2300,0.202198,175,0,No fault,0.00
2026-08-12T10:48:22.545,1786524502.545564,1.510023,1,2500,5.000000,253,2500,0x04,left,170.083564,2300,0.237363,174,0,No fault,0x03,right,80.479207,2434,0.137729,175,0,No fault,-134.00
2026-08-12T10:48:22.550,1786524502.550941,1.515412,1,2500,5.000000,254,2500,0x04,left,170.654572,2434,0.213919,175,0,No fault,0x03,right,84.608035,2255,0.219780,171,0,No fault,179.00
2026-08-12T10:48:22.556,1786524502.556457,1.520942,1,2500,5.000000,255,2500,0x04,left,171.247542,2434,0.167033,176,0,No fault,0x03,right,81.072177,2434,0.137729,173,0,No fault,0.00
2026-08-12T10:48:22.561,1786524502.561939,1.526406,1,2500,5.000000,256,2500,0x04,left,171.840512,2345,0.190476,174,0,No fault,0x03,right,85.179044,2479,0.178755,175,0,No fault,-134.00
2026-08-12T10:48:22.567,1786524502.567319,1.531779,1,2500,5.000000,257,2500,0x04,left,172.433482,2523,0.225641,174,0,No fault,0x03,right,81.665147,2434,0.167033,173,0,No fault,89.00
2026-08-12T10:48:22.572,1786524502.572618,1.537075,1,2500,5.000000,258,2500,0x04,left,173.004490,2568,0.231502,174,0,No fault,0x03,right,85.772014,2568,0.143590,176,0,No fault,0.00
2026-08-12T10:48:22.577,1786524502.577902,1.542356,1,2500,5.000000,259,2500,0x04,left,173.575499,2434,0.190476,174,0,No fault,0x03,right,82.236155,2255,0.155311,172,0,No fault,179.00
2026-08-12T10:48:22.583,1786524502.583209,1.547673,1,2500,5.000000,260,2500,0x04,left,174.168469,2523,0.126007,175,0,No fault,0x03,right,86.364984,2345,0.237363,176,0,No fault,178.00
2026-08-12T10:48:22.588,1786524502.588565,1.553040,1,2500,5.000000,261,2500,0x04,left,174.761439,2523,0.178755,174,0,No fault,0x03,right,82.851087,2568,0.219780,172,0,No fault,-45.00
2026-08-12T10:48:22.593,1786524502.593924,1.558391,1,2500,5.000000,262,2500,0x04,left,175.310485,2166,0.196337,174,0,No fault,0x03,right,86.935992,2345,0.202198,174,0,No fault,-179.00
2026-08-12T10:48:22.599,1786524502.599406,1.563855,1,2500,5.000000,263,2500,0x04,left,175.925417,2479,0.213919,175,0,No fault,0x03,right,83.422095,2345,0.178755,173,0,No fault,134.00
2026-08-12T10:48:22.604,1786524502.604750,1.569215,1,2500,5.000000,264,2500,0x04,left,177.089395,2389,0.161172,175,0,No fault,0x03,right,87.528962,2255,0.184615,173,0,No fault,134.00
2026-08-12T10:48:22.610,1786524502.610134,1.574598,1,2500,5.000000,265,2500,0x04,left,177.682365,2166,0.172894,178,0,No fault,0x03,right,84.015065,2657,0.114286,172,0,No fault,-491.00
2026-08-12T10:48:22.615,1786524502.615490,1.579951,1,2500,5.000000,266,2500,0x04,left,178.275335,2121,0.208059,174,0,No fault,0x03,right,88.121932,2255,0.172894,175,0,No fault,-134.00
2026-08-12T10:48:22.620,1786524502.620904,1.585354,1,2500,5.000000,267,2500,0x04,left,178.846343,2300,0.213919,175,0,No fault,0x03,right,84.608035,2568,0.202198,172,0,No fault,-268.00
2026-08-12T10:48:22.626,1786524502.626199,1.590673,1,2500,5.000000,268,2500,0x04,left,179.439313,2389,0.120147,176,0,No fault,0x03,right,88.714902,2389,0.178755,174,0,No fault,0.00
2026-08-12T10:48:22.631,1786524502.631566,1.596018,1,2500,5.000000,269,2500,0x04,left,180.032283,2434,0.184615,174,0,No fault,0x03,right,89.285910,2434,0.184615,174,0,No fault,0.00
2026-08-12T10:48:22.636,1786524502.636817,1.601262,1,2500,5.000000,270,2500,0x04,left,180.625253,2389,0.225641,175,0,No fault,0x03,right,89.878880,2345,0.167033,175,0,No fault,44.00
2026-08-12T10:48:22.652,1786524502.652288,1.616757,1,2500,5.000000,271,2500,0x04,left,182.404163,2523,0.172894,175,0,No fault,0x03,right,86.716373,2389,0.149451,173,0,No fault,134.00
2026-08-12T10:48:22.657,1786524502.657611,1.622063,1,2500,5.000000,272,2500,0x04,left,182.953209,2434,0.178755,174,0,No fault,0x03,right,90.471850,2389,0.172894,174,0,No fault,45.00
2026-08-12T10:48:22.673,1786524502.673215,1.637680,1,2500,5.000000,273,2500,0x04,left,185.149395,2568,0.190476,174,0,No fault,0x03,right,88.209779,2255,0.196337,173,0,No fault,313.00
2026-08-12T10:48:22.678,1786524502.678533,1.642990,1,2500,5.000000,274,2500,0x04,left,185.434899,2389,0.167033,174,0,No fault,0x03,right,92.140951,2479,0.196337,175,0,No fault,-90.00
2026-08-12T10:48:22.683,1786524502.683833,1.648296,1,2500,5.000000,275,2500,0x04,left,185.808250,2479,0.167033,175,0,No fault,0x03,right,92.426455,2255,0.167033,174,0,No fault,224.00
2026-08-12T10:48:22.689,1786524502.689161,1.653617,1,2500,5.000000,276,2500,0x04,left,186.379258,2657,0.213919,172,0,No fault,0x03,right,88.802749,2479,0.143590,173,0,No fault,178.00
2026-08-12T10:48:22.694,1786524502.694489,1.658953,1,2500,5.000000,277,2500,0x04,left,186.950267,2479,0.196337,175,0,No fault,0x03,right,92.777844,2479,0.161172,174,0,No fault,0.00
2026-08-12T10:48:22.699,1786524502.699850,1.664311,1,2500,5.000000,278,2500,0x04,left,187.543237,2479,0.196337,174,0,No fault,0x03,right,89.395719,2345,0.149451,173,0,No fault,134.00
2026-08-12T10:48:22.705,1786524502.705202,1.669658,1,2500,5.000000,279,2500,0x04,left,188.114245,2434,0.213919,174,0,No fault,0x03,right,93.348853,2389,0.202198,174,0,No fault,45.00
2026-08-12T10:48:22.710,1786524502.710547,1.675011,1,2500,5.000000,280,2500,0x04,left,188.707215,2345,0.161172,174,0,No fault,0x03,right,89.988689,2479,0.143590,172,0,No fault,-134.00
2026-08-12T10:48:22.715,1786524502.715988,1.680488,1,2500,5.000000,281,2500,0x04,left,189.300185,2568,0.225641,174,0,No fault,0x03,right,93.941823,2434,0.155311,174,0,No fault,134.00
2026-08-12T10:48:22.721,1786524502.721860,1.686352,1,2500,5.000000,282,2500,0x04,left,189.871193,2345,0.225641,172,0,No fault,0x03,right,90.581659,2345,0.149451,173,0,No fault,0.00
2026-08-12T10:48:22.727,1786524502.727586,1.692069,1,2500,5.000000,283,2500,0x04,left,191.144980,2434,0.149451,175,0,No fault,0x03,right,94.534793,2300,0.120147,171,0,No fault,134.00
2026-08-12T10:48:22.733,1786524502.733294,1.697772,1,2500,5.000000,284,2500,0x04,left,191.672065,2434,0.190476,173,0,No fault,0x03,right,91.174629,2345,0.149451,171,0,No fault,89.00
2026-08-12T10:48:22.738,1786524502.738801,1.703268,1,2500,5.000000,285,2500,0x04,left,192.286997,2389,0.190476,175,0,No fault,0x03,right,95.105801,2345,0.213919,175,0,No fault,44.00
2026-08-12T10:48:22.744,1786524502.744824,1.709274,1,2500,5.000000,286,2500,0x04,left,192.836043,2345,0.167033,174,0,No fault,0x03,right,95.698771,2568,0.161172,174,0,No fault,-223.00
2026-08-12T10:48:22.750,1786524502.750077,1.714528,1,2500,5.000000,287,2500,0x04,left,193.429013,2434,0.208059,176,0,No fault,0x03,right,92.338607,2434,0.090842,173,0,No fault,0.00
2026-08-12T10:48:22.755,1786524502.755382,1.719847,1,2500,5.000000,288,2500,0x04,left,194.021983,2389,0.155311,175,0,No fault,0x03,right,96.269779,2032,0.190476,175,0,No fault,357.00
2026-08-12T10:48:22.760,1786524502.760754,1.725218,1,2500,5.000000,289,2500,0x04,left,194.592991,2166,0.149451,174,0,No fault,0x03,right,92.931577,2255,0.131868,173,0,No fault,-89.00
2026-08-12T10:48:22.766,1786524502.766318,1.730782,1,2500,5.000000,290,2500,0x04,left,195.185961,2345,0.172894,174,0,No fault,0x03,right,96.906673,2479,0.131868,178,0,No fault,-134.00
2026-08-12T10:48:22.771,1786524502.771726,1.736183,1,2500,5.000000,291,2500,0x04,left,195.756969,2255,0.184615,174,0,No fault,0x03,right,93.524547,2479,0.143590,174,0,No fault,-224.00
2026-08-12T10:48:22.777,1786524502.777055,1.741520,1,2500,5.000000,292,2500,0x04,left,196.349939,2345,0.184615,174,0,No fault,0x03,right,97.455719,2523,0.149451,174,0,No fault,-178.00
2026-08-12T10:48:22.782,1786524502.782412,1.746873,1,2500,5.000000,293,2500,0x04,left,196.942909,2479,0.149451,174,0,No fault,0x03,right,94.117517,2479,0.126007,174,0,No fault,0.00
2026-08-12T10:48:22.787,1786524502.787743,1.752197,1,2500,5.000000,294,2500,0x04,left,197.513917,2300,0.167033,174,0,No fault,0x03,right,98.048689,2345,0.190476,178,0,No fault,-45.00
2026-08-12T10:48:22.793,1786524502.793036,1.757492,1,2500,5.000000,295,2500,0x04,left,198.106887,2523,0.237363,174,0,No fault,0x03,right,94.688526,2300,0.172894,173,0,No fault,223.00
2026-08-12T10:48:22.798,1786524502.798426,1.762874,1,2500,5.000000,296,2500,0x04,left,198.677896,2300,0.237363,174,0,No fault,0x03,right,98.641659,2523,0.184615,176,0,No fault,-223.00
2026-08-12T10:48:22.803,1786524502.803793,1.768252,1,2500,5.000000,297,2500,0x04,left,199.863836,2255,0.155311,175,0,No fault,0x03,right,95.303457,2613,0.084982,173,0,No fault,-358.00
2026-08-12T10:48:22.809,1786524502.809151,1.773610,1,2500,5.000000,298,2500,0x04,left,200.434844,2255,0.190476,175,0,No fault,0x03,right,99.212667,2255,0.161172,173,0,No fault,0.00
2026-08-12T10:48:22.814,1786524502.814460,1.778918,1,2500,5.000000,299,2500,0x04,left,201.027814,2389,0.172894,175,0,No fault,0x03,right,95.896427,2300,0.131868,173,0,No fault,89.00
2026-08-12T10:48:22.819,1786524502.819753,1.784215,1,2500,5.000000,300,2500,0x04,left,201.598822,2389,0.231502,174,0,No fault,0x03,right,99.783675,2300,0.172894,176,0,No fault,89.00
2026-08-12T10:48:22.825,1786524502.825056,1.789507,1,2500,5.000000,301,2500,0x04,left,202.191792,2300,0.202198,175,0,No fault,0x03,right,96.467436,2568,0.178755,173,0,No fault,-268.00
2026-08-12T10:48:22.830,1786524502.830324,1.794774,1,2500,5.000000,302,2500,0x04,left,202.784762,2434,0.143590,174,0,No fault,0x03,right,100.398607,2523,0.167033,175,0,No fault,-89.00
2026-08-12T10:48:22.835,1786524502.835583,1.800033,1,2500,5.000000,303,2500,0x04,left,203.355770,2434,0.254945,174,0,No fault,0x03,right,97.060406,2389,0.155311,173,0,No fault,45.00
2026-08-12T10:48:22.840,1786524502.840850,1.805311,1,2500,5.000000,304,2500,0x04,left,203.926778,2389,0.184615,174,0,No fault,0x03,right,100.969615,2345,0.167033,175,0,No fault,44.00
2026-08-12T10:48:22.856,1786524502.856364,1.820830,1,2500,5.000000,305,2500,0x04,left,205.683726,2613,0.137729,175,0,No fault,0x03,right,101.562585,2345,0.196337,174,0,No fault,268.00
2026-08-12T10:48:22.861,1786524502.861702,1.826161,1,2500,5.000000,306,2500,0x04,left,206.254735,2255,0.225641,174,0,No fault,0x03,right,98.246346,2345,0.161172,173,0,No fault,-90.00
2026-08-12T10:48:22.877,1786524502.877246,1.841708,1,2500,5.000000,307,2500,0x04,left,208.428958,2300,0.184615,175,0,No fault,0x03,right,102.726563,2523,0.096703,175,0,No fault,-223.00
2026-08-12T10:48:22.882,1786524502.882592,1.847062,1,2500,5.000000,308,2500,0x04,left,208.736424,2479,0.161172,174,0,No fault,0x03,right,99.432286,2300,0.196337,173,0,No fault,179.00
2026-08-12T10:48:22.887,1786524502.887981,1.852444,1,2500,5.000000,309,2500,0x04,left,209.087813,2211,0.167033,174,0,No fault,0x03,right,103.319533,2613,0.213919,175,0,No fault,-402.00
2026-08-12T10:48:22.893,1786524502.893423,1.857901,1,2500,5.000000,310,2500,0x04,left,209.680784,2434,0.190476,175,0,No fault,0x03,right,100.025256,2568,0.213919,174,0,No fault,-134.00
2026-08-12T10:48:22.898,1786524502.898983,1.863454,1,2500,5.000000,311,2500,0x04,left,210.251792,2255,0.202198,174,0,No fault,0x03,right,100.596264,2345,0.155311,174,0,No fault,-90.00
2026-08-12T10:48:22.904,1786524502.904435,1.868892,1,2500,5.000000,312,2500,0x04,left,210.844762,2702,0.149451,175,0,No fault,0x03,right,104.483512,2657,0.208059,176,0,No fault,45.00
2026-08-12T10:48:22.909,1786524502.909801,1.874254,1,2500,5.000000,313,2500,0x04,left,211.437732,2300,0.114286,174,0,No fault,0x03,right,101.189234,2523,0.167033,173,0,No fault,-223.00
2026-08-12T10:48:22.915,1786524502.915189,1.879653,1,2500,5.000000,314,2500,0x04,left,212.601710,2345,0.184615,174,0,No fault,0x03,right,105.054520,2345,0.219780,171,0,No fault,0.00
2026-08-12T10:48:22.920,1786524502.920514,1.884967,1,2500,5.000000,315,2500,0x04,left,213.172718,2345,0.208059,175,0,No fault,0x03,right,101.760242,2300,0.161172,173,0,No fault,45.00
2026-08-12T10:48:22.925,1786524502.925807,1.890258,1,2500,5.000000,316,2500,0x04,left,213.743726,2255,0.172894,174,0,No fault,0x03,right,105.625528,2389,0.137729,174,0,No fault,-134.00
2026-08-12T10:48:22.931,1786524502.931091,1.895541,1,2500,5.000000,317,2500,0x04,left,214.358658,2523,0.137729,174,0,No fault,0x03,right,102.353212,2434,0.190476,171,0,No fault,89.00
2026-08-12T10:48:22.936,1786524502.936377,1.900826,1,2500,5.000000,318,2500,0x04,left,214.929666,2300,0.178755,175,0,No fault,0x03,right,106.218498,2434,0.190476,175,0,No fault,-134.00
2026-08-12T10:48:22.941,1786524502.941694,1.906159,1,2500,5.000000,319,2500,0x04,left,215.522636,2479,0.178755,174,0,No fault,0x03,right,102.924220,2300,0.208059,174,0,No fault,179.00
2026-08-12T10:48:22.947,1786524502.947039,1.911490,1,2500,5.000000,320,2500,0x04,left,216.093644,2479,0.172894,175,0,No fault,0x03,right,106.877354,2568,0.243223,174,0,No fault,-89.00
2026-08-12T10:48:22.952,1786524502.952318,1.916775,1,2500,5.000000,321,2500,0x04,left,216.686614,2345,0.202198,174,0,No fault,0x03,right,103.517190,2434,0.161172,173,0,No fault,-89.00
2026-08-12T10:48:22.957,1786524502.957616,1.922081,1,2500,5.000000,322,2500,0x04,left,217.257623,2121,0.137729,175,0,No fault,0x03,right,107.448362,2255,0.219780,174,0,No fault,-134.00
2026-08-12T10:48:22.962,1786524502.962955,1.927420,1,2500,5.000000,323,2500,0x04,left,217.872554,2389,0.196337,174,0,No fault,0x03,right,104.110160,2434,0.137729,174,0,No fault,-45.00
2026-08-12T10:48:22.968,1786524502.968287,1.932742,1,2500,5.000000,324,2500,0x04,left,218.443563,2479,0.208059,174,0,No fault,0x03,right,108.019370,2300,0.172894,170,0,No fault,179.00
2026-08-12T10:48:22.973,1786524502.973589,1.938039,1,2500,5.000000,325,2500,0x04,left,219.036533,2255,0.161172,174,0,No fault,0x03,right,104.703130,2434,0.213919,172,0,No fault,-179.00
2026-08-12T10:48:22.978,1786524502.978906,1.943367,1,2500,5.000000,326,2500,0x04,left,219.629503,2523,0.143590,175,0,No fault,0x03,right,105.274138,2523,0.196337,172,0,No fault,0.00
2026-08-12T10:48:22.984,1786524502.984225,1.948674,1,2500,5.000000,327,2500,0x04,left,220.200511,2345,0.172894,175,0,No fault,0x03,right,105.867108,2434,0.196337,172,0,No fault,-89.00
2026-08-12T10:48:22.989,1786524502.989508,1.953957,1,2500,5.000000,328,2500,0x04,left,220.793481,2613,0.196337,174,0,No fault,0x03,right,106.438116,2479,0.131868,173,0,No fault,134.00
2026-08-12T10:48:22.994,1786524502.994810,1.959266,1,2500,5.000000,329,2500,0x04,left,221.364489,2345,0.172894,174,0,No fault,0x03,right,107.031087,2389,0.137729,173,0,No fault,-44.00
2026-08-12T10:48:23.000,1786524503.000124,1.964575,1,2500,5.000000,330,2500,0x04,left,221.957459,2389,0.231502,177,0,No fault,0x03,right,107.624057,2657,0.178755,173,0,No fault,-268.00
2026-08-12T10:48:23.005,1786524503.005412,1.969899,1,2500,5.000000,331,2500,0x04,left,222.550429,2345,0.172894,175,0,No fault,0x03,right,108.788035,2523,0.172894,174,0,No fault,-178.00
2026-08-12T10:48:23.010,1786524503.010738,1.975187,1,2500,5.000000,332,2500,0x04,left,223.121437,2121,0.161172,176,0,No fault,0x03,right,109.073539,2479,0.131868,172,0,No fault,-358.00
2026-08-12T10:48:23.016,1786524503.016225,1.980683,1,2500,5.000000,333,2500,0x04,left,223.714407,2255,0.213919,176,0,No fault,0x03,right,109.402967,2479,0.120147,172,0,No fault,-224.00
2026-08-12T10:48:23.021,1786524503.021643,1.986103,1,2500,5.000000,334,2500,0x04,left,224.285415,2345,0.178755,171,0,No fault,0x03,right,110.566945,2300,0.137729,172,0,No fault,45.00
2026-08-12T10:48:23.026,1786524503.026907,1.991360,1,2500,5.000000,335,2500,0x04,left,224.878385,2345,0.225641,175,0,No fault,0x03,right,111.159915,2434,0.155311,173,0,No fault,-89.00
2026-08-12T10:48:23.032,1786524503.032269,1.996729,1,2500,5.000000,336,2500,0x04,left,225.449393,2389,0.184615,173,0,No fault,0x03,right,111.752885,2389,0.143590,173,0,No fault,0.00
2026-08-12T10:48:23.037,1786524503.037740,2.002210,1,2500,5.000000,337,2500,0x04,left,226.613372,2523,0.202198,176,0,No fault,0x03,right,112.367817,2568,0.090842,174,0,No fault,-45.00
2026-08-12T10:48:23.053,1786524503.053390,2.017849,1,2500,5.000000,338,2500,0x04,left,228.414243,2255,0.219780,173,0,No fault,0x03,right,113.553757,2657,0.137729,173,0,No fault,-402.00
2026-08-12T10:48:23.058,1786524503.058733,2.023183,1,2500,5.000000,339,2500,0x04,left,229.007213,2434,0.167033,175,0,No fault,0x03,right,114.717735,2434,0.137729,171,0,No fault,0.00
2026-08-12T10:48:23.063,1786524503.063984,2.028450,1,2500,5.000000,340,2500,0x04,left,229.578222,2300,0.202198,175,0,No fault,0x03,right,115.310705,2345,0.120147,177,0,No fault,-45.00
2026-08-12T10:48:23.079,1786524503.079512,2.043968,1,2500,5.000000,341,2500,0x04,left,230.149230,2479,0.249084,175,0,No fault,0x03,right,117.067653,2389,0.149451,172,0,No fault,90.00
2026-08-12T10:48:23.084,1786524503.084784,2.049238,1,2500,5.000000,342,2500,0x04,left,232.125796,2389,0.219780,174,0,No fault,0x03,right,117.660623,2255,0.137729,176,0,No fault,134.00
2026-08-12T10:48:23.090,1786524503.090101,2.054570,1,2500,5.000000,343,2500,0x04,left,232.433262,2255,0.184615,174,0,No fault,0x03,right,118.253593,2434,0.126007,173,0,No fault,-179.00
2026-08-12T10:48:23.095,1786524503.095541,2.060004,1,2500,5.000000,344,2500,0x04,left,233.026232,2255,0.225641,174,0,No fault,0x03,right,118.846563,2523,0.137729,173,0,No fault,-268.00
2026-08-12T10:48:23.100,1786524503.100927,2.065388,1,2500,5.000000,345,2500,0x04,left,233.619202,2389,0.196337,176,0,No fault,0x03,right,119.439533,2255,0.167033,173,0,No fault,134.00
2026-08-12T10:48:23.106,1786524503.106251,2.070711,1,2500,5.000000,346,2500,0x04,left,234.190211,2479,0.149451,174,0,No fault,0x03,right,120.010541,2255,0.190476,174,0,No fault,224.00
2026-08-12T10:48:23.111,1786524503.111571,2.076028,1,2500,5.000000,347,2500,0x04,left,234.783181,2613,0.254945,175,0,No fault,0x03,right,120.581549,2166,0.161172,173,0,No fault,447.00
2026-08-12T10:48:23.116,1786524503.116856,2.081308,1,2500,5.000000,348,2500,0x04,left,235.376151,2479,0.196337,174,0,No fault,0x03,right,121.196481,2345,0.114286,173,0,No fault,134.00
2026-08-12T10:48:23.122,1786524503.122150,2.086612,1,2500,5.000000,349,2500,0x04,left,235.947159,2389,0.213919,175,0,No fault,0x03,right,121.767489,2255,0.196337,173,0,No fault,134.00
2026-08-12T10:48:23.127,1786524503.127543,2.092009,1,2500,5.000000,350,2500,0x04,left,236.540129,2345,0.202198,174,0,No fault,0x03,right,122.382421,2434,0.155311,173,0,No fault,-89.00
2026-08-12T10:48:23.133,1786524503.133102,2.097566,1,2500,5.000000,351,2500,0x04,left,237.155061,2300,0.137729,174,0,No fault,0x03,right,122.953429,2300,0.254945,173,0,No fault,0.00
2026-08-12T10:48:23.138,1786524503.138452,2.102914,1,2500,5.000000,352,2500,0x04,left,237.748031,2434,0.196337,175,0,No fault,0x03,right,124.139369,2166,0.126007,173,0,No fault,268.00
2026-08-12T10:48:23.144,1786524503.144130,2.108596,1,2500,5.000000,353,2500,0x04,left,238.341001,2613,0.202198,174,0,No fault,0x03,right,124.732339,2345,0.167033,174,0,No fault,268.00
2026-08-12T10:48:23.149,1786524503.149791,2.114257,1,2500,5.000000,354,2500,0x04,left,238.912009,2300,0.202198,175,0,No fault,0x03,right,125.896318,2345,0.196337,175,0,No fault,-45.00
2026-08-12T10:48:23.155,1786524503.155296,2.119757,1,2500,5.000000,355,2500,0x04,left,239.504979,2345,0.137729,174,0,No fault,0x03,right,126.467326,2389,0.167033,173,0,No fault,-44.00
2026-08-12T10:48:23.160,1786524503.160800,2.125262,1,2500,5.000000,356,2500,0x04,left,240.712881,2479,0.202198,175,0,No fault,0x03,right,127.060296,2389,0.120147,172,0,No fault,90.00
2026-08-12T10:48:23.166,1786524503.166160,2.130620,1,2500,5.000000,357,2500,0x04,left,241.261927,2568,0.172894,174,0,No fault,0x03,right,127.653266,2255,0.161172,174,0,No fault,313.00
2026-08-12T10:48:23.171,1786524503.171498,2.135961,1,2500,5.000000,358,2500,0x04,left,241.854897,2702,0.208059,174,0,No fault,0x03,right,128.246236,2255,0.172894,172,0,No fault,447.00
2026-08-12T10:48:23.176,1786524503.176848,2.141310,1,2500,5.000000,359,2500,0x04,left,242.425905,2479,0.149451,174,0,No fault,0x03,right,128.817244,2255,0.137729,172,0,No fault,224.00
2026-08-12T10:48:23.182,1786524503.182195,2.146649,1,2500,5.000000,360,2500,0x04,left,242.996913,2255,0.190476,174,0,No fault,0x03,right,129.410214,2479,0.108425,174,0,No fault,-224.00
2026-08-12T10:48:23.187,1786524503.187527,2.151989,1,2500,5.000000,361,2500,0x04,left,243.589883,2345,0.225641,175,0,No fault,0x03,right,130.003184,2345,0.120147,172,0,No fault,0.00
2026-08-12T10:48:23.192,1786524503.192876,2.157338,1,2500,5.000000,362,2500,0x04,left,244.182853,2523,0.161172,176,0,No fault,0x03,right,130.596154,2255,0.167033,173,0,No fault,268.00
2026-08-12T10:48:23.198,1786524503.198235,2.162701,1,2500,5.000000,363,2500,0x04,left,244.753861,2211,0.196337,175,0,No fault,0x03,right,131.189124,2523,0.184615,174,0,No fault,-312.00
2026-08-12T10:48:23.203,1786524503.203649,2.168123,1,2500,5.000000,364,2500,0x04,left,245.346831,2479,0.202198,175,0,No fault,0x03,right,132.462911,2479,0.108425,173,0,No fault,0.00
2026-08-12T10:48:23.209,1786524503.209032,2.173494,1,2500,5.000000,365,2500,0x04,left,245.917840,2255,0.190476,175,0,No fault,0x03,right,132.770377,2568,0.096703,173,0,No fault,-313.00
2026-08-12T10:48:23.214,1786524503.214390,2.178855,1,2500,5.000000,366,2500,0x04,left,246.510810,2345,0.196337,174,0,No fault,0x03,right,133.143729,2345,0.114286,172,0,No fault,0.00
2026-08-12T10:48:23.221,1786524503.221855,2.186311,1,2500,5.000000,367,2500,0x04,left,247.674788,2345,0.196337,175,0,No fault,0x03,right,134.329669,2345,0.167033,173,0,No fault,0.00
2026-08-12T10:48:23.227,1786524503.227146,2.191603,1,2500,5.000000,368,2500,0x04,left,248.245796,2166,0.161172,175,0,No fault,0x03,right,134.900677,2300,0.137729,173,0,No fault,-134.00
2026-08-12T10:48:23.232,1786524503.232460,2.196922,1,2500,5.000000,369,2500,0x04,left,248.838766,2613,0.202198,174,0,No fault,0x03,right,135.515609,2434,0.055678,172,0,No fault,179.00
2026-08-12T10:48:23.237,1786524503.237776,2.202236,1,2500,5.000000,370,2500,0x04,left,249.431736,2345,0.172894,175,0,No fault,0x03,right,136.086617,2345,0.167033,172,0,No fault,0.00
2026-08-12T10:48:23.243,1786524503.243122,2.207579,1,2500,5.000000,371,2500,0x04,left,250.002744,2300,0.184615,175,0,No fault,0x03,right,136.701549,2345,0.155311,173,0,No fault,-45.00
2026-08-12T10:48:23.258,1786524503.258615,2.223076,1,2500,5.000000,372,2500,0x04,left,251.803616,2166,0.184615,174,0,No fault,0x03,right,140.193483,2389,0.225641,174,0,No fault,-223.00
2026-08-12T10:48:23.263,1786524503.263909,2.228362,1,2500,5.000000,373,2500,0x04,left,252.418548,2613,0.184615,175,0,No fault,0x03,right,138.458497,2523,0.096703,173,0,No fault,90.00
2026-08-12T10:48:23.269,1786524503.269184,2.233646,1,2500,5.000000,374,2500,0x04,left,252.967594,2345,0.202198,174,0,No fault,0x03,right,139.051467,2166,0.161172,173,0,No fault,179.00
2026-08-12T10:48:23.284,1786524503.284722,2.249180,1,2500,5.000000,375,2500,0x04,left,253.560564,2389,0.219780,175,0,No fault,0x03,right,140.808415,2345,0.114286,173,0,No fault,44.00
2026-08-12T10:48:23.289,1786524503.289999,2.254456,1,2500,5.000000,376,2500,0x04,left,255.603016,2211,0.184615,178,0,No fault,0x03,right,141.401385,2389,0.155311,173,0,No fault,-178.00
2026-08-12T10:48:23.295,1786524503.295291,2.259748,1,2500,5.000000,377,2500,0x04,left,255.932444,2077,0.172894,174,0,No fault,0x03,right,141.994355,2389,0.161172,173,0,No fault,-312.00
2026-08-12T10:48:23.300,1786524503.300706,2.265165,1,2500,5.000000,378,2500,0x04,left,256.525414,2345,0.178755,174,0,No fault,0x03,right,142.587325,2389,0.172894,173,0,No fault,-44.00
2026-08-12T10:48:23.306,1786524503.306024,2.270481,1,2500,5.000000,379,2500,0x04,left,257.096422,2434,0.178755,176,0,No fault,0x03,right,143.158333,2613,0.172894,174,0,No fault,-179.00
2026-08-12T10:48:23.311,1786524503.311322,2.275775,1,2500,5.000000,380,2500,0x04,left,257.689392,2345,0.167033,172,0,No fault,0x03,right,143.729341,2166,0.131868,172,0,No fault,179.00
2026-08-12T10:48:23.316,1786524503.316597,2.281052,1,2500,5.000000,381,2500,0x04,left,258.260400,2255,0.231502,174,0,No fault,0x03,right,144.322311,2300,0.161172,174,0,No fault,-45.00
2026-08-12T10:48:23.321,1786524503.321882,2.286336,1,2500,5.000000,382,2500,0x04,left,258.853370,2389,0.225641,175,0,No fault,0x03,right,144.915281,2523,0.167033,174,0,No fault,-134.00
2026-08-12T10:48:23.327,1786524503.327176,2.291630,1,2500,5.000000,383,2500,0x04,left,259.446341,2255,0.131868,174,0,No fault,0x03,right,145.508251,2389,0.137729,173,0,No fault,-134.00
2026-08-12T10:48:23.332,1786524503.332463,2.296917,1,2500,5.000000,384,2500,0x04,left,260.017349,2479,0.196337,175,0,No fault,0x03,right,146.079260,2300,0.196337,173,0,No fault,179.00
2026-08-12T10:48:23.337,1786524503.337765,2.302220,1,2500,5.000000,385,2500,0x04,left,260.610319,2479,0.213919,174,0,No fault,0x03,right,146.694192,2389,0.126007,173,0,No fault,90.00
2026-08-12T10:48:23.343,1786524503.343076,2.307530,1,2500,5.000000,386,2500,0x04,left,261.181327,2211,0.184615,174,0,No fault,0x03,right,150.735172,2479,0.126007,175,0,No fault,-268.00
2026-08-12T10:48:23.348,1786524503.348359,2.312812,1,2500,5.000000,387,2500,0x04,left,261.752335,2389,0.237363,173,0,No fault,0x03,right,147.880132,2568,0.196337,172,0,No fault,-179.00
2026-08-12T10:48:23.353,1786524503.353634,2.318088,1,2500,5.000000,388,2500,0x04,left,262.345305,2389,0.155311,174,0,No fault,0x03,right,148.451140,2255,0.196337,174,0,No fault,134.00
2026-08-12T10:48:23.358,1786524503.358950,2.323413,1,2500,5.000000,389,2500,0x04,left,262.938275,2389,0.178755,174,0,No fault,0x03,right,149.044110,2389,0.178755,173,0,No fault,0.00
2026-08-12T10:48:23.364,1786524503.364450,2.328899,1,2500,5.000000,390,2500,0x04,left,263.509283,2166,0.243223,176,0,No fault,0x03,right,149.615118,2255,0.137729,173,0,No fault,-89.00
2026-08-12T10:48:23.369,1786524503.369725,2.334173,1,2500,5.000000,391,2500,0x04,left,264.102253,2345,0.172894,176,0,No fault,0x03,right,150.208088,2479,0.143590,174,0,No fault,-134.00
2026-08-12T10:48:23.375,1786524503.375076,2.339524,1,2500,5.000000,392,2500,0x04,left,264.695223,2389,0.178755,175,0,No fault,0x03,right,151.394028,2345,0.178755,173,0,No fault,44.00
2026-08-12T10:48:23.380,1786524503.380343,2.344797,1,2500,5.000000,393,2500,0x04,left,265.266231,2300,0.213919,175,0,No fault,0x03,right,151.986998,2479,0.149451,173,0,No fault,-179.00
2026-08-12T10:48:23.385,1786524503.385754,2.350218,1,2500,5.000000,394,2500,0x04,left,265.859201,2389,0.167033,175,0,No fault,0x03,right,152.558006,2211,0.079121,173,0,No fault,178.00
2026-08-12T10:48:23.391,1786524503.391120,2.355576,1,2500,5.000000,395,2500,0x04,left,267.023179,2166,0.167033,174,0,No fault,0x03,right,153.150976,2211,0.155311,173,0,No fault,-45.00
2026-08-12T10:48:23.396,1786524503.396438,2.360902,1,2500,5.000000,396,2500,0x04,left,267.594188,2345,0.178755,175,0,No fault,0x03,right,153.765908,2434,0.126007,173,0,No fault,-89.00
2026-08-12T10:48:23.401,1786524503.401766,2.366216,1,2500,5.000000,397,2500,0x04,left,268.187158,2300,0.184615,174,0,No fault,0x03,right,154.336916,2255,0.172894,173,0,No fault,45.00
2026-08-12T10:48:23.407,1786524503.407020,2.371469,1,2500,5.000000,398,2500,0x04,left,268.780128,2479,0.190476,176,0,No fault,0x03,right,156.335445,2211,0.172894,174,0,No fault,268.00
2026-08-12T10:48:23.412,1786524503.412263,2.376711,1,2500,5.000000,399,2500,0x04,left,269.373098,2702,0.161172,173,0,No fault,0x03,right,156.642911,2568,0.190476,168,0,No fault,134.00
2026-08-12T10:48:23.417,1786524503.417585,2.382049,1,2500,5.000000,400,2500,0x04,left,269.944106,2479,0.167033,174,0,No fault,0x03,right,156.972338,2389,0.149451,172,0,No fault,90.00
2026-08-12T10:48:23.423,1786524503.423050,2.387499,1,2500,5.000000,401,2500,0x04,left,270.515114,2211,0.196337,176,0,No fault,0x03,right,157.565308,2345,0.190476,174,0,No fault,-134.00
2026-08-12T10:48:23.428,1786524503.428295,2.392742,1,2500,5.000000,402,2500,0x04,left,271.130046,2523,0.155311,174,0,No fault,0x03,right,158.158278,2434,0.149451,173,0,No fault,89.00
2026-08-12T10:48:23.433,1786524503.433499,2.397944,1,2500,5.000000,403,2500,0x04,left,271.701054,2434,0.167033,176,0,No fault,0x03,right,158.751248,2389,0.143590,173,0,No fault,45.00
2026-08-12T10:48:23.438,1786524503.438778,2.403236,1,2500,5.000000,404,2500,0x04,left,272.294024,2479,0.149451,174,0,No fault,0x03,right,159.344218,2389,0.184615,174,0,No fault,90.00
2026-08-12T10:48:23.444,1786524503.444425,2.408920,1,2500,5.000000,405,2500,0x04,left,272.886994,2479,0.143590,174,0,No fault,0x03,right,159.915227,2434,0.213919,173,0,No fault,45.00
2026-08-12T10:48:23.460,1786524503.460053,2.424517,1,2500,5.000000,406,2500,0x04,left,274.643942,2345,0.149451,174,0,No fault,0x03,right,161.101167,2523,0.149451,173,0,No fault,-178.00
2026-08-12T10:48:23.465,1786524503.465378,2.429839,1,2500,5.000000,407,2500,0x04,left,275.214950,2434,0.190476,174,0,No fault,0x03,right,161.672175,2389,0.178755,173,0,No fault,45.00
2026-08-12T10:48:23.470,1786524503.470723,2.435183,1,2500,5.000000,408,2500,0x04,left,275.829882,2300,0.155311,176,0,No fault,0x03,right,162.265145,2300,0.172894,172,0,No fault,0.00
2026-08-12T10:48:23.476,1786524503.476033,2.440492,1,2500,5.000000,409,2500,0x04,left,276.422852,2479,0.178755,174,0,No fault,0x03,right,162.836153,2121,0.202198,172,0,No fault,358.00
2026-08-12T10:48:23.491,1786524503.491553,2.456010,1,2500,5.000000,410,2500,0x04,left,278.662961,2479,0.161172,175,0,No fault,0x03,right,164.593101,2255,0.167033,174,0,No fault,224.00
2026-08-12T10:48:23.496,1786524503.496811,2.461265,1,2500,5.000000,411,2500,0x04,left,278.948465,2434,0.155311,175,0,No fault,0x03,right,165.208033,2613,0.184615,174,0,No fault,-179.00
2026-08-12T10:48:23.502,1786524503.502074,2.466533,1,2500,5.000000,412,2500,0x04,left,279.277893,2434,0.161172,172,0,No fault,0x03,right,169.490594,2300,0.196337,174,0,No fault,134.00
2026-08-12T10:48:23.507,1786524503.507402,2.471865,1,2500,5.000000,413,2500,0x04,left,279.870863,2523,0.143590,175,0,No fault,0x03,right,166.372011,2479,0.167033,173,0,No fault,44.00
2026-08-12T10:48:23.512,1786524503.512715,2.477171,1,2500,5.000000,414,2500,0x04,left,280.441871,2255,0.161172,175,0,No fault,0x03,right,166.964981,2523,0.120147,176,0,No fault,-268.00
2026-08-12T10:48:23.518,1786524503.518124,2.482576,1,2500,5.000000,415,2500,0x04,left,281.034841,2345,0.167033,173,0,No fault,0x03,right,167.557951,2345,0.172894,174,0,No fault,0.00
2026-08-12T10:48:23.523,1786524503.523419,2.487907,1,2500,5.000000,416,2500,0x04,left,282.220781,2166,0.172894,177,0,No fault,0x03,right,168.128959,2255,0.178755,173,0,No fault,-89.00
2026-08-12T10:48:23.528,1786524503.528910,2.493372,1,2500,5.000000,417,2500,0x04,left,282.791789,2434,0.120147,174,0,No fault,0x03,right,168.699967,2300,0.167033,172,0,No fault,134.00
2026-08-12T10:48:23.534,1786524503.534374,2.498831,1,2500,5.000000,418,2500,0x04,left,283.384759,2434,0.190476,176,0,No fault,0x03,right,169.973755,2300,0.149451,173,0,No fault,134.00
2026-08-12T10:48:23.539,1786524503.539695,2.504148,1,2500,5.000000,419,2500,0x04,left,283.955768,2389,0.161172,174,0,No fault,0x03,right,170.566725,2345,0.143590,173,0,No fault,44.00
2026-08-12T10:48:23.544,1786524503.544990,2.509442,1,2500,5.000000,420,2500,0x04,left,284.548738,2479,0.190476,174,0,No fault,0x03,right,171.159695,2434,0.155311,174,0,No fault,45.00
2026-08-12T10:48:23.550,1786524503.550307,2.514768,1,2500,5.000000,421,2500,0x04,left,285.119746,2389,0.225641,175,0,No fault,0x03,right,171.730703,2479,0.149451,175,0,No fault,-90.00
2026-08-12T10:48:23.555,1786524503.555669,2.520127,1,2500,5.000000,422,2500,0x04,left,285.712716,2345,0.172894,174,0,No fault,0x03,right,172.323673,2345,0.084982,172,0,No fault,0.00
2026-08-12T10:48:23.561,1786524503.561107,2.525559,1,2500,5.000000,423,2500,0x04,left,286.305686,2389,0.178755,175,0,No fault,0x03,right,172.938605,2479,0.131868,172,0,No fault,-90.00
2026-08-12T10:48:23.566,1786524503.566404,2.530861,1,2500,5.000000,424,2500,0x04,left,286.876694,2479,0.202198,174,0,No fault,0x03,right,173.531575,2523,0.143590,175,0,No fault,-44.00
2026-08-12T10:48:23.571,1786524503.571721,2.536184,1,2500,5.000000,425,2500,0x04,left,287.469664,2434,0.196337,175,0,No fault,0x03,right,174.102583,2300,0.149451,173,0,No fault,134.00
2026-08-12T10:48:23.577,1786524503.577089,2.541553,1,2500,5.000000,426,2500,0x04,left,288.040672,2300,0.196337,176,0,No fault,0x03,right,174.695553,2389,0.149451,170,0,No fault,-89.00
2026-08-12T10:48:23.582,1786524503.582419,2.546872,1,2500,5.000000,427,2500,0x04,left,288.633642,2121,0.219780,176,0,No fault,0x03,right,175.266561,2300,0.120147,173,0,No fault,-179.00
2026-08-12T10:48:23.587,1786524503.587729,2.552197,1,2500,5.000000,428,2500,0x04,left,289.248574,2613,0.202198,176,0,No fault,0x03,right,175.859531,2211,0.143590,174,0,No fault,402.00
2026-08-12T10:48:23.593,1786524503.593097,2.557549,1,2500,5.000000,429,2500,0x04,left,289.797620,2255,0.225641,174,0,No fault,0x03,right,176.452501,2300,0.172894,173,0,No fault,-45.00
2026-08-12T10:48:23.598,1786524503.598395,2.562853,1,2500,5.000000,430,2500,0x04,left,290.412552,2434,0.196337,175,0,No fault,0x03,right,177.045471,2255,0.149451,173,0,No fault,179.00
2026-08-12T10:48:23.603,1786524503.603711,2.568162,1,2500,5.000000,431,2500,0x04,left,290.983560,2479,0.184615,174,0,No fault,0x03,right,177.638441,2345,0.149451,172,0,No fault,134.00
2026-08-12T10:48:23.609,1786524503.609048,2.573515,1,2500,5.000000,432,2500,0x04,left,291.576530,2479,0.190476,171,0,No fault,0x03,right,179.615008,2434,0.208059,174,0,No fault,45.00
2026-08-12T10:48:23.614,1786524503.614437,2.578896,1,2500,5.000000,433,2500,0x04,left,292.147538,2389,0.219780,178,0,No fault,0x03,right,179.900512,2389,0.202198,173,0,No fault,0.00
2026-08-12T10:48:23.619,1786524503.619782,2.584240,1,2500,5.000000,434,2500,0x04,left,292.740508,2255,0.143590,174,0,No fault,0x03,right,180.229940,2389,0.167033,173,0,No fault,-134.00
2026-08-12T10:48:23.625,1786524503.625087,2.589535,1,2500,5.000000,435,2500,0x04,left,293.311517,2255,0.219780,174,0,No fault,0x03,right,180.822910,2479,0.131868,173,0,No fault,-224.00
2026-08-12T10:48:23.630,1786524503.630399,2.594882,1,2500,5.000000,436,2500,0x04,left,293.904487,2479,0.149451,175,0,No fault,0x03,right,181.437842,2568,0.172894,173,0,No fault,-89.00
2026-08-12T10:48:23.636,1786524503.636154,2.600622,1,2500,5.000000,437,2500,0x04,left,294.519418,2613,0.178755,174,0,No fault,0x03,right,182.008850,2479,0.184615,173,0,No fault,134.00
2026-08-12T10:48:23.641,1786524503.641773,2.606227,1,2500,5.000000,438,2500,0x04,left,295.683397,2434,0.155311,178,0,No fault,0x03,right,182.601820,2479,0.184615,173,0,No fault,-45.00
2026-08-12T10:48:23.647,1786524503.647097,2.611566,1,2500,5.000000,439,2500,0x04,left,296.254405,2121,0.184615,174,0,No fault,0x03,right,183.194790,2434,0.213919,174,0,No fault,-313.00
2026-08-12T10:48:23.657,1786524503.657849,2.622314,1,2500,5.000000,440,2500,0x04,left,297.440345,2345,0.155311,173,0,No fault,0x03,right,183.787760,2434,0.108425,171,0,No fault,-89.00
2026-08-12T10:48:23.663,1786524503.663117,2.627566,1,2500,5.000000,441,2500,0x04,left,298.033315,2434,0.167033,175,0,No fault,0x03,right,184.402692,2613,0.167033,173,0,No fault,-179.00
2026-08-12T10:48:23.668,1786524503.668657,2.633117,1,2500,5.000000,442,2500,0x04,left,298.604323,2300,0.190476,174,0,No fault,0x03,right,185.566670,2255,0.196337,174,0,No fault,45.00
2026-08-12T10:48:23.674,1786524503.674011,2.638493,1,2500,5.000000,443,2500,0x04,left,299.197293,2300,0.202198,174,0,No fault,0x03,right,186.159640,2434,0.184615,170,0,No fault,-134.00
2026-08-12T10:48:23.679,1786524503.679424,2.643892,1,2500,5.000000,444,2500,0x04,left,299.790263,2345,0.208059,174,0,No fault,0x03,right,186.730648,2211,0.137729,174,0,No fault,134.00
2026-08-12T10:48:23.695,1786524503.695193,2.659661,1,2500,5.000000,445,2500,0x04,left,302.052334,2166,0.202198,174,0,No fault,0x03,right,188.619367,2166,0.208059,172,0,No fault,0.00
2026-08-12T10:48:23.700,1786524503.700579,2.665044,1,2500,5.000000,446,2500,0x04,left,302.337838,2345,0.167033,174,0,No fault,0x03,right,189.322147,2166,0.090842,173,0,No fault,179.00
2026-08-12T10:48:23.705,1786524503.705915,2.670376,1,2500,5.000000,447,2500,0x04,left,302.711189,2255,0.155311,175,0,No fault,0x03,right,189.915117,2479,0.120147,174,0,No fault,-224.00
2026-08-12T10:48:23.711,1786524503.711316,2.675793,1,2500,5.000000,448,2500,0x04,left,303.304159,2479,0.178755,175,0,No fault,0x03,right,190.486125,2255,0.131868,173,0,No fault,224.00
2026-08-12T10:48:23.716,1786524503.716699,2.681159,1,2500,5.000000,449,2500,0x04,left,303.853206,2255,0.225641,175,0,No fault,0x03,right,191.079095,2211,0.155311,172,0,No fault,44.00
2026-08-12T10:48:23.721,1786524503.721996,2.686459,1,2500,5.000000,450,2500,0x04,left,304.468137,2389,0.172894,174,0,No fault,0x03,right,191.672065,2121,0.161172,171,0,No fault,268.00
2026-08-12T10:48:23.727,1786524503.727334,2.691799,1,2500,5.000000,451,2500,0x04,left,305.039146,2389,0.219780,175,0,No fault,0x03,right,192.265035,2389,0.079121,172,0,No fault,0.00
2026-08-12T10:48:23.732,1786524503.732672,2.697134,1,2500,5.000000,452,2500,0x04,left,305.632116,2345,0.184615,176,0,No fault,0x03,right,192.858005,2479,0.114286,174,0,No fault,-134.00
2026-08-12T10:48:23.739,1786524503.739372,2.703830,1,2500,5.000000,453,2500,0x04,left,306.818056,2479,0.213919,174,0,No fault,0x03,right,193.450975,2434,0.137729,174,0,No fault,45.00
2026-08-12T10:48:23.744,1786524503.744871,2.709337,1,2500,5.000000,454,2500,0x04,left,307.389064,2434,0.208059,175,0,No fault,0x03,right,194.043945,2166,0.149451,172,0,No fault,268.00
2026-08-12T10:48:23.750,1786524503.750346,2.714807,1,2500,5.000000,455,2500,0x04,left,307.982034,2523,0.172894,175,0,No fault,0x03,right,194.614953,2389,0.143590,173,0,No fault,134.00
2026-08-12T10:48:23.756,1786524503.756689,2.721135,1,2500,5.000000,456,2500,0x04,left,308.575004,2434,0.178755,174,0,No fault,0x03,right,195.822855,2300,0.102564,172,0,No fault,134.00
2026-08-12T10:48:23.761,1786524503.761930,2.726379,1,2500,5.000000,457,2500,0x04,left,309.146012,2434,0.184615,174,0,No fault,0x03,right,196.415825,2479,0.149451,174,0,No fault,-45.00
2026-08-12T10:48:23.767,1786524503.767251,2.731710,1,2500,5.000000,458,2500,0x04,left,309.717020,2166,0.178755,174,0,No fault,0x03,right,197.008795,2479,0.161172,174,0,No fault,-313.00
2026-08-12T10:48:23.772,1786524503.772557,2.737010,1,2500,5.000000,459,2500,0x04,left,310.309990,2345,0.196337,174,0,No fault,0x03,right,197.579803,2389,0.155311,173,0,No fault,-44.00
2026-08-12T10:48:23.777,1786524503.777899,2.742362,1,2500,5.000000,460,2500,0x04,left,310.902960,2434,0.178755,176,0,No fault,0x03,right,198.172773,2434,0.108425,170,0,No fault,0.00
2026-08-12T10:48:23.783,1786524503.783291,2.747747,1,2500,5.000000,461,2500,0x04,left,311.473968,2166,0.155311,174,0,No fault,0x03,right,198.765743,2300,0.096703,173,0,No fault,-134.00
2026-08-12T10:48:23.788,1786524503.788593,2.753052,1,2500,5.000000,462,2500,0x04,left,312.044976,2032,0.202198,175,0,No fault,0x03,right,199.358713,2389,0.155311,173,0,No fault,-357.00
2026-08-12T10:48:23.793,1786524503.793924,2.758382,1,2500,5.000000,463,2500,0x04,left,312.637946,2300,0.178755,173,0,No fault,0x03,right,199.929721,2300,0.219780,173,0,No fault,0.00
2026-08-12T10:48:23.799,1786524503.799222,2.763676,1,2500,5.000000,464,2500,0x04,left,313.230916,2166,0.178755,176,0,No fault,0x03,right,200.500729,2389,0.143590,173,0,No fault,-223.00
2026-08-12T10:48:23.804,1786524503.804506,2.768958,1,2500,5.000000,465,2500,0x04,left,313.801925,2434,0.161172,173,0,No fault,0x03,right,201.115661,2568,0.120147,174,0,No fault,-134.00
2026-08-12T10:48:23.810,1786524503.810300,2.774763,1,2500,5.000000,466,2500,0x04,left,314.987865,2389,0.208059,176,0,No fault,0x03,right,202.938495,2345,0.190476,171,0,No fault,44.00
2026-08-12T10:48:23.815,1786524503.815829,2.780288,1,2500,5.000000,467,2500,0x04,left,315.580835,2523,0.196337,174,0,No fault,0x03,right,203.223999,2255,0.208059,174,0,No fault,268.00
2026-08-12T10:48:23.821,1786524503.821144,2.785593,1,2500,5.000000,468,2500,0x04,left,316.151843,2434,0.172894,175,0,No fault,0x03,right,203.553427,2211,0.131868,172,0,No fault,223.00
2026-08-12T10:48:23.826,1786524503.826444,2.790910,1,2500,5.000000,469,2500,0x04,left,316.722851,2211,0.184615,175,0,No fault,0x03,right,204.146397,2434,0.102564,174,0,No fault,-223.00
2026-08-12T10:48:23.831,1786524503.831882,2.796337,1,2500,5.000000,470,2500,0x04,left,317.315821,2523,0.161172,173,0,No fault,0x03,right,204.717405,2434,0.196337,174,0,No fault,89.00
2026-08-12T10:48:23.837,1786524503.837336,2.801786,1,2500,5.000000,471,2500,0x04,left,317.908791,2479,0.196337,176,0,No fault,0x03,right,208.428958,2300,0.184615,175,0,No fault,179.00
2026-08-12T10:48:23.842,1786524503.842640,2.807103,1,2500,5.000000,472,2500,0x04,left,318.457837,2255,0.190476,174,0,No fault,0x03,right,205.903345,2434,0.219780,173,0,No fault,-179.00
2026-08-12T10:48:23.858,1786524503.858543,2.823008,1,2500,5.000000,473,2500,0x04,left,320.236747,2434,0.208059,171,0,No fault,0x03,right,206.474353,2345,0.155311,174,0,No fault,89.00
2026-08-12T10:48:23.863,1786524503.863889,2.828342,1,2500,5.000000,474,2500,0x04,left,320.829717,2523,0.190476,173,0,No fault,0x03,right,210.844762,2702,0.149451,175,0,No fault,-179.00
2026-08-12T10:48:23.869,1786524503.869157,2.833607,1,2500,5.000000,475,2500,0x04,left,321.400725,2434,0.213919,171,0,No fault,0x03,right,208.253263,2345,0.190476,172,0,No fault,89.00
2026-08-12T10:48:23.874,1786524503.874408,2.838856,1,2500,5.000000,476,2500,0x04,left,321.971734,2657,0.225641,175,0,No fault,0x03,right,208.824271,2434,0.167033,173,0,No fault,223.00
2026-08-12T10:48:23.879,1786524503.879679,2.844139,1,2500,5.000000,477,2500,0x04,left,322.564704,2389,0.143590,174,0,No fault,0x03,right,209.417241,2479,0.155311,173,0,No fault,-90.00
2026-08-12T10:48:23.884,1786524503.884990,2.849441,1,2500,5.000000,478,2500,0x04,left,323.135712,2300,0.231502,174,0,No fault,0x03,right,210.010211,2657,0.143590,172,0,No fault,-357.00
2026-08-12T10:48:23.895,1786524503.895414,2.859875,1,2500,5.000000,479,2500,0x04,left,323.706720,2300,0.213919,175,0,No fault,0x03,right,211.174189,2300,0.161172,172,0,No fault,0.00
2026-08-12T10:48:23.900,1786524503.900828,2.865291,1,2500,5.000000,480,2500,0x04,left,325.266011,2345,0.225641,174,0,No fault,0x03,right,211.745198,2345,0.172894,172,0,No fault,0.00
2026-08-12T10:48:23.906,1786524503.906196,2.870646,1,2500,5.000000,481,2500,0x04,left,325.924867,2345,0.196337,175,0,No fault,0x03,right,212.338168,2434,0.079121,173,0,No fault,-89.00
2026-08-12T10:48:23.911,1786524503.911461,2.875908,1,2500,5.000000,482,2500,0x04,left,326.495875,2211,0.225641,171,0,No fault,0x03,right,212.931138,2255,0.126007,173,0,No fault,-44.00
2026-08-12T10:48:23.916,1786524503.916699,2.881145,1,2500,5.000000,483,2500,0x04,left,327.088845,2389,0.172894,174,0,No fault,0x03,right,213.546069,2613,0.143590,173,0,No fault,-224.00
2026-08-12T10:48:23.921,1786524503.921960,2.886417,1,2500,5.000000,484,2500,0x04,left,327.681815,2523,0.178755,175,0,No fault,0x03,right,214.117078,2345,0.137729,173,0,No fault,178.00
2026-08-12T10:48:23.927,1786524503.927256,2.891701,1,2500,5.000000,485,2500,0x04,left,328.252823,2389,0.208059,173,0,No fault,0x03,right,214.710048,2479,0.184615,172,0,No fault,-90.00
2026-08-12T10:48:23.932,1786524503.932487,2.896932,1,2500,5.000000,486,2500,0x04,left,328.845793,2255,0.167033,174,0,No fault,0x03,right,215.303018,2255,0.067399,174,0,No fault,0.00
2026-08-12T10:48:23.937,1786524503.937748,2.902207,1,2500,5.000000,487,2500,0x04,left,329.438763,2345,0.143590,175,0,No fault,0x03,right,215.895988,2166,0.114286,173,0,No fault,179.00
2026-08-12T10:48:23.943,1786524503.943043,2.907487,1,2500,5.000000,488,2500,0x04,left,330.031733,2389,0.161172,174,0,No fault,0x03,right,216.466996,2300,0.172894,174,0,No fault,89.00
2026-08-12T10:48:23.948,1786524503.948397,2.912841,1,2500,5.000000,489,2500,0x04,left,330.602742,2389,0.167033,173,0,No fault,0x03,right,217.081928,2300,0.167033,172,0,No fault,89.00
2026-08-12T10:48:23.953,1786524503.953624,2.918071,1,2500,5.000000,490,2500,0x04,left,331.195712,2389,0.167033,176,0,No fault,0x03,right,217.652936,2434,0.167033,172,0,No fault,-45.00
2026-08-12T10:48:23.958,1786524503.958873,2.923323,1,2500,5.000000,491,2500,0x04,left,331.788682,2434,0.161172,174,0,No fault,0x03,right,218.245906,2613,0.131868,173,0,No fault,-179.00
2026-08-12T10:48:23.964,1786524503.964162,2.928623,1,2500,5.000000,492,2500,0x04,left,332.381652,2702,0.172894,174,0,No fault,0x03,right,218.816914,2434,0.137729,173,0,No fault,268.00
2026-08-12T10:48:23.969,1786524503.969507,2.933956,1,2500,5.000000,493,2500,0x04,left,332.952660,2345,0.196337,175,0,No fault,0x03,right,219.409884,2345,0.184615,174,0,No fault,0.00
2026-08-12T10:48:23.974,1786524503.974746,2.939189,1,2500,5.000000,494,2500,0x04,left,333.545630,2523,0.190476,175,0,No fault,0x03,right,219.980892,2255,0.237363,173,0,No fault,268.00
2026-08-12T10:48:23.980,1786524503.980160,2.944626,1,2500,5.000000,495,2500,0x04,left,334.138600,2434,0.155311,174,0,No fault,0x03,right,220.573862,2300,0.155311,174,0,No fault,134.00
2026-08-12T10:48:23.985,1786524503.985528,2.949976,1,2500,5.000000,496,2500,0x04,left,334.753532,2434,0.161172,174,0,No fault,0x03,right,221.166832,2345,0.126007,173,0,No fault,89.00
2026-08-12T10:48:23.990,1786524503.990797,2.955246,1,2500,5.000000,497,2500,0x04,left,335.302578,2077,0.190476,174,0,No fault,0x03,right,222.352772,2479,0.208059,172,0,No fault,-402.00
2026-08-12T10:48:23.996,1786524503.996082,2.960536,1,2500,5.000000,498,2500,0x04,left,335.895548,2389,0.172894,174,0,No fault,0x03,right,222.923780,2077,0.219780,172,0,No fault,312.00
2026-08-12T10:48:24.001,1786524504.001381,2.965832,1,2500,5.000000,499,2500,0x04,left,336.488518,2434,0.219780,176,0,No fault,0x03,right,223.538712,2523,0.167033,173,0,No fault,-89.00
2026-08-12T10:48:24.006,1786524504.006714,2.971163,1,2500,5.000000,500,2500,0x04,left,337.059526,2255,0.102564,174,0,No fault,0x03,right,224.109720,2345,0.102564,173,0,No fault,-90.00
2026-08-12T10:48:24.012,1786524504.012007,2.976465,1,2500,5.000000,501,2500,0x04,left,337.652496,2434,0.143590,174,0,No fault,0x03,right,225.822745,2166,0.190476,174,0,No fault,268.00
2026-08-12T10:48:24.017,1786524504.017290,2.981736,1,2500,5.000000,502,2500,0x04,left,338.245466,2434,0.184615,175,0,No fault,0x03,right,229.007213,2434,0.167033,175,0,No fault,0.00
2026-08-12T10:48:24.022,1786524504.022526,2.986974,1,2500,5.000000,503,2500,0x04,left,338.838436,2613,0.184615,174,0,No fault,0x03,right,226.108249,2300,0.202198,175,0,No fault,313.00
2026-08-12T10:48:24.027,1786524504.027781,2.992243,1,2500,5.000000,504,2500,0x04,left,339.409444,2613,0.149451,174,0,No fault,0x03,right,226.437677,2389,0.131868,173,0,No fault,224.00
2026-08-12T10:48:24.033,1786524504.033113,2.997578,1,2500,5.000000,505,2500,0x04,left,340.002414,2434,0.143590,174,0,No fault,0x03,right,227.052609,2568,0.090842,174,0,No fault,-134.00
2026-08-12T10:48:24.038,1786524504.038438,3.002898,1,2500,5.000000,506,2500,0x04,left,340.573422,2121,0.178755,174,0,No fault,0x03,right,227.623617,2345,0.196337,173,0,No fault,-224.00
2026-08-12T10:48:24.043,1786524504.043893,3.008354,1,2500,5.000000,507,2500,0x04,left,341.188354,2523,0.167033,175,0,No fault,0x03,right,228.216587,2345,0.213919,176,0,No fault,178.00
2026-08-12T10:48:24.049,1786524504.049426,3.013927,1,2500,5.000000,508,2500,0x04,left,342.330371,2255,0.172894,174,0,No fault,0x03,right,228.787595,2300,0.178755,173,0,No fault,-45.00
2026-08-12T10:48:24.065,1786524504.065051,3.029520,1,2500,5.000000,509,2500,0x04,left,344.109281,2434,0.196337,175,0,No fault,0x03,right,229.973535,2434,0.120147,173,0,No fault,0.00
2026-08-12T10:48:24.070,1786524504.070432,3.034891,1,2500,5.000000,510,2500,0x04,left,344.702251,2568,0.196337,174,0,No fault,0x03,right,230.566505,2211,0.149451,173,0,No fault,357.00
2026-08-12T10:48:24.075,1786524504.075924,3.040389,1,2500,5.000000,511,2500,0x04,left,345.273259,2479,0.184615,175,0,No fault,0x03,right,231.159475,2300,0.196337,172,0,No fault,179.00
2026-08-12T10:48:24.081,1786524504.081291,3.045752,1,2500,5.000000,512,2500,0x04,left,345.866229,2568,0.213919,174,0,No fault,0x03,right,231.752445,2345,0.161172,172,0,No fault,223.00
2026-08-12T10:48:24.086,1786524504.086704,3.051160,1,2500,5.000000,513,2500,0x04,left,346.437237,2300,0.225641,174,0,No fault,0x03,right,232.323453,2389,0.079121,173,0,No fault,-89.00
2026-08-12T10:48:24.102,1786524504.102307,3.066800,1,2500,5.000000,514,2500,0x04,left,348.699308,2434,0.202198,176,0,No fault,0x03,right,234.102363,2345,0.172894,172,0,No fault,89.00
2026-08-12T10:48:24.107,1786524504.107650,3.072101,1,2500,5.000000,515,2500,0x04,left,349.006774,2434,0.161172,175,0,No fault,0x03,right,234.695333,2300,0.149451,174,0,No fault,134.00
2026-08-12T10:48:24.113,1786524504.113105,3.077567,1,2500,5.000000,516,2500,0x04,left,349.314240,2479,0.208059,175,0,No fault,0x03,right,235.288303,2568,0.084982,173,0,No fault,-89.00
2026-08-12T10:48:24.118,1786524504.118506,3.082962,1,2500,5.000000,517,2500,0x04,left,349.885248,2211,0.237363,175,0,No fault,0x03,right,235.903235,2523,0.108425,173,0,No fault,-312.00
2026-08-12T10:48:24.123,1786524504.123813,3.088267,1,2500,5.000000,518,2500,0x04,left,350.478218,2523,0.237363,172,0,No fault,0x03,right,236.518167,2568,0.190476,173,0,No fault,-45.00
2026-08-12T10:48:24.129,1786524504.129124,3.093577,1,2500,5.000000,519,2500,0x04,left,351.049226,2434,0.137729,176,0,No fault,0x03,right,237.045251,2300,0.172894,172,0,No fault,134.00
2026-08-12T10:48:24.134,1786524504.134432,3.098891,1,2500,5.000000,520,2500,0x04,left,351.642196,2434,0.225641,174,0,No fault,0x03,right,237.638221,2389,0.178755,171,0,No fault,45.00
2026-08-12T10:48:24.139,1786524504.139803,3.104258,1,2500,5.000000,521,2500,0x04,left,352.213204,2345,0.196337,175,0,No fault,0x03,right,238.231191,2523,0.120147,174,0,No fault,-178.00
2026-08-12T10:48:24.145,1786524504.145093,3.109542,1,2500,5.000000,522,2500,0x04,left,352.784212,2211,0.202198,172,0,No fault,0x03,right,238.846123,2479,0.096703,173,0,No fault,-268.00
2026-08-12T10:48:24.150,1786524504.150361,3.114820,1,2500,5.000000,523,2500,0x04,left,353.355220,2211,0.243223,174,0,No fault,0x03,right,239.417131,2434,0.196337,172,0,No fault,-223.00
2026-08-12T10:48:24.155,1786524504.155664,3.120119,1,2500,5.000000,524,2500,0x04,left,353.970152,2613,0.155311,175,0,No fault,0x03,right,239.988139,2121,0.237363,174,0,No fault,492.00
2026-08-12T10:48:24.161,1786524504.161020,3.125475,1,2500,5.000000,525,2500,0x04,left,354.541160,2479,0.190476,174,0,No fault,0x03,right,240.581109,2568,0.155311,174,0,No fault,-89.00
2026-08-12T10:48:24.166,1786524504.166431,3.130895,1,2500,5.000000,526,2500,0x04,left,355.134130,2166,0.202198,175,0,No fault,0x03,right,241.196041,2747,0.084982,176,0,No fault,-581.00
2026-08-12T10:48:24.171,1786524504.171820,3.136272,1,2500,5.000000,527,2500,0x04,left,356.320070,2479,0.208059,174,0,No fault,0x03,right,241.767050,2479,0.167033,173,0,No fault,0.00
2026-08-12T10:48:24.177,1786524504.177086,3.141534,1,2500,5.000000,528,2500,0x04,left,356.869117,2255,0.178755,174,0,No fault,0x03,right,242.360020,2255,0.196337,173,0,No fault,0.00
2026-08-12T10:48:24.182,1786524504.182369,3.146826,1,2500,5.000000,529,2500,0x04,left,357.484049,2300,0.155311,174,0,No fault,0x03,right,242.931028,2345,0.237363,171,0,No fault,-45.00
2026-08-12T10:48:24.187,1786524504.187696,3.152155,1,2500,5.000000,530,2500,0x04,left,358.055057,2389,0.196337,175,0,No fault,0x03,right,243.523998,2523,0.155311,174,0,No fault,-134.00
2026-08-12T10:48:24.192,1786524504.192994,3.157441,1,2500,5.000000,531,2500,0x04,left,358.648027,2434,0.213919,174,0,No fault,0x03,right,244.116968,2479,0.079121,172,0,No fault,-45.00
2026-08-12T10:48:24.198,1786524504.198263,3.162712,1,2500,5.000000,532,2500,0x04,left,359.240997,2523,0.237363,174,0,No fault,0x03,right,244.687976,2255,0.202198,173,0,No fault,268.00
2026-08-12T10:48:24.203,1786524504.203562,3.168013,1,2500,5.000000,533,2500,0x04,left,359.812005,2434,0.155311,175,0,No fault,0x03,right,245.280946,2568,0.219780,171,0,No fault,-134.00
2026-08-12T10:48:24.208,1786524504.208992,3.173450,1,2500,5.000000,534,2500,0x04,left,360.383013,2389,0.172894,176,0,No fault,0x03,right,245.851954,2345,0.249084,171,0,No fault,44.00
2026-08-12T10:48:24.214,1786524504.214340,3.178802,1,2500,5.000000,535,2500,0x04,left,360.997945,2389,0.184615,175,0,No fault,0x03,right,246.444924,2345,0.137729,173,0,No fault,44.00
2026-08-12T10:48:24.219,1786524504.219720,3.184176,1,2500,5.000000,536,2500,0x04,left,361.568953,2345,0.219780,174,0,No fault,0x03,right,247.037894,2345,0.120147,174,0,No fault,0.00
2026-08-12T10:48:24.225,1786524504.225046,3.189507,1,2500,5.000000,537,2500,0x04,left,362.139961,2255,0.208059,175,0,No fault,0x03,right,247.630864,2523,0.143590,173,0,No fault,-268.00
2026-08-12T10:48:24.230,1786524504.230523,3.194984,1,2500,5.000000,538,2500,0x04,left,362.732931,2345,0.102564,175,0,No fault,0x03,right,249.431736,2613,0.079121,174,0,No fault,-268.00
2026-08-12T10:48:24.235,1786524504.235908,3.200360,1,2500,5.000000,539,2500,0x04,left,363.325901,2523,0.178755,174,0,No fault,0x03,right,250.068630,2702,0.131868,175,0,No fault,-179.00
2026-08-12T10:48:24.241,1786524504.241206,3.205667,1,2500,5.000000,540,2500,0x04,left,363.896909,2389,0.208059,175,0,No fault,0x03,right,252.967594,2345,0.202198,174,0,No fault,44.00
2026-08-12T10:48:24.246,1786524504.246539,3.211001,1,2500,5.000000,541,2500,0x04,left,364.489879,2389,0.202198,173,0,No fault,0x03,right,250.639638,2389,0.155311,173,0,No fault,0.00
2026-08-12T10:48:24.251,1786524504.251864,3.216319,1,2500,5.000000,542,2500,0x04,left,365.060888,2389,0.208059,175,0,No fault,0x03,right,251.232608,2300,0.172894,172,0,No fault,89.00
2026-08-12T10:48:24.267,1786524504.267387,3.231858,1,2500,5.000000,543,2500,0x04,left,366.817836,2389,0.219780,174,0,No fault,0x03,right,252.440510,2434,0.061538,169,0,No fault,-45.00
2026-08-12T10:48:24.272,1786524504.272768,3.237240,1,2500,5.000000,544,2500,0x04,left,367.410806,2613,0.208059,175,0,No fault,0x03,right,255.339474,2434,0.196337,174,0,No fault,179.00
2026-08-12T10:48:24.278,1786524504.278204,3.242671,1,2500,5.000000,545,2500,0x04,left,367.981814,2300,0.172894,174,0,No fault,0x03,right,253.011518,2166,0.120147,173,0,No fault,134.00
2026-08-12T10:48:24.283,1786524504.283741,3.248248,1,2500,5.000000,546,2500,0x04,left,368.596746,2479,0.202198,175,0,No fault,0x03,right,253.604488,2345,0.120147,174,0,No fault,134.00
2026-08-12T10:48:24.289,1786524504.289248,3.253713,1,2500,5.000000,547,2500,0x04,left,369.738762,2479,0.225641,174,0,No fault,0x03,right,254.197458,2389,0.149451,173,0,No fault,90.00
2026-08-12T10:48:24.305,1786524504.305214,3.269673,1,2500,5.000000,548,2500,0x04,left,370.309770,2255,0.219780,174,0,No fault,0x03,right,255.976368,2300,0.108425,173,0,No fault,-45.00
2026-08-12T10:48:24.310,1786524504.310601,3.275061,1,2500,5.000000,549,2500,0x04,left,372.330261,2389,0.172894,174,0,No fault,0x03,right,256.569338,2568,0.167033,172,0,No fault,-179.00
2026-08-12T10:48:24.316,1786524504.316109,3.280581,1,2500,5.000000,550,2500,0x04,left,372.659688,2345,0.178755,175,0,No fault,0x03,right,257.733316,2345,0.120147,173,0,No fault,0.00
2026-08-12T10:48:24.321,1786524504.321541,3.286012,1,2500,5.000000,551,2500,0x04,left,373.252658,2479,0.184615,177,0,No fault,0x03,right,258.326286,2613,0.079121,176,0,No fault,-134.00
2026-08-12T10:48:24.327,1786524504.327080,3.291544,1,2500,5.000000,552,2500,0x04,left,373.823667,2345,0.143590,174,0,No fault,0x03,right,258.897294,2255,0.120147,172,0,No fault,90.00
2026-08-12T10:48:24.332,1786524504.332477,3.296944,1,2500,5.000000,553,2500,0x04,left,374.416637,2255,0.149451,175,0,No fault,0x03,right,259.490264,2568,0.202198,174,0,No fault,-313.00
2026-08-12T10:48:24.337,1786524504.337861,3.302330,1,2500,5.000000,554,2500,0x04,left,375.031568,2747,0.225641,175,0,No fault,0x03,right,260.061272,2166,0.202198,173,0,No fault,581.00
2026-08-12T10:48:24.343,1786524504.343225,3.307689,1,2500,5.000000,555,2500,0x04,left,375.580615,2255,0.208059,174,0,No fault,0x03,right,260.654242,2300,0.126007,173,0,No fault,-45.00
2026-08-12T10:48:24.348,1786524504.348651,3.313110,1,2500,5.000000,556,2500,0x04,left,376.173585,2479,0.190476,175,0,No fault,0x03,right,261.269174,2479,0.090842,172,0,No fault,0.00
2026-08-12T10:48:24.353,1786524504.353950,3.318407,1,2500,5.000000,557,2500,0x04,left,376.744593,2300,0.161172,176,0,No fault,0x03,right,261.840182,2568,0.172894,173,0,No fault,-268.00
2026-08-12T10:48:24.359,1786524504.359251,3.323714,1,2500,5.000000,558,2500,0x04,left,377.337563,2211,0.155311,174,0,No fault,0x03,right,262.433152,2345,0.196337,172,0,No fault,-134.00
2026-08-12T10:48:24.364,1786524504.364596,3.329056,1,2500,5.000000,559,2500,0x04,left,377.908571,2211,0.202198,174,0,No fault,0x03,right,263.004161,2389,0.213919,173,0,No fault,-178.00
2026-08-12T10:48:24.369,1786524504.369903,3.334361,1,2500,5.000000,560,2500,0x04,left,378.501541,2389,0.190476,174,0,No fault,0x03,right,263.597131,2523,0.143590,173,0,No fault,-134.00
2026-08-12T10:48:24.375,1786524504.375195,3.339653,1,2500,5.000000,561,2500,0x04,left,379.072549,2345,0.196337,175,0,No fault,0x03,right,264.190101,2345,0.114286,173,0,No fault,0.00
2026-08-12T10:48:24.380,1786524504.380483,3.344939,1,2500,5.000000,562,2500,0x04,left,379.665519,2434,0.184615,176,0,No fault,0x03,right,264.783071,2434,0.219780,173,0,No fault,0.00
2026-08-12T10:48:24.385,1786524504.385967,3.350427,1,2500,5.000000,563,2500,0x04,left,380.258489,2389,0.178755,172,0,No fault,0x03,right,265.354079,2300,0.178755,173,0,No fault,89.00
2026-08-12T10:48:24.391,1786524504.391346,3.355806,1,2500,5.000000,564,2500,0x04,left,381.466391,2389,0.219780,174,0,No fault,0x03,right,265.947049,2434,0.202198,173,0,No fault,-45.00
2026-08-12T10:48:24.396,1786524504.396656,3.361113,1,2500,5.000000,565,2500,0x04,left,382.015437,2568,0.225641,176,0,No fault,0x03,right,266.540019,2568,0.149451,171,0,No fault,0.00
2026-08-12T10:48:24.401,1786524504.401972,3.366438,1,2500,5.000000,566,2500,0x04,left,382.608407,2434,0.126007,174,0,No fault,0x03,right,267.111027,2255,0.108425,172,0,No fault,179.00
2026-08-12T10:48:24.407,1786524504.407485,3.371940,1,2500,5.000000,567,2500,0x04,left,383.201377,2434,0.219780,170,0,No fault,0x03,right,267.725959,2345,0.184615,172,0,No fault,89.00
2026-08-12T10:48:24.412,1786524504.412864,3.377329,1,2500,5.000000,568,2500,0x04,left,383.772386,2345,0.208059,177,0,No fault,0x03,right,268.867975,2211,0.178755,173,0,No fault,134.00
2026-08-12T10:48:24.418,1786524504.418249,3.382706,1,2500,5.000000,569,2500,0x04,left,384.343394,2389,0.196337,175,0,No fault,0x03,right,269.460945,2479,0.102564,172,0,No fault,-90.00
2026-08-12T10:48:24.423,1786524504.423586,3.388050,1,2500,5.000000,570,2500,0x04,left,384.936364,2300,0.225641,175,0,No fault,0x03,right,270.031953,2211,0.155311,173,0,No fault,89.00
2026-08-12T10:48:24.428,1786524504.428941,3.393398,1,2500,5.000000,571,2500,0x04,left,385.507372,2121,0.149451,174,0,No fault,0x03,right,270.646885,2568,0.143590,172,0,No fault,-447.00
2026-08-12T10:48:24.434,1786524504.434264,3.398721,1,2500,5.000000,572,2500,0x04,left,386.122304,2434,0.172894,175,0,No fault,0x03,right,272.425795,2702,0.061538,173,0,No fault,-268.00
2026-08-12T10:48:24.439,1786524504.439567,3.404023,1,2500,5.000000,573,2500,0x04,left,386.693312,2300,0.202198,177,0,No fault,0x03,right,272.711299,2255,0.067399,173,0,No fault,45.00
2026-08-12T10:48:24.444,1786524504.444883,3.409342,1,2500,5.000000,574,2500,0x04,left,387.264320,2434,0.202198,175,0,No fault,0x03,right,275.829882,2300,0.155311,176,0,No fault,134.00
2026-08-12T10:48:24.450,1786524504.450208,3.414663,1,2500,5.000000,575,2500,0x04,left,387.857290,2434,0.190476,174,0,No fault,0x03,right,273.655659,2434,0.143590,173,0,No fault,0.00
2026-08-12T10:48:24.455,1786524504.455514,3.419963,1,2500,5.000000,576,2500,0x04,left,388.450260,2479,0.184615,176,0,No fault,0x03,right,274.248629,2434,0.161172,173,0,No fault,45.00
2026-08-12T10:48:24.471,1786524504.471047,3.435510,1,2500,5.000000,577,2500,0x04,left,390.207208,2479,0.219780,173,0,No fault,0x03,right,274.819637,2389,0.184615,173,0,No fault,90.00
2026-08-12T10:48:24.476,1786524504.476395,3.440856,1,2500,5.000000,578,2500,0x04,left,390.778216,2300,0.149451,174,0,No fault,0x03,right,276.005577,2121,0.131868,173,0,No fault,179.00
2026-08-12T10:48:24.481,1786524504.481692,3.446156,1,2500,5.000000,579,2500,0x04,left,391.393148,2523,0.096703,175,0,No fault,0x03,right,276.598547,2345,0.208059,173,0,No fault,178.00
2026-08-12T10:48:24.487,1786524504.487020,3.451481,1,2500,5.000000,580,2500,0x04,left,391.942195,2255,0.167033,172,0,No fault,0x03,right,277.191517,2255,0.196337,173,0,No fault,0.00
2026-08-12T10:48:24.492,1786524504.492329,3.456788,1,2500,5.000000,581,2500,0x04,left,392.557126,2479,0.172894,174,0,No fault,0x03,right,277.762525,2211,0.137729,173,0,No fault,268.00
2026-08-12T10:48:24.497,1786524504.497621,3.462080,1,2500,5.000000,582,2500,0x04,left,393.128135,2434,0.219780,175,0,No fault,0x03,right,278.355495,2345,0.126007,173,0,No fault,89.00
2026-08-12T10:48:24.508,1786524504.508006,3.472467,1,2500,5.000000,583,2500,0x04,left,393.699143,2255,0.184615,176,0,No fault,0x03,right,279.563397,2300,0.219780,173,0,No fault,-45.00
2026-08-12T10:48:24.513,1786524504.513306,3.477768,1,2500,5.000000,584,2500,0x04,left,395.609824,2568,0.149451,173,0,No fault,0x03,right,280.134405,2211,0.219780,174,0,No fault,357.00
2026-08-12T10:48:24.518,1786524504.518649,3.483107,1,2500,5.000000,585,2500,0x04,left,395.917290,2479,0.172894,174,0,No fault,0x03,right,281.298383,2166,0.108425,173,0,No fault,313.00
2026-08-12T10:48:24.523,1786524504.523943,3.488400,1,2500,5.000000,586,2500,0x04,left,396.466336,2255,0.231502,174,0,No fault,0x03,right,281.891353,2345,0.184615,173,0,No fault,-90.00
2026-08-12T10:48:24.529,1786524504.529236,3.493698,1,2500,5.000000,587,2500,0x04,left,397.059306,2211,0.102564,174,0,No fault,0x03,right,282.484323,2434,0.202198,173,0,No fault,-223.00
2026-08-12T10:48:24.534,1786524504.534535,3.498993,1,2500,5.000000,588,2500,0x04,left,397.674238,2389,0.143590,175,0,No fault,0x03,right,283.055332,2255,0.231502,173,0,No fault,134.00
2026-08-12T10:48:24.539,1786524504.539826,3.504282,1,2500,5.000000,589,2500,0x04,left,398.245246,2345,0.196337,174,0,No fault,0x03,right,283.626340,2255,0.114286,173,0,No fault,90.00
2026-08-12T10:48:24.545,1786524504.545103,3.509559,1,2500,5.000000,590,2500,0x04,left,398.816254,2255,0.184615,176,0,No fault,0x03,right,284.241272,2389,0.149451,172,0,No fault,-134.00
2026-08-12T10:48:24.550,1786524504.550395,3.514861,1,2500,5.000000,591,2500,0x04,left,399.409224,2389,0.126007,175,0,No fault,0x03,right,284.812280,2389,0.178755,172,0,No fault,0.00
2026-08-12T10:48:24.555,1786524504.555725,3.520184,1,2500,5.000000,592,2500,0x04,left,400.002194,2523,0.143590,175,0,No fault,0x03,right,285.405250,2255,0.202198,171,0,No fault,268.00
2026-08-12T10:48:24.561,1786524504.561265,3.525723,1,2500,5.000000,593,2500,0x04,left,400.573202,2255,0.208059,176,0,No fault,0x03,right,289.248574,2613,0.202198,176,0,No fault,-358.00
2026-08-12T10:48:24.566,1786524504.566689,3.531154,1,2500,5.000000,594,2500,0x04,left,401.166172,2345,0.167033,174,0,No fault,0x03,right,287.184160,2613,0.096703,173,0,No fault,-268.00
2026-08-12T10:48:24.572,1786524504.572081,3.536544,1,2500,5.000000,595,2500,0x04,left,401.737181,2166,0.219780,175,0,No fault,0x03,right,287.755168,2255,0.190476,173,0,No fault,-89.00
2026-08-12T10:48:24.577,1786524504.577413,3.541894,1,2500,5.000000,596,2500,0x04,left,402.330151,2345,0.143590,175,0,No fault,0x03,right,288.370100,2479,0.213919,173,0,No fault,-134.00
2026-08-12T10:48:24.582,1786524504.582709,3.547156,1,2500,5.000000,597,2500,0x04,left,402.923121,2345,0.120147,175,0,No fault,0x03,right,288.941108,2479,0.143590,174,0,No fault,-134.00
2026-08-12T10:48:24.587,1786524504.587989,3.552450,1,2500,5.000000,598,2500,0x04,left,403.516091,2479,0.225641,172,0,No fault,0x03,right,289.534078,2523,0.114286,171,0,No fault,-44.00
2026-08-12T10:48:24.593,1786524504.593344,3.557804,1,2500,5.000000,599,2500,0x04,left,404.087099,2389,0.202198,174,0,No fault,0x03,right,290.127048,2300,0.126007,176,0,No fault,89.00
2026-08-12T10:48:24.598,1786524504.598888,3.563355,1,2500,5.000000,600,2500,0x04,left,404.658107,2255,0.190476,176,0,No fault,0x03,right,290.741980,2389,0.149451,174,0,No fault,-134.00
2026-08-12T10:48:24.604,1786524504.604990,3.569453,1,2500,5.000000,601,2500,0x04,left,405.887971,2345,0.167033,177,0,No fault,0x03,right,291.312988,2389,0.202198,172,0,No fault,-44.00
2026-08-12T10:48:24.610,1786524504.610350,3.574814,1,2500,5.000000,602,2500,0x04,left,406.437017,2300,0.225641,174,0,No fault,0x03,right,291.905958,2434,0.149451,173,0,No fault,-134.00
2026-08-12T10:48:24.615,1786524504.615707,3.580167,1,2500,5.000000,603,2500,0x04,left,407.008025,2300,0.231502,174,0,No fault,0x03,right,292.498928,2434,0.073260,172,0,No fault,-134.00
2026-08-12T10:48:24.621,1786524504.621054,3.585520,1,2500,5.000000,604,2500,0x04,left,407.579033,2166,0.219780,175,0,No fault,0x03,right,293.113860,2389,0.114286,174,0,No fault,-223.00
2026-08-12T10:48:24.626,1786524504.626499,3.590967,1,2500,5.000000,605,2500,0x04,left,408.172003,2300,0.231502,174,0,No fault,0x03,right,293.706830,2389,0.155311,174,0,No fault,-89.00
2026-08-12T10:48:24.631,1786524504.631898,3.596360,1,2500,5.000000,606,2500,0x04,left,408.743011,2121,0.196337,173,0,No fault,0x03,right,295.463778,2389,0.067399,172,0,No fault,-268.00
2026-08-12T10:48:24.637,1786524504.637391,3.601855,1,2500,5.000000,607,2500,0x04,left,409.357943,2523,0.184615,174,0,No fault,0x03,right,295.749282,2389,0.114286,174,0,No fault,134.00
2026-08-12T10:48:24.642,1786524504.642997,3.607460,1,2500,5.000000,608,2500,0x04,left,409.950913,2479,0.237363,175,0,No fault,0x03,right,296.144595,2300,0.155311,172,0,No fault,179.00
2026-08-12T10:48:24.648,1786524504.648373,3.612837,1,2500,5.000000,609,2500,0x04,left,410.499960,2166,0.231502,174,0,No fault,0x03,right,297.330535,2211,0.167033,173,0,No fault,-45.00
2026-08-12T10:48:24.653,1786524504.653730,3.618192,1,2500,5.000000,610,2500,0x04,left,411.114892,2568,0.149451,174,0,No fault,0x03,right,297.923505,2479,0.108425,171,0,No fault,89.00
2026-08-12T10:48:24.659,1786524504.659054,3.623514,1,2500,5.000000,611,2500,0x04,left,411.685900,2434,0.190476,174,0,No fault,0x03,right,298.516475,2345,0.120147,173,0,No fault,89.00
2026-08-12T10:48:24.675,1786524504.675367,3.639834,1,2500,5.000000,612,2500,0x04,left,413.464810,2523,0.243223,175,0,No fault,0x03,right,299.153369,2255,0.172894,174,0,No fault,268.00
2026-08-12T10:48:24.680,1786524504.680746,3.645211,1,2500,5.000000,613,2500,0x04,left,414.035818,2568,0.196337,174,0,No fault,0x03,right,300.273424,2434,0.190476,173,0,No fault,134.00
2026-08-12T10:48:24.686,1786524504.686084,3.650547,1,2500,5.000000,614,2500,0x04,left,414.628788,2479,0.178755,176,0,No fault,0x03,right,300.866394,2211,0.096703,174,0,No fault,268.00
2026-08-12T10:48:24.691,1786524504.691545,3.656006,1,2500,5.000000,615,2500,0x04,left,415.221758,2568,0.213919,172,0,No fault,0x03,right,301.437402,2166,0.172894,173,0,No fault,402.00
2026-08-12T10:48:24.696,1786524504.696877,3.661339,1,2500,5.000000,616,2500,0x04,left,415.792766,2121,0.190476,176,0,No fault,0x03,right,302.052334,2389,0.190476,172,0,No fault,-268.00
2026-08-12T10:48:24.702,1786524504.702386,3.666846,1,2500,5.000000,617,2500,0x04,left,416.385736,2255,0.219780,177,0,No fault,0x03,right,302.645304,2434,0.208059,172,0,No fault,-179.00
2026-08-12T10:48:24.713,1786524504.713296,3.677757,1,2500,5.000000,618,2500,0x04,left,416.956744,2389,0.178755,174,0,No fault,0x03,right,303.809282,2479,0.096703,173,0,No fault,-90.00
2026-08-12T10:48:24.718,1786524504.718629,3.683092,1,2500,5.000000,619,2500,0x04,left,418.933311,2255,0.196337,173,0,No fault,0x03,right,304.402252,2568,0.167033,173,0,No fault,-313.00
2026-08-12T10:48:24.723,1786524504.723945,3.688406,1,2500,5.000000,620,2500,0x04,left,419.262739,2389,0.172894,173,0,No fault,0x03,right,304.973260,2255,0.196337,173,0,No fault,134.00
2026-08-12T10:48:24.729,1786524504.729262,3.693720,1,2500,5.000000,621,2500,0x04,left,419.855709,2479,0.172894,175,0,No fault,0x03,right,305.588192,2434,0.208059,174,0,No fault,45.00
2026-08-12T10:48:24.734,1786524504.734717,3.699172,1,2500,5.000000,622,2500,0x04,left,420.426717,2389,0.190476,175,0,No fault,0x03,right,306.730208,2568,0.143590,172,0,No fault,-179.00
2026-08-12T10:48:24.739,1786524504.739997,3.704460,1,2500,5.000000,623,2500,0x04,left,420.997725,2300,0.184615,174,0,No fault,0x03,right,307.323178,2434,0.143590,173,0,No fault,-134.00
2026-08-12T10:48:24.745,1786524504.745514,3.709979,1,2500,5.000000,624,2500,0x04,left,421.590695,2255,0.243223,174,0,No fault,0x03,right,307.916148,2389,0.178755,173,0,No fault,-134.00
2026-08-12T10:48:24.751,1786524504.751086,3.715557,1,2500,5.000000,625,2500,0x04,left,422.161703,2389,0.196337,171,0,No fault,0x03,right,309.080126,2255,0.161172,174,0,No fault,134.00
2026-08-12T10:48:24.756,1786524504.756517,3.720983,1,2500,5.000000,626,2500,0x04,left,422.754673,2300,0.131868,173,0,No fault,0x03,right,309.673096,2345,0.108425,173,0,No fault,-45.00
2026-08-12T10:48:24.762,1786524504.762846,3.727301,1,2500,5.000000,627,2500,0x04,left,423.918651,2166,0.231502,175,0,No fault,0x03,right,310.266066,2389,0.137729,173,0,No fault,-223.00
2026-08-12T10:48:24.768,1786524504.768155,3.732617,1,2500,5.000000,628,2500,0x04,left,424.511621,2300,0.190476,175,0,No fault,0x03,right,310.859036,2389,0.126007,173,0,No fault,-89.00
2026-08-12T10:48:24.773,1786524504.773513,3.737974,1,2500,5.000000,629,2500,0x04,left,425.082630,2479,0.254945,174,0,No fault,0x03,right,311.430045,2434,0.196337,173,0,No fault,45.00
2026-08-12T10:48:24.779,1786524504.779053,3.743507,1,2500,5.000000,630,2500,0x04,left,425.675600,2434,0.126007,177,0,No fault,0x03,right,312.023015,2345,0.131868,173,0,No fault,89.00
2026-08-12T10:48:24.784,1786524504.784344,3.748793,1,2500,5.000000,631,2500,0x04,left,426.246608,2211,0.213919,177,0,No fault,0x03,right,312.637946,2657,0.067399,173,0,No fault,-446.00
2026-08-12T10:48:24.789,1786524504.789615,3.754072,1,2500,5.000000,632,2500,0x04,left,426.839578,2568,0.266667,172,0,No fault,0x03,right,313.208955,2389,0.131868,174,0,No fault,179.00
2026-08-12T10:48:24.794,1786524504.794914,3.759371,1,2500,5.000000,633,2500,0x04,left,427.410586,2300,0.202198,174,0,No fault,0x03,right,313.801925,2389,0.143590,173,0,No fault,-89.00
2026-08-12T10:48:24.800,1786524504.800252,3.764722,1,2500,5.000000,634,2500,0x04,left,428.003556,2568,0.190476,174,0,No fault,0x03,right,314.372933,2255,0.172894,170,0,No fault,313.00
2026-08-12T10:48:24.805,1786524504.805695,3.770163,1,2500,5.000000,635,2500,0x04,left,428.574564,2613,0.190476,174,0,No fault,0x03,right,314.965903,2479,0.102564,172,0,No fault,134.00
2026-08-12T10:48:24.811,1786524504.811023,3.775477,1,2500,5.000000,636,2500,0x04,left,429.167534,2479,0.172894,175,0,No fault,0x03,right,316.151843,2345,0.143590,174,0,No fault,134.00
2026-08-12T10:48:24.816,1786524504.816304,3.780766,1,2500,5.000000,637,2500,0x04,left,429.738542,2345,0.219780,174,0,No fault,0x03,right,316.744813,2211,0.172894,172,0,No fault,134.00
2026-08-12T10:48:24.821,1786524504.821615,3.786078,1,2500,5.000000,638,2500,0x04,left,430.331512,2479,0.213919,174,0,No fault,0x03,right,318.523723,2523,0.096703,170,0,No fault,-44.00
2026-08-12T10:48:24.827,1786524504.827070,3.791538,1,2500,5.000000,639,2500,0x04,left,430.902520,2479,0.167033,175,0,No fault,0x03,right,318.809227,2211,0.114286,173,0,No fault,268.00
2026-08-12T10:48:24.832,1786524504.832429,3.796884,1,2500,5.000000,640,2500,0x04,left,431.495490,2434,0.161172,174,0,No fault,0x03,right,319.709663,2211,0.184615,173,0,No fault,223.00
2026-08-12T10:48:24.837,1786524504.837739,3.802198,1,2500,5.000000,641,2500,0x04,left,432.088460,2389,0.190476,175,0,No fault,0x03,right,320.302633,2434,0.178755,172,0,No fault,-45.00
2026-08-12T10:48:24.843,1786524504.843085,3.807554,1,2500,5.000000,642,2500,0x04,left,432.681430,2568,0.167033,176,0,No fault,0x03,right,320.873641,2211,0.137729,174,0,No fault,357.00
2026-08-12T10:48:24.848,1786524504.848467,3.812930,1,2500,5.000000,643,2500,0x04,left,433.252439,2389,0.190476,174,0,No fault,0x03,right,321.466611,2434,0.137729,173,0,No fault,-45.00
2026-08-12T10:48:24.853,1786524504.853901,3.818360,1,2500,5.000000,644,2500,0x04,left,433.845409,2568,0.172894,174,0,No fault,0x03,right,322.059581,2345,0.184615,174,0,No fault,223.00
2026-08-12T10:48:24.859,1786524504.859236,3.823700,1,2500,5.000000,645,2500,0x04,left,434.416417,2166,0.155311,173,0,No fault,0x03,right,322.630589,2300,0.184615,173,0,No fault,-134.00
2026-08-12T10:48:24.864,1786524504.864680,3.829131,1,2500,5.000000,646,2500,0x04,left,435.009387,2389,0.202198,175,0,No fault,0x03,right,323.223559,2613,0.190476,173,0,No fault,-224.00
2026-08-12T10:48:24.880,1786524504.880203,3.844667,1,2500,5.000000,647,2500,0x04,left,437.337343,2389,0.178755,175,0,No fault,0x03,right,323.794567,2345,0.137729,173,0,No fault,44.00
2026-08-12T10:48:24.885,1786524504.885637,3.850096,1,2500,5.000000,648,2500,0x04,left,437.908351,2568,0.196337,174,0,No fault,0x03,right,324.980507,2523,0.172894,172,0,No fault,45.00
2026-08-12T10:48:24.890,1786524504.890965,3.855426,1,2500,5.000000,649,2500,0x04,left,438.501321,2568,0.237363,176,0,No fault,0x03,right,325.551516,2345,0.178755,172,0,No fault,223.00
2026-08-12T10:48:24.896,1786524504.896283,3.860735,1,2500,5.000000,650,2500,0x04,left,439.072329,2211,0.202198,175,0,No fault,0x03,right,326.144486,2434,0.219780,176,0,No fault,-223.00
2026-08-12T10:48:24.901,1786524504.901541,3.865989,1,2500,5.000000,651,2500,0x04,left,439.665299,2523,0.143590,175,0,No fault,0x03,right,326.715494,2255,0.126007,173,0,No fault,268.00
2026-08-12T10:48:24.917,1786524504.917039,3.881494,1,2500,5.000000,652,2500,0x04,left,440.236307,2479,0.190476,176,0,No fault,0x03,right,328.472442,2345,0.196337,171,0,No fault,134.00
2026-08-12T10:48:24.922,1786524504.922331,3.886785,1,2500,5.000000,653,2500,0x04,left,442.125027,2523,0.190476,176,0,No fault,0x03,right,329.043450,2389,0.184615,172,0,No fault,134.00
2026-08-12T10:48:24.927,1786524504.927642,3.892104,1,2500,5.000000,654,2500,0x04,left,442.476416,2523,0.172894,175,0,No fault,0x03,right,329.658382,2523,0.143590,175,0,No fault,0.00
2026-08-12T10:48:24.932,1786524504.932996,3.897456,1,2500,5.000000,655,2500,0x04,left,443.069386,2345,0.184615,173,0,No fault,0x03,right,330.251352,2479,0.155311,174,0,No fault,-134.00
2026-08-12T10:48:24.938,1786524504.938370,3.902844,1,2500,5.000000,656,2500,0x04,left,443.640395,2345,0.225641,175,0,No fault,0x03,right,330.822360,2166,0.131868,174,0,No fault,179.00
2026-08-12T10:48:24.943,1786524504.943782,3.908246,1,2500,5.000000,657,2500,0x04,left,444.211403,2345,0.202198,174,0,No fault,0x03,right,331.415330,2345,0.202198,173,0,No fault,0.00
2026-08-12T10:48:24.949,1786524504.949152,3.913615,1,2500,5.000000,658,2500,0x04,left,444.804373,2389,0.202198,175,0,No fault,0x03,right,332.008300,2389,0.167033,174,0,No fault,0.00
2026-08-12T10:48:24.954,1786524504.954504,3.918963,1,2500,5.000000,659,2500,0x04,left,445.397343,2523,0.178755,174,0,No fault,0x03,right,332.601270,2389,0.090842,174,0,No fault,134.00
2026-08-12T10:48:24.959,1786524504.959949,3.924415,1,2500,5.000000,660,2500,0x04,left,445.968351,2479,0.155311,175,0,No fault,0x03,right,333.194240,2121,0.167033,173,0,No fault,358.00
2026-08-12T10:48:24.965,1786524504.965541,3.930007,1,2500,5.000000,661,2500,0x04,left,446.539359,2255,0.225641,170,0,No fault,0x03,right,334.358218,2434,0.202198,171,0,No fault,-179.00
2026-08-12T10:48:24.970,1786524504.970888,3.935366,1,2500,5.000000,662,2500,0x04,left,447.154291,2479,0.184615,175,0,No fault,0x03,right,334.951188,2568,0.126007,174,0,No fault,-89.00
2026-08-12T10:48:24.976,1786524504.976653,3.941127,1,2500,5.000000,663,2500,0x04,left,447.725299,2255,0.213919,174,0,No fault,0x03,right,335.544158,2389,0.073260,173,0,No fault,-134.00
2026-08-12T10:48:24.982,1786524504.982101,3.946569,1,2500,5.000000,664,2500,0x04,left,448.933201,2479,0.143590,176,0,No fault,0x03,right,336.115166,2300,0.184615,172,0,No fault,179.00
2026-08-12T10:48:24.987,1786524504.987458,3.951923,1,2500,5.000000,665,2500,0x04,left,449.526171,2523,0.167033,174,0,No fault,0x03,right,336.708136,2657,0.190476,176,0,No fault,-134.00
2026-08-12T10:48:24.992,1786524504.992945,3.957409,1,2500,5.000000,666,2500,0x04,left,450.097179,2166,0.184615,175,0,No fault,0x03,right,337.301106,2479,0.167033,174,0,No fault,-313.00
2026-08-12T10:48:24.998,1786524504.998269,3.962731,1,2500,5.000000,667,2500,0x04,left,450.690149,2345,0.172894,170,0,No fault,0x03,right,337.872115,2077,0.143590,174,0,No fault,268.00
2026-08-12T10:48:25.003,1786524505.003579,3.968037,1,2500,5.000000,668,2500,0x04,left,451.283119,2479,0.131868,175,0,No fault,0x03,right,338.465085,2479,0.131868,172,0,No fault,0.00
2026-08-12T10:48:25.008,1786524505.008884,3.973346,1,2500,5.000000,669,2500,0x04,left,451.854127,2300,0.184615,176,0,No fault,0x03,right,339.058055,2479,0.184615,173,0,No fault,-179.00
2026-08-12T10:48:25.014,1786524505.014197,3.978652,1,2500,5.000000,670,2500,0x04,left,452.447097,2345,0.149451,175,0,No fault,0x03,right,339.629063,2255,0.231502,171,0,No fault,90.00
2026-08-12T10:48:25.019,1786524505.019490,3.983945,1,2500,5.000000,671,2500,0x04,left,453.040067,2523,0.196337,174,0,No fault,0x03,right,340.243995,2568,0.155311,172,0,No fault,-45.00
2026-08-12T10:48:25.024,1786524505.024774,3.989228,1,2500,5.000000,672,2500,0x04,left,453.611075,2345,0.196337,174,0,No fault,0x03,right,341.935057,2479,0.184615,174,0,No fault,-134.00
2026-08-12T10:48:25.030,1786524505.030095,3.994550,1,2500,5.000000,673,2500,0x04,left,454.204045,2479,0.137729,170,0,No fault,0x03,right,342.242523,2434,0.172894,174,0,No fault,45.00
2026-08-12T10:48:25.035,1786524505.035442,3.999912,1,2500,5.000000,674,2500,0x04,left,454.797015,2434,0.161172,174,0,No fault,0x03,right,344.702251,2568,0.196337,174,0,No fault,-134.00
2026-08-12T10:48:25.040,1786524505.040790,4.005246,1,2500,5.000000,675,2500,0x04,left,455.389985,2523,0.196337,174,0,No fault,0x03,right,342.549989,2166,0.219780,172,0,No fault,357.00
2026-08-12T10:48:25.046,1786524505.046082,4.010538,1,2500,5.000000,676,2500,0x04,left,455.960994,2211,0.178755,174,0,No fault,0x03,right,343.120997,2300,0.213919,173,0,No fault,-89.00
2026-08-12T10:48:25.051,1786524505.051365,4.015821,1,2500,5.000000,677,2500,0x04,left,456.532002,2389,0.178755,174,0,No fault,0x03,right,343.713967,2255,0.114286,174,0,No fault,134.00
2026-08-12T10:48:25.056,1786524505.056673,4.021134,1,2500,5.000000,678,2500,0x04,left,457.124972,2434,0.131868,175,0,No fault,0x03,right,344.306937,2345,0.190476,173,0,No fault,89.00
2026-08-12T10:48:25.062,1786524505.062120,4.026576,1,2500,5.000000,679,2500,0x04,left,457.717942,2300,0.149451,174,0,No fault,0x03,right,344.877945,2389,0.231502,172,0,No fault,-89.00
2026-08-12T10:48:25.067,1786524505.067497,4.031956,1,2500,5.000000,680,2500,0x04,left,458.310912,2613,0.196337,177,0,No fault,0x03,right,346.063885,2389,0.202198,174,0,No fault,224.00
2026-08-12T10:48:25.083,1786524505.083055,4.047508,1,2500,5.000000,681,2500,0x04,left,460.111784,2300,0.143590,176,0,No fault,0x03,right,346.656855,2389,0.137729,172,0,No fault,-89.00
2026-08-12T10:48:25.088,1786524505.088376,4.052839,1,2500,5.000000,682,2500,0x04,left,460.682792,2479,0.208059,175,0,No fault,0x03,right,347.820834,2345,0.172894,173,0,No fault,134.00
2026-08-12T10:48:25.093,1786524505.093709,4.058168,1,2500,5.000000,683,2500,0x04,left,461.297724,2255,0.167033,170,0,No fault,0x03,right,348.391842,2255,0.208059,176,0,No fault,0.00
2026-08-12T10:48:25.099,1786524505.099055,4.063522,1,2500,5.000000,684,2500,0x04,left,461.868732,2211,0.202198,174,0,No fault,0x03,right,349.006774,2523,0.131868,173,0,No fault,-312.00
2026-08-12T10:48:25.104,1786524505.104581,4.069033,1,2500,5.000000,685,2500,0x04,left,462.439740,2255,0.172894,175,0,No fault,0x03,right,349.577782,2345,0.126007,175,0,No fault,-90.00
2026-08-12T10:48:25.109,1786524505.109905,4.074364,1,2500,5.000000,686,2500,0x04,left,463.054672,2345,0.178755,175,0,No fault,0x03,right,350.192714,2523,0.149451,173,0,No fault,-178.00
2026-08-12T10:48:25.120,1786524505.120780,4.085239,1,2500,5.000000,687,2500,0x04,left,463.625680,2255,0.225641,176,0,No fault,0x03,right,351.334730,2121,0.190476,173,0,No fault,134.00
2026-08-12T10:48:25.126,1786524505.126095,4.090549,1,2500,5.000000,688,2500,0x04,left,465.536361,2345,0.202198,174,0,No fault,0x03,right,351.949662,2568,0.137729,173,0,No fault,-223.00
2026-08-12T10:48:25.131,1786524505.131854,4.096320,1,2500,5.000000,689,2500,0x04,left,465.887751,2434,0.184615,174,0,No fault,0x03,right,352.542632,2389,0.084982,174,0,No fault,45.00
2026-08-12T10:48:25.137,1786524505.137231,4.101695,1,2500,5.000000,690,2500,0x04,left,466.480721,2345,0.213919,174,0,No fault,0x03,right,353.135602,2434,0.126007,173,0,No fault,-89.00
2026-08-12T10:48:25.142,1786524505.142626,4.107091,1,2500,5.000000,691,2500,0x04,left,467.073691,2255,0.184615,174,0,No fault,0x03,right,353.728572,2479,0.120147,173,0,No fault,-224.00
2026-08-12T10:48:25.147,1786524505.147998,4.112458,1,2500,5.000000,692,2500,0x04,left,467.666661,2255,0.202198,174,0,No fault,0x03,right,354.299580,2255,0.178755,173,0,No fault,0.00
2026-08-12T10:48:25.153,1786524505.153331,4.117789,1,2500,5.000000,693,2500,0x04,left,468.237669,2345,0.208059,174,0,No fault,0x03,right,354.892550,2300,0.131868,173,0,No fault,45.00
2026-08-12T10:48:25.158,1786524505.158754,4.123225,1,2500,5.000000,694,2500,0x04,left,468.830639,2434,0.178755,174,0,No fault,0x03,right,355.485520,2389,0.079121,173,0,No fault,45.00
2026-08-12T10:48:25.164,1786524505.164113,4.128567,1,2500,5.000000,695,2500,0x04,left,469.423609,2434,0.172894,174,0,No fault,0x03,right,356.100452,2613,0.143590,173,0,No fault,-179.00
2026-08-12T10:48:25.169,1786524505.169386,4.133838,1,2500,5.000000,696,2500,0x04,left,470.016579,2345,0.202198,174,0,No fault,0x03,right,356.671460,2479,0.178755,173,0,No fault,-134.00
2026-08-12T10:48:25.174,1786524505.174712,4.139170,1,2500,5.000000,697,2500,0x04,left,470.587587,2345,0.225641,174,0,No fault,0x03,right,357.264430,2434,0.161172,172,0,No fault,-89.00
2026-08-12T10:48:25.180,1786524505.180058,4.144521,1,2500,5.000000,698,2500,0x04,left,471.180557,2613,0.172894,175,0,No fault,0x03,right,357.857400,2791,0.126007,173,0,No fault,-178.00
2026-08-12T10:48:25.185,1786524505.185521,4.149974,1,2500,5.000000,699,2500,0x04,left,471.751565,2077,0.184615,174,0,No fault,0x03,right,358.428408,2434,0.120147,173,0,No fault,-357.00
2026-08-12T10:48:25.190,1786524505.190985,4.155458,1,2500,5.000000,700,2500,0x04,left,472.344535,2389,0.184615,174,0,No fault,0x03,right,359.043340,2434,0.137729,173,0,No fault,-45.00
2026-08-12T10:48:25.196,1786524505.196643,4.161106,1,2500,5.000000,701,2500,0x04,left,472.937505,2389,0.213919,174,0,No fault,0x03,right,360.185356,2211,0.196337,172,0,No fault,178.00
2026-08-12T10:48:25.202,1786524505.202301,4.166766,1,2500,5.000000,702,2500,0x04,left,474.123445,2345,0.131868,174,0,No fault,0x03,right,360.778326,2300,0.108425,172,0,No fault,45.00
2026-08-12T10:48:25.207,1786524505.207665,4.172125,1,2500,5.000000,703,2500,0x04,left,474.716415,2255,0.178755,174,0,No fault,0x03,right,361.371296,2345,0.172894,173,0,No fault,-90.00
2026-08-12T10:48:25.213,1786524505.213001,4.177463,1,2500,5.000000,704,2500,0x04,left,475.287424,2479,0.184615,175,0,No fault,0x03,right,361.964266,2568,0.178755,172,0,No fault,-89.00
2026-08-12T10:48:25.218,1786524505.218404,4.182868,1,2500,5.000000,705,2500,0x04,left,475.880394,2479,0.190476,174,0,No fault,0x03,right,362.557236,2300,0.190476,175,0,No fault,179.00
2026-08-12T10:48:25.223,1786524505.223802,4.188265,1,2500,5.000000,706,2500,0x04,left,476.473364,2211,0.231502,175,0,No fault,0x03,right,363.150206,2523,0.202198,174,0,No fault,-312.00
2026-08-12T10:48:25.229,1786524505.229144,4.193603,1,2500,5.000000,707,2500,0x04,left,477.066334,2345,0.126007,174,0,No fault,0x03,right,363.721215,2389,0.131868,176,0,No fault,-44.00
2026-08-12T10:48:25.234,1786524505.234479,4.198940,1,2500,5.000000,708,2500,0x04,left,477.659304,2255,0.143590,173,0,No fault,0x03,right,365.214621,2211,0.190476,173,0,No fault,44.00
2026-08-12T10:48:25.239,1786524505.239830,4.204289,1,2500,5.000000,709,2500,0x04,left,478.230312,2479,0.219780,174,0,No fault,0x03,right,365.522086,2255,0.161172,171,0,No fault,224.00
2026-08-12T10:48:25.245,1786524505.245163,4.209624,1,2500,5.000000,710,2500,0x04,left,478.845244,2613,0.190476,175,0,No fault,0x03,right,365.829552,2077,0.213919,173,0,No fault,536.00
2026-08-12T10:48:25.250,1786524505.250684,4.215153,1,2500,5.000000,711,2500,0x04,left,479.416252,2568,0.155311,174,0,No fault,0x03,right,366.422522,2300,0.161172,173,0,No fault,268.00
2026-08-12T10:48:25.256,1786524505.256084,4.220548,1,2500,5.000000,712,2500,0x04,left,479.987260,2166,0.178755,175,0,No fault,0x03,right,367.015492,2479,0.126007,173,0,No fault,-313.00
2026-08-12T10:48:25.261,1786524505.261468,4.225921,1,2500,5.000000,713,2500,0x04,left,480.580230,2255,0.184615,175,0,No fault,0x03,right,367.608462,2479,0.172894,173,0,No fault,-224.00
2026-08-12T10:48:25.266,1786524505.266731,4.231182,1,2500,5.000000,714,2500,0x04,left,481.173200,2389,0.184615,174,0,No fault,0x03,right,368.201432,2479,0.184615,174,0,No fault,-90.00
2026-08-12T10:48:25.272,1786524505.272019,4.236479,1,2500,5.000000,715,2500,0x04,left,481.766170,2702,0.231502,172,0,No fault,0x03,right,368.816364,2345,0.167033,173,0,No fault,357.00
2026-08-12T10:48:25.282,1786524505.282525,4.246988,1,2500,5.000000,716,2500,0x04,left,482.930148,2300,0.161172,173,0,No fault,0x03,right,369.387372,2389,0.096703,174,0,No fault,-89.00
2026-08-12T10:48:25.287,1786524505.287917,4.252378,1,2500,5.000000,717,2500,0x04,left,483.523118,2345,0.202198,175,0,No fault,0x03,right,369.980342,2345,0.102564,173,0,No fault,0.00
2026-08-12T10:48:25.293,1786524505.293264,4.257719,1,2500,5.000000,718,2500,0x04,left,484.094126,2389,0.202198,176,0,No fault,0x03,right,371.166282,2389,0.155311,173,0,No fault,0.00
2026-08-12T10:48:25.298,1786524505.298579,4.263029,1,2500,5.000000,719,2500,0x04,left,484.687096,2345,0.167033,176,0,No fault,0x03,right,371.759252,2479,0.126007,173,0,No fault,-134.00
2026-08-12T10:48:25.303,1786524505.303875,4.268336,1,2500,5.000000,720,2500,0x04,left,485.280066,2479,0.196337,176,0,No fault,0x03,right,372.330261,2345,0.102564,172,0,No fault,134.00
2026-08-12T10:48:25.309,1786524505.309349,4.273806,1,2500,5.000000,721,2500,0x04,left,485.851074,2479,0.178755,174,0,No fault,0x03,right,372.923231,2345,0.114286,172,0,No fault,134.00
2026-08-12T10:48:25.314,1786524505.314756,4.279213,1,2500,5.000000,722,2500,0x04,left,486.444044,2434,0.231502,175,0,No fault,0x03,right,373.538162,2479,0.131868,173,0,No fault,-45.00
2026-08-12T10:48:25.325,1786524505.325339,4.289794,1,2500,5.000000,723,2500,0x04,left,487.058976,2657,0.196337,174,0,No fault,0x03,right,374.702141,2523,0.131868,173,0,No fault,134.00
2026-08-12T10:48:25.330,1786524505.330668,4.295131,1,2500,5.000000,724,2500,0x04,left,488.881810,2166,0.202198,174,0,No fault,0x03,right,375.295111,2479,0.067399,172,0,No fault,-313.00
2026-08-12T10:48:25.335,1786524505.335992,4.300450,1,2500,5.000000,725,2500,0x04,left,489.233200,2300,0.196337,175,0,No fault,0x03,right,375.888081,2434,0.120147,173,0,No fault,-134.00
2026-08-12T10:48:25.341,1786524505.341287,4.305744,1,2500,5.000000,726,2500,0x04,left,489.804208,2300,0.190476,176,0,No fault,0x03,right,376.459089,2211,0.161172,173,0,No fault,89.00
2026-08-12T10:48:25.346,1786524505.346630,4.311089,1,2500,5.000000,727,2500,0x04,left,490.397178,2255,0.196337,175,0,No fault,0x03,right,377.052059,2523,0.131868,174,0,No fault,-268.00
2026-08-12T10:48:25.351,1786524505.351972,4.316440,1,2500,5.000000,728,2500,0x04,left,490.990148,2434,0.149451,174,0,No fault,0x03,right,377.623067,2255,0.120147,171,0,No fault,179.00
2026-08-12T10:48:25.357,1786524505.357329,4.321788,1,2500,5.000000,729,2500,0x04,left,491.583118,2300,0.184615,174,0,No fault,0x03,right,378.216037,2345,0.120147,173,0,No fault,-45.00
2026-08-12T10:48:25.362,1786524505.362658,4.327115,1,2500,5.000000,730,2500,0x04,left,492.154126,2345,0.202198,174,0,No fault,0x03,right,378.809007,2389,0.126007,175,0,No fault,-44.00
2026-08-12T10:48:25.367,1786524505.367963,4.332430,1,2500,5.000000,731,2500,0x04,left,492.747096,2479,0.155311,175,0,No fault,0x03,right,379.401977,2345,0.161172,173,0,No fault,134.00
2026-08-12T10:48:25.373,1786524505.373292,4.337748,1,2500,5.000000,732,2500,0x04,left,493.318104,2121,0.196337,175,0,No fault,0x03,right,379.994947,2523,0.184615,172,0,No fault,-402.00
2026-08-12T10:48:25.378,1786524505.378725,4.343181,1,2500,5.000000,733,2500,0x04,left,493.911074,2211,0.149451,173,0,No fault,0x03,right,380.565955,2568,0.167033,172,0,No fault,-357.00
2026-08-12T10:48:25.384,1786524505.384004,4.348457,1,2500,5.000000,734,2500,0x04,left,494.504044,2479,0.161172,174,0,No fault,0x03,right,381.180887,2523,0.126007,174,0,No fault,-44.00
2026-08-12T10:48:25.389,1786524505.389282,4.353737,1,2500,5.000000,735,2500,0x04,left,495.075052,2479,0.190476,174,0,No fault,0x03,right,381.751895,2479,0.161172,173,0,No fault,0.00
2026-08-12T10:48:25.394,1786524505.394627,4.359091,1,2500,5.000000,736,2500,0x04,left,495.668022,2568,0.178755,174,0,No fault,0x03,right,382.322903,2389,0.184615,173,0,No fault,179.00
2026-08-12T10:48:25.399,1786524505.399959,4.364429,1,2500,5.000000,737,2500,0x04,left,496.239031,2211,0.202198,175,0,No fault,0x03,right,382.915873,2479,0.202198,174,0,No fault,-268.00
2026-08-12T10:48:25.405,1786524505.405399,4.369851,1,2500,5.000000,738,2500,0x04,left,496.832001,2389,0.172894,174,0,No fault,0x03,right,383.486882,2211,0.167033,176,0,No fault,178.00
2026-08-12T10:48:25.410,1786524505.410851,4.375368,1,2500,5.000000,739,2500,0x04,left,497.424971,2300,0.219780,174,0,No fault,0x03,right,384.101813,2523,0.114286,173,0,No fault,-223.00
2026-08-12T10:48:25.416,1786524505.416371,4.380840,1,2500,5.000000,740,2500,0x04,left,498.610911,2479,0.184615,174,0,No fault,0x03,right,384.672822,2479,0.208059,173,0,No fault,0.00
2026-08-12T10:48:25.421,1786524505.421895,4.386400,1,2500,5.000000,741,2500,0x04,left,499.181919,2300,0.184615,175,0,No fault,0x03,right,385.265792,2568,0.167033,173,0,No fault,-268.00
2026-08-12T10:48:25.427,1786524505.427399,4.391863,1,2500,5.000000,742,2500,0x04,left,499.796851,2523,0.167033,174,0,No fault,0x03,right,386.407808,2211,0.161172,172,0,No fault,312.00
2026-08-12T10:48:25.432,1786524505.432755,4.397231,1,2500,5.000000,743,2500,0x04,left,500.367859,2300,0.225641,175,0,No fault,0x03,right,387.000778,2300,0.143590,172,0,No fault,0.00
2026-08-12T10:48:25.438,1786524505.438145,4.402613,1,2500,5.000000,744,2500,0x04,left,500.938867,2345,0.172894,175,0,No fault,0x03,right,388.801650,2434,0.149451,173,0,No fault,-89.00
2026-08-12T10:48:25.443,1786524505.443510,4.407973,1,2500,5.000000,745,2500,0x04,left,501.531837,2345,0.202198,177,0,No fault,0x03,right,389.087154,2479,0.167033,170,0,No fault,-134.00
2026-08-12T10:48:25.448,1786524505.448858,4.413326,1,2500,5.000000,746,2500,0x04,left,502.102845,2479,0.231502,174,0,No fault,0x03,right,389.416582,2255,0.120147,172,0,No fault,224.00
2026-08-12T10:48:25.454,1786524505.454210,4.418670,1,2500,5.000000,747,2500,0x04,left,502.739739,2345,0.137729,174,0,No fault,0x03,right,390.009552,2255,0.167033,173,0,No fault,90.00
2026-08-12T10:48:25.459,1786524505.459534,4.423992,1,2500,5.000000,748,2500,0x04,left,503.310747,2523,0.219780,176,0,No fault,0x03,right,390.602522,2434,0.120147,173,0,No fault,89.00
2026-08-12T10:48:25.464,1786524505.464846,4.429302,1,2500,5.000000,749,2500,0x04,left,503.881755,2345,0.202198,173,0,No fault,0x03,right,391.195492,2345,0.131868,175,0,No fault,0.00
2026-08-12T10:48:25.470,1786524505.470201,4.434687,1,2500,5.000000,750,2500,0x04,left,504.452763,2300,0.172894,174,0,No fault,0x03,right,391.766500,2479,0.149451,172,0,No fault,-179.00
2026-08-12T10:48:25.485,1786524505.485864,4.450330,1,2500,5.000000,751,2500,0x04,left,506.231673,2345,0.190476,175,0,No fault,0x03,right,392.381432,2613,0.090842,174,0,No fault,-268.00
2026-08-12T10:48:25.491,1786524505.491190,4.455643,1,2500,5.000000,752,2500,0x04,left,506.824643,2389,0.178755,175,0,No fault,0x03,right,393.523448,2255,0.137729,173,0,No fault,134.00
2026-08-12T10:48:25.496,1786524505.496459,4.460914,1,2500,5.000000,753,2500,0x04,left,507.395651,2300,0.155311,174,0,No fault,0x03,right,394.138380,2389,0.096703,173,0,No fault,-89.00
2026-08-12T10:48:25.501,1786524505.501767,4.466221,1,2500,5.000000,754,2500,0x04,left,507.966660,2211,0.172894,174,0,No fault,0x03,right,396.466336,2255,0.231502,174,0,No fault,-44.00
2026-08-12T10:48:25.507,1786524505.507190,4.471643,1,2500,5.000000,755,2500,0x04,left,508.559630,2255,0.178755,174,0,No fault,0x03,right,394.709388,2300,0.172894,172,0,No fault,-45.00
2026-08-12T10:48:25.512,1786524505.512510,4.476983,1,2500,5.000000,756,2500,0x04,left,509.130638,2300,0.167033,174,0,No fault,0x03,right,395.302358,2345,0.067399,173,0,No fault,-45.00
2026-08-12T10:48:25.517,1786524505.517903,4.482367,1,2500,5.000000,757,2500,0x04,left,509.723608,2389,0.184615,176,0,No fault,0x03,right,395.873366,2211,0.155311,173,0,No fault,178.00
2026-08-12T10:48:25.528,1786524505.528513,4.492967,1,2500,5.000000,758,2500,0x04,left,510.294616,2255,0.196337,176,0,No fault,0x03,right,397.059306,2479,0.172894,173,0,No fault,-224.00
2026-08-12T10:48:25.533,1786524505.533860,4.498325,1,2500,5.000000,759,2500,0x04,left,512.205297,2389,0.178755,175,0,No fault,0x03,right,397.652276,2389,0.155311,173,0,No fault,0.00
2026-08-12T10:48:25.539,1786524505.539201,4.503663,1,2500,5.000000,760,2500,0x04,left,512.534725,2345,0.143590,174,0,No fault,0x03,right,398.223284,2523,0.149451,170,0,No fault,-178.00
2026-08-12T10:48:25.544,1786524505.544531,4.508990,1,2500,5.000000,761,2500,0x04,left,513.127695,2255,0.167033,174,0,No fault,0x03,right,398.838216,2300,0.131868,173,0,No fault,-45.00
2026-08-12T10:48:25.549,1786524505.549832,4.514291,1,2500,5.000000,762,2500,0x04,left,513.698703,2211,0.149451,173,0,No fault,0x03,right,399.453148,2568,0.213919,173,0,No fault,-357.00
2026-08-12T10:48:25.555,1786524505.555291,4.519755,1,2500,5.000000,763,2500,0x04,left,514.313635,2479,0.137729,174,0,No fault,0x03,right,399.980232,2300,0.219780,173,0,No fault,179.00
2026-08-12T10:48:25.560,1786524505.560702,4.525165,1,2500,5.000000,764,2500,0x04,left,514.884643,2300,0.213919,175,0,No fault,0x03,right,401.144211,2166,0.161172,176,0,No fault,134.00
2026-08-12T10:48:25.566,1786524505.566047,4.530514,1,2500,5.000000,765,2500,0x04,left,515.499575,2568,0.155311,175,0,No fault,0x03,right,401.759143,2523,0.178755,174,0,No fault,45.00
2026-08-12T10:48:25.571,1786524505.571424,4.535888,1,2500,5.000000,766,2500,0x04,left,516.070583,2523,0.155311,174,0,No fault,0x03,right,402.352113,2211,0.167033,174,0,No fault,312.00
2026-08-12T10:48:25.576,1786524505.576768,4.541230,1,2500,5.000000,767,2500,0x04,left,516.641591,2166,0.143590,175,0,No fault,0x03,right,402.923121,2166,0.196337,174,0,No fault,0.00
2026-08-12T10:48:25.582,1786524505.582200,4.546749,1,2500,5.000000,768,2500,0x04,left,517.256523,2523,0.172894,176,0,No fault,0x03,right,403.516091,2568,0.167033,174,0,No fault,-45.00
2026-08-12T10:48:25.587,1786524505.587666,4.552131,1,2500,5.000000,769,2500,0x04,left,517.827531,2166,0.184615,174,0,No fault,0x03,right,404.087099,2211,0.120147,172,0,No fault,-45.00
2026-08-12T10:48:25.593,1786524505.593017,4.557476,1,2500,5.000000,770,2500,0x04,left,518.420501,2389,0.184615,174,0,No fault,0x03,right,404.680069,2300,0.190476,174,0,No fault,89.00
2026-08-12T10:48:25.598,1786524505.598365,4.562823,1,2500,5.000000,771,2500,0x04,left,518.991509,2300,0.149451,175,0,No fault,0x03,right,405.273039,2389,0.184615,173,0,No fault,-89.00
2026-08-12T10:48:25.603,1786524505.603687,4.568149,1,2500,5.000000,772,2500,0x04,left,519.606441,2479,0.143590,173,0,No fault,0x03,right,405.866009,2389,0.196337,172,0,No fault,90.00
2026-08-12T10:48:25.609,1786524505.609047,4.573514,1,2500,5.000000,773,2500,0x04,left,520.177449,2300,0.202198,175,0,No fault,0x03,right,406.458979,2523,0.149451,171,0,No fault,-223.00
2026-08-12T10:48:25.614,1786524505.614416,4.578879,1,2500,5.000000,774,2500,0x04,left,520.770419,2345,0.172894,175,0,No fault,0x03,right,407.051949,2523,0.114286,172,0,No fault,-178.00
2026-08-12T10:48:25.619,1786524505.619802,4.584273,1,2500,5.000000,775,2500,0x04,left,521.407313,2300,0.172894,175,0,No fault,0x03,right,407.622957,2345,0.161172,176,0,No fault,-45.00
2026-08-12T10:48:25.625,1786524505.625540,4.590046,1,2500,5.000000,776,2500,0x04,left,522.000283,2345,0.202198,174,0,No fault,0x03,right,408.215927,2434,0.196337,173,0,No fault,-89.00
2026-08-12T10:48:25.631,1786524505.631183,4.595648,1,2500,5.000000,777,2500,0x04,left,523.186223,2345,0.219780,176,0,No fault,0x03,right,408.808897,2568,0.155311,173,0,No fault,-223.00
2026-08-12T10:48:25.636,1786524505.636551,4.601015,1,2500,5.000000,778,2500,0x04,left,523.779193,2389,0.184615,171,0,No fault,0x03,right,409.379905,2389,0.096703,173,0,No fault,0.00
2026-08-12T10:48:25.641,1786524505.641887,4.606349,1,2500,5.000000,779,2500,0x04,left,524.350201,2389,0.161172,174,0,No fault,0x03,right,409.972875,2568,0.143590,173,0,No fault,-179.00
2026-08-12T10:48:25.647,1786524505.647278,4.611736,1,2500,5.000000,780,2500,0x04,left,524.943171,2434,0.231502,175,0,No fault,0x03,right,410.565845,2389,0.161172,172,0,No fault,45.00
2026-08-12T10:48:25.652,1786524505.652778,4.617243,1,2500,5.000000,781,2500,0x04,left,525.514179,2479,0.202198,175,0,No fault,0x03,right,414.628788,2479,0.178755,176,0,No fault,0.00
2026-08-12T10:48:25.658,1786524505.658149,4.622612,1,2500,5.000000,782,2500,0x04,left,526.107149,2434,0.190476,172,0,No fault,0x03,right,412.630259,2345,0.079121,174,0,No fault,89.00
2026-08-12T10:48:25.663,1786524505.663486,4.627944,1,2500,5.000000,783,2500,0x04,left,526.700119,2613,0.190476,174,0,No fault,0x03,right,412.959687,2479,0.131868,173,0,No fault,134.00
2026-08-12T10:48:25.668,1786524505.668809,4.633273,1,2500,5.000000,784,2500,0x04,left,527.249166,2300,0.213919,174,0,No fault,0x03,right,413.552657,2345,0.126007,176,0,No fault,-45.00
2026-08-12T10:48:25.674,1786524505.674147,4.638607,1,2500,5.000000,785,2500,0x04,left,527.842136,2345,0.184615,175,0,No fault,0x03,right,414.123665,2166,0.137729,172,0,No fault,179.00
2026-08-12T10:48:25.689,1786524505.689682,4.654140,1,2500,5.000000,786,2500,0x04,left,529.599084,2300,0.196337,175,0,No fault,0x03,right,414.694673,2345,0.143590,176,0,No fault,-45.00
2026-08-12T10:48:25.694,1786524505.694954,4.659419,1,2500,5.000000,787,2500,0x04,left,530.192054,2568,0.219780,174,0,No fault,0x03,right,415.880613,2255,0.120147,173,0,No fault,313.00
2026-08-12T10:48:25.700,1786524505.700268,4.664729,1,2500,5.000000,788,2500,0x04,left,530.763062,2389,0.213919,175,0,No fault,0x03,right,416.495545,2568,0.178755,173,0,No fault,-179.00
2026-08-12T10:48:25.705,1786524505.705559,4.670015,1,2500,5.000000,789,2500,0x04,left,531.356032,2568,0.149451,176,0,No fault,0x03,right,418.647807,2434,0.208059,175,0,No fault,134.00
2026-08-12T10:48:25.710,1786524505.710847,4.675304,1,2500,5.000000,790,2500,0x04,left,531.927040,2300,0.249084,174,0,No fault,0x03,right,417.066553,2389,0.143590,173,0,No fault,-89.00
2026-08-12T10:48:25.716,1786524505.716163,4.680636,1,2500,5.000000,791,2500,0x04,left,532.498048,2389,0.167033,175,0,No fault,0x03,right,417.637562,2255,0.167033,171,0,No fault,134.00
2026-08-12T10:48:25.721,1786524505.721520,4.685980,1,2500,5.000000,792,2500,0x04,left,533.112980,2702,0.213919,176,0,No fault,0x03,right,418.230532,2389,0.102564,175,0,No fault,313.00
2026-08-12T10:48:25.733,1786524505.733379,4.697839,1,2500,5.000000,793,2500,0x04,left,533.683988,2345,0.167033,172,0,No fault,0x03,right,420.997725,2300,0.184615,174,0,No fault,45.00
2026-08-12T10:48:25.738,1786524505.738734,4.703191,1,2500,5.000000,794,2500,0x04,left,535.682517,2166,0.137729,177,0,No fault,0x03,right,419.416472,2345,0.167033,173,0,No fault,-179.00
2026-08-12T10:48:25.744,1786524505.744067,4.708540,1,2500,5.000000,795,2500,0x04,left,536.033907,2345,0.190476,176,0,No fault,0x03,right,420.009442,2479,0.213919,172,0,No fault,-134.00
2026-08-12T10:48:25.749,1786524505.749857,4.714328,1,2500,5.000000,796,2500,0x04,left,536.626877,2345,0.172894,174,0,No fault,0x03,right,420.602412,2613,0.137729,173,0,No fault,-268.00
2026-08-12T10:48:25.757,1786524505.757774,4.722235,1,2500,5.000000,797,2500,0x04,left,537.197885,2255,0.155311,176,0,No fault,0x03,right,421.766390,2479,0.161172,172,0,No fault,-224.00
2026-08-12T10:48:25.764,1786524505.764454,4.728921,1,2500,5.000000,798,2500,0x04,left,538.383825,2702,0.178755,174,0,No fault,0x03,right,422.359360,2389,0.149451,172,0,No fault,313.00
2026-08-12T10:48:25.770,1786524505.770700,4.735168,1,2500,5.000000,799,2500,0x04,left,538.954833,2523,0.184615,174,0,No fault,0x03,right,422.930368,2255,0.208059,174,0,No fault,268.00
2026-08-12T10:48:25.777,1786524505.777473,4.741931,1,2500,5.000000,800,2500,0x04,left,539.547803,2255,0.149451,174,0,No fault,0x03,right,424.094346,2255,0.108425,174,0,No fault,0.00
2026-08-12T10:48:25.782,1786524505.782841,4.747311,1,2500,5.000000,801,2500,0x04,left,540.118811,2389,0.219780,176,0,No fault,0x03,right,424.687316,2389,0.184615,176,0,No fault,0.00
2026-08-12T10:48:25.788,1786524505.788257,4.752725,1,2500,5.000000,802,2500,0x04,left,540.711781,2523,0.196337,175,0,No fault,0x03,right,425.280286,2434,0.172894,171,0,No fault,89.00
2026-08-12T10:48:25.793,1786524505.793679,4.758146,1,2500,5.000000,803,2500,0x04,left,541.304751,2479,0.178755,175,0,No fault,0x03,right,425.851294,2523,0.225641,172,0,No fault,-44.00
2026-08-12T10:48:25.799,1786524505.799158,4.763619,1,2500,5.000000,804,2500,0x04,left,541.875759,2166,0.213919,177,0,No fault,0x03,right,426.444264,2702,0.161172,173,0,No fault,-536.00
2026-08-12T10:48:25.804,1786524505.804628,4.769096,1,2500,5.000000,805,2500,0x04,left,542.468729,2434,0.161172,175,0,No fault,0x03,right,427.015272,2389,0.149451,174,0,No fault,45.00
2026-08-12T10:48:25.810,1786524505.810102,4.774566,1,2500,5.000000,806,2500,0x04,left,543.632707,2568,0.208059,175,0,No fault,0x03,right,427.608243,2345,0.143590,174,0,No fault,223.00
2026-08-12T10:48:25.815,1786524505.815430,4.779889,1,2500,5.000000,807,2500,0x04,left,544.225677,2389,0.155311,174,0,No fault,0x03,right,428.179251,2389,0.219780,173,0,No fault,0.00
2026-08-12T10:48:25.820,1786524505.820731,4.785187,1,2500,5.000000,808,2500,0x04,left,544.818647,2345,0.196337,174,0,No fault,0x03,right,428.772221,2211,0.161172,173,0,No fault,134.00
2026-08-12T10:48:25.826,1786524505.826029,4.790496,1,2500,5.000000,809,2500,0x04,left,545.367694,2211,0.225641,174,0,No fault,0x03,right,429.387153,2523,0.102564,174,0,No fault,-312.00
2026-08-12T10:48:25.831,1786524505.831382,4.795842,1,2500,5.000000,810,2500,0x04,left,545.982626,2300,0.202198,175,0,No fault,0x03,right,430.002084,2300,0.114286,174,0,No fault,0.00
2026-08-12T10:48:25.836,1786524505.836679,4.801134,1,2500,5.000000,811,2500,0x04,left,546.553634,2434,0.178755,174,0,No fault,0x03,right,430.573093,2434,0.143590,170,0,No fault,0.00
2026-08-12T10:48:25.842,1786524505.842251,4.806721,1,2500,5.000000,812,2500,0x04,left,547.146604,2389,0.167033,175,0,No fault,0x03,right,431.144101,2389,0.202198,174,0,No fault,0.00
2026-08-12T10:48:25.847,1786524505.847822,4.812290,1,2500,5.000000,813,2500,0x04,left,547.695650,2166,0.196337,174,0,No fault,0x03,right,432.308079,2121,0.073260,172,0,No fault,45.00
2026-08-12T10:48:25.853,1786524505.853225,4.817685,1,2500,5.000000,814,2500,0x04,left,548.310582,2255,0.208059,174,0,No fault,0x03,right,432.923011,2389,0.114286,173,0,No fault,-134.00
2026-08-12T10:48:25.858,1786524505.858562,4.823021,1,2500,5.000000,815,2500,0x04,left,548.881590,2166,0.213919,175,0,No fault,0x03,right,433.515981,2389,0.126007,171,0,No fault,-223.00
2026-08-12T10:48:25.863,1786524505.863928,4.828399,1,2500,5.000000,816,2500,0x04,left,549.474560,2255,0.172894,175,0,No fault,0x03,right,434.086989,2166,0.114286,173,0,No fault,89.00
2026-08-12T10:48:25.869,1786524505.869343,4.833802,1,2500,5.000000,817,2500,0x04,left,550.045568,2300,0.202198,173,0,No fault,0x03,right,435.843937,2345,0.120147,173,0,No fault,-45.00
2026-08-12T10:48:25.874,1786524505.874700,4.839156,1,2500,5.000000,818,2500,0x04,left,550.660500,2479,0.219780,174,0,No fault,0x03,right,436.173365,2568,0.137729,173,0,No fault,-89.00
2026-08-12T10:48:25.880,1786524505.880002,4.844456,1,2500,5.000000,819,2500,0x04,left,551.231508,2345,0.184615,175,0,No fault,0x03,right,436.458869,2389,0.161172,172,0,No fault,-44.00
2026-08-12T10:48:25.895,1786524505.895558,4.860021,1,2500,5.000000,820,2500,0x04,left,552.988456,2434,0.190476,175,0,No fault,0x03,right,437.073801,2479,0.131868,173,0,No fault,-45.00
2026-08-12T10:48:25.900,1786524505.900919,4.865381,1,2500,5.000000,821,2500,0x04,left,553.559465,2345,0.202198,175,0,No fault,0x03,right,438.237779,2479,0.096703,171,0,No fault,-134.00
2026-08-12T10:48:25.906,1786524505.906327,4.870793,1,2500,5.000000,822,2500,0x04,left,554.152435,2389,0.155311,176,0,No fault,0x03,right,438.830749,2568,0.137729,173,0,No fault,-179.00
2026-08-12T10:48:25.912,1786524505.912087,4.876552,1,2500,5.000000,823,2500,0x04,left,555.338375,2568,0.172894,175,0,No fault,0x03,right,439.423719,2613,0.167033,173,0,No fault,-45.00
2026-08-12T10:48:25.917,1786524505.917623,4.882089,1,2500,5.000000,824,2500,0x04,left,555.931345,2523,0.184615,175,0,No fault,0x03,right,440.016689,2479,0.178755,174,0,No fault,44.00
2026-08-12T10:48:25.923,1786524505.923063,4.887531,1,2500,5.000000,825,2500,0x04,left,556.502353,2389,0.219780,174,0,No fault,0x03,right,441.839523,2211,0.254945,174,0,No fault,178.00
2026-08-12T10:48:25.938,1786524505.938784,4.903246,1,2500,5.000000,826,2500,0x04,left,557.095323,2479,0.172894,175,0,No fault,0x03,right,441.751675,2255,0.149451,173,0,No fault,224.00
2026-08-12T10:48:25.944,1786524505.944117,4.908579,1,2500,5.000000,827,2500,0x04,left,559.115813,2345,0.225641,174,0,No fault,0x03,right,442.344645,2568,0.172894,173,0,No fault,-223.00
2026-08-12T10:48:25.949,1786524505.949529,4.914002,1,2500,5.000000,828,2500,0x04,left,559.445241,2211,0.149451,176,0,No fault,0x03,right,442.915653,2389,0.213919,172,0,No fault,-178.00
2026-08-12T10:48:25.954,1786524505.954991,4.919468,1,2500,5.000000,829,2500,0x04,left,560.016249,2121,0.219780,176,0,No fault,0x03,right,443.508623,2300,0.149451,172,0,No fault,-179.00
2026-08-12T10:48:25.960,1786524505.960394,4.924860,1,2500,5.000000,830,2500,0x04,left,560.609219,2389,0.213919,176,0,No fault,0x03,right,444.101593,2255,0.102564,173,0,No fault,134.00
2026-08-12T10:48:25.965,1786524505.965765,4.930228,1,2500,5.000000,831,2500,0x04,left,561.202189,2479,0.178755,174,0,No fault,0x03,right,444.672602,2077,0.172894,173,0,No fault,402.00
2026-08-12T10:48:25.971,1786524505.971302,4.935772,1,2500,5.000000,832,2500,0x04,left,561.773197,2211,0.225641,175,0,No fault,0x03,right,447.154291,2479,0.184615,175,0,No fault,-268.00
2026-08-12T10:48:25.976,1786524505.976688,4.941156,1,2500,5.000000,833,2500,0x04,left,562.366167,2345,0.178755,176,0,No fault,0x03,right,446.451512,2389,0.137729,173,0,No fault,-44.00
2026-08-12T10:48:25.982,1786524505.982055,4.946525,1,2500,5.000000,834,2500,0x04,left,562.937176,2211,0.178755,175,0,No fault,0x03,right,447.044482,2613,0.137729,173,0,No fault,-402.00
2026-08-12T10:48:25.987,1786524505.987462,4.951936,1,2500,5.000000,835,2500,0x04,left,563.508184,2255,0.254945,175,0,No fault,0x03,right,447.637452,2568,0.178755,173,0,No fault,-313.00
2026-08-12T10:48:25.992,1786524505.992874,4.957338,1,2500,5.000000,836,2500,0x04,left,564.123116,2479,0.161172,174,0,No fault,0x03,right,448.208460,2479,0.208059,173,0,No fault,0.00
2026-08-12T10:48:25.998,1786524505.998254,4.962721,1,2500,5.000000,837,2500,0x04,left,564.694124,2300,0.196337,174,0,No fault,0x03,right,450.097179,2166,0.184615,175,0,No fault,134.00
2026-08-12T10:48:26.003,1786524506.003652,4.968117,1,2500,5.000000,838,2500,0x04,left,565.287094,2479,0.178755,176,0,No fault,0x03,right,448.801430,2479,0.167033,173,0,No fault,0.00
2026-08-12T10:48:26.009,1786524506.009145,4.973602,1,2500,5.000000,839,2500,0x04,left,565.880064,2434,0.184615,175,0,No fault,0x03,right,449.372438,2434,0.137729,173,0,No fault,0.00
2026-08-12T10:48:26.014,1786524506.014667,4.979127,1,2500,5.000000,840,2500,0x04,left,567.044042,2568,0.167033,175,0,No fault,0x03,right,449.965408,2434,0.131868,173,0,No fault,134.00
2026-08-12T10:48:26.020,1786524506.020111,4.984573,1,2500,5.000000,841,2500,0x04,left,567.637012,2568,0.167033,175,0,No fault,0x03,right,450.558378,2389,0.143590,173,0,No fault,179.00
2026-08-12T10:48:26.025,1786524506.025481,4.989945,1,2500,5.000000,842,2500,0x04,left,568.208020,2434,0.231502,173,0,No fault,0x03,right,451.151348,2434,0.178755,172,0,No fault,0.00
2026-08-12T10:48:26.030,1786524506.030814,4.995271,1,2500,5.000000,843,2500,0x04,left,568.779028,2255,0.172894,174,0,No fault,0x03,right,451.722356,2345,0.178755,174,0,No fault,-90.00
2026-08-12T10:48:26.036,1786524506.036265,5.000722,1,2500,5.000000,844,2500,0x04,left,569.371998,2568,0.167033,173,0,No fault,0x03,right,452.315326,2300,0.061538,173,0,No fault,268.00
2026-08-12T10:48:26.041,1786524506.041681,5.006148,1,2500,5.000000,845,2500,0x04,left,569.964968,2345,0.172894,173,0,No fault,0x03,right,452.908296,2345,0.137729,172,0,No fault,0.00
2026-08-12T10:48:26.047,1786524506.047024,5.011481,1,2500,5.000000,846,2500,0x04,left,570.535976,2523,0.184615,175,0,No fault,0x03,right,453.501266,2523,0.161172,173,0,No fault,0.00
2026-08-12T10:48:26.067,1786524506.067940,5.032426,2,0,0.800000,1,0,0x04,left,572.512543,1675,-1.268864,176,0,No fault,0x03,right,455.851184,2345,0.096703,173,0,No fault,-670.00
2026-08-12T10:48:26.073,1786524506.073334,5.037788,2,0,0.800000,2,0,0x04,left,572.622352,380,-0.852747,175,0,No fault,0x03,right,456.444154,2345,0.155311,173,0,No fault,-1965.00
2026-08-12T10:48:26.078,1786524506.078684,5.043144,2,0,0.800000,3,0,0x04,left,572.600390,-290,-0.084982,175,0,No fault,0x03,right,457.037124,2389,0.161172,172,0,No fault,-2679.00
2026-08-12T10:48:26.084,1786524506.084027,5.048488,2,0,0.800000,4,0,0x04,left,572.556467,22,0.084982,175,0,No fault,0x03,right,457.608133,2479,0.149451,170,0,No fault,-2457.00
2026-08-12T10:48:26.099,1786524506.099677,5.064145,2,0,0.800000,5,0,0x04,left,572.534505,-22,-0.008791,173,0,No fault,0x03,right,459.694509,2255,0.231502,173,0,No fault,-2277.00
2026-08-12T10:48:26.105,1786524506.105039,5.069495,2,0,0.800000,6,0,0x04,left,572.534505,-22,-0.032234,172,0,No fault,0x03,right,460.023936,2479,0.231502,173,0,No fault,-2501.00
2026-08-12T10:48:26.110,1786524506.110320,5.074769,2,0,0.800000,7,0,0x04,left,572.512543,22,-0.008791,174,0,No fault,0x03,right,460.616906,2434,0.143590,173,0,No fault,-2412.00
2026-08-12T10:48:26.115,1786524506.115613,5.080071,2,0,0.800000,8,0,0x04,left,572.512543,-67,-0.014652,174,0,No fault,0x03,right,461.209876,2389,0.137729,175,0,No fault,-2456.00
2026-08-12T10:48:26.120,1786524506.120962,5.085421,2,0,0.800000,9,0,0x04,left,572.512543,-112,-0.049817,176,0,No fault,0x03,right,461.802846,2389,0.172894,175,0,No fault,-2501.00
2026-08-12T10:48:26.126,1786524506.126279,5.090727,2,0,0.800000,10,0,0x04,left,572.512543,-22,-0.049817,174,0,No fault,0x03,right,462.373854,2255,0.190476,173,0,No fault,-2277.00
2026-08-12T10:48:26.131,1786524506.131772,5.096357,2,0,0.800000,11,0,0x04,left,572.512543,22,-0.014652,174,0,No fault,0x03,right,462.944863,2255,0.231502,171,0,No fault,-2233.00
2026-08-12T10:48:26.147,1786524506.147919,5.112385,2,0,0.800000,12,0,0x04,left,572.512543,-22,-0.055678,175,0,No fault,0x03,right,465.316743,2345,0.196337,174,0,No fault,-2367.00
2026-08-12T10:48:26.153,1786524506.153427,5.117918,2,0,0.800000,13,0,0x04,left,572.512543,-112,-0.026374,171,0,No fault,0x03,right,465.887751,2345,0.190476,175,0,No fault,-2457.00
2026-08-12T10:48:26.158,1786524506.158914,5.123378,2,0,0.800000,14,0,0x04,left,572.512543,67,-0.043956,175,0,No fault,0x03,right,466.458759,2211,0.143590,173,0,No fault,-2144.00
2026-08-12T10:48:26.164,1786524506.164246,5.128699,2,0,0.800000,15,0,0x04,left,572.512543,-67,-0.043956,175,0,No fault,0x03,right,467.073691,2434,0.120147,173,0,No fault,-2501.00
2026-08-12T10:48:26.169,1786524506.169558,5.134027,2,0,0.800000,16,0,0x04,left,572.512543,112,-0.026374,177,0,No fault,0x03,right,467.644699,2211,0.161172,176,0,No fault,-2099.00
2026-08-12T10:48:26.174,1786524506.174920,5.139385,2,0,0.800000,17,0,0x04,left,572.512543,22,-0.038095,173,0,No fault,0x03,right,468.237669,2121,0.219780,172,0,No fault,-2099.00
2026-08-12T10:48:26.180,1786524506.180252,5.144706,2,0,0.800000,18,0,0x04,left,572.512543,67,-0.026374,173,0,No fault,0x03,right,468.830639,2389,0.213919,173,0,No fault,-2322.00
2026-08-12T10:48:26.185,1786524506.185569,5.150028,2,0,0.800000,19,0,0x04,left,572.512543,-22,-0.055678,173,0,No fault,0x03,right,469.423609,2523,0.108425,172,0,No fault,-2545.00
2026-08-12T10:48:26.191,1786524506.191040,5.155492,2,0,0.800000,20,0,0x04,left,572.512543,201,-0.038095,175,0,No fault,0x03,right,469.994617,2479,0.143590,173,0,No fault,-2278.00
2026-08-12T10:48:26.196,1786524506.196343,5.160801,2,0,0.800000,21,0,0x04,left,572.512543,-22,-0.038095,173,0,No fault,0x03,right,470.609549,2300,0.149451,173,0,No fault,-2322.00
2026-08-12T10:48:26.201,1786524506.201690,5.166151,2,0,0.800000,22,0,0x04,left,572.534505,201,-0.061538,175,0,No fault,0x03,right,471.224481,2523,0.184615,172,0,No fault,-2322.00
2026-08-12T10:48:26.207,1786524506.207017,5.171474,2,0,0.800000,23,0,0x04,left,572.512543,-22,-0.043956,174,0,No fault,0x03,right,471.795489,2300,0.167033,174,0,No fault,-2322.00
2026-08-12T10:48:26.212,1786524506.212327,5.176784,2,0,0.800000,24,0,0x04,left,572.512543,22,-0.049817,175,0,No fault,0x03,right,472.388459,2613,0.079121,171,0,No fault,-2591.00
2026-08-12T10:48:26.217,1786524506.217637,5.182094,2,0,0.800000,25,0,0x04,left,572.512543,67,-0.038095,174,0,No fault,0x03,right,472.981429,2345,0.108425,174,0,No fault,-2278.00
2026-08-12T10:48:26.222,1786524506.222942,5.187408,2,0,0.800000,26,0,0x04,left,572.512543,22,-0.020513,179,0,No fault,0x03,right,473.574399,2523,0.172894,172,0,No fault,-2501.00
2026-08-12T10:48:26.228,1786524506.228273,5.192732,2,0,0.800000,27,0,0x04,left,572.512543,22,-0.038095,174,0,No fault,0x03,right,474.167369,2345,0.161172,172,0,No fault,-2323.00
2026-08-12T10:48:26.233,1786524506.233601,5.198060,2,0,0.800000,28,0,0x04,left,572.512543,156,-0.032234,175,0,No fault,0x03,right,474.738377,2077,0.131868,172,0,No fault,-1921.00
2026-08-12T10:48:26.238,1786524506.238998,5.203469,2,0,0.800000,29,0,0x04,left,572.512543,67,-0.038095,178,0,No fault,0x03,right,475.331347,2479,0.102564,173,0,No fault,-2412.00
2026-08-12T10:48:26.244,1786524506.244457,5.208916,2,0,0.800000,30,0,0x04,left,572.512543,-22,-0.026374,175,0,No fault,0x03,right,475.924317,2479,0.114286,174,0,No fault,-2501.00
2026-08-12T10:48:26.249,1786524506.249813,5.214269,2,0,0.800000,31,0,0x04,left,572.512543,156,-0.032234,175,0,No fault,0x03,right,477.110257,2434,0.184615,173,0,No fault,-2278.00
2026-08-12T10:48:26.255,1786524506.255087,5.219550,2,0,0.800000,32,0,0x04,left,572.512543,-67,-0.049817,176,0,No fault,0x03,right,477.681265,2345,0.149451,173,0,No fault,-2412.00
2026-08-12T10:48:26.260,1786524506.260597,5.225059,2,0,0.800000,33,0,0x04,left,572.512543,-67,-0.032234,175,0,No fault,0x03,right,478.274235,2255,0.126007,174,0,No fault,-2322.00
2026-08-12T10:48:26.266,1786524506.266020,5.230482,2,0,0.800000,34,0,0x04,left,572.512543,-22,-0.055678,173,0,No fault,0x03,right,478.889167,2434,0.102564,173,0,No fault,-2456.00
2026-08-12T10:48:26.271,1786524506.271368,5.235823,2,0,0.800000,35,0,0x04,left,572.512543,67,-0.043956,174,0,No fault,0x03,right,479.504099,2300,0.208059,174,0,No fault,-2233.00
2026-08-12T10:48:26.277,1786524506.277036,5.241494,2,0,0.800000,36,0,0x04,left,572.512543,112,-0.043956,174,0,No fault,0x03,right,480.075107,2434,0.219780,173,0,No fault,-2322.00
2026-08-12T10:48:26.282,1786524506.282389,5.246841,2,0,0.800000,37,0,0x04,left,572.512543,22,-0.032234,173,0,No fault,0x03,right,480.668077,2434,0.131868,172,0,No fault,-2412.00
2026-08-12T10:48:26.287,1786524506.287668,5.252117,2,0,0.800000,38,0,0x04,left,572.512543,22,-0.032234,171,0,No fault,0x03,right,482.337178,2479,0.178755,174,0,No fault,-2457.00
2026-08-12T10:48:26.303,1786524506.303197,5.267697,2,0,0.800000,39,0,0x04,left,572.512543,-22,-0.049817,174,0,No fault,0x03,right,482.622682,2523,0.178755,172,0,No fault,-2545.00
2026-08-12T10:48:26.308,1786524506.308694,5.273153,2,0,0.800000,40,0,0x04,left,572.512543,67,-0.032234,175,0,No fault,0x03,right,484.687096,2345,0.167033,176,0,No fault,-2278.00
2026-08-12T10:48:26.314,1786524506.314025,5.278490,2,0,0.800000,41,0,0x04,left,572.512543,67,-0.032234,175,0,No fault,0x03,right,483.545080,2568,0.161172,173,0,No fault,-2501.00
2026-08-12T10:48:26.319,1786524506.319381,5.283843,2,0,0.800000,42,0,0x04,left,572.512543,-112,-0.049817,177,0,No fault,0x03,right,484.138050,2523,0.102564,172,0,No fault,-2635.00
2026-08-12T10:48:26.324,1786524506.324816,5.289279,2,0,0.800000,43,0,0x04,left,572.512543,112,-0.026374,174,0,No fault,0x03,right,484.731020,2657,0.196337,170,0,No fault,-2545.00
2026-08-12T10:48:26.330,1786524506.330139,5.294599,2,0,0.800000,44,0,0x04,left,572.512543,67,-0.055678,174,0,No fault,0x03,right,485.302028,2345,0.219780,175,0,No fault,-2278.00
2026-08-12T10:48:26.335,1786524506.335477,5.299939,2,0,0.800000,45,0,0x04,left,572.512543,67,-0.032234,174,0,No fault,0x03,right,485.873036,2211,0.196337,173,0,No fault,-2144.00
2026-08-12T10:48:26.351,1786524506.351029,5.315493,2,0,0.800000,46,0,0x04,left,572.512543,156,-0.043956,176,0,No fault,0x03,right,489.233200,2300,0.196337,175,0,No fault,-2144.00
2026-08-12T10:48:26.356,1786524506.356392,5.320860,2,0,0.800000,47,0,0x04,left,572.512543,112,-0.038095,174,0,No fault,0x03,right,487.695870,2434,0.172894,172,0,No fault,-2322.00
2026-08-12T10:48:26.361,1786524506.361801,5.326265,2,0,0.800000,48,0,0x04,left,572.490581,-201,-0.055678,171,0,No fault,0x03,right,489.804208,2300,0.190476,176,0,No fault,-2501.00
2026-08-12T10:48:26.367,1786524506.367260,5.331724,2,0,0.800000,49,0,0x04,left,572.512543,-22,-0.032234,174,0,No fault,0x03,right,488.859848,2345,0.143590,174,0,No fault,-2367.00
2026-08-12T10:48:26.373,1786524506.373083,5.337547,2,0,0.800000,50,0,0x04,left,572.512543,-67,-0.038095,174,0,No fault,0x03,right,490.111674,2211,0.131868,172,0,No fault,-2278.00
2026-08-12T10:48:26.378,1786524506.378437,5.342900,2,0,0.800000,51,0,0x04,left,572.512543,67,-0.055678,175,0,No fault,0x03,right,490.638758,2166,0.149451,171,0,No fault,-2099.00
2026-08-12T10:48:26.383,1786524506.383777,5.348237,2,0,0.800000,52,0,0x04,left,572.512543,22,-0.049817,174,0,No fault,0x03,right,491.231728,2166,0.167033,172,0,No fault,-2144.00
2026-08-12T10:48:26.389,1786524506.389120,5.353580,2,0,0.800000,53,0,0x04,left,572.512543,112,-0.032234,174,0,No fault,0x03,right,491.824698,2389,0.155311,172,0,No fault,-2277.00
2026-08-12T10:48:26.394,1786524506.394451,5.358912,2,0,0.800000,54,0,0x04,left,572.490581,-335,-0.049817,174,0,No fault,0x03,right,492.417668,2434,0.084982,175,0,No fault,-2769.00
2026-08-12T10:48:26.399,1786524506.399790,5.364252,2,0,0.800000,55,0,0x04,left,572.490581,-112,-0.026374,174,0,No fault,0x03,right,493.032600,2613,0.120147,174,0,No fault,-2725.00
2026-08-12T10:48:26.405,1786524506.405156,5.369617,2,0,0.800000,56,0,0x04,left,572.512543,-67,-0.043956,175,0,No fault,0x03,right,493.603608,2345,0.155311,173,0,No fault,-2412.00
2026-08-12T10:48:26.410,1786524506.410501,5.374960,2,0,0.800000,57,0,0x04,left,572.512543,-22,-0.043956,175,0,No fault,0x03,right,494.174616,2121,0.155311,172,0,No fault,-2143.00
2026-08-12T10:48:26.415,1786524506.415834,5.380294,2,0,0.800000,58,0,0x04,left,572.512543,-22,-0.049817,173,0,No fault,0x03,right,494.767586,2345,0.155311,173,0,No fault,-2367.00
2026-08-12T10:48:26.421,1786524506.421278,5.385740,2,0,0.800000,59,0,0x04,left,572.512543,-22,-0.043956,173,0,No fault,0x03,right,495.382518,2434,0.038095,173,0,No fault,-2456.00
2026-08-12T10:48:26.426,1786524506.426656,5.391118,2,0,0.800000,60,0,0x04,left,572.512543,-112,-0.043956,175,0,No fault,0x03,right,495.975488,2389,0.126007,175,0,No fault,-2501.00
2026-08-12T10:48:26.432,1786524506.432001,5.396460,2,0,0.800000,61,0,0x04,left,572.512543,-67,-0.038095,177,0,No fault,0x03,right,496.568458,2434,0.155311,173,0,No fault,-2501.00
2026-08-12T10:48:26.437,1786524506.437352,5.401819,2,0,0.800000,62,0,0x04,left,572.512543,67,-0.055678,173,0,No fault,0x03,right,497.227314,2345,0.149451,173,0,No fault,-2278.00
2026-08-12T10:48:26.442,1786524506.442998,5.407462,2,0,0.800000,63,0,0x04,left,572.512543,22,-0.043956,174,0,No fault,0x03,right,497.798322,2345,0.126007,173,0,No fault,-2323.00
2026-08-12T10:48:26.448,1786524506.448363,5.412823,2,0,0.800000,64,0,0x04,left,572.512543,156,-0.043956,174,0,No fault,0x03,right,498.391292,2300,0.090842,171,0,No fault,-2144.00
2026-08-12T10:48:26.453,1786524506.453715,5.418173,2,0,0.800000,65,0,0x04,left,572.512543,-67,-0.038095,177,0,No fault,0x03,right,499.006224,2300,0.126007,174,0,No fault,-2367.00
2026-08-12T10:48:26.459,1786524506.459610,5.424081,2,0,0.800000,66,0,0x04,left,572.490581,-246,-0.032234,175,0,No fault,0x03,right,499.599194,2523,0.213919,175,0,No fault,-2769.00
2026-08-12T10:48:26.465,1786524506.465252,5.429716,2,0,0.800000,67,0,0x04,left,572.490581,-246,-0.043956,175,0,No fault,0x03,right,500.763172,2434,0.114286,174,0,No fault,-2680.00
2026-08-12T10:48:26.470,1786524506.470766,5.435235,2,0,0.800000,68,0,0x04,left,572.490581,-112,-0.026374,175,0,No fault,0x03,right,501.356142,2389,0.126007,173,0,No fault,-2501.00
2026-08-12T10:48:26.476,1786524506.476126,5.440591,2,0,0.800000,69,0,0x04,left,572.512543,-67,-0.038095,175,0,No fault,0x03,right,501.927150,2345,0.178755,173,0,No fault,-2412.00
2026-08-12T10:48:26.481,1786524506.481529,5.445993,2,0,0.800000,70,0,0x04,left,572.512543,-67,-0.043956,175,0,No fault,0x03,right,502.520120,2077,0.184615,174,0,No fault,-2144.00
2026-08-12T10:48:26.486,1786524506.486857,5.451315,2,0,0.800000,71,0,0x04,left,572.512543,22,-0.026374,174,0,No fault,0x03,right,503.113090,2523,0.196337,173,0,No fault,-2501.00
2026-08-12T10:48:26.492,1786524506.492159,5.456615,2,0,0.800000,72,0,0x04,left,572.512543,22,-0.049817,175,0,No fault,0x03,right,503.684098,2211,0.137729,173,0,No fault,-2189.00
2026-08-12T10:48:26.507,1786524506.507713,5.472178,2,0,0.800000,73,0,0x04,left,572.512543,67,-0.049817,174,0,No fault,0x03,right,505.484970,2568,0.178755,171,0,No fault,-2501.00
2026-08-12T10:48:26.513,1786524506.513042,5.477502,2,0,0.800000,74,0,0x04,left,572.512543,22,-0.038095,175,0,No fault,0x03,right,506.099902,2211,0.190476,174,0,No fault,-2189.00
2026-08-12T10:48:26.518,1786524506.518344,5.482801,2,0,0.800000,75,0,0x04,left,572.490581,-112,-0.038095,175,0,No fault,0x03,right,506.670910,2211,0.126007,172,0,No fault,-2323.00
2026-08-12T10:48:26.523,1786524506.523638,5.488094,2,0,0.800000,76,0,0x04,left,572.512543,-22,-0.032234,174,0,No fault,0x03,right,507.263880,2211,0.126007,172,0,No fault,-2233.00
2026-08-12T10:48:26.528,1786524506.528970,5.493431,2,0,0.800000,77,0,0x04,left,572.512543,-67,-0.067399,178,0,No fault,0x03,right,507.856850,2434,0.196337,174,0,No fault,-2501.00
2026-08-12T10:48:26.534,1786524506.534303,5.498761,2,0,0.800000,78,0,0x04,left,572.512543,-22,-0.055678,174,0,No fault,0x03,right,508.427858,2255,0.190476,173,0,No fault,-2277.00
2026-08-12T10:48:26.539,1786524506.539607,5.504063,2,0,0.800000,79,0,0x04,left,572.512543,156,-0.038095,175,0,No fault,0x03,right,508.998867,2211,0.161172,174,0,No fault,-2055.00
2026-08-12T10:48:26.555,1786524506.555183,5.519648,2,0,0.800000,80,0,0x04,left,572.490581,-112,-0.038095,174,0,No fault,0x03,right,512.205297,2389,0.178755,175,0,No fault,-2501.00
2026-08-12T10:48:26.560,1786524506.560548,5.525009,2,0,0.800000,81,0,0x04,left,572.490581,-156,-0.038095,174,0,No fault,0x03,right,510.821700,2523,0.149451,173,0,No fault,-2679.00
2026-08-12T10:48:26.565,1786524506.565886,5.530345,2,0,0.800000,82,0,0x04,left,572.512543,-67,-0.049817,174,0,No fault,0x03,right,511.370747,2077,0.219780,173,0,No fault,-2144.00
2026-08-12T10:48:26.571,1786524506.571201,5.535665,2,0,0.800000,83,0,0x04,left,572.490581,-156,-0.043956,174,0,No fault,0x03,right,511.963717,2389,0.137729,173,0,No fault,-2545.00
2026-08-12T10:48:26.576,1786524506.576533,5.540991,2,0,0.800000,84,0,0x04,left,572.490581,-112,-0.026374,175,0,No fault,0x03,right,512.556687,2523,0.079121,173,0,No fault,-2635.00
2026-08-12T10:48:26.581,1786524506.581832,5.546288,2,0,0.800000,85,0,0x04,left,572.512543,-67,-0.043956,174,0,No fault,0x03,right,513.149657,2702,0.155311,174,0,No fault,-2769.00
2026-08-12T10:48:26.587,1786524506.587112,5.551566,2,0,0.800000,86,0,0x04,left,572.490581,-156,-0.061538,175,0,No fault,0x03,right,513.764589,2300,0.143590,169,0,No fault,-2456.00
2026-08-12T10:48:26.592,1786524506.592434,5.556899,2,0,0.800000,87,0,0x04,left,572.512543,-22,-0.049817,176,0,No fault,0x03,right,514.313635,2211,0.172894,174,0,No fault,-2233.00
2026-08-12T10:48:26.597,1786524506.597909,5.562365,2,0,0.800000,88,0,0x04,left,572.490581,-112,-0.026374,174,0,No fault,0x03,right,514.906605,2523,0.172894,173,0,No fault,-2635.00
2026-08-12T10:48:26.603,1786524506.603463,5.567925,2,0,0.800000,89,0,0x04,left,572.512543,67,-0.055678,175,0,No fault,0x03,right,515.499575,2300,0.049817,173,0,No fault,-2233.00
2026-08-12T10:48:26.608,1786524506.608841,5.573300,2,0,0.800000,90,0,0x04,left,572.512543,22,-0.043956,174,0,No fault,0x03,right,516.685515,2434,0.208059,172,0,No fault,-2412.00
2026-08-12T10:48:26.619,1786524506.619636,5.584162,2,0,0.800000,91,0,0x04,left,572.490581,-112,-0.043956,174,0,No fault,0x03,right,517.256523,2389,0.167033,173,0,No fault,-2501.00
2026-08-12T10:48:26.625,1786524506.625173,5.589631,2,0,0.800000,92,0,0x04,left,572.512543,156,-0.043956,175,0,No fault,0x03,right,518.442463,2523,0.114286,173,0,No fault,-2367.00
2026-08-12T10:48:26.630,1786524506.630499,5.594952,2,0,0.800000,93,0,0x04,left,572.490581,-112,-0.038095,175,0,No fault,0x03,right,519.013471,2389,0.172894,173,0,No fault,-2501.00
2026-08-12T10:48:26.635,1786524506.635827,5.600292,2,0,0.800000,94,0,0x04,left,572.512543,201,-0.043956,174,0,No fault,0x03,right,519.606441,2434,0.237363,173,0,No fault,-2233.00
2026-08-12T10:48:26.641,1786524506.641210,5.605678,2,0,0.800000,95,0,0x04,left,572.512543,-22,-0.032234,176,0,No fault,0x03,right,520.177449,2479,0.202198,172,0,No fault,-2501.00
2026-08-12T10:48:26.646,1786524506.646629,5.611107,2,0,0.800000,96,0,0x04,left,572.512543,-22,-0.026374,174,0,No fault,0x03,right,520.770419,2300,0.126007,172,0,No fault,-2322.00
2026-08-12T10:48:26.652,1786524506.652049,5.616512,2,0,0.800000,97,0,0x04,left,572.512543,-22,-0.038095,175,0,No fault,0x03,right,521.363389,2255,0.161172,173,0,No fault,-2277.00
2026-08-12T10:48:26.657,1786524506.657405,5.621953,2,0,0.800000,98,0,0x04,left,572.512543,-112,-0.049817,174,0,No fault,0x03,right,521.956359,2568,0.196337,173,0,No fault,-2680.00
2026-08-12T10:48:26.662,1786524506.662864,5.627321,2,0,0.800000,99,0,0x04,left,572.512543,246,-0.049817,173,0,No fault,0x03,right,522.527368,2077,0.208059,174,0,No fault,-1831.00
2026-08-12T10:48:26.668,1786524506.668152,5.632601,2,0,0.800000,100,0,0x04,left,572.512543,22,-0.038095,174,0,No fault,0x03,right,523.098376,2255,0.237363,173,0,No fault,-2233.00
2026-08-12T10:48:26.673,1786524506.673485,5.637946,2,0,0.800000,101,0,0x04,left,572.512543,-22,-0.067399,170,0,No fault,0x03,right,523.713308,2568,0.114286,173,0,No fault,-2590.00
2026-08-12T10:48:26.678,1786524506.678834,5.643293,2,0,0.800000,102,0,0x04,left,572.512543,112,-0.049817,174,0,No fault,0x03,right,524.306278,2523,0.161172,173,0,No fault,-2411.00
2026-08-12T10:48:26.684,1786524506.684172,5.648624,2,0,0.800000,103,0,0x04,left,572.490581,-156,-0.038095,176,0,No fault,0x03,right,524.877286,2345,0.219780,173,0,No fault,-2501.00
2026-08-12T10:48:26.689,1786524506.689509,5.653962,2,0,0.800000,104,0,0x04,left,572.512543,156,-0.043956,174,0,No fault,0x03,right,525.470256,2300,0.202198,172,0,No fault,-2144.00
2026-08-12T10:48:26.694,1786524506.694844,5.659309,2,0,0.800000,105,0,0x04,left,572.490581,-156,-0.049817,177,0,No fault,0x03,right,526.041264,2211,0.184615,173,0,No fault,-2367.00
2026-08-12T10:48:26.710,1786524506.710818,5.675274,2,0,0.800000,106,0,0x04,left,572.512543,-67,-0.061538,174,0,No fault,0x03,right,527.249166,2657,0.120147,173,0,No fault,-2724.00
2026-08-12T10:48:26.716,1786524506.716127,5.680594,2,0,0.800000,107,0,0x04,left,572.512543,-67,-0.073260,174,0,No fault,0x03,right,528.962190,2211,0.172894,174,0,No fault,-2278.00
2026-08-12T10:48:26.721,1786524506.721525,5.685990,2,0,0.800000,108,0,0x04,left,572.512543,67,-0.043956,174,0,No fault,0x03,right,529.247694,2389,0.137729,173,0,No fault,-2322.00
2026-08-12T10:48:26.726,1786524506.726914,5.691386,2,0,0.800000,109,0,0x04,left,572.512543,-22,-0.043956,175,0,No fault,0x03,right,529.599084,2434,0.114286,173,0,No fault,-2456.00
2026-08-12T10:48:26.732,1786524506.732296,5.696761,2,0,0.800000,110,0,0x04,left,572.512543,22,-0.043956,173,0,No fault,0x03,right,530.192054,2121,0.131868,174,0,No fault,-2099.00
2026-08-12T10:48:26.737,1786524506.737831,5.702300,2,0,0.800000,111,0,0x04,left,572.512543,67,-0.067399,173,0,No fault,0x03,right,530.785024,2345,0.178755,173,0,No fault,-2278.00
2026-08-12T10:48:26.743,1786524506.743333,5.707801,2,0,0.800000,112,0,0x04,left,572.512543,67,-0.043956,175,0,No fault,0x03,right,531.356032,2345,0.208059,169,0,No fault,-2278.00
2026-08-12T10:48:26.759,1786524506.759160,5.723637,2,0,0.800000,113,0,0x04,left,572.512543,201,-0.032234,175,0,No fault,0x03,right,533.156904,2613,0.102564,173,0,No fault,-2412.00
2026-08-12T10:48:26.764,1786524506.764865,5.729327,2,0,0.800000,114,0,0x04,left,572.490581,-112,-0.032234,175,0,No fault,0x03,right,533.727912,2255,0.149451,173,0,No fault,-2367.00
2026-08-12T10:48:26.770,1786524506.770283,5.734749,2,0,0.800000,115,0,0x04,left,572.512543,-67,-0.055678,177,0,No fault,0x03,right,534.298920,2211,0.184615,173,0,No fault,-2278.00
2026-08-12T10:48:26.775,1786524506.775581,5.740032,2,0,0.800000,116,0,0x04,left,572.512543,-112,-0.049817,175,0,No fault,0x03,right,534.891890,2479,0.120147,173,0,No fault,-2591.00
2026-08-12T10:48:26.780,1786524506.780864,5.745329,2,0,0.800000,117,0,0x04,left,572.490581,-112,-0.038095,174,0,No fault,0x03,right,535.484860,2434,0.084982,172,0,No fault,-2546.00
2026-08-12T10:48:26.786,1786524506.786227,5.750688,2,0,0.800000,118,0,0x04,left,572.512543,-67,-0.049817,174,0,No fault,0x03,right,536.143716,2300,0.155311,172,0,No fault,-2367.00
2026-08-12T10:48:26.791,1786524506.791570,5.756028,2,0,0.800000,119,0,0x04,left,572.490581,-156,-0.049817,174,0,No fault,0x03,right,536.714724,2345,0.184615,173,0,No fault,-2501.00
2026-08-12T10:48:26.796,1786524506.796892,5.761350,2,0,0.800000,120,0,0x04,left,572.512543,112,-0.032234,174,0,No fault,0x03,right,537.307694,2479,0.131868,172,0,No fault,-2367.00
2026-08-12T10:48:26.802,1786524506.802310,5.766780,2,0,0.800000,121,0,0x04,left,572.490581,-156,-0.055678,176,0,No fault,0x03,right,537.900664,2389,0.131868,173,0,No fault,-2545.00
2026-08-12T10:48:26.807,1786524506.807736,5.772203,2,0,0.800000,122,0,0x04,left,572.512543,201,-0.032234,177,0,No fault,0x03,right,538.471672,2345,0.120147,173,0,No fault,-2144.00
2026-08-12T10:48:26.813,1786524506.813119,5.777575,2,0,0.800000,123,0,0x04,left,572.490581,-67,-0.026374,175,0,No fault,0x03,right,539.086604,2479,0.143590,172,0,No fault,-2546.00
2026-08-12T10:48:26.818,1786524506.818524,5.783003,2,0,0.800000,124,0,0x04,left,572.512543,22,-0.038095,175,0,No fault,0x03,right,539.657612,2479,0.196337,172,0,No fault,-2457.00
2026-08-12T10:48:26.824,1786524506.824141,5.788610,2,0,0.800000,125,0,0x04,left,572.512543,-22,-0.038095,175,0,No fault,0x03,right,540.206659,2166,0.167033,170,0,No fault,-2188.00
2026-08-12T10:48:26.829,1786524506.829651,5.794115,2,0,0.800000,126,0,0x04,left,572.512543,22,-0.049817,177,0,No fault,0x03,right,540.799629,2300,0.120147,173,0,No fault,-2278.00
2026-08-12T10:48:26.834,1786524506.834991,5.799456,2,0,0.800000,127,0,0x04,left,572.512543,-22,-0.061538,174,0,No fault,0x03,right,541.392599,2166,0.161172,171,0,No fault,-2188.00
2026-08-12T10:48:26.840,1786524506.840339,5.804798,2,0,0.800000,128,0,0x04,left,572.512543,156,-0.049817,175,0,No fault,0x03,right,541.985569,2434,0.190476,173,0,No fault,-2278.00
2026-08-12T10:48:26.845,1786524506.845734,5.810209,2,0,0.800000,129,0,0x04,left,572.490581,-112,-0.038095,178,0,No fault,0x03,right,542.578539,2479,0.190476,173,0,No fault,-2591.00
2026-08-12T10:48:26.851,1786524506.851114,5.815573,2,0,0.800000,130,0,0x04,left,572.512543,-67,-0.043956,175,0,No fault,0x03,right,543.127585,2211,0.219780,173,0,No fault,-2278.00
2026-08-12T10:48:26.856,1786524506.856549,5.821020,2,0,0.800000,131,0,0x04,left,572.512543,-22,-0.026374,175,0,No fault,0x03,right,543.720555,2389,0.120147,173,0,No fault,-2411.00
2026-08-12T10:48:26.870,1786524506.870383,5.834865,3,-2500,5.000000,1,-2500,0x04,left,572.512543,67,-0.049817,175,0,No fault,0x03,right,545.477503,2345,0.190476,174,0,No fault,-2278.00
2026-08-12T10:48:26.875,1786524506.875794,5.840265,3,-2500,5.000000,2,-2500,0x04,left,572.512543,22,-0.043956,175,0,No fault,0x03,right,546.070473,2389,0.237363,169,0,No fault,-2367.00
2026-08-12T10:48:26.881,1786524506.881320,5.845789,3,-2500,5.000000,3,-2500,0x04,left,572.402734,-1228,-2.382418,175,0,No fault,0x03,right,547.256413,2479,0.149451,173,0,No fault,-3707.00
2026-08-12T10:48:26.886,1786524506.886760,5.851220,3,-2500,5.000000,4,-2500,0x04,left,572.051344,-2881,-0.700366,175,0,No fault,0x03,right,547.849383,2389,0.190476,174,0,No fault,-5270.00
2026-08-12T10:48:26.892,1786524506.892086,5.856543,3,-2500,5.000000,5,-2500,0x04,left,571.414450,-2523,-0.043956,174,0,No fault,0x03,right,548.420391,2345,0.196337,174,0,No fault,-4868.00
2026-08-12T10:48:26.897,1786524506.897614,5.862070,3,-2500,5.000000,6,-2500,0x04,left,570.799519,-2389,-0.102564,174,0,No fault,0x03,right,549.013361,2479,0.172894,175,0,No fault,-4868.00
2026-08-12T10:48:26.908,1786524506.908045,5.872502,3,-2500,5.000000,7,-2500,0x04,left,569.635540,-2434,-0.231502,174,0,No fault,0x03,right,549.606331,2568,0.090842,175,0,No fault,-5002.00
2026-08-12T10:48:26.913,1786524506.913380,5.877840,3,-2500,5.000000,8,-2500,0x04,left,569.020609,-2389,-0.126007,174,0,No fault,0x03,right,550.770309,2479,0.143590,172,0,No fault,-4868.00
2026-08-12T10:48:26.918,1786524506.918772,5.883231,3,-2500,5.000000,9,-2500,0x04,left,568.449600,-2613,-0.213919,174,0,No fault,0x03,right,552.615105,2434,0.084982,173,0,No fault,-5047.00
2026-08-12T10:48:26.924,1786524506.924107,5.888565,3,-2500,5.000000,10,-2500,0x04,left,567.834669,-2345,-0.225641,176,0,No fault,0x03,right,552.922571,2300,0.120147,172,0,No fault,-4645.00
2026-08-12T10:48:26.929,1786524506.929489,5.893950,3,-2500,5.000000,11,-2500,0x04,left,567.241699,-2702,-0.225641,174,0,No fault,0x03,right,553.251999,2479,0.137729,176,0,No fault,-5181.00
2026-08-12T10:48:26.934,1786524506.934807,5.899259,3,-2500,5.000000,12,-2500,0x04,left,566.670690,-2479,-0.178755,174,0,No fault,0x03,right,553.844969,2523,0.167033,174,0,No fault,-5002.00
2026-08-12T10:48:26.940,1786524506.940070,5.904510,3,-2500,5.000000,13,-2500,0x04,left,566.055759,-2657,-0.237363,174,0,No fault,0x03,right,554.415977,2211,0.161172,173,0,No fault,-4868.00
2026-08-12T10:48:26.945,1786524506.945332,5.909796,3,-2500,5.000000,14,-2500,0x04,left,565.462789,-2479,-0.196337,175,0,No fault,0x03,right,555.008947,2255,0.084982,172,0,No fault,-4734.00
2026-08-12T10:48:26.955,1786524506.955857,5.920319,3,-2500,5.000000,15,-2500,0x04,left,564.298810,-2479,-0.202198,175,0,No fault,0x03,right,556.216849,2345,0.155311,173,0,No fault,-4824.00
2026-08-12T10:48:26.961,1786524506.961149,5.925595,3,-2500,5.000000,16,-2500,0x04,left,563.683878,-2523,-0.172894,174,0,No fault,0x03,right,556.809819,2523,0.161172,172,0,No fault,-5046.00
2026-08-12T10:48:26.966,1786524506.966371,5.930822,3,-2500,5.000000,17,-2500,0x04,left,562.475977,-2613,-0.219780,171,0,No fault,0x03,right,557.424751,2300,0.149451,173,0,No fault,-4913.00
2026-08-12T10:48:26.971,1786524506.971600,5.936045,3,-2500,5.000000,18,-2500,0x04,left,562.168511,-2523,-0.178755,175,0,No fault,0x03,right,557.973797,2389,0.137729,174,0,No fault,-4912.00
2026-08-12T10:48:26.976,1786524506.976801,5.941243,3,-2500,5.000000,19,-2500,0x04,left,561.839083,-2523,-0.249084,174,0,No fault,0x03,right,558.566767,2255,0.108425,173,0,No fault,-4778.00
2026-08-12T10:48:26.982,1786524506.982330,5.946805,3,-2500,5.000000,20,-2500,0x04,left,561.246113,-2479,-0.167033,175,0,No fault,0x03,right,559.159737,2255,0.161172,173,0,No fault,-4734.00
2026-08-12T10:48:26.987,1786524506.987772,5.952263,3,-2500,5.000000,21,-2500,0x04,left,560.653143,-2523,-0.178755,175,0,No fault,0x03,right,559.752707,2434,0.219780,173,0,No fault,-4957.00
2026-08-12T10:48:26.993,1786524506.993263,5.957731,3,-2500,5.000000,22,-2500,0x04,left,560.060173,-2613,-0.231502,175,0,No fault,0x03,right,560.323715,2345,0.167033,172,0,No fault,-4958.00
2026-08-12T10:48:26.998,1786524506.998644,5.963098,3,-2500,5.000000,23,-2500,0x04,left,558.874233,-2345,-0.196337,171,0,No fault,0x03,right,560.938647,2389,0.126007,173,0,No fault,-4734.00
2026-08-12T10:48:27.003,1786524507.003913,5.968372,3,-2500,5.000000,24,-2500,0x04,left,558.259301,-2523,-0.196337,175,0,No fault,0x03,right,561.575541,2389,0.178755,174,0,No fault,-4912.00
2026-08-12T10:48:27.009,1786524507.009260,5.973712,3,-2500,5.000000,25,-2500,0x04,left,557.688293,-2479,-0.167033,177,0,No fault,0x03,right,562.146549,2657,0.149451,173,0,No fault,-5136.00
2026-08-12T10:48:27.014,1786524507.014508,5.978956,3,-2500,5.000000,26,-2500,0x04,left,557.073361,-2747,-0.196337,175,0,No fault,0x03,right,562.717557,2479,0.208059,171,0,No fault,-5226.00
2026-08-12T10:48:27.019,1786524507.019751,5.984207,3,-2500,5.000000,27,-2500,0x04,left,556.480391,-2389,-0.225641,175,0,No fault,0x03,right,563.310527,2255,0.172894,172,0,No fault,-4644.00
2026-08-12T10:48:27.025,1786524507.025019,5.989470,3,-2500,5.000000,28,-2500,0x04,left,555.887421,-2523,-0.202198,174,0,No fault,0x03,right,563.903497,2657,0.126007,172,0,No fault,-5180.00
2026-08-12T10:48:27.030,1786524507.030280,5.994732,3,-2500,5.000000,29,-2500,0x04,left,555.294451,-2613,-0.172894,175,0,No fault,0x03,right,564.496467,2300,0.184615,173,0,No fault,-4913.00
2026-08-12T10:48:27.035,1786524507.035656,6.000115,3,-2500,5.000000,30,-2500,0x04,left,554.701481,-2568,-0.196337,175,0,No fault,0x03,right,565.089437,2300,0.178755,172,0,No fault,-4868.00
2026-08-12T10:48:27.041,1786524507.041102,6.005564,3,-2500,5.000000,31,-2500,0x04,left,554.108511,-2702,-0.178755,174,0,No fault,0x03,right,566.253415,2434,0.237363,174,0,No fault,-5136.00
2026-08-12T10:48:27.046,1786524507.046439,6.010894,3,-2500,5.000000,32,-2500,0x04,left,553.537503,-2479,-0.237363,175,0,No fault,0x03,right,566.846385,2434,0.120147,174,0,No fault,-4913.00
2026-08-12T10:48:27.051,1786524507.051730,6.016179,3,-2500,5.000000,33,-2500,0x04,left,552.922571,-2702,-0.196337,176,0,No fault,0x03,right,567.439355,2523,0.178755,172,0,No fault,-5225.00
2026-08-12T10:48:27.056,1786524507.056992,6.021437,3,-2500,5.000000,34,-2500,0x04,left,552.329601,-2613,-0.172894,174,0,No fault,0x03,right,568.010363,2300,0.243223,172,0,No fault,-4913.00
2026-08-12T10:48:27.062,1786524507.062291,6.026753,3,-2500,5.000000,35,-2500,0x04,left,551.736631,-2389,-0.184615,175,0,No fault,0x03,right,568.581372,2255,0.196337,173,0,No fault,-4644.00
2026-08-12T10:48:27.067,1786524507.067657,6.032112,3,-2500,5.000000,36,-2500,0x04,left,551.143661,-2300,-0.202198,174,0,No fault,0x03,right,569.174342,2211,0.167033,173,0,No fault,-4511.00
2026-08-12T10:48:27.072,1786524507.072976,6.037434,3,-2500,5.000000,37,-2500,0x04,left,550.550691,-2434,-0.225641,174,0,No fault,0x03,right,569.745350,2211,0.126007,172,0,No fault,-4645.00
2026-08-12T10:48:27.078,1786524507.078346,6.042822,3,-2500,5.000000,38,-2500,0x04,left,549.957721,-2389,-0.208059,175,0,No fault,0x03,right,570.360282,2657,0.161172,172,0,No fault,-5046.00
2026-08-12T10:48:27.083,1786524507.083783,6.048246,3,-2500,5.000000,39,-2500,0x04,left,549.364751,-2479,-0.149451,177,0,No fault,0x03,right,571.150908,2345,0.184615,172,0,No fault,-4824.00
2026-08-12T10:48:27.089,1786524507.089142,6.053604,3,-2500,5.000000,40,-2500,0x04,left,548.749819,-2613,-0.190476,175,0,No fault,0x03,right,571.787802,201,-0.471795,170,0,No fault,-2814.00
2026-08-12T10:48:27.094,1786524507.094506,6.058962,3,-2500,5.000000,41,-2500,0x04,left,548.178811,-2434,-0.237363,174,0,No fault,0x03,right,571.765840,-156,-0.108425,172,0,No fault,-2278.00
2026-08-12T10:48:27.099,1786524507.099834,6.064299,3,-2500,5.000000,42,-2500,0x04,left,547.563879,-2523,-0.208059,175,0,No fault,0x03,right,571.765840,112,-0.073260,174,0,No fault,-2635.00
2026-08-12T10:48:27.115,1786524507.115418,6.079871,3,-2500,5.000000,43,-2500,0x04,left,545.784969,-2613,-0.202198,172,0,No fault,0x03,right,571.765840,112,-0.055678,173,0,No fault,-2725.00
2026-08-12T10:48:27.120,1786524507.120908,6.085371,3,-2500,5.000000,44,-2500,0x04,left,545.191999,-2434,-0.202198,175,0,No fault,0x03,right,571.765840,-22,-0.079121,173,0,No fault,-2412.00
2026-08-12T10:48:27.126,1786524507.126268,6.090730,3,-2500,5.000000,45,-2500,0x04,left,544.006059,-2211,-0.143590,175,0,No fault,0x03,right,572.512543,-67,-0.014652,174,0,No fault,-2144.00
2026-08-12T10:48:27.131,1786524507.131757,6.096215,3,-2500,5.000000,46,-2500,0x04,left,543.413089,-2434,-0.213919,174,0,No fault,0x03,right,571.787802,67,-0.055678,177,0,No fault,-2501.00
2026-08-12T10:48:27.137,1786524507.137096,6.101557,3,-2500,5.000000,47,-2500,0x04,left,542.798157,-2523,-0.219780,174,0,No fault,0x03,right,571.765840,-22,-0.055678,173,0,No fault,-2501.00
2026-08-12T10:48:27.142,1786524507.142442,6.106901,3,-2500,5.000000,48,-2500,0x04,left,542.205187,-2434,-0.178755,174,0,No fault,0x03,right,571.787802,156,-0.055678,173,0,No fault,-2590.00
2026-08-12T10:48:27.147,1786524507.147760,6.112214,3,-2500,5.000000,49,-2500,0x04,left,541.612217,-2657,-0.202198,175,0,No fault,0x03,right,571.787802,-67,-0.055678,174,0,No fault,-2590.00
2026-08-12T10:48:27.163,1786524507.163244,6.127694,3,-2500,5.000000,50,-2500,0x04,left,541.019247,-2657,-0.161172,173,0,No fault,0x03,right,571.787802,-22,-0.061538,173,0,No fault,-2635.00
2026-08-12T10:48:27.168,1786524507.168543,6.132998,3,-2500,5.000000,51,-2500,0x04,left,539.833307,-2255,-0.161172,174,0,No fault,0x03,right,571.787802,-67,-0.061538,171,0,No fault,-2188.00
2026-08-12T10:48:27.173,1786524507.173846,6.138297,3,-2500,5.000000,52,-2500,0x04,left,538.098321,-2791,-0.178755,174,0,No fault,0x03,right,572.512543,-112,-0.026374,171,0,No fault,-2679.00
2026-08-12T10:48:27.179,1786524507.179241,6.143699,3,-2500,5.000000,53,-2500,0x04,left,537.812817,-2389,-0.196337,177,0,No fault,0x03,right,571.787802,22,-0.032234,173,0,No fault,-2411.00
2026-08-12T10:48:27.184,1786524507.184668,6.149121,3,-2500,5.000000,54,-2500,0x04,left,537.505351,-2211,-0.190476,174,0,No fault,0x03,right,571.787802,-156,-0.073260,177,0,No fault,-2055.00
2026-08-12T10:48:27.189,1786524507.189969,6.154420,3,-2500,5.000000,55,-2500,0x04,left,536.890419,-2657,-0.167033,174,0,No fault,0x03,right,571.809764,112,-0.049817,175,0,No fault,-2769.00
2026-08-12T10:48:27.195,1786524507.195266,6.159720,3,-2500,5.000000,56,-2500,0x04,left,536.297449,-2568,-0.208059,177,0,No fault,0x03,right,571.787802,67,-0.043956,173,0,No fault,-2635.00
2026-08-12T10:48:27.200,1786524507.200583,6.165037,3,-2500,5.000000,57,-2500,0x04,left,535.704479,-2523,-0.190476,175,0,No fault,0x03,right,571.809764,67,-0.049817,172,0,No fault,-2590.00
2026-08-12T10:48:27.205,1786524507.205871,6.170317,3,-2500,5.000000,58,-2500,0x04,left,535.111509,-2613,-0.167033,175,0,No fault,0x03,right,571.787802,-156,-0.055678,174,0,No fault,-2457.00
2026-08-12T10:48:27.211,1786524507.211148,6.175597,3,-2500,5.000000,59,-2500,0x04,left,534.540501,-2479,-0.219780,174,0,No fault,0x03,right,571.809764,67,-0.061538,173,0,No fault,-2546.00
2026-08-12T10:48:27.216,1786524507.216424,6.180871,3,-2500,5.000000,60,-2500,0x04,left,533.925569,-2568,-0.184615,176,0,No fault,0x03,right,571.809764,-22,-0.055678,173,0,No fault,-2546.00
2026-08-12T10:48:27.221,1786524507.221711,6.186173,3,-2500,5.000000,61,-2500,0x04,left,533.332599,-2523,-0.219780,175,0,No fault,0x03,right,571.809764,-67,-0.049817,171,0,No fault,-2456.00
2026-08-12T10:48:27.227,1786524507.227044,6.191496,3,-2500,5.000000,62,-2500,0x04,left,532.739629,-2434,-0.172894,175,0,No fault,0x03,right,571.809764,22,-0.055678,173,0,No fault,-2456.00
2026-08-12T10:48:27.232,1786524507.232348,6.196820,3,-2500,5.000000,63,-2500,0x04,left,532.146659,-2523,-0.190476,174,0,No fault,0x03,right,571.809764,-22,-0.055678,172,0,No fault,-2501.00
2026-08-12T10:48:27.237,1786524507.237713,6.202180,3,-2500,5.000000,64,-2500,0x04,left,531.553689,-2568,-0.249084,174,0,No fault,0x03,right,571.809764,-67,-0.049817,172,0,No fault,-2501.00
2026-08-12T10:48:27.243,1786524507.243083,6.207551,3,-2500,5.000000,65,-2500,0x04,left,530.960719,-2389,-0.172894,174,0,No fault,0x03,right,571.809764,-67,-0.049817,173,0,No fault,-2322.00
2026-08-12T10:48:27.248,1786524507.248450,6.212919,3,-2500,5.000000,66,-2500,0x04,left,530.389711,-2345,-0.213919,175,0,No fault,0x03,right,571.809764,22,-0.032234,173,0,No fault,-2367.00
2026-08-12T10:48:27.254,1786524507.254139,6.218607,3,-2500,5.000000,67,-2500,0x04,left,529.774779,-2657,-0.167033,176,0,No fault,0x03,right,571.809764,-201,-0.061538,177,0,No fault,-2456.00
2026-08-12T10:48:27.259,1786524507.259562,6.224026,3,-2500,5.000000,68,-2500,0x04,left,528.522953,-2345,-0.184615,174,0,No fault,0x03,right,571.809764,-112,-0.067399,176,0,No fault,-2233.00
2026-08-12T10:48:27.264,1786524507.264873,6.229323,3,-2500,5.000000,69,-2500,0x04,left,527.864098,-2523,-0.237363,171,0,No fault,0x03,right,571.809764,22,-0.038095,172,0,No fault,-2545.00
2026-08-12T10:48:27.270,1786524507.270121,6.234572,3,-2500,5.000000,70,-2500,0x04,left,527.293089,-2657,-0.213919,173,0,No fault,0x03,right,571.809764,-67,-0.049817,173,0,No fault,-2590.00
2026-08-12T10:48:27.275,1786524507.275362,6.239820,3,-2500,5.000000,71,-2500,0x04,left,526.722081,-2300,-0.155311,175,0,No fault,0x03,right,571.809764,-156,-0.055678,173,0,No fault,-2144.00
2026-08-12T10:48:27.280,1786524507.280665,6.245127,3,-2500,5.000000,72,-2500,0x04,left,526.129111,-2434,-0.231502,176,0,No fault,0x03,right,571.809764,22,-0.043956,172,0,No fault,-2456.00
2026-08-12T10:48:27.286,1786524507.286019,6.250474,3,-2500,5.000000,73,-2500,0x04,left,525.514179,-2836,-0.172894,176,0,No fault,0x03,right,571.831726,156,-0.055678,173,0,No fault,-2992.00
2026-08-12T10:48:27.291,1786524507.291487,6.255946,3,-2500,5.000000,74,-2500,0x04,left,524.943171,-2300,-0.213919,175,0,No fault,0x03,right,571.809764,-156,-0.038095,172,0,No fault,-2144.00
2026-08-12T10:48:27.296,1786524507.296876,6.261325,3,-2500,5.000000,75,-2500,0x04,left,524.350201,-2568,-0.184615,175,0,No fault,0x03,right,571.809764,-156,-0.026374,172,0,No fault,-2412.00
2026-08-12T10:48:27.302,1786524507.302163,6.266619,3,-2500,5.000000,76,-2500,0x04,left,523.757231,-2434,-0.149451,174,0,No fault,0x03,right,571.809764,-112,-0.049817,174,0,No fault,-2322.00
2026-08-12T10:48:27.317,1786524507.317624,6.282070,3,-2500,5.000000,77,-2500,0x04,left,521.956359,-2568,-0.213919,174,0,No fault,0x03,right,571.831726,22,-0.055678,173,0,No fault,-2590.00
2026-08-12T10:48:27.322,1786524507.322898,6.287358,3,-2500,5.000000,78,-2500,0x04,left,521.363389,-2389,-0.167033,174,0,No fault,0x03,right,571.831726,67,-0.049817,173,0,No fault,-2456.00
2026-08-12T10:48:27.328,1786524507.328226,6.292681,3,-2500,5.000000,79,-2500,0x04,left,520.770419,-2523,-0.126007,176,0,No fault,0x03,right,571.831726,22,-0.043956,172,0,No fault,-2545.00
2026-08-12T10:48:27.333,1786524507.333536,6.297988,3,-2500,5.000000,80,-2500,0x04,left,520.177449,-2479,-0.208059,175,0,No fault,0x03,right,571.831726,22,-0.043956,173,0,No fault,-2501.00
2026-08-12T10:48:27.338,1786524507.338831,6.303283,3,-2500,5.000000,81,-2500,0x04,left,519.584479,-2479,-0.184615,173,0,No fault,0x03,right,571.831726,67,-0.038095,172,0,No fault,-2546.00
2026-08-12T10:48:27.344,1786524507.344133,6.308592,3,-2500,5.000000,82,-2500,0x04,left,518.991509,-2345,-0.178755,174,0,No fault,0x03,right,571.831726,112,-0.043956,173,0,No fault,-2457.00
2026-08-12T10:48:27.349,1786524507.349548,6.314009,3,-2500,5.000000,83,-2500,0x04,left,518.376577,-2568,-0.184615,173,0,No fault,0x03,right,571.831726,-112,-0.061538,172,0,No fault,-2456.00
2026-08-12T10:48:27.354,1786524507.354866,6.319315,3,-2500,5.000000,84,-2500,0x04,left,517.783607,-2434,-0.149451,174,0,No fault,0x03,right,571.831726,112,-0.032234,172,0,No fault,-2546.00
2026-08-12T10:48:27.370,1786524507.370791,6.335262,3,-2500,5.000000,85,-2500,0x04,left,516.597667,-2389,-0.155311,175,0,No fault,0x03,right,571.831726,-67,-0.049817,174,0,No fault,-2322.00
2026-08-12T10:48:27.376,1786524507.376193,6.340660,3,-2500,5.000000,86,-2500,0x04,left,515.982736,-2613,-0.202198,173,0,No fault,0x03,right,571.831726,-112,-0.043956,173,0,No fault,-2501.00
2026-08-12T10:48:27.381,1786524507.381843,6.346310,3,-2500,5.000000,87,-2500,0x04,left,514.247749,-2434,-0.167033,175,0,No fault,0x03,right,571.831726,22,-0.049817,175,0,No fault,-2456.00
2026-08-12T10:48:27.387,1786524507.387295,6.351761,3,-2500,5.000000,88,-2500,0x04,left,513.588894,-2523,-0.178755,171,0,No fault,0x03,right,571.831726,-67,-0.055678,173,0,No fault,-2456.00
2026-08-12T10:48:27.392,1786524507.392778,6.357245,3,-2500,5.000000,89,-2500,0x04,left,512.973962,-2479,-0.208059,175,0,No fault,0x03,right,571.831726,-112,-0.049817,174,0,No fault,-2367.00
2026-08-12T10:48:27.398,1786524507.398250,6.362706,3,-2500,5.000000,90,-2500,0x04,left,512.359030,-2479,-0.114286,176,0,No fault,0x03,right,571.831726,112,-0.043956,171,0,No fault,-2591.00
2026-08-12T10:48:27.403,1786524507.403643,6.368104,3,-2500,5.000000,91,-2500,0x04,left,511.766060,-2523,-0.178755,175,0,No fault,0x03,right,571.831726,-22,-0.026374,173,0,No fault,-2501.00
2026-08-12T10:48:27.408,1786524507.408976,6.373438,3,-2500,5.000000,92,-2500,0x04,left,511.151128,-2613,-0.178755,176,0,No fault,0x03,right,571.831726,-67,-0.043956,174,0,No fault,-2546.00
2026-08-12T10:48:27.414,1786524507.414322,6.378779,3,-2500,5.000000,93,-2500,0x04,left,510.558158,-2523,-0.196337,175,0,No fault,0x03,right,571.831726,-22,-0.043956,175,0,No fault,-2501.00
2026-08-12T10:48:27.419,1786524507.419634,6.384089,3,-2500,5.000000,94,-2500,0x04,left,509.987150,-2434,-0.178755,175,0,No fault,0x03,right,571.831726,112,-0.043956,171,0,No fault,-2546.00
2026-08-12T10:48:27.424,1786524507.424937,6.389393,3,-2500,5.000000,95,-2500,0x04,left,509.372218,-2434,-0.149451,175,0,No fault,0x03,right,571.831726,-67,-0.043956,173,0,No fault,-2367.00
2026-08-12T10:48:27.430,1786524507.430239,6.394692,3,-2500,5.000000,96,-2500,0x04,left,508.779248,-2300,-0.202198,177,0,No fault,0x03,right,571.831726,-22,-0.055678,173,0,No fault,-2278.00
2026-08-12T10:48:27.435,1786524507.435554,6.400014,3,-2500,5.000000,97,-2500,0x04,left,508.186278,-2345,-0.208059,174,0,No fault,0x03,right,571.831726,67,-0.038095,176,0,No fault,-2412.00
2026-08-12T10:48:27.440,1786524507.440891,6.405347,3,-2500,5.000000,98,-2500,0x04,left,507.593308,-2255,-0.208059,174,0,No fault,0x03,right,571.831726,-112,-0.043956,173,0,No fault,-2143.00
2026-08-12T10:48:27.446,1786524507.446198,6.410655,3,-2500,5.000000,99,-2500,0x04,left,506.978376,-2613,-0.155311,174,0,No fault,0x03,right,571.831726,67,-0.049817,173,0,No fault,-2680.00
2026-08-12T10:48:27.451,1786524507.451507,6.415959,3,-2500,5.000000,100,-2500,0x04,left,506.385406,-2389,-0.184615,174,0,No fault,0x03,right,571.831726,-112,-0.038095,173,0,No fault,-2277.00
2026-08-12T10:48:27.456,1786524507.456807,6.421268,3,-2500,5.000000,101,-2500,0x04,left,505.792436,-2345,-0.184615,176,0,No fault,0x03,right,571.831726,67,-0.038095,173,0,No fault,-2412.00
2026-08-12T10:48:27.462,1786524507.462157,6.426615,3,-2500,5.000000,102,-2500,0x04,left,505.199466,-2523,-0.208059,174,0,No fault,0x03,right,571.831726,22,-0.043956,174,0,No fault,-2545.00
2026-08-12T10:48:27.467,1786524507.467463,6.431915,3,-2500,5.000000,103,-2500,0x04,left,504.606496,-2389,-0.219780,177,0,No fault,0x03,right,571.831726,-246,-0.055678,173,0,No fault,-2143.00
2026-08-12T10:48:27.472,1786524507.472772,6.437235,3,-2500,5.000000,104,-2500,0x04,left,503.991564,-2523,-0.161172,174,0,No fault,0x03,right,571.831726,67,-0.032234,172,0,No fault,-2590.00
2026-08-12T10:48:27.478,1786524507.478120,6.442576,3,-2500,5.000000,105,-2500,0x04,left,503.420556,-2389,-0.202198,174,0,No fault,0x03,right,571.831726,67,-0.049817,173,0,No fault,-2456.00
2026-08-12T10:48:27.483,1786524507.483433,6.447886,3,-2500,5.000000,106,-2500,0x04,left,502.827586,-2523,-0.243223,174,0,No fault,0x03,right,571.831726,-67,-0.043956,173,0,No fault,-2456.00
2026-08-12T10:48:27.488,1786524507.488795,6.453265,3,-2500,5.000000,107,-2500,0x04,left,502.212654,-2434,-0.161172,176,0,No fault,0x03,right,571.831726,-67,-0.038095,173,0,No fault,-2367.00
2026-08-12T10:48:27.494,1786524507.494267,6.458743,3,-2500,5.000000,108,-2500,0x04,left,501.619684,-2434,-0.243223,174,0,No fault,0x03,right,571.831726,22,-0.038095,173,0,No fault,-2456.00
2026-08-12T10:48:27.500,1786524507.500031,6.464496,3,-2500,5.000000,109,-2500,0x04,left,500.433744,-2568,-0.202198,175,0,No fault,0x03,right,571.831726,22,-0.038095,172,0,No fault,-2590.00
2026-08-12T10:48:27.505,1786524507.505395,6.469854,3,-2500,5.000000,110,-2500,0x04,left,499.840774,-2389,-0.213919,175,0,No fault,0x03,right,571.831726,112,-0.049817,172,0,No fault,-2501.00
2026-08-12T10:48:27.511,1786524507.511004,6.475463,3,-2500,5.000000,111,-2500,0x04,left,499.203881,-2434,-0.196337,175,0,No fault,0x03,right,571.831726,-22,-0.055678,173,0,No fault,-2412.00
2026-08-12T10:48:27.526,1786524507.526706,6.491168,3,-2500,5.000000,112,-2500,0x04,left,497.424971,-2479,-0.172894,174,0,No fault,0x03,right,571.831726,-22,-0.049817,173,0,No fault,-2457.00
2026-08-12T10:48:27.532,1786524507.532057,6.496516,3,-2500,5.000000,113,-2500,0x04,left,496.810039,-2389,-0.172894,174,0,No fault,0x03,right,571.831726,67,-0.049817,170,0,No fault,-2456.00
2026-08-12T10:48:27.537,1786524507.537622,6.502085,3,-2500,5.000000,114,-2500,0x04,left,496.239031,-2255,-0.243223,175,0,No fault,0x03,right,571.853687,156,-0.049817,172,0,No fault,-2411.00
2026-08-12T10:48:27.542,1786524507.542991,6.507449,3,-2500,5.000000,115,-2500,0x04,left,495.624099,-2434,-0.172894,174,0,No fault,0x03,right,571.831726,-22,-0.043956,174,0,No fault,-2412.00
2026-08-12T10:48:27.548,1786524507.548311,6.512767,3,-2500,5.000000,116,-2500,0x04,left,495.031129,-2389,-0.155311,175,0,No fault,0x03,right,571.831726,-156,-0.038095,175,0,No fault,-2233.00
2026-08-12T10:48:27.553,1786524507.553619,6.518076,3,-2500,5.000000,117,-2500,0x04,left,494.416197,-2479,-0.208059,174,0,No fault,0x03,right,571.831726,-22,-0.061538,172,0,No fault,-2457.00
2026-08-12T10:48:27.569,1786524507.569271,6.533740,3,-2500,5.000000,118,-2500,0x04,left,493.230257,-2523,-0.184615,172,0,No fault,0x03,right,571.831726,-22,-0.038095,173,0,No fault,-2501.00
2026-08-12T10:48:27.574,1786524507.574687,6.539145,3,-2500,5.000000,119,-2500,0x04,left,492.637287,-2479,-0.155311,174,0,No fault,0x03,right,571.831726,-112,-0.049817,174,0,No fault,-2367.00
2026-08-12T10:48:27.579,1786524507.579984,6.544449,3,-2500,5.000000,120,-2500,0x04,left,490.968186,-2389,-0.172894,175,0,No fault,0x03,right,571.831726,-22,-0.055678,174,0,No fault,-2367.00
2026-08-12T10:48:27.585,1786524507.585320,6.549781,3,-2500,5.000000,121,-2500,0x04,left,490.660720,-2523,-0.208059,176,0,No fault,0x03,right,572.512543,-67,-0.043956,174,0,No fault,-2456.00
2026-08-12T10:48:27.590,1786524507.590649,6.555106,3,-2500,5.000000,122,-2500,0x04,left,490.309330,-2434,-0.172894,175,0,No fault,0x03,right,571.831726,-22,-0.055678,173,0,No fault,-2412.00
2026-08-12T10:48:27.595,1786524507.595973,6.560438,3,-2500,5.000000,123,-2500,0x04,left,489.716360,-2345,-0.190476,173,0,No fault,0x03,right,571.831726,67,-0.038095,168,0,No fault,-2412.00
2026-08-12T10:48:27.601,1786524507.601306,6.565758,3,-2500,5.000000,124,-2500,0x04,left,489.101429,-2479,-0.167033,174,0,No fault,0x03,right,571.831726,-22,-0.038095,173,0,No fault,-2457.00
2026-08-12T10:48:27.606,1786524507.606611,6.571062,3,-2500,5.000000,125,-2500,0x04,left,488.508459,-2345,-0.196337,175,0,No fault,0x03,right,571.831726,-112,-0.038095,177,0,No fault,-2233.00
2026-08-12T10:48:27.612,1786524507.612035,6.576490,3,-2500,5.000000,126,-2500,0x04,left,487.915489,-2791,-0.237363,174,0,No fault,0x03,right,571.831726,-201,-0.038095,173,0,No fault,-2590.00
2026-08-12T10:48:27.617,1786524507.617426,6.581924,3,-2500,5.000000,127,-2500,0x04,left,486.729549,-2345,-0.196337,174,0,No fault,0x03,right,571.831726,22,-0.049817,172,0,No fault,-2367.00
2026-08-12T10:48:27.622,1786524507.622822,6.587282,3,-2500,5.000000,128,-2500,0x04,left,486.114617,-2523,-0.202198,172,0,No fault,0x03,right,571.831726,22,-0.043956,175,0,No fault,-2545.00
2026-08-12T10:48:27.628,1786524507.628173,6.592634,3,-2500,5.000000,129,-2500,0x04,left,485.521647,-2613,-0.178755,175,0,No fault,0x03,right,571.831726,22,-0.049817,170,0,No fault,-2635.00
2026-08-12T10:48:27.633,1786524507.633509,6.597969,3,-2500,5.000000,130,-2500,0x04,left,484.928677,-2479,-0.208059,174,0,No fault,0x03,right,572.512543,156,-0.043956,175,0,No fault,-2635.00
2026-08-12T10:48:27.638,1786524507.638842,6.603306,3,-2500,5.000000,131,-2500,0x04,left,484.335707,-2568,-0.190476,174,0,No fault,0x03,right,571.831726,-22,-0.055678,171,0,No fault,-2546.00
2026-08-12T10:48:27.644,1786524507.644309,6.608771,3,-2500,5.000000,132,-2500,0x04,left,483.742737,-2255,-0.172894,174,0,No fault,0x03,right,571.831726,22,-0.043956,174,0,No fault,-2277.00
2026-08-12T10:48:27.649,1786524507.649624,6.614081,3,-2500,5.000000,133,-2500,0x04,left,483.149767,-2300,-0.172894,175,0,No fault,0x03,right,571.831726,22,-0.032234,172,0,No fault,-2322.00
2026-08-12T10:48:27.654,1786524507.654913,6.619369,3,-2500,5.000000,134,-2500,0x04,left,482.534835,-2345,-0.190476,174,0,No fault,0x03,right,571.831726,-67,-0.038095,171,0,No fault,-2278.00
2026-08-12T10:48:27.660,1786524507.660228,6.624695,3,-2500,5.000000,135,-2500,0x04,left,481.941865,-2434,-0.184615,171,0,No fault,0x03,right,571.831726,22,-0.049817,173,0,No fault,-2456.00
2026-08-12T10:48:27.665,1786524507.665616,6.630080,3,-2500,5.000000,136,-2500,0x04,left,481.348895,-2479,-0.178755,171,0,No fault,0x03,right,571.831726,-156,-0.049817,172,0,No fault,-2323.00
2026-08-12T10:48:27.671,1786524507.671054,6.635526,3,-2500,5.000000,137,-2500,0x04,left,480.755925,-2389,-0.114286,174,0,No fault,0x03,right,571.853687,201,-0.032234,171,0,No fault,-2590.00
2026-08-12T10:48:27.676,1786524507.676479,6.640938,3,-2500,5.000000,138,-2500,0x04,left,480.162955,-2389,-0.243223,174,0,No fault,0x03,right,571.831726,-246,-0.055678,174,0,No fault,-2143.00
2026-08-12T10:48:27.681,1786524507.681817,6.646282,3,-2500,5.000000,139,-2500,0x04,left,479.548023,-2479,-0.208059,175,0,No fault,0x03,right,571.831726,-22,-0.032234,173,0,No fault,-2457.00
2026-08-12T10:48:27.687,1786524507.687460,6.651923,3,-2500,5.000000,140,-2500,0x04,left,478.933091,-2702,-0.178755,175,0,No fault,0x03,right,571.831726,67,-0.055678,172,0,No fault,-2769.00
2026-08-12T10:48:27.692,1786524507.692880,6.657342,3,-2500,5.000000,141,-2500,0x04,left,478.340121,-2523,-0.178755,175,0,No fault,0x03,right,571.853687,156,-0.043956,174,0,No fault,-2679.00
2026-08-12T10:48:27.698,1786524507.698220,6.662690,3,-2500,5.000000,142,-2500,0x04,left,477.769113,-2434,-0.190476,175,0,No fault,0x03,right,571.831726,22,-0.049817,172,0,No fault,-2456.00
2026-08-12T10:48:27.703,1786524507.703618,6.668081,3,-2500,5.000000,143,-2500,0x04,left,477.176143,-2345,-0.167033,174,0,No fault,0x03,right,571.853687,201,-0.038095,170,0,No fault,-2546.00
2026-08-12T10:48:27.708,1786524507.708957,6.673410,3,-2500,5.000000,144,-2500,0x04,left,476.561211,-2568,-0.202198,174,0,No fault,0x03,right,571.853687,112,-0.055678,172,0,No fault,-2680.00
2026-08-12T10:48:27.725,1786524507.725871,6.690329,3,-2500,5.000000,145,-2500,0x04,left,474.189331,-2613,-0.172894,175,0,No fault,0x03,right,571.831726,-67,-0.049817,173,0,No fault,-2546.00
2026-08-12T10:48:27.731,1786524507.731156,6.695607,3,-2500,5.000000,146,-2500,0x04,left,473.464590,-2434,-0.243223,174,0,No fault,0x03,right,571.831726,-22,-0.043956,176,0,No fault,-2412.00
2026-08-12T10:48:27.736,1786524507.736432,6.700916,3,-2500,5.000000,147,-2500,0x04,left,473.003391,-2389,-0.249084,175,0,No fault,0x03,right,571.831726,-246,-0.055678,174,0,No fault,-2143.00
2026-08-12T10:48:27.741,1786524507.741879,6.706354,3,-2500,5.000000,148,-2500,0x04,left,472.410421,-2389,-0.172894,174,0,No fault,0x03,right,571.831726,67,-0.043956,173,0,No fault,-2456.00
2026-08-12T10:48:27.747,1786524507.747303,6.711764,3,-2500,5.000000,149,-2500,0x04,left,471.839413,-2300,-0.208059,174,0,No fault,0x03,right,571.831726,-22,-0.049817,174,0,No fault,-2278.00
2026-08-12T10:48:27.752,1786524507.752654,6.717115,3,-2500,5.000000,150,-2500,0x04,left,471.246443,-2255,-0.213919,174,0,No fault,0x03,right,571.831726,-156,-0.038095,173,0,No fault,-2099.00
2026-08-12T10:48:27.758,1786524507.758003,6.722485,3,-2500,5.000000,151,-2500,0x04,left,470.631511,-2568,-0.219780,176,0,No fault,0x03,right,571.831726,-67,-0.055678,173,0,No fault,-2501.00
2026-08-12T10:48:27.773,1786524507.773635,6.738101,3,-2500,5.000000,152,-2500,0x04,left,470.038541,-2389,-0.190476,172,0,No fault,0x03,right,571.831726,-22,-0.043956,174,0,No fault,-2367.00
2026-08-12T10:48:27.779,1786524507.779166,6.743641,3,-2500,5.000000,153,-2500,0x04,left,468.808677,-2523,-0.196337,174,0,No fault,0x03,right,571.831726,-22,-0.049817,174,0,No fault,-2501.00
2026-08-12T10:48:27.784,1786524507.784951,6.749413,3,-2500,5.000000,154,-2500,0x04,left,467.007805,-2345,-0.155311,174,0,No fault,0x03,right,571.831726,22,-0.049817,172,0,No fault,-2367.00
2026-08-12T10:48:27.790,1786524507.790257,6.754717,3,-2500,5.000000,155,-2500,0x04,left,466.700339,-2657,-0.202198,174,0,No fault,0x03,right,571.853687,201,-0.020513,173,0,No fault,-2858.00
2026-08-12T10:48:27.795,1786524507.795699,6.760160,3,-2500,5.000000,156,-2500,0x04,left,466.392873,-2389,-0.190476,174,0,No fault,0x03,right,571.831726,-112,-0.043956,173,0,No fault,-2277.00
2026-08-12T10:48:27.801,1786524507.801167,6.765629,3,-2500,5.000000,157,-2500,0x04,left,465.777942,-2568,-0.190476,174,0,No fault,0x03,right,571.831726,22,-0.049817,173,0,No fault,-2590.00
2026-08-12T10:48:27.806,1786524507.806458,6.770908,3,-2500,5.000000,158,-2500,0x04,left,465.206933,-2211,-0.178755,174,0,No fault,0x03,right,571.853687,156,-0.049817,174,0,No fault,-2367.00
2026-08-12T10:48:27.811,1786524507.811707,6.776155,3,-2500,5.000000,159,-2500,0x04,left,464.613963,-2479,-0.219780,175,0,No fault,0x03,right,571.831726,-112,-0.043956,173,0,No fault,-2367.00
2026-08-12T10:48:27.817,1786524507.817063,6.781529,3,-2500,5.000000,160,-2500,0x04,left,463.999032,-2389,-0.155311,175,0,No fault,0x03,right,571.831726,-22,-0.038095,174,0,No fault,-2367.00
2026-08-12T10:48:27.822,1786524507.822508,6.786968,3,-2500,5.000000,161,-2500,0x04,left,462.835053,-2568,-0.202198,175,0,No fault,0x03,right,571.831726,-112,-0.043956,173,0,No fault,-2456.00
2026-08-12T10:48:27.827,1786524507.827831,6.792282,3,-2500,5.000000,162,-2500,0x04,left,462.220122,-2613,-0.155311,174,0,No fault,0x03,right,571.831726,-22,-0.038095,174,0,No fault,-2591.00
2026-08-12T10:48:27.833,1786524507.833136,6.797602,3,-2500,5.000000,163,-2500,0x04,left,461.649113,-2434,-0.237363,174,0,No fault,0x03,right,571.831726,-156,-0.038095,173,0,No fault,-2278.00
2026-08-12T10:48:27.838,1786524507.838543,6.802998,3,-2500,5.000000,164,-2500,0x04,left,461.034181,-2568,-0.155311,174,0,No fault,0x03,right,571.853687,156,-0.055678,171,0,No fault,-2724.00
2026-08-12T10:48:27.843,1786524507.843851,6.808305,3,-2500,5.000000,165,-2500,0x04,left,460.463173,-2077,-0.172894,174,0,No fault,0x03,right,571.831726,-112,-0.038095,172,0,No fault,-1965.00
2026-08-12T10:48:27.849,1786524507.849164,6.813625,3,-2500,5.000000,166,-2500,0x04,left,459.826280,-2613,-0.190476,174,0,No fault,0x03,right,571.831726,-67,-0.032234,173,0,No fault,-2546.00
2026-08-12T10:48:27.854,1786524507.854509,6.818967,3,-2500,5.000000,167,-2500,0x04,left,459.233310,-2702,-0.178755,176,0,No fault,0x03,right,571.853687,290,-0.038095,173,0,No fault,-2992.00
2026-08-12T10:48:27.859,1786524507.859856,6.824329,3,-2500,5.000000,168,-2500,0x04,left,458.662301,-2523,-0.190476,176,0,No fault,0x03,right,571.831726,22,-0.061538,172,0,No fault,-2545.00
2026-08-12T10:48:27.865,1786524507.865270,6.829729,3,-2500,5.000000,169,-2500,0x04,left,458.069331,-2434,-0.178755,176,0,No fault,0x03,right,571.831726,-201,-0.032234,173,0,No fault,-2233.00
2026-08-12T10:48:27.870,1786524507.870636,6.835090,3,-2500,5.000000,170,-2500,0x04,left,457.454400,-2568,-0.149451,174,0,No fault,0x03,right,571.831726,22,-0.049817,172,0,No fault,-2590.00
2026-08-12T10:48:27.875,1786524507.875952,6.840425,3,-2500,5.000000,171,-2500,0x04,left,456.861430,-2434,-0.155311,175,0,No fault,0x03,right,571.831726,-112,-0.038095,172,0,No fault,-2322.00
2026-08-12T10:48:27.881,1786524507.881352,6.845810,3,-2500,5.000000,172,-2500,0x04,left,456.268460,-2613,-0.190476,175,0,No fault,0x03,right,571.831726,-67,-0.038095,171,0,No fault,-2546.00
2026-08-12T10:48:27.886,1786524507.886737,6.851191,3,-2500,5.000000,173,-2500,0x04,left,455.675490,-2434,-0.143590,174,0,No fault,0x03,right,571.853687,201,-0.049817,173,0,No fault,-2635.00
2026-08-12T10:48:27.892,1786524507.892037,6.856487,3,-2500,5.000000,174,-2500,0x04,left,455.060558,-2434,-0.143590,175,0,No fault,0x03,right,571.765840,-1005,-2.476190,173,0,No fault,-1429.00
2026-08-12T10:48:27.897,1786524507.897511,6.861977,3,-2500,5.000000,175,-2500,0x04,left,454.467588,-2255,-0.161172,174,0,No fault,0x03,right,571.260717,-2791,-0.313553,172,0,No fault,536.00
2026-08-12T10:48:27.902,1786524507.902886,6.867337,3,-2500,5.000000,176,-2500,0x04,left,453.852656,-2479,-0.149451,174,0,No fault,0x03,right,570.601862,-2657,0.067399,173,0,No fault,178.00
2026-08-12T10:48:27.908,1786524507.908310,6.872762,3,-2500,5.000000,177,-2500,0x04,left,453.281648,-2434,-0.208059,174,0,No fault,0x03,right,570.008892,-2255,-0.102564,172,0,No fault,-179.00
2026-08-12T10:48:27.924,1786524507.924592,6.889050,3,-2500,5.000000,178,-2500,0x04,left,451.480776,-2568,-0.208059,175,0,No fault,0x03,right,569.437884,-2345,-0.266667,176,0,No fault,-223.00
2026-08-12T10:48:27.930,1786524507.930052,6.894510,3,-2500,5.000000,179,-2500,0x04,left,450.865844,-2613,-0.155311,175,0,No fault,0x03,right,567.066004,-2702,-0.172894,174,0,No fault,89.00
2026-08-12T10:48:27.935,1786524507.935801,6.900284,3,-2500,5.000000,180,-2500,0x04,left,449.614018,-2479,-0.208059,176,0,No fault,0x03,right,566.780500,-2389,-0.172894,176,0,No fault,-90.00
2026-08-12T10:48:27.941,1786524507.941251,6.905714,3,-2500,5.000000,181,-2500,0x04,left,449.021048,-2434,-0.155311,176,0,No fault,0x03,right,566.429110,-2479,-0.196337,172,0,No fault,45.00
2026-08-12T10:48:27.946,1786524507.946656,6.911116,3,-2500,5.000000,182,-2500,0x04,left,448.384155,-2523,-0.219780,175,0,No fault,0x03,right,565.836140,-2702,-0.178755,170,0,No fault,179.00
2026-08-12T10:48:27.952,1786524507.952005,6.916464,3,-2500,5.000000,183,-2500,0x04,left,447.813146,-2434,-0.202198,177,0,No fault,0x03,right,565.243170,-2657,-0.167033,173,0,No fault,223.00
2026-08-12T10:48:27.957,1786524507.957361,6.921834,3,-2500,5.000000,184,-2500,0x04,left,447.220176,-2523,-0.202198,174,0,No fault,0x03,right,564.650200,-2568,-0.137729,172,0,No fault,45.00
2026-08-12T10:48:27.973,1786524507.973789,6.938254,3,-2500,5.000000,185,-2500,0x04,left,446.034236,-2434,-0.231502,172,0,No fault,0x03,right,562.871290,-2523,-0.231502,173,0,No fault,89.00
2026-08-12T10:48:27.979,1786524507.979241,6.943726,3,-2500,5.000000,186,-2500,0x04,left,445.441266,-2434,-0.172894,174,0,No fault,0x03,right,562.234396,-2523,-0.120147,174,0,No fault,89.00
2026-08-12T10:48:27.984,1786524507.984974,6.949444,3,-2500,5.000000,187,-2500,0x04,left,443.728242,-2255,-0.161172,174,0,No fault,0x03,right,561.641426,-2345,-0.120147,173,0,No fault,90.00
2026-08-12T10:48:27.990,1786524507.990719,6.955205,3,-2500,5.000000,188,-2500,0x04,left,443.420776,-2479,-0.208059,175,0,No fault,0x03,right,560.455486,-2523,-0.149451,174,0,No fault,44.00
2026-08-12T10:48:27.996,1786524507.996203,6.960685,3,-2500,5.000000,189,-2500,0x04,left,443.091348,-2523,-0.260806,174,0,No fault,0x03,right,559.884478,-2300,-0.178755,173,0,No fault,-223.00
2026-08-12T10:48:28.002,1786524508.002124,6.966601,3,-2500,5.000000,190,-2500,0x04,left,441.883446,-2300,-0.196337,173,0,No fault,0x03,right,559.269546,-2523,-0.108425,173,0,No fault,223.00
2026-08-12T10:48:28.007,1786524508.007532,6.971997,3,-2500,5.000000,191,-2500,0x04,left,441.290476,-2434,-0.219780,174,0,No fault,0x03,right,558.676576,-2345,-0.108425,172,0,No fault,-89.00
2026-08-12T10:48:28.012,1786524508.012873,6.977343,3,-2500,5.000000,192,-2500,0x04,left,440.675545,-2389,-0.196337,174,0,No fault,0x03,right,558.039682,-2657,-0.155311,172,0,No fault,268.00
2026-08-12T10:48:28.018,1786524508.018232,6.982691,3,-2500,5.000000,193,-2500,0x04,left,440.082575,-2434,-0.202198,174,0,No fault,0x03,right,557.424751,-2345,-0.143590,173,0,No fault,-89.00
2026-08-12T10:48:28.023,1786524508.023544,6.988005,3,-2500,5.000000,194,-2500,0x04,left,439.489605,-2523,-0.184615,174,0,No fault,0x03,right,556.831781,-2389,-0.108425,173,0,No fault,-134.00
2026-08-12T10:48:28.028,1786524508.028961,6.993454,3,-2500,5.000000,195,-2500,0x04,left,438.874673,-2568,-0.208059,175,0,No fault,0x03,right,556.216849,-2613,-0.108425,172,0,No fault,45.00
2026-08-12T10:48:28.034,1786524508.034414,6.998883,3,-2500,5.000000,196,-2500,0x04,left,438.281703,-2568,-0.208059,174,0,No fault,0x03,right,555.623879,-2613,-0.126007,173,0,No fault,45.00
2026-08-12T10:48:28.039,1786524508.039956,7.004420,3,-2500,5.000000,197,-2500,0x04,left,437.688733,-2657,-0.167033,175,0,No fault,0x03,right,555.008947,-2613,-0.120147,173,0,No fault,-44.00
2026-08-12T10:48:28.045,1786524508.045289,7.009742,3,-2500,5.000000,198,-2500,0x04,left,437.095763,-2389,-0.155311,174,0,No fault,0x03,right,554.437939,-2389,-0.155311,173,0,No fault,0.00
2026-08-12T10:48:28.050,1786524508.050601,7.015067,3,-2500,5.000000,199,-2500,0x04,left,436.502793,-2568,-0.208059,174,0,No fault,0x03,right,553.801045,-2657,-0.131868,173,0,No fault,89.00
2026-08-12T10:48:28.055,1786524508.055961,7.020425,3,-2500,5.000000,200,-2500,0x04,left,435.909823,-2434,-0.172894,173,0,No fault,0x03,right,553.186113,-2568,-0.108425,171,0,No fault,134.00
2026-08-12T10:48:28.061,1786524508.061358,7.025818,3,-2500,5.000000,201,-2500,0x04,left,435.316853,-2345,-0.190476,170,0,No fault,0x03,right,552.593143,-2613,-0.137729,174,0,No fault,268.00
2026-08-12T10:48:28.067,1786524508.067037,7.031499,3,-2500,5.000000,202,-2500,0x04,left,434.723883,-2389,-0.178755,175,0,No fault,0x03,right,551.978211,-2613,-0.172894,172,0,No fault,224.00
2026-08-12T10:48:28.072,1786524508.072450,7.036921,3,-2500,5.000000,203,-2500,0x04,left,434.108951,-2523,-0.143590,176,0,No fault,0x03,right,551.407203,-2613,-0.178755,175,0,No fault,90.00
2026-08-12T10:48:28.077,1786524508.077857,7.042314,3,-2500,5.000000,204,-2500,0x04,left,433.515981,-2523,-0.190476,175,0,No fault,0x03,right,550.199301,-2434,-0.137729,173,0,No fault,-89.00
2026-08-12T10:48:28.083,1786524508.083140,7.047591,3,-2500,5.000000,205,-2500,0x04,left,432.923011,-2702,-0.190476,175,0,No fault,0x03,right,549.606331,-2523,-0.184615,173,0,No fault,-179.00
2026-08-12T10:48:28.088,1786524508.088394,7.052842,3,-2500,5.000000,206,-2500,0x04,left,432.330041,-2479,-0.167033,173,0,No fault,0x03,right,549.013361,-2479,-0.202198,173,0,No fault,0.00
2026-08-12T10:48:28.093,1786524508.093735,7.058184,3,-2500,5.000000,207,-2500,0x04,left,431.737071,-2389,-0.202198,173,0,No fault,0x03,right,548.420391,-2747,-0.184615,174,0,No fault,358.00
2026-08-12T10:48:28.099,1786524508.099102,7.063556,3,-2500,5.000000,208,-2500,0x04,left,431.144101,-2345,-0.208059,174,0,No fault,0x03,right,547.827421,-2568,-0.137729,171,0,No fault,223.00
2026-08-12T10:48:28.104,1786524508.104477,7.068938,3,-2500,5.000000,209,-2500,0x04,left,429.958161,-2345,-0.202198,175,0,No fault,0x03,right,547.212489,-2568,-0.161172,172,0,No fault,223.00
2026-08-12T10:48:28.109,1786524508.109824,7.074274,3,-2500,5.000000,210,-2500,0x04,left,429.321267,-2702,-0.167033,174,0,No fault,0x03,right,546.619519,-2568,-0.208059,173,0,No fault,-134.00
2026-08-12T10:48:28.115,1786524508.115087,7.079534,3,-2500,5.000000,211,-2500,0x04,left,428.750259,-2434,-0.202198,174,0,No fault,0x03,right,546.970909,-2389,-0.184615,175,0,No fault,-45.00
2026-08-12T10:48:28.130,1786524508.130704,7.095163,3,-2500,5.000000,212,-2500,0x04,left,426.971349,-2434,-0.184615,174,0,No fault,0x03,right,545.455541,-2211,-0.161172,172,0,No fault,-223.00
2026-08-12T10:48:28.136,1786524508.136006,7.100467,3,-2500,5.000000,213,-2500,0x04,left,426.356417,-2479,-0.208059,173,0,No fault,0x03,right,545.784969,-2613,-0.202198,172,0,No fault,134.00
2026-08-12T10:48:28.141,1786524508.141298,7.105756,3,-2500,5.000000,214,-2500,0x04,left,425.763447,-2479,-0.202198,175,0,No fault,0x03,right,544.840609,-2389,-0.131868,172,0,No fault,-90.00
2026-08-12T10:48:28.146,1786524508.146636,7.111093,3,-2500,5.000000,215,-2500,0x04,left,425.148515,-2747,-0.178755,177,0,No fault,0x03,right,543.039737,-2613,-0.225641,173,0,No fault,-134.00
2026-08-12T10:48:28.151,1786524508.151967,7.116434,3,-2500,5.000000,216,-2500,0x04,left,424.577507,-2613,-0.237363,174,0,No fault,0x03,right,542.776195,-2300,-0.196337,173,0,No fault,-313.00
2026-08-12T10:48:28.157,1786524508.157353,7.121813,3,-2500,5.000000,217,-2500,0x04,left,423.962575,-2613,-0.184615,174,0,No fault,0x03,right,542.402844,-2613,-0.155311,174,0,No fault,0.00
2026-08-12T10:48:28.163,1786524508.163021,7.127490,3,-2500,5.000000,218,-2500,0x04,left,423.369605,-2479,-0.249084,175,0,No fault,0x03,right,541.787912,-2479,-0.102564,174,0,No fault,0.00
2026-08-12T10:48:28.178,1786524508.178726,7.143191,3,-2500,5.000000,219,-2500,0x04,left,422.139741,-2479,-0.184615,174,0,No fault,0x03,right,539.987040,-2657,-0.184615,173,0,No fault,178.00
2026-08-12T10:48:28.184,1786524508.184081,7.148533,3,-2500,5.000000,220,-2500,0x04,left,421.590695,-2479,-0.219780,175,0,No fault,0x03,right,539.394070,-2434,-0.126007,172,0,No fault,-45.00
2026-08-12T10:48:28.189,1786524508.189488,7.153957,3,-2500,5.000000,221,-2500,0x04,left,419.789823,-2389,-0.208059,175,0,No fault,0x03,right,538.801100,-2389,-0.131868,173,0,No fault,0.00
2026-08-12T10:48:28.194,1786524508.194869,7.159323,3,-2500,5.000000,222,-2500,0x04,left,419.482357,-2568,-0.161172,173,0,No fault,0x03,right,537.571236,-2434,-0.190476,173,0,No fault,-134.00
2026-08-12T10:48:28.200,1786524508.200143,7.164590,3,-2500,5.000000,223,-2500,0x04,left,419.174891,-2434,-0.184615,174,0,No fault,0x03,right,537.812817,-2389,-0.196337,177,0,No fault,-45.00
2026-08-12T10:48:28.205,1786524508.205383,7.169829,3,-2500,5.000000,224,-2500,0x04,left,418.581921,-2255,-0.167033,174,0,No fault,0x03,right,536.385296,-2523,-0.108425,171,0,No fault,268.00
2026-08-12T10:48:28.210,1786524508.210685,7.175152,3,-2500,5.000000,225,-2500,0x04,left,417.945028,-2613,-0.184615,173,0,No fault,0x03,right,535.792326,-2345,-0.126007,171,0,No fault,-268.00
2026-08-12T10:48:28.215,1786524508.215997,7.180446,3,-2500,5.000000,226,-2500,0x04,left,417.374019,-2389,-0.190476,174,0,No fault,0x03,right,535.177394,-2702,-0.161172,174,0,No fault,313.00
2026-08-12T10:48:28.221,1786524508.221254,7.185704,3,-2500,5.000000,227,-2500,0x04,left,416.759088,-2434,-0.167033,174,0,No fault,0x03,right,534.584424,-2479,-0.167033,173,0,No fault,45.00
2026-08-12T10:48:28.226,1786524508.226539,7.190998,3,-2500,5.000000,228,-2500,0x04,left,416.166118,-2479,-0.208059,175,0,No fault,0x03,right,533.991454,-2389,-0.131868,173,0,No fault,-90.00
2026-08-12T10:48:28.231,1786524508.231861,7.196315,3,-2500,5.000000,229,-2500,0x04,left,415.573148,-2479,-0.190476,174,0,No fault,0x03,right,533.354561,-2836,-0.120147,174,0,No fault,357.00
2026-08-12T10:48:28.237,1786524508.237142,7.201606,3,-2500,5.000000,230,-2500,0x04,left,414.980178,-2345,-0.184615,175,0,No fault,0x03,right,532.761591,-2657,-0.149451,172,0,No fault,312.00
2026-08-12T10:48:28.242,1786524508.242478,7.206942,3,-2500,5.000000,231,-2500,0x04,left,414.387207,-2657,-0.208059,173,0,No fault,0x03,right,532.168621,-2657,-0.167033,172,0,No fault,0.00
2026-08-12T10:48:28.247,1786524508.247913,7.212382,3,-2500,5.000000,232,-2500,0x04,left,413.794237,-2523,-0.208059,174,0,No fault,0x03,right,531.597612,-2255,-0.172894,173,0,No fault,-268.00
2026-08-12T10:48:28.253,1786524508.253300,7.217770,3,-2500,5.000000,233,-2500,0x04,left,412.586336,-2479,-0.190476,175,0,No fault,0x03,right,531.004642,-2523,-0.149451,173,0,No fault,44.00
2026-08-12T10:48:28.258,1786524508.258716,7.223181,3,-2500,5.000000,234,-2500,0x04,left,411.993366,-2389,-0.213919,174,0,No fault,0x03,right,530.389711,-2434,-0.143590,173,0,No fault,45.00
2026-08-12T10:48:28.264,1786524508.264071,7.228542,3,-2500,5.000000,235,-2500,0x04,left,411.400396,-2434,-0.202198,173,0,No fault,0x03,right,529.796741,-2434,-0.178755,173,0,No fault,0.00
2026-08-12T10:48:28.269,1786524508.269435,7.233967,3,-2500,5.000000,236,-2500,0x04,left,410.785464,-2568,-0.190476,175,0,No fault,0x03,right,529.203771,-2523,-0.190476,173,0,No fault,-45.00
2026-08-12T10:48:28.274,1786524508.274776,7.239228,3,-2500,5.000000,237,-2500,0x04,left,410.214456,-2568,-0.243223,177,0,No fault,0x03,right,528.610801,-2389,-0.208059,174,0,No fault,-179.00
2026-08-12T10:48:28.280,1786524508.280062,7.244524,3,-2500,5.000000,238,-2500,0x04,left,409.621486,-2479,-0.196337,173,0,No fault,0x03,right,527.995869,-2613,-0.184615,172,0,No fault,134.00
2026-08-12T10:48:28.285,1786524508.285418,7.249926,3,-2500,5.000000,239,-2500,0x04,left,409.028516,-2479,-0.178755,175,0,No fault,0x03,right,527.402899,-2568,-0.161172,173,0,No fault,89.00
2026-08-12T10:48:28.290,1786524508.290933,7.255394,3,-2500,5.000000,240,-2500,0x04,left,408.435546,-2568,-0.208059,175,0,No fault,0x03,right,526.809929,-2479,-0.161172,172,0,No fault,-89.00
2026-08-12T10:48:28.296,1786524508.296454,7.260918,3,-2500,5.000000,241,-2500,0x04,left,407.842576,-2211,-0.225641,175,0,No fault,0x03,right,526.216959,-2568,-0.219780,173,0,No fault,357.00
2026-08-12T10:48:28.301,1786524508.301982,7.266459,3,-2500,5.000000,242,-2500,0x04,left,407.227644,-2747,-0.213919,174,0,No fault,0x03,right,525.031019,-2479,-0.120147,175,0,No fault,-268.00
2026-08-12T10:48:28.307,1786524508.307443,7.271908,3,-2500,5.000000,243,-2500,0x04,left,406.634674,-2434,-0.202198,175,0,No fault,0x03,right,524.438049,-2479,-0.167033,173,0,No fault,45.00
2026-08-12T10:48:28.312,1786524508.312829,7.277283,3,-2500,5.000000,244,-2500,0x04,left,406.041704,-2613,-0.208059,174,0,No fault,0x03,right,523.845079,-2479,-0.219780,173,0,No fault,-134.00
2026-08-12T10:48:28.318,1786524508.318146,7.282610,3,-2500,5.000000,245,-2500,0x04,left,405.448734,-2523,-0.178755,174,0,No fault,0x03,right,523.252109,-2389,-0.184615,173,0,No fault,-134.00
2026-08-12T10:48:28.334,1786524508.334131,7.298590,3,-2500,5.000000,246,-2500,0x04,left,403.647862,-2479,-0.143590,174,0,No fault,0x03,right,522.659139,-2211,-0.196337,173,0,No fault,-268.00
2026-08-12T10:48:28.339,1786524508.339469,7.303931,3,-2500,5.000000,247,-2500,0x04,left,403.076854,-2568,-0.225641,174,0,No fault,0x03,right,521.956359,-2568,-0.213919,174,0,No fault,0.00
2026-08-12T10:48:28.344,1786524508.344975,7.309442,3,-2500,5.000000,248,-2500,0x04,left,402.461922,-2657,-0.167033,175,0,No fault,0x03,right,520.858267,-2345,-0.196337,177,0,No fault,-312.00
2026-08-12T10:48:28.350,1786524508.350341,7.314804,3,-2500,5.000000,249,-2500,0x04,left,401.275982,-2568,-0.190476,175,0,No fault,0x03,right,519.145242,-2657,-0.126007,175,0,No fault,89.00
2026-08-12T10:48:28.355,1786524508.355687,7.320145,3,-2500,5.000000,250,-2500,0x04,left,400.661050,-2434,-0.126007,174,0,No fault,0x03,right,518.859738,-2389,-0.126007,173,0,No fault,-45.00
2026-08-12T10:48:28.361,1786524508.361023,7.325482,3,-2500,5.000000,251,-2500,0x04,left,400.068080,-2345,-0.208059,174,0,No fault,0x03,right,518.508349,-2702,-0.131868,174,0,No fault,357.00
2026-08-12T10:48:28.366,1786524508.366358,7.330824,3,-2500,5.000000,252,-2500,0x04,left,399.475110,-2523,-0.161172,175,0,No fault,0x03,right,517.915379,-2613,-0.155311,171,0,No fault,90.00
2026-08-12T10:48:28.381,1786524508.381976,7.346459,3,-2500,5.000000,253,-2500,0x04,left,398.882140,-2479,-0.172894,175,0,No fault,0x03,right,516.136469,-2479,-0.143590,173,0,No fault,0.00
2026-08-12T10:48:28.387,1786524508.387400,7.351859,3,-2500,5.000000,254,-2500,0x04,left,397.674238,-2523,-0.161172,177,0,No fault,0x03,right,515.521537,-2479,-0.137729,172,0,No fault,-44.00
2026-08-12T10:48:28.392,1786524508.392718,7.357174,3,-2500,5.000000,255,-2500,0x04,left,395.961214,-2389,-0.161172,174,0,No fault,0x03,right,514.928567,-2300,-0.108425,174,0,No fault,-89.00
2026-08-12T10:48:28.398,1786524508.398020,7.362476,3,-2500,5.000000,256,-2500,0x04,left,395.653748,-2434,-0.172894,176,0,No fault,0x03,right,514.335597,-2434,-0.190476,172,0,No fault,0.00
2026-08-12T10:48:28.403,1786524508.403315,7.367775,3,-2500,5.000000,257,-2500,0x04,left,395.280396,-2657,-0.126007,175,0,No fault,0x03,right,513.720665,-2702,-0.084982,173,0,No fault,45.00
2026-08-12T10:48:28.408,1786524508.408645,7.373099,3,-2500,5.000000,258,-2500,0x04,left,394.709388,-2389,-0.202198,174,0,No fault,0x03,right,514.247749,-2434,-0.167033,175,0,No fault,45.00
2026-08-12T10:48:28.413,1786524508.413937,7.378388,3,-2500,5.000000,259,-2500,0x04,left,394.094456,-2434,-0.155311,174,0,No fault,0x03,right,513.127695,-2479,-0.090842,173,0,No fault,45.00
2026-08-12T10:48:28.419,1786524508.419222,7.383675,3,-2500,5.000000,260,-2500,0x04,left,393.501486,-2300,-0.202198,176,0,No fault,0x03,right,512.512763,-2479,-0.167033,172,0,No fault,179.00
2026-08-12T10:48:28.424,1786524508.424653,7.389115,3,-2500,5.000000,261,-2500,0x04,left,392.908516,-2434,-0.167033,171,0,No fault,0x03,right,511.919793,-2389,-0.167033,173,0,No fault,-45.00
2026-08-12T10:48:28.430,1786524508.430006,7.394465,3,-2500,5.000000,262,-2500,0x04,left,392.293584,-2345,-0.102564,174,0,No fault,0x03,right,511.326823,-2300,-0.172894,174,0,No fault,-45.00
2026-08-12T10:48:28.435,1786524508.435332,7.399788,3,-2500,5.000000,263,-2500,0x04,left,391.722576,-2345,-0.213919,176,0,No fault,0x03,right,510.733853,-2434,-0.096703,173,0,No fault,89.00
2026-08-12T10:48:28.440,1786524508.440656,7.405120,3,-2500,5.000000,264,-2500,0x04,left,391.107644,-2479,-0.190476,176,0,No fault,0x03,right,510.096959,-2479,-0.126007,173,0,No fault,0.00
2026-08-12T10:48:28.446,1786524508.446002,7.410460,3,-2500,5.000000,265,-2500,0x04,left,390.514674,-2657,-0.184615,174,0,No fault,0x03,right,509.503989,-2523,-0.202198,173,0,No fault,-134.00
2026-08-12T10:48:28.451,1786524508.451388,7.415844,3,-2500,5.000000,266,-2500,0x04,left,389.943666,-2300,-0.190476,175,0,No fault,0x03,right,508.911019,-2523,-0.190476,171,0,No fault,223.00
2026-08-12T10:48:28.456,1786524508.456810,7.421261,3,-2500,5.000000,267,-2500,0x04,left,389.350696,-2434,-0.172894,173,0,No fault,0x03,right,507.703117,-2479,-0.120147,172,0,No fault,45.00
2026-08-12T10:48:28.462,1786524508.462265,7.426726,3,-2500,5.000000,268,-2500,0x04,left,388.735764,-2345,-0.219780,174,0,No fault,0x03,right,507.132109,-2389,-0.202198,170,0,No fault,44.00
2026-08-12T10:48:28.467,1786524508.467987,7.432445,3,-2500,5.000000,269,-2500,0x04,left,387.549824,-2345,-0.196337,177,0,No fault,0x03,right,506.517177,-2434,-0.172894,174,0,No fault,89.00
2026-08-12T10:48:28.473,1786524508.473324,7.437780,3,-2500,5.000000,270,-2500,0x04,left,386.934892,-2523,-0.155311,174,0,No fault,0x03,right,505.924207,-2523,-0.172894,171,0,No fault,0.00
2026-08-12T10:48:28.478,1786524508.478688,7.443143,3,-2500,5.000000,271,-2500,0x04,left,386.363884,-2389,-0.225641,174,0,No fault,0x03,right,505.309275,-2747,-0.120147,173,0,No fault,358.00
2026-08-12T10:48:28.484,1786524508.484011,7.448465,3,-2500,5.000000,272,-2500,0x04,left,385.770914,-2523,-0.202198,175,0,No fault,0x03,right,504.716305,-2568,-0.131868,173,0,No fault,45.00
2026-08-12T10:48:28.489,1786524508.489330,7.453784,3,-2500,5.000000,273,-2500,0x04,left,385.177944,-2479,-0.196337,174,0,No fault,0x03,right,504.123335,-2389,-0.190476,173,0,No fault,-90.00
2026-08-12T10:48:28.494,1786524508.494710,7.459188,3,-2500,5.000000,274,-2500,0x04,left,384.584974,-2389,-0.231502,176,0,No fault,0x03,right,503.508404,-2613,-0.184615,173,0,No fault,224.00
2026-08-12T10:48:28.500,1786524508.500133,7.464596,3,-2500,5.000000,275,-2500,0x04,left,383.992004,-2479,-0.172894,178,0,No fault,0x03,right,502.937395,-2523,-0.219780,172,0,No fault,44.00
2026-08-12T10:48:28.505,1786524508.505524,7.469985,3,-2500,5.000000,276,-2500,0x04,left,383.399034,-2568,-0.225641,176,0,No fault,0x03,right,502.322464,-2479,-0.108425,174,0,No fault,-89.00
2026-08-12T10:48:28.510,1786524508.510867,7.475330,3,-2500,5.000000,277,-2500,0x04,left,382.806064,-2345,-0.196337,174,0,No fault,0x03,right,501.729494,-2479,-0.120147,173,0,No fault,134.00
2026-08-12T10:48:28.516,1786524508.516211,7.480668,3,-2500,5.000000,278,-2500,0x04,left,382.213094,-2434,-0.190476,175,0,No fault,0x03,right,501.136524,-2389,-0.161172,177,0,No fault,-45.00
2026-08-12T10:48:28.521,1786524508.521538,7.485995,3,-2500,5.000000,279,-2500,0x04,left,381.620124,-2434,-0.266667,177,0,No fault,0x03,right,500.521592,-2345,-0.178755,172,0,No fault,-89.00
2026-08-12T10:48:28.537,1786524508.537156,7.501622,3,-2500,5.000000,280,-2500,0x04,left,379.819252,-2702,-0.213919,176,0,No fault,0x03,right,499.928622,-2479,-0.149451,173,0,No fault,-223.00
2026-08-12T10:48:28.542,1786524508.542535,7.506998,3,-2500,5.000000,281,-2500,0x04,left,379.204320,-2523,-0.178755,174,0,No fault,0x03,right,498.698758,-2613,-0.114286,173,0,No fault,90.00
2026-08-12T10:48:28.547,1786524508.547920,7.512396,3,-2500,5.000000,282,-2500,0x04,left,378.611350,-2523,-0.237363,174,0,No fault,0x03,right,498.105788,-2389,-0.172894,174,0,No fault,-134.00
2026-08-12T10:48:28.553,1786524508.553505,7.517974,3,-2500,5.000000,283,-2500,0x04,left,378.018380,-2479,-0.155311,177,0,No fault,0x03,right,497.490856,-2747,-0.178755,173,0,No fault,268.00
2026-08-12T10:48:28.558,1786524508.558865,7.523316,3,-2500,5.000000,284,-2500,0x04,left,377.425410,-2613,-0.161172,175,0,No fault,0x03,right,496.919848,-2255,-0.120147,169,0,No fault,-358.00
2026-08-12T10:48:28.564,1786524508.564142,7.528594,3,-2500,5.000000,285,-2500,0x04,left,376.832440,-2523,-0.190476,175,0,No fault,0x03,right,495.031129,-2479,-0.155311,172,0,No fault,-44.00
2026-08-12T10:48:28.569,1786524508.569525,7.534002,3,-2500,5.000000,286,-2500,0x04,left,376.239470,-2434,-0.213919,175,0,No fault,0x03,right,494.745625,-2255,-0.161172,174,0,No fault,-179.00
2026-08-12T10:48:28.575,1786524508.575188,7.539648,3,-2500,5.000000,287,-2500,0x04,left,375.624538,-2434,-0.155311,174,0,No fault,0x03,right,494.394235,-2434,-0.167033,173,0,No fault,0.00
2026-08-12T10:48:28.585,1786524508.585743,7.550200,3,-2500,5.000000,288,-2500,0x04,left,375.053530,-2345,-0.172894,173,0,No fault,0x03,right,492.571401,-2479,-0.167033,173,0,No fault,134.00
2026-08-12T10:48:28.591,1786524508.591026,7.555476,3,-2500,5.000000,289,-2500,0x04,left,373.801705,-2479,-0.167033,174,0,No fault,0x03,right,491.956469,-2479,-0.172894,173,0,No fault,0.00
2026-08-12T10:48:28.596,1786524508.596427,7.560883,3,-2500,5.000000,290,-2500,0x04,left,372.022795,-2657,-0.196337,173,0,No fault,0x03,right,491.363499,-2479,-0.178755,172,0,No fault,-178.00
2026-08-12T10:48:28.601,1786524508.601768,7.566223,3,-2500,5.000000,291,-2500,0x04,left,371.715329,-2568,-0.202198,174,0,No fault,0x03,right,490.067750,-2523,-0.137729,173,0,No fault,-45.00
2026-08-12T10:48:28.612,1786524508.612256,7.576727,3,-2500,5.000000,292,-2500,0x04,left,370.770969,-2389,-0.184615,177,0,No fault,0x03,right,488.903772,-2345,-0.243223,170,0,No fault,-44.00
2026-08-12T10:48:28.617,1786524508.617659,7.582119,3,-2500,5.000000,293,-2500,0x04,left,370.177999,-2523,-0.202198,175,0,No fault,0x03,right,488.288840,-2613,-0.155311,174,0,No fault,90.00
2026-08-12T10:48:28.622,1786524508.622998,7.587462,3,-2500,5.000000,294,-2500,0x04,left,369.585029,-2300,-0.161172,174,0,No fault,0x03,right,487.695870,-2479,-0.137729,172,0,No fault,179.00
2026-08-12T10:48:28.628,1786524508.628343,7.592805,3,-2500,5.000000,295,-2500,0x04,left,368.992059,-2434,-0.208059,174,0,No fault,0x03,right,488.508459,-2345,-0.196337,175,0,No fault,-89.00
2026-08-12T10:48:28.633,1786524508.633655,7.598105,3,-2500,5.000000,296,-2500,0x04,left,368.399089,-2300,-0.178755,175,0,No fault,0x03,right,487.102900,-2568,-0.167033,170,0,No fault,268.00
2026-08-12T10:48:28.638,1786524508.638910,7.603359,3,-2500,5.000000,297,-2500,0x04,left,367.784157,-2747,-0.243223,174,0,No fault,0x03,right,486.509930,-2345,-0.219780,173,0,No fault,-402.00
2026-08-12T10:48:28.644,1786524508.644242,7.608718,3,-2500,5.000000,298,-2500,0x04,left,367.169225,-2568,-0.208059,176,0,No fault,0x03,right,485.916960,-2568,-0.260806,171,0,No fault,0.00
2026-08-12T10:48:28.649,1786524508.649746,7.614222,3,-2500,5.000000,299,-2500,0x04,left,366.598217,-2434,-0.167033,175,0,No fault,0x03,right,485.302028,-2613,-0.149451,173,0,No fault,179.00
2026-08-12T10:48:28.655,1786524508.655177,7.619648,3,-2500,5.000000,300,-2500,0x04,left,366.005247,-2345,-0.196337,174,0,No fault,0x03,right,484.709058,-2479,-0.131868,173,0,No fault,134.00
2026-08-12T10:48:28.660,1786524508.660587,7.625057,3,-2500,5.000000,301,-2500,0x04,left,365.412277,-2568,-0.178755,175,0,No fault,0x03,right,484.116088,-2255,-0.172894,172,0,No fault,-313.00
2026-08-12T10:48:28.666,1786524508.666055,7.630526,3,-2500,5.000000,302,-2500,0x04,left,364.797345,-2613,-0.254945,175,0,No fault,0x03,right,483.501156,-2434,-0.190476,173,0,No fault,-179.00
2026-08-12T10:48:28.671,1786524508.671453,7.635920,3,-2500,5.000000,303,-2500,0x04,left,364.204375,-2479,-0.131868,173,0,No fault,0x03,right,482.908186,-2389,-0.219780,173,0,No fault,-90.00
2026-08-12T10:48:28.676,1786524508.676948,7.641411,3,-2500,5.000000,304,-2500,0x04,left,363.633367,-2166,-0.178755,174,0,No fault,0x03,right,482.315216,-2568,-0.108425,173,0,No fault,402.00
2026-08-12T10:48:28.682,1786524508.682305,7.646774,3,-2500,5.000000,305,-2500,0x04,left,363.018435,-2345,-0.213919,176,0,No fault,0x03,right,481.700284,-2568,-0.120147,174,0,No fault,223.00
2026-08-12T10:48:28.687,1786524508.687684,7.652147,3,-2500,5.000000,306,-2500,0x04,left,362.403503,-2702,-0.178755,174,0,No fault,0x03,right,481.107314,-2345,-0.249084,173,0,No fault,-357.00
2026-08-12T10:48:28.693,1786524508.693217,7.657685,3,-2500,5.000000,307,-2500,0x04,left,361.832495,-2479,-0.231502,176,0,No fault,0x03,right,480.492383,-2613,-0.167033,173,0,No fault,134.00
2026-08-12T10:48:28.699,1786524508.699152,7.663634,3,-2500,5.000000,308,-2500,0x04,left,361.217563,-2523,-0.184615,177,0,No fault,0x03,right,479.921374,-2523,-0.167033,172,0,No fault,0.00
2026-08-12T10:48:28.705,1786524508.705112,7.669591,3,-2500,5.000000,309,-2500,0x04,left,360.031623,-2568,-0.202198,175,0,No fault,0x03,right,478.713472,-2479,-0.120147,173,0,No fault,-89.00
2026-08-12T10:48:28.710,1786524508.710495,7.674953,3,-2500,5.000000,310,-2500,0x04,left,359.438653,-2479,-0.213919,175,0,No fault,0x03,right,478.098541,-2657,-0.202198,171,0,No fault,178.00
2026-08-12T10:48:28.715,1786524508.715821,7.680277,3,-2500,5.000000,311,-2500,0x04,left,358.801760,-2568,-0.213919,175,0,No fault,0x03,right,477.417723,-2479,-0.202198,174,0,No fault,-89.00
2026-08-12T10:48:28.721,1786524508.721111,7.685561,3,-2500,5.000000,312,-2500,0x04,left,358.208790,-2613,-0.172894,174,0,No fault,0x03,right,476.802791,-2747,-0.108425,173,0,No fault,134.00
2026-08-12T10:48:28.736,1786524508.736969,7.701462,3,-2500,5.000000,313,-2500,0x04,left,356.429880,-2613,-0.208059,175,0,No fault,0x03,right,476.209821,-2479,-0.120147,173,0,No fault,-134.00
2026-08-12T10:48:28.742,1786524508.742502,7.706983,3,-2500,5.000000,314,-2500,0x04,left,355.814948,-2613,-0.172894,174,0,No fault,0x03,right,475.023881,-2389,-0.143590,173,0,No fault,-224.00
2026-08-12T10:48:28.747,1786524508.747974,7.712453,3,-2500,5.000000,315,-2500,0x04,left,355.221978,-2568,-0.172894,174,0,No fault,0x03,right,474.408949,-2345,-0.172894,172,0,No fault,-223.00
2026-08-12T10:48:28.753,1786524508.753432,7.717929,3,-2500,5.000000,316,-2500,0x04,left,354.607046,-2389,-0.202198,175,0,No fault,0x03,right,473.815979,-2255,-0.096703,173,0,No fault,-134.00
2026-08-12T10:48:28.758,1786524508.758865,7.723328,3,-2500,5.000000,317,-2500,0x04,left,354.036038,-2568,-0.172894,175,0,No fault,0x03,right,473.223009,-2434,-0.114286,171,0,No fault,-134.00
2026-08-12T10:48:28.764,1786524508.764236,7.728692,3,-2500,5.000000,318,-2500,0x04,left,353.443068,-2345,-0.266667,174,0,No fault,0x03,right,471.422138,-2523,-0.219780,173,0,No fault,178.00
2026-08-12T10:48:28.770,1786524508.770673,7.735128,3,-2500,5.000000,319,-2500,0x04,left,352.257128,-2345,-0.143590,174,0,No fault,0x03,right,471.114672,-2568,-0.131868,174,0,No fault,223.00
2026-08-12T10:48:28.786,1786524508.786459,7.750950,3,-2500,5.000000,320,-2500,0x04,left,351.049226,-2479,-0.213919,174,0,No fault,0x03,right,469.555380,-2568,-0.208059,173,0,No fault,89.00
2026-08-12T10:48:28.792,1786524508.792018,7.756480,3,-2500,5.000000,321,-2500,0x04,left,350.456256,-2479,-0.213919,174,0,No fault,0x03,right,468.918486,-2523,-0.219780,173,0,No fault,44.00
2026-08-12T10:48:28.798,1786524508.798399,7.762863,3,-2500,5.000000,322,-2500,0x04,left,349.160507,-2479,-0.172894,174,0,No fault,0x03,right,468.325516,-2479,-0.167033,175,0,No fault,0.00
2026-08-12T10:48:28.804,1786524508.804025,7.768487,3,-2500,5.000000,323,-2500,0x04,left,348.479689,-2345,-0.202198,176,0,No fault,0x03,right,467.095653,-2747,-0.172894,172,0,No fault,402.00
2026-08-12T10:48:28.809,1786524508.809389,7.773851,3,-2500,5.000000,324,-2500,0x04,left,347.864757,-2613,-0.254945,175,0,No fault,0x03,right,466.524645,-2434,-0.196337,173,0,No fault,-179.00
2026-08-12T10:48:28.814,1786524508.814910,7.779376,3,-2500,5.000000,325,-2500,0x04,left,347.249825,-2568,-0.196337,174,0,No fault,0x03,right,465.931675,-2389,-0.231502,172,0,No fault,-179.00
2026-08-12T10:48:28.820,1786524508.820309,7.784773,3,-2500,5.000000,326,-2500,0x04,left,346.678817,-2523,-0.184615,174,0,No fault,0x03,right,465.338705,-2479,-0.131868,173,0,No fault,-44.00
2026-08-12T10:48:28.825,1786524508.825705,7.790168,3,-2500,5.000000,327,-2500,0x04,left,346.085847,-2568,-0.213919,177,0,No fault,0x03,right,464.723773,-2613,-0.137729,172,0,No fault,45.00
2026-08-12T10:48:28.831,1786524508.831051,7.795503,3,-2500,5.000000,328,-2500,0x04,left,345.470915,-2613,-0.184615,174,0,No fault,0x03,right,464.130803,-2702,-0.196337,174,0,No fault,89.00
2026-08-12T10:48:28.836,1786524508.836359,7.800825,3,-2500,5.000000,329,-2500,0x04,left,344.877945,-2434,-0.231502,174,0,No fault,0x03,right,463.515871,-2479,-0.161172,173,0,No fault,45.00
2026-08-12T10:48:28.841,1786524508.841763,7.806223,3,-2500,5.000000,330,-2500,0x04,left,344.284975,-2523,-0.172894,174,0,No fault,0x03,right,462.922901,-2747,-0.243223,172,0,No fault,224.00
2026-08-12T10:48:28.847,1786524508.847092,7.811543,3,-2500,5.000000,331,-2500,0x04,left,343.692005,-2479,-0.149451,175,0,No fault,0x03,right,462.329931,-2523,-0.114286,174,0,No fault,44.00
2026-08-12T10:48:28.852,1786524508.852400,7.816859,3,-2500,5.000000,332,-2500,0x04,left,343.099035,-2300,-0.225641,175,0,No fault,0x03,right,461.736961,-2702,-0.149451,173,0,No fault,402.00
2026-08-12T10:48:28.857,1786524508.857762,7.822222,3,-2500,5.000000,333,-2500,0x04,left,342.506065,-2300,-0.178755,174,0,No fault,0x03,right,461.143991,-2523,-0.196337,172,0,No fault,223.00
2026-08-12T10:48:28.863,1786524508.863111,7.827570,3,-2500,5.000000,334,-2500,0x04,left,341.891134,-2613,-0.202198,176,0,No fault,0x03,right,460.529059,-2345,-0.202198,173,0,No fault,-268.00
2026-08-12T10:48:28.868,1786524508.868494,7.832958,3,-2500,5.000000,335,-2500,0x04,left,341.298164,-2568,-0.161172,175,0,No fault,0x03,right,459.958051,-2389,-0.149451,175,0,No fault,-179.00
2026-08-12T10:48:28.873,1786524508.873871,7.838322,3,-2500,5.000000,336,-2500,0x04,left,340.683232,-2568,-0.096703,174,0,No fault,0x03,right,459.343119,-2747,-0.120147,173,0,No fault,179.00
2026-08-12T10:48:28.879,1786524508.879175,7.843635,3,-2500,5.000000,337,-2500,0x04,left,340.090262,-2345,-0.202198,174,0,No fault,0x03,right,458.706225,-2925,-0.114286,174,0,No fault,580.00
2026-08-12T10:48:28.884,1786524508.884691,7.849148,3,-2500,5.000000,338,-2500,0x04,left,339.497292,-2613,-0.196337,175,0,No fault,0x03,right,458.135217,-2479,-0.172894,173,0,No fault,-134.00
2026-08-12T10:48:28.890,1786524508.890260,7.854731,3,-2500,5.000000,339,-2500,0x04,left,338.289390,-2523,-0.155311,172,0,No fault,0x03,right,457.542247,-2434,-0.184615,172,0,No fault,-89.00
2026-08-12T10:48:28.895,1786524508.895838,7.860303,3,-2500,5.000000,340,-2500,0x04,left,337.696420,-2255,-0.167033,175,0,No fault,0x03,right,456.927315,-2613,-0.131868,173,0,No fault,358.00
2026-08-12T10:48:28.901,1786524508.901305,7.865768,3,-2500,5.000000,341,-2500,0x04,left,337.081488,-2523,-0.126007,174,0,No fault,0x03,right,455.719413,-2568,-0.155311,174,0,No fault,45.00
2026-08-12T10:48:28.906,1786524508.906717,7.871184,3,-2500,5.000000,342,-2500,0x04,left,336.488518,-2300,-0.208059,174,0,No fault,0x03,right,455.126443,-2255,-0.149451,173,0,No fault,-45.00
2026-08-12T10:48:28.912,1786524508.912081,7.876543,3,-2500,5.000000,343,-2500,0x04,left,335.895548,-2434,-0.190476,176,0,No fault,0x03,right,454.555435,-2255,-0.167033,172,0,No fault,-179.00
2026-08-12T10:48:28.917,1786524508.917431,7.881931,3,-2500,5.000000,344,-2500,0x04,left,335.280616,-2568,-0.131868,172,0,No fault,0x03,right,453.940503,-2345,-0.131868,172,0,No fault,-223.00
2026-08-12T10:48:28.922,1786524508.922804,7.887261,3,-2500,5.000000,345,-2500,0x04,left,334.687646,-2568,-0.184615,175,0,No fault,0x03,right,453.303610,-2791,-0.073260,173,0,No fault,223.00
2026-08-12T10:48:28.938,1786524508.938420,7.902887,3,-2500,5.000000,346,-2500,0x04,left,332.886774,-2613,-0.172894,174,0,No fault,0x03,right,452.710640,-2613,-0.149451,172,0,No fault,0.00
2026-08-12T10:48:28.943,1786524508.943852,7.908323,3,-2500,5.000000,347,-2500,0x04,left,332.271842,-2791,-0.120147,174,0,No fault,0x03,right,451.524700,-2568,-0.167033,173,0,No fault,-223.00
2026-08-12T10:48:28.949,1786524508.949249,7.913711,3,-2500,5.000000,348,-2500,0x04,left,331.678872,-2434,-0.208059,174,0,No fault,0x03,right,450.931729,-2523,-0.137729,173,0,No fault,89.00
2026-08-12T10:48:28.954,1786524508.954700,7.919161,3,-2500,5.000000,349,-2500,0x04,left,331.085902,-2523,-0.190476,175,0,No fault,0x03,right,450.294836,-2568,-0.090842,172,0,No fault,45.00
2026-08-12T10:48:28.960,1786524508.960045,7.924508,3,-2500,5.000000,350,-2500,0x04,left,330.492932,-2434,-0.190476,175,0,No fault,0x03,right,449.723828,-2523,-0.184615,173,0,No fault,89.00
2026-08-12T10:48:28.965,1786524508.965436,7.929923,3,-2500,5.000000,351,-2500,0x04,left,329.899962,-2389,-0.178755,171,0,No fault,0x03,right,447.988841,-2479,-0.126007,173,0,No fault,90.00
2026-08-12T10:48:28.970,1786524508.970815,7.935272,3,-2500,5.000000,352,-2500,0x04,left,329.306992,-2389,-0.137729,173,0,No fault,0x03,right,447.681375,-2479,-0.120147,172,0,No fault,90.00
2026-08-12T10:48:28.976,1786524508.976204,7.940666,3,-2500,5.000000,353,-2500,0x04,left,328.714022,-2345,-0.208059,175,0,No fault,0x03,right,447.329986,-2479,-0.155311,173,0,No fault,134.00
2026-08-12T10:48:28.986,1786524508.986697,7.951169,3,-2500,5.000000,354,-2500,0x04,left,328.099090,-2479,-0.213919,174,0,No fault,0x03,right,446.122084,-2479,-0.225641,173,0,No fault,0.00
2026-08-12T10:48:28.992,1786524508.992138,7.956608,3,-2500,5.000000,355,-2500,0x04,left,326.913150,-2657,-0.126007,174,0,No fault,0x03,right,445.551076,-2345,-0.167033,173,0,No fault,-312.00
2026-08-12T10:48:28.997,1786524508.997567,7.962041,3,-2500,5.000000,356,-2500,0x04,left,325.244050,-2211,-0.208059,175,0,No fault,0x03,right,444.936144,-2479,-0.067399,173,0,No fault,268.00
2026-08-12T10:48:29.002,1786524509.002986,7.967448,3,-2500,5.000000,357,-2500,0x04,left,324.936584,-2389,-0.243223,174,0,No fault,0x03,right,444.321212,-2657,-0.196337,174,0,No fault,268.00
2026-08-12T10:48:29.008,1786524509.008358,7.972814,3,-2500,5.000000,358,-2500,0x04,left,324.585194,-2389,-0.237363,175,0,No fault,0x03,right,443.728242,-2389,-0.190476,172,0,No fault,0.00
2026-08-12T10:48:29.013,1786524509.013720,7.978185,3,-2500,5.000000,359,-2500,0x04,left,323.992224,-2523,-0.126007,175,0,No fault,0x03,right,443.135272,-2255,-0.196337,173,0,No fault,-268.00
2026-08-12T10:48:29.019,1786524509.019101,7.983561,3,-2500,5.000000,360,-2500,0x04,left,323.399254,-2479,-0.196337,175,0,No fault,0x03,right,442.542302,-2613,-0.131868,172,0,No fault,134.00
2026-08-12T10:48:29.024,1786524509.024474,7.988929,3,-2500,5.000000,361,-2500,0x04,left,322.806284,-2568,-0.219780,174,0,No fault,0x03,right,441.949332,-2479,-0.073260,170,0,No fault,-89.00
2026-08-12T10:48:29.030,1786524509.030291,7.994758,3,-2500,5.000000,362,-2500,0x04,left,322.169390,-2702,-0.178755,175,0,No fault,0x03,right,441.312438,-2523,-0.172894,173,0,No fault,-179.00
2026-08-12T10:48:29.035,1786524509.035800,8.000259,3,-2500,5.000000,363,-2500,0x04,left,321.598382,-2657,-0.266667,175,0,No fault,0x03,right,440.126498,-2479,-0.184615,172,0,No fault,-178.00
2026-08-12T10:48:29.041,1786524509.041159,8.005620,3,-2500,5.000000,364,-2500,0x04,left,321.027374,-2255,-0.143590,174,0,No fault,0x03,right,439.555490,-2345,-0.120147,173,0,No fault,90.00
2026-08-12T10:48:29.046,1786524509.046680,8.011137,3,-2500,5.000000,365,-2500,0x04,left,320.412442,-2300,-0.155311,175,0,No fault,0x03,right,438.918596,-2523,-0.120147,174,0,No fault,223.00
2026-08-12T10:48:29.052,1786524509.052037,8.016493,3,-2500,5.000000,366,-2500,0x04,left,319.797510,-2568,-0.184615,176,0,No fault,0x03,right,438.303665,-2479,-0.131868,173,0,No fault,-89.00
2026-08-12T10:48:29.057,1786524509.057410,8.021903,3,-2500,5.000000,367,-2500,0x04,left,319.204540,-2568,-0.219780,176,0,No fault,0x03,right,437.688733,-2345,-0.172894,173,0,No fault,-223.00
2026-08-12T10:48:29.062,1786524509.062908,8.027361,3,-2500,5.000000,368,-2500,0x04,left,318.633532,-2479,-0.219780,174,0,No fault,0x03,right,437.073801,-2613,-0.155311,173,0,No fault,134.00
2026-08-12T10:48:29.068,1786524509.068250,8.032706,3,-2500,5.000000,369,-2500,0x04,left,318.018600,-2345,-0.149451,175,0,No fault,0x03,right,436.502793,-2389,-0.079121,173,0,No fault,44.00
2026-08-12T10:48:29.073,1786524509.073611,8.038069,3,-2500,5.000000,370,-2500,0x04,left,317.403668,-2568,-0.178755,172,0,No fault,0x03,right,435.887861,-2479,-0.108425,176,0,No fault,-89.00
2026-08-12T10:48:29.079,1786524509.079121,8.043576,3,-2500,5.000000,371,-2500,0x04,left,316.832660,-2389,-0.190476,174,0,No fault,0x03,right,435.272929,-2479,-0.137729,171,0,No fault,90.00
2026-08-12T10:48:29.084,1786524509.084658,8.049113,3,-2500,5.000000,372,-2500,0x04,left,315.602796,-2434,-0.178755,174,0,No fault,0x03,right,434.679959,-2479,-0.155311,171,0,No fault,45.00
2026-08-12T10:48:29.090,1786524509.090001,8.054462,3,-2500,5.000000,373,-2500,0x04,left,314.987865,-2613,-0.184615,177,0,No fault,0x03,right,434.086989,-2389,-0.120147,174,0,No fault,-224.00
2026-08-12T10:48:29.095,1786524509.095353,8.059810,3,-2500,5.000000,374,-2500,0x04,left,314.394895,-2523,-0.190476,175,0,No fault,0x03,right,433.472057,-2613,-0.061538,173,0,No fault,90.00
2026-08-12T10:48:29.100,1786524509.100664,8.065110,3,-2500,5.000000,375,-2500,0x04,left,313.801925,-2479,-0.202198,176,0,No fault,0x03,right,432.857125,-2747,-0.102564,174,0,No fault,268.00
2026-08-12T10:48:29.106,1786524509.106028,8.070508,3,-2500,5.000000,376,-2500,0x04,left,313.208955,-2300,-0.231502,175,0,No fault,0x03,right,432.264155,-2568,-0.161172,173,0,No fault,268.00
2026-08-12T10:48:29.111,1786524509.111662,8.076152,3,-2500,5.000000,377,-2500,0x04,left,312.615985,-2389,-0.149451,174,0,No fault,0x03,right,431.671185,-2345,-0.161172,172,0,No fault,-44.00
2026-08-12T10:48:29.117,1786524509.117141,8.081614,3,-2500,5.000000,378,-2500,0x04,left,312.023015,-2434,-0.172894,174,0,No fault,0x03,right,429.848351,-2613,-0.178755,174,0,No fault,179.00
2026-08-12T10:48:29.122,1786524509.122505,8.086970,3,-2500,5.000000,379,-2500,0x04,left,311.408083,-2747,-0.202198,174,0,No fault,0x03,right,429.255381,-2747,-0.196337,174,0,No fault,0.00
2026-08-12T10:48:29.138,1786524509.138501,8.102978,3,-2500,5.000000,380,-2500,0x04,left,309.629173,-2479,-0.190476,173,0,No fault,0x03,right,428.662411,-2613,-0.208059,173,0,No fault,134.00
2026-08-12T10:48:29.143,1786524509.143902,8.108377,3,-2500,5.000000,381,-2500,0x04,left,309.036203,-2523,-0.178755,174,0,No fault,0x03,right,427.476471,-2300,-0.155311,173,0,No fault,-223.00
2026-08-12T10:48:29.149,1786524509.149314,8.113799,3,-2500,5.000000,382,-2500,0x04,left,308.421271,-2434,-0.202198,175,0,No fault,0x03,right,426.861540,-2300,-0.167033,172,0,No fault,-134.00
2026-08-12T10:48:29.154,1786524509.154807,8.119347,3,-2500,5.000000,383,-2500,0x04,left,307.828301,-2523,-0.213919,174,0,No fault,0x03,right,426.290531,-2345,-0.260806,172,0,No fault,-178.00
2026-08-12T10:48:29.160,1786524509.160408,8.124882,3,-2500,5.000000,384,-2500,0x04,left,307.257293,-2613,-0.225641,176,0,No fault,0x03,right,425.697561,-2568,-0.190476,172,0,No fault,-45.00
2026-08-12T10:48:29.165,1786524509.165880,8.130350,3,-2500,5.000000,385,-2500,0x04,left,306.664323,-2523,-0.161172,174,0,No fault,0x03,right,423.984537,-2389,-0.184615,172,0,No fault,-134.00
2026-08-12T10:48:29.171,1786524509.171409,8.135924,3,-2500,5.000000,386,-2500,0x04,left,306.071353,-2389,-0.202198,173,0,No fault,0x03,right,423.677071,-2389,-0.202198,173,0,No fault,0.00
2026-08-12T10:48:29.177,1786524509.177036,8.141502,3,-2500,5.000000,387,-2500,0x04,left,304.885413,-2166,-0.243223,174,0,No fault,0x03,right,423.347643,-2389,-0.208059,172,0,No fault,223.00
2026-08-12T10:48:29.192,1786524509.192668,8.157132,3,-2500,5.000000,388,-2500,0x04,left,304.270481,-2702,-0.184615,174,0,No fault,0x03,right,421.546771,-2568,-0.149451,173,0,No fault,-134.00
2026-08-12T10:48:29.198,1786524509.198060,8.162516,3,-2500,5.000000,389,-2500,0x04,left,303.084541,-2568,-0.225641,175,0,No fault,0x03,right,420.953801,-2568,-0.213919,170,0,No fault,0.00
2026-08-12T10:48:29.203,1786524509.203444,8.167910,3,-2500,5.000000,390,-2500,0x04,left,301.371516,-2255,-0.178755,176,0,No fault,0x03,right,419.789823,-2389,-0.190476,173,0,No fault,134.00
2026-08-12T10:48:29.208,1786524509.208792,8.173262,3,-2500,5.000000,391,-2500,0x04,left,301.042088,-2211,-0.137729,174,0,No fault,0x03,right,419.174891,-2255,-0.114286,174,0,No fault,44.00
2026-08-12T10:48:29.214,1786524509.214139,8.178601,3,-2500,5.000000,392,-2500,0x04,left,300.734623,-2613,-0.108425,174,0,No fault,0x03,right,418.516036,-2747,-0.131868,170,0,No fault,134.00
2026-08-12T10:48:29.219,1786524509.219454,8.183916,3,-2500,5.000000,393,-2500,0x04,left,300.141653,-2523,-0.254945,173,0,No fault,0x03,right,419.789823,-2389,-0.208059,175,0,No fault,-134.00
2026-08-12T10:48:29.224,1786524509.224773,8.189231,3,-2500,5.000000,394,-2500,0x04,left,299.548683,-2300,-0.202198,174,0,No fault,0x03,right,417.945028,-2479,-0.184615,174,0,No fault,179.00
2026-08-12T10:48:29.230,1786524509.230139,8.194611,3,-2500,5.000000,395,-2500,0x04,left,298.955713,-2389,-0.184615,174,0,No fault,0x03,right,417.374019,-2345,-0.190476,170,0,No fault,-44.00
2026-08-12T10:48:29.235,1786524509.235526,8.199986,3,-2500,5.000000,396,-2500,0x04,left,298.362743,-2434,-0.184615,176,0,No fault,0x03,right,416.737126,-2613,-0.114286,171,0,No fault,179.00
2026-08-12T10:48:29.240,1786524509.240853,8.205308,3,-2500,5.000000,397,-2500,0x04,left,297.725849,-2613,-0.190476,174,0,No fault,0x03,right,416.144156,-2479,-0.114286,173,0,No fault,-134.00
2026-08-12T10:48:29.246,1786524509.246330,8.210822,3,-2500,5.000000,398,-2500,0x04,left,297.132879,-2345,-0.172894,175,0,No fault,0x03,right,415.551186,-2389,-0.155311,173,0,No fault,44.00
2026-08-12T10:48:29.251,1786524509.251868,8.216345,3,-2500,5.000000,399,-2500,0x04,left,296.539909,-2434,-0.202198,174,0,No fault,0x03,right,414.936254,-2613,-0.155311,172,0,No fault,179.00
2026-08-12T10:48:29.257,1786524509.257291,8.221753,3,-2500,5.000000,400,-2500,0x04,left,295.946939,-2434,-0.202198,176,0,No fault,0x03,right,414.343284,-2613,-0.178755,174,0,No fault,179.00
2026-08-12T10:48:29.262,1786524509.262921,8.227388,3,-2500,5.000000,401,-2500,0x04,left,295.353969,-2702,-0.149451,173,0,No fault,0x03,right,413.750314,-2479,-0.108425,174,0,No fault,-223.00
2026-08-12T10:48:29.268,1786524509.268352,8.232815,3,-2500,5.000000,402,-2500,0x04,left,294.146067,-2523,-0.172894,177,0,No fault,0x03,right,413.135382,-2657,-0.114286,172,0,No fault,134.00
2026-08-12T10:48:29.273,1786524509.273706,8.238169,3,-2500,5.000000,403,-2500,0x04,left,293.553097,-2479,-0.219780,174,0,No fault,0x03,right,412.564374,-2211,-0.172894,173,0,No fault,-268.00
2026-08-12T10:48:29.280,1786524509.280545,8.244998,3,-2500,5.000000,404,-2500,0x04,left,292.960127,-2389,-0.249084,174,0,No fault,0x03,right,411.378434,-2389,-0.208059,172,0,No fault,0.00
2026-08-12T10:48:29.285,1786524509.285776,8.250227,3,-2500,5.000000,405,-2500,0x04,left,292.367157,-2523,-0.137729,175,0,No fault,0x03,right,410.763502,-2255,-0.126007,174,0,No fault,-268.00
2026-08-12T10:48:29.291,1786524509.291062,8.255523,3,-2500,5.000000,406,-2500,0x04,left,291.752225,-2568,-0.219780,175,0,No fault,0x03,right,410.170532,-2389,-0.137729,170,0,No fault,-179.00
2026-08-12T10:48:29.296,1786524509.296430,8.260903,3,-2500,5.000000,407,-2500,0x04,left,291.181217,-2523,-0.219780,176,0,No fault,0x03,right,409.555600,-2479,-0.231502,170,0,No fault,-44.00
2026-08-12T10:48:29.301,1786524509.301847,8.266315,3,-2500,5.000000,408,-2500,0x04,left,290.566285,-2613,-0.243223,174,0,No fault,0x03,right,408.984592,-2389,-0.237363,169,0,No fault,-224.00
2026-08-12T10:48:29.307,1786524509.307224,8.271686,3,-2500,5.000000,409,-2500,0x04,left,289.995277,-2479,-0.202198,173,0,No fault,0x03,right,408.369660,-2389,-0.126007,173,0,No fault,-90.00
2026-08-12T10:48:29.312,1786524509.312567,8.277026,3,-2500,5.000000,410,-2500,0x04,left,289.380345,-2434,-0.143590,176,0,No fault,0x03,right,407.776690,-2568,-0.167033,172,0,No fault,134.00
2026-08-12T10:48:29.317,1786524509.317958,8.282425,3,-2500,5.000000,411,-2500,0x04,left,288.787375,-2345,-0.202198,174,0,No fault,0x03,right,407.161758,-2657,-0.172894,172,0,No fault,312.00
2026-08-12T10:48:29.323,1786524509.323333,8.287802,3,-2500,5.000000,412,-2500,0x04,left,288.194405,-2345,-0.249084,171,0,No fault,0x03,right,406.590750,-2434,-0.202198,173,0,No fault,89.00
2026-08-12T10:48:29.328,1786524509.328703,8.293165,3,-2500,5.000000,413,-2500,0x04,left,287.601435,-2523,-0.190476,174,0,No fault,0x03,right,405.997780,-2523,-0.225641,173,0,No fault,0.00
2026-08-12T10:48:29.344,1786524509.344338,8.308808,3,-2500,5.000000,414,-2500,0x04,left,285.822525,-2434,-0.178755,174,0,No fault,0x03,right,405.382848,-2702,-0.161172,172,0,No fault,268.00
2026-08-12T10:48:29.349,1786524509.349859,8.314323,3,-2500,5.000000,415,-2500,0x04,left,285.229555,-2389,-0.213919,174,0,No fault,0x03,right,404.196908,-2479,-0.190476,173,0,No fault,90.00
2026-08-12T10:48:29.355,1786524509.355271,8.319735,3,-2500,5.000000,416,-2500,0x04,left,284.636585,-2434,-0.208059,172,0,No fault,0x03,right,403.603938,-2479,-0.208059,173,0,No fault,45.00
2026-08-12T10:48:29.360,1786524509.360682,8.325140,3,-2500,5.000000,417,-2500,0x04,left,283.384759,-2345,-0.190476,171,0,No fault,0x03,right,403.010968,-2523,-0.219780,173,0,No fault,178.00
2026-08-12T10:48:29.365,1786524509.365993,8.330446,3,-2500,5.000000,418,-2500,0x04,left,282.769827,-2702,-0.178755,175,0,No fault,0x03,right,402.417998,-2523,-0.155311,173,0,No fault,-179.00
2026-08-12T10:48:29.371,1786524509.371352,8.335813,3,-2500,5.000000,419,-2500,0x04,left,282.154896,-2434,-0.190476,175,0,No fault,0x03,right,401.825028,-2389,-0.114286,173,0,No fault,-45.00
2026-08-12T10:48:29.376,1786524509.376710,8.341171,3,-2500,5.000000,420,-2500,0x04,left,281.583887,-2613,-0.225641,175,0,No fault,0x03,right,399.914347,-2389,-0.167033,172,0,No fault,-224.00
2026-08-12T10:48:29.382,1786524509.382030,8.346481,3,-2500,5.000000,421,-2500,0x04,left,280.990917,-2613,-0.131868,173,0,No fault,0x03,right,399.606881,-2345,-0.137729,173,0,No fault,-268.00
2026-08-12T10:48:29.397,1786524509.397845,8.362303,3,-2500,5.000000,422,-2500,0x04,left,280.397947,-2523,-0.137729,174,0,No fault,0x03,right,398.047589,-2479,-0.172894,173,0,No fault,-44.00
2026-08-12T10:48:29.403,1786524509.403122,8.367572,3,-2500,5.000000,423,-2500,0x04,left,279.190046,-2479,-0.178755,175,0,No fault,0x03,right,396.817726,-2389,-0.108425,172,0,No fault,-90.00
2026-08-12T10:48:29.413,1786524509.413555,8.378021,3,-2500,5.000000,424,-2500,0x04,left,277.147593,-2389,-0.143590,174,0,No fault,0x03,right,395.609824,-2345,-0.137729,173,0,No fault,-44.00
2026-08-12T10:48:29.418,1786524509.418916,8.383374,3,-2500,5.000000,425,-2500,0x04,left,276.840127,-2389,-0.161172,174,0,No fault,0x03,right,394.972930,-2523,-0.137729,173,0,No fault,134.00
2026-08-12T10:48:29.424,1786524509.424234,8.388698,3,-2500,5.000000,426,-2500,0x04,left,276.203234,-2479,-0.190476,175,0,No fault,0x03,right,395.961214,-2389,-0.161172,174,0,No fault,-90.00
2026-08-12T10:48:29.429,1786524509.429621,8.394083,3,-2500,5.000000,427,-2500,0x04,left,275.610264,-2523,-0.149451,175,0,No fault,0x03,right,393.808952,-2568,-0.090842,170,0,No fault,45.00
2026-08-12T10:48:29.434,1786524509.434943,8.399397,3,-2500,5.000000,428,-2500,0x04,left,274.995332,-2568,-0.149451,175,0,No fault,0x03,right,393.194020,-2523,-0.090842,171,0,No fault,-45.00
2026-08-12T10:48:29.440,1786524509.440229,8.404681,3,-2500,5.000000,429,-2500,0x04,left,274.402362,-2702,-0.167033,173,0,No fault,0x03,right,392.601050,-2434,-0.161172,177,0,No fault,-268.00
2026-08-12T10:48:29.445,1786524509.445563,8.410034,3,-2500,5.000000,430,-2500,0x04,left,273.809392,-2523,-0.149451,177,0,No fault,0x03,right,391.986118,-2523,-0.149451,173,0,No fault,0.00
2026-08-12T10:48:29.450,1786524509.450972,8.415435,3,-2500,5.000000,431,-2500,0x04,left,273.216422,-2479,-0.219780,175,0,No fault,0x03,right,391.415110,-2389,-0.208059,173,0,No fault,-90.00
2026-08-12T10:48:29.456,1786524509.456336,8.420797,3,-2500,5.000000,432,-2500,0x04,left,272.623452,-2613,-0.114286,176,0,No fault,0x03,right,390.800178,-2568,-0.096703,173,0,No fault,-45.00
2026-08-12T10:48:29.461,1786524509.461779,8.426233,3,-2500,5.000000,433,-2500,0x04,left,272.008520,-2523,-0.126007,175,0,No fault,0x03,right,390.207208,-2568,-0.114286,172,0,No fault,45.00
2026-08-12T10:48:29.467,1786524509.467073,8.431536,3,-2500,5.000000,434,-2500,0x04,left,271.415550,-2657,-0.196337,174,0,No fault,0x03,right,389.614238,-2345,-0.225641,172,0,No fault,-312.00
2026-08-12T10:48:29.472,1786524509.472396,8.436857,3,-2500,5.000000,435,-2500,0x04,left,270.822580,-2300,-0.172894,174,0,No fault,0x03,right,388.999306,-2702,-0.225641,173,0,No fault,402.00
2026-08-12T10:48:29.477,1786524509.477825,8.442285,3,-2500,5.000000,436,-2500,0x04,left,270.229610,-2389,-0.196337,175,0,No fault,0x03,right,388.406336,-2479,-0.161172,172,0,No fault,90.00
2026-08-12T10:48:29.483,1786524509.483313,8.447774,3,-2500,5.000000,437,-2500,0x04,left,269.043670,-2300,-0.149451,174,0,No fault,0x03,right,387.813366,-2613,-0.143590,174,0,No fault,313.00
2026-08-12T10:48:29.488,1786524509.488671,8.453140,3,-2500,5.000000,438,-2500,0x04,left,268.428738,-2479,-0.202198,175,0,No fault,0x03,right,387.220396,-2434,-0.202198,172,0,No fault,-45.00
2026-08-12T10:48:29.494,1786524509.494032,8.458491,3,-2500,5.000000,439,-2500,0x04,left,267.813806,-2479,-0.243223,172,0,No fault,0x03,right,386.605465,-2657,-0.196337,172,0,No fault,178.00
2026-08-12T10:48:29.499,1786524509.499358,8.463816,3,-2500,5.000000,440,-2500,0x04,left,267.242798,-2345,-0.178755,175,0,No fault,0x03,right,386.012495,-2479,-0.196337,173,0,No fault,134.00
2026-08-12T10:48:29.504,1786524509.504681,8.469152,3,-2500,5.000000,441,-2500,0x04,left,266.649828,-2613,-0.190476,175,0,No fault,0x03,right,385.441486,-2255,-0.161172,173,0,No fault,-358.00
2026-08-12T10:48:29.510,1786524509.510028,8.474487,3,-2500,5.000000,442,-2500,0x04,left,266.056858,-2479,-0.231502,175,0,No fault,0x03,right,384.826554,-2523,-0.143590,173,0,No fault,44.00
2026-08-12T10:48:29.515,1786524509.515410,8.479864,3,-2500,5.000000,443,-2500,0x04,left,265.441926,-2523,-0.196337,174,0,No fault,0x03,right,384.233584,-2434,-0.196337,173,0,No fault,-89.00
2026-08-12T10:48:29.520,1786524509.520753,8.485215,3,-2500,5.000000,444,-2500,0x04,left,264.848956,-2434,-0.243223,175,0,No fault,0x03,right,383.618653,-2479,-0.155311,173,0,No fault,45.00
2026-08-12T10:48:29.526,1786524509.526124,8.490578,3,-2500,5.000000,445,-2500,0x04,left,264.277948,-2479,-0.225641,174,0,No fault,0x03,right,382.454674,-2389,-0.143590,174,0,No fault,-90.00
2026-08-12T10:48:29.531,1786524509.531406,8.495859,3,-2500,5.000000,446,-2500,0x04,left,263.663016,-2613,-0.167033,172,0,No fault,0x03,right,381.839743,-2791,-0.131868,173,0,No fault,178.00
2026-08-12T10:48:29.547,1786524509.547331,8.511793,3,-2500,5.000000,447,-2500,0x04,left,261.906068,-2345,-0.231502,175,0,No fault,0x03,right,381.224811,-2300,-0.172894,175,0,No fault,-45.00
2026-08-12T10:48:29.552,1786524509.552694,8.517157,3,-2500,5.000000,448,-2500,0x04,left,261.291136,-2791,-0.208059,176,0,No fault,0x03,right,380.038871,-2479,-0.172894,175,0,No fault,-312.00
2026-08-12T10:48:29.558,1786524509.558020,8.522477,3,-2500,5.000000,449,-2500,0x04,left,260.720128,-2345,-0.161172,176,0,No fault,0x03,right,379.445901,-2300,-0.102564,172,0,No fault,-45.00
2026-08-12T10:48:29.563,1786524509.563299,8.527749,3,-2500,5.000000,450,-2500,0x04,left,260.105196,-2479,-0.196337,175,0,No fault,0x03,right,378.830969,-2523,-0.096703,172,0,No fault,44.00
2026-08-12T10:48:29.568,1786524509.568596,8.533059,3,-2500,5.000000,451,-2500,0x04,left,259.512226,-2568,-0.202198,176,0,No fault,0x03,right,378.216037,-2613,-0.143590,173,0,No fault,45.00
2026-08-12T10:48:29.573,1786524509.573928,8.538387,3,-2500,5.000000,452,-2500,0x04,left,258.919256,-2300,-0.202198,174,0,No fault,0x03,right,376.239470,-2479,-0.096703,174,0,No fault,179.00
2026-08-12T10:48:29.579,1786524509.579256,8.543712,3,-2500,5.000000,453,-2500,0x04,left,258.326286,-2568,-0.208059,175,0,No fault,0x03,right,375.932004,-2389,-0.114286,173,0,No fault,-179.00
2026-08-12T10:48:29.584,1786524509.584706,8.549163,3,-2500,5.000000,454,-2500,0x04,left,257.733316,-2300,-0.172894,175,0,No fault,0x03,right,375.602577,-2434,-0.137729,173,0,No fault,134.00
2026-08-12T10:48:29.589,1786524509.589999,8.554448,3,-2500,5.000000,455,-2500,0x04,left,257.118384,-2702,-0.184615,175,0,No fault,0x03,right,375.009607,-2389,-0.131868,174,0,No fault,-313.00
2026-08-12T10:48:29.600,1786524509.600553,8.565004,3,-2500,5.000000,456,-2500,0x04,left,256.525414,-2791,-0.219780,175,0,No fault,0x03,right,373.801705,-2613,-0.108425,173,0,No fault,-178.00
2026-08-12T10:48:29.605,1786524509.605858,8.570316,3,-2500,5.000000,457,-2500,0x04,left,255.339474,-2434,-0.155311,175,0,No fault,0x03,right,373.208735,-2300,-0.096703,172,0,No fault,-134.00
2026-08-12T10:48:29.611,1786524509.611171,8.575628,3,-2500,5.000000,458,-2500,0x04,left,253.692335,-2345,-0.178755,174,0,No fault,0x03,right,372.593803,-2568,-0.143590,173,0,No fault,223.00
2026-08-12T10:48:29.616,1786524509.616474,8.580928,3,-2500,5.000000,459,-2500,0x04,left,253.384869,-2523,-0.219780,175,0,No fault,0x03,right,372.000833,-2389,-0.137729,172,0,No fault,-134.00
2026-08-12T10:48:29.621,1786524509.621773,8.586229,3,-2500,5.000000,460,-2500,0x04,left,253.055442,-2523,-0.208059,174,0,No fault,0x03,right,371.385901,-2389,-0.178755,170,0,No fault,-134.00
2026-08-12T10:48:29.627,1786524509.627088,8.591548,3,-2500,5.000000,461,-2500,0x04,left,252.440510,-2702,-0.167033,175,0,No fault,0x03,right,370.770969,-2479,-0.108425,169,0,No fault,-223.00
2026-08-12T10:48:29.632,1786524509.632377,8.596824,3,-2500,5.000000,462,-2500,0x04,left,251.847540,-2523,-0.184615,174,0,No fault,0x03,right,372.022795,-2657,-0.196337,173,0,No fault,134.00
2026-08-12T10:48:29.637,1786524509.637613,8.602057,3,-2500,5.000000,463,-2500,0x04,left,251.254570,-2568,-0.178755,175,0,No fault,0x03,right,370.177999,-2345,-0.114286,170,0,No fault,-223.00
2026-08-12T10:48:29.642,1786524509.642874,8.607334,3,-2500,5.000000,464,-2500,0x04,left,250.661600,-2479,-0.225641,175,0,No fault,0x03,right,371.715329,-2568,-0.202198,174,0,No fault,89.00
2026-08-12T10:48:29.648,1786524509.648195,8.612656,3,-2500,5.000000,465,-2500,0x04,left,250.046668,-2255,-0.202198,174,0,No fault,0x03,right,369.585029,-2434,-0.190476,173,0,No fault,179.00
2026-08-12T10:48:29.653,1786524509.653609,8.618057,3,-2500,5.000000,466,-2500,0x04,left,249.431736,-2389,-0.178755,174,0,No fault,0x03,right,368.992059,-2479,-0.202198,172,0,No fault,90.00
2026-08-12T10:48:29.658,1786524509.658994,8.623460,3,-2500,5.000000,467,-2500,0x04,left,248.838766,-2657,-0.202198,175,0,No fault,0x03,right,368.399089,-2434,-0.167033,173,0,No fault,-223.00
2026-08-12T10:48:29.664,1786524509.664361,8.628811,3,-2500,5.000000,468,-2500,0x04,left,248.245796,-2255,-0.196337,174,0,No fault,0x03,right,367.191187,-2657,-0.149451,173,0,No fault,402.00
2026-08-12T10:48:29.669,1786524509.669602,8.634049,3,-2500,5.000000,469,-2500,0x04,left,247.652826,-2523,-0.196337,174,0,No fault,0x03,right,366.598217,-2568,-0.213919,173,0,No fault,45.00
2026-08-12T10:48:29.674,1786524509.674820,8.639264,3,-2500,5.000000,470,-2500,0x04,left,247.059856,-2479,-0.208059,174,0,No fault,0x03,right,366.005247,-2523,-0.243223,173,0,No fault,44.00
2026-08-12T10:48:29.680,1786524509.680091,8.644565,3,-2500,5.000000,471,-2500,0x04,left,246.466886,-2389,-0.190476,174,0,No fault,0x03,right,365.390315,-2434,-0.143590,173,0,No fault,45.00
2026-08-12T10:48:29.685,1786524509.685523,8.649985,3,-2500,5.000000,472,-2500,0x04,left,245.873916,-2255,-0.231502,176,0,No fault,0x03,right,364.797345,-2479,-0.149451,173,0,No fault,224.00
2026-08-12T10:48:29.690,1786524509.690862,8.655319,3,-2500,5.000000,473,-2500,0x04,left,245.258984,-2345,-0.172894,175,0,No fault,0x03,right,364.182413,-2434,-0.190476,173,0,No fault,89.00
2026-08-12T10:48:29.696,1786524509.696170,8.660622,3,-2500,5.000000,474,-2500,0x04,left,244.666014,-2434,-0.213919,174,0,No fault,0x03,right,363.589443,-2166,-0.178755,173,0,No fault,-268.00
2026-08-12T10:48:29.701,1786524509.701511,8.665977,3,-2500,5.000000,475,-2500,0x04,left,244.073044,-2523,-0.155311,174,0,No fault,0x03,right,362.996473,-2389,-0.237363,173,0,No fault,-134.00
2026-08-12T10:48:29.706,1786524509.706989,8.671449,3,-2500,5.000000,476,-2500,0x04,left,243.480074,-2613,-0.219780,174,0,No fault,0x03,right,362.403503,-2613,-0.137729,174,0,No fault,0.00
2026-08-12T10:48:29.712,1786524509.712470,8.676929,3,-2500,5.000000,477,-2500,0x04,left,242.887104,-2479,-0.213919,174,0,No fault,0x03,right,361.788572,-2657,-0.143590,173,0,No fault,178.00
2026-08-12T10:48:29.717,1786524509.717924,8.682399,3,-2500,5.000000,478,-2500,0x04,left,242.294134,-2479,-0.161172,175,0,No fault,0x03,right,361.195602,-2479,-0.190476,173,0,No fault,0.00
2026-08-12T10:48:29.723,1786524509.723422,8.687906,3,-2500,5.000000,479,-2500,0x04,left,241.108194,-2255,-0.161172,174,0,No fault,0x03,right,360.580670,-2389,-0.149451,173,0,No fault,134.00
2026-08-12T10:48:29.728,1786524509.728857,8.693324,3,-2500,5.000000,480,-2500,0x04,left,240.493262,-2434,-0.155311,174,0,No fault,0x03,right,360.009662,-2345,-0.196337,173,0,No fault,-89.00
2026-08-12T10:48:29.734,1786524509.734207,8.698682,3,-2500,5.000000,481,-2500,0x04,left,239.812445,-2613,-0.202198,174,0,No fault,0x03,right,359.394730,-2479,-0.114286,174,0,No fault,-134.00
2026-08-12T10:48:29.739,1786524509.739583,8.704046,3,-2500,5.000000,482,-2500,0x04,left,239.285360,-2479,-0.213919,175,0,No fault,0x03,right,358.779798,-2613,-0.126007,175,0,No fault,134.00
2026-08-12T10:48:29.755,1786524509.755579,8.720051,3,-2500,5.000000,483,-2500,0x04,left,237.506450,-2389,-0.196337,176,0,No fault,0x03,right,357.593858,-2300,-0.172894,174,0,No fault,-89.00
2026-08-12T10:48:29.760,1786524509.760958,8.725431,3,-2500,5.000000,484,-2500,0x04,left,236.891518,-2479,-0.196337,174,0,No fault,0x03,right,356.385956,-2389,-0.120147,173,0,No fault,-90.00
2026-08-12T10:48:29.766,1786524509.766456,8.730926,3,-2500,5.000000,485,-2500,0x04,left,236.254625,-2702,-0.184615,175,0,No fault,0x03,right,355.771024,-2657,-0.184615,174,0,No fault,-45.00
2026-08-12T10:48:29.771,1786524509.771872,8.736337,3,-2500,5.000000,486,-2500,0x04,left,235.705578,-2389,-0.172894,175,0,No fault,0x03,right,355.156092,-2479,-0.149451,173,0,No fault,90.00
2026-08-12T10:48:29.777,1786524509.777772,8.742231,3,-2500,5.000000,487,-2500,0x04,left,235.112608,-2389,-0.149451,174,0,No fault,0x03,right,354.563122,-2479,-0.172894,172,0,No fault,90.00
2026-08-12T10:48:29.783,1786524509.783130,8.747583,3,-2500,5.000000,488,-2500,0x04,left,234.519638,-2434,-0.219780,175,0,No fault,0x03,right,352.366937,-2434,-0.196337,173,0,No fault,0.00
2026-08-12T10:48:29.788,1786524509.788433,8.752902,3,-2500,5.000000,489,-2500,0x04,left,233.926668,-2434,-0.172894,174,0,No fault,0x03,right,352.015547,-2389,-0.167033,173,0,No fault,-45.00
2026-08-12T10:48:29.793,1786524509.793831,8.758296,3,-2500,5.000000,490,-2500,0x04,left,233.333698,-2434,-0.225641,175,0,No fault,0x03,right,351.400616,-2568,-0.208059,173,0,No fault,134.00
2026-08-12T10:48:29.809,1786524509.809585,8.774055,3,-2500,5.000000,491,-2500,0x04,left,232.147758,-2434,-0.196337,174,0,No fault,0x03,right,349.599744,-2479,-0.202198,172,0,No fault,45.00
2026-08-12T10:48:29.814,1786524509.814967,8.779431,3,-2500,5.000000,492,-2500,0x04,left,231.510865,-2434,-0.260806,174,0,No fault,0x03,right,349.006774,-2479,-0.196337,174,0,No fault,45.00
2026-08-12T10:48:29.820,1786524509.820961,8.785437,3,-2500,5.000000,493,-2500,0x04,left,229.446450,-2255,-0.190476,176,0,No fault,0x03,right,348.413804,-2434,-0.190476,173,0,No fault,179.00
2026-08-12T10:48:29.826,1786524509.826363,8.790822,3,-2500,5.000000,494,-2500,0x04,left,229.117023,-2389,-0.178755,174,0,No fault,0x03,right,347.820834,-2389,-0.155311,174,0,No fault,0.00
2026-08-12T10:48:29.831,1786524509.831716,8.796174,3,-2500,5.000000,495,-2500,0x04,left,228.524053,-2434,-0.190476,174,0,No fault,0x03,right,347.227864,-2389,-0.172894,171,0,No fault,-45.00
2026-08-12T10:48:29.837,1786524509.837064,8.801523,3,-2500,5.000000,496,-2500,0x04,left,227.931083,-2434,-0.219780,174,0,No fault,0x03,right,346.590970,-2479,-0.190476,173,0,No fault,45.00
2026-08-12T10:48:29.842,1786524509.842532,8.806997,3,-2500,5.000000,497,-2500,0x04,left,227.338113,-2434,-0.237363,174,0,No fault,0x03,right,346.019962,-2345,-0.231502,174,0,No fault,-89.00
2026-08-12T10:48:29.847,1786524509.847978,8.812444,3,-2500,5.000000,498,-2500,0x04,left,226.745143,-2389,-0.190476,174,0,No fault,0x03,right,346.678817,-2523,-0.184615,174,0,No fault,134.00
2026-08-12T10:48:29.853,1786524509.853548,8.818010,3,-2500,5.000000,499,-2500,0x04,left,226.152173,-2479,-0.213919,174,0,No fault,0x03,right,344.812060,-2523,-0.167033,174,0,No fault,44.00
2026-08-12T10:48:29.858,1786524509.858920,8.823376,3,-2500,5.000000,500,-2500,0x04,left,225.559203,-2479,-0.184615,175,0,No fault,0x03,right,344.219090,-2434,-0.202198,173,0,No fault,-45.00
2026-08-12T10:48:29.864,1786524509.864242,8.828702,3,-2500,5.000000,501,-2500,0x04,left,224.966233,-2345,-0.208059,175,0,No fault,0x03,right,343.582196,-2568,-0.178755,174,0,No fault,223.00
2026-08-12T10:48:29.869,1786524509.869588,8.834049,3,-2500,5.000000,502,-2500,0x04,left,224.373263,-2300,-0.196337,174,0,No fault,0x03,right,343.011188,-2434,-0.208059,174,0,No fault,134.00
2026-08-12T10:48:29.874,1786524509.874982,8.839439,3,-2500,5.000000,503,-2500,0x04,left,223.780293,-2434,-0.155311,174,0,No fault,0x03,right,342.396256,-2434,-0.114286,172,0,No fault,0.00
2026-08-12T10:48:29.880,1786524509.880334,8.844793,3,-2500,5.000000,504,-2500,0x04,left,223.187323,-2389,-0.208059,175,0,No fault,0x03,right,341.144431,-2568,-0.184615,172,0,No fault,179.00
2026-08-12T10:48:29.885,1786524509.885621,8.850077,3,-2500,5.000000,505,-2500,0x04,left,222.572391,-2702,-0.161172,174,0,No fault,0x03,right,340.551461,-2434,-0.172894,169,0,No fault,-268.00
2026-08-12T10:48:29.890,1786524509.890918,8.855378,3,-2500,5.000000,506,-2500,0x04,left,221.979421,-2434,-0.196337,174,0,No fault,0x03,right,339.958491,-2300,-0.161172,173,0,No fault,-134.00
2026-08-12T10:48:29.896,1786524509.896213,8.860659,3,-2500,5.000000,507,-2500,0x04,left,221.386451,-2523,-0.196337,175,0,No fault,0x03,right,339.365521,-2389,-0.137729,173,0,No fault,-134.00
2026-08-12T10:48:29.901,1786524509.901481,8.865928,3,-2500,5.000000,508,-2500,0x04,left,220.793481,-2434,-0.131868,175,0,No fault,0x03,right,338.772551,-2300,-0.120147,173,0,No fault,-134.00
2026-08-12T10:48:29.906,1786524509.906755,8.871215,3,-2500,5.000000,509,-2500,0x04,left,220.200511,-2479,-0.172894,176,0,No fault,0x03,right,338.157619,-2300,-0.143590,174,0,No fault,-179.00
2026-08-12T10:48:29.912,1786524509.912159,8.876624,3,-2500,5.000000,510,-2500,0x04,left,219.607541,-2389,-0.172894,174,0,No fault,0x03,right,337.564649,-2523,-0.190476,172,0,No fault,134.00
2026-08-12T10:48:29.917,1786524509.917537,8.881995,3,-2500,5.000000,511,-2500,0x04,left,218.421601,-2345,-0.172894,174,0,No fault,0x03,right,336.949717,-2523,-0.143590,172,0,No fault,178.00
2026-08-12T10:48:29.922,1786524509.922855,8.887308,3,-2500,5.000000,512,-2500,0x04,left,217.806669,-2479,-0.167033,174,0,No fault,0x03,right,336.356747,-2479,-0.114286,170,0,No fault,0.00
2026-08-12T10:48:29.928,1786524509.928149,8.892604,3,-2500,5.000000,513,-2500,0x04,left,217.213699,-2300,-0.143590,174,0,No fault,0x03,right,335.741815,-2389,-0.167033,172,0,No fault,89.00
2026-08-12T10:48:29.933,1786524509.933487,8.897940,3,-2500,5.000000,514,-2500,0x04,left,216.598767,-2613,-0.178755,175,0,No fault,0x03,right,335.126883,-2523,-0.126007,172,0,No fault,-90.00
2026-08-12T10:48:29.938,1786524509.938785,8.903237,3,-2500,5.000000,515,-2500,0x04,left,216.027759,-2434,-0.190476,174,0,No fault,0x03,right,334.511951,-2568,-0.172894,172,0,No fault,134.00
2026-08-12T10:48:29.954,1786524509.954281,8.918736,3,-2500,5.000000,516,-2500,0x04,left,214.226887,-2523,-0.161172,174,0,No fault,0x03,right,333.918981,-2657,-0.137729,172,0,No fault,134.00
2026-08-12T10:48:29.959,1786524509.959568,8.924018,3,-2500,5.000000,517,-2500,0x04,left,213.633917,-2300,-0.155311,174,0,No fault,0x03,right,332.711079,-2434,-0.143590,174,0,No fault,134.00
2026-08-12T10:48:29.964,1786524509.964830,8.929286,3,-2500,5.000000,518,-2500,0x04,left,213.018985,-2613,-0.202198,175,0,No fault,0x03,right,332.118109,-2300,-0.126007,174,0,No fault,-313.00
2026-08-12T10:48:29.970,1786524509.970317,8.934781,3,-2500,5.000000,519,-2500,0x04,left,212.426015,-2523,-0.143590,175,0,No fault,0x03,right,331.525139,-2255,-0.172894,173,0,No fault,-268.00
2026-08-12T10:48:29.975,1786524509.975688,8.940144,3,-2500,5.000000,520,-2500,0x04,left,211.833045,-2523,-0.167033,175,0,No fault,0x03,right,330.910207,-2613,-0.149451,174,0,No fault,90.00
2026-08-12T10:48:29.981,1786524509.981036,8.945491,3,-2500,5.000000,521,-2500,0x04,left,211.262037,-2211,-0.172894,178,0,No fault,0x03,right,329.087374,-2255,-0.190476,173,0,No fault,44.00
2026-08-12T10:48:29.986,1786524509.986389,8.950855,3,-2500,5.000000,522,-2500,0x04,left,210.625143,-2434,-0.184615,175,0,No fault,0x03,right,328.801870,-2300,-0.184615,173,0,No fault,-134.00
2026-08-12T10:48:29.991,1786524509.991742,8.956200,3,-2500,5.000000,523,-2500,0x04,left,210.032173,-2434,-0.184615,177,0,No fault,0x03,right,330.492932,-2434,-0.190476,175,0,No fault,0.00
2026-08-12T10:48:29.997,1786524509.997035,8.961490,3,-2500,5.000000,524,-2500,0x04,left,209.461165,-2300,-0.178755,174,0,No fault,0x03,right,328.384594,-2479,-0.155311,173,0,No fault,179.00
2026-08-12T10:48:30.012,1786524510.012742,8.977222,3,-2500,5.000000,525,-2500,0x04,left,208.253263,-2389,-0.225641,174,0,No fault,0x03,right,326.605684,-2255,-0.178755,173,0,No fault,-134.00
2026-08-12T10:48:30.018,1786524510.018122,8.982580,3,-2500,5.000000,526,-2500,0x04,left,207.660293,-2523,-0.202198,174,0,No fault,0x03,right,326.012714,-2479,-0.231502,173,0,No fault,-44.00
2026-08-12T10:48:30.023,1786524510.023412,8.987867,3,-2500,5.000000,527,-2500,0x04,left,205.925307,-2255,-0.213919,174,0,No fault,0x03,right,325.397783,-2613,-0.143590,173,0,No fault,358.00
2026-08-12T10:48:30.028,1786524510.028756,8.993226,3,-2500,5.000000,528,-2500,0x04,left,205.639803,-2613,-0.202198,174,0,No fault,0x03,right,324.782851,-2657,-0.161172,170,0,No fault,44.00
2026-08-12T10:48:30.034,1786524510.034154,8.998627,3,-2500,5.000000,529,-2500,0x04,left,205.244489,-2479,-0.178755,174,0,No fault,0x03,right,324.167919,-2657,-0.190476,172,0,No fault,178.00
2026-08-12T10:48:30.039,1786524510.039605,9.004072,3,-2500,5.000000,530,-2500,0x04,left,204.673481,-2300,-0.249084,174,0,No fault,0x03,right,323.574949,-2657,-0.137729,173,0,No fault,357.00
2026-08-12T10:48:30.044,1786524510.044926,9.009386,3,-2500,5.000000,531,-2500,0x04,left,204.058549,-2568,-0.178755,174,0,No fault,0x03,right,323.003941,-2523,-0.202198,171,0,No fault,-45.00
2026-08-12T10:48:30.050,1786524510.050528,9.015000,3,-2500,5.000000,532,-2500,0x04,left,203.465579,-2479,-0.219780,173,0,No fault,0x03,right,321.796039,-2479,-0.114286,173,0,No fault,0.00
2026-08-12T10:48:30.056,1786524510.056161,9.020627,3,-2500,5.000000,533,-2500,0x04,left,202.257677,-2657,-0.167033,174,0,No fault,0x03,right,321.203069,-2389,-0.178755,174,0,No fault,-268.00
2026-08-12T10:48:30.061,1786524510.061566,9.026027,3,-2500,5.000000,534,-2500,0x04,left,201.664707,-2523,-0.278388,176,0,No fault,0x03,right,320.610099,-2345,-0.149451,173,0,No fault,-178.00
2026-08-12T10:48:30.066,1786524510.066904,9.031364,3,-2500,5.000000,535,-2500,0x04,left,201.071737,-2479,-0.196337,174,0,No fault,0x03,right,319.995167,-2568,-0.149451,173,0,No fault,89.00
2026-08-12T10:48:30.072,1786524510.072254,9.036720,3,-2500,5.000000,536,-2500,0x04,left,200.478767,-2479,-0.167033,173,0,No fault,0x03,right,319.424159,-2389,-0.149451,171,0,No fault,-90.00
2026-08-12T10:48:30.077,1786524510.077596,9.042060,3,-2500,5.000000,537,-2500,0x04,left,199.885797,-2523,-0.213919,175,0,No fault,0x03,right,318.809227,-2434,-0.108425,173,0,No fault,-89.00
2026-08-12T10:48:30.082,1786524510.082915,9.047373,3,-2500,5.000000,538,-2500,0x04,left,199.292827,-2479,-0.167033,176,0,No fault,0x03,right,318.172333,-2657,-0.155311,172,0,No fault,178.00
2026-08-12T10:48:30.088,1786524510.088215,9.052672,3,-2500,5.000000,539,-2500,0x04,left,198.699857,-2523,-0.243223,177,0,No fault,0x03,right,317.601325,-2479,-0.184615,173,0,No fault,-44.00
2026-08-12T10:48:30.093,1786524510.093666,9.058121,3,-2500,5.000000,540,-2500,0x04,left,198.106887,-2345,-0.190476,175,0,No fault,0x03,right,316.986393,-2702,-0.161172,173,0,No fault,357.00
2026-08-12T10:48:30.099,1786524510.099154,9.063619,3,-2500,5.000000,541,-2500,0x04,left,197.491956,-2657,-0.172894,173,0,No fault,0x03,right,316.393423,-2523,-0.090842,176,0,No fault,-134.00
2026-08-12T10:48:30.104,1786524510.104561,9.069022,3,-2500,5.000000,542,-2500,0x04,left,196.898986,-2479,-0.184615,175,0,No fault,0x03,right,315.800453,-2434,-0.102564,173,0,No fault,-45.00
2026-08-12T10:48:30.109,1786524510.109875,9.074332,3,-2500,5.000000,543,-2500,0x04,left,196.327977,-2568,-0.249084,175,0,No fault,0x03,right,315.185521,-2479,-0.143590,173,0,No fault,-89.00
2026-08-12T10:48:30.115,1786524510.115224,9.079688,3,-2500,5.000000,544,-2500,0x04,left,195.735007,-2389,-0.202198,174,0,No fault,0x03,right,314.592551,-2300,-0.137729,171,0,No fault,-89.00
2026-08-12T10:48:30.120,1786524510.120576,9.085035,3,-2500,5.000000,545,-2500,0x04,left,195.142037,-2345,-0.202198,176,0,No fault,0x03,right,313.999581,-2434,-0.131868,173,0,No fault,89.00
2026-08-12T10:48:30.125,1786524510.125913,9.090375,3,-2500,5.000000,546,-2500,0x04,left,194.549067,-2523,-0.178755,174,0,No fault,0x03,right,313.384649,-2523,-0.096703,172,0,No fault,0.00
2026-08-12T10:48:30.131,1786524510.131276,9.095736,3,-2500,5.000000,547,-2500,0x04,left,193.956097,-2345,-0.178755,175,0,No fault,0x03,right,312.791679,-2434,-0.149451,174,0,No fault,89.00
2026-08-12T10:48:30.136,1786524510.136853,9.101317,3,-2500,5.000000,548,-2500,0x04,left,193.341165,-2389,-0.178755,174,0,No fault,0x03,right,312.176748,-2434,-0.137729,172,0,No fault,45.00
2026-08-12T10:48:30.143,1786524510.143683,9.108155,3,-2500,5.000000,549,-2500,0x04,left,192.155225,-2479,-0.202198,176,0,No fault,0x03,right,311.583778,-2479,-0.184615,170,0,No fault,0.00
2026-08-12T10:48:30.154,1786524510.154423,9.118892,3,-2500,5.000000,550,-2500,0x04,left,190.947324,-2434,-0.172894,174,0,No fault,0x03,right,310.375876,-2568,-0.120147,173,0,No fault,134.00
2026-08-12T10:48:30.159,1786524510.159788,9.124241,3,-2500,5.000000,551,-2500,0x04,left,190.332392,-2434,-0.202198,178,0,No fault,0x03,right,309.782906,-2568,-0.190476,173,0,No fault,134.00
2026-08-12T10:48:30.165,1786524510.165054,9.129504,3,-2500,5.000000,552,-2500,0x04,left,189.717460,-2747,-0.208059,175,0,No fault,0x03,right,309.167974,-2613,-0.167033,173,0,No fault,-134.00
2026-08-12T10:48:30.170,1786524510.170322,9.134774,3,-2500,5.000000,553,-2500,0x04,left,189.146452,-2613,-0.208059,175,0,No fault,0x03,right,308.618927,-2300,-0.196337,174,0,No fault,-313.00
2026-08-12T10:48:30.175,1786524510.175606,9.140070,3,-2500,5.000000,554,-2500,0x04,left,188.553482,-2523,-0.213919,174,0,No fault,0x03,right,308.003996,-2568,-0.155311,172,0,No fault,45.00
2026-08-12T10:48:30.180,1786524510.180917,9.145368,3,-2500,5.000000,555,-2500,0x04,left,187.960512,-2389,-0.208059,175,0,No fault,0x03,right,307.411026,-2389,-0.131868,173,0,No fault,0.00
2026-08-12T10:48:30.186,1786524510.186197,9.150660,3,-2500,5.000000,556,-2500,0x04,left,187.345580,-2523,-0.143590,177,0,No fault,0x03,right,305.676039,-2523,-0.213919,172,0,No fault,0.00
2026-08-12T10:48:30.191,1786524510.191572,9.156034,3,-2500,5.000000,557,-2500,0x04,left,186.752610,-2479,-0.213919,176,0,No fault,0x03,right,305.368573,-2657,-0.178755,173,0,No fault,178.00
2026-08-12T10:48:30.196,1786524510.196893,9.161350,3,-2500,5.000000,558,-2500,0x04,left,186.137678,-2523,-0.202198,174,0,No fault,0x03,right,305.039146,-2389,-0.120147,172,0,No fault,-134.00
2026-08-12T10:48:30.212,1786524510.212416,9.176883,3,-2500,5.000000,559,-2500,0x04,left,184.951738,-2434,-0.219780,174,0,No fault,0x03,right,303.238274,-2523,-0.184615,172,0,No fault,89.00
2026-08-12T10:48:30.217,1786524510.217766,9.182230,3,-2500,5.000000,560,-2500,0x04,left,184.336806,-2479,-0.172894,174,0,No fault,0x03,right,302.667266,-2389,-0.172894,174,0,No fault,-90.00
2026-08-12T10:48:30.223,1786524510.223292,9.187784,3,-2500,5.000000,561,-2500,0x04,left,182.601820,-2613,-0.184615,173,0,No fault,0x03,right,302.074296,-2300,-0.096703,172,0,No fault,-313.00
2026-08-12T10:48:30.228,1786524510.228987,9.193466,3,-2500,5.000000,562,-2500,0x04,left,182.316316,-2300,-0.172894,174,0,No fault,0x03,right,301.459364,-2434,-0.172894,175,0,No fault,134.00
2026-08-12T10:48:30.234,1786524510.234492,9.198949,3,-2500,5.000000,563,-2500,0x04,left,181.986888,-2345,-0.178755,174,0,No fault,0x03,right,300.273424,-2255,-0.202198,170,0,No fault,-90.00
2026-08-12T10:48:30.239,1786524510.239861,9.204345,3,-2500,5.000000,564,-2500,0x04,left,181.393918,-2523,-0.254945,175,0,No fault,0x03,right,299.680454,-2523,-0.172894,172,0,No fault,0.00
2026-08-12T10:48:30.245,1786524510.245586,9.210054,3,-2500,5.000000,565,-2500,0x04,left,180.800948,-2434,-0.137729,174,0,No fault,0x03,right,299.065522,-2613,-0.131868,170,0,No fault,179.00
2026-08-12T10:48:30.251,1786524510.251181,9.215632,3,-2500,5.000000,566,-2500,0x04,left,179.549122,-2300,-0.184615,174,0,No fault,0x03,right,298.450590,-2479,-0.137729,172,0,No fault,179.00
2026-08-12T10:48:30.256,1786524510.256465,9.220913,3,-2500,5.000000,567,-2500,0x04,left,178.934190,-2300,-0.178755,174,0,No fault,0x03,right,297.879582,-2479,-0.178755,170,0,No fault,179.00
2026-08-12T10:48:30.261,1786524510.261792,9.226279,3,-2500,5.000000,568,-2500,0x04,left,178.319259,-2389,-0.202198,174,0,No fault,0x03,right,297.286612,-2389,-0.202198,172,0,No fault,0.00
2026-08-12T10:48:30.267,1786524510.267221,9.231672,3,-2500,5.000000,569,-2500,0x04,left,177.748250,-2434,-0.202198,174,0,No fault,0x03,right,296.671680,-2613,-0.114286,174,0,No fault,179.00
2026-08-12T10:48:30.272,1786524510.272574,9.237027,3,-2500,5.000000,570,-2500,0x04,left,177.155280,-2434,-0.208059,176,0,No fault,0x03,right,296.056748,-2747,-0.137729,174,0,No fault,313.00
2026-08-12T10:48:30.277,1786524510.277865,9.242311,3,-2500,5.000000,571,-2500,0x04,left,176.562310,-2389,-0.184615,174,0,No fault,0x03,right,295.485740,-2434,-0.155311,171,0,No fault,45.00
2026-08-12T10:48:30.285,1786524510.285611,9.250063,3,-2500,5.000000,572,-2500,0x04,left,175.969340,-2389,-0.254945,176,0,No fault,0x03,right,294.277838,-2523,-0.213919,173,0,No fault,134.00
2026-08-12T10:48:30.292,1786524510.292131,9.256629,3,-2500,5.000000,573,-2500,0x04,left,174.783400,-2479,-0.219780,174,0,No fault,0x03,right,293.662906,-2568,-0.090842,173,0,No fault,89.00
2026-08-12T10:48:30.297,1786524510.297619,9.262073,3,-2500,5.000000,574,-2500,0x04,left,174.190430,-2434,-0.184615,174,0,No fault,0x03,right,293.091898,-2434,-0.143590,173,0,No fault,0.00
2026-08-12T10:48:30.302,1786524510.302911,9.267364,3,-2500,5.000000,575,-2500,0x04,left,173.553537,-2568,-0.196337,175,0,No fault,0x03,right,292.455004,-2523,-0.172894,174,0,No fault,-45.00
2026-08-12T10:48:30.308,1786524510.308196,9.272643,3,-2500,5.000000,576,-2500,0x04,left,173.004490,-2300,-0.284249,175,0,No fault,0x03,right,291.862034,-2389,-0.161172,173,0,No fault,89.00
2026-08-12T10:48:30.313,1786524510.313572,9.278041,3,-2500,5.000000,577,-2500,0x04,left,172.389559,-2702,-0.155311,175,0,No fault,0x03,right,291.291026,-2300,-0.196337,173,0,No fault,-402.00
2026-08-12T10:48:30.318,1786524510.318974,9.283426,3,-2500,5.000000,578,-2500,0x04,left,171.818550,-2345,-0.208059,175,0,No fault,0x03,right,290.676094,-2389,-0.126007,174,0,No fault,44.00
2026-08-12T10:48:30.324,1786524510.324255,9.288703,3,-2500,5.000000,579,-2500,0x04,left,171.225580,-2345,-0.225641,174,0,No fault,0x03,right,290.083124,-2300,-0.126007,173,0,No fault,-45.00
2026-08-12T10:48:30.329,1786524510.329587,9.294048,3,-2500,5.000000,580,-2500,0x04,left,170.610649,-2613,-0.202198,177,0,No fault,0x03,right,289.490154,-2345,-0.190476,173,0,No fault,-268.00
2026-08-12T10:48:30.334,1786524510.334939,9.299386,3,-2500,5.000000,581,-2500,0x04,left,170.039640,-2211,-0.196337,174,0,No fault,0x03,right,288.875222,-2791,-0.213919,175,0,No fault,580.00
2026-08-12T10:48:30.340,1786524510.340202,9.304647,3,-2500,5.000000,582,-2500,0x04,left,169.424708,-2479,-0.190476,175,0,No fault,0x03,right,288.304214,-2479,-0.184615,174,0,No fault,0.00
2026-08-12T10:48:30.345,1786524510.345583,9.310032,3,-2500,5.000000,583,-2500,0x04,left,168.831738,-2434,-0.196337,175,0,No fault,0x03,right,287.689282,-2568,-0.149451,177,0,No fault,134.00
2026-08-12T10:48:30.361,1786524510.361151,9.325621,3,-2500,5.000000,584,-2500,0x04,left,167.052828,-2613,-0.190476,171,0,No fault,0x03,right,286.503342,-2479,-0.184615,174,0,No fault,-134.00
2026-08-12T10:48:30.366,1786524510.366552,9.331008,3,-2500,5.000000,585,-2500,0x04,left,166.415935,-2613,-0.219780,175,0,No fault,0x03,right,285.888411,-2657,-0.202198,173,0,No fault,44.00
2026-08-12T10:48:30.371,1786524510.371913,9.336402,3,-2500,5.000000,586,-2500,0x04,left,165.822965,-2523,-0.172894,176,0,No fault,0x03,right,285.317402,-2479,-0.137729,173,0,No fault,-44.00
2026-08-12T10:48:30.377,1786524510.377344,9.341791,3,-2500,5.000000,587,-2500,0x04,left,165.229995,-2568,-0.213919,175,0,No fault,0x03,right,284.702470,-2434,-0.184615,176,0,No fault,-134.00
2026-08-12T10:48:30.382,1786524510.382648,9.347094,3,-2500,5.000000,588,-2500,0x04,left,164.637025,-2300,-0.184615,174,0,No fault,0x03,right,284.109500,-2568,-0.208059,172,0,No fault,268.00
2026-08-12T10:48:30.387,1786524510.387972,9.352447,3,-2500,5.000000,589,-2500,0x04,left,164.044055,-2434,-0.167033,174,0,No fault,0x03,right,283.516530,-2479,-0.172894,172,0,No fault,45.00
2026-08-12T10:48:30.393,1786524510.393535,9.357993,3,-2500,5.000000,590,-2500,0x04,left,163.429123,-2568,-0.213919,175,0,No fault,0x03,right,281.693697,-2479,-0.143590,173,0,No fault,-89.00
2026-08-12T10:48:30.398,1786524510.398954,9.363407,3,-2500,5.000000,591,-2500,0x04,left,162.836153,-2434,-0.167033,176,0,No fault,0x03,right,281.056803,-2300,-0.202198,173,0,No fault,-134.00
2026-08-12T10:48:30.409,1786524510.409670,9.374150,3,-2500,5.000000,592,-2500,0x04,left,162.243183,-2657,-0.155311,176,0,No fault,0x03,right,279.870863,-2479,-0.167033,174,0,No fault,-178.00
2026-08-12T10:48:30.415,1786524510.415163,9.379618,3,-2500,5.000000,593,-2500,0x04,left,161.035281,-2479,-0.167033,176,0,No fault,0x03,right,279.277893,-2613,-0.126007,174,0,No fault,134.00
2026-08-12T10:48:30.420,1786524510.420491,9.384940,3,-2500,5.000000,594,-2500,0x04,left,159.344218,-2479,-0.161172,173,0,No fault,0x03,right,278.684923,-2389,-0.149451,173,0,No fault,-90.00
2026-08-12T10:48:30.425,1786524510.425832,9.390323,3,-2500,5.000000,595,-2500,0x04,left,159.036752,-2568,-0.137729,174,0,No fault,0x03,right,278.069991,-2479,-0.178755,173,0,No fault,-89.00
2026-08-12T10:48:30.431,1786524510.431262,9.395714,3,-2500,5.000000,596,-2500,0x04,left,158.685363,-2568,-0.149451,174,0,No fault,0x03,right,277.477021,-2434,-0.190476,173,0,No fault,-134.00
2026-08-12T10:48:30.436,1786524510.436529,9.400974,3,-2500,5.000000,597,-2500,0x04,left,158.114355,-2300,-0.161172,174,0,No fault,0x03,right,276.862089,-2613,-0.108425,172,0,No fault,313.00
2026-08-12T10:48:30.441,1786524510.441875,9.406353,3,-2500,5.000000,598,-2500,0x04,left,157.499423,-2345,-0.161172,174,0,No fault,0x03,right,276.269119,-2479,-0.090842,173,0,No fault,134.00
2026-08-12T10:48:30.447,1786524510.447282,9.411730,3,-2500,5.000000,599,-2500,0x04,left,156.884491,-2657,-0.149451,175,0,No fault,0x03,right,275.654187,-2568,-0.149451,172,0,No fault,-89.00
2026-08-12T10:48:30.452,1786524510.452540,9.416985,3,-2500,5.000000,600,-2500,0x04,left,156.313483,-2345,-0.184615,172,0,No fault,0x03,right,275.061217,-2300,-0.126007,173,0,No fault,-45.00
2026-08-12T10:48:30.457,1786524510.457779,9.422224,3,-2500,5.000000,601,-2500,0x04,left,155.698551,-2255,-0.155311,175,0,No fault,0x03,right,274.490209,-2300,-0.213919,173,0,No fault,45.00
2026-08-12T10:48:30.463,1786524510.463114,9.427595,3,-2500,5.000000,602,-2500,0x04,left,155.083619,-2345,-0.114286,175,0,No fault,0x03,right,273.875277,-2389,-0.114286,176,0,No fault,44.00
2026-08-12T10:48:30.468,1786524510.468508,9.432956,3,-2500,5.000000,603,-2500,0x04,left,154.512611,-2434,-0.196337,175,0,No fault,0x03,right,273.260346,-2523,-0.073260,173,0,No fault,89.00
2026-08-12T10:48:30.473,1786524510.473897,9.438347,3,-2500,5.000000,604,-2500,0x04,left,153.897679,-2300,-0.143590,175,0,No fault,0x03,right,272.667376,-2523,-0.161172,173,0,No fault,223.00
2026-08-12T10:48:30.479,1786524510.479150,9.443595,3,-2500,5.000000,605,-2500,0x04,left,153.304709,-2523,-0.190476,174,0,No fault,0x03,right,272.074405,-2255,-0.137729,173,0,No fault,-268.00
2026-08-12T10:48:30.484,1786524510.484455,9.448921,3,-2500,5.000000,606,-2500,0x04,left,152.711739,-2211,-0.120147,175,0,No fault,0x03,right,271.481435,-2389,-0.161172,172,0,No fault,178.00
2026-08-12T10:48:30.489,1786524510.489814,9.454261,3,-2500,5.000000,607,-2500,0x04,left,152.074845,-2747,-0.137729,174,0,No fault,0x03,right,270.844542,-2657,-0.120147,174,0,No fault,-90.00
2026-08-12T10:48:30.495,1786524510.495236,9.459703,3,-2500,5.000000,608,-2500,0x04,left,151.503837,-2300,-0.190476,175,0,No fault,0x03,right,270.251572,-2479,-0.102564,173,0,No fault,179.00
2026-08-12T10:48:30.500,1786524510.500615,9.465068,3,-2500,5.000000,609,-2500,0x04,left,150.888905,-2568,-0.167033,174,0,No fault,0x03,right,269.658602,-2345,-0.196337,172,0,No fault,-223.00
2026-08-12T10:48:30.505,1786524510.505945,9.470399,3,-2500,5.000000,610,-2500,0x04,left,150.295935,-2479,-0.167033,173,0,No fault,0x03,right,269.065632,-2434,-0.208059,173,0,No fault,-45.00
2026-08-12T10:48:30.511,1786524510.511426,9.475892,3,-2500,5.000000,611,-2500,0x04,left,149.702965,-2479,-0.178755,175,0,No fault,0x03,right,268.494624,-2389,-0.190476,173,0,No fault,-90.00
2026-08-12T10:48:30.516,1786524510.516837,9.481299,3,-2500,5.000000,612,-2500,0x04,left,148.495063,-2479,-0.208059,174,0,No fault,0x03,right,267.879692,-2568,-0.102564,173,0,No fault,89.00
2026-08-12T10:48:30.522,1786524510.522362,9.486840,3,-2500,5.000000,613,-2500,0x04,left,147.902093,-2479,-0.213919,175,0,No fault,0x03,right,267.286722,-2389,-0.167033,173,0,No fault,-90.00
2026-08-12T10:48:30.527,1786524510.527852,9.492310,3,-2500,5.000000,614,-2500,0x04,left,147.309123,-2434,-0.190476,174,0,No fault,0x03,right,266.078820,-2479,-0.225641,172,0,No fault,45.00
2026-08-12T10:48:30.533,1786524510.533209,9.497662,3,-2500,5.000000,615,-2500,0x04,left,146.694192,-2479,-0.178755,174,0,No fault,0x03,right,265.485850,-2255,-0.137729,171,0,No fault,-224.00
2026-08-12T10:48:30.538,1786524510.538837,9.503297,3,-2500,5.000000,616,-2500,0x04,left,146.101222,-2523,-0.231502,176,0,No fault,0x03,right,264.870918,-2434,-0.090842,173,0,No fault,-89.00
2026-08-12T10:48:30.544,1786524510.544270,9.508731,3,-2500,5.000000,617,-2500,0x04,left,145.508251,-2568,-0.143590,172,0,No fault,0x03,right,264.277948,-2479,-0.208059,173,0,No fault,-89.00
2026-08-12T10:48:30.560,1786524510.560028,9.524491,3,-2500,5.000000,618,-2500,0x04,left,143.729341,-2434,-0.172894,174,0,No fault,0x03,right,263.092008,-2389,-0.196337,173,0,No fault,-45.00
2026-08-12T10:48:30.565,1786524510.565388,9.529843,3,-2500,5.000000,619,-2500,0x04,left,143.158333,-2434,-0.254945,175,0,No fault,0x03,right,262.477076,-2568,-0.126007,171,0,No fault,134.00
2026-08-12T10:48:30.570,1786524510.570762,9.535216,3,-2500,5.000000,620,-2500,0x04,left,142.543401,-2613,-0.196337,177,0,No fault,0x03,right,261.884106,-2568,-0.102564,175,0,No fault,-45.00
2026-08-12T10:48:30.576,1786524510.576100,9.540554,3,-2500,5.000000,621,-2500,0x04,left,141.950431,-2479,-0.213919,176,0,No fault,0x03,right,261.269174,-2613,-0.190476,173,0,No fault,134.00
2026-08-12T10:48:30.581,1786524510.581431,9.545918,3,-2500,5.000000,622,-2500,0x04,left,141.357461,-2479,-0.219780,175,0,No fault,0x03,right,260.676204,-2345,-0.155311,173,0,No fault,-134.00
2026-08-12T10:48:30.586,1786524510.586818,9.551291,3,-2500,5.000000,623,-2500,0x04,left,140.764491,-2479,-0.161172,175,0,No fault,0x03,right,260.083234,-2300,-0.167033,173,0,No fault,-179.00
2026-08-12T10:48:30.592,1786524510.592229,9.556682,3,-2500,5.000000,624,-2500,0x04,left,140.171521,-2255,-0.231502,174,0,No fault,0x03,right,259.490264,-2657,-0.126007,172,0,No fault,402.00
2026-08-12T10:48:30.597,1786524510.597547,9.561999,3,-2500,5.000000,625,-2500,0x04,left,139.578551,-2389,-0.196337,175,0,No fault,0x03,right,257.733316,-2389,-0.172894,173,0,No fault,0.00
2026-08-12T10:48:30.603,1786524510.603019,9.567628,3,-2500,5.000000,626,-2500,0x04,left,138.963620,-2434,-0.213919,171,0,No fault,0x03,right,257.425850,-2345,-0.167033,169,0,No fault,-89.00
2026-08-12T10:48:30.614,1786524510.614024,9.578489,3,-2500,5.000000,627,-2500,0x04,left,138.392611,-2300,-0.196337,175,0,No fault,0x03,right,256.459529,-2568,-0.096703,173,0,No fault,268.00
2026-08-12T10:48:30.619,1786524510.619503,9.583960,3,-2500,5.000000,628,-2500,0x04,left,137.184710,-2345,-0.172894,176,0,No fault,0x03,right,255.866559,-2434,-0.126007,173,0,No fault,89.00
2026-08-12T10:48:30.624,1786524510.624988,9.589463,3,-2500,5.000000,629,-2500,0x04,left,135.449723,-2479,-0.184615,175,0,No fault,0x03,right,255.251627,-2345,-0.114286,173,0,No fault,-134.00
2026-08-12T10:48:30.630,1786524510.630457,9.594913,3,-2500,5.000000,630,-2500,0x04,left,135.164219,-2479,-0.161172,177,0,No fault,0x03,right,254.043725,-2568,-0.120147,173,0,No fault,89.00
2026-08-12T10:48:30.635,1786524510.635797,9.600250,3,-2500,5.000000,631,-2500,0x04,left,134.812829,-2300,-0.172894,175,0,No fault,0x03,right,253.428793,-2747,-0.067399,173,0,No fault,447.00
2026-08-12T10:48:30.641,1786524510.641154,9.605628,3,-2500,5.000000,632,-2500,0x04,left,134.197898,-2568,-0.172894,175,0,No fault,0x03,right,252.835823,-2747,-0.126007,170,0,No fault,179.00
2026-08-12T10:48:30.646,1786524510.646550,9.611013,3,-2500,5.000000,633,-2500,0x04,left,133.582966,-2568,-0.196337,175,0,No fault,0x03,right,252.242853,-2523,-0.143590,174,0,No fault,-45.00
2026-08-12T10:48:30.651,1786524510.651917,9.616371,3,-2500,5.000000,634,-2500,0x04,left,133.011958,-2479,-0.213919,175,0,No fault,0x03,right,251.649883,-2345,-0.167033,170,0,No fault,-134.00
2026-08-12T10:48:30.657,1786524510.657242,9.621692,3,-2500,5.000000,635,-2500,0x04,left,132.397026,-2434,-0.161172,175,0,No fault,0x03,right,251.056913,-2523,-0.137729,173,0,No fault,89.00
2026-08-12T10:48:30.662,1786524510.662569,9.627022,3,-2500,5.000000,636,-2500,0x04,left,131.804056,-2613,-0.190476,175,0,No fault,0x03,right,250.441981,-2568,-0.108425,173,0,No fault,-45.00
2026-08-12T10:48:30.667,1786524510.667915,9.632387,3,-2500,5.000000,637,-2500,0x04,left,131.211086,-2434,-0.167033,175,0,No fault,0x03,right,249.849011,-2345,-0.184615,172,0,No fault,-89.00
2026-08-12T10:48:30.673,1786524510.673324,9.637780,3,-2500,5.000000,638,-2500,0x04,left,130.618116,-2613,-0.219780,174,0,No fault,0x03,right,249.234079,-2568,-0.184615,176,0,No fault,-45.00
2026-08-12T10:48:30.678,1786524510.678697,9.643149,3,-2500,5.000000,639,-2500,0x04,left,130.047108,-2389,-0.196337,174,0,No fault,0x03,right,248.641109,-2389,-0.190476,173,0,No fault,0.00
2026-08-12T10:48:30.683,1786524510.683983,9.648427,3,-2500,5.000000,640,-2500,0x04,left,129.432176,-2345,-0.172894,170,0,No fault,0x03,right,248.070101,-2434,-0.167033,172,0,No fault,89.00
2026-08-12T10:48:30.689,1786524510.689277,9.653739,3,-2500,5.000000,641,-2500,0x04,left,128.839206,-2389,-0.167033,174,0,No fault,0x03,right,247.477131,-2300,-0.143590,173,0,No fault,-89.00
2026-08-12T10:48:30.694,1786524510.694689,9.659141,3,-2500,5.000000,642,-2500,0x04,left,128.246236,-2613,-0.219780,173,0,No fault,0x03,right,246.862199,-2300,-0.184615,173,0,No fault,-313.00
2026-08-12T10:48:30.700,1786524510.700018,9.664469,3,-2500,5.000000,643,-2500,0x04,left,127.653266,-2389,-0.219780,174,0,No fault,0x03,right,246.269229,-2345,-0.237363,173,0,No fault,-44.00
2026-08-12T10:48:30.705,1786524510.705388,9.669858,3,-2500,5.000000,644,-2500,0x04,left,127.060296,-2434,-0.196337,174,0,No fault,0x03,right,245.654297,-2613,-0.202198,174,0,No fault,179.00
2026-08-12T10:48:30.711,1786524510.711008,9.675463,3,-2500,5.000000,645,-2500,0x04,left,126.467326,-2479,-0.178755,174,0,No fault,0x03,right,245.017404,-2657,-0.120147,173,0,No fault,178.00
2026-08-12T10:48:30.716,1786524510.716437,9.680891,3,-2500,5.000000,646,-2500,0x04,left,125.281386,-2300,-0.178755,177,0,No fault,0x03,right,244.446395,-2300,-0.178755,173,0,No fault,0.00
2026-08-12T10:48:30.721,1786524510.721978,9.686430,3,-2500,5.000000,647,-2500,0x04,left,124.666454,-2300,-0.225641,174,0,No fault,0x03,right,243.853425,-2568,-0.225641,174,0,No fault,268.00
2026-08-12T10:48:30.727,1786524510.727479,9.691952,3,-2500,5.000000,648,-2500,0x04,left,124.073484,-2345,-0.137729,175,0,No fault,0x03,right,242.667485,-2434,-0.172894,174,0,No fault,89.00
2026-08-12T10:48:30.732,1786524510.732858,9.697307,3,-2500,5.000000,649,-2500,0x04,left,123.458552,-2434,-0.208059,176,0,No fault,0x03,right,242.052554,-2657,-0.102564,174,0,No fault,223.00
2026-08-12T10:48:30.738,1786524510.738163,9.702630,3,-2500,5.000000,650,-2500,0x04,left,122.887544,-2479,-0.219780,174,0,No fault,0x03,right,241.459584,-2434,-0.155311,172,0,No fault,-45.00
2026-08-12T10:48:30.743,1786524510.743589,9.708054,3,-2500,5.000000,651,-2500,0x04,left,122.250650,-2434,-0.178755,171,0,No fault,0x03,right,240.866614,-2523,-0.196337,171,0,No fault,89.00
2026-08-12T10:48:30.749,1786524510.749003,9.713479,3,-2500,5.000000,652,-2500,0x04,left,121.679642,-2434,-0.208059,174,0,No fault,0x03,right,240.273644,-2255,-0.161172,173,0,No fault,-179.00
2026-08-12T10:48:30.764,1786524510.764720,9.729187,3,-2500,5.000000,653,-2500,0x04,left,119.856808,-2389,-0.196337,175,0,No fault,0x03,right,239.680674,-2389,-0.167033,173,0,No fault,0.00
2026-08-12T10:48:30.770,1786524510.770102,9.734559,3,-2500,5.000000,654,-2500,0x04,left,119.263838,-2568,-0.184615,175,0,No fault,0x03,right,238.450810,-2523,-0.143590,176,0,No fault,-45.00
2026-08-12T10:48:30.775,1786524510.775451,9.739906,3,-2500,5.000000,655,-2500,0x04,left,118.670868,-2434,-0.184615,175,0,No fault,0x03,right,237.835878,-2434,-0.178755,176,0,No fault,0.00
2026-08-12T10:48:30.780,1786524510.780922,9.745424,3,-2500,5.000000,656,-2500,0x04,left,118.077898,-2345,-0.167033,174,0,No fault,0x03,right,237.242908,-2345,-0.196337,172,0,No fault,0.00
2026-08-12T10:48:30.786,1786524510.786444,9.750932,3,-2500,5.000000,657,-2500,0x04,left,117.484928,-2345,-0.184615,171,0,No fault,0x03,right,236.627976,-2747,-0.120147,172,0,No fault,402.00
2026-08-12T10:48:30.794,1786524510.794084,9.758546,3,-2500,5.000000,658,-2500,0x04,left,116.277026,-2523,-0.225641,175,0,No fault,0x03,right,236.035006,-2523,-0.143590,173,0,No fault,0.00
2026-08-12T10:48:30.799,1786524510.799544,9.764000,3,-2500,5.000000,659,-2500,0x04,left,115.684056,-2613,-0.208059,174,0,No fault,0x03,right,235.420074,-2479,-0.137729,172,0,No fault,-134.00
2026-08-12T10:48:30.804,1786524510.804919,9.769381,3,-2500,5.000000,660,-2500,0x04,left,115.113048,-2255,-0.149451,174,0,No fault,0x03,right,233.267813,-2389,-0.108425,173,0,No fault,134.00
2026-08-12T10:48:30.820,1786524510.820638,9.785112,3,-2500,5.000000,661,-2500,0x04,left,113.927108,-2211,-0.196337,174,0,No fault,0x03,right,232.257568,-2568,-0.167033,173,0,No fault,357.00
2026-08-12T10:48:30.826,1786524510.826075,9.790547,3,-2500,5.000000,662,-2500,0x04,left,113.312176,-2613,-0.213919,174,0,No fault,0x03,right,231.686559,-2434,-0.190476,173,0,No fault,-179.00
2026-08-12T10:48:30.831,1786524510.831467,9.795941,3,-2500,5.000000,663,-2500,0x04,left,111.708961,-2389,-0.208059,177,0,No fault,0x03,right,231.093589,-2434,-0.167033,173,0,No fault,45.00
2026-08-12T10:48:30.836,1786524510.836912,9.801383,3,-2500,5.000000,664,-2500,0x04,left,111.401495,-2568,-0.243223,175,0,No fault,0x03,right,230.478658,-2702,-0.126007,173,0,No fault,134.00
2026-08-12T10:48:30.842,1786524510.842312,9.806767,3,-2500,5.000000,665,-2500,0x04,left,111.072067,-2657,-0.237363,174,0,No fault,0x03,right,229.907649,-2300,-0.190476,173,0,No fault,-357.00
2026-08-12T10:48:30.847,1786524510.847922,9.812380,3,-2500,5.000000,666,-2500,0x04,left,110.479097,-2613,-0.225641,174,0,No fault,0x03,right,229.292717,-2389,-0.208059,173,0,No fault,-224.00
2026-08-12T10:48:30.853,1786524510.853479,9.817947,3,-2500,5.000000,667,-2500,0x04,left,109.293157,-2389,-0.184615,175,0,No fault,0x03,right,228.699747,-2523,-0.190476,173,0,No fault,134.00
2026-08-12T10:48:30.858,1786524510.858862,9.823317,3,-2500,5.000000,668,-2500,0x04,left,108.700187,-2300,-0.196337,174,0,No fault,0x03,right,228.084816,-2613,-0.190476,171,0,No fault,313.00
2026-08-12T10:48:30.864,1786524510.864346,9.828799,3,-2500,5.000000,669,-2500,0x04,left,108.107217,-2255,-0.208059,174,0,No fault,0x03,right,227.469884,-2523,-0.143590,174,0,No fault,268.00
2026-08-12T10:48:30.869,1786524510.869707,9.834169,3,-2500,5.000000,670,-2500,0x04,left,107.514247,-2523,-0.208059,174,0,No fault,0x03,right,229.753916,-2434,-0.178755,174,0,No fault,-89.00
2026-08-12T10:48:30.875,1786524510.875252,9.839709,3,-2500,5.000000,671,-2500,0x04,left,106.921277,-2434,-0.202198,174,0,No fault,0x03,right,226.876914,-2568,-0.167033,174,0,No fault,134.00
2026-08-12T10:48:30.880,1786524510.880606,9.845058,3,-2500,5.000000,672,-2500,0x04,left,106.328307,-2479,-0.231502,175,0,No fault,0x03,right,226.283944,-2479,-0.208059,173,0,No fault,0.00
2026-08-12T10:48:30.885,1786524510.885970,9.850434,3,-2500,5.000000,673,-2500,0x04,left,105.735337,-2434,-0.161172,175,0,No fault,0x03,right,225.734897,-2255,-0.249084,172,0,No fault,-179.00
2026-08-12T10:48:30.891,1786524510.891551,9.856007,3,-2500,5.000000,674,-2500,0x04,left,105.142367,-2434,-0.196337,176,0,No fault,0x03,right,225.098004,-2523,-0.108425,173,0,No fault,89.00
2026-08-12T10:48:30.896,1786524510.896935,9.861386,3,-2500,5.000000,675,-2500,0x04,left,104.549397,-2523,-0.208059,174,0,No fault,0x03,right,223.912064,-2345,-0.213919,174,0,No fault,-178.00
2026-08-12T10:48:30.902,1786524510.902248,9.866699,3,-2500,5.000000,676,-2500,0x04,left,103.956427,-2434,-0.155311,174,0,No fault,0x03,right,223.319094,-2523,-0.219780,172,0,No fault,89.00
2026-08-12T10:48:30.907,1786524510.907570,9.872040,3,-2500,5.000000,677,-2500,0x04,left,103.341495,-2568,-0.208059,173,0,No fault,0x03,right,222.726124,-2389,-0.178755,174,0,No fault,-179.00
2026-08-12T10:48:30.912,1786524510.912944,9.877395,3,-2500,5.000000,678,-2500,0x04,left,102.748525,-2523,-0.208059,175,0,No fault,0x03,right,222.133154,-2300,-0.108425,174,0,No fault,-223.00
2026-08-12T10:48:30.918,1786524510.918254,9.882706,3,-2500,5.000000,679,-2500,0x04,left,102.155555,-2523,-0.167033,174,0,No fault,0x03,right,221.518222,-2479,-0.155311,172,0,No fault,-44.00
2026-08-12T10:48:30.923,1786524510.923566,9.888016,3,-2500,5.000000,680,-2500,0x04,left,101.584547,-2121,-0.243223,173,0,No fault,0x03,right,220.925252,-2568,-0.202198,172,0,No fault,447.00
2026-08-12T10:48:30.928,1786524510.928869,9.893317,3,-2500,5.000000,681,-2500,0x04,left,100.969615,-2568,-0.114286,174,0,No fault,0x03,right,220.332282,-2568,-0.243223,170,0,No fault,0.00
2026-08-12T10:48:30.934,1786524510.934162,9.898612,3,-2500,5.000000,682,-2500,0x04,left,100.354683,-2613,-0.172894,174,0,No fault,0x03,right,219.739312,-2255,-0.143590,172,0,No fault,-358.00
2026-08-12T10:48:30.939,1786524510.939473,9.903929,3,-2500,5.000000,683,-2500,0x04,left,99.783675,-2300,-0.178755,174,0,No fault,0x03,right,219.124380,-2434,-0.120147,174,0,No fault,134.00
2026-08-12T10:48:30.945,1786524510.945138,9.909595,3,-2500,5.000000,684,-2500,0x04,left,98.575773,-2479,-0.137729,174,0,No fault,0x03,right,218.509448,-2568,-0.155311,173,0,No fault,89.00
2026-08-12T10:48:30.950,1786524510.950471,9.914914,3,-2500,5.000000,685,-2500,0x04,left,97.982803,-2657,-0.172894,177,0,No fault,0x03,right,217.916478,-2300,-0.167033,170,0,No fault,-357.00
2026-08-12T10:48:30.966,1786524510.966002,9.930456,3,-2500,5.000000,686,-2500,0x04,left,96.181932,-2389,-0.208059,174,0,No fault,0x03,right,216.730538,-2613,-0.090842,177,0,No fault,224.00
2026-08-12T10:48:30.971,1786524510.971323,9.935773,3,-2500,5.000000,687,-2500,0x04,left,95.588962,-2389,-0.155311,175,0,No fault,0x03,right,216.115606,-2568,-0.114286,172,0,No fault,179.00
2026-08-12T10:48:30.976,1786524510.976629,9.941079,3,-2500,5.000000,688,-2500,0x04,left,94.995992,-2255,-0.131868,174,0,No fault,0x03,right,215.522636,-2568,-0.155311,175,0,No fault,313.00
2026-08-12T10:48:30.981,1786524510.981949,9.946414,3,-2500,5.000000,689,-2500,0x04,left,94.381060,-2300,-0.167033,174,0,No fault,0x03,right,214.907704,-2479,-0.155311,173,0,No fault,179.00
2026-08-12T10:48:30.987,1786524510.987463,9.951922,3,-2500,5.000000,690,-2500,0x04,left,93.766128,-2568,-0.167033,174,0,No fault,0x03,right,214.314734,-2568,-0.196337,172,0,No fault,0.00
2026-08-12T10:48:30.992,1786524510.992810,9.957265,3,-2500,5.000000,691,-2500,0x04,left,93.173158,-2523,-0.225641,172,0,No fault,0x03,right,213.721764,-2523,-0.079121,172,0,No fault,0.00
2026-08-12T10:48:30.998,1786524510.998152,9.962606,3,-2500,5.000000,692,-2500,0x04,left,92.580188,-2479,-0.126007,175,0,No fault,0x03,right,213.128794,-2389,-0.096703,172,0,No fault,-90.00
2026-08-12T10:48:31.003,1786524511.003494,9.967953,3,-2500,5.000000,693,-2500,0x04,left,91.987218,-2389,-0.126007,174,0,No fault,0x03,right,212.491901,-2836,-0.155311,171,0,No fault,447.00
2026-08-12T10:48:31.009,1786524511.009101,9.973557,3,-2500,5.000000,694,-2500,0x04,left,91.372286,-2657,-0.202198,175,0,No fault,0x03,right,211.920892,-2345,-0.155311,174,0,No fault,-312.00
2026-08-12T10:48:31.024,1786524511.024956,9.989435,3,-2500,5.000000,695,-2500,0x04,left,90.779316,-2657,-0.184615,174,0,No fault,0x03,right,208.824271,-2479,-0.196337,172,0,No fault,-178.00
2026-08-12T10:48:31.030,1786524511.030552,9.995032,3,-2500,5.000000,696,-2500,0x04,left,89.593376,-2523,-0.190476,175,0,No fault,0x03,right,208.231301,-2523,-0.143590,173,0,No fault,0.00
2026-08-12T10:48:31.035,1786524511.035927,10.000392,3,-2500,5.000000,697,-2500,0x04,left,87.770542,-2523,-0.225641,175,0,No fault,0x03,right,207.616369,-2389,-0.120147,173,0,No fault,-134.00
2026-08-12T10:48:31.041,1786524511.041244,10.005700,3,-2500,5.000000,698,-2500,0x04,left,87.463076,-2523,-0.190476,175,0,No fault,0x03,right,207.023399,-2657,-0.184615,172,0,No fault,134.00
2026-08-12T10:48:31.046,1786524511.046610,10.011103,3,-2500,5.000000,699,-2500,0x04,left,87.133648,-2479,-0.190476,175,0,No fault,0x03,right,206.408468,-2747,-0.225641,173,0,No fault,268.00
2026-08-12T10:48:31.052,1786524511.052076,10.016541,3,-2500,5.000000,700,-2500,0x04,left,86.540678,-2479,-0.178755,174,0,No fault,0x03,right,205.837459,-2434,-0.208059,172,0,No fault,-45.00
2026-08-12T10:48:31.057,1786524511.057488,10.021951,3,-2500,5.000000,701,-2500,0x04,left,85.969670,-2389,-0.225641,174,0,No fault,0x03,right,205.244489,-2479,-0.102564,172,0,No fault,90.00
2026-08-12T10:48:31.062,1786524511.062819,10.027278,3,-2500,5.000000,702,-2500,0x04,left,85.354738,-2434,-0.202198,174,0,No fault,0x03,right,204.629558,-2613,-0.114286,173,0,No fault,179.00
2026-08-12T10:48:31.068,1786524511.068254,10.032707,3,-2500,5.000000,703,-2500,0x04,left,84.783730,-2211,-0.278388,174,0,No fault,0x03,right,204.014626,-2389,-0.172894,172,0,No fault,178.00
2026-08-12T10:48:31.073,1786524511.073690,10.038177,3,-2500,5.000000,704,-2500,0x04,left,84.190760,-2389,-0.167033,174,0,No fault,0x03,right,205.925307,-2255,-0.213919,174,0,No fault,-134.00
2026-08-12T10:48:31.079,1786524511.079172,10.043644,3,-2500,5.000000,705,-2500,0x04,left,82.982858,-2657,-0.272527,174,0,No fault,0x03,right,202.828686,-2434,-0.202198,173,0,No fault,-223.00
2026-08-12T10:48:31.084,1786524511.084554,10.049036,3,-2500,5.000000,706,-2500,0x04,left,82.389888,-2479,-0.184615,174,0,No fault,0x03,right,202.213754,-2523,-0.114286,173,0,No fault,44.00
2026-08-12T10:48:31.089,1786524511.089974,10.054439,3,-2500,5.000000,707,-2500,0x04,left,81.774957,-2613,-0.237363,174,0,No fault,0x03,right,201.620784,-2389,-0.120147,172,0,No fault,-224.00
2026-08-12T10:48:31.095,1786524511.095345,10.059802,3,-2500,5.000000,708,-2500,0x04,left,81.203948,-2345,-0.202198,171,0,No fault,0x03,right,200.983890,-2434,-0.184615,170,0,No fault,89.00
2026-08-12T10:48:31.100,1786524511.100672,10.065132,3,-2500,5.000000,709,-2500,0x04,left,80.610978,-2389,-0.172894,174,0,No fault,0x03,right,200.412882,-2300,-0.202198,173,0,No fault,-89.00
2026-08-12T10:48:31.106,1786524511.106020,10.070495,3,-2500,5.000000,710,-2500,0x04,left,79.996046,-2479,-0.213919,174,0,No fault,0x03,right,199.775988,-2613,-0.149451,173,0,No fault,134.00
2026-08-12T10:48:31.111,1786524511.111526,10.075986,3,-2500,5.000000,711,-2500,0x04,left,79.403076,-2613,-0.190476,175,0,No fault,0x03,right,199.204980,-2613,-0.079121,174,0,No fault,0.00
2026-08-12T10:48:31.117,1786524511.117054,10.081513,3,-2500,5.000000,712,-2500,0x04,left,78.810106,-2568,-0.202198,179,0,No fault,0x03,right,197.997078,-2345,-0.178755,172,0,No fault,-223.00
2026-08-12T10:48:31.122,1786524511.122355,10.086810,3,-2500,5.000000,713,-2500,0x04,left,78.217136,-2479,-0.202198,170,0,No fault,0x03,right,197.404108,-2211,-0.149451,173,0,No fault,-268.00
2026-08-12T10:48:31.127,1786524511.127683,10.092156,3,-2500,5.000000,714,-2500,0x04,left,77.624166,-2479,-0.184615,174,0,No fault,0x03,right,196.811138,-2389,-0.102564,174,0,No fault,-90.00
2026-08-12T10:48:31.133,1786524511.133031,10.097482,3,-2500,5.000000,715,-2500,0x04,left,77.009235,-2657,-0.190476,174,0,No fault,0x03,right,196.196206,-2434,-0.084982,172,0,No fault,-223.00
2026-08-12T10:48:31.138,1786524511.138319,10.102791,3,-2500,5.000000,716,-2500,0x04,left,76.416265,-2389,-0.237363,174,0,No fault,0x03,right,195.581274,-2568,-0.149451,172,0,No fault,179.00
2026-08-12T10:48:31.143,1786524511.143739,10.108218,3,-2500,5.000000,717,-2500,0x04,left,75.823295,-2613,-0.219780,175,0,No fault,0x03,right,194.966343,-2568,-0.137729,173,0,No fault,-45.00
2026-08-12T10:48:31.149,1786524511.149148,10.113610,3,-2500,5.000000,718,-2500,0x04,left,75.230325,-2479,-0.161172,174,0,No fault,0x03,right,194.395334,-2434,-0.184615,173,0,No fault,-45.00
2026-08-12T10:48:31.154,1786524511.154497,10.118964,3,-2500,5.000000,719,-2500,0x04,left,74.615393,-2747,-0.208059,174,0,No fault,0x03,right,193.780403,-2613,-0.102564,176,0,No fault,-134.00
2026-08-12T10:48:31.170,1786524511.170109,10.134581,3,-2500,5.000000,720,-2500,0x04,left,72.836483,-2568,-0.196337,173,0,No fault,0x03,right,192.572501,-2389,-0.161172,173,0,No fault,-179.00
2026-08-12T10:48:31.175,1786524511.175493,10.139960,3,-2500,5.000000,721,-2500,0x04,left,72.221551,-2568,-0.131868,174,0,No fault,0x03,right,191.979531,-2345,-0.184615,173,0,No fault,-223.00
2026-08-12T10:48:31.181,1786524511.181001,10.145493,3,-2500,5.000000,722,-2500,0x04,left,71.650543,-2434,-0.213919,175,0,No fault,0x03,right,191.386561,-2345,-0.184615,174,0,No fault,-89.00
2026-08-12T10:48:31.186,1786524511.186549,10.151004,3,-2500,5.000000,723,-2500,0x04,left,70.442641,-2345,-0.213919,175,0,No fault,0x03,right,190.793591,-2389,-0.114286,173,0,No fault,44.00
2026-08-12T10:48:31.191,1786524511.191922,10.156387,3,-2500,5.000000,724,-2500,0x04,left,69.849671,-2657,-0.231502,174,0,No fault,0x03,right,190.178659,-2613,-0.120147,176,0,No fault,-44.00
2026-08-12T10:48:31.197,1786524511.197294,10.161756,3,-2500,5.000000,725,-2500,0x04,left,69.256701,-2389,-0.178755,174,0,No fault,0x03,right,189.585689,-2747,-0.225641,173,0,No fault,358.00
2026-08-12T10:48:31.202,1786524511.202669,10.167128,3,-2500,5.000000,726,-2500,0x04,left,68.663731,-2523,-0.196337,176,0,No fault,0x03,right,188.992719,-2211,-0.202198,174,0,No fault,-312.00
2026-08-12T10:48:31.208,1786524511.208024,10.172486,3,-2500,5.000000,727,-2500,0x04,left,68.070761,-2434,-0.237363,174,0,No fault,0x03,right,190.947324,-2434,-0.172894,174,0,No fault,0.00
2026-08-12T10:48:31.229,1786524511.229064,10.193546,3,-2500,5.000000,728,-2500,0x04,left,66.291851,-2434,-0.196337,175,0,No fault,0x03,right,184.819967,-2479,-0.108425,173,0,No fault,45.00
2026-08-12T10:48:31.234,1786524511.234494,10.198953,3,-2500,5.000000,729,-2500,0x04,left,64.578826,-2434,-0.213919,174,0,No fault,0x03,right,184.226997,-2568,-0.190476,174,0,No fault,134.00
2026-08-12T10:48:31.239,1786524511.239829,10.204286,3,-2500,5.000000,730,-2500,0x04,left,64.227437,-2479,-0.126007,175,0,No fault,0x03,right,183.634027,-2613,-0.213919,173,0,No fault,134.00
2026-08-12T10:48:31.245,1786524511.245142,10.209603,3,-2500,5.000000,731,-2500,0x04,left,63.919971,-2434,-0.137729,174,0,No fault,0x03,right,183.041057,-2479,-0.202198,173,0,No fault,45.00
2026-08-12T10:48:31.250,1786524511.250477,10.214938,3,-2500,5.000000,732,-2500,0x04,left,63.348963,-2434,-0.225641,174,0,No fault,0x03,right,182.426125,-2702,-0.137729,173,0,No fault,268.00
2026-08-12T10:48:31.255,1786524511.255933,10.220392,3,-2500,5.000000,733,-2500,0x04,left,62.734031,-2523,-0.172894,174,0,No fault,0x03,right,181.833155,-2434,-0.102564,173,0,No fault,-89.00
2026-08-12T10:48:31.261,1786524511.261267,10.225727,3,-2500,5.000000,734,-2500,0x04,left,62.141061,-2613,-0.196337,174,0,No fault,0x03,right,181.240185,-2568,-0.202198,173,0,No fault,-45.00
2026-08-12T10:48:31.266,1786524511.266641,10.231099,3,-2500,5.000000,735,-2500,0x04,left,61.570053,-2255,-0.202198,174,0,No fault,0x03,right,180.625253,-2523,-0.184615,173,0,No fault,268.00
2026-08-12T10:48:31.271,1786524511.271955,10.236414,3,-2500,5.000000,736,-2500,0x04,left,60.955121,-2434,-0.161172,173,0,No fault,0x03,right,180.032283,-2389,-0.178755,173,0,No fault,-45.00
2026-08-12T10:48:31.277,1786524511.277301,10.241769,3,-2500,5.000000,737,-2500,0x04,left,60.362151,-2389,-0.196337,172,0,No fault,0x03,right,179.439313,-2568,-0.143590,173,0,No fault,179.00
2026-08-12T10:48:31.282,1786524511.282709,10.247190,3,-2500,5.000000,738,-2500,0x04,left,59.769181,-2613,-0.237363,177,0,No fault,0x03,right,178.824381,-2613,-0.096703,172,0,No fault,0.00
2026-08-12T10:48:31.288,1786524511.288174,10.252642,3,-2500,5.000000,739,-2500,0x04,left,59.154249,-2434,-0.167033,175,0,No fault,0x03,right,178.187488,-2479,-0.172894,173,0,No fault,45.00
2026-08-12T10:48:31.293,1786524511.293848,10.258319,3,-2500,5.000000,740,-2500,0x04,left,57.968309,-2300,-0.184615,174,0,No fault,0x03,right,177.594517,-2434,-0.196337,173,0,No fault,134.00
2026-08-12T10:48:31.299,1786524511.299154,10.263614,3,-2500,5.000000,741,-2500,0x04,left,57.353377,-2345,-0.208059,175,0,No fault,0x03,right,177.001547,-2568,-0.120147,173,0,No fault,223.00
2026-08-12T10:48:31.305,1786524511.305323,10.269800,3,-2500,5.000000,742,-2500,0x04,left,56.760407,-2434,-0.184615,174,0,No fault,0x03,right,176.386616,-2613,-0.084982,170,0,No fault,179.00
2026-08-12T10:48:31.310,1786524511.310874,10.275342,3,-2500,5.000000,743,-2500,0x04,left,56.167437,-2523,-0.237363,174,0,No fault,0x03,right,175.178714,-2702,-0.143590,173,0,No fault,179.00
2026-08-12T10:48:31.316,1786524511.316283,10.280748,3,-2500,5.000000,744,-2500,0x04,left,55.574467,-2568,-0.149451,174,0,No fault,0x03,right,174.585744,-2568,-0.178755,173,0,No fault,0.00
2026-08-12T10:48:31.321,1786524511.321639,10.286103,3,-2500,5.000000,745,-2500,0x04,left,54.981497,-2479,-0.178755,174,0,No fault,0x03,right,173.970812,-2434,-0.108425,174,0,No fault,-45.00
2026-08-12T10:48:31.327,1786524511.327022,10.291486,3,-2500,5.000000,746,-2500,0x04,left,54.388527,-2568,-0.213919,175,0,No fault,0x03,right,173.355880,-2702,-0.108425,172,0,No fault,134.00
2026-08-12T10:48:31.332,1786524511.332360,10.296814,3,-2500,5.000000,747,-2500,0x04,left,53.795557,-2255,-0.196337,174,0,No fault,0x03,right,172.784872,-2389,-0.172894,173,0,No fault,134.00
2026-08-12T10:48:31.337,1786524511.337679,10.302144,3,-2500,5.000000,748,-2500,0x04,left,53.202587,-2211,-0.219780,175,0,No fault,0x03,right,172.169940,-2657,-0.172894,175,0,No fault,446.00
2026-08-12T10:48:31.343,1786524511.343027,10.307482,3,-2500,5.000000,749,-2500,0x04,left,52.609617,-2434,-0.196337,173,0,No fault,0x03,right,171.576970,-2568,-0.178755,176,0,No fault,134.00
2026-08-12T10:48:31.348,1786524511.348332,10.312784,3,-2500,5.000000,750,-2500,0x04,left,51.994685,-2791,-0.202198,175,0,No fault,0x03,right,170.984000,-2523,-0.143590,173,0,No fault,-268.00
2026-08-12T10:48:31.353,1786524511.353642,10.318103,3,-2500,5.000000,751,-2500,0x04,left,51.423677,-2479,-0.249084,175,0,No fault,0x03,right,170.369068,-2434,-0.126007,175,0,No fault,-45.00
2026-08-12T10:48:31.358,1786524511.358983,10.323431,3,-2500,5.000000,752,-2500,0x04,left,50.830707,-2255,-0.190476,174,0,No fault,0x03,right,169.798060,-2568,-0.213919,172,0,No fault,313.00
2026-08-12T10:48:31.374,1786524511.374507,10.338995,3,-2500,5.000000,753,-2500,0x04,left,49.029835,-2434,-0.172894,174,0,No fault,0x03,right,168.590158,-2523,-0.213919,174,0,No fault,89.00
2026-08-12T10:48:31.379,1786524511.379891,10.344352,3,-2500,5.000000,754,-2500,0x04,left,48.436865,-2345,-0.202198,175,0,No fault,0x03,right,167.997188,-2568,-0.155311,172,0,No fault,223.00
2026-08-12T10:48:31.385,1786524511.385595,10.350056,3,-2500,5.000000,755,-2500,0x04,left,47.250925,-2434,-0.196337,174,0,No fault,0x03,right,167.404218,-2479,-0.131868,173,0,No fault,45.00
2026-08-12T10:48:31.390,1786524511.390947,10.355409,3,-2500,5.000000,756,-2500,0x04,left,46.679917,-2345,-0.167033,173,0,No fault,0x03,right,166.789286,-2613,-0.184615,173,0,No fault,268.00
2026-08-12T10:48:31.396,1786524511.396300,10.360761,3,-2500,5.000000,757,-2500,0x04,left,46.064985,-2479,-0.184615,175,0,No fault,0x03,right,166.218278,-2479,-0.213919,174,0,No fault,0.00
2026-08-12T10:48:31.401,1786524511.401650,10.366111,3,-2500,5.000000,758,-2500,0x04,left,45.450053,-2434,-0.178755,174,0,No fault,0x03,right,165.625308,-2523,-0.243223,173,0,No fault,89.00
2026-08-12T10:48:31.407,1786524511.407159,10.371623,3,-2500,5.000000,759,-2500,0x04,left,44.857083,-2523,-0.278388,176,0,No fault,0x03,right,165.032338,-2434,-0.137729,172,0,No fault,-89.00
2026-08-12T10:48:31.412,1786524511.412631,10.377097,3,-2500,5.000000,760,-2500,0x04,left,44.264113,-2389,-0.167033,175,0,No fault,0x03,right,162.594572,-2479,-0.178755,170,0,No fault,90.00
2026-08-12T10:48:31.428,1786524511.428257,10.392724,3,-2500,5.000000,761,-2500,0x04,left,43.078173,-2479,-0.225641,174,0,No fault,0x03,right,164.637025,-2300,-0.184615,174,0,No fault,-179.00
2026-08-12T10:48:31.433,1786524511.433626,10.398087,3,-2500,5.000000,762,-2500,0x04,left,42.463241,-2702,-0.178755,174,0,No fault,0x03,right,161.342747,-2523,-0.213919,173,0,No fault,-179.00
2026-08-12T10:48:31.438,1786524511.438962,10.403417,3,-2500,5.000000,763,-2500,0x04,left,40.903950,-2657,-0.137729,174,0,No fault,0x03,right,160.749777,-2345,-0.190476,173,0,No fault,-312.00
2026-08-12T10:48:31.444,1786524511.444280,10.408741,3,-2500,5.000000,764,-2500,0x04,left,40.596484,-2300,-0.120147,176,0,No fault,0x03,right,160.156807,-2613,-0.172894,174,0,No fault,313.00
2026-08-12T10:48:31.449,1786524511.449621,10.414082,3,-2500,5.000000,765,-2500,0x04,left,40.267056,-2479,-0.184615,175,0,No fault,0x03,right,159.563837,-2434,-0.155311,173,0,No fault,-45.00
2026-08-12T10:48:31.454,1786524511.454970,10.419434,3,-2500,5.000000,766,-2500,0x04,left,39.652124,-2523,-0.178755,176,0,No fault,0x03,right,158.926943,-2479,-0.126007,174,0,No fault,-44.00
2026-08-12T10:48:31.460,1786524511.460490,10.425137,3,-2500,5.000000,767,-2500,0x04,left,39.059154,-2613,-0.178755,174,0,No fault,0x03,right,158.333973,-2434,-0.161172,174,0,No fault,-179.00
2026-08-12T10:48:31.466,1786524511.466125,10.430589,3,-2500,5.000000,768,-2500,0x04,left,37.873214,-2613,-0.149451,174,0,No fault,0x03,right,157.719041,-2479,-0.172894,172,0,No fault,-134.00
2026-08-12T10:48:31.471,1786524511.471484,10.435945,3,-2500,5.000000,769,-2500,0x04,left,37.280244,-2255,-0.178755,175,0,No fault,0x03,right,157.104109,-2479,-0.155311,173,0,No fault,224.00
2026-08-12T10:48:31.476,1786524511.476825,10.441285,3,-2500,5.000000,770,-2500,0x04,left,36.665312,-2657,-0.172894,177,0,No fault,0x03,right,156.511139,-2568,-0.108425,172,0,No fault,-89.00
2026-08-12T10:48:31.482,1786524511.482185,10.446652,3,-2500,5.000000,771,-2500,0x04,left,36.094304,-2345,-0.196337,176,0,No fault,0x03,right,158.685363,-2568,-0.149451,174,0,No fault,223.00
2026-08-12T10:48:31.487,1786524511.487585,10.452054,3,-2500,5.000000,772,-2500,0x04,left,35.479372,-2568,-0.131868,175,0,No fault,0x03,right,155.281276,-2523,-0.137729,170,0,No fault,-45.00
2026-08-12T10:48:31.493,1786524511.493018,10.457481,3,-2500,5.000000,773,-2500,0x04,left,34.886402,-2613,-0.178755,172,0,No fault,0x03,right,157.499423,-2345,-0.161172,174,0,No fault,-268.00
2026-08-12T10:48:31.498,1786524511.498386,10.462852,3,-2500,5.000000,774,-2500,0x04,left,34.293432,-2568,-0.178755,174,0,No fault,0x03,right,154.666344,-2523,-0.167033,173,0,No fault,-45.00
2026-08-12T10:48:31.503,1786524511.503760,10.468223,3,-2500,5.000000,775,-2500,0x04,left,33.678500,-2434,-0.167033,175,0,No fault,0x03,right,154.095336,-2255,-0.143590,170,0,No fault,-179.00
2026-08-12T10:48:31.509,1786524511.509251,10.473756,3,-2500,5.000000,776,-2500,0x04,left,33.107492,-2389,-0.213919,177,0,No fault,0x03,right,153.436480,-2657,-0.061538,172,0,No fault,268.00
2026-08-12T10:48:31.514,1786524511.514949,10.479415,3,-2500,5.000000,777,-2500,0x04,left,32.492560,-2523,-0.096703,175,0,No fault,0x03,right,152.250540,-2389,-0.172894,175,0,No fault,-134.00
2026-08-12T10:48:31.520,1786524511.520360,10.484827,3,-2500,5.000000,778,-2500,0x04,left,31.877628,-2434,-0.149451,174,0,No fault,0x03,right,151.657570,-2479,-0.196337,174,0,No fault,45.00
2026-08-12T10:48:31.525,1786524511.525754,10.490220,3,-2500,5.000000,779,-2500,0x04,left,31.306620,-2300,-0.172894,175,0,No fault,0x03,right,151.064600,-2389,-0.137729,172,0,No fault,89.00
2026-08-12T10:48:31.531,1786524511.531099,10.495561,3,-2500,5.000000,780,-2500,0x04,left,30.691688,-2479,-0.202198,175,0,No fault,0x03,right,150.449668,-2613,-0.114286,174,0,No fault,134.00
2026-08-12T10:48:31.536,1786524511.536417,10.500877,3,-2500,5.000000,781,-2500,0x04,left,30.098718,-2657,-0.208059,175,0,No fault,0x03,right,149.834736,-2434,-0.184615,173,0,No fault,-223.00
2026-08-12T10:48:31.541,1786524511.541756,10.506220,3,-2500,5.000000,782,-2500,0x04,left,29.505748,-2479,-0.155311,171,0,No fault,0x03,right,149.241766,-2479,-0.213919,173,0,No fault,0.00
2026-08-12T10:48:31.547,1786524511.547185,10.511646,3,-2500,5.000000,783,-2500,0x04,left,28.912778,-2389,-0.172894,174,0,No fault,0x03,right,148.648796,-2300,-0.167033,171,0,No fault,-89.00
2026-08-12T10:48:31.552,1786524511.552758,10.517225,3,-2500,5.000000,784,-2500,0x04,left,27.726838,-2434,-0.225641,174,0,No fault,0x03,right,148.055826,-2255,-0.131868,173,0,No fault,-179.00
2026-08-12T10:48:31.558,1786524511.558115,10.522573,3,-2500,5.000000,785,-2500,0x04,left,27.133868,-2523,-0.167033,177,0,No fault,0x03,right,147.440894,-2479,-0.190476,173,0,No fault,-44.00
2026-08-12T10:48:31.563,1786524511.563431,10.527887,3,-2500,5.000000,786,-2500,0x04,left,26.540898,-2479,-0.172894,175,0,No fault,0x03,right,146.825963,-2479,-0.155311,173,0,No fault,0.00
2026-08-12T10:48:31.579,1786524511.579071,10.543530,3,-2500,5.000000,787,-2500,0x04,left,24.761988,-2389,-0.266667,175,0,No fault,0x03,right,145.618061,-2657,-0.184615,173,0,No fault,268.00
2026-08-12T10:48:31.584,1786524511.584353,10.548800,3,-2500,5.000000,788,-2500,0x04,left,24.147056,-2657,-0.184615,176,0,No fault,0x03,right,145.025091,-2523,-0.102564,174,0,No fault,-134.00
2026-08-12T10:48:31.589,1786524511.589614,10.554080,3,-2500,5.000000,789,-2500,0x04,left,23.554086,-2568,-0.178755,175,0,No fault,0x03,right,144.410159,-2300,-0.167033,173,0,No fault,-268.00
2026-08-12T10:48:31.594,1786524511.594927,10.559375,3,-2500,5.000000,790,-2500,0x04,left,22.983078,-2479,-0.237363,173,0,No fault,0x03,right,143.795227,-2657,-0.184615,173,0,No fault,178.00
2026-08-12T10:48:31.600,1786524511.600175,10.564622,3,-2500,5.000000,791,-2500,0x04,left,22.368146,-2523,-0.178755,175,0,No fault,0x03,right,143.180295,-2389,-0.190476,173,0,No fault,-134.00
2026-08-12T10:48:31.605,1786524511.605425,10.569928,3,-2500,5.000000,792,-2500,0x04,left,21.775176,-2345,-0.225641,174,0,No fault,0x03,right,142.631249,-2479,-0.131868,173,0,No fault,134.00
2026-08-12T10:48:31.610,1786524511.610801,10.575260,3,-2500,5.000000,793,-2500,0x04,left,21.204168,-2389,-0.196337,174,0,No fault,0x03,right,142.016317,-2479,-0.090842,173,0,No fault,90.00
2026-08-12T10:48:31.616,1786524511.616106,10.580565,3,-2500,5.000000,794,-2500,0x04,left,20.589236,-2479,-0.172894,175,0,No fault,0x03,right,141.423347,-2345,-0.167033,174,0,No fault,-134.00
2026-08-12T10:48:31.631,1786524511.631655,10.596119,3,-2500,5.000000,795,-2500,0x04,left,19.425258,-2300,-0.231502,176,0,No fault,0x03,right,138.809887,-2657,-0.131868,173,0,No fault,357.00
2026-08-12T10:48:31.636,1786524511.636989,10.601448,3,-2500,5.000000,796,-2500,0x04,left,18.810326,-2345,-0.208059,174,0,No fault,0x03,right,138.458497,-2568,-0.155311,173,0,No fault,223.00
2026-08-12T10:48:31.642,1786524511.642290,10.606747,3,-2500,5.000000,797,-2500,0x04,left,17.119264,-2523,-0.167033,173,0,No fault,0x03,right,137.843565,-2389,-0.167033,172,0,No fault,-134.00
2026-08-12T10:48:31.647,1786524511.647749,10.612212,3,-2500,5.000000,798,-2500,0x04,left,16.855722,-2345,-0.190476,176,0,No fault,0x03,right,137.250595,-2568,-0.161172,173,0,No fault,223.00
2026-08-12T10:48:31.653,1786524511.653089,10.617547,3,-2500,5.000000,799,-2500,0x04,left,16.482370,-2479,-0.202198,175,0,No fault,0x03,right,136.635663,-2523,-0.079121,171,0,No fault,44.00
2026-08-12T10:48:31.658,1786524511.658455,10.622917,3,-2500,5.000000,800,-2500,0x04,left,15.911362,-2434,-0.202198,175,0,No fault,0x03,right,136.020731,-2523,-0.102564,173,0,No fault,89.00
2026-08-12T10:48:31.663,1786524511.663951,10.628417,3,-2500,5.000000,801,-2500,0x04,left,15.296430,-2479,-0.184615,174,0,No fault,0x03,right,135.427761,-2657,-0.143590,174,0,No fault,178.00
2026-08-12T10:48:31.669,1786524511.669396,10.633860,3,-2500,5.000000,802,-2500,0x04,left,14.681498,-2479,-0.190476,171,0,No fault,0x03,right,134.219859,-2389,-0.161172,173,0,No fault,-90.00
2026-08-12T10:48:31.674,1786524511.674851,10.639308,3,-2500,5.000000,803,-2500,0x04,left,14.088528,-2479,-0.149451,174,0,No fault,0x03,right,133.582966,-2747,-0.090842,173,0,No fault,268.00
2026-08-12T10:48:31.680,1786524511.680164,10.644617,3,-2500,5.000000,804,-2500,0x04,left,12.858664,-2434,-0.178755,175,0,No fault,0x03,right,132.989996,-2568,-0.126007,173,0,No fault,134.00
2026-08-12T10:48:31.685,1786524511.685505,10.649969,3,-2500,5.000000,805,-2500,0x04,left,12.243733,-2434,-0.131868,175,0,No fault,0x03,right,135.449723,-2479,-0.184615,175,0,No fault,45.00
2026-08-12T10:48:31.690,1786524511.690823,10.655273,3,-2500,5.000000,806,-2500,0x04,left,11.672724,-2300,-0.202198,174,0,No fault,0x03,right,132.375064,-2345,-0.143590,173,0,No fault,45.00
2026-08-12T10:48:31.696,1786524511.696072,10.660518,3,-2500,5.000000,807,-2500,0x04,left,11.079754,-2211,-0.202198,174,0,No fault,0x03,right,131.760132,-2523,-0.167033,175,0,No fault,312.00
2026-08-12T10:48:31.701,1786524511.701325,10.665787,3,-2500,5.000000,808,-2500,0x04,left,10.464823,-2389,-0.225641,174,0,No fault,0x03,right,131.189124,-2523,-0.149451,175,0,No fault,134.00
2026-08-12T10:48:31.706,1786524511.706670,10.671124,3,-2500,5.000000,809,-2500,0x04,left,9.871853,-2479,-0.208059,174,0,No fault,0x03,right,130.574192,-2702,-0.108425,173,0,No fault,223.00
2026-08-12T10:48:31.711,1786524511.711945,10.676396,3,-2500,5.000000,810,-2500,0x04,left,9.278883,-2702,-0.161172,175,0,No fault,0x03,right,129.981222,-2434,-0.172894,173,0,No fault,-268.00
2026-08-12T10:48:31.717,1786524511.717208,10.681658,3,-2500,5.000000,811,-2500,0x04,left,8.685913,-2434,-0.202198,175,0,No fault,0x03,right,129.388252,-2300,-0.190476,173,0,No fault,-134.00
2026-08-12T10:48:31.722,1786524511.722480,10.686937,3,-2500,5.000000,812,-2500,0x04,left,8.092943,-2389,-0.231502,174,0,No fault,0x03,right,128.795282,-2255,-0.190476,172,0,No fault,-134.00
2026-08-12T10:48:31.727,1786524511.727776,10.692228,3,-2500,5.000000,813,-2500,0x04,left,7.521934,-2211,-0.213919,173,0,No fault,0x03,right,128.202312,-2389,-0.143590,173,0,No fault,178.00
2026-08-12T10:48:31.733,1786524511.733050,10.697504,3,-2500,5.000000,814,-2500,0x04,left,6.907003,-2479,-0.184615,175,0,No fault,0x03,right,127.587380,-2568,-0.161172,173,0,No fault,89.00
2026-08-12T10:48:31.738,1786524511.738350,10.702812,3,-2500,5.000000,815,-2500,0x04,left,6.292071,-2657,-0.184615,175,0,No fault,0x03,right,126.994410,-2568,-0.172894,170,0,No fault,-89.00
2026-08-12T10:48:31.743,1786524511.743661,10.708114,3,-2500,5.000000,816,-2500,0x04,left,5.721062,-2255,-0.208059,174,0,No fault,0x03,right,126.401440,-2389,-0.202198,172,0,No fault,134.00
2026-08-12T10:48:31.748,1786524511.748966,10.713433,3,-2500,5.000000,817,-2500,0x04,left,5.128092,-2613,-0.196337,175,0,No fault,0x03,right,125.808470,-2523,-0.219780,171,0,No fault,-90.00
2026-08-12T10:48:31.754,1786524511.754341,10.718807,3,-2500,5.000000,818,-2500,0x04,left,4.535122,-2434,-0.231502,175,0,No fault,0x03,right,125.215500,-2523,-0.149451,173,0,No fault,89.00
2026-08-12T10:48:31.759,1786524511.759812,10.724273,3,-2500,5.000000,819,-2500,0x04,left,3.942152,-2389,-0.143590,177,0,No fault,0x03,right,124.622530,-2568,-0.178755,172,0,No fault,179.00
2026-08-12T10:48:31.765,1786524511.765199,10.729666,3,-2500,5.000000,820,-2500,0x04,left,3.349182,-2345,-0.219780,175,0,No fault,0x03,right,124.007598,-2479,-0.178755,176,0,No fault,134.00
2026-08-12T10:48:31.781,1786524511.781075,10.745555,3,-2500,5.000000,821,-2500,0x04,left,1.548311,-2300,-0.196337,175,0,No fault,0x03,right,122.843620,-2523,-0.219780,172,0,No fault,223.00
2026-08-12T10:48:31.786,1786524511.786490,10.750970,3,-2500,5.000000,822,-2500,0x04,left,0.911417,-2479,-0.143590,176,0,No fault,0x03,right,122.250650,-2479,-0.108425,174,0,No fault,0.00
2026-08-12T10:48:31.791,1786524511.791892,10.756352,3,-2500,5.000000,823,-2500,0x04,left,0.318447,-2523,-0.202198,173,0,No fault,0x03,right,121.613756,-2613,-0.155311,173,0,No fault,90.00
2026-08-12T10:48:31.797,1786524511.797244,10.761705,3,-2500,5.000000,824,-2500,0x04,left,-0.274523,-2255,-0.202198,176,0,No fault,0x03,right,120.998824,-2702,-0.202198,173,0,No fault,447.00
2026-08-12T10:48:31.802,1786524511.802800,10.767260,3,-2500,5.000000,825,-2500,0x04,left,-0.867493,-2345,-0.167033,175,0,No fault,0x03,right,120.405854,-2389,-0.161172,173,0,No fault,44.00
2026-08-12T10:48:31.808,1786524511.808373,10.772837,3,-2500,5.000000,826,-2500,0x04,left,-2.053433,-2434,-0.167033,174,0,No fault,0x03,right,119.812884,-2434,-0.172894,173,0,No fault,0.00
2026-08-12T10:48:31.813,1786524511.813839,10.778301,3,-2500,5.000000,827,-2500,0x04,left,-2.646403,-2434,-0.202198,176,0,No fault,0x03,right,119.197953,-2613,-0.102564,172,0,No fault,179.00
2026-08-12T10:48:31.819,1786524511.819321,10.783788,3,-2500,5.000000,828,-2500,0x04,left,-3.261335,-2479,-0.196337,175,0,No fault,0x03,right,118.012013,-2523,-0.167033,170,0,No fault,44.00
2026-08-12T10:48:31.835,1786524511.835425,10.799888,3,-2500,5.000000,829,-2500,0x04,left,-3.854305,-2434,-0.237363,174,0,No fault,0x03,right,114.937353,-2479,-0.143590,173,0,No fault,45.00
2026-08-12T10:48:31.840,1786524511.840764,10.805222,3,-2500,5.000000,830,-2500,0x04,left,-5.018283,-2255,-0.178755,176,0,No fault,0x03,right,114.629887,-2434,-0.167033,172,0,No fault,179.00
2026-08-12T10:48:31.846,1786524511.846063,10.810518,3,-2500,5.000000,831,-2500,0x04,left,-6.841117,-2434,-0.202198,175,0,No fault,0x03,right,117.484928,-2345,-0.184615,171,0,No fault,-89.00
2026-08-12T10:48:31.851,1786524511.851382,10.815845,3,-2500,5.000000,832,-2500,0x04,left,-7.126621,-2523,-0.219780,174,0,No fault,0x03,right,114.300460,-2389,-0.184615,172,0,No fault,-134.00
2026-08-12T10:48:31.856,1786524511.856742,10.821195,3,-2500,5.000000,833,-2500,0x04,left,-7.456049,-2479,-0.202198,174,0,No fault,0x03,right,113.685528,-2479,-0.102564,174,0,No fault,0.00
2026-08-12T10:48:31.862,1786524511.862049,10.826500,3,-2500,5.000000,834,-2500,0x04,left,-8.049019,-2479,-0.202198,175,0,No fault,0x03,right,113.092558,-2389,-0.143590,173,0,No fault,-90.00
2026-08-12T10:48:31.875,1786524511.875450,10.839916,4,0,0.800000,1,0,0x04,left,-9.849891,-2345,-0.231502,174,0,No fault,0x03,right,111.884656,-2479,-0.167033,173,0,No fault,134.00
2026-08-12T10:48:31.880,1786524511.880922,10.845378,4,0,0.800000,2,0,0x04,left,-10.442861,-2479,-0.149451,174,0,No fault,0x03,right,111.291686,-2300,-0.167033,172,0,No fault,-179.00
2026-08-12T10:48:31.886,1786524511.886311,10.850767,4,0,0.800000,3,0,0x04,left,-11.079754,-2434,-0.167033,174,0,No fault,0x03,right,110.083784,-2389,-0.143590,173,0,No fault,-45.00
2026-08-12T10:48:31.891,1786524511.891623,10.856076,4,0,0.800000,4,0,0x04,left,-11.321335,-1853,1.216117,176,0,No fault,0x03,right,109.468852,-2479,-0.213919,173,0,No fault,626.00
2026-08-12T10:48:31.896,1786524511.896931,10.861388,4,0,0.800000,5,0,0x04,left,-11.497030,-1407,-0.688645,174,0,No fault,0x03,right,108.853920,-2613,-0.196337,173,0,No fault,1206.00
2026-08-12T10:48:31.902,1786524511.902259,10.866718,4,0,0.800000,6,0,0x04,left,-11.782534,-692,0.671062,176,0,No fault,0x03,right,108.304874,-2345,-0.167033,173,0,No fault,1653.00
2026-08-12T10:48:31.907,1786524511.907715,10.872173,4,0,0.800000,7,0,0x04,left,-11.760572,290,0.049817,175,0,No fault,0x03,right,107.689942,-2613,-0.131868,168,0,No fault,2903.00
2026-08-12T10:48:31.913,1786524511.913050,10.877505,4,0,0.800000,8,0,0x04,left,-11.738610,67,-0.061538,174,0,No fault,0x03,right,107.096972,-2389,-0.184615,172,0,No fault,2456.00
2026-08-12T10:48:31.918,1786524511.918377,10.882831,4,0,0.800000,9,0,0x04,left,-11.738610,22,-0.008791,175,0,No fault,0x03,right,106.482040,-2568,-0.172894,173,0,No fault,2590.00
2026-08-12T10:48:31.923,1786524511.923701,10.888155,4,0,0.800000,10,0,0x04,left,-11.738610,-22,-0.002930,177,0,No fault,0x03,right,105.911032,-2389,-0.237363,171,0,No fault,2367.00
2026-08-12T10:48:31.929,1786524511.929025,10.893492,4,0,0.800000,11,0,0x04,left,-11.738610,-22,-0.038095,174,0,No fault,0x03,right,105.296100,-2657,-0.131868,170,0,No fault,2635.00
2026-08-12T10:48:31.934,1786524511.934401,10.898866,4,0,0.800000,12,0,0x04,left,-11.738610,-22,-0.026374,174,0,No fault,0x03,right,104.703130,-2747,-0.190476,173,0,No fault,2725.00
2026-08-12T10:48:31.939,1786524511.939744,10.904194,4,0,0.800000,13,0,0x04,left,-11.738610,-67,-0.038095,175,0,No fault,0x03,right,104.110160,-2657,-0.184615,172,0,No fault,2590.00
2026-08-12T10:48:31.945,1786524511.945026,10.909487,4,0,0.800000,14,0,0x04,left,-11.738610,-22,-0.038095,174,0,No fault,0x03,right,103.517190,-2479,-0.172894,171,0,No fault,2457.00
2026-08-12T10:48:31.950,1786524511.950397,10.914864,4,0,0.800000,15,0,0x04,left,-11.760572,-112,-0.049817,175,0,No fault,0x03,right,102.924220,-2434,-0.219780,174,0,No fault,2322.00
2026-08-12T10:48:31.955,1786524511.955793,10.920261,4,0,0.800000,16,0,0x04,left,-11.738610,22,-0.026374,174,0,No fault,0x03,right,102.331250,-2568,-0.143590,172,0,No fault,2590.00
2026-08-12T10:48:31.961,1786524511.961122,10.925584,4,0,0.800000,17,0,0x04,left,-11.738610,-22,-0.049817,175,0,No fault,0x03,right,101.716318,-2523,-0.120147,173,0,No fault,2501.00
2026-08-12T10:48:31.966,1786524511.966420,10.930871,4,0,0.800000,18,0,0x04,left,-11.760572,-112,-0.055678,172,0,No fault,0x03,right,101.123348,-2613,-0.196337,170,0,No fault,2501.00
2026-08-12T10:48:31.976,1786524511.976782,10.941234,4,0,0.800000,19,0,0x04,left,-11.738610,-67,-0.049817,176,0,No fault,0x03,right,99.937408,-2434,-0.161172,172,0,No fault,2367.00
2026-08-12T10:48:31.982,1786524511.982047,10.946508,4,0,0.800000,20,0,0x04,left,-11.738610,22,-0.038095,174,0,No fault,0x03,right,99.344438,-2657,-0.137729,174,0,No fault,2679.00
2026-08-12T10:48:31.987,1786524511.987342,10.951805,4,0,0.800000,21,0,0x04,left,-11.760572,-112,-0.038095,175,0,No fault,0x03,right,98.729506,-2881,-0.149451,171,0,No fault,2769.00
2026-08-12T10:48:31.993,1786524511.993190,10.957658,4,0,0.800000,22,0,0x04,left,-11.738610,22,-0.043956,174,0,No fault,0x03,right,98.136536,-2479,-0.167033,174,0,No fault,2501.00
2026-08-12T10:48:31.998,1786524511.998633,10.963099,4,0,0.800000,23,0,0x04,left,-11.738610,-22,-0.026374,174,0,No fault,0x03,right,97.543566,-2479,-0.178755,173,0,No fault,2457.00
2026-08-12T10:48:32.004,1786524512.004102,10.968579,4,0,0.800000,24,0,0x04,left,-11.760572,-67,-0.043956,174,0,No fault,0x03,right,96.335665,-2479,-0.102564,176,0,No fault,2412.00
2026-08-12T10:48:32.009,1786524512.009997,10.974459,4,0,0.800000,25,0,0x04,left,-11.760572,-112,-0.049817,174,0,No fault,0x03,right,95.764656,-2345,-0.149451,169,0,No fault,2233.00
2026-08-12T10:48:32.015,1786524512.015293,10.979748,4,0,0.800000,26,0,0x04,left,-11.738610,22,-0.032234,174,0,No fault,0x03,right,95.149724,-2434,-0.126007,173,0,No fault,2456.00
2026-08-12T10:48:32.020,1786524512.020547,10.985000,4,0,0.800000,27,0,0x04,left,-11.738610,-22,-0.061538,174,0,No fault,0x03,right,94.534793,-2479,-0.167033,174,0,No fault,2457.00
2026-08-12T10:48:32.031,1786524512.031009,10.995473,4,0,0.800000,28,0,0x04,left,-11.738610,22,-0.043956,174,0,No fault,0x03,right,93.348853,-2613,-0.108425,173,0,No fault,2635.00
2026-08-12T10:48:32.036,1786524512.036425,11.000883,4,0,0.800000,29,0,0x04,left,-11.738610,22,-0.049817,176,0,No fault,0x03,right,91.569943,-2300,-0.184615,171,0,No fault,2322.00
2026-08-12T10:48:32.041,1786524512.041751,11.006223,4,0,0.800000,30,0,0x04,left,-11.738610,-22,-0.049817,175,0,No fault,0x03,right,91.262477,-2345,-0.178755,173,0,No fault,2323.00
2026-08-12T10:48:32.047,1786524512.047161,11.011627,4,0,0.800000,31,0,0x04,left,-11.738610,-67,-0.055678,174,0,No fault,0x03,right,90.955011,-2389,-0.137729,171,0,No fault,2322.00
2026-08-12T10:48:32.052,1786524512.052523,11.016986,4,0,0.800000,32,0,0x04,left,-11.738610,156,-0.014652,172,0,No fault,0x03,right,90.340079,-2389,-0.108425,174,0,No fault,2545.00
2026-08-12T10:48:32.057,1786524512.057876,11.022345,4,0,0.800000,33,0,0x04,left,-11.738610,112,-0.049817,176,0,No fault,0x03,right,89.747109,-2255,-0.184615,172,0,No fault,2367.00
2026-08-12T10:48:32.063,1786524512.063241,11.027707,4,0,0.800000,34,0,0x04,left,-11.760572,-112,-0.055678,175,0,No fault,0x03,right,89.132177,-2568,-0.196337,173,0,No fault,2456.00
2026-08-12T10:48:32.068,1786524512.068620,11.033087,4,0,0.800000,35,0,0x04,left,-11.760572,-201,-0.049817,176,0,No fault,0x03,right,88.539207,-2613,-0.161172,173,0,No fault,2412.00
2026-08-12T10:48:32.073,1786524512.073992,11.038458,4,0,0.800000,36,0,0x04,left,-11.738610,-22,-0.043956,174,0,No fault,0x03,right,87.946237,-2568,-0.131868,172,0,No fault,2546.00
2026-08-12T10:48:32.079,1786524512.079353,11.043819,4,0,0.800000,37,0,0x04,left,-11.760572,-112,-0.055678,175,0,No fault,0x03,right,87.331305,-2613,-0.184615,172,0,No fault,2501.00
2026-08-12T10:48:32.084,1786524512.084691,11.049151,4,0,0.800000,38,0,0x04,left,-11.738610,156,-0.043956,174,0,No fault,0x03,right,86.716373,-2479,-0.172894,173,0,No fault,2635.00
2026-08-12T10:48:32.090,1786524512.090011,11.054472,4,0,0.800000,39,0,0x04,left,-11.738610,-22,-0.049817,174,0,No fault,0x03,right,86.145365,-2523,-0.237363,172,0,No fault,2501.00
2026-08-12T10:48:32.095,1786524512.095350,11.059819,4,0,0.800000,40,0,0x04,left,-11.760572,-156,-0.038095,174,0,No fault,0x03,right,85.530433,-2389,-0.155311,173,0,No fault,2233.00
2026-08-12T10:48:32.100,1786524512.100743,11.065206,4,0,0.800000,41,0,0x04,left,-11.760572,-156,-0.038095,174,0,No fault,0x03,right,84.937463,-2389,-0.096703,172,0,No fault,2233.00
2026-08-12T10:48:32.106,1786524512.106094,11.070550,4,0,0.800000,42,0,0x04,left,-11.760572,-67,-0.032234,174,0,No fault,0x03,right,84.344493,-2434,-0.172894,173,0,No fault,2367.00
2026-08-12T10:48:32.111,1786524512.111607,11.076074,4,0,0.800000,43,0,0x04,left,-11.760572,-67,-0.055678,175,0,No fault,0x03,right,83.729561,-2389,-0.149451,174,0,No fault,2322.00
2026-08-12T10:48:32.117,1786524512.117057,11.081517,4,0,0.800000,44,0,0x04,left,-11.738610,67,-0.055678,174,0,No fault,0x03,right,82.543621,-2523,-0.143590,174,0,No fault,2590.00
2026-08-12T10:48:32.122,1786524512.122450,11.086912,4,0,0.800000,45,0,0x04,left,-11.738610,67,-0.032234,176,0,No fault,0x03,right,81.928689,-2613,-0.114286,173,0,No fault,2680.00
2026-08-12T10:48:32.127,1786524512.127777,11.092239,4,0,0.800000,46,0,0x04,left,-11.738610,22,-0.043956,170,0,No fault,0x03,right,81.335719,-2523,-0.149451,174,0,No fault,2545.00
2026-08-12T10:48:32.133,1786524512.133089,11.097547,4,0,0.800000,47,0,0x04,left,-11.760572,-156,-0.049817,174,0,No fault,0x03,right,80.742749,-2300,-0.172894,173,0,No fault,2144.00
2026-08-12T10:48:32.138,1786524512.138418,11.102878,4,0,0.800000,48,0,0x04,left,-11.760572,-246,-0.061538,175,0,No fault,0x03,right,80.149779,-2389,-0.131868,173,0,No fault,2143.00
2026-08-12T10:48:32.143,1786524512.143732,11.108191,4,0,0.800000,49,0,0x04,left,-11.760572,-201,-0.043956,174,0,No fault,0x03,right,79.534848,-2791,-0.137729,172,0,No fault,2590.00
2026-08-12T10:48:32.149,1786524512.149066,11.113533,4,0,0.800000,50,0,0x04,left,-11.760572,-67,-0.049817,177,0,No fault,0x03,right,78.919916,-2657,-0.114286,173,0,No fault,2590.00
2026-08-12T10:48:32.154,1786524512.154430,11.118893,4,0,0.800000,51,0,0x04,left,-11.738610,112,-0.026374,174,0,No fault,0x03,right,78.326946,-2255,-0.120147,173,0,No fault,2367.00
2026-08-12T10:48:32.159,1786524512.159918,11.124383,4,0,0.800000,52,0,0x04,left,-11.738610,112,-0.055678,175,0,No fault,0x03,right,77.712014,-2523,-0.161172,172,0,No fault,2635.00
2026-08-12T10:48:32.165,1786524512.165259,11.129719,4,0,0.800000,53,0,0x04,left,-11.738610,22,-0.026374,174,0,No fault,0x03,right,77.141006,-2568,-0.190476,173,0,No fault,2590.00
2026-08-12T10:48:32.180,1786524512.180947,11.145404,4,0,0.800000,54,0,0x04,left,-11.738610,22,-0.049817,174,0,No fault,0x03,right,75.911142,-2523,-0.096703,173,0,No fault,2545.00
2026-08-12T10:48:32.186,1786524512.186274,11.150738,4,0,0.800000,55,0,0x04,left,-11.760572,-67,-0.055678,174,0,No fault,0x03,right,75.318172,-2434,-0.143590,173,0,No fault,2367.00
2026-08-12T10:48:32.191,1786524512.191662,11.156128,4,0,0.800000,56,0,0x04,left,-11.738610,-22,-0.055678,174,0,No fault,0x03,right,74.681278,-2389,-0.143590,174,0,No fault,2367.00
2026-08-12T10:48:32.197,1786524512.197044,11.161507,4,0,0.800000,57,0,0x04,left,-11.738610,22,-0.026374,174,0,No fault,0x03,right,74.088308,-2523,-0.178755,173,0,No fault,2545.00
2026-08-12T10:48:32.202,1786524512.202399,11.166859,4,0,0.800000,58,0,0x04,left,-11.760572,-67,-0.032234,174,0,No fault,0x03,right,73.473376,-2613,-0.055678,172,0,No fault,2546.00
2026-08-12T10:48:32.207,1786524512.207750,11.172213,4,0,0.800000,59,0,0x04,left,-11.760572,-67,-0.038095,178,0,No fault,0x03,right,72.880406,-2345,-0.120147,173,0,No fault,2278.00
2026-08-12T10:48:32.213,1786524512.213122,11.177583,4,0,0.800000,60,0,0x04,left,-11.760572,-22,-0.043956,173,0,No fault,0x03,right,72.265475,-2657,-0.155311,174,0,No fault,2635.00
2026-08-12T10:48:32.218,1786524512.218464,11.182926,4,0,0.800000,61,0,0x04,left,-11.760572,-67,-0.061538,176,0,No fault,0x03,right,71.694466,-2479,-0.167033,173,0,No fault,2412.00
2026-08-12T10:48:32.223,1786524512.223818,11.188279,4,0,0.800000,62,0,0x04,left,-11.760572,-67,-0.032234,175,0,No fault,0x03,right,71.101496,-2523,-0.149451,173,0,No fault,2456.00
2026-08-12T10:48:32.234,1786524512.234727,11.199191,4,0,0.800000,63,0,0x04,left,-11.760572,-156,-0.049817,175,0,No fault,0x03,right,69.893595,-2434,-0.167033,172,0,No fault,2278.00
2026-08-12T10:48:32.240,1786524512.240218,11.204684,4,0,0.800000,64,0,0x04,left,-11.760572,-67,-0.043956,175,0,No fault,0x03,right,69.278663,-2702,-0.208059,173,0,No fault,2635.00
2026-08-12T10:48:32.245,1786524512.245839,11.210307,4,0,0.800000,65,0,0x04,left,-11.760572,-201,-0.038095,174,0,No fault,0x03,right,67.280134,-2702,-0.143590,173,0,No fault,2501.00
2026-08-12T10:48:32.251,1786524512.251196,11.215650,4,0,0.800000,66,0,0x04,left,-11.760572,-112,-0.043956,174,0,No fault,0x03,right,66.950706,-2434,-0.137729,172,0,No fault,2322.00
2026-08-12T10:48:32.256,1786524512.256508,11.220970,4,0,0.800000,67,0,0x04,left,-11.760572,-112,-0.049817,170,0,No fault,0x03,right,66.357736,-2389,-0.225641,173,0,No fault,2277.00
2026-08-12T10:48:32.261,1786524512.261864,11.226325,4,0,0.800000,68,0,0x04,left,-11.760572,-22,-0.043956,175,0,No fault,0x03,right,65.786728,-2255,-0.231502,173,0,No fault,2233.00
2026-08-12T10:48:32.267,1786524512.267216,11.231688,4,0,0.800000,69,0,0x04,left,-11.760572,-67,-0.043956,175,0,No fault,0x03,right,65.149834,-2568,-0.137729,170,0,No fault,2501.00
2026-08-12T10:48:32.272,1786524512.272591,11.237052,4,0,0.800000,70,0,0x04,left,-11.760572,-112,-0.038095,178,0,No fault,0x03,right,64.578826,-2389,-0.178755,174,0,No fault,2277.00
2026-08-12T10:48:32.277,1786524512.277948,11.242428,4,0,0.800000,71,0,0x04,left,-11.738610,22,-0.049817,174,0,No fault,0x03,right,63.963894,-2657,-0.213919,172,0,No fault,2679.00
2026-08-12T10:48:32.283,1786524512.283368,11.247850,4,0,0.800000,72,0,0x04,left,-11.760572,-67,-0.038095,174,0,No fault,0x03,right,63.348963,-2568,-0.178755,173,0,No fault,2501.00
2026-08-12T10:48:32.288,1786524512.288770,11.253239,4,0,0.800000,73,0,0x04,left,-11.760572,-67,-0.032234,174,0,No fault,0x03,right,66.291851,-2434,-0.196337,175,0,No fault,2367.00
2026-08-12T10:48:32.294,1786524512.294423,11.258899,4,0,0.800000,74,0,0x04,left,-11.760572,-22,-0.032234,174,0,No fault,0x03,right,62.755993,-2389,-0.208059,172,0,No fault,2367.00
2026-08-12T10:48:32.300,1786524512.300064,11.264526,4,0,0.800000,75,0,0x04,left,-11.760572,-67,-0.049817,174,0,No fault,0x03,right,62.141061,-2747,-0.108425,173,0,No fault,2680.00
2026-08-12T10:48:32.305,1786524512.305331,11.269780,4,0,0.800000,76,0,0x04,left,-11.760572,-112,-0.032234,174,0,No fault,0x03,right,61.548091,-2613,-0.167033,172,0,No fault,2501.00
2026-08-12T10:48:32.310,1786524512.310659,11.275116,4,0,0.800000,77,0,0x04,left,-11.760572,-22,-0.038095,175,0,No fault,0x03,right,60.955121,-2568,-0.196337,173,0,No fault,2546.00
2026-08-12T10:48:32.315,1786524512.315958,11.280412,4,0,0.800000,78,0,0x04,left,-11.760572,-67,-0.061538,174,0,No fault,0x03,right,60.362151,-2300,-0.161172,170,0,No fault,2233.00
2026-08-12T10:48:32.321,1786524512.321259,11.285715,4,0,0.800000,79,0,0x04,left,-11.760572,22,-0.026374,174,0,No fault,0x03,right,59.769181,-2389,-0.149451,171,0,No fault,2411.00
2026-08-12T10:48:32.326,1786524512.326748,11.291207,4,0,0.800000,80,0,0x04,left,-11.760572,-22,-0.043956,174,0,No fault,0x03,right,59.154249,-2568,-0.102564,172,0,No fault,2546.00
2026-08-12T10:48:32.332,1786524512.332086,11.296591,4,0,0.800000,81,0,0x04,left,-11.760572,-22,-0.049817,174,0,No fault,0x03,right,58.561279,-2613,-0.131868,170,0,No fault,2591.00
2026-08-12T10:48:32.337,1786524512.337581,11.302040,4,0,0.800000,82,0,0x04,left,-11.738610,112,-0.043956,175,0,No fault,0x03,right,57.946347,-2568,-0.172894,173,0,No fault,2680.00
2026-08-12T10:48:32.342,1786524512.342997,11.307456,4,0,0.800000,83,0,0x04,left,-11.738610,22,-0.055678,176,0,No fault,0x03,right,56.782369,-2300,-0.090842,173,0,No fault,2322.00
2026-08-12T10:48:32.348,1786524512.348348,11.312801,4,0,0.800000,84,0,0x04,left,-11.738610,201,-0.049817,174,0,No fault,0x03,right,56.167437,-2345,-0.143590,173,0,No fault,2546.00
2026-08-12T10:48:32.353,1786524512.353643,11.318103,4,0,0.800000,85,0,0x04,left,-11.760572,-67,-0.043956,174,0,No fault,0x03,right,55.552505,-2479,-0.137729,177,0,No fault,2412.00
2026-08-12T10:48:32.358,1786524512.358994,11.323462,4,0,0.800000,86,0,0x04,left,-11.760572,-22,-0.043956,175,0,No fault,0x03,right,54.959535,-2568,-0.155311,173,0,No fault,2546.00
2026-08-12T10:48:32.364,1786524512.364435,11.328900,4,0,0.800000,87,0,0x04,left,-11.760572,-67,-0.067399,174,0,No fault,0x03,right,54.366565,-2300,-0.161172,173,0,No fault,2233.00
2026-08-12T10:48:32.380,1786524512.380050,11.344508,4,0,0.800000,88,0,0x04,left,-11.738610,201,-0.038095,174,0,No fault,0x03,right,53.751633,-2479,-0.114286,172,0,No fault,2680.00
2026-08-12T10:48:32.385,1786524512.385348,11.349807,4,0,0.800000,89,0,0x04,left,-11.760572,-67,-0.049817,174,0,No fault,0x03,right,52.565693,-2389,-0.149451,172,0,No fault,2322.00
2026-08-12T10:48:32.390,1786524512.390742,11.355206,4,0,0.800000,90,0,0x04,left,-11.760572,-67,-0.049817,175,0,No fault,0x03,right,51.972723,-2747,-0.190476,173,0,No fault,2680.00
2026-08-12T10:48:32.396,1786524512.396096,11.360558,4,0,0.800000,91,0,0x04,left,-11.760572,-112,-0.055678,175,0,No fault,0x03,right,50.786783,-2345,-0.143590,173,0,No fault,2233.00
2026-08-12T10:48:32.401,1786524512.401423,11.365910,4,0,0.800000,92,0,0x04,left,-11.760572,-67,-0.043956,174,0,No fault,0x03,right,50.171851,-2479,-0.114286,173,0,No fault,2412.00
2026-08-12T10:48:32.406,1786524512.406798,11.371259,4,0,0.800000,93,0,0x04,left,-11.760572,-201,-0.032234,174,0,No fault,0x03,right,49.578881,-2434,-0.213919,173,0,No fault,2233.00
2026-08-12T10:48:32.412,1786524512.412142,11.376606,4,0,0.800000,94,0,0x04,left,-11.760572,-112,-0.043956,173,0,No fault,0x03,right,48.985911,-2479,-0.196337,174,0,No fault,2367.00
2026-08-12T10:48:32.417,1786524512.417521,11.381982,4,0,0.800000,95,0,0x04,left,-11.760572,-22,-0.032234,175,0,No fault,0x03,right,48.392941,-2568,-0.178755,172,0,No fault,2546.00
2026-08-12T10:48:32.422,1786524512.422863,11.387322,4,0,0.800000,96,0,0x04,left,-11.738610,22,-0.049817,176,0,No fault,0x03,right,47.799971,-2389,-0.131868,174,0,No fault,2411.00
2026-08-12T10:48:32.428,1786524512.428329,11.392793,4,0,0.800000,97,0,0x04,left,-11.760572,-201,-0.038095,174,0,No fault,0x03,right,47.207001,-2434,-0.161172,173,0,No fault,2233.00
2026-08-12T10:48:32.438,1786524512.438756,11.403218,4,0,0.800000,98,0,0x04,left,-11.760572,-22,-0.032234,174,0,No fault,0x03,right,45.999099,-2568,-0.225641,173,0,No fault,2546.00
2026-08-12T10:48:32.444,1786524512.444109,11.408576,4,0,0.800000,99,0,0x04,left,-11.760572,-22,-0.043956,174,0,No fault,0x03,right,45.428091,-2434,-0.178755,172,0,No fault,2412.00
2026-08-12T10:48:32.449,1786524512.449511,11.413977,4,0,0.800000,100,0,0x04,left,-11.760572,-22,-0.038095,173,0,No fault,0x03,right,43.715067,-2389,-0.172894,172,0,No fault,2367.00
2026-08-12T10:48:32.454,1786524512.454864,11.419322,4,0,0.800000,101,0,0x04,left,-11.760572,22,-0.026374,174,0,No fault,0x03,right,43.385639,-2791,-0.167033,172,0,No fault,2813.00
2026-08-12T10:48:32.460,1786524512.460190,11.424649,4,0,0.800000,102,0,0x04,left,-11.760572,-290,-0.055678,174,0,No fault,0x03,right,43.056211,-2479,-0.202198,172,0,No fault,2189.00
2026-08-12T10:48:32.466,1786524512.466163,11.430627,4,0,0.800000,103,0,0x04,left,-11.738610,67,-0.055678,175,0,No fault,0x03,right,42.485203,-2523,-0.178755,173,0,No fault,2590.00
2026-08-12T10:48:32.471,1786524512.471536,11.435993,4,0,0.800000,104,0,0x04,left,-11.738610,67,-0.049817,174,0,No fault,0x03,right,41.277301,-2523,-0.190476,171,0,No fault,2590.00
2026-08-12T10:48:32.476,1786524512.476858,11.441324,4,0,0.800000,105,0,0x04,left,-11.760572,-112,-0.038095,175,0,No fault,0x03,right,40.662369,-2568,-0.172894,172,0,No fault,2456.00
2026-08-12T10:48:32.482,1786524512.482233,11.446708,4,0,0.800000,106,0,0x04,left,-11.760572,-112,-0.032234,172,0,No fault,0x03,right,40.047437,-2523,-0.167033,173,0,No fault,2411.00
2026-08-12T10:48:32.487,1786524512.487612,11.452080,4,0,0.800000,107,0,0x04,left,-11.738610,22,-0.049817,175,0,No fault,0x03,right,38.861497,-2389,-0.149451,173,0,No fault,2411.00
2026-08-12T10:48:32.492,1786524512.492951,11.457412,4,0,0.800000,108,0,0x04,left,-11.760572,-22,-0.032234,174,0,No fault,0x03,right,38.268527,-2345,-0.131868,174,0,No fault,2323.00
2026-08-12T10:48:32.498,1786524512.498464,11.462929,4,0,0.800000,109,0,0x04,left,-11.738610,112,-0.032234,174,0,No fault,0x03,right,37.675557,-2211,-0.184615,174,0,No fault,2323.00
2026-08-12T10:48:32.503,1786524512.503809,11.468283,4,0,0.800000,110,0,0x04,left,-11.760572,-22,-0.043956,174,0,No fault,0x03,right,37.060626,-2568,-0.167033,171,0,No fault,2546.00
2026-08-12T10:48:32.509,1786524512.509170,11.473630,4,0,0.800000,111,0,0x04,left,-11.760572,22,-0.032234,174,0,No fault,0x03,right,36.467656,-2389,-0.102564,173,0,No fault,2411.00
2026-08-12T10:48:32.514,1786524512.514521,11.478996,4,0,0.800000,112,0,0x04,left,-11.738610,22,-0.049817,174,0,No fault,0x03,right,35.852724,-2791,-0.137729,174,0,No fault,2813.00
2026-08-12T10:48:32.519,1786524512.519917,11.484384,4,0,0.800000,113,0,0x04,left,-11.760572,-22,-0.038095,176,0,No fault,0x03,right,35.259754,-2479,-0.126007,171,0,No fault,2457.00
2026-08-12T10:48:32.525,1786524512.525274,11.489738,4,0,0.800000,114,0,0x04,left,-11.738610,22,-0.043956,174,0,No fault,0x03,right,34.666784,-2345,-0.161172,173,0,No fault,2367.00
2026-08-12T10:48:32.530,1786524512.530772,11.495242,4,0,0.800000,115,0,0x04,left,-11.738610,22,-0.043956,175,0,No fault,0x03,right,34.051852,-2568,-0.155311,172,0,No fault,2590.00
2026-08-12T10:48:32.536,1786524512.536229,11.500690,4,0,0.800000,116,0,0x04,left,-11.738610,67,-0.032234,174,0,No fault,0x03,right,33.458882,-2568,-0.084982,174,0,No fault,2635.00
2026-08-12T10:48:32.541,1786524512.541558,11.506014,4,0,0.800000,117,0,0x04,left,-11.760572,-156,-0.038095,174,0,No fault,0x03,right,32.843950,-2568,-0.161172,172,0,No fault,2412.00
2026-08-12T10:48:32.546,1786524512.546873,11.511326,4,0,0.800000,118,0,0x04,left,-11.760572,-22,-0.038095,173,0,No fault,0x03,right,32.250980,-2791,-0.155311,177,0,No fault,2769.00
2026-08-12T10:48:32.552,1786524512.552174,11.516636,4,0,0.800000,119,0,0x04,left,-11.738610,-22,-0.061538,175,0,No fault,0x03,right,31.658010,-2479,-0.178755,172,0,No fault,2457.00
2026-08-12T10:48:32.557,1786524512.557636,11.522094,4,0,0.800000,120,0,0x04,left,-11.738610,22,-0.043956,174,0,No fault,0x03,right,31.065040,-2434,-0.137729,173,0,No fault,2456.00
2026-08-12T10:48:32.563,1786524512.563013,11.527467,4,0,0.800000,121,0,0x04,left,-11.760572,-22,-0.032234,174,0,No fault,0x03,right,30.450108,-2434,-0.126007,173,0,No fault,2412.00
2026-08-12T10:48:32.568,1786524512.568427,11.532936,4,0,0.800000,122,0,0x04,left,-11.738610,201,-0.020513,173,0,No fault,0x03,right,29.857138,-2345,-0.178755,172,0,No fault,2546.00
2026-08-12T10:48:32.574,1786524512.574003,11.538463,4,0,0.800000,123,0,0x04,left,-11.760572,-67,-0.049817,174,0,No fault,0x03,right,29.264168,-2389,-0.172894,172,0,No fault,2322.00
2026-08-12T10:48:32.584,1786524512.584921,11.549374,4,0,0.800000,124,0,0x04,left,-11.760572,-22,-0.049817,177,0,No fault,0x03,right,28.671198,-2434,-0.178755,173,0,No fault,2412.00
2026-08-12T10:48:32.590,1786524512.590209,11.554665,4,0,0.800000,125,0,0x04,left,-11.760572,-67,-0.055678,174,0,No fault,0x03,right,26.892288,-2345,-0.172894,173,0,No fault,2278.00
2026-08-12T10:48:32.595,1786524512.595520,11.559982,4,0,0.800000,126,0,0x04,left,-11.760572,-22,-0.049817,174,0,No fault,0x03,right,26.277356,-2613,-0.213919,173,0,No fault,2591.00
2026-08-12T10:48:32.600,1786524512.600870,11.565327,4,0,0.800000,127,0,0x04,left,-11.760572,-22,-0.043956,174,0,No fault,0x03,right,25.684386,-2613,-0.178755,172,0,No fault,2591.00
2026-08-12T10:48:32.606,1786524512.606198,11.570658,4,0,0.800000,128,0,0x04,left,-11.738610,22,-0.049817,175,0,No fault,0x03,right,25.091416,-2523,-0.131868,173,0,No fault,2545.00
2026-08-12T10:48:32.611,1786524512.611563,11.576028,4,0,0.800000,129,0,0x04,left,-11.760572,-22,-0.043956,174,0,No fault,0x03,right,24.476484,-2479,-0.155311,169,0,No fault,2457.00
2026-08-12T10:48:32.616,1786524512.616905,11.581363,4,0,0.800000,130,0,0x04,left,-11.738610,156,-0.049817,174,0,No fault,0x03,right,23.883514,-2523,-0.202198,172,0,No fault,2679.00
2026-08-12T10:48:32.622,1786524512.622231,11.586690,4,0,0.800000,131,0,0x04,left,-11.738610,201,-0.049817,174,0,No fault,0x03,right,23.268582,-2747,-0.172894,173,0,No fault,2948.00
2026-08-12T10:48:32.627,1786524512.627571,11.592050,4,0,0.800000,132,0,0x04,left,-11.760572,-67,-0.055678,174,0,No fault,0x03,right,22.697574,-2523,-0.196337,174,0,No fault,2456.00
2026-08-12T10:48:32.633,1786524512.633152,11.597611,4,0,0.800000,133,0,0x04,left,-11.760572,-22,-0.032234,176,0,No fault,0x03,right,22.082642,-2613,-0.114286,172,0,No fault,2591.00
2026-08-12T10:48:32.643,1786524512.643627,11.608082,4,0,0.800000,134,0,0x04,left,-11.760572,-67,-0.038095,174,0,No fault,0x03,right,19.622915,-2389,-0.143590,173,0,No fault,2322.00
2026-08-12T10:48:32.648,1786524512.648899,11.613361,4,0,0.800000,135,0,0x04,left,-11.760572,-156,-0.043956,176,0,No fault,0x03,right,19.315449,-2657,-0.120147,173,0,No fault,2501.00
2026-08-12T10:48:32.654,1786524512.654214,11.618678,4,0,0.800000,136,0,0x04,left,-11.760572,-22,-0.038095,173,0,No fault,0x03,right,18.986021,-2568,-0.126007,174,0,No fault,2546.00
2026-08-12T10:48:32.659,1786524512.659536,11.623993,4,0,0.800000,137,0,0x04,left,-11.760572,-201,-0.049817,174,0,No fault,0x03,right,18.371089,-2434,-0.120147,172,0,No fault,2233.00
2026-08-12T10:48:32.664,1786524512.664836,11.629296,4,0,0.800000,138,0,0x04,left,-11.760572,-67,-0.032234,175,0,No fault,0x03,right,17.778119,-2523,-0.149451,173,0,No fault,2456.00
2026-08-12T10:48:32.670,1786524512.670309,11.634825,4,0,0.800000,139,0,0x04,left,-11.760572,-156,-0.043956,174,0,No fault,0x03,right,17.185149,-2345,-0.155311,173,0,No fault,2189.00
