wall_time_iso,wall_time_epoch_s,elapsed_s,phase_index,phase_command_erpm,phase_duration_s,sample_index,command_erpm,left_motor_id,left_motor_label,left_feedback_position_deg,left_feedback_speed_erpm,left_feedback_current_amps,left_feedback_temperature_c,left_feedback_error_code,left_feedback_error_description,right_motor_id,right_motor_label,right_feedback_position_deg,right_feedback_speed_erpm,right_feedback_current_amps,right_feedback_temperature_c,right_feedback_error_code,right_feedback_error_description,sync_error_erpm
2026-08-12T10:50:35.740,1786524635.740904,0.024608,1,2500,5.000000,1,2500,0x03,left,12.704931,22,0.008791,172,0,No fault,0x04,right,13.253978,2747,0.401465,172,0,No fault,-2725.00
2026-08-12T10:50:35.746,1786524635.746490,0.030163,1,2500,5.000000,2,2500,0x03,left,12.704931,-22,0.014652,175,0,No fault,0x04,right,13.868910,2345,-0.014652,174,0,No fault,-2367.00
2026-08-12T10:50:35.751,1786524635.751805,0.035463,1,2500,5.000000,3,2500,0x03,left,-17.909890,-67,-0.008791,173,0,No fault,0x04,right,14.483842,2523,0.126007,174,0,No fault,-2590.00
2026-08-12T10:50:35.757,1786524635.757043,0.040692,1,2500,5.000000,4,2500,0x03,left,-17.800081,1139,2.347253,174,0,No fault,0x04,right,15.032888,2255,0.249084,175,0,No fault,-1116.00
2026-08-12T10:50:35.762,1786524635.762243,0.045898,1,2500,5.000000,5,2500,0x03,left,12.682970,-201,0.014652,175,0,No fault,0x04,right,15.581934,2077,0.208059,175,0,No fault,-2278.00
2026-08-12T10:50:35.767,1786524635.767476,0.051133,1,2500,5.000000,6,2500,0x03,left,12.792779,1139,2.200733,175,0,No fault,0x04,right,16.196866,2255,0.172894,174,0,No fault,-1116.00
2026-08-12T10:50:35.772,1786524635.772731,0.056389,1,2500,5.000000,7,2500,0x03,left,-17.360844,2836,0.483516,172,0,No fault,0x04,right,16.767874,2479,0.172894,176,0,No fault,357.00
2026-08-12T10:50:35.777,1786524635.777996,0.061658,1,2500,5.000000,8,2500,0x03,left,13.253978,2747,0.401465,172,0,No fault,0x04,right,17.360844,2523,0.184615,175,0,No fault,224.00
2026-08-12T10:50:35.783,1786524635.783416,0.067083,1,2500,5.000000,9,2500,0x03,left,-16.745912,2523,0.026374,173,0,No fault,0x04,right,17.931852,2300,0.196337,176,0,No fault,223.00
2026-08-12T10:50:35.788,1786524635.788732,0.072393,1,2500,5.000000,10,2500,0x03,left,-16.174904,2255,0.079121,173,0,No fault,0x04,right,18.524822,2389,0.225641,175,0,No fault,-134.00
2026-08-12T10:50:35.794,1786524635.794071,0.077748,1,2500,5.000000,11,2500,0x03,left,14.483842,2523,0.126007,174,0,No fault,0x04,right,19.095830,2523,0.219780,174,0,No fault,0.00
2026-08-12T10:50:35.799,1786524635.799529,0.083195,1,2500,5.000000,12,2500,0x03,left,-15.603896,2345,0.237363,170,0,No fault,0x04,right,19.688800,2434,0.172894,171,0,No fault,-89.00
2026-08-12T10:50:35.804,1786524635.804853,0.088528,1,2500,5.000000,13,2500,0x03,left,15.032888,2255,0.249084,175,0,No fault,0x04,right,20.259809,2255,0.231502,174,0,No fault,0.00
2026-08-12T10:50:35.810,1786524635.810245,0.093916,1,2500,5.000000,14,2500,0x03,left,-15.032888,2300,0.196337,172,0,No fault,0x04,right,20.852779,2345,0.202198,173,0,No fault,-45.00
2026-08-12T10:50:35.815,1786524635.815600,0.099269,1,2500,5.000000,15,2500,0x03,left,15.581934,2077,0.208059,175,0,No fault,0x04,right,21.445749,2389,0.219780,174,0,No fault,-312.00
2026-08-12T10:50:35.820,1786524635.820955,0.104625,1,2500,5.000000,16,2500,0x03,left,-14.439918,2479,0.178755,171,0,No fault,0x04,right,22.016757,2389,0.243223,175,0,No fault,90.00
2026-08-12T10:50:35.826,1786524635.826300,0.109968,1,2500,5.000000,17,2500,0x03,left,16.196866,2255,0.172894,174,0,No fault,0x04,right,22.609727,2255,0.137729,176,0,No fault,0.00
2026-08-12T10:50:35.831,1786524635.831637,0.115305,1,2500,5.000000,18,2500,0x03,left,-13.846948,2568,0.190476,171,0,No fault,0x04,right,23.202697,2568,0.213919,176,0,No fault,0.00
2026-08-12T10:50:35.837,1786524635.837001,0.120674,1,2500,5.000000,19,2500,0x03,left,16.767874,2479,0.172894,176,0,No fault,0x04,right,23.773705,2300,0.225641,173,0,No fault,179.00
2026-08-12T10:50:35.842,1786524635.842374,0.126044,1,2500,5.000000,20,2500,0x03,left,-13.275940,2523,0.143590,172,0,No fault,0x04,right,24.366675,2345,0.184615,174,0,No fault,178.00
2026-08-12T10:50:35.847,1786524635.847967,0.131636,1,2500,5.000000,21,2500,0x03,left,17.360844,2523,0.184615,175,0,No fault,0x04,right,24.937683,2345,0.266667,176,0,No fault,178.00
2026-08-12T10:50:35.853,1786524635.853398,0.137063,1,2500,5.000000,22,2500,0x03,left,-12.682970,2523,0.131868,172,0,No fault,0x04,right,26.123623,2166,0.161172,174,0,No fault,357.00
2026-08-12T10:50:35.858,1786524635.858761,0.142432,1,2500,5.000000,23,2500,0x03,left,17.931852,2300,0.196337,176,0,No fault,0x04,right,26.716593,2479,0.237363,175,0,No fault,-179.00
2026-08-12T10:50:35.864,1786524635.864146,0.147823,1,2500,5.000000,24,2500,0x03,left,-12.068038,2523,0.172894,176,0,No fault,0x04,right,27.287601,2345,0.172894,176,0,No fault,178.00
2026-08-12T10:50:35.869,1786524635.869573,0.153248,1,2500,5.000000,25,2500,0x03,left,18.524822,2389,0.225641,175,0,No fault,0x04,right,27.880571,2702,0.225641,174,0,No fault,-313.00
2026-08-12T10:50:35.874,1786524635.874967,0.158637,1,2500,5.000000,26,2500,0x03,left,-11.497030,2479,0.190476,173,0,No fault,0x04,right,28.451579,2389,0.178755,175,0,No fault,90.00
2026-08-12T10:50:35.880,1786524635.880354,0.164025,1,2500,5.000000,27,2500,0x03,left,19.095830,2523,0.219780,174,0,No fault,0x04,right,29.066511,2568,0.178755,175,0,No fault,-45.00
2026-08-12T10:50:35.885,1786524635.885727,0.169403,1,2500,5.000000,28,2500,0x03,left,-10.904060,2523,0.155311,173,0,No fault,0x04,right,29.637519,2479,0.190476,178,0,No fault,44.00
2026-08-12T10:50:35.891,1786524635.891205,0.174879,1,2500,5.000000,29,2500,0x03,left,19.688800,2434,0.172894,171,0,No fault,0x04,right,30.230489,2389,0.208059,174,0,No fault,45.00
2026-08-12T10:50:35.896,1786524635.896747,0.180413,1,2500,5.000000,30,2500,0x03,left,20.259809,2255,0.231502,174,0,No fault,0x04,right,30.823460,2434,0.126007,174,0,No fault,-179.00
2026-08-12T10:50:35.902,1786524635.902067,0.185734,1,2500,5.000000,31,2500,0x03,left,-9.740081,2434,0.143590,173,0,No fault,0x04,right,31.416430,2345,0.126007,175,0,No fault,89.00
2026-08-12T10:50:35.917,1786524635.917959,0.201632,1,2500,5.000000,32,2500,0x03,left,21.445749,2389,0.219780,174,0,No fault,0x04,right,32.031361,2300,0.190476,175,0,No fault,89.00
2026-08-12T10:50:35.933,1786524635.933662,0.217340,1,2500,5.000000,33,2500,0x03,left,22.016757,2389,0.243223,175,0,No fault,0x04,right,35.062097,2300,0.225641,176,0,No fault,89.00
2026-08-12T10:50:35.939,1786524635.939078,0.222739,1,2500,5.000000,34,2500,0x03,left,-7.939210,2568,0.120147,173,0,No fault,0x04,right,35.677029,2568,0.155311,172,0,No fault,0.00
2026-08-12T10:50:35.944,1786524635.944421,0.228091,1,2500,5.000000,35,2500,0x03,left,22.609727,2255,0.137729,176,0,No fault,0x04,right,36.248037,2523,0.202198,175,0,No fault,-268.00
2026-08-12T10:50:35.950,1786524635.950091,0.233759,1,2500,5.000000,36,2500,0x03,left,-7.346240,2479,0.090842,173,0,No fault,0x04,right,36.819045,2345,0.149451,174,0,No fault,134.00
2026-08-12T10:50:35.955,1786524635.955452,0.239111,1,2500,5.000000,37,2500,0x03,left,23.202697,2568,0.213919,176,0,No fault,0x04,right,37.412015,2389,0.167033,175,0,No fault,179.00
2026-08-12T10:50:35.960,1786524635.960755,0.244419,1,2500,5.000000,38,2500,0x03,left,-6.753270,2434,0.131868,173,0,No fault,0x04,right,38.004985,2434,0.196337,175,0,No fault,0.00
2026-08-12T10:50:35.966,1786524635.966084,0.249743,1,2500,5.000000,39,2500,0x03,left,23.773705,2300,0.225641,173,0,No fault,0x04,right,38.575993,2345,0.172894,175,0,No fault,-45.00
2026-08-12T10:50:35.971,1786524635.971512,0.255179,1,2500,5.000000,40,2500,0x03,left,-6.182261,2255,0.161172,173,0,No fault,0x04,right,39.147001,2166,0.149451,173,0,No fault,89.00
2026-08-12T10:50:35.977,1786524635.977026,0.260706,1,2500,5.000000,41,2500,0x03,left,-5.567330,2345,0.149451,173,0,No fault,0x04,right,39.739971,2345,0.161172,174,0,No fault,0.00
2026-08-12T10:50:35.982,1786524635.982525,0.266200,1,2500,5.000000,42,2500,0x03,left,24.937683,2345,0.266667,176,0,No fault,0x04,right,40.376865,2657,0.155311,174,0,No fault,-312.00
2026-08-12T10:50:35.987,1786524635.987946,0.271618,1,2500,5.000000,43,2500,0x03,left,-4.996321,2345,0.126007,173,0,No fault,0x04,right,41.562805,2077,0.208059,175,0,No fault,268.00
2026-08-12T10:50:35.993,1786524635.993624,0.277294,1,2500,5.000000,44,2500,0x03,left,25.552615,2434,0.137729,173,0,No fault,0x04,right,42.111852,2121,0.202198,175,0,No fault,313.00
2026-08-12T10:50:35.998,1786524635.998994,0.282673,1,2500,5.000000,45,2500,0x03,left,-4.381390,2523,0.102564,173,0,No fault,0x04,right,42.704822,2389,0.102564,175,0,No fault,134.00
2026-08-12T10:50:36.004,1786524636.004328,0.287998,1,2500,5.000000,46,2500,0x03,left,26.123623,2166,0.161172,174,0,No fault,0x04,right,43.297792,2300,0.243223,174,0,No fault,-134.00
2026-08-12T10:50:36.009,1786524636.009650,0.293308,1,2500,5.000000,47,2500,0x03,left,-3.810381,2434,0.161172,173,0,No fault,0x04,right,43.868800,2345,0.208059,174,0,No fault,89.00
2026-08-12T10:50:36.014,1786524636.014925,0.298582,1,2500,5.000000,48,2500,0x03,left,26.716593,2479,0.237363,175,0,No fault,0x04,right,44.461770,2434,0.196337,177,0,No fault,45.00
2026-08-12T10:50:36.020,1786524636.020192,0.303846,1,2500,5.000000,49,2500,0x03,left,-3.217411,2568,0.178755,173,0,No fault,0x04,right,45.032778,2389,0.225641,173,0,No fault,179.00
2026-08-12T10:50:36.025,1786524636.025545,0.309202,1,2500,5.000000,50,2500,0x03,left,27.287601,2345,0.172894,176,0,No fault,0x04,right,45.625748,2211,0.155311,177,0,No fault,134.00
2026-08-12T10:50:36.030,1786524636.030855,0.314530,1,2500,5.000000,51,2500,0x03,left,-2.624441,2345,0.167033,172,0,No fault,0x04,right,46.196756,2345,0.208059,175,0,No fault,0.00
2026-08-12T10:50:36.036,1786524636.036196,0.319857,1,2500,5.000000,52,2500,0x03,left,27.880571,2702,0.225641,174,0,No fault,0x04,right,46.789726,2479,0.219780,172,0,No fault,223.00
2026-08-12T10:50:36.041,1786524636.041527,0.325188,1,2500,5.000000,53,2500,0x03,left,-2.031471,2389,0.120147,173,0,No fault,0x04,right,47.360734,2300,0.254945,174,0,No fault,89.00
2026-08-12T10:50:36.046,1786524636.046875,0.330545,1,2500,5.000000,54,2500,0x03,left,28.451579,2389,0.178755,175,0,No fault,0x04,right,47.953704,2389,0.190476,175,0,No fault,0.00
2026-08-12T10:50:36.052,1786524636.052202,0.335859,1,2500,5.000000,55,2500,0x03,left,-1.460463,2345,0.126007,173,0,No fault,0x04,right,48.546674,2345,0.167033,175,0,No fault,0.00
2026-08-12T10:50:36.057,1786524636.057500,0.341155,1,2500,5.000000,56,2500,0x03,left,29.066511,2568,0.178755,175,0,No fault,0x04,right,49.117682,2300,0.219780,175,0,No fault,268.00
2026-08-12T10:50:36.062,1786524636.062797,0.346458,1,2500,5.000000,57,2500,0x03,left,-0.867493,2166,0.161172,172,0,No fault,0x04,right,49.710652,2255,0.243223,175,0,No fault,-89.00
2026-08-12T10:50:36.068,1786524636.068106,0.351769,1,2500,5.000000,58,2500,0x03,left,29.637519,2479,0.190476,178,0,No fault,0x04,right,50.281661,2211,0.213919,176,0,No fault,268.00
2026-08-12T10:50:36.073,1786524636.073424,0.357112,1,2500,5.000000,59,2500,0x03,left,-0.274523,2345,0.178755,173,0,No fault,0x04,right,50.874631,2345,0.167033,174,0,No fault,0.00
2026-08-12T10:50:36.078,1786524636.078833,0.362492,1,2500,5.000000,60,2500,0x03,left,30.230489,2389,0.208059,174,0,No fault,0x04,right,51.445639,2166,0.178755,174,0,No fault,223.00
2026-08-12T10:50:36.084,1786524636.084299,0.367955,1,2500,5.000000,61,2500,0x03,left,30.823460,2434,0.126007,174,0,No fault,0x04,right,52.038609,2300,0.237363,176,0,No fault,134.00
2026-08-12T10:50:36.089,1786524636.089598,0.373264,1,2500,5.000000,62,2500,0x03,left,0.933379,2479,0.120147,173,0,No fault,0x04,right,52.631579,2389,0.190476,174,0,No fault,90.00
2026-08-12T10:50:36.095,1786524636.095023,0.378682,1,2500,5.000000,63,2500,0x03,left,31.416430,2345,0.126007,175,0,No fault,0x04,right,53.202587,2389,0.249084,174,0,No fault,-44.00
2026-08-12T10:50:36.100,1786524636.100505,0.384173,1,2500,5.000000,64,2500,0x03,left,1.504387,2523,0.213919,173,0,No fault,0x04,right,54.388527,2479,0.137729,176,0,No fault,44.00
2026-08-12T10:50:36.121,1786524636.121593,0.405283,1,2500,5.000000,65,2500,0x03,left,3.239373,2568,0.225641,173,0,No fault,0x04,right,56.826292,2434,0.172894,176,0,No fault,134.00
2026-08-12T10:50:36.137,1786524636.137605,0.421281,1,2500,5.000000,66,2500,0x03,left,33.876157,2389,0.137729,175,0,No fault,0x04,right,58.627164,2345,0.208059,174,0,No fault,44.00
2026-08-12T10:50:36.142,1786524636.142956,0.426621,1,2500,5.000000,67,2500,0x03,left,34.183623,2389,0.126007,174,0,No fault,0x04,right,59.198172,2211,0.202198,174,0,No fault,178.00
2026-08-12T10:50:36.148,1786524636.148270,0.431939,1,2500,5.000000,68,2500,0x03,left,34.491089,2523,0.167033,174,0,No fault,0x04,right,59.791143,2166,0.167033,174,0,No fault,357.00
2026-08-12T10:50:36.153,1786524636.153618,0.437284,1,2500,5.000000,69,2500,0x03,left,35.062097,2300,0.225641,176,0,No fault,0x04,right,60.384113,2211,0.178755,175,0,No fault,89.00
2026-08-12T10:50:36.158,1786524636.158941,0.442609,1,2500,5.000000,70,2500,0x03,left,5.369673,2300,0.178755,171,0,No fault,0x04,right,60.977083,2523,0.178755,176,0,No fault,-223.00
2026-08-12T10:50:36.164,1786524636.164270,0.447936,1,2500,5.000000,71,2500,0x03,left,35.677029,2568,0.155311,172,0,No fault,0x04,right,61.548091,2300,0.237363,175,0,No fault,268.00
2026-08-12T10:50:36.169,1786524636.169625,0.453289,1,2500,5.000000,72,2500,0x03,left,5.677139,2479,0.208059,177,0,No fault,0x04,right,62.119099,2389,0.266667,174,0,No fault,90.00
2026-08-12T10:50:36.174,1786524636.174935,0.458600,1,2500,5.000000,73,2500,0x03,left,6.006567,2479,0.202198,172,0,No fault,0x04,right,62.712069,2255,0.108425,174,0,No fault,224.00
2026-08-12T10:50:36.180,1786524636.180233,0.463900,1,2500,5.000000,74,2500,0x03,left,36.248037,2523,0.202198,175,0,No fault,0x04,right,63.305039,2300,0.213919,174,0,No fault,223.00
2026-08-12T10:50:36.185,1786524636.185598,0.469266,1,2500,5.000000,75,2500,0x03,left,6.577575,2345,0.190476,172,0,No fault,0x04,right,63.898009,2389,0.219780,175,0,No fault,-44.00
2026-08-12T10:50:36.190,1786524636.190906,0.474569,1,2500,5.000000,76,2500,0x03,left,36.819045,2345,0.149451,174,0,No fault,0x04,right,64.490979,2434,0.219780,174,0,No fault,-89.00
2026-08-12T10:50:36.196,1786524636.196242,0.479913,1,2500,5.000000,77,2500,0x03,left,7.192507,2389,0.149451,173,0,No fault,0x04,right,65.040025,2300,0.249084,176,0,No fault,89.00
2026-08-12T10:50:36.201,1786524636.201673,0.485338,1,2500,5.000000,78,2500,0x03,left,37.412015,2389,0.167033,175,0,No fault,0x04,right,65.654957,2389,0.137729,174,0,No fault,0.00
2026-08-12T10:50:36.207,1786524636.207027,0.490688,1,2500,5.000000,79,2500,0x03,left,7.763515,2255,0.172894,173,0,No fault,0x04,right,66.225965,2345,0.219780,171,0,No fault,-90.00
2026-08-12T10:50:36.212,1786524636.212425,0.496084,1,2500,5.000000,80,2500,0x03,left,38.004985,2434,0.196337,175,0,No fault,0x04,right,66.818935,2345,0.213919,174,0,No fault,89.00
2026-08-12T10:50:36.217,1786524636.217994,0.501664,1,2500,5.000000,81,2500,0x03,left,38.575993,2345,0.172894,175,0,No fault,0x04,right,67.411905,2523,0.213919,175,0,No fault,-178.00
2026-08-12T10:50:36.223,1786524636.223393,0.507056,1,2500,5.000000,82,2500,0x03,left,8.927493,2389,0.143590,172,0,No fault,0x04,right,67.982913,2434,0.196337,174,0,No fault,-45.00
2026-08-12T10:50:36.228,1786524636.228726,0.512385,1,2500,5.000000,83,2500,0x03,left,39.147001,2166,0.149451,173,0,No fault,0x04,right,68.575883,2568,0.155311,176,0,No fault,-402.00
2026-08-12T10:50:36.234,1786524636.234038,0.517704,1,2500,5.000000,84,2500,0x03,left,9.542425,2389,0.102564,173,0,No fault,0x04,right,69.168853,2434,0.184615,176,0,No fault,-45.00
2026-08-12T10:50:36.239,1786524636.239424,0.523088,1,2500,5.000000,85,2500,0x03,left,39.739971,2345,0.161172,174,0,No fault,0x04,right,69.739862,2077,0.237363,176,0,No fault,268.00
2026-08-12T10:50:36.244,1786524636.244729,0.528396,1,2500,5.000000,86,2500,0x03,left,10.113433,2255,0.149451,172,0,No fault,0x04,right,70.332832,2121,0.196337,175,0,No fault,134.00
2026-08-12T10:50:36.250,1786524636.250191,0.533843,1,2500,5.000000,87,2500,0x03,left,40.376865,2657,0.155311,174,0,No fault,0x04,right,70.925802,2613,0.172894,174,0,No fault,44.00
2026-08-12T10:50:36.255,1786524636.255573,0.539238,1,2500,5.000000,88,2500,0x03,left,10.728365,2523,0.120147,173,0,No fault,0x04,right,71.540733,2523,0.155311,175,0,No fault,0.00
2026-08-12T10:50:36.261,1786524636.261032,0.544696,1,2500,5.000000,89,2500,0x03,left,40.947873,2300,0.155311,173,0,No fault,0x04,right,72.704712,2434,0.184615,175,0,No fault,-134.00
2026-08-12T10:50:36.266,1786524636.266342,0.549997,1,2500,5.000000,90,2500,0x03,left,11.299373,2166,0.178755,173,0,No fault,0x04,right,73.275720,2345,0.219780,174,0,No fault,-179.00
2026-08-12T10:50:36.271,1786524636.271615,0.555265,1,2500,5.000000,91,2500,0x03,left,41.562805,2077,0.208059,175,0,No fault,0x04,right,73.846728,2300,0.172894,175,0,No fault,-223.00
2026-08-12T10:50:36.276,1786524636.276885,0.560548,1,2500,5.000000,92,2500,0x03,left,11.892343,2479,0.143590,173,0,No fault,0x04,right,74.439698,2389,0.131868,175,0,No fault,90.00
2026-08-12T10:50:36.282,1786524636.282211,0.565865,1,2500,5.000000,93,2500,0x03,left,42.111852,2121,0.202198,175,0,No fault,0x04,right,75.032668,2211,0.219780,174,0,No fault,-90.00
2026-08-12T10:50:36.287,1786524636.287463,0.571114,1,2500,5.000000,94,2500,0x03,left,12.485313,2389,0.102564,173,0,No fault,0x04,right,75.625638,2434,0.184615,175,0,No fault,-45.00
2026-08-12T10:50:36.292,1786524636.292747,0.576412,1,2500,5.000000,95,2500,0x03,left,42.704822,2389,0.102564,175,0,No fault,0x04,right,76.196646,2345,0.190476,176,0,No fault,44.00
2026-08-12T10:50:36.298,1786524636.298094,0.581754,1,2500,5.000000,96,2500,0x03,left,13.078283,2434,0.137729,173,0,No fault,0x04,right,76.789616,2389,0.208059,174,0,No fault,45.00
2026-08-12T10:50:36.303,1786524636.303418,0.587077,1,2500,5.000000,97,2500,0x03,left,43.297792,2300,0.243223,174,0,No fault,0x04,right,77.360624,2255,0.196337,174,0,No fault,45.00
2026-08-12T10:50:36.318,1786524636.318931,0.602590,1,2500,5.000000,98,2500,0x03,left,14.242261,2211,0.155311,173,0,No fault,0x04,right,77.953594,2345,0.196337,174,0,No fault,-134.00
2026-08-12T10:50:36.324,1786524636.324207,0.607861,1,2500,5.000000,99,2500,0x03,left,44.461770,2434,0.196337,177,0,No fault,0x04,right,80.018008,2121,0.172894,174,0,No fault,313.00
2026-08-12T10:50:36.329,1786524636.329548,0.613222,1,2500,5.000000,100,2500,0x03,left,14.835231,2613,0.178755,173,0,No fault,0x04,right,80.325474,2255,0.190476,175,0,No fault,358.00
2026-08-12T10:50:36.340,1786524636.340041,0.623701,1,2500,5.000000,101,2500,0x03,left,45.032778,2389,0.225641,173,0,No fault,0x04,right,81.511414,2523,0.237363,177,0,No fault,-134.00
2026-08-12T10:50:36.345,1786524636.345314,0.628976,1,2500,5.000000,102,2500,0x03,left,45.625748,2211,0.155311,177,0,No fault,0x04,right,82.082422,2345,0.243223,175,0,No fault,-134.00
2026-08-12T10:50:36.350,1786524636.350988,0.634660,1,2500,5.000000,103,2500,0x03,left,16.021171,2479,0.143590,171,0,No fault,0x04,right,82.675392,2479,0.137729,175,0,No fault,0.00
2026-08-12T10:50:36.356,1786524636.356346,0.640002,1,2500,5.000000,104,2500,0x03,left,46.196756,2345,0.208059,175,0,No fault,0x04,right,83.268362,2434,0.237363,174,0,No fault,-89.00
2026-08-12T10:50:36.361,1786524636.361647,0.645306,1,2500,5.000000,105,2500,0x03,left,16.614141,2434,0.149451,171,0,No fault,0x04,right,83.839371,2479,0.196337,174,0,No fault,-45.00
2026-08-12T10:50:36.366,1786524636.366965,0.650633,1,2500,5.000000,106,2500,0x03,left,46.789726,2479,0.219780,172,0,No fault,0x04,right,84.432341,2523,0.202198,173,0,No fault,-44.00
2026-08-12T10:50:36.372,1786524636.372336,0.656001,1,2500,5.000000,107,2500,0x03,left,17.185149,2300,0.143590,174,0,No fault,0x04,right,85.003349,2434,0.231502,176,0,No fault,-134.00
2026-08-12T10:50:36.377,1786524636.377650,0.661312,1,2500,5.000000,108,2500,0x03,left,47.360734,2300,0.254945,174,0,No fault,0x04,right,85.596319,2479,0.131868,174,0,No fault,-179.00
2026-08-12T10:50:36.382,1786524636.382984,0.666649,1,2500,5.000000,109,2500,0x03,left,17.778119,2389,0.143590,174,0,No fault,0x04,right,86.255174,2166,0.202198,176,0,No fault,223.00
2026-08-12T10:50:36.388,1786524636.388322,0.671983,1,2500,5.000000,110,2500,0x03,left,47.953704,2389,0.190476,175,0,No fault,0x04,right,86.848144,2657,0.225641,177,0,No fault,-268.00
2026-08-12T10:50:36.393,1786524636.393748,0.677406,1,2500,5.000000,111,2500,0x03,left,18.371089,2568,0.096703,172,0,No fault,0x04,right,87.419153,2389,0.190476,174,0,No fault,179.00
2026-08-12T10:50:36.399,1786524636.399064,0.682729,1,2500,5.000000,112,2500,0x03,left,48.546674,2345,0.167033,175,0,No fault,0x04,right,88.012123,2479,0.178755,175,0,No fault,-134.00
2026-08-12T10:50:36.404,1786524636.404396,0.688061,1,2500,5.000000,113,2500,0x03,left,18.964059,2389,0.149451,175,0,No fault,0x04,right,88.627054,2568,0.161172,178,0,No fault,-179.00
2026-08-12T10:50:36.411,1786524636.411489,0.695144,1,2500,5.000000,114,2500,0x03,left,19.535067,2166,0.167033,173,0,No fault,0x04,right,89.769071,2077,0.190476,176,0,No fault,89.00
2026-08-12T10:50:36.416,1786524636.416732,0.700385,1,2500,5.000000,115,2500,0x03,left,49.710652,2255,0.243223,175,0,No fault,0x04,right,90.340079,2345,0.208059,171,0,No fault,-90.00
2026-08-12T10:50:36.422,1786524636.422004,0.705671,1,2500,5.000000,116,2500,0x03,left,20.128038,2389,0.190476,176,0,No fault,0x04,right,90.955011,2434,0.137729,175,0,No fault,-45.00
2026-08-12T10:50:36.427,1786524636.427462,0.711143,1,2500,5.000000,117,2500,0x03,left,50.281661,2211,0.213919,176,0,No fault,0x04,right,91.547981,2345,0.155311,175,0,No fault,-134.00
2026-08-12T10:50:36.432,1786524636.432921,0.716600,1,2500,5.000000,118,2500,0x03,left,20.721008,2255,0.137729,173,0,No fault,0x04,right,92.140951,2568,0.213919,175,0,No fault,-313.00
2026-08-12T10:50:36.438,1786524636.438322,0.721989,1,2500,5.000000,119,2500,0x03,left,50.874631,2345,0.167033,174,0,No fault,0x04,right,92.733921,2345,0.143590,175,0,No fault,0.00
2026-08-12T10:50:36.443,1786524636.443687,0.727362,1,2500,5.000000,120,2500,0x03,left,21.292016,2077,0.126007,172,0,No fault,0x04,right,93.304929,2211,0.208059,175,0,No fault,-134.00
2026-08-12T10:50:36.449,1786524636.449045,0.732709,1,2500,5.000000,121,2500,0x03,left,51.445639,2166,0.178755,174,0,No fault,0x04,right,93.897899,2657,0.155311,174,0,No fault,-491.00
2026-08-12T10:50:36.454,1786524636.454355,0.738023,1,2500,5.000000,122,2500,0x03,left,21.906948,2434,0.161172,172,0,No fault,0x04,right,94.468907,2345,0.114286,174,0,No fault,89.00
2026-08-12T10:50:36.459,1786524636.459821,0.743494,1,2500,5.000000,123,2500,0x03,left,52.038609,2300,0.237363,176,0,No fault,0x04,right,95.061877,2345,0.190476,176,0,No fault,-45.00
2026-08-12T10:50:36.465,1786524636.465170,0.748833,1,2500,5.000000,124,2500,0x03,left,22.499918,2434,0.184615,173,0,No fault,0x04,right,95.654847,2300,0.167033,174,0,No fault,134.00
2026-08-12T10:50:36.470,1786524636.470474,0.754133,1,2500,5.000000,125,2500,0x03,left,52.631579,2389,0.190476,174,0,No fault,0x04,right,96.225855,2389,0.172894,175,0,No fault,0.00
2026-08-12T10:50:36.475,1786524636.475758,0.759423,1,2500,5.000000,126,2500,0x03,left,23.070926,2211,0.155311,173,0,No fault,0x04,right,96.818825,2166,0.155311,175,0,No fault,45.00
2026-08-12T10:50:36.481,1786524636.481101,0.764769,1,2500,5.000000,127,2500,0x03,left,53.202587,2389,0.249084,174,0,No fault,0x04,right,97.411795,2300,0.149451,174,0,No fault,89.00
2026-08-12T10:50:36.486,1786524636.486458,0.770119,1,2500,5.000000,128,2500,0x03,left,23.663896,2389,0.120147,171,0,No fault,0x04,right,98.004765,2389,0.167033,174,0,No fault,0.00
2026-08-12T10:50:36.491,1786524636.491917,0.775583,1,2500,5.000000,129,2500,0x03,left,53.795557,2568,0.155311,174,0,No fault,0x04,right,98.575773,2523,0.178755,177,0,No fault,45.00
2026-08-12T10:50:36.497,1786524636.497266,0.780927,1,2500,5.000000,130,2500,0x03,left,24.256866,2523,0.155311,173,0,No fault,0x04,right,99.783675,2434,0.149451,174,0,No fault,89.00
2026-08-12T10:50:36.502,1786524636.502745,0.786411,1,2500,5.000000,131,2500,0x03,left,54.388527,2479,0.137729,176,0,No fault,0x04,right,100.354683,2345,0.167033,175,0,No fault,134.00
2026-08-12T10:50:36.518,1786524636.518748,0.802403,1,2500,5.000000,132,2500,0x03,left,26.013814,2211,0.208059,174,0,No fault,0x04,right,100.925692,2300,0.167033,176,0,No fault,-89.00
2026-08-12T10:50:36.524,1786524636.524032,0.807699,1,2500,5.000000,133,2500,0x03,left,26.628746,2479,0.126007,173,0,No fault,0x04,right,102.946182,2345,0.114286,175,0,No fault,134.00
2026-08-12T10:50:36.529,1786524636.529466,0.813137,1,2500,5.000000,134,2500,0x03,left,56.826292,2434,0.172894,176,0,No fault,0x04,right,103.275610,2389,0.213919,175,0,No fault,45.00
2026-08-12T10:50:36.545,1786524636.545070,0.828740,1,2500,5.000000,135,2500,0x03,left,57.133758,2568,0.143590,175,0,No fault,0x04,right,105.010596,2166,0.202198,174,0,No fault,402.00
2026-08-12T10:50:36.550,1786524636.550403,0.834071,1,2500,5.000000,136,2500,0x03,left,57.463186,2166,0.161172,174,0,No fault,0x04,right,105.625528,2345,0.184615,174,0,No fault,-179.00
2026-08-12T10:50:36.555,1786524636.555800,0.839498,1,2500,5.000000,137,2500,0x03,left,58.056156,2568,0.184615,175,0,No fault,0x04,right,106.240460,2434,0.155311,174,0,No fault,134.00
2026-08-12T10:50:36.561,1786524636.561369,0.845063,1,2500,5.000000,138,2500,0x03,left,58.627164,2345,0.208059,174,0,No fault,0x04,right,106.833430,2568,0.249084,175,0,No fault,-223.00
2026-08-12T10:50:36.566,1786524636.566900,0.850581,1,2500,5.000000,139,2500,0x03,left,28.956702,2166,0.143590,172,0,No fault,0x04,right,107.404438,2300,0.190476,174,0,No fault,-134.00
2026-08-12T10:50:36.572,1786524636.572295,0.855976,1,2500,5.000000,140,2500,0x03,left,59.198172,2211,0.202198,174,0,No fault,0x04,right,107.975446,2345,0.184615,175,0,No fault,-134.00
2026-08-12T10:50:36.578,1786524636.578336,0.862030,1,2500,5.000000,141,2500,0x03,left,29.264168,2613,0.149451,173,0,No fault,0x04,right,108.546454,2389,0.208059,175,0,No fault,224.00
2026-08-12T10:50:36.583,1786524636.583841,0.867527,1,2500,5.000000,142,2500,0x03,left,29.593596,2255,0.126007,175,0,No fault,0x04,right,109.161386,2613,0.196337,174,0,No fault,-358.00
2026-08-12T10:50:36.589,1786524636.589360,0.873033,1,2500,5.000000,143,2500,0x03,left,59.791143,2166,0.167033,174,0,No fault,0x04,right,109.732394,2300,0.243223,175,0,No fault,-134.00
2026-08-12T10:50:36.594,1786524636.594924,0.878599,1,2500,5.000000,144,2500,0x03,left,30.208528,2434,0.143590,172,0,No fault,0x04,right,110.940296,2166,0.190476,174,0,No fault,268.00
2026-08-12T10:50:36.600,1786524636.600300,0.883973,1,2500,5.000000,145,2500,0x03,left,60.384113,2211,0.178755,175,0,No fault,0x04,right,111.489342,2255,0.202198,175,0,No fault,-44.00
2026-08-12T10:50:36.605,1786524636.605715,0.889372,1,2500,5.000000,146,2500,0x03,left,30.801498,2255,0.114286,171,0,No fault,0x04,right,112.060351,2345,0.243223,175,0,No fault,-90.00
2026-08-12T10:50:36.611,1786524636.611106,0.894762,1,2500,5.000000,147,2500,0x03,left,31.372506,2255,0.202198,173,0,No fault,0x04,right,112.653321,2389,0.178755,175,0,No fault,-134.00
2026-08-12T10:50:36.616,1786524636.616407,0.900073,1,2500,5.000000,148,2500,0x03,left,61.548091,2300,0.237363,175,0,No fault,0x04,right,113.246291,2479,0.219780,174,0,No fault,-179.00
2026-08-12T10:50:36.621,1786524636.621753,0.905418,1,2500,5.000000,149,2500,0x03,left,31.965476,2300,0.126007,172,0,No fault,0x04,right,113.817299,2479,0.184615,175,0,No fault,-179.00
2026-08-12T10:50:36.627,1786524636.627067,0.910733,1,2500,5.000000,150,2500,0x03,left,62.119099,2389,0.266667,174,0,No fault,0x04,right,114.410269,2345,0.155311,174,0,No fault,44.00
2026-08-12T10:50:36.632,1786524636.632386,0.916055,1,2500,5.000000,151,2500,0x03,left,32.558446,2613,0.067399,173,0,No fault,0x04,right,114.981277,2345,0.237363,177,0,No fault,268.00
2026-08-12T10:50:36.637,1786524636.637714,0.921384,1,2500,5.000000,152,2500,0x03,left,62.712069,2255,0.108425,174,0,No fault,0x04,right,115.596209,2747,0.167033,174,0,No fault,-492.00
2026-08-12T10:50:36.643,1786524636.643054,0.926723,1,2500,5.000000,153,2500,0x03,left,33.129454,2434,0.131868,172,0,No fault,0x04,right,116.145255,2166,0.178755,173,0,No fault,268.00
2026-08-12T10:50:36.648,1786524636.648374,0.932038,1,2500,5.000000,154,2500,0x03,left,63.305039,2300,0.213919,174,0,No fault,0x04,right,116.716263,2121,0.184615,176,0,No fault,179.00
2026-08-12T10:50:36.653,1786524636.653712,0.937383,1,2500,5.000000,155,2500,0x03,left,33.744386,2389,0.126007,174,0,No fault,0x04,right,117.331195,2300,0.155311,176,0,No fault,89.00
2026-08-12T10:50:36.659,1786524636.659130,0.942796,1,2500,5.000000,156,2500,0x03,left,63.898009,2389,0.219780,175,0,No fault,0x04,right,117.924165,2434,0.196337,175,0,No fault,-45.00
2026-08-12T10:50:36.664,1786524636.664474,0.948145,1,2500,5.000000,157,2500,0x03,left,34.315394,2389,0.172894,174,0,No fault,0x04,right,118.495173,2255,0.196337,174,0,No fault,134.00
2026-08-12T10:50:36.670,1786524636.670543,0.954219,1,2500,5.000000,158,2500,0x03,left,64.490979,2434,0.219780,174,0,No fault,0x04,right,119.088143,2345,0.172894,174,0,No fault,89.00
2026-08-12T10:50:36.675,1786524636.675908,0.959576,1,2500,5.000000,159,2500,0x03,left,34.908364,2479,0.149451,173,0,No fault,0x04,right,119.681113,2434,0.190476,174,0,No fault,45.00
2026-08-12T10:50:36.681,1786524636.681517,0.965188,1,2500,5.000000,160,2500,0x03,left,65.040025,2300,0.249084,176,0,No fault,0x04,right,120.252122,2300,0.178755,175,0,No fault,0.00
2026-08-12T10:50:36.686,1786524636.686954,0.970618,1,2500,5.000000,161,2500,0x03,left,35.501334,2479,0.067399,173,0,No fault,0x04,right,121.416100,2345,0.213919,174,0,No fault,134.00
2026-08-12T10:50:36.692,1786524636.692352,0.976038,1,2500,5.000000,162,2500,0x03,left,65.654957,2389,0.137729,174,0,No fault,0x04,right,122.009070,2345,0.225641,176,0,No fault,44.00
2026-08-12T10:50:36.697,1786524636.697824,0.981493,1,2500,5.000000,163,2500,0x03,left,36.094304,2255,0.143590,173,0,No fault,0x04,right,122.624002,2479,0.172894,176,0,No fault,-224.00
2026-08-12T10:50:36.703,1786524636.703166,0.986822,1,2500,5.000000,164,2500,0x03,left,66.225965,2345,0.219780,171,0,No fault,0x04,right,123.195010,2389,0.208059,176,0,No fault,-44.00
2026-08-12T10:50:36.708,1786524636.708670,0.992359,1,2500,5.000000,165,2500,0x03,left,36.665312,2523,0.178755,170,0,No fault,0x04,right,123.766018,2300,0.190476,174,0,No fault,223.00
2026-08-12T10:50:36.724,1786524636.724480,1.008150,1,2500,5.000000,166,2500,0x03,left,37.851252,2345,0.143590,173,0,No fault,0x04,right,124.358988,2389,0.161172,176,0,No fault,-44.00
2026-08-12T10:50:36.729,1786524636.729852,1.013512,1,2500,5.000000,167,2500,0x03,left,67.982913,2434,0.196337,174,0,No fault,0x04,right,126.533211,2300,0.231502,174,0,No fault,134.00
2026-08-12T10:50:36.745,1786524636.745482,1.029146,1,2500,5.000000,168,2500,0x03,left,38.444222,2434,0.143590,173,0,No fault,0x04,right,128.070541,2211,0.172894,174,0,No fault,223.00
2026-08-12T10:50:36.750,1786524636.750768,1.034426,1,2500,5.000000,169,2500,0x03,left,39.037192,2389,0.167033,173,0,No fault,0x04,right,128.641549,2166,0.155311,176,0,No fault,223.00
2026-08-12T10:50:36.756,1786524636.756039,1.039693,1,2500,5.000000,170,2500,0x03,left,69.168853,2434,0.184615,176,0,No fault,0x04,right,129.234519,2300,0.213919,176,0,No fault,134.00
2026-08-12T10:50:36.761,1786524636.761292,1.044944,1,2500,5.000000,171,2500,0x03,left,39.630162,2523,0.225641,173,0,No fault,0x04,right,129.849451,2523,0.208059,174,0,No fault,0.00
2026-08-12T10:50:36.766,1786524636.766581,1.050251,1,2500,5.000000,172,2500,0x03,left,69.739862,2077,0.237363,176,0,No fault,0x04,right,130.420459,2479,0.202198,173,0,No fault,-402.00
2026-08-12T10:50:36.772,1786524636.772007,1.055694,1,2500,5.000000,173,2500,0x03,left,40.201170,2434,0.196337,174,0,No fault,0x04,right,131.013429,2479,0.172894,174,0,No fault,-45.00
2026-08-12T10:50:36.777,1786524636.777386,1.061051,1,2500,5.000000,174,2500,0x03,left,70.332832,2121,0.196337,175,0,No fault,0x04,right,131.628361,2389,0.178755,174,0,No fault,-268.00
2026-08-12T10:50:36.783,1786524636.783145,1.066805,1,2500,5.000000,175,2500,0x03,left,40.794140,2523,0.161172,171,0,No fault,0x04,right,132.199369,2166,0.178755,174,0,No fault,357.00
2026-08-12T10:50:36.788,1786524636.788466,1.072146,1,2500,5.000000,176,2500,0x03,left,70.925802,2613,0.172894,174,0,No fault,0x04,right,132.814301,2613,0.184615,174,0,No fault,0.00
2026-08-12T10:50:36.793,1786524636.793835,1.077495,1,2500,5.000000,177,2500,0x03,left,41.365149,2300,0.155311,171,0,No fault,0x04,right,133.385309,2211,0.172894,176,0,No fault,89.00
2026-08-12T10:50:36.799,1786524636.799291,1.082946,1,2500,5.000000,178,2500,0x03,left,71.540733,2523,0.155311,175,0,No fault,0x04,right,133.978279,2523,0.167033,175,0,No fault,0.00
2026-08-12T10:50:36.804,1786524636.804573,1.088226,1,2500,5.000000,179,2500,0x03,left,41.958119,2434,0.196337,172,0,No fault,0x04,right,134.571249,2345,0.172894,174,0,No fault,89.00
2026-08-12T10:50:36.809,1786524636.809870,1.093540,1,2500,5.000000,180,2500,0x03,left,72.133703,2300,0.178755,176,0,No fault,0x04,right,135.164219,2434,0.184615,171,0,No fault,-134.00
2026-08-12T10:50:36.815,1786524636.815203,1.098855,1,2500,5.000000,181,2500,0x03,left,42.551089,2389,0.190476,174,0,No fault,0x04,right,135.757189,2389,0.196337,176,0,No fault,0.00
2026-08-12T10:50:36.820,1786524636.820474,1.104123,1,2500,5.000000,182,2500,0x03,left,72.704712,2434,0.184615,175,0,No fault,0x04,right,136.328197,2300,0.202198,174,0,No fault,134.00
2026-08-12T10:50:36.825,1786524636.825825,1.109504,1,2500,5.000000,183,2500,0x03,left,43.122097,2345,0.190476,173,0,No fault,0x04,right,136.921167,2523,0.172894,177,0,No fault,-178.00
2026-08-12T10:50:36.831,1786524636.831234,1.114894,1,2500,5.000000,184,2500,0x03,left,73.275720,2345,0.219780,174,0,No fault,0x04,right,137.514137,2479,0.161172,175,0,No fault,-134.00
2026-08-12T10:50:36.836,1786524636.836544,1.120199,1,2500,5.000000,185,2500,0x03,left,43.715067,2613,0.126007,172,0,No fault,0x04,right,138.085145,2166,0.196337,174,0,No fault,447.00
2026-08-12T10:50:36.842,1786524636.842158,1.125860,1,2500,5.000000,186,2500,0x03,left,73.846728,2300,0.172894,175,0,No fault,0x04,right,138.678115,2568,0.225641,175,0,No fault,-268.00
2026-08-12T10:50:36.848,1786524636.848207,1.131879,1,2500,5.000000,187,2500,0x03,left,74.439698,2389,0.131868,175,0,No fault,0x04,right,139.886017,2300,0.172894,174,0,No fault,89.00
2026-08-12T10:50:36.853,1786524636.853564,1.137250,1,2500,5.000000,188,2500,0x03,left,44.879045,2300,0.190476,171,0,No fault,0x04,right,140.457025,2479,0.208059,177,0,No fault,-179.00
2026-08-12T10:50:36.858,1786524636.858956,1.142635,1,2500,5.000000,189,2500,0x03,left,75.032668,2211,0.219780,174,0,No fault,0x04,right,141.028034,2434,0.178755,175,0,No fault,-223.00
2026-08-12T10:50:36.864,1786524636.864362,1.148046,1,2500,5.000000,190,2500,0x03,left,45.472015,2479,0.190476,173,0,No fault,0x04,right,141.642966,2389,0.266667,174,0,No fault,90.00
2026-08-12T10:50:36.869,1786524636.869753,1.153416,1,2500,5.000000,191,2500,0x03,left,75.625638,2434,0.184615,175,0,No fault,0x04,right,142.213974,2479,0.167033,175,0,No fault,-45.00
2026-08-12T10:50:36.875,1786524636.875085,1.158765,1,2500,5.000000,192,2500,0x03,left,46.064985,2389,0.196337,173,0,No fault,0x04,right,142.806944,2568,0.149451,174,0,No fault,-179.00
2026-08-12T10:50:36.880,1786524636.880509,1.164187,1,2500,5.000000,193,2500,0x03,left,76.196646,2345,0.190476,176,0,No fault,0x04,right,143.355990,2166,0.225641,174,0,No fault,179.00
2026-08-12T10:50:36.885,1786524636.885915,1.169581,1,2500,5.000000,194,2500,0x03,left,46.635993,2345,0.155311,175,0,No fault,0x04,right,143.970922,2434,0.190476,174,0,No fault,-89.00
2026-08-12T10:50:36.892,1786524636.892850,1.176508,1,2500,5.000000,195,2500,0x03,left,76.789616,2389,0.208059,174,0,No fault,0x04,right,144.541930,2345,0.196337,176,0,No fault,44.00
2026-08-12T10:50:36.898,1786524636.898665,1.182331,1,2500,5.000000,196,2500,0x03,left,77.360624,2255,0.196337,174,0,No fault,0x04,right,145.134900,2523,0.202198,175,0,No fault,-268.00
2026-08-12T10:50:36.904,1786524636.904234,1.187899,1,2500,5.000000,197,2500,0x03,left,47.821933,2300,0.167033,172,0,No fault,0x04,right,145.705908,2300,0.167033,175,0,No fault,0.00
2026-08-12T10:50:36.910,1786524636.910195,1.193859,1,2500,5.000000,198,2500,0x03,left,77.953594,2345,0.196337,174,0,No fault,0x04,right,146.913810,2479,0.184615,174,0,No fault,-134.00
2026-08-12T10:50:36.926,1786524636.926143,1.209815,1,2500,5.000000,199,2500,0x03,left,49.578881,2345,0.120147,175,0,No fault,0x04,right,148.868415,2389,0.155311,172,0,No fault,-44.00
2026-08-12T10:50:36.931,1786524636.931577,1.215245,1,2500,5.000000,200,2500,0x03,left,79.732504,2523,0.155311,174,0,No fault,0x04,right,149.175881,2389,0.190476,175,0,No fault,134.00
2026-08-12T10:50:36.937,1786524636.937124,1.220792,1,2500,5.000000,201,2500,0x03,left,80.018008,2121,0.172894,174,0,No fault,0x04,right,149.505309,2657,0.155311,174,0,No fault,-536.00
2026-08-12T10:50:36.952,1786524636.952752,1.236421,1,2500,5.000000,202,2500,0x03,left,80.325474,2255,0.190476,175,0,No fault,0x04,right,151.855227,2479,0.172894,172,0,No fault,-224.00
2026-08-12T10:50:36.958,1786524636.958091,1.241765,1,2500,5.000000,203,2500,0x03,left,50.786783,2479,0.155311,172,0,No fault,0x04,right,152.426235,2345,0.167033,170,0,No fault,134.00
2026-08-12T10:50:36.963,1786524636.963439,1.247096,1,2500,5.000000,204,2500,0x03,left,80.940406,2479,0.208059,174,0,No fault,0x04,right,153.019205,2255,0.190476,175,0,No fault,224.00
2026-08-12T10:50:36.968,1786524636.968715,1.252369,1,2500,5.000000,205,2500,0x03,left,81.511414,2523,0.237363,177,0,No fault,0x04,right,153.590213,2255,0.190476,174,0,No fault,268.00
2026-08-12T10:50:36.973,1786524636.973977,1.257630,1,2500,5.000000,206,2500,0x03,left,82.082422,2345,0.243223,175,0,No fault,0x04,right,154.183183,2255,0.102564,174,0,No fault,90.00
2026-08-12T10:50:36.979,1786524636.979249,1.262917,1,2500,5.000000,207,2500,0x03,left,52.389998,2523,0.090842,173,0,No fault,0x04,right,154.754191,2389,0.190476,175,0,No fault,134.00
2026-08-12T10:50:36.984,1786524636.984569,1.268224,1,2500,5.000000,208,2500,0x03,left,52.675502,2479,0.126007,172,0,No fault,0x04,right,155.369123,2523,0.184615,175,0,No fault,-44.00
2026-08-12T10:50:36.989,1786524636.989834,1.273488,1,2500,5.000000,209,2500,0x03,left,82.675392,2479,0.137729,175,0,No fault,0x04,right,155.940131,2523,0.202198,174,0,No fault,-44.00
2026-08-12T10:50:36.995,1786524636.995121,1.278782,1,2500,5.000000,210,2500,0x03,left,53.026892,2568,0.120147,172,0,No fault,0x04,right,156.511139,2255,0.172894,174,0,No fault,313.00
2026-08-12T10:50:37.000,1786524637.000553,1.284211,1,2500,5.000000,211,2500,0x03,left,83.268362,2434,0.237363,174,0,No fault,0x04,right,157.104109,2523,0.137729,174,0,No fault,-89.00
2026-08-12T10:50:37.005,1786524637.005866,1.289522,1,2500,5.000000,212,2500,0x03,left,83.839371,2479,0.196337,174,0,No fault,0x04,right,157.697079,2300,0.190476,176,0,No fault,179.00
2026-08-12T10:50:37.011,1786524637.011141,1.294796,1,2500,5.000000,213,2500,0x03,left,54.190870,2523,0.167033,173,0,No fault,0x04,right,158.268088,2300,0.213919,172,0,No fault,223.00
2026-08-12T10:50:37.016,1786524637.016421,1.300086,1,2500,5.000000,214,2500,0x03,left,84.432341,2523,0.202198,173,0,No fault,0x04,right,158.861058,2434,0.190476,176,0,No fault,89.00
2026-08-12T10:50:37.021,1786524637.021742,1.305401,1,2500,5.000000,215,2500,0x03,left,54.761878,2389,0.149451,173,0,No fault,0x04,right,159.475989,2523,0.120147,172,0,No fault,-134.00
2026-08-12T10:50:37.027,1786524637.027026,1.310684,1,2500,5.000000,216,2500,0x03,left,85.003349,2434,0.231502,176,0,No fault,0x04,right,160.046998,2389,0.155311,173,0,No fault,45.00
2026-08-12T10:50:37.032,1786524637.032302,1.315956,1,2500,5.000000,217,2500,0x03,left,55.376810,2568,0.079121,174,0,No fault,0x04,right,160.639968,2613,0.184615,174,0,No fault,-45.00
2026-08-12T10:50:37.037,1786524637.037568,1.321224,1,2500,5.000000,218,2500,0x03,left,85.596319,2479,0.131868,174,0,No fault,0x04,right,161.210976,2300,0.184615,174,0,No fault,179.00
2026-08-12T10:50:37.042,1786524637.042861,1.326528,1,2500,5.000000,219,2500,0x03,left,55.947818,2166,0.137729,173,0,No fault,0x04,right,161.781984,2300,0.208059,175,0,No fault,-134.00
2026-08-12T10:50:37.048,1786524637.048158,1.331814,1,2500,5.000000,220,2500,0x03,left,86.255174,2166,0.202198,176,0,No fault,0x04,right,162.374954,2345,0.184615,174,0,No fault,-179.00
2026-08-12T10:50:37.053,1786524637.053487,1.337146,1,2500,5.000000,221,2500,0x03,left,56.562750,2434,0.172894,173,0,No fault,0x04,right,162.989886,2479,0.137729,175,0,No fault,-45.00
2026-08-12T10:50:37.058,1786524637.058793,1.342464,1,2500,5.000000,222,2500,0x03,left,86.848144,2657,0.225641,177,0,No fault,0x04,right,163.538932,2166,0.237363,174,0,No fault,491.00
2026-08-12T10:50:37.064,1786524637.064270,1.347930,1,2500,5.000000,223,2500,0x03,left,57.133758,2389,0.131868,173,0,No fault,0x04,right,164.131902,2300,0.155311,175,0,No fault,89.00
2026-08-12T10:50:37.069,1786524637.069578,1.353252,1,2500,5.000000,224,2500,0x03,left,87.419153,2389,0.190476,174,0,No fault,0x04,right,164.724872,2345,0.172894,170,0,No fault,44.00
2026-08-12T10:50:37.075,1786524637.075666,1.359345,1,2500,5.000000,225,2500,0x03,left,57.726728,2568,0.167033,173,0,No fault,0x04,right,165.910812,2211,0.202198,175,0,No fault,357.00
2026-08-12T10:50:37.081,1786524637.081089,1.364757,1,2500,5.000000,226,2500,0x03,left,88.012123,2479,0.178755,175,0,No fault,0x04,right,166.503782,2255,0.225641,174,0,No fault,224.00
2026-08-12T10:50:37.086,1786524637.086445,1.370120,1,2500,5.000000,227,2500,0x03,left,58.319698,2434,0.137729,172,0,No fault,0x04,right,167.074790,2300,0.208059,176,0,No fault,134.00
2026-08-12T10:50:37.091,1786524637.091810,1.375478,1,2500,5.000000,228,2500,0x03,left,88.627054,2568,0.161172,178,0,No fault,0x04,right,167.667760,2345,0.208059,172,0,No fault,223.00
2026-08-12T10:50:37.097,1786524637.097155,1.380824,1,2500,5.000000,229,2500,0x03,left,58.912668,2479,0.102564,173,0,No fault,0x04,right,168.260730,2434,0.213919,174,0,No fault,45.00
2026-08-12T10:50:37.102,1786524637.102729,1.386441,1,2500,5.000000,230,2500,0x03,left,89.198063,2345,0.172894,175,0,No fault,0x04,right,168.831738,2389,0.172894,174,0,No fault,-44.00
2026-08-12T10:50:37.108,1786524637.108244,1.391907,1,2500,5.000000,231,2500,0x03,left,89.769071,2077,0.190476,176,0,No fault,0x04,right,169.424708,2300,0.184615,176,0,No fault,-223.00
2026-08-12T10:50:37.113,1786524637.113604,1.397279,1,2500,5.000000,232,2500,0x03,left,60.076647,2345,0.196337,172,0,No fault,0x04,right,169.995717,2300,0.208059,174,0,No fault,45.00
2026-08-12T10:50:37.129,1786524637.129164,1.412820,1,2500,5.000000,233,2500,0x03,left,90.955011,2434,0.137729,175,0,No fault,0x04,right,172.301711,2121,0.178755,174,0,No fault,313.00
2026-08-12T10:50:37.134,1786524637.134429,1.418086,1,2500,5.000000,234,2500,0x03,left,61.240625,2434,0.102564,173,0,No fault,0x04,right,172.609177,2434,0.196337,175,0,No fault,0.00
2026-08-12T10:50:37.139,1786524637.139729,1.423391,1,2500,5.000000,235,2500,0x03,left,91.547981,2345,0.155311,175,0,No fault,0x04,right,172.916643,2121,0.172894,174,0,No fault,224.00
2026-08-12T10:50:37.155,1786524637.155256,1.438917,1,2500,5.000000,236,2500,0x03,left,61.833595,2211,0.178755,173,0,No fault,0x04,right,174.673591,2211,0.208059,175,0,No fault,0.00
2026-08-12T10:50:37.160,1786524637.160654,1.444318,1,2500,5.000000,237,2500,0x03,left,62.426565,2211,0.167033,172,0,No fault,0x04,right,175.266561,2389,0.190476,177,0,No fault,-178.00
2026-08-12T10:50:37.165,1786524637.165972,1.449635,1,2500,5.000000,238,2500,0x03,left,92.733921,2345,0.143590,175,0,No fault,0x04,right,175.837569,2255,0.196337,174,0,No fault,90.00
2026-08-12T10:50:37.171,1786524637.171291,1.454952,1,2500,5.000000,239,2500,0x03,left,62.997573,2389,0.237363,173,0,No fault,0x04,right,176.452501,2434,0.202198,178,0,No fault,-45.00
2026-08-12T10:50:37.176,1786524637.176640,1.460319,1,2500,5.000000,240,2500,0x03,left,93.304929,2211,0.208059,175,0,No fault,0x04,right,177.023509,2255,0.137729,170,0,No fault,-44.00
2026-08-12T10:50:37.182,1786524637.182006,1.465667,1,2500,5.000000,241,2500,0x03,left,63.590543,2747,0.137729,172,0,No fault,0x04,right,177.616479,2389,0.184615,176,0,No fault,358.00
2026-08-12T10:50:37.187,1786524637.187314,1.470973,1,2500,5.000000,242,2500,0x03,left,93.897899,2657,0.155311,174,0,No fault,0x04,right,178.187488,2345,0.225641,174,0,No fault,312.00
2026-08-12T10:50:37.192,1786524637.192593,1.476252,1,2500,5.000000,243,2500,0x03,left,64.161551,2434,0.131868,174,0,No fault,0x04,right,178.780458,2345,0.184615,174,0,No fault,89.00
2026-08-12T10:50:37.197,1786524637.197914,1.481580,1,2500,5.000000,244,2500,0x03,left,94.468907,2345,0.114286,174,0,No fault,0x04,right,179.373428,2434,0.161172,175,0,No fault,-89.00
2026-08-12T10:50:37.203,1786524637.203506,1.487167,1,2500,5.000000,245,2500,0x03,left,64.754521,2479,0.208059,172,0,No fault,0x04,right,179.944436,2345,0.184615,175,0,No fault,134.00
2026-08-12T10:50:37.209,1786524637.209005,1.492669,1,2500,5.000000,246,2500,0x03,left,95.061877,2345,0.190476,176,0,No fault,0x04,right,181.130376,2389,0.178755,174,0,No fault,-44.00
2026-08-12T10:50:37.214,1786524637.214547,1.498228,1,2500,5.000000,247,2500,0x03,left,95.654847,2300,0.167033,174,0,No fault,0x04,right,181.723346,2389,0.237363,176,0,No fault,-89.00
2026-08-12T10:50:37.220,1786524637.220103,1.503815,1,2500,5.000000,248,2500,0x03,left,65.918499,2479,0.196337,173,0,No fault,0x04,right,182.294354,2121,0.172894,174,0,No fault,358.00
2026-08-12T10:50:37.225,1786524637.225688,1.509376,1,2500,5.000000,249,2500,0x03,left,96.225855,2389,0.172894,175,0,No fault,0x04,right,182.887324,2389,0.155311,175,0,No fault,0.00
2026-08-12T10:50:37.231,1786524637.231180,1.514847,1,2500,5.000000,250,2500,0x03,left,66.489507,2255,0.155311,176,0,No fault,0x04,right,183.480294,2389,0.190476,177,0,No fault,-134.00
2026-08-12T10:50:37.236,1786524637.236543,1.520201,1,2500,5.000000,251,2500,0x03,left,96.818825,2166,0.155311,175,0,No fault,0x04,right,184.051302,2211,0.208059,176,0,No fault,-45.00
2026-08-12T10:50:37.241,1786524637.241878,1.525544,1,2500,5.000000,252,2500,0x03,left,67.104439,2389,0.126007,172,0,No fault,0x04,right,184.644272,2300,0.190476,174,0,No fault,89.00
2026-08-12T10:50:37.247,1786524637.247253,1.530916,1,2500,5.000000,253,2500,0x03,left,97.411795,2300,0.149451,174,0,No fault,0x04,right,185.237242,2434,0.202198,175,0,No fault,-134.00
2026-08-12T10:50:37.252,1786524637.252614,1.536277,1,2500,5.000000,254,2500,0x03,left,67.697409,2389,0.161172,174,0,No fault,0x04,right,185.830212,2479,0.178755,174,0,No fault,-90.00
2026-08-12T10:50:37.258,1786524637.258012,1.541713,1,2500,5.000000,255,2500,0x03,left,98.004765,2389,0.167033,174,0,No fault,0x04,right,186.401220,2479,0.213919,175,0,No fault,-90.00
2026-08-12T10:50:37.263,1786524637.263521,1.547187,1,2500,5.000000,256,2500,0x03,left,68.268417,2345,0.202198,173,0,No fault,0x04,right,186.994190,2434,0.202198,176,0,No fault,-89.00
2026-08-12T10:50:37.268,1786524637.268900,1.552567,1,2500,5.000000,257,2500,0x03,left,98.575773,2523,0.178755,177,0,No fault,0x04,right,187.565198,2434,0.161172,174,0,No fault,89.00
2026-08-12T10:50:37.274,1786524637.274282,1.557943,1,2500,5.000000,258,2500,0x03,left,68.839426,2211,0.143590,172,0,No fault,0x04,right,188.158168,2613,0.202198,176,0,No fault,-402.00
2026-08-12T10:50:37.279,1786524637.279657,1.563338,1,2500,5.000000,259,2500,0x03,left,99.168743,2211,0.172894,174,0,No fault,0x04,right,188.729177,2345,0.196337,174,0,No fault,-134.00
2026-08-12T10:50:37.285,1786524637.285638,1.569303,1,2500,5.000000,260,2500,0x03,left,69.432396,2389,0.096703,172,0,No fault,0x04,right,189.915117,2568,0.178755,175,0,No fault,-179.00
2026-08-12T10:50:37.291,1786524637.291113,1.574774,1,2500,5.000000,261,2500,0x03,left,70.047327,2523,0.108425,172,0,No fault,0x04,right,190.486125,2613,0.202198,175,0,No fault,-90.00
2026-08-12T10:50:37.296,1786524637.296459,1.580119,1,2500,5.000000,262,2500,0x03,left,100.354683,2345,0.167033,175,0,No fault,0x04,right,191.079095,2702,0.137729,175,0,No fault,-357.00
2026-08-12T10:50:37.301,1786524637.301823,1.585503,1,2500,5.000000,263,2500,0x03,left,70.640297,2568,0.149451,171,0,No fault,0x04,right,191.650103,2345,0.202198,174,0,No fault,223.00
2026-08-12T10:50:37.307,1786524637.307240,1.590901,1,2500,5.000000,264,2500,0x03,left,100.925692,2300,0.167033,176,0,No fault,0x04,right,192.243073,2389,0.172894,174,0,No fault,-89.00
2026-08-12T10:50:37.312,1786524637.312702,1.596368,1,2500,5.000000,265,2500,0x03,left,71.211306,2345,0.172894,174,0,No fault,0x04,right,192.836043,2345,0.161172,174,0,No fault,0.00
2026-08-12T10:50:37.318,1786524637.318100,1.601792,1,2500,5.000000,266,2500,0x03,left,71.804276,2345,0.149451,173,0,No fault,0x04,right,193.407051,2434,0.219780,174,0,No fault,-89.00
2026-08-12T10:50:37.334,1786524637.334917,1.618599,1,2500,5.000000,267,2500,0x03,left,73.012178,2702,0.120147,172,0,No fault,0x04,right,195.756969,2523,0.172894,174,0,No fault,179.00
2026-08-12T10:50:37.340,1786524637.340456,1.624123,1,2500,5.000000,268,2500,0x03,left,102.946182,2345,0.114286,175,0,No fault,0x04,right,196.042473,2479,0.184615,172,0,No fault,-134.00
2026-08-12T10:50:37.345,1786524637.345908,1.629579,1,2500,5.000000,269,2500,0x03,left,103.275610,2389,0.213919,175,0,No fault,0x04,right,196.393863,2434,0.196337,175,0,No fault,-45.00
2026-08-12T10:50:37.361,1786524637.361684,1.645357,1,2500,5.000000,270,2500,0x03,left,103.846618,2389,0.184615,174,0,No fault,0x04,right,198.128849,2389,0.196337,172,0,No fault,0.00
2026-08-12T10:50:37.368,1786524637.368661,1.652390,1,2500,5.000000,271,2500,0x03,left,74.176156,2479,0.137729,174,0,No fault,0x04,right,199.292827,2345,0.172894,178,0,No fault,134.00
2026-08-12T10:50:37.374,1786524637.374328,1.658025,1,2500,5.000000,272,2500,0x03,left,105.010596,2166,0.202198,174,0,No fault,0x04,right,199.907759,2434,0.161172,175,0,No fault,-268.00
2026-08-12T10:50:37.379,1786524637.379794,1.663471,1,2500,5.000000,273,2500,0x03,left,75.889180,2523,0.126007,174,0,No fault,0x04,right,200.478767,2389,0.219780,174,0,No fault,134.00
2026-08-12T10:50:37.385,1786524637.385282,1.668991,1,2500,5.000000,274,2500,0x03,left,105.625528,2345,0.184615,174,0,No fault,0x04,right,201.049776,2121,0.172894,174,0,No fault,224.00
2026-08-12T10:50:37.391,1786524637.391477,1.675186,1,2500,5.000000,275,2500,0x03,left,76.196646,2523,0.190476,173,0,No fault,0x04,right,201.642746,2255,0.208059,175,0,No fault,268.00
2026-08-12T10:50:37.399,1786524637.399550,1.683244,1,2500,5.000000,276,2500,0x03,left,76.548036,2389,0.167033,173,0,No fault,0x04,right,202.828686,2166,0.143590,174,0,No fault,223.00
2026-08-12T10:50:37.404,1786524637.404886,1.688550,1,2500,5.000000,277,2500,0x03,left,106.833430,2568,0.249084,175,0,No fault,0x04,right,203.399694,2255,0.237363,175,0,No fault,313.00
2026-08-12T10:50:37.410,1786524637.410144,1.693804,1,2500,5.000000,278,2500,0x03,left,77.184929,2300,0.137729,173,0,No fault,0x04,right,203.970702,2345,0.167033,174,0,No fault,-45.00
2026-08-12T10:50:37.415,1786524637.415388,1.699049,1,2500,5.000000,279,2500,0x03,left,107.404438,2300,0.190476,174,0,No fault,0x04,right,204.563672,2389,0.178755,174,0,No fault,-89.00
2026-08-12T10:50:37.420,1786524637.420706,1.704370,1,2500,5.000000,280,2500,0x03,left,77.777899,2300,0.120147,173,0,No fault,0x04,right,205.134680,2300,0.208059,175,0,No fault,0.00
2026-08-12T10:50:37.426,1786524637.426044,1.709712,1,2500,5.000000,281,2500,0x03,left,107.975446,2345,0.184615,175,0,No fault,0x04,right,205.727650,2345,0.161172,174,0,No fault,0.00
2026-08-12T10:50:37.431,1786524637.431371,1.715031,1,2500,5.000000,282,2500,0x03,left,78.370869,2389,0.108425,171,0,No fault,0x04,right,206.320620,2479,0.254945,174,0,No fault,-90.00
2026-08-12T10:50:37.436,1786524637.436661,1.720319,1,2500,5.000000,283,2500,0x03,left,108.546454,2389,0.208059,175,0,No fault,0x04,right,206.891628,2211,0.184615,175,0,No fault,178.00
2026-08-12T10:50:37.442,1786524637.442002,1.725673,1,2500,5.000000,284,2500,0x03,left,78.963839,2523,0.155311,172,0,No fault,0x04,right,207.506560,2523,0.167033,174,0,No fault,0.00
2026-08-12T10:50:37.447,1786524637.447394,1.731055,1,2500,5.000000,285,2500,0x03,left,109.161386,2613,0.196337,174,0,No fault,0x04,right,208.077568,2434,0.196337,174,0,No fault,179.00
2026-08-12T10:50:37.452,1786524637.452716,1.736376,1,2500,5.000000,286,2500,0x03,left,79.556809,2568,0.172894,172,0,No fault,0x04,right,208.670538,2300,0.190476,174,0,No fault,268.00
2026-08-12T10:50:37.458,1786524637.458032,1.741692,1,2500,5.000000,287,2500,0x03,left,109.732394,2300,0.243223,175,0,No fault,0x04,right,209.263508,2613,0.155311,174,0,No fault,-313.00
2026-08-12T10:50:37.463,1786524637.463355,1.747023,1,2500,5.000000,288,2500,0x03,left,80.127818,2389,0.184615,173,0,No fault,0x04,right,209.834516,2389,0.202198,175,0,No fault,0.00
2026-08-12T10:50:37.468,1786524637.468831,1.752495,1,2500,5.000000,289,2500,0x03,left,110.303402,2255,0.219780,174,0,No fault,0x04,right,210.427486,2255,0.149451,174,0,No fault,0.00
2026-08-12T10:50:37.474,1786524637.474141,1.757798,1,2500,5.000000,290,2500,0x03,left,80.720788,2523,0.131868,173,0,No fault,0x04,right,211.020456,2434,0.131868,174,0,No fault,89.00
2026-08-12T10:50:37.479,1786524637.479623,1.763294,1,2500,5.000000,291,2500,0x03,left,110.940296,2166,0.190476,174,0,No fault,0x04,right,211.591465,2434,0.167033,174,0,No fault,-268.00
2026-08-12T10:50:37.485,1786524637.485063,1.768730,1,2500,5.000000,292,2500,0x03,left,111.489342,2255,0.202198,175,0,No fault,0x04,right,212.184435,2523,0.202198,175,0,No fault,-268.00
2026-08-12T10:50:37.490,1786524637.490411,1.774072,1,2500,5.000000,293,2500,0x03,left,81.928689,2657,0.178755,172,0,No fault,0x04,right,213.370375,2211,0.208059,176,0,No fault,446.00
2026-08-12T10:50:37.495,1786524637.495714,1.779371,1,2500,5.000000,294,2500,0x03,left,112.060351,2345,0.243223,175,0,No fault,0x04,right,213.941383,2523,0.161172,174,0,No fault,-178.00
2026-08-12T10:50:37.501,1786524637.501014,1.784683,1,2500,5.000000,295,2500,0x03,left,82.499698,2166,0.172894,172,0,No fault,0x04,right,214.534353,2345,0.167033,174,0,No fault,-179.00
2026-08-12T10:50:37.506,1786524637.506366,1.790020,1,2500,5.000000,296,2500,0x03,left,112.653321,2389,0.178755,175,0,No fault,0x04,right,215.105361,2255,0.184615,174,0,No fault,134.00
2026-08-12T10:50:37.511,1786524637.511640,1.795293,1,2500,5.000000,297,2500,0x03,left,83.070706,2345,0.196337,173,0,No fault,0x04,right,215.720293,2523,0.149451,174,0,No fault,-178.00
2026-08-12T10:50:37.516,1786524637.516927,1.800591,1,2500,5.000000,298,2500,0x03,left,113.246291,2479,0.219780,174,0,No fault,0x04,right,216.291301,2389,0.184615,175,0,No fault,90.00
2026-08-12T10:50:37.522,1786524637.522261,1.805918,1,2500,5.000000,299,2500,0x03,left,83.685638,2657,0.120147,173,0,No fault,0x04,right,216.884271,2657,0.167033,174,0,No fault,0.00
2026-08-12T10:50:37.537,1786524637.537780,1.821448,1,2500,5.000000,300,2500,0x03,left,114.410269,2345,0.155311,174,0,No fault,0x04,right,217.477241,2568,0.184615,174,0,No fault,-223.00
2026-08-12T10:50:37.543,1786524637.543087,1.826743,1,2500,5.000000,301,2500,0x03,left,84.849616,2523,0.184615,174,0,No fault,0x04,right,219.541655,2345,0.131868,177,0,No fault,178.00
2026-08-12T10:50:37.548,1786524637.548351,1.832135,1,2500,5.000000,302,2500,0x03,left,114.981277,2345,0.237363,177,0,No fault,0x04,right,219.871083,2523,0.167033,175,0,No fault,-178.00
2026-08-12T10:50:37.564,1786524637.564003,1.847664,1,2500,5.000000,303,2500,0x03,left,115.596209,2747,0.167033,174,0,No fault,0x04,right,221.628031,2345,0.190476,176,0,No fault,402.00
2026-08-12T10:50:37.569,1786524637.569274,1.852926,1,2500,5.000000,304,2500,0x03,left,86.013594,2300,0.184615,173,0,No fault,0x04,right,222.199039,2166,0.178755,174,0,No fault,134.00
2026-08-12T10:50:37.574,1786524637.574526,1.858185,1,2500,5.000000,305,2500,0x03,left,116.145255,2166,0.178755,173,0,No fault,0x04,right,222.792009,2389,0.143590,176,0,No fault,-223.00
2026-08-12T10:50:37.579,1786524637.579843,1.863510,1,2500,5.000000,306,2500,0x03,left,86.584602,2077,0.155311,171,0,No fault,0x04,right,223.384979,2345,0.208059,174,0,No fault,-268.00
2026-08-12T10:50:37.585,1786524637.585184,1.868845,1,2500,5.000000,307,2500,0x03,left,116.716263,2121,0.184615,176,0,No fault,0x04,right,223.977949,2300,0.178755,174,0,No fault,-179.00
2026-08-12T10:50:37.590,1786524637.590487,1.874144,1,2500,5.000000,308,2500,0x03,left,87.199534,2479,0.137729,174,0,No fault,0x04,right,224.570919,2568,0.190476,175,0,No fault,-89.00
2026-08-12T10:50:37.595,1786524637.595865,1.879522,1,2500,5.000000,309,2500,0x03,left,117.331195,2300,0.155311,176,0,No fault,0x04,right,225.119966,2255,0.213919,175,0,No fault,45.00
2026-08-12T10:50:37.601,1786524637.601305,1.884968,1,2500,5.000000,310,2500,0x03,left,117.924165,2434,0.196337,175,0,No fault,0x04,right,225.712936,2434,0.190476,174,0,No fault,0.00
2026-08-12T10:50:37.606,1786524637.606730,1.890387,1,2500,5.000000,311,2500,0x03,left,88.363512,2479,0.202198,173,0,No fault,0x04,right,226.283944,2300,0.231502,174,0,No fault,179.00
2026-08-12T10:50:37.612,1786524637.612123,1.895779,1,2500,5.000000,312,2500,0x03,left,118.495173,2255,0.196337,174,0,No fault,0x04,right,226.876914,2300,0.225641,176,0,No fault,-45.00
2026-08-12T10:50:37.617,1786524637.617412,1.901109,1,2500,5.000000,313,2500,0x03,left,88.934520,2479,0.143590,173,0,No fault,0x04,right,227.447922,2345,0.196337,174,0,No fault,134.00
2026-08-12T10:50:37.622,1786524637.622832,1.906511,1,2500,5.000000,314,2500,0x03,left,119.088143,2345,0.172894,174,0,No fault,0x04,right,228.040892,2345,0.213919,174,0,No fault,0.00
2026-08-12T10:50:37.628,1786524637.628253,1.911923,1,2500,5.000000,315,2500,0x03,left,89.549452,2434,0.120147,174,0,No fault,0x04,right,228.633862,2434,0.208059,175,0,No fault,0.00
2026-08-12T10:50:37.633,1786524637.633603,1.917266,1,2500,5.000000,316,2500,0x03,left,119.681113,2434,0.190476,174,0,No fault,0x04,right,229.204870,2479,0.225641,175,0,No fault,-45.00
2026-08-12T10:50:37.638,1786524637.638994,1.922668,1,2500,5.000000,317,2500,0x03,left,90.142422,2657,0.167033,171,0,No fault,0x04,right,229.797840,2389,0.225641,174,0,No fault,268.00
2026-08-12T10:50:37.644,1786524637.644351,1.928006,1,2500,5.000000,318,2500,0x03,left,90.713430,2345,0.131868,173,0,No fault,0x04,right,230.983780,2568,0.190476,174,0,No fault,-223.00
2026-08-12T10:50:37.649,1786524637.649643,1.933297,1,2500,5.000000,319,2500,0x03,left,91.306400,2300,0.184615,173,0,No fault,0x04,right,231.532826,2345,0.196337,175,0,No fault,-45.00
2026-08-12T10:50:37.654,1786524637.654926,1.938579,1,2500,5.000000,320,2500,0x03,left,91.899370,2479,0.161172,173,0,No fault,0x04,right,232.125796,2568,0.237363,175,0,No fault,-89.00
2026-08-12T10:50:37.660,1786524637.660220,1.943887,1,2500,5.000000,321,2500,0x03,left,92.514302,2613,0.084982,173,0,No fault,0x04,right,232.696805,2300,0.184615,174,0,No fault,313.00
2026-08-12T10:50:37.665,1786524637.665528,1.949183,1,2500,5.000000,322,2500,0x03,left,93.151196,2255,0.114286,174,0,No fault,0x04,right,233.267813,2345,0.202198,174,0,No fault,-90.00
2026-08-12T10:50:37.670,1786524637.670815,1.954468,1,2500,5.000000,323,2500,0x03,left,93.722204,2211,0.137729,173,0,No fault,0x04,right,233.860783,2211,0.155311,175,0,No fault,0.00
2026-08-12T10:50:37.676,1786524637.676102,1.959762,1,2500,5.000000,324,2500,0x03,left,94.315174,2077,0.172894,173,0,No fault,0x04,right,234.453753,2523,0.184615,175,0,No fault,-446.00
2026-08-12T10:50:37.681,1786524637.681410,1.965112,1,2500,5.000000,325,2500,0x03,left,95.567000,2434,0.073260,174,0,No fault,0x04,right,235.024761,2479,0.243223,174,0,No fault,-45.00
2026-08-12T10:50:37.686,1786524637.686754,1.970407,1,2500,5.000000,326,2500,0x03,left,96.138008,2389,0.161172,173,0,No fault,0x04,right,235.617731,2613,0.172894,176,0,No fault,-224.00
2026-08-12T10:50:37.692,1786524637.692047,1.975716,1,2500,5.000000,327,2500,0x03,left,126.269669,2479,0.208059,175,0,No fault,0x04,right,236.188739,2345,0.172894,175,0,No fault,134.00
2026-08-12T10:50:37.697,1786524637.697370,1.981035,1,2500,5.000000,328,2500,0x03,left,96.709016,2166,0.190476,173,0,No fault,0x04,right,236.781709,2434,0.161172,175,0,No fault,-268.00
2026-08-12T10:50:37.702,1786524637.702734,1.986393,1,2500,5.000000,329,2500,0x03,left,97.301986,2255,0.190476,173,0,No fault,0x04,right,237.352717,2389,0.161172,174,0,No fault,-134.00
2026-08-12T10:50:37.708,1786524637.708184,1.991847,1,2500,5.000000,330,2500,0x03,left,98.993049,2479,0.161172,172,0,No fault,0x04,right,237.945687,2523,0.178755,174,0,No fault,-44.00
2026-08-12T10:50:37.713,1786524637.713703,1.997376,1,2500,5.000000,331,2500,0x03,left,99.278553,2389,0.190476,172,0,No fault,0x04,right,238.516695,2300,0.172894,175,0,No fault,89.00
2026-08-12T10:50:37.719,1786524637.719163,2.002841,1,2500,5.000000,332,2500,0x03,left,100.222912,2434,0.213919,176,0,No fault,0x04,right,239.109665,2479,0.190476,176,0,No fault,-45.00
2026-08-12T10:50:37.724,1786524637.724569,2.008246,1,2500,5.000000,333,2500,0x03,left,100.793920,2255,0.102564,173,0,No fault,0x04,right,239.702635,2300,0.190476,176,0,No fault,-45.00
2026-08-12T10:50:37.730,1786524637.730062,2.013722,1,2500,5.000000,334,2500,0x03,left,101.386891,2345,0.172894,172,0,No fault,0x04,right,240.295605,2345,0.225641,172,0,No fault,0.00
2026-08-12T10:50:37.745,1786524637.745609,2.029285,1,2500,5.000000,335,2500,0x03,left,103.143839,2166,0.208059,173,0,No fault,0x04,right,242.601600,2434,0.184615,174,0,No fault,-268.00
2026-08-12T10:50:37.750,1786524637.750953,2.034616,1,2500,5.000000,336,2500,0x03,left,103.758771,2479,0.120147,171,0,No fault,0x04,right,242.887104,2345,0.143590,174,0,No fault,134.00
2026-08-12T10:50:37.766,1786524637.766666,2.050328,1,2500,5.000000,337,2500,0x03,left,104.922749,2434,0.202198,173,0,No fault,0x04,right,244.380510,2166,0.167033,175,0,No fault,268.00
2026-08-12T10:50:37.771,1786524637.771936,2.055588,1,2500,5.000000,338,2500,0x03,left,105.515719,2434,0.167033,173,0,No fault,0x04,right,245.039365,2345,0.213919,174,0,No fault,89.00
2026-08-12T10:50:37.777,1786524637.777269,2.060928,1,2500,5.000000,339,2500,0x03,left,106.108689,2479,0.208059,173,0,No fault,0x04,right,245.588412,2389,0.155311,174,0,No fault,90.00
2026-08-12T10:50:37.782,1786524637.782690,2.066355,1,2500,5.000000,340,2500,0x03,left,106.679697,2345,0.102564,173,0,No fault,0x04,right,246.796314,2389,0.190476,174,0,No fault,-44.00
2026-08-12T10:50:37.787,1786524637.787999,2.071653,1,2500,5.000000,341,2500,0x03,left,107.272667,2300,0.155311,172,0,No fault,0x04,right,247.345360,2300,0.202198,176,0,No fault,0.00
2026-08-12T10:50:37.793,1786524637.793251,2.076904,1,2500,5.000000,342,2500,0x03,left,107.865637,2479,0.172894,172,0,No fault,0x04,right,247.916368,2077,0.184615,175,0,No fault,402.00
2026-08-12T10:50:37.798,1786524637.798499,2.082150,1,2500,5.000000,343,2500,0x03,left,108.458607,2434,0.196337,176,0,No fault,0x04,right,248.509338,2434,0.172894,174,0,No fault,0.00
2026-08-12T10:50:37.803,1786524637.803773,2.087435,1,2500,5.000000,344,2500,0x03,left,109.029615,2211,0.155311,174,0,No fault,0x04,right,249.080346,2300,0.172894,174,0,No fault,-89.00
2026-08-12T10:50:37.809,1786524637.809073,2.092725,1,2500,5.000000,345,2500,0x03,left,109.644547,2523,0.108425,173,0,No fault,0x04,right,249.673316,2300,0.219780,174,0,No fault,223.00
2026-08-12T10:50:37.814,1786524637.814316,2.097967,1,2500,5.000000,346,2500,0x03,left,110.830487,2389,0.155311,173,0,No fault,0x04,right,250.244324,2345,0.208059,176,0,No fault,44.00
2026-08-12T10:50:37.819,1786524637.819596,2.103258,1,2500,5.000000,347,2500,0x03,left,111.423457,2568,0.213919,173,0,No fault,0x04,right,250.837294,2166,0.167033,174,0,No fault,402.00
2026-08-12T10:50:37.824,1786524637.824953,2.108608,1,2500,5.000000,348,2500,0x03,left,111.994465,2345,0.120147,173,0,No fault,0x04,right,251.430264,2211,0.155311,175,0,No fault,134.00
2026-08-12T10:50:37.830,1786524637.830302,2.113953,1,2500,5.000000,349,2500,0x03,left,113.180405,2300,0.131868,173,0,No fault,0x04,right,252.001273,2166,0.161172,175,0,No fault,134.00
2026-08-12T10:50:37.835,1786524637.835545,2.119194,1,2500,5.000000,350,2500,0x03,left,113.795337,2434,0.155311,173,0,No fault,0x04,right,252.594243,2479,0.161172,176,0,No fault,-45.00
2026-08-12T10:50:37.840,1786524637.840820,2.124484,1,2500,5.000000,351,2500,0x03,left,114.388307,2568,0.172894,175,0,No fault,0x04,right,253.187213,2300,0.184615,171,0,No fault,268.00
2026-08-12T10:50:37.846,1786524637.846112,2.129771,1,2500,5.000000,352,2500,0x03,left,114.981277,2479,0.114286,173,0,No fault,0x04,right,253.758221,2166,0.196337,172,0,No fault,313.00
2026-08-12T10:50:37.851,1786524637.851475,2.135126,1,2500,5.000000,353,2500,0x03,left,115.552285,2479,0.090842,173,0,No fault,0x04,right,254.351191,2479,0.137729,175,0,No fault,0.00
2026-08-12T10:50:37.856,1786524637.856723,2.140374,1,2500,5.000000,354,2500,0x03,left,116.145255,2479,0.161172,172,0,No fault,0x04,right,254.922199,2345,0.196337,174,0,No fault,134.00
2026-08-12T10:50:37.861,1786524637.861992,2.145658,1,2500,5.000000,355,2500,0x03,left,116.738225,2523,0.172894,172,0,No fault,0x04,right,255.515169,2300,0.178755,175,0,No fault,223.00
2026-08-12T10:50:37.867,1786524637.867414,2.151065,1,2500,5.000000,356,2500,0x03,left,117.309233,2345,0.131868,172,0,No fault,0x04,right,256.108139,2613,0.202198,174,0,No fault,-268.00
2026-08-12T10:50:37.872,1786524637.872694,2.156355,1,2500,5.000000,357,2500,0x03,left,117.902203,2211,0.114286,173,0,No fault,0x04,right,256.679147,2389,0.167033,174,0,No fault,-178.00
2026-08-12T10:50:37.878,1786524637.878031,2.161703,1,2500,5.000000,358,2500,0x03,left,118.473211,2345,0.126007,172,0,No fault,0x04,right,257.272117,2613,0.184615,176,0,No fault,-268.00
2026-08-12T10:50:37.883,1786524637.883368,2.167037,1,2500,5.000000,359,2500,0x03,left,119.088143,2523,0.143590,171,0,No fault,0x04,right,257.843125,2166,0.196337,176,0,No fault,357.00
2026-08-12T10:50:37.888,1786524637.888733,2.172408,1,2500,5.000000,360,2500,0x03,left,120.252122,2389,0.225641,173,0,No fault,0x04,right,258.436095,2255,0.213919,174,0,No fault,134.00
2026-08-12T10:50:37.894,1786524637.894159,2.177839,1,2500,5.000000,361,2500,0x03,left,120.845092,2479,0.090842,173,0,No fault,0x04,right,259.007103,2300,0.208059,174,0,No fault,179.00
2026-08-12T10:50:37.899,1786524637.899592,2.183279,1,2500,5.000000,362,2500,0x03,left,122.580078,2255,0.167033,173,0,No fault,0x04,right,259.600073,2345,0.167033,175,0,No fault,-90.00
2026-08-12T10:50:37.906,1786524637.906171,2.189830,1,2500,5.000000,363,2500,0x03,left,122.865582,2568,0.225641,173,0,No fault,0x04,right,260.807975,2479,0.190476,171,0,No fault,89.00
2026-08-12T10:50:37.913,1786524637.913052,2.196718,1,2500,5.000000,364,2500,0x03,left,123.787980,2613,0.096703,174,0,No fault,0x04,right,261.378983,2479,0.202198,174,0,No fault,134.00
2026-08-12T10:50:37.919,1786524637.919128,2.202792,1,2500,5.000000,365,2500,0x03,left,124.358988,2389,0.167033,173,0,No fault,0x04,right,261.949992,2300,0.202198,175,0,No fault,89.00
2026-08-12T10:50:37.925,1786524637.925959,2.209618,1,2500,5.000000,366,2500,0x03,left,124.929996,2300,0.196337,173,0,No fault,0x04,right,263.135932,2300,0.202198,173,0,No fault,0.00
2026-08-12T10:50:37.931,1786524637.931276,2.214939,1,2500,5.000000,367,2500,0x03,left,125.522966,2434,0.178755,177,0,No fault,0x04,right,263.728902,2613,0.219780,173,0,No fault,-179.00
2026-08-12T10:50:37.946,1786524637.946834,2.230493,1,2500,5.000000,368,2500,0x03,left,127.279914,2523,0.137729,172,0,No fault,0x04,right,264.299910,2389,0.184615,175,0,No fault,134.00
2026-08-12T10:50:37.952,1786524637.952165,2.235831,1,2500,5.000000,369,2500,0x03,left,127.894846,2389,0.190476,171,0,No fault,0x04,right,266.320400,2300,0.225641,173,0,No fault,89.00
2026-08-12T10:50:37.957,1786524637.957744,2.241404,1,2500,5.000000,370,2500,0x03,left,128.443892,2255,0.213919,173,0,No fault,0x04,right,266.649828,2389,0.202198,174,0,No fault,-134.00
2026-08-12T10:50:37.968,1786524637.968173,2.251841,1,2500,5.000000,371,2500,0x03,left,129.036862,2389,0.178755,173,0,No fault,0x04,right,267.813806,2300,0.190476,174,0,No fault,89.00
2026-08-12T10:50:37.973,1786524637.973517,2.257184,1,2500,5.000000,372,2500,0x03,left,130.222802,2345,0.143590,173,0,No fault,0x04,right,268.406776,2345,0.184615,175,0,No fault,0.00
2026-08-12T10:50:37.978,1786524637.978841,2.262503,1,2500,5.000000,373,2500,0x03,left,130.815772,2166,0.143590,173,0,No fault,0x04,right,268.999746,2568,0.143590,174,0,No fault,-402.00
2026-08-12T10:50:37.984,1786524637.984268,2.267977,1,2500,5.000000,374,2500,0x03,left,131.386781,2255,0.184615,174,0,No fault,0x04,right,269.592716,2345,0.149451,170,0,No fault,-90.00
2026-08-12T10:50:37.989,1786524637.989647,2.273314,1,2500,5.000000,375,2500,0x03,left,131.979751,2479,0.108425,173,0,No fault,0x04,right,270.163724,2389,0.208059,173,0,No fault,90.00
2026-08-12T10:50:37.994,1786524637.994982,2.278642,1,2500,5.000000,376,2500,0x03,left,132.572721,2523,0.067399,173,0,No fault,0x04,right,270.756694,2389,0.161172,173,0,No fault,134.00
2026-08-12T10:50:38.000,1786524638.000285,2.283953,1,2500,5.000000,377,2500,0x03,left,133.187652,2702,0.120147,172,0,No fault,0x04,right,271.349664,2434,0.126007,174,0,No fault,268.00
2026-08-12T10:50:38.005,1786524638.005797,2.289466,1,2500,5.000000,378,2500,0x03,left,133.758661,2389,0.143590,172,0,No fault,0x04,right,271.942634,2523,0.178755,174,0,No fault,-134.00
2026-08-12T10:50:38.011,1786524638.011124,2.294790,1,2500,5.000000,379,2500,0x03,left,163.538932,2166,0.237363,174,0,No fault,0x04,right,272.513643,2032,0.167033,175,0,No fault,134.00
2026-08-12T10:50:38.016,1786524638.016436,2.300097,1,2500,5.000000,380,2500,0x03,left,134.351631,2389,0.161172,172,0,No fault,0x04,right,273.106613,2166,0.178755,176,0,No fault,223.00
2026-08-12T10:50:38.021,1786524638.021813,2.305482,1,2500,5.000000,381,2500,0x03,left,134.922639,2389,0.131868,172,0,No fault,0x04,right,273.677621,2255,0.167033,175,0,No fault,134.00
2026-08-12T10:50:38.027,1786524638.027166,2.310831,1,2500,5.000000,382,2500,0x03,left,135.537571,2479,0.038095,172,0,No fault,0x04,right,274.270591,2211,0.108425,175,0,No fault,268.00
2026-08-12T10:50:38.032,1786524638.032486,2.316148,1,2500,5.000000,383,2500,0x03,left,136.130541,2568,0.131868,172,0,No fault,0x04,right,274.863561,2523,0.196337,173,0,No fault,45.00
2026-08-12T10:50:38.037,1786524638.037810,2.321477,1,2500,5.000000,384,2500,0x03,left,136.701549,2434,0.190476,172,0,No fault,0x04,right,275.478493,2613,0.167033,173,0,No fault,-179.00
2026-08-12T10:50:38.043,1786524638.043499,2.327161,1,2500,5.000000,385,2500,0x03,left,137.294519,2479,0.143590,172,0,No fault,0x04,right,276.620509,2255,0.172894,174,0,No fault,224.00
2026-08-12T10:50:38.048,1786524638.048957,2.332619,1,2500,5.000000,386,2500,0x03,left,137.865527,2434,0.137729,172,0,No fault,0x04,right,277.191517,2166,0.120147,174,0,No fault,268.00
2026-08-12T10:50:38.054,1786524638.054395,2.338060,1,2500,5.000000,387,2500,0x03,left,139.073429,2434,0.131868,172,0,No fault,0x04,right,277.806449,2389,0.172894,174,0,No fault,45.00
2026-08-12T10:50:38.059,1786524638.059742,2.343407,1,2500,5.000000,388,2500,0x03,left,139.666399,2300,0.184615,172,0,No fault,0x04,right,278.377457,2300,0.202198,174,0,No fault,0.00
2026-08-12T10:50:38.065,1786524638.065061,2.348721,1,2500,5.000000,389,2500,0x03,left,140.237407,2345,0.167033,174,0,No fault,0x04,right,278.970427,2389,0.149451,173,0,No fault,-44.00
2026-08-12T10:50:38.070,1786524638.070363,2.354019,1,2500,5.000000,390,2500,0x03,left,140.808415,2255,0.102564,172,0,No fault,0x04,right,279.563397,2479,0.126007,174,0,No fault,-224.00
2026-08-12T10:50:38.075,1786524638.075677,2.359342,1,2500,5.000000,391,2500,0x03,left,141.423347,2434,0.131868,173,0,No fault,0x04,right,280.134405,2389,0.161172,174,0,No fault,45.00
2026-08-12T10:50:38.081,1786524638.081028,2.364693,1,2500,5.000000,392,2500,0x03,left,141.994355,2345,0.172894,169,0,No fault,0x04,right,280.727375,2300,0.190476,175,0,No fault,45.00
2026-08-12T10:50:38.086,1786524638.086364,2.370026,1,2500,5.000000,393,2500,0x03,left,142.587325,2300,0.219780,174,0,No fault,0x04,right,281.320345,2434,0.178755,174,0,No fault,-134.00
2026-08-12T10:50:38.091,1786524638.091716,2.375388,1,2500,5.000000,394,2500,0x03,left,143.158333,2434,0.190476,173,0,No fault,0x04,right,281.891353,2389,0.190476,174,0,No fault,45.00
2026-08-12T10:50:38.097,1786524638.097103,2.380770,1,2500,5.000000,395,2500,0x03,left,143.751303,2434,0.096703,169,0,No fault,0x04,right,282.484323,2568,0.149451,174,0,No fault,-134.00
2026-08-12T10:50:38.102,1786524638.102456,2.386120,1,2500,5.000000,396,2500,0x03,left,144.344273,2479,0.143590,173,0,No fault,0x04,right,283.077293,2613,0.184615,174,0,No fault,-134.00
2026-08-12T10:50:38.107,1786524638.107765,2.391427,1,2500,5.000000,397,2500,0x03,left,145.969450,2479,0.208059,172,0,No fault,0x04,right,283.648302,2345,0.231502,174,0,No fault,134.00
2026-08-12T10:50:38.113,1786524638.113061,2.396726,1,2500,5.000000,398,2500,0x03,left,146.232993,2255,0.184615,175,0,No fault,0x04,right,284.241272,2211,0.143590,174,0,No fault,44.00
2026-08-12T10:50:38.118,1786524638.118368,2.402029,1,2500,5.000000,399,2500,0x03,left,146.562420,2523,0.137729,173,0,No fault,0x04,right,284.812280,2389,0.208059,174,0,No fault,134.00
2026-08-12T10:50:38.123,1786524638.123761,2.407419,1,2500,5.000000,400,2500,0x03,left,147.155390,2568,0.131868,170,0,No fault,0x04,right,285.405250,2434,0.178755,175,0,No fault,134.00
2026-08-12T10:50:38.129,1786524638.129149,2.412823,1,2500,5.000000,401,2500,0x03,left,147.726399,2255,0.208059,173,0,No fault,0x04,right,285.998220,2389,0.178755,174,0,No fault,-134.00
2026-08-12T10:50:38.134,1786524638.134556,2.418232,1,2500,5.000000,402,2500,0x03,left,148.319369,2345,0.231502,173,0,No fault,0x04,right,286.569228,2389,0.225641,174,0,No fault,-44.00
2026-08-12T10:50:38.139,1786524638.139948,2.423614,1,2500,5.000000,403,2500,0x03,left,148.890377,2211,0.155311,173,0,No fault,0x04,right,287.162198,2523,0.190476,174,0,No fault,-312.00
2026-08-12T10:50:38.155,1786524638.155813,2.439484,1,2500,5.000000,404,2500,0x03,left,150.691249,2523,0.137729,171,0,No fault,0x04,right,289.512116,2345,0.184615,174,0,No fault,178.00
2026-08-12T10:50:38.161,1786524638.161221,2.444889,1,2500,5.000000,405,2500,0x03,left,151.262257,2434,0.167033,172,0,No fault,0x04,right,289.797620,2523,0.231502,174,0,No fault,-89.00
2026-08-12T10:50:38.172,1786524638.172003,2.455661,1,2500,5.000000,406,2500,0x03,left,151.855227,2166,0.149451,173,0,No fault,0x04,right,291.291026,2255,0.155311,174,0,No fault,-89.00
2026-08-12T10:50:38.177,1786524638.177280,2.460943,1,2500,5.000000,407,2500,0x03,left,153.041167,2479,0.131868,173,0,No fault,0x04,right,291.862034,2255,0.208059,174,0,No fault,224.00
2026-08-12T10:50:38.182,1786524638.182610,2.466268,1,2500,5.000000,408,2500,0x03,left,153.634137,2389,0.126007,174,0,No fault,0x04,right,292.455004,2345,0.196337,175,0,No fault,44.00
2026-08-12T10:50:38.187,1786524638.187909,2.471565,1,2500,5.000000,409,2500,0x03,left,154.205145,2166,0.190476,174,0,No fault,0x04,right,293.026012,2166,0.237363,174,0,No fault,0.00
2026-08-12T10:50:38.193,1786524638.193225,2.476890,1,2500,5.000000,410,2500,0x03,left,154.798115,2255,0.149451,173,0,No fault,0x04,right,293.618982,2523,0.184615,174,0,No fault,-268.00
2026-08-12T10:50:38.198,1786524638.198648,2.482310,1,2500,5.000000,411,2500,0x03,left,155.413047,2613,0.049817,172,0,No fault,0x04,right,294.211952,2300,0.137729,175,0,No fault,313.00
2026-08-12T10:50:38.203,1786524638.203993,2.487658,1,2500,5.000000,412,2500,0x03,left,156.006017,2479,0.131868,176,0,No fault,0x04,right,294.782961,2300,0.208059,172,0,No fault,179.00
2026-08-12T10:50:38.209,1786524638.209349,2.493011,1,2500,5.000000,413,2500,0x03,left,156.577025,2345,0.172894,174,0,No fault,0x04,right,295.375931,2345,0.196337,174,0,No fault,0.00
2026-08-12T10:50:38.214,1786524638.214729,2.498395,1,2500,5.000000,414,2500,0x03,left,157.148033,2211,0.190476,173,0,No fault,0x04,right,295.968901,2300,0.225641,175,0,No fault,-89.00
2026-08-12T10:50:38.220,1786524638.220087,2.503747,1,2500,5.000000,415,2500,0x03,left,157.741003,2255,0.172894,173,0,No fault,0x04,right,296.561871,2389,0.184615,171,0,No fault,-134.00
2026-08-12T10:50:38.225,1786524638.225392,2.509045,1,2500,5.000000,416,2500,0x03,left,158.333973,2389,0.114286,172,0,No fault,0x04,right,297.132879,2121,0.120147,174,0,No fault,268.00
2026-08-12T10:50:38.230,1786524638.230683,2.514336,1,2500,5.000000,417,2500,0x03,left,158.926943,2702,0.137729,173,0,No fault,0x04,right,297.747811,2434,0.213919,175,0,No fault,268.00
2026-08-12T10:50:38.235,1786524638.235960,2.519626,1,2500,5.000000,418,2500,0x03,left,159.497951,2345,0.237363,173,0,No fault,0x04,right,298.318819,2300,0.213919,175,0,No fault,45.00
2026-08-12T10:50:38.241,1786524638.241284,2.524943,1,2500,5.000000,419,2500,0x03,left,160.090921,2613,0.219780,172,0,No fault,0x04,right,298.933751,2389,0.167033,174,0,No fault,224.00
2026-08-12T10:50:38.246,1786524638.246590,2.530247,1,2500,5.000000,420,2500,0x03,left,160.683891,2389,0.131868,174,0,No fault,0x04,right,299.504759,2345,0.167033,174,0,No fault,44.00
2026-08-12T10:50:38.251,1786524638.251861,2.535517,1,2500,5.000000,421,2500,0x03,left,191.079095,2702,0.137729,175,0,No fault,0x04,right,300.075767,2077,0.161172,174,0,No fault,625.00
2026-08-12T10:50:38.257,1786524638.257159,2.540830,1,2500,5.000000,422,2500,0x03,left,161.847870,2389,0.184615,175,0,No fault,0x04,right,300.668737,2434,0.213919,176,0,No fault,-45.00
2026-08-12T10:50:38.262,1786524638.262675,2.546339,1,2500,5.000000,423,2500,0x03,left,162.440840,2434,0.208059,173,0,No fault,0x04,right,301.261707,2345,0.184615,176,0,No fault,89.00
2026-08-12T10:50:38.267,1786524638.267986,2.551646,1,2500,5.000000,424,2500,0x03,left,163.011848,2523,0.243223,173,0,No fault,0x04,right,301.832715,2345,0.208059,177,0,No fault,178.00
2026-08-12T10:50:38.273,1786524638.273467,2.557133,1,2500,5.000000,425,2500,0x03,left,163.604818,2613,0.126007,173,0,No fault,0x04,right,302.403723,2345,0.149451,178,0,No fault,268.00
2026-08-12T10:50:38.278,1786524638.278817,2.562485,1,2500,5.000000,426,2500,0x03,left,164.790758,2434,0.196337,174,0,No fault,0x04,right,303.018655,2523,0.184615,176,0,No fault,-89.00
2026-08-12T10:50:38.284,1786524638.284152,2.567813,1,2500,5.000000,427,2500,0x03,left,165.932774,2077,0.208059,172,0,No fault,0x04,right,303.633587,2300,0.243223,174,0,No fault,-223.00
2026-08-12T10:50:38.289,1786524638.289507,2.573163,1,2500,5.000000,428,2500,0x03,left,195.756969,2523,0.172894,174,0,No fault,0x04,right,304.226557,2613,0.202198,174,0,No fault,-90.00
2026-08-12T10:50:38.294,1786524638.294885,2.578540,1,2500,5.000000,429,2500,0x03,left,166.525744,2568,0.126007,173,0,No fault,0x04,right,304.797565,2389,0.178755,173,0,No fault,179.00
2026-08-12T10:50:38.300,1786524638.300269,2.583933,1,2500,5.000000,430,2500,0x03,left,196.393863,2434,0.196337,175,0,No fault,0x04,right,305.412497,2389,0.219780,176,0,No fault,45.00
2026-08-12T10:50:38.305,1786524638.305674,2.589333,1,2500,5.000000,431,2500,0x03,left,196.942909,2211,0.208059,175,0,No fault,0x04,right,306.576475,2657,0.219780,175,0,No fault,-446.00
2026-08-12T10:50:38.310,1786524638.310975,2.594631,1,2500,5.000000,432,2500,0x03,left,167.711684,2300,0.196337,172,0,No fault,0x04,right,307.147483,2389,0.155311,174,0,No fault,-89.00
2026-08-12T10:50:38.316,1786524638.316265,2.599938,1,2500,5.000000,433,2500,0x03,left,169.402747,2523,0.079121,175,0,No fault,0x04,right,307.718492,2166,0.184615,175,0,No fault,357.00
2026-08-12T10:50:38.321,1786524638.321616,2.605288,1,2500,5.000000,434,2500,0x03,left,169.688251,2434,0.114286,173,0,No fault,0x04,right,308.311462,2345,0.190476,173,0,No fault,89.00
2026-08-12T10:50:38.326,1786524638.326944,2.610609,1,2500,5.000000,435,2500,0x03,left,170.039640,2702,0.108425,174,0,No fault,0x04,right,308.904432,2479,0.149451,174,0,No fault,223.00
2026-08-12T10:50:38.332,1786524638.332409,2.616073,1,2500,5.000000,436,2500,0x03,left,171.225580,2345,0.184615,172,0,No fault,0x04,right,309.497402,2479,0.196337,174,0,No fault,-134.00
2026-08-12T10:50:38.337,1786524638.337748,2.621415,1,2500,5.000000,437,2500,0x03,left,200.478767,2389,0.219780,174,0,No fault,0x04,right,310.068410,2345,0.190476,174,0,No fault,44.00
2026-08-12T10:50:38.353,1786524638.353321,2.636993,1,2500,5.000000,438,2500,0x03,left,173.004490,2568,0.114286,173,0,No fault,0x04,right,312.330481,2389,0.184615,175,0,No fault,179.00
2026-08-12T10:50:38.358,1786524638.358726,2.642395,1,2500,5.000000,439,2500,0x03,left,173.597460,2434,0.131868,173,0,No fault,0x04,right,312.637946,2523,0.202198,174,0,No fault,-89.00
2026-08-12T10:50:38.364,1786524638.364086,2.647746,1,2500,5.000000,440,2500,0x03,left,174.168469,2434,0.190476,173,0,No fault,0x04,right,312.967374,2479,0.184615,175,0,No fault,-45.00
2026-08-12T10:50:38.374,1786524638.374530,2.658205,1,2500,5.000000,441,2500,0x03,left,174.739477,2166,0.143590,172,0,No fault,0x04,right,314.153314,2434,0.131868,174,0,No fault,-268.00
2026-08-12T10:50:38.379,1786524638.379901,2.663568,1,2500,5.000000,442,2500,0x03,left,175.925417,2345,0.131868,173,0,No fault,0x04,right,314.746284,2166,0.190476,175,0,No fault,179.00
2026-08-12T10:50:38.385,1786524638.385240,2.668913,1,2500,5.000000,443,2500,0x03,left,176.518387,2702,0.202198,173,0,No fault,0x04,right,315.361216,2523,0.172894,174,0,No fault,179.00
2026-08-12T10:50:38.390,1786524638.390638,2.674305,1,2500,5.000000,444,2500,0x03,left,177.111357,2121,0.155311,173,0,No fault,0x04,right,315.910262,2345,0.202198,174,0,No fault,-224.00
2026-08-12T10:50:38.396,1786524638.396110,2.679780,1,2500,5.000000,445,2500,0x03,left,177.682365,2523,0.161172,173,0,No fault,0x04,right,316.503232,2479,0.208059,174,0,No fault,44.00
2026-08-12T10:50:38.401,1786524638.401484,2.685147,1,2500,5.000000,446,2500,0x03,left,178.275335,2479,0.096703,173,0,No fault,0x04,right,317.096202,2479,0.149451,177,0,No fault,0.00
2026-08-12T10:50:38.406,1786524638.406785,2.690445,1,2500,5.000000,447,2500,0x03,left,207.506560,2523,0.167033,174,0,No fault,0x04,right,317.689172,2613,0.178755,175,0,No fault,-90.00
2026-08-12T10:50:38.412,1786524638.412071,2.695724,1,2500,5.000000,448,2500,0x03,left,178.868305,2345,0.114286,175,0,No fault,0x04,right,318.260181,2434,0.249084,174,0,No fault,-89.00
2026-08-12T10:50:38.417,1786524638.417304,2.700955,1,2500,5.000000,449,2500,0x03,left,179.483237,2568,0.190476,173,0,No fault,0x04,right,318.831189,2345,0.219780,174,0,No fault,223.00
2026-08-12T10:50:38.422,1786524638.422886,2.706557,1,2500,5.000000,450,2500,0x03,left,180.032283,2300,0.243223,173,0,No fault,0x04,right,319.424159,2613,0.172894,174,0,No fault,-313.00
2026-08-12T10:50:38.428,1786524638.428341,2.712015,1,2500,5.000000,451,2500,0x03,left,180.625253,2434,0.143590,176,0,No fault,0x04,right,320.610099,2300,0.190476,172,0,No fault,134.00
2026-08-12T10:50:38.433,1786524638.433738,2.717416,1,2500,5.000000,452,2500,0x03,left,181.218223,2568,0.090842,173,0,No fault,0x04,right,321.181107,2166,0.208059,174,0,No fault,402.00
2026-08-12T10:50:38.439,1786524638.439154,2.722826,1,2500,5.000000,453,2500,0x03,left,181.811193,2479,0.149451,172,0,No fault,0x04,right,321.752115,2121,0.231502,175,0,No fault,358.00
2026-08-12T10:50:38.444,1786524638.444506,2.728178,1,2500,5.000000,454,2500,0x03,left,182.404163,2613,0.190476,171,0,No fault,0x04,right,322.345085,2389,0.161172,174,0,No fault,224.00
2026-08-12T10:50:38.449,1786524638.449890,2.733555,1,2500,5.000000,455,2500,0x03,left,182.953209,2211,0.249084,172,0,No fault,0x04,right,322.938055,2255,0.167033,175,0,No fault,-44.00
2026-08-12T10:50:38.455,1786524638.455212,2.738866,1,2500,5.000000,456,2500,0x03,left,184.161111,2613,0.108425,173,0,No fault,0x04,right,323.487101,2211,0.254945,176,0,No fault,402.00
2026-08-12T10:50:38.460,1786524638.460500,2.744152,1,2500,5.000000,457,2500,0x03,left,184.732119,2434,0.219780,173,0,No fault,0x04,right,324.102033,2434,0.202198,173,0,No fault,0.00
2026-08-12T10:50:38.465,1786524638.465791,2.749465,1,2500,5.000000,458,2500,0x03,left,185.325089,2479,0.196337,173,0,No fault,0x04,right,324.673041,2345,0.213919,174,0,No fault,134.00
2026-08-12T10:50:38.471,1786524638.471241,2.754912,1,2500,5.000000,459,2500,0x03,left,185.896098,2434,0.243223,172,0,No fault,0x04,right,325.244050,2434,0.178755,175,0,No fault,0.00
2026-08-12T10:50:38.476,1786524638.476624,2.760283,1,2500,5.000000,460,2500,0x03,left,187.060076,2255,0.067399,173,0,No fault,0x04,right,325.858981,2434,0.137729,174,0,No fault,-179.00
2026-08-12T10:50:38.481,1786524638.481928,2.765591,1,2500,5.000000,461,2500,0x03,left,187.675008,2300,0.167033,172,0,No fault,0x04,right,326.429990,2389,0.260806,175,0,No fault,-89.00
2026-08-12T10:50:38.487,1786524638.487255,2.770915,1,2500,5.000000,462,2500,0x03,left,188.246016,2434,0.225641,172,0,No fault,0x04,right,327.000998,2434,0.196337,174,0,No fault,0.00
2026-08-12T10:50:38.492,1786524638.492567,2.776231,1,2500,5.000000,463,2500,0x03,left,188.838986,2434,0.167033,173,0,No fault,0x04,right,327.593968,2479,0.167033,170,0,No fault,-45.00
2026-08-12T10:50:38.497,1786524638.497865,2.781519,1,2500,5.000000,464,2500,0x03,left,189.431956,2345,0.090842,172,0,No fault,0x04,right,328.164976,2389,0.178755,174,0,No fault,-44.00
2026-08-12T10:50:38.503,1786524638.503141,2.786804,1,2500,5.000000,465,2500,0x03,left,190.046888,2389,0.108425,173,0,No fault,0x04,right,328.757946,2479,0.167033,174,0,No fault,-90.00
2026-08-12T10:50:38.508,1786524638.508451,2.792104,1,2500,5.000000,466,2500,0x03,left,219.256151,2434,0.172894,174,0,No fault,0x04,right,329.350916,2657,0.172894,175,0,No fault,-223.00
2026-08-12T10:50:38.513,1786524638.513875,2.797545,1,2500,5.000000,467,2500,0x03,left,190.617896,2389,0.155311,173,0,No fault,0x04,right,329.921924,2300,0.196337,175,0,No fault,89.00
2026-08-12T10:50:38.519,1786524638.519224,2.802884,1,2500,5.000000,468,2500,0x03,left,191.210866,2434,0.196337,173,0,No fault,0x04,right,330.514894,2300,0.167033,174,0,No fault,134.00
2026-08-12T10:50:38.524,1786524638.524526,2.808185,1,2500,5.000000,469,2500,0x03,left,192.792119,2434,0.079121,172,0,No fault,0x04,right,331.107864,2479,0.167033,174,0,No fault,-45.00
2026-08-12T10:50:38.529,1786524638.529975,2.813634,1,2500,5.000000,470,2500,0x03,left,222.199039,2166,0.178755,174,0,No fault,0x04,right,331.700834,2523,0.143590,175,0,No fault,-357.00
2026-08-12T10:50:38.535,1786524638.535293,2.818954,1,2500,5.000000,471,2500,0x03,left,193.121547,2568,0.084982,174,0,No fault,0x04,right,332.293804,2434,0.178755,176,0,No fault,134.00
2026-08-12T10:50:38.540,1786524638.540587,2.824246,1,2500,5.000000,472,2500,0x03,left,193.429013,2255,0.131868,173,0,No fault,0x04,right,333.457782,2345,0.202198,174,0,No fault,-90.00
2026-08-12T10:50:38.556,1786524638.556170,2.839832,1,2500,5.000000,473,2500,0x03,left,195.185961,2389,0.055678,173,0,No fault,0x04,right,334.050752,2300,0.126007,174,0,No fault,89.00
2026-08-12T10:50:38.561,1786524638.561510,2.845172,1,2500,5.000000,474,2500,0x03,left,195.778931,2255,0.102564,173,0,No fault,0x04,right,335.983395,2479,0.178755,174,0,No fault,-224.00
2026-08-12T10:50:38.566,1786524638.566823,2.850489,1,2500,5.000000,475,2500,0x03,left,196.371901,2389,0.161172,171,0,No fault,0x04,right,336.290861,2389,0.178755,174,0,No fault,0.00
2026-08-12T10:50:38.577,1786524638.577241,2.860911,1,2500,5.000000,476,2500,0x03,left,196.942909,2255,0.167033,174,0,No fault,0x04,right,337.476801,2255,0.143590,175,0,No fault,0.00
2026-08-12T10:50:38.582,1786524638.582585,2.866246,1,2500,5.000000,477,2500,0x03,left,198.128849,2434,0.096703,176,0,No fault,0x04,right,338.069771,2523,0.190476,174,0,No fault,-89.00
2026-08-12T10:50:38.587,1786524638.587883,2.871542,1,2500,5.000000,478,2500,0x03,left,198.721819,2345,0.126007,173,0,No fault,0x04,right,338.640779,2479,0.167033,175,0,No fault,-134.00
2026-08-12T10:50:38.593,1786524638.593189,2.876853,1,2500,5.000000,479,2500,0x03,left,199.292827,2434,0.167033,173,0,No fault,0x04,right,339.233749,2300,0.178755,174,0,No fault,134.00
2026-08-12T10:50:38.598,1786524638.598525,2.882189,1,2500,5.000000,480,2500,0x03,left,199.885797,2389,0.208059,171,0,No fault,0x04,right,339.804758,2300,0.155311,173,0,No fault,89.00
2026-08-12T10:50:38.603,1786524638.603862,2.887519,1,2500,5.000000,481,2500,0x03,left,200.478767,2613,0.184615,172,0,No fault,0x04,right,340.397728,2300,0.167033,176,0,No fault,313.00
2026-08-12T10:50:38.609,1786524638.609172,2.892839,1,2500,5.000000,482,2500,0x03,left,201.049776,2389,0.108425,173,0,No fault,0x04,right,340.990698,2568,0.161172,171,0,No fault,-179.00
2026-08-12T10:50:38.614,1786524638.614544,2.898214,1,2500,5.000000,483,2500,0x03,left,201.642746,2211,0.149451,172,0,No fault,0x04,right,341.583668,2434,0.213919,174,0,No fault,-223.00
2026-08-12T10:50:38.619,1786524638.619904,2.903573,1,2500,5.000000,484,2500,0x03,left,202.235716,2300,0.167033,173,0,No fault,0x04,right,342.154676,2434,0.196337,175,0,No fault,-134.00
2026-08-12T10:50:38.625,1786524638.625257,2.908921,1,2500,5.000000,485,2500,0x03,left,202.806724,2345,0.237363,173,0,No fault,0x04,right,342.747646,2300,0.096703,175,0,No fault,45.00
2026-08-12T10:50:38.630,1786524638.630634,2.914305,1,2500,5.000000,486,2500,0x03,left,203.377732,2389,0.178755,173,0,No fault,0x04,right,343.318654,2434,0.202198,176,0,No fault,-45.00
2026-08-12T10:50:38.635,1786524638.635937,2.919596,1,2500,5.000000,487,2500,0x03,left,203.992664,2479,0.096703,174,0,No fault,0x04,right,343.911624,2255,0.208059,174,0,No fault,224.00
2026-08-12T10:50:38.641,1786524638.641378,2.925030,1,2500,5.000000,488,2500,0x03,left,204.563672,2568,0.213919,172,0,No fault,0x04,right,344.504594,2479,0.219780,175,0,No fault,89.00
2026-08-12T10:50:38.646,1786524638.646896,2.930596,1,2500,5.000000,489,2500,0x03,left,205.156642,2523,0.172894,172,0,No fault,0x04,right,345.646610,2211,0.137729,175,0,No fault,312.00
2026-08-12T10:50:38.653,1786524638.653062,2.936728,1,2500,5.000000,490,2500,0x03,left,205.727650,2389,0.237363,173,0,No fault,0x04,right,346.239580,2479,0.190476,174,0,No fault,-90.00
2026-08-12T10:50:38.658,1786524638.658917,2.942580,1,2500,5.000000,491,2500,0x03,left,206.320620,2523,0.178755,173,0,No fault,0x04,right,346.810588,2345,0.237363,174,0,No fault,178.00
2026-08-12T10:50:38.664,1786524638.664206,2.947857,1,2500,5.000000,492,2500,0x03,left,207.484598,2166,0.172894,173,0,No fault,0x04,right,347.403558,2434,0.196337,174,0,No fault,-268.00
2026-08-12T10:50:38.674,1786524638.674700,2.958369,1,2500,5.000000,493,2500,0x03,left,208.648576,2345,0.213919,172,0,No fault,0x04,right,348.589498,2568,0.172894,174,0,No fault,-223.00
2026-08-12T10:50:38.680,1786524638.680071,2.963737,1,2500,5.000000,494,2500,0x03,left,209.219585,2255,0.131868,173,0,No fault,0x04,right,349.160507,2166,0.219780,175,0,No fault,89.00
2026-08-12T10:50:38.685,1786524638.685424,2.969137,1,2500,5.000000,495,2500,0x03,left,209.834516,2434,0.137729,173,0,No fault,0x04,right,349.753477,2255,0.254945,174,0,No fault,179.00
2026-08-12T10:50:38.690,1786524638.690814,2.974478,1,2500,5.000000,496,2500,0x03,left,210.427486,2523,0.131868,173,0,No fault,0x04,right,350.324485,2345,0.225641,174,0,No fault,178.00
2026-08-12T10:50:38.696,1786524638.696146,2.979828,1,2500,5.000000,497,2500,0x03,left,211.020456,2255,0.196337,172,0,No fault,0x04,right,350.917455,2434,0.172894,174,0,No fault,-179.00
2026-08-12T10:50:38.701,1786524638.701570,2.985230,1,2500,5.000000,498,2500,0x03,left,211.613426,2523,0.190476,173,0,No fault,0x04,right,351.488463,2434,0.202198,175,0,No fault,89.00
2026-08-12T10:50:38.706,1786524638.706894,2.990555,1,2500,5.000000,499,2500,0x03,left,212.206397,2568,0.084982,173,0,No fault,0x04,right,352.081433,2389,0.208059,174,0,No fault,179.00
2026-08-12T10:50:38.712,1786524638.712224,2.995885,1,2500,5.000000,500,2500,0x03,left,212.777405,2389,0.096703,172,0,No fault,0x04,right,352.674403,2479,0.225641,175,0,No fault,-90.00
2026-08-12T10:50:38.717,1786524638.717580,3.001249,1,2500,5.000000,501,2500,0x03,left,213.370375,2523,0.178755,172,0,No fault,0x04,right,353.223449,2211,0.231502,174,0,No fault,312.00
2026-08-12T10:50:38.722,1786524638.722933,3.006597,1,2500,5.000000,502,2500,0x03,left,213.963345,2479,0.155311,172,0,No fault,0x04,right,353.816419,2434,0.167033,174,0,No fault,45.00
2026-08-12T10:50:38.728,1786524638.728267,3.011932,1,2500,5.000000,503,2500,0x03,left,214.534353,2389,0.149451,175,0,No fault,0x04,right,354.409389,2389,0.149451,174,0,No fault,0.00
2026-08-12T10:50:38.733,1786524638.733684,3.017348,1,2500,5.000000,504,2500,0x03,left,216.159530,2255,0.178755,173,0,No fault,0x04,right,355.002359,2434,0.231502,175,0,No fault,-179.00
2026-08-12T10:50:38.739,1786524638.739345,3.023030,1,2500,5.000000,505,2500,0x03,left,216.445034,2211,0.196337,170,0,No fault,0x04,right,356.166337,2613,0.190476,175,0,No fault,-402.00
2026-08-12T10:50:38.744,1786524638.744757,3.028435,1,2500,5.000000,506,2500,0x03,left,216.818385,2389,0.167033,175,0,No fault,0x04,right,356.759307,2300,0.167033,175,0,No fault,89.00
2026-08-12T10:50:38.760,1786524638.760646,3.044307,1,2500,5.000000,507,2500,0x03,left,218.553372,2211,0.108425,168,0,No fault,0x04,right,357.352277,2300,0.149451,176,0,No fault,-89.00
2026-08-12T10:50:38.765,1786524638.765923,3.049582,1,2500,5.000000,508,2500,0x03,left,219.146342,2345,0.202198,173,0,No fault,0x04,right,359.372768,2345,0.172894,175,0,No fault,0.00
2026-08-12T10:50:38.771,1786524638.771441,3.055108,1,2500,5.000000,509,2500,0x03,left,219.717350,2166,0.237363,171,0,No fault,0x04,right,359.702196,2389,0.167033,174,0,No fault,-223.00
2026-08-12T10:50:38.781,1786524638.781905,3.065562,1,2500,5.000000,510,2500,0x03,left,220.310320,2345,0.167033,173,0,No fault,0x04,right,360.866174,2479,0.178755,171,0,No fault,-134.00
2026-08-12T10:50:38.787,1786524638.787223,3.070886,1,2500,5.000000,511,2500,0x03,left,221.496260,2479,0.161172,173,0,No fault,0x04,right,361.437182,2300,0.213919,175,0,No fault,179.00
2026-08-12T10:50:38.792,1786524638.792520,3.076183,1,2500,5.000000,512,2500,0x03,left,250.837294,2166,0.167033,174,0,No fault,0x04,right,362.030152,2434,0.219780,175,0,No fault,-268.00
2026-08-12T10:50:38.797,1786524638.797820,3.081480,1,2500,5.000000,513,2500,0x03,left,222.067268,2389,0.213919,173,0,No fault,0x04,right,362.601160,2434,0.161172,177,0,No fault,-45.00
2026-08-12T10:50:38.803,1786524638.803114,3.086775,1,2500,5.000000,514,2500,0x03,left,222.682200,2479,0.190476,173,0,No fault,0x04,right,363.194130,2613,0.202198,175,0,No fault,-134.00
2026-08-12T10:50:38.808,1786524638.808412,3.092071,1,2500,5.000000,515,2500,0x03,left,223.231246,2300,0.196337,175,0,No fault,0x04,right,363.765138,2300,0.202198,173,0,No fault,0.00
2026-08-12T10:50:38.813,1786524638.813703,3.097364,1,2500,5.000000,516,2500,0x03,left,223.824216,2389,0.114286,173,0,No fault,0x04,right,364.358108,2479,0.190476,175,0,No fault,-90.00
2026-08-12T10:50:38.819,1786524638.819044,3.102712,1,2500,5.000000,517,2500,0x03,left,224.417186,2345,0.172894,173,0,No fault,0x04,right,364.929116,2434,0.213919,174,0,No fault,-89.00
2026-08-12T10:50:38.824,1786524638.824379,3.108038,1,2500,5.000000,518,2500,0x03,left,224.988194,2300,0.219780,176,0,No fault,0x04,right,365.522086,2568,0.167033,174,0,No fault,-268.00
2026-08-12T10:50:38.829,1786524638.829696,3.113358,1,2500,5.000000,519,2500,0x03,left,225.559203,2121,0.190476,173,0,No fault,0x04,right,366.115056,2479,0.184615,175,0,No fault,-358.00
2026-08-12T10:50:38.835,1786524638.835033,3.118699,1,2500,5.000000,520,2500,0x03,left,226.152173,2345,0.196337,173,0,No fault,0x04,right,366.686065,2568,0.196337,174,0,No fault,-223.00
2026-08-12T10:50:38.840,1786524638.840365,3.124023,1,2500,5.000000,521,2500,0x03,left,226.745143,2389,0.108425,173,0,No fault,0x04,right,367.257073,2211,0.184615,174,0,No fault,178.00
2026-08-12T10:50:38.845,1786524638.845675,3.129337,1,2500,5.000000,522,2500,0x03,left,227.338113,2255,0.161172,172,0,No fault,0x04,right,367.850043,2345,0.184615,174,0,No fault,-90.00
2026-08-12T10:50:38.851,1786524638.851025,3.134692,1,2500,5.000000,523,2500,0x03,left,227.909121,2434,0.184615,174,0,No fault,0x04,right,368.443013,2568,0.167033,174,0,No fault,-134.00
2026-08-12T10:50:38.856,1786524638.856510,3.140174,1,2500,5.000000,524,2500,0x03,left,228.502091,2389,0.219780,171,0,No fault,0x04,right,369.014021,2300,0.167033,174,0,No fault,89.00
2026-08-12T10:50:38.861,1786524638.861907,3.145574,1,2500,5.000000,525,2500,0x03,left,229.073099,2523,0.155311,176,0,No fault,0x04,right,370.199961,2568,0.231502,175,0,No fault,-45.00
2026-08-12T10:50:38.872,1786524638.872459,3.156139,1,2500,5.000000,526,2500,0x03,left,230.259039,2300,0.102564,172,0,No fault,0x04,right,371.363939,2434,0.167033,176,0,No fault,-134.00
2026-08-12T10:50:38.878,1786524638.878051,3.161722,1,2500,5.000000,527,2500,0x03,left,230.852009,2300,0.161172,173,0,No fault,0x04,right,371.956909,2300,0.202198,176,0,No fault,0.00
2026-08-12T10:50:38.883,1786524638.883615,3.167290,1,2500,5.000000,528,2500,0x03,left,232.037949,2568,0.120147,173,0,No fault,0x04,right,372.549879,2300,0.184615,175,0,No fault,268.00
2026-08-12T10:50:38.889,1786524638.889075,3.172753,1,2500,5.000000,529,2500,0x03,left,232.630919,2300,0.073260,173,0,No fault,0x04,right,373.120887,2166,0.219780,174,0,No fault,134.00
2026-08-12T10:50:38.894,1786524638.894480,3.178152,1,2500,5.000000,530,2500,0x03,left,233.223889,2434,0.149451,173,0,No fault,0x04,right,373.691895,2166,0.202198,175,0,No fault,268.00
2026-08-12T10:50:38.899,1786524638.899856,3.183544,1,2500,5.000000,531,2500,0x03,left,233.816859,2255,0.114286,172,0,No fault,0x04,right,374.306827,2300,0.155311,177,0,No fault,-45.00
2026-08-12T10:50:38.905,1786524638.905239,3.188901,1,2500,5.000000,532,2500,0x03,left,234.387867,2345,0.161172,171,0,No fault,0x04,right,374.877835,2255,0.190476,174,0,No fault,90.00
2026-08-12T10:50:38.910,1786524638.910743,3.194406,1,2500,5.000000,533,2500,0x03,left,234.980837,2657,0.143590,169,0,No fault,0x04,right,375.470805,2479,0.202198,174,0,No fault,178.00
2026-08-12T10:50:38.916,1786524638.916096,3.199759,1,2500,5.000000,534,2500,0x03,left,235.573807,2523,0.096703,173,0,No fault,0x04,right,376.041814,2345,0.190476,174,0,No fault,178.00
2026-08-12T10:50:38.921,1786524638.921433,3.205138,1,2500,5.000000,535,2500,0x03,left,236.166777,2389,0.137729,174,0,No fault,0x04,right,376.634784,2479,0.172894,176,0,No fault,-90.00
2026-08-12T10:50:38.926,1786524638.926798,3.210461,1,2500,5.000000,536,2500,0x03,left,236.737785,2211,0.172894,173,0,No fault,0x04,right,377.227754,2568,0.161172,175,0,No fault,-357.00
2026-08-12T10:50:38.932,1786524638.932140,3.215800,1,2500,5.000000,537,2500,0x03,left,237.330755,2345,0.137729,172,0,No fault,0x04,right,377.798762,2479,0.219780,172,0,No fault,-134.00
2026-08-12T10:50:38.937,1786524638.937508,3.221170,1,2500,5.000000,538,2500,0x03,left,237.923725,2300,0.102564,173,0,No fault,0x04,right,378.369770,2166,0.208059,174,0,No fault,134.00
2026-08-12T10:50:38.942,1786524638.942840,3.226495,1,2500,5.000000,539,2500,0x03,left,239.812445,2523,0.184615,172,0,No fault,0x04,right,378.962740,2300,0.208059,175,0,No fault,223.00
2026-08-12T10:50:38.948,1786524638.948151,3.231808,1,2500,5.000000,540,2500,0x03,left,240.163834,2211,0.196337,172,0,No fault,0x04,right,379.555710,2434,0.172894,171,0,No fault,-223.00
2026-08-12T10:50:38.953,1786524638.953738,3.237399,1,2500,5.000000,541,2500,0x03,left,240.778766,2523,0.108425,173,0,No fault,0x04,right,380.126718,2300,0.196337,174,0,No fault,223.00
2026-08-12T10:50:38.964,1786524638.964274,3.247946,1,2500,5.000000,542,2500,0x03,left,241.942744,2300,0.167033,173,0,No fault,0x04,right,380.697726,2255,0.219780,176,0,No fault,45.00
2026-08-12T10:50:38.969,1786524638.969674,3.253337,1,2500,5.000000,543,2500,0x03,left,242.535714,2479,0.172894,173,0,No fault,0x04,right,382.740179,2211,0.126007,174,0,No fault,268.00
2026-08-12T10:50:38.975,1786524638.975120,3.258787,1,2500,5.000000,544,2500,0x03,left,243.084761,2166,0.219780,173,0,No fault,0x04,right,383.091568,2211,0.202198,174,0,No fault,-45.00
2026-08-12T10:50:38.985,1786524638.985642,3.269304,1,2500,5.000000,545,2500,0x03,left,243.699693,2568,0.108425,174,0,No fault,0x04,right,384.299470,2479,0.172894,173,0,No fault,89.00
2026-08-12T10:50:38.990,1786524638.990947,3.274615,1,2500,5.000000,546,2500,0x03,left,244.863671,2345,0.196337,173,0,No fault,0x04,right,384.870478,2434,0.225641,177,0,No fault,-89.00
2026-08-12T10:50:38.996,1786524638.996294,3.279963,1,2500,5.000000,547,2500,0x03,left,245.456641,2434,0.172894,172,0,No fault,0x04,right,385.441486,2345,0.202198,172,0,No fault,89.00
2026-08-12T10:50:39.001,1786524639.001629,3.285299,1,2500,5.000000,548,2500,0x03,left,246.049611,2479,0.172894,173,0,No fault,0x04,right,386.056418,2523,0.178755,174,0,No fault,-44.00
2026-08-12T10:50:39.006,1786524639.006977,3.290641,1,2500,5.000000,549,2500,0x03,left,246.620619,2434,0.143590,174,0,No fault,0x04,right,386.605465,2255,0.225641,174,0,No fault,179.00
2026-08-12T10:50:39.012,1786524639.012318,3.295986,1,2500,5.000000,550,2500,0x03,left,247.213589,2389,0.126007,172,0,No fault,0x04,right,387.198435,2166,0.172894,175,0,No fault,223.00
2026-08-12T10:50:39.017,1786524639.017666,3.301337,1,2500,5.000000,551,2500,0x03,left,247.806559,2300,0.190476,172,0,No fault,0x04,right,387.791405,2434,0.208059,174,0,No fault,-134.00
2026-08-12T10:50:39.023,1786524639.023004,3.306668,1,2500,5.000000,552,2500,0x03,left,248.399529,2255,0.202198,173,0,No fault,0x04,right,388.384375,2479,0.196337,174,0,No fault,-224.00
2026-08-12T10:50:39.028,1786524639.028335,3.311996,1,2500,5.000000,553,2500,0x03,left,249.563507,2389,0.114286,173,0,No fault,0x04,right,388.977345,2345,0.161172,175,0,No fault,44.00
2026-08-12T10:50:39.033,1786524639.033658,3.317320,1,2500,5.000000,554,2500,0x03,left,250.156477,2479,0.137729,174,0,No fault,0x04,right,389.570315,2255,0.149451,176,0,No fault,224.00
2026-08-12T10:50:39.039,1786524639.039079,3.322741,1,2500,5.000000,555,2500,0x03,left,250.749447,2300,0.120147,173,0,No fault,0x04,right,390.141323,2523,0.208059,175,0,No fault,-223.00
2026-08-12T10:50:39.044,1786524639.044392,3.328065,1,2500,5.000000,556,2500,0x03,left,251.320455,2121,0.184615,169,0,No fault,0x04,right,390.734293,2479,0.161172,175,0,No fault,-358.00
2026-08-12T10:50:39.049,1786524639.049741,3.333402,1,2500,5.000000,557,2500,0x03,left,251.913425,2613,0.126007,173,0,No fault,0x04,right,391.327263,2345,0.137729,173,0,No fault,268.00
2026-08-12T10:50:39.055,1786524639.055071,3.338731,1,2500,5.000000,558,2500,0x03,left,252.506395,2613,0.114286,172,0,No fault,0x04,right,391.920233,2345,0.190476,177,0,No fault,268.00
2026-08-12T10:50:39.060,1786524639.060388,3.344047,1,2500,5.000000,559,2500,0x03,left,253.121327,2523,0.084982,173,0,No fault,0x04,right,392.491241,2434,0.161172,175,0,No fault,89.00
2026-08-12T10:50:39.065,1786524639.065747,3.349418,1,2500,5.000000,560,2500,0x03,left,253.692335,2345,0.114286,172,0,No fault,0x04,right,393.084211,2300,0.184615,174,0,No fault,45.00
2026-08-12T10:50:39.071,1786524639.071131,3.354794,1,2500,5.000000,561,2500,0x03,left,254.263343,2300,0.172894,173,0,No fault,0x04,right,393.677181,2568,0.167033,174,0,No fault,-268.00
2026-08-12T10:50:39.076,1786524639.076536,3.360223,1,2500,5.000000,562,2500,0x03,left,254.856313,2523,0.143590,173,0,No fault,0x04,right,394.248189,2300,0.120147,175,0,No fault,223.00
2026-08-12T10:50:39.082,1786524639.082030,3.365712,1,2500,5.000000,563,2500,0x03,left,255.471245,2613,0.073260,172,0,No fault,0x04,right,394.841159,2345,0.161172,174,0,No fault,268.00
2026-08-12T10:50:39.087,1786524639.087552,3.371218,1,2500,5.000000,564,2500,0x03,left,256.064215,2389,0.149451,173,0,No fault,0x04,right,395.456091,2613,0.184615,174,0,No fault,-224.00
2026-08-12T10:50:39.092,1786524639.092909,3.376570,1,2500,5.000000,565,2500,0x03,left,256.635223,2479,0.161172,172,0,No fault,0x04,right,396.663993,2389,0.178755,173,0,No fault,90.00
2026-08-12T10:50:39.098,1786524639.098229,3.381887,1,2500,5.000000,566,2500,0x03,left,257.228193,2434,0.131868,173,0,No fault,0x04,right,397.235001,2523,0.131868,174,0,No fault,-89.00
2026-08-12T10:50:39.103,1786524639.103648,3.387303,1,2500,5.000000,567,2500,0x03,left,259.007103,2300,0.149451,172,0,No fault,0x04,right,397.806009,2479,0.202198,175,0,No fault,-179.00
2026-08-12T10:50:39.108,1786524639.108882,3.392540,1,2500,5.000000,568,2500,0x03,left,259.622035,2211,0.178755,172,0,No fault,0x04,right,398.377017,2613,0.196337,176,0,No fault,-402.00
2026-08-12T10:50:39.114,1786524639.114116,3.397772,1,2500,5.000000,569,2500,0x03,left,260.193043,2434,0.155311,174,0,No fault,0x04,right,398.969987,2345,0.167033,174,0,No fault,89.00
2026-08-12T10:50:39.119,1786524639.119454,3.403133,1,2500,5.000000,570,2500,0x03,left,289.512116,2345,0.184615,174,0,No fault,0x04,right,399.540995,2255,0.120147,175,0,No fault,90.00
2026-08-12T10:50:39.124,1786524639.124869,3.408539,1,2500,5.000000,571,2500,0x03,left,260.786013,2434,0.131868,174,0,No fault,0x04,right,400.133965,2255,0.167033,173,0,No fault,179.00
2026-08-12T10:50:39.130,1786524639.130213,3.413896,1,2500,5.000000,572,2500,0x03,left,261.378983,2211,0.155311,173,0,No fault,0x04,right,400.726935,2434,0.208059,174,0,No fault,-223.00
2026-08-12T10:50:39.135,1786524639.135575,3.419240,1,2500,5.000000,573,2500,0x03,left,263.026122,2211,0.167033,171,0,No fault,0x04,right,401.319905,2389,0.155311,175,0,No fault,-178.00
2026-08-12T10:50:39.140,1786524639.140899,3.424568,1,2500,5.000000,574,2500,0x03,left,263.333588,2300,0.202198,171,0,No fault,0x04,right,401.912875,2255,0.219780,170,0,No fault,45.00
2026-08-12T10:50:39.146,1786524639.146195,3.429859,1,2500,5.000000,575,2500,0x03,left,263.641054,2479,0.143590,173,0,No fault,0x04,right,402.505845,2523,0.143590,174,0,No fault,-44.00
2026-08-12T10:50:39.151,1786524639.151610,3.435270,1,2500,5.000000,576,2500,0x03,left,264.234024,2255,0.155311,173,0,No fault,0x04,right,403.076854,2300,0.161172,174,0,No fault,-45.00
2026-08-12T10:50:39.161,1786524639.161978,3.445643,1,2500,5.000000,577,2500,0x03,left,265.419964,2434,0.161172,171,0,No fault,0x04,right,403.647862,2434,0.231502,175,0,No fault,0.00
2026-08-12T10:50:39.167,1786524639.167376,3.451060,1,2500,5.000000,578,2500,0x03,left,265.990972,2255,0.202198,173,0,No fault,0x04,right,405.207153,2345,0.225641,173,0,No fault,-90.00
2026-08-12T10:50:39.172,1786524639.172735,3.456394,1,2500,5.000000,579,2500,0x03,left,266.583942,2345,0.178755,173,0,No fault,0x04,right,405.558543,2389,0.190476,176,0,No fault,-44.00
2026-08-12T10:50:39.178,1786524639.178055,3.461715,1,2500,5.000000,580,2500,0x03,left,267.176912,2389,0.137729,173,0,No fault,0x04,right,406.129551,2300,0.172894,175,0,No fault,89.00
2026-08-12T10:50:39.189,1786524639.189638,3.473312,1,2500,5.000000,581,2500,0x03,left,268.362852,2434,0.172894,177,0,No fault,0x04,right,407.293529,2345,0.202198,174,0,No fault,89.00
2026-08-12T10:50:39.195,1786524639.195010,3.478677,1,2500,5.000000,582,2500,0x03,left,268.933861,2389,0.178755,172,0,No fault,0x04,right,407.886499,2389,0.213919,175,0,No fault,0.00
2026-08-12T10:50:39.200,1786524639.200368,3.484029,1,2500,5.000000,583,2500,0x03,left,269.526831,2389,0.143590,173,0,No fault,0x04,right,408.457507,2702,0.202198,174,0,No fault,-313.00
2026-08-12T10:50:39.205,1786524639.205699,3.489365,1,2500,5.000000,584,2500,0x03,left,270.119801,2523,0.178755,172,0,No fault,0x04,right,409.028516,2434,0.202198,173,0,No fault,89.00
2026-08-12T10:50:39.211,1786524639.211065,3.494733,1,2500,5.000000,585,2500,0x03,left,270.712771,2389,0.143590,174,0,No fault,0x04,right,409.621486,2434,0.178755,174,0,No fault,-45.00
2026-08-12T10:50:39.216,1786524639.216499,3.500164,1,2500,5.000000,586,2500,0x03,left,271.283779,2345,0.178755,171,0,No fault,0x04,right,410.192494,2300,0.237363,174,0,No fault,45.00
2026-08-12T10:50:39.222,1786524639.222163,3.505824,1,2500,5.000000,587,2500,0x03,left,271.854787,2077,0.167033,171,0,No fault,0x04,right,411.356472,2389,0.178755,174,0,No fault,-312.00
2026-08-12T10:50:39.227,1786524639.227486,3.511157,1,2500,5.000000,588,2500,0x03,left,272.469719,2568,0.108425,174,0,No fault,0x04,right,411.927480,2300,0.249084,175,0,No fault,268.00
2026-08-12T10:50:39.232,1786524639.232842,3.516510,1,2500,5.000000,589,2500,0x03,left,273.062689,2479,0.161172,172,0,No fault,0x04,right,412.520450,2389,0.196337,177,0,No fault,90.00
2026-08-12T10:50:39.238,1786524639.238239,3.521915,1,2500,5.000000,590,2500,0x03,left,273.633697,2389,0.126007,173,0,No fault,0x04,right,413.113420,2613,0.190476,175,0,No fault,-224.00
2026-08-12T10:50:39.243,1786524639.243769,3.527443,1,2500,5.000000,591,2500,0x03,left,303.633587,2300,0.243223,174,0,No fault,0x04,right,413.706390,2613,0.167033,175,0,No fault,-313.00
2026-08-12T10:50:39.249,1786524639.249130,3.532795,1,2500,5.000000,592,2500,0x03,left,275.412607,2523,0.090842,173,0,No fault,0x04,right,414.277398,2479,0.161172,174,0,No fault,44.00
2026-08-12T10:50:39.254,1786524639.254556,3.538226,1,2500,5.000000,593,2500,0x03,left,276.005577,2479,0.149451,172,0,No fault,0x04,right,414.848406,2077,0.213919,172,0,No fault,402.00
2026-08-12T10:50:39.259,1786524639.259887,3.543566,1,2500,5.000000,594,2500,0x03,left,276.576585,2300,0.149451,172,0,No fault,0x04,right,415.441376,2434,0.184615,176,0,No fault,-134.00
2026-08-12T10:50:39.265,1786524639.265320,3.548986,1,2500,5.000000,595,2500,0x03,left,277.169555,2345,0.161172,171,0,No fault,0x04,right,416.012385,2300,0.202198,174,0,No fault,45.00
2026-08-12T10:50:39.270,1786524639.270726,3.554397,1,2500,5.000000,596,2500,0x03,left,277.762525,2613,0.202198,174,0,No fault,0x04,right,416.605355,2345,0.178755,174,0,No fault,268.00
2026-08-12T10:50:39.276,1786524639.276097,3.559762,1,2500,5.000000,597,2500,0x03,left,278.333533,2479,0.137729,173,0,No fault,0x04,right,417.198325,2479,0.149451,176,0,No fault,0.00
2026-08-12T10:50:39.281,1786524639.281435,3.565145,1,2500,5.000000,598,2500,0x03,left,278.926503,2434,0.143590,172,0,No fault,0x04,right,417.791295,2345,0.208059,171,0,No fault,89.00
2026-08-12T10:50:39.286,1786524639.286817,3.570476,1,2500,5.000000,599,2500,0x03,left,279.519473,2523,0.225641,175,0,No fault,0x04,right,418.362303,2389,0.184615,175,0,No fault,134.00
2026-08-12T10:50:39.292,1786524639.292263,3.575922,1,2500,5.000000,600,2500,0x03,left,280.090482,2211,0.208059,173,0,No fault,0x04,right,418.955273,2479,0.172894,174,0,No fault,-268.00
2026-08-12T10:50:39.297,1786524639.297599,3.581276,1,2500,5.000000,601,2500,0x03,left,280.661490,2077,0.120147,173,0,No fault,0x04,right,419.526281,2345,0.155311,175,0,No fault,-268.00
2026-08-12T10:50:39.303,1786524639.303019,3.586683,1,2500,5.000000,602,2500,0x03,left,281.254460,2389,0.149451,173,0,No fault,0x04,right,420.119251,2211,0.237363,175,0,No fault,178.00
2026-08-12T10:50:39.308,1786524639.308400,3.592057,1,2500,5.000000,603,2500,0x03,left,310.068410,2345,0.190476,174,0,No fault,0x04,right,420.690259,2300,0.225641,175,0,No fault,45.00
2026-08-12T10:50:39.313,1786524639.313935,3.597599,1,2500,5.000000,604,2500,0x03,left,281.847430,2434,0.172894,173,0,No fault,0x04,right,421.854237,2568,0.225641,175,0,No fault,-134.00
2026-08-12T10:50:39.319,1786524639.319378,3.603083,1,2500,5.000000,605,2500,0x03,left,282.440400,2345,0.196337,173,0,No fault,0x04,right,422.425245,2121,0.172894,176,0,No fault,224.00
2026-08-12T10:50:39.324,1786524639.324937,3.608640,1,2500,5.000000,606,2500,0x03,left,283.011408,2434,0.213919,174,0,No fault,0x04,right,423.040177,2345,0.184615,176,0,No fault,89.00
2026-08-12T10:50:39.330,1786524639.330477,3.614173,1,2500,5.000000,607,2500,0x03,left,283.604378,2523,0.161172,173,0,No fault,0x04,right,423.699033,2389,0.208059,175,0,No fault,134.00
2026-08-12T10:50:39.341,1786524639.341599,3.625308,1,2500,5.000000,608,2500,0x03,left,284.768356,2255,0.202198,174,0,No fault,0x04,right,424.335927,2434,0.196337,174,0,No fault,-179.00
2026-08-12T10:50:39.347,1786524639.347342,3.631031,1,2500,5.000000,609,2500,0x03,left,286.305686,2255,0.172894,173,0,No fault,0x04,right,425.741485,2568,0.167033,175,0,No fault,-313.00
2026-08-12T10:50:39.358,1786524639.358047,3.641754,1,2500,5.000000,610,2500,0x03,left,286.942579,2434,0.114286,173,0,No fault,0x04,right,426.224646,2300,0.208059,175,0,No fault,134.00
2026-08-12T10:50:39.374,1786524639.374087,3.657760,1,2500,5.000000,611,2500,0x03,left,288.677566,2300,0.178755,173,0,No fault,0x04,right,428.860068,2300,0.202198,174,0,No fault,0.00
2026-08-12T10:50:39.379,1786524639.379448,3.663130,1,2500,5.000000,612,2500,0x03,left,289.270536,2166,0.108425,173,0,No fault,0x04,right,429.145572,2345,0.219780,175,0,No fault,-179.00
2026-08-12T10:50:39.395,1786524639.395030,3.678694,1,2500,5.000000,613,2500,0x03,left,290.456476,2434,0.143590,173,0,No fault,0x04,right,430.638978,2300,0.178755,174,0,No fault,134.00
2026-08-12T10:50:39.401,1786524639.401519,3.685186,1,2500,5.000000,614,2500,0x03,left,291.049446,2613,0.225641,173,0,No fault,0x04,right,431.802956,2389,0.167033,175,0,No fault,224.00
2026-08-12T10:50:39.406,1786524639.406881,3.690542,1,2500,5.000000,615,2500,0x03,left,291.620454,2255,0.161172,173,0,No fault,0x04,right,432.395926,2300,0.202198,174,0,No fault,-45.00
2026-08-12T10:50:39.412,1786524639.412274,3.695931,1,2500,5.000000,616,2500,0x03,left,292.806394,2434,0.137729,174,0,No fault,0x04,right,432.988896,2300,0.155311,174,0,No fault,134.00
2026-08-12T10:50:39.417,1786524639.417556,3.701214,1,2500,5.000000,617,2500,0x03,left,293.399364,2345,0.155311,174,0,No fault,0x04,right,433.581866,2389,0.190476,172,0,No fault,-44.00
2026-08-12T10:50:39.422,1786524639.422821,3.706478,1,2500,5.000000,618,2500,0x03,left,293.992334,2389,0.161172,173,0,No fault,0x04,right,434.152874,2300,0.155311,175,0,No fault,89.00
2026-08-12T10:50:39.428,1786524639.428120,3.711791,1,2500,5.000000,619,2500,0x03,left,294.585304,2568,0.137729,168,0,No fault,0x04,right,434.767806,2300,0.190476,175,0,No fault,268.00
2026-08-12T10:50:39.433,1786524639.433507,3.717162,1,2500,5.000000,620,2500,0x03,left,295.178274,2434,0.096703,173,0,No fault,0x04,right,435.338814,2523,0.167033,174,0,No fault,-89.00
2026-08-12T10:50:39.438,1786524639.438764,3.722415,1,2500,5.000000,621,2500,0x03,left,324.102033,2434,0.202198,173,0,No fault,0x04,right,435.909823,2568,0.178755,174,0,No fault,-134.00
2026-08-12T10:50:39.444,1786524639.444118,3.727769,1,2500,5.000000,622,2500,0x03,left,295.771244,2389,0.149451,176,0,No fault,0x04,right,436.480831,2345,0.178755,176,0,No fault,44.00
2026-08-12T10:50:39.449,1786524639.449352,3.733002,1,2500,5.000000,623,2500,0x03,left,296.364214,2479,0.172894,173,0,No fault,0x04,right,437.051839,2255,0.184615,174,0,No fault,224.00
2026-08-12T10:50:39.454,1786524639.454643,3.738319,1,2500,5.000000,624,2500,0x03,left,296.957184,2345,0.172894,175,0,No fault,0x04,right,437.666771,2523,0.208059,175,0,No fault,-178.00
2026-08-12T10:50:39.460,1786524639.460040,3.743691,1,2500,5.000000,625,2500,0x03,left,297.572116,2434,0.137729,173,0,No fault,0x04,right,438.237779,2479,0.219780,175,0,No fault,-45.00
2026-08-12T10:50:39.465,1786524639.465272,3.748920,1,2500,5.000000,626,2500,0x03,left,298.121162,2300,0.114286,172,0,No fault,0x04,right,438.808787,2345,0.213919,174,0,No fault,-45.00
2026-08-12T10:50:39.470,1786524639.470543,3.754203,1,2500,5.000000,627,2500,0x03,left,298.736094,2523,0.126007,172,0,No fault,0x04,right,439.401757,2479,0.167033,174,0,No fault,44.00
2026-08-12T10:50:39.475,1786524639.475873,3.759535,1,2500,5.000000,628,2500,0x03,left,299.307102,2434,0.167033,174,0,No fault,0x04,right,439.972765,2166,0.196337,176,0,No fault,268.00
2026-08-12T10:50:39.481,1786524639.481168,3.764818,1,2500,5.000000,629,2500,0x03,left,299.878110,2211,0.202198,173,0,No fault,0x04,right,440.565735,2255,0.213919,174,0,No fault,-44.00
2026-08-12T10:50:39.486,1786524639.486399,3.770046,1,2500,5.000000,630,2500,0x03,left,300.449118,2255,0.167033,173,0,No fault,0x04,right,441.158705,2389,0.202198,176,0,No fault,-134.00
2026-08-12T10:50:39.491,1786524639.491681,3.775347,1,2500,5.000000,631,2500,0x03,left,301.042088,2300,0.131868,173,0,No fault,0x04,right,441.729713,2255,0.208059,175,0,No fault,45.00
2026-08-12T10:50:39.497,1786524639.497056,3.780721,1,2500,5.000000,632,2500,0x03,left,301.635059,2434,0.184615,173,0,No fault,0x04,right,442.322683,2657,0.172894,174,0,No fault,-223.00
2026-08-12T10:50:39.502,1786524639.502402,3.786062,1,2500,5.000000,633,2500,0x03,left,302.228029,2345,0.161172,173,0,No fault,0x04,right,442.893692,2121,0.190476,175,0,No fault,224.00
2026-08-12T10:50:39.507,1786524639.507694,3.791347,1,2500,5.000000,634,2500,0x03,left,302.799037,2345,0.254945,172,0,No fault,0x04,right,443.464700,2121,0.272527,175,0,No fault,224.00
2026-08-12T10:50:39.513,1786524639.513184,3.796856,1,2500,5.000000,635,2500,0x03,left,303.370045,2166,0.202198,171,0,No fault,0x04,right,444.079632,2300,0.155311,174,0,No fault,-134.00
2026-08-12T10:50:39.518,1786524639.518757,3.802416,1,2500,5.000000,636,2500,0x03,left,303.963015,2389,0.155311,173,0,No fault,0x04,right,445.243610,2389,0.219780,174,0,No fault,0.00
2026-08-12T10:50:39.524,1786524639.524035,3.807695,1,2500,5.000000,637,2500,0x03,left,304.555985,2300,0.184615,173,0,No fault,0x04,right,445.836580,2434,0.167033,174,0,No fault,-134.00
2026-08-12T10:50:39.529,1786524639.529434,3.813111,1,2500,5.000000,638,2500,0x03,left,305.148955,2389,0.190476,173,0,No fault,0x04,right,446.407588,2300,0.284249,174,0,No fault,89.00
2026-08-12T10:50:39.534,1786524639.534781,3.818454,1,2500,5.000000,639,2500,0x03,left,305.719963,2255,0.202198,172,0,No fault,0x04,right,447.022520,2657,0.178755,172,0,No fault,-402.00
2026-08-12T10:50:39.540,1786524639.540174,3.823837,1,2500,5.000000,640,2500,0x03,left,306.883941,2345,0.120147,175,0,No fault,0x04,right,447.615490,2568,0.184615,174,0,No fault,-223.00
2026-08-12T10:50:39.545,1786524639.545530,3.829200,1,2500,5.000000,641,2500,0x03,left,307.476911,2434,0.149451,177,0,No fault,0x04,right,448.164536,2345,0.208059,174,0,No fault,89.00
2026-08-12T10:50:39.550,1786524639.550889,3.834559,1,2500,5.000000,642,2500,0x03,left,308.047919,2300,0.208059,172,0,No fault,0x04,right,448.757506,2479,0.202198,174,0,No fault,-179.00
2026-08-12T10:50:39.556,1786524639.556256,3.839917,1,2500,5.000000,643,2500,0x03,left,309.651135,2300,0.137729,173,0,No fault,0x04,right,449.350476,2300,0.161172,175,0,No fault,0.00
2026-08-12T10:50:39.571,1786524639.571924,3.855581,1,2500,5.000000,644,2500,0x03,left,310.880998,2613,0.167033,172,0,No fault,0x04,right,449.921484,2345,0.155311,176,0,No fault,268.00
2026-08-12T10:50:39.577,1786524639.577234,3.860898,1,2500,5.000000,645,2500,0x03,left,311.452006,2389,0.178755,172,0,No fault,0x04,right,452.051784,2300,0.196337,173,0,No fault,89.00
2026-08-12T10:50:39.592,1786524639.592801,3.876464,1,2500,5.000000,646,2500,0x03,left,312.044976,2300,0.102564,173,0,No fault,0x04,right,453.567152,2479,0.213919,174,0,No fault,-179.00
2026-08-12T10:50:39.598,1786524639.598109,3.881766,1,2500,5.000000,647,2500,0x03,left,313.230916,2434,0.131868,173,0,No fault,0x04,right,454.138160,2345,0.155311,175,0,No fault,89.00
2026-08-12T10:50:39.603,1786524639.603372,3.887042,1,2500,5.000000,648,2500,0x03,left,313.823886,2613,0.137729,173,0,No fault,0x04,right,454.731130,2479,0.143590,174,0,No fault,134.00
2026-08-12T10:50:39.608,1786524639.608708,3.892377,1,2500,5.000000,649,2500,0x03,left,314.394895,2300,0.172894,173,0,No fault,0x04,right,455.302138,2479,0.184615,176,0,No fault,-179.00
2026-08-12T10:50:39.614,1786524639.614052,3.897715,1,2500,5.000000,650,2500,0x03,left,315.009826,2613,0.096703,173,0,No fault,0x04,right,455.895108,2211,0.155311,175,0,No fault,402.00
2026-08-12T10:50:39.619,1786524639.619353,3.903009,1,2500,5.000000,651,2500,0x03,left,315.580835,2300,0.055678,173,0,No fault,0x04,right,456.488078,2345,0.213919,174,0,No fault,-45.00
2026-08-12T10:50:39.624,1786524639.624742,3.908426,1,2500,5.000000,652,2500,0x03,left,316.173805,2345,0.167033,169,0,No fault,0x04,right,457.081048,2657,0.155311,174,0,No fault,-312.00
2026-08-12T10:50:39.630,1786524639.630181,3.913871,1,2500,5.000000,653,2500,0x03,left,316.744813,2255,0.143590,173,0,No fault,0x04,right,457.652056,2300,0.190476,174,0,No fault,-45.00
2026-08-12T10:50:39.635,1786524639.635608,3.919280,1,2500,5.000000,654,2500,0x03,left,317.337783,2389,0.131868,173,0,No fault,0x04,right,458.245026,2255,0.172894,177,0,No fault,134.00
2026-08-12T10:50:39.641,1786524639.641009,3.924680,1,2500,5.000000,655,2500,0x03,left,317.930753,2523,0.108425,173,0,No fault,0x04,right,458.837996,2479,0.184615,176,0,No fault,44.00
2026-08-12T10:50:39.646,1786524639.646358,3.930028,1,2500,5.000000,656,2500,0x03,left,318.523723,2389,0.102564,172,0,No fault,0x04,right,459.409004,2345,0.149451,174,0,No fault,44.00
2026-08-12T10:50:39.651,1786524639.651697,3.935362,1,2500,5.000000,657,2500,0x03,left,319.116693,2389,0.178755,173,0,No fault,0x04,right,460.001974,2255,0.172894,175,0,No fault,134.00
2026-08-12T10:50:39.657,1786524639.657166,3.940881,1,2500,5.000000,658,2500,0x03,left,319.687701,2434,0.190476,174,0,No fault,0x04,right,460.594944,2479,0.202198,175,0,No fault,-45.00
2026-08-12T10:50:39.662,1786524639.662970,3.946641,1,2500,5.000000,659,2500,0x03,left,320.302633,2389,0.167033,172,0,No fault,0x04,right,461.736961,2077,0.208059,175,0,No fault,312.00
2026-08-12T10:50:39.668,1786524639.668424,3.952105,1,2500,5.000000,660,2500,0x03,left,321.488573,2657,0.172894,173,0,No fault,0x04,right,462.351893,2345,0.172894,175,0,No fault,312.00
2026-08-12T10:50:39.673,1786524639.673821,3.957488,1,2500,5.000000,661,2500,0x03,left,322.059581,2389,0.167033,173,0,No fault,0x04,right,462.944863,2255,0.167033,174,0,No fault,134.00
2026-08-12T10:50:39.679,1786524639.679166,3.962831,1,2500,5.000000,662,2500,0x03,left,322.652551,2434,0.178755,173,0,No fault,0x04,right,463.515871,2523,0.225641,174,0,No fault,-89.00
2026-08-12T10:50:39.684,1786524639.684471,3.968136,1,2500,5.000000,663,2500,0x03,left,323.223559,2389,0.196337,173,0,No fault,0x04,right,464.108841,2389,0.167033,174,0,No fault,0.00
2026-08-12T10:50:39.689,1786524639.689802,3.973476,1,2500,5.000000,664,2500,0x03,left,323.816529,2702,0.155311,172,0,No fault,0x04,right,464.679849,2211,0.196337,173,0,No fault,491.00
2026-08-12T10:50:39.695,1786524639.695150,3.978819,1,2500,5.000000,665,2500,0x03,left,324.409499,2345,0.155311,172,0,No fault,0x04,right,465.272819,2345,0.190476,174,0,No fault,0.00
2026-08-12T10:50:39.700,1786524639.700602,3.984266,1,2500,5.000000,666,2500,0x03,left,324.980507,2479,0.202198,173,0,No fault,0x04,right,465.843827,2255,0.237363,174,0,No fault,224.00
2026-08-12T10:50:39.705,1786524639.705947,3.989615,1,2500,5.000000,667,2500,0x03,left,325.573477,2300,0.190476,174,0,No fault,0x04,right,466.436797,2300,0.213919,176,0,No fault,0.00
2026-08-12T10:50:39.711,1786524639.711284,3.994950,1,2500,5.000000,668,2500,0x03,left,326.144486,2300,0.219780,173,0,No fault,0x04,right,467.007805,2300,0.184615,174,0,No fault,0.00
2026-08-12T10:50:39.716,1786524639.716587,4.000251,1,2500,5.000000,669,2500,0x03,left,326.737456,2613,0.131868,173,0,No fault,0x04,right,467.600775,2300,0.178755,174,0,No fault,313.00
2026-08-12T10:50:39.721,1786524639.721923,4.005591,1,2500,5.000000,670,2500,0x03,left,327.352387,2568,0.120147,174,0,No fault,0x04,right,468.171783,2255,0.178755,174,0,No fault,313.00
2026-08-12T10:50:39.727,1786524639.727287,4.010959,1,2500,5.000000,671,2500,0x03,left,327.923396,2345,0.231502,173,0,No fault,0x04,right,468.764753,2523,0.208059,173,0,No fault,-178.00
2026-08-12T10:50:39.732,1786524639.732656,4.016325,1,2500,5.000000,672,2500,0x03,left,328.494404,2077,0.190476,175,0,No fault,0x04,right,469.357723,2389,0.172894,174,0,No fault,-312.00
2026-08-12T10:50:39.738,1786524639.738049,4.021712,1,2500,5.000000,673,2500,0x03,left,329.087374,2211,0.155311,173,0,No fault,0x04,right,469.950693,2657,0.208059,176,0,No fault,-446.00
2026-08-12T10:50:39.743,1786524639.743387,4.027050,1,2500,5.000000,674,2500,0x03,left,329.680344,2300,0.126007,173,0,No fault,0x04,right,470.521702,2211,0.202198,176,0,No fault,89.00
2026-08-12T10:50:39.748,1786524639.748715,4.032388,1,2500,5.000000,675,2500,0x03,left,330.273314,2345,0.126007,172,0,No fault,0x04,right,471.114672,2434,0.184615,174,0,No fault,-89.00
2026-08-12T10:50:39.754,1786524639.754081,4.037747,1,2500,5.000000,676,2500,0x03,left,359.087264,2255,0.184615,175,0,No fault,0x04,right,471.707642,2613,0.225641,174,0,No fault,-358.00
2026-08-12T10:50:39.759,1786524639.759644,4.043307,1,2500,5.000000,677,2500,0x03,left,330.844322,2345,0.137729,173,0,No fault,0x04,right,472.278650,2345,0.178755,175,0,No fault,0.00
2026-08-12T10:50:39.775,1786524639.775447,4.059117,1,2500,5.000000,678,2500,0x03,left,333.347973,2479,0.184615,172,0,No fault,0x04,right,474.826225,2300,0.213919,174,0,No fault,179.00
2026-08-12T10:50:39.780,1786524639.780991,4.064678,1,2500,5.000000,679,2500,0x03,left,334.270371,2389,0.137729,172,0,No fault,0x04,right,475.133691,2345,0.202198,175,0,No fault,44.00
2026-08-12T10:50:39.796,1786524639.796978,4.080634,1,2500,5.000000,680,2500,0x03,left,334.863341,2523,0.149451,172,0,No fault,0x04,right,476.627097,2613,0.178755,175,0,No fault,-90.00
2026-08-12T10:50:39.802,1786524639.802239,4.085911,1,2500,5.000000,681,2500,0x03,left,336.027319,2211,0.143590,172,0,No fault,0x04,right,477.198105,2345,0.143590,173,0,No fault,-134.00
2026-08-12T10:50:39.807,1786524639.807681,4.091349,1,2500,5.000000,682,2500,0x03,left,336.642251,2345,0.184615,174,0,No fault,0x04,right,477.769113,2300,0.196337,175,0,No fault,45.00
2026-08-12T10:50:39.813,1786524639.813020,4.096685,1,2500,5.000000,683,2500,0x03,left,337.213259,2389,0.178755,173,0,No fault,0x04,right,478.955053,2434,0.161172,174,0,No fault,-45.00
2026-08-12T10:50:39.818,1786524639.818344,4.102007,1,2500,5.000000,684,2500,0x03,left,337.806229,2389,0.149451,174,0,No fault,0x04,right,479.548023,2300,0.143590,176,0,No fault,89.00
2026-08-12T10:50:39.823,1786524639.823662,4.107329,1,2500,5.000000,685,2500,0x03,left,338.377237,2389,0.126007,173,0,No fault,0x04,right,480.119031,2345,0.184615,174,0,No fault,44.00
2026-08-12T10:50:39.829,1786524639.829021,4.112686,1,2500,5.000000,686,2500,0x03,left,338.970207,2345,0.155311,173,0,No fault,0x04,right,480.712001,2345,0.190476,175,0,No fault,0.00
2026-08-12T10:50:39.834,1786524639.834351,4.118021,1,2500,5.000000,687,2500,0x03,left,339.563177,2389,0.202198,176,0,No fault,0x04,right,481.304971,2255,0.172894,175,0,No fault,134.00
2026-08-12T10:50:39.840,1786524639.840959,4.124629,1,2500,5.000000,688,2500,0x03,left,340.134185,2434,0.225641,175,0,No fault,0x04,right,481.875979,2345,0.219780,174,0,No fault,89.00
2026-08-12T10:50:39.846,1786524639.846307,4.129963,1,2500,5.000000,689,2500,0x03,left,340.727155,2568,0.137729,173,0,No fault,0x04,right,482.446987,2211,0.172894,174,0,No fault,357.00
2026-08-12T10:50:39.851,1786524639.851608,4.135316,1,2500,5.000000,690,2500,0x03,left,341.298164,2121,0.131868,173,0,No fault,0x04,right,483.039957,2345,0.213919,175,0,No fault,-224.00
2026-08-12T10:50:39.856,1786524639.856994,4.140664,1,2500,5.000000,691,2500,0x03,left,341.913095,2434,0.202198,172,0,No fault,0x04,right,483.610966,2166,0.190476,176,0,No fault,268.00
2026-08-12T10:50:39.862,1786524639.862418,4.146083,1,2500,5.000000,692,2500,0x03,left,342.484104,2389,0.213919,172,0,No fault,0x04,right,484.203936,2389,0.196337,176,0,No fault,0.00
2026-08-12T10:50:39.867,1786524639.867785,4.151457,1,2500,5.000000,693,2500,0x03,left,343.099035,2389,0.208059,173,0,No fault,0x04,right,484.796906,2434,0.196337,174,0,No fault,-45.00
2026-08-12T10:50:39.873,1786524639.873416,4.157139,1,2500,5.000000,694,2500,0x03,left,373.120887,2166,0.219780,174,0,No fault,0x04,right,485.367914,2434,0.178755,173,0,No fault,-268.00
2026-08-12T10:50:39.878,1786524639.878840,4.162507,1,2500,5.000000,695,2500,0x03,left,344.855984,2479,0.213919,172,0,No fault,0x04,right,485.960884,2255,0.161172,176,0,No fault,224.00
2026-08-12T10:50:39.884,1786524639.884286,4.167958,1,2500,5.000000,696,2500,0x03,left,345.448954,2211,0.184615,173,0,No fault,0x04,right,486.553854,2523,0.190476,174,0,No fault,-312.00
2026-08-12T10:50:39.889,1786524639.889737,4.173406,1,2500,5.000000,697,2500,0x03,left,346.019962,2255,0.219780,170,0,No fault,0x04,right,487.124862,2166,0.167033,176,0,No fault,89.00
2026-08-12T10:50:39.895,1786524639.895139,4.178803,1,2500,5.000000,698,2500,0x03,left,346.612932,2523,0.120147,173,0,No fault,0x04,right,488.288840,2121,0.213919,174,0,No fault,402.00
2026-08-12T10:50:39.900,1786524639.900477,4.184144,1,2500,5.000000,699,2500,0x03,left,347.205902,2568,0.120147,173,0,No fault,0x04,right,488.903772,2568,0.172894,175,0,No fault,0.00
2026-08-12T10:50:39.905,1786524639.905802,4.189459,1,2500,5.000000,700,2500,0x03,left,347.776910,2389,0.190476,171,0,No fault,0x04,right,489.474780,2389,0.184615,174,0,No fault,0.00
2026-08-12T10:50:39.911,1786524639.911092,4.194752,1,2500,5.000000,701,2500,0x03,left,348.347918,2211,0.196337,173,0,No fault,0x04,right,490.067750,2389,0.178755,174,0,No fault,-178.00
2026-08-12T10:50:39.916,1786524639.916420,4.200080,1,2500,5.000000,702,2500,0x03,left,348.962850,2523,0.155311,173,0,No fault,0x04,right,490.638758,2255,0.190476,174,0,No fault,268.00
2026-08-12T10:50:39.922,1786524639.922580,4.206234,1,2500,5.000000,703,2500,0x03,left,349.533858,2345,0.102564,174,0,No fault,0x04,right,491.253690,2300,0.143590,174,0,No fault,45.00
2026-08-12T10:50:39.928,1786524639.928104,4.211765,1,2500,5.000000,704,2500,0x03,left,350.126828,2389,0.131868,171,0,No fault,0x04,right,491.846660,2434,0.167033,174,0,No fault,-45.00
2026-08-12T10:50:39.934,1786524639.934293,4.217956,1,2500,5.000000,705,2500,0x03,left,351.312768,2479,0.190476,172,0,No fault,0x04,right,492.417668,2345,0.190476,174,0,No fault,134.00
2026-08-12T10:50:39.940,1786524639.940863,4.224516,1,2500,5.000000,706,2500,0x03,left,380.126718,2300,0.196337,174,0,No fault,0x04,right,493.603608,2479,0.208059,175,0,No fault,-179.00
2026-08-12T10:50:39.946,1786524639.946166,4.229827,1,2500,5.000000,707,2500,0x03,left,351.883776,2434,0.137729,175,0,No fault,0x04,right,494.174616,2613,0.155311,174,0,No fault,-179.00
2026-08-12T10:50:39.951,1786524639.951478,4.235135,1,2500,5.000000,708,2500,0x03,left,352.476746,2613,0.079121,174,0,No fault,0x04,right,494.767586,2479,0.202198,176,0,No fault,134.00
2026-08-12T10:50:39.956,1786524639.956780,4.240439,1,2500,5.000000,709,2500,0x03,left,353.684648,2747,0.149451,172,0,No fault,0x04,right,495.360556,2389,0.167033,174,0,No fault,358.00
2026-08-12T10:50:39.972,1786524639.972672,4.256329,1,2500,5.000000,710,2500,0x03,left,354.870588,2568,0.143590,170,0,No fault,0x04,right,495.931565,2434,0.184615,174,0,No fault,134.00
2026-08-12T10:50:39.978,1786524639.978007,4.261659,1,2500,5.000000,711,2500,0x03,left,356.517727,2434,0.155311,172,0,No fault,0x04,right,497.995979,2479,0.196337,174,0,No fault,-45.00
2026-08-12T10:50:39.983,1786524639.983274,4.266940,1,2500,5.000000,712,2500,0x03,left,356.803231,2255,0.155311,172,0,No fault,0x04,right,498.281483,2166,0.225641,174,0,No fault,89.00
2026-08-12T10:50:39.988,1786524639.988604,4.272259,1,2500,5.000000,713,2500,0x03,left,357.198544,2389,0.167033,174,0,No fault,0x04,right,498.896415,2479,0.190476,175,0,No fault,-90.00
2026-08-12T10:50:40.004,1786524640.004279,4.287944,1,2500,5.000000,714,2500,0x03,left,358.406446,2568,0.090842,173,0,No fault,0x04,right,500.631401,2434,0.219780,178,0,No fault,134.00
2026-08-12T10:50:40.009,1786524640.009666,4.293325,1,2500,5.000000,715,2500,0x03,left,358.999416,2479,0.172894,173,0,No fault,0x04,right,501.246333,2702,0.184615,174,0,No fault,-223.00
2026-08-12T10:50:40.015,1786524640.015095,4.298757,1,2500,5.000000,716,2500,0x03,left,360.163395,2300,0.190476,174,0,No fault,0x04,right,501.795379,2211,0.249084,174,0,No fault,89.00
2026-08-12T10:50:40.020,1786524640.020403,4.304061,1,2500,5.000000,717,2500,0x03,left,360.734403,2300,0.120147,173,0,No fault,0x04,right,502.388349,2434,0.155311,176,0,No fault,-134.00
2026-08-12T10:50:40.025,1786524640.025685,4.309341,1,2500,5.000000,718,2500,0x03,left,361.349335,2345,0.143590,173,0,No fault,0x04,right,502.981319,2479,0.196337,171,0,No fault,-134.00
2026-08-12T10:50:40.030,1786524640.030967,4.314630,1,2500,5.000000,719,2500,0x03,left,390.141323,2523,0.208059,175,0,No fault,0x04,right,503.552327,2523,0.249084,176,0,No fault,0.00
2026-08-12T10:50:40.036,1786524640.036277,4.319938,1,2500,5.000000,720,2500,0x03,left,361.920343,2345,0.178755,174,0,No fault,0x04,right,504.145297,2479,0.178755,175,0,No fault,-134.00
2026-08-12T10:50:40.041,1786524640.041563,4.325221,1,2500,5.000000,721,2500,0x03,left,362.513313,2300,0.190476,172,0,No fault,0x04,right,504.716305,2166,0.219780,174,0,No fault,134.00
2026-08-12T10:50:40.046,1786524640.046844,4.330501,1,2500,5.000000,722,2500,0x03,left,363.106283,2345,0.225641,173,0,No fault,0x04,right,505.309275,2434,0.190476,175,0,No fault,-89.00
2026-08-12T10:50:40.052,1786524640.052149,4.335828,1,2500,5.000000,723,2500,0x03,left,363.699253,2389,0.090842,175,0,No fault,0x04,right,505.880284,2255,0.178755,174,0,No fault,134.00
2026-08-12T10:50:40.057,1786524640.057511,4.341176,1,2500,5.000000,724,2500,0x03,left,364.292223,2211,0.149451,174,0,No fault,0x04,right,506.473254,2568,0.249084,176,0,No fault,-357.00
2026-08-12T10:50:40.062,1786524640.062807,4.346466,1,2500,5.000000,725,2500,0x03,left,364.885193,2345,0.208059,173,0,No fault,0x04,right,507.066224,2345,0.184615,175,0,No fault,0.00
2026-08-12T10:50:40.068,1786524640.068094,4.351748,1,2500,5.000000,726,2500,0x03,left,365.478163,2345,0.161172,172,0,No fault,0x04,right,507.637232,2345,0.161172,175,0,No fault,0.00
2026-08-12T10:50:40.073,1786524640.073375,4.357043,1,2500,5.000000,727,2500,0x03,left,366.049171,2345,0.213919,174,0,No fault,0x04,right,508.230202,2568,0.208059,174,0,No fault,-223.00
2026-08-12T10:50:40.078,1786524640.078719,4.362376,1,2500,5.000000,728,2500,0x03,left,366.620179,2166,0.114286,173,0,No fault,0x04,right,508.801210,2300,0.149451,176,0,No fault,-134.00
2026-08-12T10:50:40.084,1786524640.084135,4.367788,1,2500,5.000000,729,2500,0x03,left,367.213149,2300,0.114286,173,0,No fault,0x04,right,509.394180,2523,0.143590,174,0,No fault,-223.00
2026-08-12T10:50:40.089,1786524640.089480,4.373131,1,2500,5.000000,730,2500,0x03,left,367.828081,2523,0.196337,172,0,No fault,0x04,right,510.558158,2345,0.161172,175,0,No fault,178.00
2026-08-12T10:50:40.094,1786524640.094730,4.378397,1,2500,5.000000,731,2500,0x03,left,396.663993,2389,0.178755,173,0,No fault,0x04,right,511.151128,2255,0.137729,174,0,No fault,134.00
2026-08-12T10:50:40.100,1786524640.100034,4.383693,1,2500,5.000000,732,2500,0x03,left,368.992059,2345,0.161172,172,0,No fault,0x04,right,511.744098,2434,0.167033,174,0,No fault,-89.00
2026-08-12T10:50:40.105,1786524640.105433,4.389112,1,2500,5.000000,733,2500,0x03,left,369.585029,2434,0.102564,171,0,No fault,0x04,right,512.337068,2479,0.172894,174,0,No fault,-45.00
2026-08-12T10:50:40.110,1786524640.110737,4.394398,1,2500,5.000000,734,2500,0x03,left,370.177999,2434,0.126007,173,0,No fault,0x04,right,512.908076,2077,0.161172,176,0,No fault,357.00
2026-08-12T10:50:40.116,1786524640.116028,4.399686,1,2500,5.000000,735,2500,0x03,left,398.969987,2345,0.167033,174,0,No fault,0x04,right,513.501046,2300,0.184615,174,0,No fault,45.00
2026-08-12T10:50:40.121,1786524640.121307,4.404962,1,2500,5.000000,736,2500,0x03,left,370.770969,2166,0.149451,174,0,No fault,0x04,right,514.094016,2345,0.137729,176,0,No fault,-179.00
2026-08-12T10:50:40.126,1786524640.126621,4.410277,1,2500,5.000000,737,2500,0x03,left,371.363939,2523,0.178755,172,0,No fault,0x04,right,514.686986,2389,0.161172,177,0,No fault,134.00
2026-08-12T10:50:40.131,1786524640.131922,4.415588,1,2500,5.000000,738,2500,0x03,left,371.956909,2523,0.114286,173,0,No fault,0x04,right,515.257994,2255,0.202198,175,0,No fault,268.00
2026-08-12T10:50:40.137,1786524640.137514,4.421196,1,2500,5.000000,739,2500,0x03,left,372.571841,2434,0.061538,174,0,No fault,0x04,right,515.850964,2345,0.172894,174,0,No fault,89.00
2026-08-12T10:50:40.143,1786524640.143170,4.426842,1,2500,5.000000,740,2500,0x03,left,373.757781,2434,0.120147,172,0,No fault,0x04,right,516.421973,2345,0.202198,174,0,No fault,89.00
2026-08-12T10:50:40.148,1786524640.148504,4.432174,1,2500,5.000000,741,2500,0x03,left,374.328789,2345,0.167033,174,0,No fault,0x04,right,517.036904,2300,0.131868,174,0,No fault,45.00
2026-08-12T10:50:40.153,1786524640.153814,4.437474,1,2500,5.000000,742,2500,0x03,left,374.921759,2345,0.108425,173,0,No fault,0x04,right,517.607913,2523,0.178755,175,0,No fault,-178.00
2026-08-12T10:50:40.159,1786524640.159129,4.442793,1,2500,5.000000,743,2500,0x03,left,375.514729,2389,0.043956,174,0,No fault,0x04,right,518.200883,2345,0.178755,174,0,No fault,44.00
2026-08-12T10:50:40.164,1786524640.164437,4.448102,1,2500,5.000000,744,2500,0x03,left,376.107699,2300,0.131868,173,0,No fault,0x04,right,518.771891,2255,0.196337,174,0,No fault,45.00
2026-08-12T10:50:40.174,1786524640.174883,4.458560,1,2500,5.000000,745,2500,0x03,left,376.766555,2300,0.149451,172,0,No fault,0x04,right,519.364861,2255,0.126007,174,0,No fault,45.00
2026-08-12T10:50:40.180,1786524640.180227,4.463879,1,2500,5.000000,746,2500,0x03,left,377.271677,2166,0.131868,176,0,No fault,0x04,right,521.033962,2389,0.161172,174,0,No fault,-223.00
2026-08-12T10:50:40.185,1786524640.185733,4.469402,1,2500,5.000000,747,2500,0x03,left,377.864647,2255,0.108425,173,0,No fault,0x04,right,521.407313,2479,0.202198,176,0,No fault,-224.00
2026-08-12T10:50:40.191,1786524640.191062,4.474728,1,2500,5.000000,748,2500,0x03,left,378.457617,2255,0.067399,173,0,No fault,0x04,right,522.000283,2568,0.196337,174,0,No fault,-313.00
2026-08-12T10:50:40.206,1786524640.206833,4.490504,1,2500,5.000000,749,2500,0x03,left,380.104756,2389,0.208059,174,0,No fault,0x04,right,523.735269,2434,0.196337,175,0,No fault,-45.00
2026-08-12T10:50:40.212,1786524640.212204,4.495870,1,2500,5.000000,750,2500,0x03,left,380.434184,2345,0.155311,172,0,No fault,0x04,right,524.328239,2300,0.202198,176,0,No fault,45.00
2026-08-12T10:50:40.217,1786524640.217511,4.501173,1,2500,5.000000,751,2500,0x03,left,381.027154,2523,0.120147,172,0,No fault,0x04,right,524.899248,2434,0.243223,175,0,No fault,89.00
2026-08-12T10:50:40.222,1786524640.222870,4.506540,1,2500,5.000000,752,2500,0x03,left,381.598162,2255,0.161172,172,0,No fault,0x04,right,525.470256,2389,0.184615,172,0,No fault,-134.00
2026-08-12T10:50:40.228,1786524640.228225,4.511889,1,2500,5.000000,753,2500,0x03,left,382.191132,2523,0.149451,174,0,No fault,0x04,right,526.085188,2300,0.149451,174,0,No fault,223.00
2026-08-12T10:50:40.233,1786524640.233519,4.517183,1,2500,5.000000,754,2500,0x03,left,382.762140,2300,0.219780,173,0,No fault,0x04,right,526.678158,2389,0.237363,178,0,No fault,-89.00
2026-08-12T10:50:40.238,1786524640.238959,4.522624,1,2500,5.000000,755,2500,0x03,left,383.355110,2345,0.184615,173,0,No fault,0x04,right,527.249166,2345,0.208059,174,0,No fault,0.00
2026-08-12T10:50:40.244,1786524640.244274,4.527947,1,2500,5.000000,756,2500,0x03,left,383.948080,2389,0.084982,175,0,No fault,0x04,right,527.820174,2255,0.196337,174,0,No fault,134.00
2026-08-12T10:50:40.249,1786524640.249654,4.533314,1,2500,5.000000,757,2500,0x03,left,384.519089,2345,0.167033,175,0,No fault,0x04,right,528.413144,2389,0.196337,174,0,No fault,-44.00
2026-08-12T10:50:40.255,1786524640.255096,4.538754,1,2500,5.000000,758,2500,0x03,left,414.277398,2479,0.161172,174,0,No fault,0x04,right,529.006114,2345,0.161172,177,0,No fault,134.00
2026-08-12T10:50:40.260,1786524640.260558,4.544235,1,2500,5.000000,759,2500,0x03,left,386.297999,2434,0.208059,175,0,No fault,0x04,right,529.577122,2300,0.213919,174,0,No fault,134.00
2026-08-12T10:50:40.265,1786524640.265978,4.549642,1,2500,5.000000,760,2500,0x03,left,386.890969,2568,0.108425,176,0,No fault,0x04,right,530.785024,2345,0.219780,174,0,No fault,223.00
2026-08-12T10:50:40.271,1786524640.271301,4.554958,1,2500,5.000000,761,2500,0x03,left,387.483939,2300,0.155311,173,0,No fault,0x04,right,531.334070,2389,0.172894,174,0,No fault,-89.00
2026-08-12T10:50:40.276,1786524640.276594,4.560250,1,2500,5.000000,762,2500,0x03,left,388.054947,2434,0.208059,173,0,No fault,0x04,right,531.927040,2479,0.237363,173,0,No fault,-45.00
2026-08-12T10:50:40.281,1786524640.281893,4.565562,1,2500,5.000000,763,2500,0x03,left,388.647917,2300,0.202198,173,0,No fault,0x04,right,532.498048,2300,0.196337,177,0,No fault,0.00
2026-08-12T10:50:40.287,1786524640.287243,4.570906,1,2500,5.000000,764,2500,0x03,left,389.218925,2211,0.126007,173,0,No fault,0x04,right,533.091018,2300,0.208059,174,0,No fault,-89.00
2026-08-12T10:50:40.292,1786524640.292560,4.576217,1,2500,5.000000,765,2500,0x03,left,389.811895,2568,0.131868,170,0,No fault,0x04,right,533.662027,2345,0.202198,174,0,No fault,223.00
2026-08-12T10:50:40.297,1786524640.297891,4.581561,1,2500,5.000000,766,2500,0x03,left,390.426827,2523,0.149451,173,0,No fault,0x04,right,534.276958,2657,0.126007,177,0,No fault,-134.00
2026-08-12T10:50:40.303,1786524640.303261,4.586925,1,2500,5.000000,767,2500,0x03,left,390.997835,2479,0.172894,173,0,No fault,0x04,right,534.826005,2255,0.196337,174,0,No fault,224.00
2026-08-12T10:50:40.308,1786524640.308563,4.592220,1,2500,5.000000,768,2500,0x03,left,391.568843,2389,0.184615,172,0,No fault,0x04,right,535.418975,2345,0.202198,174,0,No fault,44.00
2026-08-12T10:50:40.313,1786524640.313842,4.597496,1,2500,5.000000,769,2500,0x03,left,392.183775,2657,0.079121,175,0,No fault,0x04,right,536.011945,2523,0.208059,175,0,No fault,134.00
2026-08-12T10:50:40.319,1786524640.319119,4.602785,1,2500,5.000000,770,2500,0x03,left,392.754783,2211,0.084982,172,0,No fault,0x04,right,536.582953,2345,0.161172,174,0,No fault,-134.00
2026-08-12T10:50:40.324,1786524640.324440,4.608097,1,2500,5.000000,771,2500,0x03,left,393.347753,2479,0.167033,173,0,No fault,0x04,right,537.175923,2255,0.131868,174,0,No fault,224.00
2026-08-12T10:50:40.329,1786524640.329712,4.613368,1,2500,5.000000,772,2500,0x03,left,393.940723,2702,0.178755,173,0,No fault,0x04,right,537.768893,2389,0.196337,176,0,No fault,313.00
2026-08-12T10:50:40.335,1786524640.335017,4.618680,1,2500,5.000000,773,2500,0x03,left,394.511731,2345,0.167033,172,0,No fault,0x04,right,538.339901,2523,0.213919,174,0,No fault,-178.00
2026-08-12T10:50:40.340,1786524640.340336,4.623995,1,2500,5.000000,774,2500,0x03,left,395.148625,2479,0.073260,173,0,No fault,0x04,right,538.932871,2434,0.190476,174,0,No fault,45.00
2026-08-12T10:50:40.345,1786524640.345614,4.629269,1,2500,5.000000,775,2500,0x03,left,395.763557,2300,0.131868,173,0,No fault,0x04,right,539.525841,2434,0.131868,174,0,No fault,-134.00
2026-08-12T10:50:40.350,1786524640.350878,4.634532,1,2500,5.000000,776,2500,0x03,left,424.972820,2345,0.225641,174,0,No fault,0x04,right,540.096849,2300,0.190476,174,0,No fault,45.00
2026-08-12T10:50:40.356,1786524640.356277,4.639946,1,2500,5.000000,777,2500,0x03,left,397.015382,2389,0.167033,173,0,No fault,0x04,right,540.667857,2255,0.213919,175,0,No fault,134.00
2026-08-12T10:50:40.361,1786524640.361594,4.645251,1,2500,5.000000,778,2500,0x03,left,398.245246,2434,0.114286,173,0,No fault,0x04,right,541.260827,2345,0.213919,174,0,No fault,89.00
2026-08-12T10:50:40.366,1786524640.366847,4.650497,1,2500,5.000000,779,2500,0x03,left,399.211568,2523,0.202198,174,0,No fault,0x04,right,541.831836,2166,0.219780,173,0,No fault,357.00
2026-08-12T10:50:40.377,1786524640.377200,4.660865,1,2500,5.000000,780,2500,0x03,left,400.353584,2523,0.149451,172,0,No fault,0x04,right,542.424806,2211,0.143590,172,0,No fault,312.00
2026-08-12T10:50:40.382,1786524640.382663,4.666327,1,2500,5.000000,781,2500,0x03,left,428.860068,2300,0.202198,174,0,No fault,0x04,right,544.335487,2479,0.184615,178,0,No fault,-179.00
2026-08-12T10:50:40.388,1786524640.388124,4.671780,1,2500,5.000000,782,2500,0x03,left,401.539524,2434,0.143590,173,0,No fault,0x04,right,544.686876,2568,0.190476,174,0,No fault,-134.00
2026-08-12T10:50:40.393,1786524640.393406,4.677105,1,2500,5.000000,783,2500,0x03,left,403.274510,2345,0.249084,174,0,No fault,0x04,right,545.235923,2389,0.178755,174,0,No fault,-44.00
2026-08-12T10:50:40.409,1786524640.409490,4.693153,1,2500,5.000000,784,2500,0x03,left,403.581976,2479,0.131868,172,0,No fault,0x04,right,546.992871,2389,0.213919,174,0,No fault,90.00
2026-08-12T10:50:40.415,1786524640.415488,4.699149,1,2500,5.000000,785,2500,0x03,left,405.097344,2211,0.208059,172,0,No fault,0x04,right,547.563879,2300,0.190476,174,0,No fault,-89.00
2026-08-12T10:50:40.420,1786524640.420780,4.704446,1,2500,5.000000,786,2500,0x03,left,405.690314,2434,0.202198,173,0,No fault,0x04,right,548.156849,2345,0.167033,174,0,No fault,89.00
2026-08-12T10:50:40.426,1786524640.426093,4.709745,1,2500,5.000000,787,2500,0x03,left,406.261322,2389,0.184615,174,0,No fault,0x04,right,548.749819,2389,0.213919,174,0,No fault,0.00
2026-08-12T10:50:40.431,1786524640.431367,4.715031,1,2500,5.000000,788,2500,0x03,left,406.854292,2479,0.090842,172,0,No fault,0x04,right,549.320827,2211,0.190476,174,0,No fault,268.00
2026-08-12T10:50:40.436,1786524640.436711,4.720390,1,2500,5.000000,789,2500,0x03,left,407.447262,2523,0.167033,171,0,No fault,0x04,right,549.935759,2523,0.202198,174,0,No fault,0.00
2026-08-12T10:50:40.442,1786524640.442089,4.725751,1,2500,5.000000,790,2500,0x03,left,408.018270,2300,0.184615,174,0,No fault,0x04,right,550.506767,2523,0.219780,174,0,No fault,-223.00
2026-08-12T10:50:40.447,1786524640.447389,4.731047,1,2500,5.000000,791,2500,0x03,left,408.589279,2345,0.213919,172,0,No fault,0x04,right,551.099737,2523,0.120147,174,0,No fault,-178.00
2026-08-12T10:50:40.452,1786524640.452810,4.736492,1,2500,5.000000,792,2500,0x03,left,409.182249,2434,0.149451,172,0,No fault,0x04,right,551.692707,2345,0.196337,176,0,No fault,89.00
2026-08-12T10:50:40.458,1786524640.458193,4.741857,1,2500,5.000000,793,2500,0x03,left,409.775219,2300,0.084982,173,0,No fault,0x04,right,552.263715,2389,0.219780,174,0,No fault,-89.00
2026-08-12T10:50:40.463,1786524640.463501,4.747163,1,2500,5.000000,794,2500,0x03,left,410.390150,2613,0.126007,171,0,No fault,0x04,right,552.922571,2613,0.208059,174,0,No fault,0.00
2026-08-12T10:50:40.469,1786524640.469039,4.752713,1,2500,5.000000,795,2500,0x03,left,410.961159,2434,0.190476,172,0,No fault,0x04,right,553.471617,2479,0.219780,173,0,No fault,-45.00
2026-08-12T10:50:40.474,1786524640.474623,4.758289,1,2500,5.000000,796,2500,0x03,left,412.147099,2568,0.090842,173,0,No fault,0x04,right,554.042625,2300,0.143590,176,0,No fault,268.00
2026-08-12T10:50:40.479,1786524640.479987,4.763655,1,2500,5.000000,797,2500,0x03,left,412.740069,2613,0.102564,173,0,No fault,0x04,right,555.206604,2255,0.196337,176,0,No fault,358.00
2026-08-12T10:50:40.485,1786524640.485330,4.769000,1,2500,5.000000,798,2500,0x03,left,413.311077,2300,0.131868,172,0,No fault,0x04,right,555.799574,2255,0.196337,174,0,No fault,45.00
2026-08-12T10:50:40.490,1786524640.490926,4.774602,1,2500,5.000000,799,2500,0x03,left,413.904047,2345,0.172894,173,0,No fault,0x04,right,556.392544,2300,0.213919,175,0,No fault,45.00
2026-08-12T10:50:40.496,1786524640.496288,4.779953,1,2500,5.000000,800,2500,0x03,left,414.497017,2479,0.143590,172,0,No fault,0x04,right,556.963552,2166,0.143590,175,0,No fault,313.00
2026-08-12T10:50:40.501,1786524640.501605,4.785272,1,2500,5.000000,801,2500,0x03,left,415.089987,2479,0.079121,173,0,No fault,0x04,right,557.556522,2389,0.172894,173,0,No fault,90.00
2026-08-12T10:50:40.506,1786524640.506942,4.790604,1,2500,5.000000,802,2500,0x03,left,415.660995,2345,0.079121,174,0,No fault,0x04,right,558.149492,2300,0.219780,177,0,No fault,45.00
2026-08-12T10:50:40.512,1786524640.512235,4.795897,1,2500,5.000000,803,2500,0x03,left,416.275927,2523,0.167033,170,0,No fault,0x04,right,558.720500,2300,0.202198,174,0,No fault,223.00
2026-08-12T10:50:40.517,1786524640.517552,4.801226,1,2500,5.000000,804,2500,0x03,left,416.868897,2389,0.155311,175,0,No fault,0x04,right,559.291508,2300,0.184615,175,0,No fault,89.00
2026-08-12T10:50:40.522,1786524640.522947,4.806612,1,2500,5.000000,805,2500,0x03,left,417.439905,2479,0.161172,173,0,No fault,0x04,right,559.906440,2568,0.137729,174,0,No fault,-89.00
2026-08-12T10:50:40.528,1786524640.528285,4.811947,1,2500,5.000000,806,2500,0x03,left,418.032875,2479,0.090842,173,0,No fault,0x04,right,560.477448,2121,0.219780,174,0,No fault,358.00
2026-08-12T10:50:40.533,1786524640.533623,4.817287,1,2500,5.000000,807,2500,0x03,left,418.625845,2389,0.102564,175,0,No fault,0x04,right,561.070418,2568,0.219780,173,0,No fault,-179.00
2026-08-12T10:50:40.538,1786524640.538976,4.822642,1,2500,5.000000,808,2500,0x03,left,419.789823,2121,0.190476,173,0,No fault,0x04,right,561.641426,2479,0.243223,178,0,No fault,-358.00
2026-08-12T10:50:40.544,1786524640.544304,4.827963,1,2500,5.000000,809,2500,0x03,left,420.382793,2345,0.161172,175,0,No fault,0x04,right,562.234396,2434,0.208059,174,0,No fault,-89.00
2026-08-12T10:50:40.549,1786524640.549585,4.833242,1,2500,5.000000,810,2500,0x03,left,420.975763,2255,0.090842,173,0,No fault,0x04,right,562.805404,2121,0.126007,174,0,No fault,134.00
2026-08-12T10:50:40.554,1786524640.554894,4.838558,1,2500,5.000000,811,2500,0x03,left,421.568733,2479,0.167033,172,0,No fault,0x04,right,563.398374,2345,0.219780,176,0,No fault,134.00
2026-08-12T10:50:40.560,1786524640.560201,4.843860,1,2500,5.000000,812,2500,0x03,left,422.161703,2479,0.149451,175,0,No fault,0x04,right,563.969383,2479,0.202198,174,0,No fault,0.00
2026-08-12T10:50:40.565,1786524640.565495,4.849152,1,2500,5.000000,813,2500,0x03,left,422.754673,2211,0.213919,172,0,No fault,0x04,right,564.562353,2389,0.208059,175,0,No fault,-178.00
2026-08-12T10:50:40.570,1786524640.570766,4.854423,1,2500,5.000000,814,2500,0x03,left,423.369605,2568,0.202198,173,0,No fault,0x04,right,565.133361,2479,0.196337,174,0,No fault,89.00
2026-08-12T10:50:40.582,1786524640.582421,4.866081,1,2500,5.000000,815,2500,0x03,left,424.533583,2523,0.167033,172,0,No fault,0x04,right,565.726331,2389,0.137729,174,0,No fault,134.00
2026-08-12T10:50:40.587,1786524640.587771,4.871430,1,2500,5.000000,816,2500,0x03,left,426.180722,2345,0.202198,173,0,No fault,0x04,right,567.768783,2300,0.213919,174,0,No fault,45.00
2026-08-12T10:50:40.593,1786524640.593159,4.876830,1,2500,5.000000,817,2500,0x03,left,426.510150,2479,0.161172,173,0,No fault,0x04,right,568.098211,2479,0.149451,174,0,No fault,0.00
2026-08-12T10:50:40.598,1786524640.598586,4.882243,1,2500,5.000000,818,2500,0x03,left,426.839578,2345,0.090842,175,0,No fault,0x04,right,568.691181,2523,0.184615,175,0,No fault,-178.00
2026-08-12T10:50:40.609,1786524640.609395,4.893043,1,2500,5.000000,819,2500,0x03,left,427.454510,2345,0.114286,175,0,No fault,0x04,right,569.855159,2255,0.161172,174,0,No fault,90.00
2026-08-12T10:50:40.614,1786524640.614656,4.898320,1,2500,5.000000,820,2500,0x03,left,428.618488,2479,0.190476,173,0,No fault,0x04,right,570.448129,2300,0.184615,178,0,No fault,179.00
2026-08-12T10:50:40.620,1786524640.620016,4.903672,1,2500,5.000000,821,2500,0x03,left,429.211458,2389,0.126007,174,0,No fault,0x04,right,571.041099,2345,0.137729,175,0,No fault,44.00
2026-08-12T10:50:40.625,1786524640.625276,4.908927,1,2500,5.000000,822,2500,0x03,left,429.804428,2568,0.114286,174,0,No fault,0x04,right,571.634069,2345,0.149451,174,0,No fault,223.00
2026-08-12T10:50:40.630,1786524640.630528,4.914188,1,2500,5.000000,823,2500,0x03,left,430.419360,2300,0.137729,171,0,No fault,0x04,right,572.205077,2255,0.161172,171,0,No fault,45.00
2026-08-12T10:50:40.635,1786524640.635832,4.919520,1,2500,5.000000,824,2500,0x03,left,431.012330,2211,0.167033,171,0,No fault,0x04,right,572.798047,2434,0.143590,174,0,No fault,-223.00
2026-08-12T10:50:40.641,1786524640.641261,4.924950,1,2500,5.000000,825,2500,0x03,left,431.583338,2166,0.172894,173,0,No fault,0x04,right,573.412979,2345,0.219780,173,0,No fault,-179.00
2026-08-12T10:50:40.646,1786524640.646698,4.930379,1,2500,5.000000,826,2500,0x03,left,432.176308,2345,0.084982,170,0,No fault,0x04,right,574.005949,2613,0.137729,174,0,No fault,-268.00
2026-08-12T10:50:40.652,1786524640.652103,4.935786,1,2500,5.000000,827,2500,0x03,left,432.791240,2479,0.096703,174,0,No fault,0x04,right,574.576957,2389,0.172894,174,0,No fault,90.00
2026-08-12T10:50:40.657,1786524640.657554,4.941223,1,2500,5.000000,828,2500,0x03,left,433.384210,2523,0.149451,173,0,No fault,0x04,right,575.147965,2166,0.178755,174,0,No fault,357.00
2026-08-12T10:50:40.662,1786524640.662878,4.946539,1,2500,5.000000,829,2500,0x03,left,433.977180,2345,0.143590,173,0,No fault,0x04,right,575.762897,2389,0.126007,176,0,No fault,-44.00
2026-08-12T10:50:40.668,1786524640.668178,4.951839,1,2500,5.000000,830,2500,0x03,left,434.548188,2568,0.172894,173,0,No fault,0x04,right,576.311943,2345,0.196337,174,0,No fault,223.00
2026-08-12T10:50:40.673,1786524640.673537,4.957210,1,2500,5.000000,831,2500,0x03,left,435.141158,2434,0.067399,175,0,No fault,0x04,right,576.904913,2389,0.137729,175,0,No fault,45.00
2026-08-12T10:50:40.678,1786524640.678909,4.962578,1,2500,5.000000,832,2500,0x03,left,435.756090,2657,0.084982,171,0,No fault,0x04,right,577.607693,2300,0.137729,175,0,No fault,357.00
2026-08-12T10:50:40.684,1786524640.684241,4.967905,1,2500,5.000000,833,2500,0x03,left,436.327098,2479,0.178755,173,0,No fault,0x04,right,578.178701,2389,0.155311,175,0,No fault,90.00
2026-08-12T10:50:40.689,1786524640.689561,4.973226,1,2500,5.000000,834,2500,0x03,left,436.920068,2479,0.149451,173,0,No fault,0x04,right,578.771671,2300,0.184615,175,0,No fault,179.00
2026-08-12T10:50:40.694,1786524640.694911,4.978584,1,2500,5.000000,835,2500,0x03,left,437.491076,2211,0.149451,173,0,No fault,0x04,right,579.342679,2255,0.161172,174,0,No fault,-44.00
2026-08-12T10:50:40.700,1786524640.700274,4.983940,1,2500,5.000000,836,2500,0x03,left,438.106008,2479,0.090842,173,0,No fault,0x04,right,579.957611,2479,0.161172,176,0,No fault,0.00
2026-08-12T10:50:40.705,1786524640.705620,4.989281,1,2500,5.000000,837,2500,0x03,left,438.698978,2345,0.096703,175,0,No fault,0x04,right,580.528619,2345,0.161172,172,0,No fault,0.00
2026-08-12T10:50:40.711,1786524640.711218,4.994895,1,2500,5.000000,838,2500,0x03,left,439.291948,2568,0.149451,171,0,No fault,0x04,right,581.121589,2523,0.190476,175,0,No fault,45.00
2026-08-12T10:50:40.716,1786524640.716578,5.000234,1,2500,5.000000,839,2500,0x03,left,439.884918,2479,0.196337,172,0,No fault,0x04,right,582.307529,2166,0.172894,175,0,No fault,313.00
2026-08-12T10:50:40.722,1786524640.722051,5.005712,1,2500,5.000000,840,2500,0x03,left,440.455926,2479,0.149451,172,0,No fault,0x04,right,582.900499,2300,0.131868,174,0,No fault,179.00
2026-08-12T10:50:40.727,1786524640.727406,5.011075,1,2500,5.000000,841,2500,0x03,left,441.048896,2613,0.149451,173,0,No fault,0x04,right,583.471507,2300,0.202198,174,0,No fault,313.00
2026-08-12T10:50:40.740,1786524640.740427,5.024092,2,0,0.800000,1,0,0x03,left,442.783882,2255,0.208059,172,0,No fault,0x04,right,584.657447,2300,0.190476,174,0,No fault,-45.00
2026-08-12T10:50:40.745,1786524640.745823,5.029503,2,0,0.800000,2,0,0x03,left,443.376852,2434,0.167033,172,0,No fault,0x04,right,585.052761,2389,0.225641,174,0,No fault,45.00
2026-08-12T10:50:40.751,1786524640.751324,5.034984,2,0,0.800000,3,0,0x03,left,443.969822,2345,0.096703,172,0,No fault,0x04,right,585.316303,1719,-1.221978,175,0,No fault,626.00
2026-08-12T10:50:40.756,1786524640.756605,5.040258,2,0,0.800000,4,0,0x03,left,444.562792,2434,0.178755,173,0,No fault,0x04,right,585.426112,380,-0.647619,174,0,No fault,2054.00
2026-08-12T10:50:40.761,1786524640.761853,5.045503,2,0,0.800000,5,0,0x03,left,445.133801,2166,0.184615,172,0,No fault,0x04,right,585.382188,-112,-0.049817,175,0,No fault,2278.00
2026-08-12T10:50:40.767,1786524640.767172,5.050848,2,0,0.800000,6,0,0x03,left,446.341702,2479,0.161172,172,0,No fault,0x04,right,585.360227,112,-0.020513,174,0,No fault,2367.00
2026-08-12T10:50:40.772,1786524640.772792,5.056451,2,0,0.800000,7,0,0x03,left,446.912711,2434,0.108425,172,0,No fault,0x04,right,585.360227,-67,-0.049817,174,0,No fault,2501.00
2026-08-12T10:50:40.789,1786524640.789299,5.073022,2,0,0.800000,8,0,0x03,left,449.811675,2613,0.108425,173,0,No fault,0x04,right,585.360227,-22,-0.043956,172,0,No fault,2635.00
2026-08-12T10:50:40.794,1786524640.794867,5.078582,2,0,0.800000,9,0,0x03,left,450.097179,2434,0.137729,171,0,No fault,0x04,right,585.360227,22,-0.032234,174,0,No fault,2412.00
2026-08-12T10:50:40.810,1786524640.810741,5.094410,2,0,0.800000,10,0,0x03,left,450.448569,2434,0.143590,172,0,No fault,0x04,right,585.360227,-67,-0.032234,174,0,No fault,2501.00
2026-08-12T10:50:40.816,1786524640.816233,5.099937,2,0,0.800000,11,0,0x03,left,451.590585,2255,0.196337,172,0,No fault,0x04,right,585.360227,-22,-0.043956,175,0,No fault,2277.00
2026-08-12T10:50:40.821,1786524640.821697,5.105358,2,0,0.800000,12,0,0x03,left,452.205517,2523,0.079121,172,0,No fault,0x04,right,585.360227,-22,-0.026374,174,0,No fault,2545.00
2026-08-12T10:50:40.827,1786524640.827038,5.110718,2,0,0.800000,13,0,0x03,left,452.798487,2389,0.090842,173,0,No fault,0x04,right,585.360227,-22,-0.055678,174,0,No fault,2411.00
2026-08-12T10:50:40.832,1786524640.832414,5.116073,2,0,0.800000,14,0,0x03,left,453.391457,2613,0.172894,172,0,No fault,0x04,right,585.382188,67,-0.038095,176,0,No fault,2546.00
2026-08-12T10:50:40.837,1786524640.837697,5.121352,2,0,0.800000,15,0,0x03,left,453.984427,2523,0.131868,172,0,No fault,0x04,right,585.382188,67,-0.043956,175,0,No fault,2456.00
2026-08-12T10:50:40.842,1786524640.842963,5.126617,2,0,0.800000,16,0,0x03,left,454.555435,2345,0.172894,173,0,No fault,0x04,right,585.360227,-67,-0.032234,175,0,No fault,2412.00
2026-08-12T10:50:40.848,1786524640.848264,5.131941,2,0,0.800000,17,0,0x03,left,455.148405,2568,0.096703,175,0,No fault,0x04,right,585.382188,67,-0.043956,175,0,No fault,2501.00
2026-08-12T10:50:40.853,1786524640.853613,5.137272,2,0,0.800000,18,0,0x03,left,455.741375,2479,0.090842,173,0,No fault,0x04,right,585.360227,22,-0.049817,175,0,No fault,2457.00
2026-08-12T10:50:40.858,1786524640.858978,5.142634,2,0,0.800000,19,0,0x03,left,456.356307,2345,0.202198,173,0,No fault,0x04,right,585.360227,-112,-0.055678,176,0,No fault,2457.00
2026-08-12T10:50:40.864,1786524640.864294,5.147962,2,0,0.800000,20,0,0x03,left,456.949277,2434,0.161172,169,0,No fault,0x04,right,585.360227,-112,-0.026374,175,0,No fault,2546.00
2026-08-12T10:50:40.869,1786524640.869629,5.153294,2,0,0.800000,21,0,0x03,left,457.520285,2389,0.155311,176,0,No fault,0x04,right,585.360227,22,-0.038095,174,0,No fault,2367.00
2026-08-12T10:50:40.874,1786524640.874933,5.158591,2,0,0.800000,22,0,0x03,left,458.113255,2300,0.126007,170,0,No fault,0x04,right,585.360227,-246,-0.032234,174,0,No fault,2546.00
2026-08-12T10:50:40.880,1786524640.880263,5.163936,2,0,0.800000,23,0,0x03,left,458.728187,2613,0.137729,173,0,No fault,0x04,right,585.382188,67,-0.038095,174,0,No fault,2546.00
2026-08-12T10:50:40.885,1786524640.885649,5.169311,2,0,0.800000,24,0,0x03,left,486.553854,2523,0.190476,174,0,No fault,0x04,right,585.360227,-201,-0.043956,174,0,No fault,2724.00
2026-08-12T10:50:40.891,1786524640.891201,5.174883,2,0,0.800000,25,0,0x03,left,459.299195,2479,0.190476,172,0,No fault,0x04,right,585.360227,-22,-0.049817,174,0,No fault,2501.00
2026-08-12T10:50:40.896,1786524640.896732,5.180434,2,0,0.800000,26,0,0x03,left,459.870203,2345,0.213919,174,0,No fault,0x04,right,585.360227,-156,-0.032234,171,0,No fault,2501.00
2026-08-12T10:50:40.902,1786524640.902535,5.186201,2,0,0.800000,27,0,0x03,left,461.056143,2434,0.143590,174,0,No fault,0x04,right,585.360227,-156,-0.043956,175,0,No fault,2590.00
2026-08-12T10:50:40.907,1786524640.907868,5.191539,2,0,0.800000,28,0,0x03,left,461.649113,2568,0.172894,173,0,No fault,0x04,right,585.360227,-22,-0.055678,174,0,No fault,2590.00
2026-08-12T10:50:40.913,1786524640.913368,5.197045,2,0,0.800000,29,0,0x03,left,462.220122,2389,0.178755,169,0,No fault,0x04,right,585.360227,-22,-0.055678,175,0,No fault,2411.00
2026-08-12T10:50:40.918,1786524640.918926,5.202589,2,0,0.800000,30,0,0x03,left,462.813092,2166,0.208059,173,0,No fault,0x04,right,585.382188,22,-0.061538,175,0,No fault,2144.00
2026-08-12T10:50:40.924,1786524640.924196,5.207852,2,0,0.800000,31,0,0x03,left,463.384100,2345,0.196337,173,0,No fault,0x04,right,585.360227,-156,-0.043956,175,0,No fault,2501.00
2026-08-12T10:50:40.929,1786524640.929501,5.213168,2,0,0.800000,32,0,0x03,left,463.977070,2479,0.090842,173,0,No fault,0x04,right,585.360227,-22,-0.049817,174,0,No fault,2501.00
2026-08-12T10:50:40.934,1786524640.934835,5.218505,2,0,0.800000,33,0,0x03,left,464.570040,2568,0.202198,173,0,No fault,0x04,right,585.360227,-22,-0.043956,174,0,No fault,2590.00
2026-08-12T10:50:40.940,1786524640.940186,5.223855,2,0,0.800000,34,0,0x03,left,465.163010,2568,0.178755,172,0,No fault,0x04,right,585.382188,-22,-0.055678,174,0,No fault,2590.00
2026-08-12T10:50:40.945,1786524640.945560,5.229227,2,0,0.800000,35,0,0x03,left,465.712056,2211,0.190476,173,0,No fault,0x04,right,585.382188,67,-0.032234,178,0,No fault,2144.00
2026-08-12T10:50:40.950,1786524640.950907,5.234575,2,0,0.800000,36,0,0x03,left,466.305026,2747,0.190476,173,0,No fault,0x04,right,585.382188,67,-0.038095,175,0,No fault,2680.00
2026-08-12T10:50:40.956,1786524640.956286,5.239956,2,0,0.800000,37,0,0x03,left,466.897996,2657,0.073260,173,0,No fault,0x04,right,585.360227,-156,-0.049817,174,0,No fault,2813.00
2026-08-12T10:50:40.961,1786524640.961631,5.245293,2,0,0.800000,38,0,0x03,left,467.469004,2211,0.184615,172,0,No fault,0x04,right,585.360227,-201,-0.043956,174,0,No fault,2412.00
2026-08-12T10:50:40.966,1786524640.966972,5.250641,2,0,0.800000,39,0,0x03,left,468.083936,2389,0.184615,173,0,No fault,0x04,right,585.382188,246,-0.038095,174,0,No fault,2143.00
2026-08-12T10:50:40.972,1786524640.972364,5.256033,2,0,0.800000,40,0,0x03,left,468.654944,2255,0.208059,173,0,No fault,0x04,right,585.382188,67,-0.055678,174,0,No fault,2188.00
2026-08-12T10:50:40.987,1786524640.987961,5.271632,2,0,0.800000,41,0,0x03,left,497.710475,2657,0.184615,175,0,No fault,0x04,right,585.360227,-67,-0.055678,174,0,No fault,2724.00
2026-08-12T10:50:40.993,1786524640.993330,5.276996,2,0,0.800000,42,0,0x03,left,470.411892,2479,0.143590,173,0,No fault,0x04,right,585.382188,201,-0.038095,174,0,No fault,2278.00
2026-08-12T10:50:40.998,1786524640.998716,5.282384,2,0,0.800000,43,0,0x03,left,471.004862,2345,0.190476,173,0,No fault,0x04,right,585.360227,-67,-0.049817,173,0,No fault,2412.00
2026-08-12T10:50:41.009,1786524641.009133,5.292788,2,0,0.800000,44,0,0x03,left,471.575871,2211,0.190476,173,0,No fault,0x04,right,585.360227,-22,-0.026374,175,0,No fault,2233.00
2026-08-12T10:50:41.014,1786524641.014406,5.298064,2,0,0.800000,45,0,0x03,left,473.530475,2523,0.137729,174,0,No fault,0x04,right,585.382188,67,-0.055678,174,0,No fault,2456.00
2026-08-12T10:50:41.019,1786524641.019709,5.303363,2,0,0.800000,46,0,0x03,left,473.859903,2300,0.167033,173,0,No fault,0x04,right,585.360227,-22,-0.032234,174,0,No fault,2322.00
2026-08-12T10:50:41.024,1786524641.024982,5.308633,2,0,0.800000,47,0,0x03,left,474.430911,2434,0.167033,172,0,No fault,0x04,right,585.360227,-156,-0.043956,175,0,No fault,2590.00
2026-08-12T10:50:41.030,1786524641.030383,5.314037,2,0,0.800000,48,0,0x03,left,475.045843,2523,0.108425,172,0,No fault,0x04,right,585.382188,156,-0.043956,174,0,No fault,2367.00
2026-08-12T10:50:41.035,1786524641.035660,5.319314,2,0,0.800000,49,0,0x03,left,475.638813,2613,0.120147,173,0,No fault,0x04,right,585.382188,-22,-0.043956,177,0,No fault,2635.00
2026-08-12T10:50:41.040,1786524641.040953,5.324612,2,0,0.800000,50,0,0x03,left,476.209821,2300,0.143590,174,0,No fault,0x04,right,585.382188,112,-0.038095,175,0,No fault,2188.00
2026-08-12T10:50:41.046,1786524641.046264,5.329935,2,0,0.800000,51,0,0x03,left,476.802791,2434,0.155311,175,0,No fault,0x04,right,585.360227,-112,-0.038095,174,0,No fault,2546.00
2026-08-12T10:50:41.051,1786524641.051702,5.335361,2,0,0.800000,52,0,0x03,left,477.395761,2568,0.143590,173,0,No fault,0x04,right,585.382188,22,-0.055678,174,0,No fault,2546.00
2026-08-12T10:50:41.057,1786524641.057099,5.340756,2,0,0.800000,53,0,0x03,left,477.988731,2657,0.114286,174,0,No fault,0x04,right,585.360227,-156,-0.026374,175,0,No fault,2813.00
2026-08-12T10:50:41.062,1786524641.062403,5.346067,2,0,0.800000,54,0,0x03,left,478.559740,2523,0.102564,177,0,No fault,0x04,right,585.360227,22,-0.032234,176,0,No fault,2501.00
2026-08-12T10:50:41.067,1786524641.067719,5.351397,2,0,0.800000,55,0,0x03,left,479.152710,2300,0.149451,173,0,No fault,0x04,right,585.360227,-246,-0.049817,175,0,No fault,2546.00
2026-08-12T10:50:41.073,1786524641.073098,5.356770,2,0,0.800000,56,0,0x03,left,479.745680,2479,0.184615,174,0,No fault,0x04,right,585.360227,-201,-0.038095,173,0,No fault,2680.00
2026-08-12T10:50:41.078,1786524641.078427,5.362082,2,0,0.800000,57,0,0x03,left,480.294726,2211,0.155311,171,0,No fault,0x04,right,585.360227,22,-0.026374,174,0,No fault,2189.00
2026-08-12T10:50:41.083,1786524641.083678,5.367328,2,0,0.800000,58,0,0x03,left,480.909658,2479,0.114286,172,0,No fault,0x04,right,585.360227,-156,-0.055678,175,0,No fault,2635.00
2026-08-12T10:50:41.088,1786524641.088913,5.372562,2,0,0.800000,59,0,0x03,left,481.480666,2389,0.190476,173,0,No fault,0x04,right,585.382188,67,-0.055678,174,0,No fault,2322.00
2026-08-12T10:50:41.094,1786524641.094179,5.377847,2,0,0.800000,60,0,0x03,left,482.095598,2657,0.155311,173,0,No fault,0x04,right,585.360227,22,-0.020513,174,0,No fault,2635.00
2026-08-12T10:50:41.099,1786524641.099489,5.383140,2,0,0.800000,61,0,0x03,left,482.666606,2345,0.184615,174,0,No fault,0x04,right,585.382188,156,-0.049817,175,0,No fault,2189.00
2026-08-12T10:50:41.104,1786524641.104768,5.388428,2,0,0.800000,62,0,0x03,left,483.237614,2300,0.213919,173,0,No fault,0x04,right,585.360227,-67,-0.038095,174,0,No fault,2367.00
2026-08-12T10:50:41.110,1786524641.110107,5.393774,2,0,0.800000,63,0,0x03,left,483.808622,2211,0.108425,173,0,No fault,0x04,right,585.360227,-112,-0.055678,174,0,No fault,2323.00
2026-08-12T10:50:41.115,1786524641.115445,5.399099,2,0,0.800000,64,0,0x03,left,484.423554,2345,0.178755,173,0,No fault,0x04,right,585.360227,-22,-0.026374,175,0,No fault,2367.00
2026-08-12T10:50:41.120,1786524641.120750,5.404418,2,0,0.800000,65,0,0x03,left,484.994562,2300,0.190476,171,0,No fault,0x04,right,585.382188,156,-0.038095,175,0,No fault,2144.00
2026-08-12T10:50:41.126,1786524641.126091,5.409748,2,0,0.800000,66,0,0x03,left,485.565570,2166,0.219780,172,0,No fault,0x04,right,585.360227,-22,-0.032234,174,0,No fault,2188.00
2026-08-12T10:50:41.131,1786524641.131396,5.415061,2,0,0.800000,67,0,0x03,left,486.158540,2389,0.208059,175,0,No fault,0x04,right,585.382188,22,-0.038095,173,0,No fault,2367.00
2026-08-12T10:50:41.136,1786524641.136833,5.420492,2,0,0.800000,68,0,0x03,left,486.751510,2657,0.149451,173,0,No fault,0x04,right,585.360227,22,-0.026374,175,0,No fault,2635.00
2026-08-12T10:50:41.142,1786524641.142247,5.425909,2,0,0.800000,69,0,0x03,left,487.937450,2434,0.184615,172,0,No fault,0x04,right,585.360227,-112,-0.061538,174,0,No fault,2546.00
2026-08-12T10:50:41.147,1786524641.147591,5.431262,2,0,0.800000,70,0,0x03,left,488.530420,2613,0.208059,174,0,No fault,0x04,right,585.382188,201,-0.008791,175,0,No fault,2412.00
2026-08-12T10:50:41.153,1786524641.153296,5.436966,2,0,0.800000,71,0,0x03,left,489.101429,2121,0.149451,173,0,No fault,0x04,right,585.360227,-112,-0.049817,178,0,No fault,2233.00
2026-08-12T10:50:41.158,1786524641.158689,5.442352,2,0,0.800000,72,0,0x03,left,489.694399,2345,0.114286,172,0,No fault,0x04,right,585.382188,156,-0.061538,176,0,No fault,2189.00
2026-08-12T10:50:41.164,1786524641.164015,5.447672,2,0,0.800000,73,0,0x03,left,490.287369,2389,0.126007,173,0,No fault,0x04,right,585.382188,156,-0.061538,175,0,No fault,2233.00
2026-08-12T10:50:41.169,1786524641.169506,5.453171,2,0,0.800000,74,0,0x03,left,490.880339,2523,0.143590,173,0,No fault,0x04,right,585.360227,-22,-0.043956,176,0,No fault,2545.00
2026-08-12T10:50:41.174,1786524641.174834,5.458491,2,0,0.800000,75,0,0x03,left,491.473309,2255,0.167033,173,0,No fault,0x04,right,585.382188,156,-0.038095,174,0,No fault,2099.00
2026-08-12T10:50:41.190,1786524641.190531,5.474191,2,0,0.800000,76,0,0x03,left,493.252219,2523,0.131868,174,0,No fault,0x04,right,585.382188,156,-0.038095,174,0,No fault,2367.00
2026-08-12T10:50:41.195,1786524641.195865,5.479526,2,0,0.800000,77,0,0x03,left,493.823227,2434,0.137729,172,0,No fault,0x04,right,585.382188,112,-0.032234,174,0,No fault,2322.00
2026-08-12T10:50:41.201,1786524641.201184,5.484846,2,0,0.800000,78,0,0x03,left,494.416197,2479,0.172894,172,0,No fault,0x04,right,585.382188,112,-0.032234,174,0,No fault,2367.00
2026-08-12T10:50:41.216,1786524641.216798,5.500464,2,0,0.800000,79,0,0x03,left,496.700229,2300,0.149451,173,0,No fault,0x04,right,585.382188,22,-0.038095,174,0,No fault,2278.00
2026-08-12T10:50:41.222,1786524641.222153,5.505812,2,0,0.800000,80,0,0x03,left,497.007695,2657,0.143590,172,0,No fault,0x04,right,585.382188,67,-0.026374,170,0,No fault,2590.00
2026-08-12T10:50:41.227,1786524641.227464,5.511127,2,0,0.800000,81,0,0x03,left,497.337123,2345,0.137729,173,0,No fault,0x04,right,585.360227,-67,-0.038095,174,0,No fault,2412.00
2026-08-12T10:50:41.232,1786524641.232786,5.516441,2,0,0.800000,82,0,0x03,left,497.930093,2434,0.108425,173,0,No fault,0x04,right,585.360227,-22,-0.038095,177,0,No fault,2456.00
2026-08-12T10:50:41.238,1786524641.238214,5.521880,2,0,0.800000,83,0,0x03,left,498.523063,2255,0.114286,172,0,No fault,0x04,right,585.360227,-22,-0.032234,177,0,No fault,2277.00
2026-08-12T10:50:41.243,1786524641.243702,5.527361,2,0,0.800000,84,0,0x03,left,499.709003,2389,0.190476,174,0,No fault,0x04,right,585.382188,-22,-0.055678,174,0,No fault,2411.00
2026-08-12T10:50:41.249,1786524641.249017,5.532686,2,0,0.800000,85,0,0x03,left,500.301973,2434,0.167033,173,0,No fault,0x04,right,585.382188,67,-0.038095,175,0,No fault,2367.00
2026-08-12T10:50:41.254,1786524641.254364,5.538036,2,0,0.800000,86,0,0x03,left,500.894943,2479,0.178755,173,0,No fault,0x04,right,585.360227,-22,-0.032234,174,0,No fault,2501.00
2026-08-12T10:50:41.259,1786524641.259737,5.543406,2,0,0.800000,87,0,0x03,left,501.465951,2121,0.161172,173,0,No fault,0x04,right,585.382188,67,-0.043956,174,0,No fault,2054.00
2026-08-12T10:50:41.265,1786524641.265092,5.548767,2,0,0.800000,88,0,0x03,left,502.058921,2479,0.161172,172,0,No fault,0x04,right,585.360227,-112,-0.038095,174,0,No fault,2591.00
2026-08-12T10:50:41.270,1786524641.270453,5.554116,2,0,0.800000,89,0,0x03,left,502.629929,2300,0.190476,173,0,No fault,0x04,right,585.360227,-67,-0.049817,176,0,No fault,2367.00
2026-08-12T10:50:41.275,1786524641.275730,5.559388,2,0,0.800000,90,0,0x03,left,503.222899,2255,0.196337,173,0,No fault,0x04,right,585.360227,-22,-0.032234,175,0,No fault,2277.00
2026-08-12T10:50:41.281,1786524641.281021,5.564686,2,0,0.800000,91,0,0x03,left,503.815869,2255,0.120147,173,0,No fault,0x04,right,585.360227,-112,-0.032234,174,0,No fault,2367.00
2026-08-12T10:50:41.286,1786524641.286382,5.570053,2,0,0.800000,92,0,0x03,left,504.386878,2300,0.184615,170,0,No fault,0x04,right,585.360227,-201,-0.067399,175,0,No fault,2501.00
2026-08-12T10:50:41.291,1786524641.291770,5.575422,2,0,0.800000,93,0,0x03,left,504.979848,2389,0.149451,172,0,No fault,0x04,right,585.360227,-22,-0.043956,174,0,No fault,2411.00
2026-08-12T10:50:41.297,1786524641.297202,5.580868,2,0,0.800000,94,0,0x03,left,505.572818,2077,0.184615,173,0,No fault,0x04,right,585.382188,112,-0.038095,174,0,No fault,1965.00
2026-08-12T10:50:41.302,1786524641.302601,5.586258,2,0,0.800000,95,0,0x03,left,506.143826,2345,0.202198,172,0,No fault,0x04,right,585.382188,-22,-0.043956,175,0,No fault,2367.00
2026-08-12T10:50:41.307,1786524641.307907,5.591579,2,0,0.800000,96,0,0x03,left,506.736796,2389,0.161172,173,0,No fault,0x04,right,585.382188,156,-0.038095,175,0,No fault,2233.00
2026-08-12T10:50:41.313,1786524641.313253,5.596916,2,0,0.800000,97,0,0x03,left,507.329766,2523,0.149451,173,0,No fault,0x04,right,585.360227,-22,-0.049817,175,0,No fault,2545.00
2026-08-12T10:50:41.318,1786524641.318565,5.602230,2,0,0.800000,98,0,0x03,left,507.922736,2166,0.172894,173,0,No fault,0x04,right,585.360227,-67,-0.038095,174,0,No fault,2233.00
2026-08-12T10:50:41.323,1786524641.323896,5.607559,2,0,0.800000,99,0,0x03,left,508.493744,2300,0.208059,173,0,No fault,0x04,right,585.360227,-67,-0.049817,175,0,No fault,2367.00
2026-08-12T10:50:41.329,1786524641.329217,5.612887,2,0,0.800000,100,0,0x03,left,509.086714,2300,0.149451,170,0,No fault,0x04,right,585.360227,-201,-0.049817,178,0,No fault,2501.00
2026-08-12T10:50:41.334,1786524641.334584,5.618248,2,0,0.800000,101,0,0x03,left,509.679684,2345,0.137729,173,0,No fault,0x04,right,585.382188,67,-0.049817,174,0,No fault,2278.00
2026-08-12T10:50:41.339,1786524641.339926,5.623589,2,0,0.800000,102,0,0x03,left,510.272654,2568,0.131868,170,0,No fault,0x04,right,585.382188,22,-0.038095,174,0,No fault,2546.00
2026-08-12T10:50:41.345,1786524641.345254,5.628916,2,0,0.800000,103,0,0x03,left,510.843662,2434,0.149451,171,0,No fault,0x04,right,585.360227,-201,-0.043956,174,0,No fault,2635.00
2026-08-12T10:50:41.350,1786524641.350891,5.634563,2,0,0.800000,104,0,0x03,left,511.436632,2613,0.190476,172,0,No fault,0x04,right,585.360227,-156,-0.043956,171,0,No fault,2769.00
2026-08-12T10:50:41.356,1786524641.356360,5.640023,2,0,0.800000,105,0,0x03,left,512.600610,2255,0.061538,171,0,No fault,0x04,right,585.382188,112,-0.049817,174,0,No fault,2143.00
2026-08-12T10:50:41.361,1786524641.361685,5.645345,2,0,0.800000,106,0,0x03,left,513.193580,2345,0.155311,172,0,No fault,0x04,right,585.382188,112,-0.043956,174,0,No fault,2233.00
2026-08-12T10:50:41.367,1786524641.367008,5.650676,2,0,0.800000,107,0,0x03,left,513.808512,2389,0.155311,173,0,No fault,0x04,right,585.382188,67,-0.055678,175,0,No fault,2322.00
2026-08-12T10:50:41.372,1786524641.372369,5.656033,2,0,0.800000,108,0,0x03,left,514.401482,2434,0.178755,173,0,No fault,0x04,right,585.360227,-22,-0.032234,174,0,No fault,2456.00
2026-08-12T10:50:41.377,1786524641.377738,5.661397,2,0,0.800000,109,0,0x03,left,541.831836,2166,0.219780,173,0,No fault,0x04,right,585.360227,-112,-0.043956,174,0,No fault,2278.00
2026-08-12T10:50:41.383,1786524641.383048,5.666706,2,0,0.800000,110,0,0x03,left,514.972490,2434,0.114286,174,0,No fault,0x04,right,585.360227,-67,-0.043956,174,0,No fault,2501.00
2026-08-12T10:50:41.398,1786524641.398880,5.682550,2,0,0.800000,111,0,0x03,left,516.751400,2345,0.196337,172,0,No fault,0x04,right,585.382188,22,-0.032234,174,0,No fault,2323.00
2026-08-12T10:50:41.404,1786524641.404369,5.688048,2,0,0.800000,112,0,0x03,left,517.937340,2613,0.149451,173,0,No fault,0x04,right,585.360227,-156,-0.043956,174,0,No fault,2769.00
2026-08-12T10:50:41.420,1786524641.420210,5.703880,2,0,0.800000,113,0,0x03,left,518.530310,2613,0.126007,173,0,No fault,0x04,right,585.360227,-112,-0.032234,174,0,No fault,2725.00
2026-08-12T10:50:41.425,1786524641.425826,5.709488,2,0,0.800000,114,0,0x03,left,520.440992,2389,0.155311,172,0,No fault,0x04,right,585.360227,-22,-0.032234,175,0,No fault,2411.00
2026-08-12T10:50:41.431,1786524641.431146,5.714821,2,0,0.800000,115,0,0x03,left,520.792381,2389,0.131868,173,0,No fault,0x04,right,585.382188,67,-0.038095,176,0,No fault,2322.00
2026-08-12T10:50:41.436,1786524641.436476,5.720141,2,0,0.800000,116,0,0x03,left,521.363389,2389,0.149451,173,0,No fault,0x04,right,585.360227,-112,-0.073260,174,0,No fault,2501.00
2026-08-12T10:50:41.442,1786524641.442556,5.726239,2,0,0.800000,117,0,0x03,left,522.527368,2255,0.208059,169,0,No fault,0x04,right,585.382188,112,-0.020513,174,0,No fault,2143.00
2026-08-12T10:50:41.448,1786524641.448022,5.731698,2,0,0.800000,118,0,0x03,left,523.120338,2479,0.231502,173,0,No fault,0x04,right,585.360227,-22,-0.043956,174,0,No fault,2501.00
2026-08-12T10:50:41.453,1786524641.453590,5.737260,2,0,0.800000,119,0,0x03,left,523.691346,2211,0.114286,170,0,No fault,0x04,right,585.360227,-201,-0.043956,173,0,No fault,2412.00
2026-08-12T10:50:41.459,1786524641.459105,5.742776,2,0,0.800000,120,0,0x03,left,524.877286,2523,0.208059,173,0,No fault,0x04,right,585.360227,-67,-0.055678,174,0,No fault,2590.00
2026-08-12T10:50:41.464,1786524641.464505,5.748175,2,0,0.800000,121,0,0x03,left,525.470256,2300,0.178755,174,0,No fault,0x04,right,585.360227,-67,-0.043956,175,0,No fault,2367.00
2026-08-12T10:50:41.469,1786524641.469883,5.753546,2,0,0.800000,122,0,0x03,left,526.019302,2077,0.196337,172,0,No fault,0x04,right,585.360227,-112,-0.026374,175,0,No fault,2189.00
2026-08-12T10:50:41.475,1786524641.475204,5.758863,2,0,0.800000,123,0,0x03,left,526.656196,2568,0.084982,173,0,No fault,0x04,right,585.360227,-156,-0.061538,174,0,No fault,2724.00
2026-08-12T10:50:41.480,1786524641.480562,5.764234,2,0,0.800000,124,0,0x03,left,554.657557,2434,0.161172,174,0,No fault,0x04,right,585.382188,22,-0.061538,174,0,No fault,2412.00
2026-08-12T10:50:41.486,1786524641.486102,5.769775,2,0,0.800000,125,0,0x03,left,527.798212,2032,0.178755,173,0,No fault,0x04,right,585.360227,-156,-0.026374,174,0,No fault,2188.00
2026-08-12T10:50:41.491,1786524641.491744,5.775403,2,0,0.800000,126,0,0x03,left,528.413144,2479,0.196337,173,0,No fault,0x04,right,585.360227,-67,-0.043956,174,0,No fault,2546.00
2026-08-12T10:50:41.497,1786524641.497038,5.780695,2,0,0.800000,127,0,0x03,left,528.984152,2345,0.143590,174,0,No fault,0x04,right,585.360227,-112,-0.055678,174,0,No fault,2457.00
2026-08-12T10:50:41.502,1786524641.502337,5.785999,2,0,0.800000,128,0,0x03,left,529.577122,2345,0.131868,176,0,No fault,0x04,right,585.360227,-112,-0.043956,172,0,No fault,2457.00
2026-08-12T10:50:41.507,1786524641.507715,5.791390,2,0,0.800000,129,0,0x03,left,530.170092,2300,0.137729,173,0,No fault,0x04,right,585.360227,-156,-0.038095,174,0,No fault,2456.00
2026-08-12T10:50:41.513,1786524641.513101,5.796758,2,0,0.800000,130,0,0x03,left,530.763062,2568,0.155311,174,0,No fault,0x04,right,585.382188,112,-0.049817,172,0,No fault,2456.00
2026-08-12T10:50:41.518,1786524641.518389,5.802043,2,0,0.800000,131,0,0x03,left,531.334070,2300,0.184615,172,0,No fault,0x04,right,585.382188,156,-0.038095,173,0,No fault,2144.00
2026-08-12T10:50:41.523,1786524641.523688,5.807351,2,0,0.800000,132,0,0x03,left,531.927040,2255,0.137729,173,0,No fault,0x04,right,585.382188,22,-0.038095,175,0,No fault,2233.00
2026-08-12T10:50:41.529,1786524641.529044,5.812715,2,0,0.800000,133,0,0x03,left,532.520010,2300,0.102564,173,0,No fault,0x04,right,585.382188,156,-0.043956,175,0,No fault,2144.00
2026-08-12T10:50:41.534,1786524641.534418,5.818075,2,0,0.800000,134,0,0x03,left,533.112980,2300,0.120147,170,0,No fault,0x04,right,585.360227,-67,-0.038095,171,0,No fault,2367.00
2026-08-12T10:50:41.551,1786524641.551076,5.834761,3,-2500,5.000000,1,-2500,0x03,left,534.869928,2166,0.120147,173,0,No fault,0x04,right,585.360227,-156,-0.043956,174,0,No fault,2322.00
2026-08-12T10:50:41.556,1786524641.556528,5.840197,3,-2500,5.000000,2,-2500,0x03,left,535.462898,2389,0.079121,173,0,No fault,0x04,right,585.382188,-22,-0.055678,176,0,No fault,2411.00
2026-08-12T10:50:41.561,1786524641.561895,5.845565,3,-2500,5.000000,3,-2500,0x03,left,536.055868,2211,0.161172,173,0,No fault,0x04,right,585.360227,-201,-0.014652,174,0,No fault,2412.00
2026-08-12T10:50:41.567,1786524641.567258,5.850923,3,-2500,5.000000,4,-2500,0x03,left,536.648838,2434,0.155311,173,0,No fault,0x04,right,585.272379,-1050,-2.235897,174,0,No fault,3484.00
2026-08-12T10:50:41.572,1786524641.572906,5.856582,3,-2500,5.000000,5,-2500,0x03,left,537.219847,2255,0.167033,172,0,No fault,0x04,right,584.723333,-2613,-0.225641,175,0,No fault,4868.00
2026-08-12T10:50:41.578,1786524641.578469,5.862168,3,-2500,5.000000,6,-2500,0x03,left,537.812817,2479,0.131868,173,0,No fault,0x04,right,584.064477,-2747,0.020513,174,0,No fault,5226.00
2026-08-12T10:50:41.584,1786524641.584182,5.867861,3,-2500,5.000000,7,-2500,0x03,left,538.405787,2434,0.120147,173,0,No fault,0x04,right,583.471507,-2568,-0.167033,174,0,No fault,5002.00
2026-08-12T10:50:41.600,1786524641.600009,5.883687,3,-2500,5.000000,8,-2500,0x03,left,540.316468,2345,0.178755,173,0,No fault,0x04,right,582.285567,-2613,-0.143590,176,0,No fault,4958.00
2026-08-12T10:50:41.605,1786524641.605420,5.889129,3,-2500,5.000000,9,-2500,0x03,left,540.931400,2479,0.120147,171,0,No fault,0x04,right,581.670635,-2434,-0.208059,175,0,No fault,4913.00
2026-08-12T10:50:41.621,1786524641.621028,5.904683,3,-2500,5.000000,10,-2500,0x03,left,541.480446,2255,0.190476,174,0,No fault,0x04,right,579.057175,-2747,-0.190476,175,0,No fault,5002.00
2026-08-12T10:50:41.626,1786524641.626332,5.909994,3,-2500,5.000000,11,-2500,0x03,left,543.457013,2389,0.178755,173,0,No fault,0x04,right,578.464205,-2523,-0.161172,174,0,No fault,4912.00
2026-08-12T10:50:41.631,1786524641.631661,5.915318,3,-2500,5.000000,12,-2500,0x03,left,543.830364,2389,0.108425,174,0,No fault,0x04,right,577.849273,-2791,-0.155311,174,0,No fault,5180.00
2026-08-12T10:50:41.637,1786524641.637062,5.920718,3,-2500,5.000000,13,-2500,0x03,left,544.423334,2434,0.155311,173,0,No fault,0x04,right,577.256303,-2568,-0.161172,174,0,No fault,5002.00
2026-08-12T10:50:41.642,1786524641.642384,5.926034,3,-2500,5.000000,14,-2500,0x03,left,545.016304,2657,0.190476,175,0,No fault,0x04,right,576.070363,-2568,-0.237363,174,0,No fault,5225.00
2026-08-12T10:50:41.647,1786524641.647684,5.931353,3,-2500,5.000000,15,-2500,0x03,left,545.609274,2345,0.208059,173,0,No fault,0x04,right,575.455431,-2613,-0.155311,175,0,No fault,4958.00
2026-08-12T10:50:41.653,1786524641.653039,5.936689,3,-2500,5.000000,16,-2500,0x03,left,546.224206,2255,0.196337,170,0,No fault,0x04,right,574.884423,-2434,-0.184615,174,0,No fault,4689.00
2026-08-12T10:50:41.659,1786524641.659613,5.943331,3,-2500,5.000000,17,-2500,0x03,left,546.817176,2345,0.114286,175,0,No fault,0x04,right,574.291453,-2300,-0.167033,176,0,No fault,4645.00
2026-08-12T10:50:41.665,1786524641.665300,5.948994,3,-2500,5.000000,18,-2500,0x03,left,547.410146,2479,0.143590,172,0,No fault,0x04,right,573.676521,-2345,-0.149451,174,0,No fault,4824.00
2026-08-12T10:50:41.671,1786524641.671008,5.954666,3,-2500,5.000000,19,-2500,0x03,left,548.003116,2523,0.196337,172,0,No fault,0x04,right,573.083551,-2613,-0.208059,175,0,No fault,5136.00
2026-08-12T10:50:41.677,1786524641.677065,5.960729,3,-2500,5.000000,20,-2500,0x03,left,549.167094,2568,0.143590,174,0,No fault,0x04,right,572.468619,-2479,-0.120147,172,0,No fault,5047.00
2026-08-12T10:50:41.682,1786524641.682475,5.966135,3,-2500,5.000000,21,-2500,0x03,left,549.782026,2702,0.143590,173,0,No fault,0x04,right,571.853687,-2434,-0.143590,175,0,No fault,5136.00
2026-08-12T10:50:41.687,1786524641.687788,5.971440,3,-2500,5.000000,22,-2500,0x03,left,577.607693,2300,0.137729,175,0,No fault,0x04,right,571.282679,-2479,-0.178755,174,0,No fault,4779.00
2026-08-12T10:50:41.693,1786524641.693103,5.976766,3,-2500,5.000000,23,-2500,0x03,left,550.967966,2300,0.155311,173,0,No fault,0x04,right,570.689709,-2166,-0.161172,175,0,No fault,4466.00
2026-08-12T10:50:41.698,1786524641.698548,5.982206,3,-2500,5.000000,24,-2500,0x03,left,551.560936,2389,0.196337,172,0,No fault,0x04,right,570.074777,-2300,-0.184615,173,0,No fault,4689.00
2026-08-12T10:50:41.703,1786524641.703959,5.987608,3,-2500,5.000000,25,-2500,0x03,left,552.175868,2345,0.090842,173,0,No fault,0x04,right,568.866876,-2747,-0.161172,174,0,No fault,5092.00
2026-08-12T10:50:41.709,1786524641.709208,5.992858,3,-2500,5.000000,26,-2500,0x03,left,552.768838,2345,0.102564,173,0,No fault,0x04,right,568.273906,-2523,-0.208059,173,0,No fault,4868.00
2026-08-12T10:50:41.714,1786524641.714668,5.998331,3,-2500,5.000000,27,-2500,0x03,left,553.383770,2389,0.143590,173,0,No fault,0x04,right,567.680936,-2747,-0.225641,175,0,No fault,5136.00
2026-08-12T10:50:41.720,1786524641.720001,6.003651,3,-2500,5.000000,28,-2500,0x03,left,553.976740,2434,0.137729,172,0,No fault,0x04,right,567.109927,-2389,-0.184615,174,0,No fault,4823.00
2026-08-12T10:50:41.725,1786524641.725248,6.008895,3,-2500,5.000000,29,-2500,0x03,left,554.547748,2255,0.143590,173,0,No fault,0x04,right,566.494996,-2479,-0.190476,175,0,No fault,4734.00
2026-08-12T10:50:41.730,1786524641.730491,6.014138,3,-2500,5.000000,30,-2500,0x03,left,555.140718,2300,0.090842,174,0,No fault,0x04,right,565.902026,-2389,-0.219780,175,0,No fault,4689.00
2026-08-12T10:50:41.735,1786524641.735760,6.019420,3,-2500,5.000000,31,-2500,0x03,left,555.777612,2523,0.102564,171,0,No fault,0x04,right,565.287094,-2657,-0.172894,174,0,No fault,5180.00
2026-08-12T10:50:41.741,1786524641.741076,6.024724,3,-2500,5.000000,32,-2500,0x03,left,556.370582,2300,0.143590,173,0,No fault,0x04,right,564.716086,-2434,-0.231502,174,0,No fault,4734.00
2026-08-12T10:50:41.746,1786524641.746354,6.030005,3,-2500,5.000000,33,-2500,0x03,left,556.941590,2479,0.126007,173,0,No fault,0x04,right,564.123116,-2479,-0.184615,175,0,No fault,4958.00
2026-08-12T10:50:41.751,1786524641.751671,6.035334,3,-2500,5.000000,34,-2500,0x03,left,557.534560,2613,0.143590,172,0,No fault,0x04,right,563.530146,-2345,-0.219780,175,0,No fault,4958.00
2026-08-12T10:50:41.756,1786524641.756983,6.040635,3,-2500,5.000000,35,-2500,0x03,left,557.842026,2568,0.137729,173,0,No fault,0x04,right,562.937176,-2523,-0.237363,171,0,No fault,5091.00
2026-08-12T10:50:41.762,1786524641.762224,6.045873,3,-2500,5.000000,36,-2500,0x03,left,558.083606,1719,-1.339194,172,0,No fault,0x04,right,562.322244,-2523,-0.161172,174,0,No fault,4242.00
2026-08-12T10:50:41.767,1786524641.767529,6.051202,3,-2500,5.000000,37,-2500,0x03,left,558.193415,246,-0.430769,173,0,No fault,0x04,right,561.729274,-2523,-0.237363,176,0,No fault,2769.00
2026-08-12T10:50:41.772,1786524641.772896,6.056554,3,-2500,5.000000,38,-2500,0x03,left,558.127530,-290,-0.020513,173,0,No fault,0x04,right,561.158265,-2345,-0.202198,175,0,No fault,2055.00
2026-08-12T10:50:41.778,1786524641.778233,6.061895,3,-2500,5.000000,39,-2500,0x03,left,558.105568,67,0.014652,173,0,No fault,0x04,right,560.521372,-2479,-0.202198,174,0,No fault,2546.00
2026-08-12T10:50:41.783,1786524641.783720,6.067375,3,-2500,5.000000,40,-2500,0x03,left,558.127530,67,-0.061538,171,0,No fault,0x04,right,559.928402,-2702,-0.202198,174,0,No fault,2769.00
2026-08-12T10:50:41.799,1786524641.799420,6.083080,3,-2500,5.000000,41,-2500,0x03,left,558.105568,-156,-0.032234,173,0,No fault,0x04,right,559.357394,-2523,-0.178755,175,0,No fault,2367.00
2026-08-12T10:50:41.805,1786524641.805020,6.088687,3,-2500,5.000000,42,-2500,0x03,left,585.360227,22,-0.032234,174,0,No fault,0x04,right,558.171454,-2613,-0.213919,174,0,No fault,2635.00
2026-08-12T10:50:41.820,1786524641.820731,6.104420,3,-2500,5.000000,43,-2500,0x03,left,558.127530,112,-0.049817,174,0,No fault,0x04,right,555.623879,-2523,-0.208059,171,0,No fault,2635.00
2026-08-12T10:50:41.826,1786524641.826130,6.109794,3,-2500,5.000000,44,-2500,0x03,left,558.105568,-22,-0.032234,172,0,No fault,0x04,right,555.030909,-2300,-0.178755,174,0,No fault,2278.00
2026-08-12T10:50:41.831,1786524641.831441,6.115103,3,-2500,5.000000,45,-2500,0x03,left,558.105568,-67,-0.061538,173,0,No fault,0x04,right,554.437939,-2434,-0.202198,173,0,No fault,2367.00
2026-08-12T10:50:41.836,1786524641.836719,6.120375,3,-2500,5.000000,46,-2500,0x03,left,558.105568,-22,-0.038095,173,0,No fault,0x04,right,553.823007,-2523,-0.178755,174,0,No fault,2501.00
2026-08-12T10:50:41.841,1786524641.841991,6.125660,3,-2500,5.000000,47,-2500,0x03,left,558.105568,-22,-0.049817,173,0,No fault,0x04,right,553.208075,-2479,-0.202198,175,0,No fault,2457.00
2026-08-12T10:50:41.847,1786524641.847302,6.130954,3,-2500,5.000000,48,-2500,0x03,left,558.127530,246,-0.032234,173,0,No fault,0x04,right,552.659029,-2345,-0.172894,175,0,No fault,2591.00
2026-08-12T10:50:41.852,1786524641.852662,6.136313,3,-2500,5.000000,49,-2500,0x03,left,558.105568,-67,-0.032234,173,0,No fault,0x04,right,552.044097,-2568,-0.190476,174,0,No fault,2501.00
2026-08-12T10:50:41.857,1786524641.857924,6.141590,3,-2500,5.000000,50,-2500,0x03,left,558.127530,246,-0.026374,172,0,No fault,0x04,right,551.451127,-2523,-0.196337,174,0,No fault,2769.00
2026-08-12T10:50:41.863,1786524641.863270,6.146960,3,-2500,5.000000,51,-2500,0x03,left,558.105568,-112,-0.055678,173,0,No fault,0x04,right,550.858157,-2568,-0.167033,174,0,No fault,2456.00
2026-08-12T10:50:41.869,1786524641.869010,6.152666,3,-2500,5.000000,52,-2500,0x03,left,558.127530,112,-0.026374,173,0,No fault,0x04,right,549.672217,-2389,-0.190476,177,0,No fault,2501.00
2026-08-12T10:50:41.874,1786524641.874302,6.157962,3,-2500,5.000000,53,-2500,0x03,left,558.105568,-112,-0.049817,174,0,No fault,0x04,right,549.079247,-2434,-0.196337,173,0,No fault,2322.00
2026-08-12T10:50:41.879,1786524641.879605,6.163271,3,-2500,5.000000,54,-2500,0x03,left,558.105568,-67,-0.049817,173,0,No fault,0x04,right,548.442353,-2345,-0.155311,177,0,No fault,2278.00
2026-08-12T10:50:41.884,1786524641.884911,6.168562,3,-2500,5.000000,55,-2500,0x03,left,558.105568,-201,-0.061538,176,0,No fault,0x04,right,547.871345,-2613,-0.231502,175,0,No fault,2412.00
2026-08-12T10:50:41.890,1786524641.890161,6.173813,3,-2500,5.000000,56,-2500,0x03,left,558.105568,22,-0.043956,171,0,No fault,0x04,right,547.256413,-2702,-0.213919,174,0,No fault,2724.00
2026-08-12T10:50:41.895,1786524641.895407,6.179056,3,-2500,5.000000,57,-2500,0x03,left,558.105568,-112,-0.038095,173,0,No fault,0x04,right,546.685405,-2389,-0.190476,175,0,No fault,2277.00
2026-08-12T10:50:41.900,1786524641.900654,6.184310,3,-2500,5.000000,58,-2500,0x03,left,558.105568,-67,-0.038095,174,0,No fault,0x04,right,546.070473,-2523,-0.190476,174,0,No fault,2456.00
2026-08-12T10:50:41.905,1786524641.905927,6.189575,3,-2500,5.000000,59,-2500,0x03,left,558.105568,-67,-0.043956,171,0,No fault,0x04,right,545.499465,-2300,-0.196337,175,0,No fault,2233.00
2026-08-12T10:50:41.911,1786524641.911200,6.194857,3,-2500,5.000000,60,-2500,0x03,left,558.105568,22,-0.043956,173,0,No fault,0x04,right,544.884533,-2345,-0.202198,175,0,No fault,2367.00
2026-08-12T10:50:41.916,1786524641.916662,6.200367,3,-2500,5.000000,61,-2500,0x03,left,558.127530,246,-0.049817,173,0,No fault,0x04,right,544.291563,-2479,-0.161172,174,0,No fault,2725.00
2026-08-12T10:50:41.922,1786524641.922549,6.206238,3,-2500,5.000000,62,-2500,0x03,left,558.127530,112,-0.032234,173,0,No fault,0x04,right,543.698593,-2479,-0.208059,175,0,No fault,2591.00
2026-08-12T10:50:41.928,1786524641.928402,6.212064,3,-2500,5.000000,63,-2500,0x03,left,558.127530,67,-0.043956,173,0,No fault,0x04,right,543.083661,-2479,-0.202198,175,0,No fault,2546.00
2026-08-12T10:50:41.933,1786524641.933907,6.217570,3,-2500,5.000000,64,-2500,0x03,left,558.127530,67,-0.055678,173,0,No fault,0x04,right,542.358920,-2300,-0.178755,176,0,No fault,2367.00
2026-08-12T10:50:41.939,1786524641.939269,6.222926,3,-2500,5.000000,65,-2500,0x03,left,558.127530,246,-0.049817,173,0,No fault,0x04,right,541.765950,-2389,-0.202198,175,0,No fault,2635.00
2026-08-12T10:50:41.944,1786524641.944605,6.228265,3,-2500,5.000000,66,-2500,0x03,left,558.127530,246,-0.032234,172,0,No fault,0x04,right,541.172980,-2389,-0.202198,176,0,No fault,2635.00
2026-08-12T10:50:41.952,1786524641.952224,6.235881,3,-2500,5.000000,67,-2500,0x03,left,558.105568,-22,-0.020513,172,0,No fault,0x04,right,539.965078,-2479,-0.196337,174,0,No fault,2457.00
2026-08-12T10:50:41.957,1786524641.957522,6.241173,3,-2500,5.000000,68,-2500,0x03,left,558.127530,67,-0.043956,173,0,No fault,0x04,right,539.372108,-2568,-0.190476,172,0,No fault,2635.00
2026-08-12T10:50:41.962,1786524641.962806,6.246462,3,-2500,5.000000,69,-2500,0x03,left,558.127530,112,-0.043956,172,0,No fault,0x04,right,538.779138,-2613,-0.213919,175,0,No fault,2725.00
2026-08-12T10:50:41.968,1786524641.968120,6.251777,3,-2500,5.000000,70,-2500,0x03,left,558.105568,-112,-0.061538,172,0,No fault,0x04,right,538.186168,-2389,-0.184615,174,0,No fault,2277.00
2026-08-12T10:50:41.973,1786524641.973538,6.257198,3,-2500,5.000000,71,-2500,0x03,left,558.105568,-112,-0.043956,173,0,No fault,0x04,right,537.615160,-2300,-0.178755,174,0,No fault,2188.00
2026-08-12T10:50:41.978,1786524641.978886,6.262538,3,-2500,5.000000,72,-2500,0x03,left,558.105568,-67,-0.026374,173,0,No fault,0x04,right,536.978266,-2613,-0.178755,177,0,No fault,2546.00
2026-08-12T10:50:41.984,1786524641.984149,6.267797,3,-2500,5.000000,73,-2500,0x03,left,558.105568,22,-0.032234,174,0,No fault,0x04,right,536.385296,-2479,-0.213919,174,0,No fault,2501.00
2026-08-12T10:50:41.999,1786524641.999942,6.283607,3,-2500,5.000000,74,-2500,0x03,left,558.105568,-156,-0.043956,173,0,No fault,0x04,right,535.792326,-2568,-0.172894,174,0,No fault,2412.00
2026-08-12T10:50:42.005,1786524642.005744,6.289415,3,-2500,5.000000,75,-2500,0x03,left,558.105568,67,-0.026374,173,0,No fault,0x04,right,534.606386,-2657,-0.219780,173,0,No fault,2724.00
2026-08-12T10:50:42.021,1786524642.021498,6.305169,3,-2500,5.000000,76,-2500,0x03,left,558.105568,-112,-0.038095,175,0,No fault,0x04,right,532.146659,-2345,-0.167033,174,0,No fault,2233.00
2026-08-12T10:50:42.026,1786524642.026876,6.310540,3,-2500,5.000000,77,-2500,0x03,left,558.105568,-22,-0.043956,171,0,No fault,0x04,right,531.531727,-2613,-0.266667,175,0,No fault,2591.00
2026-08-12T10:50:42.032,1786524642.032258,6.315937,3,-2500,5.000000,78,-2500,0x03,left,558.105568,-156,-0.049817,173,0,No fault,0x04,right,530.938757,-2479,-0.178755,175,0,No fault,2323.00
2026-08-12T10:50:42.037,1786524642.037712,6.321374,3,-2500,5.000000,79,-2500,0x03,left,558.105568,-156,-0.055678,173,0,No fault,0x04,right,530.323825,-2389,-0.208059,172,0,No fault,2233.00
2026-08-12T10:50:42.043,1786524642.043063,6.326727,3,-2500,5.000000,80,-2500,0x03,left,558.105568,-67,-0.038095,173,0,No fault,0x04,right,529.686931,-2568,-0.208059,174,0,No fault,2501.00
2026-08-12T10:50:42.048,1786524642.048454,6.332130,3,-2500,5.000000,81,-2500,0x03,left,558.105568,-22,-0.061538,172,0,No fault,0x04,right,529.115923,-2300,-0.172894,174,0,No fault,2278.00
2026-08-12T10:50:42.053,1786524642.053864,6.337534,3,-2500,5.000000,82,-2500,0x03,left,558.105568,22,-0.038095,172,0,No fault,0x04,right,528.500991,-2523,-0.178755,174,0,No fault,2545.00
2026-08-12T10:50:42.059,1786524642.059237,6.342903,3,-2500,5.000000,83,-2500,0x03,left,558.105568,67,-0.026374,173,0,No fault,0x04,right,527.908021,-2568,-0.219780,174,0,No fault,2635.00
2026-08-12T10:50:42.064,1786524642.064605,6.348268,3,-2500,5.000000,84,-2500,0x03,left,558.127530,67,-0.061538,173,0,No fault,0x04,right,527.315051,-2434,-0.213919,175,0,No fault,2501.00
2026-08-12T10:50:42.069,1786524642.069967,6.353642,3,-2500,5.000000,85,-2500,0x03,left,558.105568,-156,-0.043956,172,0,No fault,0x04,right,526.700119,-2523,-0.190476,176,0,No fault,2367.00
2026-08-12T10:50:42.075,1786524642.075357,6.359017,3,-2500,5.000000,86,-2500,0x03,left,558.105568,-201,-0.043956,173,0,No fault,0x04,right,526.129111,-2568,-0.219780,175,0,No fault,2367.00
2026-08-12T10:50:42.080,1786524642.080677,6.364340,3,-2500,5.000000,87,-2500,0x03,left,558.105568,22,-0.038095,173,0,No fault,0x04,right,525.514179,-2568,-0.172894,174,0,No fault,2590.00
2026-08-12T10:50:42.086,1786524642.086605,6.370278,3,-2500,5.000000,88,-2500,0x03,left,558.105568,-22,-0.049817,174,0,No fault,0x04,right,524.943171,-2300,-0.208059,172,0,No fault,2278.00
2026-08-12T10:50:42.092,1786524642.092155,6.375818,3,-2500,5.000000,89,-2500,0x03,left,558.105568,-112,-0.043956,174,0,No fault,0x04,right,523.735269,-2434,-0.126007,174,0,No fault,2322.00
2026-08-12T10:50:42.097,1786524642.097670,6.381330,3,-2500,5.000000,90,-2500,0x03,left,558.127530,246,-0.038095,173,0,No fault,0x04,right,523.164261,-2255,-0.190476,175,0,No fault,2501.00
2026-08-12T10:50:42.103,1786524642.103018,6.386677,3,-2500,5.000000,91,-2500,0x03,left,558.127530,112,-0.020513,172,0,No fault,0x04,right,522.527368,-2613,-0.161172,175,0,No fault,2725.00
2026-08-12T10:50:42.108,1786524642.108441,6.392093,3,-2500,5.000000,92,-2500,0x03,left,558.105568,-156,-0.055678,172,0,No fault,0x04,right,521.956359,-2300,-0.196337,172,0,No fault,2144.00
2026-08-12T10:50:42.113,1786524642.113720,6.397371,3,-2500,5.000000,93,-2500,0x03,left,558.105568,22,-0.038095,172,0,No fault,0x04,right,521.363389,-2345,-0.196337,175,0,No fault,2367.00
2026-08-12T10:50:42.118,1786524642.118978,6.402626,3,-2500,5.000000,94,-2500,0x03,left,558.105568,-22,-0.043956,172,0,No fault,0x04,right,520.726496,-2568,-0.114286,171,0,No fault,2546.00
2026-08-12T10:50:42.124,1786524642.124252,6.407908,3,-2500,5.000000,95,-2500,0x03,left,558.105568,-22,-0.049817,173,0,No fault,0x04,right,520.133526,-2434,-0.208059,175,0,No fault,2412.00
2026-08-12T10:50:42.129,1786524642.129577,6.413237,3,-2500,5.000000,96,-2500,0x03,left,558.127530,67,-0.049817,171,0,No fault,0x04,right,519.540556,-2479,-0.184615,178,0,No fault,2546.00
2026-08-12T10:50:42.134,1786524642.134910,6.418567,3,-2500,5.000000,97,-2500,0x03,left,558.105568,-156,-0.049817,173,0,No fault,0x04,right,518.947586,-2434,-0.161172,174,0,No fault,2278.00
2026-08-12T10:50:42.140,1786524642.140241,6.423908,3,-2500,5.000000,98,-2500,0x03,left,558.105568,67,-0.032234,174,0,No fault,0x04,right,518.332654,-2657,-0.172894,175,0,No fault,2724.00
2026-08-12T10:50:42.145,1786524642.145592,6.429249,3,-2500,5.000000,99,-2500,0x03,left,558.127530,156,-0.020513,171,0,No fault,0x04,right,517.739684,-2568,-0.126007,176,0,No fault,2724.00
2026-08-12T10:50:42.150,1786524642.150907,6.434565,3,-2500,5.000000,100,-2500,0x03,left,558.105568,-67,-0.043956,172,0,No fault,0x04,right,517.146714,-2479,-0.149451,175,0,No fault,2412.00
2026-08-12T10:50:42.156,1786524642.156240,6.439897,3,-2500,5.000000,101,-2500,0x03,left,558.105568,-156,-0.073260,172,0,No fault,0x04,right,516.553744,-2613,-0.190476,176,0,No fault,2457.00
2026-08-12T10:50:42.161,1786524642.161563,6.445221,3,-2500,5.000000,102,-2500,0x03,left,558.105568,-67,-0.020513,172,0,No fault,0x04,right,515.960774,-2479,-0.167033,174,0,No fault,2412.00
2026-08-12T10:50:42.166,1786524642.166910,6.450569,3,-2500,5.000000,103,-2500,0x03,left,558.105568,67,-0.055678,174,0,No fault,0x04,right,515.367804,-2211,-0.137729,174,0,No fault,2278.00
2026-08-12T10:50:42.173,1786524642.173524,6.457229,3,-2500,5.000000,104,-2500,0x03,left,558.105568,-156,-0.067399,173,0,No fault,0x04,right,514.774834,-2523,-0.225641,177,0,No fault,2367.00
2026-08-12T10:50:42.179,1786524642.179295,6.462986,3,-2500,5.000000,105,-2500,0x03,left,558.127530,112,-0.043956,173,0,No fault,0x04,right,513.566932,-2523,-0.167033,176,0,No fault,2635.00
2026-08-12T10:50:42.184,1786524642.184834,6.468558,3,-2500,5.000000,106,-2500,0x03,left,558.105568,-67,-0.032234,173,0,No fault,0x04,right,512.930038,-2479,-0.219780,174,0,No fault,2412.00
2026-08-12T10:50:42.200,1786524642.200635,6.484343,3,-2500,5.000000,107,-2500,0x03,left,558.105568,-156,-0.049817,173,0,No fault,0x04,right,512.315106,-2345,-0.131868,174,0,No fault,2189.00
2026-08-12T10:50:42.206,1786524642.206179,6.489855,3,-2500,5.000000,108,-2500,0x03,left,558.105568,22,-0.043956,175,0,No fault,0x04,right,511.129166,-2523,-0.190476,174,0,No fault,2545.00
2026-08-12T10:50:42.222,1786524642.222116,6.505784,3,-2500,5.000000,109,-2500,0x03,left,558.105568,-156,-0.049817,173,0,No fault,0x04,right,508.954943,-2255,-0.172894,174,0,No fault,2099.00
2026-08-12T10:50:42.227,1786524642.227617,6.511281,3,-2500,5.000000,110,-2500,0x03,left,558.105568,-156,-0.055678,173,0,No fault,0x04,right,507.856850,-2389,-0.219780,175,0,No fault,2233.00
2026-08-12T10:50:42.232,1786524642.232980,6.516667,3,-2500,5.000000,111,-2500,0x03,left,558.105568,-246,-0.049817,172,0,No fault,0x04,right,507.241918,-2479,-0.202198,174,0,No fault,2233.00
2026-08-12T10:50:42.238,1786524642.238413,6.522085,3,-2500,5.000000,112,-2500,0x03,left,558.105568,-22,-0.055678,173,0,No fault,0x04,right,506.670910,-2523,-0.190476,175,0,No fault,2501.00
2026-08-12T10:50:42.243,1786524642.243797,6.527457,3,-2500,5.000000,113,-2500,0x03,left,558.105568,-67,-0.049817,173,0,No fault,0x04,right,506.099902,-2255,-0.225641,174,0,No fault,2188.00
2026-08-12T10:50:42.249,1786524642.249249,6.532924,3,-2500,5.000000,114,-2500,0x03,left,558.105568,-67,-0.038095,172,0,No fault,0x04,right,505.463008,-2479,-0.172894,175,0,No fault,2412.00
2026-08-12T10:50:42.254,1786524642.254799,6.538461,3,-2500,5.000000,115,-2500,0x03,left,558.105568,-112,-0.043956,172,0,No fault,0x04,right,504.892000,-2434,-0.237363,174,0,No fault,2322.00
2026-08-12T10:50:42.260,1786524642.260118,6.543778,3,-2500,5.000000,116,-2500,0x03,left,558.105568,-67,-0.049817,172,0,No fault,0x04,right,504.277068,-2657,-0.196337,174,0,No fault,2590.00
2026-08-12T10:50:42.265,1786524642.265512,6.549184,3,-2500,5.000000,117,-2500,0x03,left,558.105568,22,-0.038095,173,0,No fault,0x04,right,503.706060,-2345,-0.149451,171,0,No fault,2367.00
2026-08-12T10:50:42.271,1786524642.271004,6.554668,3,-2500,5.000000,118,-2500,0x03,left,558.127530,156,-0.038095,172,0,No fault,0x04,right,503.113090,-2300,-0.237363,175,0,No fault,2456.00
2026-08-12T10:50:42.276,1786524642.276431,6.560090,3,-2500,5.000000,119,-2500,0x03,left,558.105568,67,-0.032234,174,0,No fault,0x04,right,502.498158,-2523,-0.184615,174,0,No fault,2590.00
2026-08-12T10:50:42.281,1786524642.281756,6.565423,3,-2500,5.000000,120,-2500,0x03,left,558.127530,156,-0.043956,173,0,No fault,0x04,right,501.883227,-2479,-0.213919,176,0,No fault,2635.00
2026-08-12T10:50:42.287,1786524642.287101,6.570761,3,-2500,5.000000,121,-2500,0x03,left,558.105568,67,-0.032234,172,0,No fault,0x04,right,501.312218,-2434,-0.196337,174,0,No fault,2501.00
2026-08-12T10:50:42.292,1786524642.292401,6.576053,3,-2500,5.000000,122,-2500,0x03,left,558.105568,22,-0.032234,173,0,No fault,0x04,right,500.719248,-2613,-0.172894,174,0,No fault,2635.00
2026-08-12T10:50:42.297,1786524642.297690,6.581364,3,-2500,5.000000,123,-2500,0x03,left,558.105568,-22,-0.032234,173,0,No fault,0x04,right,500.126278,-2300,-0.208059,174,0,No fault,2278.00
2026-08-12T10:50:42.303,1786524642.303092,6.586759,3,-2500,5.000000,124,-2500,0x03,left,558.105568,-112,-0.032234,172,0,No fault,0x04,right,499.489385,-2613,-0.202198,175,0,No fault,2501.00
2026-08-12T10:50:42.308,1786524642.308442,6.592105,3,-2500,5.000000,125,-2500,0x03,left,558.105568,-201,-0.038095,173,0,No fault,0x04,right,498.918376,-2523,-0.202198,174,0,No fault,2322.00
2026-08-12T10:50:42.313,1786524642.313766,6.597429,3,-2500,5.000000,126,-2500,0x03,left,558.105568,-156,-0.073260,173,0,No fault,0x04,right,498.347368,-2389,-0.172894,175,0,No fault,2233.00
2026-08-12T10:50:42.319,1786524642.319143,6.602798,3,-2500,5.000000,127,-2500,0x03,left,558.105568,-112,-0.032234,173,0,No fault,0x04,right,497.732436,-2568,-0.155311,174,0,No fault,2456.00
2026-08-12T10:50:42.324,1786524642.324463,6.608128,3,-2500,5.000000,128,-2500,0x03,left,558.105568,-156,-0.049817,173,0,No fault,0x04,right,496.546496,-2300,-0.190476,174,0,No fault,2144.00
2026-08-12T10:50:42.329,1786524642.329875,6.613541,3,-2500,5.000000,129,-2500,0x03,left,558.127530,112,-0.032234,173,0,No fault,0x04,right,495.931565,-2613,-0.190476,175,0,No fault,2725.00
2026-08-12T10:50:42.335,1786524642.335218,6.618873,3,-2500,5.000000,130,-2500,0x03,left,558.105568,22,-0.043956,171,0,No fault,0x04,right,495.338595,-2479,-0.184615,176,0,No fault,2501.00
2026-08-12T10:50:42.340,1786524642.340520,6.624178,3,-2500,5.000000,131,-2500,0x03,left,558.105568,-112,-0.020513,173,0,No fault,0x04,right,494.767586,-2300,-0.190476,174,0,No fault,2188.00
2026-08-12T10:50:42.345,1786524642.345841,6.629506,3,-2500,5.000000,132,-2500,0x03,left,558.105568,-112,-0.055678,172,0,No fault,0x04,right,494.152655,-2523,-0.172894,174,0,No fault,2411.00
2026-08-12T10:50:42.351,1786524642.351193,6.634855,3,-2500,5.000000,133,-2500,0x03,left,558.105568,22,-0.032234,173,0,No fault,0x04,right,493.559685,-2255,-0.178755,175,0,No fault,2277.00
2026-08-12T10:50:42.356,1786524642.356513,6.640170,3,-2500,5.000000,134,-2500,0x03,left,558.105568,-112,-0.043956,173,0,No fault,0x04,right,492.966715,-2300,-0.225641,174,0,No fault,2188.00
2026-08-12T10:50:42.361,1786524642.361912,6.645571,3,-2500,5.000000,135,-2500,0x03,left,558.105568,22,-0.043956,172,0,No fault,0x04,right,492.373745,-2389,-0.149451,175,0,No fault,2411.00
2026-08-12T10:50:42.367,1786524642.367220,6.650885,3,-2500,5.000000,136,-2500,0x03,left,558.105568,22,-0.038095,172,0,No fault,0x04,right,491.758813,-2613,-0.172894,175,0,No fault,2635.00
2026-08-12T10:50:42.372,1786524642.372543,6.656200,3,-2500,5.000000,137,-2500,0x03,left,558.127530,22,-0.049817,173,0,No fault,0x04,right,491.165843,-2345,-0.196337,174,0,No fault,2367.00
2026-08-12T10:50:42.377,1786524642.377824,6.661479,3,-2500,5.000000,138,-2500,0x03,left,558.105568,-22,-0.038095,176,0,No fault,0x04,right,490.572873,-2523,-0.231502,176,0,No fault,2501.00
2026-08-12T10:50:42.383,1786524642.383127,6.666802,3,-2500,5.000000,139,-2500,0x03,left,558.105568,22,-0.038095,173,0,No fault,0x04,right,489.979903,-2434,-0.219780,174,0,No fault,2456.00
2026-08-12T10:50:42.388,1786524642.388471,6.672131,3,-2500,5.000000,140,-2500,0x03,left,558.105568,22,-0.026374,173,0,No fault,0x04,right,489.386933,-2568,-0.149451,174,0,No fault,2590.00
2026-08-12T10:50:42.404,1786524642.404139,6.687809,3,-2500,5.000000,141,-2500,0x03,left,558.105568,-112,-0.038095,173,0,No fault,0x04,right,488.179031,-2479,-0.225641,175,0,No fault,2367.00
2026-08-12T10:50:42.409,1786524642.409530,6.693194,3,-2500,5.000000,142,-2500,0x03,left,558.105568,-201,-0.043956,173,0,No fault,0x04,right,487.608023,-2211,-0.190476,172,0,No fault,2010.00
2026-08-12T10:50:42.415,1786524642.415075,6.698743,3,-2500,5.000000,143,-2500,0x03,left,558.105568,-156,-0.049817,173,0,No fault,0x04,right,485.938922,-2300,-0.231502,174,0,No fault,2144.00
2026-08-12T10:50:42.430,1786524642.430815,6.714488,3,-2500,5.000000,144,-2500,0x03,left,585.382188,67,-0.055678,176,0,No fault,0x04,right,484.665134,-2747,-0.266667,175,0,No fault,2814.00
2026-08-12T10:50:42.436,1786524642.436442,6.720112,3,-2500,5.000000,145,-2500,0x03,left,558.105568,-201,-0.067399,172,0,No fault,0x04,right,484.006279,-2523,-0.155311,175,0,No fault,2322.00
2026-08-12T10:50:42.442,1786524642.442932,6.726594,3,-2500,5.000000,146,-2500,0x03,left,558.127530,67,-0.055678,171,0,No fault,0x04,right,482.886224,-2300,-0.184615,174,0,No fault,2367.00
2026-08-12T10:50:42.448,1786524642.448264,6.731931,3,-2500,5.000000,147,-2500,0x03,left,558.105568,-112,-0.061538,172,0,No fault,0x04,right,482.249331,-2523,-0.184615,175,0,No fault,2411.00
2026-08-12T10:50:42.453,1786524642.453635,6.737304,3,-2500,5.000000,148,-2500,0x03,left,558.127530,112,-0.032234,173,0,No fault,0x04,right,481.656361,-2568,-0.213919,174,0,No fault,2680.00
2026-08-12T10:50:42.461,1786524642.461307,6.744967,3,-2500,5.000000,149,-2500,0x03,left,558.105568,22,-0.043956,175,0,No fault,0x04,right,481.063391,-2345,-0.167033,175,0,No fault,2367.00
2026-08-12T10:50:42.466,1786524642.466641,6.750294,3,-2500,5.000000,150,-2500,0x03,left,558.127530,67,-0.049817,173,0,No fault,0x04,right,480.492383,-2434,-0.178755,174,0,No fault,2501.00
2026-08-12T10:50:42.471,1786524642.471934,6.755601,3,-2500,5.000000,151,-2500,0x03,left,558.105568,-22,-0.055678,174,0,No fault,0x04,right,479.877451,-2657,-0.196337,175,0,No fault,2635.00
2026-08-12T10:50:42.477,1786524642.477428,6.761134,3,-2500,5.000000,152,-2500,0x03,left,585.360227,-112,-0.026374,175,0,No fault,0x04,right,479.284481,-2523,-0.213919,174,0,No fault,2411.00
2026-08-12T10:50:42.483,1786524642.483396,6.767066,3,-2500,5.000000,153,-2500,0x03,left,558.105568,-112,-0.055678,173,0,No fault,0x04,right,478.098541,-2523,-0.161172,174,0,No fault,2411.00
2026-08-12T10:50:42.488,1786524642.488803,6.772471,3,-2500,5.000000,154,-2500,0x03,left,558.105568,-67,-0.038095,172,0,No fault,0x04,right,477.483609,-2523,-0.178755,174,0,No fault,2456.00
2026-08-12T10:50:42.494,1786524642.494200,6.777870,3,-2500,5.000000,155,-2500,0x03,left,558.105568,-22,-0.026374,172,0,No fault,0x04,right,476.890639,-2702,-0.196337,175,0,No fault,2680.00
2026-08-12T10:50:42.499,1786524642.499624,6.783291,3,-2500,5.000000,156,-2500,0x03,left,558.127530,67,-0.049817,173,0,No fault,0x04,right,476.297669,-2434,-0.202198,175,0,No fault,2501.00
2026-08-12T10:50:42.505,1786524642.505108,6.788767,3,-2500,5.000000,157,-2500,0x03,left,558.105568,-22,-0.055678,173,0,No fault,0x04,right,475.704699,-2389,-0.184615,175,0,No fault,2367.00
2026-08-12T10:50:42.510,1786524642.510446,6.794113,3,-2500,5.000000,158,-2500,0x03,left,558.105568,-156,-0.032234,173,0,No fault,0x04,right,475.089767,-2434,-0.178755,175,0,No fault,2278.00
2026-08-12T10:50:42.515,1786524642.515812,6.799480,3,-2500,5.000000,159,-2500,0x03,left,558.127530,67,-0.032234,174,0,No fault,0x04,right,474.496797,-2613,-0.237363,175,0,No fault,2680.00
2026-08-12T10:50:42.521,1786524642.521157,6.804825,3,-2500,5.000000,160,-2500,0x03,left,558.105568,-67,-0.043956,172,0,No fault,0x04,right,473.903827,-2523,-0.178755,174,0,No fault,2456.00
2026-08-12T10:50:42.526,1786524642.526526,6.810193,3,-2500,5.000000,161,-2500,0x03,left,558.105568,-112,-0.032234,172,0,No fault,0x04,right,473.310857,-2345,-0.225641,174,0,No fault,2233.00
2026-08-12T10:50:42.531,1786524642.531883,6.815553,3,-2500,5.000000,162,-2500,0x03,left,558.105568,-156,-0.043956,170,0,No fault,0x04,right,472.717887,-2434,-0.178755,176,0,No fault,2278.00
2026-08-12T10:50:42.537,1786524642.537318,6.820997,3,-2500,5.000000,163,-2500,0x03,left,558.105568,-201,-0.032234,172,0,No fault,0x04,right,472.124917,-2613,-0.208059,174,0,No fault,2412.00
2026-08-12T10:50:42.542,1786524642.542792,6.826462,3,-2500,5.000000,164,-2500,0x03,left,558.105568,-112,-0.061538,173,0,No fault,0x04,right,471.509985,-2523,-0.237363,174,0,No fault,2411.00
2026-08-12T10:50:42.548,1786524642.548172,6.831843,3,-2500,5.000000,165,-2500,0x03,left,558.105568,-67,-0.032234,173,0,No fault,0x04,right,470.895053,-2613,-0.167033,175,0,No fault,2546.00
2026-08-12T10:50:42.553,1786524642.553555,6.837224,3,-2500,5.000000,166,-2500,0x03,left,558.127530,67,-0.043956,173,0,No fault,0x04,right,470.324045,-2479,-0.225641,173,0,No fault,2546.00
2026-08-12T10:50:42.558,1786524642.558918,6.842584,3,-2500,5.000000,167,-2500,0x03,left,558.105568,-22,-0.038095,172,0,No fault,0x04,right,469.709113,-2523,-0.184615,175,0,No fault,2501.00
2026-08-12T10:50:42.564,1786524642.564264,6.847926,3,-2500,5.000000,168,-2500,0x03,left,558.105568,-112,-0.055678,173,0,No fault,0x04,right,469.116143,-2747,-0.167033,175,0,No fault,2635.00
2026-08-12T10:50:42.569,1786524642.569832,6.853506,3,-2500,5.000000,169,-2500,0x03,left,558.017721,-1184,-2.458608,174,0,No fault,0x04,right,468.523173,-2389,-0.202198,174,0,No fault,1205.00
2026-08-12T10:50:42.575,1786524642.575247,6.858914,3,-2500,5.000000,170,-2500,0x03,left,557.402789,-2791,-0.196337,176,0,No fault,0x04,right,467.337233,-2345,-0.196337,175,0,No fault,-446.00
2026-08-12T10:50:42.580,1786524642.580676,6.864343,3,-2500,5.000000,171,-2500,0x03,left,556.765895,-2479,0.032234,173,0,No fault,0x04,right,466.722301,-2389,-0.167033,174,0,No fault,-90.00
2026-08-12T10:50:42.586,1786524642.586117,6.869779,3,-2500,5.000000,172,-2500,0x03,left,555.579955,-2613,-0.184615,172,0,No fault,0x04,right,466.129331,-2568,-0.225641,178,0,No fault,-45.00
2026-08-12T10:50:42.591,1786524642.591474,6.875139,3,-2500,5.000000,173,-2500,0x03,left,554.921099,-2523,-0.167033,173,0,No fault,0x04,right,465.536361,-2434,-0.172894,174,0,No fault,-89.00
2026-08-12T10:50:42.607,1786524642.607182,6.890859,3,-2500,5.000000,174,-2500,0x03,left,553.098266,-2300,-0.102564,171,0,No fault,0x04,right,464.943391,-2300,-0.219780,174,0,No fault,0.00
2026-08-12T10:50:42.612,1786524642.612603,6.896266,3,-2500,5.000000,175,-2500,0x03,left,552.505296,-2613,-0.178755,173,0,No fault,0x04,right,463.735489,-2791,-0.172894,174,0,No fault,178.00
2026-08-12T10:50:42.628,1786524642.628332,6.912011,3,-2500,5.000000,176,-2500,0x03,left,551.934288,-2211,-0.167033,173,0,No fault,0x04,right,461.319686,-2613,-0.213919,174,0,No fault,402.00
2026-08-12T10:50:42.633,1786524642.633754,6.917418,3,-2500,5.000000,177,-2500,0x03,left,549.562408,-2613,-0.196337,173,0,No fault,0x04,right,460.704754,-2568,-0.096703,174,0,No fault,-45.00
2026-08-12T10:50:42.639,1786524642.639183,6.922846,3,-2500,5.000000,178,-2500,0x03,left,549.276903,-2434,-0.219780,172,0,No fault,0x04,right,460.111784,-2345,-0.213919,174,0,No fault,-89.00
2026-08-12T10:50:42.644,1786524642.644587,6.928262,3,-2500,5.000000,179,-2500,0x03,left,548.925514,-2434,-0.213919,173,0,No fault,0x04,right,459.496852,-2613,-0.178755,174,0,No fault,179.00
2026-08-12T10:50:42.649,1786524642.649981,6.933641,3,-2500,5.000000,180,-2500,0x03,left,548.332544,-2523,-0.137729,173,0,No fault,0x04,right,458.903882,-2345,-0.190476,175,0,No fault,-178.00
2026-08-12T10:50:42.655,1786524642.655328,6.938984,3,-2500,5.000000,181,-2500,0x03,left,547.739574,-2434,-0.114286,175,0,No fault,0x04,right,458.310912,-2389,-0.143590,175,0,No fault,-45.00
2026-08-12T10:50:42.660,1786524642.660731,6.944408,3,-2500,5.000000,182,-2500,0x03,left,547.146604,-2389,-0.172894,172,0,No fault,0x04,right,457.674018,-2523,-0.155311,175,0,No fault,134.00
2026-08-12T10:50:42.666,1786524642.666179,6.949842,3,-2500,5.000000,183,-2500,0x03,left,546.531672,-2479,-0.219780,173,0,No fault,0x04,right,457.081048,-2523,-0.161172,174,0,No fault,44.00
2026-08-12T10:50:42.671,1786524642.671666,6.955362,3,-2500,5.000000,184,-2500,0x03,left,545.960664,-2523,-0.272527,171,0,No fault,0x04,right,456.488078,-2389,-0.196337,174,0,No fault,-134.00
2026-08-12T10:50:42.677,1786524642.677173,6.960838,3,-2500,5.000000,185,-2500,0x03,left,545.367694,-2434,-0.137729,175,0,No fault,0x04,right,455.873146,-2568,-0.184615,174,0,No fault,134.00
2026-08-12T10:50:42.682,1786524642.682770,6.966431,3,-2500,5.000000,186,-2500,0x03,left,544.708838,-2568,-0.120147,172,0,No fault,0x04,right,455.280176,-2389,-0.131868,174,0,No fault,-179.00
2026-08-12T10:50:42.688,1786524642.688163,6.971821,3,-2500,5.000000,187,-2500,0x03,left,543.522898,-2479,-0.172894,174,0,No fault,0x04,right,454.687206,-2479,-0.196337,174,0,No fault,0.00
2026-08-12T10:50:42.693,1786524642.693596,6.977254,3,-2500,5.000000,188,-2500,0x03,left,542.929928,-2300,-0.243223,174,0,No fault,0x04,right,454.072274,-2434,-0.155311,175,0,No fault,134.00
2026-08-12T10:50:42.699,1786524642.699078,6.982730,3,-2500,5.000000,189,-2500,0x03,left,542.336958,-2389,-0.096703,173,0,No fault,0x04,right,452.864372,-2345,-0.184615,174,0,No fault,-44.00
2026-08-12T10:50:42.704,1786524642.704394,6.988054,3,-2500,5.000000,190,-2500,0x03,left,541.722026,-2479,-0.114286,173,0,No fault,0x04,right,452.249441,-2389,-0.102564,175,0,No fault,-90.00
2026-08-12T10:50:42.709,1786524642.709738,6.993397,3,-2500,5.000000,191,-2500,0x03,left,541.107094,-2881,-0.237363,174,0,No fault,0x04,right,451.656471,-2613,-0.202198,174,0,No fault,-268.00
2026-08-12T10:50:42.715,1786524642.715063,6.998720,3,-2500,5.000000,192,-2500,0x03,left,540.536086,-2345,-0.196337,173,0,No fault,0x04,right,451.041539,-2613,-0.184615,176,0,No fault,268.00
2026-08-12T10:50:42.720,1786524642.720374,7.004026,3,-2500,5.000000,193,-2500,0x03,left,539.921154,-2523,-0.155311,173,0,No fault,0x04,right,450.448569,-2345,-0.190476,175,0,No fault,-178.00
2026-08-12T10:50:42.725,1786524642.725703,7.009364,3,-2500,5.000000,194,-2500,0x03,left,539.328184,-2434,-0.114286,172,0,No fault,0x04,right,449.855599,-2523,-0.167033,173,0,No fault,89.00
2026-08-12T10:50:42.731,1786524642.731046,7.014701,3,-2500,5.000000,195,-2500,0x03,left,538.713253,-2389,-0.120147,173,0,No fault,0x04,right,449.262629,-2702,-0.161172,178,0,No fault,313.00
2026-08-12T10:50:42.736,1786524642.736369,7.020025,3,-2500,5.000000,196,-2500,0x03,left,538.120283,-2345,-0.196337,173,0,No fault,0x04,right,448.669659,-2389,-0.213919,176,0,No fault,44.00
2026-08-12T10:50:42.741,1786524642.741696,7.025351,3,-2500,5.000000,197,-2500,0x03,left,537.527313,-2568,-0.196337,171,0,No fault,0x04,right,448.076689,-2255,-0.213919,175,0,No fault,-313.00
2026-08-12T10:50:42.747,1786524642.747024,7.030686,3,-2500,5.000000,198,-2500,0x03,left,536.934343,-2479,-0.137729,175,0,No fault,0x04,right,447.461757,-2434,-0.213919,174,0,No fault,-45.00
2026-08-12T10:50:42.752,1786524642.752360,7.036015,3,-2500,5.000000,199,-2500,0x03,left,536.319411,-2657,-0.126007,177,0,No fault,0x04,right,446.890749,-2255,-0.172894,175,0,No fault,-402.00
2026-08-12T10:50:42.757,1786524642.757820,7.041477,3,-2500,5.000000,200,-2500,0x03,left,535.704479,-2523,-0.149451,174,0,No fault,0x04,right,446.275817,-2523,-0.202198,175,0,No fault,0.00
2026-08-12T10:50:42.763,1786524642.763170,7.046831,3,-2500,5.000000,201,-2500,0x03,left,535.111509,-2568,-0.143590,173,0,No fault,0x04,right,445.682847,-2613,-0.190476,174,0,No fault,45.00
2026-08-12T10:50:42.768,1786524642.768513,7.052169,3,-2500,5.000000,202,-2500,0x03,left,534.518539,-2523,-0.184615,173,0,No fault,0x04,right,445.089877,-2479,-0.213919,175,0,No fault,-44.00
2026-08-12T10:50:42.773,1786524642.773844,7.057498,3,-2500,5.000000,203,-2500,0x03,left,533.925569,-2389,-0.102564,173,0,No fault,0x04,right,444.496907,-2523,-0.260806,174,0,No fault,134.00
2026-08-12T10:50:42.779,1786524642.779158,7.062816,3,-2500,5.000000,204,-2500,0x03,left,533.310637,-2523,-0.126007,173,0,No fault,0x04,right,443.903937,-2434,-0.155311,174,0,No fault,-89.00
2026-08-12T10:50:42.784,1786524642.784493,7.068149,3,-2500,5.000000,205,-2500,0x03,left,532.695705,-2568,-0.143590,173,0,No fault,0x04,right,443.310967,-2702,-0.219780,174,0,No fault,134.00
2026-08-12T10:50:42.789,1786524642.789822,7.073477,3,-2500,5.000000,206,-2500,0x03,left,532.102735,-2345,-0.172894,173,0,No fault,0x04,right,442.717997,-2523,-0.202198,175,0,No fault,178.00
2026-08-12T10:50:42.795,1786524642.795388,7.079055,3,-2500,5.000000,207,-2500,0x03,left,531.509765,-2657,-0.202198,175,0,No fault,0x04,right,442.125027,-2434,-0.208059,174,0,No fault,-223.00
2026-08-12T10:50:42.811,1786524642.811415,7.095080,3,-2500,5.000000,208,-2500,0x03,left,529.093961,-2613,-0.249084,175,0,No fault,0x04,right,440.961049,-2389,-0.155311,177,0,No fault,-224.00
2026-08-12T10:50:42.816,1786524642.816757,7.100419,3,-2500,5.000000,209,-2500,0x03,left,528.500991,-2657,-0.167033,172,0,No fault,0x04,right,440.368079,-2300,-0.172894,177,0,No fault,-357.00
2026-08-12T10:50:42.832,1786524642.832493,7.116164,3,-2500,5.000000,210,-2500,0x03,left,527.908021,-2568,-0.155311,172,0,No fault,0x04,right,437.842466,-2389,-0.167033,173,0,No fault,-179.00
2026-08-12T10:50:42.838,1786524642.838021,7.121694,3,-2500,5.000000,211,-2500,0x03,left,525.755760,-2121,-0.254945,173,0,No fault,0x04,right,437.249496,-2523,-0.167033,175,0,No fault,402.00
2026-08-12T10:50:42.843,1786524642.843526,7.127185,3,-2500,5.000000,212,-2500,0x03,left,525.404370,-2389,-0.131868,172,0,No fault,0x04,right,436.634564,-2568,-0.225641,175,0,No fault,179.00
2026-08-12T10:50:42.849,1786524642.849015,7.132704,3,-2500,5.000000,213,-2500,0x03,left,524.789438,-2613,-0.155311,173,0,No fault,0x04,right,436.063556,-2747,-0.225641,176,0,No fault,134.00
2026-08-12T10:50:42.854,1786524642.854484,7.138144,3,-2500,5.000000,214,-2500,0x03,left,524.196468,-2255,-0.184615,174,0,No fault,0x04,right,434.767806,-2434,-0.184615,173,0,No fault,179.00
2026-08-12T10:50:42.859,1786524642.859760,7.143412,3,-2500,5.000000,215,-2500,0x03,left,523.603498,-2345,-0.196337,172,0,No fault,0x04,right,434.196798,-2389,-0.172894,175,0,No fault,44.00
2026-08-12T10:50:42.865,1786524642.865080,7.148749,3,-2500,5.000000,216,-2500,0x03,left,522.988566,-2479,-0.225641,172,0,No fault,0x04,right,433.581866,-2389,-0.184615,174,0,No fault,-90.00
2026-08-12T10:50:42.870,1786524642.870444,7.154104,3,-2500,5.000000,217,-2500,0x03,left,522.395596,-2479,-0.131868,173,0,No fault,0x04,right,432.988896,-2523,-0.231502,175,0,No fault,44.00
2026-08-12T10:50:42.875,1786524642.875782,7.159442,3,-2500,5.000000,218,-2500,0x03,left,521.802626,-2345,-0.108425,173,0,No fault,0x04,right,432.395926,-2479,-0.137729,174,0,No fault,134.00
2026-08-12T10:50:42.881,1786524642.881107,7.164762,3,-2500,5.000000,219,-2500,0x03,left,521.187695,-2389,-0.196337,173,0,No fault,0x04,right,431.802956,-2389,-0.208059,173,0,No fault,0.00
2026-08-12T10:50:42.886,1786524642.886614,7.170280,3,-2500,5.000000,220,-2500,0x03,left,520.594725,-2479,-0.208059,172,0,No fault,0x04,right,431.188024,-2523,-0.196337,173,0,No fault,44.00
2026-08-12T10:50:42.892,1786524642.892100,7.175759,3,-2500,5.000000,221,-2500,0x03,left,519.386823,-2389,-0.137729,173,0,No fault,0x04,right,430.617016,-2345,-0.249084,174,0,No fault,-44.00
2026-08-12T10:50:42.897,1786524642.897375,7.181026,3,-2500,5.000000,222,-2500,0x03,left,518.771891,-2523,-0.114286,173,0,No fault,0x04,right,430.024046,-2434,-0.184615,174,0,No fault,-89.00
2026-08-12T10:50:42.902,1786524642.902675,7.186326,3,-2500,5.000000,223,-2500,0x03,left,518.178921,-2389,-0.178755,174,0,No fault,0x04,right,429.409114,-2523,-0.167033,177,0,No fault,134.00
2026-08-12T10:50:42.907,1786524642.907964,7.191650,3,-2500,5.000000,224,-2500,0x03,left,517.585951,-2434,-0.213919,172,0,No fault,0x04,right,428.816144,-2613,-0.196337,174,0,No fault,179.00
2026-08-12T10:50:42.913,1786524642.913360,7.197017,3,-2500,5.000000,225,-2500,0x03,left,516.971019,-2657,-0.143590,172,0,No fault,0x04,right,428.223174,-2345,-0.213919,174,0,No fault,-312.00
2026-08-12T10:50:42.918,1786524642.918734,7.202407,3,-2500,5.000000,226,-2500,0x03,left,516.378049,-2523,-0.073260,172,0,No fault,0x04,right,427.630204,-2657,-0.213919,174,0,No fault,134.00
2026-08-12T10:50:42.924,1786524642.924295,7.208007,3,-2500,5.000000,227,-2500,0x03,left,515.785079,-2434,-0.126007,174,0,No fault,0x04,right,427.037234,-2389,-0.208059,174,0,No fault,-45.00
2026-08-12T10:50:42.929,1786524642.929811,7.213479,3,-2500,5.000000,228,-2500,0x03,left,515.170147,-2389,-0.167033,176,0,No fault,0x04,right,426.444264,-2523,-0.172894,175,0,No fault,134.00
2026-08-12T10:50:42.935,1786524642.935168,7.218834,3,-2500,5.000000,229,-2500,0x03,left,514.577177,-2345,-0.213919,172,0,No fault,0x04,right,425.851294,-2479,-0.196337,174,0,No fault,134.00
2026-08-12T10:50:42.940,1786524642.940602,7.224292,3,-2500,5.000000,230,-2500,0x03,left,513.962245,-2389,-0.114286,173,0,No fault,0x04,right,425.236362,-2389,-0.213919,174,0,No fault,0.00
2026-08-12T10:50:42.946,1786524642.946223,7.229893,3,-2500,5.000000,231,-2500,0x03,left,513.347313,-2702,-0.067399,171,0,No fault,0x04,right,424.643392,-2657,-0.213919,174,0,No fault,-45.00
2026-08-12T10:50:42.951,1786524642.951881,7.235546,3,-2500,5.000000,232,-2500,0x03,left,512.754343,-2568,-0.172894,173,0,No fault,0x04,right,423.457452,-2121,-0.202198,178,0,No fault,-447.00
2026-08-12T10:50:42.957,1786524642.957220,7.240877,3,-2500,5.000000,233,-2500,0x03,left,512.161373,-2479,-0.178755,173,0,No fault,0x04,right,422.820559,-2300,-0.196337,174,0,No fault,-179.00
2026-08-12T10:50:42.964,1786524642.964020,7.247687,3,-2500,5.000000,234,-2500,0x03,left,510.975433,-2568,-0.137729,174,0,No fault,0x04,right,422.227589,-2211,-0.208059,172,0,No fault,-357.00
2026-08-12T10:50:42.969,1786524642.969351,7.253006,3,-2500,5.000000,235,-2500,0x03,left,510.360501,-2389,-0.114286,173,0,No fault,0x04,right,421.634619,-2345,-0.231502,174,0,No fault,-44.00
2026-08-12T10:50:42.974,1786524642.974704,7.258366,3,-2500,5.000000,236,-2500,0x03,left,509.767531,-2523,-0.196337,172,0,No fault,0x04,right,421.041649,-2523,-0.196337,174,0,No fault,0.00
2026-08-12T10:50:42.980,1786524642.980039,7.263692,3,-2500,5.000000,237,-2500,0x03,left,509.174561,-2568,-0.202198,172,0,No fault,0x04,right,420.426717,-2657,-0.155311,177,0,No fault,89.00
2026-08-12T10:50:42.985,1786524642.985308,7.268959,3,-2500,5.000000,238,-2500,0x03,left,508.581591,-2523,-0.178755,173,0,No fault,0x04,right,419.855709,-2389,-0.231502,175,0,No fault,-134.00
2026-08-12T10:50:42.990,1786524642.990570,7.274220,3,-2500,5.000000,239,-2500,0x03,left,507.988621,-2434,-0.120147,173,0,No fault,0x04,right,419.262739,-2434,-0.213919,175,0,No fault,0.00
2026-08-12T10:50:42.995,1786524642.995812,7.279461,3,-2500,5.000000,240,-2500,0x03,left,507.395651,-2389,-0.149451,173,0,No fault,0x04,right,418.669769,-2434,-0.202198,174,0,No fault,45.00
2026-08-12T10:50:43.011,1786524643.011342,7.294999,3,-2500,5.000000,241,-2500,0x03,left,505.594780,-2434,-0.167033,174,0,No fault,0x04,right,417.461867,-2523,-0.172894,174,0,No fault,89.00
2026-08-12T10:50:43.016,1786524643.016658,7.300313,3,-2500,5.000000,242,-2500,0x03,left,504.979848,-2568,-0.090842,173,0,No fault,0x04,right,416.868897,-2613,-0.208059,175,0,No fault,45.00
2026-08-12T10:50:43.022,1786524643.022002,7.305651,3,-2500,5.000000,243,-2500,0x03,left,504.386878,-2568,-0.167033,173,0,No fault,0x04,right,415.046063,-2389,-0.178755,175,0,No fault,-179.00
2026-08-12T10:50:43.037,1786524643.037528,7.321184,3,-2500,5.000000,244,-2500,0x03,left,502.410311,-2389,-0.126007,172,0,No fault,0x04,right,413.816199,-2523,-0.196337,175,0,No fault,134.00
2026-08-12T10:50:43.042,1786524643.042835,7.326490,3,-2500,5.000000,245,-2500,0x03,left,502.036959,-2389,-0.084982,173,0,No fault,0x04,right,413.223229,-2255,-0.225641,177,0,No fault,-134.00
2026-08-12T10:50:43.048,1786524643.048139,7.331793,3,-2500,5.000000,246,-2500,0x03,left,501.422028,-2121,-0.178755,173,0,No fault,0x04,right,412.652221,-2211,-0.196337,176,0,No fault,90.00
2026-08-12T10:50:43.053,1786524643.053492,7.337154,3,-2500,5.000000,247,-2500,0x03,left,500.807096,-2389,-0.167033,172,0,No fault,0x04,right,412.015327,-2434,-0.178755,175,0,No fault,45.00
2026-08-12T10:50:43.058,1786524643.058837,7.342492,3,-2500,5.000000,248,-2500,0x03,left,500.214126,-2434,-0.149451,173,0,No fault,0x04,right,411.400396,-2568,-0.202198,175,0,No fault,134.00
2026-08-12T10:50:43.064,1786524643.064113,7.347765,3,-2500,5.000000,249,-2500,0x03,left,499.599194,-2568,-0.108425,172,0,No fault,0x04,right,410.807426,-2613,-0.190476,175,0,No fault,45.00
2026-08-12T10:50:43.069,1786524643.069372,7.353022,3,-2500,5.000000,250,-2500,0x03,left,499.006224,-2434,-0.102564,172,0,No fault,0x04,right,410.236417,-2479,-0.243223,175,0,No fault,45.00
2026-08-12T10:50:43.074,1786524643.074881,7.358537,3,-2500,5.000000,251,-2500,0x03,left,498.413254,-2434,-0.114286,174,0,No fault,0x04,right,409.621486,-2255,-0.161172,173,0,No fault,-179.00
2026-08-12T10:50:43.080,1786524643.080199,7.363854,3,-2500,5.000000,252,-2500,0x03,left,497.820284,-2345,-0.161172,173,0,No fault,0x04,right,408.435546,-2345,-0.184615,175,0,No fault,0.00
2026-08-12T10:50:43.085,1786524643.085536,7.369191,3,-2500,5.000000,253,-2500,0x03,left,497.205352,-2523,-0.161172,172,0,No fault,0x04,right,407.842576,-2568,-0.254945,175,0,No fault,45.00
2026-08-12T10:50:43.090,1786524643.090918,7.374578,3,-2500,5.000000,254,-2500,0x03,left,496.590420,-2523,-0.079121,173,0,No fault,0x04,right,407.205682,-2523,-0.190476,174,0,No fault,0.00
2026-08-12T10:50:43.096,1786524643.096649,7.380310,3,-2500,5.000000,255,-2500,0x03,left,495.997450,-2568,-0.108425,173,0,No fault,0x04,right,406.656636,-2434,-0.167033,174,0,No fault,-134.00
2026-08-12T10:50:43.102,1786524643.102057,7.385712,3,-2500,5.000000,256,-2500,0x03,left,494.723663,-2434,-0.143590,172,0,No fault,0x04,right,406.063666,-2300,-0.190476,174,0,No fault,-134.00
2026-08-12T10:50:43.107,1786524643.107369,7.391024,3,-2500,5.000000,257,-2500,0x03,left,494.152655,-2523,-0.161172,172,0,No fault,0x04,right,405.448734,-2434,-0.184615,174,0,No fault,-89.00
2026-08-12T10:50:43.112,1786524643.112678,7.396342,3,-2500,5.000000,258,-2500,0x03,left,493.537723,-2479,-0.055678,173,0,No fault,0x04,right,404.855764,-2389,-0.249084,175,0,No fault,-90.00
2026-08-12T10:50:43.117,1786524643.117979,7.401627,3,-2500,5.000000,259,-2500,0x03,left,492.922791,-2300,-0.108425,173,0,No fault,0x04,right,404.262794,-2523,-0.161172,174,0,No fault,223.00
2026-08-12T10:50:43.123,1786524643.123264,7.406918,3,-2500,5.000000,260,-2500,0x03,left,492.307859,-2613,-0.172894,174,0,No fault,0x04,right,403.669824,-2211,-0.143590,174,0,No fault,-402.00
2026-08-12T10:50:43.128,1786524643.128595,7.412258,3,-2500,5.000000,261,-2500,0x03,left,491.736851,-2255,-0.172894,173,0,No fault,0x04,right,403.076854,-2434,-0.231502,174,0,No fault,179.00
2026-08-12T10:50:43.133,1786524643.133948,7.417604,3,-2500,5.000000,262,-2500,0x03,left,491.121919,-2657,-0.149451,173,0,No fault,0x04,right,402.461922,-2479,-0.178755,175,0,No fault,-178.00
2026-08-12T10:50:43.139,1786524643.139262,7.422915,3,-2500,5.000000,263,-2500,0x03,left,490.528949,-2479,-0.096703,173,0,No fault,0x04,right,401.868952,-2345,-0.196337,174,0,No fault,-134.00
2026-08-12T10:50:43.144,1786524643.144704,7.428368,3,-2500,5.000000,264,-2500,0x03,left,489.935979,-2389,-0.167033,173,0,No fault,0x04,right,401.254020,-2791,-0.178755,174,0,No fault,402.00
2026-08-12T10:50:43.150,1786524643.150057,7.433708,3,-2500,5.000000,265,-2500,0x03,left,489.343009,-2479,-0.231502,173,0,No fault,0x04,right,400.683012,-2300,-0.108425,174,0,No fault,-179.00
2026-08-12T10:50:43.155,1786524643.155327,7.438977,3,-2500,5.000000,266,-2500,0x03,left,488.750039,-2479,-0.231502,174,0,No fault,0x04,right,400.068080,-2523,-0.202198,174,0,No fault,44.00
2026-08-12T10:50:43.160,1786524643.160577,7.444225,3,-2500,5.000000,267,-2500,0x03,left,488.157069,-2568,-0.137729,174,0,No fault,0x04,right,399.475110,-2389,-0.190476,173,0,No fault,-179.00
2026-08-12T10:50:43.165,1786524643.165862,7.449521,3,-2500,5.000000,268,-2500,0x03,left,487.564099,-2479,-0.131868,174,0,No fault,0x04,right,398.860178,-2613,-0.167033,174,0,No fault,134.00
2026-08-12T10:50:43.171,1786524643.171215,7.454872,3,-2500,5.000000,269,-2500,0x03,left,486.949167,-2523,-0.184615,174,0,No fault,0x04,right,398.289170,-2345,-0.155311,174,0,No fault,-178.00
2026-08-12T10:50:43.176,1786524643.176583,7.460268,3,-2500,5.000000,270,-2500,0x03,left,486.356197,-2657,-0.231502,172,0,No fault,0x04,right,397.696200,-2479,-0.149451,175,0,No fault,-178.00
2026-08-12T10:50:43.182,1786524643.182054,7.465727,3,-2500,5.000000,271,-2500,0x03,left,513.566932,-2523,-0.167033,176,0,No fault,0x04,right,397.081268,-2434,-0.161172,174,0,No fault,-89.00
2026-08-12T10:50:43.187,1786524643.187764,7.471426,3,-2500,5.000000,272,-2500,0x03,left,485.785189,-2523,-0.213919,170,0,No fault,0x04,right,396.466336,-2702,-0.184615,176,0,No fault,179.00
2026-08-12T10:50:43.193,1786524643.193151,7.476804,3,-2500,5.000000,273,-2500,0x03,left,485.148295,-2747,-0.120147,173,0,No fault,0x04,right,395.280396,-2345,-0.114286,175,0,No fault,-402.00
2026-08-12T10:50:43.208,1786524643.208833,7.492491,3,-2500,5.000000,274,-2500,0x03,left,483.347423,-2300,-0.196337,173,0,No fault,0x04,right,394.643502,-2791,-0.190476,174,0,No fault,491.00
2026-08-12T10:50:43.214,1786524643.214180,7.497829,3,-2500,5.000000,275,-2500,0x03,left,482.117560,-2568,-0.073260,173,0,No fault,0x04,right,393.457562,-2389,-0.225641,176,0,No fault,-179.00
2026-08-12T10:50:43.219,1786524643.219470,7.503132,3,-2500,5.000000,276,-2500,0x03,left,481.502628,-2345,-0.137729,173,0,No fault,0x04,right,391.634729,-2345,-0.202198,174,0,No fault,0.00
2026-08-12T10:50:43.224,1786524643.224992,7.508646,3,-2500,5.000000,277,-2500,0x03,left,480.887696,-2657,-0.208059,173,0,No fault,0x04,right,391.327263,-2523,-0.190476,174,0,No fault,-134.00
2026-08-12T10:50:43.240,1786524643.240978,7.524639,3,-2500,5.000000,278,-2500,0x03,left,479.218595,-2568,-0.096703,172,0,No fault,0x04,right,389.789933,-2747,-0.184615,175,0,No fault,179.00
2026-08-12T10:50:43.246,1786524643.246297,7.529954,3,-2500,5.000000,279,-2500,0x03,left,478.559740,-2657,-0.131868,173,0,No fault,0x04,right,389.218925,-2523,-0.167033,174,0,No fault,-134.00
2026-08-12T10:50:43.251,1786524643.251631,7.535292,3,-2500,5.000000,280,-2500,0x03,left,477.966770,-2613,-0.196337,173,0,No fault,0x04,right,388.603993,-2345,-0.196337,175,0,No fault,-268.00
2026-08-12T10:50:43.257,1786524643.257012,7.540668,3,-2500,5.000000,281,-2500,0x03,left,477.351838,-2613,-0.196337,173,0,No fault,0x04,right,388.032985,-2657,-0.237363,174,0,No fault,44.00
2026-08-12T10:50:43.262,1786524643.262354,7.546047,3,-2500,5.000000,282,-2500,0x03,left,476.780829,-2389,-0.108425,175,0,No fault,0x04,right,387.440015,-2345,-0.237363,175,0,No fault,-44.00
2026-08-12T10:50:43.267,1786524643.267881,7.551548,3,-2500,5.000000,283,-2500,0x03,left,476.143936,-2747,-0.126007,172,0,No fault,0x04,right,386.803121,-2568,-0.184615,175,0,No fault,-179.00
2026-08-12T10:50:43.273,1786524643.273291,7.556962,3,-2500,5.000000,284,-2500,0x03,left,475.550966,-2434,-0.143590,175,0,No fault,0x04,right,386.232113,-2345,-0.196337,175,0,No fault,-89.00
2026-08-12T10:50:43.278,1786524643.278740,7.562406,3,-2500,5.000000,285,-2500,0x03,left,474.957996,-2479,-0.161172,173,0,No fault,0x04,right,385.617181,-2434,-0.178755,174,0,No fault,-45.00
2026-08-12T10:50:43.284,1786524643.284245,7.567910,3,-2500,5.000000,286,-2500,0x03,left,474.365026,-2389,-0.172894,173,0,No fault,0x04,right,385.002249,-2479,-0.219780,172,0,No fault,90.00
2026-08-12T10:50:43.289,1786524643.289710,7.573410,3,-2500,5.000000,287,-2500,0x03,left,473.750094,-2657,-0.090842,172,0,No fault,0x04,right,384.409279,-2434,-0.237363,175,0,No fault,-223.00
2026-08-12T10:50:43.295,1786524643.295242,7.578914,3,-2500,5.000000,288,-2500,0x03,left,473.157124,-2300,-0.137729,173,0,No fault,0x04,right,383.816309,-2434,-0.137729,174,0,No fault,134.00
2026-08-12T10:50:43.301,1786524643.301035,7.584707,3,-2500,5.000000,289,-2500,0x03,left,471.949222,-2523,-0.190476,173,0,No fault,0x04,right,383.201377,-2389,-0.219780,175,0,No fault,-134.00
2026-08-12T10:50:43.306,1786524643.306583,7.590264,3,-2500,5.000000,290,-2500,0x03,left,471.378214,-2345,-0.172894,173,0,No fault,0x04,right,382.608407,-2568,-0.196337,174,0,No fault,223.00
2026-08-12T10:50:43.312,1786524643.312169,7.595838,3,-2500,5.000000,291,-2500,0x03,left,470.785244,-2345,-0.114286,173,0,No fault,0x04,right,381.422467,-2479,-0.231502,174,0,No fault,134.00
2026-08-12T10:50:43.317,1786524643.317568,7.601230,3,-2500,5.000000,292,-2500,0x03,left,470.126388,-2568,-0.131868,173,0,No fault,0x04,right,380.785574,-2568,-0.143590,174,0,No fault,0.00
2026-08-12T10:50:43.322,1786524643.322944,7.606613,3,-2500,5.000000,293,-2500,0x03,left,469.533418,-2657,-0.208059,172,0,No fault,0x04,right,380.192604,-2345,-0.219780,175,0,No fault,-312.00
2026-08-12T10:50:43.328,1786524643.328324,7.611983,3,-2500,5.000000,294,-2500,0x03,left,468.962410,-2345,-0.196337,175,0,No fault,0x04,right,379.599634,-2479,-0.225641,174,0,No fault,134.00
2026-08-12T10:50:43.333,1786524643.333664,7.617324,3,-2500,5.000000,295,-2500,0x03,left,468.347478,-2434,-0.178755,172,0,No fault,0x04,right,379.006664,-2523,-0.219780,177,0,No fault,89.00
2026-08-12T10:50:43.339,1786524643.339036,7.622705,3,-2500,5.000000,296,-2500,0x03,left,467.754508,-2479,-0.120147,173,0,No fault,0x04,right,378.413694,-2523,-0.196337,174,0,No fault,44.00
2026-08-12T10:50:43.344,1786524643.344417,7.628081,3,-2500,5.000000,297,-2500,0x03,left,467.161538,-2389,-0.190476,173,0,No fault,0x04,right,377.820724,-2434,-0.172894,177,0,No fault,45.00
2026-08-12T10:50:43.349,1786524643.349779,7.633438,3,-2500,5.000000,298,-2500,0x03,left,466.480721,-2345,-0.155311,172,0,No fault,0x04,right,377.227754,-2523,-0.184615,175,0,No fault,178.00
2026-08-12T10:50:43.355,1786524643.355156,7.638825,3,-2500,5.000000,299,-2500,0x03,left,465.909713,-2345,-0.231502,173,0,No fault,0x04,right,376.634784,-2613,-0.219780,174,0,No fault,268.00
2026-08-12T10:50:43.360,1786524643.360547,7.644208,3,-2500,5.000000,300,-2500,0x03,left,465.316743,-2300,-0.137729,172,0,No fault,0x04,right,376.041814,-2434,-0.237363,174,0,No fault,134.00
2026-08-12T10:50:43.365,1786524643.365884,7.649541,3,-2500,5.000000,301,-2500,0x03,left,464.723773,-2345,-0.161172,170,0,No fault,0x04,right,375.426882,-2434,-0.149451,174,0,No fault,89.00
2026-08-12T10:50:43.371,1786524643.371244,7.654912,3,-2500,5.000000,302,-2500,0x03,left,464.086879,-2389,-0.167033,173,0,No fault,0x04,right,374.855874,-2211,-0.172894,175,0,No fault,-178.00
2026-08-12T10:50:43.376,1786524643.376629,7.660288,3,-2500,5.000000,303,-2500,0x03,left,463.515871,-2389,-0.161172,173,0,No fault,0x04,right,374.240942,-2479,-0.172894,173,0,No fault,90.00
2026-08-12T10:50:43.381,1786524643.381967,7.665624,3,-2500,5.000000,304,-2500,0x03,left,462.922901,-2479,-0.219780,173,0,No fault,0x04,right,373.647972,-2255,-0.167033,173,0,No fault,-224.00
2026-08-12T10:50:43.387,1786524643.387301,7.670959,3,-2500,5.000000,305,-2500,0x03,left,462.307969,-2747,-0.126007,173,0,No fault,0x04,right,373.055002,-2300,-0.231502,174,0,No fault,-447.00
2026-08-12T10:50:43.392,1786524643.392894,7.676572,3,-2500,5.000000,306,-2500,0x03,left,461.693037,-2479,-0.126007,172,0,No fault,0x04,right,372.440070,-2613,-0.167033,172,0,No fault,134.00
2026-08-12T10:50:43.398,1786524643.398610,7.682266,3,-2500,5.000000,307,-2500,0x03,left,461.100067,-2389,-0.202198,174,0,No fault,0x04,right,371.847100,-2613,-0.190476,174,0,No fault,224.00
2026-08-12T10:50:43.409,1786524643.409070,7.692737,3,-2500,5.000000,308,-2500,0x03,left,459.892165,-2568,-0.167033,173,0,No fault,0x04,right,371.276092,-2211,-0.190476,174,0,No fault,-357.00
2026-08-12T10:50:43.414,1786524643.414435,7.698100,3,-2500,5.000000,309,-2500,0x03,left,459.321157,-2300,-0.114286,173,0,No fault,0x04,right,370.068190,-2389,-0.213919,174,0,No fault,89.00
2026-08-12T10:50:43.419,1786524643.419846,7.703554,3,-2500,5.000000,310,-2500,0x03,left,458.684263,-2613,-0.137729,172,0,No fault,0x04,right,368.289280,-2568,-0.184615,174,0,No fault,-45.00
2026-08-12T10:50:43.425,1786524643.425713,7.709397,3,-2500,5.000000,311,-2500,0x03,left,485.938922,-2300,-0.231502,174,0,No fault,0x04,right,367.981814,-2255,-0.213919,174,0,No fault,-45.00
2026-08-12T10:50:43.431,1786524643.431122,7.714786,3,-2500,5.000000,312,-2500,0x03,left,457.520285,-2300,-0.190476,175,0,No fault,0x04,right,367.674348,-2255,-0.213919,174,0,No fault,-45.00
2026-08-12T10:50:43.448,1786524643.448375,7.732061,3,-2500,5.000000,313,-2500,0x03,left,455.038596,-2479,-0.131868,173,0,No fault,0x04,right,365.873476,-2345,-0.208059,175,0,No fault,-134.00
2026-08-12T10:50:43.453,1786524643.453870,7.737568,3,-2500,5.000000,314,-2500,0x03,left,454.753092,-2434,-0.178755,173,0,No fault,0x04,right,365.214621,-2255,-0.196337,174,0,No fault,-179.00
2026-08-12T10:50:43.460,1786524643.460952,7.744629,3,-2500,5.000000,315,-2500,0x03,left,481.063391,-2345,-0.167033,175,0,No fault,0x04,right,364.006719,-2568,-0.131868,173,0,No fault,223.00
2026-08-12T10:50:43.466,1786524643.466305,7.749962,3,-2500,5.000000,316,-2500,0x03,left,453.149877,-2434,-0.102564,173,0,No fault,0x04,right,363.413749,-2568,-0.231502,175,0,No fault,134.00
2026-08-12T10:50:43.471,1786524643.471612,7.755279,3,-2500,5.000000,317,-2500,0x03,left,452.512983,-2523,-0.161172,172,0,No fault,0x04,right,362.820779,-2300,-0.172894,170,0,No fault,-223.00
2026-08-12T10:50:43.476,1786524643.476962,7.760629,3,-2500,5.000000,318,-2500,0x03,left,451.898051,-2523,-0.143590,172,0,No fault,0x04,right,362.227809,-2613,-0.190476,173,0,No fault,90.00
2026-08-12T10:50:43.482,1786524643.482326,7.765992,3,-2500,5.000000,319,-2500,0x03,left,451.327043,-2389,-0.184615,172,0,No fault,0x04,right,361.656800,-2345,-0.213919,174,0,No fault,-44.00
2026-08-12T10:50:43.487,1786524643.487697,7.771365,3,-2500,5.000000,320,-2500,0x03,left,450.734073,-2479,-0.096703,173,0,No fault,0x04,right,361.041869,-2523,-0.190476,174,0,No fault,44.00
2026-08-12T10:50:43.493,1786524643.493030,7.776689,3,-2500,5.000000,321,-2500,0x03,left,450.141103,-2255,-0.131868,172,0,No fault,0x04,right,360.448899,-2523,-0.184615,174,0,No fault,268.00
2026-08-12T10:50:43.498,1786524643.498326,7.781988,3,-2500,5.000000,322,-2500,0x03,left,449.504209,-2479,-0.225641,171,0,No fault,0x04,right,359.833967,-2613,-0.178755,175,0,No fault,134.00
2026-08-12T10:50:43.503,1786524643.503665,7.787326,3,-2500,5.000000,323,-2500,0x03,left,448.889277,-2523,-0.178755,173,0,No fault,0x04,right,359.262959,-2434,-0.202198,176,0,No fault,-89.00
2026-08-12T10:50:43.508,1786524643.508975,7.792639,3,-2500,5.000000,324,-2500,0x03,left,448.296307,-2568,-0.155311,173,0,No fault,0x04,right,358.648027,-2345,-0.202198,172,0,No fault,-223.00
2026-08-12T10:50:43.514,1786524643.514379,7.798064,3,-2500,5.000000,325,-2500,0x03,left,447.703337,-2523,-0.126007,173,0,No fault,0x04,right,358.055057,-2300,-0.149451,175,0,No fault,-223.00
2026-08-12T10:50:43.519,1786524643.519813,7.803485,3,-2500,5.000000,326,-2500,0x03,left,447.088405,-2702,-0.208059,174,0,No fault,0x04,right,357.440125,-2657,-0.190476,175,0,No fault,-45.00
2026-08-12T10:50:43.525,1786524643.525244,7.808935,3,-2500,5.000000,327,-2500,0x03,left,446.495435,-2479,-0.172894,174,0,No fault,0x04,right,356.847155,-2523,-0.167033,175,0,No fault,44.00
2026-08-12T10:50:43.530,1786524643.530796,7.814491,3,-2500,5.000000,328,-2500,0x03,left,445.902465,-2523,-0.208059,173,0,No fault,0x04,right,356.232223,-2434,-0.178755,175,0,No fault,-89.00
2026-08-12T10:50:43.536,1786524643.536359,7.820017,3,-2500,5.000000,329,-2500,0x03,left,473.310857,-2345,-0.225641,174,0,No fault,0x04,right,355.617291,-2479,-0.167033,174,0,No fault,134.00
2026-08-12T10:50:43.541,1786524643.541706,7.825392,3,-2500,5.000000,330,-2500,0x03,left,445.287533,-2523,-0.137729,172,0,No fault,0x04,right,355.024321,-2523,-0.190476,174,0,No fault,0.00
2026-08-12T10:50:43.547,1786524643.547390,7.831067,3,-2500,5.000000,331,-2500,0x03,left,444.672602,-2702,-0.131868,173,0,No fault,0x04,right,354.431351,-2479,-0.219780,174,0,No fault,-223.00
2026-08-12T10:50:43.552,1786524643.552996,7.836674,3,-2500,5.000000,332,-2500,0x03,left,443.486662,-2389,-0.143590,173,0,No fault,0x04,right,353.838381,-2568,-0.184615,174,0,No fault,179.00
2026-08-12T10:50:43.558,1786524643.558513,7.842185,3,-2500,5.000000,333,-2500,0x03,left,442.893692,-2345,-0.190476,173,0,No fault,0x04,right,353.223449,-2613,-0.196337,174,0,No fault,268.00
2026-08-12T10:50:43.563,1786524643.563931,7.847595,3,-2500,5.000000,334,-2500,0x03,left,441.685790,-2389,-0.126007,173,0,No fault,0x04,right,352.015547,-2523,-0.225641,175,0,No fault,134.00
2026-08-12T10:50:43.569,1786524643.569296,7.852964,3,-2500,5.000000,335,-2500,0x03,left,441.092820,-2345,-0.167033,172,0,No fault,0x04,right,351.400616,-2434,-0.190476,174,0,No fault,89.00
2026-08-12T10:50:43.574,1786524643.574784,7.858455,3,-2500,5.000000,336,-2500,0x03,left,440.477888,-2434,-0.167033,173,0,No fault,0x04,right,350.785684,-2479,-0.184615,174,0,No fault,45.00
2026-08-12T10:50:43.580,1786524643.580173,7.863838,3,-2500,5.000000,337,-2500,0x03,left,439.884918,-2613,-0.137729,172,0,No fault,0x04,right,350.236637,-2389,-0.243223,175,0,No fault,-224.00
2026-08-12T10:50:43.585,1786524643.585557,7.869228,3,-2500,5.000000,338,-2500,0x03,left,439.269986,-2523,-0.114286,169,0,No fault,0x04,right,349.621705,-2479,-0.161172,174,0,No fault,-44.00
2026-08-12T10:50:43.590,1786524643.590983,7.874665,3,-2500,5.000000,339,-2500,0x03,left,438.677016,-2300,-0.102564,173,0,No fault,0x04,right,349.028735,-2479,-0.178755,174,0,No fault,179.00
2026-08-12T10:50:43.596,1786524643.596428,7.880100,3,-2500,5.000000,340,-2500,0x03,left,438.062084,-2389,-0.184615,174,0,No fault,0x04,right,348.435765,-2300,-0.184615,175,0,No fault,-89.00
2026-08-12T10:50:43.612,1786524643.612832,7.896498,3,-2500,5.000000,341,-2500,0x03,left,436.217289,-2523,-0.084982,173,0,No fault,0x04,right,347.249825,-2255,-0.190476,175,0,No fault,-268.00
2026-08-12T10:50:43.618,1786524643.618178,7.901850,3,-2500,5.000000,342,-2500,0x03,left,435.624319,-2434,-0.120147,173,0,No fault,0x04,right,346.634894,-2434,-0.155311,174,0,No fault,0.00
2026-08-12T10:50:43.623,1786524643.623551,7.907222,3,-2500,5.000000,343,-2500,0x03,left,435.009387,-2300,-0.120147,172,0,No fault,0x04,right,344.812060,-2389,-0.243223,174,0,No fault,89.00
2026-08-12T10:50:43.628,1786524643.628917,7.912583,3,-2500,5.000000,344,-2500,0x03,left,434.416417,-2300,-0.149451,173,0,No fault,0x04,right,344.526556,-2568,-0.213919,174,0,No fault,268.00
2026-08-12T10:50:43.634,1786524643.634476,7.918148,3,-2500,5.000000,345,-2500,0x03,left,461.934617,-2523,-0.196337,174,0,No fault,0x04,right,344.175166,-2434,-0.149451,174,0,No fault,-89.00
2026-08-12T10:50:43.650,1786524643.650285,7.933959,3,-2500,5.000000,346,-2500,0x03,left,433.208515,-2434,-0.102564,173,0,No fault,0x04,right,342.374294,-2389,-0.149451,174,0,No fault,-45.00
2026-08-12T10:50:43.655,1786524643.655673,7.939344,3,-2500,5.000000,347,-2500,0x03,left,431.517452,-2345,-0.172894,172,0,No fault,0x04,right,341.781324,-2479,-0.202198,175,0,No fault,134.00
2026-08-12T10:50:43.661,1786524643.661031,7.944694,3,-2500,5.000000,348,-2500,0x03,left,431.188024,-2345,-0.167033,173,0,No fault,0x04,right,341.188354,-2523,-0.178755,174,0,No fault,178.00
2026-08-12T10:50:43.666,1786524643.666483,7.950173,3,-2500,5.000000,349,-2500,0x03,left,458.310912,-2389,-0.143590,175,0,No fault,0x04,right,340.551461,-2255,-0.149451,175,0,No fault,-134.00
2026-08-12T10:50:43.672,1786524643.672562,7.956249,3,-2500,5.000000,350,-2500,0x03,left,429.628733,-2747,-0.184615,173,0,No fault,0x04,right,339.980452,-2211,-0.184615,174,0,No fault,-536.00
2026-08-12T10:50:43.678,1786524643.678376,7.962050,3,-2500,5.000000,351,-2500,0x03,left,428.464755,-2747,-0.190476,172,0,No fault,0x04,right,338.772551,-2568,-0.184615,175,0,No fault,-179.00
2026-08-12T10:50:43.683,1786524643.683789,7.967469,3,-2500,5.000000,352,-2500,0x03,left,427.871785,-2568,-0.155311,173,0,No fault,0x04,right,338.135657,-2345,-0.143590,174,0,No fault,-223.00
2026-08-12T10:50:43.689,1786524643.689227,7.972887,3,-2500,5.000000,353,-2500,0x03,left,427.234891,-2747,-0.149451,172,0,No fault,0x04,right,337.542687,-2389,-0.155311,174,0,No fault,-358.00
2026-08-12T10:50:43.694,1786524643.694523,7.978177,3,-2500,5.000000,354,-2500,0x03,left,426.663883,-2389,-0.202198,173,0,No fault,0x04,right,336.927755,-2613,-0.131868,174,0,No fault,224.00
2026-08-12T10:50:43.699,1786524643.699835,7.983506,3,-2500,5.000000,355,-2500,0x03,left,426.070913,-2434,-0.225641,174,0,No fault,0x04,right,336.290861,-2434,-0.184615,175,0,No fault,0.00
2026-08-12T10:50:43.705,1786524643.705198,7.988864,3,-2500,5.000000,356,-2500,0x03,left,425.455981,-2479,-0.131868,170,0,No fault,0x04,right,335.741815,-2479,-0.172894,174,0,No fault,0.00
2026-08-12T10:50:43.710,1786524643.710548,7.994212,3,-2500,5.000000,357,-2500,0x03,left,424.819087,-2434,-0.131868,173,0,No fault,0x04,right,335.126883,-2747,-0.126007,174,0,No fault,313.00
2026-08-12T10:50:43.715,1786524643.715883,7.999545,3,-2500,5.000000,358,-2500,0x03,left,424.270041,-2523,-0.196337,173,0,No fault,0x04,right,334.533913,-2613,-0.202198,175,0,No fault,90.00
2026-08-12T10:50:43.721,1786524643.721227,8.004897,3,-2500,5.000000,359,-2500,0x03,left,423.655109,-2479,-0.178755,172,0,No fault,0x04,right,333.918981,-2613,-0.126007,177,0,No fault,134.00
2026-08-12T10:50:43.726,1786524643.726673,8.010340,3,-2500,5.000000,360,-2500,0x03,left,423.084101,-2389,-0.225641,173,0,No fault,0x04,right,333.347973,-2389,-0.184615,173,0,No fault,0.00
2026-08-12T10:50:43.732,1786524643.732023,8.015684,3,-2500,5.000000,361,-2500,0x03,left,422.469169,-2568,-0.161172,169,0,No fault,0x04,right,332.755003,-2479,-0.161172,174,0,No fault,-89.00
2026-08-12T10:50:43.737,1786524643.737352,8.021012,3,-2500,5.000000,362,-2500,0x03,left,421.854237,-2747,-0.102564,174,0,No fault,0x04,right,332.140071,-2613,-0.149451,174,0,No fault,-134.00
2026-08-12T10:50:43.742,1786524643.742750,8.026418,3,-2500,5.000000,363,-2500,0x03,left,421.283229,-2389,-0.190476,173,0,No fault,0x04,right,331.547101,-2300,-0.202198,175,0,No fault,-89.00
2026-08-12T10:50:43.748,1786524643.748121,8.031787,3,-2500,5.000000,364,-2500,0x03,left,420.668297,-2702,-0.167033,174,0,No fault,0x04,right,330.932169,-2389,-0.131868,174,0,No fault,-313.00
2026-08-12T10:50:43.753,1786524643.753519,8.037182,3,-2500,5.000000,365,-2500,0x03,left,420.075327,-2657,-0.178755,172,0,No fault,0x04,right,330.339199,-2389,-0.178755,175,0,No fault,-268.00
2026-08-12T10:50:43.758,1786524643.758914,8.042585,3,-2500,5.000000,366,-2500,0x03,left,419.482357,-2613,-0.131868,172,0,No fault,0x04,right,329.746229,-2523,-0.208059,174,0,No fault,-90.00
2026-08-12T10:50:43.764,1786524643.764404,8.048061,3,-2500,5.000000,367,-2500,0x03,left,418.867425,-2479,-0.108425,174,0,No fault,0x04,right,329.131297,-2613,-0.161172,175,0,No fault,134.00
2026-08-12T10:50:43.769,1786524643.769788,8.053452,3,-2500,5.000000,368,-2500,0x03,left,418.274455,-2479,-0.137729,172,0,No fault,0x04,right,327.945357,-2747,-0.231502,175,0,No fault,268.00
2026-08-12T10:50:43.775,1786524643.775283,8.058951,3,-2500,5.000000,369,-2500,0x03,left,417.681485,-2434,-0.190476,173,0,No fault,0x04,right,327.330426,-2523,-0.190476,174,0,No fault,89.00
2026-08-12T10:50:43.780,1786524643.780624,8.064282,3,-2500,5.000000,370,-2500,0x03,left,416.473583,-2345,-0.114286,172,0,No fault,0x04,right,326.759417,-2523,-0.202198,176,0,No fault,178.00
2026-08-12T10:50:43.786,1786524643.786022,8.069675,3,-2500,5.000000,371,-2500,0x03,left,415.880613,-2345,-0.155311,174,0,No fault,0x04,right,326.166447,-2345,-0.237363,175,0,No fault,0.00
2026-08-12T10:50:43.791,1786524643.791275,8.074927,3,-2500,5.000000,372,-2500,0x03,left,415.265682,-2434,-0.137729,173,0,No fault,0x04,right,325.551516,-2523,-0.137729,171,0,No fault,89.00
2026-08-12T10:50:43.796,1786524643.796539,8.080210,3,-2500,5.000000,373,-2500,0x03,left,414.672712,-2523,-0.172894,172,0,No fault,0x04,right,324.958545,-2523,-0.213919,175,0,No fault,0.00
2026-08-12T10:50:43.812,1786524643.812109,8.095772,3,-2500,5.000000,374,-2500,0x03,left,412.871840,-2255,-0.184615,174,0,No fault,0x04,right,324.387537,-2747,-0.225641,174,0,No fault,492.00
2026-08-12T10:50:43.817,1786524643.817419,8.101109,3,-2500,5.000000,375,-2500,0x03,left,412.234946,-2657,-0.161172,172,0,No fault,0x04,right,323.179635,-2479,-0.219780,173,0,No fault,-178.00
2026-08-12T10:50:43.822,1786524643.822740,8.106402,3,-2500,5.000000,376,-2500,0x03,left,411.070968,-2345,-0.149451,174,0,No fault,0x04,right,321.246992,-2568,-0.225641,171,0,No fault,223.00
2026-08-12T10:50:43.828,1786524643.828059,8.111722,3,-2500,5.000000,377,-2500,0x03,left,410.456036,-2300,-0.131868,173,0,No fault,0x04,right,320.939527,-2479,-0.167033,174,0,No fault,179.00
2026-08-12T10:50:43.833,1786524643.833364,8.117026,3,-2500,5.000000,378,-2500,0x03,left,409.863066,-2479,-0.178755,171,0,No fault,0x04,right,320.610099,-2434,-0.184615,176,0,No fault,-45.00
2026-08-12T10:50:43.848,1786524643.848959,8.132616,3,-2500,5.000000,379,-2500,0x03,left,409.270096,-2389,-0.202198,173,0,No fault,0x04,right,318.809227,-2434,-0.202198,175,0,No fault,45.00
2026-08-12T10:50:43.854,1786524643.854261,8.137929,3,-2500,5.000000,380,-2500,0x03,left,407.315491,-2523,-0.149451,174,0,No fault,0x04,right,318.150371,-2568,-0.190476,171,0,No fault,45.00
2026-08-12T10:50:43.859,1786524643.859602,8.143277,3,-2500,5.000000,381,-2500,0x03,left,406.986063,-2434,-0.202198,172,0,No fault,0x04,right,317.557401,-2613,-0.184615,175,0,No fault,179.00
2026-08-12T10:50:43.864,1786524643.864985,8.148651,3,-2500,5.000000,382,-2500,0x03,left,406.371131,-2479,-0.178755,173,0,No fault,0x04,right,316.964431,-2568,-0.143590,173,0,No fault,89.00
2026-08-12T10:50:43.870,1786524643.870351,8.154025,3,-2500,5.000000,383,-2500,0x03,left,405.778161,-2389,-0.249084,173,0,No fault,0x04,right,316.393423,-2345,-0.208059,175,0,No fault,-44.00
2026-08-12T10:50:43.875,1786524643.875750,8.159421,3,-2500,5.000000,384,-2500,0x03,left,405.185191,-2702,-0.155311,173,0,No fault,0x04,right,315.778491,-2389,-0.213919,174,0,No fault,-313.00
2026-08-12T10:50:43.881,1786524643.881156,8.164835,3,-2500,5.000000,385,-2500,0x03,left,404.592221,-2613,-0.172894,173,0,No fault,0x04,right,315.207483,-2255,-0.172894,175,0,No fault,-358.00
2026-08-12T10:50:43.886,1786524643.886527,8.170192,3,-2500,5.000000,386,-2500,0x03,left,403.977290,-2568,-0.155311,176,0,No fault,0x04,right,314.592551,-2479,-0.184615,175,0,No fault,-89.00
2026-08-12T10:50:43.891,1786524643.891877,8.175552,3,-2500,5.000000,387,-2500,0x03,left,403.362358,-2568,-0.213919,175,0,No fault,0x04,right,313.999581,-2345,-0.172894,173,0,No fault,-223.00
2026-08-12T10:50:43.897,1786524643.897277,8.180960,3,-2500,5.000000,388,-2500,0x03,left,402.813311,-2255,-0.208059,173,0,No fault,0x04,right,313.406611,-2434,-0.178755,174,0,No fault,179.00
2026-08-12T10:50:43.902,1786524643.902776,8.186457,3,-2500,5.000000,389,-2500,0x03,left,402.198380,-2523,-0.120147,174,0,No fault,0x04,right,312.813641,-2613,-0.196337,174,0,No fault,90.00
2026-08-12T10:50:43.908,1786524643.908206,8.191888,3,-2500,5.000000,390,-2500,0x03,left,401.561486,-2523,-0.172894,171,0,No fault,0x04,right,312.220671,-2479,-0.167033,174,0,No fault,-44.00
2026-08-12T10:50:43.913,1786524643.913609,8.197280,3,-2500,5.000000,391,-2500,0x03,left,428.816144,-2613,-0.196337,174,0,No fault,0x04,right,311.627701,-2345,-0.190476,175,0,No fault,-268.00
2026-08-12T10:50:43.919,1786524643.919001,8.202674,3,-2500,5.000000,392,-2500,0x03,left,400.375546,-2211,-0.167033,173,0,No fault,0x04,right,311.012769,-2300,-0.167033,175,0,No fault,89.00
2026-08-12T10:50:43.924,1786524643.924705,8.208379,3,-2500,5.000000,393,-2500,0x03,left,399.782576,-2523,-0.202198,172,0,No fault,0x04,right,310.441761,-2211,-0.202198,174,0,No fault,-312.00
2026-08-12T10:50:43.930,1786524643.930939,8.214625,3,-2500,5.000000,394,-2500,0x03,left,398.574674,-2479,-0.137729,173,0,No fault,0x04,right,309.826829,-2389,-0.172894,176,0,No fault,-90.00
2026-08-12T10:50:43.936,1786524643.936785,8.220466,3,-2500,5.000000,395,-2500,0x03,left,397.959742,-2702,-0.149451,173,0,No fault,0x04,right,308.618927,-2568,-0.213919,175,0,No fault,-134.00
2026-08-12T10:50:43.943,1786524643.943298,8.226966,3,-2500,5.000000,396,-2500,0x03,left,397.388734,-2434,-0.190476,174,0,No fault,0x04,right,307.960072,-2523,-0.219780,174,0,No fault,89.00
2026-08-12T10:50:43.948,1786524643.948665,8.232322,3,-2500,5.000000,397,-2500,0x03,left,396.773802,-2434,-0.096703,173,0,No fault,0x04,right,307.367102,-2568,-0.161172,176,0,No fault,134.00
2026-08-12T10:50:43.953,1786524643.953980,8.237642,3,-2500,5.000000,398,-2500,0x03,left,396.158870,-2389,-0.114286,172,0,No fault,0x04,right,306.752170,-2434,-0.184615,174,0,No fault,45.00
2026-08-12T10:50:43.959,1786524643.959366,8.243043,3,-2500,5.000000,399,-2500,0x03,left,395.543938,-2613,-0.155311,173,0,No fault,0x04,right,306.159200,-2345,-0.172894,175,0,No fault,-268.00
2026-08-12T10:50:43.964,1786524643.964872,8.248544,3,-2500,5.000000,400,-2500,0x03,left,394.929006,-2479,-0.143590,174,0,No fault,0x04,right,305.566230,-2568,-0.155311,172,0,No fault,89.00
2026-08-12T10:50:43.970,1786524643.970381,8.254045,3,-2500,5.000000,401,-2500,0x03,left,394.336036,-2434,-0.172894,173,0,No fault,0x04,right,304.951298,-2434,-0.167033,174,0,No fault,0.00
2026-08-12T10:50:43.975,1786524643.975868,8.259528,3,-2500,5.000000,402,-2500,0x03,left,393.765028,-2568,-0.108425,174,0,No fault,0x04,right,304.358328,-2791,-0.155311,174,0,No fault,223.00
2026-08-12T10:50:43.981,1786524643.981281,8.264939,3,-2500,5.000000,403,-2500,0x03,left,392.535165,-2479,-0.137729,173,0,No fault,0x04,right,303.765358,-2389,-0.190476,174,0,No fault,-90.00
2026-08-12T10:50:43.986,1786524643.986660,8.270316,3,-2500,5.000000,404,-2500,0x03,left,391.920233,-2479,-0.143590,173,0,No fault,0x04,right,303.194350,-2389,-0.225641,174,0,No fault,-90.00
2026-08-12T10:50:43.992,1786524643.992131,8.275797,3,-2500,5.000000,405,-2500,0x03,left,391.349225,-2389,-0.167033,170,0,No fault,0x04,right,302.579418,-2613,-0.172894,174,0,No fault,224.00
2026-08-12T10:50:43.997,1786524643.997684,8.281349,3,-2500,5.000000,406,-2500,0x03,left,390.734293,-2345,-0.114286,173,0,No fault,0x04,right,301.393478,-2345,-0.196337,174,0,No fault,0.00
2026-08-12T10:50:44.018,1786524644.018651,8.302316,3,-2500,5.000000,407,-2500,0x03,left,388.340451,-2434,-0.137729,173,0,No fault,0x04,right,300.163614,-2479,-0.237363,174,0,No fault,45.00
2026-08-12T10:50:44.023,1786524644.023980,8.307655,3,-2500,5.000000,408,-2500,0x03,left,387.725519,-2345,-0.131868,173,0,No fault,0x04,right,299.592606,-2657,-0.196337,174,0,No fault,312.00
2026-08-12T10:50:44.029,1786524644.029425,8.313146,3,-2500,5.000000,409,-2500,0x03,left,387.132549,-2523,-0.208059,176,0,No fault,0x04,right,297.594078,-2523,-0.184615,174,0,No fault,0.00
2026-08-12T10:50:44.034,1786524644.034895,8.318562,3,-2500,5.000000,410,-2500,0x03,left,386.539579,-2434,-0.178755,173,0,No fault,0x04,right,297.286612,-2479,-0.208059,173,0,No fault,45.00
2026-08-12T10:50:44.050,1786524644.050855,8.334521,3,-2500,5.000000,411,-2500,0x03,left,385.353639,-2479,-0.126007,172,0,No fault,0x04,right,295.156312,-2434,-0.167033,174,0,No fault,-45.00
2026-08-12T10:50:44.056,1786524644.056165,8.339819,3,-2500,5.000000,412,-2500,0x03,left,412.015327,-2434,-0.178755,175,0,No fault,0x04,right,294.563342,-2255,-0.213919,173,0,No fault,-179.00
2026-08-12T10:50:44.061,1786524644.061481,8.345148,3,-2500,5.000000,413,-2500,0x03,left,383.420996,-2389,-0.178755,173,0,No fault,0x04,right,293.926448,-2791,-0.184615,175,0,No fault,402.00
2026-08-12T10:50:44.067,1786524644.067009,8.350688,3,-2500,5.000000,414,-2500,0x03,left,383.003721,-2479,-0.208059,173,0,No fault,0x04,right,293.355440,-2568,-0.184615,175,0,No fault,89.00
2026-08-12T10:50:44.072,1786524644.072425,8.356092,3,-2500,5.000000,415,-2500,0x03,left,382.410751,-2300,-0.114286,173,0,No fault,0x04,right,292.784432,-2389,-0.213919,174,0,No fault,89.00
2026-08-12T10:50:44.077,1786524644.077758,8.361435,3,-2500,5.000000,416,-2500,0x03,left,381.773857,-2479,-0.090842,174,0,No fault,0x04,right,292.191462,-2300,-0.190476,173,0,No fault,-179.00
2026-08-12T10:50:44.083,1786524644.083117,8.366784,3,-2500,5.000000,417,-2500,0x03,left,381.180887,-2300,-0.161172,174,0,No fault,0x04,right,291.554568,-2523,-0.272527,175,0,No fault,223.00
2026-08-12T10:50:44.088,1786524644.088453,8.372135,3,-2500,5.000000,418,-2500,0x03,left,380.587917,-2479,-0.155311,171,0,No fault,0x04,right,290.983560,-2523,-0.178755,175,0,No fault,44.00
2026-08-12T10:50:44.093,1786524644.093912,8.377578,3,-2500,5.000000,419,-2500,0x03,left,379.972985,-2523,-0.149451,169,0,No fault,0x04,right,290.390590,-2434,-0.213919,170,0,No fault,-89.00
2026-08-12T10:50:44.099,1786524644.099267,8.382941,3,-2500,5.000000,420,-2500,0x03,left,378.765083,-2523,-0.120147,172,0,No fault,0x04,right,289.775658,-2523,-0.190476,174,0,No fault,0.00
2026-08-12T10:50:44.104,1786524644.104509,8.388163,3,-2500,5.000000,421,-2500,0x03,left,378.150151,-2523,-0.137729,174,0,No fault,0x04,right,289.182688,-2479,-0.196337,174,0,No fault,-44.00
2026-08-12T10:50:44.109,1786524644.109734,8.393385,3,-2500,5.000000,422,-2500,0x03,left,377.579143,-2389,-0.161172,172,0,No fault,0x04,right,288.589718,-2345,-0.184615,175,0,No fault,-44.00
2026-08-12T10:50:44.114,1786524644.114941,8.398590,3,-2500,5.000000,423,-2500,0x03,left,376.942250,-2613,-0.114286,173,0,No fault,0x04,right,288.018710,-2389,-0.184615,175,0,No fault,-224.00
2026-08-12T10:50:44.120,1786524644.120147,8.403797,3,-2500,5.000000,424,-2500,0x03,left,376.349280,-2613,-0.084982,173,0,No fault,0x04,right,287.403778,-2479,-0.196337,177,0,No fault,-134.00
2026-08-12T10:50:44.125,1786524644.125384,8.409046,3,-2500,5.000000,425,-2500,0x03,left,375.734348,-2613,-0.143590,171,0,No fault,0x04,right,286.832770,-2389,-0.172894,171,0,No fault,-224.00
2026-08-12T10:50:44.131,1786524644.131044,8.414704,3,-2500,5.000000,426,-2500,0x03,left,375.141378,-2613,-0.137729,173,0,No fault,0x04,right,286.239800,-2300,-0.260806,174,0,No fault,-313.00
2026-08-12T10:50:44.136,1786524644.136781,8.420448,3,-2500,5.000000,427,-2500,0x03,left,374.526446,-2479,-0.172894,173,0,No fault,0x04,right,285.646830,-2434,-0.143590,174,0,No fault,-45.00
2026-08-12T10:50:44.142,1786524644.142097,8.425755,3,-2500,5.000000,428,-2500,0x03,left,373.955438,-2434,-0.102564,171,0,No fault,0x04,right,285.031898,-2434,-0.184615,175,0,No fault,0.00
2026-08-12T10:50:44.147,1786524644.147345,8.430994,3,-2500,5.000000,429,-2500,0x03,left,373.340506,-2345,-0.102564,173,0,No fault,0x04,right,284.460890,-2345,-0.184615,174,0,No fault,0.00
2026-08-12T10:50:44.152,1786524644.152645,8.436295,3,-2500,5.000000,430,-2500,0x03,left,372.725574,-2434,-0.137729,173,0,No fault,0x04,right,283.845958,-2389,-0.167033,174,0,No fault,-45.00
2026-08-12T10:50:44.157,1786524644.157945,8.441603,3,-2500,5.000000,431,-2500,0x03,left,372.132604,-2434,-0.143590,173,0,No fault,0x04,right,283.252988,-2389,-0.208059,175,0,No fault,-45.00
2026-08-12T10:50:44.163,1786524644.163276,8.446936,3,-2500,5.000000,432,-2500,0x03,left,371.517672,-2613,-0.172894,173,0,No fault,0x04,right,282.067048,-2389,-0.167033,175,0,No fault,-224.00
2026-08-12T10:50:44.168,1786524644.168554,8.452207,3,-2500,5.000000,433,-2500,0x03,left,370.946664,-2389,-0.120147,174,0,No fault,0x04,right,281.474078,-2434,-0.213919,176,0,No fault,45.00
2026-08-12T10:50:44.173,1786524644.173791,8.457437,3,-2500,5.000000,434,-2500,0x03,left,370.309770,-2613,-0.108425,173,0,No fault,0x04,right,280.859146,-2613,-0.155311,174,0,No fault,0.00
2026-08-12T10:50:44.179,1786524644.179671,8.463354,3,-2500,5.000000,435,-2500,0x03,left,369.716800,-2747,-0.184615,170,0,No fault,0x04,right,280.266176,-2389,-0.161172,174,0,No fault,-358.00
2026-08-12T10:50:44.185,1786524644.185375,8.469124,3,-2500,5.000000,436,-2500,0x03,left,369.145792,-2434,-0.196337,173,0,No fault,0x04,right,279.673206,-2702,-0.172894,175,0,No fault,268.00
2026-08-12T10:50:44.191,1786524644.191016,8.474732,3,-2500,5.000000,437,-2500,0x03,left,368.552822,-2434,-0.178755,174,0,No fault,0x04,right,279.080236,-2523,-0.149451,172,0,No fault,89.00
2026-08-12T10:50:44.196,1786524644.196789,8.480503,3,-2500,5.000000,438,-2500,0x03,left,367.344920,-2523,-0.120147,173,0,No fault,0x04,right,278.465304,-2568,-0.178755,174,0,No fault,45.00
2026-08-12T10:50:44.202,1786524644.202292,8.485994,3,-2500,5.000000,439,-2500,0x03,left,366.751950,-2479,-0.178755,173,0,No fault,0x04,right,277.894296,-2345,-0.184615,175,0,No fault,-134.00
2026-08-12T10:50:44.218,1786524644.218018,8.501699,3,-2500,5.000000,440,-2500,0x03,left,364.973040,-2345,-0.126007,171,0,No fault,0x04,right,276.686394,-2568,-0.155311,174,0,No fault,223.00
2026-08-12T10:50:44.223,1786524644.223400,8.507081,3,-2500,5.000000,441,-2500,0x03,left,363.743176,-2434,-0.196337,173,0,No fault,0x04,right,276.093424,-2345,-0.190476,174,0,No fault,-89.00
2026-08-12T10:50:44.228,1786524644.228808,8.512480,3,-2500,5.000000,442,-2500,0x03,left,391.634729,-2345,-0.202198,174,0,No fault,0x04,right,274.248629,-2434,-0.172894,174,0,No fault,89.00
2026-08-12T10:50:44.234,1786524644.234186,8.517871,3,-2500,5.000000,443,-2500,0x03,left,363.150206,-2166,-0.225641,173,0,No fault,0x04,right,273.941163,-2389,-0.137729,172,0,No fault,223.00
2026-08-12T10:50:44.239,1786524644.239617,8.523297,3,-2500,5.000000,444,-2500,0x03,left,362.535275,-2434,-0.167033,175,0,No fault,0x04,right,273.611735,-2300,-0.149451,175,0,No fault,-134.00
2026-08-12T10:50:44.255,1786524644.255493,8.539165,3,-2500,5.000000,445,-2500,0x03,left,361.327373,-2568,-0.225641,173,0,No fault,0x04,right,271.810863,-2568,-0.167033,172,0,No fault,0.00
2026-08-12T10:50:44.261,1786524644.261547,8.545229,3,-2500,5.000000,446,-2500,0x03,left,359.658272,-2657,-0.167033,173,0,No fault,0x04,right,270.602961,-2657,-0.172894,174,0,No fault,0.00
2026-08-12T10:50:44.266,1786524644.266961,8.550643,3,-2500,5.000000,447,-2500,0x03,left,359.372768,-2479,-0.131868,172,0,No fault,0x04,right,269.966068,-2657,-0.167033,174,0,No fault,178.00
2026-08-12T10:50:44.272,1786524644.272555,8.556229,3,-2500,5.000000,448,-2500,0x03,left,359.021378,-2613,-0.126007,173,0,No fault,0x04,right,269.373098,-2702,-0.184615,175,0,No fault,89.00
2026-08-12T10:50:44.278,1786524644.278013,8.561685,3,-2500,5.000000,449,-2500,0x03,left,357.813476,-2747,-0.196337,171,0,No fault,0x04,right,268.802090,-2389,-0.190476,173,0,No fault,-358.00
2026-08-12T10:50:44.283,1786524644.283451,8.567134,3,-2500,5.000000,450,-2500,0x03,left,356.605574,-2479,-0.120147,173,0,No fault,0x04,right,268.209120,-2568,-0.202198,174,0,No fault,89.00
2026-08-12T10:50:44.288,1786524644.288896,8.572577,3,-2500,5.000000,451,-2500,0x03,left,356.012604,-2345,-0.131868,172,0,No fault,0x04,right,267.616150,-2345,-0.196337,176,0,No fault,0.00
2026-08-12T10:50:44.294,1786524644.294334,8.578009,3,-2500,5.000000,452,-2500,0x03,left,355.419634,-2434,-0.167033,171,0,No fault,0x04,right,267.023179,-2434,-0.172894,174,0,No fault,0.00
2026-08-12T10:50:44.299,1786524644.299741,8.583420,3,-2500,5.000000,453,-2500,0x03,left,354.782741,-2657,-0.213919,173,0,No fault,0x04,right,266.430209,-2345,-0.208059,175,0,No fault,-312.00
2026-08-12T10:50:44.305,1786524644.305156,8.588825,3,-2500,5.000000,454,-2500,0x03,left,354.211733,-2523,-0.143590,167,0,No fault,0x04,right,265.815278,-2523,-0.225641,176,0,No fault,0.00
2026-08-12T10:50:44.310,1786524644.310506,8.594178,3,-2500,5.000000,455,-2500,0x03,left,353.596801,-2568,-0.108425,173,0,No fault,0x04,right,265.222308,-2523,-0.178755,175,0,No fault,-45.00
2026-08-12T10:50:44.315,1786524644.315839,8.599506,3,-2500,5.000000,456,-2500,0x03,left,352.981869,-2345,-0.143590,172,0,No fault,0x04,right,264.607376,-2523,-0.237363,174,0,No fault,178.00
2026-08-12T10:50:44.321,1786524644.321379,8.605049,3,-2500,5.000000,457,-2500,0x03,left,352.388899,-2568,-0.196337,175,0,No fault,0x04,right,264.014406,-2523,-0.196337,173,0,No fault,-45.00
2026-08-12T10:50:44.326,1786524644.326750,8.610425,3,-2500,5.000000,458,-2500,0x03,left,351.773967,-2523,-0.161172,172,0,No fault,0x04,right,263.421436,-2523,-0.219780,174,0,No fault,0.00
2026-08-12T10:50:44.332,1786524644.332136,8.615799,3,-2500,5.000000,459,-2500,0x03,left,351.202959,-2479,-0.167033,175,0,No fault,0x04,right,262.850428,-2523,-0.231502,178,0,No fault,44.00
2026-08-12T10:50:44.337,1786524644.337531,8.621198,3,-2500,5.000000,460,-2500,0x03,left,350.588027,-2568,-0.120147,173,0,No fault,0x04,right,262.235496,-2434,-0.149451,176,0,No fault,-134.00
2026-08-12T10:50:44.343,1786524644.343018,8.626684,3,-2500,5.000000,461,-2500,0x03,left,349.973095,-2523,-0.178755,172,0,No fault,0x04,right,261.642526,-2613,-0.237363,176,0,No fault,90.00
2026-08-12T10:50:44.348,1786524644.348363,8.632022,3,-2500,5.000000,462,-2500,0x03,left,349.402087,-2255,-0.249084,173,0,No fault,0x04,right,260.456586,-2523,-0.178755,175,0,No fault,268.00
2026-08-12T10:50:44.353,1786524644.353656,8.637318,3,-2500,5.000000,463,-2500,0x03,left,348.809117,-2434,-0.190476,173,0,No fault,0x04,right,259.841654,-2523,-0.161172,173,0,No fault,89.00
2026-08-12T10:50:44.358,1786524644.358967,8.642626,3,-2500,5.000000,464,-2500,0x03,left,348.216147,-2479,-0.172894,169,0,No fault,0x04,right,259.226722,-2613,-0.208059,171,0,No fault,134.00
2026-08-12T10:50:44.364,1786524644.364394,8.648059,3,-2500,5.000000,465,-2500,0x03,left,347.579253,-2613,-0.149451,172,0,No fault,0x04,right,258.655714,-2479,-0.231502,175,0,No fault,-134.00
2026-08-12T10:50:44.369,1786524644.369934,8.653603,3,-2500,5.000000,466,-2500,0x03,left,346.393313,-2568,-0.178755,173,0,No fault,0x04,right,258.040782,-2568,-0.202198,175,0,No fault,0.00
2026-08-12T10:50:44.375,1786524644.375269,8.658924,3,-2500,5.000000,467,-2500,0x03,left,345.822305,-2389,-0.243223,172,0,No fault,0x04,right,257.469774,-2211,-0.167033,173,0,No fault,-178.00
2026-08-12T10:50:44.380,1786524644.380554,8.664209,3,-2500,5.000000,468,-2500,0x03,left,345.207373,-2523,-0.102564,173,0,No fault,0x04,right,256.854842,-2523,-0.190476,176,0,No fault,0.00
2026-08-12T10:50:44.385,1786524644.385847,8.669504,3,-2500,5.000000,469,-2500,0x03,left,344.614403,-2523,-0.167033,173,0,No fault,0x04,right,256.261872,-2434,-0.219780,176,0,No fault,-89.00
2026-08-12T10:50:44.391,1786524644.391160,8.674825,3,-2500,5.000000,470,-2500,0x03,left,344.021433,-2345,-0.184615,171,0,No fault,0x04,right,255.668902,-2568,-0.213919,175,0,No fault,223.00
2026-08-12T10:50:44.396,1786524644.396485,8.680139,3,-2500,5.000000,471,-2500,0x03,left,343.428463,-2479,-0.196337,173,0,No fault,0x04,right,255.075932,-2389,-0.184615,171,0,No fault,-90.00
2026-08-12T10:50:44.401,1786524644.401786,8.685449,3,-2500,5.000000,472,-2500,0x03,left,342.835493,-2345,-0.202198,173,0,No fault,0x04,right,254.504924,-2255,-0.208059,173,0,No fault,-90.00
2026-08-12T10:50:44.417,1786524644.417389,8.701051,3,-2500,5.000000,473,-2500,0x03,left,341.034621,-2389,-0.184615,173,0,No fault,0x04,right,253.889992,-2434,-0.184615,176,0,No fault,45.00
2026-08-12T10:50:44.423,1786524644.423192,8.706863,3,-2500,5.000000,474,-2500,0x03,left,340.441651,-2479,-0.225641,173,0,No fault,0x04,right,252.682090,-2657,-0.155311,173,0,No fault,178.00
2026-08-12T10:50:44.428,1786524644.428574,8.712244,3,-2500,5.000000,475,-2500,0x03,left,339.804758,-2389,-0.161172,174,0,No fault,0x04,right,250.859256,-2479,-0.161172,176,0,No fault,90.00
2026-08-12T10:50:44.433,1786524644.433942,8.717610,3,-2500,5.000000,476,-2500,0x03,left,339.255711,-2345,-0.137729,172,0,No fault,0x04,right,250.573752,-2389,-0.190476,171,0,No fault,44.00
2026-08-12T10:50:44.439,1786524644.439311,8.722978,3,-2500,5.000000,477,-2500,0x03,left,338.618818,-2523,-0.137729,173,0,No fault,0x04,right,250.244324,-2211,-0.225641,174,0,No fault,-312.00
2026-08-12T10:50:44.446,1786524644.446320,8.729977,3,-2500,5.000000,478,-2500,0x03,left,338.025848,-2389,-0.178755,173,0,No fault,0x04,right,249.014461,-2568,-0.184615,173,0,No fault,179.00
2026-08-12T10:50:44.457,1786524644.457058,8.740731,3,-2500,5.000000,479,-2500,0x03,left,337.432878,-2389,-0.190476,173,0,No fault,0x04,right,247.828521,-2747,-0.219780,175,0,No fault,358.00
2026-08-12T10:50:44.462,1786524644.462587,8.746250,3,-2500,5.000000,480,-2500,0x03,left,335.258654,-2389,-0.155311,170,0,No fault,0x04,right,247.257513,-2345,-0.249084,174,0,No fault,-44.00
2026-08-12T10:50:44.467,1786524644.467912,8.751572,3,-2500,5.000000,481,-2500,0x03,left,334.907265,-2389,-0.143590,173,0,No fault,0x04,right,246.664543,-2523,-0.161172,174,0,No fault,134.00
2026-08-12T10:50:44.473,1786524644.473240,8.756911,3,-2500,5.000000,482,-2500,0x03,left,334.314295,-2434,-0.190476,174,0,No fault,0x04,right,246.005687,-2523,-0.202198,176,0,No fault,89.00
2026-08-12T10:50:44.478,1786524644.478690,8.762355,3,-2500,5.000000,483,-2500,0x03,left,333.721325,-2389,-0.067399,176,0,No fault,0x04,right,245.412717,-2389,-0.172894,174,0,No fault,0.00
2026-08-12T10:50:44.484,1786524644.484036,8.767699,3,-2500,5.000000,484,-2500,0x03,left,333.106393,-2434,-0.137729,173,0,No fault,0x04,right,244.819747,-2479,-0.202198,174,0,No fault,45.00
2026-08-12T10:50:44.489,1786524644.489405,8.773116,3,-2500,5.000000,485,-2500,0x03,left,332.513423,-2389,-0.172894,175,0,No fault,0x04,right,244.226777,-2479,-0.161172,173,0,No fault,90.00
2026-08-12T10:50:44.494,1786524644.494851,8.778511,3,-2500,5.000000,486,-2500,0x03,left,331.898491,-2613,-0.155311,173,0,No fault,0x04,right,243.633807,-2389,-0.167033,174,0,No fault,-224.00
2026-08-12T10:50:44.500,1786524644.500184,8.783855,3,-2500,5.000000,487,-2500,0x03,left,331.327483,-2211,-0.167033,170,0,No fault,0x04,right,243.040837,-2211,-0.213919,175,0,No fault,0.00
2026-08-12T10:50:44.505,1786524644.505860,8.789529,3,-2500,5.000000,488,-2500,0x03,left,330.712551,-2657,-0.090842,174,0,No fault,0x04,right,242.425905,-2434,-0.161172,176,0,No fault,-223.00
2026-08-12T10:50:44.511,1786524644.511403,8.795060,3,-2500,5.000000,489,-2500,0x03,left,329.504649,-2479,-0.225641,172,0,No fault,0x04,right,241.854897,-2255,-0.196337,174,0,No fault,-224.00
2026-08-12T10:50:44.516,1786524644.516733,8.800400,3,-2500,5.000000,490,-2500,0x03,left,328.933641,-2389,-0.213919,170,0,No fault,0x04,right,241.239965,-2345,-0.161172,175,0,No fault,-44.00
2026-08-12T10:50:44.522,1786524644.522106,8.805763,3,-2500,5.000000,491,-2500,0x03,left,328.318709,-2702,-0.167033,172,0,No fault,0x04,right,240.625033,-2568,-0.161172,174,0,No fault,-134.00
2026-08-12T10:50:44.527,1786524644.527434,8.811099,3,-2500,5.000000,492,-2500,0x03,left,327.725739,-2568,-0.120147,172,0,No fault,0x04,right,240.032063,-2568,-0.190476,174,0,No fault,0.00
2026-08-12T10:50:44.532,1786524644.532798,8.816473,3,-2500,5.000000,493,-2500,0x03,left,327.110807,-2434,-0.202198,173,0,No fault,0x04,right,239.439093,-2434,-0.190476,177,0,No fault,0.00
2026-08-12T10:50:44.538,1786524644.538157,8.821814,3,-2500,5.000000,494,-2500,0x03,left,326.517837,-2479,-0.196337,172,0,No fault,0x04,right,238.846123,-2345,-0.178755,174,0,No fault,-134.00
2026-08-12T10:50:44.543,1786524644.543635,8.827299,3,-2500,5.000000,495,-2500,0x03,left,325.924867,-2434,-0.196337,173,0,No fault,0x04,right,238.231191,-2747,-0.208059,175,0,No fault,313.00
2026-08-12T10:50:44.549,1786524644.549052,8.832712,3,-2500,5.000000,496,-2500,0x03,left,325.309935,-2523,-0.108425,173,0,No fault,0x04,right,237.045251,-2479,-0.167033,174,0,No fault,-44.00
2026-08-12T10:50:44.554,1786524644.554424,8.838099,3,-2500,5.000000,497,-2500,0x03,left,324.738927,-2255,-0.102564,173,0,No fault,0x04,right,236.430319,-2657,-0.190476,174,0,No fault,402.00
2026-08-12T10:50:44.559,1786524644.559837,8.843505,3,-2500,5.000000,498,-2500,0x03,left,324.102033,-2479,-0.208059,175,0,No fault,0x04,right,235.815388,-2657,-0.202198,174,0,No fault,178.00
2026-08-12T10:50:44.565,1786524644.565217,8.848885,3,-2500,5.000000,499,-2500,0x03,left,322.916093,-2434,-0.213919,175,0,No fault,0x04,right,235.266341,-2434,-0.167033,175,0,No fault,0.00
2026-08-12T10:50:44.570,1786524644.570789,8.854457,3,-2500,5.000000,500,-2500,0x03,left,322.279200,-2970,-0.131868,173,0,No fault,0x04,right,234.651409,-2434,-0.202198,173,0,No fault,-536.00
2026-08-12T10:50:44.576,1786524644.576188,8.859855,3,-2500,5.000000,501,-2500,0x03,left,321.708191,-2434,-0.114286,173,0,No fault,0x04,right,234.058439,-2479,-0.190476,177,0,No fault,45.00
2026-08-12T10:50:44.581,1786524644.581559,8.865229,3,-2500,5.000000,502,-2500,0x03,left,350.236637,-2389,-0.243223,175,0,No fault,0x04,right,233.465469,-2479,-0.213919,172,0,No fault,90.00
2026-08-12T10:50:44.586,1786524644.586955,8.870627,3,-2500,5.000000,503,-2500,0x03,left,321.071298,-2479,-0.178755,175,0,No fault,0x04,right,232.872499,-2300,-0.202198,174,0,No fault,-179.00
2026-08-12T10:50:44.592,1786524644.592348,8.876015,3,-2500,5.000000,504,-2500,0x03,left,320.500290,-2434,-0.219780,170,0,No fault,0x04,right,232.279529,-2479,-0.155311,175,0,No fault,45.00
2026-08-12T10:50:44.597,1786524644.597728,8.881390,3,-2500,5.000000,505,-2500,0x03,left,319.907320,-2300,-0.172894,172,0,No fault,0x04,right,231.686559,-2523,-0.202198,174,0,No fault,223.00
2026-08-12T10:50:44.603,1786524644.603269,8.886934,3,-2500,5.000000,506,-2500,0x03,left,319.292388,-2613,-0.079121,174,0,No fault,0x04,right,231.093589,-2568,-0.225641,174,0,No fault,-45.00
2026-08-12T10:50:44.619,1786524644.619243,8.902915,3,-2500,5.000000,507,-2500,0x03,left,316.217728,-2702,-0.096703,174,0,No fault,0x04,right,229.885687,-2613,-0.196337,174,0,No fault,-89.00
2026-08-12T10:50:44.624,1786524644.624627,8.908302,3,-2500,5.000000,508,-2500,0x03,left,344.812060,-2389,-0.243223,174,0,No fault,0x04,right,229.314679,-2300,-0.167033,174,0,No fault,-89.00
2026-08-12T10:50:44.630,1786524644.630017,8.913685,3,-2500,5.000000,509,-2500,0x03,left,315.668682,-2345,-0.120147,175,0,No fault,0x04,right,227.425960,-2389,-0.213919,174,0,No fault,44.00
2026-08-12T10:50:44.635,1786524644.635363,8.919027,3,-2500,5.000000,510,-2500,0x03,left,315.053750,-2702,-0.149451,173,0,No fault,0x04,right,227.118494,-2434,-0.178755,174,0,No fault,-268.00
2026-08-12T10:50:44.640,1786524644.640742,8.924422,3,-2500,5.000000,511,-2500,0x03,left,314.460780,-2568,-0.172894,172,0,No fault,0x04,right,226.745143,-2434,-0.196337,175,0,No fault,-134.00
2026-08-12T10:50:44.646,1786524644.646116,8.929780,3,-2500,5.000000,512,-2500,0x03,left,313.867810,-2479,-0.102564,172,0,No fault,0x04,right,226.152173,-2434,-0.243223,176,0,No fault,-45.00
2026-08-12T10:50:44.661,1786524644.661625,8.945292,3,-2500,5.000000,513,-2500,0x03,left,311.627701,-2434,-0.190476,176,0,No fault,0x04,right,224.351301,-2434,-0.190476,174,0,No fault,0.00
2026-08-12T10:50:44.666,1786524644.666897,8.950550,3,-2500,5.000000,514,-2500,0x03,left,311.210426,-2479,-0.178755,173,0,No fault,0x04,right,223.758331,-2479,-0.172894,176,0,No fault,0.00
2026-08-12T10:50:44.672,1786524644.672211,8.955890,3,-2500,5.000000,515,-2500,0x03,left,310.617456,-2389,-0.090842,173,0,No fault,0x04,right,223.165361,-2613,-0.202198,175,0,No fault,224.00
2026-08-12T10:50:44.677,1786524644.677576,8.961236,3,-2500,5.000000,516,-2500,0x03,left,310.002524,-2479,-0.161172,171,0,No fault,0x04,right,222.528467,-2568,-0.178755,176,0,No fault,89.00
2026-08-12T10:50:44.682,1786524644.682896,8.966565,3,-2500,5.000000,517,-2500,0x03,left,338.135657,-2345,-0.143590,174,0,No fault,0x04,right,221.979421,-2523,-0.225641,175,0,No fault,178.00
2026-08-12T10:50:44.688,1786524644.688308,8.971970,3,-2500,5.000000,518,-2500,0x03,left,308.201652,-2523,-0.120147,173,0,No fault,0x04,right,221.386451,-2613,-0.202198,174,0,No fault,90.00
2026-08-12T10:50:44.693,1786524644.693975,8.977643,3,-2500,5.000000,519,-2500,0x03,left,307.608682,-2523,-0.137729,173,0,No fault,0x04,right,220.178549,-2479,-0.184615,174,0,No fault,-44.00
2026-08-12T10:50:44.699,1786524644.699352,8.983019,3,-2500,5.000000,520,-2500,0x03,left,306.993750,-2568,-0.184615,173,0,No fault,0x04,right,219.585579,-2479,-0.213919,174,0,No fault,-89.00
2026-08-12T10:50:44.704,1786524644.704793,8.988452,3,-2500,5.000000,521,-2500,0x03,left,306.400780,-2479,-0.202198,174,0,No fault,0x04,right,218.992609,-2434,-0.167033,174,0,No fault,-45.00
2026-08-12T10:50:44.710,1786524644.710261,8.993917,3,-2500,5.000000,522,-2500,0x03,left,305.829772,-2300,-0.225641,173,0,No fault,0x04,right,218.399639,-2568,-0.172894,173,0,No fault,268.00
2026-08-12T10:50:44.715,1786524644.715632,8.999290,3,-2500,5.000000,523,-2500,0x03,left,304.599909,-2389,-0.155311,173,0,No fault,0x04,right,217.806669,-2255,-0.161172,175,0,No fault,-134.00
2026-08-12T10:50:44.720,1786524644.720963,9.004631,3,-2500,5.000000,524,-2500,0x03,left,304.006939,-2389,-0.196337,172,0,No fault,0x04,right,217.191737,-2345,-0.161172,174,0,No fault,-44.00
2026-08-12T10:50:44.726,1786524644.726289,9.009946,3,-2500,5.000000,525,-2500,0x03,left,303.392007,-2479,-0.172894,173,0,No fault,0x04,right,216.598767,-2702,-0.178755,176,0,No fault,223.00
2026-08-12T10:50:44.731,1786524644.731561,9.015215,3,-2500,5.000000,526,-2500,0x03,left,302.820999,-2479,-0.219780,172,0,No fault,0x04,right,216.005797,-2613,-0.202198,174,0,No fault,134.00
2026-08-12T10:50:44.736,1786524644.736861,9.020525,3,-2500,5.000000,527,-2500,0x03,left,302.206067,-2613,-0.079121,173,0,No fault,0x04,right,215.390865,-2389,-0.143590,174,0,No fault,-224.00
2026-08-12T10:50:44.742,1786524644.742220,9.025883,3,-2500,5.000000,528,-2500,0x03,left,301.591135,-2657,-0.126007,173,0,No fault,0x04,right,214.797895,-2523,-0.178755,174,0,No fault,-134.00
2026-08-12T10:50:44.747,1786524644.747544,9.031199,3,-2500,5.000000,529,-2500,0x03,left,301.020127,-2434,-0.219780,173,0,No fault,0x04,right,214.204925,-2657,-0.161172,175,0,No fault,223.00
2026-08-12T10:50:44.752,1786524644.752834,9.036494,3,-2500,5.000000,530,-2500,0x03,left,300.405195,-2434,-0.208059,173,0,No fault,0x04,right,213.611955,-2345,-0.161172,175,0,No fault,-89.00
2026-08-12T10:50:44.758,1786524644.758148,9.041810,3,-2500,5.000000,531,-2500,0x03,left,299.812225,-2345,-0.143590,173,0,No fault,0x04,right,213.018985,-2300,-0.213919,174,0,No fault,-45.00
2026-08-12T10:50:44.763,1786524644.763479,9.047137,3,-2500,5.000000,532,-2500,0x03,left,299.197293,-2568,-0.084982,173,0,No fault,0x04,right,212.404053,-2657,-0.126007,174,0,No fault,89.00
2026-08-12T10:50:44.768,1786524644.768790,9.052448,3,-2500,5.000000,533,-2500,0x03,left,298.560399,-2479,-0.120147,173,0,No fault,0x04,right,211.811083,-2523,-0.155311,175,0,No fault,44.00
2026-08-12T10:50:44.774,1786524644.774095,9.057756,3,-2500,5.000000,534,-2500,0x03,left,297.967429,-2523,-0.213919,170,0,No fault,0x04,right,211.218113,-2523,-0.196337,176,0,No fault,0.00
2026-08-12T10:50:44.779,1786524644.779427,9.063086,3,-2500,5.000000,535,-2500,0x03,left,297.352497,-2523,-0.208059,173,0,No fault,0x04,right,210.625143,-2434,-0.196337,174,0,No fault,-89.00
2026-08-12T10:50:44.784,1786524644.784732,9.068390,3,-2500,5.000000,536,-2500,0x03,left,296.166557,-2613,-0.120147,173,0,No fault,0x04,right,210.032173,-2434,-0.208059,175,0,No fault,-179.00
2026-08-12T10:50:44.790,1786524644.790042,9.073702,3,-2500,5.000000,537,-2500,0x03,left,295.551625,-2747,-0.161172,174,0,No fault,0x04,right,209.439203,-2479,-0.161172,174,0,No fault,-268.00
2026-08-12T10:50:44.795,1786524644.795474,9.079145,3,-2500,5.000000,538,-2500,0x03,left,294.958655,-2568,-0.143590,173,0,No fault,0x04,right,208.846233,-2434,-0.178755,175,0,No fault,-134.00
2026-08-12T10:50:44.801,1786524644.801048,9.084713,3,-2500,5.000000,539,-2500,0x03,left,294.365685,-2389,-0.178755,171,0,No fault,0x04,right,207.660293,-2345,-0.225641,175,0,No fault,-44.00
2026-08-12T10:50:44.817,1786524644.817081,9.100752,3,-2500,5.000000,540,-2500,0x03,left,292.520890,-2389,-0.167033,173,0,No fault,0x04,right,207.045361,-2568,-0.155311,175,0,No fault,179.00
2026-08-12T10:50:44.822,1786524644.822421,9.106089,3,-2500,5.000000,541,-2500,0x03,left,291.927920,-2434,-0.190476,173,0,No fault,0x04,right,205.881383,-2255,-0.208059,175,0,No fault,-179.00
2026-08-12T10:50:44.827,1786524644.827835,9.111506,3,-2500,5.000000,542,-2500,0x03,left,291.356912,-2255,-0.178755,172,0,No fault,0x04,right,204.124435,-2345,-0.167033,175,0,No fault,90.00
2026-08-12T10:50:44.833,1786524644.833362,9.117034,3,-2500,5.000000,543,-2500,0x03,left,290.127048,-2657,-0.137729,172,0,No fault,0x04,right,203.816969,-2389,-0.143590,176,0,No fault,-268.00
2026-08-12T10:50:44.838,1786524644.838771,9.122444,3,-2500,5.000000,544,-2500,0x03,left,288.348138,-2479,-0.172894,173,0,No fault,0x04,right,203.487541,-2523,-0.190476,170,0,No fault,44.00
2026-08-12T10:50:44.844,1786524644.844139,9.127804,3,-2500,5.000000,545,-2500,0x03,left,288.018710,-2791,-0.172894,172,0,No fault,0x04,right,202.894571,-2613,-0.249084,174,0,No fault,-178.00
2026-08-12T10:50:44.849,1786524644.849524,9.133200,3,-2500,5.000000,546,-2500,0x03,left,287.711244,-2389,-0.143590,167,0,No fault,0x04,right,202.279639,-2523,-0.178755,174,0,No fault,134.00
2026-08-12T10:50:44.865,1786524644.865236,9.148922,3,-2500,5.000000,547,-2500,0x03,left,287.052389,-2657,-0.190476,173,0,No fault,0x04,right,200.500729,-2479,-0.172894,177,0,No fault,-178.00
2026-08-12T10:50:44.870,1786524644.870638,9.154309,3,-2500,5.000000,548,-2500,0x03,left,285.910372,-2434,-0.284249,171,0,No fault,0x04,right,199.907759,-2434,-0.225641,175,0,No fault,0.00
2026-08-12T10:50:44.876,1786524644.876023,9.159704,3,-2500,5.000000,549,-2500,0x03,left,285.295440,-2434,-0.120147,170,0,No fault,0x04,right,199.314789,-2345,-0.196337,174,0,No fault,-89.00
2026-08-12T10:50:44.881,1786524644.881565,9.165258,3,-2500,5.000000,550,-2500,0x03,left,284.702470,-2568,-0.161172,173,0,No fault,0x04,right,198.677896,-2211,-0.219780,174,0,No fault,-357.00
2026-08-12T10:50:44.887,1786524644.887034,9.170712,3,-2500,5.000000,551,-2500,0x03,left,284.087539,-2568,-0.213919,174,0,No fault,0x04,right,198.106887,-2523,-0.172894,175,0,No fault,-45.00
2026-08-12T10:50:44.892,1786524644.892493,9.176178,3,-2500,5.000000,552,-2500,0x03,left,283.494569,-2389,-0.178755,174,0,No fault,0x04,right,197.491956,-2568,-0.143590,174,0,No fault,179.00
2026-08-12T10:50:44.897,1786524644.897913,9.181580,3,-2500,5.000000,553,-2500,0x03,left,282.901599,-2166,-0.231502,173,0,No fault,0x04,right,196.898986,-2568,-0.208059,174,0,No fault,402.00
2026-08-12T10:50:44.903,1786524644.903525,9.187203,3,-2500,5.000000,554,-2500,0x03,left,282.308629,-2523,-0.096703,173,0,No fault,0x04,right,196.327977,-2345,-0.237363,175,0,No fault,-178.00
2026-08-12T10:50:44.909,1786524644.909017,9.192698,3,-2500,5.000000,555,-2500,0x03,left,281.715659,-2389,-0.143590,173,0,No fault,0x04,right,195.098114,-2479,-0.149451,174,0,No fault,90.00
2026-08-12T10:50:44.914,1786524644.914412,9.198082,3,-2500,5.000000,556,-2500,0x03,left,281.100727,-2523,-0.196337,172,0,No fault,0x04,right,194.505144,-2523,-0.184615,174,0,No fault,0.00
2026-08-12T10:50:44.919,1786524644.919872,9.203548,3,-2500,5.000000,557,-2500,0x03,left,280.507757,-2613,-0.202198,172,0,No fault,0x04,right,193.846288,-2389,-0.208059,174,0,No fault,-224.00
2026-08-12T10:50:44.925,1786524644.925329,9.209000,3,-2500,5.000000,558,-2500,0x03,left,279.277893,-2613,-0.149451,170,0,No fault,0x04,right,193.297242,-2568,-0.213919,175,0,No fault,-45.00
2026-08-12T10:50:44.930,1786524644.930745,9.214410,3,-2500,5.000000,559,-2500,0x03,left,278.662961,-2389,-0.137729,172,0,No fault,0x04,right,192.682310,-2657,-0.167033,175,0,No fault,268.00
2026-08-12T10:50:44.936,1786524644.936097,9.219769,3,-2500,5.000000,560,-2500,0x03,left,278.048029,-2479,-0.190476,172,0,No fault,0x04,right,192.111302,-2434,-0.155311,176,0,No fault,-45.00
2026-08-12T10:50:44.941,1786524644.941504,9.225172,3,-2500,5.000000,561,-2500,0x03,left,277.477021,-2345,-0.196337,173,0,No fault,0x04,right,191.496370,-2568,-0.196337,175,0,No fault,223.00
2026-08-12T10:50:44.949,1786524644.949527,9.233181,3,-2500,5.000000,562,-2500,0x03,left,276.862089,-2523,-0.126007,173,0,No fault,0x04,right,190.881438,-2568,-0.190476,174,0,No fault,45.00
2026-08-12T10:50:44.954,1786524644.954936,9.238606,3,-2500,5.000000,563,-2500,0x03,left,276.269119,-2613,-0.102564,168,0,No fault,0x04,right,189.717460,-2434,-0.190476,174,0,No fault,-179.00
2026-08-12T10:50:44.960,1786524644.960266,9.243932,3,-2500,5.000000,564,-2500,0x03,left,275.676149,-2434,-0.155311,173,0,No fault,0x04,right,189.124490,-2434,-0.190476,175,0,No fault,0.00
2026-08-12T10:50:44.965,1786524644.965644,9.249309,3,-2500,5.000000,565,-2500,0x03,left,304.358328,-2791,-0.155311,174,0,No fault,0x04,right,188.531520,-2434,-0.208059,174,0,No fault,-357.00
2026-08-12T10:50:44.971,1786524644.971055,9.254721,3,-2500,5.000000,566,-2500,0x03,left,275.039256,-2434,-0.149451,173,0,No fault,0x04,right,187.938550,-2434,-0.225641,174,0,No fault,0.00
2026-08-12T10:50:44.976,1786524644.976520,9.260191,3,-2500,5.000000,567,-2500,0x03,left,273.853316,-2613,-0.084982,174,0,No fault,0x04,right,187.345580,-2300,-0.184615,175,0,No fault,-313.00
2026-08-12T10:50:44.981,1786524644.981912,9.265575,3,-2500,5.000000,568,-2500,0x03,left,273.260346,-2345,-0.073260,175,0,No fault,0x04,right,186.730648,-2613,-0.161172,176,0,No fault,268.00
2026-08-12T10:50:44.987,1786524644.987243,9.270903,3,-2500,5.000000,569,-2500,0x03,left,272.645414,-2568,-0.178755,173,0,No fault,0x04,right,186.159640,-2300,-0.167033,174,0,No fault,-268.00
2026-08-12T10:50:44.992,1786524644.992571,9.276228,3,-2500,5.000000,570,-2500,0x03,left,272.052444,-2389,-0.137729,173,0,No fault,0x04,right,185.544708,-2568,-0.178755,174,0,No fault,179.00
2026-08-12T10:50:44.997,1786524644.997886,9.281541,3,-2500,5.000000,571,-2500,0x03,left,271.437512,-2479,-0.178755,172,0,No fault,0x04,right,184.951738,-2479,-0.225641,173,0,No fault,0.00
2026-08-12T10:50:45.003,1786524645.003160,9.286809,3,-2500,5.000000,572,-2500,0x03,left,270.844542,-2479,-0.108425,173,0,No fault,0x04,right,184.358768,-2747,-0.202198,174,0,No fault,268.00
2026-08-12T10:50:45.008,1786524645.008447,9.292117,3,-2500,5.000000,573,-2500,0x03,left,270.229610,-2613,-0.102564,170,0,No fault,0x04,right,183.765798,-2389,-0.149451,175,0,No fault,-224.00
2026-08-12T10:50:45.024,1786524645.024003,9.307671,3,-2500,5.000000,574,-2500,0x03,left,268.472662,-2211,-0.172894,172,0,No fault,0x04,right,182.579858,-2523,-0.184615,175,0,No fault,312.00
2026-08-12T10:50:45.029,1786524645.029341,9.313009,3,-2500,5.000000,575,-2500,0x03,left,267.835768,-2613,-0.102564,173,0,No fault,0x04,right,181.964926,-2479,-0.213919,174,0,No fault,-134.00
2026-08-12T10:50:45.034,1786524645.034721,9.318384,3,-2500,5.000000,576,-2500,0x03,left,267.242798,-2523,-0.202198,172,0,No fault,0x04,right,180.164054,-2434,-0.225641,175,0,No fault,-89.00
2026-08-12T10:50:45.040,1786524645.040035,9.323695,3,-2500,5.000000,577,-2500,0x03,left,266.649828,-2523,-0.196337,173,0,No fault,0x04,right,179.856588,-2523,-0.196337,175,0,No fault,0.00
2026-08-12T10:50:45.045,1786524645.045377,9.329051,3,-2500,5.000000,578,-2500,0x03,left,264.848956,-2434,-0.108425,173,0,No fault,0x04,right,179.527160,-2479,-0.202198,178,0,No fault,45.00
2026-08-12T10:50:45.050,1786524645.050779,9.334440,3,-2500,5.000000,579,-2500,0x03,left,264.563452,-2568,-0.131868,174,0,No fault,0x04,right,178.956152,-2389,-0.190476,175,0,No fault,-179.00
2026-08-12T10:50:45.056,1786524645.056106,9.339764,3,-2500,5.000000,580,-2500,0x03,left,264.212062,-2434,-0.219780,173,0,No fault,0x04,right,178.341220,-2479,-0.155311,174,0,No fault,45.00
2026-08-12T10:50:45.071,1786524645.071979,9.355651,3,-2500,5.000000,581,-2500,0x03,left,263.026122,-2434,-0.219780,170,0,No fault,0x04,right,176.562310,-2345,-0.219780,175,0,No fault,-89.00
2026-08-12T10:50:45.077,1786524645.077358,9.361023,3,-2500,5.000000,582,-2500,0x03,left,262.411191,-2523,-0.131868,173,0,No fault,0x04,right,175.969340,-2613,-0.213919,176,0,No fault,90.00
2026-08-12T10:50:45.082,1786524645.082783,9.366454,3,-2500,5.000000,583,-2500,0x03,left,261.818221,-2613,-0.096703,176,0,No fault,0x04,right,175.376370,-2389,-0.178755,175,0,No fault,-224.00
2026-08-12T10:50:45.088,1786524645.088538,9.372202,3,-2500,5.000000,584,-2500,0x03,left,261.203289,-2747,-0.196337,173,0,No fault,0x04,right,174.146507,-2702,-0.178755,173,0,No fault,-45.00
2026-08-12T10:50:45.094,1786524645.094472,9.378137,3,-2500,5.000000,585,-2500,0x03,left,260.632281,-2345,-0.161172,172,0,No fault,0x04,right,173.575499,-2255,-0.225641,174,0,No fault,-90.00
2026-08-12T10:50:45.099,1786524645.099967,9.383638,3,-2500,5.000000,586,-2500,0x03,left,260.017349,-2434,-0.155311,173,0,No fault,0x04,right,172.938605,-2523,-0.243223,174,0,No fault,89.00
2026-08-12T10:50:45.105,1786524645.105434,9.389139,3,-2500,5.000000,587,-2500,0x03,left,258.809447,-2479,-0.102564,173,0,No fault,0x04,right,172.367597,-2434,-0.161172,174,0,No fault,-45.00
2026-08-12T10:50:45.110,1786524645.110826,9.394489,3,-2500,5.000000,588,-2500,0x03,left,258.194515,-2523,-0.155311,172,0,No fault,0x04,right,171.774627,-2434,-0.208059,171,0,No fault,-89.00
2026-08-12T10:50:45.116,1786524645.116233,9.399891,3,-2500,5.000000,589,-2500,0x03,left,257.623507,-2255,-0.184615,176,0,No fault,0x04,right,171.159695,-2613,-0.231502,175,0,No fault,358.00
2026-08-12T10:50:45.121,1786524645.121554,9.405225,3,-2500,5.000000,590,-2500,0x03,left,257.030537,-2434,-0.149451,174,0,No fault,0x04,right,170.566725,-2479,-0.219780,175,0,No fault,45.00
2026-08-12T10:50:45.126,1786524645.126913,9.410578,3,-2500,5.000000,591,-2500,0x03,left,256.415605,-2568,-0.079121,176,0,No fault,0x04,right,169.973755,-2791,-0.202198,173,0,No fault,223.00
2026-08-12T10:50:45.132,1786524645.132360,9.416074,3,-2500,5.000000,592,-2500,0x03,left,255.800673,-2479,-0.108425,172,0,No fault,0x04,right,169.380785,-2479,-0.161172,174,0,No fault,0.00
2026-08-12T10:50:45.137,1786524645.137824,9.421502,3,-2500,5.000000,593,-2500,0x03,left,255.207703,-2300,-0.126007,173,0,No fault,0x04,right,168.787815,-2479,-0.202198,174,0,No fault,179.00
2026-08-12T10:50:45.143,1786524645.143360,9.427036,3,-2500,5.000000,594,-2500,0x03,left,254.614733,-2434,-0.161172,173,0,No fault,0x04,right,168.194845,-2300,-0.219780,174,0,No fault,-134.00
2026-08-12T10:50:45.148,1786524645.148667,9.432325,3,-2500,5.000000,595,-2500,0x03,left,253.999801,-2657,-0.114286,172,0,No fault,0x04,right,167.601875,-2523,-0.190476,178,0,No fault,-134.00
2026-08-12T10:50:45.153,1786524645.153986,9.437656,3,-2500,5.000000,596,-2500,0x03,left,253.406831,-2523,-0.061538,173,0,No fault,0x04,right,166.986943,-2613,-0.167033,175,0,No fault,90.00
2026-08-12T10:50:45.159,1786524645.159343,9.443030,3,-2500,5.000000,597,-2500,0x03,left,252.813861,-2434,-0.131868,174,0,No fault,0x04,right,166.306125,-2434,-0.243223,175,0,No fault,0.00
2026-08-12T10:50:45.164,1786524645.164724,9.448382,3,-2500,5.000000,598,-2500,0x03,left,252.198929,-2523,-0.161172,173,0,No fault,0x04,right,165.691194,-2613,-0.161172,170,0,No fault,90.00
2026-08-12T10:50:45.169,1786524645.169998,9.453650,3,-2500,5.000000,599,-2500,0x03,left,251.605959,-2568,-0.172894,175,0,No fault,0x04,right,165.120185,-2479,-0.231502,174,0,No fault,-89.00
2026-08-12T10:50:45.175,1786524645.175353,9.459040,3,-2500,5.000000,600,-2500,0x03,left,251.034951,-2389,-0.108425,172,0,No fault,0x04,right,164.527215,-2434,-0.225641,175,0,No fault,45.00
2026-08-12T10:50:45.180,1786524645.180780,9.464445,3,-2500,5.000000,601,-2500,0x03,left,250.420019,-2479,-0.108425,174,0,No fault,0x04,right,163.934245,-2345,-0.167033,175,0,No fault,-134.00
2026-08-12T10:50:45.186,1786524645.186215,9.469878,3,-2500,5.000000,602,-2500,0x03,left,249.827049,-2434,-0.190476,173,0,No fault,0x04,right,163.341275,-2389,-0.202198,176,0,No fault,-45.00
2026-08-12T10:50:45.191,1786524645.191542,9.475202,3,-2500,5.000000,603,-2500,0x03,left,249.212117,-2568,-0.219780,173,0,No fault,0x04,right,162.111412,-2568,-0.208059,174,0,No fault,0.00
2026-08-12T10:50:45.197,1786524645.197074,9.480749,3,-2500,5.000000,604,-2500,0x03,left,248.597186,-2523,-0.184615,172,0,No fault,0x04,right,161.540404,-2211,-0.219780,175,0,No fault,-312.00
2026-08-12T10:50:45.202,1786524645.202502,9.486168,3,-2500,5.000000,605,-2500,0x03,left,247.389284,-2345,-0.137729,172,0,No fault,0x04,right,160.903510,-2479,-0.126007,176,0,No fault,134.00
2026-08-12T10:50:45.207,1786524645.207855,9.491517,3,-2500,5.000000,606,-2500,0x03,left,246.796314,-2389,-0.178755,173,0,No fault,0x04,right,160.332502,-2389,-0.149451,175,0,No fault,0.00
2026-08-12T10:50:45.224,1786524645.224914,9.508581,3,-2500,5.000000,607,-2500,0x03,left,245.017404,-2434,-0.108425,173,0,No fault,0x04,right,159.124600,-2613,-0.178755,175,0,No fault,179.00
2026-08-12T10:50:45.230,1786524645.230286,9.513949,3,-2500,5.000000,608,-2500,0x03,left,244.402472,-2479,-0.161172,173,0,No fault,0x04,right,158.531630,-2657,-0.178755,175,0,No fault,178.00
2026-08-12T10:50:45.235,1786524645.235603,9.519267,3,-2500,5.000000,609,-2500,0x03,left,243.809502,-2434,-0.202198,172,0,No fault,0x04,right,156.774682,-2702,-0.172894,174,0,No fault,268.00
2026-08-12T10:50:45.240,1786524645.240955,9.524629,3,-2500,5.000000,610,-2500,0x03,left,243.216532,-2434,-0.213919,173,0,No fault,0x04,right,156.489178,-2568,-0.178755,175,0,No fault,134.00
2026-08-12T10:50:45.246,1786524645.246332,9.530000,3,-2500,5.000000,611,-2500,0x03,left,242.645524,-2300,-0.190476,170,0,No fault,0x04,right,156.137788,-2523,-0.178755,175,0,No fault,223.00
2026-08-12T10:50:45.251,1786524645.251683,9.535347,3,-2500,5.000000,612,-2500,0x03,left,240.888575,-2523,-0.184615,170,0,No fault,0x04,right,155.544818,-2434,-0.155311,171,0,No fault,-89.00
2026-08-12T10:50:45.257,1786524645.257046,9.540734,3,-2500,5.000000,613,-2500,0x03,left,240.625033,-2434,-0.184615,172,0,No fault,0x04,right,154.929886,-2345,-0.143590,174,0,No fault,-89.00
2026-08-12T10:50:45.272,1786524645.272709,9.556382,3,-2500,5.000000,614,-2500,0x03,left,239.680674,-2568,-0.155311,173,0,No fault,0x04,right,153.172938,-2300,-0.190476,176,0,No fault,-268.00
2026-08-12T10:50:45.278,1786524645.278229,9.561912,3,-2500,5.000000,615,-2500,0x03,left,239.043780,-2702,-0.108425,172,0,No fault,0x04,right,152.558006,-2523,-0.126007,174,0,No fault,-179.00
2026-08-12T10:50:45.283,1786524645.283638,9.567297,3,-2500,5.000000,616,-2500,0x03,left,267.023179,-2434,-0.172894,174,0,No fault,0x04,right,151.350104,-2568,-0.178755,174,0,No fault,134.00
2026-08-12T10:50:45.288,1786524645.288916,9.572572,3,-2500,5.000000,617,-2500,0x03,left,237.813916,-2434,-0.190476,173,0,No fault,0x04,right,150.757134,-2479,-0.196337,174,0,No fault,45.00
2026-08-12T10:50:45.294,1786524645.294230,9.577903,3,-2500,5.000000,618,-2500,0x03,left,237.242908,-2345,-0.167033,172,0,No fault,0x04,right,150.186126,-2255,-0.202198,176,0,No fault,-90.00
2026-08-12T10:50:45.299,1786524645.299711,9.583378,3,-2500,5.000000,619,-2500,0x03,left,236.649938,-2657,-0.108425,172,0,No fault,0x04,right,149.571194,-2434,-0.172894,174,0,No fault,-223.00
2026-08-12T10:50:45.305,1786524645.305138,9.588793,3,-2500,5.000000,620,-2500,0x03,left,235.420074,-2657,-0.167033,173,0,No fault,0x04,right,148.978224,-2255,-0.190476,176,0,No fault,-402.00
2026-08-12T10:50:45.310,1786524645.310421,9.594079,3,-2500,5.000000,621,-2500,0x03,left,234.849066,-2523,-0.172894,175,0,No fault,0x04,right,148.363292,-2389,-0.225641,176,0,No fault,-134.00
2026-08-12T10:50:45.315,1786524645.315733,9.599403,3,-2500,5.000000,622,-2500,0x03,left,234.256096,-2300,-0.178755,172,0,No fault,0x04,right,147.792284,-2300,-0.225641,177,0,No fault,0.00
2026-08-12T10:50:45.321,1786524645.321062,9.604716,3,-2500,5.000000,623,-2500,0x03,left,233.641164,-2657,-0.096703,172,0,No fault,0x04,right,147.177352,-2613,-0.190476,174,0,No fault,-44.00
2026-08-12T10:50:45.326,1786524645.326313,9.609964,3,-2500,5.000000,624,-2500,0x03,left,233.048194,-2389,-0.131868,173,0,No fault,0x04,right,146.584382,-2613,-0.172894,174,0,No fault,224.00
2026-08-12T10:50:45.331,1786524645.331597,9.615266,3,-2500,5.000000,625,-2500,0x03,left,232.455224,-2389,-0.178755,173,0,No fault,0x04,right,145.991412,-2345,-0.208059,174,0,No fault,-44.00
2026-08-12T10:50:45.336,1786524645.336961,9.620622,3,-2500,5.000000,626,-2500,0x03,left,231.840292,-2345,-0.155311,172,0,No fault,0x04,right,145.398442,-2523,-0.190476,173,0,No fault,178.00
2026-08-12T10:50:45.342,1786524645.342290,9.625955,3,-2500,5.000000,627,-2500,0x03,left,231.269284,-2389,-0.190476,170,0,No fault,0x04,right,144.805472,-2434,-0.266667,174,0,No fault,45.00
2026-08-12T10:50:45.347,1786524645.347813,9.631472,3,-2500,5.000000,628,-2500,0x03,left,230.632390,-2791,-0.126007,175,0,No fault,0x04,right,144.212502,-2300,-0.172894,175,0,No fault,-491.00
2026-08-12T10:50:45.353,1786524645.353477,9.637150,3,-2500,5.000000,629,-2500,0x03,left,230.061382,-2389,-0.178755,172,0,No fault,0x04,right,143.619532,-2568,-0.167033,174,0,No fault,179.00
2026-08-12T10:50:45.358,1786524645.358845,9.642509,3,-2500,5.000000,630,-2500,0x03,left,229.468412,-2479,-0.196337,172,0,No fault,0x04,right,143.026562,-2568,-0.249084,176,0,No fault,89.00
2026-08-12T10:50:45.364,1786524645.364192,9.647855,3,-2500,5.000000,631,-2500,0x03,left,228.875442,-2211,-0.208059,172,0,No fault,0x04,right,142.411630,-2523,-0.178755,174,0,No fault,312.00
2026-08-12T10:50:45.369,1786524645.369533,9.653201,3,-2500,5.000000,632,-2500,0x03,left,228.282472,-2523,-0.143590,173,0,No fault,0x04,right,141.840622,-2389,-0.249084,174,0,No fault,-134.00
2026-08-12T10:50:45.374,1786524645.374888,9.658553,3,-2500,5.000000,633,-2500,0x03,left,227.667540,-2523,-0.155311,173,0,No fault,0x04,right,141.225690,-2523,-0.196337,175,0,No fault,0.00
2026-08-12T10:50:45.380,1786524645.380235,9.663898,3,-2500,5.000000,634,-2500,0x03,left,227.074570,-2479,-0.184615,173,0,No fault,0x04,right,140.632720,-2479,-0.149451,175,0,No fault,0.00
2026-08-12T10:50:45.385,1786524645.385575,9.669238,3,-2500,5.000000,635,-2500,0x03,left,226.481600,-2389,-0.190476,174,0,No fault,0x04,right,139.995827,-2657,-0.219780,173,0,No fault,268.00
2026-08-12T10:50:45.391,1786524645.391417,9.675087,3,-2500,5.000000,636,-2500,0x03,left,225.910592,-2434,-0.225641,173,0,No fault,0x04,right,138.831848,-2345,-0.225641,174,0,No fault,-89.00
2026-08-12T10:50:45.396,1786524645.396885,9.680593,3,-2500,5.000000,637,-2500,0x03,left,225.295660,-2657,-0.120147,173,0,No fault,0x04,right,138.216917,-2568,-0.184615,174,0,No fault,-89.00
2026-08-12T10:50:45.402,1786524645.402369,9.686035,3,-2500,5.000000,638,-2500,0x03,left,224.109720,-2345,-0.167033,173,0,No fault,0x04,right,137.623947,-2568,-0.178755,174,0,No fault,223.00
2026-08-12T10:50:45.407,1786524645.407989,9.691667,3,-2500,5.000000,639,-2500,0x03,left,223.494789,-2702,-0.155311,173,0,No fault,0x04,right,137.030977,-2434,-0.184615,174,0,No fault,-268.00
2026-08-12T10:50:45.413,1786524645.413377,9.697042,3,-2500,5.000000,640,-2500,0x03,left,222.835933,-2613,-0.266667,174,0,No fault,0x04,right,136.438007,-2434,-0.208059,176,0,No fault,-179.00
2026-08-12T10:50:45.429,1786524645.429194,9.712859,3,-2500,5.000000,641,-2500,0x03,left,221.057023,-2523,-0.196337,173,0,No fault,0x04,right,135.845037,-2434,-0.196337,174,0,No fault,-89.00
2026-08-12T10:50:45.434,1786524645.434514,9.718180,3,-2500,5.000000,642,-2500,0x03,left,220.464053,-2434,-0.213919,173,0,No fault,0x04,right,134.637135,-2479,-0.143590,174,0,No fault,45.00
2026-08-12T10:50:45.439,1786524645.439872,9.723562,3,-2500,5.000000,643,-2500,0x03,left,219.849121,-2479,-0.149451,173,0,No fault,0x04,right,132.880186,-2568,-0.190476,176,0,No fault,89.00
2026-08-12T10:50:45.445,1786524645.445263,9.729762,3,-2500,5.000000,644,-2500,0x03,left,219.256151,-2702,-0.143590,172,0,No fault,0x04,right,132.594682,-2389,-0.161172,175,0,No fault,-313.00
2026-08-12T10:50:45.451,1786524645.451408,9.735072,3,-2500,5.000000,645,-2500,0x03,left,217.169775,-2389,-0.190476,173,0,No fault,0x04,right,132.265255,-2211,-0.126007,174,0,No fault,-178.00
2026-08-12T10:50:45.456,1786524645.456679,9.740341,3,-2500,5.000000,646,-2500,0x03,left,216.840347,-2523,-0.102564,172,0,No fault,0x04,right,131.650323,-2434,-0.202198,174,0,No fault,-89.00
2026-08-12T10:50:45.461,1786524645.461975,9.745636,3,-2500,5.000000,647,-2500,0x03,left,216.510920,-2479,-0.084982,172,0,No fault,0x04,right,131.057353,-2389,-0.184615,174,0,No fault,-90.00
2026-08-12T10:50:45.477,1786524645.477805,9.761475,3,-2500,5.000000,648,-2500,0x03,left,215.303018,-2434,-0.143590,174,0,No fault,0x04,right,129.256481,-2657,-0.172894,173,0,No fault,223.00
2026-08-12T10:50:45.483,1786524645.483258,9.766925,3,-2500,5.000000,649,-2500,0x03,left,214.688086,-2568,-0.161172,172,0,No fault,0x04,right,128.663511,-2523,-0.208059,174,0,No fault,-45.00
2026-08-12T10:50:45.488,1786524645.488811,9.772478,3,-2500,5.000000,650,-2500,0x03,left,214.117078,-2479,-0.149451,172,0,No fault,0x04,right,127.499533,-2523,-0.254945,175,0,No fault,44.00
2026-08-12T10:50:45.494,1786524645.494303,9.777965,3,-2500,5.000000,651,-2500,0x03,left,212.887214,-2523,-0.161172,173,0,No fault,0x04,right,126.884601,-2389,-0.167033,174,0,No fault,-134.00
2026-08-12T10:50:45.499,1786524645.499631,9.783291,3,-2500,5.000000,652,-2500,0x03,left,212.294244,-2389,-0.161172,173,0,No fault,0x04,right,126.269669,-2345,-0.208059,174,0,No fault,-44.00
2026-08-12T10:50:45.504,1786524645.504948,9.788618,3,-2500,5.000000,653,-2500,0x03,left,211.679312,-2657,-0.155311,173,0,No fault,0x04,right,125.676699,-2568,-0.190476,174,0,No fault,-89.00
2026-08-12T10:50:45.510,1786524645.510335,9.793995,3,-2500,5.000000,654,-2500,0x03,left,240.032063,-2568,-0.190476,174,0,No fault,0x04,right,125.083729,-2434,-0.208059,174,0,No fault,-134.00
2026-08-12T10:50:45.515,1786524645.515637,9.799292,3,-2500,5.000000,655,-2500,0x03,left,210.471410,-2791,-0.096703,175,0,No fault,0x04,right,124.490759,-2389,-0.237363,173,0,No fault,-402.00
2026-08-12T10:50:45.520,1786524645.520943,9.804607,3,-2500,5.000000,656,-2500,0x03,left,209.878440,-2389,-0.167033,172,0,No fault,0x04,right,123.875827,-2568,-0.172894,175,0,No fault,179.00
2026-08-12T10:50:45.526,1786524645.526289,9.809956,3,-2500,5.000000,657,-2500,0x03,left,209.307432,-2345,-0.202198,173,0,No fault,0x04,right,123.304819,-2389,-0.237363,174,0,No fault,44.00
2026-08-12T10:50:45.531,1786524645.531658,9.815322,3,-2500,5.000000,658,-2500,0x03,left,208.692500,-2568,-0.184615,170,0,No fault,0x04,right,122.689887,-2434,-0.178755,174,0,No fault,-134.00
2026-08-12T10:50:45.536,1786524645.536993,9.820655,3,-2500,5.000000,659,-2500,0x03,left,208.099530,-2345,-0.149451,173,0,No fault,0x04,right,122.096917,-2434,-0.190476,174,0,No fault,89.00
2026-08-12T10:50:45.542,1786524645.542329,9.825989,3,-2500,5.000000,660,-2500,0x03,left,207.506560,-2389,-0.172894,173,0,No fault,0x04,right,121.525909,-2255,-0.208059,175,0,No fault,-134.00
2026-08-12T10:50:45.547,1786524645.547654,9.831320,3,-2500,5.000000,661,-2500,0x03,left,206.891628,-2479,-0.167033,173,0,No fault,0x04,right,120.910977,-2345,-0.149451,171,0,No fault,-134.00
2026-08-12T10:50:45.553,1786524645.553025,9.836685,3,-2500,5.000000,662,-2500,0x03,left,206.298658,-2300,-0.213919,173,0,No fault,0x04,right,120.318007,-2479,-0.190476,173,0,No fault,179.00
2026-08-12T10:50:45.558,1786524645.558354,9.842015,3,-2500,5.000000,663,-2500,0x03,left,205.705688,-2568,-0.225641,173,0,No fault,0x04,right,119.725037,-2479,-0.202198,176,0,No fault,-89.00
2026-08-12T10:50:45.563,1786524645.563690,9.847357,3,-2500,5.000000,664,-2500,0x03,left,205.112718,-2300,-0.114286,173,0,No fault,0x04,right,119.132067,-2166,-0.178755,175,0,No fault,-134.00
2026-08-12T10:50:45.569,1786524645.569057,9.852720,3,-2500,5.000000,665,-2500,0x03,left,204.497786,-2523,-0.155311,172,0,No fault,0x04,right,118.539097,-2389,-0.178755,174,0,No fault,-134.00
2026-08-12T10:50:45.574,1786524645.574404,9.858063,3,-2500,5.000000,666,-2500,0x03,left,203.904816,-2523,-0.167033,172,0,No fault,0x04,right,117.924165,-2568,-0.172894,175,0,No fault,45.00
2026-08-12T10:50:45.579,1786524645.579734,9.863393,3,-2500,5.000000,667,-2500,0x03,left,203.289885,-2613,-0.213919,171,0,No fault,0x04,right,117.353157,-2300,-0.172894,174,0,No fault,-313.00
2026-08-12T10:50:45.585,1786524645.585063,9.868728,3,-2500,5.000000,668,-2500,0x03,left,202.696915,-2613,-0.161172,173,0,No fault,0x04,right,116.738225,-2479,-0.202198,174,0,No fault,-134.00
2026-08-12T10:50:45.590,1786524645.590414,9.874075,3,-2500,5.000000,669,-2500,0x03,left,202.103945,-2568,-0.108425,173,0,No fault,0x04,right,116.145255,-2568,-0.219780,175,0,No fault,0.00
2026-08-12T10:50:45.595,1786524645.595814,9.879479,3,-2500,5.000000,670,-2500,0x03,left,201.510975,-2389,-0.149451,175,0,No fault,0x04,right,115.552285,-2300,-0.172894,175,0,No fault,-89.00
2026-08-12T10:50:45.601,1786524645.601325,9.884997,3,-2500,5.000000,671,-2500,0x03,left,200.896043,-2345,-0.184615,174,0,No fault,0x04,right,114.366345,-2523,-0.219780,175,0,No fault,178.00
2026-08-12T10:50:45.607,1786524645.607055,9.890718,3,-2500,5.000000,672,-2500,0x03,left,200.259149,-2479,-0.143590,172,0,No fault,0x04,right,113.729451,-2613,-0.184615,175,0,No fault,134.00
2026-08-12T10:50:45.612,1786524645.612561,9.896217,3,-2500,5.000000,673,-2500,0x03,left,199.051247,-2523,-0.114286,173,0,No fault,0x04,right,113.158443,-2434,-0.225641,171,0,No fault,-89.00
2026-08-12T10:50:45.617,1786524645.617889,9.901561,3,-2500,5.000000,674,-2500,0x03,left,198.458277,-2613,-0.120147,174,0,No fault,0x04,right,112.565473,-2657,-0.213919,174,0,No fault,44.00
2026-08-12T10:50:45.633,1786524645.633605,9.917264,3,-2500,5.000000,675,-2500,0x03,left,196.042473,-2791,-0.131868,175,0,No fault,0x04,right,111.972503,-2523,-0.213919,175,0,No fault,-268.00
2026-08-12T10:50:45.638,1786524645.638894,9.922553,3,-2500,5.000000,676,-2500,0x03,left,195.449503,-2523,-0.108425,173,0,No fault,0x04,right,110.764601,-2613,-0.178755,174,0,No fault,90.00
2026-08-12T10:50:45.644,1786524645.644178,9.927848,3,-2500,5.000000,677,-2500,0x03,left,194.856533,-2300,-0.126007,173,0,No fault,0x04,right,108.963729,-2389,-0.172894,174,0,No fault,89.00
2026-08-12T10:50:45.649,1786524645.649509,9.933170,3,-2500,5.000000,678,-2500,0x03,left,193.121547,-2657,-0.102564,172,0,No fault,0x04,right,108.656264,-2613,-0.196337,175,0,No fault,-44.00
2026-08-12T10:50:45.654,1786524645.654785,9.938442,3,-2500,5.000000,679,-2500,0x03,left,192.836043,-2434,-0.126007,172,0,No fault,0x04,right,108.326836,-2389,-0.202198,174,0,No fault,-45.00
2026-08-12T10:50:45.660,1786524645.660043,9.943699,3,-2500,5.000000,680,-2500,0x03,left,192.462691,-2389,-0.155311,171,0,No fault,0x04,right,107.733866,-2434,-0.249084,175,0,No fault,45.00
2026-08-12T10:50:45.675,1786524645.675598,9.959274,3,-2500,5.000000,681,-2500,0x03,left,191.276751,-2479,-0.155311,172,0,No fault,0x04,right,105.954956,-2389,-0.213919,175,0,No fault,-90.00
2026-08-12T10:50:45.680,1786524645.680986,9.964653,3,-2500,5.000000,682,-2500,0x03,left,220.178549,-2479,-0.184615,174,0,No fault,0x04,right,105.340024,-2345,-0.213919,174,0,No fault,-134.00
2026-08-12T10:50:45.686,1786524645.686366,9.970035,3,-2500,5.000000,683,-2500,0x03,left,190.683781,-2345,-0.114286,173,0,No fault,0x04,right,104.747054,-2523,-0.237363,175,0,No fault,178.00
2026-08-12T10:50:45.691,1786524645.691717,9.975382,3,-2500,5.000000,684,-2500,0x03,left,190.046888,-2657,-0.149451,173,0,No fault,0x04,right,104.154084,-2523,-0.167033,173,0,No fault,-134.00
2026-08-12T10:50:45.697,1786524645.697028,9.980683,3,-2500,5.000000,685,-2500,0x03,left,218.992609,-2434,-0.167033,174,0,No fault,0x04,right,103.561114,-2523,-0.184615,174,0,No fault,89.00
2026-08-12T10:50:45.702,1786524645.702343,9.986016,3,-2500,5.000000,686,-2500,0x03,left,189.475880,-2345,-0.190476,172,0,No fault,0x04,right,102.946182,-2479,-0.231502,174,0,No fault,134.00
2026-08-12T10:50:45.707,1786524645.707689,9.991350,3,-2500,5.000000,687,-2500,0x03,left,188.882910,-2479,-0.184615,173,0,No fault,0x04,right,102.331250,-2791,-0.167033,175,0,No fault,312.00
2026-08-12T10:50:45.712,1786524645.712986,9.996644,3,-2500,5.000000,688,-2500,0x03,left,188.289940,-2479,-0.155311,174,0,No fault,0x04,right,101.760242,-2479,-0.208059,176,0,No fault,0.00
2026-08-12T10:50:45.718,1786524645.718277,10.001940,3,-2500,5.000000,689,-2500,0x03,left,187.696969,-2434,-0.143590,175,0,No fault,0x04,right,101.167272,-2568,-0.172894,174,0,No fault,134.00
2026-08-12T10:50:45.723,1786524645.723761,10.007428,3,-2500,5.000000,690,-2500,0x03,left,187.103999,-2479,-0.184615,172,0,No fault,0x04,right,100.552340,-2613,-0.137729,174,0,No fault,134.00
2026-08-12T10:50:45.729,1786524645.729161,10.012825,3,-2500,5.000000,691,-2500,0x03,left,185.918059,-2345,-0.237363,172,0,No fault,0x04,right,99.959370,-2613,-0.184615,173,0,No fault,268.00
2026-08-12T10:50:45.734,1786524645.734617,10.018280,3,-2500,5.000000,692,-2500,0x03,left,185.303128,-2657,-0.143590,172,0,No fault,0x04,right,99.388362,-2345,-0.184615,174,0,No fault,-312.00
2026-08-12T10:50:45.740,1786524645.740217,10.023886,3,-2500,5.000000,693,-2500,0x03,left,184.710158,-2389,-0.184615,175,0,No fault,0x04,right,98.180460,-2434,-0.167033,174,0,No fault,45.00
2026-08-12T10:50:45.745,1786524645.745559,10.029223,3,-2500,5.000000,694,-2500,0x03,left,184.095226,-2389,-0.184615,173,0,No fault,0x04,right,97.565528,-2300,-0.120147,176,0,No fault,-89.00
2026-08-12T10:50:45.750,1786524645.750909,10.034578,3,-2500,5.000000,695,-2500,0x03,left,183.524218,-2255,-0.184615,169,0,No fault,0x04,right,96.928635,-2434,-0.155311,174,0,No fault,179.00
2026-08-12T10:50:45.756,1786524645.756272,10.039938,3,-2500,5.000000,696,-2500,0x03,left,182.931248,-2345,-0.196337,172,0,No fault,0x04,right,96.357626,-2389,-0.190476,176,0,No fault,44.00
2026-08-12T10:50:45.761,1786524645.761643,10.045309,3,-2500,5.000000,697,-2500,0x03,left,182.316316,-2479,-0.126007,172,0,No fault,0x04,right,95.764656,-2479,-0.184615,174,0,No fault,0.00
2026-08-12T10:50:45.767,1786524645.767003,10.050668,3,-2500,5.000000,698,-2500,0x03,left,181.723346,-2389,-0.137729,173,0,No fault,0x04,right,95.149724,-2479,-0.096703,175,0,No fault,90.00
2026-08-12T10:50:45.772,1786524645.772352,10.056018,3,-2500,5.000000,699,-2500,0x03,left,181.108414,-2568,-0.196337,173,0,No fault,0x04,right,94.578716,-2479,-0.172894,174,0,No fault,-89.00
2026-08-12T10:50:45.777,1786524645.777714,10.061383,3,-2500,5.000000,700,-2500,0x03,left,180.515444,-2613,-0.167033,173,0,No fault,0x04,right,93.963784,-2568,-0.143590,174,0,No fault,-45.00
2026-08-12T10:50:45.783,1786524645.783068,10.066731,3,-2500,5.000000,701,-2500,0x03,left,179.922474,-2523,-0.167033,173,0,No fault,0x04,right,93.370814,-2434,-0.225641,174,0,No fault,-89.00
2026-08-12T10:50:45.788,1786524645.788419,10.072086,3,-2500,5.000000,702,-2500,0x03,left,179.329504,-2300,-0.120147,174,0,No fault,0x04,right,92.777844,-2434,-0.167033,175,0,No fault,134.00
2026-08-12T10:50:45.793,1786524645.793784,10.077446,3,-2500,5.000000,703,-2500,0x03,left,178.714572,-2479,-0.126007,173,0,No fault,0x04,right,92.162913,-2523,-0.143590,174,0,No fault,44.00
2026-08-12T10:50:45.799,1786524645.799120,10.082788,3,-2500,5.000000,704,-2500,0x03,left,207.660293,-2345,-0.225641,175,0,No fault,0x04,right,91.569943,-2434,-0.184615,174,0,No fault,89.00
2026-08-12T10:50:45.804,1786524645.804482,10.088145,3,-2500,5.000000,705,-2500,0x03,left,178.121602,-2389,-0.184615,172,0,No fault,0x04,right,90.955011,-2523,-0.190476,174,0,No fault,134.00
2026-08-12T10:50:45.809,1786524645.809824,10.093490,3,-2500,5.000000,706,-2500,0x03,left,177.506670,-2300,-0.184615,173,0,No fault,0x04,right,90.384003,-2300,-0.178755,175,0,No fault,0.00
2026-08-12T10:50:45.815,1786524645.815187,10.098870,3,-2500,5.000000,707,-2500,0x03,left,176.913700,-2389,-0.137729,175,0,No fault,0x04,right,89.769071,-2479,-0.184615,174,0,No fault,90.00
2026-08-12T10:50:45.820,1786524645.820546,10.104207,3,-2500,5.000000,708,-2500,0x03,left,176.320730,-2479,-0.131868,174,0,No fault,0x04,right,89.154139,-2702,-0.190476,175,0,No fault,223.00
2026-08-12T10:50:45.836,1786524645.836236,10.119909,3,-2500,5.000000,709,-2500,0x03,left,174.519858,-2479,-0.155311,173,0,No fault,0x04,right,87.990161,-2523,-0.208059,175,0,No fault,44.00
2026-08-12T10:50:45.841,1786524645.841680,10.125348,3,-2500,5.000000,710,-2500,0x03,left,173.926888,-2345,-0.143590,174,0,No fault,0x04,right,87.397191,-2613,-0.225641,174,0,No fault,268.00
2026-08-12T10:50:45.847,1786524645.847099,10.130771,3,-2500,5.000000,711,-2500,0x03,left,173.311956,-2434,-0.114286,172,0,No fault,0x04,right,85.684166,-2300,-0.196337,176,0,No fault,-134.00
2026-08-12T10:50:45.852,1786524645.852627,10.136299,3,-2500,5.000000,712,-2500,0x03,left,172.697024,-2568,-0.161172,174,0,No fault,0x04,right,85.398662,-2434,-0.190476,175,0,No fault,-134.00
2026-08-12T10:50:45.858,1786524645.858513,10.142184,3,-2500,5.000000,713,-2500,0x03,left,171.511084,-2434,-0.190476,173,0,No fault,0x04,right,84.410379,-2479,-0.231502,174,0,No fault,45.00
2026-08-12T10:50:45.863,1786524645.863875,10.147543,3,-2500,5.000000,714,-2500,0x03,left,170.918114,-2657,-0.137729,172,0,No fault,0x04,right,83.751523,-2479,-0.178755,174,0,No fault,-178.00
2026-08-12T10:50:45.879,1786524645.879761,10.163426,3,-2500,5.000000,715,-2500,0x03,left,198.677896,-2211,-0.219780,174,0,No fault,0x04,right,81.928689,-2613,-0.219780,175,0,No fault,402.00
2026-08-12T10:50:45.885,1786524645.885227,10.168950,3,-2500,5.000000,716,-2500,0x03,left,168.546234,-2434,-0.208059,174,0,No fault,0x04,right,81.335719,-2345,-0.219780,176,0,No fault,-89.00
2026-08-12T10:50:45.890,1786524645.890666,10.174336,3,-2500,5.000000,717,-2500,0x03,left,167.997188,-2345,-0.161172,173,0,No fault,0x04,right,80.742749,-2523,-0.143590,175,0,No fault,178.00
2026-08-12T10:50:45.896,1786524645.896061,10.179732,3,-2500,5.000000,718,-2500,0x03,left,167.382256,-2389,-0.131868,173,0,No fault,0x04,right,80.149779,-2523,-0.208059,175,0,No fault,134.00
2026-08-12T10:50:45.901,1786524645.901473,10.185140,3,-2500,5.000000,719,-2500,0x03,left,166.767324,-2568,-0.172894,172,0,No fault,0x04,right,79.556809,-2479,-0.202198,175,0,No fault,-89.00
2026-08-12T10:50:45.906,1786524645.906853,10.190530,3,-2500,5.000000,720,-2500,0x03,left,166.196316,-2255,-0.237363,172,0,No fault,0x04,right,78.963839,-2434,-0.196337,174,0,No fault,179.00
2026-08-12T10:50:45.912,1786524645.912443,10.196395,3,-2500,5.000000,721,-2500,0x03,left,165.603346,-2389,-0.190476,173,0,No fault,0x04,right,78.392831,-2389,-0.196337,175,0,No fault,0.00
2026-08-12T10:50:45.918,1786524645.918201,10.201888,3,-2500,5.000000,722,-2500,0x03,left,164.988414,-2568,-0.108425,173,0,No fault,0x04,right,77.777899,-2657,-0.167033,174,0,No fault,89.00
2026-08-12T10:50:45.923,1786524645.923640,10.207330,3,-2500,5.000000,723,-2500,0x03,left,164.373482,-2345,-0.190476,172,0,No fault,0x04,right,77.184929,-2389,-0.184615,172,0,No fault,44.00
2026-08-12T10:50:45.929,1786524645.929218,10.212894,3,-2500,5.000000,724,-2500,0x03,left,163.758551,-2434,-0.178755,173,0,No fault,0x04,right,76.613921,-2211,-0.208059,171,0,No fault,-223.00
2026-08-12T10:50:45.934,1786524645.934813,10.218505,3,-2500,5.000000,725,-2500,0x03,left,163.143619,-2434,-0.196337,173,0,No fault,0x04,right,75.998989,-2345,-0.190476,176,0,No fault,-89.00
2026-08-12T10:50:45.940,1786524645.940805,10.224492,3,-2500,5.000000,726,-2500,0x03,left,161.935717,-2747,-0.114286,173,0,No fault,0x04,right,74.791088,-2479,-0.208059,174,0,No fault,-268.00
2026-08-12T10:50:45.946,1786524645.946266,10.229952,3,-2500,5.000000,727,-2500,0x03,left,161.364709,-2300,-0.196337,175,0,No fault,0x04,right,74.176156,-2523,-0.178755,174,0,No fault,223.00
2026-08-12T10:50:45.951,1786524645.951660,10.235335,3,-2500,5.000000,728,-2500,0x03,left,160.749777,-2479,-0.149451,172,0,No fault,0x04,right,73.517300,-2345,-0.202198,175,0,No fault,-134.00
2026-08-12T10:50:45.957,1786524645.957014,10.240690,3,-2500,5.000000,729,-2500,0x03,left,160.156807,-2479,-0.172894,173,0,No fault,0x04,right,72.968254,-2434,-0.249084,174,0,No fault,-45.00
2026-08-12T10:50:45.962,1786524645.962374,10.246044,3,-2500,5.000000,730,-2500,0x03,left,159.563837,-2613,-0.161172,173,0,No fault,0x04,right,72.331360,-2702,-0.149451,175,0,No fault,89.00
2026-08-12T10:50:45.967,1786524645.967753,10.251423,3,-2500,5.000000,731,-2500,0x03,left,158.970867,-2255,-0.120147,172,0,No fault,0x04,right,71.738390,-2702,-0.202198,174,0,No fault,447.00
2026-08-12T10:50:45.976,1786524645.976326,10.259984,3,-2500,5.000000,732,-2500,0x03,left,157.762965,-2523,-0.167033,172,0,No fault,0x04,right,71.167382,-2389,-0.213919,174,0,No fault,-134.00
2026-08-12T10:50:45.981,1786524645.981643,10.265307,3,-2500,5.000000,733,-2500,0x03,left,157.148033,-2479,-0.190476,172,0,No fault,0x04,right,69.959480,-2702,-0.225641,171,0,No fault,223.00
2026-08-12T10:50:45.987,1786524645.987092,10.270761,3,-2500,5.000000,734,-2500,0x03,left,155.940131,-2345,-0.149451,173,0,No fault,0x04,right,69.388472,-2345,-0.172894,174,0,No fault,0.00
2026-08-12T10:50:45.992,1786524645.992421,10.276082,3,-2500,5.000000,735,-2500,0x03,left,155.325199,-2479,-0.126007,173,0,No fault,0x04,right,68.795502,-2166,-0.202198,174,0,No fault,-313.00
2026-08-12T10:50:45.997,1786524645.997811,10.281480,3,-2500,5.000000,736,-2500,0x03,left,154.732229,-2434,-0.167033,172,0,No fault,0x04,right,68.202532,-2479,-0.196337,173,0,No fault,45.00
2026-08-12T10:50:46.003,1786524646.003192,10.286856,3,-2500,5.000000,737,-2500,0x03,left,154.139259,-2657,-0.167033,173,0,No fault,0x04,right,67.587600,-2747,-0.231502,176,0,No fault,90.00
2026-08-12T10:50:46.008,1786524646.008565,10.292231,3,-2500,5.000000,738,-2500,0x03,left,153.546289,-2479,-0.090842,174,0,No fault,0x04,right,67.016592,-2300,-0.196337,176,0,No fault,-179.00
2026-08-12T10:50:46.013,1786524646.013882,10.297540,3,-2500,5.000000,739,-2500,0x03,left,152.953319,-2479,-0.131868,173,0,No fault,0x04,right,66.423622,-2389,-0.202198,174,0,No fault,-90.00
2026-08-12T10:50:46.019,1786524646.019159,10.302814,3,-2500,5.000000,740,-2500,0x03,left,152.316426,-2434,-0.143590,172,0,No fault,0x04,right,65.830652,-2434,-0.172894,174,0,No fault,0.00
2026-08-12T10:50:46.034,1786524646.034623,10.318286,3,-2500,5.000000,741,-2500,0x03,left,150.515554,-2568,-0.108425,173,0,No fault,0x04,right,65.215720,-2389,-0.167033,175,0,No fault,-179.00
2026-08-12T10:50:46.039,1786524646.039943,10.323606,3,-2500,5.000000,742,-2500,0x03,left,149.922584,-2434,-0.161172,173,0,No fault,0x04,right,64.029780,-2300,-0.143590,174,0,No fault,-134.00
2026-08-12T10:50:46.045,1786524646.045257,10.328914,3,-2500,5.000000,743,-2500,0x03,left,149.329614,-2568,-0.213919,173,0,No fault,0x04,right,62.228908,-2345,-0.143590,175,0,No fault,-223.00
2026-08-12T10:50:46.050,1786524646.050581,10.334256,3,-2500,5.000000,744,-2500,0x03,left,148.714682,-2568,-0.167033,173,0,No fault,0x04,right,61.921442,-2166,-0.219780,175,0,No fault,-402.00
2026-08-12T10:50:46.055,1786524646.055991,10.339686,3,-2500,5.000000,745,-2500,0x03,left,148.121712,-2568,-0.149451,173,0,No fault,0x04,right,61.592014,-2479,-0.213919,174,0,No fault,-89.00
2026-08-12T10:50:46.061,1786524646.061427,10.345322,3,-2500,5.000000,746,-2500,0x03,left,147.528742,-2523,-0.167033,174,0,No fault,0x04,right,60.999044,-2568,-0.184615,175,0,No fault,45.00
2026-08-12T10:50:46.067,1786524646.067055,10.350735,3,-2500,5.000000,747,-2500,0x03,left,146.935772,-2523,-0.161172,174,0,No fault,0x04,right,60.406074,-2300,-0.178755,173,0,No fault,-223.00
2026-08-12T10:50:46.072,1786524646.072561,10.356234,3,-2500,5.000000,748,-2500,0x03,left,174.761439,-2434,-0.208059,175,0,No fault,0x04,right,59.813104,-2568,-0.213919,175,0,No fault,134.00
2026-08-12T10:50:46.088,1786524646.088465,10.372139,3,-2500,5.000000,749,-2500,0x03,left,144.541930,-2657,-0.178755,172,0,No fault,0x04,right,58.012232,-2613,-0.196337,173,0,No fault,-44.00
2026-08-12T10:50:46.093,1786524646.093832,10.377529,3,-2500,5.000000,750,-2500,0x03,left,143.948960,-2568,-0.184615,173,0,No fault,0x04,right,57.353377,-2479,-0.231502,176,0,No fault,-89.00
2026-08-12T10:50:46.099,1786524646.099243,10.382923,3,-2500,5.000000,751,-2500,0x03,left,143.334028,-2479,-0.190476,172,0,No fault,0x04,right,56.760407,-2479,-0.184615,174,0,No fault,0.00
2026-08-12T10:50:46.104,1786524646.104619,10.388285,3,-2500,5.000000,752,-2500,0x03,left,142.741058,-2389,-0.184615,174,0,No fault,0x04,right,56.167437,-2479,-0.208059,175,0,No fault,90.00
2026-08-12T10:50:46.110,1786524646.110159,10.393828,3,-2500,5.000000,753,-2500,0x03,left,142.038279,-2389,-0.102564,174,0,No fault,0x04,right,55.574467,-2389,-0.161172,176,0,No fault,0.00
2026-08-12T10:50:46.116,1786524646.116046,10.399717,3,-2500,5.000000,754,-2500,0x03,left,140.237407,-2568,-0.149451,174,0,No fault,0x04,right,54.366565,-2613,-0.190476,174,0,No fault,45.00
2026-08-12T10:50:46.121,1786524646.121424,10.405129,3,-2500,5.000000,755,-2500,0x03,left,139.644437,-2568,-0.149451,173,0,No fault,0x04,right,53.773595,-2434,-0.172894,177,0,No fault,-134.00
2026-08-12T10:50:46.126,1786524646.126794,10.410461,3,-2500,5.000000,756,-2500,0x03,left,139.029505,-2479,-0.114286,173,0,No fault,0x04,right,53.158663,-2300,-0.219780,177,0,No fault,-179.00
2026-08-12T10:50:46.132,1786524646.132161,10.415830,3,-2500,5.000000,757,-2500,0x03,left,138.414573,-2523,-0.137729,172,0,No fault,0x04,right,52.543731,-2657,-0.190476,175,0,No fault,134.00
2026-08-12T10:50:46.137,1786524646.137647,10.421311,3,-2500,5.000000,758,-2500,0x03,left,137.821603,-2479,-0.167033,172,0,No fault,0x04,right,51.950761,-2568,-0.196337,173,0,No fault,89.00
2026-08-12T10:50:46.142,1786524646.142983,10.426645,3,-2500,5.000000,759,-2500,0x03,left,137.250595,-2211,-0.167033,172,0,No fault,0x04,right,51.357791,-2345,-0.225641,174,0,No fault,134.00
2026-08-12T10:50:46.148,1786524646.148317,10.431983,3,-2500,5.000000,760,-2500,0x03,left,136.635663,-2345,-0.090842,173,0,No fault,0x04,right,50.764821,-2345,-0.172894,174,0,No fault,0.00
2026-08-12T10:50:46.153,1786524646.153809,10.437482,3,-2500,5.000000,761,-2500,0x03,left,136.042693,-2389,-0.108425,173,0,No fault,0x04,right,50.171851,-2255,-0.225641,175,0,No fault,-134.00
2026-08-12T10:50:46.159,1786524646.159175,10.442841,3,-2500,5.000000,762,-2500,0x03,left,135.427761,-2479,-0.149451,171,0,No fault,0x04,right,49.556919,-2434,-0.178755,174,0,No fault,-45.00
2026-08-12T10:50:46.164,1786524646.164545,10.448214,3,-2500,5.000000,763,-2500,0x03,left,134.834791,-2300,-0.126007,173,0,No fault,0x04,right,48.963949,-2479,-0.202198,174,0,No fault,179.00
2026-08-12T10:50:46.169,1786524646.169949,10.453624,3,-2500,5.000000,764,-2500,0x03,left,134.241821,-2434,-0.161172,173,0,No fault,0x04,right,48.370979,-2479,-0.184615,176,0,No fault,45.00
2026-08-12T10:50:46.175,1786524646.175330,10.458994,3,-2500,5.000000,765,-2500,0x03,left,133.626889,-2568,-0.090842,173,0,No fault,0x04,right,47.778009,-2434,-0.231502,174,0,No fault,-134.00
2026-08-12T10:50:46.180,1786524646.180682,10.464352,3,-2500,5.000000,766,-2500,0x03,left,133.033919,-2389,-0.126007,173,0,No fault,0x04,right,47.185039,-2657,-0.196337,174,0,No fault,268.00
2026-08-12T10:50:46.186,1786524646.186060,10.469737,3,-2500,5.000000,767,-2500,0x03,left,132.418988,-2389,-0.131868,172,0,No fault,0x04,right,46.592069,-2568,-0.196337,172,0,No fault,179.00
2026-08-12T10:50:46.191,1786524646.191708,10.475374,3,-2500,5.000000,768,-2500,0x03,left,131.804056,-2568,-0.149451,173,0,No fault,0x04,right,46.021061,-2255,-0.208059,174,0,No fault,-313.00
2026-08-12T10:50:46.197,1786524646.197339,10.481015,3,-2500,5.000000,769,-2500,0x03,left,131.211086,-2345,-0.155311,173,0,No fault,0x04,right,45.406129,-2389,-0.172894,174,0,No fault,44.00
2026-08-12T10:50:46.203,1786524646.203041,10.486713,3,-2500,5.000000,770,-2500,0x03,left,129.981222,-2434,-0.167033,172,0,No fault,0x04,right,44.813159,-2389,-0.231502,174,0,No fault,-45.00
2026-08-12T10:50:46.208,1786524646.208483,10.492160,3,-2500,5.000000,771,-2500,0x03,left,129.410214,-2568,-0.208059,170,0,No fault,0x04,right,43.605257,-2389,-0.161172,174,0,No fault,-179.00
2026-08-12T10:50:46.213,1786524646.213895,10.497572,3,-2500,5.000000,772,-2500,0x03,left,128.817244,-2389,-0.231502,175,0,No fault,0x04,right,42.968364,-2747,-0.225641,170,0,No fault,358.00
2026-08-12T10:50:46.219,1786524646.219280,10.502949,3,-2500,5.000000,773,-2500,0x03,left,128.202312,-2300,-0.149451,172,0,No fault,0x04,right,42.375394,-2345,-0.161172,174,0,No fault,45.00
2026-08-12T10:50:46.234,1786524646.234866,10.518529,3,-2500,5.000000,774,-2500,0x03,left,126.401440,-2434,-0.202198,174,0,No fault,0x04,right,41.804386,-2211,-0.213919,175,0,No fault,-223.00
2026-08-12T10:50:46.240,1786524646.240183,10.523855,3,-2500,5.000000,775,-2500,0x03,left,125.830432,-2300,-0.219780,174,0,No fault,0x04,right,40.574522,-2568,-0.131868,174,0,No fault,268.00
2026-08-12T10:50:46.245,1786524646.245536,10.529196,3,-2500,5.000000,776,-2500,0x03,left,125.215500,-2568,-0.137729,173,0,No fault,0x04,right,38.729726,-2300,-0.155311,174,0,No fault,-268.00
2026-08-12T10:50:46.250,1786524646.250861,10.534530,3,-2500,5.000000,777,-2500,0x03,left,124.622530,-2389,-0.167033,173,0,No fault,0x04,right,38.400299,-2613,-0.149451,174,0,No fault,224.00
2026-08-12T10:50:46.256,1786524646.256225,10.539893,3,-2500,5.000000,778,-2500,0x03,left,124.007598,-2434,-0.202198,173,0,No fault,0x04,right,38.092833,-2300,-0.172894,174,0,No fault,-134.00
2026-08-12T10:50:46.261,1786524646.261709,10.545377,3,-2500,5.000000,779,-2500,0x03,left,123.414628,-2389,-0.167033,174,0,No fault,0x04,right,37.499863,-2389,-0.137729,174,0,No fault,0.00
2026-08-12T10:50:46.267,1786524646.267073,10.550741,3,-2500,5.000000,780,-2500,0x03,left,121.679642,-2434,-0.126007,172,0,No fault,0x04,right,36.884931,-2613,-0.161172,175,0,No fault,179.00
2026-08-12T10:50:46.272,1786524646.272447,10.556117,3,-2500,5.000000,781,-2500,0x03,left,121.372176,-2389,-0.184615,173,0,No fault,0x04,right,36.291961,-2211,-0.178755,175,0,No fault,-178.00
2026-08-12T10:50:46.288,1786524646.288056,10.571728,3,-2500,5.000000,782,-2500,0x03,left,120.405854,-2613,-0.172894,172,0,No fault,0x04,right,34.491089,-2479,-0.184615,173,0,No fault,-134.00
2026-08-12T10:50:46.293,1786524646.293412,10.577148,3,-2500,5.000000,783,-2500,0x03,left,119.834846,-2255,-0.208059,175,0,No fault,0x04,right,33.876157,-2657,-0.143590,174,0,No fault,402.00
2026-08-12T10:50:46.298,1786524646.298832,10.582492,3,-2500,5.000000,784,-2500,0x03,left,119.241876,-2389,-0.114286,174,0,No fault,0x04,right,33.305149,-2389,-0.172894,175,0,No fault,0.00
2026-08-12T10:50:46.304,1786524646.304170,10.587837,3,-2500,5.000000,785,-2500,0x03,left,118.583021,-2434,-0.155311,173,0,No fault,0x04,right,32.690217,-2613,-0.143590,174,0,No fault,179.00
2026-08-12T10:50:46.309,1786524646.309574,10.593244,3,-2500,5.000000,786,-2500,0x03,left,117.990051,-2434,-0.161172,174,0,No fault,0x04,right,32.119209,-2300,-0.149451,175,0,No fault,-134.00
2026-08-12T10:50:46.314,1786524646.314926,10.598583,3,-2500,5.000000,787,-2500,0x03,left,117.419043,-2434,-0.184615,173,0,No fault,0x04,right,31.504277,-2434,-0.190476,174,0,No fault,0.00
2026-08-12T10:50:46.320,1786524646.320285,10.603965,3,-2500,5.000000,788,-2500,0x03,left,116.804111,-2345,-0.108425,174,0,No fault,0x04,right,30.911307,-2345,-0.137729,175,0,No fault,0.00
2026-08-12T10:50:46.325,1786524646.325744,10.609422,3,-2500,5.000000,789,-2500,0x03,left,116.189179,-2568,-0.126007,172,0,No fault,0x04,right,30.296375,-2568,-0.161172,174,0,No fault,0.00
2026-08-12T10:50:46.331,1786524646.331447,10.615189,3,-2500,5.000000,790,-2500,0x03,left,115.618171,-2434,-0.149451,172,0,No fault,0x04,right,29.725367,-2523,-0.202198,171,0,No fault,89.00
2026-08-12T10:50:46.337,1786524646.337192,10.620919,3,-2500,5.000000,791,-2500,0x03,left,114.410269,-2345,-0.149451,173,0,No fault,0x04,right,29.132397,-2255,-0.167033,173,0,No fault,-90.00
2026-08-12T10:50:46.342,1786524646.342795,10.626484,3,-2500,5.000000,792,-2500,0x03,left,113.817299,-2300,-0.131868,173,0,No fault,0x04,right,28.495503,-2479,-0.213919,178,0,No fault,179.00
2026-08-12T10:50:46.348,1786524646.348316,10.631993,3,-2500,5.000000,793,-2500,0x03,left,113.202367,-2479,-0.126007,173,0,No fault,0x04,right,27.287601,-2747,-0.225641,174,0,No fault,268.00
2026-08-12T10:50:46.353,1786524646.353750,10.637422,3,-2500,5.000000,794,-2500,0x03,left,112.587435,-2479,-0.161172,173,0,No fault,0x04,right,26.694631,-2479,-0.184615,173,0,No fault,0.00
2026-08-12T10:50:46.359,1786524646.359142,10.642817,3,-2500,5.000000,795,-2500,0x03,left,111.994465,-2523,-0.137729,173,0,No fault,0x04,right,26.079699,-2479,-0.260806,174,0,No fault,-44.00
2026-08-12T10:50:46.364,1786524646.364557,10.648236,3,-2500,5.000000,796,-2500,0x03,left,111.423457,-2211,-0.237363,173,0,No fault,0x04,right,25.486729,-2613,-0.155311,174,0,No fault,402.00
2026-08-12T10:50:46.369,1786524646.369987,10.653658,3,-2500,5.000000,797,-2500,0x03,left,110.808525,-2345,-0.126007,176,0,No fault,0x04,right,24.893759,-2523,-0.225641,174,0,No fault,178.00
2026-08-12T10:50:46.375,1786524646.375461,10.659150,3,-2500,5.000000,798,-2500,0x03,left,110.193593,-2389,-0.131868,173,0,No fault,0x04,right,24.300789,-2434,-0.208059,171,0,No fault,45.00
2026-08-12T10:50:46.380,1786524646.380909,10.664574,3,-2500,5.000000,799,-2500,0x03,left,109.600623,-2434,-0.225641,173,0,No fault,0x04,right,23.707819,-2389,-0.190476,174,0,No fault,-45.00
2026-08-12T10:50:46.386,1786524646.386272,10.669950,3,-2500,5.000000,800,-2500,0x03,left,109.007653,-2523,-0.237363,172,0,No fault,0x04,right,23.114849,-2479,-0.231502,173,0,No fault,-44.00
2026-08-12T10:50:46.391,1786524646.391836,10.675511,3,-2500,5.000000,801,-2500,0x03,left,108.414683,-2523,-0.184615,173,0,No fault,0x04,right,22.521879,-2523,-0.178755,175,0,No fault,0.00
2026-08-12T10:50:46.397,1786524646.397212,10.680870,3,-2500,5.000000,802,-2500,0x03,left,107.821713,-2434,-0.137729,173,0,No fault,0x04,right,21.906948,-2479,-0.231502,174,0,No fault,45.00
2026-08-12T10:50:46.402,1786524646.402525,10.686190,3,-2500,5.000000,803,-2500,0x03,left,107.206781,-2568,-0.167033,172,0,No fault,0x04,right,21.313978,-2389,-0.219780,177,0,No fault,-179.00
2026-08-12T10:50:46.407,1786524646.407837,10.691492,3,-2500,5.000000,804,-2500,0x03,left,106.613811,-2345,-0.172894,172,0,No fault,0x04,right,20.721008,-2613,-0.184615,174,0,No fault,268.00
2026-08-12T10:50:46.413,1786524646.413370,10.697038,3,-2500,5.000000,805,-2500,0x03,left,106.020841,-2434,-0.231502,175,0,No fault,0x04,right,20.128038,-2211,-0.202198,173,0,No fault,-223.00
2026-08-12T10:50:46.418,1786524646.418796,10.702466,3,-2500,5.000000,806,-2500,0x03,left,105.427871,-2523,-0.155311,173,0,No fault,0x04,right,19.513106,-2523,-0.190476,174,0,No fault,0.00
2026-08-12T10:50:46.424,1786524646.424284,10.707942,3,-2500,5.000000,807,-2500,0x03,left,103.626999,-2479,-0.190476,173,0,No fault,0x04,right,18.920136,-2434,-0.202198,171,0,No fault,-45.00
2026-08-12T10:50:46.440,1786524646.440332,10.724010,3,-2500,5.000000,808,-2500,0x03,left,102.441059,-2523,-0.149451,173,0,No fault,0x04,right,17.734196,-2479,-0.167033,173,0,No fault,-44.00
2026-08-12T10:50:46.445,1786524646.445748,10.729425,3,-2500,5.000000,809,-2500,0x03,left,101.826128,-2434,-0.137729,172,0,No fault,0x04,right,17.119264,-2434,-0.161172,174,0,No fault,0.00
2026-08-12T10:50:46.451,1786524646.451117,10.734802,3,-2500,5.000000,810,-2500,0x03,left,101.211196,-2836,-0.219780,172,0,No fault,0x04,right,15.186621,-2613,-0.167033,173,0,No fault,-223.00
2026-08-12T10:50:46.456,1786524646.456494,10.740159,3,-2500,5.000000,811,-2500,0x03,left,100.640188,-2434,-0.202198,173,0,No fault,0x04,right,14.901117,-2389,-0.208059,175,0,No fault,-45.00
2026-08-12T10:50:46.462,1786524646.462079,10.745730,3,-2500,5.000000,812,-2500,0x03,left,129.871413,-2389,-0.190476,174,0,No fault,0x04,right,14.527765,-2657,-0.213919,174,0,No fault,268.00
2026-08-12T10:50:46.467,1786524646.467435,10.751083,3,-2500,5.000000,813,-2500,0x03,left,100.047218,-2479,-0.178755,173,0,No fault,0x04,right,13.934795,-2523,-0.167033,174,0,No fault,44.00
2026-08-12T10:50:46.472,1786524646.472737,10.756399,3,-2500,5.000000,814,-2500,0x03,left,99.454248,-2389,-0.172894,173,0,No fault,0x04,right,12.748855,-2479,-0.190476,175,0,No fault,90.00
2026-08-12T10:50:46.488,1786524646.488437,10.772107,3,-2500,5.000000,815,-2500,0x03,left,97.038444,-2657,-0.167033,176,0,No fault,0x04,right,10.947983,-2479,-0.155311,174,0,No fault,-178.00
2026-08-12T10:50:46.493,1786524646.493809,10.777472,3,-2500,5.000000,816,-2500,0x03,left,126.269669,-2345,-0.208059,174,0,No fault,0x04,right,10.311090,-2434,-0.184615,175,0,No fault,89.00
2026-08-12T10:50:46.499,1786524646.499157,10.782823,3,-2500,5.000000,817,-2500,0x03,left,96.423512,-2479,-0.120147,174,0,No fault,0x04,right,9.718120,-2389,-0.178755,175,0,No fault,-90.00
2026-08-12T10:50:46.504,1786524646.504501,10.788164,3,-2500,5.000000,818,-2500,0x03,left,95.808580,-2345,-0.137729,173,0,No fault,0x04,right,9.125150,-2523,-0.196337,174,0,No fault,178.00
2026-08-12T10:50:46.509,1786524646.509831,10.793501,3,-2500,5.000000,819,-2500,0x03,left,95.215610,-2747,-0.149451,169,0,No fault,0x04,right,8.532180,-2434,-0.208059,174,0,No fault,-313.00
2026-08-12T10:50:46.515,1786524646.515180,10.798843,3,-2500,5.000000,820,-2500,0x03,left,94.644602,-2345,-0.167033,173,0,No fault,0x04,right,7.939210,-2747,-0.231502,175,0,No fault,402.00
2026-08-12T10:50:46.520,1786524646.520481,10.804141,3,-2500,5.000000,821,-2500,0x03,left,94.007708,-2523,-0.143590,172,0,No fault,0x04,right,7.346240,-2613,-0.202198,174,0,No fault,90.00
2026-08-12T10:50:46.525,1786524646.525915,10.809579,3,-2500,5.000000,822,-2500,0x03,left,93.392776,-2613,-0.079121,176,0,No fault,0x04,right,6.731308,-2568,-0.196337,170,0,No fault,-45.00
2026-08-12T10:50:46.531,1786524646.531269,10.814943,3,-2500,5.000000,823,-2500,0x03,left,122.689887,-2434,-0.178755,174,0,No fault,0x04,right,6.138338,-2523,-0.184615,175,0,No fault,89.00
2026-08-12T10:50:46.536,1786524646.536748,10.820410,3,-2500,5.000000,824,-2500,0x03,left,92.799806,-2434,-0.161172,172,0,No fault,0x04,right,5.545368,-2523,-0.172894,175,0,No fault,89.00
2026-08-12T10:50:46.542,1786524646.542256,10.825915,3,-2500,5.000000,825,-2500,0x03,left,91.591904,-2389,-0.196337,172,0,No fault,0x04,right,4.952398,-2345,-0.213919,175,0,No fault,-44.00
2026-08-12T10:50:46.557,1786524646.557390,10.841061,4,0,0.800000,1,0,0x03,left,89.791033,-2523,-0.196337,172,0,No fault,0x04,right,3.173488,-2523,-0.202198,176,0,No fault,0.00
2026-08-12T10:50:46.562,1786524646.562792,10.846450,4,0,0.800000,2,0,0x03,left,89.198063,-2479,-0.190476,172,0,No fault,0x04,right,2.580518,-2523,-0.190476,174,0,No fault,44.00
2026-08-12T10:50:46.568,1786524646.568105,10.851769,4,0,0.800000,3,0,0x03,left,88.605093,-2523,-0.178755,174,0,No fault,0x04,right,1.943624,-2211,-0.213919,174,0,No fault,-312.00
2026-08-12T10:50:46.573,1786524646.573582,10.857238,4,0,0.800000,4,0,0x03,left,88.012123,-2613,-0.149451,172,0,No fault,0x04,right,1.636158,-2613,-0.213919,174,0,No fault,0.00
2026-08-12T10:50:46.578,1786524646.578861,10.862517,4,0,0.800000,5,0,0x03,left,87.419153,-2523,-0.161172,173,0,No fault,0x04,right,1.416539,-1764,1.198535,174,0,No fault,-759.00
2026-08-12T10:50:46.584,1786524646.584144,10.867804,4,0,0.800000,6,0,0x03,left,86.826183,-2300,-0.184615,173,0,No fault,0x04,right,1.262806,-246,0.448352,174,0,No fault,-2054.00
2026-08-12T10:50:46.589,1786524646.589477,10.873134,4,0,0.800000,7,0,0x03,left,86.233213,-2479,-0.225641,172,0,No fault,0x04,right,1.306730,112,0.026374,174,0,No fault,-2591.00
2026-08-12T10:50:46.594,1786524646.594759,10.878414,4,0,0.800000,8,0,0x03,left,85.640243,-2479,-0.202198,173,0,No fault,0x04,right,1.306730,-201,0.026374,174,0,No fault,-2278.00
2026-08-12T10:50:46.600,1786524646.600025,10.883679,4,0,0.800000,9,0,0x03,left,85.025311,-2255,-0.079121,173,0,No fault,0x04,right,1.306730,67,0.055678,173,0,No fault,-2322.00
2026-08-12T10:50:46.605,1786524646.605351,10.889023,4,0,0.800000,10,0,0x03,left,84.432341,-2613,-0.149451,175,0,No fault,0x04,right,1.284768,22,-0.002930,177,0,No fault,-2635.00
2026-08-12T10:50:46.611,1786524646.611185,10.894853,4,0,0.800000,11,0,0x03,left,83.839371,-2389,-0.190476,173,0,No fault,0x04,right,1.284768,-22,-0.038095,175,0,No fault,-2367.00
2026-08-12T10:50:46.616,1786524646.616528,10.900192,4,0,0.800000,12,0,0x03,left,83.224439,-2568,-0.184615,173,0,No fault,0x04,right,1.284768,67,-0.049817,175,0,No fault,-2635.00
2026-08-12T10:50:46.621,1786524646.621866,10.905533,4,0,0.800000,13,0,0x03,left,82.609507,-2479,-0.161172,170,0,No fault,0x04,right,1.284768,22,-0.014652,174,0,No fault,-2501.00
2026-08-12T10:50:46.637,1786524646.637661,10.921316,4,0,0.800000,14,0,0x03,left,80.786673,-2389,-0.161172,170,0,No fault,0x04,right,1.284768,-67,-0.032234,174,0,No fault,-2322.00
2026-08-12T10:50:46.643,1786524646.643006,10.926676,4,0,0.800000,15,0,0x03,left,80.127818,-2434,-0.143590,173,0,No fault,0x04,right,1.284768,-112,-0.043956,174,0,No fault,-2322.00
2026-08-12T10:50:46.648,1786524646.648323,10.931990,4,0,0.800000,16,0,0x03,left,79.556809,-2389,-0.131868,173,0,No fault,0x04,right,1.284768,-22,-0.043956,175,0,No fault,-2367.00
2026-08-12T10:50:46.653,1786524646.653636,10.937298,4,0,0.800000,17,0,0x03,left,108.963729,-2389,-0.172894,174,0,No fault,0x04,right,1.284768,67,-0.061538,175,0,No fault,-2456.00
2026-08-12T10:50:46.658,1786524646.658932,10.942594,4,0,0.800000,18,0,0x03,left,78.941878,-2568,-0.108425,172,0,No fault,0x04,right,1.284768,-67,-0.049817,175,0,No fault,-2501.00
2026-08-12T10:50:46.664,1786524646.664354,10.948025,4,0,0.800000,19,0,0x03,left,78.326946,-2613,-0.131868,173,0,No fault,0x04,right,1.284768,156,-0.067399,174,0,No fault,-2769.00
2026-08-12T10:50:46.669,1786524646.669901,10.953565,4,0,0.800000,20,0,0x03,left,77.162968,-2389,-0.167033,174,0,No fault,0x04,right,1.284768,67,-0.043956,175,0,No fault,-2456.00
2026-08-12T10:50:46.675,1786524646.675218,10.958883,4,0,0.800000,21,0,0x03,left,76.548036,-2523,-0.090842,175,0,No fault,0x04,right,1.262806,-156,-0.026374,175,0,No fault,-2367.00
2026-08-12T10:50:46.691,1786524646.691052,10.974719,4,0,0.800000,22,0,0x03,left,75.955066,-2255,-0.114286,172,0,No fault,0x04,right,1.284768,22,-0.020513,175,0,No fault,-2277.00
2026-08-12T10:50:46.696,1786524646.696366,10.980031,4,0,0.800000,23,0,0x03,left,74.022423,-2434,-0.114286,173,0,No fault,0x04,right,1.284768,22,-0.038095,175,0,No fault,-2456.00
2026-08-12T10:50:46.701,1786524646.701671,10.985332,4,0,0.800000,24,0,0x03,left,73.649071,-2345,-0.073260,173,0,No fault,0x04,right,1.284768,-22,-0.026374,174,0,No fault,-2323.00
2026-08-12T10:50:46.706,1786524646.706972,10.990631,4,0,0.800000,25,0,0x03,left,73.034139,-2568,-0.102564,173,0,No fault,0x04,right,1.262806,-246,-0.043956,174,0,No fault,-2322.00
2026-08-12T10:50:46.712,1786524646.712294,10.995963,4,0,0.800000,26,0,0x03,left,72.441169,-2613,-0.184615,174,0,No fault,0x04,right,1.284768,-67,-0.032234,174,0,No fault,-2546.00
2026-08-12T10:50:46.717,1786524646.717640,11.001301,4,0,0.800000,27,0,0x03,left,71.826237,-2568,-0.178755,173,0,No fault,0x04,right,1.284768,22,-0.032234,175,0,No fault,-2590.00
2026-08-12T10:50:46.722,1786524646.722941,11.006601,4,0,0.800000,28,0,0x03,left,71.277191,-2211,-0.172894,172,0,No fault,0x04,right,1.284768,-67,-0.043956,174,0,No fault,-2144.00
2026-08-12T10:50:46.728,1786524646.728229,11.011889,4,0,0.800000,29,0,0x03,left,70.640297,-2613,-0.114286,173,0,No fault,0x04,right,1.284768,-22,-0.032234,175,0,No fault,-2591.00
2026-08-12T10:50:46.733,1786524646.733525,11.017189,4,0,0.800000,30,0,0x03,left,70.047327,-2345,-0.137729,173,0,No fault,0x04,right,1.284768,-67,-0.026374,171,0,No fault,-2278.00
2026-08-12T10:50:46.738,1786524646.738843,11.022501,4,0,0.800000,31,0,0x03,left,69.432396,-2345,-0.184615,172,0,No fault,0x04,right,1.262806,-201,-0.049817,175,0,No fault,-2144.00
2026-08-12T10:50:46.744,1786524646.744128,11.027785,4,0,0.800000,32,0,0x03,left,68.839426,-2434,-0.219780,173,0,No fault,0x04,right,1.284768,22,-0.049817,174,0,No fault,-2456.00
2026-08-12T10:50:46.749,1786524646.749533,11.033198,4,0,0.800000,33,0,0x03,left,68.224494,-2389,-0.120147,171,0,No fault,0x04,right,1.284768,112,-0.032234,173,0,No fault,-2501.00
2026-08-12T10:50:46.754,1786524646.754998,11.038660,4,0,0.800000,34,0,0x03,left,67.653486,-2657,-0.161172,170,0,No fault,0x04,right,1.284768,22,-0.043956,174,0,No fault,-2679.00
2026-08-12T10:50:46.760,1786524646.760406,11.044067,4,0,0.800000,35,0,0x03,left,67.060516,-2613,-0.178755,169,0,No fault,0x04,right,1.284768,112,-0.038095,174,0,No fault,-2725.00
2026-08-12T10:50:46.765,1786524646.765699,11.049357,4,0,0.800000,36,0,0x03,left,96.928635,-2434,-0.155311,174,0,No fault,0x04,right,1.284768,-67,-0.038095,176,0,No fault,-2367.00
2026-08-12T10:50:46.771,1786524646.771023,11.054693,4,0,0.800000,37,0,0x03,left,66.467546,-2434,-0.231502,172,0,No fault,0x04,right,1.262806,-112,-0.049817,174,0,No fault,-2322.00
2026-08-12T10:50:46.776,1786524646.776366,11.060026,4,0,0.800000,38,0,0x03,left,65.874576,-2523,-0.196337,172,0,No fault,0x04,right,1.284768,-22,-0.055678,176,0,No fault,-2501.00
2026-08-12T10:50:46.781,1786524646.781659,11.065318,4,0,0.800000,39,0,0x03,left,65.281606,-2345,-0.155311,173,0,No fault,0x04,right,1.262806,-112,-0.032234,176,0,No fault,-2233.00
2026-08-12T10:50:46.786,1786524646.786988,11.070655,4,0,0.800000,40,0,0x03,left,64.666674,-2523,-0.137729,173,0,No fault,0x04,right,1.284768,112,-0.026374,175,0,No fault,-2635.00
2026-08-12T10:50:46.792,1786524646.792338,11.075997,4,0,0.800000,41,0,0x03,left,64.073704,-2345,-0.184615,173,0,No fault,0x04,right,1.262806,-201,-0.043956,174,0,No fault,-2144.00
2026-08-12T10:50:46.797,1786524646.797960,11.081620,4,0,0.800000,42,0,0x03,left,63.480734,-2523,-0.196337,173,0,No fault,0x04,right,1.284768,112,-0.061538,176,0,No fault,-2635.00
2026-08-12T10:50:46.803,1786524646.803382,11.087037,4,0,0.800000,43,0,0x03,left,62.272832,-2613,-0.126007,173,0,No fault,0x04,right,1.284768,-67,-0.043956,175,0,No fault,-2546.00
2026-08-12T10:50:46.808,1786524646.808682,11.092349,4,0,0.800000,44,0,0x03,left,61.657900,-2568,-0.114286,173,0,No fault,0x04,right,1.284768,-67,-0.032234,174,0,No fault,-2501.00
2026-08-12T10:50:46.814,1786524646.814027,11.097685,4,0,0.800000,45,0,0x03,left,61.064930,-2657,-0.208059,173,0,No fault,0x04,right,1.284768,-112,-0.049817,174,0,No fault,-2545.00
2026-08-12T10:50:46.819,1786524646.819300,11.102952,4,0,0.800000,46,0,0x03,left,60.471960,-2434,-0.172894,173,0,No fault,0x04,right,1.284768,67,-0.061538,175,0,No fault,-2501.00
2026-08-12T10:50:46.824,1786524646.824593,11.108258,4,0,0.800000,47,0,0x03,left,59.900952,-2300,-0.172894,174,0,No fault,0x04,right,1.284768,22,-0.043956,174,0,No fault,-2322.00
2026-08-12T10:50:46.840,1786524646.840357,11.124028,4,0,0.800000,48,0,0x03,left,58.078118,-2255,-0.190476,172,0,No fault,0x04,right,1.262806,-67,-0.032234,174,0,No fault,-2188.00
2026-08-12T10:50:46.845,1786524646.845706,11.129384,4,0,0.800000,49,0,0x03,left,57.485148,-2479,-0.202198,175,0,No fault,0x04,right,1.284768,201,-0.043956,174,0,No fault,-2680.00
2026-08-12T10:50:46.851,1786524646.851082,11.134749,4,0,0.800000,50,0,0x03,left,56.870216,-2657,-0.114286,172,0,No fault,0x04,right,1.284768,22,-0.055678,175,0,No fault,-2679.00
2026-08-12T10:50:46.856,1786524646.856493,11.140157,4,0,0.800000,51,0,0x03,left,56.277246,-2568,-0.108425,174,0,No fault,0x04,right,1.262806,-112,-0.043956,176,0,No fault,-2456.00
2026-08-12T10:50:46.861,1786524646.861953,11.145614,4,0,0.800000,52,0,0x03,left,85.684166,-2300,-0.196337,176,0,No fault,0x04,right,1.284768,112,-0.014652,174,0,No fault,-2412.00
2026-08-12T10:50:46.867,1786524646.867264,11.150922,4,0,0.800000,53,0,0x03,left,55.025421,-2568,-0.161172,173,0,No fault,0x04,right,1.284768,22,-0.067399,175,0,No fault,-2590.00
2026-08-12T10:50:46.872,1786524646.872557,11.156214,4,0,0.800000,54,0,0x03,left,53.751633,-2479,-0.143590,172,0,No fault,0x04,right,1.284768,-67,-0.043956,175,0,No fault,-2412.00
2026-08-12T10:50:46.877,1786524646.877846,11.161506,4,0,0.800000,55,0,0x03,left,52.521769,-2568,-0.167033,173,0,No fault,0x04,right,1.284768,201,-0.032234,174,0,No fault,-2769.00
2026-08-12T10:50:46.883,1786524646.883131,11.166791,4,0,0.800000,56,0,0x03,left,51.928799,-2389,-0.190476,173,0,No fault,0x04,right,1.284768,112,-0.026374,177,0,No fault,-2501.00
2026-08-12T10:50:46.898,1786524646.898772,11.182443,4,0,0.800000,57,0,0x03,left,49.930271,-2434,-0.178755,173,0,No fault,0x04,right,1.262806,-112,-0.049817,175,0,No fault,-2322.00
2026-08-12T10:50:46.904,1786524646.904157,11.187820,4,0,0.800000,58,0,0x03,left,49.578881,-2389,-0.219780,174,0,No fault,0x04,right,1.284768,22,-0.049817,173,0,No fault,-2411.00
2026-08-12T10:50:46.909,1786524646.909494,11.193147,4,0,0.800000,59,0,0x03,left,48.985911,-2300,-0.190476,171,0,No fault,0x04,right,1.262806,-156,-0.055678,174,0,No fault,-2144.00
2026-08-12T10:50:46.914,1786524646.914891,11.198547,4,0,0.800000,60,0,0x03,left,48.392941,-2613,-0.202198,172,0,No fault,0x04,right,1.262806,-201,-0.055678,174,0,No fault,-2412.00
2026-08-12T10:50:46.920,1786524646.920296,11.203959,4,0,0.800000,61,0,0x03,left,47.185039,-2434,-0.155311,172,0,No fault,0x04,right,1.284768,22,-0.032234,176,0,No fault,-2456.00
2026-08-12T10:50:46.925,1786524646.925658,11.209317,4,0,0.800000,62,0,0x03,left,46.592069,-2523,-0.208059,172,0,No fault,0x04,right,1.284768,67,-0.043956,175,0,No fault,-2590.00
2026-08-12T10:50:46.930,1786524646.930993,11.214659,4,0,0.800000,63,0,0x03,left,45.999099,-2434,-0.219780,173,0,No fault,0x04,right,1.284768,112,-0.043956,175,0,No fault,-2546.00
2026-08-12T10:50:46.936,1786524646.936386,11.220062,4,0,0.800000,64,0,0x03,left,45.406129,-2702,-0.131868,173,0,No fault,0x04,right,1.262806,-201,-0.055678,174,0,No fault,-2501.00
2026-08-12T10:50:46.941,1786524646.941952,11.225626,4,0,0.800000,65,0,0x03,left,44.791197,-2389,-0.167033,173,0,No fault,0x04,right,1.284768,67,-0.061538,175,0,No fault,-2456.00
2026-08-12T10:50:46.947,1786524646.947343,11.231011,4,0,0.800000,66,0,0x03,left,74.176156,-2523,-0.178755,174,0,No fault,0x04,right,1.284768,-22,-0.032234,174,0,No fault,-2501.00
2026-08-12T10:50:46.952,1786524646.952700,11.236377,4,0,0.800000,67,0,0x03,left,73.517300,-2345,-0.202198,175,0,No fault,0x04,right,1.284768,22,-0.026374,174,0,No fault,-2367.00
2026-08-12T10:50:46.958,1786524646.958162,11.241855,4,0,0.800000,68,0,0x03,left,43.012287,-2345,-0.219780,172,0,No fault,0x04,right,1.284768,-22,-0.038095,175,0,No fault,-2323.00
2026-08-12T10:50:46.963,1786524646.963608,11.247284,4,0,0.800000,69,0,0x03,left,42.397356,-2389,-0.114286,173,0,No fault,0x04,right,1.284768,22,-0.032234,174,0,No fault,-2411.00
2026-08-12T10:50:46.969,1786524646.969109,11.252778,4,0,0.800000,70,0,0x03,left,41.782424,-2613,-0.114286,171,0,No fault,0x04,right,1.284768,22,-0.020513,174,0,No fault,-2635.00
2026-08-12T10:50:46.974,1786524646.974581,11.258273,4,0,0.800000,71,0,0x03,left,41.189454,-2523,-0.225641,172,0,No fault,0x04,right,1.284768,22,-0.067399,174,0,No fault,-2545.00
2026-08-12T10:50:46.980,1786524646.980315,11.264007,4,0,0.800000,72,0,0x03,left,40.596484,-2434,-0.196337,174,0,No fault,0x04,right,1.262806,-156,-0.055678,174,0,No fault,-2278.00
2026-08-12T10:50:46.985,1786524646.985741,11.269418,4,0,0.800000,73,0,0x03,left,40.003514,-2479,-0.161172,173,0,No fault,0x04,right,1.284768,22,-0.043956,174,0,No fault,-2501.00
2026-08-12T10:50:46.991,1786524646.991115,11.274789,4,0,0.800000,74,0,0x03,left,39.410544,-2479,-0.131868,172,0,No fault,0x04,right,1.284768,-67,-0.067399,175,0,No fault,-2412.00
2026-08-12T10:50:46.996,1786524646.996476,11.280154,4,0,0.800000,75,0,0x03,left,38.817574,-2389,-0.114286,171,0,No fault,0x04,right,1.262806,-22,-0.032234,175,0,No fault,-2367.00
2026-08-12T10:50:47.001,1786524647.001848,11.285535,4,0,0.800000,76,0,0x03,left,38.202642,-2389,-0.184615,173,0,No fault,0x04,right,1.284768,-22,-0.049817,176,0,No fault,-2367.00
2026-08-12T10:50:47.007,1786524647.007510,11.291194,4,0,0.800000,77,0,0x03,left,37.609672,-2568,-0.225641,176,0,No fault,0x04,right,1.284768,112,-0.020513,174,0,No fault,-2680.00
2026-08-12T10:50:47.012,1786524647.012949,11.296621,4,0,0.800000,78,0,0x03,left,36.401770,-2613,-0.084982,172,0,No fault,0x04,right,1.284768,-22,-0.032234,174,0,No fault,-2591.00
2026-08-12T10:50:47.018,1786524647.018416,11.302172,4,0,0.800000,79,0,0x03,left,35.808800,-2434,-0.114286,172,0,No fault,0x04,right,1.262806,-156,-0.032234,175,0,No fault,-2278.00
2026-08-12T10:50:47.023,1786524647.023927,11.307606,4,0,0.800000,80,0,0x03,left,35.171906,-2702,-0.167033,175,0,No fault,0x04,right,1.284768,67,-0.032234,175,0,No fault,-2769.00
2026-08-12T10:50:47.029,1786524647.029316,11.312989,4,0,0.800000,81,0,0x03,left,34.600898,-2389,-0.178755,173,0,No fault,0x04,right,1.284768,156,-0.032234,175,0,No fault,-2545.00
2026-08-12T10:50:47.040,1786524647.040111,11.323772,4,0,0.800000,82,0,0x03,left,33.371034,-2568,-0.073260,173,0,No fault,0x04,right,1.262806,-156,-0.032234,175,0,No fault,-2412.00
2026-08-12T10:50:47.045,1786524647.045430,11.329134,4,0,0.800000,83,0,0x03,left,32.778064,-2613,-0.161172,173,0,No fault,0x04,right,1.284768,-22,-0.043956,175,0,No fault,-2591.00
2026-08-12T10:50:47.050,1786524647.050845,11.334513,4,0,0.800000,84,0,0x03,left,32.163132,-2702,-0.143590,172,0,No fault,0x04,right,1.284768,22,-0.032234,173,0,No fault,-2724.00
2026-08-12T10:50:47.056,1786524647.056219,11.339891,4,0,0.800000,85,0,0x03,left,31.592124,-2166,-0.184615,175,0,No fault,0x04,right,1.284768,112,-0.061538,175,0,No fault,-2278.00
2026-08-12T10:50:47.061,1786524647.061621,11.345292,4,0,0.800000,86,0,0x03,left,30.999154,-2479,-0.108425,173,0,No fault,0x04,right,1.262806,-156,-0.049817,174,0,No fault,-2323.00
2026-08-12T10:50:47.066,1786524647.066993,11.350658,4,0,0.800000,87,0,0x03,left,30.362261,-2345,-0.114286,175,0,No fault,0x04,right,1.284768,112,-0.026374,175,0,No fault,-2457.00
2026-08-12T10:50:47.072,1786524647.072400,11.356061,4,0,0.800000,88,0,0x03,left,29.769291,-2389,-0.202198,176,0,No fault,0x04,right,1.284768,112,-0.043956,175,0,No fault,-2501.00
2026-08-12T10:50:47.077,1786524647.077699,11.361358,4,0,0.800000,89,0,0x03,left,29.132397,-2791,-0.231502,170,0,No fault,0x04,right,1.262806,-22,-0.032234,175,0,No fault,-2769.00
2026-08-12T10:50:47.082,1786524647.082982,11.366640,4,0,0.800000,90,0,0x03,left,28.561389,-2434,-0.178755,176,0,No fault,0x04,right,1.262806,-112,-0.020513,175,0,No fault,-2322.00
2026-08-12T10:50:47.088,1786524647.088261,11.371918,4,0,0.800000,91,0,0x03,left,27.968419,-2568,-0.114286,171,0,No fault,0x04,right,1.262806,-67,-0.043956,173,0,No fault,-2501.00
2026-08-12T10:50:47.104,1786524647.104052,11.387717,4,0,0.800000,92,0,0x03,left,26.035776,-2479,-0.237363,173,0,No fault,0x04,right,1.262806,-67,-0.043956,175,0,No fault,-2412.00
2026-08-12T10:50:47.109,1786524647.109417,11.393172,4,0,0.800000,93,0,0x03,left,25.750272,-2434,-0.202198,173,0,No fault,0x04,right,1.262806,-67,-0.038095,174,0,No fault,-2367.00
2026-08-12T10:50:47.114,1786524647.114988,11.398653,4,0,0.800000,94,0,0x03,left,25.376920,-2836,-0.131868,172,0,No fault,0x04,right,1.284768,67,-0.049817,175,0,No fault,-2903.00
2026-08-12T10:50:47.120,1786524647.120399,11.404061,4,0,0.800000,95,0,0x03,left,23.598010,-2345,-0.184615,174,0,No fault,0x04,right,1.262806,-201,-0.055678,174,0,No fault,-2144.00
2026-08-12T10:50:47.125,1786524647.125730,11.409393,4,0,0.800000,96,0,0x03,left,22.390108,-2568,-0.120147,172,0,No fault,0x04,right,1.284768,-22,-0.049817,176,0,No fault,-2546.00
2026-08-12T10:50:47.131,1786524647.131079,11.414750,4,0,0.800000,97,0,0x03,left,21.775176,-2523,-0.090842,172,0,No fault,0x04,right,1.284768,22,-0.049817,175,0,No fault,-2545.00
2026-08-12T10:50:47.136,1786524647.136446,11.420112,4,0,0.800000,98,0,0x03,left,21.160245,-2479,-0.190476,173,0,No fault,0x04,right,1.284768,67,-0.043956,174,0,No fault,-2546.00
2026-08-12T10:50:47.141,1786524647.141785,11.425447,4,0,0.800000,99,0,0x03,left,20.589236,-2613,-0.196337,173,0,No fault,0x04,right,1.262806,-201,-0.043956,175,0,No fault,-2412.00
2026-08-12T10:50:47.147,1786524647.147247,11.430912,4,0,0.800000,100,0,0x03,left,19.996266,-2479,-0.172894,172,0,No fault,0x04,right,1.262806,-67,-0.049817,176,0,No fault,-2412.00
2026-08-12T10:50:47.152,1786524647.152610,11.436273,4,0,0.800000,101,0,0x03,left,19.403296,-2434,-0.096703,173,0,No fault,0x04,right,1.284768,22,-0.038095,174,0,No fault,-2456.00
2026-08-12T10:50:47.157,1786524647.157910,11.441563,4,0,0.800000,102,0,0x03,left,18.766403,-2523,-0.102564,173,0,No fault,0x04,right,1.284768,156,-0.032234,174,0,No fault,-2679.00
2026-08-12T10:50:47.163,1786524647.163188,11.446853,4,0,0.800000,103,0,0x03,left,18.173433,-2657,-0.137729,173,0,No fault,0x04,right,1.262806,-67,-0.043956,174,0,No fault,-2590.00
2026-08-12T10:50:47.168,1786524647.168514,11.452175,4,0,0.800000,104,0,0x03,left,17.580463,-2479,-0.208059,172,0,No fault,0x04,right,1.284768,22,-0.049817,174,0,No fault,-2501.00
2026-08-12T10:50:47.173,1786524647.173808,11.457467,4,0,0.800000,105,0,0x03,left,16.987493,-2479,-0.108425,177,0,No fault,0x04,right,1.284768,22,-0.049817,175,0,No fault,-2501.00
2026-08-12T10:50:47.179,1786524647.179091,11.462750,4,0,0.800000,106,0,0x03,left,16.372561,-2523,-0.049817,172,0,No fault,0x04,right,1.262806,-67,-0.038095,176,0,No fault,-2456.00
2026-08-12T10:50:47.184,1786524647.184404,11.468069,4,0,0.800000,107,0,0x03,left,15.757629,-2479,-0.126007,174,0,No fault,0x04,right,1.262806,-22,-0.038095,174,0,No fault,-2457.00
2026-08-12T10:50:47.189,1786524647.189737,11.473401,4,0,0.800000,108,0,0x03,left,15.164659,-2434,-0.143590,171,0,No fault,0x04,right,1.262806,-67,-0.049817,174,0,No fault,-2367.00
2026-08-12T10:50:47.195,1786524647.195098,11.478761,4,0,0.800000,109,0,0x03,left,14.549727,-2479,-0.178755,169,0,No fault,0x04,right,1.284768,112,-0.043956,174,0,No fault,-2591.00
2026-08-12T10:50:47.200,1786524647.200441,11.484107,4,0,0.800000,110,0,0x03,left,13.956757,-2568,-0.108425,172,0,No fault,0x04,right,1.262806,-67,-0.038095,174,0,No fault,-2501.00
2026-08-12T10:50:47.205,1786524647.205944,11.489607,4,0,0.800000,111,0,0x03,left,13.341825,-2523,-0.055678,172,0,No fault,0x04,right,1.284768,67,-0.026374,175,0,No fault,-2590.00
2026-08-12T10:50:47.211,1786524647.211298,11.494960,4,0,0.800000,112,0,0x03,left,12.661008,-2568,-0.178755,170,0,No fault,0x04,right,1.262806,-112,-0.026374,177,0,No fault,-2456.00
2026-08-12T10:50:47.216,1786524647.216613,11.500270,4,0,0.800000,113,0,0x03,left,12.111961,-2568,-0.161172,172,0,No fault,0x04,right,1.284768,22,-0.055678,175,0,No fault,-2590.00
2026-08-12T10:50:47.221,1786524647.221944,11.505617,4,0,0.800000,114,0,0x03,left,11.518991,-2702,-0.208059,173,0,No fault,0x04,right,1.284768,112,-0.043956,175,0,No fault,-2814.00
2026-08-12T10:50:47.227,1786524647.227394,11.511062,4,0,0.800000,115,0,0x03,left,10.926021,-2479,-0.096703,171,0,No fault,0x04,right,1.262806,-22,-0.049817,173,0,No fault,-2457.00
2026-08-12T10:50:47.232,1786524647.232910,11.516582,4,0,0.800000,116,0,0x03,left,10.311090,-2479,-0.102564,173,0,No fault,0x04,right,1.262806,-67,-0.032234,175,0,No fault,-2412.00
2026-08-12T10:50:47.253,1786524647.253870,11.537581,4,0,0.800000,117,0,0x03,left,7.961171,-2389,-0.149451,172,0,No fault,0x04,right,1.284768,156,-0.038095,175,0,No fault,-2545.00
2026-08-12T10:50:47.259,1786524647.259492,11.543182,4,0,0.800000,118,0,0x03,left,7.324278,-2613,-0.120147,172,0,No fault,0x04,right,1.262806,-22,-0.038095,171,0,No fault,-2591.00
2026-08-12T10:50:47.264,1786524647.264929,11.548596,4,0,0.800000,119,0,0x03,left,6.731308,-2345,-0.202198,173,0,No fault,0x04,right,1.262806,-22,-0.055678,174,0,No fault,-2323.00
2026-08-12T10:50:47.270,1786524647.270247,11.553911,4,0,0.800000,120,0,0x03,left,6.138338,-2434,-0.254945,171,0,No fault,0x04,right,1.262806,-156,-0.043956,175,0,No fault,-2278.00
2026-08-12T10:50:47.275,1786524647.275573,11.559237,4,0,0.800000,121,0,0x03,left,5.545368,-2479,-0.167033,172,0,No fault,0x04,right,1.284768,22,-0.049817,175,0,No fault,-2501.00
2026-08-12T10:50:47.280,1786524647.280897,11.564562,4,0,0.800000,122,0,0x03,left,4.930436,-2613,-0.102564,172,0,No fault,0x04,right,1.262806,-67,-0.055678,174,0,No fault,-2546.00
2026-08-12T10:50:47.286,1786524647.286246,11.569911,4,0,0.800000,123,0,0x03,left,4.337466,-2613,-0.184615,172,0,No fault,0x04,right,1.262806,-22,-0.032234,174,0,No fault,-2591.00
2026-08-12T10:50:47.301,1786524647.301863,11.585564,4,0,0.800000,124,0,0x03,left,2.514632,-2523,-0.155311,170,0,No fault,0x04,right,1.262806,-67,-0.043956,171,0,No fault,-2456.00
2026-08-12T10:50:47.307,1786524647.307394,11.591065,4,0,0.800000,125,0,0x03,left,1.855777,-2613,-0.084982,176,0,No fault,0x04,right,1.262806,22,-0.008791,173,0,No fault,-2635.00
2026-08-12T10:50:47.312,1786524647.312882,11.596551,4,0,0.800000,126,0,0x03,left,1.262806,-2389,-0.208059,174,0,No fault,0x04,right,1.262806,-156,-0.026374,175,0,No fault,-2233.00
2026-08-12T10:50:47.318,1786524647.318304,11.601988,4,0,0.800000,127,0,0x03,left,0.669836,-2434,-0.178755,173,0,No fault,0x04,right,1.262806,-67,-0.049817,174,0,No fault,-2367.00
2026-08-12T10:50:47.323,1786524647.323737,11.607411,4,0,0.800000,128,0,0x03,left,0.054905,-2657,-0.208059,173,0,No fault,0x04,right,1.262806,-201,-0.043956,175,0,No fault,-2456.00
2026-08-12T10:50:47.329,1786524647.329149,11.612826,4,0,0.800000,129,0,0x03,left,-0.538065,-2434,-0.114286,168,0,No fault,0x04,right,1.284768,67,-0.049817,174,0,No fault,-2501.00
2026-08-12T10:50:47.334,1786524647.334552,11.618229,4,0,0.800000,130,0,0x03,left,-1.152997,-2568,-0.090842,174,0,No fault,0x04,right,1.284768,22,-0.038095,175,0,No fault,-2590.00
2026-08-12T10:50:47.339,1786524647.339926,11.623597,4,0,0.800000,131,0,0x03,left,-1.745967,-2434,-0.167033,173,0,No fault,0x04,right,1.262806,-67,-0.026374,174,0,No fault,-2367.00
2026-08-12T10:50:47.345,1786524647.345279,11.628948,4,0,0.800000,132,0,0x03,left,-2.382861,-2434,-0.208059,172,0,No fault,0x04,right,1.284768,22,-0.049817,174,0,No fault,-2456.00
2026-08-12T10:50:47.350,1786524647.350661,11.634333,4,0,0.800000,133,0,0x03,left,-3.568801,-2523,-0.079121,173,0,No fault,0x04,right,1.262806,-156,-0.055678,175,0,No fault,-2367.00
