wall_time_iso,wall_time_epoch_s,elapsed_s,phase_index,phase_command_erpm,phase_duration_s,sample_index,command_erpm,left_motor_id,left_motor_label,left_feedback_position_deg,left_feedback_speed_erpm,left_feedback_current_amps,left_feedback_temperature_c,left_feedback_error_code,left_feedback_error_description,right_motor_id,right_motor_label,right_feedback_position_deg,right_feedback_speed_erpm,right_feedback_current_amps,right_feedback_temperature_c,right_feedback_error_code,right_feedback_error_description,sync_error_erpm
2026-08-14T13:38:51.349,1786707531.349542,0.010959,1,3000,5.000000,1,3000,0x04,single,-168.743891,692,1.169231,174,0,No fault,,,,,,,,,
2026-08-14T13:38:51.356,1786707531.356647,0.017957,1,3000,5.000000,2,3000,0x04,single,-168.370540,2211,0.741392,174,0,No fault,,,,,,,,,
2026-08-14T13:38:51.362,1786707531.362054,0.023337,1,3000,5.000000,3,3000,0x04,single,-167.755608,2613,0.307692,175,0,No fault,,,,,,,,,
2026-08-14T13:38:51.367,1786707531.367444,0.028756,1,3000,5.000000,4,3000,0x04,single,-167.074790,2747,0.149451,173,0,No fault,,,,,,,,,
2026-08-14T13:38:51.372,1786707531.372957,0.034243,1,3000,5.000000,5,3000,0x04,single,-166.284164,3149,0.061538,175,0,No fault,,,,,,,,,
2026-08-14T13:38:51.378,1786707531.378269,0.039552,1,3000,5.000000,6,3000,0x04,single,-165.537461,2970,-0.020513,176,0,No fault,,,,,,,,,
2026-08-14T13:38:51.383,1786707531.383573,0.044852,1,3000,5.000000,7,3000,0x04,single,-164.812720,2881,0.020513,174,0,No fault,,,,,,,,,
2026-08-14T13:38:51.389,1786707531.389476,0.050760,1,3000,5.000000,8,3000,0x04,single,-164.109940,2791,0.038095,174,0,No fault,,,,,,,,,
2026-08-14T13:38:51.394,1786707531.394766,0.056044,1,3000,5.000000,9,3000,0x04,single,-163.385199,2925,0.026374,172,0,No fault,,,,,,,,,
2026-08-14T13:38:51.400,1786707531.400037,0.061313,1,3000,5.000000,10,3000,0x04,single,-162.682420,2970,0.032234,174,0,No fault,,,,,,,,,
2026-08-14T13:38:51.405,1786707531.405298,0.066586,1,3000,5.000000,11,3000,0x04,single,-161.979641,2613,0.043956,174,0,No fault,,,,,,,,,
2026-08-14T13:38:51.411,1786707531.411358,0.072654,1,3000,5.000000,12,3000,0x04,single,-160.508197,2970,0.020513,171,0,No fault,,,,,,,,,
2026-08-14T13:38:51.417,1786707531.417263,0.078552,1,3000,5.000000,13,3000,0x04,single,-159.761494,3104,0.002930,174,0,No fault,,,,,,,,,
2026-08-14T13:38:51.422,1786707531.422680,0.083965,1,3000,5.000000,14,3000,0x04,single,-159.058714,2881,0.032234,174,0,No fault,,,,,,,,,
2026-08-14T13:38:51.427,1786707531.427995,0.089277,1,3000,5.000000,15,3000,0x04,single,-158.333973,3059,0.020513,174,0,No fault,,,,,,,,,
2026-08-14T13:38:51.433,1786707531.433303,0.094585,1,3000,5.000000,16,3000,0x04,single,-157.609232,2970,-0.002930,174,0,No fault,,,,,,,,,
2026-08-14T13:38:51.438,1786707531.438622,0.099899,1,3000,5.000000,17,3000,0x04,single,-156.884491,3015,-0.026374,173,0,No fault,,,,,,,,,
2026-08-14T13:38:51.444,1786707531.444048,0.105328,1,3000,5.000000,18,3000,0x04,single,-156.181712,2925,0.032234,174,0,No fault,,,,,,,,,
2026-08-14T13:38:51.449,1786707531.449336,0.110613,1,3000,5.000000,19,3000,0x04,single,-155.456971,2925,0.026374,174,0,No fault,,,,,,,,,
2026-08-14T13:38:51.454,1786707531.454785,0.116066,1,3000,5.000000,20,3000,0x04,single,-154.732229,3149,0.014652,174,0,No fault,,,,,,,,,
2026-08-14T13:38:51.460,1786707531.460074,0.121357,1,3000,5.000000,21,3000,0x04,single,-154.007488,3059,-0.014652,175,0,No fault,,,,,,,,,
2026-08-14T13:38:51.465,1786707531.465503,0.126781,1,3000,5.000000,22,3000,0x04,single,-153.304709,2925,0.014652,174,0,No fault,,,,,,,,,
2026-08-14T13:38:51.470,1786707531.470825,0.132105,1,3000,5.000000,23,3000,0x04,single,-152.579968,3104,0.032234,175,0,No fault,,,,,,,,,
2026-08-14T13:38:51.476,1786707531.476254,0.137533,1,3000,5.000000,24,3000,0x04,single,-151.877189,2925,0.008791,174,0,No fault,,,,,,,,,
2026-08-14T13:38:51.481,1786707531.481607,0.142910,1,3000,5.000000,25,3000,0x04,single,-151.152447,2881,-0.008791,173,0,No fault,,,,,,,,,
2026-08-14T13:38:51.487,1786707531.487086,0.148370,1,3000,5.000000,26,3000,0x04,single,-150.427706,2747,0.020513,171,0,No fault,,,,,,,,,
2026-08-14T13:38:51.492,1786707531.492547,0.153833,1,3000,5.000000,27,3000,0x04,single,-149.702965,2881,0.014652,174,0,No fault,,,,,,,,,
2026-08-14T13:38:51.498,1786707531.498096,0.159381,1,3000,5.000000,28,3000,0x04,single,-148.253483,2836,-0.020513,174,0,No fault,,,,,,,,,
2026-08-14T13:38:51.503,1786707531.503535,0.164816,1,3000,5.000000,29,3000,0x04,single,-147.528742,2925,0.026374,174,0,No fault,,,,,,,,,
2026-08-14T13:38:51.508,1786707531.508813,0.170087,1,3000,5.000000,30,3000,0x04,single,-146.804001,3015,0.014652,175,0,No fault,,,,,,,,,
2026-08-14T13:38:51.514,1786707531.514081,0.175357,1,3000,5.000000,31,3000,0x04,single,-146.101222,2925,0.008791,174,0,No fault,,,,,,,,,
2026-08-14T13:38:51.519,1786707531.519342,0.180613,1,3000,5.000000,32,3000,0x04,single,-145.376480,2970,0.002930,173,0,No fault,,,,,,,,,
2026-08-14T13:38:51.524,1786707531.524573,0.185842,1,3000,5.000000,33,3000,0x04,single,-144.673701,2881,0.055678,173,0,No fault,,,,,,,,,
2026-08-14T13:38:51.541,1786707531.541748,0.203059,1,3000,5.000000,34,3000,0x04,single,-143.948960,3015,0.032234,174,0,No fault,,,,,,,,,
2026-08-14T13:38:51.547,1786707531.547141,0.208429,1,3000,5.000000,35,3000,0x04,single,-141.137843,2881,0.084982,174,0,No fault,,,,,,,,,
2026-08-14T13:38:51.552,1786707531.552435,0.213730,1,3000,5.000000,36,3000,0x04,single,-140.764491,2836,0.061538,175,0,No fault,,,,,,,,,
2026-08-14T13:38:51.557,1786707531.557738,0.219016,1,3000,5.000000,37,3000,0x04,single,-140.061712,2747,0.014652,174,0,No fault,,,,,,,,,
2026-08-14T13:38:51.563,1786707531.563004,0.224281,1,3000,5.000000,38,3000,0x04,single,-139.358933,2702,0.043956,177,0,No fault,,,,,,,,,
2026-08-14T13:38:51.568,1786707531.568264,0.229540,1,3000,5.000000,39,3000,0x04,single,-138.634192,2747,0.067399,175,0,No fault,,,,,,,,,
2026-08-14T13:38:51.573,1786707531.573519,0.234795,1,3000,5.000000,40,3000,0x04,single,-137.931412,2747,0.038095,175,0,No fault,,,,,,,,,
2026-08-14T13:38:51.578,1786707531.578778,0.240057,1,3000,5.000000,41,3000,0x04,single,-137.228633,2881,0.014652,174,0,No fault,,,,,,,,,
2026-08-14T13:38:51.584,1786707531.584037,0.245313,1,3000,5.000000,42,3000,0x04,single,-136.525854,2702,0.038095,174,0,No fault,,,,,,,,,
2026-08-14T13:38:51.589,1786707531.589291,0.250566,1,3000,5.000000,43,3000,0x04,single,-135.801113,3104,0.061538,175,0,No fault,,,,,,,,,
2026-08-14T13:38:51.594,1786707531.594676,0.255964,1,3000,5.000000,44,3000,0x04,single,-135.098334,2747,0.038095,174,0,No fault,,,,,,,,,
2026-08-14T13:38:51.599,1786707531.599977,0.261262,1,3000,5.000000,45,3000,0x04,single,-134.395554,2791,-0.008791,174,0,No fault,,,,,,,,,
2026-08-14T13:38:51.605,1786707531.605260,0.266538,1,3000,5.000000,46,3000,0x04,single,-133.648851,2881,0.038095,175,0,No fault,,,,,,,,,
2026-08-14T13:38:51.610,1786707531.610521,0.271798,1,3000,5.000000,47,3000,0x04,single,-132.946072,2925,0.049817,174,0,No fault,,,,,,,,,
2026-08-14T13:38:51.615,1786707531.615785,0.277068,1,3000,5.000000,48,3000,0x04,single,-132.243293,2881,0.032234,174,0,No fault,,,,,,,,,
2026-08-14T13:38:51.621,1786707531.621079,0.282354,1,3000,5.000000,49,3000,0x04,single,-131.540514,2881,0.008791,175,0,No fault,,,,,,,,,
2026-08-14T13:38:51.626,1786707531.626332,0.287606,1,3000,5.000000,50,3000,0x04,single,-130.815772,3149,0.038095,174,0,No fault,,,,,,,,,
2026-08-14T13:38:51.631,1786707531.631584,0.292859,1,3000,5.000000,51,3000,0x04,single,-130.112993,2881,0.049817,172,0,No fault,,,,,,,,,
2026-08-14T13:38:51.636,1786707531.636832,0.298107,1,3000,5.000000,52,3000,0x04,single,-129.388252,3193,0.043956,174,0,No fault,,,,,,,,,
2026-08-14T13:38:51.642,1786707531.642086,0.303360,1,3000,5.000000,53,3000,0x04,single,-128.685473,2747,-0.014652,172,0,No fault,,,,,,,,,
2026-08-14T13:38:51.647,1786707531.647359,0.308638,1,3000,5.000000,54,3000,0x04,single,-127.982693,2970,0.026374,174,0,No fault,,,,,,,,,
2026-08-14T13:38:51.652,1786707531.652638,0.313913,1,3000,5.000000,55,3000,0x04,single,-127.257952,3104,0.032234,173,0,No fault,,,,,,,,,
2026-08-14T13:38:51.657,1786707531.657887,0.319161,1,3000,5.000000,56,3000,0x04,single,-126.533211,2925,0.032234,174,0,No fault,,,,,,,,,
2026-08-14T13:38:51.663,1786707531.663254,0.324529,1,3000,5.000000,57,3000,0x04,single,-125.830432,2970,0.008791,174,0,No fault,,,,,,,,,
2026-08-14T13:38:51.668,1786707531.668501,0.329776,1,3000,5.000000,58,3000,0x04,single,-125.127653,2791,0.038095,174,0,No fault,,,,,,,,,
2026-08-14T13:38:51.673,1786707531.673779,0.335056,1,3000,5.000000,59,3000,0x04,single,-124.424873,2791,0.055678,175,0,No fault,,,,,,,,,
2026-08-14T13:38:51.679,1786707531.679126,0.340403,1,3000,5.000000,60,3000,0x04,single,-123.700132,2881,0.026374,174,0,No fault,,,,,,,,,
2026-08-14T13:38:51.684,1786707531.684617,0.345894,1,3000,5.000000,61,3000,0x04,single,-122.272612,2881,0.032234,174,0,No fault,,,,,,,,,
2026-08-14T13:38:51.695,1786707531.695384,0.356760,1,3000,5.000000,62,3000,0x04,single,-120.713320,3193,0.038095,175,0,No fault,,,,,,,,,
2026-08-14T13:38:51.701,1786707531.701082,0.362371,1,3000,5.000000,63,3000,0x04,single,-120.076427,3104,0.014652,174,0,No fault,,,,,,,,,
2026-08-14T13:38:51.706,1786707531.706417,0.367707,1,3000,5.000000,64,3000,0x04,single,-119.395609,2925,0.032234,173,0,No fault,,,,,,,,,
2026-08-14T13:38:51.711,1786707531.711793,0.373077,1,3000,5.000000,65,3000,0x04,single,-118.670868,2836,0.032234,174,0,No fault,,,,,,,,,
2026-08-14T13:38:51.717,1786707531.717108,0.378392,1,3000,5.000000,66,3000,0x04,single,-117.968089,2747,0.032234,174,0,No fault,,,,,,,,,
2026-08-14T13:38:51.722,1786707531.722427,0.383711,1,3000,5.000000,67,3000,0x04,single,-117.243348,2791,-0.002930,174,0,No fault,,,,,,,,,
2026-08-14T13:38:51.727,1786707531.727782,0.389063,1,3000,5.000000,68,3000,0x04,single,-116.540568,2791,0.038095,171,0,No fault,,,,,,,,,
2026-08-14T13:38:51.743,1786707531.743281,0.404568,1,3000,5.000000,69,3000,0x04,single,-115.815827,2925,0.038095,171,0,No fault,,,,,,,,,
2026-08-14T13:38:51.748,1786707531.748611,0.409899,1,3000,5.000000,70,3000,0x04,single,-113.136481,2970,0.032234,174,0,No fault,,,,,,,,,
2026-08-14T13:38:51.753,1786707531.753937,0.415219,1,3000,5.000000,71,3000,0x04,single,-112.741168,3104,0.043956,174,0,No fault,,,,,,,,,
2026-08-14T13:38:51.759,1786707531.759251,0.420532,1,3000,5.000000,72,3000,0x04,single,-112.038389,2702,0.014652,175,0,No fault,,,,,,,,,
2026-08-14T13:38:51.764,1786707531.764537,0.425811,1,3000,5.000000,73,3000,0x04,single,-111.313648,3015,-0.002930,174,0,No fault,,,,,,,,,
2026-08-14T13:38:51.769,1786707531.769818,0.431098,1,3000,5.000000,74,3000,0x04,single,-110.610868,3059,0.020513,175,0,No fault,,,,,,,,,
2026-08-14T13:38:51.775,1786707531.775120,0.436396,1,3000,5.000000,75,3000,0x04,single,-109.908089,2791,0.049817,174,0,No fault,,,,,,,,,
2026-08-14T13:38:51.780,1786707531.780404,0.441679,1,3000,5.000000,76,3000,0x04,single,-109.205310,2836,0.038095,174,0,No fault,,,,,,,,,
2026-08-14T13:38:51.785,1786707531.785689,0.446964,1,3000,5.000000,77,3000,0x04,single,-108.480569,2791,0.020513,170,0,No fault,,,,,,,,,
2026-08-14T13:38:51.790,1786707531.790963,0.452237,1,3000,5.000000,78,3000,0x04,single,-107.777789,2970,0.043956,174,0,No fault,,,,,,,,,
2026-08-14T13:38:51.796,1786707531.796234,0.457508,1,3000,5.000000,79,3000,0x04,single,-107.075010,2881,0.067399,173,0,No fault,,,,,,,,,
2026-08-14T13:38:51.801,1786707531.801504,0.462778,1,3000,5.000000,80,3000,0x04,single,-106.372231,2747,0.043956,173,0,No fault,,,,,,,,,
2026-08-14T13:38:51.806,1786707531.806775,0.468046,1,3000,5.000000,81,3000,0x04,single,-105.647490,3059,0.014652,174,0,No fault,,,,,,,,,
2026-08-14T13:38:51.812,1786707531.812037,0.473311,1,3000,5.000000,82,3000,0x04,single,-104.966672,2479,0.038095,174,0,No fault,,,,,,,,,
2026-08-14T13:38:51.817,1786707531.817309,0.478588,1,3000,5.000000,83,3000,0x04,single,-104.219969,2970,0.073260,175,0,No fault,,,,,,,,,
2026-08-14T13:38:51.822,1786707531.822616,0.483890,1,3000,5.000000,84,3000,0x04,single,-103.517190,2881,0.032234,176,0,No fault,,,,,,,,,
2026-08-14T13:38:51.827,1786707531.827871,0.489141,1,3000,5.000000,85,3000,0x04,single,-102.814411,2791,0.008791,175,0,No fault,,,,,,,,,
2026-08-14T13:38:51.833,1786707531.833123,0.494391,1,3000,5.000000,86,3000,0x04,single,-102.067708,3193,0.026374,174,0,No fault,,,,,,,,,
2026-08-14T13:38:51.838,1786707531.838446,0.499718,1,3000,5.000000,87,3000,0x04,single,-101.364929,2881,0.055678,174,0,No fault,,,,,,,,,
2026-08-14T13:38:51.843,1786707531.843742,0.505024,1,3000,5.000000,88,3000,0x04,single,-100.640188,3149,0.014652,173,0,No fault,,,,,,,,,
2026-08-14T13:38:51.849,1786707531.849088,0.510373,1,3000,5.000000,89,3000,0x04,single,-99.871523,2747,0.002930,174,0,No fault,,,,,,,,,
2026-08-14T13:38:51.854,1786707531.854401,0.515684,1,3000,5.000000,90,3000,0x04,single,-99.146782,3104,0.026374,175,0,No fault,,,,,,,,,
2026-08-14T13:38:51.859,1786707531.859751,0.521028,1,3000,5.000000,91,3000,0x04,single,-98.444002,2747,0.038095,174,0,No fault,,,,,,,,,
2026-08-14T13:38:51.865,1786707531.865155,0.526433,1,3000,5.000000,92,3000,0x04,single,-96.994520,3104,-0.020513,173,0,No fault,,,,,,,,,
2026-08-14T13:38:51.870,1786707531.870582,0.531858,1,3000,5.000000,93,3000,0x04,single,-96.269779,3015,0.020513,172,0,No fault,,,,,,,,,
2026-08-14T13:38:51.875,1786707531.875859,0.537136,1,3000,5.000000,94,3000,0x04,single,-95.545038,3193,0.026374,174,0,No fault,,,,,,,,,
2026-08-14T13:38:51.881,1786707531.881157,0.542434,1,3000,5.000000,95,3000,0x04,single,-94.842259,2970,0.002930,175,0,No fault,,,,,,,,,
2026-08-14T13:38:51.886,1786707531.886952,0.548237,1,3000,5.000000,96,3000,0x04,single,-94.139479,2881,-0.014652,174,0,No fault,,,,,,,,,
2026-08-14T13:38:51.892,1786707531.892259,0.553535,1,3000,5.000000,97,3000,0x04,single,-93.392776,3059,-0.002930,175,0,No fault,,,,,,,,,
2026-08-14T13:38:51.897,1786707531.897510,0.558782,1,3000,5.000000,98,3000,0x04,single,-92.668035,3015,0.020513,175,0,No fault,,,,,,,,,
2026-08-14T13:38:51.902,1786707531.902743,0.564016,1,3000,5.000000,99,3000,0x04,single,-91.965256,2836,-0.008791,174,0,No fault,,,,,,,,,
2026-08-14T13:38:51.907,1786707531.907974,0.569246,1,3000,5.000000,100,3000,0x04,single,-91.240515,2791,-0.032234,172,0,No fault,,,,,,,,,
2026-08-14T13:38:51.913,1786707531.913197,0.574468,1,3000,5.000000,101,3000,0x04,single,-90.515774,3059,-0.002930,177,0,No fault,,,,,,,,,
2026-08-14T13:38:51.918,1786707531.918438,0.579708,1,3000,5.000000,102,3000,0x04,single,-89.812994,2657,0.020513,176,0,No fault,,,,,,,,,
2026-08-14T13:38:51.923,1786707531.923663,0.584933,1,3000,5.000000,103,3000,0x04,single,-89.066291,3015,-0.002930,173,0,No fault,,,,,,,,,
2026-08-14T13:38:51.928,1786707531.928885,0.590154,1,3000,5.000000,104,3000,0x04,single,-88.363512,3059,-0.026374,173,0,No fault,,,,,,,,,
2026-08-14T13:38:51.944,1786707531.944384,0.605674,1,3000,5.000000,105,3000,0x04,single,-85.706128,2970,-0.014652,174,0,No fault,,,,,,,,,
2026-08-14T13:38:51.949,1786707531.949759,0.611042,1,3000,5.000000,106,3000,0x04,single,-85.354738,2925,0.002930,176,0,No fault,,,,,,,,,
2026-08-14T13:38:51.955,1786707531.955066,0.616347,1,3000,5.000000,107,3000,0x04,single,-84.981387,2702,0.020513,174,0,No fault,,,,,,,,,
2026-08-14T13:38:51.960,1786707531.960448,0.621731,1,3000,5.000000,108,3000,0x04,single,-84.256646,3104,0.055678,174,0,No fault,,,,,,,,,
2026-08-14T13:38:51.965,1786707531.965995,0.627292,1,3000,5.000000,109,3000,0x04,single,-82.851087,2836,0.002930,174,0,No fault,,,,,,,,,
2026-08-14T13:38:51.971,1786707531.971624,0.632916,1,3000,5.000000,110,3000,0x04,single,-82.104384,2836,0.038095,174,0,No fault,,,,,,,,,
2026-08-14T13:38:51.976,1786707531.976991,0.638275,1,3000,5.000000,111,3000,0x04,single,-81.423567,2836,0.061538,174,0,No fault,,,,,,,,,
2026-08-14T13:38:51.982,1786707531.982282,0.643560,1,3000,5.000000,112,3000,0x04,single,-80.698826,3104,0.038095,174,0,No fault,,,,,,,,,
2026-08-14T13:38:51.987,1786707531.987553,0.648831,1,3000,5.000000,113,3000,0x04,single,-79.996046,2925,0.014652,173,0,No fault,,,,,,,,,
2026-08-14T13:38:51.992,1786707531.992825,0.654102,1,3000,5.000000,114,3000,0x04,single,-79.271305,2970,0.032234,174,0,No fault,,,,,,,,,
2026-08-14T13:38:51.998,1786707531.998091,0.659367,1,3000,5.000000,115,3000,0x04,single,-78.590488,2747,0.061538,174,0,No fault,,,,,,,,,
2026-08-14T13:38:52.003,1786707532.003457,0.664735,1,3000,5.000000,116,3000,0x04,single,-77.865747,2836,0.032234,175,0,No fault,,,,,,,,,
2026-08-14T13:38:52.008,1786707532.008723,0.669999,1,3000,5.000000,117,3000,0x04,single,-77.162968,2925,0.014652,175,0,No fault,,,,,,,,,
2026-08-14T13:38:52.013,1786707532.013987,0.675264,1,3000,5.000000,118,3000,0x04,single,-76.460188,2747,0.043956,174,0,No fault,,,,,,,,,
2026-08-14T13:38:52.019,1786707532.019246,0.680522,1,3000,5.000000,119,3000,0x04,single,-75.735447,3193,0.067399,174,0,No fault,,,,,,,,,
2026-08-14T13:38:52.024,1786707532.024505,0.685781,1,3000,5.000000,120,3000,0x04,single,-75.032668,2791,0.038095,175,0,No fault,,,,,,,,,
2026-08-14T13:38:52.029,1786707532.029760,0.691036,1,3000,5.000000,121,3000,0x04,single,-74.307927,2836,0.008791,176,0,No fault,,,,,,,,,
2026-08-14T13:38:52.035,1786707532.035016,0.696292,1,3000,5.000000,122,3000,0x04,single,-73.583186,3015,0.026374,174,0,No fault,,,,,,,,,
2026-08-14T13:38:52.040,1786707532.040269,0.701545,1,3000,5.000000,123,3000,0x04,single,-72.880406,2836,0.043956,174,0,No fault,,,,,,,,,
2026-08-14T13:38:52.045,1786707532.045528,0.706803,1,3000,5.000000,124,3000,0x04,single,-72.155665,3104,0.020513,173,0,No fault,,,,,,,,,
2026-08-14T13:38:52.050,1786707532.050783,0.712059,1,3000,5.000000,125,3000,0x04,single,-71.452886,2970,0.002930,173,0,No fault,,,,,,,,,
2026-08-14T13:38:52.056,1786707532.056030,0.717304,1,3000,5.000000,126,3000,0x04,single,-70.750107,2747,0.008791,174,0,No fault,,,,,,,,,
2026-08-14T13:38:52.061,1786707532.061302,0.722584,1,3000,5.000000,127,3000,0x04,single,-70.003404,3015,0.038095,174,0,No fault,,,,,,,,,
2026-08-14T13:38:52.066,1786707532.066620,0.727897,1,3000,5.000000,128,3000,0x04,single,-69.278663,2970,0.014652,176,0,No fault,,,,,,,,,
2026-08-14T13:38:52.071,1786707532.071894,0.733170,1,3000,5.000000,129,3000,0x04,single,-68.575883,3059,-0.008791,173,0,No fault,,,,,,,,,
2026-08-14T13:38:52.077,1786707532.077166,0.738440,1,3000,5.000000,130,3000,0x04,single,-67.873104,2881,0.008791,176,0,No fault,,,,,,,,,
2026-08-14T13:38:52.082,1786707532.082446,0.743724,1,3000,5.000000,131,3000,0x04,single,-67.148363,2791,0.043956,174,0,No fault,,,,,,,,,
2026-08-14T13:38:52.087,1786707532.087745,0.749025,1,3000,5.000000,132,3000,0x04,single,-66.291851,3193,0.014652,174,0,No fault,,,,,,,,,
2026-08-14T13:38:52.093,1786707532.093023,0.754298,1,3000,5.000000,133,3000,0x04,single,-65.589071,3059,0.002930,173,0,No fault,,,,,,,,,
2026-08-14T13:38:52.098,1786707532.098286,0.759555,1,3000,5.000000,134,3000,0x04,single,-64.886292,2925,0.038095,174,0,No fault,,,,,,,,,
2026-08-14T13:38:52.103,1786707532.103537,0.764809,1,3000,5.000000,135,3000,0x04,single,-64.183513,2881,0.055678,174,0,No fault,,,,,,,,,
2026-08-14T13:38:52.108,1786707532.108789,0.770064,1,3000,5.000000,136,3000,0x04,single,-63.458772,2836,0.020513,174,0,No fault,,,,,,,,,
2026-08-14T13:38:52.114,1786707532.114058,0.775332,1,3000,5.000000,137,3000,0x04,single,-62.755993,2925,0.020513,177,0,No fault,,,,,,,,,
2026-08-14T13:38:52.119,1786707532.119306,0.780594,1,3000,5.000000,138,3000,0x04,single,-62.053213,2791,0.038095,175,0,No fault,,,,,,,,,
2026-08-14T13:38:52.124,1786707532.124750,0.786027,1,3000,5.000000,139,3000,0x04,single,-60.603731,2836,0.020513,174,0,No fault,,,,,,,,,
2026-08-14T13:38:52.129,1786707532.129999,0.791273,1,3000,5.000000,140,3000,0x04,single,-59.900952,2970,0.008791,174,0,No fault,,,,,,,,,
2026-08-14T13:38:52.145,1786707532.145777,0.807068,1,3000,5.000000,141,3000,0x04,single,-59.176211,2881,0.020513,169,0,No fault,,,,,,,,,
2026-08-14T13:38:52.151,1786707532.151170,0.812451,1,3000,5.000000,142,3000,0x04,single,-56.738445,2613,0.008791,173,0,No fault,,,,,,,,,
2026-08-14T13:38:52.156,1786707532.156443,0.817718,1,3000,5.000000,143,3000,0x04,single,-56.321170,2970,0.026374,175,0,No fault,,,,,,,,,
2026-08-14T13:38:52.161,1786707532.161700,0.822973,1,3000,5.000000,144,3000,0x04,single,-55.618391,2791,0.032234,174,0,No fault,,,,,,,,,
2026-08-14T13:38:52.166,1786707532.166964,0.828242,1,3000,5.000000,145,3000,0x04,single,-54.893649,2925,0.008791,174,0,No fault,,,,,,,,,
2026-08-14T13:38:52.172,1786707532.172365,0.833643,1,3000,5.000000,146,3000,0x04,single,-54.168908,2881,-0.008791,174,0,No fault,,,,,,,,,
2026-08-14T13:38:52.177,1786707532.177654,0.838933,1,3000,5.000000,147,3000,0x04,single,-53.466129,2791,0.008791,174,0,No fault,,,,,,,,,
2026-08-14T13:38:52.182,1786707532.182935,0.844217,1,3000,5.000000,148,3000,0x04,single,-52.741388,2970,0.049817,174,0,No fault,,,,,,,,,
2026-08-14T13:38:52.188,1786707532.188242,0.849522,1,3000,5.000000,149,3000,0x04,single,-52.038609,2881,0.020513,171,0,No fault,,,,,,,,,
2026-08-14T13:38:52.193,1786707532.193584,0.854898,1,3000,5.000000,150,3000,0x04,single,-51.313868,2925,-0.002930,174,0,No fault,,,,,,,,,
2026-08-14T13:38:52.199,1786707532.199111,0.860422,1,3000,5.000000,151,3000,0x04,single,-50.589126,3104,0.026374,174,0,No fault,,,,,,,,,
2026-08-14T13:38:52.204,1786707532.204584,0.865874,1,3000,5.000000,152,3000,0x04,single,-49.864385,3059,0.049817,175,0,No fault,,,,,,,,,
2026-08-14T13:38:52.209,1786707532.209928,0.871214,1,3000,5.000000,153,3000,0x04,single,-49.161606,3059,0.026374,174,0,No fault,,,,,,,,,
2026-08-14T13:38:52.215,1786707532.215250,0.876537,1,3000,5.000000,154,3000,0x04,single,-48.458827,2925,0.008791,176,0,No fault,,,,,,,,,
2026-08-14T13:38:52.220,1786707532.220577,0.882063,1,3000,5.000000,155,3000,0x04,single,-47.756048,2747,0.043956,174,0,No fault,,,,,,,,,
2026-08-14T13:38:52.226,1786707532.226093,0.887371,1,3000,5.000000,156,3000,0x04,single,-47.031306,2970,0.055678,174,0,No fault,,,,,,,,,
2026-08-14T13:38:52.231,1786707532.231394,0.892681,1,3000,5.000000,157,3000,0x04,single,-46.306565,3015,0.032234,174,0,No fault,,,,,,,,,
2026-08-14T13:38:52.236,1786707532.236704,0.897993,1,3000,5.000000,158,3000,0x04,single,-45.603786,3193,0.002930,175,0,No fault,,,,,,,,,
2026-08-14T13:38:52.243,1786707532.243086,0.904362,1,3000,5.000000,159,3000,0x04,single,-44.154304,3193,0.061538,174,0,No fault,,,,,,,,,
2026-08-14T13:38:52.248,1786707532.248321,0.909593,1,3000,5.000000,160,3000,0x04,single,-43.451525,2970,0.038095,174,0,No fault,,,,,,,,,
2026-08-14T13:38:52.253,1786707532.253558,0.914838,1,3000,5.000000,161,3000,0x04,single,-42.748745,2970,0.014652,173,0,No fault,,,,,,,,,
2026-08-14T13:38:52.260,1786707532.260484,0.921762,1,3000,5.000000,162,3000,0x04,single,-42.045966,2970,0.038095,171,0,No fault,,,,,,,,,
2026-08-14T13:38:52.265,1786707532.265769,0.927047,1,3000,5.000000,163,3000,0x04,single,-41.321225,3015,0.073260,174,0,No fault,,,,,,,,,
2026-08-14T13:38:52.271,1786707532.271048,0.932324,1,3000,5.000000,164,3000,0x04,single,-40.618446,3059,0.014652,176,0,No fault,,,,,,,,,
2026-08-14T13:38:52.276,1786707532.276335,0.937620,1,3000,5.000000,165,3000,0x04,single,-39.915666,2747,0.026374,172,0,No fault,,,,,,,,,
2026-08-14T13:38:52.281,1786707532.281638,0.942916,1,3000,5.000000,166,3000,0x04,single,-39.190925,3015,0.026374,174,0,No fault,,,,,,,,,
2026-08-14T13:38:52.286,1786707532.286912,0.948190,1,3000,5.000000,167,3000,0x04,single,-38.466184,2791,0.043956,174,0,No fault,,,,,,,,,
2026-08-14T13:38:52.292,1786707532.292183,0.953461,1,3000,5.000000,168,3000,0x04,single,-37.741443,3015,0.014652,174,0,No fault,,,,,,,,,
2026-08-14T13:38:52.297,1786707532.297481,0.958759,1,3000,5.000000,169,3000,0x04,single,-37.016702,3059,-0.020513,174,0,No fault,,,,,,,,,
2026-08-14T13:38:52.302,1786707532.302738,0.964010,1,3000,5.000000,170,3000,0x04,single,-36.313923,2925,0.008791,175,0,No fault,,,,,,,,,
2026-08-14T13:38:52.308,1786707532.308281,0.969586,1,3000,5.000000,171,3000,0x04,single,-35.589181,2791,0.020513,174,0,No fault,,,,,,,,,
2026-08-14T13:38:52.314,1786707532.314174,0.975465,1,3000,5.000000,172,3000,0x04,single,-34.095775,3059,-0.020513,175,0,No fault,,,,,,,,,
2026-08-14T13:38:52.319,1786707532.319778,0.981064,1,3000,5.000000,173,3000,0x04,single,-33.371034,2970,0.014652,174,0,No fault,,,,,,,,,
2026-08-14T13:38:52.325,1786707532.325126,0.986408,1,3000,5.000000,174,3000,0x04,single,-32.668255,2836,0.020513,174,0,No fault,,,,,,,,,
2026-08-14T13:38:52.330,1786707532.330444,0.991724,1,3000,5.000000,175,3000,0x04,single,-31.943514,3015,0.002930,174,0,No fault,,,,,,,,,
2026-08-14T13:38:52.335,1786707532.335892,0.997171,1,3000,5.000000,176,3000,0x04,single,-31.218773,2970,-0.026374,174,0,No fault,,,,,,,,,
2026-08-14T13:38:52.351,1786707532.351335,1.012614,1,3000,5.000000,177,3000,0x04,single,-30.515994,2881,0.014652,173,0,No fault,,,,,,,,,
2026-08-14T13:38:52.356,1786707532.356629,1.017913,1,3000,5.000000,178,3000,0x04,single,-27.968419,2747,0.020513,174,0,No fault,,,,,,,,,
2026-08-14T13:38:52.361,1786707532.361921,1.023203,1,3000,5.000000,179,3000,0x04,single,-27.595067,2791,0.032234,174,0,No fault,,,,,,,,,
2026-08-14T13:38:52.367,1786707532.367188,1.028467,1,3000,5.000000,180,3000,0x04,single,-26.848364,3059,0.020513,174,0,No fault,,,,,,,,,
2026-08-14T13:38:52.372,1786707532.372461,1.033741,1,3000,5.000000,181,3000,0x04,single,-26.145585,3104,0.014652,175,0,No fault,,,,,,,,,
2026-08-14T13:38:52.377,1786707532.377722,1.039001,1,3000,5.000000,182,3000,0x04,single,-25.442806,2881,0.002930,174,0,No fault,,,,,,,,,
2026-08-14T13:38:52.382,1786707532.382990,1.044269,1,3000,5.000000,183,3000,0x04,single,-24.718065,2925,0.049817,174,0,No fault,,,,,,,,,
2026-08-14T13:38:52.388,1786707532.388264,1.049544,1,3000,5.000000,184,3000,0x04,single,-24.015285,2702,0.038095,176,0,No fault,,,,,,,,,
2026-08-14T13:38:52.393,1786707532.393510,1.054788,1,3000,5.000000,185,3000,0x04,single,-23.290544,3283,0.014652,174,0,No fault,,,,,,,,,
2026-08-14T13:38:52.398,1786707532.398780,1.060058,1,3000,5.000000,186,3000,0x04,single,-22.609727,2881,0.026374,176,0,No fault,,,,,,,,,
2026-08-14T13:38:52.404,1786707532.404048,1.065324,1,3000,5.000000,187,3000,0x04,single,-21.884986,2791,0.061538,174,0,No fault,,,,,,,,,
2026-08-14T13:38:52.409,1786707532.409303,1.070580,1,3000,5.000000,188,3000,0x04,single,-21.182206,3015,0.049817,174,0,No fault,,,,,,,,,
2026-08-14T13:38:52.414,1786707532.414590,1.075867,1,3000,5.000000,189,3000,0x04,single,-20.479427,2702,0.043956,174,0,No fault,,,,,,,,,
2026-08-14T13:38:52.419,1786707532.419858,1.081135,1,3000,5.000000,190,3000,0x04,single,-19.776648,2925,0.038095,174,0,No fault,,,,,,,,,
2026-08-14T13:38:52.425,1786707532.425121,1.086397,1,3000,5.000000,191,3000,0x04,single,-19.073869,2925,0.067399,172,0,No fault,,,,,,,,,
2026-08-14T13:38:52.430,1786707532.430388,1.091666,1,3000,5.000000,192,3000,0x04,single,-18.371089,2836,0.084982,175,0,No fault,,,,,,,,,
2026-08-14T13:38:52.435,1786707532.435648,1.096926,1,3000,5.000000,193,3000,0x04,single,-17.646348,2836,0.049817,176,0,No fault,,,,,,,,,
2026-08-14T13:38:52.440,1786707532.440911,1.102188,1,3000,5.000000,194,3000,0x04,single,-16.965531,2702,0.043956,174,0,No fault,,,,,,,,,
2026-08-14T13:38:52.446,1786707532.446176,1.107453,1,3000,5.000000,195,3000,0x04,single,-16.240790,2970,0.067399,174,0,No fault,,,,,,,,,
2026-08-14T13:38:52.451,1786707532.451435,1.112713,1,3000,5.000000,196,3000,0x04,single,-15.538010,2925,0.055678,174,0,No fault,,,,,,,,,
2026-08-14T13:38:52.456,1786707532.456695,1.117973,1,3000,5.000000,197,3000,0x04,single,-14.835231,2791,0.049817,175,0,No fault,,,,,,,,,
2026-08-14T13:38:52.461,1786707532.461952,1.123227,1,3000,5.000000,198,3000,0x04,single,-14.110490,2970,0.020513,174,0,No fault,,,,,,,,,
2026-08-14T13:38:52.467,1786707532.467415,1.128690,1,3000,5.000000,199,3000,0x04,single,-12.682970,2881,0.049817,174,0,No fault,,,,,,,,,
2026-08-14T13:38:52.472,1786707532.472694,1.133979,1,3000,5.000000,200,3000,0x04,single,-11.980190,2791,0.026374,174,0,No fault,,,,,,,,,
2026-08-14T13:38:52.478,1786707532.478177,1.139456,1,3000,5.000000,201,3000,0x04,single,-11.255449,3059,0.008791,174,0,No fault,,,,,,,,,
2026-08-14T13:38:52.483,1786707532.483459,1.144735,1,3000,5.000000,202,3000,0x04,single,-10.552670,2747,0.043956,174,0,No fault,,,,,,,,,
2026-08-14T13:38:52.488,1786707532.488734,1.150009,1,3000,5.000000,203,3000,0x04,single,-9.827929,3015,0.049817,175,0,No fault,,,,,,,,,
2026-08-14T13:38:52.494,1786707532.494014,1.155291,1,3000,5.000000,204,3000,0x04,single,-9.125150,2836,0.032234,172,0,No fault,,,,,,,,,
2026-08-14T13:38:52.499,1786707532.499419,1.160693,1,3000,5.000000,205,3000,0x04,single,-8.422370,2970,0.020513,174,0,No fault,,,,,,,,,
2026-08-14T13:38:52.504,1786707532.504687,1.165962,1,3000,5.000000,206,3000,0x04,single,-7.719591,2881,0.049817,175,0,No fault,,,,,,,,,
2026-08-14T13:38:52.509,1786707532.509956,1.171235,1,3000,5.000000,207,3000,0x04,single,-6.994850,2925,0.067399,174,0,No fault,,,,,,,,,
2026-08-14T13:38:52.515,1786707532.515234,1.176513,1,3000,5.000000,208,3000,0x04,single,-6.292071,2925,0.055678,175,0,No fault,,,,,,,,,
2026-08-14T13:38:52.520,1786707532.520500,1.181775,1,3000,5.000000,209,3000,0x04,single,-5.589291,3193,0.032234,175,0,No fault,,,,,,,,,
2026-08-14T13:38:52.525,1786707532.525765,1.187041,1,3000,5.000000,210,3000,0x04,single,-4.886512,2970,0.061538,174,0,No fault,,,,,,,,,
2026-08-14T13:38:52.531,1786707532.531045,1.192320,1,3000,5.000000,211,3000,0x04,single,-4.183733,2791,0.090842,176,0,No fault,,,,,,,,,
2026-08-14T13:38:52.536,1786707532.536319,1.197593,1,3000,5.000000,212,3000,0x04,single,-3.480954,2702,0.043956,174,0,No fault,,,,,,,,,
2026-08-14T13:38:52.541,1786707532.541586,1.202858,1,3000,5.000000,213,3000,0x04,single,-2.778174,2702,0.032234,174,0,No fault,,,,,,,,,
2026-08-14T13:38:52.557,1786707532.557029,1.218318,1,3000,5.000000,214,3000,0x04,single,0.010981,2836,0.032234,175,0,No fault,,,,,,,,,
2026-08-14T13:38:52.562,1786707532.562354,1.223635,1,3000,5.000000,215,3000,0x04,single,0.362371,3015,0.032234,175,0,No fault,,,,,,,,,
2026-08-14T13:38:52.567,1786707532.567621,1.228899,1,3000,5.000000,216,3000,0x04,single,0.757684,2836,0.055678,174,0,No fault,,,,,,,,,
2026-08-14T13:38:52.572,1786707532.572888,1.234165,1,3000,5.000000,217,3000,0x04,single,1.460463,2881,0.084982,175,0,No fault,,,,,,,,,
2026-08-14T13:38:52.578,1786707532.578143,1.239419,1,3000,5.000000,218,3000,0x04,single,2.163242,2970,0.061538,174,0,No fault,,,,,,,,,
2026-08-14T13:38:52.583,1786707532.583402,1.244679,1,3000,5.000000,219,3000,0x04,single,2.844060,2613,0.038095,174,0,No fault,,,,,,,,,
2026-08-14T13:38:52.588,1786707532.588658,1.249934,1,3000,5.000000,220,3000,0x04,single,3.568801,2791,0.049817,175,0,No fault,,,,,,,,,
2026-08-14T13:38:52.593,1786707532.593910,1.255187,1,3000,5.000000,221,3000,0x04,single,4.271580,2881,0.073260,174,0,No fault,,,,,,,,,
2026-08-14T13:38:52.599,1786707532.599174,1.260451,1,3000,5.000000,222,3000,0x04,single,4.996321,2836,0.049817,174,0,No fault,,,,,,,,,
2026-08-14T13:38:52.604,1786707532.604438,1.265714,1,3000,5.000000,223,3000,0x04,single,5.677139,2791,0.032234,175,0,No fault,,,,,,,,,
2026-08-14T13:38:52.609,1786707532.609698,1.270975,1,3000,5.000000,224,3000,0x04,single,6.401880,2791,0.055678,174,0,No fault,,,,,,,,,
2026-08-14T13:38:52.614,1786707532.614963,1.276238,1,3000,5.000000,225,3000,0x04,single,7.104659,2881,0.079121,174,0,No fault,,,,,,,,,
2026-08-14T13:38:52.620,1786707532.620390,1.281675,1,3000,5.000000,226,3000,0x04,single,7.807438,2881,0.067399,174,0,No fault,,,,,,,,,
2026-08-14T13:38:52.625,1786707532.625946,1.287230,1,3000,5.000000,227,3000,0x04,single,9.212997,2702,0.073260,170,0,No fault,,,,,,,,,
2026-08-14T13:38:52.631,1786707532.631258,1.292538,1,3000,5.000000,228,3000,0x04,single,9.937738,2791,0.084982,174,0,No fault,,,,,,,,,
2026-08-14T13:38:52.636,1786707532.636563,1.297840,1,3000,5.000000,229,3000,0x04,single,10.618556,2702,0.096703,174,0,No fault,,,,,,,,,
2026-08-14T13:38:52.641,1786707532.641856,1.303140,1,3000,5.000000,230,3000,0x04,single,11.321335,2925,0.055678,174,0,No fault,,,,,,,,,
2026-08-14T13:38:52.647,1786707532.647149,1.308423,1,3000,5.000000,231,3000,0x04,single,12.024114,2970,0.090842,174,0,No fault,,,,,,,,,
2026-08-14T13:38:52.652,1786707532.652437,1.313714,1,3000,5.000000,232,3000,0x04,single,12.726893,2881,0.108425,174,0,No fault,,,,,,,,,
2026-08-14T13:38:52.657,1786707532.657752,1.319029,1,3000,5.000000,233,3000,0x04,single,13.407711,2836,0.108425,174,0,No fault,,,,,,,,,
2026-08-14T13:38:52.663,1786707532.663044,1.324322,1,3000,5.000000,234,3000,0x04,single,14.110490,3059,0.067399,174,0,No fault,,,,,,,,,
2026-08-14T13:38:52.668,1786707532.668450,1.329724,1,3000,5.000000,235,3000,0x04,single,14.813269,2657,0.096703,174,0,No fault,,,,,,,,,
2026-08-14T13:38:52.673,1786707532.673712,1.334993,1,3000,5.000000,236,3000,0x04,single,15.516049,3059,0.114286,174,0,No fault,,,,,,,,,
2026-08-14T13:38:52.678,1786707532.678998,1.340279,1,3000,5.000000,237,3000,0x04,single,16.196866,2702,0.102564,175,0,No fault,,,,,,,,,
2026-08-14T13:38:52.684,1786707532.684279,1.345552,1,3000,5.000000,238,3000,0x04,single,16.877683,2747,0.090842,174,0,No fault,,,,,,,,,
2026-08-14T13:38:52.689,1786707532.689541,1.350817,1,3000,5.000000,239,3000,0x04,single,17.602425,2881,0.084982,176,0,No fault,,,,,,,,,
2026-08-14T13:38:52.694,1786707532.694870,1.356172,1,3000,5.000000,240,3000,0x04,single,18.305204,2970,0.114286,175,0,No fault,,,,,,,,,
2026-08-14T13:38:52.700,1786707532.700300,1.361603,1,3000,5.000000,241,3000,0x04,single,18.986021,2747,0.084982,174,0,No fault,,,,,,,,,
2026-08-14T13:38:52.705,1786707532.705652,1.366934,1,3000,5.000000,242,3000,0x04,single,19.688800,2702,0.067399,174,0,No fault,,,,,,,,,
2026-08-14T13:38:52.710,1786707532.710932,1.372211,1,3000,5.000000,243,3000,0x04,single,20.391580,2925,0.079121,174,0,No fault,,,,,,,,,
2026-08-14T13:38:52.716,1786707532.716204,1.377480,1,3000,5.000000,244,3000,0x04,single,21.072397,2881,0.108425,175,0,No fault,,,,,,,,,
2026-08-14T13:38:52.721,1786707532.721518,1.382795,1,3000,5.000000,245,3000,0x04,single,21.797138,2881,0.084982,173,0,No fault,,,,,,,,,
2026-08-14T13:38:52.726,1786707532.726791,1.388068,1,3000,5.000000,246,3000,0x04,single,22.499918,3193,0.073260,174,0,No fault,,,,,,,,,
2026-08-14T13:38:52.732,1786707532.732059,1.393335,1,3000,5.000000,247,3000,0x04,single,23.202697,2791,0.038095,174,0,No fault,,,,,,,,,
2026-08-14T13:38:52.737,1786707532.737324,1.398607,1,3000,5.000000,248,3000,0x04,single,23.883514,2747,0.102564,170,0,No fault,,,,,,,,,
2026-08-14T13:38:52.742,1786707532.742597,1.403862,1,3000,5.000000,249,3000,0x04,single,24.586293,2836,0.079121,175,0,No fault,,,,,,,,,
2026-08-14T13:38:52.748,1786707532.748004,1.409280,1,3000,5.000000,250,3000,0x04,single,25.311035,2836,0.073260,174,0,No fault,,,,,,,,,
2026-08-14T13:38:52.758,1786707532.758410,1.419685,1,3000,5.000000,251,3000,0x04,single,27.726838,2836,0.096703,175,0,No fault,,,,,,,,,
2026-08-14T13:38:52.763,1786707532.763687,1.424972,1,3000,5.000000,252,3000,0x04,single,28.056266,2791,0.090842,175,0,No fault,,,,,,,,,
2026-08-14T13:38:52.768,1786707532.768997,1.430277,1,3000,5.000000,253,3000,0x04,single,28.429618,2702,0.073260,175,0,No fault,,,,,,,,,
2026-08-14T13:38:52.774,1786707532.774292,1.435572,1,3000,5.000000,254,3000,0x04,single,29.132397,2747,0.096703,174,0,No fault,,,,,,,,,
2026-08-14T13:38:52.779,1786707532.779574,1.440856,1,3000,5.000000,255,3000,0x04,single,29.835176,2925,0.102564,174,0,No fault,,,,,,,,,
2026-08-14T13:38:52.784,1786707532.784872,1.446148,1,3000,5.000000,256,3000,0x04,single,30.537955,2925,0.102564,175,0,No fault,,,,,,,,,
2026-08-14T13:38:52.790,1786707532.790164,1.451441,1,3000,5.000000,257,3000,0x04,single,31.196811,2613,0.067399,174,0,No fault,,,,,,,,,
2026-08-14T13:38:52.795,1786707532.795439,1.456715,1,3000,5.000000,258,3000,0x04,single,31.899590,2791,0.102564,174,0,No fault,,,,,,,,,
2026-08-14T13:38:52.800,1786707532.800724,1.461999,1,3000,5.000000,259,3000,0x04,single,32.624331,3149,0.108425,174,0,No fault,,,,,,,,,
2026-08-14T13:38:52.805,1786707532.805997,1.467271,1,3000,5.000000,260,3000,0x04,single,33.305149,2925,0.102564,175,0,No fault,,,,,,,,,
2026-08-14T13:38:52.811,1786707532.811286,1.472563,1,3000,5.000000,261,3000,0x04,single,33.985966,2881,0.102564,175,0,No fault,,,,,,,,,
2026-08-14T13:38:52.816,1786707532.816579,1.477856,1,3000,5.000000,262,3000,0x04,single,34.666784,2836,0.096703,171,0,No fault,,,,,,,,,
2026-08-14T13:38:52.821,1786707532.821976,1.483253,1,3000,5.000000,263,3000,0x04,single,36.050380,2613,0.131868,174,0,No fault,,,,,,,,,
2026-08-14T13:38:52.827,1786707532.827309,1.488580,1,3000,5.000000,264,3000,0x04,single,36.709236,2747,0.131868,174,0,No fault,,,,,,,,,
2026-08-14T13:38:52.832,1786707532.832654,1.493930,1,3000,5.000000,265,3000,0x04,single,37.412015,2657,0.131868,174,0,No fault,,,,,,,,,
2026-08-14T13:38:52.837,1786707532.837927,1.499211,1,3000,5.000000,266,3000,0x04,single,38.092833,2836,0.155311,174,0,No fault,,,,,,,,,
2026-08-14T13:38:52.843,1786707532.843246,1.504527,1,3000,5.000000,267,3000,0x04,single,38.773650,2791,0.155311,174,0,No fault,,,,,,,,,
2026-08-14T13:38:52.848,1786707532.848524,1.509800,1,3000,5.000000,268,3000,0x04,single,39.454467,2747,0.143590,177,0,No fault,,,,,,,,,
2026-08-14T13:38:52.853,1786707532.853823,1.515097,1,3000,5.000000,269,3000,0x04,single,40.135285,2836,0.155311,175,0,No fault,,,,,,,,,
2026-08-14T13:38:52.859,1786707532.859098,1.520370,1,3000,5.000000,270,3000,0x04,single,40.816102,2836,0.149451,174,0,No fault,,,,,,,,,
2026-08-14T13:38:52.864,1786707532.864367,1.525643,1,3000,5.000000,271,3000,0x04,single,41.496920,2747,0.172894,173,0,No fault,,,,,,,,,
2026-08-14T13:38:52.869,1786707532.869643,1.530919,1,3000,5.000000,272,3000,0x04,single,42.177737,2747,0.161172,174,0,No fault,,,,,,,,,
2026-08-14T13:38:52.874,1786707532.874911,1.536186,1,3000,5.000000,273,3000,0x04,single,42.858554,2836,0.137729,174,0,No fault,,,,,,,,,
2026-08-14T13:38:52.880,1786707532.880183,1.541457,1,3000,5.000000,274,3000,0x04,single,43.539372,2747,0.149451,175,0,No fault,,,,,,,,,
2026-08-14T13:38:52.885,1786707532.885478,1.546755,1,3000,5.000000,275,3000,0x04,single,44.220189,2702,0.167033,173,0,No fault,,,,,,,,,
2026-08-14T13:38:52.890,1786707532.890751,1.552028,1,3000,5.000000,276,3000,0x04,single,44.922969,2836,0.172894,174,0,No fault,,,,,,,,,
2026-08-14T13:38:52.896,1786707532.896039,1.557314,1,3000,5.000000,277,3000,0x04,single,45.581824,2836,0.137729,173,0,No fault,,,,,,,,,
2026-08-14T13:38:52.901,1786707532.901321,1.562595,1,3000,5.000000,278,3000,0x04,single,46.284603,2970,0.167033,174,0,No fault,,,,,,,,,
2026-08-14T13:38:52.906,1786707532.906632,1.567910,1,3000,5.000000,279,3000,0x04,single,46.965421,2791,0.161172,174,0,No fault,,,,,,,,,
2026-08-14T13:38:52.911,1786707532.911915,1.573196,1,3000,5.000000,280,3000,0x04,single,47.646238,2791,0.161172,174,0,No fault,,,,,,,,,
2026-08-14T13:38:52.917,1786707532.917248,1.578541,1,3000,5.000000,281,3000,0x04,single,48.327056,2747,0.143590,176,0,No fault,,,,,,,,,
2026-08-14T13:38:52.922,1786707532.922748,1.584039,1,3000,5.000000,282,3000,0x04,single,49.007873,2568,0.143590,175,0,No fault,,,,,,,,,
2026-08-14T13:38:52.930,1786707532.930275,1.591549,1,3000,5.000000,283,3000,0x04,single,50.369508,2925,0.167033,174,0,No fault,,,,,,,,,
2026-08-14T13:38:52.935,1786707532.935519,1.596797,1,3000,5.000000,284,3000,0x04,single,51.050325,2791,0.155311,174,0,No fault,,,,,,,,,
2026-08-14T13:38:52.940,1786707532.940806,1.602081,1,3000,5.000000,285,3000,0x04,single,51.731143,2791,0.143590,174,0,No fault,,,,,,,,,
2026-08-14T13:38:52.946,1786707532.946075,1.607355,1,3000,5.000000,286,3000,0x04,single,52.411960,2791,0.167033,174,0,No fault,,,,,,,,,
2026-08-14T13:38:52.961,1786707532.961588,1.622878,1,3000,5.000000,287,3000,0x04,single,53.092778,2791,0.172894,174,0,No fault,,,,,,,,,
2026-08-14T13:38:52.966,1786707532.966947,1.628238,1,3000,5.000000,288,3000,0x04,single,55.508581,2657,0.208059,176,0,No fault,,,,,,,,,
2026-08-14T13:38:52.972,1786707532.972293,1.633593,1,3000,5.000000,289,3000,0x04,single,55.859971,2479,0.190476,175,0,No fault,,,,,,,,,
2026-08-14T13:38:52.977,1786707532.977720,1.639001,1,3000,5.000000,290,3000,0x04,single,56.540788,2702,0.172894,176,0,No fault,,,,,,,,,
2026-08-14T13:38:52.983,1786707532.983016,1.644293,1,3000,5.000000,291,3000,0x04,single,57.221606,2791,0.184615,174,0,No fault,,,,,,,,,
2026-08-14T13:38:52.988,1786707532.988292,1.649571,1,3000,5.000000,292,3000,0x04,single,57.880461,2747,0.184615,176,0,No fault,,,,,,,,,
2026-08-14T13:38:52.993,1786707532.993564,1.654841,1,3000,5.000000,293,3000,0x04,single,58.561279,2791,0.202198,177,0,No fault,,,,,,,,,
2026-08-14T13:38:52.998,1786707532.998836,1.660113,1,3000,5.000000,294,3000,0x04,single,59.220134,2657,0.196337,174,0,No fault,,,,,,,,,
2026-08-14T13:38:53.004,1786707533.004207,1.665485,1,3000,5.000000,295,3000,0x04,single,59.900952,2747,0.167033,175,0,No fault,,,,,,,,,
2026-08-14T13:38:53.009,1786707533.009504,1.670781,1,3000,5.000000,296,3000,0x04,single,60.581769,2613,0.196337,174,0,No fault,,,,,,,,,
2026-08-14T13:38:53.014,1786707533.014769,1.676047,1,3000,5.000000,297,3000,0x04,single,61.262587,2702,0.196337,175,0,No fault,,,,,,,,,
2026-08-14T13:38:53.020,1786707533.020036,1.681317,1,3000,5.000000,298,3000,0x04,single,61.921442,2613,0.196337,174,0,No fault,,,,,,,,,
2026-08-14T13:38:53.025,1786707533.025303,1.686580,1,3000,5.000000,299,3000,0x04,single,62.580298,2389,0.184615,174,0,No fault,,,,,,,,,
2026-08-14T13:38:53.030,1786707533.030590,1.691867,1,3000,5.000000,300,3000,0x04,single,63.283077,2925,0.172894,174,0,No fault,,,,,,,,,
2026-08-14T13:38:53.035,1786707533.035851,1.697128,1,3000,5.000000,301,3000,0x04,single,63.941933,2657,0.213919,174,0,No fault,,,,,,,,,
2026-08-14T13:38:53.041,1786707533.041113,1.702390,1,3000,5.000000,302,3000,0x04,single,64.622750,2657,0.202198,174,0,No fault,,,,,,,,,
2026-08-14T13:38:53.046,1786707533.046376,1.707652,1,3000,5.000000,303,3000,0x04,single,65.303567,2747,0.196337,174,0,No fault,,,,,,,,,
2026-08-14T13:38:53.051,1786707533.051630,1.712905,1,3000,5.000000,304,3000,0x04,single,65.962423,2836,0.184615,174,0,No fault,,,,,,,,,
2026-08-14T13:38:53.057,1786707533.057127,1.718403,1,3000,5.000000,305,3000,0x04,single,67.324058,2657,0.219780,174,0,No fault,,,,,,,,,
2026-08-14T13:38:53.062,1786707533.062418,1.723697,1,3000,5.000000,306,3000,0x04,single,67.982913,2791,0.202198,174,0,No fault,,,,,,,,,
2026-08-14T13:38:53.067,1786707533.067772,1.729045,1,3000,5.000000,307,3000,0x04,single,68.663731,2657,0.202198,174,0,No fault,,,,,,,,,
2026-08-14T13:38:53.073,1786707533.073010,1.734279,1,3000,5.000000,308,3000,0x04,single,69.344548,3015,0.213919,176,0,No fault,,,,,,,,,
2026-08-14T13:38:53.078,1786707533.078245,1.739514,1,3000,5.000000,309,3000,0x04,single,70.003404,2657,0.225641,173,0,No fault,,,,,,,,,
2026-08-14T13:38:53.083,1786707533.083461,1.744730,1,3000,5.000000,310,3000,0x04,single,70.640297,2657,0.249084,174,0,No fault,,,,,,,,,
2026-08-14T13:38:53.088,1786707533.088675,1.749944,1,3000,5.000000,311,3000,0x04,single,71.321115,2836,0.208059,173,0,No fault,,,,,,,,,
2026-08-14T13:38:53.093,1786707533.093886,1.755155,1,3000,5.000000,312,3000,0x04,single,71.979970,2568,0.237363,174,0,No fault,,,,,,,,,
2026-08-14T13:38:53.099,1786707533.099095,1.760364,1,3000,5.000000,313,3000,0x04,single,72.660788,2791,0.237363,175,0,No fault,,,,,,,,,
2026-08-14T13:38:53.104,1786707533.104305,1.765573,1,3000,5.000000,314,3000,0x04,single,73.319643,2925,0.243223,175,0,No fault,,,,,,,,,
2026-08-14T13:38:53.109,1786707533.109510,1.770779,1,3000,5.000000,315,3000,0x04,single,73.956537,2702,0.243223,174,0,No fault,,,,,,,,,
2026-08-14T13:38:53.114,1786707533.114717,1.775985,1,3000,5.000000,316,3000,0x04,single,74.637355,2747,0.213919,175,0,No fault,,,,,,,,,
2026-08-14T13:38:53.119,1786707533.119923,1.781191,1,3000,5.000000,317,3000,0x04,single,75.296210,2702,0.278388,175,0,No fault,,,,,,,,,
2026-08-14T13:38:53.125,1786707533.125167,1.786449,1,3000,5.000000,318,3000,0x04,single,75.955066,2613,0.249084,174,0,No fault,,,,,,,,,
2026-08-14T13:38:53.130,1786707533.130465,1.791736,1,3000,5.000000,319,3000,0x04,single,76.613921,2613,0.260806,174,0,No fault,,,,,,,,,
2026-08-14T13:38:53.135,1786707533.135693,1.796962,1,3000,5.000000,320,3000,0x04,single,77.272777,2568,0.243223,174,0,No fault,,,,,,,,,
2026-08-14T13:38:53.140,1786707533.140907,1.802175,1,3000,5.000000,321,3000,0x04,single,77.931632,2657,0.231502,174,0,No fault,,,,,,,,,
2026-08-14T13:38:53.146,1786707533.146126,1.807399,1,3000,5.000000,322,3000,0x04,single,78.612450,2836,0.254945,170,0,No fault,,,,,,,,,
2026-08-14T13:38:53.151,1786707533.151372,1.812644,1,3000,5.000000,323,3000,0x04,single,79.249344,2657,0.243223,174,0,No fault,,,,,,,,,
2026-08-14T13:38:53.166,1786707533.166849,1.828139,1,3000,5.000000,324,3000,0x04,single,81.862804,2523,0.243223,174,0,No fault,,,,,,,,,
2026-08-14T13:38:53.172,1786707533.172258,1.833538,1,3000,5.000000,325,3000,0x04,single,82.192232,2836,0.231502,176,0,No fault,,,,,,,,,
2026-08-14T13:38:53.177,1786707533.177547,1.838827,1,3000,5.000000,326,3000,0x04,single,82.565583,2613,0.219780,173,0,No fault,,,,,,,,,
2026-08-14T13:38:53.182,1786707533.182859,1.844137,1,3000,5.000000,327,3000,0x04,single,83.224439,2702,0.213919,175,0,No fault,,,,,,,,,
2026-08-14T13:38:53.188,1786707533.188160,1.849440,1,3000,5.000000,328,3000,0x04,single,83.883294,2613,0.249084,172,0,No fault,,,,,,,,,
2026-08-14T13:38:53.193,1786707533.193480,1.854753,1,3000,5.000000,329,3000,0x04,single,84.564112,2791,0.231502,174,0,No fault,,,,,,,,,
2026-08-14T13:38:53.198,1786707533.198769,1.860063,1,3000,5.000000,330,3000,0x04,single,85.222967,2523,0.243223,174,0,No fault,,,,,,,,,
2026-08-14T13:38:53.204,1786707533.204149,1.865458,1,3000,5.000000,331,3000,0x04,single,85.881823,2747,0.219780,173,0,No fault,,,,,,,,,
2026-08-14T13:38:53.209,1786707533.209561,1.870842,1,3000,5.000000,332,3000,0x04,single,86.562640,2791,0.231502,174,0,No fault,,,,,,,,,
2026-08-14T13:38:53.214,1786707533.214851,1.876127,1,3000,5.000000,333,3000,0x04,single,87.221496,2791,0.254945,174,0,No fault,,,,,,,,,
2026-08-14T13:38:53.220,1786707533.220152,1.881438,1,3000,5.000000,334,3000,0x04,single,87.880351,2791,0.243223,174,0,No fault,,,,,,,,,
2026-08-14T13:38:53.225,1786707533.225880,1.887159,1,3000,5.000000,335,3000,0x04,single,89.220024,2613,0.260806,177,0,No fault,,,,,,,,,
2026-08-14T13:38:53.231,1786707533.231481,1.892774,1,3000,5.000000,336,3000,0x04,single,89.878880,2791,0.254945,174,0,No fault,,,,,,,,,
2026-08-14T13:38:53.236,1786707533.236831,1.898113,1,3000,5.000000,337,3000,0x04,single,90.537736,2345,0.284249,174,0,No fault,,,,,,,,,
2026-08-14T13:38:53.242,1786707533.242135,1.903424,1,3000,5.000000,338,3000,0x04,single,91.196591,2747,0.225641,174,0,No fault,,,,,,,,,
2026-08-14T13:38:53.247,1786707533.247473,1.908760,1,3000,5.000000,339,3000,0x04,single,91.877409,2702,0.231502,171,0,No fault,,,,,,,,,
2026-08-14T13:38:53.252,1786707533.252792,1.914075,1,3000,5.000000,340,3000,0x04,single,92.514302,2568,0.278388,175,0,No fault,,,,,,,,,
2026-08-14T13:38:53.258,1786707533.258240,1.919508,1,3000,5.000000,341,3000,0x04,single,93.173158,2747,0.260806,175,0,No fault,,,,,,,,,
2026-08-14T13:38:53.263,1786707533.263679,1.924956,1,3000,5.000000,342,3000,0x04,single,93.810052,2613,0.290110,174,0,No fault,,,,,,,,,
2026-08-14T13:38:53.269,1786707533.269595,1.930891,1,3000,5.000000,343,3000,0x04,single,94.490869,2836,0.243223,174,0,No fault,,,,,,,,,
2026-08-14T13:38:53.275,1786707533.275476,1.936753,1,3000,5.000000,344,3000,0x04,single,95.149724,2702,0.295971,174,0,No fault,,,,,,,,,
2026-08-14T13:38:53.280,1786707533.280710,1.941976,1,3000,5.000000,345,3000,0x04,single,95.852504,2523,0.284249,175,0,No fault,,,,,,,,,
2026-08-14T13:38:53.285,1786707533.285934,1.947218,1,3000,5.000000,346,3000,0x04,single,96.445474,2568,0.290110,174,0,No fault,,,,,,,,,
2026-08-14T13:38:53.291,1786707533.291234,1.952512,1,3000,5.000000,347,3000,0x04,single,97.104329,2747,0.278388,171,0,No fault,,,,,,,,,
2026-08-14T13:38:53.296,1786707533.296502,1.957781,1,3000,5.000000,348,3000,0x04,single,97.741223,2657,0.313553,174,0,No fault,,,,,,,,,
2026-08-14T13:38:53.301,1786707533.301780,1.963061,1,3000,5.000000,349,3000,0x04,single,98.378117,2479,0.295971,174,0,No fault,,,,,,,,,
2026-08-14T13:38:53.307,1786707533.307073,1.968354,1,3000,5.000000,350,3000,0x04,single,99.036972,2657,0.319414,174,0,No fault,,,,,,,,,
2026-08-14T13:38:53.312,1786707533.312377,1.973655,1,3000,5.000000,351,3000,0x04,single,99.673866,2657,0.295971,174,0,No fault,,,,,,,,,
2026-08-14T13:38:53.317,1786707533.317812,1.979093,1,3000,5.000000,352,3000,0x04,single,100.332722,2925,0.295971,174,0,No fault,,,,,,,,,
2026-08-14T13:38:53.323,1786707533.323128,1.984404,1,3000,5.000000,353,3000,0x04,single,101.650433,2702,0.313553,175,0,No fault,,,,,,,,,
2026-08-14T13:38:53.328,1786707533.328591,1.989878,1,3000,5.000000,354,3000,0x04,single,102.243403,2479,0.307692,175,0,No fault,,,,,,,,,
2026-08-14T13:38:53.334,1786707533.334066,1.995586,1,3000,5.000000,355,3000,0x04,single,102.880296,2434,0.307692,175,0,No fault,,,,,,,,,
2026-08-14T13:38:53.339,1786707533.339718,2.000999,1,3000,5.000000,356,3000,0x04,single,103.539152,2434,0.319414,174,0,No fault,,,,,,,,,
2026-08-14T13:38:53.345,1786707533.345020,2.006295,1,3000,5.000000,357,3000,0x04,single,104.176046,2479,0.313553,175,0,No fault,,,,,,,,,
2026-08-14T13:38:53.350,1786707533.350291,2.011572,1,3000,5.000000,358,3000,0x04,single,104.834901,2523,0.348718,174,0,No fault,,,,,,,,,
2026-08-14T13:38:53.355,1786707533.355573,2.016852,1,3000,5.000000,359,3000,0x04,single,105.471795,2657,0.284249,171,0,No fault,,,,,,,,,
2026-08-14T13:38:53.371,1786707533.371034,2.032310,1,3000,5.000000,360,3000,0x04,single,106.130651,2434,0.284249,174,0,No fault,,,,,,,,,
2026-08-14T13:38:53.376,1786707533.376292,2.037574,1,3000,5.000000,361,3000,0x04,single,108.436645,2613,0.301832,174,0,No fault,,,,,,,,,
2026-08-14T13:38:53.381,1786707533.381572,2.042850,1,3000,5.000000,362,3000,0x04,single,108.788035,2747,0.290110,176,0,No fault,,,,,,,,,
2026-08-14T13:38:53.386,1786707533.386835,2.048110,1,3000,5.000000,363,3000,0x04,single,109.424928,2568,0.301832,174,0,No fault,,,,,,,,,
2026-08-14T13:38:53.392,1786707533.392090,2.053367,1,3000,5.000000,364,3000,0x04,single,110.083784,2702,0.325275,175,0,No fault,,,,,,,,,
2026-08-14T13:38:53.397,1786707533.397346,2.058623,1,3000,5.000000,365,3000,0x04,single,110.720678,2613,0.307692,174,0,No fault,,,,,,,,,
2026-08-14T13:38:53.402,1786707533.402630,2.063907,1,3000,5.000000,366,3000,0x04,single,111.379533,2791,0.290110,174,0,No fault,,,,,,,,,
2026-08-14T13:38:53.407,1786707533.407883,2.069159,1,3000,5.000000,367,3000,0x04,single,112.016427,2523,0.336996,173,0,No fault,,,,,,,,,
2026-08-14T13:38:53.413,1786707533.413148,2.074423,1,3000,5.000000,368,3000,0x04,single,112.675283,2881,0.313553,175,0,No fault,,,,,,,,,
2026-08-14T13:38:53.418,1786707533.418403,2.079678,1,3000,5.000000,369,3000,0x04,single,113.312176,2657,0.331136,174,0,No fault,,,,,,,,,
2026-08-14T13:38:53.423,1786707533.423652,2.084927,1,3000,5.000000,370,3000,0x04,single,113.927108,2434,0.331136,174,0,No fault,,,,,,,,,
2026-08-14T13:38:53.428,1786707533.428905,2.090180,1,3000,5.000000,371,3000,0x04,single,114.585964,2747,0.295971,174,0,No fault,,,,,,,,,
2026-08-14T13:38:53.434,1786707533.434171,2.095455,1,3000,5.000000,372,3000,0x04,single,115.222857,2613,0.331136,174,0,No fault,,,,,,,,,
2026-08-14T13:38:53.439,1786707533.439458,2.100742,1,3000,5.000000,373,3000,0x04,single,115.859751,2568,0.348718,173,0,No fault,,,,,,,,,
2026-08-14T13:38:53.444,1786707533.444731,2.106008,1,3000,5.000000,374,3000,0x04,single,116.496645,2479,0.307692,175,0,No fault,,,,,,,,,
2026-08-14T13:38:53.449,1786707533.449986,2.111260,1,3000,5.000000,375,3000,0x04,single,117.133539,2523,0.325275,174,0,No fault,,,,,,,,,
2026-08-14T13:38:53.455,1786707533.455226,2.116501,1,3000,5.000000,376,3000,0x04,single,117.770432,2657,0.342857,174,0,No fault,,,,,,,,,
2026-08-14T13:38:53.460,1786707533.460470,2.121746,1,3000,5.000000,377,3000,0x04,single,118.407326,2300,0.331136,173,0,No fault,,,,,,,,,
2026-08-14T13:38:53.465,1786707533.465725,2.126999,1,3000,5.000000,378,3000,0x04,single,119.066181,2747,0.336996,179,0,No fault,,,,,,,,,
2026-08-14T13:38:53.470,1786707533.470974,2.132250,1,3000,5.000000,379,3000,0x04,single,119.681113,2345,0.331136,174,0,No fault,,,,,,,,,
2026-08-14T13:38:53.476,1786707533.476217,2.137490,1,3000,5.000000,380,3000,0x04,single,120.339969,2657,0.301832,174,0,No fault,,,,,,,,,
2026-08-14T13:38:53.481,1786707533.481719,2.143003,1,3000,5.000000,381,3000,0x04,single,121.613756,2434,0.342857,174,0,No fault,,,,,,,,,
2026-08-14T13:38:53.487,1786707533.487202,2.148505,1,3000,5.000000,382,3000,0x04,single,122.250650,2702,0.342857,174,0,No fault,,,,,,,,,
2026-08-14T13:38:53.492,1786707533.492827,2.154107,1,3000,5.000000,383,3000,0x04,single,122.909506,2523,0.319414,175,0,No fault,,,,,,,,,
2026-08-14T13:38:53.498,1786707533.498119,2.159399,1,3000,5.000000,384,3000,0x04,single,123.546399,2657,0.325275,174,0,No fault,,,,,,,,,
2026-08-14T13:38:53.503,1786707533.503534,2.164813,1,3000,5.000000,385,3000,0x04,single,124.183293,2568,0.336996,178,0,No fault,,,,,,,,,
2026-08-14T13:38:53.508,1786707533.508846,2.170123,1,3000,5.000000,386,3000,0x04,single,124.820187,2389,0.336996,174,0,No fault,,,,,,,,,
2026-08-14T13:38:53.514,1786707533.514127,2.175404,1,3000,5.000000,387,3000,0x04,single,125.435119,2479,0.336996,170,0,No fault,,,,,,,,,
2026-08-14T13:38:53.519,1786707533.519401,2.180675,1,3000,5.000000,388,3000,0x04,single,126.093974,2568,0.307692,175,0,No fault,,,,,,,,,
2026-08-14T13:38:53.524,1786707533.524671,2.185947,1,3000,5.000000,389,3000,0x04,single,126.730868,2613,0.366300,174,0,No fault,,,,,,,,,
2026-08-14T13:38:53.529,1786707533.529951,2.191228,1,3000,5.000000,390,3000,0x04,single,127.367762,2434,0.319414,174,0,No fault,,,,,,,,,
2026-08-14T13:38:53.535,1786707533.535230,2.196507,1,3000,5.000000,391,3000,0x04,single,128.004655,2657,0.325275,174,0,No fault,,,,,,,,,
2026-08-14T13:38:53.540,1786707533.540493,2.201770,1,3000,5.000000,392,3000,0x04,single,128.641549,2613,0.360440,177,0,No fault,,,,,,,,,
2026-08-14T13:38:53.545,1786707533.545761,2.207036,1,3000,5.000000,393,3000,0x04,single,129.300405,2747,0.331136,174,0,No fault,,,,,,,,,
2026-08-14T13:38:53.551,1786707533.551025,2.212307,1,3000,5.000000,394,3000,0x04,single,129.915336,2657,0.342857,174,0,No fault,,,,,,,,,
2026-08-14T13:38:53.556,1786707533.556310,2.217592,1,3000,5.000000,395,3000,0x04,single,130.552230,2702,0.407326,174,0,No fault,,,,,,,,,
2026-08-14T13:38:53.561,1786707533.561599,2.222879,1,3000,5.000000,396,3000,0x04,single,131.189124,2434,0.325275,174,0,No fault,,,,,,,,,
2026-08-14T13:38:53.577,1786707533.577113,2.238396,1,3000,5.000000,397,3000,0x04,single,133.582966,2434,0.372161,176,0,No fault,,,,,,,,,
2026-08-14T13:38:53.582,1786707533.582415,2.243694,1,3000,5.000000,398,3000,0x04,single,133.912394,2523,0.378022,174,0,No fault,,,,,,,,,
2026-08-14T13:38:53.587,1786707533.587709,2.248986,1,3000,5.000000,399,3000,0x04,single,134.263783,2747,0.354579,176,0,No fault,,,,,,,,,
2026-08-14T13:38:53.592,1786707533.592977,2.254261,1,3000,5.000000,400,3000,0x04,single,134.900677,2568,0.378022,174,0,No fault,,,,,,,,,
2026-08-14T13:38:53.598,1786707533.598541,2.259819,1,3000,5.000000,401,3000,0x04,single,136.174464,2702,0.372161,175,0,No fault,,,,,,,,,
2026-08-14T13:38:53.603,1786707533.603970,2.265246,1,3000,5.000000,402,3000,0x04,single,136.789396,2523,0.389744,174,0,No fault,,,,,,,,,
2026-08-14T13:38:53.609,1786707533.609239,2.270516,1,3000,5.000000,403,3000,0x04,single,137.426290,2702,0.336996,175,0,No fault,,,,,,,,,
2026-08-14T13:38:53.614,1786707533.614519,2.275799,1,3000,5.000000,404,3000,0x04,single,138.063184,2523,0.378022,174,0,No fault,,,,,,,,,
2026-08-14T13:38:53.619,1786707533.619800,2.281076,1,3000,5.000000,405,3000,0x04,single,138.678115,2389,0.395604,174,0,No fault,,,,,,,,,
2026-08-14T13:38:53.625,1786707533.625085,2.286361,1,3000,5.000000,406,3000,0x04,single,139.336971,2613,0.342857,176,0,No fault,,,,,,,,,
2026-08-14T13:38:53.630,1786707533.630381,2.291668,1,3000,5.000000,407,3000,0x04,single,139.951903,2568,0.354579,174,0,No fault,,,,,,,,,
2026-08-14T13:38:53.635,1786707533.635697,2.296974,1,3000,5.000000,408,3000,0x04,single,140.588797,2613,0.354579,176,0,No fault,,,,,,,,,
2026-08-14T13:38:53.640,1786707533.640975,2.302251,1,3000,5.000000,409,3000,0x04,single,141.225690,2657,0.331136,174,0,No fault,,,,,,,,,
2026-08-14T13:38:53.646,1786707533.646238,2.307514,1,3000,5.000000,410,3000,0x04,single,141.862584,2434,0.366300,174,0,No fault,,,,,,,,,
2026-08-14T13:38:53.651,1786707533.651523,2.312801,1,3000,5.000000,411,3000,0x04,single,142.499478,2702,0.354579,174,0,No fault,,,,,,,,,
2026-08-14T13:38:53.656,1786707533.656804,2.318084,1,3000,5.000000,412,3000,0x04,single,143.136371,2613,0.307692,175,0,No fault,,,,,,,,,
2026-08-14T13:38:53.662,1786707533.662087,2.323363,1,3000,5.000000,413,3000,0x04,single,143.795227,2523,0.354579,175,0,No fault,,,,,,,,,
2026-08-14T13:38:53.667,1786707533.667480,2.328757,1,3000,5.000000,414,3000,0x04,single,144.432121,2747,0.342857,175,0,No fault,,,,,,,,,
2026-08-14T13:38:53.672,1786707533.672752,2.334028,1,3000,5.000000,415,3000,0x04,single,145.069014,2523,0.348718,172,0,No fault,,,,,,,,,
2026-08-14T13:38:53.678,1786707533.678014,2.339286,1,3000,5.000000,416,3000,0x04,single,145.683946,2345,0.336996,171,0,No fault,,,,,,,,,
2026-08-14T13:38:53.683,1786707533.683272,2.344547,1,3000,5.000000,417,3000,0x04,single,146.342802,2523,0.342857,174,0,No fault,,,,,,,,,
2026-08-14T13:38:53.688,1786707533.688533,2.349808,1,3000,5.000000,418,3000,0x04,single,146.957734,2523,0.348718,175,0,No fault,,,,,,,,,
2026-08-14T13:38:53.693,1786707533.693796,2.355071,1,3000,5.000000,419,3000,0x04,single,147.594627,2479,0.348718,174,0,No fault,,,,,,,,,
2026-08-14T13:38:53.699,1786707533.699053,2.360344,1,3000,5.000000,420,3000,0x04,single,148.231521,2479,0.348718,174,0,No fault,,,,,,,,,
2026-08-14T13:38:53.704,1786707533.704584,2.365926,1,3000,5.000000,421,3000,0x04,single,148.890377,2523,0.290110,171,0,No fault,,,,,,,,,
2026-08-14T13:38:53.710,1786707533.710143,2.371448,1,3000,5.000000,422,3000,0x04,single,149.527270,2702,0.336996,174,0,No fault,,,,,,,,,
2026-08-14T13:38:53.715,1786707533.715497,2.376784,1,3000,5.000000,423,3000,0x04,single,150.208088,2613,0.366300,175,0,No fault,,,,,,,,,
2026-08-14T13:38:53.720,1786707533.720805,2.382094,1,3000,5.000000,424,3000,0x04,single,150.823020,2568,0.331136,173,0,No fault,,,,,,,,,
2026-08-14T13:38:53.726,1786707533.726384,2.387672,1,3000,5.000000,425,3000,0x04,single,152.096807,2479,0.342857,175,0,No fault,,,,,,,,,
2026-08-14T13:38:53.731,1786707533.731882,2.393159,1,3000,5.000000,426,3000,0x04,single,152.733701,2479,0.331136,175,0,No fault,,,,,,,,,
2026-08-14T13:38:53.737,1786707533.737160,2.398438,1,3000,5.000000,427,3000,0x04,single,153.370595,2345,0.383883,177,0,No fault,,,,,,,,,
2026-08-14T13:38:53.742,1786707533.742455,2.403744,1,3000,5.000000,428,3000,0x04,single,153.985526,2434,0.342857,174,0,No fault,,,,,,,,,
2026-08-14T13:38:53.747,1786707533.747755,2.409040,1,3000,5.000000,429,3000,0x04,single,154.666344,2791,0.319414,175,0,No fault,,,,,,,,,
2026-08-14T13:38:53.753,1786707533.753728,2.415002,1,3000,5.000000,430,3000,0x04,single,155.281276,2568,0.378022,174,0,No fault,,,,,,,,,
2026-08-14T13:38:53.758,1786707533.758964,2.420241,1,3000,5.000000,431,3000,0x04,single,155.896208,2613,0.372161,174,0,No fault,,,,,,,,,
2026-08-14T13:38:53.764,1786707533.764227,2.425503,1,3000,5.000000,432,3000,0x04,single,156.533101,2523,0.360440,172,0,No fault,,,,,,,,,
2026-08-14T13:38:53.779,1786707533.779676,2.440960,1,3000,5.000000,433,3000,0x04,single,158.992829,2568,0.378022,175,0,No fault,,,,,,,,,
2026-08-14T13:38:53.785,1786707533.785180,2.446466,1,3000,5.000000,434,3000,0x04,single,159.322257,2523,0.378022,174,0,No fault,,,,,,,,,
2026-08-14T13:38:53.790,1786707533.790494,2.451770,1,3000,5.000000,435,3000,0x04,single,159.651684,2523,0.366300,174,0,No fault,,,,,,,,,
2026-08-14T13:38:53.795,1786707533.795749,2.457019,1,3000,5.000000,436,3000,0x04,single,160.266616,2657,0.366300,174,0,No fault,,,,,,,,,
2026-08-14T13:38:53.800,1786707533.800993,2.462263,1,3000,5.000000,437,3000,0x04,single,160.903510,2702,0.389744,175,0,No fault,,,,,,,,,
2026-08-14T13:38:53.806,1786707533.806236,2.467505,1,3000,5.000000,438,3000,0x04,single,161.518442,2389,0.383883,174,0,No fault,,,,,,,,,
2026-08-14T13:38:53.811,1786707533.811470,2.472740,1,3000,5.000000,439,3000,0x04,single,162.155335,2702,0.378022,174,0,No fault,,,,,,,,,
2026-08-14T13:38:53.816,1786707533.816717,2.477989,1,3000,5.000000,440,3000,0x04,single,162.770267,2523,0.366300,174,0,No fault,,,,,,,,,
2026-08-14T13:38:53.821,1786707533.821974,2.483252,1,3000,5.000000,441,3000,0x04,single,163.407161,2613,0.389744,175,0,No fault,,,,,,,,,
2026-08-14T13:38:53.827,1786707533.827241,2.488520,1,3000,5.000000,442,3000,0x04,single,164.044055,2702,0.372161,175,0,No fault,,,,,,,,,
2026-08-14T13:38:53.832,1786707533.832515,2.493794,1,3000,5.000000,443,3000,0x04,single,164.680948,2925,0.389744,170,0,No fault,,,,,,,,,
2026-08-14T13:38:53.837,1786707533.837850,2.499128,1,3000,5.000000,444,3000,0x04,single,165.295880,2568,0.395604,174,0,No fault,,,,,,,,,
2026-08-14T13:38:53.843,1786707533.843105,2.504378,1,3000,5.000000,445,3000,0x04,single,165.932774,2657,0.342857,174,0,No fault,,,,,,,,,
2026-08-14T13:38:53.848,1786707533.848575,2.509850,1,3000,5.000000,446,3000,0x04,single,167.206561,2657,0.383883,174,0,No fault,,,,,,,,,
2026-08-14T13:38:53.853,1786707533.853994,2.515270,1,3000,5.000000,447,3000,0x04,single,167.821493,2702,0.378022,174,0,No fault,,,,,,,,,
2026-08-14T13:38:53.859,1786707533.859258,2.520534,1,3000,5.000000,448,3000,0x04,single,168.458387,2568,0.342857,175,0,No fault,,,,,,,,,
2026-08-14T13:38:53.864,1786707533.864538,2.525814,1,3000,5.000000,449,3000,0x04,single,169.095281,2613,0.383883,174,0,No fault,,,,,,,,,
2026-08-14T13:38:53.869,1786707533.869815,2.531091,1,3000,5.000000,450,3000,0x04,single,169.732174,2702,0.354579,174,0,No fault,,,,,,,,,
2026-08-14T13:38:53.875,1786707533.875087,2.536366,1,3000,5.000000,451,3000,0x04,single,170.347106,2568,0.348718,174,0,No fault,,,,,,,,,
2026-08-14T13:38:53.880,1786707533.880362,2.541642,1,3000,5.000000,452,3000,0x04,single,171.005962,2881,0.366300,174,0,No fault,,,,,,,,,
2026-08-14T13:38:53.885,1786707533.885650,2.546926,1,3000,5.000000,453,3000,0x04,single,171.620894,2523,0.331136,175,0,No fault,,,,,,,,,
2026-08-14T13:38:53.890,1786707533.890927,2.552201,1,3000,5.000000,454,3000,0x04,single,172.257787,2479,0.360440,174,0,No fault,,,,,,,,,
2026-08-14T13:38:53.896,1786707533.896188,2.557463,1,3000,5.000000,455,3000,0x04,single,172.894681,2747,0.372161,174,0,No fault,,,,,,,,,
2026-08-14T13:38:53.901,1786707533.901495,2.562771,1,3000,5.000000,456,3000,0x04,single,173.509613,2613,0.407326,174,0,No fault,,,,,,,,,
2026-08-14T13:38:53.906,1786707533.906781,2.568057,1,3000,5.000000,457,3000,0x04,single,174.146507,2657,0.342857,176,0,No fault,,,,,,,,,
2026-08-14T13:38:53.912,1786707533.912041,2.573315,1,3000,5.000000,458,3000,0x04,single,174.783400,2747,0.378022,174,0,No fault,,,,,,,,,
2026-08-14T13:38:53.917,1786707533.917297,2.578577,1,3000,5.000000,459,3000,0x04,single,175.398332,2479,0.389744,175,0,No fault,,,,,,,,,
2026-08-14T13:38:53.922,1786707533.922609,2.583886,1,3000,5.000000,460,3000,0x04,single,176.035226,2613,0.336996,174,0,No fault,,,,,,,,,
2026-08-14T13:38:53.927,1786707533.927874,2.589148,1,3000,5.000000,461,3000,0x04,single,176.650158,2255,0.372161,174,0,No fault,,,,,,,,,
2026-08-14T13:38:53.933,1786707533.933127,2.594399,1,3000,5.000000,462,3000,0x04,single,177.309013,2702,0.348718,174,0,No fault,,,,,,,,,
2026-08-14T13:38:53.938,1786707533.938386,2.599662,1,3000,5.000000,463,3000,0x04,single,177.923945,2345,0.366300,175,0,No fault,,,,,,,,,
2026-08-14T13:38:53.943,1786707533.943657,2.604932,1,3000,5.000000,464,3000,0x04,single,178.560839,2523,0.366300,174,0,No fault,,,,,,,,,
2026-08-14T13:38:53.948,1786707533.948912,2.610190,1,3000,5.000000,465,3000,0x04,single,179.197733,2702,0.389744,175,0,No fault,,,,,,,,,
2026-08-14T13:38:53.954,1786707533.954183,2.615459,1,3000,5.000000,466,3000,0x04,single,179.812665,2523,0.331136,175,0,No fault,,,,,,,,,
2026-08-14T13:38:53.959,1786707533.959461,2.620737,1,3000,5.000000,467,3000,0x04,single,180.449558,2702,0.348718,173,0,No fault,,,,,,,,,
2026-08-14T13:38:53.964,1786707533.964735,2.626010,1,3000,5.000000,468,3000,0x04,single,181.086452,2613,0.372161,175,0,No fault,,,,,,,,,
2026-08-14T13:38:53.970,1786707533.970004,2.631279,1,3000,5.000000,469,3000,0x04,single,181.723346,2523,0.360440,173,0,No fault,,,,,,,,,
2026-08-14T13:38:53.980,1786707533.980590,2.641878,1,3000,5.000000,470,3000,0x04,single,182.338278,2568,0.354579,174,0,No fault,,,,,,,,,
2026-08-14T13:38:53.985,1786707533.985954,2.647238,1,3000,5.000000,471,3000,0x04,single,184.490539,2613,0.342857,174,0,No fault,,,,,,,,,
2026-08-14T13:38:53.991,1786707533.991263,2.652544,1,3000,5.000000,472,3000,0x04,single,184.819967,2881,0.395604,171,0,No fault,,,,,,,,,
2026-08-14T13:38:53.996,1786707533.996545,2.657819,1,3000,5.000000,473,3000,0x04,single,185.434899,2523,0.354579,171,0,No fault,,,,,,,,,
2026-08-14T13:38:54.001,1786707534.001910,2.663190,1,3000,5.000000,474,3000,0x04,single,186.071792,2479,0.336996,173,0,No fault,,,,,,,,,
2026-08-14T13:38:54.007,1786707534.007195,2.668473,1,3000,5.000000,475,3000,0x04,single,186.708686,2613,0.383883,174,0,No fault,,,,,,,,,
2026-08-14T13:38:54.012,1786707534.012479,2.673761,1,3000,5.000000,476,3000,0x04,single,187.345580,2523,0.336996,175,0,No fault,,,,,,,,,
2026-08-14T13:38:54.017,1786707534.017771,2.679050,1,3000,5.000000,477,3000,0x04,single,187.982474,2747,0.354579,175,0,No fault,,,,,,,,,
2026-08-14T13:38:54.023,1786707534.023057,2.684334,1,3000,5.000000,478,3000,0x04,single,188.619367,2613,0.354579,174,0,No fault,,,,,,,,,
2026-08-14T13:38:54.028,1786707534.028336,2.689613,1,3000,5.000000,479,3000,0x04,single,189.256261,2613,0.348718,175,0,No fault,,,,,,,,,
2026-08-14T13:38:54.033,1786707534.033611,2.694884,1,3000,5.000000,480,3000,0x04,single,189.871193,2568,0.366300,171,0,No fault,,,,,,,,,
2026-08-14T13:38:54.038,1786707534.038875,2.700150,1,3000,5.000000,481,3000,0x04,single,190.508087,2613,0.389744,175,0,No fault,,,,,,,,,
2026-08-14T13:38:54.044,1786707534.044142,2.705419,1,3000,5.000000,482,3000,0x04,single,191.123018,2300,0.360440,174,0,No fault,,,,,,,,,
2026-08-14T13:38:54.049,1786707534.049416,2.710740,1,3000,5.000000,483,3000,0x04,single,191.759912,2568,0.325275,174,0,No fault,,,,,,,,,
2026-08-14T13:38:54.054,1786707534.054744,2.716024,1,3000,5.000000,484,3000,0x04,single,192.396806,2479,0.395604,175,0,No fault,,,,,,,,,
2026-08-14T13:38:54.060,1786707534.060014,2.721287,1,3000,5.000000,485,3000,0x04,single,193.011738,2479,0.389744,173,0,No fault,,,,,,,,,
2026-08-14T13:38:54.065,1786707534.065279,2.726555,1,3000,5.000000,486,3000,0x04,single,193.648631,2568,0.389744,174,0,No fault,,,,,,,,,
2026-08-14T13:38:54.070,1786707534.070590,2.731866,1,3000,5.000000,487,3000,0x04,single,194.285525,2657,0.354579,177,0,No fault,,,,,,,,,
2026-08-14T13:38:54.075,1786707534.075850,2.737126,1,3000,5.000000,488,3000,0x04,single,194.922419,2613,0.401465,175,0,No fault,,,,,,,,,
2026-08-14T13:38:54.081,1786707534.081122,2.742399,1,3000,5.000000,489,3000,0x04,single,195.537351,2523,0.354579,174,0,No fault,,,,,,,,,
2026-08-14T13:38:54.086,1786707534.086406,2.747681,1,3000,5.000000,490,3000,0x04,single,196.152283,2389,0.395604,170,0,No fault,,,,,,,,,
2026-08-14T13:38:54.091,1786707534.091671,2.752947,1,3000,5.000000,491,3000,0x04,single,196.789176,2657,0.383883,174,0,No fault,,,,,,,,,
2026-08-14T13:38:54.096,1786707534.096934,2.758210,1,3000,5.000000,492,3000,0x04,single,197.426070,2523,0.354579,175,0,No fault,,,,,,,,,
2026-08-14T13:38:54.102,1786707534.102211,2.763488,1,3000,5.000000,493,3000,0x04,single,198.062964,2657,0.378022,175,0,No fault,,,,,,,,,
2026-08-14T13:38:54.107,1786707534.107487,2.768764,1,3000,5.000000,494,3000,0x04,single,198.677896,2434,0.389744,172,0,No fault,,,,,,,,,
2026-08-14T13:38:54.112,1786707534.112762,2.774037,1,3000,5.000000,495,3000,0x04,single,199.314789,2568,0.348718,175,0,No fault,,,,,,,,,
2026-08-14T13:38:54.118,1786707534.118022,2.779296,1,3000,5.000000,496,3000,0x04,single,199.929721,2479,0.348718,176,0,No fault,,,,,,,,,
2026-08-14T13:38:54.123,1786707534.123252,2.784534,1,3000,5.000000,497,3000,0x04,single,200.610539,2657,0.389744,174,0,No fault,,,,,,,,,
2026-08-14T13:38:54.128,1786707534.128933,2.790215,1,3000,5.000000,498,3000,0x04,single,201.928250,2568,0.372161,174,0,No fault,,,,,,,,,
2026-08-14T13:38:54.134,1786707534.134454,2.795740,1,3000,5.000000,499,3000,0x04,single,202.521220,2657,0.348718,175,0,No fault,,,,,,,,,
2026-08-14T13:38:54.139,1786707534.139803,2.801083,1,3000,5.000000,500,3000,0x04,single,203.158113,2523,0.313553,174,0,No fault,,,,,,,,,
2026-08-14T13:38:54.145,1786707534.145104,2.806386,1,3000,5.000000,501,3000,0x04,single,203.795007,2523,0.354579,174,0,No fault,,,,,,,,,
2026-08-14T13:38:54.150,1786707534.150413,2.811692,1,3000,5.000000,502,3000,0x04,single,204.431901,2613,0.342857,174,0,No fault,,,,,,,,,
2026-08-14T13:38:54.155,1786707534.155821,2.817102,1,3000,5.000000,503,3000,0x04,single,205.068795,2568,0.348718,174,0,No fault,,,,,,,,,
2026-08-14T13:38:54.161,1786707534.161119,2.822397,1,3000,5.000000,504,3000,0x04,single,205.705688,2479,0.331136,175,0,No fault,,,,,,,,,
2026-08-14T13:38:54.166,1786707534.166408,2.827686,1,3000,5.000000,505,3000,0x04,single,206.342582,2389,0.336996,174,0,No fault,,,,,,,,,
2026-08-14T13:38:54.171,1786707534.171689,2.832967,1,3000,5.000000,506,3000,0x04,single,207.001438,2747,0.342857,174,0,No fault,,,,,,,,,
2026-08-14T13:38:54.187,1786707534.187146,2.848430,1,3000,5.000000,507,3000,0x04,single,209.307432,2657,0.331136,176,0,No fault,,,,,,,,,
2026-08-14T13:38:54.192,1786707534.192454,2.853740,1,3000,5.000000,508,3000,0x04,single,209.614898,2657,0.378022,175,0,No fault,,,,,,,,,
2026-08-14T13:38:54.197,1786707534.197748,2.859026,1,3000,5.000000,509,3000,0x04,single,209.966288,2702,0.342857,174,0,No fault,,,,,,,,,
2026-08-14T13:38:54.203,1786707534.203016,2.864294,1,3000,5.000000,510,3000,0x04,single,210.581219,2479,0.366300,174,0,No fault,,,,,,,,,
2026-08-14T13:38:54.208,1786707534.208392,2.869714,1,3000,5.000000,511,3000,0x04,single,211.240075,2702,0.307692,174,0,No fault,,,,,,,,,
2026-08-14T13:38:54.214,1786707534.214160,2.875459,1,3000,5.000000,512,3000,0x04,single,212.535824,2613,0.366300,174,0,No fault,,,,,,,,,
2026-08-14T13:38:54.219,1786707534.219777,2.881075,1,3000,5.000000,513,3000,0x04,single,213.172718,2747,0.354579,174,0,No fault,,,,,,,,,
2026-08-14T13:38:54.225,1786707534.225164,2.886453,1,3000,5.000000,514,3000,0x04,single,213.787650,2389,0.378022,174,0,No fault,,,,,,,,,
2026-08-14T13:38:54.230,1786707534.230477,2.891765,1,3000,5.000000,515,3000,0x04,single,214.446505,2791,0.342857,174,0,No fault,,,,,,,,,
2026-08-14T13:38:54.235,1786707534.235791,2.897072,1,3000,5.000000,516,3000,0x04,single,215.061437,2479,0.366300,177,0,No fault,,,,,,,,,
2026-08-14T13:38:54.241,1786707534.241232,2.902519,1,3000,5.000000,517,3000,0x04,single,215.698331,2613,0.366300,175,0,No fault,,,,,,,,,
2026-08-14T13:38:54.246,1786707534.246595,2.907874,1,3000,5.000000,518,3000,0x04,single,216.335225,2479,0.395604,174,0,No fault,,,,,,,,,
2026-08-14T13:38:54.257,1786707534.257500,2.918773,1,3000,5.000000,519,3000,0x04,single,217.609012,2881,0.395604,174,0,No fault,,,,,,,,,
2026-08-14T13:38:54.262,1786707534.262811,2.924128,1,3000,5.000000,520,3000,0x04,single,218.201982,2389,0.407326,174,0,No fault,,,,,,,,,
2026-08-14T13:38:54.268,1786707534.268151,2.929433,1,3000,5.000000,521,3000,0x04,single,218.816914,2345,0.372161,174,0,No fault,,,,,,,,,
2026-08-14T13:38:54.273,1786707534.273490,2.934773,1,3000,5.000000,522,3000,0x04,single,219.475770,2523,0.383883,174,0,No fault,,,,,,,,,
2026-08-14T13:38:54.278,1786707534.278795,2.940080,1,3000,5.000000,523,3000,0x04,single,220.090701,2657,0.395604,174,0,No fault,,,,,,,,,
2026-08-14T13:38:54.284,1786707534.284118,2.945399,1,3000,5.000000,524,3000,0x04,single,220.727595,2747,0.366300,175,0,No fault,,,,,,,,,
2026-08-14T13:38:54.289,1786707534.289409,2.950684,1,3000,5.000000,525,3000,0x04,single,221.364489,2523,0.360440,174,0,No fault,,,,,,,,,
2026-08-14T13:38:54.294,1786707534.294717,2.955993,1,3000,5.000000,526,3000,0x04,single,221.979421,2479,0.436630,174,0,No fault,,,,,,,,,
2026-08-14T13:38:54.299,1786707534.299996,2.961272,1,3000,5.000000,527,3000,0x04,single,222.594353,2657,0.342857,173,0,No fault,,,,,,,,,
2026-08-14T13:38:54.305,1786707534.305269,2.966544,1,3000,5.000000,528,3000,0x04,single,223.231246,2568,0.360440,175,0,No fault,,,,,,,,,
2026-08-14T13:38:54.310,1786707534.310543,2.971823,1,3000,5.000000,529,3000,0x04,single,223.868140,2747,0.389744,174,0,No fault,,,,,,,,,
2026-08-14T13:38:54.315,1786707534.315836,2.977112,1,3000,5.000000,530,3000,0x04,single,224.505034,2747,0.366300,174,0,No fault,,,,,,,,,
2026-08-14T13:38:54.321,1786707534.321354,2.982634,1,3000,5.000000,531,3000,0x04,single,225.778821,2613,0.366300,175,0,No fault,,,,,,,,,
2026-08-14T13:38:54.326,1786707534.326862,2.988146,1,3000,5.000000,532,3000,0x04,single,226.415715,2747,0.354579,172,0,No fault,,,,,,,,,
2026-08-14T13:38:54.332,1786707534.332240,2.993517,1,3000,5.000000,533,3000,0x04,single,227.030647,2434,0.342857,174,0,No fault,,,,,,,,,
2026-08-14T13:38:54.337,1786707534.337518,2.998797,1,3000,5.000000,534,3000,0x04,single,227.645579,2345,0.372161,174,0,No fault,,,,,,,,,
2026-08-14T13:38:54.342,1786707534.342811,3.004092,1,3000,5.000000,535,3000,0x04,single,228.304434,2657,0.366300,174,0,No fault,,,,,,,,,
2026-08-14T13:38:54.348,1786707534.348102,3.009379,1,3000,5.000000,536,3000,0x04,single,228.941328,2970,0.331136,174,0,No fault,,,,,,,,,
2026-08-14T13:38:54.353,1786707534.353391,3.014679,1,3000,5.000000,537,3000,0x04,single,229.556260,2657,0.395604,175,0,No fault,,,,,,,,,
2026-08-14T13:38:54.358,1786707534.358806,3.020100,1,3000,5.000000,538,3000,0x04,single,230.193153,2568,0.383883,175,0,No fault,,,,,,,,,
2026-08-14T13:38:54.364,1786707534.364282,3.025572,1,3000,5.000000,539,3000,0x04,single,230.852009,2479,0.360440,174,0,No fault,,,,,,,,,
2026-08-14T13:38:54.369,1786707534.369644,3.030925,1,3000,5.000000,540,3000,0x04,single,231.466941,2523,0.342857,174,0,No fault,,,,,,,,,
2026-08-14T13:38:54.374,1786707534.374956,3.036234,1,3000,5.000000,541,3000,0x04,single,232.103835,2702,0.360440,174,0,No fault,,,,,,,,,
2026-08-14T13:38:54.390,1786707534.390397,3.051676,1,3000,5.000000,542,3000,0x04,single,234.585524,2479,0.331136,174,0,No fault,,,,,,,,,
2026-08-14T13:38:54.395,1786707534.395674,3.056945,1,3000,5.000000,543,3000,0x04,single,234.914952,2791,0.366300,174,0,No fault,,,,,,,,,
2026-08-14T13:38:54.400,1786707534.400922,3.062202,1,3000,5.000000,544,3000,0x04,single,235.244379,2568,0.383883,177,0,No fault,,,,,,,,,
2026-08-14T13:38:54.406,1786707534.406215,3.067494,1,3000,5.000000,545,3000,0x04,single,235.859311,2434,0.372161,174,0,No fault,,,,,,,,,
2026-08-14T13:38:54.411,1786707534.411493,3.072769,1,3000,5.000000,546,3000,0x04,single,236.518167,2479,0.342857,174,0,No fault,,,,,,,,,
2026-08-14T13:38:54.416,1786707534.416774,3.078052,1,3000,5.000000,547,3000,0x04,single,237.133099,2479,0.366300,176,0,No fault,,,,,,,,,
2026-08-14T13:38:54.422,1786707534.422056,3.083333,1,3000,5.000000,548,3000,0x04,single,237.769992,2568,0.366300,174,0,No fault,,,,,,,,,
2026-08-14T13:38:54.427,1786707534.427339,3.088615,1,3000,5.000000,549,3000,0x04,single,238.406886,2613,0.360440,174,0,No fault,,,,,,,,,
2026-08-14T13:38:54.432,1786707534.432618,3.093895,1,3000,5.000000,550,3000,0x04,single,239.043780,2657,0.360440,174,0,No fault,,,,,,,,,
2026-08-14T13:38:54.437,1786707534.437904,3.099181,1,3000,5.000000,551,3000,0x04,single,239.658712,2434,0.372161,172,0,No fault,,,,,,,,,
2026-08-14T13:38:54.443,1786707534.443163,3.104439,1,3000,5.000000,552,3000,0x04,single,240.295605,2613,0.342857,172,0,No fault,,,,,,,,,
2026-08-14T13:38:54.448,1786707534.448437,3.109712,1,3000,5.000000,553,3000,0x04,single,240.932499,2434,0.360440,174,0,No fault,,,,,,,,,
2026-08-14T13:38:54.453,1786707534.453704,3.114987,1,3000,5.000000,554,3000,0x04,single,241.547431,2479,0.395604,174,0,No fault,,,,,,,,,
2026-08-14T13:38:54.459,1786707534.459221,3.120500,1,3000,5.000000,555,3000,0x04,single,242.821218,2434,0.342857,175,0,No fault,,,,,,,,,
2026-08-14T13:38:54.464,1786707534.464700,3.125976,1,3000,5.000000,556,3000,0x04,single,243.458112,2479,0.354579,173,0,No fault,,,,,,,,,
2026-08-14T13:38:54.469,1786707534.469972,3.131248,1,3000,5.000000,557,3000,0x04,single,244.095006,2434,0.342857,174,0,No fault,,,,,,,,,
2026-08-14T13:38:54.475,1786707534.475245,3.136518,1,3000,5.000000,558,3000,0x04,single,244.731900,2568,0.383883,174,0,No fault,,,,,,,,,
2026-08-14T13:38:54.480,1786707534.480528,3.141818,1,3000,5.000000,559,3000,0x04,single,245.368793,2613,0.366300,173,0,No fault,,,,,,,,,
2026-08-14T13:38:54.486,1786707534.486126,3.147418,1,3000,5.000000,560,3000,0x04,single,246.005687,2479,0.331136,174,0,No fault,,,,,,,,,
2026-08-14T13:38:54.491,1786707534.491475,3.152755,1,3000,5.000000,561,3000,0x04,single,246.620619,2434,0.389744,174,0,No fault,,,,,,,,,
2026-08-14T13:38:54.496,1786707534.496755,3.158034,1,3000,5.000000,562,3000,0x04,single,247.279474,2657,0.360440,174,0,No fault,,,,,,,,,
2026-08-14T13:38:54.502,1786707534.502146,3.163426,1,3000,5.000000,563,3000,0x04,single,247.894406,2523,0.342857,174,0,No fault,,,,,,,,,
2026-08-14T13:38:54.507,1786707534.507454,3.168737,1,3000,5.000000,564,3000,0x04,single,248.531300,2613,0.348718,174,0,No fault,,,,,,,,,
2026-08-14T13:38:54.512,1786707534.512742,3.174020,1,3000,5.000000,565,3000,0x04,single,249.168194,2568,0.372161,175,0,No fault,,,,,,,,,
2026-08-14T13:38:54.518,1786707534.518023,3.179302,1,3000,5.000000,566,3000,0x04,single,249.783126,2479,0.348718,172,0,No fault,,,,,,,,,
2026-08-14T13:38:54.523,1786707534.523308,3.184587,1,3000,5.000000,567,3000,0x04,single,250.398057,2300,0.378022,173,0,No fault,,,,,,,,,
2026-08-14T13:38:54.528,1786707534.528589,3.189868,1,3000,5.000000,568,3000,0x04,single,251.034951,2568,0.378022,174,0,No fault,,,,,,,,,
2026-08-14T13:38:54.533,1786707534.533878,3.195157,1,3000,5.000000,569,3000,0x04,single,251.693807,2434,0.319414,174,0,No fault,,,,,,,,,
2026-08-14T13:38:54.539,1786707534.539158,3.200434,1,3000,5.000000,570,3000,0x04,single,252.308739,2345,0.354579,173,0,No fault,,,,,,,,,
2026-08-14T13:38:54.544,1786707534.544430,3.205708,1,3000,5.000000,571,3000,0x04,single,252.945632,2434,0.372161,174,0,No fault,,,,,,,,,
2026-08-14T13:38:54.549,1786707534.549714,3.210998,1,3000,5.000000,572,3000,0x04,single,253.582526,2434,0.366300,174,0,No fault,,,,,,,,,
2026-08-14T13:38:54.555,1786707534.555010,3.216290,1,3000,5.000000,573,3000,0x04,single,254.219420,2657,0.336996,173,0,No fault,,,,,,,,,
2026-08-14T13:38:54.560,1786707534.560284,3.221560,1,3000,5.000000,574,3000,0x04,single,254.834352,2613,0.401465,174,0,No fault,,,,,,,,,
2026-08-14T13:38:54.565,1786707534.565558,3.226838,1,3000,5.000000,575,3000,0x04,single,255.471245,2791,0.366300,174,0,No fault,,,,,,,,,
2026-08-14T13:38:54.570,1786707534.570841,3.232117,1,3000,5.000000,576,3000,0x04,single,256.108139,2747,0.366300,175,0,No fault,,,,,,,,,
2026-08-14T13:38:54.576,1786707534.576114,3.237389,1,3000,5.000000,577,3000,0x04,single,256.723071,2613,0.401465,171,0,No fault,,,,,,,,,
2026-08-14T13:38:54.581,1786707534.581363,3.242647,1,3000,5.000000,578,3000,0x04,single,257.359965,2702,0.331136,174,0,No fault,,,,,,,,,
2026-08-14T13:38:54.591,1786707534.591954,3.253230,1,3000,5.000000,579,3000,0x04,single,257.996858,2747,0.372161,174,0,No fault,,,,,,,,,
2026-08-14T13:38:54.597,1786707534.597241,3.258522,1,3000,5.000000,580,3000,0x04,single,260.105196,2657,0.383883,174,0,No fault,,,,,,,,,
2026-08-14T13:38:54.602,1786707534.602532,3.263810,1,3000,5.000000,581,3000,0x04,single,260.434624,2523,0.360440,171,0,No fault,,,,,,,,,
2026-08-14T13:38:54.607,1786707534.607812,3.269089,1,3000,5.000000,582,3000,0x04,single,261.071518,2434,0.366300,174,0,No fault,,,,,,,,,
2026-08-14T13:38:54.613,1786707534.613077,3.274352,1,3000,5.000000,583,3000,0x04,single,261.708411,2613,0.348718,176,0,No fault,,,,,,,,,
2026-08-14T13:38:54.618,1786707534.618339,3.279614,1,3000,5.000000,584,3000,0x04,single,262.345305,2613,0.342857,174,0,No fault,,,,,,,,,
2026-08-14T13:38:54.623,1786707534.623598,3.284875,1,3000,5.000000,585,3000,0x04,single,262.982199,2657,0.319414,174,0,No fault,,,,,,,,,
2026-08-14T13:38:54.628,1786707534.628865,3.290146,1,3000,5.000000,586,3000,0x04,single,263.641054,2791,0.325275,176,0,No fault,,,,,,,,,
2026-08-14T13:38:54.634,1786707534.634148,3.295424,1,3000,5.000000,587,3000,0x04,single,264.277948,2657,0.319414,173,0,No fault,,,,,,,,,
2026-08-14T13:38:54.639,1786707534.639426,3.300707,1,3000,5.000000,588,3000,0x04,single,264.892880,2434,0.383883,173,0,No fault,,,,,,,,,
2026-08-14T13:38:54.644,1786707534.644712,3.305989,1,3000,5.000000,589,3000,0x04,single,265.529774,2568,0.319414,175,0,No fault,,,,,,,,,
2026-08-14T13:38:54.649,1786707534.649996,3.311275,1,3000,5.000000,590,3000,0x04,single,266.188629,2747,0.331136,171,0,No fault,,,,,,,,,
2026-08-14T13:38:54.655,1786707534.655284,3.316560,1,3000,5.000000,591,3000,0x04,single,266.803561,2568,0.360440,175,0,No fault,,,,,,,,,
2026-08-14T13:38:54.660,1786707534.660676,3.321951,1,3000,5.000000,592,3000,0x04,single,267.462417,2791,0.319414,173,0,No fault,,,,,,,,,
2026-08-14T13:38:54.665,1786707534.665961,3.327237,1,3000,5.000000,593,3000,0x04,single,268.077348,2523,0.336996,174,0,No fault,,,,,,,,,
2026-08-14T13:38:54.671,1786707534.671241,3.332515,1,3000,5.000000,594,3000,0x04,single,268.714242,2613,0.342857,172,0,No fault,,,,,,,,,
2026-08-14T13:38:54.676,1786707534.676516,3.337790,1,3000,5.000000,595,3000,0x04,single,269.373098,2657,0.331136,175,0,No fault,,,,,,,,,
2026-08-14T13:38:54.681,1786707534.681785,3.343062,1,3000,5.000000,596,3000,0x04,single,269.988030,2657,0.348718,177,0,No fault,,,,,,,,,
2026-08-14T13:38:54.687,1786707534.687054,3.348330,1,3000,5.000000,597,3000,0x04,single,270.624923,2657,0.360440,174,0,No fault,,,,,,,,,
2026-08-14T13:38:54.692,1786707534.692328,3.353604,1,3000,5.000000,598,3000,0x04,single,271.261817,2479,0.290110,174,0,No fault,,,,,,,,,
2026-08-14T13:38:54.697,1786707534.697599,3.358875,1,3000,5.000000,599,3000,0x04,single,271.898711,2523,0.342857,172,0,No fault,,,,,,,,,
2026-08-14T13:38:54.702,1786707534.702873,3.364147,1,3000,5.000000,600,3000,0x04,single,272.557566,2613,0.348718,175,0,No fault,,,,,,,,,
2026-08-14T13:38:54.708,1786707534.708164,3.369453,1,3000,5.000000,601,3000,0x04,single,273.172498,2479,0.354579,174,0,No fault,,,,,,,,,
2026-08-14T13:38:54.713,1786707534.713829,3.375133,1,3000,5.000000,602,3000,0x04,single,274.468247,2702,0.319414,173,0,No fault,,,,,,,,,
2026-08-14T13:38:54.719,1786707534.719418,3.380720,1,3000,5.000000,603,3000,0x04,single,275.105141,2657,0.366300,174,0,No fault,,,,,,,,,
2026-08-14T13:38:54.724,1786707534.724838,3.386131,1,3000,5.000000,604,3000,0x04,single,275.720073,2434,0.354579,175,0,No fault,,,,,,,,,
2026-08-14T13:38:54.730,1786707534.730166,3.391456,1,3000,5.000000,605,3000,0x04,single,276.356967,2657,0.372161,176,0,No fault,,,,,,,,,
2026-08-14T13:38:54.735,1786707534.735483,3.396768,1,3000,5.000000,606,3000,0x04,single,276.971899,2389,0.360440,174,0,No fault,,,,,,,,,
2026-08-14T13:38:54.740,1786707534.740777,3.402064,1,3000,5.000000,607,3000,0x04,single,277.608792,2657,0.372161,175,0,No fault,,,,,,,,,
2026-08-14T13:38:54.746,1786707534.746089,3.407365,1,3000,5.000000,608,3000,0x04,single,278.245686,2523,0.413187,174,0,No fault,,,,,,,,,
2026-08-14T13:38:54.752,1786707534.752911,3.414181,1,3000,5.000000,609,3000,0x04,single,278.860618,2523,0.372161,171,0,No fault,,,,,,,,,
2026-08-14T13:38:54.758,1786707534.758122,3.419390,1,3000,5.000000,610,3000,0x04,single,279.475550,2479,0.383883,174,0,No fault,,,,,,,,,
2026-08-14T13:38:54.763,1786707534.763347,3.424627,1,3000,5.000000,611,3000,0x04,single,280.112443,2657,0.383883,174,0,No fault,,,,,,,,,
2026-08-14T13:38:54.769,1786707534.769782,3.431056,1,3000,5.000000,612,3000,0x04,single,281.364269,2434,0.395604,175,0,No fault,,,,,,,,,
2026-08-14T13:38:54.775,1786707534.775129,3.436400,1,3000,5.000000,613,3000,0x04,single,282.001163,2434,0.389744,174,0,No fault,,,,,,,,,
2026-08-14T13:38:54.780,1786707534.780347,3.441628,1,3000,5.000000,614,3000,0x04,single,282.616095,2747,0.360440,174,0,No fault,,,,,,,,,
2026-08-14T13:38:54.796,1786707534.796090,3.457369,1,3000,5.000000,615,3000,0x04,single,283.252988,2479,0.360440,174,0,No fault,,,,,,,,,
2026-08-14T13:38:54.801,1786707534.801359,3.462642,1,3000,5.000000,616,3000,0x04,single,285.383288,2523,0.383883,174,0,No fault,,,,,,,,,
2026-08-14T13:38:54.806,1786707534.806685,3.467964,1,3000,5.000000,617,3000,0x04,single,285.712716,2613,0.366300,174,0,No fault,,,,,,,,,
2026-08-14T13:38:54.811,1786707534.811963,3.473240,1,3000,5.000000,618,3000,0x04,single,286.349609,2702,0.366300,176,0,No fault,,,,,,,,,
2026-08-14T13:38:54.817,1786707534.817227,3.478505,1,3000,5.000000,619,3000,0x04,single,286.986503,2791,0.360440,177,0,No fault,,,,,,,,,
2026-08-14T13:38:54.822,1786707534.822485,3.483763,1,3000,5.000000,620,3000,0x04,single,287.601435,2389,0.372161,174,0,No fault,,,,,,,,,
2026-08-14T13:38:54.827,1786707534.827749,3.489025,1,3000,5.000000,621,3000,0x04,single,288.238329,2657,0.372161,174,0,No fault,,,,,,,,,
2026-08-14T13:38:54.833,1786707534.833062,3.494339,1,3000,5.000000,622,3000,0x04,single,288.875222,2657,0.325275,170,0,No fault,,,,,,,,,
2026-08-14T13:38:54.838,1786707534.838317,3.499594,1,3000,5.000000,623,3000,0x04,single,289.512116,2657,0.366300,174,0,No fault,,,,,,,,,
2026-08-14T13:38:54.843,1786707534.843569,3.504846,1,3000,5.000000,624,3000,0x04,single,290.149010,2523,0.378022,174,0,No fault,,,,,,,,,
2026-08-14T13:38:54.848,1786707534.848822,3.510098,1,3000,5.000000,625,3000,0x04,single,290.785904,2568,0.336996,173,0,No fault,,,,,,,,,
2026-08-14T13:38:54.854,1786707534.854075,3.515352,1,3000,5.000000,626,3000,0x04,single,291.422797,2613,0.348718,172,0,No fault,,,,,,,,,
2026-08-14T13:38:54.859,1786707534.859327,3.520601,1,3000,5.000000,627,3000,0x04,single,292.059691,2791,0.383883,175,0,No fault,,,,,,,,,
2026-08-14T13:38:54.864,1786707534.864578,3.525858,1,3000,5.000000,628,3000,0x04,single,292.696585,2702,0.342857,174,0,No fault,,,,,,,,,
2026-08-14T13:38:54.869,1786707534.869853,3.531134,1,3000,5.000000,629,3000,0x04,single,293.333478,2791,0.383883,175,0,No fault,,,,,,,,,
2026-08-14T13:38:54.875,1786707534.875138,3.536417,1,3000,5.000000,630,3000,0x04,single,293.948410,2613,0.383883,174,0,No fault,,,,,,,,,
2026-08-14T13:38:54.880,1786707534.880414,3.541694,1,3000,5.000000,631,3000,0x04,single,294.585304,2523,0.336996,174,0,No fault,,,,,,,,,
2026-08-14T13:38:54.885,1786707534.885678,3.546955,1,3000,5.000000,632,3000,0x04,single,295.222198,2657,0.389744,174,0,No fault,,,,,,,,,
2026-08-14T13:38:54.890,1786707534.890940,3.552218,1,3000,5.000000,633,3000,0x04,single,295.859091,2702,0.366300,176,0,No fault,,,,,,,,,
2026-08-14T13:38:54.896,1786707534.896204,3.557482,1,3000,5.000000,634,3000,0x04,single,296.474023,2657,0.348718,174,0,No fault,,,,,,,,,
2026-08-14T13:38:54.901,1786707534.901491,3.562768,1,3000,5.000000,635,3000,0x04,single,297.088955,2568,0.348718,176,0,No fault,,,,,,,,,
2026-08-14T13:38:54.906,1786707534.906756,3.568034,1,3000,5.000000,636,3000,0x04,single,297.725849,2479,0.389744,174,0,No fault,,,,,,,,,
2026-08-14T13:38:54.912,1786707534.912082,3.573360,1,3000,5.000000,637,3000,0x04,single,298.362743,2479,0.348718,176,0,No fault,,,,,,,,,
2026-08-14T13:38:54.917,1786707534.917515,3.578792,1,3000,5.000000,638,3000,0x04,single,299.614568,2523,0.366300,175,0,No fault,,,,,,,,,
2026-08-14T13:38:54.922,1786707534.922947,3.584225,1,3000,5.000000,639,3000,0x04,single,300.251462,2702,0.348718,173,0,No fault,,,,,,,,,
2026-08-14T13:38:54.928,1786707534.928222,3.589497,1,3000,5.000000,640,3000,0x04,single,300.888356,2523,0.354579,174,0,No fault,,,,,,,,,
2026-08-14T13:38:54.933,1786707534.933511,3.594789,1,3000,5.000000,641,3000,0x04,single,301.525249,2613,0.389744,176,0,No fault,,,,,,,,,
2026-08-14T13:38:54.938,1786707534.938788,3.600064,1,3000,5.000000,642,3000,0x04,single,302.140181,2613,0.372161,174,0,No fault,,,,,,,,,
2026-08-14T13:38:54.944,1786707534.944065,3.605346,1,3000,5.000000,643,3000,0x04,single,302.777075,2747,0.325275,174,0,No fault,,,,,,,,,
2026-08-14T13:38:54.949,1786707534.949345,3.610623,1,3000,5.000000,644,3000,0x04,single,303.413969,2479,0.354579,174,0,No fault,,,,,,,,,
2026-08-14T13:38:54.954,1786707534.954662,3.615939,1,3000,5.000000,645,3000,0x04,single,304.050862,2657,0.354579,175,0,No fault,,,,,,,,,
2026-08-14T13:38:54.959,1786707534.959957,3.621236,1,3000,5.000000,646,3000,0x04,single,304.687756,2523,0.354579,174,0,No fault,,,,,,,,,
2026-08-14T13:38:54.965,1786707534.965248,3.626525,1,3000,5.000000,647,3000,0x04,single,305.324650,2613,0.383883,174,0,No fault,,,,,,,,,
2026-08-14T13:38:54.970,1786707534.970528,3.631805,1,3000,5.000000,648,3000,0x04,single,305.961543,2523,0.319414,174,0,No fault,,,,,,,,,
2026-08-14T13:38:54.975,1786707534.975813,3.637095,1,3000,5.000000,649,3000,0x04,single,306.576475,2345,0.372161,174,0,No fault,,,,,,,,,
2026-08-14T13:38:54.981,1786707534.981137,3.642432,1,3000,5.000000,650,3000,0x04,single,307.213369,2479,0.348718,175,0,No fault,,,,,,,,,
2026-08-14T13:38:54.986,1786707534.986643,3.647927,1,3000,5.000000,651,3000,0x04,single,307.850263,2345,0.360440,175,0,No fault,,,,,,,,,
2026-08-14T13:38:55.002,1786707535.002294,3.663580,1,3000,5.000000,652,3000,0x04,single,310.266066,2702,0.366300,174,0,No fault,,,,,,,,,
2026-08-14T13:38:55.007,1786707535.007634,3.668919,1,3000,5.000000,653,3000,0x04,single,310.551570,2300,0.413187,173,0,No fault,,,,,,,,,
2026-08-14T13:38:55.012,1786707535.012934,3.674212,1,3000,5.000000,654,3000,0x04,single,310.902960,2479,0.378022,176,0,No fault,,,,,,,,,
2026-08-14T13:38:55.018,1786707535.018222,3.679500,1,3000,5.000000,655,3000,0x04,single,311.539854,2568,0.354579,173,0,No fault,,,,,,,,,
2026-08-14T13:38:55.023,1786707535.023693,3.684975,1,3000,5.000000,656,3000,0x04,single,312.813641,2613,0.383883,176,0,No fault,,,,,,,,,
2026-08-14T13:38:55.028,1786707535.028967,3.690244,1,3000,5.000000,657,3000,0x04,single,313.428573,2479,0.401465,173,0,No fault,,,,,,,,,
2026-08-14T13:38:55.034,1786707535.034402,3.695679,1,3000,5.000000,658,3000,0x04,single,314.043505,2300,0.342857,174,0,No fault,,,,,,,,,
2026-08-14T13:38:55.039,1786707535.039669,3.700942,1,3000,5.000000,659,3000,0x04,single,314.680399,2479,0.354579,175,0,No fault,,,,,,,,,
2026-08-14T13:38:55.044,1786707535.044933,3.706210,1,3000,5.000000,660,3000,0x04,single,315.317292,2568,0.395604,174,0,No fault,,,,,,,,,
2026-08-14T13:38:55.050,1786707535.050188,3.711461,1,3000,5.000000,661,3000,0x04,single,315.954186,2747,0.372161,176,0,No fault,,,,,,,,,
2026-08-14T13:38:55.055,1786707535.055454,3.716731,1,3000,5.000000,662,3000,0x04,single,316.569118,2568,0.378022,174,0,No fault,,,,,,,,,
2026-08-14T13:38:55.060,1786707535.060729,3.722005,1,3000,5.000000,663,3000,0x04,single,317.206012,2791,0.360440,174,0,No fault,,,,,,,,,
2026-08-14T13:38:55.065,1786707535.065993,3.727269,1,3000,5.000000,664,3000,0x04,single,317.842905,2613,0.360440,174,0,No fault,,,,,,,,,
2026-08-14T13:38:55.071,1786707535.071268,3.732544,1,3000,5.000000,665,3000,0x04,single,318.457837,2702,0.383883,174,0,No fault,,,,,,,,,
2026-08-14T13:38:55.076,1786707535.076542,3.737818,1,3000,5.000000,666,3000,0x04,single,319.094731,2791,0.378022,175,0,No fault,,,,,,,,,
2026-08-14T13:38:55.081,1786707535.081820,3.743100,1,3000,5.000000,667,3000,0x04,single,319.709663,2434,0.331136,175,0,No fault,,,,,,,,,
2026-08-14T13:38:55.087,1786707535.087104,3.748380,1,3000,5.000000,668,3000,0x04,single,320.368518,2613,0.342857,174,0,No fault,,,,,,,,,
2026-08-14T13:38:55.092,1786707535.092380,3.753658,1,3000,5.000000,669,3000,0x04,single,320.983450,2613,0.389744,174,0,No fault,,,,,,,,,
2026-08-14T13:38:55.097,1786707535.097663,3.758940,1,3000,5.000000,670,3000,0x04,single,321.620344,2613,0.354579,174,0,No fault,,,,,,,,,
2026-08-14T13:38:55.102,1786707535.102943,3.764218,1,3000,5.000000,671,3000,0x04,single,322.257238,2479,0.348718,173,0,No fault,,,,,,,,,
2026-08-14T13:38:55.108,1786707535.108217,3.769494,1,3000,5.000000,672,3000,0x04,single,322.894131,2613,0.342857,174,0,No fault,,,,,,,,,
2026-08-14T13:38:55.113,1786707535.113533,3.774809,1,3000,5.000000,673,3000,0x04,single,323.552987,2747,0.331136,176,0,No fault,,,,,,,,,
2026-08-14T13:38:55.118,1786707535.118798,3.780074,1,3000,5.000000,674,3000,0x04,single,324.167919,2434,0.325275,178,0,No fault,,,,,,,,,
2026-08-14T13:38:55.124,1786707535.124066,3.785342,1,3000,5.000000,675,3000,0x04,single,324.826774,2747,0.372161,173,0,No fault,,,,,,,,,
2026-08-14T13:38:55.129,1786707535.129338,3.790613,1,3000,5.000000,676,3000,0x04,single,325.441706,2747,0.331136,170,0,No fault,,,,,,,,,
2026-08-14T13:38:55.134,1786707535.134644,3.795920,1,3000,5.000000,677,3000,0x04,single,326.100562,2791,0.301832,174,0,No fault,,,,,,,,,
2026-08-14T13:38:55.139,1786707535.139919,3.801199,1,3000,5.000000,678,3000,0x04,single,326.715494,2434,0.372161,174,0,No fault,,,,,,,,,
2026-08-14T13:38:55.145,1786707535.145210,3.806487,1,3000,5.000000,679,3000,0x04,single,327.374349,2702,0.319414,174,0,No fault,,,,,,,,,
2026-08-14T13:38:55.150,1786707535.150475,3.811754,1,3000,5.000000,680,3000,0x04,single,328.011243,2613,0.331136,174,0,No fault,,,,,,,,,
2026-08-14T13:38:55.155,1786707535.155888,3.817163,1,3000,5.000000,681,3000,0x04,single,328.626175,2657,0.348718,174,0,No fault,,,,,,,,,
2026-08-14T13:38:55.161,1786707535.161151,3.822427,1,3000,5.000000,682,3000,0x04,single,329.285030,2925,0.336996,174,0,No fault,,,,,,,,,
2026-08-14T13:38:55.166,1786707535.166655,3.827933,1,3000,5.000000,683,3000,0x04,single,330.558818,2523,0.372161,174,0,No fault,,,,,,,,,
2026-08-14T13:38:55.172,1786707535.172090,3.833364,1,3000,5.000000,684,3000,0x04,single,331.195712,2747,0.301832,173,0,No fault,,,,,,,,,
2026-08-14T13:38:55.177,1786707535.177349,3.838624,1,3000,5.000000,685,3000,0x04,single,331.810643,2434,0.325275,173,0,No fault,,,,,,,,,
2026-08-14T13:38:55.182,1786707535.182665,3.843942,1,3000,5.000000,686,3000,0x04,single,332.447537,2523,0.383883,173,0,No fault,,,,,,,,,
2026-08-14T13:38:55.187,1786707535.187959,3.849251,1,3000,5.000000,687,3000,0x04,single,333.084431,2434,0.336996,172,0,No fault,,,,,,,,,
2026-08-14T13:38:55.203,1786707535.203586,3.864888,1,3000,5.000000,688,3000,0x04,single,333.743286,2747,0.360440,175,0,No fault,,,,,,,,,
2026-08-14T13:38:55.209,1786707535.209064,3.870357,1,3000,5.000000,689,3000,0x04,single,336.005357,2568,0.354579,176,0,No fault,,,,,,,,,
2026-08-14T13:38:55.214,1786707535.214405,3.875712,1,3000,5.000000,690,3000,0x04,single,336.378709,2657,0.372161,174,0,No fault,,,,,,,,,
2026-08-14T13:38:55.219,1786707535.219846,3.881156,1,3000,5.000000,691,3000,0x04,single,336.993640,2791,0.372161,174,0,No fault,,,,,,,,,
2026-08-14T13:38:55.225,1786707535.225338,3.886635,1,3000,5.000000,692,3000,0x04,single,337.630534,2747,0.395604,173,0,No fault,,,,,,,,,
2026-08-14T13:38:55.230,1786707535.230738,3.892030,1,3000,5.000000,693,3000,0x04,single,338.267428,2791,0.407326,174,0,No fault,,,,,,,,,
2026-08-14T13:38:55.236,1786707535.236082,3.897368,1,3000,5.000000,694,3000,0x04,single,338.882360,2747,0.378022,174,0,No fault,,,,,,,,,
2026-08-14T13:38:55.241,1786707535.241398,3.902719,1,3000,5.000000,695,3000,0x04,single,339.497292,2479,0.378022,174,0,No fault,,,,,,,,,
2026-08-14T13:38:55.246,1786707535.246753,3.908034,1,3000,5.000000,696,3000,0x04,single,340.134185,2702,0.378022,174,0,No fault,,,,,,,,,
2026-08-14T13:38:55.252,1786707535.252017,3.913287,1,3000,5.000000,697,3000,0x04,single,340.771079,2479,0.348718,173,0,No fault,,,,,,,,,
2026-08-14T13:38:55.257,1786707535.257229,3.918497,1,3000,5.000000,698,3000,0x04,single,341.386011,2389,0.372161,175,0,No fault,,,,,,,,,
2026-08-14T13:38:55.262,1786707535.262439,3.923717,1,3000,5.000000,699,3000,0x04,single,342.000943,2434,0.407326,175,0,No fault,,,,,,,,,
2026-08-14T13:38:55.267,1786707535.267706,3.928986,1,3000,5.000000,700,3000,0x04,single,342.615875,2479,0.348718,173,0,No fault,,,,,,,,,
2026-08-14T13:38:55.272,1786707535.272966,3.934236,1,3000,5.000000,701,3000,0x04,single,343.274730,2791,0.372161,174,0,No fault,,,,,,,,,
2026-08-14T13:38:55.278,1786707535.278170,3.939448,1,3000,5.000000,702,3000,0x04,single,343.889662,2479,0.407326,175,0,No fault,,,,,,,,,
2026-08-14T13:38:55.283,1786707535.283437,3.944715,1,3000,5.000000,703,3000,0x04,single,344.504594,2568,0.354579,175,0,No fault,,,,,,,,,
2026-08-14T13:38:55.288,1786707535.288737,3.950023,1,3000,5.000000,704,3000,0x04,single,345.141488,2479,0.407326,174,0,No fault,,,,,,,,,
2026-08-14T13:38:55.294,1786707535.294049,3.955337,1,3000,5.000000,705,3000,0x04,single,345.778381,2747,0.354579,176,0,No fault,,,,,,,,,
2026-08-14T13:38:55.299,1786707535.299375,3.960664,1,3000,5.000000,706,3000,0x04,single,346.415275,2747,0.348718,173,0,No fault,,,,,,,,,
2026-08-14T13:38:55.304,1786707535.304687,3.965967,1,3000,5.000000,707,3000,0x04,single,347.030207,2657,0.360440,173,0,No fault,,,,,,,,,
2026-08-14T13:38:55.309,1786707535.309963,3.971254,1,3000,5.000000,708,3000,0x04,single,347.667101,2702,0.395604,174,0,No fault,,,,,,,,,
2026-08-14T13:38:55.315,1786707535.315478,3.976764,1,3000,5.000000,709,3000,0x04,single,348.962850,2702,0.325275,174,0,No fault,,,,,,,,,
2026-08-14T13:38:55.320,1786707535.320994,3.982283,1,3000,5.000000,710,3000,0x04,single,349.577782,2568,0.389744,174,0,No fault,,,,,,,,,
2026-08-14T13:38:55.326,1786707535.326429,3.987715,1,3000,5.000000,711,3000,0x04,single,350.214675,2479,0.354579,174,0,No fault,,,,,,,,,
2026-08-14T13:38:55.331,1786707535.331728,3.993003,1,3000,5.000000,712,3000,0x04,single,350.829607,2434,0.342857,174,0,No fault,,,,,,,,,
2026-08-14T13:38:55.337,1786707535.337012,3.998289,1,3000,5.000000,713,3000,0x04,single,351.488463,2657,0.366300,174,0,No fault,,,,,,,,,
2026-08-14T13:38:55.342,1786707535.342280,4.003561,1,3000,5.000000,714,3000,0x04,single,352.103395,2434,0.360440,174,0,No fault,,,,,,,,,
2026-08-14T13:38:55.347,1786707535.347579,4.008855,1,3000,5.000000,715,3000,0x04,single,352.740288,2657,0.348718,173,0,No fault,,,,,,,,,
2026-08-14T13:38:55.352,1786707535.352848,4.014128,1,3000,5.000000,716,3000,0x04,single,353.377182,2657,0.407326,174,0,No fault,,,,,,,,,
2026-08-14T13:38:55.358,1786707535.358130,4.019412,1,3000,5.000000,717,3000,0x04,single,353.992114,2613,0.354579,174,0,No fault,,,,,,,,,
2026-08-14T13:38:55.363,1786707535.363433,4.024712,1,3000,5.000000,718,3000,0x04,single,354.629008,2479,0.348718,172,0,No fault,,,,,,,,,
2026-08-14T13:38:55.368,1786707535.368699,4.029977,1,3000,5.000000,719,3000,0x04,single,355.243940,2345,0.383883,171,0,No fault,,,,,,,,,
2026-08-14T13:38:55.373,1786707535.373996,4.035278,1,3000,5.000000,720,3000,0x04,single,355.880833,2568,0.378022,174,0,No fault,,,,,,,,,
2026-08-14T13:38:55.379,1786707535.379315,4.040603,1,3000,5.000000,721,3000,0x04,single,356.517727,2657,0.354579,174,0,No fault,,,,,,,,,
2026-08-14T13:38:55.384,1786707535.384890,4.046176,1,3000,5.000000,722,3000,0x04,single,357.154621,2747,0.360440,174,0,No fault,,,,,,,,,
2026-08-14T13:38:55.390,1786707535.390251,4.051532,1,3000,5.000000,723,3000,0x04,single,357.791514,2791,0.378022,174,0,No fault,,,,,,,,,
2026-08-14T13:38:55.395,1786707535.395550,4.056829,1,3000,5.000000,724,3000,0x04,single,358.428408,2568,0.360440,176,0,No fault,,,,,,,,,
2026-08-14T13:38:55.411,1786707535.411140,4.072421,1,3000,5.000000,725,3000,0x04,single,360.888136,2613,0.366300,176,0,No fault,,,,,,,,,
2026-08-14T13:38:55.416,1786707535.416424,4.077708,1,3000,5.000000,726,3000,0x04,single,361.217563,2657,0.354579,175,0,No fault,,,,,,,,,
2026-08-14T13:38:55.421,1786707535.421729,4.083013,1,3000,5.000000,727,3000,0x04,single,361.546991,2613,0.401465,174,0,No fault,,,,,,,,,
2026-08-14T13:38:55.427,1786707535.427010,4.088288,1,3000,5.000000,728,3000,0x04,single,362.161923,2702,0.372161,176,0,No fault,,,,,,,,,
2026-08-14T13:38:55.432,1786707535.432276,4.093557,1,3000,5.000000,729,3000,0x04,single,362.798817,2523,0.336996,174,0,No fault,,,,,,,,,
2026-08-14T13:38:55.437,1786707535.437548,4.098837,1,3000,5.000000,730,3000,0x04,single,363.435710,2657,0.383883,175,0,No fault,,,,,,,,,
2026-08-14T13:38:55.443,1786707535.443032,4.104309,1,3000,5.000000,731,3000,0x04,single,364.709498,2568,0.378022,175,0,No fault,,,,,,,,,
2026-08-14T13:38:55.448,1786707535.448343,4.109623,1,3000,5.000000,732,3000,0x04,single,365.346392,2613,0.372161,174,0,No fault,,,,,,,,,
2026-08-14T13:38:55.453,1786707535.453793,4.115070,1,3000,5.000000,733,3000,0x04,single,365.983285,2747,0.325275,173,0,No fault,,,,,,,,,
2026-08-14T13:38:55.459,1786707535.459075,4.120353,1,3000,5.000000,734,3000,0x04,single,366.620179,2747,0.372161,173,0,No fault,,,,,,,,,
2026-08-14T13:38:55.464,1786707535.464362,4.125644,1,3000,5.000000,735,3000,0x04,single,367.257073,2434,0.354579,174,0,No fault,,,,,,,,,
2026-08-14T13:38:55.469,1786707535.469657,4.130938,1,3000,5.000000,736,3000,0x04,single,367.893966,2791,0.348718,174,0,No fault,,,,,,,,,
2026-08-14T13:38:55.474,1786707535.474949,4.136227,1,3000,5.000000,737,3000,0x04,single,368.508898,2434,0.348718,175,0,No fault,,,,,,,,,
2026-08-14T13:38:55.480,1786707535.480241,4.141529,1,3000,5.000000,738,3000,0x04,single,369.167754,2613,0.366300,177,0,No fault,,,,,,,,,
2026-08-14T13:38:55.485,1786707535.485783,4.147078,1,3000,5.000000,739,3000,0x04,single,369.782686,2702,0.360440,173,0,No fault,,,,,,,,,
2026-08-14T13:38:55.491,1786707535.491156,4.152440,1,3000,5.000000,740,3000,0x04,single,370.419579,2702,0.378022,174,0,No fault,,,,,,,,,
2026-08-14T13:38:55.496,1786707535.496578,4.157859,1,3000,5.000000,741,3000,0x04,single,371.056473,2747,0.378022,174,0,No fault,,,,,,,,,
2026-08-14T13:38:55.501,1786707535.501857,4.163138,1,3000,5.000000,742,3000,0x04,single,371.671405,2523,0.342857,174,0,No fault,,,,,,,,,
2026-08-14T13:38:55.507,1786707535.507152,4.168432,1,3000,5.000000,743,3000,0x04,single,372.308299,2702,0.372161,173,0,No fault,,,,,,,,,
2026-08-14T13:38:55.512,1786707535.512455,4.173738,1,3000,5.000000,744,3000,0x04,single,372.923231,2479,0.378022,175,0,No fault,,,,,,,,,
2026-08-14T13:38:55.517,1786707535.517749,4.179027,1,3000,5.000000,745,3000,0x04,single,373.560124,2568,0.383883,175,0,No fault,,,,,,,,,
2026-08-14T13:38:55.523,1786707535.523022,4.184303,1,3000,5.000000,746,3000,0x04,single,374.197018,2613,0.342857,175,0,No fault,,,,,,,,,
2026-08-14T13:38:55.528,1786707535.528307,4.189584,1,3000,5.000000,747,3000,0x04,single,374.811950,2523,0.389744,174,0,No fault,,,,,,,,,
2026-08-14T13:38:55.533,1786707535.533572,4.194850,1,3000,5.000000,748,3000,0x04,single,375.448844,2702,0.389744,174,0,No fault,,,,,,,,,
2026-08-14T13:38:55.538,1786707535.538841,4.200118,1,3000,5.000000,749,3000,0x04,single,376.085737,2568,0.348718,173,0,No fault,,,,,,,,,
2026-08-14T13:38:55.544,1786707535.544110,4.205387,1,3000,5.000000,750,3000,0x04,single,376.700669,2702,0.389744,175,0,No fault,,,,,,,,,
2026-08-14T13:38:55.549,1786707535.549382,4.210658,1,3000,5.000000,751,3000,0x04,single,377.337563,2613,0.348718,174,0,No fault,,,,,,,,,
2026-08-14T13:38:55.554,1786707535.554681,4.215962,1,3000,5.000000,752,3000,0x04,single,377.974457,2613,0.354579,176,0,No fault,,,,,,,,,
2026-08-14T13:38:55.559,1786707535.559953,4.221229,1,3000,5.000000,753,3000,0x04,single,378.589388,2523,0.383883,174,0,No fault,,,,,,,,,
2026-08-14T13:38:55.565,1786707535.565232,4.226512,1,3000,5.000000,754,3000,0x04,single,379.226282,2613,0.366300,176,0,No fault,,,,,,,,,
2026-08-14T13:38:55.570,1786707535.570872,4.232155,1,3000,5.000000,755,3000,0x04,single,380.500070,2479,0.383883,177,0,No fault,,,,,,,,,
2026-08-14T13:38:55.576,1786707535.576322,4.237600,1,3000,5.000000,756,3000,0x04,single,381.115001,2613,0.366300,176,0,No fault,,,,,,,,,
2026-08-14T13:38:55.581,1786707535.581612,4.242888,1,3000,5.000000,757,3000,0x04,single,381.751895,2345,0.348718,171,0,No fault,,,,,,,,,
2026-08-14T13:38:55.586,1786707535.586906,4.248184,1,3000,5.000000,758,3000,0x04,single,382.388789,2568,0.360440,175,0,No fault,,,,,,,,,
2026-08-14T13:38:55.592,1786707535.592196,4.253473,1,3000,5.000000,759,3000,0x04,single,383.025683,2523,0.342857,173,0,No fault,,,,,,,,,
2026-08-14T13:38:55.597,1786707535.597527,4.258805,1,3000,5.000000,760,3000,0x04,single,383.662576,2479,0.348718,175,0,No fault,,,,,,,,,
2026-08-14T13:38:55.612,1786707535.612964,4.274240,1,3000,5.000000,761,3000,0x04,single,384.321432,2747,0.342857,171,0,No fault,,,,,,,,,
2026-08-14T13:38:55.618,1786707535.618226,4.279507,1,3000,5.000000,762,3000,0x04,single,386.451732,2747,0.336996,174,0,No fault,,,,,,,,,
2026-08-14T13:38:55.623,1786707535.623502,4.284782,1,3000,5.000000,763,3000,0x04,single,386.781159,2657,0.372161,175,0,No fault,,,,,,,,,
2026-08-14T13:38:55.628,1786707535.628773,4.290052,1,3000,5.000000,764,3000,0x04,single,387.418053,2657,0.319414,174,0,No fault,,,,,,,,,
2026-08-14T13:38:55.634,1786707535.634037,4.295315,1,3000,5.000000,765,3000,0x04,single,388.032985,2300,0.348718,174,0,No fault,,,,,,,,,
2026-08-14T13:38:55.639,1786707535.639296,4.300572,1,3000,5.000000,766,3000,0x04,single,388.691840,2568,0.331136,170,0,No fault,,,,,,,,,
2026-08-14T13:38:55.644,1786707535.644552,4.305833,1,3000,5.000000,767,3000,0x04,single,389.328734,2523,0.336996,175,0,No fault,,,,,,,,,
2026-08-14T13:38:55.649,1786707535.649856,4.311136,1,3000,5.000000,768,3000,0x04,single,389.965628,2523,0.348718,175,0,No fault,,,,,,,,,
2026-08-14T13:38:55.655,1786707535.655185,4.316474,1,3000,5.000000,769,3000,0x04,single,390.602522,2568,0.378022,174,0,No fault,,,,,,,,,
2026-08-14T13:38:55.660,1786707535.660685,4.321979,1,3000,5.000000,770,3000,0x04,single,391.283339,2702,0.307692,175,0,No fault,,,,,,,,,
2026-08-14T13:38:55.666,1786707535.666358,4.327647,1,3000,5.000000,771,3000,0x04,single,391.898271,2523,0.348718,174,0,No fault,,,,,,,,,
2026-08-14T13:38:55.671,1786707535.671710,4.332997,1,3000,5.000000,772,3000,0x04,single,392.535165,2702,0.366300,178,0,No fault,,,,,,,,,
2026-08-14T13:38:55.677,1786707535.677019,4.338299,1,3000,5.000000,773,3000,0x04,single,393.172058,2568,0.348718,175,0,No fault,,,,,,,,,
2026-08-14T13:38:55.682,1786707535.682295,4.343573,1,3000,5.000000,774,3000,0x04,single,393.808952,2568,0.360440,173,0,No fault,,,,,,,,,
2026-08-14T13:38:55.687,1786707535.687778,4.349056,1,3000,5.000000,775,3000,0x04,single,395.060778,2434,0.354579,174,0,No fault,,,,,,,,,
2026-08-14T13:38:55.693,1786707535.693227,4.354510,1,3000,5.000000,776,3000,0x04,single,395.697671,2702,0.372161,174,0,No fault,,,,,,,,,
2026-08-14T13:38:55.698,1786707535.698535,4.359816,1,3000,5.000000,777,3000,0x04,single,396.334565,2791,0.383883,174,0,No fault,,,,,,,,,
2026-08-14T13:38:55.703,1786707535.703817,4.365092,1,3000,5.000000,778,3000,0x04,single,396.949497,2568,0.360440,173,0,No fault,,,,,,,,,
2026-08-14T13:38:55.709,1786707535.709090,4.370365,1,3000,5.000000,779,3000,0x04,single,397.586391,2613,0.378022,174,0,No fault,,,,,,,,,
2026-08-14T13:38:55.714,1786707535.714391,4.375689,1,3000,5.000000,780,3000,0x04,single,398.201322,2434,0.401465,175,0,No fault,,,,,,,,,
2026-08-14T13:38:55.719,1786707535.719748,4.381050,1,3000,5.000000,781,3000,0x04,single,398.838216,2702,0.354579,176,0,No fault,,,,,,,,,
2026-08-14T13:38:55.725,1786707535.725103,4.386405,1,3000,5.000000,782,3000,0x04,single,399.475110,2702,0.389744,174,0,No fault,,,,,,,,,
2026-08-14T13:38:55.730,1786707535.730468,4.391764,1,3000,5.000000,783,3000,0x04,single,400.112004,2791,0.389744,174,0,No fault,,,,,,,,,
2026-08-14T13:38:55.735,1786707535.735795,4.397076,1,3000,5.000000,784,3000,0x04,single,400.726935,2568,0.366300,174,0,No fault,,,,,,,,,
2026-08-14T13:38:55.741,1786707535.741066,4.402348,1,3000,5.000000,785,3000,0x04,single,401.341867,2389,0.378022,175,0,No fault,,,,,,,,,
2026-08-14T13:38:55.746,1786707535.746342,4.407623,1,3000,5.000000,786,3000,0x04,single,402.000723,2657,0.401465,175,0,No fault,,,,,,,,,
2026-08-14T13:38:55.753,1786707535.753496,4.414767,1,3000,5.000000,787,3000,0x04,single,402.615655,2613,0.366300,175,0,No fault,,,,,,,,,
2026-08-14T13:38:55.758,1786707535.758705,4.419972,1,3000,5.000000,788,3000,0x04,single,403.230587,2434,0.360440,174,0,No fault,,,,,,,,,
2026-08-14T13:38:55.763,1786707535.763906,4.425185,1,3000,5.000000,789,3000,0x04,single,403.845518,2434,0.383883,174,0,No fault,,,,,,,,,
2026-08-14T13:38:55.769,1786707535.769362,4.430640,1,3000,5.000000,790,3000,0x04,single,405.097344,2389,0.389744,174,0,No fault,,,,,,,,,
2026-08-14T13:38:55.774,1786707535.774637,4.435907,1,3000,5.000000,791,3000,0x04,single,405.734238,2389,0.372161,174,0,No fault,,,,,,,,,
2026-08-14T13:38:55.779,1786707535.779965,4.441250,1,3000,5.000000,792,3000,0x04,single,406.371131,2479,0.372161,174,0,No fault,,,,,,,,,
2026-08-14T13:38:55.785,1786707535.785284,4.446582,1,3000,5.000000,793,3000,0x04,single,407.008025,2568,0.354579,174,0,No fault,,,,,,,,,
2026-08-14T13:38:55.790,1786707535.790814,4.452094,1,3000,5.000000,794,3000,0x04,single,407.644919,2523,0.378022,174,0,No fault,,,,,,,,,
2026-08-14T13:38:55.796,1786707535.796162,4.457440,1,3000,5.000000,795,3000,0x04,single,408.259851,2523,0.372161,173,0,No fault,,,,,,,,,
2026-08-14T13:38:55.801,1786707535.801706,4.462987,1,3000,5.000000,796,3000,0x04,single,408.896744,2702,0.325275,174,0,No fault,,,,,,,,,
2026-08-14T13:38:55.812,1786707535.812088,4.473367,1,3000,5.000000,797,3000,0x04,single,409.533638,2657,0.378022,176,0,No fault,,,,,,,,,
2026-08-14T13:38:55.817,1786707535.817372,4.478649,1,3000,5.000000,798,3000,0x04,single,411.224701,2657,0.325275,174,0,No fault,,,,,,,,,
2026-08-14T13:38:55.822,1786707535.822663,4.483935,1,3000,5.000000,799,3000,0x04,single,411.554129,2613,0.372161,175,0,No fault,,,,,,,,,
2026-08-14T13:38:55.827,1786707535.827943,4.489216,1,3000,5.000000,800,3000,0x04,single,412.191022,2657,0.348718,174,0,No fault,,,,,,,,,
2026-08-14T13:38:55.833,1786707535.833188,4.494478,1,3000,5.000000,801,3000,0x04,single,412.783992,2211,0.348718,174,0,No fault,,,,,,,,,
2026-08-14T13:38:55.838,1786707535.838521,4.499822,1,3000,5.000000,802,3000,0x04,single,413.442848,2434,0.401465,174,0,No fault,,,,,,,,,
2026-08-14T13:38:55.843,1786707535.843883,4.505168,1,3000,5.000000,803,3000,0x04,single,414.079742,2479,0.342857,174,0,No fault,,,,,,,,,
2026-08-14T13:38:55.849,1786707535.849231,4.510519,1,3000,5.000000,804,3000,0x04,single,414.694673,2345,0.348718,173,0,No fault,,,,,,,,,
2026-08-14T13:38:55.854,1786707535.854549,4.515835,1,3000,5.000000,805,3000,0x04,single,415.331567,2613,0.389744,174,0,No fault,,,,,,,,,
2026-08-14T13:38:55.859,1786707535.859850,4.521132,1,3000,5.000000,806,3000,0x04,single,415.946499,2523,0.360440,174,0,No fault,,,,,,,,,
2026-08-14T13:38:55.865,1786707535.865116,4.526393,1,3000,5.000000,807,3000,0x04,single,416.583393,2568,0.372161,173,0,No fault,,,,,,,,,
2026-08-14T13:38:55.870,1786707535.870371,4.531653,1,3000,5.000000,808,3000,0x04,single,417.198325,2434,0.354579,174,0,No fault,,,,,,,,,
2026-08-14T13:38:55.875,1786707535.875667,4.536947,1,3000,5.000000,809,3000,0x04,single,417.857180,2791,0.378022,174,0,No fault,,,,,,,,,
2026-08-14T13:38:55.880,1786707535.880973,4.542257,1,3000,5.000000,810,3000,0x04,single,418.472112,2791,0.360440,174,0,No fault,,,,,,,,,
2026-08-14T13:38:55.886,1786707535.886266,4.547547,1,3000,5.000000,811,3000,0x04,single,419.087044,2568,0.401465,174,0,No fault,,,,,,,,,
2026-08-14T13:38:55.891,1786707535.891551,4.552825,1,3000,5.000000,812,3000,0x04,single,419.723938,2657,0.348718,175,0,No fault,,,,,,,,,
2026-08-14T13:38:55.896,1786707535.896808,4.558081,1,3000,5.000000,813,3000,0x04,single,420.360831,2657,0.348718,176,0,No fault,,,,,,,,,
2026-08-14T13:38:55.902,1786707535.902064,4.563339,1,3000,5.000000,814,3000,0x04,single,420.975763,2523,0.378022,176,0,No fault,,,,,,,,,
2026-08-14T13:38:55.907,1786707535.907336,4.568611,1,3000,5.000000,815,3000,0x04,single,421.590695,2300,0.383883,174,0,No fault,,,,,,,,,
2026-08-14T13:38:55.912,1786707535.912616,4.573892,1,3000,5.000000,816,3000,0x04,single,422.227589,2479,0.360440,174,0,No fault,,,,,,,,,
2026-08-14T13:38:55.918,1786707535.918033,4.579310,1,3000,5.000000,817,3000,0x04,single,423.501376,2613,0.348718,174,0,No fault,,,,,,,,,
2026-08-14T13:38:55.923,1786707535.923305,4.584580,1,3000,5.000000,818,3000,0x04,single,424.138270,2523,0.348718,175,0,No fault,,,,,,,,,
2026-08-14T13:38:55.928,1786707535.928751,4.590025,1,3000,5.000000,819,3000,0x04,single,424.753202,2345,0.372161,174,0,No fault,,,,,,,,,
2026-08-14T13:38:55.934,1786707535.934010,4.595287,1,3000,5.000000,820,3000,0x04,single,425.412057,2568,0.348718,175,0,No fault,,,,,,,,,
2026-08-14T13:38:55.939,1786707535.939274,4.600550,1,3000,5.000000,821,3000,0x04,single,426.048951,2568,0.325275,177,0,No fault,,,,,,,,,
2026-08-14T13:38:55.944,1786707535.944539,4.605812,1,3000,5.000000,822,3000,0x04,single,426.663883,2613,0.366300,174,0,No fault,,,,,,,,,
2026-08-14T13:38:55.949,1786707535.949796,4.611072,1,3000,5.000000,823,3000,0x04,single,427.300777,2568,0.372161,174,0,No fault,,,,,,,,,
2026-08-14T13:38:55.955,1786707535.955063,4.616344,1,3000,5.000000,824,3000,0x04,single,427.915708,2434,0.354579,174,0,No fault,,,,,,,,,
2026-08-14T13:38:55.960,1786707535.960339,4.621615,1,3000,5.000000,825,3000,0x04,single,428.574564,2702,0.360440,174,0,No fault,,,,,,,,,
2026-08-14T13:38:55.965,1786707535.965596,4.626872,1,3000,5.000000,826,3000,0x04,single,429.211458,2657,0.360440,174,0,No fault,,,,,,,,,
2026-08-14T13:38:55.970,1786707535.970856,4.632132,1,3000,5.000000,827,3000,0x04,single,429.826390,2657,0.354579,174,0,No fault,,,,,,,,,
2026-08-14T13:38:55.976,1786707535.976118,4.637393,1,3000,5.000000,828,3000,0x04,single,430.441321,2479,0.395604,174,0,No fault,,,,,,,,,
2026-08-14T13:38:55.981,1786707535.981417,4.642867,1,3000,5.000000,829,3000,0x04,single,431.056253,2523,0.372161,175,0,No fault,,,,,,,,,
2026-08-14T13:38:55.987,1786707535.987273,4.648564,1,3000,5.000000,830,3000,0x04,single,431.693147,2300,0.325275,174,0,No fault,,,,,,,,,
2026-08-14T13:38:55.992,1786707535.992614,4.653901,1,3000,5.000000,831,3000,0x04,single,432.330041,2523,0.383883,174,0,No fault,,,,,,,,,
2026-08-14T13:38:55.997,1786707535.997907,4.659188,1,3000,5.000000,832,3000,0x04,single,432.944973,2434,0.401465,175,0,No fault,,,,,,,,,
2026-08-14T13:38:56.003,1786707536.003183,4.664464,1,3000,5.000000,833,3000,0x04,single,433.581866,2434,0.383883,173,0,No fault,,,,,,,,,
2026-08-14T13:38:56.008,1786707536.008453,4.669729,1,3000,5.000000,834,3000,0x04,single,434.218760,2523,0.342857,174,0,No fault,,,,,,,,,
2026-08-14T13:38:56.024,1786707536.024291,4.685584,1,3000,5.000000,835,3000,0x04,single,436.744373,2568,0.413187,174,0,No fault,,,,,,,,,
2026-08-14T13:38:56.029,1786707536.029635,4.690918,1,3000,5.000000,836,3000,0x04,single,437.051839,2613,0.372161,172,0,No fault,,,,,,,,,
2026-08-14T13:38:56.034,1786707536.034943,4.696222,1,3000,5.000000,837,3000,0x04,single,437.403229,2568,0.354579,175,0,No fault,,,,,,,,,
2026-08-14T13:38:56.040,1786707536.040232,4.701510,1,3000,5.000000,838,3000,0x04,single,438.018160,2300,0.378022,174,0,No fault,,,,,,,,,
2026-08-14T13:38:56.045,1786707536.045515,4.706803,1,3000,5.000000,839,3000,0x04,single,438.655054,2523,0.378022,174,0,No fault,,,,,,,,,
2026-08-14T13:38:56.051,1786707536.051003,4.712282,1,3000,5.000000,840,3000,0x04,single,439.928842,2523,0.366300,174,0,No fault,,,,,,,,,
2026-08-14T13:38:56.056,1786707536.056279,4.717554,1,3000,5.000000,841,3000,0x04,single,440.565735,2657,0.360440,175,0,No fault,,,,,,,,,
2026-08-14T13:38:56.061,1786707536.061700,4.722976,1,3000,5.000000,842,3000,0x04,single,441.202629,2523,0.336996,178,0,No fault,,,,,,,,,
2026-08-14T13:38:56.066,1786707536.066965,4.728244,1,3000,5.000000,843,3000,0x04,single,441.839523,2657,0.360440,173,0,No fault,,,,,,,,,
2026-08-14T13:38:56.072,1786707536.072250,4.733526,1,3000,5.000000,844,3000,0x04,single,442.476416,2657,0.366300,172,0,No fault,,,,,,,,,
2026-08-14T13:38:56.077,1786707536.077537,4.738815,1,3000,5.000000,845,3000,0x04,single,443.113310,2568,0.295971,174,0,No fault,,,,,,,,,
2026-08-14T13:38:56.082,1786707536.082810,4.744086,1,3000,5.000000,846,3000,0x04,single,443.750204,2791,0.360440,174,0,No fault,,,,,,,,,
2026-08-14T13:38:56.088,1786707536.088075,4.749352,1,3000,5.000000,847,3000,0x04,single,444.409059,2791,0.348718,174,0,No fault,,,,,,,,,
2026-08-14T13:38:56.093,1786707536.093339,4.754616,1,3000,5.000000,848,3000,0x04,single,445.002029,2479,0.348718,174,0,No fault,,,,,,,,,
2026-08-14T13:38:56.098,1786707536.098627,4.759900,1,3000,5.000000,849,3000,0x04,single,445.638923,2613,0.331136,174,0,No fault,,,,,,,,,
2026-08-14T13:38:56.103,1786707536.103894,4.765170,1,3000,5.000000,850,3000,0x04,single,446.275817,2300,0.360440,174,0,No fault,,,,,,,,,
2026-08-14T13:38:56.109,1786707536.109166,4.770443,1,3000,5.000000,851,3000,0x04,single,446.912711,2479,0.348718,175,0,No fault,,,,,,,,,
2026-08-14T13:38:56.114,1786707536.114425,4.775706,1,3000,5.000000,852,3000,0x04,single,447.571566,2702,0.336996,174,0,No fault,,,,,,,,,
2026-08-14T13:38:56.119,1786707536.119701,4.780981,1,3000,5.000000,853,3000,0x04,single,448.186498,2702,0.366300,174,0,No fault,,,,,,,,,
2026-08-14T13:38:56.124,1786707536.124963,4.786236,1,3000,5.000000,854,3000,0x04,single,448.823392,2657,0.301832,173,0,No fault,,,,,,,,,
2026-08-14T13:38:56.130,1786707536.130214,4.791489,1,3000,5.000000,855,3000,0x04,single,449.460285,2434,0.336996,174,0,No fault,,,,,,,,,
2026-08-14T13:38:56.135,1786707536.135474,4.796751,1,3000,5.000000,856,3000,0x04,single,450.097179,2434,0.372161,174,0,No fault,,,,,,,,,
2026-08-14T13:38:56.140,1786707536.140735,4.802014,1,3000,5.000000,857,3000,0x04,single,450.734073,2657,0.336996,174,0,No fault,,,,,,,,,
2026-08-14T13:38:56.146,1786707536.146012,4.807300,1,3000,5.000000,858,3000,0x04,single,451.370967,2389,0.307692,174,0,No fault,,,,,,,,,
2026-08-14T13:38:56.151,1786707536.151330,4.812620,1,3000,5.000000,859,3000,0x04,single,452.007860,2523,0.354579,170,0,No fault,,,,,,,,,
2026-08-14T13:38:56.156,1786707536.156745,4.818028,1,3000,5.000000,860,3000,0x04,single,452.644754,2613,0.336996,174,0,No fault,,,,,,,,,
2026-08-14T13:38:56.162,1786707536.162045,4.823326,1,3000,5.000000,861,3000,0x04,single,453.281648,2434,0.360440,174,0,No fault,,,,,,,,,
2026-08-14T13:38:56.167,1786707536.167330,4.828609,1,3000,5.000000,862,3000,0x04,single,453.918541,2613,0.372161,174,0,No fault,,,,,,,,,
2026-08-14T13:38:56.172,1786707536.172614,4.833892,1,3000,5.000000,863,3000,0x04,single,454.555435,2523,0.331136,176,0,No fault,,,,,,,,,
2026-08-14T13:38:56.177,1786707536.177880,4.839160,1,3000,5.000000,864,3000,0x04,single,455.192329,2747,0.360440,175,0,No fault,,,,,,,,,
2026-08-14T13:38:56.183,1786707536.183153,4.844431,1,3000,5.000000,865,3000,0x04,single,455.807261,2702,0.366300,174,0,No fault,,,,,,,,,
2026-08-14T13:38:56.188,1786707536.188434,4.849713,1,3000,5.000000,866,3000,0x04,single,456.444154,2613,0.372161,174,0,No fault,,,,,,,,,
2026-08-14T13:38:56.193,1786707536.193939,4.855219,1,3000,5.000000,867,3000,0x04,single,457.695980,2479,0.407326,174,0,No fault,,,,,,,,,
2026-08-14T13:38:56.199,1786707536.199406,4.860690,1,3000,5.000000,868,3000,0x04,single,458.332874,2479,0.389744,172,0,No fault,,,,,,,,,
2026-08-14T13:38:56.204,1786707536.204707,4.865987,1,3000,5.000000,869,3000,0x04,single,458.969767,2479,0.378022,174,0,No fault,,,,,,,,,
2026-08-14T13:38:56.209,1786707536.209981,4.871260,1,3000,5.000000,870,3000,0x04,single,459.584699,2434,0.383883,174,0,No fault,,,,,,,,,
2026-08-14T13:38:56.225,1786707536.225909,4.887200,1,3000,5.000000,871,3000,0x04,single,460.199631,2523,0.354579,174,0,No fault,,,,,,,,,
2026-08-14T13:38:56.231,1786707536.231682,4.892979,1,3000,5.000000,872,3000,0x04,single,462.351893,2479,0.383883,174,0,No fault,,,,,,,,,
2026-08-14T13:38:56.237,1786707536.237073,4.898370,1,3000,5.000000,873,3000,0x04,single,462.747206,2568,0.348718,175,0,No fault,,,,,,,,,
2026-08-14T13:38:56.242,1786707536.242398,4.903694,1,3000,5.000000,874,3000,0x04,single,463.406062,2702,0.401465,174,0,No fault,,,,,,,,,
2026-08-14T13:38:56.247,1786707536.247726,4.909005,1,3000,5.000000,875,3000,0x04,single,463.999032,2434,0.360440,174,0,No fault,,,,,,,,,
2026-08-14T13:38:56.253,1786707536.253004,4.914277,1,3000,5.000000,876,3000,0x04,single,464.635925,2657,0.383883,175,0,No fault,,,,,,,,,
2026-08-14T13:38:56.258,1786707536.258219,4.919491,1,3000,5.000000,877,3000,0x04,single,465.250857,2568,0.407326,174,0,No fault,,,,,,,,,
2026-08-14T13:38:56.263,1786707536.263451,4.924732,1,3000,5.000000,878,3000,0x04,single,465.887751,2568,0.342857,174,0,No fault,,,,,,,,,
2026-08-14T13:38:56.270,1786707536.270036,4.931320,1,3000,5.000000,879,3000,0x04,single,466.524645,2747,0.348718,174,0,No fault,,,,,,,,,
2026-08-14T13:38:56.275,1786707536.275328,4.936607,1,3000,5.000000,880,3000,0x04,single,467.161538,2568,0.372161,174,0,No fault,,,,,,,,,
2026-08-14T13:38:56.280,1786707536.280784,4.942064,1,3000,5.000000,881,3000,0x04,single,468.413364,2657,0.348718,176,0,No fault,,,,,,,,,
2026-08-14T13:38:56.286,1786707536.286076,4.947369,1,3000,5.000000,882,3000,0x04,single,469.050258,2657,0.354579,174,0,No fault,,,,,,,,,
2026-08-14T13:38:56.291,1786707536.291512,4.952792,1,3000,5.000000,883,3000,0x04,single,469.709113,2523,0.360440,174,0,No fault,,,,,,,,,
2026-08-14T13:38:56.296,1786707536.296803,4.958081,1,3000,5.000000,884,3000,0x04,single,470.324045,2523,0.360440,175,0,No fault,,,,,,,,,
2026-08-14T13:38:56.302,1786707536.302082,4.963361,1,3000,5.000000,885,3000,0x04,single,470.938977,2479,0.360440,174,0,No fault,,,,,,,,,
2026-08-14T13:38:56.307,1786707536.307360,4.968638,1,3000,5.000000,886,3000,0x04,single,471.575871,2300,0.354579,174,0,No fault,,,,,,,,,
2026-08-14T13:38:56.312,1786707536.312634,4.973910,1,3000,5.000000,887,3000,0x04,single,472.234726,2613,0.348718,174,0,No fault,,,,,,,,,
2026-08-14T13:38:56.317,1786707536.317898,4.979175,1,3000,5.000000,888,3000,0x04,single,472.849658,2479,0.366300,174,0,No fault,,,,,,,,,
2026-08-14T13:38:56.323,1786707536.323238,4.984521,1,3000,5.000000,889,3000,0x04,single,473.486552,2657,0.401465,174,0,No fault,,,,,,,,,
2026-08-14T13:38:56.328,1786707536.328542,4.989819,1,3000,5.000000,890,3000,0x04,single,474.123445,2657,0.325275,174,0,No fault,,,,,,,,,
2026-08-14T13:38:56.333,1786707536.333816,4.995094,1,3000,5.000000,891,3000,0x04,single,474.738377,2345,0.360440,174,0,No fault,,,,,,,,,
2026-08-14T13:38:56.339,1786707536.339087,5.000362,1,3000,5.000000,892,3000,0x04,single,475.375271,2434,0.395604,174,0,No fault,,,,,,,,,
2026-08-14T13:38:56.351,1786707536.351122,5.012413,2,0,0.800000,1,0,0x04,single,476.649058,2836,0.383883,174,0,No fault,,,,,,,,,
2026-08-14T13:38:56.356,1786707536.356794,5.018118,2,0,0.800000,2,0,0x04,single,477.132219,2523,0.348718,174,0,No fault,,,,,,,,,
2026-08-14T13:38:56.362,1786707536.362981,5.024274,2,0,0.800000,3,0,0x04,single,477.505571,22,-0.630037,174,0,No fault,,,,,,,,,
2026-08-14T13:38:56.368,1786707536.368411,5.029694,2,0,0.800000,4,0,0x04,single,477.461647,-156,0.002930,174,0,No fault,,,,,,,,,
2026-08-14T13:38:56.373,1786707536.373747,5.035187,2,0,0.800000,5,0,0x04,single,477.395761,-290,0.149451,174,0,No fault,,,,,,,,,
2026-08-14T13:38:56.379,1786707536.379224,5.040516,2,0,0.800000,6,0,0x04,single,477.351838,-201,0.155311,175,0,No fault,,,,,,,,,
2026-08-14T13:38:56.384,1786707536.384582,5.045868,2,0,0.800000,7,0,0x04,single,477.329876,-156,0.114286,174,0,No fault,,,,,,,,,
2026-08-14T13:38:56.389,1786707536.389921,5.051202,2,0,0.800000,8,0,0x04,single,477.329876,22,0.073260,174,0,No fault,,,,,,,,,
2026-08-14T13:38:56.395,1786707536.395230,5.056509,2,0,0.800000,9,0,0x04,single,477.329876,22,0.014652,174,0,No fault,,,,,,,,,
2026-08-14T13:38:56.400,1786707536.400513,5.061793,2,0,0.800000,10,0,0x04,single,477.329876,-22,0.002930,174,0,No fault,,,,,,,,,
2026-08-14T13:38:56.405,1786707536.405816,5.067105,2,0,0.800000,11,0,0x04,single,477.329876,156,-0.026374,174,0,No fault,,,,,,,,,
2026-08-14T13:38:56.411,1786707536.411180,5.072467,2,0,0.800000,12,0,0x04,single,477.307914,-112,-0.002930,174,0,No fault,,,,,,,,,
2026-08-14T13:38:56.416,1786707536.416516,5.077801,2,0,0.800000,13,0,0x04,single,477.307914,-22,-0.002930,175,0,No fault,,,,,,,,,
2026-08-14T13:38:56.432,1786707536.432006,5.093298,2,0,0.800000,14,0,0x04,single,477.307914,-22,-0.026374,176,0,No fault,,,,,,,,,
2026-08-14T13:38:56.437,1786707536.437374,5.098663,2,0,0.800000,15,0,0x04,single,477.307914,67,-0.026374,174,0,No fault,,,,,,,,,
2026-08-14T13:38:56.442,1786707536.442771,5.104056,2,0,0.800000,16,0,0x04,single,477.307914,67,-0.038095,173,0,No fault,,,,,,,,,
2026-08-14T13:38:56.448,1786707536.448091,5.109373,2,0,0.800000,17,0,0x04,single,477.307914,-156,-0.038095,174,0,No fault,,,,,,,,,
2026-08-14T13:38:56.453,1786707536.453376,5.114655,2,0,0.800000,18,0,0x04,single,477.307914,67,-0.038095,171,0,No fault,,,,,,,,,
2026-08-14T13:38:56.458,1786707536.458685,5.119963,2,0,0.800000,19,0,0x04,single,477.285952,-201,-0.038095,174,0,No fault,,,,,,,,,
2026-08-14T13:38:56.463,1786707536.463959,5.125236,2,0,0.800000,20,0,0x04,single,477.307914,-112,-0.032234,174,0,No fault,,,,,,,,,
2026-08-14T13:38:56.469,1786707536.469230,5.130509,2,0,0.800000,21,0,0x04,single,477.307914,22,-0.002930,174,0,No fault,,,,,,,,,
2026-08-14T13:38:56.474,1786707536.474504,5.135783,2,0,0.800000,22,0,0x04,single,477.285952,-112,-0.043956,174,0,No fault,,,,,,,,,
2026-08-14T13:38:56.480,1786707536.480031,5.141319,2,0,0.800000,23,0,0x04,single,477.307914,67,-0.026374,174,0,No fault,,,,,,,,,
2026-08-14T13:38:56.485,1786707536.485554,5.146857,2,0,0.800000,24,0,0x04,single,477.285952,-112,-0.043956,174,0,No fault,,,,,,,,,
2026-08-14T13:38:56.491,1786707536.491144,5.152431,2,0,0.800000,25,0,0x04,single,477.285952,-246,-0.049817,176,0,No fault,,,,,,,,,
2026-08-14T13:38:56.496,1786707536.496464,5.157744,2,0,0.800000,26,0,0x04,single,477.307914,67,-0.049817,175,0,No fault,,,,,,,,,
2026-08-14T13:38:56.501,1786707536.501757,5.163034,2,0,0.800000,27,0,0x04,single,477.285952,-67,-0.032234,175,0,No fault,,,,,,,,,
2026-08-14T13:38:56.508,1786707536.508227,5.169506,2,0,0.800000,28,0,0x04,single,477.285952,-22,-0.038095,174,0,No fault,,,,,,,,,
2026-08-14T13:38:56.513,1786707536.513516,5.174792,2,0,0.800000,29,0,0x04,single,477.285952,112,-0.043956,174,0,No fault,,,,,,,,,
2026-08-14T13:38:56.518,1786707536.518785,5.180060,2,0,0.800000,30,0,0x04,single,477.285952,112,-0.043956,174,0,No fault,,,,,,,,,
2026-08-14T13:38:56.524,1786707536.524055,5.185328,2,0,0.800000,31,0,0x04,single,477.285952,-22,-0.043956,175,0,No fault,,,,,,,,,
2026-08-14T13:38:56.529,1786707536.529310,5.190582,2,0,0.800000,32,0,0x04,single,477.307914,156,-0.049817,175,0,No fault,,,,,,,,,
2026-08-14T13:38:56.534,1786707536.534609,5.195886,2,0,0.800000,33,0,0x04,single,477.285952,67,-0.032234,174,0,No fault,,,,,,,,,
2026-08-14T13:38:56.539,1786707536.539881,5.201158,2,0,0.800000,34,0,0x04,single,477.285952,112,-0.043956,174,0,No fault,,,,,,,,,
2026-08-14T13:38:56.545,1786707536.545151,5.206428,2,0,0.800000,35,0,0x04,single,477.285952,-201,-0.032234,177,0,No fault,,,,,,,,,
2026-08-14T13:38:56.550,1786707536.550422,5.211698,2,0,0.800000,36,0,0x04,single,477.285952,-67,-0.038095,176,0,No fault,,,,,,,,,
2026-08-14T13:38:56.555,1786707536.555709,5.216987,2,0,0.800000,37,0,0x04,single,477.285952,112,-0.055678,174,0,No fault,,,,,,,,,
2026-08-14T13:38:56.560,1786707536.560992,5.222268,2,0,0.800000,38,0,0x04,single,477.285952,-156,-0.073260,174,0,No fault,,,,,,,,,
2026-08-14T13:38:56.566,1786707536.566279,5.227556,2,0,0.800000,39,0,0x04,single,477.285952,-22,-0.038095,172,0,No fault,,,,,,,,,
2026-08-14T13:38:56.571,1786707536.571542,5.232816,2,0,0.800000,40,0,0x04,single,477.285952,67,-0.032234,172,0,No fault,,,,,,,,,
2026-08-14T13:38:56.577,1786707536.577056,5.238341,2,0,0.800000,41,0,0x04,single,477.263990,-290,-0.032234,175,0,No fault,,,,,,,,,
2026-08-14T13:38:56.582,1786707536.582643,5.243928,2,0,0.800000,42,0,0x04,single,477.285952,-112,-0.038095,175,0,No fault,,,,,,,,,
2026-08-14T13:38:56.587,1786707536.587926,5.249203,2,0,0.800000,43,0,0x04,single,477.285952,-156,-0.055678,175,0,No fault,,,,,,,,,
2026-08-14T13:38:56.593,1786707536.593197,5.254471,2,0,0.800000,44,0,0x04,single,477.285952,156,-0.032234,176,0,No fault,,,,,,,,,
2026-08-14T13:38:56.598,1786707536.598468,5.259750,2,0,0.800000,45,0,0x04,single,477.285952,112,-0.043956,177,0,No fault,,,,,,,,,
2026-08-14T13:38:56.603,1786707536.603803,5.265102,2,0,0.800000,46,0,0x04,single,477.285952,22,-0.049817,174,0,No fault,,,,,,,,,
2026-08-14T13:38:56.609,1786707536.609146,5.270442,2,0,0.800000,47,0,0x04,single,477.285952,-201,-0.049817,174,0,No fault,,,,,,,,,
2026-08-14T13:38:56.614,1786707536.614452,5.275736,2,0,0.800000,48,0,0x04,single,477.285952,156,-0.055678,174,0,No fault,,,,,,,,,
2026-08-14T13:38:56.619,1786707536.619739,5.281017,2,0,0.800000,49,0,0x04,single,477.285952,67,-0.032234,174,0,No fault,,,,,,,,,
2026-08-14T13:38:56.635,1786707536.635197,5.296488,2,0,0.800000,50,0,0x04,single,477.263990,-201,-0.026374,174,0,No fault,,,,,,,,,
2026-08-14T13:38:56.640,1786707536.640518,5.301808,2,0,0.800000,51,0,0x04,single,477.285952,112,-0.043956,175,0,No fault,,,,,,,,,
2026-08-14T13:38:56.645,1786707536.645820,5.307108,2,0,0.800000,52,0,0x04,single,477.285952,-67,-0.038095,171,0,No fault,,,,,,,,,
2026-08-14T13:38:56.651,1786707536.651109,5.312391,2,0,0.800000,53,0,0x04,single,477.285952,22,-0.049817,174,0,No fault,,,,,,,,,
2026-08-14T13:38:56.656,1786707536.656390,5.317667,2,0,0.800000,54,0,0x04,single,477.285952,-22,-0.026374,174,0,No fault,,,,,,,,,
2026-08-14T13:38:56.661,1786707536.661644,5.322920,2,0,0.800000,55,0,0x04,single,477.285952,-22,-0.043956,174,0,No fault,,,,,,,,,
2026-08-14T13:38:56.666,1786707536.666895,5.328170,2,0,0.800000,56,0,0x04,single,477.285952,112,-0.043956,174,0,No fault,,,,,,,,,
2026-08-14T13:38:56.672,1786707536.672155,5.333432,2,0,0.800000,57,0,0x04,single,477.263990,-201,-0.043956,174,0,No fault,,,,,,,,,
2026-08-14T13:38:56.677,1786707536.677417,5.338721,2,0,0.800000,58,0,0x04,single,477.285952,67,-0.032234,174,0,No fault,,,,,,,,,
2026-08-14T13:38:56.682,1786707536.682714,5.343990,2,0,0.800000,59,0,0x04,single,477.285952,67,-0.026374,174,0,No fault,,,,,,,,,
2026-08-14T13:38:56.688,1786707536.688098,5.349373,2,0,0.800000,60,0,0x04,single,477.285952,-22,-0.032234,175,0,No fault,,,,,,,,,
2026-08-14T13:38:56.693,1786707536.693350,5.354627,2,0,0.800000,61,0,0x04,single,477.285952,67,-0.038095,174,0,No fault,,,,,,,,,
2026-08-14T13:38:56.698,1786707536.698626,5.359901,2,0,0.800000,62,0,0x04,single,477.285952,-22,-0.043956,174,0,No fault,,,,,,,,,
2026-08-14T13:38:56.703,1786707536.703877,5.365154,2,0,0.800000,63,0,0x04,single,477.285952,-67,-0.061538,174,0,No fault,,,,,,,,,
2026-08-14T13:38:56.709,1786707536.709139,5.370415,2,0,0.800000,64,0,0x04,single,477.263990,-201,-0.038095,175,0,No fault,,,,,,,,,
2026-08-14T13:38:56.714,1786707536.714425,5.375703,2,0,0.800000,65,0,0x04,single,477.285952,-112,-0.049817,175,0,No fault,,,,,,,,,
2026-08-14T13:38:56.719,1786707536.719732,5.381022,2,0,0.800000,66,0,0x04,single,477.285952,-67,-0.043956,174,0,No fault,,,,,,,,,
2026-08-14T13:38:56.725,1786707536.725084,5.386381,2,0,0.800000,67,0,0x04,single,477.285952,22,-0.026374,173,0,No fault,,,,,,,,,
2026-08-14T13:38:56.730,1786707536.730432,5.391728,2,0,0.800000,68,0,0x04,single,477.285952,-112,-0.061538,174,0,No fault,,,,,,,,,
2026-08-14T13:38:56.735,1786707536.735764,5.397047,2,0,0.800000,69,0,0x04,single,477.263990,-201,-0.032234,173,0,No fault,,,,,,,,,
2026-08-14T13:38:56.741,1786707536.741075,5.402369,2,0,0.800000,70,0,0x04,single,477.285952,22,-0.026374,173,0,No fault,,,,,,,,,
2026-08-14T13:38:56.746,1786707536.746815,5.408128,2,0,0.800000,71,0,0x04,single,477.285952,67,-0.032234,174,0,No fault,,,,,,,,,
2026-08-14T13:38:56.752,1786707536.752305,5.413582,2,0,0.800000,72,0,0x04,single,477.285952,112,-0.067399,174,0,No fault,,,,,,,,,
2026-08-14T13:38:56.757,1786707536.757625,5.418935,2,0,0.800000,73,0,0x04,single,477.285952,-22,-0.032234,174,0,No fault,,,,,,,,,
2026-08-14T13:38:56.763,1786707536.763034,5.424316,2,0,0.800000,74,0,0x04,single,477.285952,22,-0.026374,175,0,No fault,,,,,,,,,
2026-08-14T13:38:56.768,1786707536.768918,5.430194,2,0,0.800000,75,0,0x04,single,477.285952,-22,-0.061538,174,0,No fault,,,,,,,,,
2026-08-14T13:38:56.774,1786707536.774198,5.435474,2,0,0.800000,76,0,0x04,single,477.285952,112,-0.020513,174,0,No fault,,,,,,,,,
2026-08-14T13:38:56.779,1786707536.779500,5.440779,2,0,0.800000,77,0,0x04,single,477.263990,-67,-0.055678,174,0,No fault,,,,,,,,,
2026-08-14T13:38:56.784,1786707536.784783,5.446056,2,0,0.800000,78,0,0x04,single,477.285952,67,-0.055678,174,0,No fault,,,,,,,,,
2026-08-14T13:38:56.790,1786707536.790030,5.451303,2,0,0.800000,79,0,0x04,single,477.263990,-112,-0.032234,172,0,No fault,,,,,,,,,
2026-08-14T13:38:56.795,1786707536.795268,5.456539,2,0,0.800000,80,0,0x04,single,477.263990,-112,-0.043956,175,0,No fault,,,,,,,,,
2026-08-14T13:38:56.800,1786707536.800498,5.461768,2,0,0.800000,81,0,0x04,single,477.285952,22,-0.020513,175,0,No fault,,,,,,,,,
2026-08-14T13:38:56.805,1786707536.805731,5.467001,2,0,0.800000,82,0,0x04,single,477.285952,-22,-0.043956,174,0,No fault,,,,,,,,,
2026-08-14T13:38:56.810,1786707536.810960,5.472229,2,0,0.800000,83,0,0x04,single,477.263990,-156,-0.020513,174,0,No fault,,,,,,,,,
2026-08-14T13:38:56.816,1786707536.816186,5.477455,2,0,0.800000,84,0,0x04,single,477.263990,-156,-0.049817,174,0,No fault,,,,,,,,,
2026-08-14T13:38:56.821,1786707536.821409,5.482677,2,0,0.800000,85,0,0x04,single,477.285952,22,-0.049817,174,0,No fault,,,,,,,,,
2026-08-14T13:38:56.836,1786707536.836852,5.498123,2,0,0.800000,86,0,0x04,single,477.285952,-22,-0.043956,174,0,No fault,,,,,,,,,
2026-08-14T13:38:56.842,1786707536.842081,5.503351,2,0,0.800000,87,0,0x04,single,477.263990,-246,-0.038095,174,0,No fault,,,,,,,,,
2026-08-14T13:38:56.847,1786707536.847323,5.508598,2,0,0.800000,88,0,0x04,single,477.285952,22,-0.049817,174,0,No fault,,,,,,,,,
2026-08-14T13:38:56.852,1786707536.852590,5.513858,2,0,0.800000,89,0,0x04,single,477.263990,-290,-0.043956,175,0,No fault,,,,,,,,,
2026-08-14T13:38:56.857,1786707536.857834,5.519104,2,0,0.800000,90,0,0x04,single,477.263990,-112,-0.043956,175,0,No fault,,,,,,,,,
2026-08-14T13:38:56.863,1786707536.863128,5.524398,2,0,0.800000,91,0,0x04,single,477.285952,67,-0.055678,175,0,No fault,,,,,,,,,
2026-08-14T13:38:56.868,1786707536.868452,5.529746,2,0,0.800000,92,0,0x04,single,477.285952,246,-0.026374,175,0,No fault,,,,,,,,,
2026-08-14T13:38:56.873,1786707536.873833,5.535125,2,0,0.800000,93,0,0x04,single,477.263990,-112,-0.043956,173,0,No fault,,,,,,,,,
2026-08-14T13:38:56.879,1786707536.879174,5.540444,2,0,0.800000,94,0,0x04,single,477.285952,22,-0.049817,174,0,No fault,,,,,,,,,
2026-08-14T13:38:56.884,1786707536.884418,5.545687,2,0,0.800000,95,0,0x04,single,477.263990,22,-0.026374,176,0,No fault,,,,,,,,,
2026-08-14T13:38:56.889,1786707536.889768,5.551038,2,0,0.800000,96,0,0x04,single,477.285952,67,-0.043956,174,0,No fault,,,,,,,,,
2026-08-14T13:38:56.895,1786707536.895122,5.556392,2,0,0.800000,97,0,0x04,single,477.285952,22,-0.043956,174,0,No fault,,,,,,,,,
2026-08-14T13:38:56.900,1786707536.900456,5.561726,2,0,0.800000,98,0,0x04,single,477.263990,-156,-0.043956,170,0,No fault,,,,,,,,,
2026-08-14T13:38:56.905,1786707536.905677,5.566946,2,0,0.800000,99,0,0x04,single,477.285952,156,-0.043956,174,0,No fault,,,,,,,,,
2026-08-14T13:38:56.910,1786707536.910900,5.572169,2,0,0.800000,100,0,0x04,single,477.263990,-201,-0.049817,173,0,No fault,,,,,,,,,
2026-08-14T13:38:56.916,1786707536.916119,5.577388,2,0,0.800000,101,0,0x04,single,477.285952,112,-0.038095,174,0,No fault,,,,,,,,,
2026-08-14T13:38:56.921,1786707536.921339,5.582608,2,0,0.800000,102,0,0x04,single,477.263990,-22,-0.055678,174,0,No fault,,,,,,,,,
2026-08-14T13:38:56.926,1786707536.926589,5.587858,2,0,0.800000,103,0,0x04,single,477.263990,-112,-0.038095,175,0,No fault,,,,,,,,,
2026-08-14T13:38:56.931,1786707536.931811,5.593081,2,0,0.800000,104,0,0x04,single,477.263990,-156,-0.049817,174,0,No fault,,,,,,,,,
2026-08-14T13:38:56.937,1786707536.937037,5.598306,2,0,0.800000,105,0,0x04,single,477.285952,67,-0.043956,175,0,No fault,,,,,,,,,
2026-08-14T13:38:56.942,1786707536.942250,5.603519,2,0,0.800000,106,0,0x04,single,477.285952,112,-0.043956,175,0,No fault,,,,,,,,,
2026-08-14T13:38:56.947,1786707536.947476,5.608744,2,0,0.800000,107,0,0x04,single,477.263990,-201,-0.055678,174,0,No fault,,,,,,,,,
2026-08-14T13:38:56.952,1786707536.952692,5.613960,2,0,0.800000,108,0,0x04,single,477.263990,-201,-0.032234,177,0,No fault,,,,,,,,,
2026-08-14T13:38:56.957,1786707536.957917,5.619187,2,0,0.800000,109,0,0x04,single,477.263990,-156,-0.049817,174,0,No fault,,,,,,,,,
2026-08-14T13:38:56.963,1786707536.963145,5.624414,2,0,0.800000,110,0,0x04,single,477.263990,67,-0.038095,174,0,No fault,,,,,,,,,
2026-08-14T13:38:56.968,1786707536.968366,5.629635,2,0,0.800000,111,0,0x04,single,477.263990,22,-0.043956,175,0,No fault,,,,,,,,,
2026-08-14T13:38:56.973,1786707536.973586,5.634856,2,0,0.800000,112,0,0x04,single,477.263990,-22,-0.049817,176,0,No fault,,,,,,,,,
2026-08-14T13:38:56.978,1786707536.978813,5.640081,2,0,0.800000,113,0,0x04,single,477.263990,-22,-0.043956,174,0,No fault,,,,,,,,,
2026-08-14T13:38:56.984,1786707536.984033,5.645302,2,0,0.800000,114,0,0x04,single,477.263990,22,-0.026374,174,0,No fault,,,,,,,,,
2026-08-14T13:38:56.989,1786707536.989254,5.650522,2,0,0.800000,115,0,0x04,single,477.263990,112,-0.026374,177,0,No fault,,,,,,,,,
2026-08-14T13:38:56.994,1786707536.994466,5.655735,2,0,0.800000,116,0,0x04,single,477.263990,67,-0.038095,173,0,No fault,,,,,,,,,
2026-08-14T13:38:57.002,1786707537.002548,5.663921,2,0,0.800000,117,0,0x04,single,477.285952,112,-0.032234,173,0,No fault,,,,,,,,,
2026-08-14T13:38:57.008,1786707537.008343,5.669645,2,0,0.800000,118,0,0x04,single,477.263990,-22,-0.038095,175,0,No fault,,,,,,,,,
2026-08-14T13:38:57.013,1786707537.013693,5.674973,2,0,0.800000,119,0,0x04,single,477.263990,-112,-0.038095,177,0,No fault,,,,,,,,,
2026-08-14T13:38:57.018,1786707537.018990,5.680269,2,0,0.800000,120,0,0x04,single,477.263990,22,-0.032234,174,0,No fault,,,,,,,,,
2026-08-14T13:38:57.024,1786707537.024280,5.685562,2,0,0.800000,121,0,0x04,single,477.263990,-22,-0.032234,174,0,No fault,,,,,,,,,
2026-08-14T13:38:57.039,1786707537.039925,5.701225,2,0,0.800000,122,0,0x04,single,477.263990,-67,-0.055678,174,0,No fault,,,,,,,,,
2026-08-14T13:38:57.045,1786707537.045705,5.706993,2,0,0.800000,123,0,0x04,single,477.263990,-22,-0.055678,175,0,No fault,,,,,,,,,
2026-08-14T13:38:57.051,1786707537.051012,5.712289,2,0,0.800000,124,0,0x04,single,477.285952,156,-0.043956,175,0,No fault,,,,,,,,,
2026-08-14T13:38:57.056,1786707537.056304,5.717587,2,0,0.800000,125,0,0x04,single,477.263990,22,-0.043956,174,0,No fault,,,,,,,,,
2026-08-14T13:38:57.061,1786707537.061595,5.722873,2,0,0.800000,126,0,0x04,single,477.263990,112,-0.038095,174,0,No fault,,,,,,,,,
2026-08-14T13:38:57.066,1786707537.066890,5.728167,2,0,0.800000,127,0,0x04,single,477.263990,112,-0.038095,176,0,No fault,,,,,,,,,
2026-08-14T13:38:57.072,1786707537.072168,5.733442,2,0,0.800000,128,0,0x04,single,477.263990,22,-0.038095,175,0,No fault,,,,,,,,,
2026-08-14T13:38:57.077,1786707537.077487,5.738764,2,0,0.800000,129,0,0x04,single,477.263990,112,-0.014652,174,0,No fault,,,,,,,,,
2026-08-14T13:38:57.082,1786707537.082757,5.744035,2,0,0.800000,130,0,0x04,single,477.263990,156,-0.038095,175,0,No fault,,,,,,,,,
2026-08-14T13:38:57.088,1786707537.088032,5.749307,2,0,0.800000,131,0,0x04,single,477.263990,-201,-0.043956,170,0,No fault,,,,,,,,,
2026-08-14T13:38:57.093,1786707537.093287,5.754562,2,0,0.800000,132,0,0x04,single,477.263990,22,-0.049817,174,0,No fault,,,,,,,,,
2026-08-14T13:38:57.098,1786707537.098604,5.759885,2,0,0.800000,133,0,0x04,single,477.263990,-67,-0.038095,174,0,No fault,,,,,,,,,
2026-08-14T13:38:57.103,1786707537.103887,5.765167,2,0,0.800000,134,0,0x04,single,477.263990,-112,-0.049817,174,0,No fault,,,,,,,,,
2026-08-14T13:38:57.109,1786707537.109353,5.770658,2,0,0.800000,135,0,0x04,single,477.263990,67,-0.061538,174,0,No fault,,,,,,,,,
2026-08-14T13:38:57.114,1786707537.114839,5.776118,2,0,0.800000,136,0,0x04,single,477.263990,-22,-0.038095,174,0,No fault,,,,,,,,,
2026-08-14T13:38:57.120,1786707537.120122,5.781399,2,0,0.800000,137,0,0x04,single,477.263990,-22,-0.026374,174,0,No fault,,,,,,,,,
2026-08-14T13:38:57.125,1786707537.125408,5.786686,2,0,0.800000,138,0,0x04,single,477.263990,112,-0.026374,174,0,No fault,,,,,,,,,
2026-08-14T13:38:57.130,1786707537.130724,5.792002,2,0,0.800000,139,0,0x04,single,477.263990,156,-0.026374,174,0,No fault,,,,,,,,,
2026-08-14T13:38:57.136,1786707537.136135,5.797411,2,0,0.800000,140,0,0x04,single,477.263990,201,-0.026374,174,0,No fault,,,,,,,,,
2026-08-14T13:38:57.141,1786707537.141414,5.802723,2,0,0.800000,141,0,0x04,single,477.263990,-67,-0.055678,174,0,No fault,,,,,,,,,
2026-08-14T13:38:57.154,1786707537.154397,5.815717,3,-3000,5.000000,1,-3000,0x04,single,477.263990,67,-0.038095,174,0,No fault,,,,,,,,,
2026-08-14T13:38:57.160,1786707537.160027,5.821366,3,-3000,5.000000,2,-3000,0x04,single,477.263990,-112,-0.038095,174,0,No fault,,,,,,,,,
2026-08-14T13:38:57.165,1786707537.165732,5.827027,3,-3000,5.000000,3,-3000,0x04,single,477.220067,-603,-1.110623,174,0,No fault,,,,,,,,,
2026-08-14T13:38:57.171,1786707537.171245,5.832527,3,-3000,5.000000,4,-3000,0x04,single,477.000448,-1585,-1.040293,174,0,No fault,,,,,,,,,
2026-08-14T13:38:57.176,1786707537.176529,5.837817,3,-3000,5.000000,5,-3000,0x04,single,476.385516,-2791,-0.436630,174,0,No fault,,,,,,,,,
2026-08-14T13:38:57.182,1786707537.182034,5.843338,3,-3000,5.000000,6,-3000,0x04,single,475.704699,-2925,-0.172894,171,0,No fault,,,,,,,,,
2026-08-14T13:38:57.187,1786707537.187371,5.848661,3,-3000,5.000000,7,-3000,0x04,single,474.957996,-3149,-0.084982,173,0,No fault,,,,,,,,,
2026-08-14T13:38:57.192,1786707537.192671,5.853949,3,-3000,5.000000,8,-3000,0x04,single,474.211293,-3059,-0.049817,175,0,No fault,,,,,,,,,
2026-08-14T13:38:57.197,1786707537.197949,5.859228,3,-3000,5.000000,9,-3000,0x04,single,473.464590,-3149,0.008791,174,0,No fault,,,,,,,,,
2026-08-14T13:38:57.203,1786707537.203220,5.864499,3,-3000,5.000000,10,-3000,0x04,single,472.717887,-3015,0.043956,174,0,No fault,,,,,,,,,
2026-08-14T13:38:57.208,1786707537.208492,5.869770,3,-3000,5.000000,11,-3000,0x04,single,471.949222,-3327,-0.008791,174,0,No fault,,,,,,,,,
2026-08-14T13:38:57.213,1786707537.213884,5.875162,3,-3000,5.000000,12,-3000,0x04,single,471.246443,-2925,-0.038095,172,0,No fault,,,,,,,,,
2026-08-14T13:38:57.219,1786707537.219148,5.880425,3,-3000,5.000000,13,-3000,0x04,single,470.521702,-2925,-0.026374,174,0,No fault,,,,,,,,,
2026-08-14T13:38:57.224,1786707537.224424,5.885710,3,-3000,5.000000,14,-3000,0x04,single,469.840884,-2702,-0.014652,174,0,No fault,,,,,,,,,
2026-08-14T13:38:57.229,1786707537.229718,5.890996,3,-3000,5.000000,15,-3000,0x04,single,469.094181,-2881,-0.043956,174,0,No fault,,,,,,,,,
2026-08-14T13:38:57.245,1786707537.245424,5.906750,3,-3000,5.000000,16,-3000,0x04,single,467.644699,-3193,-0.032234,174,0,No fault,,,,,,,,,
2026-08-14T13:38:57.251,1786707537.251060,5.912348,3,-3000,5.000000,17,-3000,0x04,single,466.897996,-2970,0.014652,177,0,No fault,,,,,,,,,
2026-08-14T13:38:57.256,1786707537.256359,5.917648,3,-3000,5.000000,18,-3000,0x04,single,464.679849,-2881,-0.049817,173,0,No fault,,,,,,,,,
2026-08-14T13:38:57.261,1786707537.261664,5.922945,3,-3000,5.000000,19,-3000,0x04,single,464.328459,-2836,-0.038095,174,0,No fault,,,,,,,,,
2026-08-14T13:38:57.266,1786707537.266956,5.928239,3,-3000,5.000000,20,-3000,0x04,single,463.933146,-3059,-0.055678,174,0,No fault,,,,,,,,,
2026-08-14T13:38:57.272,1786707537.272269,5.933549,3,-3000,5.000000,21,-3000,0x04,single,463.230367,-2970,-0.084982,174,0,No fault,,,,,,,,,
2026-08-14T13:38:57.277,1786707537.277541,5.938819,3,-3000,5.000000,22,-3000,0x04,single,462.505626,-3104,-0.061538,174,0,No fault,,,,,,,,,
2026-08-14T13:38:57.282,1786707537.282802,5.944080,3,-3000,5.000000,23,-3000,0x04,single,461.780884,-2970,-0.026374,176,0,No fault,,,,,,,,,
2026-08-14T13:38:57.288,1786707537.288057,5.949333,3,-3000,5.000000,24,-3000,0x04,single,461.012220,-3149,-0.002930,174,0,No fault,,,,,,,,,
2026-08-14T13:38:57.293,1786707537.293320,5.954597,3,-3000,5.000000,25,-3000,0x04,single,460.287479,-3015,-0.032234,174,0,No fault,,,,,,,,,
2026-08-14T13:38:57.326,1786707537.326229,5.987580,3,-3000,5.000000,26,-3000,0x04,single,455.214291,-3193,-0.002930,174,0,No fault,,,,,,,,,
2026-08-14T13:38:57.335,1786707537.335932,5.997220,3,-3000,5.000000,27,-3000,0x04,single,453.764808,-2881,-0.043956,174,0,No fault,,,,,,,,,
2026-08-14T13:38:57.341,1786707537.341212,6.002490,3,-3000,5.000000,28,-3000,0x04,single,453.018105,-2925,0.002930,174,0,No fault,,,,,,,,,
2026-08-14T13:38:57.347,1786707537.347654,6.008934,3,-3000,5.000000,29,-3000,0x04,single,452.293364,-3015,0.002930,175,0,No fault,,,,,,,,,
2026-08-14T13:38:57.353,1786707537.353761,6.015050,3,-3000,5.000000,30,-3000,0x04,single,451.546661,-3015,-0.020513,174,0,No fault,,,,,,,,,
2026-08-14T13:38:57.359,1786707537.359074,6.020355,3,-3000,5.000000,31,-3000,0x04,single,450.821920,-2925,-0.008791,174,0,No fault,,,,,,,,,
2026-08-14T13:38:57.364,1786707537.364358,6.025630,3,-3000,5.000000,32,-3000,0x04,single,450.075217,-2970,0.026374,175,0,No fault,,,,,,,,,
2026-08-14T13:38:57.369,1786707537.369600,6.030885,3,-3000,5.000000,33,-3000,0x04,single,449.372438,-2791,-0.008791,174,0,No fault,,,,,,,,,
2026-08-14T13:38:57.374,1786707537.374902,6.036179,3,-3000,5.000000,34,-3000,0x04,single,448.625735,-3193,-0.049817,175,0,No fault,,,,,,,,,
2026-08-14T13:38:57.380,1786707537.380189,6.041468,3,-3000,5.000000,35,-3000,0x04,single,447.900994,-2881,-0.026374,173,0,No fault,,,,,,,,,
2026-08-14T13:38:57.385,1786707537.385671,6.046955,3,-3000,5.000000,36,-3000,0x04,single,446.429550,-3283,0.002930,175,0,No fault,,,,,,,,,
2026-08-14T13:38:57.390,1786707537.390985,6.052273,3,-3000,5.000000,37,-3000,0x04,single,445.682847,-3238,-0.014652,174,0,No fault,,,,,,,,,
2026-08-14T13:38:57.396,1786707537.396505,6.057788,3,-3000,5.000000,38,-3000,0x04,single,444.936144,-3149,0.002930,174,0,No fault,,,,,,,,,
2026-08-14T13:38:57.401,1786707537.401846,6.063126,3,-3000,5.000000,39,-3000,0x04,single,444.233365,-2791,0.026374,174,0,No fault,,,,,,,,,
2026-08-14T13:38:57.407,1786707537.407146,6.068426,3,-3000,5.000000,40,-3000,0x04,single,443.486662,-2925,-0.014652,174,0,No fault,,,,,,,,,
2026-08-14T13:38:57.412,1786707537.412538,6.073816,3,-3000,5.000000,41,-3000,0x04,single,442.761920,-2925,-0.038095,177,0,No fault,,,,,,,,,
2026-08-14T13:38:57.417,1786707537.417836,6.079115,3,-3000,5.000000,42,-3000,0x04,single,442.015218,-3283,-0.002930,175,0,No fault,,,,,,,,,
2026-08-14T13:38:57.423,1786707537.423120,6.084400,3,-3000,5.000000,43,-3000,0x04,single,441.312438,-3193,-0.002930,173,0,No fault,,,,,,,,,
2026-08-14T13:38:57.428,1786707537.428456,6.089754,3,-3000,5.000000,44,-3000,0x04,single,440.587697,-3059,-0.020513,174,0,No fault,,,,,,,,,
2026-08-14T13:38:57.433,1786707537.433934,6.095232,3,-3000,5.000000,45,-3000,0x04,single,439.862956,-3059,-0.055678,174,0,No fault,,,,,,,,,
2026-08-14T13:38:57.449,1786707537.449593,6.110877,3,-3000,5.000000,46,-3000,0x04,single,439.138215,-3059,-0.038095,174,0,No fault,,,,,,,,,
2026-08-14T13:38:57.455,1786707537.455308,6.116597,3,-3000,5.000000,47,-3000,0x04,single,437.666771,-3327,-0.073260,174,0,No fault,,,,,,,,,
2026-08-14T13:38:57.460,1786707537.460633,6.121915,3,-3000,5.000000,48,-3000,0x04,single,435.470586,-2836,0.002930,176,0,No fault,,,,,,,,,
2026-08-14T13:38:57.465,1786707537.465925,6.127204,3,-3000,5.000000,49,-3000,0x04,single,435.031349,-3015,-0.032234,174,0,No fault,,,,,,,,,
2026-08-14T13:38:57.471,1786707537.471219,6.132495,3,-3000,5.000000,50,-3000,0x04,single,434.679959,-3015,-0.061538,174,0,No fault,,,,,,,,,
2026-08-14T13:38:57.476,1786707537.476509,6.137786,3,-3000,5.000000,51,-3000,0x04,single,433.977180,-2925,-0.043956,175,0,No fault,,,,,,,,,
2026-08-14T13:38:57.481,1786707537.481781,6.143058,3,-3000,5.000000,52,-3000,0x04,single,433.252439,-3104,-0.032234,174,0,No fault,,,,,,,,,
2026-08-14T13:38:57.487,1786707537.487072,6.148349,3,-3000,5.000000,53,-3000,0x04,single,432.549659,-2970,-0.008791,174,0,No fault,,,,,,,,,
2026-08-14T13:38:57.492,1786707537.492347,6.153626,3,-3000,5.000000,54,-3000,0x04,single,431.802956,-3193,-0.061538,174,0,No fault,,,,,,,,,
2026-08-14T13:38:57.497,1786707537.497641,6.158940,3,-3000,5.000000,55,-3000,0x04,single,431.078215,-3059,-0.049817,176,0,No fault,,,,,,,,,
2026-08-14T13:38:57.503,1786707537.503016,6.164309,3,-3000,5.000000,56,-3000,0x04,single,430.353474,-2881,-0.032234,176,0,No fault,,,,,,,,,
2026-08-14T13:38:57.508,1786707537.508330,6.169608,3,-3000,5.000000,57,-3000,0x04,single,429.628733,-3015,-0.002930,174,0,No fault,,,,,,,,,
2026-08-14T13:38:57.513,1786707537.513610,6.174887,3,-3000,5.000000,58,-3000,0x04,single,428.882030,-3238,-0.043956,173,0,No fault,,,,,,,,,
2026-08-14T13:38:57.519,1786707537.519071,6.180346,3,-3000,5.000000,59,-3000,0x04,single,427.432548,-3149,-0.014652,175,0,No fault,,,,,,,,,
2026-08-14T13:38:57.524,1786707537.524359,6.185637,3,-3000,5.000000,60,-3000,0x04,single,426.707807,-2925,0.002930,168,0,No fault,,,,,,,,,
2026-08-14T13:38:57.529,1786707537.529701,6.190979,3,-3000,5.000000,61,-3000,0x04,single,425.961104,-3059,-0.020513,174,0,No fault,,,,,,,,,
2026-08-14T13:38:57.534,1786707537.534989,6.196266,3,-3000,5.000000,62,-3000,0x04,single,425.236362,-2970,-0.032234,174,0,No fault,,,,,,,,,
2026-08-14T13:38:57.540,1786707537.540270,6.201547,3,-3000,5.000000,63,-3000,0x04,single,424.489659,-3238,0.008791,175,0,No fault,,,,,,,,,
2026-08-14T13:38:57.545,1786707537.545519,6.206795,3,-3000,5.000000,64,-3000,0x04,single,423.764918,-3104,-0.002930,174,0,No fault,,,,,,,,,
2026-08-14T13:38:57.550,1786707537.550805,6.212085,3,-3000,5.000000,65,-3000,0x04,single,423.062139,-2568,-0.043956,174,0,No fault,,,,,,,,,
2026-08-14T13:38:57.556,1786707537.556078,6.217355,3,-3000,5.000000,66,-3000,0x04,single,422.315436,-3059,-0.049817,174,0,No fault,,,,,,,,,
2026-08-14T13:38:57.561,1786707537.561372,6.222659,3,-3000,5.000000,67,-3000,0x04,single,421.612657,-3015,-0.014652,174,0,No fault,,,,,,,,,
2026-08-14T13:38:57.566,1786707537.566715,6.227991,3,-3000,5.000000,68,-3000,0x04,single,420.887916,-3015,-0.032234,174,0,No fault,,,,,,,,,
2026-08-14T13:38:57.571,1786707537.571988,6.233263,3,-3000,5.000000,69,-3000,0x04,single,420.163175,-3059,-0.061538,174,0,No fault,,,,,,,,,
2026-08-14T13:38:57.577,1786707537.577384,6.238658,3,-3000,5.000000,70,-3000,0x04,single,419.438433,-2970,-0.055678,174,0,No fault,,,,,,,,,
2026-08-14T13:38:57.582,1786707537.582700,6.243976,3,-3000,5.000000,71,-3000,0x04,single,418.713692,-2791,-0.008791,174,0,No fault,,,,,,,,,
2026-08-14T13:38:57.587,1786707537.587986,6.249262,3,-3000,5.000000,72,-3000,0x04,single,417.988951,-3149,-0.032234,174,0,No fault,,,,,,,,,
2026-08-14T13:38:57.593,1786707537.593268,6.254548,3,-3000,5.000000,73,-3000,0x04,single,417.264210,-3015,-0.055678,173,0,No fault,,,,,,,,,
2026-08-14T13:38:57.598,1786707537.598559,6.259844,3,-3000,5.000000,74,-3000,0x04,single,416.539469,-3104,-0.061538,174,0,No fault,,,,,,,,,
2026-08-14T13:38:57.603,1786707537.603856,6.265136,3,-3000,5.000000,75,-3000,0x04,single,415.814728,-2925,0.002930,174,0,No fault,,,,,,,,,
2026-08-14T13:38:57.609,1786707537.609138,6.270417,3,-3000,5.000000,76,-3000,0x04,single,415.089987,-2657,-0.026374,175,0,No fault,,,,,,,,,
2026-08-14T13:38:57.614,1786707537.614458,6.275750,3,-3000,5.000000,77,-3000,0x04,single,414.343284,-3104,-0.043956,174,0,No fault,,,,,,,,,
2026-08-14T13:38:57.619,1786707537.619959,6.281254,3,-3000,5.000000,78,-3000,0x04,single,413.640505,-2970,-0.049817,174,0,No fault,,,,,,,,,
2026-08-14T13:38:57.625,1786707537.625327,6.286620,3,-3000,5.000000,79,-3000,0x04,single,412.893802,-3149,-0.020513,175,0,No fault,,,,,,,,,
2026-08-14T13:38:57.630,1786707537.630933,6.292218,3,-3000,5.000000,80,-3000,0x04,single,412.169060,-3059,-0.026374,174,0,No fault,,,,,,,,,
2026-08-14T13:38:57.636,1786707537.636596,6.297888,3,-3000,5.000000,81,-3000,0x04,single,410.719578,-2970,-0.026374,172,0,No fault,,,,,,,,,
2026-08-14T13:38:57.658,1786707537.658132,6.319441,3,-3000,5.000000,82,-3000,0x04,single,409.204210,-3149,-0.014652,174,0,No fault,,,,,,,,,
2026-08-14T13:38:57.663,1786707537.663797,6.325125,3,-3000,5.000000,83,-3000,0x04,single,406.151513,-3015,-0.043956,173,0,No fault,,,,,,,,,
2026-08-14T13:38:57.669,1786707537.669606,6.330906,3,-3000,5.000000,84,-3000,0x04,single,405.800123,-3104,-0.055678,174,0,No fault,,,,,,,,,
2026-08-14T13:38:57.675,1786707537.675013,6.336315,3,-3000,5.000000,85,-3000,0x04,single,405.360886,-2970,-0.055678,174,0,No fault,,,,,,,,,
2026-08-14T13:38:57.680,1786707537.680386,6.341681,3,-3000,5.000000,86,-3000,0x04,single,404.680069,-2970,-0.043956,174,0,No fault,,,,,,,,,
2026-08-14T13:38:57.685,1786707537.685763,6.347059,3,-3000,5.000000,87,-3000,0x04,single,403.955328,-3193,-0.026374,170,0,No fault,,,,,,,,,
2026-08-14T13:38:57.691,1786707537.691159,6.352459,3,-3000,5.000000,88,-3000,0x04,single,403.230587,-3104,-0.084982,174,0,No fault,,,,,,,,,
2026-08-14T13:38:57.696,1786707537.696540,6.357839,3,-3000,5.000000,89,-3000,0x04,single,402.505845,-2970,-0.067399,173,0,No fault,,,,,,,,,
2026-08-14T13:38:57.701,1786707537.701907,6.363200,3,-3000,5.000000,90,-3000,0x04,single,401.781104,-3104,-0.049817,174,0,No fault,,,,,,,,,
2026-08-14T13:38:57.707,1786707537.707281,6.368570,3,-3000,5.000000,91,-3000,0x04,single,401.056363,-3059,-0.002930,174,0,No fault,,,,,,,,,
2026-08-14T13:38:57.712,1786707537.712595,6.373873,3,-3000,5.000000,92,-3000,0x04,single,400.331622,-2925,-0.049817,174,0,No fault,,,,,,,,,
2026-08-14T13:38:57.717,1786707537.717905,6.379187,3,-3000,5.000000,93,-3000,0x04,single,399.584919,-3104,-0.055678,174,0,No fault,,,,,,,,,
2026-08-14T13:38:57.723,1786707537.723218,6.384506,3,-3000,5.000000,94,-3000,0x04,single,398.860178,-3149,-0.014652,174,0,No fault,,,,,,,,,
2026-08-14T13:38:57.728,1786707537.728546,6.389824,3,-3000,5.000000,95,-3000,0x04,single,398.135437,-2925,-0.026374,175,0,No fault,,,,,,,,,
2026-08-14T13:38:57.733,1786707537.733853,6.395145,3,-3000,5.000000,96,-3000,0x04,single,397.432658,-2747,-0.043956,173,0,No fault,,,,,,,,,
2026-08-14T13:38:57.739,1786707537.739320,6.400631,3,-3000,5.000000,97,-3000,0x04,single,396.685955,-3059,-0.073260,171,0,No fault,,,,,,,,,
2026-08-14T13:38:57.744,1786707537.744856,6.406160,3,-3000,5.000000,98,-3000,0x04,single,395.983175,-2791,-0.014652,175,0,No fault,,,,,,,,,
2026-08-14T13:38:57.750,1786707537.750396,6.411686,3,-3000,5.000000,99,-3000,0x04,single,395.236472,-3327,-0.020513,174,0,No fault,,,,,,,,,
2026-08-14T13:38:57.755,1786707537.755767,6.417058,3,-3000,5.000000,100,-3000,0x04,single,394.467808,-3015,-0.032234,174,0,No fault,,,,,,,,,
2026-08-14T13:38:57.761,1786707537.761624,6.422920,3,-3000,5.000000,101,-3000,0x04,single,392.996363,-3015,-0.008791,174,0,No fault,,,,,,,,,
2026-08-14T13:38:57.767,1786707537.767119,6.428397,3,-3000,5.000000,102,-3000,0x04,single,392.271622,-2836,-0.002930,174,0,No fault,,,,,,,,,
2026-08-14T13:38:57.772,1786707537.772370,6.433643,3,-3000,5.000000,103,-3000,0x04,single,391.502958,-2970,-0.026374,175,0,No fault,,,,,,,,,
2026-08-14T13:38:57.777,1786707537.777595,6.438878,3,-3000,5.000000,104,-3000,0x04,single,390.756255,-2791,-0.002930,173,0,No fault,,,,,,,,,
2026-08-14T13:38:57.782,1786707537.782887,6.444170,3,-3000,5.000000,105,-3000,0x04,single,390.031513,-3104,0.020513,175,0,No fault,,,,,,,,,
2026-08-14T13:38:57.788,1786707537.788162,6.449436,3,-3000,5.000000,106,-3000,0x04,single,389.328734,-2791,-0.002930,174,0,No fault,,,,,,,,,
2026-08-14T13:38:57.793,1786707537.793392,6.454675,3,-3000,5.000000,107,-3000,0x04,single,388.560069,-3015,-0.020513,174,0,No fault,,,,,,,,,
2026-08-14T13:38:57.798,1786707537.798706,6.459988,3,-3000,5.000000,108,-3000,0x04,single,387.857290,-2747,-0.002930,173,0,No fault,,,,,,,,,
2026-08-14T13:38:57.804,1786707537.804017,6.465296,3,-3000,5.000000,109,-3000,0x04,single,387.110587,-2970,0.026374,174,0,No fault,,,,,,,,,
2026-08-14T13:38:57.809,1786707537.809297,6.470574,3,-3000,5.000000,110,-3000,0x04,single,386.385846,-2925,-0.008791,174,0,No fault,,,,,,,,,
2026-08-14T13:38:57.814,1786707537.814596,6.475874,3,-3000,5.000000,111,-3000,0x04,single,385.639143,-2970,-0.032234,174,0,No fault,,,,,,,,,
2026-08-14T13:38:57.819,1786707537.819866,6.481144,3,-3000,5.000000,112,-3000,0x04,single,384.914402,-2970,-0.008791,171,0,No fault,,,,,,,,,
2026-08-14T13:38:57.825,1786707537.825136,6.486412,3,-3000,5.000000,113,-3000,0x04,single,384.189661,-3015,0.014652,174,0,No fault,,,,,,,,,
2026-08-14T13:38:57.830,1786707537.830406,6.491682,3,-3000,5.000000,114,-3000,0x04,single,383.442958,-3015,0.002930,174,0,No fault,,,,,,,,,
2026-08-14T13:38:57.835,1786707537.835672,6.496952,3,-3000,5.000000,115,-3000,0x04,single,382.696255,-3283,-0.020513,175,0,No fault,,,,,,,,,
2026-08-14T13:38:57.840,1786707537.840956,6.502238,3,-3000,5.000000,116,-3000,0x04,single,381.993476,-2881,0.002930,176,0,No fault,,,,,,,,,
2026-08-14T13:38:57.856,1786707537.856401,6.517690,3,-3000,5.000000,117,-3000,0x04,single,380.543993,-2925,-0.020513,173,0,No fault,,,,,,,,,
2026-08-14T13:38:57.861,1786707537.861881,6.523162,3,-3000,5.000000,118,-3000,0x04,single,379.797290,-3149,-0.067399,175,0,No fault,,,,,,,,,
2026-08-14T13:38:57.867,1786707537.867171,6.528450,3,-3000,5.000000,119,-3000,0x04,single,377.535220,-3059,-0.067399,174,0,No fault,,,,,,,,,
2026-08-14T13:38:57.872,1786707537.872462,6.533743,3,-3000,5.000000,120,-3000,0x04,single,377.183830,-2925,-0.061538,174,0,No fault,,,,,,,,,
2026-08-14T13:38:57.877,1786707537.877755,6.539027,3,-3000,5.000000,121,-3000,0x04,single,376.788517,-2836,-0.073260,175,0,No fault,,,,,,,,,
2026-08-14T13:38:57.883,1786707537.883012,6.544286,3,-3000,5.000000,122,-3000,0x04,single,376.063775,-3149,-0.049817,174,0,No fault,,,,,,,,,
2026-08-14T13:38:57.888,1786707537.888271,6.549547,3,-3000,5.000000,123,-3000,0x04,single,375.339034,-3015,-0.008791,175,0,No fault,,,,,,,,,
2026-08-14T13:38:57.893,1786707537.893534,6.554810,3,-3000,5.000000,124,-3000,0x04,single,374.614293,-3104,-0.055678,175,0,No fault,,,,,,,,,
2026-08-14T13:38:57.898,1786707537.898805,6.560081,3,-3000,5.000000,125,-3000,0x04,single,373.889552,-2925,-0.043956,176,0,No fault,,,,,,,,,
2026-08-14T13:38:57.904,1786707537.904085,6.565364,3,-3000,5.000000,126,-3000,0x04,single,373.186773,-2970,-0.038095,174,0,No fault,,,,,,,,,
2026-08-14T13:38:57.909,1786707537.909351,6.570623,3,-3000,5.000000,127,-3000,0x04,single,372.440070,-3015,-0.008791,174,0,No fault,,,,,,,,,
2026-08-14T13:38:57.914,1786707537.914737,6.576011,3,-3000,5.000000,128,-3000,0x04,single,371.737291,-2881,-0.049817,174,0,No fault,,,,,,,,,
2026-08-14T13:38:57.919,1786707537.919997,6.581268,3,-3000,5.000000,129,-3000,0x04,single,370.990588,-3104,-0.061538,174,0,No fault,,,,,,,,,
2026-08-14T13:38:57.925,1786707537.925396,6.586671,3,-3000,5.000000,130,-3000,0x04,single,369.563067,-2836,-0.026374,171,0,No fault,,,,,,,,,
2026-08-14T13:38:57.930,1786707537.930690,6.591965,3,-3000,5.000000,131,-3000,0x04,single,368.816364,-3193,-0.038095,174,0,No fault,,,,,,,,,
2026-08-14T13:38:57.936,1786707537.936036,6.597310,3,-3000,5.000000,132,-3000,0x04,single,368.091623,-2925,-0.049817,175,0,No fault,,,,,,,,,
2026-08-14T13:38:57.941,1786707537.941305,6.602585,3,-3000,5.000000,133,-3000,0x04,single,367.366882,-3059,-0.002930,174,0,No fault,,,,,,,,,
2026-08-14T13:38:57.946,1786707537.946607,6.607883,3,-3000,5.000000,134,-3000,0x04,single,366.642141,-2970,-0.014652,174,0,No fault,,,,,,,,,
2026-08-14T13:38:57.951,1786707537.951880,6.613159,3,-3000,5.000000,135,-3000,0x04,single,365.895438,-2970,-0.026374,172,0,No fault,,,,,,,,,
2026-08-14T13:38:57.957,1786707537.957161,6.618439,3,-3000,5.000000,136,-3000,0x04,single,365.170697,-3238,-0.032234,175,0,No fault,,,,,,,,,
2026-08-14T13:38:57.962,1786707537.962452,6.623728,3,-3000,5.000000,137,-3000,0x04,single,364.445956,-3059,0.008791,174,0,No fault,,,,,,,,,
2026-08-14T13:38:57.967,1786707537.967727,6.629008,3,-3000,5.000000,138,-3000,0x04,single,363.699253,-3238,-0.020513,174,0,No fault,,,,,,,,,
2026-08-14T13:38:57.972,1786707537.972995,6.634270,3,-3000,5.000000,139,-3000,0x04,single,362.974512,-3104,-0.043956,175,0,No fault,,,,,,,,,
2026-08-14T13:38:57.978,1786707537.978268,6.639544,3,-3000,5.000000,140,-3000,0x04,single,362.271732,-2925,-0.043956,173,0,No fault,,,,,,,,,
2026-08-14T13:38:57.983,1786707537.983544,6.644819,3,-3000,5.000000,141,-3000,0x04,single,361.546991,-3104,-0.020513,174,0,No fault,,,,,,,,,
2026-08-14T13:38:57.988,1786707537.988834,6.650122,3,-3000,5.000000,142,-3000,0x04,single,360.822250,-2925,-0.038095,174,0,No fault,,,,,,,,,
2026-08-14T13:38:57.994,1786707537.994266,6.655576,3,-3000,5.000000,143,-3000,0x04,single,360.097509,-3059,-0.067399,174,0,No fault,,,,,,,,,
2026-08-14T13:38:57.999,1786707537.999697,6.660997,3,-3000,5.000000,144,-3000,0x04,single,359.394730,-2881,-0.061538,175,0,No fault,,,,,,,,,
2026-08-14T13:38:58.005,1786707538.005075,6.666351,3,-3000,5.000000,145,-3000,0x04,single,358.648027,-3015,-0.008791,174,0,No fault,,,,,,,,,
2026-08-14T13:38:58.010,1786707538.010329,6.671610,3,-3000,5.000000,146,-3000,0x04,single,357.901324,-3059,-0.026374,174,0,No fault,,,,,,,,,
2026-08-14T13:38:58.015,1786707538.015605,6.676881,3,-3000,5.000000,147,-3000,0x04,single,357.154621,-2970,-0.049817,174,0,No fault,,,,,,,,,
2026-08-14T13:38:58.020,1786707538.020872,6.682144,3,-3000,5.000000,148,-3000,0x04,single,356.429880,-3193,-0.043956,174,0,No fault,,,,,,,,,
2026-08-14T13:38:58.026,1786707538.026151,6.687424,3,-3000,5.000000,149,-3000,0x04,single,355.705139,-3059,-0.002930,174,0,No fault,,,,,,,,,
2026-08-14T13:38:58.031,1786707538.031421,6.692693,3,-3000,5.000000,150,-3000,0x04,single,354.980397,-3104,-0.014652,175,0,No fault,,,,,,,,,
2026-08-14T13:38:58.036,1786707538.036694,6.697969,3,-3000,5.000000,151,-3000,0x04,single,354.255656,-3015,-0.055678,175,0,No fault,,,,,,,,,
2026-08-14T13:38:58.041,1786707538.041967,6.703242,3,-3000,5.000000,152,-3000,0x04,single,353.530915,-3283,-0.020513,175,0,No fault,,,,,,,,,
2026-08-14T13:38:58.057,1786707538.057470,6.718746,3,-3000,5.000000,153,-3000,0x04,single,352.103395,-2791,-0.026374,174,0,No fault,,,,,,,,,
2026-08-14T13:38:58.062,1786707538.062772,6.724049,3,-3000,5.000000,154,-3000,0x04,single,351.356692,-3193,-0.055678,174,0,No fault,,,,,,,,,
2026-08-14T13:38:58.068,1786707538.068032,6.729308,3,-3000,5.000000,155,-3000,0x04,single,348.984812,-3238,-0.043956,174,0,No fault,,,,,,,,,
2026-08-14T13:38:58.073,1786707538.073405,6.734680,3,-3000,5.000000,156,-3000,0x04,single,348.633422,-3149,-0.043956,175,0,No fault,,,,,,,,,
2026-08-14T13:38:58.078,1786707538.078699,6.739977,3,-3000,5.000000,157,-3000,0x04,single,348.216147,-3149,-0.055678,174,0,No fault,,,,,,,,,
2026-08-14T13:38:58.083,1786707538.083958,6.745231,3,-3000,5.000000,158,-3000,0x04,single,347.513368,-2836,-0.032234,171,0,No fault,,,,,,,,,
2026-08-14T13:38:58.089,1786707538.089215,6.750487,3,-3000,5.000000,159,-3000,0x04,single,346.766665,-3104,0.002930,174,0,No fault,,,,,,,,,
2026-08-14T13:38:58.094,1786707538.094465,6.755738,3,-3000,5.000000,160,-3000,0x04,single,346.041924,-2925,-0.043956,174,0,No fault,,,,,,,,,
2026-08-14T13:38:58.099,1786707538.099719,6.760993,3,-3000,5.000000,161,-3000,0x04,single,345.339144,-2791,-0.055678,174,0,No fault,,,,,,,,,
2026-08-14T13:38:58.104,1786707538.104971,6.766245,3,-3000,5.000000,162,-3000,0x04,single,344.614403,-3015,-0.038095,178,0,No fault,,,,,,,,,
2026-08-14T13:38:58.110,1786707538.110233,6.771510,3,-3000,5.000000,163,-3000,0x04,single,343.889662,-2881,-0.038095,174,0,No fault,,,,,,,,,
2026-08-14T13:38:58.115,1786707538.115495,6.776768,3,-3000,5.000000,164,-3000,0x04,single,343.164921,-3015,-0.073260,174,0,No fault,,,,,,,,,
2026-08-14T13:38:58.120,1786707538.120771,6.782051,3,-3000,5.000000,165,-3000,0x04,single,342.440180,-3015,-0.073260,174,0,No fault,,,,,,,,,
2026-08-14T13:38:58.126,1786707538.126126,6.787403,3,-3000,5.000000,166,-3000,0x04,single,341.737401,-2836,-0.049817,174,0,No fault,,,,,,,,,
2026-08-14T13:38:58.131,1786707538.131477,6.792750,3,-3000,5.000000,167,-3000,0x04,single,340.265956,-3149,-0.061538,176,0,No fault,,,,,,,,,
2026-08-14T13:38:58.136,1786707538.136849,6.798136,3,-3000,5.000000,168,-3000,0x04,single,339.541215,-2791,-0.061538,174,0,No fault,,,,,,,,,
2026-08-14T13:38:58.142,1786707538.142192,6.803467,3,-3000,5.000000,169,-3000,0x04,single,338.816474,-2925,-0.014652,175,0,No fault,,,,,,,,,
2026-08-14T13:38:58.147,1786707538.147446,6.808720,3,-3000,5.000000,170,-3000,0x04,single,338.069771,-3149,-0.032234,174,0,No fault,,,,,,,,,
2026-08-14T13:38:58.152,1786707538.152717,6.814000,3,-3000,5.000000,171,-3000,0x04,single,337.345030,-3059,-0.043956,174,0,No fault,,,,,,,,,
2026-08-14T13:38:58.158,1786707538.158028,6.819311,3,-3000,5.000000,172,-3000,0x04,single,336.642251,-2925,-0.073260,177,0,No fault,,,,,,,,,
2026-08-14T13:38:58.163,1786707538.163333,6.824610,3,-3000,5.000000,173,-3000,0x04,single,335.917510,-2970,0.002930,175,0,No fault,,,,,,,,,
2026-08-14T13:38:58.168,1786707538.168614,6.829896,3,-3000,5.000000,174,-3000,0x04,single,335.170807,-3015,-0.014652,173,0,No fault,,,,,,,,,
2026-08-14T13:38:58.173,1786707538.173909,6.835185,3,-3000,5.000000,175,-3000,0x04,single,334.424104,-3104,-0.014652,172,0,No fault,,,,,,,,,
2026-08-14T13:38:58.179,1786707538.179169,6.840445,3,-3000,5.000000,176,-3000,0x04,single,333.699363,-3104,-0.032234,174,0,No fault,,,,,,,,,
2026-08-14T13:38:58.184,1786707538.184432,6.845711,3,-3000,5.000000,177,-3000,0x04,single,332.974622,-3015,0.008791,174,0,No fault,,,,,,,,,
2026-08-14T13:38:58.189,1786707538.189703,6.850982,3,-3000,5.000000,178,-3000,0x04,single,332.249880,-2925,-0.008791,174,0,No fault,,,,,,,,,
2026-08-14T13:38:58.194,1786707538.194963,6.856238,3,-3000,5.000000,179,-3000,0x04,single,331.503177,-3059,-0.014652,174,0,No fault,,,,,,,,,
2026-08-14T13:38:58.200,1786707538.200216,6.861492,3,-3000,5.000000,180,-3000,0x04,single,330.778436,-2925,-0.008791,176,0,No fault,,,,,,,,,
2026-08-14T13:38:58.205,1786707538.205479,6.866752,3,-3000,5.000000,181,-3000,0x04,single,330.031733,-3015,0.032234,175,0,No fault,,,,,,,,,
2026-08-14T13:38:58.210,1786707538.210727,6.872001,3,-3000,5.000000,182,-3000,0x04,single,329.306992,-3015,-0.002930,173,0,No fault,,,,,,,,,
2026-08-14T13:38:58.215,1786707538.215985,6.877262,3,-3000,5.000000,183,-3000,0x04,single,328.560289,-3015,-0.026374,174,0,No fault,,,,,,,,,
2026-08-14T13:38:58.221,1786707538.221261,6.882551,3,-3000,5.000000,184,-3000,0x04,single,327.835548,-3149,0.002930,174,0,No fault,,,,,,,,,
2026-08-14T13:38:58.226,1786707538.226697,6.887976,3,-3000,5.000000,185,-3000,0x04,single,327.088845,-3193,0.020513,174,0,No fault,,,,,,,,,
2026-08-14T13:38:58.231,1786707538.231992,6.893278,3,-3000,5.000000,186,-3000,0x04,single,326.364104,-3149,-0.008791,174,0,No fault,,,,,,,,,
2026-08-14T13:38:58.237,1786707538.237350,6.898643,3,-3000,5.000000,187,-3000,0x04,single,325.639363,-3238,-0.032234,174,0,No fault,,,,,,,,,
2026-08-14T13:38:58.242,1786707538.242800,6.904106,3,-3000,5.000000,188,-3000,0x04,single,324.914622,-2791,-0.002930,173,0,No fault,,,,,,,,,
2026-08-14T13:38:58.258,1786707538.258505,6.919794,3,-3000,5.000000,189,-3000,0x04,single,323.443178,-3149,-0.014652,174,0,No fault,,,,,,,,,
2026-08-14T13:38:58.264,1786707538.264432,6.925715,3,-3000,5.000000,190,-3000,0x04,single,322.718437,-3015,-0.026374,174,0,No fault,,,,,,,,,
2026-08-14T13:38:58.269,1786707538.269747,6.931023,3,-3000,5.000000,191,-3000,0x04,single,320.456366,-2881,-0.055678,176,0,No fault,,,,,,,,,
2026-08-14T13:38:58.275,1786707538.275034,6.936317,3,-3000,5.000000,192,-3000,0x04,single,319.687701,-3104,-0.049817,174,0,No fault,,,,,,,,,
2026-08-14T13:38:58.280,1786707538.280433,6.941719,3,-3000,5.000000,193,-3000,0x04,single,318.984922,-3015,-0.038095,174,0,No fault,,,,,,,,,
2026-08-14T13:38:58.285,1786707538.285985,6.947267,3,-3000,5.000000,194,-3000,0x04,single,318.260181,-2881,-0.002930,175,0,No fault,,,,,,,,,
2026-08-14T13:38:58.291,1786707538.291288,6.952571,3,-3000,5.000000,195,-3000,0x04,single,317.535439,-3104,-0.073260,174,0,No fault,,,,,,,,,
2026-08-14T13:38:58.296,1786707538.296596,6.957881,3,-3000,5.000000,196,-3000,0x04,single,316.810698,-2925,-0.067399,174,0,No fault,,,,,,,,,
2026-08-14T13:38:58.301,1786707538.301916,6.963195,3,-3000,5.000000,197,-3000,0x04,single,316.085957,-3059,-0.043956,175,0,No fault,,,,,,,,,
2026-08-14T13:38:58.307,1786707538.307220,6.968500,3,-3000,5.000000,198,-3000,0x04,single,315.383178,-2925,-0.020513,174,0,No fault,,,,,,,,,
2026-08-14T13:38:58.312,1786707538.312515,6.973793,3,-3000,5.000000,199,-3000,0x04,single,314.636475,-3149,-0.073260,174,0,No fault,,,,,,,,,
2026-08-14T13:38:58.317,1786707538.317807,6.979086,3,-3000,5.000000,200,-3000,0x04,single,313.933696,-2970,-0.055678,174,0,No fault,,,,,,,,,
2026-08-14T13:38:58.323,1786707538.323127,6.984405,3,-3000,5.000000,201,-3000,0x04,single,313.208955,-2747,-0.043956,175,0,No fault,,,,,,,,,
2026-08-14T13:38:58.328,1786707538.328469,6.989760,3,-3000,5.000000,202,-3000,0x04,single,312.484213,-2925,-0.020513,174,0,No fault,,,,,,,,,
2026-08-14T13:38:58.333,1786707538.333808,6.995088,3,-3000,5.000000,203,-3000,0x04,single,311.759472,-3015,-0.055678,175,0,No fault,,,,,,,,,
2026-08-14T13:38:58.339,1786707538.339111,7.000389,3,-3000,5.000000,204,-3000,0x04,single,311.012769,-3283,-0.055678,174,0,No fault,,,,,,,,,
2026-08-14T13:38:58.344,1786707538.344402,7.005680,3,-3000,5.000000,205,-3000,0x04,single,310.288028,-3193,-0.043956,174,0,No fault,,,,,,,,,
2026-08-14T13:38:58.349,1786707538.349679,7.010958,3,-3000,5.000000,206,-3000,0x04,single,309.585249,-2925,-0.014652,174,0,No fault,,,,,,,,,
2026-08-14T13:38:58.354,1786707538.354969,7.016243,3,-3000,5.000000,207,-3000,0x04,single,308.838546,-3059,-0.049817,174,0,No fault,,,,,,,,,
2026-08-14T13:38:58.360,1786707538.360267,7.021546,3,-3000,5.000000,208,-3000,0x04,single,308.113805,-2970,-0.049817,174,0,No fault,,,,,,,,,
2026-08-14T13:38:58.365,1786707538.365548,7.026826,3,-3000,5.000000,209,-3000,0x04,single,307.389064,-3238,0.002930,174,0,No fault,,,,,,,,,
2026-08-14T13:38:58.370,1786707538.370830,7.032111,3,-3000,5.000000,210,-3000,0x04,single,306.664323,-3015,-0.008791,174,0,No fault,,,,,,,,,
2026-08-14T13:38:58.376,1786707538.376110,7.037386,3,-3000,5.000000,211,-3000,0x04,single,305.939582,-3015,-0.038095,174,0,No fault,,,,,,,,,
2026-08-14T13:38:58.381,1786707538.381389,7.042665,3,-3000,5.000000,212,-3000,0x04,single,305.192879,-3104,-0.049817,174,0,No fault,,,,,,,,,
2026-08-14T13:38:58.386,1786707538.386711,7.047990,3,-3000,5.000000,213,-3000,0x04,single,304.468137,-3193,0.002930,174,0,No fault,,,,,,,,,
2026-08-14T13:38:58.392,1786707538.392081,7.053361,3,-3000,5.000000,214,-3000,0x04,single,303.743396,-3193,-0.026374,175,0,No fault,,,,,,,,,
2026-08-14T13:38:58.397,1786707538.397566,7.058841,3,-3000,5.000000,215,-3000,0x04,single,302.293914,-2925,-0.043956,174,0,No fault,,,,,,,,,
2026-08-14T13:38:58.402,1786707538.402945,7.064220,3,-3000,5.000000,216,-3000,0x04,single,301.569173,-3283,-0.014652,175,0,No fault,,,,,,,,,
2026-08-14T13:38:58.408,1786707538.408205,7.069480,3,-3000,5.000000,217,-3000,0x04,single,300.822470,-3059,-0.038095,175,0,No fault,,,,,,,,,
2026-08-14T13:38:58.413,1786707538.413512,7.074791,3,-3000,5.000000,218,-3000,0x04,single,300.119691,-3149,-0.061538,173,0,No fault,,,,,,,,,
2026-08-14T13:38:58.418,1786707538.418792,7.080069,3,-3000,5.000000,219,-3000,0x04,single,299.394950,-3015,-0.061538,173,0,No fault,,,,,,,,,
2026-08-14T13:38:58.424,1786707538.424083,7.085359,3,-3000,5.000000,220,-3000,0x04,single,298.670208,-3193,-0.014652,174,0,No fault,,,,,,,,,
2026-08-14T13:38:58.429,1786707538.429354,7.090630,3,-3000,5.000000,221,-3000,0x04,single,297.945467,-2970,-0.032234,174,0,No fault,,,,,,,,,
2026-08-14T13:38:58.434,1786707538.434649,7.095923,3,-3000,5.000000,222,-3000,0x04,single,297.220726,-2925,-0.067399,171,0,No fault,,,,,,,,,
2026-08-14T13:38:58.439,1786707538.439933,7.101208,3,-3000,5.000000,223,-3000,0x04,single,296.495985,-3193,-0.043956,174,0,No fault,,,,,,,,,
2026-08-14T13:38:58.445,1786707538.445214,7.106488,3,-3000,5.000000,224,-3000,0x04,single,295.771244,-3059,-0.008791,174,0,No fault,,,,,,,,,
2026-08-14T13:38:58.460,1786707538.460740,7.122023,3,-3000,5.000000,225,-3000,0x04,single,295.046503,-3149,-0.020513,174,0,No fault,,,,,,,,,
2026-08-14T13:38:58.466,1786707538.466036,7.127322,3,-3000,5.000000,226,-3000,0x04,single,293.597021,-2881,-0.038095,174,0,No fault,,,,,,,,,
2026-08-14T13:38:58.471,1786707538.471347,7.132630,3,-3000,5.000000,227,-3000,0x04,single,291.422797,-2970,-0.055678,173,0,No fault,,,,,,,,,
2026-08-14T13:38:58.476,1786707538.476636,7.137914,3,-3000,5.000000,228,-3000,0x04,single,291.049446,-2925,-0.049817,174,0,No fault,,,,,,,,,
2026-08-14T13:38:58.481,1786707538.481909,7.143188,3,-3000,5.000000,229,-3000,0x04,single,290.676094,-2791,-0.026374,171,0,No fault,,,,,,,,,
2026-08-14T13:38:58.487,1786707538.487175,7.148451,3,-3000,5.000000,230,-3000,0x04,single,289.929391,-3193,-0.002930,174,0,No fault,,,,,,,,,
2026-08-14T13:38:58.492,1786707538.492443,7.153727,3,-3000,5.000000,231,-3000,0x04,single,289.204650,-2970,-0.026374,174,0,No fault,,,,,,,,,
2026-08-14T13:38:58.497,1786707538.497792,7.159079,3,-3000,5.000000,232,-3000,0x04,single,288.479909,-2836,-0.055678,174,0,No fault,,,,,,,,,
2026-08-14T13:38:58.503,1786707538.503126,7.164408,3,-3000,5.000000,233,-3000,0x04,single,287.755168,-3059,-0.020513,174,0,No fault,,,,,,,,,
2026-08-14T13:38:58.508,1786707538.508407,7.169685,3,-3000,5.000000,234,-3000,0x04,single,287.030427,-2970,-0.002930,172,0,No fault,,,,,,,,,
2026-08-14T13:38:58.513,1786707538.513681,7.174959,3,-3000,5.000000,235,-3000,0x04,single,286.305686,-2970,-0.043956,174,0,No fault,,,,,,,,,
2026-08-14T13:38:58.518,1786707538.518947,7.180225,3,-3000,5.000000,236,-3000,0x04,single,285.580945,-3015,-0.055678,174,0,No fault,,,,,,,,,
2026-08-14T13:38:58.524,1786707538.524210,7.185491,3,-3000,5.000000,237,-3000,0x04,single,284.878165,-2836,-0.061538,174,0,No fault,,,,,,,,,
2026-08-14T13:38:58.529,1786707538.529492,7.190770,3,-3000,5.000000,238,-3000,0x04,single,284.153424,-2925,-0.020513,174,0,No fault,,,,,,,,,
2026-08-14T13:38:58.534,1786707538.534753,7.196028,3,-3000,5.000000,239,-3000,0x04,single,283.428683,-2925,-0.067399,174,0,No fault,,,,,,,,,
2026-08-14T13:38:58.540,1786707538.540013,7.201290,3,-3000,5.000000,240,-3000,0x04,single,282.681980,-3238,-0.067399,174,0,No fault,,,,,,,,,
2026-08-14T13:38:58.545,1786707538.545277,7.206552,3,-3000,5.000000,241,-3000,0x04,single,281.979201,-2925,-0.055678,174,0,No fault,,,,,,,,,
2026-08-14T13:38:58.550,1786707538.550709,7.211983,3,-3000,5.000000,242,-3000,0x04,single,280.529719,-3149,-0.043956,172,0,No fault,,,,,,,,,
2026-08-14T13:38:58.556,1786707538.556092,7.217372,3,-3000,5.000000,243,-3000,0x04,single,279.783016,-3193,-0.061538,175,0,No fault,,,,,,,,,
2026-08-14T13:38:58.561,1786707538.561498,7.222781,3,-3000,5.000000,244,-3000,0x04,single,279.058274,-3015,-0.032234,174,0,No fault,,,,,,,,,
2026-08-14T13:38:58.566,1786707538.566795,7.228074,3,-3000,5.000000,245,-3000,0x04,single,278.355495,-3015,-0.008791,174,0,No fault,,,,,,,,,
2026-08-14T13:38:58.572,1786707538.572091,7.233369,3,-3000,5.000000,246,-3000,0x04,single,277.630754,-3104,-0.055678,174,0,No fault,,,,,,,,,
2026-08-14T13:38:58.577,1786707538.577386,7.238666,3,-3000,5.000000,247,-3000,0x04,single,276.906013,-2881,-0.049817,174,0,No fault,,,,,,,,,
2026-08-14T13:38:58.582,1786707538.582724,7.243998,3,-3000,5.000000,248,-3000,0x04,single,276.181272,-3193,-0.043956,171,0,No fault,,,,,,,,,
2026-08-14T13:38:58.587,1786707538.587990,7.249262,3,-3000,5.000000,249,-3000,0x04,single,275.456531,-2925,0.008791,174,0,No fault,,,,,,,,,
2026-08-14T13:38:58.593,1786707538.593251,7.254528,3,-3000,5.000000,250,-3000,0x04,single,274.709828,-3015,-0.043956,175,0,No fault,,,,,,,,,
2026-08-14T13:38:58.598,1786707538.598525,7.259797,3,-3000,5.000000,251,-3000,0x04,single,273.985087,-3149,-0.032234,174,0,No fault,,,,,,,,,
2026-08-14T13:38:58.603,1786707538.603801,7.265076,3,-3000,5.000000,252,-3000,0x04,single,273.260346,-2836,-0.026374,173,0,No fault,,,,,,,,,
2026-08-14T13:38:58.609,1786707538.609079,7.270354,3,-3000,5.000000,253,-3000,0x04,single,272.513643,-3149,0.014652,175,0,No fault,,,,,,,,,
2026-08-14T13:38:58.614,1786707538.614359,7.275642,3,-3000,5.000000,254,-3000,0x04,single,271.788901,-3104,-0.026374,174,0,No fault,,,,,,,,,
2026-08-14T13:38:58.619,1786707538.619673,7.280952,3,-3000,5.000000,255,-3000,0x04,single,271.042198,-3149,-0.020513,175,0,No fault,,,,,,,,,
2026-08-14T13:38:58.624,1786707538.624960,7.286243,3,-3000,5.000000,256,-3000,0x04,single,270.317457,-3193,0.002930,174,0,No fault,,,,,,,,,
2026-08-14T13:38:58.630,1786707538.630277,7.291554,3,-3000,5.000000,257,-3000,0x04,single,269.570754,-3238,0.008791,174,0,No fault,,,,,,,,,
2026-08-14T13:38:58.635,1786707538.635574,7.296850,3,-3000,5.000000,258,-3000,0x04,single,268.867975,-2791,-0.020513,174,0,No fault,,,,,,,,,
2026-08-14T13:38:58.640,1786707538.640852,7.302132,3,-3000,5.000000,259,-3000,0x04,single,268.121272,-3149,-0.026374,174,0,No fault,,,,,,,,,
2026-08-14T13:38:58.646,1786707538.646138,7.307416,3,-3000,5.000000,260,-3000,0x04,single,267.396531,-2970,0.008791,175,0,No fault,,,,,,,,,
2026-08-14T13:38:58.651,1786707538.651438,7.312724,3,-3000,5.000000,261,-3000,0x04,single,266.649828,-3104,0.008791,175,0,No fault,,,,,,,,,
2026-08-14T13:38:58.667,1786707538.667056,7.328349,3,-3000,5.000000,262,-3000,0x04,single,265.200346,-2970,-0.026374,174,0,No fault,,,,,,,,,
2026-08-14T13:38:58.672,1786707538.672433,7.333721,3,-3000,5.000000,263,-3000,0x04,single,264.475605,-2925,0.008791,174,0,No fault,,,,,,,,,
2026-08-14T13:38:58.677,1786707538.677747,7.339034,3,-3000,5.000000,264,-3000,0x04,single,262.169610,-3149,-0.014652,175,0,No fault,,,,,,,,,
2026-08-14T13:38:58.683,1786707538.683045,7.344330,3,-3000,5.000000,265,-3000,0x04,single,261.818221,-3015,-0.008791,172,0,No fault,,,,,,,,,
2026-08-14T13:38:58.688,1786707538.688334,7.349613,3,-3000,5.000000,266,-3000,0x04,single,261.444869,-2747,-0.014652,174,0,No fault,,,,,,,,,
2026-08-14T13:38:58.693,1786707538.693607,7.354885,3,-3000,5.000000,267,-3000,0x04,single,260.720128,-2881,-0.020513,174,0,No fault,,,,,,,,,
2026-08-14T13:38:58.698,1786707538.698876,7.360154,3,-3000,5.000000,268,-3000,0x04,single,259.973425,-3149,-0.073260,174,0,No fault,,,,,,,,,
2026-08-14T13:38:58.704,1786707538.704156,7.365432,3,-3000,5.000000,269,-3000,0x04,single,259.270646,-3059,-0.038095,171,0,No fault,,,,,,,,,
2026-08-14T13:38:58.709,1786707538.709415,7.370732,3,-3000,5.000000,270,-3000,0x04,single,258.545905,-3015,-0.008791,174,0,No fault,,,,,,,,,
2026-08-14T13:38:58.714,1786707538.714977,7.376255,3,-3000,5.000000,271,-3000,0x04,single,257.096422,-3059,-0.079121,173,0,No fault,,,,,,,,,
2026-08-14T13:38:58.720,1786707538.720528,7.381812,3,-3000,5.000000,272,-3000,0x04,single,256.371681,-3059,-0.055678,175,0,No fault,,,,,,,,,
2026-08-14T13:38:58.725,1786707538.725846,7.387150,3,-3000,5.000000,273,-3000,0x04,single,255.624978,-3015,-0.020513,174,0,No fault,,,,,,,,,
2026-08-14T13:38:58.731,1786707538.731246,7.392530,3,-3000,5.000000,274,-3000,0x04,single,254.922199,-3104,-0.049817,174,0,No fault,,,,,,,,,
2026-08-14T13:38:58.736,1786707538.736549,7.397829,3,-3000,5.000000,275,-3000,0x04,single,254.197458,-3104,-0.061538,174,0,No fault,,,,,,,,,
2026-08-14T13:38:58.741,1786707538.741839,7.403130,3,-3000,5.000000,276,-3000,0x04,single,253.472717,-2836,-0.043956,174,0,No fault,,,,,,,,,
2026-08-14T13:38:58.747,1786707538.747194,7.408499,3,-3000,5.000000,277,-3000,0x04,single,252.747976,-2925,-0.020513,174,0,No fault,,,,,,,,,
2026-08-14T13:38:58.752,1786707538.752605,7.413901,3,-3000,5.000000,278,-3000,0x04,single,252.023234,-3104,-0.055678,174,0,No fault,,,,,,,,,
2026-08-14T13:38:58.757,1786707538.757952,7.419234,3,-3000,5.000000,279,-3000,0x04,single,251.276531,-3059,-0.049817,173,0,No fault,,,,,,,,,
2026-08-14T13:38:58.763,1786707538.763269,7.424557,3,-3000,5.000000,280,-3000,0x04,single,250.551790,-2970,-0.043956,174,0,No fault,,,,,,,,,
2026-08-14T13:38:58.768,1786707538.768614,7.429900,3,-3000,5.000000,281,-3000,0x04,single,249.827049,-3104,-0.020513,174,0,No fault,,,,,,,,,
2026-08-14T13:38:58.773,1786707538.773934,7.435216,3,-3000,5.000000,282,-3000,0x04,single,249.102308,-3238,-0.055678,174,0,No fault,,,,,,,,,
2026-08-14T13:38:58.779,1786707538.779862,7.441137,3,-3000,5.000000,283,-3000,0x04,single,248.377567,-3059,-0.055678,176,0,No fault,,,,,,,,,
2026-08-14T13:38:58.785,1786707538.785235,7.446522,3,-3000,5.000000,284,-3000,0x04,single,247.652826,-2970,-0.026374,174,0,No fault,,,,,,,,,
2026-08-14T13:38:58.791,1786707538.791200,7.452480,3,-3000,5.000000,285,-3000,0x04,single,246.928085,-3327,-0.002930,171,0,No fault,,,,,,,,,
2026-08-14T13:38:58.799,1786707538.799624,7.460900,3,-3000,5.000000,286,-3000,0x04,single,245.478603,-2881,-0.038095,174,0,No fault,,,,,,,,,
2026-08-14T13:38:58.804,1786707538.804847,7.466120,3,-3000,5.000000,287,-3000,0x04,single,244.753861,-2881,-0.032234,174,0,No fault,,,,,,,,,
2026-08-14T13:38:58.810,1786707538.810081,7.471366,3,-3000,5.000000,288,-3000,0x04,single,244.051082,-2613,0.002930,176,0,No fault,,,,,,,,,
2026-08-14T13:38:58.815,1786707538.815372,7.476649,3,-3000,5.000000,289,-3000,0x04,single,243.304379,-2970,-0.049817,175,0,No fault,,,,,,,,,
2026-08-14T13:38:58.820,1786707538.820657,7.481934,3,-3000,5.000000,290,-3000,0x04,single,242.579638,-3104,-0.043956,174,0,No fault,,,,,,,,,
2026-08-14T13:38:58.825,1786707538.825931,7.487211,3,-3000,5.000000,291,-3000,0x04,single,241.854897,-3059,-0.026374,174,0,No fault,,,,,,,,,
2026-08-14T13:38:58.831,1786707538.831212,7.492488,3,-3000,5.000000,292,-3000,0x04,single,241.130156,-2970,0.002930,174,0,No fault,,,,,,,,,
2026-08-14T13:38:58.836,1786707538.836487,7.497760,3,-3000,5.000000,293,-3000,0x04,single,240.405415,-2881,-0.055678,174,0,No fault,,,,,,,,,
2026-08-14T13:38:58.841,1786707538.841741,7.503015,3,-3000,5.000000,294,-3000,0x04,single,239.680674,-3193,-0.061538,174,0,No fault,,,,,,,,,
2026-08-14T13:38:58.846,1786707538.846998,7.508273,3,-3000,5.000000,295,-3000,0x04,single,238.977894,-2791,-0.049817,174,0,No fault,,,,,,,,,
2026-08-14T13:38:58.852,1786707538.852269,7.513549,3,-3000,5.000000,296,-3000,0x04,single,238.231191,-3238,-0.020513,174,0,No fault,,,,,,,,,
2026-08-14T13:38:58.867,1786707538.867761,7.529054,3,-3000,5.000000,297,-3000,0x04,single,236.781709,-3149,-0.055678,175,0,No fault,,,,,,,,,
2026-08-14T13:38:58.873,1786707538.873121,7.534405,3,-3000,5.000000,298,-3000,0x04,single,236.078930,-3059,-0.038095,174,0,No fault,,,,,,,,,
2026-08-14T13:38:58.878,1786707538.878421,7.539710,3,-3000,5.000000,299,-3000,0x04,single,233.860783,-2970,-0.049817,174,0,No fault,,,,,,,,,
2026-08-14T13:38:58.883,1786707538.883940,7.545217,3,-3000,5.000000,300,-3000,0x04,single,233.114080,-2657,-0.020513,174,0,No fault,,,,,,,,,
2026-08-14T13:38:58.889,1786707538.889361,7.550641,3,-3000,5.000000,301,-3000,0x04,single,232.345415,-2970,-0.014652,174,0,No fault,,,,,,,,,
2026-08-14T13:38:58.894,1786707538.894871,7.556153,3,-3000,5.000000,302,-3000,0x04,single,231.642636,-2836,-0.032234,173,0,No fault,,,,,,,,,
2026-08-14T13:38:58.900,1786707538.900171,7.561448,3,-3000,5.000000,303,-3000,0x04,single,230.917895,-3104,-0.055678,174,0,No fault,,,,,,,,,
2026-08-14T13:38:58.905,1786707538.905496,7.566773,3,-3000,5.000000,304,-3000,0x04,single,230.193153,-2925,-0.008791,174,0,No fault,,,,,,,,,
2026-08-14T13:38:58.910,1786707538.910768,7.572042,3,-3000,5.000000,305,-3000,0x04,single,229.468412,-2970,-0.020513,174,0,No fault,,,,,,,,,
2026-08-14T13:38:58.916,1786707538.916047,7.577328,3,-3000,5.000000,306,-3000,0x04,single,228.721709,-3059,-0.038095,174,0,No fault,,,,,,,,,
2026-08-14T13:38:58.921,1786707538.921339,7.582615,3,-3000,5.000000,307,-3000,0x04,single,228.018930,-2925,-0.061538,174,0,No fault,,,,,,,,,
2026-08-14T13:38:58.926,1786707538.926641,7.587919,3,-3000,5.000000,308,-3000,0x04,single,227.272227,-3238,-0.008791,175,0,No fault,,,,,,,,,
2026-08-14T13:38:58.931,1786707538.931999,7.593276,3,-3000,5.000000,309,-3000,0x04,single,226.547486,-3149,-0.026374,174,0,No fault,,,,,,,,,
2026-08-14T13:38:58.937,1786707538.937275,7.598552,3,-3000,5.000000,310,-3000,0x04,single,225.844707,-2836,-0.043956,174,0,No fault,,,,,,,,,
2026-08-14T13:38:58.942,1786707538.942557,7.603833,3,-3000,5.000000,311,-3000,0x04,single,225.119966,-2970,-0.055678,175,0,No fault,,,,,,,,,
2026-08-14T13:38:58.947,1786707538.947830,7.609106,3,-3000,5.000000,312,-3000,0x04,single,224.395224,-2925,-0.026374,174,0,No fault,,,,,,,,,
2026-08-14T13:38:58.953,1786707538.953098,7.614372,3,-3000,5.000000,313,-3000,0x04,single,223.670483,-3104,-0.043956,175,0,No fault,,,,,,,,,
2026-08-14T13:38:58.958,1786707538.958358,7.619635,3,-3000,5.000000,314,-3000,0x04,single,222.945742,-3193,-0.067399,174,0,No fault,,,,,,,,,
2026-08-14T13:38:58.963,1786707538.963638,7.624914,3,-3000,5.000000,315,-3000,0x04,single,222.242963,-2970,-0.067399,175,0,No fault,,,,,,,,,
2026-08-14T13:38:58.968,1786707538.968915,7.630191,3,-3000,5.000000,316,-3000,0x04,single,221.518222,-2970,-0.032234,174,0,No fault,,,,,,,,,
2026-08-14T13:38:58.974,1786707538.974180,7.635457,3,-3000,5.000000,317,-3000,0x04,single,220.771519,-3015,-0.032234,174,0,No fault,,,,,,,,,
2026-08-14T13:38:58.979,1786707538.979465,7.640742,3,-3000,5.000000,318,-3000,0x04,single,220.046778,-3149,-0.055678,175,0,No fault,,,,,,,,,
2026-08-14T13:38:58.984,1786707538.984746,7.646019,3,-3000,5.000000,319,-3000,0x04,single,219.322037,-3059,-0.043956,174,0,No fault,,,,,,,,,
2026-08-14T13:38:58.990,1786707538.990010,7.651287,3,-3000,5.000000,320,-3000,0x04,single,218.597295,-3059,-0.008791,176,0,No fault,,,,,,,,,
2026-08-14T13:38:58.995,1786707538.995293,7.656568,3,-3000,5.000000,321,-3000,0x04,single,217.894516,-2970,-0.043956,174,0,No fault,,,,,,,,,
2026-08-14T13:38:59.000,1786707539.000589,7.661876,3,-3000,5.000000,322,-3000,0x04,single,217.147813,-3015,-0.073260,174,0,No fault,,,,,,,,,
2026-08-14T13:38:59.005,1786707539.005970,7.667260,3,-3000,5.000000,323,-3000,0x04,single,216.423072,-3059,-0.055678,174,0,No fault,,,,,,,,,
2026-08-14T13:38:59.011,1786707539.011539,7.672821,3,-3000,5.000000,324,-3000,0x04,single,214.973590,-3015,-0.020513,173,0,No fault,,,,,,,,,
2026-08-14T13:38:59.016,1786707539.016980,7.678261,3,-3000,5.000000,325,-3000,0x04,single,214.226887,-3015,-0.038095,175,0,No fault,,,,,,,,,
2026-08-14T13:38:59.022,1786707539.022263,7.683539,3,-3000,5.000000,326,-3000,0x04,single,213.502146,-2881,-0.008791,174,0,No fault,,,,,,,,,
2026-08-14T13:38:59.027,1786707539.027554,7.688830,3,-3000,5.000000,327,-3000,0x04,single,212.777405,-2970,0.008791,172,0,No fault,,,,,,,,,
2026-08-14T13:38:59.032,1786707539.032834,7.694110,3,-3000,5.000000,328,-3000,0x04,single,212.030702,-3059,-0.008791,174,0,No fault,,,,,,,,,
2026-08-14T13:38:59.038,1786707539.038126,7.699407,3,-3000,5.000000,329,-3000,0x04,single,211.305961,-3059,-0.026374,175,0,No fault,,,,,,,,,
2026-08-14T13:38:59.043,1786707539.043509,7.704785,3,-3000,5.000000,330,-3000,0x04,single,210.559258,-3193,0.002930,174,0,No fault,,,,,,,,,
2026-08-14T13:38:59.048,1786707539.048782,7.710059,3,-3000,5.000000,331,-3000,0x04,single,209.834516,-2925,0.014652,174,0,No fault,,,,,,,,,
2026-08-14T13:38:59.054,1786707539.054059,7.715335,3,-3000,5.000000,332,-3000,0x04,single,209.109775,-3193,-0.020513,174,0,No fault,,,,,,,,,
2026-08-14T13:38:59.069,1786707539.069482,7.730758,3,-3000,5.000000,333,-3000,0x04,single,208.385034,-2881,-0.026374,174,0,No fault,,,,,,,,,
2026-08-14T13:38:59.074,1786707539.074798,7.736079,3,-3000,5.000000,334,-3000,0x04,single,206.891628,-3104,0.026374,174,0,No fault,,,,,,,,,
2026-08-14T13:38:59.080,1786707539.080102,7.741377,3,-3000,5.000000,335,-3000,0x04,single,204.651519,-3059,0.002930,173,0,No fault,,,,,,,,,
2026-08-14T13:38:59.085,1786707539.085386,7.746661,3,-3000,5.000000,336,-3000,0x04,single,204.278168,-2925,0.014652,175,0,No fault,,,,,,,,,
2026-08-14T13:38:59.090,1786707539.090688,7.751963,3,-3000,5.000000,337,-3000,0x04,single,203.882855,-3104,0.002930,173,0,No fault,,,,,,,,,
2026-08-14T13:38:59.095,1786707539.095955,7.757231,3,-3000,5.000000,338,-3000,0x04,single,203.180075,-2836,-0.032234,174,0,No fault,,,,,,,,,
2026-08-14T13:38:59.101,1786707539.101237,7.762514,3,-3000,5.000000,339,-3000,0x04,single,202.411410,-3327,-0.032234,176,0,No fault,,,,,,,,,
2026-08-14T13:38:59.106,1786707539.106499,7.767772,3,-3000,5.000000,340,-3000,0x04,single,201.708631,-2925,-0.008791,174,0,No fault,,,,,,,,,
2026-08-14T13:38:59.111,1786707539.111750,7.773023,3,-3000,5.000000,341,-3000,0x04,single,200.983890,-2970,-0.014652,174,0,No fault,,,,,,,,,
2026-08-14T13:38:59.117,1786707539.117019,7.778295,3,-3000,5.000000,342,-3000,0x04,single,200.259149,-2613,-0.038095,174,0,No fault,,,,,,,,,
2026-08-14T13:38:59.122,1786707539.122301,7.783576,3,-3000,5.000000,343,-3000,0x04,single,199.534408,-3104,-0.067399,174,0,No fault,,,,,,,,,
2026-08-14T13:38:59.127,1786707539.127583,7.788864,3,-3000,5.000000,344,-3000,0x04,single,198.809667,-3015,-0.020513,174,0,No fault,,,,,,,,,
2026-08-14T13:38:59.132,1786707539.132886,7.794163,3,-3000,5.000000,345,-3000,0x04,single,198.084926,-3104,-0.032234,177,0,No fault,,,,,,,,,
2026-08-14T13:38:59.138,1786707539.138166,7.799443,3,-3000,5.000000,346,-3000,0x04,single,197.360184,-3015,-0.043956,174,0,No fault,,,,,,,,,
2026-08-14T13:38:59.143,1786707539.143454,7.804728,3,-3000,5.000000,347,-3000,0x04,single,196.657405,-2702,-0.079121,175,0,No fault,,,,,,,,,
2026-08-14T13:38:59.148,1786707539.148724,7.809998,3,-3000,5.000000,348,-3000,0x04,single,195.932664,-2836,-0.014652,174,0,No fault,,,,,,,,,
2026-08-14T13:38:59.154,1786707539.154003,7.815283,3,-3000,5.000000,349,-3000,0x04,single,195.207923,-3059,-0.049817,175,0,No fault,,,,,,,,,
2026-08-14T13:38:59.159,1786707539.159286,7.820563,3,-3000,5.000000,350,-3000,0x04,single,194.483182,-3149,-0.067399,175,0,No fault,,,,,,,,,
2026-08-14T13:38:59.164,1786707539.164568,7.825843,3,-3000,5.000000,351,-3000,0x04,single,193.758441,-2925,-0.061538,176,0,No fault,,,,,,,,,
2026-08-14T13:38:59.169,1786707539.169832,7.831107,3,-3000,5.000000,352,-3000,0x04,single,193.033700,-2925,-0.032234,174,0,No fault,,,,,,,,,
2026-08-14T13:38:59.175,1786707539.175121,7.836399,3,-3000,5.000000,353,-3000,0x04,single,192.308958,-2925,-0.032234,174,0,No fault,,,,,,,,,
2026-08-14T13:38:59.180,1786707539.180632,7.841914,3,-3000,5.000000,354,-3000,0x04,single,190.859476,-3059,-0.055678,175,0,No fault,,,,,,,,,
2026-08-14T13:38:59.186,1786707539.186131,7.847416,3,-3000,5.000000,355,-3000,0x04,single,190.112773,-3104,-0.026374,174,0,No fault,,,,,,,,,
2026-08-14T13:38:59.191,1786707539.191425,7.852703,3,-3000,5.000000,356,-3000,0x04,single,189.409994,-2970,-0.026374,174,0,No fault,,,,,,,,,
2026-08-14T13:38:59.196,1786707539.196708,7.857988,3,-3000,5.000000,357,-3000,0x04,single,188.685253,-2836,-0.049817,174,0,No fault,,,,,,,,,
2026-08-14T13:38:59.201,1786707539.201985,7.863262,3,-3000,5.000000,358,-3000,0x04,single,187.938550,-3104,-0.043956,175,0,No fault,,,,,,,,,
2026-08-14T13:38:59.207,1786707539.207392,7.868669,3,-3000,5.000000,359,-3000,0x04,single,187.235771,-2791,-0.002930,173,0,No fault,,,,,,,,,
2026-08-14T13:38:59.212,1786707539.212671,7.873941,3,-3000,5.000000,360,-3000,0x04,single,186.467106,-3238,-0.020513,174,0,No fault,,,,,,,,,
2026-08-14T13:38:59.217,1786707539.217918,7.879195,3,-3000,5.000000,361,-3000,0x04,single,185.742365,-3059,-0.038095,171,0,No fault,,,,,,,,,
2026-08-14T13:38:59.223,1786707539.223221,7.884509,3,-3000,5.000000,362,-3000,0x04,single,185.039585,-2881,-0.026374,173,0,No fault,,,,,,,,,
2026-08-14T13:38:59.228,1786707539.228584,7.889886,3,-3000,5.000000,363,-3000,0x04,single,184.292882,-3149,-0.008791,174,0,No fault,,,,,,,,,
2026-08-14T13:38:59.233,1786707539.233956,7.895244,3,-3000,5.000000,364,-3000,0x04,single,183.568141,-3104,-0.020513,174,0,No fault,,,,,,,,,
2026-08-14T13:38:59.239,1786707539.239278,7.900571,3,-3000,5.000000,365,-3000,0x04,single,182.843400,-3104,-0.055678,174,0,No fault,,,,,,,,,
2026-08-14T13:38:59.244,1786707539.244635,7.905928,3,-3000,5.000000,366,-3000,0x04,single,182.118659,-3104,-0.026374,176,0,No fault,,,,,,,,,
2026-08-14T13:38:59.250,1786707539.250027,7.911341,3,-3000,5.000000,367,-3000,0x04,single,181.393918,-3059,-0.002930,176,0,No fault,,,,,,,,,
2026-08-14T13:38:59.255,1786707539.255749,7.917044,3,-3000,5.000000,368,-3000,0x04,single,180.669177,-3149,-0.026374,174,0,No fault,,,,,,,,,
2026-08-14T13:38:59.261,1786707539.261276,7.922565,3,-3000,5.000000,369,-3000,0x04,single,179.944436,-3104,-0.061538,174,0,No fault,,,,,,,,,
2026-08-14T13:38:59.276,1786707539.276857,7.938148,3,-3000,5.000000,370,-3000,0x04,single,178.494953,-2881,-0.014652,174,0,No fault,,,,,,,,,
2026-08-14T13:38:59.282,1786707539.282222,7.943506,3,-3000,5.000000,371,-3000,0x04,single,177.770212,-2925,-0.038095,172,0,No fault,,,,,,,,,
2026-08-14T13:38:59.287,1786707539.287539,7.948823,3,-3000,5.000000,372,-3000,0x04,single,175.552065,-3059,0.002930,174,0,No fault,,,,,,,,,
2026-08-14T13:38:59.292,1786707539.292846,7.954130,3,-3000,5.000000,373,-3000,0x04,single,175.178714,-3015,-0.020513,174,0,No fault,,,,,,,,,
2026-08-14T13:38:59.298,1786707539.298145,7.959425,3,-3000,5.000000,374,-3000,0x04,single,174.805362,-2881,-0.038095,176,0,No fault,,,,,,,,,
2026-08-14T13:38:59.303,1786707539.303726,7.965008,3,-3000,5.000000,375,-3000,0x04,single,173.333918,-3238,-0.043956,174,0,No fault,,,,,,,,,
2026-08-14T13:38:59.309,1786707539.309177,7.970456,3,-3000,5.000000,376,-3000,0x04,single,172.609177,-3015,0.008791,174,0,No fault,,,,,,,,,
2026-08-14T13:38:59.314,1786707539.314462,7.975740,3,-3000,5.000000,377,-3000,0x04,single,171.840512,-3372,-0.043956,174,0,No fault,,,,,,,,,
2026-08-14T13:38:59.319,1786707539.319731,7.981006,3,-3000,5.000000,378,-3000,0x04,single,171.159695,-3015,-0.038095,174,0,No fault,,,,,,,,,
2026-08-14T13:38:59.325,1786707539.325019,7.986304,3,-3000,5.000000,379,-3000,0x04,single,170.434954,-3015,-0.020513,174,0,No fault,,,,,,,,,
2026-08-14T13:38:59.330,1786707539.330307,7.991584,3,-3000,5.000000,380,-3000,0x04,single,169.688251,-3015,0.008791,175,0,No fault,,,,,,,,,
2026-08-14T13:38:59.335,1786707539.335591,7.996867,3,-3000,5.000000,381,-3000,0x04,single,168.963510,-3059,-0.038095,174,0,No fault,,,,,,,,,
2026-08-14T13:38:59.340,1786707539.340873,8.002149,3,-3000,5.000000,382,-3000,0x04,single,168.238768,-2925,-0.032234,178,0,No fault,,,,,,,,,
2026-08-14T13:38:59.346,1786707539.346142,8.007421,3,-3000,5.000000,383,-3000,0x04,single,167.514027,-3059,-0.032234,174,0,No fault,,,,,,,,,
2026-08-14T13:38:59.351,1786707539.351423,8.012698,3,-3000,5.000000,384,-3000,0x04,single,166.789286,-3015,-0.002930,174,0,No fault,,,,,,,,,
2026-08-14T13:38:59.356,1786707539.356699,8.017976,3,-3000,5.000000,385,-3000,0x04,single,166.064545,-3283,-0.038095,174,0,No fault,,,,,,,,,
2026-08-14T13:38:59.361,1786707539.361972,8.023247,3,-3000,5.000000,386,-3000,0x04,single,165.339804,-2970,-0.055678,175,0,No fault,,,,,,,,,
2026-08-14T13:38:59.367,1786707539.367332,8.028609,3,-3000,5.000000,387,-3000,0x04,single,164.615063,-3104,-0.026374,170,0,No fault,,,,,,,,,
2026-08-14T13:38:59.372,1786707539.372611,8.033889,3,-3000,5.000000,388,-3000,0x04,single,163.890322,-3193,-0.020513,175,0,No fault,,,,,,,,,
2026-08-14T13:38:59.377,1786707539.377900,8.039181,3,-3000,5.000000,389,-3000,0x04,single,163.165581,-3015,-0.067399,174,0,No fault,,,,,,,,,
2026-08-14T13:38:59.383,1786707539.383184,8.044461,3,-3000,5.000000,390,-3000,0x04,single,162.440840,-3283,-0.061538,173,0,No fault,,,,,,,,,
2026-08-14T13:38:59.388,1786707539.388461,8.049738,3,-3000,5.000000,391,-3000,0x04,single,161.738060,-3015,-0.043956,175,0,No fault,,,,,,,,,
2026-08-14T13:38:59.393,1786707539.393722,8.055000,3,-3000,5.000000,392,-3000,0x04,single,161.013319,-2881,-0.026374,174,0,No fault,,,,,,,,,
2026-08-14T13:38:59.398,1786707539.398989,8.060260,3,-3000,5.000000,393,-3000,0x04,single,160.288578,-2970,-0.043956,174,0,No fault,,,,,,,,,
2026-08-14T13:38:59.404,1786707539.404250,8.065525,3,-3000,5.000000,394,-3000,0x04,single,159.541875,-3104,-0.061538,174,0,No fault,,,,,,,,,
2026-08-14T13:38:59.409,1786707539.409514,8.070791,3,-3000,5.000000,395,-3000,0x04,single,158.817134,-2970,-0.008791,175,0,No fault,,,,,,,,,
2026-08-14T13:38:59.414,1786707539.414783,8.076055,3,-3000,5.000000,396,-3000,0x04,single,158.092393,-3059,-0.038095,174,0,No fault,,,,,,,,,
2026-08-14T13:38:59.420,1786707539.420054,8.081331,3,-3000,5.000000,397,-3000,0x04,single,157.367652,-3059,-0.043956,173,0,No fault,,,,,,,,,
2026-08-14T13:38:59.425,1786707539.425330,8.086607,3,-3000,5.000000,398,-3000,0x04,single,156.664872,-2970,-0.073260,174,0,No fault,,,,,,,,,
2026-08-14T13:38:59.430,1786707539.430638,8.091917,3,-3000,5.000000,399,-3000,0x04,single,155.918169,-3193,-0.002930,174,0,No fault,,,,,,,,,
2026-08-14T13:38:59.435,1786707539.435914,8.097195,3,-3000,5.000000,400,-3000,0x04,single,155.193428,-2925,-0.008791,174,0,No fault,,,,,,,,,
2026-08-14T13:38:59.441,1786707539.441484,8.102768,3,-3000,5.000000,401,-3000,0x04,single,153.721984,-3059,-0.032234,174,0,No fault,,,,,,,,,
2026-08-14T13:38:59.446,1786707539.446950,8.108228,3,-3000,5.000000,402,-3000,0x04,single,152.997243,-2881,0.002930,174,0,No fault,,,,,,,,,
2026-08-14T13:38:59.452,1786707539.452225,8.113501,3,-3000,5.000000,403,-3000,0x04,single,152.250540,-3059,-0.002930,174,0,No fault,,,,,,,,,
2026-08-14T13:38:59.457,1786707539.457509,8.118785,3,-3000,5.000000,404,-3000,0x04,single,151.525799,-3015,-0.038095,174,0,No fault,,,,,,,,,
2026-08-14T13:38:59.462,1786707539.462800,8.124076,3,-3000,5.000000,405,-3000,0x04,single,150.779096,-3327,-0.020513,174,0,No fault,,,,,,,,,
2026-08-14T13:38:59.478,1786707539.478578,8.139874,3,-3000,5.000000,406,-3000,0x04,single,150.076317,-3104,0.020513,174,0,No fault,,,,,,,,,
2026-08-14T13:38:59.484,1786707539.484241,8.145525,3,-3000,5.000000,407,-3000,0x04,single,148.604873,-3149,-0.026374,174,0,No fault,,,,,,,,,
2026-08-14T13:38:59.489,1786707539.489648,8.150931,3,-3000,5.000000,408,-3000,0x04,single,146.496535,-2925,-0.008791,174,0,No fault,,,,,,,,,
2026-08-14T13:38:59.494,1786707539.494948,8.156229,3,-3000,5.000000,409,-3000,0x04,single,146.123183,-2970,-0.026374,175,0,No fault,,,,,,,,,
2026-08-14T13:38:59.500,1786707539.500230,8.161522,3,-3000,5.000000,410,-3000,0x04,single,145.727870,-2925,-0.026374,174,0,No fault,,,,,,,,,
2026-08-14T13:38:59.505,1786707539.505612,8.166901,3,-3000,5.000000,411,-3000,0x04,single,145.003129,-2747,-0.002930,174,0,No fault,,,,,,,,,
2026-08-14T13:38:59.510,1786707539.510923,8.172205,3,-3000,5.000000,412,-3000,0x04,single,144.256426,-2970,0.014652,174,0,No fault,,,,,,,,,
2026-08-14T13:38:59.516,1786707539.516198,8.177477,3,-3000,5.000000,413,-3000,0x04,single,143.531685,-3104,-0.008791,175,0,No fault,,,,,,,,,
2026-08-14T13:38:59.521,1786707539.521497,8.182777,3,-3000,5.000000,414,-3000,0x04,single,142.784982,-3104,-0.032234,177,0,No fault,,,,,,,,,
2026-08-14T13:38:59.526,1786707539.526763,8.188041,3,-3000,5.000000,415,-3000,0x04,single,142.082203,-2925,-0.002930,174,0,No fault,,,,,,,,,
2026-08-14T13:38:59.532,1786707539.532167,8.193447,3,-3000,5.000000,416,-3000,0x04,single,141.357461,-3015,0.008791,173,0,No fault,,,,,,,,,
2026-08-14T13:38:59.537,1786707539.537467,8.198749,3,-3000,5.000000,417,-3000,0x04,single,140.632720,-2836,-0.026374,175,0,No fault,,,,,,,,,
2026-08-14T13:38:59.542,1786707539.542745,8.204022,3,-3000,5.000000,418,-3000,0x04,single,139.907979,-3238,-0.084982,175,0,No fault,,,,,,,,,
2026-08-14T13:38:59.548,1786707539.548188,8.209467,3,-3000,5.000000,419,-3000,0x04,single,138.480459,-2881,-0.014652,175,0,No fault,,,,,,,,,
2026-08-14T13:38:59.553,1786707539.553623,8.214901,3,-3000,5.000000,420,-3000,0x04,single,137.733756,-2970,-0.038095,174,0,No fault,,,,,,,,,
2026-08-14T13:38:59.558,1786707539.558918,8.220198,3,-3000,5.000000,421,-3000,0x04,single,137.009015,-3059,-0.090842,174,0,No fault,,,,,,,,,
2026-08-14T13:38:59.564,1786707539.564221,8.225500,3,-3000,5.000000,422,-3000,0x04,single,136.328197,-2925,-0.061538,174,0,No fault,,,,,,,,,
2026-08-14T13:38:59.569,1786707539.569529,8.230808,3,-3000,5.000000,423,-3000,0x04,single,135.603456,-3015,-0.026374,174,0,No fault,,,,,,,,,
2026-08-14T13:38:59.574,1786707539.574837,8.236119,3,-3000,5.000000,424,-3000,0x04,single,134.878715,-2925,-0.061538,174,0,No fault,,,,,,,,,
2026-08-14T13:38:59.580,1786707539.580127,8.241404,3,-3000,5.000000,425,-3000,0x04,single,134.153974,-3015,-0.079121,174,0,No fault,,,,,,,,,
2026-08-14T13:38:59.585,1786707539.585406,8.246723,3,-3000,5.000000,426,-3000,0x04,single,133.429233,-2970,-0.049817,175,0,No fault,,,,,,,,,
2026-08-14T13:38:59.590,1786707539.590738,8.252018,3,-3000,5.000000,427,-3000,0x04,single,132.726454,-2836,-0.038095,175,0,No fault,,,,,,,,,
2026-08-14T13:38:59.596,1786707539.596033,8.257313,3,-3000,5.000000,428,-3000,0x04,single,131.979751,-3238,-0.067399,175,0,No fault,,,,,,,,,
2026-08-14T13:38:59.601,1786707539.601317,8.262594,3,-3000,5.000000,429,-3000,0x04,single,131.276971,-3059,-0.073260,174,0,No fault,,,,,,,,,
2026-08-14T13:38:59.606,1786707539.606628,8.267904,3,-3000,5.000000,430,-3000,0x04,single,130.530268,-3015,-0.032234,174,0,No fault,,,,,,,,,
2026-08-14T13:38:59.611,1786707539.611896,8.273173,3,-3000,5.000000,431,-3000,0x04,single,129.827489,-3059,-0.020513,174,0,No fault,,,,,,,,,
2026-08-14T13:38:59.617,1786707539.617180,8.278456,3,-3000,5.000000,432,-3000,0x04,single,129.102748,-2970,-0.061538,174,0,No fault,,,,,,,,,
2026-08-14T13:38:59.622,1786707539.622450,8.283725,3,-3000,5.000000,433,-3000,0x04,single,128.378007,-3059,-0.073260,174,0,No fault,,,,,,,,,
2026-08-14T13:38:59.627,1786707539.627734,8.289011,3,-3000,5.000000,434,-3000,0x04,single,127.653266,-3015,-0.043956,173,0,No fault,,,,,,,,,
2026-08-14T13:38:59.633,1786707539.633011,8.294288,3,-3000,5.000000,435,-3000,0x04,single,126.928525,-3149,-0.008791,175,0,No fault,,,,,,,,,
2026-08-14T13:38:59.638,1786707539.638280,8.299556,3,-3000,5.000000,436,-3000,0x04,single,126.203783,-3059,-0.055678,174,0,No fault,,,,,,,,,
2026-08-14T13:38:59.643,1786707539.643549,8.304829,3,-3000,5.000000,437,-3000,0x04,single,125.479042,-3327,-0.067399,174,0,No fault,,,,,,,,,
2026-08-14T13:38:59.648,1786707539.648833,8.310109,3,-3000,5.000000,438,-3000,0x04,single,124.776263,-3059,-0.049817,174,0,No fault,,,,,,,,,
2026-08-14T13:38:59.654,1786707539.654109,8.315384,3,-3000,5.000000,439,-3000,0x04,single,124.051522,-2791,-0.008791,176,0,No fault,,,,,,,,,
2026-08-14T13:38:59.659,1786707539.659371,8.320647,3,-3000,5.000000,440,-3000,0x04,single,123.326781,-3015,-0.067399,174,0,No fault,,,,,,,,,
2026-08-14T13:38:59.664,1786707539.664644,8.325920,3,-3000,5.000000,441,-3000,0x04,single,122.602040,-3015,-0.067399,174,0,No fault,,,,,,,,,
2026-08-14T13:38:59.669,1786707539.669931,8.331207,3,-3000,5.000000,442,-3000,0x04,single,121.877299,-3149,-0.055678,174,0,No fault,,,,,,,,,
2026-08-14T13:38:59.680,1786707539.680362,8.341647,3,-3000,5.000000,443,-3000,0x04,single,121.174519,-2970,-0.020513,175,0,No fault,,,,,,,,,
2026-08-14T13:38:59.685,1786707539.685758,8.347039,3,-3000,5.000000,444,-3000,0x04,single,119.746999,-3015,-0.073260,175,0,No fault,,,,,,,,,
2026-08-14T13:38:59.691,1786707539.691121,8.352400,3,-3000,5.000000,445,-3000,0x04,single,117.682585,-3238,-0.084982,174,0,No fault,,,,,,,,,
2026-08-14T13:38:59.696,1786707539.696415,8.357696,3,-3000,5.000000,446,-3000,0x04,single,117.331195,-3015,-0.079121,174,0,No fault,,,,,,,,,
2026-08-14T13:38:59.701,1786707539.701715,8.362990,3,-3000,5.000000,447,-3000,0x04,single,116.957844,-2836,-0.084982,174,0,No fault,,,,,,,,,
2026-08-14T13:38:59.707,1786707539.707002,8.368279,3,-3000,5.000000,448,-3000,0x04,single,116.233103,-3238,-0.055678,174,0,No fault,,,,,,,,,
2026-08-14T13:38:59.712,1786707539.712281,8.373557,3,-3000,5.000000,449,-3000,0x04,single,115.508361,-3015,-0.038095,176,0,No fault,,,,,,,,,
2026-08-14T13:38:59.717,1786707539.717556,8.378832,3,-3000,5.000000,450,-3000,0x04,single,114.805582,-2836,-0.079121,174,0,No fault,,,,,,,,,
2026-08-14T13:38:59.722,1786707539.722836,8.384112,3,-3000,5.000000,451,-3000,0x04,single,114.080841,-3149,-0.079121,174,0,No fault,,,,,,,,,
2026-08-14T13:38:59.728,1786707539.728104,8.389397,3,-3000,5.000000,452,-3000,0x04,single,113.378062,-2925,-0.067399,174,0,No fault,,,,,,,,,
2026-08-14T13:38:59.733,1786707539.733474,8.394757,3,-3000,5.000000,453,-3000,0x04,single,112.631359,-3193,-0.043956,174,0,No fault,,,,,,,,,
2026-08-14T13:38:59.738,1786707539.738755,8.400031,3,-3000,5.000000,454,-3000,0x04,single,111.928580,-2925,-0.079121,171,0,No fault,,,,,,,,,
2026-08-14T13:38:59.744,1786707539.744040,8.405331,3,-3000,5.000000,455,-3000,0x04,single,111.203838,-2836,-0.090842,175,0,No fault,,,,,,,,,
2026-08-14T13:38:59.749,1786707539.749504,8.410824,3,-3000,5.000000,456,-3000,0x04,single,110.479097,-2970,-0.067399,174,0,No fault,,,,,,,,,
2026-08-14T13:38:59.754,1786707539.754941,8.416234,3,-3000,5.000000,457,-3000,0x04,single,109.754356,-3238,-0.049817,174,0,No fault,,,,,,,,,
2026-08-14T13:38:59.760,1786707539.760287,8.421579,3,-3000,5.000000,458,-3000,0x04,single,109.051577,-2925,-0.090842,174,0,No fault,,,,,,,,,
2026-08-14T13:38:59.765,1786707539.765608,8.426891,3,-3000,5.000000,459,-3000,0x04,single,108.326836,-2925,-0.090842,174,0,No fault,,,,,,,,,
2026-08-14T13:38:59.770,1786707539.770894,8.432169,3,-3000,5.000000,460,-3000,0x04,single,107.602095,-3149,-0.079121,174,0,No fault,,,,,,,,,
2026-08-14T13:38:59.776,1786707539.776107,8.437375,3,-3000,5.000000,461,-3000,0x04,single,106.899315,-2925,-0.049817,175,0,No fault,,,,,,,,,
2026-08-14T13:38:59.781,1786707539.781687,8.442967,3,-3000,5.000000,462,-3000,0x04,single,106.196536,-3015,-0.096703,174,0,No fault,,,,,,,,,
2026-08-14T13:38:59.787,1786707539.787013,8.448289,3,-3000,5.000000,463,-3000,0x04,single,105.471795,-3059,-0.096703,175,0,No fault,,,,,,,,,
2026-08-14T13:38:59.792,1786707539.792560,8.453840,3,-3000,5.000000,464,-3000,0x04,single,104.088198,-2925,-0.067399,176,0,No fault,,,,,,,,,
2026-08-14T13:38:59.798,1786707539.798003,8.459284,3,-3000,5.000000,465,-3000,0x04,single,103.363457,-2747,-0.126007,174,0,No fault,,,,,,,,,
2026-08-14T13:38:59.803,1786707539.803288,8.464564,3,-3000,5.000000,466,-3000,0x04,single,102.638716,-3104,-0.114286,174,0,No fault,,,,,,,,,
2026-08-14T13:38:59.808,1786707539.808586,8.469868,3,-3000,5.000000,467,-3000,0x04,single,101.957899,-2925,-0.108425,174,0,No fault,,,,,,,,,
2026-08-14T13:38:59.813,1786707539.813884,8.475162,3,-3000,5.000000,468,-3000,0x04,single,101.233158,-3059,-0.073260,174,0,No fault,,,,,,,,,
2026-08-14T13:38:59.819,1786707539.819170,8.480447,3,-3000,5.000000,469,-3000,0x04,single,100.530378,-2925,-0.096703,177,0,No fault,,,,,,,,,
2026-08-14T13:38:59.824,1786707539.824457,8.485738,3,-3000,5.000000,470,-3000,0x04,single,99.827599,-2791,-0.108425,176,0,No fault,,,,,,,,,
2026-08-14T13:38:59.829,1786707539.829741,8.491018,3,-3000,5.000000,471,-3000,0x04,single,99.102858,-2702,-0.090842,174,0,No fault,,,,,,,,,
2026-08-14T13:38:59.835,1786707539.835009,8.496286,3,-3000,5.000000,472,-3000,0x04,single,98.378117,-3104,-0.073260,174,0,No fault,,,,,,,,,
2026-08-14T13:38:59.840,1786707539.840279,8.501555,3,-3000,5.000000,473,-3000,0x04,single,97.697299,-2970,-0.114286,174,0,No fault,,,,,,,,,
2026-08-14T13:38:59.845,1786707539.845606,8.506882,3,-3000,5.000000,474,-3000,0x04,single,96.972558,-3059,-0.126007,175,0,No fault,,,,,,,,,
2026-08-14T13:38:59.850,1786707539.850888,8.512164,3,-3000,5.000000,475,-3000,0x04,single,96.269779,-2881,-0.102564,174,0,No fault,,,,,,,,,
2026-08-14T13:38:59.856,1786707539.856161,8.517441,3,-3000,5.000000,476,-3000,0x04,single,95.567000,-2836,-0.055678,176,0,No fault,,,,,,,,,
2026-08-14T13:38:59.861,1786707539.861475,8.522753,3,-3000,5.000000,477,-3000,0x04,single,94.842259,-2925,-0.120147,174,0,No fault,,,,,,,,,
2026-08-14T13:38:59.866,1786707539.866744,8.528020,3,-3000,5.000000,478,-3000,0x04,single,94.117517,-2881,-0.102564,175,0,No fault,,,,,,,,,
2026-08-14T13:38:59.872,1786707539.872015,8.533293,3,-3000,5.000000,479,-3000,0x04,single,93.414738,-2836,-0.102564,174,0,No fault,,,,,,,,,
2026-08-14T13:38:59.887,1786707539.887461,8.548742,3,-3000,5.000000,480,-3000,0x04,single,91.987218,-2970,-0.096703,175,0,No fault,,,,,,,,,
2026-08-14T13:38:59.892,1786707539.892738,8.554011,3,-3000,5.000000,481,-3000,0x04,single,91.284439,-2970,-0.102564,175,0,No fault,,,,,,,,,
2026-08-14T13:38:59.897,1786707539.897983,8.559264,3,-3000,5.000000,482,-3000,0x04,single,89.198063,-2970,-0.096703,174,0,No fault,,,,,,,,,
2026-08-14T13:38:59.903,1786707539.903260,8.564540,3,-3000,5.000000,483,-3000,0x04,single,88.846673,-2881,-0.102564,174,0,No fault,,,,,,,,,
2026-08-14T13:38:59.908,1786707539.908524,8.569799,3,-3000,5.000000,484,-3000,0x04,single,88.473321,-2791,-0.120147,175,0,No fault,,,,,,,,,
2026-08-14T13:38:59.913,1786707539.913795,8.575072,3,-3000,5.000000,485,-3000,0x04,single,87.748580,-2836,-0.073260,175,0,No fault,,,,,,,,,
2026-08-14T13:38:59.919,1786707539.919060,8.580338,3,-3000,5.000000,486,-3000,0x04,single,87.045801,-2791,-0.061538,174,0,No fault,,,,,,,,,
2026-08-14T13:38:59.924,1786707539.924321,8.585597,3,-3000,5.000000,487,-3000,0x04,single,86.343022,-2747,-0.102564,174,0,No fault,,,,,,,,,
2026-08-14T13:38:59.929,1786707539.929573,8.590849,3,-3000,5.000000,488,-3000,0x04,single,85.618281,-3015,-0.108425,174,0,No fault,,,,,,,,,
2026-08-14T13:38:59.934,1786707539.934824,8.596099,3,-3000,5.000000,489,-3000,0x04,single,84.915501,-2791,-0.102564,174,0,No fault,,,,,,,,,
2026-08-14T13:38:59.940,1786707539.940071,8.601346,3,-3000,5.000000,490,-3000,0x04,single,84.212722,-2925,-0.073260,174,0,No fault,,,,,,,,,
2026-08-14T13:38:59.945,1786707539.945532,8.606809,3,-3000,5.000000,491,-3000,0x04,single,82.785202,-3059,-0.137729,174,0,No fault,,,,,,,,,
2026-08-14T13:38:59.950,1786707539.950807,8.612085,3,-3000,5.000000,492,-3000,0x04,single,82.082422,-2925,-0.102564,174,0,No fault,,,,,,,,,
2026-08-14T13:38:59.956,1786707539.956258,8.617533,3,-3000,5.000000,493,-3000,0x04,single,81.379643,-2836,-0.120147,174,0,No fault,,,,,,,,,
2026-08-14T13:38:59.961,1786707539.961517,8.622800,3,-3000,5.000000,494,-3000,0x04,single,80.676864,-2747,-0.131868,175,0,No fault,,,,,,,,,
2026-08-14T13:38:59.966,1786707539.966800,8.628076,3,-3000,5.000000,495,-3000,0x04,single,79.974085,-3059,-0.178755,175,0,No fault,,,,,,,,,
2026-08-14T13:38:59.972,1786707539.972083,8.633360,3,-3000,5.000000,496,-3000,0x04,single,79.293267,-2657,-0.149451,175,0,No fault,,,,,,,,,
2026-08-14T13:38:59.977,1786707539.977365,8.638641,3,-3000,5.000000,497,-3000,0x04,single,78.590488,-2657,-0.143590,174,0,No fault,,,,,,,,,
2026-08-14T13:38:59.982,1786707539.982674,8.643950,3,-3000,5.000000,498,-3000,0x04,single,77.887709,-2836,-0.155311,173,0,No fault,,,,,,,,,
2026-08-14T13:38:59.987,1786707539.987947,8.649223,3,-3000,5.000000,499,-3000,0x04,single,77.206891,-2791,-0.172894,174,0,No fault,,,,,,,,,
2026-08-14T13:38:59.993,1786707539.993219,8.654499,3,-3000,5.000000,500,-3000,0x04,single,76.504112,-2970,-0.172894,175,0,No fault,,,,,,,,,
2026-08-14T13:38:59.998,1786707539.998490,8.659765,3,-3000,5.000000,501,-3000,0x04,single,75.823295,-2925,-0.149451,172,0,No fault,,,,,,,,,
2026-08-14T13:39:00.003,1786707540.003769,8.665057,3,-3000,5.000000,502,-3000,0x04,single,75.142477,-2657,-0.167033,174,0,No fault,,,,,,,,,
2026-08-14T13:39:00.009,1786707540.009321,8.670602,3,-3000,5.000000,503,-3000,0x04,single,74.439698,-2970,-0.184615,173,0,No fault,,,,,,,,,
2026-08-14T13:39:00.014,1786707540.014644,8.675926,3,-3000,5.000000,504,-3000,0x04,single,73.736919,-2747,-0.184615,175,0,No fault,,,,,,,,,
2026-08-14T13:39:00.019,1786707540.019908,8.681183,3,-3000,5.000000,505,-3000,0x04,single,73.034139,-2881,-0.161172,174,0,No fault,,,,,,,,,
2026-08-14T13:39:00.025,1786707540.025164,8.686438,3,-3000,5.000000,506,-3000,0x04,single,72.353322,-2970,-0.161172,172,0,No fault,,,,,,,,,
2026-08-14T13:39:00.030,1786707540.030427,8.691701,3,-3000,5.000000,507,-3000,0x04,single,71.672505,-2791,-0.178755,174,0,No fault,,,,,,,,,
2026-08-14T13:39:00.035,1786707540.035685,8.696960,3,-3000,5.000000,508,-3000,0x04,single,70.969725,-2970,-0.202198,174,0,No fault,,,,,,,,,
2026-08-14T13:39:00.040,1786707540.040940,8.702217,3,-3000,5.000000,509,-3000,0x04,single,70.288908,-2791,-0.167033,174,0,No fault,,,,,,,,,
2026-08-14T13:39:00.046,1786707540.046191,8.707469,3,-3000,5.000000,510,-3000,0x04,single,69.586129,-3104,-0.172894,174,0,No fault,,,,,,,,,
2026-08-14T13:39:00.051,1786707540.051449,8.712724,3,-3000,5.000000,511,-3000,0x04,single,68.905311,-2925,-0.172894,174,0,No fault,,,,,,,,,
2026-08-14T13:39:00.056,1786707540.056701,8.717975,3,-3000,5.000000,512,-3000,0x04,single,68.224494,-2702,-0.184615,172,0,No fault,,,,,,,,,
2026-08-14T13:39:00.061,1786707540.061945,8.723221,3,-3000,5.000000,513,-3000,0x04,single,67.521714,-3015,-0.167033,174,0,No fault,,,,,,,,,
2026-08-14T13:39:00.067,1786707540.067200,8.728475,3,-3000,5.000000,514,-3000,0x04,single,66.840897,-2702,-0.137729,174,0,No fault,,,,,,,,,
2026-08-14T13:39:00.072,1786707540.072451,8.733725,3,-3000,5.000000,515,-3000,0x04,single,66.138118,-3059,-0.190476,174,0,No fault,,,,,,,,,
2026-08-14T13:39:00.077,1786707540.077706,8.738982,3,-3000,5.000000,516,-3000,0x04,single,65.435339,-2881,-0.178755,174,0,No fault,,,,,,,,,
2026-08-14T13:39:00.088,1786707540.088051,8.749330,3,-3000,5.000000,517,-3000,0x04,single,64.776483,-2613,-0.196337,178,0,No fault,,,,,,,,,
2026-08-14T13:39:00.093,1786707540.093338,8.754624,3,-3000,5.000000,518,-3000,0x04,single,63.392886,-2881,-0.202198,174,0,No fault,,,,,,,,,
2026-08-14T13:39:00.098,1786707540.098677,8.759961,3,-3000,5.000000,519,-3000,0x04,single,61.438281,-2657,-0.184615,174,0,No fault,,,,,,,,,
2026-08-14T13:39:00.103,1786707540.103984,8.765267,3,-3000,5.000000,520,-3000,0x04,single,61.086892,-2925,-0.190476,173,0,No fault,,,,,,,,,
2026-08-14T13:39:00.109,1786707540.109281,8.770562,3,-3000,5.000000,521,-3000,0x04,single,60.713540,-2925,-0.202198,174,0,No fault,,,,,,,,,
2026-08-14T13:39:00.114,1786707540.114583,8.775863,3,-3000,5.000000,522,-3000,0x04,single,60.032723,-2836,-0.219780,174,0,No fault,,,,,,,,,
2026-08-14T13:39:00.119,1786707540.119856,8.781144,3,-3000,5.000000,523,-3000,0x04,single,59.351905,-2836,-0.219780,174,0,No fault,,,,,,,,,
2026-08-14T13:39:00.125,1786707540.125226,8.786516,3,-3000,5.000000,524,-3000,0x04,single,58.671088,-2881,-0.196337,174,0,No fault,,,,,,,,,
2026-08-14T13:39:00.130,1786707540.130527,8.791810,3,-3000,5.000000,525,-3000,0x04,single,57.990271,-3015,-0.208059,174,0,No fault,,,,,,,,,
2026-08-14T13:39:00.135,1786707540.135813,8.797092,3,-3000,5.000000,526,-3000,0x04,single,57.309453,-2791,-0.213919,175,0,No fault,,,,,,,,,
2026-08-14T13:39:00.141,1786707540.141083,8.802361,3,-3000,5.000000,527,-3000,0x04,single,56.628636,-2791,-0.237363,175,0,No fault,,,,,,,,,
2026-08-14T13:39:00.146,1786707540.146354,8.807632,3,-3000,5.000000,528,-3000,0x04,single,55.947818,-2702,-0.172894,174,0,No fault,,,,,,,,,
2026-08-14T13:39:00.151,1786707540.151642,8.812938,3,-3000,5.000000,529,-3000,0x04,single,55.267001,-2881,-0.213919,171,0,No fault,,,,,,,,,
2026-08-14T13:39:00.157,1786707540.157038,8.818322,3,-3000,5.000000,530,-3000,0x04,single,54.586184,-2836,-0.213919,176,0,No fault,,,,,,,,,
2026-08-14T13:39:00.162,1786707540.162319,8.823601,3,-3000,5.000000,531,-3000,0x04,single,53.883404,-3059,-0.231502,174,0,No fault,,,,,,,,,
2026-08-14T13:39:00.167,1786707540.167752,8.829031,3,-3000,5.000000,532,-3000,0x04,single,53.224549,-2925,-0.243223,174,0,No fault,,,,,,,,,
2026-08-14T13:39:00.173,1786707540.173026,8.834305,3,-3000,5.000000,533,-3000,0x04,single,52.543731,-2881,-0.184615,174,0,No fault,,,,,,,,,
2026-08-14T13:39:00.178,1786707540.178301,8.839601,3,-3000,5.000000,534,-3000,0x04,single,51.862914,-2747,-0.231502,174,0,No fault,,,,,,,,,
2026-08-14T13:39:00.183,1786707540.183675,8.844966,3,-3000,5.000000,535,-3000,0x04,single,51.182096,-2747,-0.231502,176,0,No fault,,,,,,,,,
2026-08-14T13:39:00.189,1786707540.189023,8.850313,3,-3000,5.000000,536,-3000,0x04,single,50.501279,-2791,-0.237363,175,0,No fault,,,,,,,,,
2026-08-14T13:39:00.194,1786707540.194310,8.855590,3,-3000,5.000000,537,-3000,0x04,single,49.820462,-3015,-0.208059,174,0,No fault,,,,,,,,,
2026-08-14T13:39:00.199,1786707540.199571,8.860847,3,-3000,5.000000,538,-3000,0x04,single,49.139644,-2702,-0.231502,174,0,No fault,,,,,,,,,
2026-08-14T13:39:00.204,1786707540.204829,8.866105,3,-3000,5.000000,539,-3000,0x04,single,48.458827,-2747,-0.231502,174,0,No fault,,,,,,,,,
2026-08-14T13:39:00.210,1786707540.210354,8.871634,3,-3000,5.000000,540,-3000,0x04,single,47.119154,-2747,-0.243223,174,0,No fault,,,,,,,,,
2026-08-14T13:39:00.215,1786707540.215788,8.877069,3,-3000,5.000000,541,-3000,0x04,single,46.460298,-2702,-0.243223,176,0,No fault,,,,,,,,,
2026-08-14T13:39:00.221,1786707540.221072,8.882352,3,-3000,5.000000,542,-3000,0x04,single,45.757519,-2836,-0.237363,170,0,No fault,,,,,,,,,
2026-08-14T13:39:00.226,1786707540.226358,8.887663,3,-3000,5.000000,543,-3000,0x04,single,45.098663,-2747,-0.249084,174,0,No fault,,,,,,,,,
2026-08-14T13:39:00.231,1786707540.231748,8.893051,3,-3000,5.000000,544,-3000,0x04,single,44.439808,-2613,-0.243223,175,0,No fault,,,,,,,,,
2026-08-14T13:39:00.237,1786707540.237100,8.898380,3,-3000,5.000000,545,-3000,0x04,single,43.737029,-2925,-0.260806,174,0,No fault,,,,,,,,,
2026-08-14T13:39:00.242,1786707540.242393,8.903680,3,-3000,5.000000,546,-3000,0x04,single,43.078173,-2791,-0.266667,175,0,No fault,,,,,,,,,
2026-08-14T13:39:00.247,1786707540.247717,8.908999,3,-3000,5.000000,547,-3000,0x04,single,42.419317,-2613,-0.266667,176,0,No fault,,,,,,,,,
2026-08-14T13:39:00.253,1786707540.253015,8.914327,3,-3000,5.000000,548,-3000,0x04,single,41.738500,-2881,-0.272527,175,0,No fault,,,,,,,,,
2026-08-14T13:39:00.258,1786707540.258487,8.919782,3,-3000,5.000000,549,-3000,0x04,single,41.079644,-2747,-0.237363,174,0,No fault,,,,,,,,,
2026-08-14T13:39:00.263,1786707540.263844,8.925138,3,-3000,5.000000,550,-3000,0x04,single,40.398827,-2657,-0.254945,173,0,No fault,,,,,,,,,
2026-08-14T13:39:00.269,1786707540.269163,8.930452,3,-3000,5.000000,551,-3000,0x04,single,39.718010,-2791,-0.278388,173,0,No fault,,,,,,,,,
2026-08-14T13:39:00.277,1786707540.277043,8.938318,3,-3000,5.000000,552,-3000,0x04,single,38.400299,-2791,-0.249084,174,0,No fault,,,,,,,,,
2026-08-14T13:39:00.292,1786707540.292517,8.953796,3,-3000,5.000000,553,-3000,0x04,single,37.741443,-2613,-0.278388,175,0,No fault,,,,,,,,,
2026-08-14T13:39:00.297,1786707540.297809,8.959081,3,-3000,5.000000,554,-3000,0x04,single,36.401770,-2747,-0.266667,176,0,No fault,,,,,,,,,
2026-08-14T13:39:00.303,1786707540.303043,8.964328,3,-3000,5.000000,555,-3000,0x04,single,34.491089,-2657,-0.249084,174,0,No fault,,,,,,,,,
2026-08-14T13:39:00.308,1786707540.308335,8.969615,3,-3000,5.000000,556,-3000,0x04,single,34.139699,-2836,-0.254945,174,0,No fault,,,,,,,,,
2026-08-14T13:39:00.313,1786707540.313609,8.974886,3,-3000,5.000000,557,-3000,0x04,single,33.788310,-2523,-0.278388,174,0,No fault,,,,,,,,,
2026-08-14T13:39:00.318,1786707540.318879,8.980161,3,-3000,5.000000,558,-3000,0x04,single,33.107492,-2970,-0.254945,174,0,No fault,,,,,,,,,
2026-08-14T13:39:00.324,1786707540.324157,8.985441,3,-3000,5.000000,559,-3000,0x04,single,32.448637,-2791,-0.225641,175,0,No fault,,,,,,,,,
2026-08-14T13:39:00.329,1786707540.329479,8.990758,3,-3000,5.000000,560,-3000,0x04,single,31.767819,-2702,-0.260806,174,0,No fault,,,,,,,,,
2026-08-14T13:39:00.334,1786707540.334845,8.996124,3,-3000,5.000000,561,-3000,0x04,single,31.087002,-2925,-0.254945,175,0,No fault,,,,,,,,,
2026-08-14T13:39:00.340,1786707540.340114,9.001393,3,-3000,5.000000,562,-3000,0x04,single,30.428146,-2836,-0.254945,174,0,No fault,,,,,,,,,
2026-08-14T13:39:00.345,1786707540.345407,9.006686,3,-3000,5.000000,563,-3000,0x04,single,29.747329,-2836,-0.219780,175,0,No fault,,,,,,,,,
2026-08-14T13:39:00.350,1786707540.350724,9.012001,3,-3000,5.000000,564,-3000,0x04,single,29.088473,-2836,-0.243223,174,0,No fault,,,,,,,,,
2026-08-14T13:39:00.356,1786707540.356017,9.017307,3,-3000,5.000000,565,-3000,0x04,single,28.407656,-2702,-0.249084,175,0,No fault,,,,,,,,,
2026-08-14T13:39:00.361,1786707540.361400,9.022686,3,-3000,5.000000,566,-3000,0x04,single,27.726838,-3015,-0.272527,173,0,No fault,,,,,,,,,
2026-08-14T13:39:00.366,1786707540.366844,9.028125,3,-3000,5.000000,567,-3000,0x04,single,27.067983,-2657,-0.231502,171,0,No fault,,,,,,,,,
2026-08-14T13:39:00.372,1786707540.372170,9.033451,3,-3000,5.000000,568,-3000,0x04,single,26.409127,-2836,-0.278388,174,0,No fault,,,,,,,,,
2026-08-14T13:39:00.377,1786707540.377529,9.038808,3,-3000,5.000000,569,-3000,0x04,single,25.728310,-2613,-0.266667,175,0,No fault,,,,,,,,,
2026-08-14T13:39:00.382,1786707540.382832,9.044116,3,-3000,5.000000,570,-3000,0x04,single,25.047492,-2925,-0.266667,174,0,No fault,,,,,,,,,
2026-08-14T13:39:00.388,1786707540.388372,9.049651,3,-3000,5.000000,571,-3000,0x04,single,23.729781,-2836,-0.266667,174,0,No fault,,,,,,,,,
2026-08-14T13:39:00.393,1786707540.393820,9.055097,3,-3000,5.000000,572,-3000,0x04,single,23.048964,-2970,-0.284249,174,0,No fault,,,,,,,,,
2026-08-14T13:39:00.399,1786707540.399110,9.060390,3,-3000,5.000000,573,-3000,0x04,single,22.390108,-2613,-0.307692,171,0,No fault,,,,,,,,,
2026-08-14T13:39:00.404,1786707540.404401,9.065679,3,-3000,5.000000,574,-3000,0x04,single,21.753215,-2568,-0.290110,173,0,No fault,,,,,,,,,
2026-08-14T13:39:00.409,1786707540.409687,9.070967,3,-3000,5.000000,575,-3000,0x04,single,21.094359,-2434,-0.266667,174,0,No fault,,,,,,,,,
2026-08-14T13:39:00.414,1786707540.414958,9.076259,3,-3000,5.000000,576,-3000,0x04,single,20.413542,-2791,-0.342857,174,0,No fault,,,,,,,,,
2026-08-14T13:39:00.420,1786707540.420440,9.081728,3,-3000,5.000000,577,-3000,0x04,single,19.754686,-2747,-0.313553,174,0,No fault,,,,,,,,,
2026-08-14T13:39:00.425,1786707540.425719,9.087006,3,-3000,5.000000,578,-3000,0x04,single,19.095830,-2791,-0.325275,175,0,No fault,,,,,,,,,
2026-08-14T13:39:00.431,1786707540.431034,9.092314,3,-3000,5.000000,579,-3000,0x04,single,18.371089,-2568,-0.290110,174,0,No fault,,,,,,,,,
2026-08-14T13:39:00.436,1786707540.436296,9.097573,3,-3000,5.000000,580,-3000,0x04,single,17.734196,-2747,-0.319414,174,0,No fault,,,,,,,,,
2026-08-14T13:39:00.441,1786707540.441533,9.102807,3,-3000,5.000000,581,-3000,0x04,single,17.053378,-2925,-0.331136,174,0,No fault,,,,,,,,,
2026-08-14T13:39:00.446,1786707540.446749,9.108023,3,-3000,5.000000,582,-3000,0x04,single,16.416484,-2657,-0.348718,174,0,No fault,,,,,,,,,
2026-08-14T13:39:00.451,1786707540.451965,9.113238,3,-3000,5.000000,583,-3000,0x04,single,15.779591,-2702,-0.307692,174,0,No fault,,,,,,,,,
2026-08-14T13:39:00.457,1786707540.457162,9.118433,3,-3000,5.000000,584,-3000,0x04,single,15.120735,-2568,-0.354579,172,0,No fault,,,,,,,,,
2026-08-14T13:39:00.462,1786707540.462356,9.123628,3,-3000,5.000000,585,-3000,0x04,single,14.461880,-2791,-0.331136,173,0,No fault,,,,,,,,,
2026-08-14T13:39:00.467,1786707540.467553,9.128825,3,-3000,5.000000,586,-3000,0x04,single,13.803024,-2970,-0.348718,173,0,No fault,,,,,,,,,
2026-08-14T13:39:00.472,1786707540.472749,9.134020,3,-3000,5.000000,587,-3000,0x04,single,13.166130,-2657,-0.336996,174,0,No fault,,,,,,,,,
2026-08-14T13:39:00.477,1786707540.477942,9.139213,3,-3000,5.000000,588,-3000,0x04,single,12.507275,-2702,-0.313553,174,0,No fault,,,,,,,,,
2026-08-14T13:39:00.483,1786707540.483202,9.144489,3,-3000,5.000000,589,-3000,0x04,single,11.870381,-2613,-0.348718,173,0,No fault,,,,,,,,,
2026-08-14T13:39:00.497,1786707540.497642,9.158954,3,-3000,5.000000,590,-3000,0x04,single,11.189564,-2970,-0.313553,175,0,No fault,,,,,,,,,
2026-08-14T13:39:00.518,1786707540.518945,9.180278,3,-3000,5.000000,591,-3000,0x04,single,9.915776,-2836,-0.325275,174,0,No fault,,,,,,,,,
2026-08-14T13:39:00.524,1786707540.524544,9.185866,3,-3000,5.000000,592,-3000,0x04,single,8.070981,-2613,-0.354579,172,0,No fault,,,,,,,,,
2026-08-14T13:39:00.530,1786707540.530149,9.191462,3,-3000,5.000000,593,-3000,0x04,single,5.567330,-2568,-0.313553,174,0,No fault,,,,,,,,,
2026-08-14T13:39:00.536,1786707540.536056,9.197357,3,-3000,5.000000,594,-3000,0x04,single,4.842588,-2523,-0.336996,174,0,No fault,,,,,,,,,
2026-08-14T13:39:00.541,1786707540.541615,9.202912,3,-3000,5.000000,595,-3000,0x04,single,4.095885,-2389,-0.307692,174,0,No fault,,,,,,,,,
2026-08-14T13:39:00.546,1786707540.546985,9.208276,3,-3000,5.000000,596,-3000,0x04,single,3.458992,-2657,-0.331136,173,0,No fault,,,,,,,,,
2026-08-14T13:39:00.552,1786707540.552348,9.213640,3,-3000,5.000000,597,-3000,0x04,single,2.778174,-2791,-0.348718,168,0,No fault,,,,,,,,,
2026-08-14T13:39:00.557,1786707540.557699,9.218987,3,-3000,5.000000,598,-3000,0x04,single,2.141281,-2479,-0.354579,175,0,No fault,,,,,,,,,
2026-08-14T13:39:00.563,1786707540.563060,9.224352,3,-3000,5.000000,599,-3000,0x04,single,1.460463,-2568,-0.342857,172,0,No fault,,,,,,,,,
2026-08-14T13:39:00.568,1786707540.568454,9.229742,3,-3000,5.000000,600,-3000,0x04,single,0.801608,-2613,-0.342857,175,0,No fault,,,,,,,,,
2026-08-14T13:39:00.573,1786707540.573804,9.235091,3,-3000,5.000000,601,-3000,0x04,single,0.076866,-2702,-0.325275,176,0,No fault,,,,,,,,,
2026-08-14T13:39:00.579,1786707540.579142,9.240429,3,-3000,5.000000,602,-3000,0x04,single,-0.560027,-2568,-0.366300,172,0,No fault,,,,,,,,,
2026-08-14T13:39:00.584,1786707540.584502,9.245791,3,-3000,5.000000,603,-3000,0x04,single,-1.218883,-2791,-0.342857,174,0,No fault,,,,,,,,,
2026-08-14T13:39:00.589,1786707540.589859,9.251145,3,-3000,5.000000,604,-3000,0x04,single,-1.855777,-2568,-0.342857,173,0,No fault,,,,,,,,,
2026-08-14T13:39:00.595,1786707540.595206,9.256492,3,-3000,5.000000,605,-3000,0x04,single,-2.580518,-2836,-0.325275,174,0,No fault,,,,,,,,,
2026-08-14T13:39:00.600,1786707540.600559,9.261844,3,-3000,5.000000,606,-3000,0x04,single,-3.173488,-2747,-0.336996,174,0,No fault,,,,,,,,,
2026-08-14T13:39:00.605,1786707540.605915,9.267206,3,-3000,5.000000,607,-3000,0x04,single,-3.832343,-2613,-0.366300,174,0,No fault,,,,,,,,,
2026-08-14T13:39:00.611,1786707540.611323,9.272622,3,-3000,5.000000,608,-3000,0x04,single,-4.469237,-2523,-0.319414,174,0,No fault,,,,,,,,,
2026-08-14T13:39:00.616,1786707540.616763,9.278070,3,-3000,5.000000,609,-3000,0x04,single,-5.128092,-2568,-0.378022,175,0,No fault,,,,,,,,,
2026-08-14T13:39:00.622,1786707540.622231,9.283542,3,-3000,5.000000,610,-3000,0x04,single,-5.786948,-2791,-0.360440,174,0,No fault,,,,,,,,,
2026-08-14T13:39:00.627,1786707540.627739,9.289058,3,-3000,5.000000,611,-3000,0x04,single,-6.423842,-2657,-0.360440,174,0,No fault,,,,,,,,,
2026-08-14T13:39:00.633,1786707540.633254,9.294573,3,-3000,5.000000,612,-3000,0x04,single,-7.148583,-2747,-0.342857,174,0,No fault,,,,,,,,,
2026-08-14T13:39:00.638,1786707540.638788,9.300117,3,-3000,5.000000,613,-3000,0x04,single,-7.785477,-2836,-0.342857,174,0,No fault,,,,,,,,,
2026-08-14T13:39:00.644,1786707540.644362,9.305683,3,-3000,5.000000,614,-3000,0x04,single,-8.444332,-2702,-0.348718,174,0,No fault,,,,,,,,,
2026-08-14T13:39:00.650,1786707540.650312,9.311631,3,-3000,5.000000,615,-3000,0x04,single,-9.103188,-2836,-0.354579,173,0,No fault,,,,,,,,,
2026-08-14T13:39:00.656,1786707540.656192,9.317500,3,-3000,5.000000,616,-3000,0x04,single,-10.464823,-2791,-0.354579,174,0,No fault,,,,,,,,,
2026-08-14T13:39:00.661,1786707540.661995,9.323297,3,-3000,5.000000,617,-3000,0x04,single,-11.123678,-2836,-0.354579,173,0,No fault,,,,,,,,,
2026-08-14T13:39:00.667,1786707540.667556,9.328851,3,-3000,5.000000,618,-3000,0x04,single,-11.848419,-2702,-0.372161,174,0,No fault,,,,,,,,,
2026-08-14T13:39:00.673,1786707540.673178,9.334473,3,-3000,5.000000,619,-3000,0x04,single,-12.485313,-2613,-0.354579,174,0,No fault,,,,,,,,,
2026-08-14T13:39:00.679,1786707540.679317,9.340625,3,-3000,5.000000,620,-3000,0x04,single,-13.144169,-2613,-0.325275,174,0,No fault,,,,,,,,,
2026-08-14T13:39:00.684,1786707540.684973,9.346275,3,-3000,5.000000,621,-3000,0x04,single,-13.781062,-2479,-0.372161,173,0,No fault,,,,,,,,,
2026-08-14T13:39:00.695,1786707540.695761,9.357070,3,-3000,5.000000,622,-3000,0x04,single,-14.439918,-2702,-0.360440,174,0,No fault,,,,,,,,,
2026-08-14T13:39:00.701,1786707540.701170,9.362477,3,-3000,5.000000,623,-3000,0x04,single,-15.735667,-2702,-0.366300,175,0,No fault,,,,,,,,,
2026-08-14T13:39:00.706,1786707540.706835,9.368145,3,-3000,5.000000,624,-3000,0x04,single,-17.404768,-2747,-0.372161,173,0,No fault,,,,,,,,,
2026-08-14T13:39:00.712,1786707540.712238,9.373540,3,-3000,5.000000,625,-3000,0x04,single,-17.712234,-2613,-0.389744,174,0,No fault,,,,,,,,,
2026-08-14T13:39:00.717,1786707540.717615,9.378913,3,-3000,5.000000,626,-3000,0x04,single,-18.063623,-2613,-0.407326,174,0,No fault,,,,,,,,,
2026-08-14T13:39:00.722,1786707540.722962,9.384255,3,-3000,5.000000,627,-3000,0x04,single,-18.722479,-2568,-0.354579,174,0,No fault,,,,,,,,,
2026-08-14T13:39:00.728,1786707540.728328,9.389623,3,-3000,5.000000,628,-3000,0x04,single,-19.381335,-2747,-0.354579,174,0,No fault,,,,,,,,,
2026-08-14T13:39:00.733,1786707540.733691,9.394980,3,-3000,5.000000,629,-3000,0x04,single,-20.040190,-2791,-0.366300,174,0,No fault,,,,,,,,,
2026-08-14T13:39:00.738,1786707540.738976,9.400249,3,-3000,5.000000,630,-3000,0x04,single,-20.677084,-2836,-0.383883,175,0,No fault,,,,,,,,,
2026-08-14T13:39:00.744,1786707540.744222,9.405508,3,-3000,5.000000,631,-3000,0x04,single,-21.292016,-2613,-0.348718,174,0,No fault,,,,,,,,,
2026-08-14T13:39:00.749,1786707540.749536,9.410843,3,-3000,5.000000,632,-3000,0x04,single,-21.928909,-2434,-0.401465,170,0,No fault,,,,,,,,,
2026-08-14T13:39:00.754,1786707540.754925,9.416226,3,-3000,5.000000,633,-3000,0x04,single,-22.587765,-2523,-0.348718,175,0,No fault,,,,,,,,,
2026-08-14T13:39:00.760,1786707540.760414,9.421706,3,-3000,5.000000,634,-3000,0x04,single,-23.224659,-2657,-0.372161,174,0,No fault,,,,,,,,,
2026-08-14T13:39:00.765,1786707540.765761,9.427076,3,-3000,5.000000,635,-3000,0x04,single,-23.883514,-2657,-0.372161,174,0,No fault,,,,,,,,,
2026-08-14T13:39:00.778,1786707540.778001,9.439324,3,-3000,5.000000,636,-3000,0x04,single,-25.157302,-2657,-0.389744,173,0,No fault,,,,,,,,,
2026-08-14T13:39:00.783,1786707540.783464,9.444769,3,-3000,5.000000,637,-3000,0x04,single,-25.816157,-2568,-0.354579,175,0,No fault,,,,,,,,,
2026-08-14T13:39:00.788,1786707540.788893,9.450199,3,-3000,5.000000,638,-3000,0x04,single,-27.265639,-2881,-0.336996,177,0,No fault,,,,,,,,,
2026-08-14T13:39:00.794,1786707540.794325,9.455638,3,-3000,5.000000,639,-3000,0x04,single,-27.573105,-2836,-0.336996,174,0,No fault,,,,,,,,,
2026-08-14T13:39:00.799,1786707540.799804,9.461117,3,-3000,5.000000,640,-3000,0x04,single,-28.319808,-2791,-0.348718,174,0,No fault,,,,,,,,,
2026-08-14T13:39:00.805,1786707540.805290,9.466597,3,-3000,5.000000,641,-3000,0x04,single,-28.978664,-2568,-0.348718,175,0,No fault,,,,,,,,,
2026-08-14T13:39:00.810,1786707540.810723,9.472022,3,-3000,5.000000,642,-3000,0x04,single,-29.615558,-2613,-0.354579,174,0,No fault,,,,,,,,,
2026-08-14T13:39:00.816,1786707540.816152,9.477454,3,-3000,5.000000,643,-3000,0x04,single,-30.274413,-2568,-0.319414,174,0,No fault,,,,,,,,,
2026-08-14T13:39:00.821,1786707540.821541,9.482833,3,-3000,5.000000,644,-3000,0x04,single,-30.933269,-2970,-0.354579,175,0,No fault,,,,,,,,,
2026-08-14T13:39:00.826,1786707540.826939,9.488227,3,-3000,5.000000,645,-3000,0x04,single,-31.570162,-2479,-0.325275,174,0,No fault,,,,,,,,,
2026-08-14T13:39:00.832,1786707540.832298,9.493586,3,-3000,5.000000,646,-3000,0x04,single,-32.229018,-2613,-0.342857,174,0,No fault,,,,,,,,,
2026-08-14T13:39:00.837,1786707540.837694,9.498986,3,-3000,5.000000,647,-3000,0x04,single,-33.524767,-2657,-0.342857,174,0,No fault,,,,,,,,,
2026-08-14T13:39:00.843,1786707540.843193,9.504477,3,-3000,5.000000,648,-3000,0x04,single,-34.183623,-2836,-0.325275,174,0,No fault,,,,,,,,,
2026-08-14T13:39:00.848,1786707540.848507,9.509796,3,-3000,5.000000,649,-3000,0x04,single,-34.820517,-2702,-0.360440,174,0,No fault,,,,,,,,,
2026-08-14T13:39:00.853,1786707540.853833,9.515121,3,-3000,5.000000,650,-3000,0x04,single,-35.501334,-2925,-0.342857,174,0,No fault,,,,,,,,,
2026-08-14T13:39:00.859,1786707540.859147,9.520431,3,-3000,5.000000,651,-3000,0x04,single,-36.116266,-2568,-0.331136,176,0,No fault,,,,,,,,,
2026-08-14T13:39:00.864,1786707540.864436,9.525719,3,-3000,5.000000,652,-3000,0x04,single,-36.775121,-2568,-0.348718,174,0,No fault,,,,,,,,,
2026-08-14T13:39:00.869,1786707540.869749,9.531036,3,-3000,5.000000,653,-3000,0x04,single,-37.433977,-2747,-0.348718,174,0,No fault,,,,,,,,,
2026-08-14T13:39:00.875,1786707540.875040,9.536321,3,-3000,5.000000,654,-3000,0x04,single,-38.070871,-2657,-0.383883,172,0,No fault,,,,,,,,,
2026-08-14T13:39:00.880,1786707540.880325,9.541607,3,-3000,5.000000,655,-3000,0x04,single,-38.729726,-2747,-0.348718,174,0,No fault,,,,,,,,,
2026-08-14T13:39:00.885,1786707540.885604,9.546885,3,-3000,5.000000,656,-3000,0x04,single,-39.366620,-2613,-0.354579,174,0,No fault,,,,,,,,,
2026-08-14T13:39:00.895,1786707540.895989,9.557275,3,-3000,5.000000,657,-3000,0x04,single,-40.003514,-2479,-0.383883,174,0,No fault,,,,,,,,,
2026-08-14T13:39:00.901,1786707540.901278,9.562563,3,-3000,5.000000,658,-3000,0x04,single,-41.299263,-2836,-0.336996,172,0,No fault,,,,,,,,,
2026-08-14T13:39:00.906,1786707540.906583,9.567864,3,-3000,5.000000,659,-3000,0x04,single,-42.660898,-2523,-0.354579,174,0,No fault,,,,,,,,,
2026-08-14T13:39:00.911,1786707540.911845,9.573123,3,-3000,5.000000,660,-3000,0x04,single,-42.968364,-2613,-0.389744,174,0,No fault,,,,,,,,,
2026-08-14T13:39:00.917,1786707540.917098,9.578377,3,-3000,5.000000,661,-3000,0x04,single,-43.319753,-2702,-0.413187,174,0,No fault,,,,,,,,,
2026-08-14T13:39:00.922,1786707540.922354,9.583634,3,-3000,5.000000,662,-3000,0x04,single,-43.956647,-2479,-0.383883,174,0,No fault,,,,,,,,,
2026-08-14T13:39:00.927,1786707540.927652,9.588938,3,-3000,5.000000,663,-3000,0x04,single,-44.615503,-2970,-0.366300,174,0,No fault,,,,,,,,,
2026-08-14T13:39:00.932,1786707540.932972,9.594260,3,-3000,5.000000,664,-3000,0x04,single,-45.252396,-2836,-0.407326,174,0,No fault,,,,,,,,,
2026-08-14T13:39:00.938,1786707540.938522,9.599797,3,-3000,5.000000,665,-3000,0x04,single,-45.889290,-2523,-0.383883,174,0,No fault,,,,,,,,,
2026-08-14T13:39:00.944,1786707540.944125,9.605412,3,-3000,5.000000,666,-3000,0x04,single,-46.504222,-2523,-0.395604,176,0,No fault,,,,,,,,,
2026-08-14T13:39:00.949,1786707540.949465,9.610750,3,-3000,5.000000,667,-3000,0x04,single,-47.163078,-2613,-0.360440,175,0,No fault,,,,,,,,,
2026-08-14T13:39:00.954,1786707540.954903,9.616188,3,-3000,5.000000,668,-3000,0x04,single,-47.821933,-2881,-0.383883,174,0,No fault,,,,,,,,,
2026-08-14T13:39:00.960,1786707540.960201,9.621481,3,-3000,5.000000,669,-3000,0x04,single,-48.458827,-2791,-0.360440,174,0,No fault,,,,,,,,,
2026-08-14T13:39:00.965,1786707540.965485,9.626764,3,-3000,5.000000,670,-3000,0x04,single,-49.095721,-2523,-0.395604,174,0,No fault,,,,,,,,,
2026-08-14T13:39:00.970,1786707540.970738,9.632009,3,-3000,5.000000,671,-3000,0x04,single,-49.710652,-2568,-0.383883,174,0,No fault,,,,,,,,,
2026-08-14T13:39:00.976,1786707540.976229,9.637515,3,-3000,5.000000,672,-3000,0x04,single,-51.006402,-2702,-0.372161,174,0,No fault,,,,,,,,,
2026-08-14T13:39:00.981,1786707540.981712,9.642992,3,-3000,5.000000,673,-3000,0x04,single,-51.665257,-2702,-0.372161,174,0,No fault,,,,,,,,,
2026-08-14T13:39:00.987,1786707540.987013,9.648289,3,-3000,5.000000,674,-3000,0x04,single,-52.324113,-2613,-0.354579,174,0,No fault,,,,,,,,,
2026-08-14T13:39:00.992,1786707540.992297,9.653574,3,-3000,5.000000,675,-3000,0x04,single,-52.961006,-2657,-0.360440,174,0,No fault,,,,,,,,,
2026-08-14T13:39:00.997,1786707540.997583,9.658860,3,-3000,5.000000,676,-3000,0x04,single,-53.597900,-2613,-0.360440,174,0,No fault,,,,,,,,,
2026-08-14T13:39:01.002,1786707541.002948,9.664225,3,-3000,5.000000,677,-3000,0x04,single,-54.256756,-2791,-0.354579,175,0,No fault,,,,,,,,,
2026-08-14T13:39:01.008,1786707541.008214,9.669494,3,-3000,5.000000,678,-3000,0x04,single,-54.893649,-2702,-0.389744,175,0,No fault,,,,,,,,,
2026-08-14T13:39:01.013,1786707541.013516,9.674793,3,-3000,5.000000,679,-3000,0x04,single,-55.552505,-2747,-0.325275,175,0,No fault,,,,,,,,,
2026-08-14T13:39:01.018,1786707541.018792,9.680075,3,-3000,5.000000,680,-3000,0x04,single,-56.189399,-2657,-0.366300,173,0,No fault,,,,,,,,,
2026-08-14T13:39:01.024,1786707541.024080,9.685357,3,-3000,5.000000,681,-3000,0x04,single,-56.848254,-2657,-0.389744,175,0,No fault,,,,,,,,,
2026-08-14T13:39:01.029,1786707541.029356,9.690634,3,-3000,5.000000,682,-3000,0x04,single,-57.485148,-2523,-0.360440,171,0,No fault,,,,,,,,,
2026-08-14T13:39:01.034,1786707541.034673,9.695949,3,-3000,5.000000,683,-3000,0x04,single,-58.122042,-2747,-0.389744,174,0,No fault,,,,,,,,,
2026-08-14T13:39:01.039,1786707541.039933,9.701209,3,-3000,5.000000,684,-3000,0x04,single,-58.780897,-2791,-0.342857,174,0,No fault,,,,,,,,,
2026-08-14T13:39:01.045,1786707541.045189,9.706463,3,-3000,5.000000,685,-3000,0x04,single,-59.417791,-2568,-0.366300,173,0,No fault,,,,,,,,,
2026-08-14T13:39:01.050,1786707541.050438,9.711713,3,-3000,5.000000,686,-3000,0x04,single,-60.054685,-2657,-0.389744,174,0,No fault,,,,,,,,,
2026-08-14T13:39:01.055,1786707541.055688,9.716964,3,-3000,5.000000,687,-3000,0x04,single,-60.691578,-2747,-0.401465,175,0,No fault,,,,,,,,,
2026-08-14T13:39:01.060,1786707541.060962,9.722238,3,-3000,5.000000,688,-3000,0x04,single,-61.350434,-2747,-0.372161,174,0,No fault,,,,,,,,,
2026-08-14T13:39:01.066,1786707541.066232,9.727508,3,-3000,5.000000,689,-3000,0x04,single,-61.987328,-2836,-0.395604,174,0,No fault,,,,,,,,,
2026-08-14T13:39:01.071,1786707541.071492,9.732765,3,-3000,5.000000,690,-3000,0x04,single,-62.624221,-2836,-0.378022,174,0,No fault,,,,,,,,,
2026-08-14T13:39:01.076,1786707541.076750,9.738025,3,-3000,5.000000,691,-3000,0x04,single,-63.283077,-2791,-0.378022,173,0,No fault,,,,,,,,,
2026-08-14T13:39:01.082,1786707541.082017,9.743294,3,-3000,5.000000,692,-3000,0x04,single,-63.919971,-2791,-0.372161,174,0,No fault,,,,,,,,,
2026-08-14T13:39:01.087,1786707541.087293,9.748571,3,-3000,5.000000,693,-3000,0x04,single,-64.556864,-2389,-0.325275,174,0,No fault,,,,,,,,,
2026-08-14T13:39:01.092,1786707541.092564,9.753840,3,-3000,5.000000,694,-3000,0x04,single,-65.193758,-2657,-0.366300,177,0,No fault,,,,,,,,,
2026-08-14T13:39:01.108,1786707541.108019,9.769303,3,-3000,5.000000,695,-3000,0x04,single,-66.489507,-2657,-0.383883,175,0,No fault,,,,,,,,,
2026-08-14T13:39:01.113,1786707541.113343,9.774620,3,-3000,5.000000,696,-3000,0x04,single,-67.126401,-2702,-0.378022,174,0,No fault,,,,,,,,,
2026-08-14T13:39:01.118,1786707541.118647,9.779924,3,-3000,5.000000,697,-3000,0x04,single,-69.102968,-2613,-0.383883,174,0,No fault,,,,,,,,,
2026-08-14T13:39:01.123,1786707541.123910,9.785187,3,-3000,5.000000,698,-3000,0x04,single,-69.432396,-2568,-0.372161,174,0,No fault,,,,,,,,,
2026-08-14T13:39:01.129,1786707541.129163,9.790439,3,-3000,5.000000,699,-3000,0x04,single,-69.783785,-2747,-0.354579,174,0,No fault,,,,,,,,,
2026-08-14T13:39:01.134,1786707541.134426,9.795703,3,-3000,5.000000,700,-3000,0x04,single,-70.420679,-2613,-0.354579,172,0,No fault,,,,,,,,,
2026-08-14T13:39:01.139,1786707541.139688,9.800973,3,-3000,5.000000,701,-3000,0x04,single,-71.057573,-2657,-0.366300,173,0,No fault,,,,,,,,,
2026-08-14T13:39:01.145,1786707541.145193,9.806473,3,-3000,5.000000,702,-3000,0x04,single,-72.331360,-2300,-0.366300,177,0,No fault,,,,,,,,,
2026-08-14T13:39:01.150,1786707541.150661,9.811938,3,-3000,5.000000,703,-3000,0x04,single,-73.012178,-2791,-0.336996,174,0,No fault,,,,,,,,,
2026-08-14T13:39:01.155,1786707541.155926,9.817202,3,-3000,5.000000,704,-3000,0x04,single,-73.649071,-2613,-0.366300,174,0,No fault,,,,,,,,,
2026-08-14T13:39:01.161,1786707541.161198,9.822482,3,-3000,5.000000,705,-3000,0x04,single,-74.285965,-2613,-0.360440,174,0,No fault,,,,,,,,,
2026-08-14T13:39:01.166,1786707541.166653,9.827935,3,-3000,5.000000,706,-3000,0x04,single,-74.922859,-2434,-0.389744,174,0,No fault,,,,,,,,,
2026-08-14T13:39:01.171,1786707541.171943,9.833220,3,-3000,5.000000,707,-3000,0x04,single,-75.581714,-3015,-0.354579,174,0,No fault,,,,,,,,,
2026-08-14T13:39:01.177,1786707541.177231,9.838506,3,-3000,5.000000,708,-3000,0x04,single,-76.218608,-2836,-0.389744,174,0,No fault,,,,,,,,,
2026-08-14T13:39:01.182,1786707541.182541,9.843835,3,-3000,5.000000,709,-3000,0x04,single,-76.833540,-2434,-0.378022,174,0,No fault,,,,,,,,,
2026-08-14T13:39:01.187,1786707541.187950,9.849245,3,-3000,5.000000,710,-3000,0x04,single,-77.492395,-2791,-0.372161,173,0,No fault,,,,,,,,,
2026-08-14T13:39:01.193,1786707541.193312,9.854597,3,-3000,5.000000,711,-3000,0x04,single,-78.129289,-2747,-0.407326,174,0,No fault,,,,,,,,,
2026-08-14T13:39:01.198,1786707541.198634,9.859912,3,-3000,5.000000,712,-3000,0x04,single,-78.788145,-2613,-0.348718,174,0,No fault,,,,,,,,,
2026-08-14T13:39:01.203,1786707541.203895,9.865172,3,-3000,5.000000,713,-3000,0x04,single,-79.447000,-2747,-0.366300,174,0,No fault,,,,,,,,,
2026-08-14T13:39:01.209,1786707541.209155,9.870432,3,-3000,5.000000,714,-3000,0x04,single,-80.061932,-2479,-0.383883,176,0,No fault,,,,,,,,,
2026-08-14T13:39:01.214,1786707541.214439,9.875719,3,-3000,5.000000,715,-3000,0x04,single,-80.698826,-2568,-0.378022,175,0,No fault,,,,,,,,,
2026-08-14T13:39:01.219,1786707541.219740,9.881020,3,-3000,5.000000,716,-3000,0x04,single,-81.357681,-2702,-0.366300,174,0,No fault,,,,,,,,,
2026-08-14T13:39:01.225,1786707541.225028,9.886300,3,-3000,5.000000,717,-3000,0x04,single,-81.972613,-2568,-0.401465,174,0,No fault,,,,,,,,,
2026-08-14T13:39:01.230,1786707541.230300,9.891579,3,-3000,5.000000,718,-3000,0x04,single,-82.631469,-2613,-0.348718,174,0,No fault,,,,,,,,,
2026-08-14T13:39:01.235,1786707541.235601,9.896894,3,-3000,5.000000,719,-3000,0x04,single,-83.290324,-2702,-0.389744,174,0,No fault,,,,,,,,,
2026-08-14T13:39:01.240,1786707541.240997,9.902288,3,-3000,5.000000,720,-3000,0x04,single,-83.927218,-2613,-0.354579,174,0,No fault,,,,,,,,,
2026-08-14T13:39:01.246,1786707541.246348,9.907630,3,-3000,5.000000,721,-3000,0x04,single,-84.564112,-2523,-0.331136,175,0,No fault,,,,,,,,,
2026-08-14T13:39:01.251,1786707541.251627,9.912905,3,-3000,5.000000,722,-3000,0x04,single,-85.222967,-2747,-0.389744,174,0,No fault,,,,,,,,,
2026-08-14T13:39:01.257,1786707541.257015,9.918322,3,-3000,5.000000,723,-3000,0x04,single,-85.881823,-2613,-0.342857,174,0,No fault,,,,,,,,,
2026-08-14T13:39:01.262,1786707541.262884,9.924184,3,-3000,5.000000,724,-3000,0x04,single,-87.155610,-2702,-0.342857,174,0,No fault,,,,,,,,,
2026-08-14T13:39:01.268,1786707541.268495,9.929781,3,-3000,5.000000,725,-3000,0x04,single,-87.814466,-2791,-0.342857,174,0,No fault,,,,,,,,,
2026-08-14T13:39:01.273,1786707541.273978,9.935266,3,-3000,5.000000,726,-3000,0x04,single,-88.517245,-2657,-0.354579,174,0,No fault,,,,,,,,,
2026-08-14T13:39:01.279,1786707541.279317,9.940604,3,-3000,5.000000,727,-3000,0x04,single,-89.132177,-2836,-0.354579,174,0,No fault,,,,,,,,,
2026-08-14T13:39:01.287,1786707541.287455,9.948728,3,-3000,5.000000,728,-3000,0x04,single,-89.769071,-2702,-0.336996,175,0,No fault,,,,,,,,,
2026-08-14T13:39:01.292,1786707541.292671,9.953941,3,-3000,5.000000,729,-3000,0x04,single,-90.405964,-2568,-0.336996,174,0,No fault,,,,,,,,,
2026-08-14T13:39:01.303,1786707541.303007,9.964298,3,-3000,5.000000,730,-3000,0x04,single,-91.064820,-2613,-0.336996,173,0,No fault,,,,,,,,,
2026-08-14T13:39:01.308,1786707541.308577,9.969861,3,-3000,5.000000,731,-3000,0x04,single,-92.426455,-2389,-0.342857,172,0,No fault,,,,,,,,,
2026-08-14T13:39:01.313,1786707541.313877,9.975161,3,-3000,5.000000,732,-3000,0x04,single,-94.029670,-2702,-0.325275,174,0,No fault,,,,,,,,,
2026-08-14T13:39:01.319,1786707541.319375,9.980656,3,-3000,5.000000,733,-3000,0x04,single,-94.381060,-2881,-0.336996,173,0,No fault,,,,,,,,,
2026-08-14T13:39:01.324,1786707541.324696,9.985982,3,-3000,5.000000,734,-3000,0x04,single,-94.710487,-2970,-0.360440,171,0,No fault,,,,,,,,,
2026-08-14T13:39:01.330,1786707541.330100,9.991385,3,-3000,5.000000,735,-3000,0x04,single,-95.347381,-2657,-0.360440,174,0,No fault,,,,,,,,,
2026-08-14T13:39:01.335,1786707541.335413,9.996691,3,-3000,5.000000,736,-3000,0x04,single,-96.006237,-2657,-0.307692,174,0,No fault,,,,,,,,,
2026-08-14T13:39:01.340,1786707541.340692,10.001970,3,-3000,5.000000,737,-3000,0x04,single,-96.665092,-2747,-0.378022,174,0,No fault,,,,,,,,,
2026-08-14T13:39:01.345,1786707541.345973,10.007251,3,-3000,5.000000,738,-3000,0x04,single,-97.301986,-2702,-0.342857,174,0,No fault,,,,,,,,,
2026-08-14T13:39:01.351,1786707541.351260,10.012537,3,-3000,5.000000,739,-3000,0x04,single,-97.960842,-2702,-0.360440,175,0,No fault,,,,,,,,,
2026-08-14T13:39:01.356,1786707541.356531,10.017807,3,-3000,5.000000,740,-3000,0x04,single,-98.575773,-2523,-0.354579,171,0,No fault,,,,,,,,,
2026-08-14T13:39:01.361,1786707541.361798,10.023076,3,-3000,5.000000,741,-3000,0x04,single,-99.234629,-2479,-0.354579,174,0,No fault,,,,,,,,,
2026-08-14T13:39:01.367,1786707541.367074,10.028349,3,-3000,5.000000,742,-3000,0x04,single,-99.871523,-2657,-0.378022,174,0,No fault,,,,,,,,,
2026-08-14T13:39:01.372,1786707541.372341,10.033618,3,-3000,5.000000,743,-3000,0x04,single,-100.508416,-2613,-0.407326,175,0,No fault,,,,,,,,,
2026-08-14T13:39:01.377,1786707541.377781,10.039057,3,-3000,5.000000,744,-3000,0x04,single,-101.804166,-2479,-0.360440,174,0,No fault,,,,,,,,,
2026-08-14T13:39:01.383,1786707541.383036,10.044311,3,-3000,5.000000,745,-3000,0x04,single,-102.441059,-2702,-0.407326,174,0,No fault,,,,,,,,,
2026-08-14T13:39:01.388,1786707541.388454,10.049739,3,-3000,5.000000,746,-3000,0x04,single,-103.077953,-2613,-0.366300,175,0,No fault,,,,,,,,,
2026-08-14T13:39:01.393,1786707541.393799,10.055083,3,-3000,5.000000,747,-3000,0x04,single,-103.714847,-2836,-0.407326,176,0,No fault,,,,,,,,,
2026-08-14T13:39:01.399,1786707541.399119,10.060399,3,-3000,5.000000,748,-3000,0x04,single,-104.373702,-2970,-0.366300,175,0,No fault,,,,,,,,,
2026-08-14T13:39:01.404,1786707541.404413,10.065691,3,-3000,5.000000,749,-3000,0x04,single,-104.988634,-2479,-0.395604,174,0,No fault,,,,,,,,,
2026-08-14T13:39:01.409,1786707541.409707,10.070983,3,-3000,5.000000,750,-3000,0x04,single,-105.647490,-2702,-0.395604,174,0,No fault,,,,,,,,,
2026-08-14T13:39:01.414,1786707541.414997,10.076275,3,-3000,5.000000,751,-3000,0x04,single,-106.284384,-2702,-0.413187,175,0,No fault,,,,,,,,,
2026-08-14T13:39:01.420,1786707541.420282,10.081559,3,-3000,5.000000,752,-3000,0x04,single,-106.921277,-2657,-0.372161,175,0,No fault,,,,,,,,,
2026-08-14T13:39:01.425,1786707541.425561,10.086837,3,-3000,5.000000,753,-3000,0x04,single,-107.558171,-2434,-0.366300,177,0,No fault,,,,,,,,,
2026-08-14T13:39:01.430,1786707541.430842,10.092123,3,-3000,5.000000,754,-3000,0x04,single,-108.217027,-2791,-0.401465,174,0,No fault,,,,,,,,,
2026-08-14T13:39:01.436,1786707541.436132,10.097408,3,-3000,5.000000,755,-3000,0x04,single,-108.831958,-2345,-0.372161,175,0,No fault,,,,,,,,,
2026-08-14T13:39:01.441,1786707541.441413,10.102725,3,-3000,5.000000,756,-3000,0x04,single,-109.468852,-2613,-0.413187,175,0,No fault,,,,,,,,,
2026-08-14T13:39:01.446,1786707541.446738,10.108020,3,-3000,5.000000,757,-3000,0x04,single,-110.127708,-2791,-0.360440,171,0,No fault,,,,,,,,,
2026-08-14T13:39:01.452,1786707541.452020,10.113297,3,-3000,5.000000,758,-3000,0x04,single,-110.764601,-2747,-0.342857,175,0,No fault,,,,,,,,,
2026-08-14T13:39:01.457,1786707541.457310,10.118588,3,-3000,5.000000,759,-3000,0x04,single,-111.401495,-2568,-0.360440,174,0,No fault,,,,,,,,,
2026-08-14T13:39:01.462,1786707541.462627,10.123903,3,-3000,5.000000,760,-3000,0x04,single,-112.060351,-2747,-0.389744,175,0,No fault,,,,,,,,,
2026-08-14T13:39:01.467,1786707541.467974,10.129251,3,-3000,5.000000,761,-3000,0x04,single,-112.697244,-2836,-0.348718,174,0,No fault,,,,,,,,,
2026-08-14T13:39:01.473,1786707541.473252,10.134528,3,-3000,5.000000,762,-3000,0x04,single,-113.334138,-2702,-0.372161,174,0,No fault,,,,,,,,,
2026-08-14T13:39:01.478,1786707541.478627,10.139903,3,-3000,5.000000,763,-3000,0x04,single,-113.992994,-2568,-0.348718,174,0,No fault,,,,,,,,,
2026-08-14T13:39:01.483,1786707541.483909,10.145184,3,-3000,5.000000,764,-3000,0x04,single,-114.629887,-2657,-0.372161,174,0,No fault,,,,,,,,,
2026-08-14T13:39:01.489,1786707541.489187,10.150464,3,-3000,5.000000,765,-3000,0x04,single,-115.288743,-2702,-0.383883,175,0,No fault,,,,,,,,,
2026-08-14T13:39:01.494,1786707541.494486,10.155766,3,-3000,5.000000,766,-3000,0x04,single,-115.925637,-2881,-0.336996,174,0,No fault,,,,,,,,,
2026-08-14T13:39:01.510,1786707541.510010,10.171297,3,-3000,5.000000,767,-3000,0x04,single,-117.221386,-2836,-0.360440,175,0,No fault,,,,,,,,,
2026-08-14T13:39:01.515,1786707541.515366,10.176654,3,-3000,5.000000,768,-3000,0x04,single,-117.858280,-2657,-0.383883,175,0,No fault,,,,,,,,,
2026-08-14T13:39:01.520,1786707541.520781,10.182066,3,-3000,5.000000,769,-3000,0x04,single,-119.812884,-2702,-0.366300,174,0,No fault,,,,,,,,,
2026-08-14T13:39:01.527,1786707541.527660,10.188952,3,-3000,5.000000,770,-3000,0x04,single,-120.493702,-2613,-0.401465,173,0,No fault,,,,,,,,,
2026-08-14T13:39:01.533,1786707541.533108,10.194399,3,-3000,5.000000,771,-3000,0x04,single,-121.130596,-2836,-0.395604,173,0,No fault,,,,,,,,,
2026-08-14T13:39:01.538,1786707541.538493,10.199781,3,-3000,5.000000,772,-3000,0x04,single,-121.745527,-2523,-0.360440,172,0,No fault,,,,,,,,,
2026-08-14T13:39:01.543,1786707541.543829,10.205110,3,-3000,5.000000,773,-3000,0x04,single,-122.404383,-2702,-0.383883,173,0,No fault,,,,,,,,,
2026-08-14T13:39:01.549,1786707541.549133,10.210411,3,-3000,5.000000,774,-3000,0x04,single,-123.063239,-2747,-0.383883,175,0,No fault,,,,,,,,,
2026-08-14T13:39:01.554,1786707541.554423,10.215700,3,-3000,5.000000,775,-3000,0x04,single,-123.700132,-2613,-0.383883,172,0,No fault,,,,,,,,,
2026-08-14T13:39:01.559,1786707541.559709,10.220990,3,-3000,5.000000,776,-3000,0x04,single,-124.358988,-2836,-0.342857,175,0,No fault,,,,,,,,,
2026-08-14T13:39:01.565,1786707541.565010,10.226290,3,-3000,5.000000,777,-3000,0x04,single,-124.995882,-2747,-0.395604,174,0,No fault,,,,,,,,,
2026-08-14T13:39:01.570,1786707541.570303,10.231583,3,-3000,5.000000,778,-3000,0x04,single,-125.632775,-2791,-0.372161,174,0,No fault,,,,,,,,,
2026-08-14T13:39:01.575,1786707541.575586,10.236865,3,-3000,5.000000,779,-3000,0x04,single,-126.269669,-2747,-0.395604,173,0,No fault,,,,,,,,,
2026-08-14T13:39:01.580,1786707541.580873,10.242152,3,-3000,5.000000,780,-3000,0x04,single,-126.906563,-2747,-0.354579,174,0,No fault,,,,,,,,,
2026-08-14T13:39:01.586,1786707541.586155,10.247434,3,-3000,5.000000,781,-3000,0x04,single,-127.565418,-2613,-0.336996,174,0,No fault,,,,,,,,,
2026-08-14T13:39:01.591,1786707541.591436,10.252715,3,-3000,5.000000,782,-3000,0x04,single,-128.202312,-2613,-0.366300,174,0,No fault,,,,,,,,,
2026-08-14T13:39:01.596,1786707541.596722,10.258001,3,-3000,5.000000,783,-3000,0x04,single,-128.839206,-2613,-0.366300,174,0,No fault,,,,,,,,,
2026-08-14T13:39:01.601,1786707541.601998,10.263277,3,-3000,5.000000,784,-3000,0x04,single,-129.498061,-2613,-0.383883,174,0,No fault,,,,,,,,,
2026-08-14T13:39:01.607,1786707541.607280,10.268558,3,-3000,5.000000,785,-3000,0x04,single,-130.112993,-2479,-0.372161,174,0,No fault,,,,,,,,,
2026-08-14T13:39:01.612,1786707541.612563,10.273847,3,-3000,5.000000,786,-3000,0x04,single,-130.771849,-2523,-0.354579,174,0,No fault,,,,,,,,,
2026-08-14T13:39:01.617,1786707541.617858,10.279148,3,-3000,5.000000,787,-3000,0x04,single,-131.408742,-2523,-0.378022,174,0,No fault,,,,,,,,,
2026-08-14T13:39:01.623,1786707541.623399,10.284680,3,-3000,5.000000,788,-3000,0x04,single,-132.704492,-2523,-0.325275,173,0,No fault,,,,,,,,,
2026-08-14T13:39:01.628,1786707541.628891,10.290170,3,-3000,5.000000,789,-3000,0x04,single,-133.363347,-2613,-0.378022,174,0,No fault,,,,,,,,,
2026-08-14T13:39:01.634,1786707541.634178,10.295457,3,-3000,5.000000,790,-3000,0x04,single,-134.022203,-2791,-0.372161,174,0,No fault,,,,,,,,,
2026-08-14T13:39:01.639,1786707541.639477,10.300754,3,-3000,5.000000,791,-3000,0x04,single,-134.659097,-2747,-0.389744,176,0,No fault,,,,,,,,,
2026-08-14T13:39:01.644,1786707541.644900,10.306178,3,-3000,5.000000,792,-3000,0x04,single,-135.317952,-2970,-0.413187,174,0,No fault,,,,,,,,,
2026-08-14T13:39:01.650,1786707541.650194,10.311471,3,-3000,5.000000,793,-3000,0x04,single,-135.910922,-2345,-0.348718,174,0,No fault,,,,,,,,,
2026-08-14T13:39:01.655,1786707541.655475,10.316756,3,-3000,5.000000,794,-3000,0x04,single,-136.569778,-2613,-0.395604,173,0,No fault,,,,,,,,,
2026-08-14T13:39:01.660,1786707541.660748,10.322026,3,-3000,5.000000,795,-3000,0x04,single,-137.206671,-2523,-0.378022,172,0,No fault,,,,,,,,,
2026-08-14T13:39:01.666,1786707541.666018,10.327295,3,-3000,5.000000,796,-3000,0x04,single,-137.843565,-2434,-0.389744,174,0,No fault,,,,,,,,,
2026-08-14T13:39:01.671,1786707541.671284,10.332563,3,-3000,5.000000,797,-3000,0x04,single,-138.502421,-2791,-0.354579,174,0,No fault,,,,,,,,,
2026-08-14T13:39:01.676,1786707541.676557,10.337834,3,-3000,5.000000,798,-3000,0x04,single,-139.139314,-2657,-0.372161,174,0,No fault,,,,,,,,,
2026-08-14T13:39:01.681,1786707541.681827,10.343103,3,-3000,5.000000,799,-3000,0x04,single,-139.798170,-2791,-0.366300,173,0,No fault,,,,,,,,,
2026-08-14T13:39:01.687,1786707541.687093,10.348379,3,-3000,5.000000,800,-3000,0x04,single,-140.435064,-2747,-0.389744,174,0,No fault,,,,,,,,,
2026-08-14T13:39:01.692,1786707541.692385,10.353667,3,-3000,5.000000,801,-3000,0x04,single,-141.071957,-2657,-0.383883,175,0,No fault,,,,,,,,,
2026-08-14T13:39:01.697,1786707541.697661,10.358939,3,-3000,5.000000,802,-3000,0x04,single,-141.708851,-2747,-0.354579,174,0,No fault,,,,,,,,,
2026-08-14T13:39:01.713,1786707541.713116,10.374402,3,-3000,5.000000,803,-3000,0x04,single,-143.004600,-2747,-0.389744,174,0,No fault,,,,,,,,,
2026-08-14T13:39:01.718,1786707541.718426,10.379712,3,-3000,5.000000,804,-3000,0x04,single,-143.641494,-2747,-0.360440,175,0,No fault,,,,,,,,,
2026-08-14T13:39:01.723,1786707541.723725,10.385007,3,-3000,5.000000,805,-3000,0x04,single,-145.508251,-2836,-0.348718,175,0,No fault,,,,,,,,,
2026-08-14T13:39:01.729,1786707541.729002,10.390286,3,-3000,5.000000,806,-3000,0x04,single,-145.815717,-2702,-0.342857,174,0,No fault,,,,,,,,,
2026-08-14T13:39:01.734,1786707541.734272,10.395550,3,-3000,5.000000,807,-3000,0x04,single,-146.189069,-2881,-0.372161,174,0,No fault,,,,,,,,,
2026-08-14T13:39:01.739,1786707541.739542,10.400822,3,-3000,5.000000,808,-3000,0x04,single,-146.804001,-2479,-0.366300,174,0,No fault,,,,,,,,,
2026-08-14T13:39:01.744,1786707541.744850,10.406139,3,-3000,5.000000,809,-3000,0x04,single,-147.462856,-2657,-0.313553,174,0,No fault,,,,,,,,,
2026-08-14T13:39:01.750,1786707541.750187,10.411470,3,-3000,5.000000,810,-3000,0x04,single,-148.121712,-2791,-0.348718,174,0,No fault,,,,,,,,,
2026-08-14T13:39:01.755,1786707541.755873,10.417156,3,-3000,5.000000,811,-3000,0x04,single,-149.417461,-2657,-0.342857,174,0,No fault,,,,,,,,,
2026-08-14T13:39:01.761,1786707541.761750,10.423057,3,-3000,5.000000,812,-3000,0x04,single,-150.076317,-2881,-0.336996,174,0,No fault,,,,,,,,,
2026-08-14T13:39:01.767,1786707541.767330,10.428624,3,-3000,5.000000,813,-3000,0x04,single,-150.735172,-2747,-0.331136,175,0,No fault,,,,,,,,,
2026-08-14T13:39:01.772,1786707541.772722,10.434003,3,-3000,5.000000,814,-3000,0x04,single,-151.372066,-2568,-0.354579,177,0,No fault,,,,,,,,,
2026-08-14T13:39:01.778,1786707541.778052,10.439331,3,-3000,5.000000,815,-3000,0x04,single,-152.074845,-2479,-0.372161,174,0,No fault,,,,,,,,,
2026-08-14T13:39:01.783,1786707541.783363,10.444643,3,-3000,5.000000,816,-3000,0x04,single,-152.733701,-2747,-0.319414,174,0,No fault,,,,,,,,,
2026-08-14T13:39:01.790,1786707541.790800,10.452077,3,-3000,5.000000,817,-3000,0x04,single,-153.370595,-2568,-0.366300,174,0,No fault,,,,,,,,,
2026-08-14T13:39:01.796,1786707541.796101,10.457379,3,-3000,5.000000,818,-3000,0x04,single,-154.029450,-2657,-0.325275,174,0,No fault,,,,,,,,,
2026-08-14T13:39:01.801,1786707541.801496,10.462774,3,-3000,5.000000,819,-3000,0x04,single,-154.688306,-2702,-0.348718,174,0,No fault,,,,,,,,,
2026-08-14T13:39:01.808,1786707541.808252,10.469531,3,-3000,5.000000,820,-3000,0x04,single,-155.962093,-2657,-0.301832,174,0,No fault,,,,,,,,,
2026-08-14T13:39:01.813,1786707541.813548,10.474821,3,-3000,5.000000,821,-3000,0x04,single,-156.620949,-2568,-0.372161,174,0,No fault,,,,,,,,,
2026-08-14T13:39:01.818,1786707541.818819,10.480097,3,-3000,5.000000,822,-3000,0x04,single,-157.279804,-2791,-0.354579,174,0,No fault,,,,,,,,,
2026-08-14T13:39:01.824,1786707541.824092,10.485368,3,-3000,5.000000,823,-3000,0x04,single,-157.916698,-2613,-0.360440,174,0,No fault,,,,,,,,,
2026-08-14T13:39:01.829,1786707541.829371,10.490646,3,-3000,5.000000,824,-3000,0x04,single,-158.553592,-2657,-0.354579,174,0,No fault,,,,,,,,,
2026-08-14T13:39:01.834,1786707541.834691,10.495967,3,-3000,5.000000,825,-3000,0x04,single,-159.190485,-2568,-0.354579,174,0,No fault,,,,,,,,,
2026-08-14T13:39:01.839,1786707541.839983,10.501254,3,-3000,5.000000,826,-3000,0x04,single,-159.849341,-2568,-0.366300,174,0,No fault,,,,,,,,,
2026-08-14T13:39:01.845,1786707541.845245,10.506515,3,-3000,5.000000,827,-3000,0x04,single,-160.486235,-2657,-0.413187,175,0,No fault,,,,,,,,,
2026-08-14T13:39:01.850,1786707541.850512,10.511785,3,-3000,5.000000,828,-3000,0x04,single,-161.123128,-2613,-0.360440,174,0,No fault,,,,,,,,,
2026-08-14T13:39:01.855,1786707541.855797,10.517075,3,-3000,5.000000,829,-3000,0x04,single,-161.781984,-2881,-0.366300,174,0,No fault,,,,,,,,,
2026-08-14T13:39:01.861,1786707541.861093,10.522374,3,-3000,5.000000,830,-3000,0x04,single,-162.418878,-2613,-0.389744,174,0,No fault,,,,,,,,,
2026-08-14T13:39:01.866,1786707541.866405,10.527685,3,-3000,5.000000,831,-3000,0x04,single,-163.055771,-2568,-0.383883,174,0,No fault,,,,,,,,,
2026-08-14T13:39:01.871,1786707541.871737,10.533020,3,-3000,5.000000,832,-3000,0x04,single,-163.692665,-2434,-0.401465,174,0,No fault,,,,,,,,,
2026-08-14T13:39:01.877,1786707541.877074,10.538352,3,-3000,5.000000,833,-3000,0x04,single,-164.351521,-2568,-0.366300,174,0,No fault,,,,,,,,,
2026-08-14T13:39:01.882,1786707541.882379,10.543655,3,-3000,5.000000,834,-3000,0x04,single,-164.988414,-2747,-0.407326,175,0,No fault,,,,,,,,,
2026-08-14T13:39:01.887,1786707541.887658,10.548938,3,-3000,5.000000,835,-3000,0x04,single,-165.625308,-2747,-0.372161,175,0,No fault,,,,,,,,,
2026-08-14T13:39:01.892,1786707541.892932,10.554212,3,-3000,5.000000,836,-3000,0x04,single,-166.284164,-2747,-0.395604,174,0,No fault,,,,,,,,,
2026-08-14T13:39:01.898,1786707541.898217,10.559492,3,-3000,5.000000,837,-3000,0x04,single,-166.899095,-2523,-0.372161,177,0,No fault,,,,,,,,,
2026-08-14T13:39:01.903,1786707541.903486,10.564756,3,-3000,5.000000,838,-3000,0x04,single,-167.535989,-2702,-0.360440,175,0,No fault,,,,,,,,,
2026-08-14T13:39:01.913,1786707541.913862,10.575141,3,-3000,5.000000,839,-3000,0x04,single,-168.194845,-2702,-0.389744,174,0,No fault,,,,,,,,,
2026-08-14T13:39:01.919,1786707541.919258,10.580533,3,-3000,5.000000,840,-3000,0x04,single,-169.468632,-2568,-0.395604,175,0,No fault,,,,,,,,,
2026-08-14T13:39:01.924,1786707541.924623,10.585906,3,-3000,5.000000,841,-3000,0x04,single,-171.379313,-2747,-0.354579,175,0,No fault,,,,,,,,,
2026-08-14T13:39:01.929,1786707541.929975,10.591256,3,-3000,5.000000,842,-3000,0x04,single,-171.686779,-2568,-0.372161,173,0,No fault,,,,,,,,,
2026-08-14T13:39:01.935,1786707541.935287,10.596561,3,-3000,5.000000,843,-3000,0x04,single,-172.038169,-2702,-0.372161,174,0,No fault,,,,,,,,,
2026-08-14T13:39:01.940,1786707541.940571,10.601848,3,-3000,5.000000,844,-3000,0x04,single,-172.675063,-2523,-0.342857,174,0,No fault,,,,,,,,,
2026-08-14T13:39:01.945,1786707541.945861,10.607139,3,-3000,5.000000,845,-3000,0x04,single,-173.311956,-2657,-0.389744,174,0,No fault,,,,,,,,,
2026-08-14T13:39:01.951,1786707541.951162,10.612438,3,-3000,5.000000,846,-3000,0x04,single,-173.970812,-2568,-0.342857,174,0,No fault,,,,,,,,,
2026-08-14T13:39:01.956,1786707541.956443,10.617717,3,-3000,5.000000,847,-3000,0x04,single,-174.607706,-2657,-0.366300,175,0,No fault,,,,,,,,,
2026-08-14T13:39:01.961,1786707541.961719,10.623000,3,-3000,5.000000,848,-3000,0x04,single,-175.244599,-2434,-0.383883,174,0,No fault,,,,,,,,,
2026-08-14T13:39:01.967,1786707541.967131,10.628407,3,-3000,5.000000,849,-3000,0x04,single,-175.925417,-2881,-0.319414,175,0,No fault,,,,,,,,,
2026-08-14T13:39:01.972,1786707541.972412,10.633689,3,-3000,5.000000,850,-3000,0x04,single,-176.540349,-2657,-0.378022,174,0,No fault,,,,,,,,,
2026-08-14T13:39:01.977,1786707541.977694,10.638969,3,-3000,5.000000,851,-3000,0x04,single,-177.199204,-2791,-0.360440,173,0,No fault,,,,,,,,,
2026-08-14T13:39:01.982,1786707541.982970,10.644251,3,-3000,5.000000,852,-3000,0x04,single,-177.836098,-2657,-0.383883,174,0,No fault,,,,,,,,,
2026-08-14T13:39:01.988,1786707541.988258,10.649538,3,-3000,5.000000,853,-3000,0x04,single,-178.472992,-2434,-0.336996,174,0,No fault,,,,,,,,,
2026-08-14T13:39:01.993,1786707541.993540,10.654821,3,-3000,5.000000,854,-3000,0x04,single,-179.131847,-2747,-0.372161,174,0,No fault,,,,,,,,,
2026-08-14T13:39:01.998,1786707541.998829,10.660102,3,-3000,5.000000,855,-3000,0x04,single,-179.768741,-2523,-0.372161,174,0,No fault,,,,,,,,,
2026-08-14T13:39:02.004,1786707542.004106,10.665378,3,-3000,5.000000,856,-3000,0x04,single,-180.405635,-2657,-0.378022,172,0,No fault,,,,,,,,,
2026-08-14T13:39:02.009,1786707542.009366,10.670637,3,-3000,5.000000,857,-3000,0x04,single,-181.064490,-2702,-0.395604,174,0,No fault,,,,,,,,,
2026-08-14T13:39:02.014,1786707542.014675,10.675954,3,-3000,5.000000,858,-3000,0x04,single,-181.701384,-2613,-0.342857,174,0,No fault,,,,,,,,,
2026-08-14T13:39:02.020,1786707542.020149,10.681441,3,-3000,5.000000,859,-3000,0x04,single,-182.338278,-2568,-0.378022,174,0,No fault,,,,,,,,,
2026-08-14T13:39:02.025,1786707542.025679,10.686957,3,-3000,5.000000,860,-3000,0x04,single,-182.997133,-2881,-0.372161,173,0,No fault,,,,,,,,,
2026-08-14T13:39:02.031,1786707542.031095,10.692374,3,-3000,5.000000,861,-3000,0x04,single,-183.634027,-2747,-0.366300,174,0,No fault,,,,,,,,,
2026-08-14T13:39:02.036,1786707542.036450,10.697724,3,-3000,5.000000,862,-3000,0x04,single,-184.292882,-2568,-0.360440,174,0,No fault,,,,,,,,,
2026-08-14T13:39:02.042,1786707542.042048,10.703322,3,-3000,5.000000,863,-3000,0x04,single,-185.588632,-2925,-0.360440,174,0,No fault,,,,,,,,,
2026-08-14T13:39:02.047,1786707542.047325,10.708598,3,-3000,5.000000,864,-3000,0x04,single,-186.225525,-2702,-0.401465,174,0,No fault,,,,,,,,,
2026-08-14T13:39:02.052,1786707542.052597,10.713869,3,-3000,5.000000,865,-3000,0x04,single,-186.840457,-2568,-0.366300,174,0,No fault,,,,,,,,,
2026-08-14T13:39:02.057,1786707542.057878,10.719150,3,-3000,5.000000,866,-3000,0x04,single,-187.521275,-2791,-0.336996,174,0,No fault,,,,,,,,,
2026-08-14T13:39:02.063,1786707542.063142,10.724413,3,-3000,5.000000,867,-3000,0x04,single,-188.158168,-2970,-0.389744,175,0,No fault,,,,,,,,,
2026-08-14T13:39:02.068,1786707542.068390,10.729660,3,-3000,5.000000,868,-3000,0x04,single,-188.773100,-2434,-0.360440,174,0,No fault,,,,,,,,,
2026-08-14T13:39:02.073,1786707542.073642,10.734918,3,-3000,5.000000,869,-3000,0x04,single,-189.453918,-2881,-0.372161,174,0,No fault,,,,,,,,,
2026-08-14T13:39:02.078,1786707542.078926,10.740204,3,-3000,5.000000,870,-3000,0x04,single,-190.068850,-2613,-0.360440,174,0,No fault,,,,,,,,,
2026-08-14T13:39:02.084,1786707542.084201,10.745472,3,-3000,5.000000,871,-3000,0x04,single,-190.727705,-2657,-0.342857,174,0,No fault,,,,,,,,,
2026-08-14T13:39:02.089,1786707542.089493,10.750765,3,-3000,5.000000,872,-3000,0x04,single,-191.364599,-2747,-0.360440,174,0,No fault,,,,,,,,,
2026-08-14T13:39:02.094,1786707542.094763,10.756036,3,-3000,5.000000,873,-3000,0x04,single,-192.001493,-2523,-0.372161,174,0,No fault,,,,,,,,,
2026-08-14T13:39:02.100,1786707542.100027,10.761301,3,-3000,5.000000,874,-3000,0x04,single,-192.638386,-2434,-0.342857,174,0,No fault,,,,,,,,,
2026-08-14T13:39:02.105,1786707542.105278,10.766549,3,-3000,5.000000,875,-3000,0x04,single,-193.297242,-2747,-0.372161,174,0,No fault,,,,,,,,,
2026-08-14T13:39:02.120,1786707542.120718,10.781993,3,-3000,5.000000,876,-3000,0x04,single,-194.592991,-2791,-0.360440,174,0,No fault,,,,,,,,,
2026-08-14T13:39:02.126,1786707542.126030,10.787306,3,-3000,5.000000,877,-3000,0x04,single,-195.207923,-2434,-0.395604,174,0,No fault,,,,,,,,,
2026-08-14T13:39:02.131,1786707542.131303,10.792580,3,-3000,5.000000,878,-3000,0x04,single,-197.074680,-2702,-0.383883,175,0,No fault,,,,,,,,,
2026-08-14T13:39:02.136,1786707542.136593,10.797869,3,-3000,5.000000,879,-3000,0x04,single,-197.404108,-2836,-0.372161,175,0,No fault,,,,,,,,,
2026-08-14T13:39:02.141,1786707542.141871,10.803148,3,-3000,5.000000,880,-3000,0x04,single,-197.733536,-2702,-0.389744,175,0,No fault,,,,,,,,,
2026-08-14T13:39:02.147,1786707542.147156,10.808432,3,-3000,5.000000,881,-3000,0x04,single,-198.370430,-2836,-0.342857,174,0,No fault,,,,,,,,,
2026-08-14T13:39:02.160,1786707542.160876,10.822157,4,0,0.800000,1,0,0x04,single,-200.281111,-2523,-0.366300,174,0,No fault,,,,,,,,,
2026-08-14T13:39:02.166,1786707542.166221,10.827504,4,0,0.800000,2,0,0x04,single,-200.939966,-2702,-0.401465,174,0,No fault,,,,,,,,,
2026-08-14T13:39:02.171,1786707542.171533,10.832808,4,0,0.800000,3,0,0x04,single,-201.620784,-2836,-0.348718,174,0,No fault,,,,,,,,,
2026-08-14T13:39:02.176,1786707542.176820,10.838095,4,0,0.800000,4,0,0x04,single,-201.906288,-2434,-0.383883,175,0,No fault,,,,,,,,,
2026-08-14T13:39:02.182,1786707542.182106,10.843379,4,0,0.800000,5,0,0x04,single,-202.191792,-2255,1.151648,174,0,No fault,,,,,,,,,
2026-08-14T13:39:02.187,1786707542.187387,10.848662,4,0,0.800000,6,0,0x04,single,-202.323563,-112,0.378022,174,0,No fault,,,,,,,,,
2026-08-14T13:39:02.192,1786707542.192685,10.853963,4,0,0.800000,7,0,0x04,single,-202.279639,67,-0.073260,173,0,No fault,,,,,,,,,
2026-08-14T13:39:02.197,1786707542.197993,10.859268,4,0,0.800000,8,0,0x04,single,-202.235716,112,-0.143590,174,0,No fault,,,,,,,,,
2026-08-14T13:39:02.203,1786707542.203293,10.864569,4,0,0.800000,9,0,0x04,single,-202.235716,-67,-0.096703,174,0,No fault,,,,,,,,,
2026-08-14T13:39:02.208,1786707542.208574,10.869847,4,0,0.800000,10,0,0x04,single,-202.213754,-22,-0.079121,176,0,No fault,,,,,,,,,
2026-08-14T13:39:02.213,1786707542.213844,10.875119,4,0,0.800000,11,0,0x04,single,-202.235716,-201,-0.061538,174,0,No fault,,,,,,,,,
2026-08-14T13:39:02.219,1786707542.219123,10.880395,4,0,0.800000,12,0,0x04,single,-202.213754,-22,-0.061538,174,0,No fault,,,,,,,,,
2026-08-14T13:39:02.224,1786707542.224391,10.885667,4,0,0.800000,13,0,0x04,single,-202.213754,22,-0.061538,174,0,No fault,,,,,,,,,
2026-08-14T13:39:02.229,1786707542.229899,10.891175,4,0,0.800000,14,0,0x04,single,-202.213754,22,-0.038095,174,0,No fault,,,,,,,,,
2026-08-14T13:39:02.235,1786707542.235346,10.896619,4,0,0.800000,15,0,0x04,single,-202.213754,-67,-0.049817,174,0,No fault,,,,,,,,,
2026-08-14T13:39:02.240,1786707542.240752,10.902030,4,0,0.800000,16,0,0x04,single,-202.213754,-22,-0.043956,171,0,No fault,,,,,,,,,
2026-08-14T13:39:02.246,1786707542.246198,10.907475,4,0,0.800000,17,0,0x04,single,-202.235716,-246,-0.038095,174,0,No fault,,,,,,,,,
2026-08-14T13:39:02.251,1786707542.251606,10.912886,4,0,0.800000,18,0,0x04,single,-202.213754,-22,-0.067399,173,0,No fault,,,,,,,,,
2026-08-14T13:39:02.257,1786707542.257019,10.918299,4,0,0.800000,19,0,0x04,single,-202.213754,-156,-0.055678,174,0,No fault,,,,,,,,,
2026-08-14T13:39:02.262,1786707542.262451,10.923730,4,0,0.800000,20,0,0x04,single,-202.213754,67,-0.049817,176,0,No fault,,,,,,,,,
2026-08-14T13:39:02.267,1786707542.267933,10.929214,4,0,0.800000,21,0,0x04,single,-202.213754,22,-0.038095,175,0,No fault,,,,,,,,,
2026-08-14T13:39:02.273,1786707542.273399,10.934677,4,0,0.800000,22,0,0x04,single,-202.213754,22,-0.043956,174,0,No fault,,,,,,,,,
2026-08-14T13:39:02.278,1786707542.278897,10.940172,4,0,0.800000,23,0,0x04,single,-202.213754,-112,-0.043956,172,0,No fault,,,,,,,,,
2026-08-14T13:39:02.284,1786707542.284373,10.945647,4,0,0.800000,24,0,0x04,single,-202.213754,-156,-0.055678,175,0,No fault,,,,,,,,,
2026-08-14T13:39:02.289,1786707542.289678,10.950960,4,0,0.800000,25,0,0x04,single,-202.213754,-22,-0.043956,174,0,No fault,,,,,,,,,
2026-08-14T13:39:02.295,1786707542.295088,10.956370,4,0,0.800000,26,0,0x04,single,-202.213754,67,-0.043956,174,0,No fault,,,,,,,,,
2026-08-14T13:39:02.301,1786707542.301279,10.962556,4,0,0.800000,27,0,0x04,single,-202.213754,-67,-0.061538,174,0,No fault,,,,,,,,,
2026-08-14T13:39:02.306,1786707542.306684,10.967959,4,0,0.800000,28,0,0x04,single,-202.213754,-22,-0.049817,174,0,No fault,,,,,,,,,
2026-08-14T13:39:02.322,1786707542.322462,10.983744,4,0,0.800000,29,0,0x04,single,-202.213754,-22,-0.049817,174,0,No fault,,,,,,,,,
2026-08-14T13:39:02.327,1786707542.327870,10.989149,4,0,0.800000,30,0,0x04,single,-202.213754,-22,-0.049817,175,0,No fault,,,,,,,,,
2026-08-14T13:39:02.333,1786707542.333173,10.994448,4,0,0.800000,31,0,0x04,single,-202.213754,-22,-0.055678,174,0,No fault,,,,,,,,,
2026-08-14T13:39:02.338,1786707542.338456,10.999732,4,0,0.800000,32,0,0x04,single,-202.213754,-22,-0.043956,175,0,No fault,,,,,,,,,
2026-08-14T13:39:02.343,1786707542.343746,11.005023,4,0,0.800000,33,0,0x04,single,-202.213754,201,-0.020513,174,0,No fault,,,,,,,,,
2026-08-14T13:39:02.349,1786707542.349028,11.010303,4,0,0.800000,34,0,0x04,single,-202.213754,-67,-0.038095,174,0,No fault,,,,,,,,,
2026-08-14T13:39:02.354,1786707542.354312,11.015584,4,0,0.800000,35,0,0x04,single,-202.213754,-22,-0.043956,174,0,No fault,,,,,,,,,
2026-08-14T13:39:02.359,1786707542.359588,11.020864,4,0,0.800000,36,0,0x04,single,-202.213754,-22,-0.038095,174,0,No fault,,,,,,,,,
2026-08-14T13:39:02.364,1786707542.364882,11.026158,4,0,0.800000,37,0,0x04,single,-202.213754,67,-0.038095,174,0,No fault,,,,,,,,,
2026-08-14T13:39:02.370,1786707542.370161,11.031437,4,0,0.800000,38,0,0x04,single,-202.213754,156,-0.061538,172,0,No fault,,,,,,,,,
2026-08-14T13:39:02.375,1786707542.375439,11.036718,4,0,0.800000,39,0,0x04,single,-202.213754,112,-0.043956,174,0,No fault,,,,,,,,,
2026-08-14T13:39:02.380,1786707542.380730,11.042004,4,0,0.800000,40,0,0x04,single,-202.213754,112,-0.032234,174,0,No fault,,,,,,,,,
2026-08-14T13:39:02.386,1786707542.386011,11.047287,4,0,0.800000,41,0,0x04,single,-202.213754,22,-0.043956,176,0,No fault,,,,,,,,,
2026-08-14T13:39:02.391,1786707542.391302,11.052576,4,0,0.800000,42,0,0x04,single,-202.213754,-112,-0.038095,174,0,No fault,,,,,,,,,
2026-08-14T13:39:02.396,1786707542.396574,11.057849,4,0,0.800000,43,0,0x04,single,-202.213754,-22,-0.049817,174,0,No fault,,,,,,,,,
2026-08-14T13:39:02.401,1786707542.401842,11.063114,4,0,0.800000,44,0,0x04,single,-202.213754,-201,-0.055678,174,0,No fault,,,,,,,,,
2026-08-14T13:39:02.407,1786707542.407101,11.068375,4,0,0.800000,45,0,0x04,single,-202.213754,156,-0.055678,174,0,No fault,,,,,,,,,
2026-08-14T13:39:02.412,1786707542.412367,11.073640,4,0,0.800000,46,0,0x04,single,-202.213754,-67,-0.038095,172,0,No fault,,,,,,,,,
2026-08-14T13:39:02.417,1786707542.417644,11.078920,4,0,0.800000,47,0,0x04,single,-202.213754,-67,-0.049817,176,0,No fault,,,,,,,,,
2026-08-14T13:39:02.422,1786707542.422926,11.084201,4,0,0.800000,48,0,0x04,single,-202.213754,-112,-0.049817,175,0,No fault,,,,,,,,,
2026-08-14T13:39:02.428,1786707542.428208,11.089479,4,0,0.800000,49,0,0x04,single,-202.213754,-67,-0.043956,173,0,No fault,,,,,,,,,
2026-08-14T13:39:02.433,1786707542.433498,11.094771,4,0,0.800000,50,0,0x04,single,-202.213754,67,-0.032234,173,0,No fault,,,,,,,,,
2026-08-14T13:39:02.438,1786707542.438770,11.100045,4,0,0.800000,51,0,0x04,single,-202.213754,22,-0.038095,174,0,No fault,,,,,,,,,
2026-08-14T13:39:02.444,1786707542.444037,11.105314,4,0,0.800000,52,0,0x04,single,-202.213754,67,-0.043956,175,0,No fault,,,,,,,,,
2026-08-14T13:39:02.449,1786707542.449318,11.110595,4,0,0.800000,53,0,0x04,single,-202.213754,-67,-0.043956,172,0,No fault,,,,,,,,,
2026-08-14T13:39:02.454,1786707542.454616,11.115894,4,0,0.800000,54,0,0x04,single,-202.213754,67,-0.026374,175,0,No fault,,,,,,,,,
2026-08-14T13:39:02.460,1786707542.460070,11.121352,4,0,0.800000,55,0,0x04,single,-202.213754,112,-0.038095,175,0,No fault,,,,,,,,,
2026-08-14T13:39:02.465,1786707542.465545,11.126820,4,0,0.800000,56,0,0x04,single,-202.213754,-67,-0.032234,174,0,No fault,,,,,,,,,
2026-08-14T13:39:02.470,1786707542.470905,11.132180,4,0,0.800000,57,0,0x04,single,-202.213754,-67,-0.038095,174,0,No fault,,,,,,,,,
2026-08-14T13:39:02.476,1786707542.476185,11.137460,4,0,0.800000,58,0,0x04,single,-202.213754,22,-0.049817,172,0,No fault,,,,,,,,,
2026-08-14T13:39:02.481,1786707542.481493,11.142771,4,0,0.800000,59,0,0x04,single,-202.213754,67,-0.049817,174,0,No fault,,,,,,,,,
2026-08-14T13:39:02.486,1786707542.486784,11.148057,4,0,0.800000,60,0,0x04,single,-202.213754,-112,-0.043956,176,0,No fault,,,,,,,,,
2026-08-14T13:39:02.492,1786707542.492057,11.153331,4,0,0.800000,61,0,0x04,single,-202.213754,-22,-0.049817,174,0,No fault,,,,,,,,,
2026-08-14T13:39:02.497,1786707542.497343,11.158613,4,0,0.800000,62,0,0x04,single,-202.213754,-156,-0.032234,173,0,No fault,,,,,,,,,
2026-08-14T13:39:02.502,1786707542.502624,11.163895,4,0,0.800000,63,0,0x04,single,-202.213754,-112,-0.049817,175,0,No fault,,,,,,,,,
2026-08-14T13:39:02.507,1786707542.507889,11.169158,4,0,0.800000,64,0,0x04,single,-202.191792,201,-0.043956,174,0,No fault,,,,,,,,,
2026-08-14T13:39:02.513,1786707542.513165,11.174453,4,0,0.800000,65,0,0x04,single,-202.213754,-67,-0.038095,173,0,No fault,,,,,,,,,
2026-08-14T13:39:02.528,1786707542.528771,11.190050,4,0,0.800000,66,0,0x04,single,-202.213754,22,-0.049817,174,0,No fault,,,,,,,,,
2026-08-14T13:39:02.534,1786707542.534125,11.195399,4,0,0.800000,67,0,0x04,single,-202.213754,-67,-0.038095,174,0,No fault,,,,,,,,,
2026-08-14T13:39:02.539,1786707542.539401,11.200673,4,0,0.800000,68,0,0x04,single,-202.213754,-67,-0.032234,176,0,No fault,,,,,,,,,
2026-08-14T13:39:02.544,1786707542.544672,11.205943,4,0,0.800000,69,0,0x04,single,-202.213754,-112,-0.061538,175,0,No fault,,,,,,,,,
2026-08-14T13:39:02.549,1786707542.549943,11.211221,4,0,0.800000,70,0,0x04,single,-202.213754,-246,-0.049817,174,0,No fault,,,,,,,,,
2026-08-14T13:39:02.555,1786707542.555256,11.216532,4,0,0.800000,71,0,0x04,single,-202.213754,-156,-0.055678,172,0,No fault,,,,,,,,,
2026-08-14T13:39:02.560,1786707542.560557,11.221832,4,0,0.800000,72,0,0x04,single,-202.213754,22,-0.038095,175,0,No fault,,,,,,,,,
2026-08-14T13:39:02.565,1786707542.565854,11.227127,4,0,0.800000,73,0,0x04,single,-202.213754,-156,-0.038095,175,0,No fault,,,,,,,,,
2026-08-14T13:39:02.571,1786707542.571150,11.232426,4,0,0.800000,74,0,0x04,single,-202.213754,67,-0.038095,174,0,No fault,,,,,,,,,
2026-08-14T13:39:02.585,1786707542.585675,11.247048,4,0,0.800000,75,0,0x04,single,-202.213754,-67,-0.043956,173,0,No fault,,,,,,,,,
2026-08-14T13:39:02.592,1786707542.592166,11.253500,4,0,0.800000,76,0,0x04,single,-202.213754,67,-0.032234,174,0,No fault,,,,,,,,,
2026-08-14T13:39:02.597,1786707542.597996,11.259323,4,0,0.800000,77,0,0x04,single,-202.213754,-156,-0.043956,175,0,No fault,,,,,,,,,
2026-08-14T13:39:02.603,1786707542.603987,11.265306,4,0,0.800000,78,0,0x04,single,-202.213754,-22,-0.032234,176,0,No fault,,,,,,,,,
2026-08-14T13:39:02.609,1786707542.609871,11.271190,4,0,0.800000,79,0,0x04,single,-202.213754,67,-0.032234,170,0,No fault,,,,,,,,,
2026-08-14T13:39:02.615,1786707542.615446,11.276757,4,0,0.800000,80,0,0x04,single,-202.213754,22,-0.067399,174,0,No fault,,,,,,,,,
2026-08-14T13:39:02.620,1786707542.620960,11.282268,4,0,0.800000,81,0,0x04,single,-202.213754,-112,-0.049817,174,0,No fault,,,,,,,,,
2026-08-14T13:39:02.626,1786707542.626484,11.287783,4,0,0.800000,82,0,0x04,single,-202.213754,22,-0.049817,174,0,No fault,,,,,,,,,
2026-08-14T13:39:02.631,1786707542.631970,11.293277,4,0,0.800000,83,0,0x04,single,-202.213754,67,-0.032234,174,0,No fault,,,,,,,,,
2026-08-14T13:39:02.637,1786707542.637484,11.298776,4,0,0.800000,84,0,0x04,single,-202.213754,67,-0.055678,174,0,No fault,,,,,,,,,
2026-08-14T13:39:02.642,1786707542.642856,11.304135,4,0,0.800000,85,0,0x04,single,-202.213754,-67,-0.043956,174,0,No fault,,,,,,,,,
2026-08-14T13:39:02.648,1786707542.648168,11.309446,4,0,0.800000,86,0,0x04,single,-202.213754,112,-0.043956,174,0,No fault,,,,,,,,,
2026-08-14T13:39:02.653,1786707542.653505,11.314783,4,0,0.800000,87,0,0x04,single,-202.213754,112,-0.038095,174,0,No fault,,,,,,,,,
2026-08-14T13:39:02.658,1786707542.658949,11.320231,4,0,0.800000,88,0,0x04,single,-202.213754,-22,-0.055678,174,0,No fault,,,,,,,,,
2026-08-14T13:39:02.664,1786707542.664253,11.325529,4,0,0.800000,89,0,0x04,single,-202.213754,67,-0.038095,175,0,No fault,,,,,,,,,
2026-08-14T13:39:02.669,1786707542.669558,11.330837,4,0,0.800000,90,0,0x04,single,-202.213754,-67,-0.038095,174,0,No fault,,,,,,,,,
2026-08-14T13:39:02.674,1786707542.674883,11.336160,4,0,0.800000,91,0,0x04,single,-202.213754,22,-0.049817,174,0,No fault,,,,,,,,,
2026-08-14T13:39:02.680,1786707542.680175,11.341455,4,0,0.800000,92,0,0x04,single,-202.213754,22,-0.043956,174,0,No fault,,,,,,,,,
2026-08-14T13:39:02.685,1786707542.685532,11.346807,4,0,0.800000,93,0,0x04,single,-202.213754,-156,-0.049817,175,0,No fault,,,,,,,,,
2026-08-14T13:39:02.691,1786707542.691012,11.352289,4,0,0.800000,94,0,0x04,single,-202.213754,22,-0.038095,174,0,No fault,,,,,,,,,
2026-08-14T13:39:02.696,1786707542.696494,11.357770,4,0,0.800000,95,0,0x04,single,-202.213754,-67,-0.038095,174,0,No fault,,,,,,,,,
2026-08-14T13:39:02.701,1786707542.701779,11.363056,4,0,0.800000,96,0,0x04,single,-202.213754,-67,-0.049817,174,0,No fault,,,,,,,,,
2026-08-14T13:39:02.707,1786707542.707082,11.368359,4,0,0.800000,97,0,0x04,single,-202.213754,-112,-0.038095,176,0,No fault,,,,,,,,,
2026-08-14T13:39:02.712,1786707542.712367,11.373644,4,0,0.800000,98,0,0x04,single,-202.213754,67,-0.043956,174,0,No fault,,,,,,,,,
2026-08-14T13:39:02.728,1786707542.728102,11.389380,4,0,0.800000,99,0,0x04,single,-202.213754,-22,-0.043956,174,0,No fault,,,,,,,,,
2026-08-14T13:39:02.733,1786707542.733378,11.394655,4,0,0.800000,100,0,0x04,single,-202.213754,-156,-0.049817,173,0,No fault,,,,,,,,,
2026-08-14T13:39:02.739,1786707542.739016,11.400293,4,0,0.800000,101,0,0x04,single,-202.213754,-67,-0.038095,176,0,No fault,,,,,,,,,
2026-08-14T13:39:02.744,1786707542.744307,11.405587,4,0,0.800000,102,0,0x04,single,-202.213754,-67,-0.032234,174,0,No fault,,,,,,,,,
2026-08-14T13:39:02.749,1786707542.749652,11.410937,4,0,0.800000,103,0,0x04,single,-202.213754,-156,-0.061538,171,0,No fault,,,,,,,,,
2026-08-14T13:39:02.755,1786707542.755173,11.416451,4,0,0.800000,104,0,0x04,single,-202.213754,22,-0.049817,173,0,No fault,,,,,,,,,
2026-08-14T13:39:02.760,1786707542.760491,11.421775,4,0,0.800000,105,0,0x04,single,-202.213754,-22,-0.055678,174,0,No fault,,,,,,,,,
2026-08-14T13:39:02.765,1786707542.765825,11.427109,4,0,0.800000,106,0,0x04,single,-202.213754,112,-0.032234,174,0,No fault,,,,,,,,,
2026-08-14T13:39:02.771,1786707542.771165,11.432445,4,0,0.800000,107,0,0x04,single,-202.213754,156,-0.032234,174,0,No fault,,,,,,,,,
2026-08-14T13:39:02.776,1786707542.776479,11.437757,4,0,0.800000,108,0,0x04,single,-202.191792,112,-0.049817,174,0,No fault,,,,,,,,,
2026-08-14T13:39:02.781,1786707542.781818,11.443095,4,0,0.800000,109,0,0x04,single,-202.213754,-156,-0.049817,174,0,No fault,,,,,,,,,
2026-08-14T13:39:02.787,1786707542.787262,11.448544,4,0,0.800000,110,0,0x04,single,-202.213754,-67,-0.049817,174,0,No fault,,,,,,,,,
2026-08-14T13:39:02.792,1786707542.792581,11.453858,4,0,0.800000,111,0,0x04,single,-202.213754,22,-0.032234,175,0,No fault,,,,,,,,,
2026-08-14T13:39:02.797,1786707542.797885,11.459162,4,0,0.800000,112,0,0x04,single,-202.213754,22,-0.032234,175,0,No fault,,,,,,,,,
2026-08-14T13:39:02.803,1786707542.803182,11.464464,4,0,0.800000,113,0,0x04,single,-202.213754,22,-0.038095,175,0,No fault,,,,,,,,,
2026-08-14T13:39:02.808,1786707542.808485,11.469763,4,0,0.800000,114,0,0x04,single,-202.213754,22,-0.032234,174,0,No fault,,,,,,,,,
2026-08-14T13:39:02.813,1786707542.813801,11.475078,4,0,0.800000,115,0,0x04,single,-202.213754,-22,-0.032234,173,0,No fault,,,,,,,,,
2026-08-14T13:39:02.819,1786707542.819232,11.480508,4,0,0.800000,116,0,0x04,single,-202.213754,-156,-0.055678,175,0,No fault,,,,,,,,,
2026-08-14T13:39:02.824,1786707542.824610,11.485887,4,0,0.800000,117,0,0x04,single,-202.213754,-156,-0.038095,174,0,No fault,,,,,,,,,
2026-08-14T13:39:02.830,1786707542.830132,11.491409,4,0,0.800000,118,0,0x04,single,-202.213754,-201,-0.067399,174,0,No fault,,,,,,,,,
2026-08-14T13:39:02.835,1786707542.835498,11.496781,4,0,0.800000,119,0,0x04,single,-202.213754,-22,-0.026374,173,0,No fault,,,,,,,,,
2026-08-14T13:39:02.840,1786707542.840800,11.502077,4,0,0.800000,120,0,0x04,single,-202.213754,-112,-0.043956,175,0,No fault,,,,,,,,,
2026-08-14T13:39:02.846,1786707542.846100,11.507376,4,0,0.800000,121,0,0x04,single,-202.213754,-67,-0.049817,174,0,No fault,,,,,,,,,
2026-08-14T13:39:02.851,1786707542.851405,11.512687,4,0,0.800000,122,0,0x04,single,-202.213754,-22,-0.032234,175,0,No fault,,,,,,,,,
2026-08-14T13:39:02.856,1786707542.856708,11.517992,4,0,0.800000,123,0,0x04,single,-202.213754,22,-0.049817,174,0,No fault,,,,,,,,,
2026-08-14T13:39:02.862,1786707542.862010,11.523286,4,0,0.800000,124,0,0x04,single,-202.213754,-67,-0.032234,174,0,No fault,,,,,,,,,
2026-08-14T13:39:02.867,1786707542.867292,11.528568,4,0,0.800000,125,0,0x04,single,-202.213754,-112,-0.026374,174,0,No fault,,,,,,,,,
2026-08-14T13:39:02.872,1786707542.872595,11.533870,4,0,0.800000,126,0,0x04,single,-202.213754,-290,-0.049817,175,0,No fault,,,,,,,,,
2026-08-14T13:39:02.878,1786707542.878017,11.539296,4,0,0.800000,127,0,0x04,single,-202.213754,-22,-0.049817,174,0,No fault,,,,,,,,,
2026-08-14T13:39:02.883,1786707542.883452,11.544728,4,0,0.800000,128,0,0x04,single,-202.213754,-201,-0.055678,174,0,No fault,,,,,,,,,
2026-08-14T13:39:02.888,1786707542.888742,11.550019,4,0,0.800000,129,0,0x04,single,-202.191792,112,-0.061538,175,0,No fault,,,,,,,,,
2026-08-14T13:39:02.894,1786707542.894022,11.555299,4,0,0.800000,130,0,0x04,single,-202.213754,-156,-0.049817,174,0,No fault,,,,,,,,,
2026-08-14T13:39:02.899,1786707542.899327,11.560603,4,0,0.800000,131,0,0x04,single,-202.213754,-112,-0.049817,174,0,No fault,,,,,,,,,
2026-08-14T13:39:02.904,1786707542.904610,11.565887,4,0,0.800000,132,0,0x04,single,-202.213754,22,-0.043956,175,0,No fault,,,,,,,,,
2026-08-14T13:39:02.909,1786707542.909907,11.571183,4,0,0.800000,133,0,0x04,single,-202.213754,-112,-0.049817,173,0,No fault,,,,,,,,,
2026-08-14T13:39:02.915,1786707542.915200,11.576477,4,0,0.800000,134,0,0x04,single,-202.213754,67,-0.043956,174,0,No fault,,,,,,,,,
2026-08-14T13:39:02.920,1786707542.920493,11.581769,4,0,0.800000,135,0,0x04,single,-202.213754,22,-0.049817,174,0,No fault,,,,,,,,,
2026-08-14T13:39:02.935,1786707542.935964,11.597241,4,0,0.800000,136,0,0x04,single,-202.213754,-112,-0.032234,174,0,No fault,,,,,,,,,
2026-08-14T13:39:02.941,1786707542.941249,11.602525,4,0,0.800000,137,0,0x04,single,-202.213754,-67,-0.061538,174,0,No fault,,,,,,,,,
2026-08-14T13:39:02.946,1786707542.946524,11.607794,4,0,0.800000,138,0,0x04,single,-202.213754,67,-0.055678,174,0,No fault,,,,,,,,,
2026-08-14T13:39:02.951,1786707542.951760,11.613029,4,0,0.800000,139,0,0x04,single,-202.213754,67,-0.038095,174,0,No fault,,,,,,,,,
