wall_time_iso,wall_time_epoch_s,elapsed_s,phase_index,phase_command_erpm,phase_duration_s,sample_index,command_erpm,left_motor_id,left_motor_label,left_feedback_position_deg,left_feedback_speed_erpm,left_feedback_current_amps,left_feedback_temperature_c,left_feedback_error_code,left_feedback_error_description,right_motor_id,right_motor_label,right_feedback_position_deg,right_feedback_speed_erpm,right_feedback_current_amps,right_feedback_temperature_c,right_feedback_error_code,right_feedback_error_description,sync_error_erpm
2026-08-14T13:41:14.437,1786707674.437232,0.008599,1,3000,5.000000,1,3000,0x03,single,-368.816364,112,-0.020513,173,0,No fault,,,,,,,,,
2026-08-14T13:41:14.443,1786707674.443413,0.014658,1,3000,5.000000,2,3000,0x03,single,-368.552822,1496,1.052015,172,0,No fault,,,,,,,,,
2026-08-14T13:41:14.448,1786707674.448694,0.019929,1,3000,5.000000,3,3000,0x03,single,-368.113585,2300,0.688645,173,0,No fault,,,,,,,,,
2026-08-14T13:41:14.453,1786707674.453946,0.025176,1,3000,5.000000,4,3000,0x03,single,-367.520615,2300,0.471795,173,0,No fault,,,,,,,,,
2026-08-14T13:41:14.459,1786707674.459196,0.030430,1,3000,5.000000,5,3000,0x03,single,-366.905683,2345,0.389744,173,0,No fault,,,,,,,,,
2026-08-14T13:41:14.464,1786707674.464497,0.035766,1,3000,5.000000,6,3000,0x03,single,-366.202904,2479,0.290110,172,0,No fault,,,,,,,,,
2026-08-14T13:41:14.469,1786707674.469984,0.041250,1,3000,5.000000,7,3000,0x03,single,-365.544048,2702,0.331136,172,0,No fault,,,,,,,,,
2026-08-14T13:41:14.475,1786707674.475580,0.046841,1,3000,5.000000,8,3000,0x03,single,-364.907155,2657,0.354579,174,0,No fault,,,,,,,,,
2026-08-14T13:41:14.481,1786707674.481027,0.052300,1,3000,5.000000,9,3000,0x03,single,-364.270261,2568,0.378022,172,0,No fault,,,,,,,,,
2026-08-14T13:41:14.486,1786707674.486458,0.057716,1,3000,5.000000,10,3000,0x03,single,-363.655329,2523,0.313553,174,0,No fault,,,,,,,,,
2026-08-14T13:41:14.491,1786707674.491784,0.063020,1,3000,5.000000,11,3000,0x03,single,-362.996473,2657,0.325275,176,0,No fault,,,,,,,,,
2026-08-14T13:41:14.497,1786707674.497063,0.068299,1,3000,5.000000,12,3000,0x03,single,-362.337618,2702,0.336996,172,0,No fault,,,,,,,,,
2026-08-14T13:41:14.502,1786707674.502333,0.073565,1,3000,5.000000,13,3000,0x03,single,-361.722686,2568,0.348718,172,0,No fault,,,,,,,,,
2026-08-14T13:41:14.507,1786707674.507599,0.078830,1,3000,5.000000,14,3000,0x03,single,-361.085792,2568,0.336996,172,0,No fault,,,,,,,,,
2026-08-14T13:41:14.512,1786707674.512864,0.084098,1,3000,5.000000,15,3000,0x03,single,-360.448899,2613,0.272527,172,0,No fault,,,,,,,,,
2026-08-14T13:41:14.518,1786707674.518129,0.089361,1,3000,5.000000,16,3000,0x03,single,-359.790043,2747,0.295971,172,0,No fault,,,,,,,,,
2026-08-14T13:41:14.523,1786707674.523389,0.094624,1,3000,5.000000,17,3000,0x03,single,-359.153149,2568,0.342857,173,0,No fault,,,,,,,,,
2026-08-14T13:41:14.528,1786707674.528661,0.099893,1,3000,5.000000,18,3000,0x03,single,-358.516256,2434,0.325275,173,0,No fault,,,,,,,,,
2026-08-14T13:41:14.533,1786707674.533921,0.105153,1,3000,5.000000,19,3000,0x03,single,-357.879362,2702,0.295971,173,0,No fault,,,,,,,,,
2026-08-14T13:41:14.539,1786707674.539237,0.110490,1,3000,5.000000,20,3000,0x03,single,-357.220506,2836,0.331136,174,0,No fault,,,,,,,,,
2026-08-14T13:41:14.544,1786707674.544583,0.115816,1,3000,5.000000,21,3000,0x03,single,-356.583613,2657,0.325275,172,0,No fault,,,,,,,,,
2026-08-14T13:41:14.550,1786707674.550030,0.121272,1,3000,5.000000,22,3000,0x03,single,-355.287863,2657,0.278388,173,0,No fault,,,,,,,,,
2026-08-14T13:41:14.555,1786707674.555335,0.126574,1,3000,5.000000,23,3000,0x03,single,-354.629008,2791,0.272527,172,0,No fault,,,,,,,,,
2026-08-14T13:41:14.560,1786707674.560806,0.132045,1,3000,5.000000,24,3000,0x03,single,-353.992114,2613,0.331136,173,0,No fault,,,,,,,,,
2026-08-14T13:41:14.566,1786707674.566101,0.137335,1,3000,5.000000,25,3000,0x03,single,-353.355220,2568,0.331136,172,0,No fault,,,,,,,,,
2026-08-14T13:41:14.571,1786707674.571390,0.142628,1,3000,5.000000,26,3000,0x03,single,-352.718327,2479,0.319414,174,0,No fault,,,,,,,,,
2026-08-14T13:41:14.576,1786707674.576844,0.148084,1,3000,5.000000,27,3000,0x03,single,-352.059471,2702,0.284249,175,0,No fault,,,,,,,,,
2026-08-14T13:41:14.582,1786707674.582133,0.153370,1,3000,5.000000,28,3000,0x03,single,-351.400616,2791,0.301832,172,0,No fault,,,,,,,,,
2026-08-14T13:41:14.587,1786707674.587424,0.158657,1,3000,5.000000,29,3000,0x03,single,-350.763722,2747,0.325275,172,0,No fault,,,,,,,,,
2026-08-14T13:41:14.592,1786707674.592705,0.163938,1,3000,5.000000,30,3000,0x03,single,-350.148790,2523,0.383883,173,0,No fault,,,,,,,,,
2026-08-14T13:41:14.597,1786707674.597982,0.169218,1,3000,5.000000,31,3000,0x03,single,-349.489934,2613,0.290110,173,0,No fault,,,,,,,,,
2026-08-14T13:41:14.603,1786707674.603261,0.174499,1,3000,5.000000,32,3000,0x03,single,-348.853041,2747,0.325275,171,0,No fault,,,,,,,,,
2026-08-14T13:41:14.608,1786707674.608560,0.179798,1,3000,5.000000,33,3000,0x03,single,-348.216147,2657,0.366300,172,0,No fault,,,,,,,,,
2026-08-14T13:41:14.613,1786707674.613858,0.185097,1,3000,5.000000,34,3000,0x03,single,-347.579253,2479,0.348718,173,0,No fault,,,,,,,,,
2026-08-14T13:41:14.629,1786707674.629398,0.200630,1,3000,5.000000,35,3000,0x03,single,-346.964321,2300,0.360440,173,0,No fault,,,,,,,,,
2026-08-14T13:41:14.634,1786707674.634693,0.205929,1,3000,5.000000,36,3000,0x03,single,-344.438708,2613,0.407326,172,0,No fault,,,,,,,,,
2026-08-14T13:41:14.639,1786707674.639984,0.211220,1,3000,5.000000,37,3000,0x03,single,-344.131242,2568,0.378022,173,0,No fault,,,,,,,,,
2026-08-14T13:41:14.645,1786707674.645365,0.216709,1,3000,5.000000,38,3000,0x03,single,-343.516311,2657,0.319414,172,0,No fault,,,,,,,,,
2026-08-14T13:41:14.651,1786707674.651120,0.222389,1,3000,5.000000,39,3000,0x03,single,-342.879417,2568,0.319414,173,0,No fault,,,,,,,,,
2026-08-14T13:41:14.656,1786707674.656695,0.227956,1,3000,5.000000,40,3000,0x03,single,-342.198599,2568,0.342857,172,0,No fault,,,,,,,,,
2026-08-14T13:41:14.662,1786707674.662327,0.233573,1,3000,5.000000,41,3000,0x03,single,-341.561706,2702,0.348718,173,0,No fault,,,,,,,,,
2026-08-14T13:41:14.667,1786707674.667651,0.238888,1,3000,5.000000,42,3000,0x03,single,-340.924812,2791,0.290110,173,0,No fault,,,,,,,,,
2026-08-14T13:41:14.672,1786707674.672944,0.244186,1,3000,5.000000,43,3000,0x03,single,-340.287918,2791,0.284249,172,0,No fault,,,,,,,,,
2026-08-14T13:41:14.678,1786707674.678236,0.249474,1,3000,5.000000,44,3000,0x03,single,-339.629063,2702,0.331136,173,0,No fault,,,,,,,,,
2026-08-14T13:41:14.683,1786707674.683522,0.254757,1,3000,5.000000,45,3000,0x03,single,-338.992169,2702,0.319414,172,0,No fault,,,,,,,,,
2026-08-14T13:41:14.688,1786707674.688801,0.260034,1,3000,5.000000,46,3000,0x03,single,-338.355275,2702,0.295971,171,0,No fault,,,,,,,,,
2026-08-14T13:41:14.694,1786707674.694069,0.265303,1,3000,5.000000,47,3000,0x03,single,-337.696420,2836,0.284249,172,0,No fault,,,,,,,,,
2026-08-14T13:41:14.699,1786707674.699345,0.270580,1,3000,5.000000,48,3000,0x03,single,-337.037564,2747,0.284249,172,0,No fault,,,,,,,,,
2026-08-14T13:41:14.704,1786707674.704649,0.275886,1,3000,5.000000,49,3000,0x03,single,-336.400670,2657,0.313553,172,0,No fault,,,,,,,,,
2026-08-14T13:41:14.709,1786707674.709947,0.281185,1,3000,5.000000,50,3000,0x03,single,-335.741815,2613,0.307692,172,0,No fault,,,,,,,,,
2026-08-14T13:41:14.715,1786707674.715265,0.286503,1,3000,5.000000,51,3000,0x03,single,-335.126883,2568,0.272527,173,0,No fault,,,,,,,,,
2026-08-14T13:41:14.720,1786707674.720608,0.291837,1,3000,5.000000,52,3000,0x03,single,-334.468027,2747,0.307692,173,0,No fault,,,,,,,,,
2026-08-14T13:41:14.725,1786707674.725913,0.297141,1,3000,5.000000,53,3000,0x03,single,-333.172278,2702,0.307692,172,0,No fault,,,,,,,,,
2026-08-14T13:41:14.731,1786707674.731298,0.302542,1,3000,5.000000,54,3000,0x03,single,-332.535384,2657,0.307692,175,0,No fault,,,,,,,,,
2026-08-14T13:41:14.736,1786707674.736685,0.307921,1,3000,5.000000,55,3000,0x03,single,-331.876529,2568,0.260806,172,0,No fault,,,,,,,,,
2026-08-14T13:41:14.741,1786707674.741988,0.313222,1,3000,5.000000,56,3000,0x03,single,-331.217673,2657,0.301832,173,0,No fault,,,,,,,,,
2026-08-14T13:41:14.747,1786707674.747429,0.318667,1,3000,5.000000,57,3000,0x03,single,-330.580780,2702,0.348718,172,0,No fault,,,,,,,,,
2026-08-14T13:41:14.752,1786707674.752733,0.323973,1,3000,5.000000,58,3000,0x03,single,-329.943886,2523,0.319414,169,0,No fault,,,,,,,,,
2026-08-14T13:41:14.758,1786707674.758027,0.329259,1,3000,5.000000,59,3000,0x03,single,-329.328954,2300,0.290110,172,0,No fault,,,,,,,,,
2026-08-14T13:41:14.763,1786707674.763319,0.334552,1,3000,5.000000,60,3000,0x03,single,-328.670099,2568,0.354579,172,0,No fault,,,,,,,,,
2026-08-14T13:41:14.768,1786707674.768603,0.339839,1,3000,5.000000,61,3000,0x03,single,-328.033205,2389,0.342857,172,0,No fault,,,,,,,,,
2026-08-14T13:41:14.773,1786707674.773896,0.345127,1,3000,5.000000,62,3000,0x03,single,-327.396311,2479,0.372161,171,0,No fault,,,,,,,,,
2026-08-14T13:41:14.779,1786707674.779448,0.350703,1,3000,5.000000,63,3000,0x03,single,-326.759417,2434,0.336996,173,0,No fault,,,,,,,,,
2026-08-14T13:41:14.785,1786707674.785036,0.356287,1,3000,5.000000,64,3000,0x03,single,-326.122524,2523,0.290110,173,0,No fault,,,,,,,,,
2026-08-14T13:41:14.790,1786707674.790441,0.361677,1,3000,5.000000,65,3000,0x03,single,-325.463668,2523,0.378022,172,0,No fault,,,,,,,,,
2026-08-14T13:41:14.795,1786707674.795739,0.366973,1,3000,5.000000,66,3000,0x03,single,-324.826774,2657,0.348718,173,0,No fault,,,,,,,,,
2026-08-14T13:41:14.801,1786707674.801045,0.372275,1,3000,5.000000,67,3000,0x03,single,-324.211843,2389,0.348718,173,0,No fault,,,,,,,,,
2026-08-14T13:41:14.806,1786707674.806322,0.377551,1,3000,5.000000,68,3000,0x03,single,-323.574949,2613,0.295971,170,0,No fault,,,,,,,,,
2026-08-14T13:41:14.811,1786707674.811594,0.382826,1,3000,5.000000,69,3000,0x03,single,-322.916093,2702,0.336996,173,0,No fault,,,,,,,,,
2026-08-14T13:41:14.816,1786707674.816920,0.388166,1,3000,5.000000,70,3000,0x03,single,-322.279200,2523,0.348718,172,0,No fault,,,,,,,,,
2026-08-14T13:41:14.832,1786707674.832581,0.403839,1,3000,5.000000,71,3000,0x03,single,-319.446121,2613,0.301832,171,0,No fault,,,,,,,,,
2026-08-14T13:41:14.838,1786707674.838202,0.409441,1,3000,5.000000,72,3000,0x03,single,-319.116693,2747,0.348718,172,0,No fault,,,,,,,,,
2026-08-14T13:41:14.844,1786707674.844837,0.416072,1,3000,5.000000,73,3000,0x03,single,-318.765303,2613,0.366300,173,0,No fault,,,,,,,,,
2026-08-14T13:41:14.850,1786707674.850242,0.421476,1,3000,5.000000,74,3000,0x03,single,-318.150371,2613,0.301832,173,0,No fault,,,,,,,,,
2026-08-14T13:41:14.855,1786707674.855687,0.426923,1,3000,5.000000,75,3000,0x03,single,-316.854622,2613,0.336996,174,0,No fault,,,,,,,,,
2026-08-14T13:41:14.861,1786707674.861127,0.432360,1,3000,5.000000,76,3000,0x03,single,-316.195766,2836,0.325275,172,0,No fault,,,,,,,,,
2026-08-14T13:41:14.866,1786707674.866536,0.437771,1,3000,5.000000,77,3000,0x03,single,-315.558873,2479,0.319414,173,0,No fault,,,,,,,,,
2026-08-14T13:41:14.871,1786707674.871960,0.443200,1,3000,5.000000,78,3000,0x03,single,-314.900017,2747,0.272527,174,0,No fault,,,,,,,,,
2026-08-14T13:41:14.877,1786707674.877406,0.448668,1,3000,5.000000,79,3000,0x03,single,-314.263123,2613,0.301832,172,0,No fault,,,,,,,,,
2026-08-14T13:41:14.882,1786707674.882837,0.454068,1,3000,5.000000,80,3000,0x03,single,-313.626230,2568,0.336996,173,0,No fault,,,,,,,,,
2026-08-14T13:41:14.888,1786707674.888250,0.459488,1,3000,5.000000,81,3000,0x03,single,-312.967374,2434,0.336996,172,0,No fault,,,,,,,,,
2026-08-14T13:41:14.893,1786707674.893707,0.464944,1,3000,5.000000,82,3000,0x03,single,-312.308519,2702,0.295971,172,0,No fault,,,,,,,,,
2026-08-14T13:41:14.899,1786707674.899104,0.470341,1,3000,5.000000,83,3000,0x03,single,-311.671625,2568,0.319414,173,0,No fault,,,,,,,,,
2026-08-14T13:41:14.904,1786707674.904508,0.475744,1,3000,5.000000,84,3000,0x03,single,-311.034731,2568,0.354579,173,0,No fault,,,,,,,,,
2026-08-14T13:41:14.909,1786707674.909902,0.481138,1,3000,5.000000,85,3000,0x03,single,-310.397838,2345,0.360440,172,0,No fault,,,,,,,,,
2026-08-14T13:41:14.915,1786707674.915297,0.486533,1,3000,5.000000,86,3000,0x03,single,-309.760944,2568,0.331136,176,0,No fault,,,,,,,,,
2026-08-14T13:41:14.920,1786707674.920802,0.492036,1,3000,5.000000,87,3000,0x03,single,-309.124050,2568,0.307692,173,0,No fault,,,,,,,,,
2026-08-14T13:41:14.926,1786707674.926189,0.497419,1,3000,5.000000,88,3000,0x03,single,-308.487156,2702,0.336996,172,0,No fault,,,,,,,,,
2026-08-14T13:41:14.931,1786707674.931579,0.502815,1,3000,5.000000,89,3000,0x03,single,-307.850263,2389,0.378022,173,0,No fault,,,,,,,,,
2026-08-14T13:41:14.936,1786707674.936984,0.508220,1,3000,5.000000,90,3000,0x03,single,-307.235331,2300,0.378022,172,0,No fault,,,,,,,,,
2026-08-14T13:41:14.942,1786707674.942406,0.513649,1,3000,5.000000,91,3000,0x03,single,-306.576475,2657,0.307692,172,0,No fault,,,,,,,,,
2026-08-14T13:41:14.947,1786707674.947960,0.519200,1,3000,5.000000,92,3000,0x03,single,-305.302688,2479,0.366300,172,0,No fault,,,,,,,,,
2026-08-14T13:41:14.953,1786707674.953468,0.524705,1,3000,5.000000,93,3000,0x03,single,-304.643832,2523,0.342857,173,0,No fault,,,,,,,,,
2026-08-14T13:41:14.958,1786707674.958896,0.530130,1,3000,5.000000,94,3000,0x03,single,-304.028900,2568,0.366300,173,0,No fault,,,,,,,,,
2026-08-14T13:41:14.964,1786707674.964310,0.535547,1,3000,5.000000,95,3000,0x03,single,-303.392007,2747,0.301832,172,0,No fault,,,,,,,,,
2026-08-14T13:41:14.969,1786707674.969744,0.540979,1,3000,5.000000,96,3000,0x03,single,-302.755113,2389,0.331136,171,0,No fault,,,,,,,,,
2026-08-14T13:41:14.975,1786707674.975167,0.546405,1,3000,5.000000,97,3000,0x03,single,-302.074296,2568,0.366300,172,0,No fault,,,,,,,,,
2026-08-14T13:41:14.980,1786707674.980579,0.551817,1,3000,5.000000,98,3000,0x03,single,-301.481326,2434,0.342857,173,0,No fault,,,,,,,,,
2026-08-14T13:41:14.985,1786707674.985981,0.557217,1,3000,5.000000,99,3000,0x03,single,-300.844432,2657,0.278388,174,0,No fault,,,,,,,,,
2026-08-14T13:41:14.991,1786707674.991391,0.562627,1,3000,5.000000,100,3000,0x03,single,-300.185576,2523,0.319414,172,0,No fault,,,,,,,,,
2026-08-14T13:41:14.996,1786707674.996792,0.568025,1,3000,5.000000,101,3000,0x03,single,-299.526721,2568,0.313553,172,0,No fault,,,,,,,,,
2026-08-14T13:41:15.002,1786707675.002174,0.573401,1,3000,5.000000,102,3000,0x03,single,-298.889827,2434,0.348718,175,0,No fault,,,,,,,,,
2026-08-14T13:41:15.007,1786707675.007449,0.578674,1,3000,5.000000,103,3000,0x03,single,-298.274895,2434,0.307692,173,0,No fault,,,,,,,,,
2026-08-14T13:41:15.012,1786707675.012737,0.583973,1,3000,5.000000,104,3000,0x03,single,-297.616040,2657,0.278388,173,0,No fault,,,,,,,,,
2026-08-14T13:41:15.018,1786707675.018156,0.589389,1,3000,5.000000,105,3000,0x03,single,-296.957184,2479,0.301832,172,0,No fault,,,,,,,,,
2026-08-14T13:41:15.028,1786707675.028695,0.599933,1,3000,5.000000,106,3000,0x03,single,-296.320290,2434,0.348718,173,0,No fault,,,,,,,,,
2026-08-14T13:41:15.034,1786707675.034122,0.605354,1,3000,5.000000,107,3000,0x03,single,-294.189991,2791,0.301832,172,0,No fault,,,,,,,,,
2026-08-14T13:41:15.039,1786707675.039525,0.610761,1,3000,5.000000,108,3000,0x03,single,-293.816639,2702,0.319414,173,0,No fault,,,,,,,,,
2026-08-14T13:41:15.044,1786707675.044935,0.616164,1,3000,5.000000,109,3000,0x03,single,-293.179745,2568,0.319414,172,0,No fault,,,,,,,,,
2026-08-14T13:41:15.050,1786707675.050321,0.621553,1,3000,5.000000,110,3000,0x03,single,-292.542852,2702,0.307692,173,0,No fault,,,,,,,,,
2026-08-14T13:41:15.055,1786707675.055871,0.627136,1,3000,5.000000,111,3000,0x03,single,-291.883996,2702,0.278388,172,0,No fault,,,,,,,,,
2026-08-14T13:41:15.061,1786707675.061534,0.632777,1,3000,5.000000,112,3000,0x03,single,-291.247102,2523,0.301832,173,0,No fault,,,,,,,,,
2026-08-14T13:41:15.066,1786707675.066888,0.638124,1,3000,5.000000,113,3000,0x03,single,-290.588247,2613,0.366300,172,0,No fault,,,,,,,,,
2026-08-14T13:41:15.072,1786707675.072325,0.643564,1,3000,5.000000,114,3000,0x03,single,-289.973315,2657,0.331136,172,0,No fault,,,,,,,,,
2026-08-14T13:41:15.077,1786707675.077756,0.648994,1,3000,5.000000,115,3000,0x03,single,-289.336421,2479,0.290110,173,0,No fault,,,,,,,,,
2026-08-14T13:41:15.083,1786707675.083292,0.654526,1,3000,5.000000,116,3000,0x03,single,-288.677566,2657,0.366300,176,0,No fault,,,,,,,,,
2026-08-14T13:41:15.088,1786707675.088703,0.659940,1,3000,5.000000,117,3000,0x03,single,-288.040672,2702,0.336996,173,0,No fault,,,,,,,,,
2026-08-14T13:41:15.094,1786707675.094107,0.665340,1,3000,5.000000,118,3000,0x03,single,-287.403778,2747,0.366300,172,0,No fault,,,,,,,,,
2026-08-14T13:41:15.099,1786707675.099515,0.670751,1,3000,5.000000,119,3000,0x03,single,-286.788846,2568,0.360440,172,0,No fault,,,,,,,,,
2026-08-14T13:41:15.104,1786707675.104914,0.676144,1,3000,5.000000,120,3000,0x03,single,-286.129991,2925,0.295971,172,0,No fault,,,,,,,,,
2026-08-14T13:41:15.110,1786707675.110436,0.681671,1,3000,5.000000,121,3000,0x03,single,-284.856203,2613,0.366300,173,0,No fault,,,,,,,,,
2026-08-14T13:41:15.115,1786707675.115859,0.687096,1,3000,5.000000,122,3000,0x03,single,-284.263233,2300,0.360440,173,0,No fault,,,,,,,,,
2026-08-14T13:41:15.121,1786707675.121248,0.692482,1,3000,5.000000,123,3000,0x03,single,-283.604378,2702,0.331136,173,0,No fault,,,,,,,,,
2026-08-14T13:41:15.126,1786707675.126675,0.697911,1,3000,5.000000,124,3000,0x03,single,-282.967484,2568,0.325275,172,0,No fault,,,,,,,,,
2026-08-14T13:41:15.132,1786707675.132063,0.703294,1,3000,5.000000,125,3000,0x03,single,-282.330590,2613,0.348718,173,0,No fault,,,,,,,,,
2026-08-14T13:41:15.137,1786707675.137473,0.708707,1,3000,5.000000,126,3000,0x03,single,-281.693697,2479,0.342857,174,0,No fault,,,,,,,,,
2026-08-14T13:41:15.142,1786707675.142862,0.714097,1,3000,5.000000,127,3000,0x03,single,-281.056803,2479,0.331136,173,0,No fault,,,,,,,,,
2026-08-14T13:41:15.148,1786707675.148261,0.719496,1,3000,5.000000,128,3000,0x03,single,-280.419909,2657,0.272527,173,0,No fault,,,,,,,,,
2026-08-14T13:41:15.153,1786707675.153663,0.724896,1,3000,5.000000,129,3000,0x03,single,-279.761054,2613,0.319414,173,0,No fault,,,,,,,,,
2026-08-14T13:41:15.159,1786707675.159059,0.730294,1,3000,5.000000,130,3000,0x03,single,-279.124160,2657,0.348718,172,0,No fault,,,,,,,,,
2026-08-14T13:41:15.164,1786707675.164453,0.735689,1,3000,5.000000,131,3000,0x03,single,-278.487266,2523,0.307692,173,0,No fault,,,,,,,,,
2026-08-14T13:41:15.169,1786707675.169847,0.741083,1,3000,5.000000,132,3000,0x03,single,-277.850373,2523,0.284249,172,0,No fault,,,,,,,,,
2026-08-14T13:41:15.175,1786707675.175254,0.746485,1,3000,5.000000,133,3000,0x03,single,-277.191517,2523,0.301832,172,0,No fault,,,,,,,,,
2026-08-14T13:41:15.180,1786707675.180645,0.751881,1,3000,5.000000,134,3000,0x03,single,-276.532661,2657,0.301832,172,0,No fault,,,,,,,,,
2026-08-14T13:41:15.186,1786707675.186041,0.757277,1,3000,5.000000,135,3000,0x03,single,-275.895768,2568,0.336996,176,0,No fault,,,,,,,,,
2026-08-14T13:41:15.191,1786707675.191431,0.762659,1,3000,5.000000,136,3000,0x03,single,-275.258874,2702,0.266667,173,0,No fault,,,,,,,,,
2026-08-14T13:41:15.196,1786707675.196924,0.768155,1,3000,5.000000,137,3000,0x03,single,-273.963125,2702,0.325275,175,0,No fault,,,,,,,,,
2026-08-14T13:41:15.202,1786707675.202316,0.773552,1,3000,5.000000,138,3000,0x03,single,-273.304269,2613,0.313553,174,0,No fault,,,,,,,,,
2026-08-14T13:41:15.207,1786707675.207714,0.778944,1,3000,5.000000,139,3000,0x03,single,-272.689337,2613,0.325275,174,0,No fault,,,,,,,,,
2026-08-14T13:41:15.213,1786707675.213138,0.784377,1,3000,5.000000,140,3000,0x03,single,-272.008520,2791,0.272527,173,0,No fault,,,,,,,,,
2026-08-14T13:41:15.218,1786707675.218599,0.789832,1,3000,5.000000,141,3000,0x03,single,-271.349664,2925,0.284249,173,0,No fault,,,,,,,,,
2026-08-14T13:41:15.234,1786707675.234190,0.805422,1,3000,5.000000,142,3000,0x03,single,-268.955822,2925,0.278388,172,0,No fault,,,,,,,,,
2026-08-14T13:41:15.239,1786707675.239588,0.810823,1,3000,5.000000,143,3000,0x03,single,-268.648357,2702,0.336996,173,0,No fault,,,,,,,,,
2026-08-14T13:41:15.245,1786707675.245028,0.816278,1,3000,5.000000,144,3000,0x03,single,-268.296967,2613,0.342857,172,0,No fault,,,,,,,,,
2026-08-14T13:41:15.250,1786707675.250506,0.821741,1,3000,5.000000,145,3000,0x03,single,-267.660073,2479,0.360440,172,0,No fault,,,,,,,,,
2026-08-14T13:41:15.255,1786707675.255981,0.827218,1,3000,5.000000,146,3000,0x03,single,-267.045141,2523,0.360440,173,0,No fault,,,,,,,,,
2026-08-14T13:41:15.261,1786707675.261416,0.832720,1,3000,5.000000,147,3000,0x03,single,-266.408248,2523,0.295971,171,0,No fault,,,,,,,,,
2026-08-14T13:41:15.266,1786707675.266884,0.838125,1,3000,5.000000,148,3000,0x03,single,-265.771354,2523,0.348718,173,0,No fault,,,,,,,,,
2026-08-14T13:41:15.272,1786707675.272320,0.843553,1,3000,5.000000,149,3000,0x03,single,-265.112498,2791,0.348718,172,0,No fault,,,,,,,,,
2026-08-14T13:41:15.277,1786707675.277715,0.848945,1,3000,5.000000,150,3000,0x03,single,-263.838711,2568,0.325275,172,0,No fault,,,,,,,,,
2026-08-14T13:41:15.283,1786707675.283697,0.854981,1,3000,5.000000,151,3000,0x03,single,-263.223779,2747,0.301832,176,0,No fault,,,,,,,,,
2026-08-14T13:41:15.289,1786707675.289633,0.860883,1,3000,5.000000,152,3000,0x03,single,-262.542962,2702,0.366300,171,0,No fault,,,,,,,,,
2026-08-14T13:41:15.295,1786707675.295024,0.866258,1,3000,5.000000,153,3000,0x03,single,-261.928030,2568,0.348718,172,0,No fault,,,,,,,,,
2026-08-14T13:41:15.300,1786707675.300321,0.871551,1,3000,5.000000,154,3000,0x03,single,-261.291136,2434,0.336996,172,0,No fault,,,,,,,,,
2026-08-14T13:41:15.305,1786707675.305609,0.876840,1,3000,5.000000,155,3000,0x03,single,-260.654242,2657,0.313553,173,0,No fault,,,,,,,,,
2026-08-14T13:41:15.310,1786707675.310902,0.882131,1,3000,5.000000,156,3000,0x03,single,-259.995387,2881,0.313553,174,0,No fault,,,,,,,,,
2026-08-14T13:41:15.316,1786707675.316208,0.887445,1,3000,5.000000,157,3000,0x03,single,-259.336531,2702,0.325275,167,0,No fault,,,,,,,,,
2026-08-14T13:41:15.321,1786707675.321508,0.892741,1,3000,5.000000,158,3000,0x03,single,-258.721599,2613,0.354579,170,0,No fault,,,,,,,,,
2026-08-14T13:41:15.326,1786707675.326788,0.898026,1,3000,5.000000,159,3000,0x03,single,-258.062744,2836,0.278388,174,0,No fault,,,,,,,,,
2026-08-14T13:41:15.332,1786707675.332087,0.903325,1,3000,5.000000,160,3000,0x03,single,-257.425850,2568,0.278388,173,0,No fault,,,,,,,,,
2026-08-14T13:41:15.339,1786707675.339664,0.910898,1,3000,5.000000,161,3000,0x03,single,-256.130101,2657,0.313553,173,0,No fault,,,,,,,,,
2026-08-14T13:41:15.345,1786707675.345074,0.916307,1,3000,5.000000,162,3000,0x03,single,-255.493207,2613,0.325275,172,0,No fault,,,,,,,,,
2026-08-14T13:41:15.350,1786707675.350470,0.921706,1,3000,5.000000,163,3000,0x03,single,-254.856313,2702,0.266667,172,0,No fault,,,,,,,,,
2026-08-14T13:41:15.355,1786707675.355863,0.927094,1,3000,5.000000,164,3000,0x03,single,-254.175496,2657,0.290110,172,0,No fault,,,,,,,,,
2026-08-14T13:41:15.361,1786707675.361253,0.932485,1,3000,5.000000,165,3000,0x03,single,-253.538602,2657,0.342857,174,0,No fault,,,,,,,,,
2026-08-14T13:41:15.366,1786707675.366701,0.937936,1,3000,5.000000,166,3000,0x03,single,-252.923670,2300,0.325275,172,0,No fault,,,,,,,,,
2026-08-14T13:41:15.372,1786707675.372102,0.943335,1,3000,5.000000,167,3000,0x03,single,-252.264815,2657,0.307692,173,0,No fault,,,,,,,,,
2026-08-14T13:41:15.377,1786707675.377527,0.948763,1,3000,5.000000,168,3000,0x03,single,-251.627921,2702,0.325275,173,0,No fault,,,,,,,,,
2026-08-14T13:41:15.382,1786707675.382930,0.954163,1,3000,5.000000,169,3000,0x03,single,-250.991027,2568,0.348718,173,0,No fault,,,,,,,,,
2026-08-14T13:41:15.388,1786707675.388335,0.959572,1,3000,5.000000,170,3000,0x03,single,-250.354134,2479,0.372161,173,0,No fault,,,,,,,,,
2026-08-14T13:41:15.393,1786707675.393758,0.964992,1,3000,5.000000,171,3000,0x03,single,-249.739202,2389,0.331136,173,0,No fault,,,,,,,,,
2026-08-14T13:41:15.399,1786707675.399175,0.970412,1,3000,5.000000,172,3000,0x03,single,-249.080346,2657,0.307692,172,0,No fault,,,,,,,,,
2026-08-14T13:41:15.404,1786707675.404618,0.975850,1,3000,5.000000,173,3000,0x03,single,-248.443453,2568,0.342857,172,0,No fault,,,,,,,,,
2026-08-14T13:41:15.410,1786707675.410195,0.981427,1,3000,5.000000,174,3000,0x03,single,-247.169665,2523,0.366300,172,0,No fault,,,,,,,,,
2026-08-14T13:41:15.415,1786707675.415678,0.986920,1,3000,5.000000,175,3000,0x03,single,-246.554733,2523,0.313553,177,0,No fault,,,,,,,,,
2026-08-14T13:41:15.421,1786707675.421034,0.992278,1,3000,5.000000,176,3000,0x03,single,-245.917840,2389,0.331136,172,0,No fault,,,,,,,,,
2026-08-14T13:41:15.436,1786707675.436989,1.008225,1,3000,5.000000,177,3000,0x03,single,-245.258984,2523,0.354579,172,0,No fault,,,,,,,,,
2026-08-14T13:41:15.442,1786707675.442282,1.013520,1,3000,5.000000,178,3000,0x03,single,-243.040837,2657,0.307692,172,0,No fault,,,,,,,,,
2026-08-14T13:41:15.447,1786707675.447724,1.018958,1,3000,5.000000,179,3000,0x03,single,-242.689447,2702,0.342857,172,0,No fault,,,,,,,,,
2026-08-14T13:41:15.453,1786707675.453141,1.024379,1,3000,5.000000,180,3000,0x03,single,-242.052554,2434,0.383883,175,0,No fault,,,,,,,,,
2026-08-14T13:41:15.458,1786707675.458601,1.029841,1,3000,5.000000,181,3000,0x03,single,-241.415660,2613,0.319414,172,0,No fault,,,,,,,,,
2026-08-14T13:41:15.464,1786707675.464027,1.035264,1,3000,5.000000,182,3000,0x03,single,-240.778766,2657,0.290110,171,0,No fault,,,,,,,,,
2026-08-14T13:41:15.469,1786707675.469457,1.040693,1,3000,5.000000,183,3000,0x03,single,-240.119911,2657,0.325275,172,0,No fault,,,,,,,,,
2026-08-14T13:41:15.474,1786707675.474870,1.046103,1,3000,5.000000,184,3000,0x03,single,-239.483017,2657,0.319414,172,0,No fault,,,,,,,,,
2026-08-14T13:41:15.480,1786707675.480269,1.051506,1,3000,5.000000,185,3000,0x03,single,-238.846123,2479,0.342857,172,0,No fault,,,,,,,,,
2026-08-14T13:41:15.485,1786707675.485691,1.056933,1,3000,5.000000,186,3000,0x03,single,-238.209229,2523,0.301832,173,0,No fault,,,,,,,,,
2026-08-14T13:41:15.491,1786707675.491022,1.062257,1,3000,5.000000,187,3000,0x03,single,-237.550374,2702,0.260806,172,0,No fault,,,,,,,,,
2026-08-14T13:41:15.496,1786707675.496313,1.067544,1,3000,5.000000,188,3000,0x03,single,-236.891518,2836,0.313553,173,0,No fault,,,,,,,,,
2026-08-14T13:41:15.501,1786707675.501578,1.072811,1,3000,5.000000,189,3000,0x03,single,-236.254625,2434,0.325275,172,0,No fault,,,,,,,,,
2026-08-14T13:41:15.506,1786707675.506861,1.078095,1,3000,5.000000,190,3000,0x03,single,-235.617731,2523,0.307692,171,0,No fault,,,,,,,,,
2026-08-14T13:41:15.512,1786707675.512320,1.083554,1,3000,5.000000,191,3000,0x03,single,-234.321982,2791,0.290110,172,0,No fault,,,,,,,,,
2026-08-14T13:41:15.517,1786707675.517711,1.088942,1,3000,5.000000,192,3000,0x03,single,-233.663126,2702,0.336996,170,0,No fault,,,,,,,,,
2026-08-14T13:41:15.522,1786707675.522990,1.094227,1,3000,5.000000,193,3000,0x03,single,-233.048194,2434,0.342857,171,0,No fault,,,,,,,,,
2026-08-14T13:41:15.528,1786707675.528290,1.099523,1,3000,5.000000,194,3000,0x03,single,-232.389339,2568,0.290110,171,0,No fault,,,,,,,,,
2026-08-14T13:41:15.533,1786707675.533597,1.104832,1,3000,5.000000,195,3000,0x03,single,-231.730483,2702,0.272527,173,0,No fault,,,,,,,,,
2026-08-14T13:41:15.539,1786707675.539026,1.110566,1,3000,5.000000,196,3000,0x03,single,-231.093589,2613,0.331136,172,0,No fault,,,,,,,,,
2026-08-14T13:41:15.544,1786707675.544675,1.115913,1,3000,5.000000,197,3000,0x03,single,-230.434734,2791,0.325275,174,0,No fault,,,,,,,,,
2026-08-14T13:41:15.549,1786707675.549984,1.121214,1,3000,5.000000,198,3000,0x03,single,-229.797840,2657,0.313553,174,0,No fault,,,,,,,,,
2026-08-14T13:41:15.555,1786707675.555274,1.126507,1,3000,5.000000,199,3000,0x03,single,-229.160946,2613,0.290110,172,0,No fault,,,,,,,,,
2026-08-14T13:41:15.560,1786707675.560570,1.131811,1,3000,5.000000,200,3000,0x03,single,-228.524053,2657,0.319414,172,0,No fault,,,,,,,,,
2026-08-14T13:41:15.565,1786707675.565913,1.137149,1,3000,5.000000,201,3000,0x03,single,-227.887159,2702,0.336996,172,0,No fault,,,,,,,,,
2026-08-14T13:41:15.571,1786707675.571217,1.142454,1,3000,5.000000,202,3000,0x03,single,-227.250265,2568,0.378022,173,0,No fault,,,,,,,,,
2026-08-14T13:41:15.576,1786707675.576506,1.147743,1,3000,5.000000,203,3000,0x03,single,-226.613372,2657,0.301832,173,0,No fault,,,,,,,,,
2026-08-14T13:41:15.581,1786707675.581791,1.153022,1,3000,5.000000,204,3000,0x03,single,-225.976478,2702,0.325275,173,0,No fault,,,,,,,,,
2026-08-14T13:41:15.587,1786707675.587192,1.158420,1,3000,5.000000,205,3000,0x03,single,-225.317622,2657,0.360440,172,0,No fault,,,,,,,,,
2026-08-14T13:41:15.592,1786707675.592463,1.163696,1,3000,5.000000,206,3000,0x03,single,-224.702690,2345,0.348718,172,0,No fault,,,,,,,,,
2026-08-14T13:41:15.597,1786707675.597750,1.168987,1,3000,5.000000,207,3000,0x03,single,-224.087759,2479,0.354579,173,0,No fault,,,,,,,,,
2026-08-14T13:41:15.603,1786707675.603034,1.174267,1,3000,5.000000,208,3000,0x03,single,-223.450865,2479,0.307692,173,0,No fault,,,,,,,,,
2026-08-14T13:41:15.608,1786707675.608292,1.179519,1,3000,5.000000,209,3000,0x03,single,-222.770047,2836,0.319414,172,0,No fault,,,,,,,,,
2026-08-14T13:41:15.613,1786707675.613559,1.184796,1,3000,5.000000,210,3000,0x03,single,-222.133154,2702,0.360440,172,0,No fault,,,,,,,,,
2026-08-14T13:41:15.618,1786707675.618852,1.190085,1,3000,5.000000,211,3000,0x03,single,-221.518222,2613,0.348718,173,0,No fault,,,,,,,,,
2026-08-14T13:41:15.624,1786707675.624118,1.195351,1,3000,5.000000,212,3000,0x03,single,-220.859366,2613,0.284249,173,0,No fault,,,,,,,,,
2026-08-14T13:41:15.629,1786707675.629395,1.200628,1,3000,5.000000,213,3000,0x03,single,-220.222473,2568,0.313553,174,0,No fault,,,,,,,,,
2026-08-14T13:41:15.639,1786707675.639879,1.211112,1,3000,5.000000,214,3000,0x03,single,-219.563617,2791,0.319414,172,0,No fault,,,,,,,,,
2026-08-14T13:41:15.645,1786707675.645164,1.216395,1,3000,5.000000,215,3000,0x03,single,-217.367432,2523,0.284249,172,0,No fault,,,,,,,,,
2026-08-14T13:41:15.650,1786707675.650437,1.221663,1,3000,5.000000,216,3000,0x03,single,-216.994080,2791,0.301832,176,0,No fault,,,,,,,,,
2026-08-14T13:41:15.655,1786707675.655716,1.226959,1,3000,5.000000,217,3000,0x03,single,-216.335225,2791,0.301832,173,0,No fault,,,,,,,,,
2026-08-14T13:41:15.661,1786707675.661064,1.232300,1,3000,5.000000,218,3000,0x03,single,-215.698331,2747,0.301832,173,0,No fault,,,,,,,,,
2026-08-14T13:41:15.666,1786707675.666376,1.237615,1,3000,5.000000,219,3000,0x03,single,-215.061437,2836,0.254945,173,0,No fault,,,,,,,,,
2026-08-14T13:41:15.671,1786707675.671691,1.242931,1,3000,5.000000,220,3000,0x03,single,-214.402582,2613,0.295971,172,0,No fault,,,,,,,,,
2026-08-14T13:41:15.677,1786707675.677165,1.248401,1,3000,5.000000,221,3000,0x03,single,-213.743726,2791,0.313553,173,0,No fault,,,,,,,,,
2026-08-14T13:41:15.682,1786707675.682463,1.253698,1,3000,5.000000,222,3000,0x03,single,-213.106832,2479,0.319414,172,0,No fault,,,,,,,,,
2026-08-14T13:41:15.687,1786707675.687777,1.259012,1,3000,5.000000,223,3000,0x03,single,-212.469939,2523,0.307692,173,0,No fault,,,,,,,,,
2026-08-14T13:41:15.693,1786707675.693213,1.264451,1,3000,5.000000,224,3000,0x03,single,-211.833045,2523,0.249084,172,0,No fault,,,,,,,,,
2026-08-14T13:41:15.698,1786707675.698686,1.269924,1,3000,5.000000,225,3000,0x03,single,-211.174189,2568,0.319414,172,0,No fault,,,,,,,,,
2026-08-14T13:41:15.704,1786707675.704115,1.275349,1,3000,5.000000,226,3000,0x03,single,-210.515334,2613,0.348718,171,0,No fault,,,,,,,,,
2026-08-14T13:41:15.709,1786707675.709540,1.280777,1,3000,5.000000,227,3000,0x03,single,-209.878440,2613,0.307692,172,0,No fault,,,,,,,,,
2026-08-14T13:41:15.714,1786707675.714978,1.286216,1,3000,5.000000,228,3000,0x03,single,-209.241546,2702,0.313553,172,0,No fault,,,,,,,,,
2026-08-14T13:41:15.720,1786707675.720393,1.291630,1,3000,5.000000,229,3000,0x03,single,-208.604653,2613,0.319414,173,0,No fault,,,,,,,,,
2026-08-14T13:41:15.725,1786707675.725821,1.297058,1,3000,5.000000,230,3000,0x03,single,-207.967759,2523,0.325275,174,0,No fault,,,,,,,,,
2026-08-14T13:41:15.731,1786707675.731248,1.302486,1,3000,5.000000,231,3000,0x03,single,-207.330865,2523,0.366300,172,0,No fault,,,,,,,,,
2026-08-14T13:41:15.736,1786707675.736672,1.307907,1,3000,5.000000,232,3000,0x03,single,-206.057078,2747,0.290110,172,0,No fault,,,,,,,,,
2026-08-14T13:41:15.742,1786707675.742100,1.313335,1,3000,5.000000,233,3000,0x03,single,-205.420184,2657,0.372161,173,0,No fault,,,,,,,,,
2026-08-14T13:41:15.747,1786707675.747649,1.318886,1,3000,5.000000,234,3000,0x03,single,-204.783290,2613,0.348718,173,0,No fault,,,,,,,,,
2026-08-14T13:41:15.753,1786707675.753070,1.324304,1,3000,5.000000,235,3000,0x03,single,-204.146397,2747,0.354579,172,0,No fault,,,,,,,,,
2026-08-14T13:41:15.758,1786707675.758492,1.329728,1,3000,5.000000,236,3000,0x03,single,-203.509503,2747,0.319414,173,0,No fault,,,,,,,,,
2026-08-14T13:41:15.763,1786707675.763964,1.335200,1,3000,5.000000,237,3000,0x03,single,-202.872609,2657,0.331136,172,0,No fault,,,,,,,,,
2026-08-14T13:41:15.769,1786707675.769389,1.340626,1,3000,5.000000,238,3000,0x03,single,-202.235716,2300,0.360440,172,0,No fault,,,,,,,,,
2026-08-14T13:41:15.774,1786707675.774845,1.346081,1,3000,5.000000,239,3000,0x03,single,-201.620784,2389,0.354579,173,0,No fault,,,,,,,,,
2026-08-14T13:41:15.780,1786707675.780253,1.351489,1,3000,5.000000,240,3000,0x03,single,-200.961928,2836,0.313553,172,0,No fault,,,,,,,,,
2026-08-14T13:41:15.785,1786707675.785729,1.357000,1,3000,5.000000,241,3000,0x03,single,-200.325034,2568,0.284249,173,0,No fault,,,,,,,,,
2026-08-14T13:41:15.792,1786707675.792077,1.363321,1,3000,5.000000,242,3000,0x03,single,-199.666179,2702,0.331136,171,0,No fault,,,,,,,,,
2026-08-14T13:41:15.797,1786707675.797553,1.368792,1,3000,5.000000,243,3000,0x03,single,-199.007323,2613,0.325275,173,0,No fault,,,,,,,,,
2026-08-14T13:41:15.803,1786707675.803023,1.374262,1,3000,5.000000,244,3000,0x03,single,-198.414353,2434,0.325275,173,0,No fault,,,,,,,,,
2026-08-14T13:41:15.808,1786707675.808700,1.379939,1,3000,5.000000,245,3000,0x03,single,-197.074680,2702,0.301832,174,0,No fault,,,,,,,,,
2026-08-14T13:41:15.814,1786707675.814010,1.385252,1,3000,5.000000,246,3000,0x03,single,-196.415825,2568,0.325275,173,0,No fault,,,,,,,,,
2026-08-14T13:41:15.819,1786707675.819319,1.390560,1,3000,5.000000,247,3000,0x03,single,-195.778931,2702,0.325275,173,0,No fault,,,,,,,,,
2026-08-14T13:41:15.824,1786707675.824631,1.395871,1,3000,5.000000,248,3000,0x03,single,-195.142037,2613,0.272527,173,0,No fault,,,,,,,,,
2026-08-14T13:41:15.830,1786707675.830714,1.401951,1,3000,5.000000,249,3000,0x03,single,-194.483182,2568,0.278388,173,0,No fault,,,,,,,,,
2026-08-14T13:41:15.846,1786707675.846190,1.417425,1,3000,5.000000,250,3000,0x03,single,-192.221111,2389,0.284249,173,0,No fault,,,,,,,,,
2026-08-14T13:41:15.851,1786707675.851483,1.422720,1,3000,5.000000,251,3000,0x03,single,-191.891683,2657,0.290110,174,0,No fault,,,,,,,,,
2026-08-14T13:41:15.856,1786707675.856783,1.428023,1,3000,5.000000,252,3000,0x03,single,-191.540294,2791,0.319414,172,0,No fault,,,,,,,,,
2026-08-14T13:41:15.862,1786707675.862440,1.433677,1,3000,5.000000,253,3000,0x03,single,-190.266506,2389,0.366300,171,0,No fault,,,,,,,,,
2026-08-14T13:41:15.867,1786707675.867910,1.439142,1,3000,5.000000,254,3000,0x03,single,-189.629612,2479,0.313553,174,0,No fault,,,,,,,,,
2026-08-14T13:41:15.873,1786707675.873192,1.444428,1,3000,5.000000,255,3000,0x03,single,-188.970757,2747,0.290110,173,0,No fault,,,,,,,,,
2026-08-14T13:41:15.878,1786707675.878474,1.449712,1,3000,5.000000,256,3000,0x03,single,-188.333863,2836,0.348718,172,0,No fault,,,,,,,,,
2026-08-14T13:41:15.883,1786707675.883779,1.455017,1,3000,5.000000,257,3000,0x03,single,-187.696969,2523,0.378022,173,0,No fault,,,,,,,,,
2026-08-14T13:41:15.889,1786707675.889060,1.460292,1,3000,5.000000,258,3000,0x03,single,-187.060076,2613,0.336996,171,0,No fault,,,,,,,,,
2026-08-14T13:41:15.894,1786707675.894346,1.465582,1,3000,5.000000,259,3000,0x03,single,-186.445144,2657,0.295971,171,0,No fault,,,,,,,,,
2026-08-14T13:41:15.899,1786707675.899640,1.470876,1,3000,5.000000,260,3000,0x03,single,-185.786288,2881,0.354579,172,0,No fault,,,,,,,,,
2026-08-14T13:41:15.904,1786707675.904931,1.476163,1,3000,5.000000,261,3000,0x03,single,-185.149395,2613,0.342857,173,0,No fault,,,,,,,,,
2026-08-14T13:41:15.910,1786707675.910220,1.481453,1,3000,5.000000,262,3000,0x03,single,-184.512501,2613,0.354579,173,0,No fault,,,,,,,,,
2026-08-14T13:41:15.915,1786707675.915500,1.486736,1,3000,5.000000,263,3000,0x03,single,-183.897569,2702,0.336996,173,0,No fault,,,,,,,,,
2026-08-14T13:41:15.920,1786707675.920875,1.492110,1,3000,5.000000,264,3000,0x03,single,-183.238714,2613,0.266667,173,0,No fault,,,,,,,,,
2026-08-14T13:41:15.926,1786707675.926163,1.497400,1,3000,5.000000,265,3000,0x03,single,-182.601820,2657,0.342857,172,0,No fault,,,,,,,,,
2026-08-14T13:41:15.931,1786707675.931455,1.502689,1,3000,5.000000,266,3000,0x03,single,-181.942964,2657,0.348718,173,0,No fault,,,,,,,,,
2026-08-14T13:41:15.936,1786707675.936714,1.507948,1,3000,5.000000,267,3000,0x03,single,-181.328032,2747,0.336996,173,0,No fault,,,,,,,,,
2026-08-14T13:41:15.941,1786707675.941977,1.513211,1,3000,5.000000,268,3000,0x03,single,-180.669177,2657,0.301832,173,0,No fault,,,,,,,,,
2026-08-14T13:41:15.947,1786707675.947247,1.518479,1,3000,5.000000,269,3000,0x03,single,-180.032283,2523,0.325275,173,0,No fault,,,,,,,,,
2026-08-14T13:41:15.952,1786707675.952515,1.523747,1,3000,5.000000,270,3000,0x03,single,-179.373428,2479,0.331136,173,0,No fault,,,,,,,,,
2026-08-14T13:41:15.957,1786707675.957773,1.529005,1,3000,5.000000,271,3000,0x03,single,-178.758496,2434,0.354579,172,0,No fault,,,,,,,,,
2026-08-14T13:41:15.963,1786707675.963071,1.534305,1,3000,5.000000,272,3000,0x03,single,-178.121602,2389,0.266667,175,0,No fault,,,,,,,,,
2026-08-14T13:41:15.968,1786707675.968343,1.539578,1,3000,5.000000,273,3000,0x03,single,-177.462746,2657,0.290110,171,0,No fault,,,,,,,,,
2026-08-14T13:41:15.973,1786707675.973610,1.544843,1,3000,5.000000,274,3000,0x03,single,-176.803891,2479,0.331136,173,0,No fault,,,,,,,,,
2026-08-14T13:41:15.978,1786707675.978879,1.550112,1,3000,5.000000,275,3000,0x03,single,-176.145035,2434,0.307692,172,0,No fault,,,,,,,,,
2026-08-14T13:41:15.984,1786707675.984154,1.555387,1,3000,5.000000,276,3000,0x03,single,-175.530103,2345,0.319414,172,0,No fault,,,,,,,,,
2026-08-14T13:41:15.989,1786707675.989426,1.560685,1,3000,5.000000,277,3000,0x03,single,-174.849286,2568,0.260806,173,0,No fault,,,,,,,,,
2026-08-14T13:41:15.994,1786707675.994742,1.565979,1,3000,5.000000,278,3000,0x03,single,-174.212392,2613,0.290110,172,0,No fault,,,,,,,,,
2026-08-14T13:41:16.000,1786707676.000197,1.571429,1,3000,5.000000,279,3000,0x03,single,-172.894681,2434,0.307692,173,0,No fault,,,,,,,,,
2026-08-14T13:41:16.005,1786707676.005598,1.576835,1,3000,5.000000,280,3000,0x03,single,-172.257787,2747,0.260806,173,0,No fault,,,,,,,,,
2026-08-14T13:41:16.010,1786707676.010893,1.582131,1,3000,5.000000,281,3000,0x03,single,-171.620894,2747,0.295971,175,0,No fault,,,,,,,,,
2026-08-14T13:41:16.016,1786707676.016182,1.587418,1,3000,5.000000,282,3000,0x03,single,-170.962038,2523,0.319414,172,0,No fault,,,,,,,,,
2026-08-14T13:41:16.021,1786707676.021498,1.592733,1,3000,5.000000,283,3000,0x03,single,-170.325144,2345,0.325275,173,0,No fault,,,,,,,,,
2026-08-14T13:41:16.026,1786707676.026785,1.598020,1,3000,5.000000,284,3000,0x03,single,-169.688251,2568,0.331136,171,0,No fault,,,,,,,,,
2026-08-14T13:41:16.032,1786707676.032066,1.603302,1,3000,5.000000,285,3000,0x03,single,-169.051357,2702,0.272527,172,0,No fault,,,,,,,,,
2026-08-14T13:41:16.047,1786707676.047543,1.618786,1,3000,5.000000,286,3000,0x03,single,-166.679477,2702,0.319414,173,0,No fault,,,,,,,,,
2026-08-14T13:41:16.052,1786707676.052861,1.624099,1,3000,5.000000,287,3000,0x03,single,-166.372011,2568,0.319414,173,0,No fault,,,,,,,,,
2026-08-14T13:41:16.058,1786707676.058217,1.629488,1,3000,5.000000,288,3000,0x03,single,-165.998660,2568,0.301832,171,0,No fault,,,,,,,,,
2026-08-14T13:41:16.063,1786707676.063945,1.635184,1,3000,5.000000,289,3000,0x03,single,-165.361766,2523,0.378022,173,0,No fault,,,,,,,,,
2026-08-14T13:41:16.069,1786707676.069271,1.640509,1,3000,5.000000,290,3000,0x03,single,-164.724872,2523,0.342857,171,0,No fault,,,,,,,,,
2026-08-14T13:41:16.074,1786707676.074624,1.645861,1,3000,5.000000,291,3000,0x03,single,-164.087978,2702,0.348718,171,0,No fault,,,,,,,,,
2026-08-14T13:41:16.079,1786707676.079912,1.651150,1,3000,5.000000,292,3000,0x03,single,-163.451085,2657,0.307692,172,0,No fault,,,,,,,,,
2026-08-14T13:41:16.085,1786707676.085315,1.656550,1,3000,5.000000,293,3000,0x03,single,-162.814191,2747,0.313553,172,0,No fault,,,,,,,,,
2026-08-14T13:41:16.090,1786707676.090833,1.662067,1,3000,5.000000,294,3000,0x03,single,-161.540404,2568,0.354579,172,0,No fault,,,,,,,,,
2026-08-14T13:41:16.096,1786707676.096117,1.667350,1,3000,5.000000,295,3000,0x03,single,-160.925472,2389,0.272527,170,0,No fault,,,,,,,,,
2026-08-14T13:41:16.101,1786707676.101568,1.672801,1,3000,5.000000,296,3000,0x03,single,-160.266616,2613,0.284249,171,0,No fault,,,,,,,,,
2026-08-14T13:41:16.106,1786707676.106853,1.678085,1,3000,5.000000,297,3000,0x03,single,-159.629722,2479,0.336996,172,0,No fault,,,,,,,,,
2026-08-14T13:41:16.112,1786707676.112250,1.683483,1,3000,5.000000,298,3000,0x03,single,-158.970867,2613,0.331136,173,0,No fault,,,,,,,,,
2026-08-14T13:41:16.117,1786707676.117649,1.688882,1,3000,5.000000,299,3000,0x03,single,-158.333973,2613,0.301832,173,0,No fault,,,,,,,,,
2026-08-14T13:41:16.123,1786707676.123041,1.694277,1,3000,5.000000,300,3000,0x03,single,-157.697079,2523,0.260806,173,0,No fault,,,,,,,,,
2026-08-14T13:41:16.128,1786707676.128321,1.699554,1,3000,5.000000,301,3000,0x03,single,-157.016262,2702,0.290110,172,0,No fault,,,,,,,,,
2026-08-14T13:41:16.133,1786707676.133602,1.704833,1,3000,5.000000,302,3000,0x03,single,-156.379368,2747,0.307692,172,0,No fault,,,,,,,,,
2026-08-14T13:41:16.138,1786707676.138891,1.710127,1,3000,5.000000,303,3000,0x03,single,-155.720513,2925,0.313553,172,0,No fault,,,,,,,,,
2026-08-14T13:41:16.144,1786707676.144186,1.715418,1,3000,5.000000,304,3000,0x03,single,-155.083619,2747,0.254945,173,0,No fault,,,,,,,,,
2026-08-14T13:41:16.149,1786707676.149493,1.720725,1,3000,5.000000,305,3000,0x03,single,-154.424763,2836,0.290110,174,0,No fault,,,,,,,,,
2026-08-14T13:41:16.154,1786707676.154776,1.726008,1,3000,5.000000,306,3000,0x03,single,-153.787870,2791,0.307692,175,0,No fault,,,,,,,,,
2026-08-14T13:41:16.160,1786707676.160058,1.731290,1,3000,5.000000,307,3000,0x03,single,-153.129014,2702,0.313553,173,0,No fault,,,,,,,,,
2026-08-14T13:41:16.165,1786707676.165353,1.736589,1,3000,5.000000,308,3000,0x03,single,-152.514082,2613,0.295971,172,0,No fault,,,,,,,,,
2026-08-14T13:41:16.170,1786707676.170683,1.741915,1,3000,5.000000,309,3000,0x03,single,-151.877189,2523,0.266667,175,0,No fault,,,,,,,,,
2026-08-14T13:41:16.175,1786707676.175963,1.747195,1,3000,5.000000,310,3000,0x03,single,-151.218333,2613,0.313553,173,0,No fault,,,,,,,,,
2026-08-14T13:41:16.181,1786707676.181239,1.752470,1,3000,5.000000,311,3000,0x03,single,-150.581439,2568,0.366300,172,0,No fault,,,,,,,,,
2026-08-14T13:41:16.186,1786707676.186521,1.757757,1,3000,5.000000,312,3000,0x03,single,-149.922584,2791,0.301832,176,0,No fault,,,,,,,,,
2026-08-14T13:41:16.191,1786707676.191812,1.763048,1,3000,5.000000,313,3000,0x03,single,-149.285690,2613,0.290110,169,0,No fault,,,,,,,,,
2026-08-14T13:41:16.197,1786707676.197107,1.768339,1,3000,5.000000,314,3000,0x03,single,-148.648796,2657,0.348718,173,0,No fault,,,,,,,,,
2026-08-14T13:41:16.202,1786707676.202409,1.773644,1,3000,5.000000,315,3000,0x03,single,-148.011903,2791,0.336996,172,0,No fault,,,,,,,,,
2026-08-14T13:41:16.207,1786707676.207685,1.778918,1,3000,5.000000,316,3000,0x03,single,-147.375009,2523,0.383883,173,0,No fault,,,,,,,,,
2026-08-14T13:41:16.213,1786707676.213227,1.784462,1,3000,5.000000,317,3000,0x03,single,-146.101222,2523,0.295971,173,0,No fault,,,,,,,,,
2026-08-14T13:41:16.218,1786707676.218774,1.790012,1,3000,5.000000,318,3000,0x03,single,-145.442366,2702,0.354579,172,0,No fault,,,,,,,,,
2026-08-14T13:41:16.224,1786707676.224229,1.795461,1,3000,5.000000,319,3000,0x03,single,-144.805472,2747,0.342857,172,0,No fault,,,,,,,,,
2026-08-14T13:41:16.229,1786707676.229623,1.800859,1,3000,5.000000,320,3000,0x03,single,-144.190540,2568,0.331136,173,0,No fault,,,,,,,,,
2026-08-14T13:41:16.235,1786707676.235053,1.806296,1,3000,5.000000,321,3000,0x03,single,-143.553647,2479,0.331136,172,0,No fault,,,,,,,,,
2026-08-14T13:41:16.250,1786707676.250759,1.822003,1,3000,5.000000,322,3000,0x03,single,-141.181767,2479,0.354579,173,0,No fault,,,,,,,,,
2026-08-14T13:41:16.256,1786707676.256148,1.827387,1,3000,5.000000,323,3000,0x03,single,-140.896263,2389,0.290110,170,0,No fault,,,,,,,,,
2026-08-14T13:41:16.261,1786707676.261482,1.832718,1,3000,5.000000,324,3000,0x03,single,-140.522911,2702,0.278388,173,0,No fault,,,,,,,,,
2026-08-14T13:41:16.266,1786707676.266765,1.838002,1,3000,5.000000,325,3000,0x03,single,-139.864055,2836,0.319414,173,0,No fault,,,,,,,,,
2026-08-14T13:41:16.272,1786707676.272054,1.843290,1,3000,5.000000,326,3000,0x03,single,-139.227162,2702,0.360440,172,0,No fault,,,,,,,,,
2026-08-14T13:41:16.277,1786707676.277339,1.848575,1,3000,5.000000,327,3000,0x03,single,-138.590268,2479,0.331136,172,0,No fault,,,,,,,,,
2026-08-14T13:41:16.282,1786707676.282635,1.853868,1,3000,5.000000,328,3000,0x03,single,-137.953374,2657,0.278388,173,0,No fault,,,,,,,,,
2026-08-14T13:41:16.288,1786707676.288030,1.859298,1,3000,5.000000,329,3000,0x03,single,-137.294519,2568,0.313553,173,0,No fault,,,,,,,,,
2026-08-14T13:41:16.294,1786707676.294693,1.865941,1,3000,5.000000,330,3000,0x03,single,-135.888960,2345,0.342857,172,0,No fault,,,,,,,,,
2026-08-14T13:41:16.300,1786707676.300051,1.871282,1,3000,5.000000,331,3000,0x03,single,-135.252067,2389,0.278388,173,0,No fault,,,,,,,,,
2026-08-14T13:41:16.305,1786707676.305316,1.876547,1,3000,5.000000,332,3000,0x03,single,-134.593211,2702,0.260806,172,0,No fault,,,,,,,,,
2026-08-14T13:41:16.310,1786707676.310640,1.881879,1,3000,5.000000,333,3000,0x03,single,-133.934355,2523,0.331136,173,0,No fault,,,,,,,,,
2026-08-14T13:41:16.315,1786707676.315947,1.887177,1,3000,5.000000,334,3000,0x03,single,-133.275500,2747,0.313553,172,0,No fault,,,,,,,,,
2026-08-14T13:41:16.321,1786707676.321232,1.892461,1,3000,5.000000,335,3000,0x03,single,-132.638606,2702,0.313553,172,0,No fault,,,,,,,,,
2026-08-14T13:41:16.326,1786707676.326505,1.897741,1,3000,5.000000,336,3000,0x03,single,-132.023674,2568,0.307692,174,0,No fault,,,,,,,,,
2026-08-14T13:41:16.331,1786707676.331824,1.903060,1,3000,5.000000,337,3000,0x03,single,-131.342857,2791,0.319414,172,0,No fault,,,,,,,,,
2026-08-14T13:41:16.338,1786707676.338519,1.909754,1,3000,5.000000,338,3000,0x03,single,-130.727925,2479,0.366300,172,0,No fault,,,,,,,,,
2026-08-14T13:41:16.343,1786707676.343804,1.915037,1,3000,5.000000,339,3000,0x03,single,-130.091031,2523,0.366300,172,0,No fault,,,,,,,,,
2026-08-14T13:41:16.349,1786707676.349080,1.920316,1,3000,5.000000,340,3000,0x03,single,-129.476099,2702,0.307692,173,0,No fault,,,,,,,,,
2026-08-14T13:41:16.354,1786707676.354364,1.925600,1,3000,5.000000,341,3000,0x03,single,-128.817244,2881,0.331136,173,0,No fault,,,,,,,,,
2026-08-14T13:41:16.359,1786707676.359645,1.930880,1,3000,5.000000,342,3000,0x03,single,-128.180350,2702,0.372161,173,0,No fault,,,,,,,,,
2026-08-14T13:41:16.364,1786707676.364921,1.936157,1,3000,5.000000,343,3000,0x03,single,-127.543456,2791,0.360440,172,0,No fault,,,,,,,,,
2026-08-14T13:41:16.370,1786707676.370223,1.941461,1,3000,5.000000,344,3000,0x03,single,-126.928525,2568,0.360440,173,0,No fault,,,,,,,,,
2026-08-14T13:41:16.375,1786707676.375515,1.946748,1,3000,5.000000,345,3000,0x03,single,-126.269669,2836,0.307692,173,0,No fault,,,,,,,,,
2026-08-14T13:41:16.380,1786707676.380791,1.952028,1,3000,5.000000,346,3000,0x03,single,-125.632775,2523,0.331136,174,0,No fault,,,,,,,,,
2026-08-14T13:41:16.386,1786707676.386347,1.957586,1,3000,5.000000,347,3000,0x03,single,-124.358988,2613,0.372161,174,0,No fault,,,,,,,,,
2026-08-14T13:41:16.391,1786707676.391726,1.962963,1,3000,5.000000,348,3000,0x03,single,-123.744056,2657,0.307692,173,0,No fault,,,,,,,,,
2026-08-14T13:41:16.397,1786707676.397019,1.968256,1,3000,5.000000,349,3000,0x03,single,-123.085200,2613,0.301832,171,0,No fault,,,,,,,,,
2026-08-14T13:41:16.402,1786707676.402313,1.973550,1,3000,5.000000,350,3000,0x03,single,-122.448307,2523,0.354579,168,0,No fault,,,,,,,,,
2026-08-14T13:41:16.407,1786707676.407602,1.978837,1,3000,5.000000,351,3000,0x03,single,-121.789451,2657,0.354579,175,0,No fault,,,,,,,,,
2026-08-14T13:41:16.412,1786707676.412978,1.984214,1,3000,5.000000,352,3000,0x03,single,-121.174519,2479,0.325275,174,0,No fault,,,,,,,,,
2026-08-14T13:41:16.418,1786707676.418286,1.989522,1,3000,5.000000,353,3000,0x03,single,-120.537626,2389,0.284249,172,0,No fault,,,,,,,,,
2026-08-14T13:41:16.423,1786707676.423601,1.994844,1,3000,5.000000,354,3000,0x03,single,-119.878770,2657,0.313553,172,0,No fault,,,,,,,,,
2026-08-14T13:41:16.428,1786707676.428916,2.000150,1,3000,5.000000,355,3000,0x03,single,-119.241876,2523,0.354579,173,0,No fault,,,,,,,,,
2026-08-14T13:41:16.434,1786707676.434199,2.005434,1,3000,5.000000,356,3000,0x03,single,-118.604983,2479,0.331136,176,0,No fault,,,,,,,,,
2026-08-14T13:41:16.439,1786707676.439474,2.010708,1,3000,5.000000,357,3000,0x03,single,-117.968089,2568,0.266667,175,0,No fault,,,,,,,,,
2026-08-14T13:41:16.454,1786707676.454928,2.026156,1,3000,5.000000,358,3000,0x03,single,-115.398552,2791,0.313553,172,0,No fault,,,,,,,,,
2026-08-14T13:41:16.460,1786707676.460352,2.031588,1,3000,5.000000,359,3000,0x03,single,-115.069124,2925,0.260806,171,0,No fault,,,,,,,,,
2026-08-14T13:41:16.465,1786707676.465646,2.036879,1,3000,5.000000,360,3000,0x03,single,-114.739697,2479,0.260806,170,0,No fault,,,,,,,,,
2026-08-14T13:41:16.470,1786707676.470940,2.042177,1,3000,5.000000,361,3000,0x03,single,-114.080841,2702,0.307692,172,0,No fault,,,,,,,,,
2026-08-14T13:41:16.476,1786707676.476222,2.047452,1,3000,5.000000,362,3000,0x03,single,-113.421985,2613,0.331136,172,0,No fault,,,,,,,,,
2026-08-14T13:41:16.481,1786707676.481490,2.052722,1,3000,5.000000,363,3000,0x03,single,-112.785092,2568,0.295971,173,0,No fault,,,,,,,,,
2026-08-14T13:41:16.486,1786707676.486762,2.057997,1,3000,5.000000,364,3000,0x03,single,-112.170160,2434,0.284249,173,0,No fault,,,,,,,,,
2026-08-14T13:41:16.492,1786707676.492046,2.063282,1,3000,5.000000,365,3000,0x03,single,-111.489342,2657,0.301832,172,0,No fault,,,,,,,,,
2026-08-14T13:41:16.497,1786707676.497336,2.068572,1,3000,5.000000,366,3000,0x03,single,-110.852449,2613,0.313553,173,0,No fault,,,,,,,,,
2026-08-14T13:41:16.502,1786707676.502640,2.073872,1,3000,5.000000,367,3000,0x03,single,-110.215555,2613,0.372161,172,0,No fault,,,,,,,,,
2026-08-14T13:41:16.507,1786707676.507927,2.079158,1,3000,5.000000,368,3000,0x03,single,-109.578661,2747,0.319414,173,0,No fault,,,,,,,,,
2026-08-14T13:41:16.513,1786707676.513187,2.084413,1,3000,5.000000,369,3000,0x03,single,-108.963729,2523,0.301832,172,0,No fault,,,,,,,,,
2026-08-14T13:41:16.518,1786707676.518441,2.089672,1,3000,5.000000,370,3000,0x03,single,-108.304874,2657,0.372161,172,0,No fault,,,,,,,,,
2026-08-14T13:41:16.523,1786707676.523867,2.095096,1,3000,5.000000,371,3000,0x03,single,-107.031087,2479,0.354579,171,0,No fault,,,,,,,,,
2026-08-14T13:41:16.529,1786707676.529280,2.100506,1,3000,5.000000,372,3000,0x03,single,-106.394193,2568,0.301832,172,0,No fault,,,,,,,,,
2026-08-14T13:41:16.534,1786707676.534533,2.105769,1,3000,5.000000,373,3000,0x03,single,-105.757299,2657,0.354579,173,0,No fault,,,,,,,,,
2026-08-14T13:41:16.539,1786707676.539822,2.111054,1,3000,5.000000,374,3000,0x03,single,-105.120405,2434,0.360440,172,0,No fault,,,,,,,,,
2026-08-14T13:41:16.545,1786707676.545105,2.116336,1,3000,5.000000,375,3000,0x03,single,-104.483512,2479,0.389744,172,0,No fault,,,,,,,,,
2026-08-14T13:41:16.550,1786707676.550385,2.121619,1,3000,5.000000,376,3000,0x03,single,-103.868580,2657,0.331136,173,0,No fault,,,,,,,,,
2026-08-14T13:41:16.555,1786707676.555668,2.126897,1,3000,5.000000,377,3000,0x03,single,-103.209724,2702,0.278388,173,0,No fault,,,,,,,,,
2026-08-14T13:41:16.560,1786707676.560924,2.132158,1,3000,5.000000,378,3000,0x03,single,-102.572831,2523,0.348718,171,0,No fault,,,,,,,,,
2026-08-14T13:41:16.566,1786707676.566234,2.137489,1,3000,5.000000,379,3000,0x03,single,-101.935937,2613,0.366300,172,0,No fault,,,,,,,,,
2026-08-14T13:41:16.571,1786707676.571638,2.142873,1,3000,5.000000,380,3000,0x03,single,-101.277081,2702,0.336996,171,0,No fault,,,,,,,,,
2026-08-14T13:41:16.576,1786707676.576946,2.148180,1,3000,5.000000,381,3000,0x03,single,-100.662149,2479,0.301832,172,0,No fault,,,,,,,,,
2026-08-14T13:41:16.582,1786707676.582348,2.153582,1,3000,5.000000,382,3000,0x03,single,-100.003294,2568,0.307692,173,0,No fault,,,,,,,,,
2026-08-14T13:41:16.587,1786707676.587625,2.158854,1,3000,5.000000,383,3000,0x03,single,-99.344438,2702,0.319414,172,0,No fault,,,,,,,,,
2026-08-14T13:41:16.592,1786707676.592888,2.164117,1,3000,5.000000,384,3000,0x03,single,-98.707545,2523,0.336996,175,0,No fault,,,,,,,,,
2026-08-14T13:41:16.598,1786707676.598140,2.169368,1,3000,5.000000,385,3000,0x03,single,-98.070651,2791,0.260806,172,0,No fault,,,,,,,,,
2026-08-14T13:41:16.603,1786707676.603404,2.174635,1,3000,5.000000,386,3000,0x03,single,-97.411795,2836,0.284249,172,0,No fault,,,,,,,,,
2026-08-14T13:41:16.608,1786707676.608671,2.179900,1,3000,5.000000,387,3000,0x03,single,-96.752940,2747,0.301832,173,0,No fault,,,,,,,,,
2026-08-14T13:41:16.613,1786707676.613935,2.185167,1,3000,5.000000,388,3000,0x03,single,-96.116046,2836,0.319414,171,0,No fault,,,,,,,,,
2026-08-14T13:41:16.619,1786707676.619222,2.190461,1,3000,5.000000,389,3000,0x03,single,-95.479152,2613,0.313553,173,0,No fault,,,,,,,,,
2026-08-14T13:41:16.624,1786707676.624528,2.195763,1,3000,5.000000,390,3000,0x03,single,-94.820297,2479,0.243223,173,0,No fault,,,,,,,,,
2026-08-14T13:41:16.629,1786707676.629802,2.201033,1,3000,5.000000,391,3000,0x03,single,-94.161441,2568,0.284249,172,0,No fault,,,,,,,,,
2026-08-14T13:41:16.635,1786707676.635060,2.206289,1,3000,5.000000,392,3000,0x03,single,-93.524547,2613,0.325275,171,0,No fault,,,,,,,,,
2026-08-14T13:41:16.640,1786707676.640318,2.211545,1,3000,5.000000,393,3000,0x03,single,-92.887654,2255,0.307692,175,0,No fault,,,,,,,,,
2026-08-14T13:41:16.645,1786707676.645588,2.216824,1,3000,5.000000,394,3000,0x03,single,-92.228798,2568,0.284249,172,0,No fault,,,,,,,,,
2026-08-14T13:41:16.656,1786707676.656077,2.227317,1,3000,5.000000,395,3000,0x03,single,-91.591904,2568,0.307692,173,0,No fault,,,,,,,,,
2026-08-14T13:41:16.661,1786707676.661488,2.232719,1,3000,5.000000,396,3000,0x03,single,-89.417681,2657,0.284249,172,0,No fault,,,,,,,,,
2026-08-14T13:41:16.666,1786707676.666837,2.238063,1,3000,5.000000,397,3000,0x03,single,-89.044330,2881,0.284249,175,0,No fault,,,,,,,,,
2026-08-14T13:41:16.672,1786707676.672066,2.243292,1,3000,5.000000,398,3000,0x03,single,-88.407436,2881,0.331136,173,0,No fault,,,,,,,,,
2026-08-14T13:41:16.677,1786707676.677290,2.248515,1,3000,5.000000,399,3000,0x03,single,-87.770542,2747,0.360440,176,0,No fault,,,,,,,,,
2026-08-14T13:41:16.682,1786707676.682515,2.253741,1,3000,5.000000,400,3000,0x03,single,-87.133648,2657,0.348718,173,0,No fault,,,,,,,,,
2026-08-14T13:41:16.687,1786707676.687747,2.258972,1,3000,5.000000,401,3000,0x03,single,-86.518717,2523,0.301832,173,0,No fault,,,,,,,,,
2026-08-14T13:41:16.692,1786707676.692972,2.264197,1,3000,5.000000,402,3000,0x03,single,-85.859861,2479,0.336996,170,0,No fault,,,,,,,,,
2026-08-14T13:41:16.698,1786707676.698226,2.269462,1,3000,5.000000,403,3000,0x03,single,-85.222967,2568,0.336996,171,0,No fault,,,,,,,,,
2026-08-14T13:41:16.703,1786707676.703511,2.274737,1,3000,5.000000,404,3000,0x03,single,-84.586074,2568,0.366300,175,0,No fault,,,,,,,,,
2026-08-14T13:41:16.708,1786707676.708755,2.279984,1,3000,5.000000,405,3000,0x03,single,-83.927218,2836,0.348718,172,0,No fault,,,,,,,,,
2026-08-14T13:41:16.714,1786707676.714017,2.285248,1,3000,5.000000,406,3000,0x03,single,-83.312286,2479,0.295971,173,0,No fault,,,,,,,,,
2026-08-14T13:41:16.719,1786707676.719296,2.290529,1,3000,5.000000,407,3000,0x03,single,-82.653431,2568,0.342857,174,0,No fault,,,,,,,,,
2026-08-14T13:41:16.724,1786707676.724564,2.295800,1,3000,5.000000,408,3000,0x03,single,-82.038499,2568,0.372161,172,0,No fault,,,,,,,,,
2026-08-14T13:41:16.729,1786707676.729846,2.301082,1,3000,5.000000,409,3000,0x03,single,-81.401605,2479,0.331136,172,0,No fault,,,,,,,,,
2026-08-14T13:41:16.735,1786707676.735132,2.306367,1,3000,5.000000,410,3000,0x03,single,-80.764711,2434,0.295971,173,0,No fault,,,,,,,,,
2026-08-14T13:41:16.740,1786707676.740487,2.311719,1,3000,5.000000,411,3000,0x03,single,-80.127818,2613,0.331136,172,0,No fault,,,,,,,,,
2026-08-14T13:41:16.745,1786707676.745739,2.316971,1,3000,5.000000,412,3000,0x03,single,-79.468962,2881,0.319414,174,0,No fault,,,,,,,,,
2026-08-14T13:41:16.751,1786707676.751003,2.322231,1,3000,5.000000,413,3000,0x03,single,-78.832068,2613,0.348718,172,0,No fault,,,,,,,,,
2026-08-14T13:41:16.756,1786707676.756254,2.327484,1,3000,5.000000,414,3000,0x03,single,-78.195175,2791,0.307692,172,0,No fault,,,,,,,,,
2026-08-14T13:41:16.761,1786707676.761513,2.332744,1,3000,5.000000,415,3000,0x03,single,-77.536319,2970,0.260806,173,0,No fault,,,,,,,,,
2026-08-14T13:41:16.766,1786707676.766774,2.338003,1,3000,5.000000,416,3000,0x03,single,-76.899425,2747,0.336996,173,0,No fault,,,,,,,,,
2026-08-14T13:41:16.772,1786707676.772043,2.343273,1,3000,5.000000,417,3000,0x03,single,-76.240570,2791,0.342857,172,0,No fault,,,,,,,,,
2026-08-14T13:41:16.777,1786707676.777312,2.348539,1,3000,5.000000,418,3000,0x03,single,-75.625638,2568,0.301832,173,0,No fault,,,,,,,,,
2026-08-14T13:41:16.782,1786707676.782586,2.353811,1,3000,5.000000,419,3000,0x03,single,-74.966782,2657,0.266667,173,0,No fault,,,,,,,,,
2026-08-14T13:41:16.788,1786707676.788093,2.359357,1,3000,5.000000,420,3000,0x03,single,-74.329889,2568,0.301832,172,0,No fault,,,,,,,,,
2026-08-14T13:41:16.793,1786707676.793693,2.365056,1,3000,5.000000,421,3000,0x03,single,-73.671033,2657,0.336996,170,0,No fault,,,,,,,,,
2026-08-14T13:41:16.799,1786707676.799683,2.370944,1,3000,5.000000,422,3000,0x03,single,-72.353322,2613,0.295971,173,0,No fault,,,,,,,,,
2026-08-14T13:41:16.805,1786707676.805047,2.376290,1,3000,5.000000,423,3000,0x03,single,-71.694466,2747,0.313553,173,0,No fault,,,,,,,,,
2026-08-14T13:41:16.810,1786707676.810400,2.381718,1,3000,5.000000,424,3000,0x03,single,-71.057573,2345,0.348718,175,0,No fault,,,,,,,,,
2026-08-14T13:41:16.816,1786707676.816259,2.387555,1,3000,5.000000,425,3000,0x03,single,-70.376755,2479,0.366300,173,0,No fault,,,,,,,,,
2026-08-14T13:41:16.821,1786707676.821769,2.393023,1,3000,5.000000,426,3000,0x03,single,-69.761823,2568,0.331136,172,0,No fault,,,,,,,,,
2026-08-14T13:41:16.827,1786707676.827119,2.398403,1,3000,5.000000,427,3000,0x03,single,-69.124930,2657,0.307692,172,0,No fault,,,,,,,,,
2026-08-14T13:41:16.832,1786707676.832533,2.403791,1,3000,5.000000,428,3000,0x03,single,-68.466074,2568,0.336996,171,0,No fault,,,,,,,,,
2026-08-14T13:41:16.839,1786707676.839495,2.410729,1,3000,5.000000,429,3000,0x03,single,-67.829180,2702,0.383883,172,0,No fault,,,,,,,,,
2026-08-14T13:41:16.844,1786707676.844952,2.416197,1,3000,5.000000,430,3000,0x03,single,-67.192287,2657,0.378022,173,0,No fault,,,,,,,,,
2026-08-14T13:41:16.850,1786707676.850277,2.421518,1,3000,5.000000,431,3000,0x03,single,-66.555393,2791,0.301832,173,0,No fault,,,,,,,,,
2026-08-14T13:41:16.865,1786707676.865839,2.437101,1,3000,5.000000,432,3000,0x03,single,-64.029780,2613,0.354579,175,0,No fault,,,,,,,,,
2026-08-14T13:41:16.871,1786707676.871249,2.442518,1,3000,5.000000,433,3000,0x03,single,-63.700352,2523,0.295971,173,0,No fault,,,,,,,,,
2026-08-14T13:41:16.876,1786707676.876859,2.448137,1,3000,5.000000,434,3000,0x03,single,-62.690107,2702,0.331136,172,0,No fault,,,,,,,,,
2026-08-14T13:41:16.882,1786707676.882365,2.453602,1,3000,5.000000,435,3000,0x03,single,-62.053213,2568,0.360440,172,0,No fault,,,,,,,,,
2026-08-14T13:41:16.887,1786707676.887669,2.458907,1,3000,5.000000,436,3000,0x03,single,-61.416320,2791,0.336996,172,0,No fault,,,,,,,,,
2026-08-14T13:41:16.892,1786707676.892987,2.464228,1,3000,5.000000,437,3000,0x03,single,-60.779426,2791,0.301832,173,0,No fault,,,,,,,,,
2026-08-14T13:41:16.898,1786707676.898290,2.469526,1,3000,5.000000,438,3000,0x03,single,-60.142532,2657,0.319414,174,0,No fault,,,,,,,,,
2026-08-14T13:41:16.903,1786707676.903581,2.474820,1,3000,5.000000,439,3000,0x03,single,-59.483677,2791,0.325275,169,0,No fault,,,,,,,,,
2026-08-14T13:41:16.908,1786707676.908874,2.480111,1,3000,5.000000,440,3000,0x03,single,-58.868745,2434,0.342857,174,0,No fault,,,,,,,,,
2026-08-14T13:41:16.914,1786707676.914233,2.485468,1,3000,5.000000,441,3000,0x03,single,-58.209889,2702,0.307692,173,0,No fault,,,,,,,,,
2026-08-14T13:41:16.919,1786707676.919525,2.490762,1,3000,5.000000,442,3000,0x03,single,-57.572995,2702,0.260806,174,0,No fault,,,,,,,,,
2026-08-14T13:41:16.924,1786707676.924826,2.496064,1,3000,5.000000,443,3000,0x03,single,-56.892178,3015,0.307692,170,0,No fault,,,,,,,,,
2026-08-14T13:41:16.930,1786707676.930115,2.501352,1,3000,5.000000,444,3000,0x03,single,-56.255284,2702,0.342857,173,0,No fault,,,,,,,,,
2026-08-14T13:41:16.935,1786707676.935403,2.506640,1,3000,5.000000,445,3000,0x03,single,-55.618391,2747,0.290110,173,0,No fault,,,,,,,,,
2026-08-14T13:41:16.940,1786707676.940693,2.511926,1,3000,5.000000,446,3000,0x03,single,-54.981497,2568,0.254945,171,0,No fault,,,,,,,,,
2026-08-14T13:41:16.945,1786707676.945966,2.517203,1,3000,5.000000,447,3000,0x03,single,-54.322641,2747,0.313553,173,0,No fault,,,,,,,,,
2026-08-14T13:41:16.951,1786707676.951245,2.522477,1,3000,5.000000,448,3000,0x03,single,-53.685748,2434,0.319414,172,0,No fault,,,,,,,,,
2026-08-14T13:41:16.956,1786707676.956514,2.527750,1,3000,5.000000,449,3000,0x03,single,-53.026892,2568,0.319414,171,0,No fault,,,,,,,,,
2026-08-14T13:41:16.961,1786707676.961791,2.533024,1,3000,5.000000,450,3000,0x03,single,-52.389998,2523,0.290110,172,0,No fault,,,,,,,,,
2026-08-14T13:41:16.967,1786707676.967070,2.538306,1,3000,5.000000,451,3000,0x03,single,-51.753105,2613,0.278388,172,0,No fault,,,,,,,,,
2026-08-14T13:41:16.972,1786707676.972352,2.543589,1,3000,5.000000,452,3000,0x03,single,-51.094249,2747,0.331136,172,0,No fault,,,,,,,,,
2026-08-14T13:41:16.977,1786707676.977641,2.548873,1,3000,5.000000,453,3000,0x03,single,-50.457355,2523,0.336996,172,0,No fault,,,,,,,,,
2026-08-14T13:41:16.982,1786707676.982922,2.554157,1,3000,5.000000,454,3000,0x03,single,-49.820462,2613,0.331136,172,0,No fault,,,,,,,,,
2026-08-14T13:41:16.988,1786707676.988209,2.559444,1,3000,5.000000,455,3000,0x03,single,-49.183568,2613,0.295971,173,0,No fault,,,,,,,,,
2026-08-14T13:41:16.993,1786707676.993514,2.564750,1,3000,5.000000,456,3000,0x03,single,-48.546674,2568,0.325275,172,0,No fault,,,,,,,,,
2026-08-14T13:41:16.998,1786707676.998802,2.570037,1,3000,5.000000,457,3000,0x03,single,-47.931742,2300,0.354579,172,0,No fault,,,,,,,,,
2026-08-14T13:41:17.004,1786707677.004337,2.575568,1,3000,5.000000,458,3000,0x03,single,-46.635993,2657,0.301832,172,0,No fault,,,,,,,,,
2026-08-14T13:41:17.009,1786707677.009815,2.581052,1,3000,5.000000,459,3000,0x03,single,-45.999099,2523,0.319414,173,0,No fault,,,,,,,,,
2026-08-14T13:41:17.015,1786707677.015090,2.586324,1,3000,5.000000,460,3000,0x03,single,-45.384167,2434,0.389744,173,0,No fault,,,,,,,,,
2026-08-14T13:41:17.020,1786707677.020384,2.591623,1,3000,5.000000,461,3000,0x03,single,-44.747274,2389,0.342857,173,0,No fault,,,,,,,,,
2026-08-14T13:41:17.025,1786707677.025691,2.596931,1,3000,5.000000,462,3000,0x03,single,-44.110380,2434,0.366300,172,0,No fault,,,,,,,,,
2026-08-14T13:41:17.030,1786707677.030983,2.602220,1,3000,5.000000,463,3000,0x03,single,-43.495448,2479,0.325275,173,0,No fault,,,,,,,,,
2026-08-14T13:41:17.036,1786707677.036260,2.607497,1,3000,5.000000,464,3000,0x03,single,-42.814631,2836,0.331136,173,0,No fault,,,,,,,,,
2026-08-14T13:41:17.041,1786707677.041531,2.612764,1,3000,5.000000,465,3000,0x03,single,-42.177737,2791,0.366300,173,0,No fault,,,,,,,,,
2026-08-14T13:41:17.046,1786707677.046811,2.618043,1,3000,5.000000,466,3000,0x03,single,-41.562805,2479,0.378022,173,0,No fault,,,,,,,,,
2026-08-14T13:41:17.052,1786707677.052092,2.623325,1,3000,5.000000,467,3000,0x03,single,-40.925912,2791,0.295971,173,0,No fault,,,,,,,,,
2026-08-14T13:41:17.067,1786707677.067589,2.638847,1,3000,5.000000,468,3000,0x03,single,-38.510108,2523,0.319414,170,0,No fault,,,,,,,,,
2026-08-14T13:41:17.072,1786707677.072997,2.644249,1,3000,5.000000,469,3000,0x03,single,-38.180680,2791,0.319414,171,0,No fault,,,,,,,,,
2026-08-14T13:41:17.078,1786707677.078334,2.649577,1,3000,5.000000,470,3000,0x03,single,-37.829290,2702,0.266667,172,0,No fault,,,,,,,,,
2026-08-14T13:41:17.083,1786707677.083741,2.654982,1,3000,5.000000,471,3000,0x03,single,-37.170435,2702,0.301832,172,0,No fault,,,,,,,,,
2026-08-14T13:41:17.089,1786707677.089038,2.660274,1,3000,5.000000,472,3000,0x03,single,-36.533541,2613,0.319414,173,0,No fault,,,,,,,,,
2026-08-14T13:41:17.094,1786707677.094326,2.665560,1,3000,5.000000,473,3000,0x03,single,-35.896647,2613,0.348718,174,0,No fault,,,,,,,,,
2026-08-14T13:41:17.099,1786707677.099603,2.670843,1,3000,5.000000,474,3000,0x03,single,-35.259754,2702,0.284249,173,0,No fault,,,,,,,,,
2026-08-14T13:41:17.104,1786707677.104894,2.676133,1,3000,5.000000,475,3000,0x03,single,-34.600898,2479,0.266667,173,0,No fault,,,,,,,,,
2026-08-14T13:41:17.110,1786707677.110155,2.681400,1,3000,5.000000,476,3000,0x03,single,-33.942043,2702,0.348718,172,0,No fault,,,,,,,,,
2026-08-14T13:41:17.115,1786707677.115645,2.686882,1,3000,5.000000,477,3000,0x03,single,-32.668255,2434,0.325275,172,0,No fault,,,,,,,,,
2026-08-14T13:41:17.121,1786707677.121128,2.692362,1,3000,5.000000,478,3000,0x03,single,-32.009400,2970,0.307692,173,0,No fault,,,,,,,,,
2026-08-14T13:41:17.126,1786707677.126403,2.697638,1,3000,5.000000,479,3000,0x03,single,-31.372506,2702,0.307692,171,0,No fault,,,,,,,,,
2026-08-14T13:41:17.131,1786707677.131695,2.702929,1,3000,5.000000,480,3000,0x03,single,-30.735612,2434,0.360440,172,0,No fault,,,,,,,,,
2026-08-14T13:41:17.136,1786707677.136968,2.708201,1,3000,5.000000,481,3000,0x03,single,-30.098718,2523,0.360440,174,0,No fault,,,,,,,,,
2026-08-14T13:41:17.142,1786707677.142242,2.713476,1,3000,5.000000,482,3000,0x03,single,-29.461825,2568,0.295971,172,0,No fault,,,,,,,,,
2026-08-14T13:41:17.147,1786707677.147521,2.718753,1,3000,5.000000,483,3000,0x03,single,-28.824931,2568,0.348718,174,0,No fault,,,,,,,,,
2026-08-14T13:41:17.152,1786707677.152797,2.724033,1,3000,5.000000,484,3000,0x03,single,-28.188037,2523,0.366300,172,0,No fault,,,,,,,,,
2026-08-14T13:41:17.158,1786707677.158083,2.729314,1,3000,5.000000,485,3000,0x03,single,-27.551144,2434,0.372161,173,0,No fault,,,,,,,,,
2026-08-14T13:41:17.163,1786707677.163356,2.734593,1,3000,5.000000,486,3000,0x03,single,-26.936212,2389,0.348718,173,0,No fault,,,,,,,,,
2026-08-14T13:41:17.168,1786707677.168640,2.739872,1,3000,5.000000,487,3000,0x03,single,-26.299318,2479,0.319414,173,0,No fault,,,,,,,,,
2026-08-14T13:41:17.173,1786707677.173916,2.745148,1,3000,5.000000,488,3000,0x03,single,-25.640462,2568,0.348718,172,0,No fault,,,,,,,,,
2026-08-14T13:41:17.179,1786707677.179176,2.750409,1,3000,5.000000,489,3000,0x03,single,-25.025531,2479,0.372161,172,0,No fault,,,,,,,,,
2026-08-14T13:41:17.184,1786707677.184453,2.755687,1,3000,5.000000,490,3000,0x03,single,-24.388637,2345,0.389744,172,0,No fault,,,,,,,,,
2026-08-14T13:41:17.189,1786707677.189715,2.760951,1,3000,5.000000,491,3000,0x03,single,-23.773705,2389,0.319414,173,0,No fault,,,,,,,,,
2026-08-14T13:41:17.194,1786707677.194997,2.766232,1,3000,5.000000,492,3000,0x03,single,-23.136811,2300,0.336996,172,0,No fault,,,,,,,,,
2026-08-14T13:41:17.200,1786707677.200278,2.771515,1,3000,5.000000,493,3000,0x03,single,-22.477956,2613,0.383883,173,0,No fault,,,,,,,,,
2026-08-14T13:41:17.205,1786707677.205545,2.776777,1,3000,5.000000,494,3000,0x03,single,-21.841062,2613,0.348718,171,0,No fault,,,,,,,,,
2026-08-14T13:41:17.210,1786707677.210805,2.782037,1,3000,5.000000,495,3000,0x03,single,-21.204168,2568,0.366300,168,0,No fault,,,,,,,,,
2026-08-14T13:41:17.216,1786707677.216084,2.787331,1,3000,5.000000,496,3000,0x03,single,-20.589236,2523,0.336996,173,0,No fault,,,,,,,,,
2026-08-14T13:41:17.221,1786707677.221481,2.792722,1,3000,5.000000,497,3000,0x03,single,-19.930381,2702,0.331136,173,0,No fault,,,,,,,,,
2026-08-14T13:41:17.226,1786707677.226773,2.798006,1,3000,5.000000,498,3000,0x03,single,-19.271525,2747,0.354579,173,0,No fault,,,,,,,,,
2026-08-14T13:41:17.232,1786707677.232061,2.803295,1,3000,5.000000,499,3000,0x03,single,-18.656593,2613,0.395604,172,0,No fault,,,,,,,,,
2026-08-14T13:41:17.237,1786707677.237405,2.808640,1,3000,5.000000,500,3000,0x03,single,-18.019700,2702,0.284249,174,0,No fault,,,,,,,,,
2026-08-14T13:41:17.242,1786707677.242714,2.813950,1,3000,5.000000,501,3000,0x03,single,-17.360844,2747,0.313553,173,0,No fault,,,,,,,,,
2026-08-14T13:41:17.247,1786707677.247984,2.819217,1,3000,5.000000,502,3000,0x03,single,-16.723950,2657,0.354579,173,0,No fault,,,,,,,,,
2026-08-14T13:41:17.253,1786707677.253512,2.824747,1,3000,5.000000,503,3000,0x03,single,-15.450163,2747,0.342857,174,0,No fault,,,,,,,,,
2026-08-14T13:41:17.269,1786707677.269603,2.840837,1,3000,5.000000,504,3000,0x03,single,-13.078283,2523,0.360440,173,0,No fault,,,,,,,,,
2026-08-14T13:41:17.275,1786707677.275005,2.846247,1,3000,5.000000,505,3000,0x03,single,-12.770817,2479,0.342857,173,0,No fault,,,,,,,,,
2026-08-14T13:41:17.280,1786707677.280321,2.851558,1,3000,5.000000,506,3000,0x03,single,-12.441389,2434,0.342857,172,0,No fault,,,,,,,,,
2026-08-14T13:41:17.285,1786707677.285625,2.856865,1,3000,5.000000,507,3000,0x03,single,-11.804496,2434,0.319414,175,0,No fault,,,,,,,,,
2026-08-14T13:41:17.290,1786707677.290990,2.862253,1,3000,5.000000,508,3000,0x03,single,-11.167602,2434,0.360440,170,0,No fault,,,,,,,,,
2026-08-14T13:41:17.296,1786707677.296687,2.867944,1,3000,5.000000,509,3000,0x03,single,-10.530708,2434,0.378022,171,0,No fault,,,,,,,,,
2026-08-14T13:41:17.302,1786707677.302062,2.873307,1,3000,5.000000,510,3000,0x03,single,-9.871853,2747,0.331136,172,0,No fault,,,,,,,,,
2026-08-14T13:41:17.307,1786707677.307437,2.878693,1,3000,5.000000,511,3000,0x03,single,-9.256921,2747,0.325275,173,0,No fault,,,,,,,,,
2026-08-14T13:41:17.312,1786707677.312862,2.884119,1,3000,5.000000,512,3000,0x03,single,-8.620027,2613,0.366300,173,0,No fault,,,,,,,,,
2026-08-14T13:41:17.318,1786707677.318590,2.889838,1,3000,5.000000,513,3000,0x03,single,-7.346240,2613,0.395604,171,0,No fault,,,,,,,,,
2026-08-14T13:41:17.324,1786707677.324143,2.895402,1,3000,5.000000,514,3000,0x03,single,-6.753270,2434,0.354579,176,0,No fault,,,,,,,,,
2026-08-14T13:41:17.329,1786707677.329523,2.900992,1,3000,5.000000,515,3000,0x03,single,-6.094414,2479,0.319414,173,0,No fault,,,,,,,,,
2026-08-14T13:41:17.335,1786707677.335096,2.906330,1,3000,5.000000,516,3000,0x03,single,-5.435558,2613,0.383883,174,0,No fault,,,,,,,,,
2026-08-14T13:41:17.341,1786707677.341299,2.912533,1,3000,5.000000,517,3000,0x03,single,-4.820627,2657,0.383883,171,0,No fault,,,,,,,,,
2026-08-14T13:41:17.346,1786707677.346603,2.917848,1,3000,5.000000,518,3000,0x03,single,-4.227657,2389,0.372161,172,0,No fault,,,,,,,,,
2026-08-14T13:41:17.351,1786707677.351938,2.923181,1,3000,5.000000,519,3000,0x03,single,-3.568801,2702,0.336996,173,0,No fault,,,,,,,,,
2026-08-14T13:41:17.357,1786707677.357252,2.928495,1,3000,5.000000,520,3000,0x03,single,-2.931907,2479,0.331136,170,0,No fault,,,,,,,,,
2026-08-14T13:41:17.362,1786707677.362555,2.933790,1,3000,5.000000,521,3000,0x03,single,-2.273052,2613,0.348718,172,0,No fault,,,,,,,,,
2026-08-14T13:41:17.367,1786707677.367835,2.939074,1,3000,5.000000,522,3000,0x03,single,-1.658120,2523,0.372161,171,0,No fault,,,,,,,,,
2026-08-14T13:41:17.373,1786707677.373136,2.944377,1,3000,5.000000,523,3000,0x03,single,-1.021226,2523,0.325275,173,0,No fault,,,,,,,,,
2026-08-14T13:41:17.378,1786707677.378449,2.949691,1,3000,5.000000,524,3000,0x03,single,-0.384332,2702,0.307692,174,0,No fault,,,,,,,,,
2026-08-14T13:41:17.383,1786707677.383754,2.954993,1,3000,5.000000,525,3000,0x03,single,0.252561,2523,0.336996,172,0,No fault,,,,,,,,,
2026-08-14T13:41:17.389,1786707677.389044,2.960284,1,3000,5.000000,526,3000,0x03,single,0.911417,2702,0.354579,172,0,No fault,,,,,,,,,
2026-08-14T13:41:17.394,1786707677.394344,2.965586,1,3000,5.000000,527,3000,0x03,single,1.526349,2479,0.331136,173,0,No fault,,,,,,,,,
2026-08-14T13:41:17.399,1786707677.399642,2.970879,1,3000,5.000000,528,3000,0x03,single,2.185204,2657,0.278388,172,0,No fault,,,,,,,,,
2026-08-14T13:41:17.405,1786707677.405104,2.976336,1,3000,5.000000,529,3000,0x03,single,3.480954,2747,0.325275,173,0,No fault,,,,,,,,,
2026-08-14T13:41:17.410,1786707677.410666,2.981900,1,3000,5.000000,530,3000,0x03,single,4.117847,2657,0.331136,173,0,No fault,,,,,,,,,
2026-08-14T13:41:17.415,1786707677.415940,2.987183,1,3000,5.000000,531,3000,0x03,single,4.754741,2389,0.272527,172,0,No fault,,,,,,,,,
2026-08-14T13:41:17.421,1786707677.421242,2.992484,1,3000,5.000000,532,3000,0x03,single,5.391635,2345,0.278388,173,0,No fault,,,,,,,,,
2026-08-14T13:41:17.426,1786707677.426538,2.997778,1,3000,5.000000,533,3000,0x03,single,6.050490,2657,0.325275,173,0,No fault,,,,,,,,,
2026-08-14T13:41:17.431,1786707677.431815,3.003050,1,3000,5.000000,534,3000,0x03,single,6.687384,2434,0.319414,173,0,No fault,,,,,,,,,
2026-08-14T13:41:17.437,1786707677.437086,3.008324,1,3000,5.000000,535,3000,0x03,single,7.346240,2657,0.325275,172,0,No fault,,,,,,,,,
2026-08-14T13:41:17.442,1786707677.442364,3.013602,1,3000,5.000000,536,3000,0x03,single,7.961171,2613,0.331136,175,0,No fault,,,,,,,,,
2026-08-14T13:41:17.447,1786707677.447649,3.018884,1,3000,5.000000,537,3000,0x03,single,8.620027,2702,0.319414,171,0,No fault,,,,,,,,,
2026-08-14T13:41:17.452,1786707677.452919,3.024153,1,3000,5.000000,538,3000,0x03,single,9.256921,2434,0.331136,173,0,No fault,,,,,,,,,
2026-08-14T13:41:17.458,1786707677.458188,3.029422,1,3000,5.000000,539,3000,0x03,single,9.893814,2523,0.354579,173,0,No fault,,,,,,,,,
2026-08-14T13:41:17.473,1786707677.473862,3.045110,1,3000,5.000000,540,3000,0x03,single,10.530708,2523,0.295971,174,0,No fault,,,,,,,,,
2026-08-14T13:41:17.479,1786707677.479470,3.050708,1,3000,5.000000,541,3000,0x03,single,12.792779,2523,0.378022,174,0,No fault,,,,,,,,,
2026-08-14T13:41:17.484,1786707677.484772,3.056018,1,3000,5.000000,542,3000,0x03,single,13.122207,2747,0.372161,175,0,No fault,,,,,,,,,
2026-08-14T13:41:17.490,1786707677.490079,3.061319,1,3000,5.000000,543,3000,0x03,single,13.737139,2568,0.313553,175,0,No fault,,,,,,,,,
2026-08-14T13:41:17.495,1786707677.495361,3.066597,1,3000,5.000000,544,3000,0x03,single,14.395994,2747,0.360440,173,0,No fault,,,,,,,,,
2026-08-14T13:41:17.500,1786707677.500631,3.071869,1,3000,5.000000,545,3000,0x03,single,15.010926,2479,0.342857,175,0,No fault,,,,,,,,,
2026-08-14T13:41:17.505,1786707677.505900,3.077135,1,3000,5.000000,546,3000,0x03,single,15.647820,2434,0.383883,170,0,No fault,,,,,,,,,
2026-08-14T13:41:17.511,1786707677.511169,3.082407,1,3000,5.000000,547,3000,0x03,single,16.262752,2479,0.325275,172,0,No fault,,,,,,,,,
2026-08-14T13:41:17.516,1786707677.516440,3.087677,1,3000,5.000000,548,3000,0x03,single,16.899645,2345,0.319414,173,0,No fault,,,,,,,,,
2026-08-14T13:41:17.521,1786707677.521713,3.092947,1,3000,5.000000,549,3000,0x03,single,17.558501,2479,0.360440,173,0,No fault,,,,,,,,,
2026-08-14T13:41:17.526,1786707677.526978,3.098215,1,3000,5.000000,550,3000,0x03,single,18.195395,2568,0.348718,172,0,No fault,,,,,,,,,
2026-08-14T13:41:17.532,1786707677.532241,3.103472,1,3000,5.000000,551,3000,0x03,single,18.832288,2479,0.325275,173,0,No fault,,,,,,,,,
2026-08-14T13:41:17.537,1786707677.537495,3.108731,1,3000,5.000000,552,3000,0x03,single,19.469182,2613,0.307692,175,0,No fault,,,,,,,,,
2026-08-14T13:41:17.542,1786707677.542754,3.113986,1,3000,5.000000,553,3000,0x03,single,20.128038,2613,0.325275,173,0,No fault,,,,,,,,,
2026-08-14T13:41:17.548,1786707677.548295,3.119529,1,3000,5.000000,554,3000,0x03,single,21.401825,2657,0.360440,172,0,No fault,,,,,,,,,
2026-08-14T13:41:17.553,1786707677.553713,3.124949,1,3000,5.000000,555,3000,0x03,single,22.038719,2479,0.272527,174,0,No fault,,,,,,,,,
2026-08-14T13:41:17.558,1786707677.558997,3.130229,1,3000,5.000000,556,3000,0x03,single,22.697574,2523,0.295971,173,0,No fault,,,,,,,,,
2026-08-14T13:41:17.564,1786707677.564255,3.135493,1,3000,5.000000,557,3000,0x03,single,23.356430,2613,0.307692,170,0,No fault,,,,,,,,,
2026-08-14T13:41:17.569,1786707677.569548,3.140795,1,3000,5.000000,558,3000,0x03,single,24.015285,2791,0.319414,172,0,No fault,,,,,,,,,
2026-08-14T13:41:17.574,1786707677.574894,3.146129,1,3000,5.000000,559,3000,0x03,single,24.630217,2568,0.301832,169,0,No fault,,,,,,,,,
2026-08-14T13:41:17.580,1786707677.580250,3.151481,1,3000,5.000000,560,3000,0x03,single,25.311035,2925,0.249084,172,0,No fault,,,,,,,,,
2026-08-14T13:41:17.585,1786707677.585509,3.156742,1,3000,5.000000,561,3000,0x03,single,25.947928,2568,0.301832,172,0,No fault,,,,,,,,,
2026-08-14T13:41:17.590,1786707677.590778,3.162009,1,3000,5.000000,562,3000,0x03,single,26.606784,2747,0.331136,173,0,No fault,,,,,,,,,
2026-08-14T13:41:17.596,1786707677.596042,3.167274,1,3000,5.000000,563,3000,0x03,single,27.221716,2613,0.301832,172,0,No fault,,,,,,,,,
2026-08-14T13:41:17.601,1786707677.601306,3.172539,1,3000,5.000000,564,3000,0x03,single,27.880571,2881,0.284249,175,0,No fault,,,,,,,,,
2026-08-14T13:41:17.606,1786707677.606587,3.177818,1,3000,5.000000,565,3000,0x03,single,28.539427,2747,0.307692,172,0,No fault,,,,,,,,,
2026-08-14T13:41:17.611,1786707677.611852,3.183091,1,3000,5.000000,566,3000,0x03,single,29.176321,2747,0.336996,174,0,No fault,,,,,,,,,
2026-08-14T13:41:17.617,1786707677.617127,3.188362,1,3000,5.000000,567,3000,0x03,single,29.791252,2523,0.354579,171,0,No fault,,,,,,,,,
2026-08-14T13:41:17.622,1786707677.622388,3.193619,1,3000,5.000000,568,3000,0x03,single,30.450108,2702,0.313553,172,0,No fault,,,,,,,,,
2026-08-14T13:41:17.627,1786707677.627647,3.198880,1,3000,5.000000,569,3000,0x03,single,31.065040,2434,0.295971,169,0,No fault,,,,,,,,,
2026-08-14T13:41:17.632,1786707677.632912,3.204144,1,3000,5.000000,570,3000,0x03,single,31.723895,2791,0.366300,173,0,No fault,,,,,,,,,
2026-08-14T13:41:17.638,1786707677.638175,3.209408,1,3000,5.000000,571,3000,0x03,single,32.360789,2613,0.366300,170,0,No fault,,,,,,,,,
2026-08-14T13:41:17.643,1786707677.643429,3.214658,1,3000,5.000000,572,3000,0x03,single,32.975721,2657,0.354579,170,0,No fault,,,,,,,,,
2026-08-14T13:41:17.648,1786707677.648679,3.219910,1,3000,5.000000,573,3000,0x03,single,33.612615,2523,0.313553,172,0,No fault,,,,,,,,,
2026-08-14T13:41:17.653,1786707677.653934,3.225165,1,3000,5.000000,574,3000,0x03,single,34.249508,2613,0.342857,174,0,No fault,,,,,,,,,
2026-08-14T13:41:17.659,1786707677.659192,3.230425,1,3000,5.000000,575,3000,0x03,single,34.886402,2523,0.366300,173,0,No fault,,,,,,,,,
2026-08-14T13:41:17.664,1786707677.664443,3.235673,1,3000,5.000000,576,3000,0x03,single,35.523296,2523,0.360440,171,0,No fault,,,,,,,,,
2026-08-14T13:41:17.680,1786707677.680125,3.251373,1,3000,5.000000,577,3000,0x03,single,38.004985,2657,0.366300,172,0,No fault,,,,,,,,,
2026-08-14T13:41:17.685,1786707677.685544,3.256790,1,3000,5.000000,578,3000,0x03,single,38.290489,2389,0.366300,171,0,No fault,,,,,,,,,
2026-08-14T13:41:17.691,1786707677.691127,3.262369,1,3000,5.000000,579,3000,0x03,single,39.300734,2613,0.301832,175,0,No fault,,,,,,,,,
2026-08-14T13:41:17.696,1786707677.696435,3.267674,1,3000,5.000000,580,3000,0x03,single,39.937628,2613,0.342857,172,0,No fault,,,,,,,,,
2026-08-14T13:41:17.701,1786707677.701738,3.272976,1,3000,5.000000,581,3000,0x03,single,40.596484,2702,0.336996,173,0,No fault,,,,,,,,,
2026-08-14T13:41:17.707,1786707677.707043,3.278284,1,3000,5.000000,582,3000,0x03,single,41.211416,2568,0.366300,175,0,No fault,,,,,,,,,
2026-08-14T13:41:17.712,1786707677.712339,3.283579,1,3000,5.000000,583,3000,0x03,single,41.870271,2791,0.290110,173,0,No fault,,,,,,,,,
2026-08-14T13:41:17.717,1786707677.717675,3.288929,1,3000,5.000000,584,3000,0x03,single,42.507165,2613,0.260806,171,0,No fault,,,,,,,,,
2026-08-14T13:41:17.723,1786707677.723312,3.294561,1,3000,5.000000,585,3000,0x03,single,43.187982,2881,0.336996,169,0,No fault,,,,,,,,,
2026-08-14T13:41:17.728,1786707677.728647,3.299886,1,3000,5.000000,586,3000,0x03,single,43.824876,2747,0.325275,176,0,No fault,,,,,,,,,
2026-08-14T13:41:17.733,1786707677.733940,3.305178,1,3000,5.000000,587,3000,0x03,single,44.439808,2300,0.319414,170,0,No fault,,,,,,,,,
2026-08-14T13:41:17.739,1786707677.739219,3.310454,1,3000,5.000000,588,3000,0x03,single,45.098663,2836,0.284249,173,0,No fault,,,,,,,,,
2026-08-14T13:41:17.744,1786707677.744486,3.315720,1,3000,5.000000,589,3000,0x03,single,45.757519,2613,0.295971,173,0,No fault,,,,,,,,,
2026-08-14T13:41:17.749,1786707677.749865,3.321107,1,3000,5.000000,590,3000,0x03,single,46.394413,2836,0.348718,167,0,No fault,,,,,,,,,
2026-08-14T13:41:17.755,1786707677.755198,3.326440,1,3000,5.000000,591,3000,0x03,single,47.031306,2613,0.342857,171,0,No fault,,,,,,,,,
2026-08-14T13:41:17.760,1786707677.760542,3.331787,1,3000,5.000000,592,3000,0x03,single,47.646238,2657,0.301832,171,0,No fault,,,,,,,,,
2026-08-14T13:41:17.765,1786707677.765891,3.337125,1,3000,5.000000,593,3000,0x03,single,48.305094,2657,0.319414,175,0,No fault,,,,,,,,,
2026-08-14T13:41:17.771,1786707677.771178,3.342413,1,3000,5.000000,594,3000,0x03,single,48.941988,2568,0.378022,175,0,No fault,,,,,,,,,
2026-08-14T13:41:17.776,1786707677.776458,3.347691,1,3000,5.000000,595,3000,0x03,single,49.556919,2479,0.383883,172,0,No fault,,,,,,,,,
2026-08-14T13:41:17.781,1786707677.781732,3.352969,1,3000,5.000000,596,3000,0x03,single,50.215775,2747,0.336996,173,0,No fault,,,,,,,,,
2026-08-14T13:41:17.787,1786707677.787012,3.358248,1,3000,5.000000,597,3000,0x03,single,50.852669,2747,0.342857,174,0,No fault,,,,,,,,,
2026-08-14T13:41:17.792,1786707677.792374,3.363633,1,3000,5.000000,598,3000,0x03,single,51.489562,2702,0.342857,172,0,No fault,,,,,,,,,
2026-08-14T13:41:17.798,1786707677.798481,3.369742,1,3000,5.000000,599,3000,0x03,single,52.829235,2613,0.383883,173,0,No fault,,,,,,,,,
2026-08-14T13:41:17.803,1786707677.803878,3.375116,1,3000,5.000000,600,3000,0x03,single,53.400244,2925,0.313553,173,0,No fault,,,,,,,,,
2026-08-14T13:41:17.809,1786707677.809196,3.380447,1,3000,5.000000,601,3000,0x03,single,54.015175,2613,0.336996,172,0,No fault,,,,,,,,,
2026-08-14T13:41:17.814,1786707677.814608,3.385865,1,3000,5.000000,602,3000,0x03,single,54.674031,2747,0.378022,171,0,No fault,,,,,,,,,
2026-08-14T13:41:17.820,1786707677.820004,3.391246,1,3000,5.000000,603,3000,0x03,single,55.288963,2613,0.348718,172,0,No fault,,,,,,,,,
2026-08-14T13:41:17.825,1786707677.825346,3.396594,1,3000,5.000000,604,3000,0x03,single,55.925857,2613,0.360440,172,0,No fault,,,,,,,,,
2026-08-14T13:41:17.830,1786707677.830750,3.401992,1,3000,5.000000,605,3000,0x03,single,56.562750,2747,0.301832,173,0,No fault,,,,,,,,,
2026-08-14T13:41:17.839,1786707677.839639,3.410870,1,3000,5.000000,606,3000,0x03,single,57.858500,2523,0.348718,172,0,No fault,,,,,,,,,
2026-08-14T13:41:17.844,1786707677.844974,3.416204,1,3000,5.000000,607,3000,0x03,single,58.473431,2613,0.366300,173,0,No fault,,,,,,,,,
2026-08-14T13:41:17.850,1786707677.850221,3.421462,1,3000,5.000000,608,3000,0x03,single,59.110325,2479,0.290110,173,0,No fault,,,,,,,,,
2026-08-14T13:41:17.855,1786707677.855522,3.426763,1,3000,5.000000,609,3000,0x03,single,59.769181,2702,0.290110,172,0,No fault,,,,,,,,,
2026-08-14T13:41:17.860,1786707677.860832,3.432066,1,3000,5.000000,610,3000,0x03,single,60.406074,2657,0.342857,172,0,No fault,,,,,,,,,
2026-08-14T13:41:17.866,1786707677.866108,3.437345,1,3000,5.000000,611,3000,0x03,single,61.042968,2479,0.354579,172,0,No fault,,,,,,,,,
2026-08-14T13:41:17.881,1786707677.881527,3.452768,1,3000,5.000000,612,3000,0x03,single,61.679862,2613,0.313553,172,0,No fault,,,,,,,,,
2026-08-14T13:41:17.886,1786707677.886838,3.458073,1,3000,5.000000,613,3000,0x03,single,63.963894,2791,0.336996,173,0,No fault,,,,,,,,,
2026-08-14T13:41:17.892,1786707677.892118,3.463353,1,3000,5.000000,614,3000,0x03,single,64.293322,2747,0.307692,175,0,No fault,,,,,,,,,
2026-08-14T13:41:17.897,1786707677.897400,3.468632,1,3000,5.000000,615,3000,0x03,single,64.930216,2568,0.272527,173,0,No fault,,,,,,,,,
2026-08-14T13:41:17.902,1786707677.902708,3.473940,1,3000,5.000000,616,3000,0x03,single,65.589071,2657,0.325275,176,0,No fault,,,,,,,,,
2026-08-14T13:41:17.907,1786707677.907971,3.479205,1,3000,5.000000,617,3000,0x03,single,66.225965,2523,0.325275,172,0,No fault,,,,,,,,,
2026-08-14T13:41:17.913,1786707677.913243,3.484480,1,3000,5.000000,618,3000,0x03,single,66.862859,2613,0.319414,171,0,No fault,,,,,,,,,
2026-08-14T13:41:17.918,1786707677.918536,3.489767,1,3000,5.000000,619,3000,0x03,single,67.499753,2479,0.325275,172,0,No fault,,,,,,,,,
2026-08-14T13:41:17.923,1786707677.923892,3.495125,1,3000,5.000000,620,3000,0x03,single,68.158608,2747,0.278388,173,0,No fault,,,,,,,,,
2026-08-14T13:41:17.929,1786707677.929167,3.500402,1,3000,5.000000,621,3000,0x03,single,68.795502,2702,0.319414,173,0,No fault,,,,,,,,,
2026-08-14T13:41:17.934,1786707677.934442,3.505677,1,3000,5.000000,622,3000,0x03,single,69.432396,2657,0.348718,173,0,No fault,,,,,,,,,
2026-08-14T13:41:17.939,1786707677.939719,3.510950,1,3000,5.000000,623,3000,0x03,single,70.047327,2523,0.336996,173,0,No fault,,,,,,,,,
2026-08-14T13:41:17.945,1786707677.945000,3.516233,1,3000,5.000000,624,3000,0x03,single,70.706183,2791,0.295971,172,0,No fault,,,,,,,,,
2026-08-14T13:41:17.950,1786707677.950287,3.521518,1,3000,5.000000,625,3000,0x03,single,71.343077,2702,0.360440,172,0,No fault,,,,,,,,,
2026-08-14T13:41:17.955,1786707677.955551,3.526782,1,3000,5.000000,626,3000,0x03,single,71.979970,2702,0.348718,169,0,No fault,,,,,,,,,
2026-08-14T13:41:17.960,1786707677.960810,3.532047,1,3000,5.000000,627,3000,0x03,single,72.616864,2479,0.383883,173,0,No fault,,,,,,,,,
2026-08-14T13:41:17.966,1786707677.966087,3.537322,1,3000,5.000000,628,3000,0x03,single,73.231796,2523,0.354579,173,0,No fault,,,,,,,,,
2026-08-14T13:41:17.971,1786707677.971368,3.542604,1,3000,5.000000,629,3000,0x03,single,73.890652,2523,0.284249,178,0,No fault,,,,,,,,,
2026-08-14T13:41:17.976,1786707677.976623,3.547865,1,3000,5.000000,630,3000,0x03,single,74.527545,2523,0.366300,171,0,No fault,,,,,,,,,
2026-08-14T13:41:17.982,1786707677.982114,3.553351,1,3000,5.000000,631,3000,0x03,single,75.801333,2568,0.360440,172,0,No fault,,,,,,,,,
2026-08-14T13:41:17.987,1786707677.987563,3.558794,1,3000,5.000000,632,3000,0x03,single,76.438226,2791,0.313553,175,0,No fault,,,,,,,,,
2026-08-14T13:41:17.992,1786707677.992838,3.564071,1,3000,5.000000,633,3000,0x03,single,77.097082,2747,0.342857,173,0,No fault,,,,,,,,,
2026-08-14T13:41:17.998,1786707677.998126,3.569362,1,3000,5.000000,634,3000,0x03,single,77.733976,2702,0.348718,173,0,No fault,,,,,,,,,
2026-08-14T13:41:18.003,1786707678.003387,3.574617,1,3000,5.000000,635,3000,0x03,single,78.348908,2479,0.378022,173,0,No fault,,,,,,,,,
2026-08-14T13:41:18.008,1786707678.008654,3.579884,1,3000,5.000000,636,3000,0x03,single,79.007763,2657,0.313553,176,0,No fault,,,,,,,,,
2026-08-14T13:41:18.013,1786707678.013922,3.585156,1,3000,5.000000,637,3000,0x03,single,79.644657,2568,0.284249,172,0,No fault,,,,,,,,,
2026-08-14T13:41:18.019,1786707678.019199,3.590439,1,3000,5.000000,638,3000,0x03,single,80.281551,2523,0.336996,172,0,No fault,,,,,,,,,
2026-08-14T13:41:18.024,1786707678.024503,3.595737,1,3000,5.000000,639,3000,0x03,single,80.918444,2479,0.342857,172,0,No fault,,,,,,,,,
2026-08-14T13:41:18.029,1786707678.029777,3.601010,1,3000,5.000000,640,3000,0x03,single,81.577300,2523,0.290110,173,0,No fault,,,,,,,,,
2026-08-14T13:41:18.035,1786707678.035034,3.606265,1,3000,5.000000,641,3000,0x03,single,82.214194,2523,0.284249,174,0,No fault,,,,,,,,,
2026-08-14T13:41:18.040,1786707678.040290,3.611519,1,3000,5.000000,642,3000,0x03,single,82.873049,2702,0.307692,172,0,No fault,,,,,,,,,
2026-08-14T13:41:18.045,1786707678.045538,3.616778,1,3000,5.000000,643,3000,0x03,single,83.531905,2702,0.319414,172,0,No fault,,,,,,,,,
2026-08-14T13:41:18.050,1786707678.050828,3.622060,1,3000,5.000000,644,3000,0x03,single,84.146837,2479,0.336996,172,0,No fault,,,,,,,,,
2026-08-14T13:41:18.056,1786707678.056081,3.627314,1,3000,5.000000,645,3000,0x03,single,84.783730,2568,0.278388,172,0,No fault,,,,,,,,,
2026-08-14T13:41:18.061,1786707678.061342,3.632573,1,3000,5.000000,646,3000,0x03,single,85.464548,2702,0.266667,177,0,No fault,,,,,,,,,
2026-08-14T13:41:18.066,1786707678.066612,3.637848,1,3000,5.000000,647,3000,0x03,single,86.101441,2389,0.331136,171,0,No fault,,,,,,,,,
2026-08-14T13:41:18.071,1786707678.071900,3.643142,1,3000,5.000000,648,3000,0x03,single,86.760297,2657,0.307692,172,0,No fault,,,,,,,,,
2026-08-14T13:41:18.087,1786707678.087514,3.658761,1,3000,5.000000,649,3000,0x03,single,89.241986,2613,0.342857,173,0,No fault,,,,,,,,,
2026-08-14T13:41:18.092,1786707678.092902,3.664146,1,3000,5.000000,650,3000,0x03,single,89.549452,2300,0.348718,173,0,No fault,,,,,,,,,
2026-08-14T13:41:18.098,1786707678.098198,3.669437,1,3000,5.000000,651,3000,0x03,single,89.900842,2568,0.348718,172,0,No fault,,,,,,,,,
2026-08-14T13:41:18.103,1786707678.103476,3.674709,1,3000,5.000000,652,3000,0x03,single,90.537736,2568,0.290110,173,0,No fault,,,,,,,,,
2026-08-14T13:41:18.108,1786707678.108739,3.679973,1,3000,5.000000,653,3000,0x03,single,91.174629,2479,0.336996,173,0,No fault,,,,,,,,,
2026-08-14T13:41:18.114,1786707678.114000,3.685234,1,3000,5.000000,654,3000,0x03,single,91.833485,2613,0.348718,172,0,No fault,,,,,,,,,
2026-08-14T13:41:18.119,1786707678.119475,3.690712,1,3000,5.000000,655,3000,0x03,single,93.107272,2568,0.342857,173,0,No fault,,,,,,,,,
2026-08-14T13:41:18.124,1786707678.124766,3.696005,1,3000,5.000000,656,3000,0x03,single,93.722204,2389,0.278388,172,0,No fault,,,,,,,,,
2026-08-14T13:41:18.130,1786707678.130077,3.701314,1,3000,5.000000,657,3000,0x03,single,94.403022,2568,0.336996,173,0,No fault,,,,,,,,,
2026-08-14T13:41:18.135,1786707678.135374,3.706613,1,3000,5.000000,658,3000,0x03,single,95.039915,2613,0.366300,172,0,No fault,,,,,,,,,
2026-08-14T13:41:18.140,1786707678.140657,3.711891,1,3000,5.000000,659,3000,0x03,single,95.676809,2791,0.342857,173,0,No fault,,,,,,,,,
2026-08-14T13:41:18.145,1786707678.145931,3.717169,1,3000,5.000000,660,3000,0x03,single,96.291741,2657,0.307692,173,0,No fault,,,,,,,,,
2026-08-14T13:41:18.151,1786707678.151221,3.722455,1,3000,5.000000,661,3000,0x03,single,96.950596,2836,0.336996,173,0,No fault,,,,,,,,,
2026-08-14T13:41:18.156,1786707678.156492,3.727724,1,3000,5.000000,662,3000,0x03,single,97.587490,2791,0.366300,173,0,No fault,,,,,,,,,
2026-08-14T13:41:18.161,1786707678.161750,3.732980,1,3000,5.000000,663,3000,0x03,single,98.224384,2836,0.348718,172,0,No fault,,,,,,,,,
2026-08-14T13:41:18.167,1786707678.167018,3.738256,1,3000,5.000000,664,3000,0x03,single,98.839316,2479,0.325275,174,0,No fault,,,,,,,,,
2026-08-14T13:41:18.172,1786707678.172302,3.743535,1,3000,5.000000,665,3000,0x03,single,99.476209,2702,0.301832,176,0,No fault,,,,,,,,,
2026-08-14T13:41:18.177,1786707678.177573,3.748810,1,3000,5.000000,666,3000,0x03,single,100.135065,2791,0.319414,173,0,No fault,,,,,,,,,
2026-08-14T13:41:18.182,1786707678.182849,3.754084,1,3000,5.000000,667,3000,0x03,single,100.771959,2657,0.348718,172,0,No fault,,,,,,,,,
2026-08-14T13:41:18.188,1786707678.188125,3.759361,1,3000,5.000000,668,3000,0x03,single,101.408852,2568,0.325275,173,0,No fault,,,,,,,,,
2026-08-14T13:41:18.193,1786707678.193405,3.764640,1,3000,5.000000,669,3000,0x03,single,102.067708,2791,0.272527,173,0,No fault,,,,,,,,,
2026-08-14T13:41:18.198,1786707678.198723,3.769960,1,3000,5.000000,670,3000,0x03,single,102.704602,2702,0.319414,172,0,No fault,,,,,,,,,
2026-08-14T13:41:18.203,1786707678.203993,3.775228,1,3000,5.000000,671,3000,0x03,single,103.341495,2657,0.331136,172,0,No fault,,,,,,,,,
2026-08-14T13:41:18.209,1786707678.209270,3.780504,1,3000,5.000000,672,3000,0x03,single,103.978389,2613,0.342857,169,0,No fault,,,,,,,,,
2026-08-14T13:41:18.214,1786707678.214549,3.785783,1,3000,5.000000,673,3000,0x03,single,104.637245,2791,0.325275,173,0,No fault,,,,,,,,,
2026-08-14T13:41:18.219,1786707678.219821,3.791064,1,3000,5.000000,674,3000,0x03,single,105.274138,2702,0.254945,174,0,No fault,,,,,,,,,
2026-08-14T13:41:18.225,1786707678.225148,3.796379,1,3000,5.000000,675,3000,0x03,single,105.932994,2613,0.331136,173,0,No fault,,,,,,,,,
2026-08-14T13:41:18.230,1786707678.230407,3.801638,1,3000,5.000000,676,3000,0x03,single,106.591849,2657,0.360440,173,0,No fault,,,,,,,,,
2026-08-14T13:41:18.235,1786707678.235673,3.806905,1,3000,5.000000,677,3000,0x03,single,107.206781,2702,0.331136,172,0,No fault,,,,,,,,,
2026-08-14T13:41:18.241,1786707678.241611,3.812876,1,3000,5.000000,678,3000,0x03,single,107.843675,2657,0.301832,172,0,No fault,,,,,,,,,
2026-08-14T13:41:18.247,1786707678.247364,3.818682,1,3000,5.000000,679,3000,0x03,single,108.502531,2881,0.331136,173,0,No fault,,,,,,,,,
2026-08-14T13:41:18.253,1786707678.253146,3.824395,1,3000,5.000000,680,3000,0x03,single,109.864165,2523,0.378022,173,0,No fault,,,,,,,,,
2026-08-14T13:41:18.258,1786707678.258477,3.829721,1,3000,5.000000,681,3000,0x03,single,110.457135,2523,0.307692,172,0,No fault,,,,,,,,,
2026-08-14T13:41:18.263,1786707678.263792,3.835022,1,3000,5.000000,682,3000,0x03,single,111.115991,2881,0.331136,173,0,No fault,,,,,,,,,
2026-08-14T13:41:18.269,1786707678.269054,3.840293,1,3000,5.000000,683,3000,0x03,single,111.730923,2702,0.378022,174,0,No fault,,,,,,,,,
2026-08-14T13:41:18.274,1786707678.274323,3.845551,1,3000,5.000000,684,3000,0x03,single,112.345855,2434,0.366300,173,0,No fault,,,,,,,,,
2026-08-14T13:41:18.284,1786707678.284643,3.855871,1,3000,5.000000,685,3000,0x03,single,112.960787,2389,0.360440,173,0,No fault,,,,,,,,,
2026-08-14T13:41:18.289,1786707678.289978,3.861258,1,3000,5.000000,686,3000,0x03,single,114.564002,2836,0.354579,173,0,No fault,,,,,,,,,
2026-08-14T13:41:18.295,1786707678.295568,3.866893,1,3000,5.000000,687,3000,0x03,single,114.893430,2434,0.360440,173,0,No fault,,,,,,,,,
2026-08-14T13:41:18.301,1786707678.301302,3.872551,1,3000,5.000000,688,3000,0x03,single,115.552285,2434,0.366300,173,0,No fault,,,,,,,,,
2026-08-14T13:41:18.306,1786707678.306692,3.877922,1,3000,5.000000,689,3000,0x03,single,116.189179,2523,0.313553,174,0,No fault,,,,,,,,,
2026-08-14T13:41:18.311,1786707678.311966,3.883204,1,3000,5.000000,690,3000,0x03,single,116.826073,2702,0.284249,174,0,No fault,,,,,,,,,
2026-08-14T13:41:18.317,1786707678.317276,3.888515,1,3000,5.000000,691,3000,0x03,single,117.462966,2657,0.360440,171,0,No fault,,,,,,,,,
2026-08-14T13:41:18.322,1786707678.322635,3.893868,1,3000,5.000000,692,3000,0x03,single,118.121822,2791,0.360440,172,0,No fault,,,,,,,,,
2026-08-14T13:41:18.327,1786707678.327920,3.899157,1,3000,5.000000,693,3000,0x03,single,118.736754,2702,0.336996,173,0,No fault,,,,,,,,,
2026-08-14T13:41:18.336,1786707678.336246,3.907476,1,3000,5.000000,694,3000,0x03,single,120.010541,2479,0.313553,171,0,No fault,,,,,,,,,
2026-08-14T13:41:18.341,1786707678.341527,3.912761,1,3000,5.000000,695,3000,0x03,single,120.647435,2568,0.342857,173,0,No fault,,,,,,,,,
2026-08-14T13:41:18.346,1786707678.346811,3.918048,1,3000,5.000000,696,3000,0x03,single,121.284329,2657,0.360440,173,0,No fault,,,,,,,,,
2026-08-14T13:41:18.352,1786707678.352107,3.923343,1,3000,5.000000,697,3000,0x03,single,121.943184,2881,0.254945,171,0,No fault,,,,,,,,,
2026-08-14T13:41:18.357,1786707678.357399,3.928631,1,3000,5.000000,698,3000,0x03,single,122.580078,2747,0.290110,172,0,No fault,,,,,,,,,
2026-08-14T13:41:18.362,1786707678.362707,3.933941,1,3000,5.000000,699,3000,0x03,single,123.238933,2657,0.336996,173,0,No fault,,,,,,,,,
2026-08-14T13:41:18.367,1786707678.367990,3.939227,1,3000,5.000000,700,3000,0x03,single,123.897789,2702,0.307692,172,0,No fault,,,,,,,,,
2026-08-14T13:41:18.373,1786707678.373272,3.944509,1,3000,5.000000,701,3000,0x03,single,124.512721,2613,0.301832,172,0,No fault,,,,,,,,,
2026-08-14T13:41:18.378,1786707678.378765,3.950003,1,3000,5.000000,702,3000,0x03,single,125.193538,2791,0.237363,173,0,No fault,,,,,,,,,
2026-08-14T13:41:18.384,1786707678.384059,3.955289,1,3000,5.000000,703,3000,0x03,single,125.830432,2613,0.290110,173,0,No fault,,,,,,,,,
2026-08-14T13:41:18.389,1786707678.389332,3.960569,1,3000,5.000000,704,3000,0x03,single,126.489288,2657,0.336996,172,0,No fault,,,,,,,,,
2026-08-14T13:41:18.394,1786707678.394663,3.965900,1,3000,5.000000,705,3000,0x03,single,127.104219,2434,0.307692,173,0,No fault,,,,,,,,,
2026-08-14T13:41:18.399,1786707678.399948,3.971176,1,3000,5.000000,706,3000,0x03,single,127.763075,2568,0.272527,173,0,No fault,,,,,,,,,
2026-08-14T13:41:18.405,1786707678.405201,3.976430,1,3000,5.000000,707,3000,0x03,single,128.399969,2613,0.307692,173,0,No fault,,,,,,,,,
2026-08-14T13:41:18.410,1786707678.410467,3.981701,1,3000,5.000000,708,3000,0x03,single,129.058824,2568,0.331136,172,0,No fault,,,,,,,,,
2026-08-14T13:41:18.415,1786707678.415959,3.987193,1,3000,5.000000,709,3000,0x03,single,130.310650,2568,0.325275,171,0,No fault,,,,,,,,,
2026-08-14T13:41:18.421,1786707678.421386,3.992620,1,3000,5.000000,710,3000,0x03,single,130.969505,2836,0.278388,175,0,No fault,,,,,,,,,
2026-08-14T13:41:18.426,1786707678.426869,3.998112,1,3000,5.000000,711,3000,0x03,single,131.584437,2389,0.342857,172,0,No fault,,,,,,,,,
2026-08-14T13:41:18.432,1786707678.432175,4.003410,1,3000,5.000000,712,3000,0x03,single,132.243293,2568,0.378022,174,0,No fault,,,,,,,,,
2026-08-14T13:41:18.437,1786707678.437497,4.008728,1,3000,5.000000,713,3000,0x03,single,132.880186,2613,0.348718,176,0,No fault,,,,,,,,,
2026-08-14T13:41:18.442,1786707678.442769,4.014000,1,3000,5.000000,714,3000,0x03,single,133.495118,2434,0.284249,172,0,No fault,,,,,,,,,
2026-08-14T13:41:18.448,1786707678.448031,4.019264,1,3000,5.000000,715,3000,0x03,single,134.153974,2613,0.354579,172,0,No fault,,,,,,,,,
2026-08-14T13:41:18.453,1786707678.453297,4.024529,1,3000,5.000000,716,3000,0x03,single,134.790868,2479,0.348718,173,0,No fault,,,,,,,,,
2026-08-14T13:41:18.458,1786707678.458587,4.029824,1,3000,5.000000,717,3000,0x03,single,135.427761,2747,0.378022,172,0,No fault,,,,,,,,,
2026-08-14T13:41:18.463,1786707678.463861,4.035096,1,3000,5.000000,718,3000,0x03,single,136.042693,2523,0.366300,173,0,No fault,,,,,,,,,
2026-08-14T13:41:18.469,1786707678.469132,4.040360,1,3000,5.000000,719,3000,0x03,single,136.679587,2479,0.295971,172,0,No fault,,,,,,,,,
2026-08-14T13:41:18.474,1786707678.474394,4.045625,1,3000,5.000000,720,3000,0x03,single,137.338442,2747,0.336996,172,0,No fault,,,,,,,,,
2026-08-14T13:41:18.479,1786707678.479661,4.050891,1,3000,5.000000,721,3000,0x03,single,137.953374,2479,0.378022,171,0,No fault,,,,,,,,,
2026-08-14T13:41:18.495,1786707678.495118,4.066350,1,3000,5.000000,722,3000,0x03,single,140.500949,2523,0.319414,171,0,No fault,,,,,,,,,
2026-08-14T13:41:18.500,1786707678.500386,4.071619,1,3000,5.000000,723,3000,0x03,single,140.830377,2702,0.354579,173,0,No fault,,,,,,,,,
2026-08-14T13:41:18.505,1786707678.505638,4.076871,1,3000,5.000000,724,3000,0x03,single,141.181767,2479,0.354579,173,0,No fault,,,,,,,,,
2026-08-14T13:41:18.510,1786707678.510905,4.082136,1,3000,5.000000,725,3000,0x03,single,141.818660,2881,0.284249,171,0,No fault,,,,,,,,,
2026-08-14T13:41:18.516,1786707678.516173,4.087404,1,3000,5.000000,726,3000,0x03,single,142.455554,2479,0.249084,173,0,No fault,,,,,,,,,
2026-08-14T13:41:18.521,1786707678.521462,4.092695,1,3000,5.000000,727,3000,0x03,single,143.114410,2613,0.307692,173,0,No fault,,,,,,,,,
2026-08-14T13:41:18.526,1786707678.526725,4.097958,1,3000,5.000000,728,3000,0x03,single,143.773265,2836,0.325275,173,0,No fault,,,,,,,,,
2026-08-14T13:41:18.531,1786707678.531995,4.103228,1,3000,5.000000,729,3000,0x03,single,144.410159,2702,0.301832,173,0,No fault,,,,,,,,,
2026-08-14T13:41:18.537,1786707678.537258,4.108491,1,3000,5.000000,730,3000,0x03,single,145.069014,2568,0.243223,172,0,No fault,,,,,,,,,
2026-08-14T13:41:18.542,1786707678.542521,4.113748,1,3000,5.000000,731,3000,0x03,single,145.705908,2523,0.278388,173,0,No fault,,,,,,,,,
2026-08-14T13:41:18.547,1786707678.547760,4.118986,1,3000,5.000000,732,3000,0x03,single,146.364764,2389,0.307692,172,0,No fault,,,,,,,,,
2026-08-14T13:41:18.552,1786707678.552981,4.124207,1,3000,5.000000,733,3000,0x03,single,147.023619,2568,0.331136,173,0,No fault,,,,,,,,,
2026-08-14T13:41:18.558,1786707678.558205,4.129430,1,3000,5.000000,734,3000,0x03,single,147.660513,2657,0.284249,173,0,No fault,,,,,,,,,
2026-08-14T13:41:18.563,1786707678.563426,4.134651,1,3000,5.000000,735,3000,0x03,single,148.297407,2791,0.278388,172,0,No fault,,,,,,,,,
2026-08-14T13:41:18.568,1786707678.568677,4.139930,1,3000,5.000000,736,3000,0x03,single,148.956262,2836,0.331136,173,0,No fault,,,,,,,,,
2026-08-14T13:41:18.574,1786707678.574087,4.145322,1,3000,5.000000,737,3000,0x03,single,149.593156,2434,0.336996,172,0,No fault,,,,,,,,,
2026-08-14T13:41:18.579,1786707678.579438,4.150675,1,3000,5.000000,738,3000,0x03,single,150.866943,2523,0.301832,173,0,No fault,,,,,,,,,
2026-08-14T13:41:18.584,1786707678.584833,4.156064,1,3000,5.000000,739,3000,0x03,single,151.503837,2613,0.319414,172,0,No fault,,,,,,,,,
2026-08-14T13:41:18.590,1786707678.590098,4.161327,1,3000,5.000000,740,3000,0x03,single,152.140731,2479,0.354579,172,0,No fault,,,,,,,,,
2026-08-14T13:41:18.595,1786707678.595365,4.166596,1,3000,5.000000,741,3000,0x03,single,152.777625,2657,0.348718,172,0,No fault,,,,,,,,,
2026-08-14T13:41:18.600,1786707678.600636,4.171873,1,3000,5.000000,742,3000,0x03,single,153.414518,2389,0.290110,169,0,No fault,,,,,,,,,
2026-08-14T13:41:18.605,1786707678.605911,4.177146,1,3000,5.000000,743,3000,0x03,single,154.073374,2479,0.325275,173,0,No fault,,,,,,,,,
2026-08-14T13:41:18.611,1786707678.611191,4.182427,1,3000,5.000000,744,3000,0x03,single,154.710268,2702,0.354579,173,0,No fault,,,,,,,,,
2026-08-14T13:41:18.616,1786707678.616472,4.187702,1,3000,5.000000,745,3000,0x03,single,155.347161,2434,0.354579,173,0,No fault,,,,,,,,,
2026-08-14T13:41:18.621,1786707678.621730,4.192964,1,3000,5.000000,746,3000,0x03,single,155.962093,2389,0.372161,173,0,No fault,,,,,,,,,
2026-08-14T13:41:18.627,1786707678.627002,4.198234,1,3000,5.000000,747,3000,0x03,single,156.620949,2791,0.307692,173,0,No fault,,,,,,,,,
2026-08-14T13:41:18.632,1786707678.632279,4.203511,1,3000,5.000000,748,3000,0x03,single,157.257842,2881,0.348718,175,0,No fault,,,,,,,,,
2026-08-14T13:41:18.637,1786707678.637558,4.208792,1,3000,5.000000,749,3000,0x03,single,157.894736,2613,0.389744,171,0,No fault,,,,,,,,,
2026-08-14T13:41:18.642,1786707678.642838,4.214072,1,3000,5.000000,750,3000,0x03,single,158.531630,2568,0.342857,172,0,No fault,,,,,,,,,
2026-08-14T13:41:18.648,1786707678.648117,4.219349,1,3000,5.000000,751,3000,0x03,single,159.168524,2613,0.313553,172,0,No fault,,,,,,,,,
2026-08-14T13:41:18.653,1786707678.653385,4.224617,1,3000,5.000000,752,3000,0x03,single,159.805417,2479,0.331136,172,0,No fault,,,,,,,,,
2026-08-14T13:41:18.658,1786707678.658676,4.229911,1,3000,5.000000,753,3000,0x03,single,160.464273,2657,0.325275,172,0,No fault,,,,,,,,,
2026-08-14T13:41:18.663,1786707678.663950,4.235186,1,3000,5.000000,754,3000,0x03,single,161.101167,2479,0.336996,175,0,No fault,,,,,,,,,
2026-08-14T13:41:18.669,1786707678.669229,4.240460,1,3000,5.000000,755,3000,0x03,single,161.738060,2702,0.325275,172,0,No fault,,,,,,,,,
2026-08-14T13:41:18.674,1786707678.674506,4.245733,1,3000,5.000000,756,3000,0x03,single,162.396916,2747,0.266667,172,0,No fault,,,,,,,,,
2026-08-14T13:41:18.679,1786707678.679772,4.250999,1,3000,5.000000,757,3000,0x03,single,163.033810,2479,0.307692,170,0,No fault,,,,,,,,,
2026-08-14T13:41:18.685,1786707678.685031,4.256258,1,3000,5.000000,758,3000,0x03,single,163.692665,2791,0.331136,172,0,No fault,,,,,,,,,
2026-08-14T13:41:18.700,1786707678.700476,4.271706,1,3000,5.000000,759,3000,0x03,single,166.196316,2747,0.336996,172,0,No fault,,,,,,,,,
2026-08-14T13:41:18.705,1786707678.705738,4.276970,1,3000,5.000000,760,3000,0x03,single,166.525744,2747,0.342857,172,0,No fault,,,,,,,,,
2026-08-14T13:41:18.711,1786707678.711033,4.282268,1,3000,5.000000,761,3000,0x03,single,166.855172,2479,0.336996,170,0,No fault,,,,,,,,,
2026-08-14T13:41:18.716,1786707678.716321,4.287556,1,3000,5.000000,762,3000,0x03,single,167.492066,2657,0.354579,173,0,No fault,,,,,,,,,
2026-08-14T13:41:18.721,1786707678.721597,4.292834,1,3000,5.000000,763,3000,0x03,single,168.128959,2613,0.295971,173,0,No fault,,,,,,,,,
2026-08-14T13:41:18.727,1786707678.727031,4.298260,1,3000,5.000000,764,3000,0x03,single,169.424708,2568,0.395604,175,0,No fault,,,,,,,,,
2026-08-14T13:41:18.732,1786707678.732290,4.303519,1,3000,5.000000,765,3000,0x03,single,170.039640,2613,0.354579,178,0,No fault,,,,,,,,,
2026-08-14T13:41:18.737,1786707678.737591,4.308875,1,3000,5.000000,766,3000,0x03,single,170.676534,2434,0.307692,172,0,No fault,,,,,,,,,
2026-08-14T13:41:18.743,1786707678.743283,4.314632,1,3000,5.000000,767,3000,0x03,single,171.335390,2613,0.378022,173,0,No fault,,,,,,,,,
2026-08-14T13:41:18.749,1786707678.749118,4.320405,1,3000,5.000000,768,3000,0x03,single,171.994245,2702,0.348718,168,0,No fault,,,,,,,,,
2026-08-14T13:41:18.754,1786707678.754768,4.326021,1,3000,5.000000,769,3000,0x03,single,172.609177,2479,0.395604,172,0,No fault,,,,,,,,,
2026-08-14T13:41:18.760,1786707678.760107,4.331345,1,3000,5.000000,770,3000,0x03,single,173.224109,2568,0.342857,172,0,No fault,,,,,,,,,
2026-08-14T13:41:18.765,1786707678.765395,4.336630,1,3000,5.000000,771,3000,0x03,single,173.861003,2568,0.307692,171,0,No fault,,,,,,,,,
2026-08-14T13:41:18.770,1786707678.770721,4.341958,1,3000,5.000000,772,3000,0x03,single,174.519858,2702,0.354579,172,0,No fault,,,,,,,,,
2026-08-14T13:41:18.776,1786707678.776003,4.347243,1,3000,5.000000,773,3000,0x03,single,175.134790,2479,0.366300,172,0,No fault,,,,,,,,,
2026-08-14T13:41:18.781,1786707678.781296,4.352549,1,3000,5.000000,774,3000,0x03,single,175.771684,2568,0.354579,172,0,No fault,,,,,,,,,
2026-08-14T13:41:18.786,1786707678.786695,4.357933,1,3000,5.000000,775,3000,0x03,single,176.430539,2747,0.295971,170,0,No fault,,,,,,,,,
2026-08-14T13:41:18.791,1786707678.791986,4.363220,1,3000,5.000000,776,3000,0x03,single,177.067433,2613,0.342857,172,0,No fault,,,,,,,,,
2026-08-14T13:41:18.797,1786707678.797323,4.368628,1,3000,5.000000,777,3000,0x03,single,177.726289,2791,0.331136,172,0,No fault,,,,,,,,,
2026-08-14T13:41:18.802,1786707678.802968,4.374231,1,3000,5.000000,778,3000,0x03,single,178.363182,2657,0.354579,173,0,No fault,,,,,,,,,
2026-08-14T13:41:18.808,1786707678.808351,4.379587,1,3000,5.000000,779,3000,0x03,single,179.000076,2479,0.319414,173,0,No fault,,,,,,,,,
2026-08-14T13:41:18.813,1786707678.813646,4.384886,1,3000,5.000000,780,3000,0x03,single,179.636970,2523,0.290110,172,0,No fault,,,,,,,,,
2026-08-14T13:41:18.819,1786707678.819419,4.390686,1,3000,5.000000,781,3000,0x03,single,180.954681,2613,0.348718,172,0,No fault,,,,,,,,,
2026-08-14T13:41:18.825,1786707678.825138,4.396398,1,3000,5.000000,782,3000,0x03,single,181.569613,2345,0.313553,176,0,No fault,,,,,,,,,
2026-08-14T13:41:18.830,1786707678.830530,4.401773,1,3000,5.000000,783,3000,0x03,single,182.250430,2702,0.284249,171,0,No fault,,,,,,,,,
2026-08-14T13:41:18.836,1786707678.836003,4.407258,1,3000,5.000000,784,3000,0x03,single,182.887324,2747,0.301832,173,0,No fault,,,,,,,,,
2026-08-14T13:41:18.841,1786707678.841379,4.412617,1,3000,5.000000,785,3000,0x03,single,183.568141,2747,0.325275,173,0,No fault,,,,,,,,,
2026-08-14T13:41:18.846,1786707678.846773,4.418002,1,3000,5.000000,786,3000,0x03,single,184.205035,2613,0.325275,176,0,No fault,,,,,,,,,
2026-08-14T13:41:18.851,1786707678.851987,4.423215,1,3000,5.000000,787,3000,0x03,single,184.841929,2747,0.260806,172,0,No fault,,,,,,,,,
2026-08-14T13:41:18.857,1786707678.857216,4.428458,1,3000,5.000000,788,3000,0x03,single,185.478822,2613,0.295971,172,0,No fault,,,,,,,,,
2026-08-14T13:41:18.862,1786707678.862498,4.433729,1,3000,5.000000,789,3000,0x03,single,186.159640,2568,0.336996,172,0,No fault,,,,,,,,,
2026-08-14T13:41:18.867,1786707678.867707,4.438934,1,3000,5.000000,790,3000,0x03,single,186.796534,2791,0.319414,174,0,No fault,,,,,,,,,
2026-08-14T13:41:18.872,1786707678.872921,4.444156,1,3000,5.000000,791,3000,0x03,single,187.411465,2702,0.319414,172,0,No fault,,,,,,,,,
2026-08-14T13:41:18.878,1786707678.878213,4.449455,1,3000,5.000000,792,3000,0x03,single,188.048359,2702,0.272527,172,0,No fault,,,,,,,,,
2026-08-14T13:41:18.883,1786707678.883528,4.454762,1,3000,5.000000,793,3000,0x03,single,188.707215,2568,0.301832,173,0,No fault,,,,,,,,,
2026-08-14T13:41:18.888,1786707678.888806,4.460040,1,3000,5.000000,794,3000,0x03,single,189.344108,2523,0.372161,173,0,No fault,,,,,,,,,
2026-08-14T13:41:18.904,1786707678.904348,4.475598,1,3000,5.000000,795,3000,0x03,single,191.935607,2255,0.325275,170,0,No fault,,,,,,,,,
2026-08-14T13:41:18.909,1786707678.909698,4.480937,1,3000,5.000000,796,3000,0x03,single,192.265035,2434,0.378022,171,0,No fault,,,,,,,,,
2026-08-14T13:41:18.914,1786707678.914990,4.486221,1,3000,5.000000,797,3000,0x03,single,192.638386,2702,0.383883,174,0,No fault,,,,,,,,,
2026-08-14T13:41:18.920,1786707678.920343,4.491572,1,3000,5.000000,798,3000,0x03,single,193.253318,2523,0.336996,173,0,No fault,,,,,,,,,
2026-08-14T13:41:18.925,1786707678.925602,4.496832,1,3000,5.000000,799,3000,0x03,single,193.890212,2568,0.278388,174,0,No fault,,,,,,,,,
2026-08-14T13:41:18.930,1786707678.930860,4.502095,1,3000,5.000000,800,3000,0x03,single,194.549067,2747,0.366300,172,0,No fault,,,,,,,,,
2026-08-14T13:41:18.936,1786707678.936144,4.507378,1,3000,5.000000,801,3000,0x03,single,195.163999,2568,0.383883,173,0,No fault,,,,,,,,,
2026-08-14T13:41:18.941,1786707678.941427,4.512701,1,3000,5.000000,802,3000,0x03,single,195.778931,2345,0.360440,172,0,No fault,,,,,,,,,
2026-08-14T13:41:18.946,1786707678.946737,4.517971,1,3000,5.000000,803,3000,0x03,single,196.437787,2747,0.313553,173,0,No fault,,,,,,,,,
2026-08-14T13:41:18.952,1786707678.952013,4.523250,1,3000,5.000000,804,3000,0x03,single,197.052719,2434,0.342857,172,0,No fault,,,,,,,,,
2026-08-14T13:41:18.957,1786707678.957293,4.528525,1,3000,5.000000,805,3000,0x03,single,197.711574,2523,0.348718,171,0,No fault,,,,,,,,,
2026-08-14T13:41:18.962,1786707678.962604,4.533840,1,3000,5.000000,806,3000,0x03,single,198.348468,2613,0.360440,172,0,No fault,,,,,,,,,
2026-08-14T13:41:18.967,1786707678.967854,4.539100,1,3000,5.000000,807,3000,0x03,single,198.985362,2613,0.313553,174,0,No fault,,,,,,,,,
2026-08-14T13:41:18.973,1786707678.973310,4.544543,1,3000,5.000000,808,3000,0x03,single,200.281111,2523,0.325275,172,0,No fault,,,,,,,,,
2026-08-14T13:41:18.978,1786707678.978630,4.549866,1,3000,5.000000,809,3000,0x03,single,200.918004,2389,0.348718,173,0,No fault,,,,,,,,,
2026-08-14T13:41:18.984,1786707678.984062,4.555299,1,3000,5.000000,810,3000,0x03,single,201.554898,2389,0.313553,173,0,No fault,,,,,,,,,
2026-08-14T13:41:18.989,1786707678.989327,4.560555,1,3000,5.000000,811,3000,0x03,single,202.213754,2657,0.260806,173,0,No fault,,,,,,,,,
2026-08-14T13:41:18.994,1786707678.994616,4.565848,1,3000,5.000000,812,3000,0x03,single,202.850647,2523,0.313553,172,0,No fault,,,,,,,,,
2026-08-14T13:41:18.999,1786707678.999896,4.571131,1,3000,5.000000,813,3000,0x03,single,203.509503,2523,0.319414,172,0,No fault,,,,,,,,,
2026-08-14T13:41:19.005,1786707679.005162,4.576395,1,3000,5.000000,814,3000,0x03,single,204.146397,2479,0.336996,173,0,No fault,,,,,,,,,
2026-08-14T13:41:19.010,1786707679.010438,4.581671,1,3000,5.000000,815,3000,0x03,single,204.783290,2568,0.254945,173,0,No fault,,,,,,,,,
2026-08-14T13:41:19.015,1786707679.015702,4.586933,1,3000,5.000000,816,3000,0x03,single,205.442146,2836,0.284249,171,0,No fault,,,,,,,,,
2026-08-14T13:41:19.020,1786707679.020975,4.592212,1,3000,5.000000,817,3000,0x03,single,206.101002,2791,0.342857,172,0,No fault,,,,,,,,,
2026-08-14T13:41:19.026,1786707679.026251,4.597487,1,3000,5.000000,818,3000,0x03,single,206.759857,2881,0.325275,173,0,No fault,,,,,,,,,
2026-08-14T13:41:19.031,1786707679.031543,4.602792,1,3000,5.000000,819,3000,0x03,single,207.374789,2613,0.313553,174,0,No fault,,,,,,,,,
2026-08-14T13:41:19.036,1786707679.036904,4.608146,1,3000,5.000000,820,3000,0x03,single,208.033645,2791,0.266667,172,0,No fault,,,,,,,,,
2026-08-14T13:41:19.042,1786707679.042209,4.613452,1,3000,5.000000,821,3000,0x03,single,208.692500,2523,0.319414,172,0,No fault,,,,,,,,,
2026-08-14T13:41:19.047,1786707679.047508,4.618755,1,3000,5.000000,822,3000,0x03,single,209.329394,2568,0.354579,173,0,No fault,,,,,,,,,
2026-08-14T13:41:19.052,1786707679.052801,4.624041,1,3000,5.000000,823,3000,0x03,single,209.966288,2568,0.342857,171,0,No fault,,,,,,,,,
2026-08-14T13:41:19.058,1786707679.058170,4.629419,1,3000,5.000000,824,3000,0x03,single,210.603181,2657,0.290110,172,0,No fault,,,,,,,,,
2026-08-14T13:41:19.063,1786707679.063540,4.634778,1,3000,5.000000,825,3000,0x03,single,211.218113,2568,0.348718,173,0,No fault,,,,,,,,,
2026-08-14T13:41:19.068,1786707679.068854,4.640095,1,3000,5.000000,826,3000,0x03,single,211.876969,2434,0.342857,172,0,No fault,,,,,,,,,
2026-08-14T13:41:19.074,1786707679.074173,4.645419,1,3000,5.000000,827,3000,0x03,single,212.491901,2389,0.372161,173,0,No fault,,,,,,,,,
2026-08-14T13:41:19.079,1786707679.079633,4.650874,1,3000,5.000000,828,3000,0x03,single,213.150756,2791,0.348718,174,0,No fault,,,,,,,,,
2026-08-14T13:41:19.084,1786707679.084942,4.656175,1,3000,5.000000,829,3000,0x03,single,213.809612,2791,0.284249,172,0,No fault,,,,,,,,,
2026-08-14T13:41:19.090,1786707679.090218,4.661454,1,3000,5.000000,830,3000,0x03,single,214.424544,2747,0.378022,171,0,No fault,,,,,,,,,
2026-08-14T13:41:19.095,1786707679.095516,4.666754,1,3000,5.000000,831,3000,0x03,single,215.061437,2613,0.372161,171,0,No fault,,,,,,,,,
2026-08-14T13:41:19.111,1786707679.111706,4.682952,1,3000,5.000000,832,3000,0x03,single,217.696860,2657,0.354579,173,0,No fault,,,,,,,,,
2026-08-14T13:41:19.117,1786707679.117230,4.688469,1,3000,5.000000,833,3000,0x03,single,218.333753,2568,0.372161,174,0,No fault,,,,,,,,,
2026-08-14T13:41:19.122,1786707679.122671,4.693916,1,3000,5.000000,834,3000,0x03,single,218.970647,2300,0.342857,171,0,No fault,,,,,,,,,
2026-08-14T13:41:19.128,1786707679.128004,4.699246,1,3000,5.000000,835,3000,0x03,single,219.607541,2523,0.290110,173,0,No fault,,,,,,,,,
2026-08-14T13:41:19.133,1786707679.133316,4.704558,1,3000,5.000000,836,3000,0x03,single,220.266396,2613,0.325275,172,0,No fault,,,,,,,,,
2026-08-14T13:41:19.138,1786707679.138642,4.709877,1,3000,5.000000,837,3000,0x03,single,220.903290,2434,0.366300,173,0,No fault,,,,,,,,,
2026-08-14T13:41:19.143,1786707679.143936,4.715172,1,3000,5.000000,838,3000,0x03,single,221.540184,2657,0.325275,173,0,No fault,,,,,,,,,
2026-08-14T13:41:19.149,1786707679.149217,4.720452,1,3000,5.000000,839,3000,0x03,single,222.177077,2568,0.284249,173,0,No fault,,,,,,,,,
2026-08-14T13:41:19.154,1786707679.154506,4.725744,1,3000,5.000000,840,3000,0x03,single,222.835933,2881,0.307692,173,0,No fault,,,,,,,,,
2026-08-14T13:41:19.159,1786707679.159801,4.731034,1,3000,5.000000,841,3000,0x03,single,223.472827,2568,0.313553,171,0,No fault,,,,,,,,,
2026-08-14T13:41:19.165,1786707679.165072,4.736302,1,3000,5.000000,842,3000,0x03,single,224.109720,2523,0.348718,170,0,No fault,,,,,,,,,
2026-08-14T13:41:19.170,1786707679.170330,4.741564,1,3000,5.000000,843,3000,0x03,single,224.746614,2613,0.301832,174,0,No fault,,,,,,,,,
2026-08-14T13:41:19.175,1786707679.175611,4.746844,1,3000,5.000000,844,3000,0x03,single,225.405470,2836,0.266667,172,0,No fault,,,,,,,,,
2026-08-14T13:41:19.180,1786707679.180893,4.752125,1,3000,5.000000,845,3000,0x03,single,226.064325,2791,0.342857,172,0,No fault,,,,,,,,,
2026-08-14T13:41:19.186,1786707679.186161,4.757390,1,3000,5.000000,846,3000,0x03,single,226.701219,2747,0.325275,169,0,No fault,,,,,,,,,
2026-08-14T13:41:19.191,1786707679.191406,4.762635,1,3000,5.000000,847,3000,0x03,single,227.316151,2613,0.342857,171,0,No fault,,,,,,,,,
2026-08-14T13:41:19.196,1786707679.196651,4.767880,1,3000,5.000000,848,3000,0x03,single,227.953045,2479,0.319414,172,0,No fault,,,,,,,,,
2026-08-14T13:41:19.201,1786707679.201897,4.773123,1,3000,5.000000,849,3000,0x03,single,228.589938,2300,0.336996,173,0,No fault,,,,,,,,,
2026-08-14T13:41:19.207,1786707679.207139,4.778365,1,3000,5.000000,850,3000,0x03,single,229.248794,2568,0.360440,172,0,No fault,,,,,,,,,
2026-08-14T13:41:19.212,1786707679.212379,4.783605,1,3000,5.000000,851,3000,0x03,single,229.863726,2568,0.389744,172,0,No fault,,,,,,,,,
2026-08-14T13:41:19.217,1786707679.217622,4.788848,1,3000,5.000000,852,3000,0x03,single,230.478658,2345,0.301832,173,0,No fault,,,,,,,,,
2026-08-14T13:41:19.222,1786707679.222884,4.794128,1,3000,5.000000,853,3000,0x03,single,231.115551,2389,0.307692,172,0,No fault,,,,,,,,,
2026-08-14T13:41:19.228,1786707679.228209,4.799444,1,3000,5.000000,854,3000,0x03,single,231.774407,2702,0.366300,173,0,No fault,,,,,,,,,
2026-08-14T13:41:19.233,1786707679.233493,4.804726,1,3000,5.000000,855,3000,0x03,single,232.411300,2613,0.366300,173,0,No fault,,,,,,,,,
2026-08-14T13:41:19.238,1786707679.238756,4.809988,1,3000,5.000000,856,3000,0x03,single,233.026232,2657,0.378022,174,0,No fault,,,,,,,,,
2026-08-14T13:41:19.244,1786707679.244028,4.815258,1,3000,5.000000,857,3000,0x03,single,233.663126,2568,0.295971,173,0,No fault,,,,,,,,,
2026-08-14T13:41:19.249,1786707679.249402,4.820635,1,3000,5.000000,858,3000,0x03,single,234.321982,2836,0.336996,172,0,No fault,,,,,,,,,
2026-08-14T13:41:19.254,1786707679.254734,4.825960,1,3000,5.000000,859,3000,0x03,single,234.936913,2613,0.366300,172,0,No fault,,,,,,,,,
2026-08-14T13:41:19.260,1786707679.260092,4.831333,1,3000,5.000000,860,3000,0x03,single,236.210701,2702,0.313553,174,0,No fault,,,,,,,,,
2026-08-14T13:41:19.265,1786707679.265566,4.836801,1,3000,5.000000,861,3000,0x03,single,236.847595,2613,0.290110,172,0,No fault,,,,,,,,,
2026-08-14T13:41:19.270,1786707679.270848,4.842086,1,3000,5.000000,862,3000,0x03,single,237.506450,2747,0.372161,170,0,No fault,,,,,,,,,
2026-08-14T13:41:19.276,1786707679.276125,4.847358,1,3000,5.000000,863,3000,0x03,single,238.143344,2702,0.342857,171,0,No fault,,,,,,,,,
2026-08-14T13:41:19.281,1786707679.281398,4.852632,1,3000,5.000000,864,3000,0x03,single,238.758276,2568,0.336996,172,0,No fault,,,,,,,,,
2026-08-14T13:41:19.286,1786707679.286711,4.857939,1,3000,5.000000,865,3000,0x03,single,239.417131,2702,0.295971,172,0,No fault,,,,,,,,,
2026-08-14T13:41:19.291,1786707679.291967,4.863194,1,3000,5.000000,866,3000,0x03,single,240.075987,2881,0.295971,173,0,No fault,,,,,,,,,
2026-08-14T13:41:19.297,1786707679.297256,4.868508,1,3000,5.000000,867,3000,0x03,single,240.712881,2747,0.313553,171,0,No fault,,,,,,,,,
2026-08-14T13:41:19.313,1786707679.313347,4.884621,1,3000,5.000000,868,3000,0x03,single,241.349774,2568,0.348718,173,0,No fault,,,,,,,,,
2026-08-14T13:41:19.318,1786707679.318783,4.890031,1,3000,5.000000,869,3000,0x03,single,243.655769,2702,0.336996,172,0,No fault,,,,,,,,,
2026-08-14T13:41:19.324,1786707679.324113,4.895361,1,3000,5.000000,870,3000,0x03,single,244.007158,2881,0.313553,172,0,No fault,,,,,,,,,
2026-08-14T13:41:19.329,1786707679.329457,4.900696,1,3000,5.000000,871,3000,0x03,single,244.644052,2657,0.301832,172,0,No fault,,,,,,,,,
2026-08-14T13:41:19.334,1786707679.334753,4.906003,1,3000,5.000000,872,3000,0x03,single,245.280946,2434,0.260806,171,0,No fault,,,,,,,,,
2026-08-14T13:41:19.340,1786707679.340086,4.911329,1,3000,5.000000,873,3000,0x03,single,245.961763,2881,0.331136,173,0,No fault,,,,,,,,,
2026-08-14T13:41:19.345,1786707679.345359,4.916592,1,3000,5.000000,874,3000,0x03,single,246.576695,2523,0.342857,174,0,No fault,,,,,,,,,
2026-08-14T13:41:19.350,1786707679.350890,4.922133,1,3000,5.000000,875,3000,0x03,single,247.213589,2479,0.313553,170,0,No fault,,,,,,,,,
2026-08-14T13:41:19.356,1786707679.356198,4.927439,1,3000,5.000000,876,3000,0x03,single,247.850483,2613,0.290110,173,0,No fault,,,,,,,,,
2026-08-14T13:41:19.361,1786707679.361515,4.932755,1,3000,5.000000,877,3000,0x03,single,248.509338,2747,0.319414,173,0,No fault,,,,,,,,,
2026-08-14T13:41:19.366,1786707679.366808,4.938044,1,3000,5.000000,878,3000,0x03,single,249.146232,2702,0.336996,172,0,No fault,,,,,,,,,
2026-08-14T13:41:19.372,1786707679.372082,4.943312,1,3000,5.000000,879,3000,0x03,single,249.783126,2479,0.354579,173,0,No fault,,,,,,,,,
2026-08-14T13:41:19.377,1786707679.377349,4.948580,1,3000,5.000000,880,3000,0x03,single,250.420019,2702,0.319414,173,0,No fault,,,,,,,,,
2026-08-14T13:41:19.382,1786707679.382658,4.953897,1,3000,5.000000,881,3000,0x03,single,251.078875,2657,0.290110,173,0,No fault,,,,,,,,,
2026-08-14T13:41:19.388,1786707679.388012,4.959244,1,3000,5.000000,882,3000,0x03,single,251.715769,2613,0.366300,172,0,No fault,,,,,,,,,
2026-08-14T13:41:19.393,1786707679.393363,4.964608,1,3000,5.000000,883,3000,0x03,single,252.967594,2389,0.348718,174,0,No fault,,,,,,,,,
2026-08-14T13:41:19.398,1786707679.398988,4.970231,1,3000,5.000000,884,3000,0x03,single,253.626450,2836,0.307692,174,0,No fault,,,,,,,,,
2026-08-14T13:41:19.404,1786707679.404369,4.975601,1,3000,5.000000,885,3000,0x03,single,254.263343,2568,0.348718,174,0,No fault,,,,,,,,,
2026-08-14T13:41:19.409,1786707679.409611,4.980838,1,3000,5.000000,886,3000,0x03,single,254.900237,2613,0.348718,172,0,No fault,,,,,,,,,
2026-08-14T13:41:19.416,1786707679.416015,4.987244,1,3000,5.000000,887,3000,0x03,single,255.515169,2479,0.395604,173,0,No fault,,,,,,,,,
2026-08-14T13:41:19.421,1786707679.421246,4.992473,1,3000,5.000000,888,3000,0x03,single,256.152063,2568,0.331136,173,0,No fault,,,,,,,,,
2026-08-14T13:41:19.426,1786707679.426486,4.997721,1,3000,5.000000,889,3000,0x03,single,256.788956,2345,0.307692,169,0,No fault,,,,,,,,,
2026-08-14T13:41:19.431,1786707679.431749,5.002974,1,3000,5.000000,890,3000,0x03,single,257.425850,2300,0.354579,173,0,No fault,,,,,,,,,
2026-08-14T13:41:19.443,1786707679.443709,5.014946,2,0,0.800000,1,0,0x03,single,258.721599,2434,0.301832,172,0,No fault,,,,,,,,,
2026-08-14T13:41:19.448,1786707679.448998,5.020237,2,0,0.800000,2,0,0x03,single,259.292608,2568,0.272527,176,0,No fault,,,,,,,,,
2026-08-14T13:41:19.454,1786707679.454558,5.025796,2,0,0.800000,3,0,0x03,single,259.665959,558,-0.823443,172,0,No fault,,,,,,,,,
2026-08-14T13:41:19.459,1786707679.459945,5.031186,2,0,0.800000,4,0,0x03,single,259.643997,-335,-0.108425,171,0,No fault,,,,,,,,,
2026-08-14T13:41:19.465,1786707679.465247,5.036485,2,0,0.800000,5,0,0x03,single,259.600073,67,0.067399,173,0,No fault,,,,,,,,,
2026-08-14T13:41:19.470,1786707679.470529,5.041764,2,0,0.800000,6,0,0x03,single,259.556150,-290,0.137729,170,0,No fault,,,,,,,,,
2026-08-14T13:41:19.475,1786707679.475806,5.047050,2,0,0.800000,7,0,0x03,single,259.512226,-112,0.155311,172,0,No fault,,,,,,,,,
2026-08-14T13:41:19.481,1786707679.481164,5.052404,2,0,0.800000,8,0,0x03,single,259.512226,22,0.067399,170,0,No fault,,,,,,,,,
2026-08-14T13:41:19.486,1786707679.486456,5.057695,2,0,0.800000,9,0,0x03,single,259.512226,-22,0.008791,175,0,No fault,,,,,,,,,
2026-08-14T13:41:19.491,1786707679.491745,5.062984,2,0,0.800000,10,0,0x03,single,259.490264,-67,-0.002930,173,0,No fault,,,,,,,,,
2026-08-14T13:41:19.497,1786707679.497025,5.068262,2,0,0.800000,11,0,0x03,single,259.490264,-156,0.008791,173,0,No fault,,,,,,,,,
2026-08-14T13:41:19.502,1786707679.502296,5.073529,2,0,0.800000,12,0,0x03,single,259.490264,-112,0.032234,172,0,No fault,,,,,,,,,
2026-08-14T13:41:19.517,1786707679.517725,5.088959,2,0,0.800000,13,0,0x03,single,259.468302,-156,-0.002930,173,0,No fault,,,,,,,,,
2026-08-14T13:41:19.523,1786707679.523030,5.094271,2,0,0.800000,14,0,0x03,single,259.468302,67,-0.014652,172,0,No fault,,,,,,,,,
2026-08-14T13:41:19.528,1786707679.528322,5.099557,2,0,0.800000,15,0,0x03,single,259.446341,-201,-0.020513,173,0,No fault,,,,,,,,,
2026-08-14T13:41:19.533,1786707679.533588,5.104820,2,0,0.800000,16,0,0x03,single,259.446341,-67,-0.020513,172,0,No fault,,,,,,,,,
2026-08-14T13:41:19.538,1786707679.538851,5.110085,2,0,0.800000,17,0,0x03,single,259.446341,-112,-0.038095,172,0,No fault,,,,,,,,,
2026-08-14T13:41:19.544,1786707679.544112,5.115344,2,0,0.800000,18,0,0x03,single,259.468302,67,-0.043956,173,0,No fault,,,,,,,,,
2026-08-14T13:41:19.549,1786707679.549365,5.120595,2,0,0.800000,19,0,0x03,single,259.468302,112,-0.032234,173,0,No fault,,,,,,,,,
2026-08-14T13:41:19.554,1786707679.554641,5.125871,2,0,0.800000,20,0,0x03,single,259.446341,-112,-0.038095,173,0,No fault,,,,,,,,,
2026-08-14T13:41:19.559,1786707679.559894,5.131131,2,0,0.800000,21,0,0x03,single,259.468302,112,-0.026374,174,0,No fault,,,,,,,,,
2026-08-14T13:41:19.565,1786707679.565156,5.136391,2,0,0.800000,22,0,0x03,single,259.446341,112,-0.026374,172,0,No fault,,,,,,,,,
2026-08-14T13:41:19.570,1786707679.570436,5.141687,2,0,0.800000,23,0,0x03,single,259.446341,-22,-0.032234,172,0,No fault,,,,,,,,,
2026-08-14T13:41:19.575,1786707679.575778,5.147019,2,0,0.800000,24,0,0x03,single,259.446341,-156,-0.026374,173,0,No fault,,,,,,,,,
2026-08-14T13:41:19.581,1786707679.581064,5.152298,2,0,0.800000,25,0,0x03,single,259.446341,-22,-0.049817,172,0,No fault,,,,,,,,,
2026-08-14T13:41:19.586,1786707679.586325,5.157563,2,0,0.800000,26,0,0x03,single,259.446341,-22,-0.043956,173,0,No fault,,,,,,,,,
2026-08-14T13:41:19.591,1786707679.591594,5.162830,2,0,0.800000,27,0,0x03,single,259.446341,67,-0.026374,173,0,No fault,,,,,,,,,
2026-08-14T13:41:19.596,1786707679.596976,5.168207,2,0,0.800000,28,0,0x03,single,259.446341,-201,-0.032234,174,0,No fault,,,,,,,,,
2026-08-14T13:41:19.602,1786707679.602233,5.173465,2,0,0.800000,29,0,0x03,single,259.446341,156,-0.032234,172,0,No fault,,,,,,,,,
2026-08-14T13:41:19.607,1786707679.607650,5.178881,2,0,0.800000,30,0,0x03,single,259.446341,-67,-0.055678,172,0,No fault,,,,,,,,,
2026-08-14T13:41:19.612,1786707679.612898,5.184128,2,0,0.800000,31,0,0x03,single,259.446341,22,-0.038095,173,0,No fault,,,,,,,,,
2026-08-14T13:41:19.618,1786707679.618294,5.189536,2,0,0.800000,32,0,0x03,single,259.446341,-67,-0.043956,173,0,No fault,,,,,,,,,
2026-08-14T13:41:19.623,1786707679.623657,5.194896,2,0,0.800000,33,0,0x03,single,259.446341,22,-0.014652,174,0,No fault,,,,,,,,,
2026-08-14T13:41:19.628,1786707679.628970,5.200207,2,0,0.800000,34,0,0x03,single,259.446341,156,-0.026374,172,0,No fault,,,,,,,,,
2026-08-14T13:41:19.634,1786707679.634269,5.205509,2,0,0.800000,35,0,0x03,single,259.446341,112,-0.026374,172,0,No fault,,,,,,,,,
2026-08-14T13:41:19.639,1786707679.639560,5.210800,2,0,0.800000,36,0,0x03,single,259.446341,67,-0.043956,173,0,No fault,,,,,,,,,
2026-08-14T13:41:19.644,1786707679.644851,5.216090,2,0,0.800000,37,0,0x03,single,259.446341,-67,-0.055678,173,0,No fault,,,,,,,,,
2026-08-14T13:41:19.650,1786707679.650148,5.221387,2,0,0.800000,38,0,0x03,single,259.424379,-156,-0.038095,171,0,No fault,,,,,,,,,
2026-08-14T13:41:19.655,1786707679.655437,5.226674,2,0,0.800000,39,0,0x03,single,259.446341,-22,-0.061538,171,0,No fault,,,,,,,,,
2026-08-14T13:41:19.660,1786707679.660723,5.231956,2,0,0.800000,40,0,0x03,single,259.424379,-201,-0.043956,171,0,No fault,,,,,,,,,
2026-08-14T13:41:19.666,1786707679.666001,5.237236,2,0,0.800000,41,0,0x03,single,259.424379,-156,-0.043956,173,0,No fault,,,,,,,,,
2026-08-14T13:41:19.671,1786707679.671286,5.242522,2,0,0.800000,42,0,0x03,single,259.446341,22,-0.020513,173,0,No fault,,,,,,,,,
2026-08-14T13:41:19.676,1786707679.676568,5.247804,2,0,0.800000,43,0,0x03,single,259.424379,-112,-0.026374,173,0,No fault,,,,,,,,,
2026-08-14T13:41:19.681,1786707679.681856,5.253093,2,0,0.800000,44,0,0x03,single,259.424379,-67,-0.032234,172,0,No fault,,,,,,,,,
2026-08-14T13:41:19.687,1786707679.687146,5.258378,2,0,0.800000,45,0,0x03,single,259.424379,-156,-0.038095,172,0,No fault,,,,,,,,,
2026-08-14T13:41:19.692,1786707679.692422,5.263660,2,0,0.800000,46,0,0x03,single,259.424379,-246,-0.043956,172,0,No fault,,,,,,,,,
2026-08-14T13:41:19.697,1786707679.697697,5.268927,2,0,0.800000,47,0,0x03,single,259.424379,-112,-0.026374,173,0,No fault,,,,,,,,,
2026-08-14T13:41:19.702,1786707679.702963,5.274199,2,0,0.800000,48,0,0x03,single,259.446341,22,-0.055678,169,0,No fault,,,,,,,,,
2026-08-14T13:41:19.708,1786707679.708239,5.279472,2,0,0.800000,49,0,0x03,single,259.424379,-22,-0.043956,172,0,No fault,,,,,,,,,
2026-08-14T13:41:19.723,1786707679.723666,5.294902,2,0,0.800000,50,0,0x03,single,259.424379,-22,-0.038095,172,0,No fault,,,,,,,,,
2026-08-14T13:41:19.728,1786707679.728995,5.300239,2,0,0.800000,51,0,0x03,single,259.446341,67,-0.038095,173,0,No fault,,,,,,,,,
2026-08-14T13:41:19.734,1786707679.734318,5.305562,2,0,0.800000,52,0,0x03,single,259.446341,67,-0.032234,173,0,No fault,,,,,,,,,
2026-08-14T13:41:19.739,1786707679.739832,5.311071,2,0,0.800000,53,0,0x03,single,259.424379,-67,-0.043956,172,0,No fault,,,,,,,,,
2026-08-14T13:41:19.745,1786707679.745253,5.316484,2,0,0.800000,54,0,0x03,single,259.424379,67,-0.038095,173,0,No fault,,,,,,,,,
2026-08-14T13:41:19.750,1786707679.750520,5.321760,2,0,0.800000,55,0,0x03,single,259.424379,22,-0.020513,172,0,No fault,,,,,,,,,
2026-08-14T13:41:19.755,1786707679.755828,5.327066,2,0,0.800000,56,0,0x03,single,259.424379,22,-0.038095,171,0,No fault,,,,,,,,,
2026-08-14T13:41:19.761,1786707679.761109,5.332345,2,0,0.800000,57,0,0x03,single,259.424379,-22,-0.049817,173,0,No fault,,,,,,,,,
2026-08-14T13:41:19.766,1786707679.766723,5.338011,2,0,0.800000,58,0,0x03,single,259.424379,-112,-0.020513,172,0,No fault,,,,,,,,,
2026-08-14T13:41:19.772,1786707679.772214,5.343460,2,0,0.800000,59,0,0x03,single,259.424379,-112,-0.061538,173,0,No fault,,,,,,,,,
2026-08-14T13:41:19.777,1786707679.777656,5.348888,2,0,0.800000,60,0,0x03,single,259.424379,-67,-0.043956,173,0,No fault,,,,,,,,,
2026-08-14T13:41:19.782,1786707679.782910,5.354140,2,0,0.800000,61,0,0x03,single,259.424379,-156,-0.055678,174,0,No fault,,,,,,,,,
2026-08-14T13:41:19.788,1786707679.788160,5.359390,2,0,0.800000,62,0,0x03,single,259.424379,-112,-0.020513,173,0,No fault,,,,,,,,,
2026-08-14T13:41:19.793,1786707679.793421,5.364699,2,0,0.800000,63,0,0x03,single,259.424379,-67,-0.032234,172,0,No fault,,,,,,,,,
2026-08-14T13:41:19.798,1786707679.798724,5.369956,2,0,0.800000,64,0,0x03,single,259.424379,67,-0.038095,170,0,No fault,,,,,,,,,
2026-08-14T13:41:19.803,1786707679.803995,5.375241,2,0,0.800000,65,0,0x03,single,259.424379,-67,-0.043956,173,0,No fault,,,,,,,,,
2026-08-14T13:41:19.809,1786707679.809341,5.380587,2,0,0.800000,66,0,0x03,single,259.424379,-290,-0.061538,173,0,No fault,,,,,,,,,
2026-08-14T13:41:19.814,1786707679.814683,5.385919,2,0,0.800000,67,0,0x03,single,259.402417,-335,-0.055678,172,0,No fault,,,,,,,,,
2026-08-14T13:41:19.819,1786707679.819958,5.391189,2,0,0.800000,68,0,0x03,single,259.424379,-112,-0.020513,172,0,No fault,,,,,,,,,
2026-08-14T13:41:19.825,1786707679.825232,5.396472,2,0,0.800000,69,0,0x03,single,259.424379,-112,-0.055678,173,0,No fault,,,,,,,,,
2026-08-14T13:41:19.830,1786707679.830530,5.401768,2,0,0.800000,70,0,0x03,single,259.424379,-22,-0.049817,172,0,No fault,,,,,,,,,
2026-08-14T13:41:19.835,1786707679.835815,5.407048,2,0,0.800000,71,0,0x03,single,259.424379,156,-0.032234,172,0,No fault,,,,,,,,,
2026-08-14T13:41:19.841,1786707679.841083,5.412313,2,0,0.800000,72,0,0x03,single,259.424379,-22,-0.043956,173,0,No fault,,,,,,,,,
2026-08-14T13:41:19.846,1786707679.846350,5.417581,2,0,0.800000,73,0,0x03,single,259.424379,67,-0.055678,172,0,No fault,,,,,,,,,
2026-08-14T13:41:19.851,1786707679.851699,5.422936,2,0,0.800000,74,0,0x03,single,259.424379,-67,-0.026374,173,0,No fault,,,,,,,,,
2026-08-14T13:41:19.856,1786707679.856992,5.428238,2,0,0.800000,75,0,0x03,single,259.424379,22,-0.026374,168,0,No fault,,,,,,,,,
2026-08-14T13:41:19.862,1786707679.862466,5.433701,2,0,0.800000,76,0,0x03,single,259.424379,67,-0.049817,172,0,No fault,,,,,,,,,
2026-08-14T13:41:19.867,1786707679.867751,5.438981,2,0,0.800000,77,0,0x03,single,259.424379,-67,-0.032234,173,0,No fault,,,,,,,,,
2026-08-14T13:41:19.873,1786707679.873106,5.444335,2,0,0.800000,78,0,0x03,single,259.424379,67,-0.026374,171,0,No fault,,,,,,,,,
2026-08-14T13:41:19.878,1786707679.878333,5.449559,2,0,0.800000,79,0,0x03,single,259.424379,-67,-0.049817,171,0,No fault,,,,,,,,,
2026-08-14T13:41:19.883,1786707679.883578,5.454816,2,0,0.800000,80,0,0x03,single,259.424379,22,-0.043956,174,0,No fault,,,,,,,,,
2026-08-14T13:41:19.888,1786707679.888877,5.460114,2,0,0.800000,81,0,0x03,single,259.424379,67,-0.049817,172,0,No fault,,,,,,,,,
2026-08-14T13:41:19.894,1786707679.894163,5.465395,2,0,0.800000,82,0,0x03,single,259.424379,-67,-0.032234,173,0,No fault,,,,,,,,,
2026-08-14T13:41:19.899,1786707679.899433,5.470665,2,0,0.800000,83,0,0x03,single,259.424379,67,-0.043956,172,0,No fault,,,,,,,,,
2026-08-14T13:41:19.904,1786707679.904709,5.475942,2,0,0.800000,84,0,0x03,single,259.424379,-67,-0.043956,172,0,No fault,,,,,,,,,
2026-08-14T13:41:19.909,1786707679.909989,5.481219,2,0,0.800000,85,0,0x03,single,259.424379,-67,-0.032234,172,0,No fault,,,,,,,,,
2026-08-14T13:41:19.925,1786707679.925390,5.496618,2,0,0.800000,86,0,0x03,single,259.424379,-112,-0.061538,173,0,No fault,,,,,,,,,
2026-08-14T13:41:19.930,1786707679.930645,5.501881,2,0,0.800000,87,0,0x03,single,259.424379,67,-0.049817,172,0,No fault,,,,,,,,,
2026-08-14T13:41:19.935,1786707679.935922,5.507157,2,0,0.800000,88,0,0x03,single,259.402417,-156,-0.061538,175,0,No fault,,,,,,,,,
2026-08-14T13:41:19.941,1786707679.941190,5.512422,2,0,0.800000,89,0,0x03,single,259.424379,-22,-0.038095,173,0,No fault,,,,,,,,,
2026-08-14T13:41:19.946,1786707679.946455,5.517688,2,0,0.800000,90,0,0x03,single,259.424379,112,-0.055678,172,0,No fault,,,,,,,,,
2026-08-14T13:41:19.951,1786707679.951835,5.523062,2,0,0.800000,91,0,0x03,single,259.402417,-112,-0.043956,171,0,No fault,,,,,,,,,
2026-08-14T13:41:19.957,1786707679.957082,5.528308,2,0,0.800000,92,0,0x03,single,259.402417,-67,-0.043956,173,0,No fault,,,,,,,,,
2026-08-14T13:41:19.962,1786707679.962339,5.533564,2,0,0.800000,93,0,0x03,single,259.424379,112,-0.032234,172,0,No fault,,,,,,,,,
2026-08-14T13:41:19.967,1786707679.967589,5.538822,2,0,0.800000,94,0,0x03,single,259.402417,-156,-0.055678,173,0,No fault,,,,,,,,,
2026-08-14T13:41:19.972,1786707679.972867,5.544102,2,0,0.800000,95,0,0x03,single,259.424379,112,-0.032234,173,0,No fault,,,,,,,,,
2026-08-14T13:41:19.978,1786707679.978141,5.549376,2,0,0.800000,96,0,0x03,single,259.402417,-112,-0.038095,173,0,No fault,,,,,,,,,
2026-08-14T13:41:19.983,1786707679.983422,5.554656,2,0,0.800000,97,0,0x03,single,259.424379,22,-0.049817,172,0,No fault,,,,,,,,,
2026-08-14T13:41:19.988,1786707679.988694,5.559928,2,0,0.800000,98,0,0x03,single,259.402417,-156,-0.014652,173,0,No fault,,,,,,,,,
2026-08-14T13:41:19.993,1786707679.993964,5.565198,2,0,0.800000,99,0,0x03,single,259.402417,-112,-0.032234,172,0,No fault,,,,,,,,,
2026-08-14T13:41:19.999,1786707679.999236,5.570464,2,0,0.800000,100,0,0x03,single,259.402417,-22,-0.020513,171,0,No fault,,,,,,,,,
2026-08-14T13:41:20.004,1786707680.004494,5.575721,2,0,0.800000,101,0,0x03,single,259.402417,67,-0.026374,173,0,No fault,,,,,,,,,
2026-08-14T13:41:20.009,1786707680.009748,5.580977,2,0,0.800000,102,0,0x03,single,259.402417,-201,-0.055678,172,0,No fault,,,,,,,,,
2026-08-14T13:41:20.015,1786707680.015010,5.586242,2,0,0.800000,103,0,0x03,single,259.402417,112,-0.020513,171,0,No fault,,,,,,,,,
2026-08-14T13:41:20.020,1786707680.020290,5.591524,2,0,0.800000,104,0,0x03,single,259.380455,-290,-0.026374,172,0,No fault,,,,,,,,,
2026-08-14T13:41:20.025,1786707680.025569,5.596807,2,0,0.800000,105,0,0x03,single,259.402417,-67,-0.038095,172,0,No fault,,,,,,,,,
2026-08-14T13:41:20.030,1786707680.030916,5.602152,2,0,0.800000,106,0,0x03,single,259.402417,-112,-0.026374,173,0,No fault,,,,,,,,,
2026-08-14T13:41:20.036,1786707680.036253,5.607486,2,0,0.800000,107,0,0x03,single,259.402417,22,-0.038095,173,0,No fault,,,,,,,,,
2026-08-14T13:41:20.041,1786707680.041622,5.612852,2,0,0.800000,108,0,0x03,single,259.402417,-112,-0.032234,176,0,No fault,,,,,,,,,
2026-08-14T13:41:20.046,1786707680.046872,5.618101,2,0,0.800000,109,0,0x03,single,259.402417,-67,-0.026374,173,0,No fault,,,,,,,,,
2026-08-14T13:41:20.052,1786707680.052128,5.623360,2,0,0.800000,110,0,0x03,single,259.402417,-22,-0.032234,171,0,No fault,,,,,,,,,
2026-08-14T13:41:20.057,1786707680.057396,5.628632,2,0,0.800000,111,0,0x03,single,259.380455,-67,-0.026374,173,0,No fault,,,,,,,,,
2026-08-14T13:41:20.062,1786707680.062685,5.633914,2,0,0.800000,112,0,0x03,single,259.380455,-67,-0.026374,173,0,No fault,,,,,,,,,
2026-08-14T13:41:20.067,1786707680.067928,5.639157,2,0,0.800000,113,0,0x03,single,259.380455,22,-0.014652,173,0,No fault,,,,,,,,,
2026-08-14T13:41:20.073,1786707680.073197,5.644428,2,0,0.800000,114,0,0x03,single,259.380455,22,-0.026374,173,0,No fault,,,,,,,,,
2026-08-14T13:41:20.078,1786707680.078476,5.649708,2,0,0.800000,115,0,0x03,single,259.358493,-201,-0.020513,172,0,No fault,,,,,,,,,
2026-08-14T13:41:20.083,1786707680.083750,5.654982,2,0,0.800000,116,0,0x03,single,259.358493,-156,-0.008791,175,0,No fault,,,,,,,,,
2026-08-14T13:41:20.089,1786707680.089014,5.660240,2,0,0.800000,117,0,0x03,single,259.358493,156,0.020513,172,0,No fault,,,,,,,,,
2026-08-14T13:41:20.094,1786707680.094271,5.665498,2,0,0.800000,118,0,0x03,single,259.336531,-112,0.008791,173,0,No fault,,,,,,,,,
2026-08-14T13:41:20.099,1786707680.099534,5.670766,2,0,0.800000,119,0,0x03,single,259.336531,-22,-0.008791,170,0,No fault,,,,,,,,,
2026-08-14T13:41:20.104,1786707680.104800,5.676032,2,0,0.800000,120,0,0x03,single,259.336531,-22,0.008791,173,0,No fault,,,,,,,,,
2026-08-14T13:41:20.110,1786707680.110068,5.681300,2,0,0.800000,121,0,0x03,single,259.314569,22,0.032234,173,0,No fault,,,,,,,,,
2026-08-14T13:41:20.115,1786707680.115378,5.686611,2,0,0.800000,122,0,0x03,single,259.314569,-112,0.020513,172,0,No fault,,,,,,,,,
2026-08-14T13:41:20.125,1786707680.125738,5.696968,2,0,0.800000,123,0,0x03,single,259.314569,-67,-0.014652,173,0,No fault,,,,,,,,,
2026-08-14T13:41:20.131,1786707680.131003,5.702242,2,0,0.800000,124,0,0x03,single,259.292608,22,-0.014652,172,0,No fault,,,,,,,,,
2026-08-14T13:41:20.136,1786707680.136285,5.707517,2,0,0.800000,125,0,0x03,single,259.270646,-290,-0.014652,175,0,No fault,,,,,,,,,
2026-08-14T13:41:20.141,1786707680.141544,5.712772,2,0,0.800000,126,0,0x03,single,259.292608,-67,-0.032234,172,0,No fault,,,,,,,,,
2026-08-14T13:41:20.146,1786707680.146802,5.718035,2,0,0.800000,127,0,0x03,single,259.292608,-67,-0.038095,173,0,No fault,,,,,,,,,
2026-08-14T13:41:20.152,1786707680.152092,5.723327,2,0,0.800000,128,0,0x03,single,259.292608,22,-0.055678,172,0,No fault,,,,,,,,,
2026-08-14T13:41:20.157,1786707680.157370,5.728598,2,0,0.800000,129,0,0x03,single,259.292608,22,-0.026374,173,0,No fault,,,,,,,,,
2026-08-14T13:41:20.162,1786707680.162663,5.733892,2,0,0.800000,130,0,0x03,single,259.270646,-112,-0.038095,172,0,No fault,,,,,,,,,
2026-08-14T13:41:20.167,1786707680.167931,5.739167,2,0,0.800000,131,0,0x03,single,259.292608,-67,-0.049817,173,0,No fault,,,,,,,,,
2026-08-14T13:41:20.173,1786707680.173207,5.744443,2,0,0.800000,132,0,0x03,single,259.292608,22,-0.026374,172,0,No fault,,,,,,,,,
2026-08-14T13:41:20.178,1786707680.178483,5.749714,2,0,0.800000,133,0,0x03,single,259.270646,-201,-0.061538,169,0,No fault,,,,,,,,,
2026-08-14T13:41:20.183,1786707680.183739,5.754965,2,0,0.800000,134,0,0x03,single,259.292608,67,-0.020513,173,0,No fault,,,,,,,,,
2026-08-14T13:41:20.188,1786707680.188995,5.760220,2,0,0.800000,135,0,0x03,single,259.270646,-112,-0.032234,172,0,No fault,,,,,,,,,
2026-08-14T13:41:20.194,1786707680.194251,5.765477,2,0,0.800000,136,0,0x03,single,259.270646,-22,-0.043956,172,0,No fault,,,,,,,,,
2026-08-14T13:41:20.199,1786707680.199509,5.770744,2,0,0.800000,137,0,0x03,single,259.270646,67,-0.026374,172,0,No fault,,,,,,,,,
2026-08-14T13:41:20.204,1786707680.204779,5.776007,2,0,0.800000,138,0,0x03,single,259.270646,-112,-0.032234,171,0,No fault,,,,,,,,,
2026-08-14T13:41:20.210,1786707680.210024,5.781250,2,0,0.800000,139,0,0x03,single,259.270646,-67,-0.049817,173,0,No fault,,,,,,,,,
2026-08-14T13:41:20.215,1786707680.215263,5.786489,2,0,0.800000,140,0,0x03,single,259.270646,-67,-0.038095,173,0,No fault,,,,,,,,,
2026-08-14T13:41:20.220,1786707680.220504,5.791730,2,0,0.800000,141,0,0x03,single,259.292608,156,-0.049817,172,0,No fault,,,,,,,,,
2026-08-14T13:41:20.225,1786707680.225765,5.797003,2,0,0.800000,142,0,0x03,single,259.292608,112,-0.026374,173,0,No fault,,,,,,,,,
2026-08-14T13:41:20.231,1786707680.231049,5.802287,2,0,0.800000,143,0,0x03,single,259.270646,-156,-0.038095,175,0,No fault,,,,,,,,,
2026-08-14T13:41:20.236,1786707680.236339,5.807575,2,0,0.800000,144,0,0x03,single,259.270646,22,-0.026374,172,0,No fault,,,,,,,,,
2026-08-14T13:41:20.251,1786707680.251491,5.822738,3,-3000,5.000000,1,-3000,0x03,single,259.270646,67,-0.038095,173,0,No fault,,,,,,,,,
2026-08-14T13:41:20.256,1786707680.256841,5.828080,3,-3000,5.000000,2,-3000,0x03,single,259.270646,-112,-0.038095,173,0,No fault,,,,,,,,,
2026-08-14T13:41:20.262,1786707680.262150,5.833387,3,-3000,5.000000,3,-3000,0x03,single,259.270646,-67,-0.067399,172,0,No fault,,,,,,,,,
2026-08-14T13:41:20.267,1786707680.267438,5.838674,3,-3000,5.000000,4,-3000,0x03,single,259.248684,-380,-1.134066,174,0,No fault,,,,,,,,,
2026-08-14T13:41:20.272,1786707680.272710,5.843942,3,-3000,5.000000,5,-3000,0x03,single,258.875332,-1809,-0.805861,172,0,No fault,,,,,,,,,
2026-08-14T13:41:20.277,1786707680.277965,5.849198,3,-3000,5.000000,6,-3000,0x03,single,258.238439,-2657,-0.301832,172,0,No fault,,,,,,,,,
2026-08-14T13:41:20.283,1786707680.283242,5.854478,3,-3000,5.000000,7,-3000,0x03,single,257.491736,-3104,-0.096703,172,0,No fault,,,,,,,,,
2026-08-14T13:41:20.288,1786707680.288524,5.859760,3,-3000,5.000000,8,-3000,0x03,single,256.723071,-3283,-0.067399,172,0,No fault,,,,,,,,,
2026-08-14T13:41:20.293,1786707680.293873,5.865103,3,-3000,5.000000,9,-3000,0x03,single,255.998330,-2925,-0.014652,172,0,No fault,,,,,,,,,
2026-08-14T13:41:20.299,1786707680.299139,5.870368,3,-3000,5.000000,10,-3000,0x03,single,255.229665,-2970,0.049817,171,0,No fault,,,,,,,,,
2026-08-14T13:41:20.304,1786707680.304405,5.875641,3,-3000,5.000000,11,-3000,0x03,single,254.504924,-3015,0.008791,173,0,No fault,,,,,,,,,
2026-08-14T13:41:20.309,1786707680.309786,5.881039,3,-3000,5.000000,12,-3000,0x03,single,253.802144,-2613,-0.038095,172,0,No fault,,,,,,,,,
2026-08-14T13:41:20.315,1786707680.315336,5.886572,3,-3000,5.000000,13,-3000,0x03,single,252.330700,-2881,-0.008791,172,0,No fault,,,,,,,,,
2026-08-14T13:41:20.336,1786707680.336293,5.907544,3,-3000,5.000000,14,-3000,0x03,single,250.859256,-2925,-0.043956,172,0,No fault,,,,,,,,,
2026-08-14T13:41:20.341,1786707680.341661,5.912908,3,-3000,5.000000,15,-3000,0x03,single,250.112553,-3104,-0.026374,172,0,No fault,,,,,,,,,
2026-08-14T13:41:20.346,1786707680.346994,5.918236,3,-3000,5.000000,16,-3000,0x03,single,247.696750,-3059,-0.026374,170,0,No fault,,,,,,,,,
2026-08-14T13:41:20.352,1786707680.352297,5.923526,3,-3000,5.000000,17,-3000,0x03,single,247.323398,-3015,-0.026374,172,0,No fault,,,,,,,,,
2026-08-14T13:41:20.357,1786707680.357849,5.929084,3,-3000,5.000000,18,-3000,0x03,single,246.225306,-3104,0.008791,171,0,No fault,,,,,,,,,
2026-08-14T13:41:20.363,1786707680.363125,5.934364,3,-3000,5.000000,19,-3000,0x03,single,245.500564,-2836,-0.032234,176,0,No fault,,,,,,,,,
2026-08-14T13:41:20.368,1786707680.368499,5.939758,3,-3000,5.000000,20,-3000,0x03,single,244.753861,-2791,-0.014652,172,0,No fault,,,,,,,,,
2026-08-14T13:41:20.374,1786707680.374155,5.945402,3,-3000,5.000000,21,-3000,0x03,single,244.007158,-3104,0.008791,173,0,No fault,,,,,,,,,
2026-08-14T13:41:20.379,1786707680.379488,5.950733,3,-3000,5.000000,22,-3000,0x03,single,243.260455,-2925,0.055678,174,0,No fault,,,,,,,,,
2026-08-14T13:41:20.386,1786707680.386262,5.957506,3,-3000,5.000000,23,-3000,0x03,single,242.513752,-2881,-0.008791,170,0,No fault,,,,,,,,,
2026-08-14T13:41:20.391,1786707680.391560,5.962793,3,-3000,5.000000,24,-3000,0x03,single,241.745088,-3149,-0.008791,173,0,No fault,,,,,,,,,
2026-08-14T13:41:20.396,1786707680.396797,5.968031,3,-3000,5.000000,25,-3000,0x03,single,241.042308,-3059,0.026374,173,0,No fault,,,,,,,,,
2026-08-14T13:41:20.402,1786707680.402031,5.973264,3,-3000,5.000000,26,-3000,0x03,single,240.295605,-3193,0.002930,171,0,No fault,,,,,,,,,
2026-08-14T13:41:20.407,1786707680.407349,5.978580,3,-3000,5.000000,27,-3000,0x03,single,239.592826,-2970,-0.049817,176,0,No fault,,,,,,,,,
2026-08-14T13:41:20.412,1786707680.412570,5.983800,3,-3000,5.000000,28,-3000,0x03,single,238.868085,-3059,-0.043956,172,0,No fault,,,,,,,,,
2026-08-14T13:41:20.417,1786707680.417883,5.989127,3,-3000,5.000000,29,-3000,0x03,single,238.143344,-2925,0.014652,173,0,No fault,,,,,,,,,
2026-08-14T13:41:20.423,1786707680.423236,5.994482,3,-3000,5.000000,30,-3000,0x03,single,237.418603,-2925,-0.002930,173,0,No fault,,,,,,,,,
2026-08-14T13:41:20.428,1786707680.428603,5.999863,3,-3000,5.000000,31,-3000,0x03,single,236.693862,-3283,-0.043956,173,0,No fault,,,,,,,,,
2026-08-14T13:41:20.435,1786707680.435070,6.006321,3,-3000,5.000000,32,-3000,0x03,single,235.266341,-2791,-0.014652,173,0,No fault,,,,,,,,,
2026-08-14T13:41:20.440,1786707680.440511,6.011752,3,-3000,5.000000,33,-3000,0x03,single,234.519638,-3059,-0.020513,171,0,No fault,,,,,,,,,
2026-08-14T13:41:20.446,1786707680.446034,6.017274,3,-3000,5.000000,34,-3000,0x03,single,233.707050,-2791,-0.067399,173,0,No fault,,,,,,,,,
2026-08-14T13:41:20.451,1786707680.451297,6.022529,3,-3000,5.000000,35,-3000,0x03,single,232.982309,-3015,-0.043956,170,0,No fault,,,,,,,,,
2026-08-14T13:41:20.456,1786707680.456521,6.027750,3,-3000,5.000000,36,-3000,0x03,single,232.257568,-3059,-0.002930,173,0,No fault,,,,,,,,,
2026-08-14T13:41:20.461,1786707680.461720,6.032950,3,-3000,5.000000,37,-3000,0x03,single,231.532826,-3104,-0.020513,173,0,No fault,,,,,,,,,
2026-08-14T13:41:20.467,1786707680.467008,6.038245,3,-3000,5.000000,38,-3000,0x03,single,230.808085,-3193,-0.073260,173,0,No fault,,,,,,,,,
2026-08-14T13:41:20.472,1786707680.472270,6.043506,3,-3000,5.000000,39,-3000,0x03,single,230.105306,-3015,-0.061538,173,0,No fault,,,,,,,,,
2026-08-14T13:41:20.477,1786707680.477490,6.048727,3,-3000,5.000000,40,-3000,0x03,single,229.380565,-2925,0.008791,172,0,No fault,,,,,,,,,
2026-08-14T13:41:20.482,1786707680.482746,6.053982,3,-3000,5.000000,41,-3000,0x03,single,228.633862,-3104,-0.002930,170,0,No fault,,,,,,,,,
2026-08-14T13:41:20.487,1786707680.487983,6.059217,3,-3000,5.000000,42,-3000,0x03,single,227.887159,-3104,-0.038095,173,0,No fault,,,,,,,,,
2026-08-14T13:41:20.493,1786707680.493233,6.064469,3,-3000,5.000000,43,-3000,0x03,single,227.162418,-3015,-0.002930,173,0,No fault,,,,,,,,,
2026-08-14T13:41:20.498,1786707680.498499,6.069740,3,-3000,5.000000,44,-3000,0x03,single,226.415715,-3238,0.055678,171,0,No fault,,,,,,,,,
2026-08-14T13:41:20.505,1786707680.505877,6.077123,3,-3000,5.000000,45,-3000,0x03,single,225.690974,-3059,0.020513,172,0,No fault,,,,,,,,,
2026-08-14T13:41:20.511,1786707680.511287,6.082516,3,-3000,5.000000,46,-3000,0x03,single,224.219530,-3059,0.008791,173,0,No fault,,,,,,,,,
2026-08-14T13:41:20.516,1786707680.516501,6.087725,3,-3000,5.000000,47,-3000,0x03,single,223.450865,-3193,0.043956,172,0,No fault,,,,,,,,,
2026-08-14T13:41:20.532,1786707680.532050,6.103327,3,-3000,5.000000,48,-3000,0x03,single,222.748086,-3104,0.002930,171,0,No fault,,,,,,,,,
2026-08-14T13:41:20.537,1786707680.537621,6.108879,3,-3000,5.000000,49,-3000,0x03,single,221.298603,-3149,0.002930,173,0,No fault,,,,,,,,,
2026-08-14T13:41:20.543,1786707680.543083,6.114343,3,-3000,5.000000,50,-3000,0x03,single,219.212227,-3104,-0.067399,170,0,No fault,,,,,,,,,
2026-08-14T13:41:20.548,1786707680.548528,6.119777,3,-3000,5.000000,51,-3000,0x03,single,218.860838,-2881,-0.049817,172,0,No fault,,,,,,,,,
2026-08-14T13:41:20.553,1786707680.553883,6.125115,3,-3000,5.000000,52,-3000,0x03,single,218.465524,-2747,-0.020513,175,0,No fault,,,,,,,,,
2026-08-14T13:41:20.559,1786707680.559151,6.130381,3,-3000,5.000000,53,-3000,0x03,single,217.718821,-3059,0.026374,171,0,No fault,,,,,,,,,
2026-08-14T13:41:20.564,1786707680.564390,6.135620,3,-3000,5.000000,54,-3000,0x03,single,216.972118,-3283,-0.032234,172,0,No fault,,,,,,,,,
2026-08-14T13:41:20.569,1786707680.569742,6.140971,3,-3000,5.000000,55,-3000,0x03,single,216.247377,-2925,-0.055678,175,0,No fault,,,,,,,,,
2026-08-14T13:41:20.575,1786707680.575115,6.146348,3,-3000,5.000000,56,-3000,0x03,single,215.522636,-3104,-0.026374,171,0,No fault,,,,,,,,,
2026-08-14T13:41:20.580,1786707680.580520,6.151753,3,-3000,5.000000,57,-3000,0x03,single,214.797895,-2970,0.020513,174,0,No fault,,,,,,,,,
2026-08-14T13:41:20.585,1786707680.585787,6.157025,3,-3000,5.000000,58,-3000,0x03,single,214.051192,-3149,-0.049817,173,0,No fault,,,,,,,,,
2026-08-14T13:41:20.591,1786707680.591073,6.162312,3,-3000,5.000000,59,-3000,0x03,single,213.326451,-3059,-0.032234,172,0,No fault,,,,,,,,,
2026-08-14T13:41:20.596,1786707680.596357,6.167589,3,-3000,5.000000,60,-3000,0x03,single,212.601710,-3059,-0.014652,173,0,No fault,,,,,,,,,
2026-08-14T13:41:20.601,1786707680.601627,6.172861,3,-3000,5.000000,61,-3000,0x03,single,211.876969,-2925,0.020513,167,0,No fault,,,,,,,,,
2026-08-14T13:41:20.606,1786707680.606875,6.178103,3,-3000,5.000000,62,-3000,0x03,single,211.152228,-2791,-0.032234,172,0,No fault,,,,,,,,,
2026-08-14T13:41:20.612,1786707680.612102,6.183329,3,-3000,5.000000,63,-3000,0x03,single,210.427486,-2970,-0.032234,169,0,No fault,,,,,,,,,
2026-08-14T13:41:20.617,1786707680.617327,6.188559,3,-3000,5.000000,64,-3000,0x03,single,209.680784,-2970,0.014652,172,0,No fault,,,,,,,,,
2026-08-14T13:41:20.622,1786707680.622667,6.193899,3,-3000,5.000000,65,-3000,0x03,single,208.934081,-3149,0.038095,174,0,No fault,,,,,,,,,
2026-08-14T13:41:20.628,1786707680.628178,6.199414,3,-3000,5.000000,66,-3000,0x03,single,208.209339,-3015,-0.008791,172,0,No fault,,,,,,,,,
2026-08-14T13:41:20.633,1786707680.633687,6.204922,3,-3000,5.000000,67,-3000,0x03,single,206.715933,-3015,0.038095,173,0,No fault,,,,,,,,,
2026-08-14T13:41:20.639,1786707680.639052,6.210284,3,-3000,5.000000,68,-3000,0x03,single,205.969230,-2970,0.049817,171,0,No fault,,,,,,,,,
2026-08-14T13:41:20.644,1786707680.644412,6.215638,3,-3000,5.000000,69,-3000,0x03,single,205.244489,-2970,0.002930,172,0,No fault,,,,,,,,,
2026-08-14T13:41:20.649,1786707680.649743,6.220983,3,-3000,5.000000,70,-3000,0x03,single,204.497786,-2925,0.008791,172,0,No fault,,,,,,,,,
2026-08-14T13:41:20.655,1786707680.655324,6.226590,3,-3000,5.000000,71,-3000,0x03,single,203.773045,-2791,0.067399,176,0,No fault,,,,,,,,,
2026-08-14T13:41:20.661,1786707680.661296,6.232551,3,-3000,5.000000,72,-3000,0x03,single,203.026342,-3149,0.038095,170,0,No fault,,,,,,,,,
2026-08-14T13:41:20.666,1786707680.666788,6.238049,3,-3000,5.000000,73,-3000,0x03,single,202.279639,-3104,-0.002930,172,0,No fault,,,,,,,,,
2026-08-14T13:41:20.675,1786707680.675731,6.247025,3,-3000,5.000000,74,-3000,0x03,single,201.532936,-2970,-0.002930,168,0,No fault,,,,,,,,,
2026-08-14T13:41:20.682,1786707680.682177,6.253445,3,-3000,5.000000,75,-3000,0x03,single,200.083454,-2970,-0.008791,174,0,No fault,,,,,,,,,
2026-08-14T13:41:20.687,1786707680.687648,6.258879,3,-3000,5.000000,76,-3000,0x03,single,199.336751,-3059,-0.055678,173,0,No fault,,,,,,,,,
2026-08-14T13:41:20.692,1786707680.692928,6.264158,3,-3000,5.000000,77,-3000,0x03,single,198.436315,-2747,-0.032234,170,0,No fault,,,,,,,,,
2026-08-14T13:41:20.698,1786707680.698547,6.269784,3,-3000,5.000000,78,-3000,0x03,single,197.887269,-2970,0.002930,171,0,No fault,,,,,,,,,
2026-08-14T13:41:20.703,1786707680.703868,6.275118,3,-3000,5.000000,79,-3000,0x03,single,197.162528,-3149,-0.020513,172,0,No fault,,,,,,,,,
2026-08-14T13:41:20.709,1786707680.709190,6.280427,3,-3000,5.000000,80,-3000,0x03,single,196.437787,-3149,-0.073260,172,0,No fault,,,,,,,,,
2026-08-14T13:41:20.714,1786707680.714467,6.285703,3,-3000,5.000000,81,-3000,0x03,single,195.735007,-2836,-0.038095,173,0,No fault,,,,,,,,,
2026-08-14T13:41:20.719,1786707680.719756,6.291000,3,-3000,5.000000,82,-3000,0x03,single,195.010266,-2970,0.002930,172,0,No fault,,,,,,,,,
2026-08-14T13:41:20.725,1786707680.725391,6.296624,3,-3000,5.000000,83,-3000,0x03,single,194.285525,-2925,-0.020513,173,0,No fault,,,,,,,,,
2026-08-14T13:41:20.735,1786707680.735925,6.307167,3,-3000,5.000000,84,-3000,0x03,single,193.560784,-2836,-0.067399,173,0,No fault,,,,,,,,,
2026-08-14T13:41:20.741,1786707680.741267,6.312513,3,-3000,5.000000,85,-3000,0x03,single,192.067378,-3104,0.032234,172,0,No fault,,,,,,,,,
2026-08-14T13:41:20.746,1786707680.746661,6.317896,3,-3000,5.000000,86,-3000,0x03,single,189.805307,-3104,-0.014652,175,0,No fault,,,,,,,,,
2026-08-14T13:41:20.751,1786707680.751912,6.323144,3,-3000,5.000000,87,-3000,0x03,single,189.453918,-3015,0.026374,173,0,No fault,,,,,,,,,
2026-08-14T13:41:20.757,1786707680.757150,6.328393,3,-3000,5.000000,88,-3000,0x03,single,189.058604,-2836,0.038095,172,0,No fault,,,,,,,,,
2026-08-14T13:41:20.762,1786707680.762445,6.333695,3,-3000,5.000000,89,-3000,0x03,single,188.311901,-2970,-0.026374,172,0,No fault,,,,,,,,,
2026-08-14T13:41:20.767,1786707680.767761,6.338997,3,-3000,5.000000,90,-3000,0x03,single,187.587160,-3015,-0.020513,172,0,No fault,,,,,,,,,
2026-08-14T13:41:20.773,1786707680.773040,6.344274,3,-3000,5.000000,91,-3000,0x03,single,186.840457,-3193,0.008791,174,0,No fault,,,,,,,,,
2026-08-14T13:41:20.778,1786707680.778311,6.349542,3,-3000,5.000000,92,-3000,0x03,single,186.093754,-3104,0.032234,172,0,No fault,,,,,,,,,
2026-08-14T13:41:20.783,1786707680.783616,6.354864,3,-3000,5.000000,93,-3000,0x03,single,185.390975,-3059,-0.014652,172,0,No fault,,,,,,,,,
2026-08-14T13:41:20.789,1786707680.789006,6.360260,3,-3000,5.000000,94,-3000,0x03,single,184.644272,-3059,-0.008791,172,0,No fault,,,,,,,,,
2026-08-14T13:41:20.794,1786707680.794450,6.365697,3,-3000,5.000000,95,-3000,0x03,single,183.897569,-3059,0.026374,174,0,No fault,,,,,,,,,
2026-08-14T13:41:20.799,1786707680.799909,6.371144,3,-3000,5.000000,96,-3000,0x03,single,183.150866,-3193,0.038095,172,0,No fault,,,,,,,,,
2026-08-14T13:41:20.805,1786707680.805182,6.376415,3,-3000,5.000000,97,-3000,0x03,single,182.404163,-3104,-0.020513,174,0,No fault,,,,,,,,,
2026-08-14T13:41:20.810,1786707680.810449,6.381681,3,-3000,5.000000,98,-3000,0x03,single,181.657460,-3015,-0.002930,173,0,No fault,,,,,,,,,
2026-08-14T13:41:20.815,1786707680.815927,6.387218,3,-3000,5.000000,99,-3000,0x03,single,180.954681,-2881,0.049817,172,0,No fault,,,,,,,,,
2026-08-14T13:41:20.821,1786707680.821512,6.392765,3,-3000,5.000000,100,-3000,0x03,single,180.229940,-2881,0.002930,173,0,No fault,,,,,,,,,
2026-08-14T13:41:20.826,1786707680.826893,6.398138,3,-3000,5.000000,101,-3000,0x03,single,179.483237,-2970,-0.038095,172,0,No fault,,,,,,,,,
2026-08-14T13:41:20.832,1786707680.832298,6.403551,3,-3000,5.000000,102,-3000,0x03,single,178.780458,-2791,-0.049817,170,0,No fault,,,,,,,,,
2026-08-14T13:41:20.837,1786707680.837721,6.408978,3,-3000,5.000000,103,-3000,0x03,single,178.033755,-3193,0.008791,173,0,No fault,,,,,,,,,
2026-08-14T13:41:20.843,1786707680.843108,6.414355,3,-3000,5.000000,104,-3000,0x03,single,177.309013,-3015,-0.020513,172,0,No fault,,,,,,,,,
2026-08-14T13:41:20.848,1786707680.848588,6.419838,3,-3000,5.000000,105,-3000,0x03,single,176.584272,-3059,-0.049817,172,0,No fault,,,,,,,,,
2026-08-14T13:41:20.854,1786707680.854169,6.425409,3,-3000,5.000000,106,-3000,0x03,single,175.134790,-3015,0.002930,172,0,No fault,,,,,,,,,
2026-08-14T13:41:20.859,1786707680.859448,6.430678,3,-3000,5.000000,107,-3000,0x03,single,174.410049,-2881,-0.014652,175,0,No fault,,,,,,,,,
2026-08-14T13:41:20.864,1786707680.864660,6.435887,3,-3000,5.000000,108,-3000,0x03,single,173.663346,-3015,-0.067399,173,0,No fault,,,,,,,,,
2026-08-14T13:41:20.869,1786707680.869904,6.441144,3,-3000,5.000000,109,-3000,0x03,single,172.916643,-3104,-0.032234,173,0,No fault,,,,,,,,,
2026-08-14T13:41:20.875,1786707680.875206,6.446446,3,-3000,5.000000,110,-3000,0x03,single,172.213864,-3015,0.026374,173,0,No fault,,,,,,,,,
2026-08-14T13:41:20.880,1786707680.880508,6.451746,3,-3000,5.000000,111,-3000,0x03,single,171.489123,-2836,-0.002930,172,0,No fault,,,,,,,,,
2026-08-14T13:41:20.885,1786707680.885798,6.457032,3,-3000,5.000000,112,-3000,0x03,single,170.742420,-3238,-0.061538,173,0,No fault,,,,,,,,,
2026-08-14T13:41:20.891,1786707680.891092,6.462334,3,-3000,5.000000,113,-3000,0x03,single,170.039640,-2613,-0.014652,173,0,No fault,,,,,,,,,
2026-08-14T13:41:20.896,1786707680.896412,6.467646,3,-3000,5.000000,114,-3000,0x03,single,169.292937,-2791,0.032234,172,0,No fault,,,,,,,,,
2026-08-14T13:41:20.901,1786707680.901700,6.472938,3,-3000,5.000000,115,-3000,0x03,single,168.568196,-2881,-0.008791,172,0,No fault,,,,,,,,,
2026-08-14T13:41:20.906,1786707680.906983,6.478216,3,-3000,5.000000,116,-3000,0x03,single,167.821493,-2925,-0.032234,172,0,No fault,,,,,,,,,
2026-08-14T13:41:20.912,1786707680.912269,6.483505,3,-3000,5.000000,117,-3000,0x03,single,167.096752,-2791,-0.002930,173,0,No fault,,,,,,,,,
2026-08-14T13:41:20.917,1786707680.917557,6.488793,3,-3000,5.000000,118,-3000,0x03,single,166.350049,-2970,0.049817,173,0,No fault,,,,,,,,,
2026-08-14T13:41:20.922,1786707680.922844,6.494076,3,-3000,5.000000,119,-3000,0x03,single,165.603346,-3149,0.014652,170,0,No fault,,,,,,,,,
2026-08-14T13:41:20.928,1786707680.928123,6.499352,3,-3000,5.000000,120,-3000,0x03,single,164.856643,-3149,-0.014652,172,0,No fault,,,,,,,,,
2026-08-14T13:41:20.943,1786707680.943532,6.514776,3,-3000,5.000000,121,-3000,0x03,single,163.385199,-3238,0.055678,173,0,No fault,,,,,,,,,
2026-08-14T13:41:20.948,1786707680.948835,6.520067,3,-3000,5.000000,122,-3000,0x03,single,162.660458,-3238,-0.014652,172,0,No fault,,,,,,,,,
2026-08-14T13:41:20.954,1786707680.954111,6.525344,3,-3000,5.000000,123,-3000,0x03,single,160.420349,-3015,0.038095,173,0,No fault,,,,,,,,,
2026-08-14T13:41:20.959,1786707680.959388,6.530617,3,-3000,5.000000,124,-3000,0x03,single,160.046998,-3104,0.008791,173,0,No fault,,,,,,,,,
2026-08-14T13:41:20.964,1786707680.964768,6.536013,3,-3000,5.000000,125,-3000,0x03,single,159.673646,-3015,-0.038095,172,0,No fault,,,,,,,,,
2026-08-14T13:41:20.970,1786707680.970086,6.541321,3,-3000,5.000000,126,-3000,0x03,single,158.948905,-2836,-0.038095,169,0,No fault,,,,,,,,,
2026-08-14T13:41:20.975,1786707680.975374,6.546606,3,-3000,5.000000,127,-3000,0x03,single,158.224164,-2881,0.008791,172,0,No fault,,,,,,,,,
2026-08-14T13:41:20.980,1786707680.980663,6.551907,3,-3000,5.000000,128,-3000,0x03,single,157.477461,-2970,0.008791,172,0,No fault,,,,,,,,,
2026-08-14T13:41:20.986,1786707680.986000,6.557235,3,-3000,5.000000,129,-3000,0x03,single,156.752720,-2970,-0.055678,172,0,No fault,,,,,,,,,
2026-08-14T13:41:20.991,1786707680.991280,6.562515,3,-3000,5.000000,130,-3000,0x03,single,156.027979,-2881,-0.055678,173,0,No fault,,,,,,,,,
2026-08-14T13:41:20.996,1786707680.996559,6.567788,3,-3000,5.000000,131,-3000,0x03,single,155.303238,-2970,0.002930,172,0,No fault,,,,,,,,,
2026-08-14T13:41:21.001,1786707681.001959,6.573189,3,-3000,5.000000,132,-3000,0x03,single,153.853755,-2970,-0.049817,173,0,No fault,,,,,,,,,
2026-08-14T13:41:21.007,1786707681.007215,6.578452,3,-3000,5.000000,133,-3000,0x03,single,153.107052,-2970,-0.038095,172,0,No fault,,,,,,,,,
2026-08-14T13:41:21.012,1786707681.012560,6.583794,3,-3000,5.000000,134,-3000,0x03,single,152.404273,-2747,0.026374,172,0,No fault,,,,,,,,,
2026-08-14T13:41:21.017,1786707681.017825,6.589058,3,-3000,5.000000,135,-3000,0x03,single,151.657570,-2881,0.008791,172,0,No fault,,,,,,,,,
2026-08-14T13:41:21.023,1786707681.023083,6.594315,3,-3000,5.000000,136,-3000,0x03,single,150.910867,-3104,-0.026374,175,0,No fault,,,,,,,,,
2026-08-14T13:41:21.028,1786707681.028363,6.599604,3,-3000,5.000000,137,-3000,0x03,single,150.186126,-2970,-0.020513,172,0,No fault,,,,,,,,,
2026-08-14T13:41:21.033,1786707681.033666,6.604903,3,-3000,5.000000,138,-3000,0x03,single,149.439423,-2881,0.043956,172,0,No fault,,,,,,,,,
2026-08-14T13:41:21.038,1786707681.038954,6.610184,3,-3000,5.000000,139,-3000,0x03,single,148.692720,-3283,0.026374,175,0,No fault,,,,,,,,,
2026-08-14T13:41:21.044,1786707681.044225,6.615457,3,-3000,5.000000,140,-3000,0x03,single,147.946017,-3283,-0.014652,175,0,No fault,,,,,,,,,
2026-08-14T13:41:21.049,1786707681.049500,6.620737,3,-3000,5.000000,141,-3000,0x03,single,147.199314,-3238,0.002930,172,0,No fault,,,,,,,,,
2026-08-14T13:41:21.054,1786707681.054773,6.626002,3,-3000,5.000000,142,-3000,0x03,single,146.474573,-3193,0.067399,173,0,No fault,,,,,,,,,
2026-08-14T13:41:21.060,1786707681.060033,6.631259,3,-3000,5.000000,143,-3000,0x03,single,145.749832,-3015,0.043956,172,0,No fault,,,,,,,,,
2026-08-14T13:41:21.065,1786707681.065287,6.636513,3,-3000,5.000000,144,-3000,0x03,single,144.981167,-3059,-0.002930,173,0,No fault,,,,,,,,,
2026-08-14T13:41:21.070,1786707681.070527,6.641753,3,-3000,5.000000,145,-3000,0x03,single,144.256426,-3104,0.020513,171,0,No fault,,,,,,,,,
2026-08-14T13:41:21.075,1786707681.075776,6.647005,3,-3000,5.000000,146,-3000,0x03,single,143.509723,-3015,0.073260,173,0,No fault,,,,,,,,,
2026-08-14T13:41:21.081,1786707681.081029,6.652256,3,-3000,5.000000,147,-3000,0x03,single,142.784982,-3059,0.020513,173,0,No fault,,,,,,,,,
2026-08-14T13:41:21.086,1786707681.086282,6.657512,3,-3000,5.000000,148,-3000,0x03,single,142.038279,-3238,-0.014652,171,0,No fault,,,,,,,,,
2026-08-14T13:41:21.091,1786707681.091611,6.662893,3,-3000,5.000000,149,-3000,0x03,single,141.313538,-3193,0.008791,175,0,No fault,,,,,,,,,
2026-08-14T13:41:21.097,1786707681.097070,6.668311,3,-3000,5.000000,150,-3000,0x03,single,140.566835,-3372,0.038095,172,0,No fault,,,,,,,,,
2026-08-14T13:41:21.102,1786707681.102386,6.673622,3,-3000,5.000000,151,-3000,0x03,single,139.864055,-2881,-0.014652,174,0,No fault,,,,,,,,,
2026-08-14T13:41:21.107,1786707681.107676,6.678911,3,-3000,5.000000,152,-3000,0x03,single,139.139314,-2925,-0.055678,172,0,No fault,,,,,,,,,
2026-08-14T13:41:21.112,1786707681.112973,6.684208,3,-3000,5.000000,153,-3000,0x03,single,138.370650,-3283,-0.026374,173,0,No fault,,,,,,,,,
2026-08-14T13:41:21.118,1786707681.118382,6.689618,3,-3000,5.000000,154,-3000,0x03,single,137.667870,-3059,0.008791,176,0,No fault,,,,,,,,,
2026-08-14T13:41:21.123,1786707681.123670,6.694906,3,-3000,5.000000,155,-3000,0x03,single,136.943129,-2970,-0.038095,173,0,No fault,,,,,,,,,
2026-08-14T13:41:21.128,1786707681.128960,6.700199,3,-3000,5.000000,156,-3000,0x03,single,136.218388,-2881,-0.043956,172,0,No fault,,,,,,,,,
2026-08-14T13:41:21.134,1786707681.134256,6.705494,3,-3000,5.000000,157,-3000,0x03,single,135.493647,-2881,-0.032234,171,0,No fault,,,,,,,,,
2026-08-14T13:41:21.144,1786707681.144894,6.716130,3,-3000,5.000000,158,-3000,0x03,single,134.768906,-2970,0.008791,172,0,No fault,,,,,,,,,
2026-08-14T13:41:21.150,1786707681.150335,6.721576,3,-3000,5.000000,159,-3000,0x03,single,133.319424,-2836,-0.038095,171,0,No fault,,,,,,,,,
2026-08-14T13:41:21.155,1786707681.155637,6.726877,3,-3000,5.000000,160,-3000,0x03,single,131.123238,-3193,-0.043956,171,0,No fault,,,,,,,,,
2026-08-14T13:41:21.160,1786707681.160938,6.732177,3,-3000,5.000000,161,-3000,0x03,single,130.749887,-3104,-0.061538,171,0,No fault,,,,,,,,,
2026-08-14T13:41:21.166,1786707681.166219,6.737451,3,-3000,5.000000,162,-3000,0x03,single,130.354574,-3104,-0.032234,172,0,No fault,,,,,,,,,
2026-08-14T13:41:21.171,1786707681.171472,6.742705,3,-3000,5.000000,163,-3000,0x03,single,129.629832,-3059,0.008791,172,0,No fault,,,,,,,,,
2026-08-14T13:41:21.176,1786707681.176739,6.747975,3,-3000,5.000000,164,-3000,0x03,single,128.905091,-3193,0.014652,169,0,No fault,,,,,,,,,
2026-08-14T13:41:21.182,1786707681.182006,6.753237,3,-3000,5.000000,165,-3000,0x03,single,128.158388,-3015,-0.014652,171,0,No fault,,,,,,,,,
2026-08-14T13:41:21.187,1786707681.187271,6.758507,3,-3000,5.000000,166,-3000,0x03,single,127.433647,-2970,-0.020513,172,0,No fault,,,,,,,,,
2026-08-14T13:41:21.192,1786707681.192556,6.763789,3,-3000,5.000000,167,-3000,0x03,single,126.708906,-2970,0.026374,172,0,No fault,,,,,,,,,
2026-08-14T13:41:21.197,1786707681.197836,6.769072,3,-3000,5.000000,168,-3000,0x03,single,125.962203,-3104,0.014652,171,0,No fault,,,,,,,,,
2026-08-14T13:41:21.203,1786707681.203123,6.774359,3,-3000,5.000000,169,-3000,0x03,single,125.215500,-3149,-0.026374,170,0,No fault,,,,,,,,,
2026-08-14T13:41:21.208,1786707681.208391,6.779623,3,-3000,5.000000,170,-3000,0x03,single,124.490759,-3193,-0.014652,173,0,No fault,,,,,,,,,
2026-08-14T13:41:21.213,1786707681.213657,6.784894,3,-3000,5.000000,171,-3000,0x03,single,123.744056,-3015,0.049817,172,0,No fault,,,,,,,,,
2026-08-14T13:41:21.218,1786707681.218942,6.790176,3,-3000,5.000000,172,-3000,0x03,single,123.019315,-3104,0.008791,173,0,No fault,,,,,,,,,
2026-08-14T13:41:21.224,1786707681.224239,6.795470,3,-3000,5.000000,173,-3000,0x03,single,122.272612,-3149,-0.020513,173,0,No fault,,,,,,,,,
2026-08-14T13:41:21.229,1786707681.229520,6.800757,3,-3000,5.000000,174,-3000,0x03,single,121.547871,-2970,-0.008791,174,0,No fault,,,,,,,,,
2026-08-14T13:41:21.234,1786707681.234795,6.806031,3,-3000,5.000000,175,-3000,0x03,single,120.823130,-2970,0.020513,172,0,No fault,,,,,,,,,
2026-08-14T13:41:21.240,1786707681.240083,6.811322,3,-3000,5.000000,176,-3000,0x03,single,120.098389,-2925,-0.002930,171,0,No fault,,,,,,,,,
2026-08-14T13:41:21.245,1786707681.245383,6.816621,3,-3000,5.000000,177,-3000,0x03,single,119.373647,-2970,-0.061538,172,0,No fault,,,,,,,,,
2026-08-14T13:41:21.250,1786707681.250725,6.821959,3,-3000,5.000000,178,-3000,0x03,single,118.648906,-3059,-0.038095,174,0,No fault,,,,,,,,,
2026-08-14T13:41:21.256,1786707681.256003,6.827239,3,-3000,5.000000,179,-3000,0x03,single,117.924165,-2925,0.008791,172,0,No fault,,,,,,,,,
2026-08-14T13:41:21.261,1786707681.261285,6.832521,3,-3000,5.000000,180,-3000,0x03,single,117.199424,-2836,-0.026374,173,0,No fault,,,,,,,,,
2026-08-14T13:41:21.266,1786707681.266578,6.837810,3,-3000,5.000000,181,-3000,0x03,single,116.452721,-3104,-0.061538,174,0,No fault,,,,,,,,,
2026-08-14T13:41:21.271,1786707681.271842,6.843075,3,-3000,5.000000,182,-3000,0x03,single,115.727980,-2925,-0.038095,172,0,No fault,,,,,,,,,
2026-08-14T13:41:21.277,1786707681.277227,6.848459,3,-3000,5.000000,183,-3000,0x03,single,115.003239,-3149,0.008791,173,0,No fault,,,,,,,,,
2026-08-14T13:41:21.282,1786707681.282675,6.853912,3,-3000,5.000000,184,-3000,0x03,single,113.553757,-3059,-0.073260,172,0,No fault,,,,,,,,,
2026-08-14T13:41:21.288,1786707681.288128,6.859363,3,-3000,5.000000,185,-3000,0x03,single,112.807054,-3015,-0.020513,171,0,No fault,,,,,,,,,
2026-08-14T13:41:21.293,1786707681.293408,6.864638,3,-3000,5.000000,186,-3000,0x03,single,112.104274,-3015,0.014652,173,0,No fault,,,,,,,,,
2026-08-14T13:41:21.298,1786707681.298708,6.869948,3,-3000,5.000000,187,-3000,0x03,single,111.379533,-2747,-0.014652,173,0,No fault,,,,,,,,,
2026-08-14T13:41:21.303,1786707681.303988,6.875217,3,-3000,5.000000,188,-3000,0x03,single,110.632830,-3149,-0.061538,173,0,No fault,,,,,,,,,
2026-08-14T13:41:21.309,1786707681.309226,6.880453,3,-3000,5.000000,189,-3000,0x03,single,109.908089,-2881,-0.002930,173,0,No fault,,,,,,,,,
2026-08-14T13:41:21.314,1786707681.314454,6.885680,3,-3000,5.000000,190,-3000,0x03,single,109.205310,-2791,0.014652,171,0,No fault,,,,,,,,,
2026-08-14T13:41:21.319,1786707681.319722,6.890988,3,-3000,5.000000,191,-3000,0x03,single,108.458607,-3059,-0.014652,172,0,No fault,,,,,,,,,
2026-08-14T13:41:21.325,1786707681.325143,6.896414,3,-3000,5.000000,192,-3000,0x03,single,107.711904,-3059,-0.049817,170,0,No fault,,,,,,,,,
2026-08-14T13:41:21.330,1786707681.330513,6.901761,3,-3000,5.000000,193,-3000,0x03,single,106.987163,-3104,-0.002930,172,0,No fault,,,,,,,,,
2026-08-14T13:41:21.335,1786707681.335833,6.907072,3,-3000,5.000000,194,-3000,0x03,single,106.240460,-2970,0.038095,172,0,No fault,,,,,,,,,
2026-08-14T13:41:21.351,1786707681.351403,6.922658,3,-3000,5.000000,195,-3000,0x03,single,105.449833,-3149,-0.014652,173,0,No fault,,,,,,,,,
2026-08-14T13:41:21.356,1786707681.356766,6.928004,3,-3000,5.000000,196,-3000,0x03,single,104.000351,-3059,0.014652,172,0,No fault,,,,,,,,,
2026-08-14T13:41:21.362,1786707681.362051,6.933299,3,-3000,5.000000,197,-3000,0x03,single,101.584547,-3015,0.002930,172,0,No fault,,,,,,,,,
2026-08-14T13:41:21.367,1786707681.367388,6.938627,3,-3000,5.000000,198,-3000,0x03,single,101.255119,-2925,0.014652,173,0,No fault,,,,,,,,,
2026-08-14T13:41:21.379,1786707681.379373,6.950604,3,-3000,5.000000,199,-3000,0x03,single,100.091141,-2925,0.014652,172,0,No fault,,,,,,,,,
2026-08-14T13:41:21.384,1786707681.384629,6.955869,3,-3000,5.000000,200,-3000,0x03,single,99.366400,-2791,-0.061538,171,0,No fault,,,,,,,,,
2026-08-14T13:41:21.390,1786707681.390004,6.961252,3,-3000,5.000000,201,-3000,0x03,single,98.663621,-2925,-0.038095,173,0,No fault,,,,,,,,,
2026-08-14T13:41:21.395,1786707681.395312,6.966541,3,-3000,5.000000,202,-3000,0x03,single,97.938880,-2791,0.014652,173,0,No fault,,,,,,,,,
2026-08-14T13:41:21.400,1786707681.400522,6.971750,3,-3000,5.000000,203,-3000,0x03,single,97.214139,-3104,-0.014652,171,0,No fault,,,,,,,,,
2026-08-14T13:41:21.405,1786707681.405758,6.976999,3,-3000,5.000000,204,-3000,0x03,single,96.489397,-2925,-0.079121,171,0,No fault,,,,,,,,,
2026-08-14T13:41:21.411,1786707681.411063,6.982303,3,-3000,5.000000,205,-3000,0x03,single,95.764656,-2925,-0.055678,171,0,No fault,,,,,,,,,
2026-08-14T13:41:21.416,1786707681.416363,6.987602,3,-3000,5.000000,206,-3000,0x03,single,95.061877,-2925,0.014652,173,0,No fault,,,,,,,,,
2026-08-14T13:41:21.421,1786707681.421660,6.992900,3,-3000,5.000000,207,-3000,0x03,single,94.337136,-2702,-0.008791,172,0,No fault,,,,,,,,,
2026-08-14T13:41:21.427,1786707681.427058,6.998295,3,-3000,5.000000,208,-3000,0x03,single,93.590433,-2970,-0.032234,171,0,No fault,,,,,,,,,
2026-08-14T13:41:21.432,1786707681.432436,7.003667,3,-3000,5.000000,209,-3000,0x03,single,92.097027,-3238,0.038095,172,0,No fault,,,,,,,,,
2026-08-14T13:41:21.437,1786707681.437743,7.008974,3,-3000,5.000000,210,-3000,0x03,single,91.372286,-3059,0.002930,173,0,No fault,,,,,,,,,
2026-08-14T13:41:21.442,1786707681.442987,7.014215,3,-3000,5.000000,211,-3000,0x03,single,90.603621,-2925,-0.026374,172,0,No fault,,,,,,,,,
2026-08-14T13:41:21.448,1786707681.448313,7.019542,3,-3000,5.000000,212,-3000,0x03,single,89.900842,-3059,0.008791,170,0,No fault,,,,,,,,,
2026-08-14T13:41:21.453,1786707681.453548,7.024776,3,-3000,5.000000,213,-3000,0x03,single,89.154139,-3283,0.043956,174,0,No fault,,,,,,,,,
2026-08-14T13:41:21.458,1786707681.458776,7.030004,3,-3000,5.000000,214,-3000,0x03,single,88.429398,-3193,-0.002930,171,0,No fault,,,,,,,,,
2026-08-14T13:41:21.464,1786707681.464006,7.035233,3,-3000,5.000000,215,-3000,0x03,single,87.682695,-3283,-0.008791,173,0,No fault,,,,,,,,,
2026-08-14T13:41:21.469,1786707681.469229,7.040456,3,-3000,5.000000,216,-3000,0x03,single,86.957954,-2881,0.014652,173,0,No fault,,,,,,,,,
2026-08-14T13:41:21.474,1786707681.474469,7.045699,3,-3000,5.000000,217,-3000,0x03,single,86.211251,-3149,0.049817,172,0,No fault,,,,,,,,,
2026-08-14T13:41:21.479,1786707681.479729,7.050955,3,-3000,5.000000,218,-3000,0x03,single,85.464548,-3149,-0.002930,171,0,No fault,,,,,,,,,
2026-08-14T13:41:21.484,1786707681.484970,7.056209,3,-3000,5.000000,219,-3000,0x03,single,84.739807,-3149,0.002930,172,0,No fault,,,,,,,,,
2026-08-14T13:41:21.490,1786707681.490245,7.061475,3,-3000,5.000000,220,-3000,0x03,single,83.993104,-3193,0.032234,172,0,No fault,,,,,,,,,
2026-08-14T13:41:21.495,1786707681.495476,7.066704,3,-3000,5.000000,221,-3000,0x03,single,83.268362,-3104,0.061538,173,0,No fault,,,,,,,,,
2026-08-14T13:41:21.500,1786707681.500701,7.071927,3,-3000,5.000000,222,-3000,0x03,single,82.543621,-2970,-0.014652,172,0,No fault,,,,,,,,,
2026-08-14T13:41:21.505,1786707681.505926,7.077152,3,-3000,5.000000,223,-3000,0x03,single,81.796918,-3104,-0.008791,172,0,No fault,,,,,,,,,
2026-08-14T13:41:21.511,1786707681.511149,7.082374,3,-3000,5.000000,224,-3000,0x03,single,81.072177,-2836,0.032234,171,0,No fault,,,,,,,,,
2026-08-14T13:41:21.516,1786707681.516370,7.087596,3,-3000,5.000000,225,-3000,0x03,single,80.325474,-3149,0.032234,173,0,No fault,,,,,,,,,
2026-08-14T13:41:21.521,1786707681.521592,7.092818,3,-3000,5.000000,226,-3000,0x03,single,79.600733,-2970,-0.038095,173,0,No fault,,,,,,,,,
2026-08-14T13:41:21.526,1786707681.526820,7.098049,3,-3000,5.000000,227,-3000,0x03,single,78.875992,-2881,-0.038095,173,0,No fault,,,,,,,,,
2026-08-14T13:41:21.532,1786707681.532054,7.103279,3,-3000,5.000000,228,-3000,0x03,single,78.151251,-2881,-0.002930,172,0,No fault,,,,,,,,,
2026-08-14T13:41:21.537,1786707681.537273,7.108500,3,-3000,5.000000,229,-3000,0x03,single,77.448472,-2925,0.002930,172,0,No fault,,,,,,,,,
2026-08-14T13:41:21.552,1786707681.552654,7.123883,3,-3000,5.000000,230,-3000,0x03,single,75.998989,-2925,-0.061538,174,0,No fault,,,,,,,,,
2026-08-14T13:41:21.557,1786707681.557948,7.129180,3,-3000,5.000000,231,-3000,0x03,single,75.274248,-2925,0.002930,173,0,No fault,,,,,,,,,
2026-08-14T13:41:21.563,1786707681.563183,7.134414,3,-3000,5.000000,232,-3000,0x03,single,72.968254,-3015,-0.038095,173,0,No fault,,,,,,,,,
2026-08-14T13:41:21.568,1786707681.568430,7.139659,3,-3000,5.000000,233,-3000,0x03,single,72.616864,-2925,-0.020513,171,0,No fault,,,,,,,,,
2026-08-14T13:41:21.573,1786707681.573692,7.144933,3,-3000,5.000000,234,-3000,0x03,single,72.221551,-2970,0.002930,173,0,No fault,,,,,,,,,
2026-08-14T13:41:21.578,1786707681.578977,7.150205,3,-3000,5.000000,235,-3000,0x03,single,71.474848,-3238,-0.014652,173,0,No fault,,,,,,,,,
2026-08-14T13:41:21.584,1786707681.584208,7.155435,3,-3000,5.000000,236,-3000,0x03,single,70.750107,-3059,-0.073260,173,0,No fault,,,,,,,,,
2026-08-14T13:41:21.589,1786707681.589434,7.160768,3,-3000,5.000000,237,-3000,0x03,single,70.003404,-3238,-0.014652,172,0,No fault,,,,,,,,,
2026-08-14T13:41:21.594,1786707681.594776,7.166003,3,-3000,5.000000,238,-3000,0x03,single,69.278663,-3149,0.020513,173,0,No fault,,,,,,,,,
2026-08-14T13:41:21.600,1786707681.600058,7.171308,3,-3000,5.000000,239,-3000,0x03,single,68.575883,-2836,0.002930,171,0,No fault,,,,,,,,,
2026-08-14T13:41:21.605,1786707681.605476,7.176728,3,-3000,5.000000,240,-3000,0x03,single,67.829180,-2970,-0.032234,172,0,No fault,,,,,,,,,
2026-08-14T13:41:21.610,1786707681.610936,7.182170,3,-3000,5.000000,241,-3000,0x03,single,67.082477,-3104,-0.002930,173,0,No fault,,,,,,,,,
2026-08-14T13:41:21.616,1786707681.616216,7.187464,3,-3000,5.000000,242,-3000,0x03,single,66.357736,-3238,0.026374,173,0,No fault,,,,,,,,,
2026-08-14T13:41:21.621,1786707681.621604,7.192839,3,-3000,5.000000,243,-3000,0x03,single,65.632995,-2836,-0.002930,175,0,No fault,,,,,,,,,
2026-08-14T13:41:21.627,1786707681.627013,7.198252,3,-3000,5.000000,244,-3000,0x03,single,64.139589,-3283,0.014652,173,0,No fault,,,,,,,,,
2026-08-14T13:41:21.632,1786707681.632514,7.203748,3,-3000,5.000000,245,-3000,0x03,single,63.392886,-3059,0.038095,170,0,No fault,,,,,,,,,
2026-08-14T13:41:21.637,1786707681.637791,7.209019,3,-3000,5.000000,246,-3000,0x03,single,62.668145,-2970,-0.014652,173,0,No fault,,,,,,,,,
2026-08-14T13:41:21.643,1786707681.643047,7.214284,3,-3000,5.000000,247,-3000,0x03,single,61.943404,-3059,-0.026374,173,0,No fault,,,,,,,,,
2026-08-14T13:41:21.648,1786707681.648327,7.219564,3,-3000,5.000000,248,-3000,0x03,single,61.196701,-3104,-0.008791,173,0,No fault,,,,,,,,,
2026-08-14T13:41:21.653,1786707681.653606,7.224842,3,-3000,5.000000,249,-3000,0x03,single,60.471960,-3238,0.026374,172,0,No fault,,,,,,,,,
2026-08-14T13:41:21.658,1786707681.658890,7.230122,3,-3000,5.000000,250,-3000,0x03,single,59.747219,-2925,-0.032234,173,0,No fault,,,,,,,,,
2026-08-14T13:41:21.664,1786707681.664165,7.235394,3,-3000,5.000000,251,-3000,0x03,single,59.022478,-3059,-0.043956,172,0,No fault,,,,,,,,,
2026-08-14T13:41:21.669,1786707681.669473,7.240710,3,-3000,5.000000,252,-3000,0x03,single,58.297737,-3283,-0.014652,172,0,No fault,,,,,,,,,
2026-08-14T13:41:21.674,1786707681.674742,7.245975,3,-3000,5.000000,253,-3000,0x03,single,57.572995,-3149,0.008791,176,0,No fault,,,,,,,,,
2026-08-14T13:41:21.680,1786707681.680008,7.251239,3,-3000,5.000000,254,-3000,0x03,single,56.848254,-3238,-0.043956,173,0,No fault,,,,,,,,,
2026-08-14T13:41:21.685,1786707681.685280,7.256516,3,-3000,5.000000,255,-3000,0x03,single,56.123513,-2970,-0.038095,173,0,No fault,,,,,,,,,
2026-08-14T13:41:21.690,1786707681.690582,7.261818,3,-3000,5.000000,256,-3000,0x03,single,55.398772,-3149,-0.014652,172,0,No fault,,,,,,,,,
2026-08-14T13:41:21.695,1786707681.695852,7.267089,3,-3000,5.000000,257,-3000,0x03,single,54.674031,-2970,0.008791,172,0,No fault,,,,,,,,,
2026-08-14T13:41:21.701,1786707681.701129,7.272358,3,-3000,5.000000,258,-3000,0x03,single,53.927328,-3149,-0.032234,171,0,No fault,,,,,,,,,
2026-08-14T13:41:21.706,1786707681.706387,7.277623,3,-3000,5.000000,259,-3000,0x03,single,53.202587,-3149,-0.038095,172,0,No fault,,,,,,,,,
2026-08-14T13:41:21.711,1786707681.711672,7.282903,3,-3000,5.000000,260,-3000,0x03,single,52.477846,-2970,-0.014652,173,0,No fault,,,,,,,,,
2026-08-14T13:41:21.716,1786707681.716948,7.288184,3,-3000,5.000000,261,-3000,0x03,single,51.753105,-3327,0.002930,172,0,No fault,,,,,,,,,
2026-08-14T13:41:21.722,1786707681.722229,7.293465,3,-3000,5.000000,262,-3000,0x03,single,51.028363,-2925,-0.055678,173,0,No fault,,,,,,,,,
2026-08-14T13:41:21.727,1786707681.727518,7.298755,3,-3000,5.000000,263,-3000,0x03,single,50.303622,-2970,-0.043956,173,0,No fault,,,,,,,,,
2026-08-14T13:41:21.732,1786707681.732813,7.304045,3,-3000,5.000000,264,-3000,0x03,single,49.556919,-2970,0.026374,172,0,No fault,,,,,,,,,
2026-08-14T13:41:21.738,1786707681.738083,7.309319,3,-3000,5.000000,265,-3000,0x03,single,48.832178,-3059,0.002930,172,0,No fault,,,,,,,,,
2026-08-14T13:41:21.743,1786707681.743366,7.314598,3,-3000,5.000000,266,-3000,0x03,single,48.085475,-3193,-0.026374,173,0,No fault,,,,,,,,,
2026-08-14T13:41:21.753,1786707681.753764,7.325001,3,-3000,5.000000,267,-3000,0x03,single,47.360734,-3059,-0.026374,173,0,No fault,,,,,,,,,
2026-08-14T13:41:21.759,1786707681.759250,7.330491,3,-3000,5.000000,268,-3000,0x03,single,45.889290,-3104,0.020513,174,0,No fault,,,,,,,,,
2026-08-14T13:41:21.764,1786707681.764780,7.336023,3,-3000,5.000000,269,-3000,0x03,single,43.758990,-2925,0.043956,172,0,No fault,,,,,,,,,
2026-08-14T13:41:21.770,1786707681.770185,7.341424,3,-3000,5.000000,270,-3000,0x03,single,43.407601,-2970,0.049817,171,0,No fault,,,,,,,,,
2026-08-14T13:41:21.775,1786707681.775471,7.346707,3,-3000,5.000000,271,-3000,0x03,single,42.990326,-2970,0.026374,172,0,No fault,,,,,,,,,
2026-08-14T13:41:21.780,1786707681.780751,7.351991,3,-3000,5.000000,272,-3000,0x03,single,42.243623,-3193,-0.014652,173,0,No fault,,,,,,,,,
2026-08-14T13:41:21.786,1786707681.786027,7.357261,3,-3000,5.000000,273,-3000,0x03,single,41.518882,-3104,0.002930,173,0,No fault,,,,,,,,,
2026-08-14T13:41:21.791,1786707681.791297,7.362527,3,-3000,5.000000,274,-3000,0x03,single,40.794140,-2881,0.038095,175,0,No fault,,,,,,,,,
2026-08-14T13:41:21.796,1786707681.796556,7.367792,3,-3000,5.000000,275,-3000,0x03,single,40.069399,-2970,0.002930,173,0,No fault,,,,,,,,,
2026-08-14T13:41:21.801,1786707681.801815,7.373050,3,-3000,5.000000,276,-3000,0x03,single,39.344658,-3059,-0.055678,174,0,No fault,,,,,,,,,
2026-08-14T13:41:21.807,1786707681.807079,7.378313,3,-3000,5.000000,277,-3000,0x03,single,38.597955,-3104,-0.026374,171,0,No fault,,,,,,,,,
2026-08-14T13:41:21.812,1786707681.812382,7.383628,3,-3000,5.000000,278,-3000,0x03,single,37.895176,-3015,0.020513,171,0,No fault,,,,,,,,,
2026-08-14T13:41:21.817,1786707681.817752,7.388996,3,-3000,5.000000,279,-3000,0x03,single,37.170435,-2970,-0.020513,174,0,No fault,,,,,,,,,
2026-08-14T13:41:21.823,1786707681.823123,7.394372,3,-3000,5.000000,280,-3000,0x03,single,36.423732,-3193,-0.061538,173,0,No fault,,,,,,,,,
2026-08-14T13:41:21.828,1786707681.828537,7.399784,3,-3000,5.000000,281,-3000,0x03,single,35.698991,-3059,-0.043956,172,0,No fault,,,,,,,,,
2026-08-14T13:41:21.833,1786707681.833891,7.405130,3,-3000,5.000000,282,-3000,0x03,single,34.974250,-3015,0.014652,173,0,No fault,,,,,,,,,
2026-08-14T13:41:21.839,1786707681.839188,7.410428,3,-3000,5.000000,283,-3000,0x03,single,34.249508,-3015,-0.008791,172,0,No fault,,,,,,,,,
2026-08-14T13:41:21.844,1786707681.844480,7.415722,3,-3000,5.000000,284,-3000,0x03,single,33.480844,-3104,-0.049817,174,0,No fault,,,,,,,,,
2026-08-14T13:41:21.849,1786707681.849827,7.421072,3,-3000,5.000000,285,-3000,0x03,single,32.778064,-2791,-0.002930,172,0,No fault,,,,,,,,,
2026-08-14T13:41:21.855,1786707681.855149,7.426404,3,-3000,5.000000,286,-3000,0x03,single,32.031361,-3104,0.032234,175,0,No fault,,,,,,,,,
2026-08-14T13:41:21.860,1786707681.860508,7.431755,3,-3000,5.000000,287,-3000,0x03,single,31.306620,-3104,-0.014652,173,0,No fault,,,,,,,,,
2026-08-14T13:41:21.866,1786707681.866072,7.437320,3,-3000,5.000000,288,-3000,0x03,single,30.559917,-3015,-0.038095,173,0,No fault,,,,,,,,,
2026-08-14T13:41:21.871,1786707681.871683,7.442985,3,-3000,5.000000,289,-3000,0x03,single,29.088473,-2925,0.049817,172,0,No fault,,,,,,,,,
2026-08-14T13:41:21.877,1786707681.877061,7.448291,3,-3000,5.000000,290,-3000,0x03,single,28.341770,-3059,-0.008791,173,0,No fault,,,,,,,,,
2026-08-14T13:41:21.882,1786707681.882300,7.453540,3,-3000,5.000000,291,-3000,0x03,single,27.617029,-2970,-0.008791,173,0,No fault,,,,,,,,,
2026-08-14T13:41:21.887,1786707681.887622,7.458862,3,-3000,5.000000,292,-3000,0x03,single,26.892288,-2881,0.032234,174,0,No fault,,,,,,,,,
2026-08-14T13:41:21.892,1786707681.892936,7.464179,3,-3000,5.000000,293,-3000,0x03,single,26.145585,-3104,0.061538,172,0,No fault,,,,,,,,,
2026-08-14T13:41:21.898,1786707681.898249,7.469490,3,-3000,5.000000,294,-3000,0x03,single,25.398882,-3193,0.002930,172,0,No fault,,,,,,,,,
2026-08-14T13:41:21.903,1786707681.903553,7.474794,3,-3000,5.000000,295,-3000,0x03,single,24.652179,-2970,0.014652,172,0,No fault,,,,,,,,,
2026-08-14T13:41:21.908,1786707681.908860,7.480099,3,-3000,5.000000,296,-3000,0x03,single,23.905476,-3193,0.055678,173,0,No fault,,,,,,,,,
2026-08-14T13:41:21.914,1786707681.914147,7.485383,3,-3000,5.000000,297,-3000,0x03,single,23.158773,-3149,0.055678,173,0,No fault,,,,,,,,,
2026-08-14T13:41:21.919,1786707681.919437,7.490671,3,-3000,5.000000,298,-3000,0x03,single,22.412070,-3149,-0.002930,172,0,No fault,,,,,,,,,
2026-08-14T13:41:21.924,1786707681.924775,7.496014,3,-3000,5.000000,299,-3000,0x03,single,21.687329,-3149,-0.002930,170,0,No fault,,,,,,,,,
2026-08-14T13:41:21.930,1786707681.930058,7.501297,3,-3000,5.000000,300,-3000,0x03,single,20.962588,-2970,0.049817,172,0,No fault,,,,,,,,,
2026-08-14T13:41:21.935,1786707681.935341,7.506573,3,-3000,5.000000,301,-3000,0x03,single,20.215885,-3238,0.026374,172,0,No fault,,,,,,,,,
2026-08-14T13:41:21.940,1786707681.940613,7.511847,3,-3000,5.000000,302,-3000,0x03,single,19.491144,-3193,-0.032234,172,0,No fault,,,,,,,,,
2026-08-14T13:41:21.945,1786707681.945899,7.517132,3,-3000,5.000000,303,-3000,0x03,single,18.766403,-3238,-0.049817,172,0,No fault,,,,,,,,,
2026-08-14T13:41:21.961,1786707681.961316,7.532556,3,-3000,5.000000,304,-3000,0x03,single,17.316920,-3104,-0.014652,172,0,No fault,,,,,,,,,
2026-08-14T13:41:21.966,1786707681.966628,7.537862,3,-3000,5.000000,305,-3000,0x03,single,16.592179,-3104,-0.061538,171,0,No fault,,,,,,,,,
2026-08-14T13:41:21.971,1786707681.971894,7.543127,3,-3000,5.000000,306,-3000,0x03,single,14.417956,-3104,-0.014652,173,0,No fault,,,,,,,,,
2026-08-14T13:41:21.977,1786707681.977158,7.548388,3,-3000,5.000000,307,-3000,0x03,single,14.066566,-2836,-0.049817,173,0,No fault,,,,,,,,,
2026-08-14T13:41:21.982,1786707681.982405,7.553634,3,-3000,5.000000,308,-3000,0x03,single,13.649291,-3193,-0.055678,172,0,No fault,,,,,,,,,
2026-08-14T13:41:21.987,1786707681.987667,7.558899,3,-3000,5.000000,309,-3000,0x03,single,12.924550,-2836,-0.032234,172,0,No fault,,,,,,,,,
2026-08-14T13:41:21.992,1786707681.992931,7.564168,3,-3000,5.000000,310,-3000,0x03,single,12.177847,-3193,0.008791,172,0,No fault,,,,,,,,,
2026-08-14T13:41:21.998,1786707681.998203,7.569436,3,-3000,5.000000,311,-3000,0x03,single,11.431144,-3104,-0.002930,173,0,No fault,,,,,,,,,
2026-08-14T13:41:22.003,1786707682.003485,7.574723,3,-3000,5.000000,312,-3000,0x03,single,10.706403,-3238,-0.061538,174,0,No fault,,,,,,,,,
2026-08-14T13:41:22.008,1786707682.008773,7.580007,3,-3000,5.000000,313,-3000,0x03,single,9.981662,-3104,-0.008791,177,0,No fault,,,,,,,,,
2026-08-14T13:41:22.014,1786707682.014039,7.585268,3,-3000,5.000000,314,-3000,0x03,single,9.256921,-2881,0.014652,173,0,No fault,,,,,,,,,
2026-08-14T13:41:22.019,1786707682.019481,7.590716,3,-3000,5.000000,315,-3000,0x03,single,7.785477,-3149,-0.038095,173,0,No fault,,,,,,,,,
2026-08-14T13:41:22.024,1786707682.024762,7.595996,3,-3000,5.000000,316,-3000,0x03,single,7.060735,-2970,0.002930,172,0,No fault,,,,,,,,,
2026-08-14T13:41:22.030,1786707682.030230,7.601466,3,-3000,5.000000,317,-3000,0x03,single,6.335994,-2970,0.038095,172,0,No fault,,,,,,,,,
2026-08-14T13:41:22.035,1786707682.035518,7.606752,3,-3000,5.000000,318,-3000,0x03,single,5.589291,-3238,-0.002930,173,0,No fault,,,,,,,,,
2026-08-14T13:41:22.040,1786707682.040807,7.612040,3,-3000,5.000000,319,-3000,0x03,single,4.842588,-3104,-0.020513,168,0,No fault,,,,,,,,,
2026-08-14T13:41:22.046,1786707682.046083,7.617316,3,-3000,5.000000,320,-3000,0x03,single,4.117847,-2970,0.008791,170,0,No fault,,,,,,,,,
2026-08-14T13:41:22.051,1786707682.051355,7.622590,3,-3000,5.000000,321,-3000,0x03,single,3.371144,-3149,0.043956,172,0,No fault,,,,,,,,,
2026-08-14T13:41:22.056,1786707682.056628,7.627865,3,-3000,5.000000,322,-3000,0x03,single,2.646403,-3193,-0.026374,172,0,No fault,,,,,,,,,
2026-08-14T13:41:22.061,1786707682.061907,7.633143,3,-3000,5.000000,323,-3000,0x03,single,1.899700,-2970,-0.020513,170,0,No fault,,,,,,,,,
2026-08-14T13:41:22.067,1786707682.067189,7.638423,3,-3000,5.000000,324,-3000,0x03,single,1.174959,-3149,0.008791,172,0,No fault,,,,,,,,,
2026-08-14T13:41:22.072,1786707682.072457,7.643690,3,-3000,5.000000,325,-3000,0x03,single,0.450218,-3059,0.026374,173,0,No fault,,,,,,,,,
2026-08-14T13:41:22.077,1786707682.077737,7.648968,3,-3000,5.000000,326,-3000,0x03,single,-0.274523,-3015,-0.038095,174,0,No fault,,,,,,,,,
2026-08-14T13:41:22.083,1786707682.083013,7.654250,3,-3000,5.000000,327,-3000,0x03,single,-0.999264,-3149,-0.043956,173,0,No fault,,,,,,,,,
2026-08-14T13:41:22.088,1786707682.088286,7.659520,3,-3000,5.000000,328,-3000,0x03,single,-1.724005,-3015,-0.020513,172,0,No fault,,,,,,,,,
2026-08-14T13:41:22.093,1786707682.093625,7.664861,3,-3000,5.000000,329,-3000,0x03,single,-2.470708,-3193,0.002930,173,0,No fault,,,,,,,,,
2026-08-14T13:41:22.098,1786707682.098903,7.670138,3,-3000,5.000000,330,-3000,0x03,single,-3.195449,-3059,-0.049817,171,0,No fault,,,,,,,,,
2026-08-14T13:41:22.104,1786707682.104209,7.675455,3,-3000,5.000000,331,-3000,0x03,single,-3.920191,-2925,-0.049817,172,0,No fault,,,,,,,,,
2026-08-14T13:41:22.109,1786707682.109596,7.680837,3,-3000,5.000000,332,-3000,0x03,single,-4.622970,-2925,-0.026374,173,0,No fault,,,,,,,,,
2026-08-14T13:41:22.114,1786707682.114922,7.686156,3,-3000,5.000000,333,-3000,0x03,single,-5.369673,-3104,-0.002930,173,0,No fault,,,,,,,,,
2026-08-14T13:41:22.120,1786707682.120193,7.691426,3,-3000,5.000000,334,-3000,0x03,single,-6.072452,-2970,-0.049817,173,0,No fault,,,,,,,,,
2026-08-14T13:41:22.125,1786707682.125495,7.696730,3,-3000,5.000000,335,-3000,0x03,single,-6.819155,-3193,-0.049817,172,0,No fault,,,,,,,,,
2026-08-14T13:41:22.130,1786707682.130768,7.701999,3,-3000,5.000000,336,-3000,0x03,single,-7.543896,-2925,-0.014652,173,0,No fault,,,,,,,,,
2026-08-14T13:41:22.136,1786707682.136031,7.707264,3,-3000,5.000000,337,-3000,0x03,single,-8.268637,-3015,-0.002930,173,0,No fault,,,,,,,,,
2026-08-14T13:41:22.141,1786707682.141330,7.712566,3,-3000,5.000000,338,-3000,0x03,single,-9.015340,-3104,-0.038095,173,0,No fault,,,,,,,,,
2026-08-14T13:41:22.146,1786707682.146626,7.717860,3,-3000,5.000000,339,-3000,0x03,single,-9.740081,-3015,-0.038095,174,0,No fault,,,,,,,,,
2026-08-14T13:41:22.151,1786707682.151879,7.723109,3,-3000,5.000000,340,-3000,0x03,single,-10.486784,-3149,0.038095,171,0,No fault,,,,,,,,,
2026-08-14T13:41:22.162,1786707682.162466,7.733699,3,-3000,5.000000,341,-3000,0x03,single,-11.211526,-3059,0.008791,172,0,No fault,,,,,,,,,
2026-08-14T13:41:22.167,1786707682.167889,7.739126,3,-3000,5.000000,342,-3000,0x03,single,-12.682970,-3015,-0.020513,171,0,No fault,,,,,,,,,
2026-08-14T13:41:22.173,1786707682.173331,7.744562,3,-3000,5.000000,343,-3000,0x03,single,-14.901117,-3059,-0.020513,171,0,No fault,,,,,,,,,
2026-08-14T13:41:22.178,1786707682.178644,7.749883,3,-3000,5.000000,344,-3000,0x03,single,-15.274468,-3149,-0.002930,171,0,No fault,,,,,,,,,
2026-08-14T13:41:22.183,1786707682.183949,7.755183,3,-3000,5.000000,345,-3000,0x03,single,-15.669782,-3104,0.002930,172,0,No fault,,,,,,,,,
2026-08-14T13:41:22.189,1786707682.189220,7.760451,3,-3000,5.000000,346,-3000,0x03,single,-16.416484,-3372,0.049817,173,0,No fault,,,,,,,,,
2026-08-14T13:41:22.194,1786707682.194485,7.765724,3,-3000,5.000000,347,-3000,0x03,single,-17.141226,-3149,0.014652,173,0,No fault,,,,,,,,,
2026-08-14T13:41:22.199,1786707682.199779,7.771017,3,-3000,5.000000,348,-3000,0x03,single,-17.887929,-3238,-0.020513,172,0,No fault,,,,,,,,,
2026-08-14T13:41:22.205,1786707682.205055,7.776289,3,-3000,5.000000,349,-3000,0x03,single,-18.612670,-3149,0.008791,172,0,No fault,,,,,,,,,
2026-08-14T13:41:22.210,1786707682.210325,7.781558,3,-3000,5.000000,350,-3000,0x03,single,-19.337411,-3104,0.032234,173,0,No fault,,,,,,,,,
2026-08-14T13:41:22.215,1786707682.215605,7.786842,3,-3000,5.000000,351,-3000,0x03,single,-20.084114,-2970,0.002930,171,0,No fault,,,,,,,,,
2026-08-14T13:41:22.220,1786707682.220882,7.792120,3,-3000,5.000000,352,-3000,0x03,single,-20.808855,-3015,-0.049817,176,0,No fault,,,,,,,,,
2026-08-14T13:41:22.226,1786707682.226165,7.797398,3,-3000,5.000000,353,-3000,0x03,single,-21.533596,-2925,-0.014652,173,0,No fault,,,,,,,,,
2026-08-14T13:41:22.231,1786707682.231438,7.802671,3,-3000,5.000000,354,-3000,0x03,single,-22.258337,-3104,0.026374,172,0,No fault,,,,,,,,,
2026-08-14T13:41:22.236,1786707682.236706,7.807935,3,-3000,5.000000,355,-3000,0x03,single,-22.983078,-2881,-0.020513,172,0,No fault,,,,,,,,,
2026-08-14T13:41:22.241,1786707682.241953,7.813183,3,-3000,5.000000,356,-3000,0x03,single,-23.729781,-3059,-0.061538,173,0,No fault,,,,,,,,,
2026-08-14T13:41:22.247,1786707682.247216,7.818453,3,-3000,5.000000,357,-3000,0x03,single,-24.432561,-2747,-0.020513,173,0,No fault,,,,,,,,,
2026-08-14T13:41:22.252,1786707682.252591,7.823832,3,-3000,5.000000,358,-3000,0x03,single,-25.179264,-2925,0.032234,171,0,No fault,,,,,,,,,
2026-08-14T13:41:22.257,1786707682.257896,7.829130,3,-3000,5.000000,359,-3000,0x03,single,-25.925966,-3149,-0.026374,170,0,No fault,,,,,,,,,
2026-08-14T13:41:22.263,1786707682.263151,7.834387,3,-3000,5.000000,360,-3000,0x03,single,-26.672669,-3461,-0.026374,172,0,No fault,,,,,,,,,
2026-08-14T13:41:22.268,1786707682.268424,7.839660,3,-3000,5.000000,361,-3000,0x03,single,-27.375449,-3015,-0.008791,173,0,No fault,,,,,,,,,
2026-08-14T13:41:22.273,1786707682.273695,7.844924,3,-3000,5.000000,362,-3000,0x03,single,-28.122152,-3238,0.038095,172,0,No fault,,,,,,,,,
2026-08-14T13:41:22.278,1786707682.278964,7.850200,3,-3000,5.000000,363,-3000,0x03,single,-28.846893,-3015,-0.026374,172,0,No fault,,,,,,,,,
2026-08-14T13:41:22.284,1786707682.284226,7.855462,3,-3000,5.000000,364,-3000,0x03,single,-29.593596,-3238,-0.020513,174,0,No fault,,,,,,,,,
2026-08-14T13:41:22.289,1786707682.289512,7.860744,3,-3000,5.000000,365,-3000,0x03,single,-30.340299,-3193,0.026374,172,0,No fault,,,,,,,,,
2026-08-14T13:41:22.294,1786707682.294780,7.866014,3,-3000,5.000000,366,-3000,0x03,single,-31.065040,-3238,0.049817,171,0,No fault,,,,,,,,,
2026-08-14T13:41:22.300,1786707682.300024,7.871255,3,-3000,5.000000,367,-3000,0x03,single,-31.811743,-3193,-0.008791,173,0,No fault,,,,,,,,,
2026-08-14T13:41:22.305,1786707682.305490,7.876726,3,-3000,5.000000,368,-3000,0x03,single,-33.283187,-3104,0.055678,173,0,No fault,,,,,,,,,
2026-08-14T13:41:22.310,1786707682.310762,7.881996,3,-3000,5.000000,369,-3000,0x03,single,-34.029890,-3104,0.049817,172,0,No fault,,,,,,,,,
2026-08-14T13:41:22.316,1786707682.316216,7.887461,3,-3000,5.000000,370,-3000,0x03,single,-34.776593,-3015,0.014652,172,0,No fault,,,,,,,,,
2026-08-14T13:41:22.321,1786707682.321537,7.892783,3,-3000,5.000000,371,-3000,0x03,single,-35.523296,-2970,0.008791,172,0,No fault,,,,,,,,,
2026-08-14T13:41:22.326,1786707682.326933,7.898205,3,-3000,5.000000,372,-3000,0x03,single,-36.269999,-3015,0.067399,173,0,No fault,,,,,,,,,
2026-08-14T13:41:22.332,1786707682.332484,7.903747,3,-3000,5.000000,373,-3000,0x03,single,-36.994740,-3059,0.032234,173,0,No fault,,,,,,,,,
2026-08-14T13:41:22.337,1786707682.337899,7.909144,3,-3000,5.000000,374,-3000,0x03,single,-37.763405,-3372,-0.008791,172,0,No fault,,,,,,,,,
2026-08-14T13:41:22.343,1786707682.343245,7.914490,3,-3000,5.000000,375,-3000,0x03,single,-38.510108,-3104,0.002930,172,0,No fault,,,,,,,,,
2026-08-14T13:41:22.348,1786707682.348603,7.919856,3,-3000,5.000000,376,-3000,0x03,single,-39.234849,-3104,0.043956,173,0,No fault,,,,,,,,,
2026-08-14T13:41:22.353,1786707682.353982,7.925233,3,-3000,5.000000,377,-3000,0x03,single,-39.937628,-2613,0.008791,170,0,No fault,,,,,,,,,
2026-08-14T13:41:22.369,1786707682.369557,7.940810,3,-3000,5.000000,378,-3000,0x03,single,-40.684331,-2836,-0.055678,172,0,No fault,,,,,,,,,
2026-08-14T13:41:22.375,1786707682.375884,7.947129,3,-3000,5.000000,379,-3000,0x03,single,-42.133813,-2836,0.002930,172,0,No fault,,,,,,,,,
2026-08-14T13:41:22.381,1786707682.381186,7.952417,3,-3000,5.000000,380,-3000,0x03,single,-44.417846,-2747,-0.038095,172,0,No fault,,,,,,,,,
2026-08-14T13:41:22.386,1786707682.386403,7.957632,3,-3000,5.000000,381,-3000,0x03,single,-44.791197,-3015,-0.008791,172,0,No fault,,,,,,,,,
2026-08-14T13:41:22.391,1786707682.391642,7.962885,3,-3000,5.000000,382,-3000,0x03,single,-45.186511,-3193,0.008791,172,0,No fault,,,,,,,,,
2026-08-14T13:41:22.396,1786707682.396958,7.968198,3,-3000,5.000000,383,-3000,0x03,single,-45.911252,-2970,-0.032234,171,0,No fault,,,,,,,,,
2026-08-14T13:41:22.402,1786707682.402256,7.973495,3,-3000,5.000000,384,-3000,0x03,single,-46.657955,-3149,-0.038095,172,0,No fault,,,,,,,,,
2026-08-14T13:41:22.407,1786707682.407550,7.978787,3,-3000,5.000000,385,-3000,0x03,single,-47.360734,-2970,-0.026374,173,0,No fault,,,,,,,,,
2026-08-14T13:41:22.412,1786707682.412832,7.984070,3,-3000,5.000000,386,-3000,0x03,single,-48.107437,-3015,0.020513,172,0,No fault,,,,,,,,,
2026-08-14T13:41:22.418,1786707682.418170,7.989414,3,-3000,5.000000,387,-3000,0x03,single,-48.832178,-3015,-0.032234,172,0,No fault,,,,,,,,,
2026-08-14T13:41:22.423,1786707682.423496,7.994739,3,-3000,5.000000,388,-3000,0x03,single,-49.556919,-3015,-0.038095,172,0,No fault,,,,,,,,,
2026-08-14T13:41:22.428,1786707682.428824,8.000068,3,-3000,5.000000,389,-3000,0x03,single,-50.281661,-2970,0.002930,172,0,No fault,,,,,,,,,
2026-08-14T13:41:22.434,1786707682.434374,8.005613,3,-3000,5.000000,390,-3000,0x03,single,-51.753105,-2925,-0.026374,177,0,No fault,,,,,,,,,
2026-08-14T13:41:22.439,1786707682.439909,8.011147,3,-3000,5.000000,391,-3000,0x03,single,-52.499808,-2881,-0.020513,173,0,No fault,,,,,,,,,
2026-08-14T13:41:22.445,1786707682.445225,8.016466,3,-3000,5.000000,392,-3000,0x03,single,-53.246511,-2925,0.032234,172,0,No fault,,,,,,,,,
2026-08-14T13:41:22.450,1786707682.450537,8.021774,3,-3000,5.000000,393,-3000,0x03,single,-53.971252,-2791,0.026374,171,0,No fault,,,,,,,,,
2026-08-14T13:41:22.455,1786707682.455834,8.027073,3,-3000,5.000000,394,-3000,0x03,single,-54.739917,-3372,-0.020513,172,0,No fault,,,,,,,,,
2026-08-14T13:41:22.461,1786707682.461133,8.032369,3,-3000,5.000000,395,-3000,0x03,single,-55.442696,-2881,-0.014652,172,0,No fault,,,,,,,,,
2026-08-14T13:41:22.466,1786707682.466426,8.037661,3,-3000,5.000000,396,-3000,0x03,single,-56.189399,-2970,0.038095,172,0,No fault,,,,,,,,,
2026-08-14T13:41:22.471,1786707682.471725,8.042963,3,-3000,5.000000,397,-3000,0x03,single,-56.936102,-3059,0.020513,172,0,No fault,,,,,,,,,
2026-08-14T13:41:22.477,1786707682.477021,8.048256,3,-3000,5.000000,398,-3000,0x03,single,-57.660843,-2970,-0.020513,172,0,No fault,,,,,,,,,
2026-08-14T13:41:22.482,1786707682.482320,8.053555,3,-3000,5.000000,399,-3000,0x03,single,-58.407546,-3104,-0.014652,172,0,No fault,,,,,,,,,
2026-08-14T13:41:22.487,1786707682.487601,8.058842,3,-3000,5.000000,400,-3000,0x03,single,-59.110325,-2881,0.026374,171,0,No fault,,,,,,,,,
2026-08-14T13:41:22.492,1786707682.492931,8.064167,3,-3000,5.000000,401,-3000,0x03,single,-59.857028,-3015,-0.002930,174,0,No fault,,,,,,,,,
2026-08-14T13:41:22.498,1786707682.498223,8.069462,3,-3000,5.000000,402,-3000,0x03,single,-60.581769,-3059,-0.055678,173,0,No fault,,,,,,,,,
2026-08-14T13:41:22.503,1786707682.503514,8.074752,3,-3000,5.000000,403,-3000,0x03,single,-61.306510,-3104,-0.043956,173,0,No fault,,,,,,,,,
2026-08-14T13:41:22.508,1786707682.508798,8.080032,3,-3000,5.000000,404,-3000,0x03,single,-62.031251,-3059,0.008791,175,0,No fault,,,,,,,,,
2026-08-14T13:41:22.514,1786707682.514079,8.085316,3,-3000,5.000000,405,-3000,0x03,single,-62.755993,-2925,-0.008791,172,0,No fault,,,,,,,,,
2026-08-14T13:41:22.519,1786707682.519358,8.090595,3,-3000,5.000000,406,-3000,0x03,single,-63.480734,-3059,-0.061538,173,0,No fault,,,,,,,,,
2026-08-14T13:41:22.524,1786707682.524638,8.095874,3,-3000,5.000000,407,-3000,0x03,single,-64.205475,-2970,-0.055678,172,0,No fault,,,,,,,,,
2026-08-14T13:41:22.529,1786707682.529920,8.101158,3,-3000,5.000000,408,-3000,0x03,single,-64.930216,-3059,0.008791,172,0,No fault,,,,,,,,,
2026-08-14T13:41:22.535,1786707682.535210,8.106442,3,-3000,5.000000,409,-3000,0x03,single,-65.654957,-2881,-0.020513,173,0,No fault,,,,,,,,,
2026-08-14T13:41:22.540,1786707682.540494,8.111730,3,-3000,5.000000,410,-3000,0x03,single,-66.379698,-3104,-0.084982,173,0,No fault,,,,,,,,,
2026-08-14T13:41:22.545,1786707682.545777,8.117013,3,-3000,5.000000,411,-3000,0x03,single,-67.104439,-2970,-0.038095,173,0,No fault,,,,,,,,,
2026-08-14T13:41:22.551,1786707682.551201,8.122435,3,-3000,5.000000,412,-3000,0x03,single,-67.829180,-2970,0.014652,172,0,No fault,,,,,,,,,
2026-08-14T13:41:22.556,1786707682.556482,8.127715,3,-3000,5.000000,413,-3000,0x03,single,-68.553922,-2970,-0.020513,172,0,No fault,,,,,,,,,
2026-08-14T13:41:22.567,1786707682.567105,8.138339,3,-3000,5.000000,414,-3000,0x03,single,-69.300624,-3059,-0.067399,174,0,No fault,,,,,,,,,
2026-08-14T13:41:22.572,1786707682.572386,8.143628,3,-3000,5.000000,415,-3000,0x03,single,-70.750107,-2791,0.020513,172,0,No fault,,,,,,,,,
2026-08-14T13:41:22.577,1786707682.577719,8.148958,3,-3000,5.000000,416,-3000,0x03,single,-72.902368,-3015,0.002930,173,0,No fault,,,,,,,,,
2026-08-14T13:41:22.583,1786707682.583010,8.154246,3,-3000,5.000000,417,-3000,0x03,single,-73.275720,-3015,0.038095,169,0,No fault,,,,,,,,,
2026-08-14T13:41:22.588,1786707682.588297,8.159531,3,-3000,5.000000,418,-3000,0x03,single,-73.671033,-3015,0.043956,172,0,No fault,,,,,,,,,
2026-08-14T13:41:22.593,1786707682.593580,8.164817,3,-3000,5.000000,419,-3000,0x03,single,-74.417736,-3059,0.002930,172,0,No fault,,,,,,,,,
2026-08-14T13:41:22.598,1786707682.598871,8.170109,3,-3000,5.000000,420,-3000,0x03,single,-75.164439,-3104,-0.008791,169,0,No fault,,,,,,,,,
2026-08-14T13:41:22.604,1786707682.604195,8.175451,3,-3000,5.000000,421,-3000,0x03,single,-75.889180,-2970,0.008791,170,0,No fault,,,,,,,,,
2026-08-14T13:41:22.609,1786707682.609636,8.180881,3,-3000,5.000000,422,-3000,0x03,single,-76.613921,-3104,0.049817,173,0,No fault,,,,,,,,,
2026-08-14T13:41:22.614,1786707682.614976,8.186214,3,-3000,5.000000,423,-3000,0x03,single,-77.360624,-3104,-0.020513,172,0,No fault,,,,,,,,,
2026-08-14T13:41:22.620,1786707682.620279,8.191519,3,-3000,5.000000,424,-3000,0x03,single,-78.107327,-2970,-0.014652,175,0,No fault,,,,,,,,,
2026-08-14T13:41:22.625,1786707682.625592,8.196828,3,-3000,5.000000,425,-3000,0x03,single,-78.832068,-2970,0.020513,173,0,No fault,,,,,,,,,
2026-08-14T13:41:22.630,1786707682.630903,8.202144,3,-3000,5.000000,426,-3000,0x03,single,-79.556809,-2925,0.032234,173,0,No fault,,,,,,,,,
2026-08-14T13:41:22.636,1786707682.636206,8.207441,3,-3000,5.000000,427,-3000,0x03,single,-80.281551,-2836,-0.038095,173,0,No fault,,,,,,,,,
2026-08-14T13:41:22.641,1786707682.641508,8.212742,3,-3000,5.000000,428,-3000,0x03,single,-81.006292,-2836,-0.049817,173,0,No fault,,,,,,,,,
2026-08-14T13:41:22.646,1786707682.646786,8.218024,3,-3000,5.000000,429,-3000,0x03,single,-81.731033,-3059,-0.014652,173,0,No fault,,,,,,,,,
2026-08-14T13:41:22.652,1786707682.652063,8.223299,3,-3000,5.000000,430,-3000,0x03,single,-82.477736,-3238,0.014652,173,0,No fault,,,,,,,,,
2026-08-14T13:41:22.657,1786707682.657340,8.228577,3,-3000,5.000000,431,-3000,0x03,single,-83.180515,-3104,-0.049817,173,0,No fault,,,,,,,,,
2026-08-14T13:41:22.662,1786707682.662647,8.233880,3,-3000,5.000000,432,-3000,0x03,single,-83.905256,-2925,-0.067399,172,0,No fault,,,,,,,,,
2026-08-14T13:41:22.667,1786707682.667908,8.239137,3,-3000,5.000000,433,-3000,0x03,single,-84.629997,-3015,-0.008791,172,0,No fault,,,,,,,,,
2026-08-14T13:41:22.673,1786707682.673166,8.244394,3,-3000,5.000000,434,-3000,0x03,single,-85.332777,-2702,0.002930,173,0,No fault,,,,,,,,,
2026-08-14T13:41:22.678,1786707682.678476,8.249716,3,-3000,5.000000,435,-3000,0x03,single,-86.101441,-3149,-0.032234,173,0,No fault,,,,,,,,,
2026-08-14T13:41:22.683,1786707682.683782,8.255016,3,-3000,5.000000,436,-3000,0x03,single,-86.848144,-3015,-0.032234,173,0,No fault,,,,,,,,,
2026-08-14T13:41:22.689,1786707682.689254,8.260486,3,-3000,5.000000,437,-3000,0x03,single,-88.297627,-2925,0.020513,172,0,No fault,,,,,,,,,
2026-08-14T13:41:22.694,1786707682.694723,8.265959,3,-3000,5.000000,438,-3000,0x03,single,-89.044330,-3104,-0.026374,174,0,No fault,,,,,,,,,
2026-08-14T13:41:22.699,1786707682.699997,8.271230,3,-3000,5.000000,439,-3000,0x03,single,-89.747109,-2925,-0.026374,173,0,No fault,,,,,,,,,
2026-08-14T13:41:22.705,1786707682.705276,8.276508,3,-3000,5.000000,440,-3000,0x03,single,-90.493812,-3059,0.049817,172,0,No fault,,,,,,,,,
2026-08-14T13:41:22.710,1786707682.710541,8.281777,3,-3000,5.000000,441,-3000,0x03,single,-91.240515,-3104,0.014652,172,0,No fault,,,,,,,,,
2026-08-14T13:41:22.715,1786707682.715832,8.287064,3,-3000,5.000000,442,-3000,0x03,single,-91.987218,-3059,-0.014652,173,0,No fault,,,,,,,,,
2026-08-14T13:41:22.721,1786707682.721112,8.292350,3,-3000,5.000000,443,-3000,0x03,single,-92.711959,-2881,-0.014652,173,0,No fault,,,,,,,,,
2026-08-14T13:41:22.726,1786707682.726461,8.297692,3,-3000,5.000000,444,-3000,0x03,single,-93.458662,-3104,0.043956,174,0,No fault,,,,,,,,,
2026-08-14T13:41:22.731,1786707682.731740,8.302978,3,-3000,5.000000,445,-3000,0x03,single,-94.183403,-2791,0.026374,173,0,No fault,,,,,,,,,
2026-08-14T13:41:22.737,1786707682.737022,8.308258,3,-3000,5.000000,446,-3000,0x03,single,-94.930106,-3149,-0.014652,172,0,No fault,,,,,,,,,
2026-08-14T13:41:22.742,1786707682.742294,8.313531,3,-3000,5.000000,447,-3000,0x03,single,-95.676809,-2881,0.008791,173,0,No fault,,,,,,,,,
2026-08-14T13:41:22.747,1786707682.747577,8.318813,3,-3000,5.000000,448,-3000,0x03,single,-96.401550,-2836,0.055678,170,0,No fault,,,,,,,,,
2026-08-14T13:41:22.752,1786707682.752855,8.324091,3,-3000,5.000000,449,-3000,0x03,single,-97.148253,-2970,0.026374,172,0,No fault,,,,,,,,,
2026-08-14T13:41:22.758,1786707682.758152,8.329391,3,-3000,5.000000,450,-3000,0x03,single,-97.872994,-2881,-0.014652,173,0,No fault,,,,,,,,,
2026-08-14T13:41:22.773,1786707682.773610,8.344849,3,-3000,5.000000,451,-3000,0x03,single,-99.344438,-3149,0.043956,173,0,No fault,,,,,,,,,
2026-08-14T13:41:22.778,1786707682.778929,8.350166,3,-3000,5.000000,452,-3000,0x03,single,-100.091141,-3104,-0.008791,172,0,No fault,,,,,,,,,
2026-08-14T13:41:22.784,1786707682.784230,8.355468,3,-3000,5.000000,453,-3000,0x03,single,-102.111632,-3059,0.014652,173,0,No fault,,,,,,,,,
2026-08-14T13:41:22.789,1786707682.789494,8.360728,3,-3000,5.000000,454,-3000,0x03,single,-102.463021,-3015,0.002930,172,0,No fault,,,,,,,,,
2026-08-14T13:41:22.794,1786707682.794756,8.365988,3,-3000,5.000000,455,-3000,0x03,single,-102.858335,-2970,-0.026374,171,0,No fault,,,,,,,,,
2026-08-14T13:41:22.800,1786707682.800016,8.371246,3,-3000,5.000000,456,-3000,0x03,single,-103.583076,-2925,-0.079121,173,0,No fault,,,,,,,,,
2026-08-14T13:41:22.805,1786707682.805280,8.376512,3,-3000,5.000000,457,-3000,0x03,single,-104.307817,-2836,-0.043956,168,0,No fault,,,,,,,,,
2026-08-14T13:41:22.810,1786707682.810590,8.381824,3,-3000,5.000000,458,-3000,0x03,single,-105.032558,-2881,-0.002930,170,0,No fault,,,,,,,,,
2026-08-14T13:41:22.816,1786707682.816041,8.387275,3,-3000,5.000000,459,-3000,0x03,single,-106.482040,-2925,-0.073260,174,0,No fault,,,,,,,,,
2026-08-14T13:41:22.821,1786707682.821311,8.392547,3,-3000,5.000000,460,-3000,0x03,single,-107.250705,-3104,-0.026374,172,0,No fault,,,,,,,,,
2026-08-14T13:41:22.826,1786707682.826808,8.398072,3,-3000,5.000000,461,-3000,0x03,single,-107.975446,-3372,0.008791,172,0,No fault,,,,,,,,,
2026-08-14T13:41:22.832,1786707682.832319,8.403570,3,-3000,5.000000,462,-3000,0x03,single,-108.700187,-3104,-0.026374,172,0,No fault,,,,,,,,,
2026-08-14T13:41:22.837,1786707682.837739,8.408984,3,-3000,5.000000,463,-3000,0x03,single,-109.424928,-3059,-0.043956,172,0,No fault,,,,,,,,,
2026-08-14T13:41:22.843,1786707682.843112,8.414364,3,-3000,5.000000,464,-3000,0x03,single,-110.171631,-3059,-0.008791,170,0,No fault,,,,,,,,,
2026-08-14T13:41:22.848,1786707682.848546,8.419805,3,-3000,5.000000,465,-3000,0x03,single,-110.896372,-3015,0.026374,172,0,No fault,,,,,,,,,
2026-08-14T13:41:22.853,1786707682.853950,8.425209,3,-3000,5.000000,466,-3000,0x03,single,-111.643075,-3193,-0.026374,172,0,No fault,,,,,,,,,
2026-08-14T13:41:22.859,1786707682.859345,8.430596,3,-3000,5.000000,467,-3000,0x03,single,-112.367817,-3104,-0.038095,172,0,No fault,,,,,,,,,
2026-08-14T13:41:22.864,1786707682.864706,8.435947,3,-3000,5.000000,468,-3000,0x03,single,-113.092558,-2970,-0.002930,173,0,No fault,,,,,,,,,
2026-08-14T13:41:22.870,1786707682.870044,8.441298,3,-3000,5.000000,469,-3000,0x03,single,-113.839261,-2970,0.043956,173,0,No fault,,,,,,,,,
2026-08-14T13:41:22.875,1786707682.875424,8.446670,3,-3000,5.000000,470,-3000,0x03,single,-114.585964,-3149,-0.020513,176,0,No fault,,,,,,,,,
2026-08-14T13:41:22.881,1786707682.881949,8.453178,3,-3000,5.000000,471,-3000,0x03,single,-115.288743,-2881,-0.014652,171,0,No fault,,,,,,,,,
2026-08-14T13:41:22.887,1786707682.887178,8.458405,3,-3000,5.000000,472,-3000,0x03,single,-116.035446,-2881,0.032234,174,0,No fault,,,,,,,,,
2026-08-14T13:41:22.892,1786707682.892606,8.463849,3,-3000,5.000000,473,-3000,0x03,single,-117.506890,-3059,-0.020513,173,0,No fault,,,,,,,,,
2026-08-14T13:41:22.899,1786707682.899316,8.470565,3,-3000,5.000000,474,-3000,0x03,single,-118.231631,-2970,-0.014652,172,0,No fault,,,,,,,,,
2026-08-14T13:41:22.904,1786707682.904658,8.475896,3,-3000,5.000000,475,-3000,0x03,single,-118.956372,-2970,0.032234,170,0,No fault,,,,,,,,,
2026-08-14T13:41:22.909,1786707682.909980,8.481223,3,-3000,5.000000,476,-3000,0x03,single,-119.703075,-3149,0.002930,172,0,No fault,,,,,,,,,
2026-08-14T13:41:22.915,1786707682.915298,8.486534,3,-3000,5.000000,477,-3000,0x03,single,-120.427816,-3059,-0.049817,173,0,No fault,,,,,,,,,
2026-08-14T13:41:22.920,1786707682.920605,8.491842,3,-3000,5.000000,478,-3000,0x03,single,-121.130596,-2925,-0.049817,172,0,No fault,,,,,,,,,
2026-08-14T13:41:22.925,1786707682.925903,8.497137,3,-3000,5.000000,479,-3000,0x03,single,-121.833375,-2702,0.008791,173,0,No fault,,,,,,,,,
2026-08-14T13:41:22.931,1786707682.931193,8.502427,3,-3000,5.000000,480,-3000,0x03,single,-122.558116,-2702,-0.020513,170,0,No fault,,,,,,,,,
2026-08-14T13:41:22.936,1786707682.936474,8.507712,3,-3000,5.000000,481,-3000,0x03,single,-123.326781,-3149,-0.043956,173,0,No fault,,,,,,,,,
2026-08-14T13:41:22.941,1786707682.941768,8.513003,3,-3000,5.000000,482,-3000,0x03,single,-124.051522,-3149,-0.055678,172,0,No fault,,,,,,,,,
2026-08-14T13:41:22.947,1786707682.947054,8.518289,3,-3000,5.000000,483,-3000,0x03,single,-124.754301,-2970,-0.002930,172,0,No fault,,,,,,,,,
2026-08-14T13:41:22.952,1786707682.952339,8.523573,3,-3000,5.000000,484,-3000,0x03,single,-125.479042,-2970,-0.014652,176,0,No fault,,,,,,,,,
2026-08-14T13:41:22.957,1786707682.957625,8.528858,3,-3000,5.000000,485,-3000,0x03,single,-126.181822,-2970,-0.049817,173,0,No fault,,,,,,,,,
2026-08-14T13:41:22.962,1786707682.962900,8.534136,3,-3000,5.000000,486,-3000,0x03,single,-126.928525,-3149,-0.049817,173,0,No fault,,,,,,,,,
2026-08-14T13:41:22.978,1786707682.978563,8.549810,3,-3000,5.000000,487,-3000,0x03,single,-128.356045,-3015,-0.014652,173,0,No fault,,,,,,,,,
2026-08-14T13:41:22.983,1786707682.983890,8.555133,3,-3000,5.000000,488,-3000,0x03,single,-129.102748,-3015,-0.049817,172,0,No fault,,,,,,,,,
2026-08-14T13:41:22.989,1786707682.989205,8.560439,3,-3000,5.000000,489,-3000,0x03,single,-131.276971,-2925,-0.002930,172,0,No fault,,,,,,,,,
2026-08-14T13:41:22.994,1786707682.994749,8.565987,3,-3000,5.000000,490,-3000,0x03,single,-132.045636,-2970,-0.061538,174,0,No fault,,,,,,,,,
2026-08-14T13:41:23.000,1786707683.000180,8.571413,3,-3000,5.000000,491,-3000,0x03,single,-132.792339,-3015,-0.020513,172,0,No fault,,,,,,,,,
2026-08-14T13:41:23.005,1786707683.005486,8.576722,3,-3000,5.000000,492,-3000,0x03,single,-133.539042,-2970,0.032234,173,0,No fault,,,,,,,,,
2026-08-14T13:41:23.010,1786707683.010758,8.581991,3,-3000,5.000000,493,-3000,0x03,single,-134.263783,-2970,0.002930,172,0,No fault,,,,,,,,,
2026-08-14T13:41:23.016,1786707683.016037,8.587275,3,-3000,5.000000,494,-3000,0x03,single,-135.032448,-3149,-0.020513,172,0,No fault,,,,,,,,,
2026-08-14T13:41:23.021,1786707683.021311,8.592548,3,-3000,5.000000,495,-3000,0x03,single,-135.735227,-2836,0.002930,173,0,No fault,,,,,,,,,
2026-08-14T13:41:23.026,1786707683.026630,8.597867,3,-3000,5.000000,496,-3000,0x03,single,-136.481930,-2970,0.038095,172,0,No fault,,,,,,,,,
2026-08-14T13:41:23.031,1786707683.031887,8.603122,3,-3000,5.000000,497,-3000,0x03,single,-137.206671,-2836,0.002930,172,0,No fault,,,,,,,,,
2026-08-14T13:41:23.037,1786707683.037158,8.608393,3,-3000,5.000000,498,-3000,0x03,single,-137.953374,-3104,-0.026374,172,0,No fault,,,,,,,,,
2026-08-14T13:41:23.042,1786707683.042449,8.613693,3,-3000,5.000000,499,-3000,0x03,single,-138.700077,-3015,0.002930,171,0,No fault,,,,,,,,,
2026-08-14T13:41:23.047,1786707683.047770,8.619012,3,-3000,5.000000,500,-3000,0x03,single,-139.446780,-3283,0.038095,173,0,No fault,,,,,,,,,
2026-08-14T13:41:23.053,1786707683.053070,8.624306,3,-3000,5.000000,501,-3000,0x03,single,-140.171521,-3417,-0.020513,172,0,No fault,,,,,,,,,
2026-08-14T13:41:23.058,1786707683.058437,8.629674,3,-3000,5.000000,502,-3000,0x03,single,-140.852339,-2702,-0.055678,174,0,No fault,,,,,,,,,
2026-08-14T13:41:23.063,1786707683.063717,8.634952,3,-3000,5.000000,503,-3000,0x03,single,-141.599042,-3104,-0.032234,174,0,No fault,,,,,,,,,
2026-08-14T13:41:23.068,1786707683.068985,8.640218,3,-3000,5.000000,504,-3000,0x03,single,-142.323783,-3059,0.008791,172,0,No fault,,,,,,,,,
2026-08-14T13:41:23.074,1786707683.074257,8.645496,3,-3000,5.000000,505,-3000,0x03,single,-143.048524,-3104,-0.055678,172,0,No fault,,,,,,,,,
2026-08-14T13:41:23.079,1786707683.079524,8.650759,3,-3000,5.000000,506,-3000,0x03,single,-143.773265,-3015,-0.073260,171,0,No fault,,,,,,,,,
2026-08-14T13:41:23.084,1786707683.084785,8.656025,3,-3000,5.000000,507,-3000,0x03,single,-144.498006,-2925,-0.032234,173,0,No fault,,,,,,,,,
2026-08-14T13:41:23.090,1786707683.090057,8.661291,3,-3000,5.000000,508,-3000,0x03,single,-145.222747,-2881,0.008791,173,0,No fault,,,,,,,,,
2026-08-14T13:41:23.095,1786707683.095325,8.666562,3,-3000,5.000000,509,-3000,0x03,single,-145.947489,-2925,-0.043956,171,0,No fault,,,,,,,,,
2026-08-14T13:41:23.100,1786707683.100600,8.671834,3,-3000,5.000000,510,-3000,0x03,single,-146.672230,-2925,-0.043956,173,0,No fault,,,,,,,,,
2026-08-14T13:41:23.105,1786707683.105886,8.677128,3,-3000,5.000000,511,-3000,0x03,single,-147.418933,-3149,-0.008791,173,0,No fault,,,,,,,,,
2026-08-14T13:41:23.111,1786707683.111375,8.682652,3,-3000,5.000000,512,-3000,0x03,single,-148.143674,-3104,0.014652,173,0,No fault,,,,,,,,,
2026-08-14T13:41:23.116,1786707683.116894,8.688139,3,-3000,5.000000,513,-3000,0x03,single,-148.868415,-2925,-0.043956,173,0,No fault,,,,,,,,,
2026-08-14T13:41:23.122,1786707683.122401,8.693634,3,-3000,5.000000,514,-3000,0x03,single,-150.361821,-3238,0.032234,173,0,No fault,,,,,,,,,
2026-08-14T13:41:23.127,1786707683.127846,8.699085,3,-3000,5.000000,515,-3000,0x03,single,-151.152447,-3283,0.020513,170,0,No fault,,,,,,,,,
2026-08-14T13:41:23.133,1786707683.133160,8.704394,3,-3000,5.000000,516,-3000,0x03,single,-151.855227,-3104,-0.008791,173,0,No fault,,,,,,,,,
2026-08-14T13:41:23.138,1786707683.138448,8.709684,3,-3000,5.000000,517,-3000,0x03,single,-152.579968,-3104,-0.020513,174,0,No fault,,,,,,,,,
2026-08-14T13:41:23.143,1786707683.143741,8.714978,3,-3000,5.000000,518,-3000,0x03,single,-153.304709,-2836,0.043956,173,0,No fault,,,,,,,,,
2026-08-14T13:41:23.149,1786707683.149035,8.720270,3,-3000,5.000000,519,-3000,0x03,single,-154.051412,-3015,0.032234,172,0,No fault,,,,,,,,,
2026-08-14T13:41:23.154,1786707683.154320,8.725556,3,-3000,5.000000,520,-3000,0x03,single,-154.798115,-3193,-0.008791,172,0,No fault,,,,,,,,,
2026-08-14T13:41:23.159,1786707683.159606,8.730837,3,-3000,5.000000,521,-3000,0x03,single,-155.544818,-3015,0.002930,173,0,No fault,,,,,,,,,
2026-08-14T13:41:23.164,1786707683.164887,8.736120,3,-3000,5.000000,522,-3000,0x03,single,-156.269559,-2881,0.049817,172,0,No fault,,,,,,,,,
2026-08-14T13:41:23.180,1786707683.180312,8.751545,3,-3000,5.000000,523,-3000,0x03,single,-156.994300,-2791,0.026374,173,0,No fault,,,,,,,,,
2026-08-14T13:41:23.185,1786707683.185575,8.756816,3,-3000,5.000000,524,-3000,0x03,single,-158.487706,-2925,-0.008791,173,0,No fault,,,,,,,,,
2026-08-14T13:41:23.190,1786707683.190878,8.762112,3,-3000,5.000000,525,-3000,0x03,single,-160.683891,-3059,-0.067399,172,0,No fault,,,,,,,,,
2026-08-14T13:41:23.196,1786707683.196158,8.767391,3,-3000,5.000000,526,-3000,0x03,single,-161.057243,-3193,-0.043956,170,0,No fault,,,,,,,,,
2026-08-14T13:41:23.201,1786707683.201484,8.772717,3,-3000,5.000000,527,-3000,0x03,single,-161.408632,-2970,-0.043956,174,0,No fault,,,,,,,,,
2026-08-14T13:41:23.206,1786707683.206748,8.777984,3,-3000,5.000000,528,-3000,0x03,single,-162.155335,-3059,0.002930,173,0,No fault,,,,,,,,,
2026-08-14T13:41:23.212,1786707683.212029,8.783261,3,-3000,5.000000,529,-3000,0x03,single,-162.880077,-3238,-0.026374,172,0,No fault,,,,,,,,,
2026-08-14T13:41:23.217,1786707683.217307,8.788538,3,-3000,5.000000,530,-3000,0x03,single,-163.604818,-3193,-0.073260,173,0,No fault,,,,,,,,,
2026-08-14T13:41:23.222,1786707683.222700,8.793933,3,-3000,5.000000,531,-3000,0x03,single,-164.329559,-3327,-0.049817,172,0,No fault,,,,,,,,,
2026-08-14T13:41:23.227,1786707683.227982,8.799218,3,-3000,5.000000,532,-3000,0x03,single,-165.054300,-3149,-0.002930,172,0,No fault,,,,,,,,,
2026-08-14T13:41:23.233,1786707683.233264,8.804501,3,-3000,5.000000,533,-3000,0x03,single,-165.779041,-3104,-0.026374,173,0,No fault,,,,,,,,,
2026-08-14T13:41:23.238,1786707683.238558,8.809792,3,-3000,5.000000,534,-3000,0x03,single,-166.503782,-3015,-0.073260,173,0,No fault,,,,,,,,,
2026-08-14T13:41:23.243,1786707683.243863,8.815116,3,-3000,5.000000,535,-3000,0x03,single,-167.228523,-3015,-0.026374,173,0,No fault,,,,,,,,,
2026-08-14T13:41:23.249,1786707683.249259,8.820501,3,-3000,5.000000,536,-3000,0x03,single,-167.953264,-2881,0.002930,172,0,No fault,,,,,,,,,
2026-08-14T13:41:23.254,1786707683.254598,8.825848,3,-3000,5.000000,537,-3000,0x03,single,-168.678006,-2881,-0.032234,173,0,No fault,,,,,,,,,
2026-08-14T13:41:23.259,1786707683.259902,8.831138,3,-3000,5.000000,538,-3000,0x03,single,-169.424708,-3015,-0.055678,173,0,No fault,,,,,,,,,
2026-08-14T13:41:23.265,1786707683.265164,8.836396,3,-3000,5.000000,539,-3000,0x03,single,-170.193373,-3193,-0.014652,172,0,No fault,,,,,,,,,
2026-08-14T13:41:23.270,1786707683.270404,8.841632,3,-3000,5.000000,540,-3000,0x03,single,-170.896153,-3104,0.020513,172,0,No fault,,,,,,,,,
2026-08-14T13:41:23.275,1786707683.275823,8.847052,3,-3000,5.000000,541,-3000,0x03,single,-172.345635,-3015,-0.026374,172,0,No fault,,,,,,,,,
2026-08-14T13:41:23.281,1786707683.281103,8.852330,3,-3000,5.000000,542,-3000,0x03,single,-173.092338,-3283,-0.008791,172,0,No fault,,,,,,,,,
2026-08-14T13:41:23.286,1786707683.286343,8.857593,3,-3000,5.000000,543,-3000,0x03,single,-173.817079,-3015,0.032234,172,0,No fault,,,,,,,,,
2026-08-14T13:41:23.291,1786707683.291851,8.863104,3,-3000,5.000000,544,-3000,0x03,single,-174.563782,-3193,-0.026374,173,0,No fault,,,,,,,,,
2026-08-14T13:41:23.297,1786707683.297266,8.868513,3,-3000,5.000000,545,-3000,0x03,single,-175.288523,-3193,-0.020513,170,0,No fault,,,,,,,,,
2026-08-14T13:41:23.302,1786707683.302662,8.873911,3,-3000,5.000000,546,-3000,0x03,single,-176.035226,-2970,0.020513,173,0,No fault,,,,,,,,,
2026-08-14T13:41:23.308,1786707683.308043,8.879281,3,-3000,5.000000,547,-3000,0x03,single,-176.781929,-3059,0.032234,172,0,No fault,,,,,,,,,
2026-08-14T13:41:23.313,1786707683.313322,8.884559,3,-3000,5.000000,548,-3000,0x03,single,-177.506670,-3015,-0.026374,173,0,No fault,,,,,,,,,
2026-08-14T13:41:23.318,1786707683.318607,8.889841,3,-3000,5.000000,549,-3000,0x03,single,-178.275335,-3283,-0.032234,172,0,No fault,,,,,,,,,
2026-08-14T13:41:23.323,1786707683.323848,8.895080,3,-3000,5.000000,550,-3000,0x03,single,-178.978114,-2881,0.026374,172,0,No fault,,,,,,,,,
2026-08-14T13:41:23.329,1786707683.329114,8.900367,3,-3000,5.000000,551,-3000,0x03,single,-179.702855,-3059,0.002930,173,0,No fault,,,,,,,,,
2026-08-14T13:41:23.334,1786707683.334504,8.905749,3,-3000,5.000000,552,-3000,0x03,single,-180.405635,-2881,-0.032234,173,0,No fault,,,,,,,,,
2026-08-14T13:41:23.339,1786707683.339841,8.911079,3,-3000,5.000000,553,-3000,0x03,single,-181.130376,-2925,-0.061538,173,0,No fault,,,,,,,,,
2026-08-14T13:41:23.345,1786707683.345157,8.916411,3,-3000,5.000000,554,-3000,0x03,single,-181.877079,-2925,0.002930,172,0,No fault,,,,,,,,,
2026-08-14T13:41:23.350,1786707683.350539,8.921788,3,-3000,5.000000,555,-3000,0x03,single,-182.601820,-3283,-0.014652,175,0,No fault,,,,,,,,,
2026-08-14T13:41:23.355,1786707683.355875,8.927118,3,-3000,5.000000,556,-3000,0x03,single,-183.326561,-3015,-0.055678,172,0,No fault,,,,,,,,,
2026-08-14T13:41:23.361,1786707683.361184,8.932420,3,-3000,5.000000,557,-3000,0x03,single,-184.051302,-3104,-0.055678,171,0,No fault,,,,,,,,,
2026-08-14T13:41:23.366,1786707683.366498,8.937746,3,-3000,5.000000,558,-3000,0x03,single,-184.754081,-2791,-0.002930,171,0,No fault,,,,,,,,,
2026-08-14T13:41:23.371,1786707683.371981,8.943221,3,-3000,5.000000,559,-3000,0x03,single,-185.500784,-3193,-0.038095,170,0,No fault,,,,,,,,,
2026-08-14T13:41:23.387,1786707683.387486,8.958722,3,-3000,5.000000,560,-3000,0x03,single,-186.950267,-2970,-0.055678,171,0,No fault,,,,,,,,,
2026-08-14T13:41:23.393,1786707683.393012,8.964257,3,-3000,5.000000,561,-3000,0x03,single,-187.675008,-3193,0.002930,173,0,No fault,,,,,,,,,
2026-08-14T13:41:23.398,1786707683.398313,8.969548,3,-3000,5.000000,562,-3000,0x03,single,-189.915117,-2970,-0.038095,174,0,No fault,,,,,,,,,
2026-08-14T13:41:23.403,1786707683.403546,8.974775,3,-3000,5.000000,563,-3000,0x03,single,-190.288468,-2970,0.002930,172,0,No fault,,,,,,,,,
2026-08-14T13:41:23.408,1786707683.408782,8.980017,3,-3000,5.000000,564,-3000,0x03,single,-190.661820,-2970,0.008791,174,0,No fault,,,,,,,,,
2026-08-14T13:41:23.414,1786707683.414226,8.985470,3,-3000,5.000000,565,-3000,0x03,single,-191.408523,-3104,-0.008791,173,0,No fault,,,,,,,,,
2026-08-14T13:41:23.419,1786707683.419786,8.991025,3,-3000,5.000000,566,-3000,0x03,single,-192.858005,-3059,-0.014652,172,0,No fault,,,,,,,,,
2026-08-14T13:41:23.425,1786707683.425108,8.996350,3,-3000,5.000000,567,-3000,0x03,single,-193.626670,-3104,0.038095,172,0,No fault,,,,,,,,,
2026-08-14T13:41:23.430,1786707683.430421,9.001657,3,-3000,5.000000,568,-3000,0x03,single,-194.351411,-3104,0.008791,172,0,No fault,,,,,,,,,
2026-08-14T13:41:23.435,1786707683.435737,9.006976,3,-3000,5.000000,569,-3000,0x03,single,-195.098114,-3238,-0.014652,173,0,No fault,,,,,,,,,
2026-08-14T13:41:23.441,1786707683.441028,9.012263,3,-3000,5.000000,570,-3000,0x03,single,-195.822855,-2881,0.002930,173,0,No fault,,,,,,,,,
2026-08-14T13:41:23.446,1786707683.446312,9.017546,3,-3000,5.000000,571,-3000,0x03,single,-196.569558,-2881,0.043956,172,0,No fault,,,,,,,,,
2026-08-14T13:41:23.451,1786707683.451582,9.022814,3,-3000,5.000000,572,-3000,0x03,single,-197.272337,-2657,-0.008791,173,0,No fault,,,,,,,,,
2026-08-14T13:41:23.456,1786707683.456868,9.028116,3,-3000,5.000000,573,-3000,0x03,single,-198.041002,-3015,-0.026374,173,0,No fault,,,,,,,,,
2026-08-14T13:41:23.462,1786707683.462251,9.033488,3,-3000,5.000000,574,-3000,0x03,single,-198.765743,-2925,0.002930,173,0,No fault,,,,,,,,,
2026-08-14T13:41:23.467,1786707683.467549,9.038789,3,-3000,5.000000,575,-3000,0x03,single,-199.490484,-2925,0.032234,172,0,No fault,,,,,,,,,
2026-08-14T13:41:23.472,1786707683.472837,9.044071,3,-3000,5.000000,576,-3000,0x03,single,-200.303073,-3104,-0.032234,173,0,No fault,,,,,,,,,
2026-08-14T13:41:23.478,1786707683.478112,9.049344,3,-3000,5.000000,577,-3000,0x03,single,-201.005852,-2791,-0.049817,172,0,No fault,,,,,,,,,
2026-08-14T13:41:23.483,1786707683.483392,9.054624,3,-3000,5.000000,578,-3000,0x03,single,-201.730593,-3059,-0.008791,173,0,No fault,,,,,,,,,
2026-08-14T13:41:23.488,1786707683.488676,9.059913,3,-3000,5.000000,579,-3000,0x03,single,-202.455334,-2970,0.002930,172,0,No fault,,,,,,,,,
2026-08-14T13:41:23.493,1786707683.493974,9.065205,3,-3000,5.000000,580,-3000,0x03,single,-203.180075,-2881,-0.049817,173,0,No fault,,,,,,,,,
2026-08-14T13:41:23.499,1786707683.499254,9.070486,3,-3000,5.000000,581,-3000,0x03,single,-203.926778,-2925,-0.061538,173,0,No fault,,,,,,,,,
2026-08-14T13:41:23.504,1786707683.504530,9.075759,3,-3000,5.000000,582,-3000,0x03,single,-204.651519,-3104,0.002930,172,0,No fault,,,,,,,,,
2026-08-14T13:41:23.509,1786707683.509803,9.081035,3,-3000,5.000000,583,-3000,0x03,single,-205.354299,-2747,0.008791,172,0,No fault,,,,,,,,,
2026-08-14T13:41:23.515,1786707683.515073,9.086300,3,-3000,5.000000,584,-3000,0x03,single,-206.101002,-2970,-0.055678,170,0,No fault,,,,,,,,,
2026-08-14T13:41:23.520,1786707683.520340,9.091573,3,-3000,5.000000,585,-3000,0x03,single,-206.825743,-2791,-0.038095,173,0,No fault,,,,,,,,,
2026-08-14T13:41:23.525,1786707683.525614,9.096848,3,-3000,5.000000,586,-3000,0x03,single,-207.572446,-2970,0.008791,172,0,No fault,,,,,,,,,
2026-08-14T13:41:23.530,1786707683.530886,9.102122,3,-3000,5.000000,587,-3000,0x03,single,-208.297187,-2881,0.014652,173,0,No fault,,,,,,,,,
2026-08-14T13:41:23.536,1786707683.536275,9.107511,3,-3000,5.000000,588,-3000,0x03,single,-209.021928,-2970,-0.038095,173,0,No fault,,,,,,,,,
2026-08-14T13:41:23.541,1786707683.541562,9.112798,3,-3000,5.000000,589,-3000,0x03,single,-209.768631,-3015,-0.032234,172,0,No fault,,,,,,,,,
2026-08-14T13:41:23.546,1786707683.546823,9.118055,3,-3000,5.000000,590,-3000,0x03,single,-210.493372,-2881,0.032234,172,0,No fault,,,,,,,,,
2026-08-14T13:41:23.552,1786707683.552087,9.123321,3,-3000,5.000000,591,-3000,0x03,single,-211.240075,-3059,0.014652,172,0,No fault,,,,,,,,,
2026-08-14T13:41:23.557,1786707683.557353,9.128587,3,-3000,5.000000,592,-3000,0x03,single,-211.986778,-3015,-0.020513,172,0,No fault,,,,,,,,,
2026-08-14T13:41:23.562,1786707683.562758,9.133998,3,-3000,5.000000,593,-3000,0x03,single,-212.711519,-3238,-0.008791,172,0,No fault,,,,,,,,,
2026-08-14T13:41:23.568,1786707683.568255,9.139496,3,-3000,5.000000,594,-3000,0x03,single,-214.182963,-3238,0.014652,173,0,No fault,,,,,,,,,
2026-08-14T13:41:23.583,1786707683.583756,9.154991,3,-3000,5.000000,595,-3000,0x03,single,-214.951628,-3238,-0.014652,171,0,No fault,,,,,,,,,
2026-08-14T13:41:23.589,1786707683.589040,9.160279,3,-3000,5.000000,596,-3000,0x03,single,-216.423072,-3149,0.043956,172,0,No fault,,,,,,,,,
2026-08-14T13:41:23.594,1786707683.594349,9.165589,3,-3000,5.000000,597,-3000,0x03,single,-218.553372,-3193,0.002930,172,0,No fault,,,,,,,,,
2026-08-14T13:41:23.599,1786707683.599667,9.170910,3,-3000,5.000000,598,-3000,0x03,single,-218.904761,-3059,0.026374,170,0,No fault,,,,,,,,,
2026-08-14T13:41:23.605,1786707683.605005,9.176251,3,-3000,5.000000,599,-3000,0x03,single,-219.278113,-2925,0.032234,173,0,No fault,,,,,,,,,
2026-08-14T13:41:23.610,1786707683.610376,9.181622,3,-3000,5.000000,600,-3000,0x03,single,-220.002854,-2791,-0.002930,171,0,No fault,,,,,,,,,
2026-08-14T13:41:23.615,1786707683.615696,9.186939,3,-3000,5.000000,601,-3000,0x03,single,-220.749557,-3104,-0.073260,172,0,No fault,,,,,,,,,
2026-08-14T13:41:23.621,1786707683.621009,9.192248,3,-3000,5.000000,602,-3000,0x03,single,-221.474298,-2970,-0.020513,171,0,No fault,,,,,,,,,
2026-08-14T13:41:23.626,1786707683.626332,9.197575,3,-3000,5.000000,603,-3000,0x03,single,-222.199039,-2836,0.008791,173,0,No fault,,,,,,,,,
2026-08-14T13:41:23.631,1786707683.631647,9.202881,3,-3000,5.000000,604,-3000,0x03,single,-222.923780,-3059,-0.026374,173,0,No fault,,,,,,,,,
2026-08-14T13:41:23.636,1786707683.636929,9.208168,3,-3000,5.000000,605,-3000,0x03,single,-223.648521,-3104,-0.073260,171,0,No fault,,,,,,,,,
2026-08-14T13:41:23.642,1786707683.642216,9.213455,3,-3000,5.000000,606,-3000,0x03,single,-224.373263,-2881,-0.038095,172,0,No fault,,,,,,,,,
2026-08-14T13:41:23.647,1786707683.647504,9.218741,3,-3000,5.000000,607,-3000,0x03,single,-225.098004,-3104,0.008791,172,0,No fault,,,,,,,,,
2026-08-14T13:41:23.652,1786707683.652787,9.224020,3,-3000,5.000000,608,-3000,0x03,single,-225.822745,-3015,-0.038095,172,0,No fault,,,,,,,,,
2026-08-14T13:41:23.658,1786707683.658058,9.229295,3,-3000,5.000000,609,-3000,0x03,single,-226.547486,-2925,-0.055678,173,0,No fault,,,,,,,,,
2026-08-14T13:41:23.663,1786707683.663341,9.234573,3,-3000,5.000000,610,-3000,0x03,single,-227.294189,-3104,-0.020513,172,0,No fault,,,,,,,,,
2026-08-14T13:41:23.668,1786707683.668613,9.239842,3,-3000,5.000000,611,-3000,0x03,single,-228.018930,-2970,0.008791,173,0,No fault,,,,,,,,,
2026-08-14T13:41:23.673,1786707683.673866,9.245099,3,-3000,5.000000,612,-3000,0x03,single,-228.765633,-3238,-0.026374,173,0,No fault,,,,,,,,,
2026-08-14T13:41:23.679,1786707683.679134,9.250370,3,-3000,5.000000,613,-3000,0x03,single,-229.490374,-3104,-0.032234,172,0,No fault,,,,,,,,,
2026-08-14T13:41:23.684,1786707683.684411,9.255647,3,-3000,5.000000,614,-3000,0x03,single,-230.215115,-3015,-0.020513,173,0,No fault,,,,,,,,,
2026-08-14T13:41:23.689,1786707683.689676,9.260908,3,-3000,5.000000,615,-3000,0x03,single,-230.939856,-2881,0.026374,172,0,No fault,,,,,,,,,
2026-08-14T13:41:23.695,1786707683.695043,9.266285,3,-3000,5.000000,616,-3000,0x03,single,-231.686559,-3327,-0.026374,173,0,No fault,,,,,,,,,
2026-08-14T13:41:23.700,1786707683.700457,9.271694,3,-3000,5.000000,617,-3000,0x03,single,-233.158003,-3149,0.020513,172,0,No fault,,,,,,,,,
2026-08-14T13:41:23.705,1786707683.705835,9.277066,3,-3000,5.000000,618,-3000,0x03,single,-233.882745,-3104,0.032234,172,0,No fault,,,,,,,,,
2026-08-14T13:41:23.711,1786707683.711117,9.282352,3,-3000,5.000000,619,-3000,0x03,single,-234.607486,-2925,-0.020513,173,0,No fault,,,,,,,,,
2026-08-14T13:41:23.716,1786707683.716398,9.287632,3,-3000,5.000000,620,-3000,0x03,single,-235.354189,-3104,-0.008791,172,0,No fault,,,,,,,,,
2026-08-14T13:41:23.721,1786707683.721687,9.292924,3,-3000,5.000000,621,-3000,0x03,single,-236.100892,-3193,0.038095,174,0,No fault,,,,,,,,,
2026-08-14T13:41:23.726,1786707683.726967,9.298200,3,-3000,5.000000,622,-3000,0x03,single,-236.825633,-2970,0.032234,172,0,No fault,,,,,,,,,
2026-08-14T13:41:23.732,1786707683.732241,9.303478,3,-3000,5.000000,623,-3000,0x03,single,-237.572336,-3283,-0.008791,173,0,No fault,,,,,,,,,
2026-08-14T13:41:23.737,1786707683.737528,9.308760,3,-3000,5.000000,624,-3000,0x03,single,-238.297077,-3015,-0.020513,172,0,No fault,,,,,,,,,
2026-08-14T13:41:23.742,1786707683.742809,9.314040,3,-3000,5.000000,625,-3000,0x03,single,-239.021818,-2970,0.020513,173,0,No fault,,,,,,,,,
2026-08-14T13:41:23.748,1786707683.748088,9.319324,3,-3000,5.000000,626,-3000,0x03,single,-239.746559,-3015,-0.002930,172,0,No fault,,,,,,,,,
2026-08-14T13:41:23.753,1786707683.753373,9.324608,3,-3000,5.000000,627,-3000,0x03,single,-240.471300,-3104,-0.038095,172,0,No fault,,,,,,,,,
2026-08-14T13:41:23.758,1786707683.758681,9.329922,3,-3000,5.000000,628,-3000,0x03,single,-241.196041,-2881,-0.049817,172,0,No fault,,,,,,,,,
2026-08-14T13:41:23.764,1786707683.764009,9.335248,3,-3000,5.000000,629,-3000,0x03,single,-241.920782,-2925,0.008791,172,0,No fault,,,,,,,,,
2026-08-14T13:41:23.769,1786707683.769298,9.340533,3,-3000,5.000000,630,-3000,0x03,single,-242.667485,-3193,-0.014652,172,0,No fault,,,,,,,,,
2026-08-14T13:41:23.774,1786707683.774612,9.345852,3,-3000,5.000000,631,-3000,0x03,single,-243.392227,-3372,-0.049817,173,0,No fault,,,,,,,,,
2026-08-14T13:41:23.790,1786707683.790036,9.361270,3,-3000,5.000000,632,-3000,0x03,single,-244.819747,-2970,0.020513,170,0,No fault,,,,,,,,,
2026-08-14T13:41:23.795,1786707683.795338,9.366566,3,-3000,5.000000,633,-3000,0x03,single,-245.544488,-3149,-0.032234,172,0,No fault,,,,,,,,,
2026-08-14T13:41:23.800,1786707683.800589,9.371814,3,-3000,5.000000,634,-3000,0x03,single,-247.696750,-3149,0.002930,173,0,No fault,,,,,,,,,
2026-08-14T13:41:23.805,1786707683.805835,9.377061,3,-3000,5.000000,635,-3000,0x03,single,-248.048139,-2881,0.014652,172,0,No fault,,,,,,,,,
2026-08-14T13:41:23.811,1786707683.811088,9.382313,3,-3000,5.000000,636,-3000,0x03,single,-248.443453,-2925,-0.014652,173,0,No fault,,,,,,,,,
2026-08-14T13:41:23.816,1786707683.816335,9.387565,3,-3000,5.000000,637,-3000,0x03,single,-249.190156,-2970,-0.055678,172,0,No fault,,,,,,,,,
2026-08-14T13:41:23.821,1786707683.821632,9.392876,3,-3000,5.000000,638,-3000,0x03,single,-249.914897,-2925,-0.043956,173,0,No fault,,,,,,,,,
2026-08-14T13:41:23.826,1786707683.826971,9.398209,3,-3000,5.000000,639,-3000,0x03,single,-250.639638,-3193,0.014652,174,0,No fault,,,,,,,,,
2026-08-14T13:41:23.832,1786707683.832330,9.403584,3,-3000,5.000000,640,-3000,0x03,single,-251.364379,-2836,-0.008791,171,0,No fault,,,,,,,,,
2026-08-14T13:41:23.837,1786707683.837783,9.409037,3,-3000,5.000000,641,-3000,0x03,single,-252.111082,-3015,-0.049817,173,0,No fault,,,,,,,,,
2026-08-14T13:41:23.843,1786707683.843381,9.414624,3,-3000,5.000000,642,-3000,0x03,single,-253.582526,-3104,0.038095,173,0,No fault,,,,,,,,,
2026-08-14T13:41:23.848,1786707683.848801,9.420044,3,-3000,5.000000,643,-3000,0x03,single,-254.373153,-3059,0.014652,172,0,No fault,,,,,,,,,
2026-08-14T13:41:23.854,1786707683.854128,9.425379,3,-3000,5.000000,644,-3000,0x03,single,-255.119856,-2970,-0.002930,173,0,No fault,,,,,,,,,
2026-08-14T13:41:23.859,1786707683.859560,9.430819,3,-3000,5.000000,645,-3000,0x03,single,-255.844597,-3104,0.002930,172,0,No fault,,,,,,,,,
2026-08-14T13:41:23.865,1786707683.865074,9.436326,3,-3000,5.000000,646,-3000,0x03,single,-256.569338,-3149,0.049817,171,0,No fault,,,,,,,,,
2026-08-14T13:41:23.870,1786707683.870466,9.441719,3,-3000,5.000000,647,-3000,0x03,single,-257.316041,-3015,-0.014652,173,0,No fault,,,,,,,,,
2026-08-14T13:41:23.875,1786707683.875863,9.447114,3,-3000,5.000000,648,-3000,0x03,single,-258.084706,-3149,-0.008791,172,0,No fault,,,,,,,,,
2026-08-14T13:41:23.881,1786707683.881186,9.452418,3,-3000,5.000000,649,-3000,0x03,single,-258.809447,-3104,0.014652,173,0,No fault,,,,,,,,,
2026-08-14T13:41:23.886,1786707683.886419,9.457647,3,-3000,5.000000,650,-3000,0x03,single,-259.534188,-2925,0.038095,173,0,No fault,,,,,,,,,
2026-08-14T13:41:23.891,1786707683.891666,9.462905,3,-3000,5.000000,651,-3000,0x03,single,-260.280891,-3015,-0.026374,174,0,No fault,,,,,,,,,
2026-08-14T13:41:23.896,1786707683.896971,9.468211,3,-3000,5.000000,652,-3000,0x03,single,-260.983670,-2747,-0.043956,172,0,No fault,,,,,,,,,
2026-08-14T13:41:23.902,1786707683.902241,9.473469,3,-3000,5.000000,653,-3000,0x03,single,-261.708411,-3149,-0.020513,171,0,No fault,,,,,,,,,
2026-08-14T13:41:23.907,1786707683.907451,9.478677,3,-3000,5.000000,654,-3000,0x03,single,-262.433152,-2970,0.008791,172,0,No fault,,,,,,,,,
2026-08-14T13:41:23.912,1786707683.912670,9.483910,3,-3000,5.000000,655,-3000,0x03,single,-263.179855,-3327,-0.055678,174,0,No fault,,,,,,,,,
2026-08-14T13:41:23.917,1786707683.917953,9.489188,3,-3000,5.000000,656,-3000,0x03,single,-263.882635,-3104,-0.055678,173,0,No fault,,,,,,,,,
2026-08-14T13:41:23.923,1786707683.923236,9.494473,3,-3000,5.000000,657,-3000,0x03,single,-264.607376,-2970,-0.020513,172,0,No fault,,,,,,,,,
2026-08-14T13:41:23.928,1786707683.928516,9.499752,3,-3000,5.000000,658,-3000,0x03,single,-265.310155,-2702,0.002930,173,0,No fault,,,,,,,,,
2026-08-14T13:41:23.933,1786707683.933785,9.505022,3,-3000,5.000000,659,-3000,0x03,single,-266.078820,-3015,-0.038095,172,0,No fault,,,,,,,,,
2026-08-14T13:41:23.939,1786707683.939043,9.510275,3,-3000,5.000000,660,-3000,0x03,single,-266.825523,-3238,-0.038095,172,0,No fault,,,,,,,,,
2026-08-14T13:41:23.944,1786707683.944295,9.515525,3,-3000,5.000000,661,-3000,0x03,single,-267.550264,-3149,0.008791,171,0,No fault,,,,,,,,,
2026-08-14T13:41:23.949,1786707683.949538,9.520766,3,-3000,5.000000,662,-3000,0x03,single,-268.253043,-3015,0.008791,173,0,No fault,,,,,,,,,
2026-08-14T13:41:23.954,1786707683.954781,9.526007,3,-3000,5.000000,663,-3000,0x03,single,-268.999746,-3015,-0.032234,172,0,No fault,,,,,,,,,
2026-08-14T13:41:23.960,1786707683.960043,9.531278,3,-3000,5.000000,664,-3000,0x03,single,-269.746449,-3104,-0.026374,171,0,No fault,,,,,,,,,
2026-08-14T13:41:23.965,1786707683.965302,9.536544,3,-3000,5.000000,665,-3000,0x03,single,-270.471190,-3015,0.043956,172,0,No fault,,,,,,,,,
2026-08-14T13:41:23.970,1786707683.970652,9.541888,3,-3000,5.000000,666,-3000,0x03,single,-271.217893,-2970,0.026374,172,0,No fault,,,,,,,,,
2026-08-14T13:41:23.976,1786707683.976118,9.547360,3,-3000,5.000000,667,-3000,0x03,single,-272.689337,-3104,-0.008791,172,0,No fault,,,,,,,,,
2026-08-14T13:41:23.991,1786707683.991717,9.562953,3,-3000,5.000000,668,-3000,0x03,single,-273.436040,-3238,0.043956,175,0,No fault,,,,,,,,,
2026-08-14T13:41:23.997,1786707683.997072,9.568314,3,-3000,5.000000,669,-3000,0x03,single,-274.885523,-2881,-0.014652,173,0,No fault,,,,,,,,,
2026-08-14T13:41:24.002,1786707684.002412,9.573644,3,-3000,5.000000,670,-3000,0x03,single,-277.125631,-3059,0.020513,172,0,No fault,,,,,,,,,
2026-08-14T13:41:24.007,1786707684.007658,9.578887,3,-3000,5.000000,671,-3000,0x03,single,-277.498983,-3193,-0.020513,173,0,No fault,,,,,,,,,
2026-08-14T13:41:24.012,1786707684.012883,9.584111,3,-3000,5.000000,672,-3000,0x03,single,-277.894296,-2925,-0.020513,169,0,No fault,,,,,,,,,
2026-08-14T13:41:24.018,1786707684.018168,9.589397,3,-3000,5.000000,673,-3000,0x03,single,-278.619037,-2836,0.002930,173,0,No fault,,,,,,,,,
2026-08-14T13:41:24.023,1786707684.023479,9.594705,3,-3000,5.000000,674,-3000,0x03,single,-279.365740,-2881,0.026374,174,0,No fault,,,,,,,,,
2026-08-14T13:41:24.028,1786707684.028698,9.599924,3,-3000,5.000000,675,-3000,0x03,single,-280.090482,-3015,-0.008791,173,0,No fault,,,,,,,,,
2026-08-14T13:41:24.033,1786707684.033950,9.605189,3,-3000,5.000000,676,-3000,0x03,single,-280.815223,-2881,-0.067399,172,0,No fault,,,,,,,,,
2026-08-14T13:41:24.039,1786707684.039227,9.610456,3,-3000,5.000000,677,-3000,0x03,single,-281.518002,-2747,-0.020513,172,0,No fault,,,,,,,,,
2026-08-14T13:41:24.044,1786707684.044462,9.615692,3,-3000,5.000000,678,-3000,0x03,single,-282.242743,-2747,0.008791,175,0,No fault,,,,,,,,,
2026-08-14T13:41:24.049,1786707684.049725,9.620962,3,-3000,5.000000,679,-3000,0x03,single,-282.989446,-3238,-0.032234,172,0,No fault,,,,,,,,,
2026-08-14T13:41:24.055,1786707684.055001,9.626238,3,-3000,5.000000,680,-3000,0x03,single,-283.714187,-3059,-0.067399,173,0,No fault,,,,,,,,,
2026-08-14T13:41:24.060,1786707684.060272,9.631509,3,-3000,5.000000,681,-3000,0x03,single,-284.438928,-3104,-0.038095,172,0,No fault,,,,,,,,,
2026-08-14T13:41:24.065,1786707684.065529,9.636766,3,-3000,5.000000,682,-3000,0x03,single,-285.163669,-3149,-0.002930,173,0,No fault,,,,,,,,,
2026-08-14T13:41:24.070,1786707684.070814,9.642052,3,-3000,5.000000,683,-3000,0x03,single,-285.888411,-3104,-0.043956,172,0,No fault,,,,,,,,,
2026-08-14T13:41:24.076,1786707684.076100,9.647338,3,-3000,5.000000,684,-3000,0x03,single,-286.613152,-3015,-0.055678,172,0,No fault,,,,,,,,,
2026-08-14T13:41:24.081,1786707684.081378,9.652615,3,-3000,5.000000,685,-3000,0x03,single,-287.359855,-3149,-0.020513,173,0,No fault,,,,,,,,,
2026-08-14T13:41:24.086,1786707684.086690,9.657927,3,-3000,5.000000,686,-3000,0x03,single,-288.062634,-3149,0.002930,172,0,No fault,,,,,,,,,
2026-08-14T13:41:24.091,1786707684.091962,9.663199,3,-3000,5.000000,687,-3000,0x03,single,-288.809337,-3193,-0.043956,172,0,No fault,,,,,,,,,
2026-08-14T13:41:24.097,1786707684.097241,9.668477,3,-3000,5.000000,688,-3000,0x03,single,-289.534078,-2970,-0.032234,173,0,No fault,,,,,,,,,
2026-08-14T13:41:24.102,1786707684.102517,9.673753,3,-3000,5.000000,689,-3000,0x03,single,-290.280781,-3372,-0.014652,172,0,No fault,,,,,,,,,
2026-08-14T13:41:24.107,1786707684.107807,9.679043,3,-3000,5.000000,690,-3000,0x03,single,-290.983560,-3104,0.032234,173,0,No fault,,,,,,,,,
2026-08-14T13:41:24.113,1786707684.113109,9.684356,3,-3000,5.000000,691,-3000,0x03,single,-291.730263,-3104,-0.020513,173,0,No fault,,,,,,,,,
2026-08-14T13:41:24.118,1786707684.118439,9.689679,3,-3000,5.000000,692,-3000,0x03,single,-292.455004,-3059,-0.026374,173,0,No fault,,,,,,,,,
2026-08-14T13:41:24.123,1786707684.123732,9.694970,3,-3000,5.000000,693,-3000,0x03,single,-293.179745,-3059,0.008791,172,0,No fault,,,,,,,,,
2026-08-14T13:41:24.129,1786707684.129008,9.700244,3,-3000,5.000000,694,-3000,0x03,single,-293.926448,-3193,0.020513,173,0,No fault,,,,,,,,,
2026-08-14T13:41:24.134,1786707684.134293,9.705530,3,-3000,5.000000,695,-3000,0x03,single,-294.673151,-3015,-0.026374,173,0,No fault,,,,,,,,,
2026-08-14T13:41:24.139,1786707684.139621,9.710848,3,-3000,5.000000,696,-3000,0x03,single,-295.419854,-3238,-0.014652,173,0,No fault,,,,,,,,,
2026-08-14T13:41:24.145,1786707684.145003,9.716246,3,-3000,5.000000,697,-3000,0x03,single,-296.869337,-3149,0.026374,173,0,No fault,,,,,,,,,
2026-08-14T13:41:24.150,1786707684.150392,9.721633,3,-3000,5.000000,698,-3000,0x03,single,-297.594078,-2791,-0.014652,170,0,No fault,,,,,,,,,
2026-08-14T13:41:24.155,1786707684.155690,9.726929,3,-3000,5.000000,699,-3000,0x03,single,-298.340781,-2881,-0.014652,173,0,No fault,,,,,,,,,
2026-08-14T13:41:24.160,1786707684.160979,9.732216,3,-3000,5.000000,700,-3000,0x03,single,-299.065522,-2925,0.032234,171,0,No fault,,,,,,,,,
2026-08-14T13:41:24.166,1786707684.166254,9.737491,3,-3000,5.000000,701,-3000,0x03,single,-299.812225,-3104,0.002930,173,0,No fault,,,,,,,,,
2026-08-14T13:41:24.171,1786707684.171530,9.742768,3,-3000,5.000000,702,-3000,0x03,single,-300.536966,-3015,-0.055678,173,0,No fault,,,,,,,,,
2026-08-14T13:41:24.176,1786707684.176891,9.748125,3,-3000,5.000000,703,-3000,0x03,single,-301.239745,-2970,-0.049817,171,0,No fault,,,,,,,,,
2026-08-14T13:41:24.182,1786707684.182156,9.753394,3,-3000,5.000000,704,-3000,0x03,single,-301.964486,-2836,0.008791,172,0,No fault,,,,,,,,,
2026-08-14T13:41:24.197,1786707684.197576,9.768809,3,-3000,5.000000,705,-3000,0x03,single,-303.435930,-3149,-0.055678,172,0,No fault,,,,,,,,,
2026-08-14T13:41:24.202,1786707684.202909,9.774146,3,-3000,5.000000,706,-3000,0x03,single,-304.160672,-3104,-0.055678,173,0,No fault,,,,,,,,,
2026-08-14T13:41:24.208,1786707684.208192,9.779420,3,-3000,5.000000,707,-3000,0x03,single,-306.181162,-2836,-0.067399,171,0,No fault,,,,,,,,,
2026-08-14T13:41:24.213,1786707684.213494,9.784722,3,-3000,5.000000,708,-3000,0x03,single,-306.532552,-2836,-0.067399,173,0,No fault,,,,,,,,,
2026-08-14T13:41:24.218,1786707684.218743,9.789975,3,-3000,5.000000,709,-3000,0x03,single,-306.949827,-3193,-0.055678,173,0,No fault,,,,,,,,,
2026-08-14T13:41:24.224,1786707684.224006,9.795239,3,-3000,5.000000,710,-3000,0x03,single,-307.674568,-3238,0.002930,173,0,No fault,,,,,,,,,
2026-08-14T13:41:24.229,1786707684.229277,9.800507,3,-3000,5.000000,711,-3000,0x03,single,-308.399309,-3193,-0.014652,172,0,No fault,,,,,,,,,
2026-08-14T13:41:24.234,1786707684.234542,9.805774,3,-3000,5.000000,712,-3000,0x03,single,-309.146012,-3193,-0.049817,175,0,No fault,,,,,,,,,
2026-08-14T13:41:24.239,1786707684.239817,9.811049,3,-3000,5.000000,713,-3000,0x03,single,-309.870753,-3104,-0.038095,173,0,No fault,,,,,,,,,
2026-08-14T13:41:24.245,1786707684.245092,9.816327,3,-3000,5.000000,714,-3000,0x03,single,-310.595494,-2970,0.014652,173,0,No fault,,,,,,,,,
2026-08-14T13:41:24.250,1786707684.250369,9.821605,3,-3000,5.000000,715,-3000,0x03,single,-311.298273,-2970,-0.008791,173,0,No fault,,,,,,,,,
2026-08-14T13:41:24.255,1786707684.255656,9.826892,3,-3000,5.000000,716,-3000,0x03,single,-312.044976,-2836,-0.055678,175,0,No fault,,,,,,,,,
2026-08-14T13:41:24.260,1786707684.260934,9.832171,3,-3000,5.000000,717,-3000,0x03,single,-312.769718,-2925,-0.020513,172,0,No fault,,,,,,,,,
2026-08-14T13:41:24.266,1786707684.266211,9.837447,3,-3000,5.000000,718,-3000,0x03,single,-313.516421,-3059,0.032234,172,0,No fault,,,,,,,,,
2026-08-14T13:41:24.271,1786707684.271533,9.842762,3,-3000,5.000000,719,-3000,0x03,single,-314.241162,-2925,0.008791,170,0,No fault,,,,,,,,,
2026-08-14T13:41:24.276,1786707684.276826,9.848052,3,-3000,5.000000,720,-3000,0x03,single,-315.734568,-2881,0.008791,172,0,No fault,,,,,,,,,
2026-08-14T13:41:24.282,1786707684.282197,9.853424,3,-3000,5.000000,721,-3000,0x03,single,-316.481271,-3015,0.049817,175,0,No fault,,,,,,,,,
2026-08-14T13:41:24.287,1786707684.287443,9.858678,3,-3000,5.000000,722,-3000,0x03,single,-317.206012,-3193,0.008791,170,0,No fault,,,,,,,,,
2026-08-14T13:41:24.292,1786707684.292705,9.863939,3,-3000,5.000000,723,-3000,0x03,single,-317.952715,-3059,-0.020513,172,0,No fault,,,,,,,,,
2026-08-14T13:41:24.297,1786707684.297972,9.869202,3,-3000,5.000000,724,-3000,0x03,single,-318.677456,-2925,0.008791,173,0,No fault,,,,,,,,,
2026-08-14T13:41:24.303,1786707684.303226,9.874456,3,-3000,5.000000,725,-3000,0x03,single,-319.424159,-3104,0.055678,173,0,No fault,,,,,,,,,
2026-08-14T13:41:24.308,1786707684.308482,9.879714,3,-3000,5.000000,726,-3000,0x03,single,-320.148900,-3059,-0.008791,172,0,No fault,,,,,,,,,
2026-08-14T13:41:24.313,1786707684.313735,9.884976,3,-3000,5.000000,727,-3000,0x03,single,-320.851679,-2925,-0.055678,173,0,No fault,,,,,,,,,
2026-08-14T13:41:24.319,1786707684.319018,9.890259,3,-3000,5.000000,728,-3000,0x03,single,-321.576420,-2791,-0.020513,173,0,No fault,,,,,,,,,
2026-08-14T13:41:24.324,1786707684.324317,9.895557,3,-3000,5.000000,729,-3000,0x03,single,-322.301161,-2925,0.014652,173,0,No fault,,,,,,,,,
2026-08-14T13:41:24.329,1786707684.329612,9.900860,3,-3000,5.000000,730,-3000,0x03,single,-323.113750,-3059,-0.049817,172,0,No fault,,,,,,,,,
2026-08-14T13:41:24.334,1786707684.334986,9.906260,3,-3000,5.000000,731,-3000,0x03,single,-323.838491,-3059,-0.061538,172,0,No fault,,,,,,,,,
2026-08-14T13:41:24.340,1786707684.340562,9.911814,3,-3000,5.000000,732,-3000,0x03,single,-324.563232,-3015,-0.020513,173,0,No fault,,,,,,,,,
2026-08-14T13:41:24.345,1786707684.345902,9.917144,3,-3000,5.000000,733,-3000,0x03,single,-325.287973,-3015,0.014652,173,0,No fault,,,,,,,,,
2026-08-14T13:41:24.351,1786707684.351191,9.922427,3,-3000,5.000000,734,-3000,0x03,single,-326.012714,-2925,-0.038095,171,0,No fault,,,,,,,,,
2026-08-14T13:41:24.356,1786707684.356477,9.927728,3,-3000,5.000000,735,-3000,0x03,single,-326.759417,-2925,-0.032234,172,0,No fault,,,,,,,,,
2026-08-14T13:41:24.361,1786707684.361840,9.933089,3,-3000,5.000000,736,-3000,0x03,single,-327.484158,-2925,0.002930,172,0,No fault,,,,,,,,,
2026-08-14T13:41:24.367,1786707684.367195,9.938436,3,-3000,5.000000,737,-3000,0x03,single,-328.230861,-2970,0.020513,172,0,No fault,,,,,,,,,
2026-08-14T13:41:24.372,1786707684.372531,9.943781,3,-3000,5.000000,738,-3000,0x03,single,-328.955603,-3015,-0.032234,172,0,No fault,,,,,,,,,
2026-08-14T13:41:24.377,1786707684.377908,9.949153,3,-3000,5.000000,739,-3000,0x03,single,-329.702306,-2925,-0.020513,173,0,No fault,,,,,,,,,
2026-08-14T13:41:24.386,1786707684.386328,9.957559,3,-3000,5.000000,740,-3000,0x03,single,-331.173750,-3059,0.026374,172,0,No fault,,,,,,,,,
2026-08-14T13:41:24.401,1786707684.401780,9.973027,3,-3000,5.000000,741,-3000,0x03,single,-332.645194,-3104,-0.020513,176,0,No fault,,,,,,,,,
2026-08-14T13:41:24.407,1786707684.407124,9.978362,3,-3000,5.000000,742,-3000,0x03,single,-333.391897,-3327,0.061538,172,0,No fault,,,,,,,,,
2026-08-14T13:41:24.412,1786707684.412413,9.983649,3,-3000,5.000000,743,-3000,0x03,single,-335.258654,-3238,0.002930,173,0,No fault,,,,,,,,,
2026-08-14T13:41:24.417,1786707684.417806,9.989047,3,-3000,5.000000,744,-3000,0x03,single,-335.610044,-2836,0.008791,172,0,No fault,,,,,,,,,
2026-08-14T13:41:24.423,1786707684.423536,9.994774,3,-3000,5.000000,745,-3000,0x03,single,-336.730098,-2881,0.061538,172,0,No fault,,,,,,,,,
2026-08-14T13:41:24.428,1786707684.428845,10.000076,3,-3000,5.000000,746,-3000,0x03,single,-337.498763,-3015,-0.014652,173,0,No fault,,,,,,,,,
2026-08-14T13:41:24.434,1786707684.434096,10.005322,3,-3000,5.000000,747,-3000,0x03,single,-338.245466,-3193,-0.014652,173,0,No fault,,,,,,,,,
2026-08-14T13:41:24.439,1786707684.439319,10.010545,3,-3000,5.000000,748,-3000,0x03,single,-338.970207,-2970,0.032234,174,0,No fault,,,,,,,,,
2026-08-14T13:41:24.444,1786707684.444544,10.015770,3,-3000,5.000000,749,-3000,0x03,single,-339.716910,-3193,0.026374,172,0,No fault,,,,,,,,,
2026-08-14T13:41:24.449,1786707684.449765,10.020990,3,-3000,5.000000,750,-3000,0x03,single,-340.419689,-2925,-0.043956,172,0,No fault,,,,,,,,,
2026-08-14T13:41:24.454,1786707684.454981,10.026206,3,-3000,5.000000,751,-3000,0x03,single,-341.122469,-2791,-0.049817,172,0,No fault,,,,,,,,,
2026-08-14T13:41:24.460,1786707684.460198,10.031423,3,-3000,5.000000,752,-3000,0x03,single,-341.847210,-2836,0.002930,172,0,No fault,,,,,,,,,
2026-08-14T13:41:24.465,1786707684.465411,10.036636,3,-3000,5.000000,753,-3000,0x03,single,-342.571951,-2836,-0.008791,171,0,No fault,,,,,,,,,
2026-08-14T13:41:24.470,1786707684.470655,10.041881,3,-3000,5.000000,754,-3000,0x03,single,-343.318654,-3059,-0.049817,168,0,No fault,,,,,,,,,
2026-08-14T13:41:24.475,1786707684.475872,10.047096,3,-3000,5.000000,755,-3000,0x03,single,-344.043395,-2836,-0.061538,171,0,No fault,,,,,,,,,
2026-08-14T13:41:24.481,1786707684.481084,10.052309,3,-3000,5.000000,756,-3000,0x03,single,-344.746174,-2791,-0.008791,172,0,No fault,,,,,,,,,
2026-08-14T13:41:24.486,1786707684.486294,10.057518,3,-3000,5.000000,757,-3000,0x03,single,-345.492877,-2970,-0.014652,172,0,No fault,,,,,,,,,
2026-08-14T13:41:24.491,1786707684.491531,10.062762,3,-3000,5.000000,758,-3000,0x03,single,-346.217618,-3015,-0.061538,172,0,No fault,,,,,,,,,
2026-08-14T13:41:24.496,1786707684.496794,10.068020,3,-3000,5.000000,759,-3000,0x03,single,-346.942360,-2970,-0.038095,172,0,No fault,,,,,,,,,
2026-08-14T13:41:24.502,1786707684.502146,10.073378,3,-3000,5.000000,760,-3000,0x03,single,-347.667101,-2747,0.014652,173,0,No fault,,,,,,,,,
2026-08-14T13:41:24.507,1786707684.507482,10.078712,3,-3000,5.000000,761,-3000,0x03,single,-348.413804,-2970,0.002930,173,0,No fault,,,,,,,,,
2026-08-14T13:41:24.512,1786707684.512737,10.083967,3,-3000,5.000000,762,-3000,0x03,single,-349.138545,-3193,-0.055678,172,0,No fault,,,,,,,,,
2026-08-14T13:41:24.518,1786707684.518005,10.089240,3,-3000,5.000000,763,-3000,0x03,single,-349.885248,-3283,-0.032234,173,0,No fault,,,,,,,,,
2026-08-14T13:41:24.523,1786707684.523273,10.094501,3,-3000,5.000000,764,-3000,0x03,single,-350.609989,-3193,0.020513,173,0,No fault,,,,,,,,,
2026-08-14T13:41:24.528,1786707684.528532,10.099763,3,-3000,5.000000,765,-3000,0x03,single,-351.334730,-3104,0.008791,173,0,No fault,,,,,,,,,
2026-08-14T13:41:24.533,1786707684.533793,10.105027,3,-3000,5.000000,766,-3000,0x03,single,-352.081433,-3238,-0.026374,174,0,No fault,,,,,,,,,
2026-08-14T13:41:24.539,1786707684.539062,10.110296,3,-3000,5.000000,767,-3000,0x03,single,-352.806174,-3149,-0.020513,174,0,No fault,,,,,,,,,
2026-08-14T13:41:24.544,1786707684.544325,10.115561,3,-3000,5.000000,768,-3000,0x03,single,-353.552877,-3238,0.026374,176,0,No fault,,,,,,,,,
2026-08-14T13:41:24.549,1786707684.549595,10.120828,3,-3000,5.000000,769,-3000,0x03,single,-354.255656,-2747,0.002930,167,0,No fault,,,,,,,,,
2026-08-14T13:41:24.554,1786707684.554852,10.126081,3,-3000,5.000000,770,-3000,0x03,single,-355.024321,-3149,-0.020513,171,0,No fault,,,,,,,,,
2026-08-14T13:41:24.560,1786707684.560106,10.131337,3,-3000,5.000000,771,-3000,0x03,single,-355.749062,-2881,0.002930,171,0,No fault,,,,,,,,,
2026-08-14T13:41:24.565,1786707684.565364,10.136590,3,-3000,5.000000,772,-3000,0x03,single,-356.473803,-2970,0.038095,173,0,No fault,,,,,,,,,
2026-08-14T13:41:24.570,1786707684.570640,10.141870,3,-3000,5.000000,773,-3000,0x03,single,-357.220506,-3059,-0.008791,173,0,No fault,,,,,,,,,
2026-08-14T13:41:24.576,1786707684.576154,10.147398,3,-3000,5.000000,774,-3000,0x03,single,-358.669989,-2791,-0.002930,171,0,No fault,,,,,,,,,
2026-08-14T13:41:24.581,1786707684.581605,10.152847,3,-3000,5.000000,775,-3000,0x03,single,-359.416692,-2881,0.020513,172,0,No fault,,,,,,,,,
2026-08-14T13:41:24.586,1786707684.586902,10.158139,3,-3000,5.000000,776,-3000,0x03,single,-360.141433,-3104,-0.020513,169,0,No fault,,,,,,,,,
2026-08-14T13:41:24.602,1786707684.602626,10.173868,3,-3000,5.000000,777,-3000,0x03,single,-360.866174,-2925,-0.061538,171,0,No fault,,,,,,,,,
2026-08-14T13:41:24.607,1786707684.607980,10.179224,3,-3000,5.000000,778,-3000,0x03,single,-362.337618,-3149,0.008791,172,0,No fault,,,,,,,,,
2026-08-14T13:41:24.613,1786707684.613312,10.184575,3,-3000,5.000000,779,-3000,0x03,single,-364.402032,-3059,-0.038095,173,0,No fault,,,,,,,,,
2026-08-14T13:41:24.618,1786707684.618761,10.190002,3,-3000,5.000000,780,-3000,0x03,single,-364.753422,-2925,0.002930,173,0,No fault,,,,,,,,,
2026-08-14T13:41:24.624,1786707684.624064,10.195300,3,-3000,5.000000,781,-3000,0x03,single,-365.148735,-2925,0.008791,173,0,No fault,,,,,,,,,
2026-08-14T13:41:24.629,1786707684.629349,10.200583,3,-3000,5.000000,782,-3000,0x03,single,-365.895438,-3059,-0.049817,173,0,No fault,,,,,,,,,
2026-08-14T13:41:24.634,1786707684.634697,10.205931,3,-3000,5.000000,783,-3000,0x03,single,-366.620179,-3238,-0.055678,173,0,No fault,,,,,,,,,
2026-08-14T13:41:24.639,1786707684.639974,10.211212,3,-3000,5.000000,784,-3000,0x03,single,-367.344920,-3104,-0.032234,173,0,No fault,,,,,,,,,
2026-08-14T13:41:24.645,1786707684.645265,10.216504,3,-3000,5.000000,785,-3000,0x03,single,-368.069661,-3015,0.020513,170,0,No fault,,,,,,,,,
2026-08-14T13:41:24.650,1786707684.650544,10.221777,3,-3000,5.000000,786,-3000,0x03,single,-368.794402,-3104,-0.049817,174,0,No fault,,,,,,,,,
2026-08-14T13:41:24.655,1786707684.655814,10.227047,3,-3000,5.000000,787,-3000,0x03,single,-369.541105,-3015,-0.043956,172,0,No fault,,,,,,,,,
2026-08-14T13:41:24.661,1786707684.661077,10.232311,3,-3000,5.000000,788,-3000,0x03,single,-370.243885,-2970,-0.008791,172,0,No fault,,,,,,,,,
2026-08-14T13:41:24.666,1786707684.666441,10.237673,3,-3000,5.000000,789,-3000,0x03,single,-370.968626,-2881,0.020513,172,0,No fault,,,,,,,,,
2026-08-14T13:41:24.671,1786707684.671721,10.242954,3,-3000,5.000000,790,-3000,0x03,single,-371.715329,-3104,-0.032234,173,0,No fault,,,,,,,,,
2026-08-14T13:41:24.677,1786707684.677002,10.248235,3,-3000,5.000000,791,-3000,0x03,single,-372.440070,-2836,-0.026374,173,0,No fault,,,,,,,,,
2026-08-14T13:41:24.682,1786707684.682279,10.253516,3,-3000,5.000000,792,-3000,0x03,single,-373.186773,-3059,0.008791,168,0,No fault,,,,,,,,,
2026-08-14T13:41:24.687,1786707684.687562,10.258798,3,-3000,5.000000,793,-3000,0x03,single,-373.911514,-2970,0.032234,173,0,No fault,,,,,,,,,
2026-08-14T13:41:24.692,1786707684.692883,10.264116,3,-3000,5.000000,794,-3000,0x03,single,-374.658217,-2881,-0.002930,172,0,No fault,,,,,,,,,
2026-08-14T13:41:24.698,1786707684.698199,10.269435,3,-3000,5.000000,795,-3000,0x03,single,-376.129661,-3059,0.032234,173,0,No fault,,,,,,,,,
2026-08-14T13:41:24.703,1786707684.703585,10.274825,3,-3000,5.000000,796,-3000,0x03,single,-376.898326,-3059,0.032234,172,0,No fault,,,,,,,,,
2026-08-14T13:41:24.708,1786707684.708901,10.280137,3,-3000,5.000000,797,-3000,0x03,single,-377.623067,-3059,-0.038095,172,0,No fault,,,,,,,,,
2026-08-14T13:41:24.714,1786707684.714180,10.285411,3,-3000,5.000000,798,-3000,0x03,single,-378.369770,-3104,-0.008791,172,0,No fault,,,,,,,,,
2026-08-14T13:41:24.719,1786707684.719459,10.290687,3,-3000,5.000000,799,-3000,0x03,single,-379.072549,-2836,0.049817,172,0,No fault,,,,,,,,,
2026-08-14T13:41:24.724,1786707684.724719,10.295953,3,-3000,5.000000,800,-3000,0x03,single,-379.819252,-2970,0.014652,172,0,No fault,,,,,,,,,
2026-08-14T13:41:24.729,1786707684.729990,10.301227,3,-3000,5.000000,801,-3000,0x03,single,-380.543993,-2970,-0.038095,172,0,No fault,,,,,,,,,
2026-08-14T13:41:24.735,1786707684.735276,10.306513,3,-3000,5.000000,802,-3000,0x03,single,-381.268734,-2881,-0.043956,171,0,No fault,,,,,,,,,
2026-08-14T13:41:24.740,1786707684.740563,10.311800,3,-3000,5.000000,803,-3000,0x03,single,-381.993476,-2970,0.014652,173,0,No fault,,,,,,,,,
2026-08-14T13:41:24.745,1786707684.745856,10.317093,3,-3000,5.000000,804,-3000,0x03,single,-382.696255,-2747,-0.014652,171,0,No fault,,,,,,,,,
2026-08-14T13:41:24.751,1786707684.751132,10.322361,3,-3000,5.000000,805,-3000,0x03,single,-383.442958,-2925,-0.061538,172,0,No fault,,,,,,,,,
2026-08-14T13:41:24.756,1786707684.756398,10.327635,3,-3000,5.000000,806,-3000,0x03,single,-384.167699,-2925,-0.043956,172,0,No fault,,,,,,,,,
2026-08-14T13:41:24.761,1786707684.761681,10.332922,3,-3000,5.000000,807,-3000,0x03,single,-384.892440,-2881,0.020513,172,0,No fault,,,,,,,,,
2026-08-14T13:41:24.766,1786707684.766981,10.338214,3,-3000,5.000000,808,-3000,0x03,single,-385.617181,-2836,-0.008791,172,0,No fault,,,,,,,,,
2026-08-14T13:41:24.772,1786707684.772244,10.343477,3,-3000,5.000000,809,-3000,0x03,single,-386.363884,-3193,-0.061538,172,0,No fault,,,,,,,,,
2026-08-14T13:41:24.777,1786707684.777501,10.348738,3,-3000,5.000000,810,-3000,0x03,single,-387.088625,-2925,-0.026374,176,0,No fault,,,,,,,,,
2026-08-14T13:41:24.782,1786707684.782776,10.354010,3,-3000,5.000000,811,-3000,0x03,single,-387.813366,-2881,0.026374,172,0,No fault,,,,,,,,,
2026-08-14T13:41:24.788,1786707684.788051,10.359286,3,-3000,5.000000,812,-3000,0x03,single,-388.538108,-2747,-0.002930,173,0,No fault,,,,,,,,,
2026-08-14T13:41:24.793,1786707684.793339,10.364574,3,-3000,5.000000,813,-3000,0x03,single,-389.284810,-2925,-0.055678,171,0,No fault,,,,,,,,,
2026-08-14T13:41:24.803,1786707684.803715,10.374953,3,-3000,5.000000,814,-3000,0x03,single,-390.031513,-3104,0.002930,172,0,No fault,,,,,,,,,
2026-08-14T13:41:24.809,1786707684.809139,10.380375,3,-3000,5.000000,815,-3000,0x03,single,-391.502958,-3327,0.014652,174,0,No fault,,,,,,,,,
2026-08-14T13:41:24.814,1786707684.814428,10.385659,3,-3000,5.000000,816,-3000,0x03,single,-393.479524,-3104,0.049817,172,0,No fault,,,,,,,,,
2026-08-14T13:41:24.819,1786707684.819732,10.390963,3,-3000,5.000000,817,-3000,0x03,single,-393.852876,-3238,0.067399,176,0,No fault,,,,,,,,,
2026-08-14T13:41:24.825,1786707684.825007,10.396240,3,-3000,5.000000,818,-3000,0x03,single,-394.226227,-2881,0.032234,172,0,No fault,,,,,,,,,
2026-08-14T13:41:24.830,1786707684.830281,10.401511,3,-3000,5.000000,819,-3000,0x03,single,-394.994892,-3104,-0.014652,173,0,No fault,,,,,,,,,
2026-08-14T13:41:24.835,1786707684.835572,10.406825,3,-3000,5.000000,820,-3000,0x03,single,-395.719633,-2836,0.020513,172,0,No fault,,,,,,,,,
2026-08-14T13:41:24.841,1786707684.841213,10.412477,3,-3000,5.000000,821,-3000,0x03,single,-396.466336,-3283,0.055678,173,0,No fault,,,,,,,,,
2026-08-14T13:41:24.846,1786707684.846644,10.417888,3,-3000,5.000000,822,-3000,0x03,single,-397.213039,-3327,0.014652,172,0,No fault,,,,,,,,,
2026-08-14T13:41:24.851,1786707684.851968,10.423220,3,-3000,5.000000,823,-3000,0x03,single,-397.959742,-3104,-0.014652,173,0,No fault,,,,,,,,,
2026-08-14T13:41:24.857,1786707684.857365,10.428626,3,-3000,5.000000,824,-3000,0x03,single,-398.706445,-3104,0.014652,173,0,No fault,,,,,,,,,
2026-08-14T13:41:24.862,1786707684.862802,10.434049,3,-3000,5.000000,825,-3000,0x03,single,-399.431186,-2791,0.049817,173,0,No fault,,,,,,,,,
2026-08-14T13:41:24.868,1786707684.868151,10.439393,3,-3000,5.000000,826,-3000,0x03,single,-400.199851,-2970,-0.026374,173,0,No fault,,,,,,,,,
2026-08-14T13:41:24.873,1786707684.873602,10.444855,3,-3000,5.000000,827,-3000,0x03,single,-400.902630,-3015,-0.038095,172,0,No fault,,,,,,,,,
2026-08-14T13:41:24.879,1786707684.879050,10.450294,3,-3000,5.000000,828,-3000,0x03,single,-401.627371,-2970,-0.026374,172,0,No fault,,,,,,,,,
2026-08-14T13:41:24.884,1786707684.884489,10.455733,3,-3000,5.000000,829,-3000,0x03,single,-402.330151,-2791,0.002930,173,0,No fault,,,,,,,,,
2026-08-14T13:41:24.889,1786707684.889847,10.461082,3,-3000,5.000000,830,-3000,0x03,single,-403.076854,-3104,-0.043956,172,0,No fault,,,,,,,,,
2026-08-14T13:41:24.895,1786707684.895146,10.466381,3,-3000,5.000000,831,-3000,0x03,single,-403.801595,-3104,-0.073260,172,0,No fault,,,,,,,,,
2026-08-14T13:41:24.900,1786707684.900440,10.471675,3,-3000,5.000000,832,-3000,0x03,single,-404.504374,-2925,-0.038095,172,0,No fault,,,,,,,,,
2026-08-14T13:41:24.905,1786707684.905730,10.476963,3,-3000,5.000000,833,-3000,0x03,single,-405.251077,-2836,0.008791,173,0,No fault,,,,,,,,,
2026-08-14T13:41:24.911,1786707684.911073,10.482310,3,-3000,5.000000,834,-3000,0x03,single,-405.975818,-3059,-0.055678,173,0,No fault,,,,,,,,,
2026-08-14T13:41:24.916,1786707684.916421,10.487650,3,-3000,5.000000,835,-3000,0x03,single,-407.447262,-3104,-0.026374,173,0,No fault,,,,,,,,,
2026-08-14T13:41:24.921,1786707684.921833,10.493065,3,-3000,5.000000,836,-3000,0x03,single,-408.150041,-2925,0.014652,172,0,No fault,,,,,,,,,
2026-08-14T13:41:24.927,1786707684.927124,10.498361,3,-3000,5.000000,837,-3000,0x03,single,-408.874783,-2970,-0.038095,175,0,No fault,,,,,,,,,
2026-08-14T13:41:24.932,1786707684.932424,10.503662,3,-3000,5.000000,838,-3000,0x03,single,-409.621486,-2925,-0.032234,173,0,No fault,,,,,,,,,
2026-08-14T13:41:24.937,1786707684.937729,10.508965,3,-3000,5.000000,839,-3000,0x03,single,-410.346227,-3104,0.008791,173,0,No fault,,,,,,,,,
2026-08-14T13:41:24.943,1786707684.943024,10.514258,3,-3000,5.000000,840,-3000,0x03,single,-411.070968,-2836,0.014652,173,0,No fault,,,,,,,,,
2026-08-14T13:41:24.948,1786707684.948315,10.519544,3,-3000,5.000000,841,-3000,0x03,single,-411.795709,-2881,-0.026374,172,0,No fault,,,,,,,,,
2026-08-14T13:41:24.953,1786707684.953598,10.524835,3,-3000,5.000000,842,-3000,0x03,single,-412.542412,-3104,-0.032234,173,0,No fault,,,,,,,,,
2026-08-14T13:41:24.958,1786707684.958887,10.530124,3,-3000,5.000000,843,-3000,0x03,single,-413.267153,-3059,0.014652,173,0,No fault,,,,,,,,,
2026-08-14T13:41:24.964,1786707684.964186,10.535423,3,-3000,5.000000,844,-3000,0x03,single,-413.991894,-2881,0.002930,173,0,No fault,,,,,,,,,
2026-08-14T13:41:24.969,1786707684.969516,10.540748,3,-3000,5.000000,845,-3000,0x03,single,-414.738597,-3104,-0.020513,173,0,No fault,,,,,,,,,
2026-08-14T13:41:24.974,1786707684.974923,10.546156,3,-3000,5.000000,846,-3000,0x03,single,-415.463338,-2925,-0.014652,170,0,No fault,,,,,,,,,
2026-08-14T13:41:24.980,1786707684.980209,10.551439,3,-3000,5.000000,847,-3000,0x03,single,-416.188079,-3193,0.032234,173,0,No fault,,,,,,,,,
2026-08-14T13:41:24.985,1786707684.985526,10.556762,3,-3000,5.000000,848,-3000,0x03,single,-416.912820,-3104,0.008791,173,0,No fault,,,,,,,,,
2026-08-14T13:41:24.990,1786707684.990823,10.562059,3,-3000,5.000000,849,-3000,0x03,single,-417.659523,-3149,-0.032234,172,0,No fault,,,,,,,,,
2026-08-14T13:41:24.996,1786707684.996107,10.567344,3,-3000,5.000000,850,-3000,0x03,single,-418.362303,-3059,-0.038095,173,0,No fault,,,,,,,,,
2026-08-14T13:41:25.011,1786707685.011598,10.582831,3,-3000,5.000000,851,-3000,0x03,single,-419.811785,-2970,-0.020513,173,0,No fault,,,,,,,,,
2026-08-14T13:41:25.016,1786707685.016876,10.588108,3,-3000,5.000000,852,-3000,0x03,single,-420.536526,-3193,-0.067399,171,0,No fault,,,,,,,,,
2026-08-14T13:41:25.022,1786707685.022156,10.593393,3,-3000,5.000000,853,-3000,0x03,single,-422.732711,-3238,-0.032234,172,0,No fault,,,,,,,,,
2026-08-14T13:41:25.027,1786707685.027456,10.598692,3,-3000,5.000000,854,-3000,0x03,single,-423.084101,-3193,-0.073260,172,0,No fault,,,,,,,,,
2026-08-14T13:41:25.032,1786707685.032747,10.603984,3,-3000,5.000000,855,-3000,0x03,single,-423.479414,-2881,-0.084982,172,0,No fault,,,,,,,,,
2026-08-14T13:41:25.038,1786707685.038038,10.609267,3,-3000,5.000000,856,-3000,0x03,single,-424.204155,-2970,-0.067399,172,0,No fault,,,,,,,,,
2026-08-14T13:41:25.043,1786707685.043318,10.614555,3,-3000,5.000000,857,-3000,0x03,single,-424.906935,-3015,-0.026374,173,0,No fault,,,,,,,,,
2026-08-14T13:41:25.048,1786707685.048602,10.619839,3,-3000,5.000000,858,-3000,0x03,single,-425.631676,-3104,-0.061538,175,0,No fault,,,,,,,,,
2026-08-14T13:41:25.053,1786707685.053900,10.625132,3,-3000,5.000000,859,-3000,0x03,single,-426.334455,-2970,-0.090842,173,0,No fault,,,,,,,,,
2026-08-14T13:41:25.059,1786707685.059336,10.630572,3,-3000,5.000000,860,-3000,0x03,single,-427.805899,-3149,-0.014652,172,0,No fault,,,,,,,,,
2026-08-14T13:41:25.064,1786707685.064795,10.636028,3,-3000,5.000000,861,-3000,0x03,single,-428.508678,-2970,-0.038095,172,0,No fault,,,,,,,,,
2026-08-14T13:41:25.070,1786707685.070073,10.641314,3,-3000,5.000000,862,-3000,0x03,single,-429.255381,-3015,-0.090842,173,0,No fault,,,,,,,,,
2026-08-14T13:41:25.075,1786707685.075397,10.646634,3,-3000,5.000000,863,-3000,0x03,single,-429.980123,-3015,-0.055678,172,0,No fault,,,,,,,,,
2026-08-14T13:41:25.080,1786707685.080692,10.651926,3,-3000,5.000000,864,-3000,0x03,single,-430.682902,-3149,-0.008791,172,0,No fault,,,,,,,,,
2026-08-14T13:41:25.085,1786707685.085988,10.657225,3,-3000,5.000000,865,-3000,0x03,single,-431.407643,-3015,-0.032234,173,0,No fault,,,,,,,,,
2026-08-14T13:41:25.091,1786707685.091279,10.662516,3,-3000,5.000000,866,-3000,0x03,single,-432.132384,-3149,-0.084982,170,0,No fault,,,,,,,,,
2026-08-14T13:41:25.096,1786707685.096564,10.667797,3,-3000,5.000000,867,-3000,0x03,single,-432.835163,-2747,-0.043956,173,0,No fault,,,,,,,,,
2026-08-14T13:41:25.101,1786707685.101849,10.673081,3,-3000,5.000000,868,-3000,0x03,single,-433.581866,-2925,0.002930,172,0,No fault,,,,,,,,,
2026-08-14T13:41:25.107,1786707685.107129,10.678365,3,-3000,5.000000,869,-3000,0x03,single,-434.306607,-3059,-0.020513,173,0,No fault,,,,,,,,,
2026-08-14T13:41:25.112,1786707685.112552,10.683814,3,-3000,5.000000,870,-3000,0x03,single,-435.053310,-3149,-0.055678,172,0,No fault,,,,,,,,,
2026-08-14T13:41:25.118,1786707685.118229,10.689467,3,-3000,5.000000,871,-3000,0x03,single,-435.778052,-3059,-0.026374,173,0,No fault,,,,,,,,,
2026-08-14T13:41:25.123,1786707685.123524,10.694759,3,-3000,5.000000,872,-3000,0x03,single,-436.502793,-3238,0.008791,172,0,No fault,,,,,,,,,
2026-08-14T13:41:25.128,1786707685.128807,10.700038,3,-3000,5.000000,873,-3000,0x03,single,-437.227534,-3059,-0.026374,173,0,No fault,,,,,,,,,
2026-08-14T13:41:25.134,1786707685.134195,10.705431,3,-3000,5.000000,874,-3000,0x03,single,-437.952275,-2970,-0.079121,173,0,No fault,,,,,,,,,
2026-08-14T13:41:25.139,1786707685.139477,10.710712,3,-3000,5.000000,875,-3000,0x03,single,-438.677016,-3015,-0.038095,172,0,No fault,,,,,,,,,
2026-08-14T13:41:25.144,1786707685.144753,10.715985,3,-3000,5.000000,876,-3000,0x03,single,-439.379795,-2881,-0.002930,172,0,No fault,,,,,,,,,
2026-08-14T13:41:25.150,1786707685.150033,10.721266,3,-3000,5.000000,877,-3000,0x03,single,-440.104536,-2925,-0.043956,172,0,No fault,,,,,,,,,
2026-08-14T13:41:25.155,1786707685.155301,10.726527,3,-3000,5.000000,878,-3000,0x03,single,-440.829278,-2970,-0.096703,169,0,No fault,,,,,,,,,
2026-08-14T13:41:25.160,1786707685.160561,10.731788,3,-3000,5.000000,879,-3000,0x03,single,-441.532057,-3015,-0.067399,172,0,No fault,,,,,,,,,
2026-08-14T13:41:25.165,1786707685.165817,10.737044,3,-3000,5.000000,880,-3000,0x03,single,-442.234836,-2836,-0.049817,172,0,No fault,,,,,,,,,
2026-08-14T13:41:25.171,1786707685.171066,10.742296,3,-3000,5.000000,881,-3000,0x03,single,-442.959577,-2836,-0.084982,172,0,No fault,,,,,,,,,
2026-08-14T13:41:25.176,1786707685.176323,10.747553,3,-3000,5.000000,882,-3000,0x03,single,-443.684318,-2925,-0.108425,174,0,No fault,,,,,,,,,
2026-08-14T13:41:25.181,1786707685.181747,10.752978,3,-3000,5.000000,883,-3000,0x03,single,-445.111839,-3104,-0.032234,175,0,No fault,,,,,,,,,
2026-08-14T13:41:25.187,1786707685.187006,10.758236,3,-3000,5.000000,884,-3000,0x03,single,-445.836580,-2925,-0.073260,172,0,No fault,,,,,,,,,
2026-08-14T13:41:25.192,1786707685.192387,10.763630,3,-3000,5.000000,885,-3000,0x03,single,-446.539359,-2791,-0.090842,171,0,No fault,,,,,,,,,
2026-08-14T13:41:25.197,1786707685.197754,10.768993,3,-3000,5.000000,886,-3000,0x03,single,-447.264100,-2836,-0.073260,172,0,No fault,,,,,,,,,
2026-08-14T13:41:25.213,1786707685.213338,10.784576,3,-3000,5.000000,887,-3000,0x03,single,-447.988841,-3193,-0.026374,172,0,No fault,,,,,,,,,
2026-08-14T13:41:25.218,1786707685.218653,10.789885,3,-3000,5.000000,888,-3000,0x03,single,-449.394400,-2791,-0.096703,172,0,No fault,,,,,,,,,
2026-08-14T13:41:25.223,1786707685.223933,10.795161,3,-3000,5.000000,889,-3000,0x03,single,-451.458814,-3059,-0.055678,172,0,No fault,,,,,,,,,
2026-08-14T13:41:25.229,1786707685.229214,10.800453,3,-3000,5.000000,890,-3000,0x03,single,-451.854127,-3015,-0.067399,173,0,No fault,,,,,,,,,
2026-08-14T13:41:25.234,1786707685.234523,10.805761,3,-3000,5.000000,891,-3000,0x03,single,-452.227479,-3104,-0.096703,172,0,No fault,,,,,,,,,
2026-08-14T13:41:25.239,1786707685.239817,10.811053,3,-3000,5.000000,892,-3000,0x03,single,-452.930258,-2836,-0.055678,172,0,No fault,,,,,,,,,
2026-08-14T13:41:25.245,1786707685.245105,10.816341,3,-3000,5.000000,893,-3000,0x03,single,-453.654999,-3015,-0.014652,170,0,No fault,,,,,,,,,
2026-08-14T13:41:25.260,1786707685.260376,10.831699,4,0,0.800000,1,0,0x03,single,-455.829223,-2925,-0.049817,173,0,No fault,,,,,,,,,
2026-08-14T13:41:25.266,1786707685.266734,10.838031,4,0,0.800000,2,0,0x03,single,-456.532002,-2970,-0.020513,172,0,No fault,,,,,,,,,
2026-08-14T13:41:25.272,1786707685.272514,10.843759,4,0,0.800000,3,0,0x03,single,-457.278705,-3104,-0.073260,173,0,No fault,,,,,,,,,
2026-08-14T13:41:25.277,1786707685.277815,10.849053,4,0,0.800000,4,0,0x03,single,-457.630094,-2970,-0.102564,172,0,No fault,,,,,,,,,
2026-08-14T13:41:25.283,1786707685.283109,10.854342,4,0,0.800000,5,0,0x03,single,-457.937560,-2479,1.684982,174,0,No fault,,,,,,,,,
2026-08-14T13:41:25.288,1786707685.288630,10.859869,4,0,0.800000,6,0,0x03,single,-458.047370,-112,0.079121,176,0,No fault,,,,,,,,,
2026-08-14T13:41:25.294,1786707685.294101,10.865331,4,0,0.800000,7,0,0x03,single,-458.025408,-201,0.043956,173,0,No fault,,,,,,,,,
2026-08-14T13:41:25.299,1786707685.299353,10.870582,4,0,0.800000,8,0,0x03,single,-458.047370,-112,0.049817,172,0,No fault,,,,,,,,,
2026-08-14T13:41:25.304,1786707685.304610,10.875838,4,0,0.800000,9,0,0x03,single,-458.047370,-290,-0.002930,172,0,No fault,,,,,,,,,
2026-08-14T13:41:25.309,1786707685.309867,10.881104,4,0,0.800000,10,0,0x03,single,-458.047370,-112,0.026374,173,0,No fault,,,,,,,,,
2026-08-14T13:41:25.315,1786707685.315229,10.886468,4,0,0.800000,11,0,0x03,single,-458.069331,-156,0.020513,173,0,No fault,,,,,,,,,
2026-08-14T13:41:25.320,1786707685.320515,10.891750,4,0,0.800000,12,0,0x03,single,-458.069331,246,0.049817,170,0,No fault,,,,,,,,,
2026-08-14T13:41:25.325,1786707685.325795,10.897034,4,0,0.800000,13,0,0x03,single,-458.069331,22,0.014652,172,0,No fault,,,,,,,,,
2026-08-14T13:41:25.331,1786707685.331117,10.902351,4,0,0.800000,14,0,0x03,single,-458.091293,-156,0.032234,173,0,No fault,,,,,,,,,
2026-08-14T13:41:25.336,1786707685.336393,10.907629,4,0,0.800000,15,0,0x03,single,-458.091293,-67,0.008791,173,0,No fault,,,,,,,,,
2026-08-14T13:41:25.341,1786707685.341684,10.912922,4,0,0.800000,16,0,0x03,single,-458.113255,-156,-0.008791,171,0,No fault,,,,,,,,,
2026-08-14T13:41:25.347,1786707685.347000,10.918236,4,0,0.800000,17,0,0x03,single,-458.113255,-22,0.002930,172,0,No fault,,,,,,,,,
2026-08-14T13:41:25.352,1786707685.352296,10.923532,4,0,0.800000,18,0,0x03,single,-458.113255,22,-0.008791,172,0,No fault,,,,,,,,,
2026-08-14T13:41:25.357,1786707685.357570,10.928804,4,0,0.800000,19,0,0x03,single,-458.113255,-22,-0.014652,172,0,No fault,,,,,,,,,
2026-08-14T13:41:25.362,1786707685.362848,10.934082,4,0,0.800000,20,0,0x03,single,-458.113255,-112,-0.032234,171,0,No fault,,,,,,,,,
2026-08-14T13:41:25.368,1786707685.368127,10.939360,4,0,0.800000,21,0,0x03,single,-458.113255,-156,-0.032234,169,0,No fault,,,,,,,,,
2026-08-14T13:41:25.373,1786707685.373392,10.944624,4,0,0.800000,22,0,0x03,single,-458.135217,-112,-0.014652,172,0,No fault,,,,,,,,,
2026-08-14T13:41:25.378,1786707685.378696,10.949932,4,0,0.800000,23,0,0x03,single,-458.113255,67,-0.043956,172,0,No fault,,,,,,,,,
2026-08-14T13:41:25.386,1786707685.386203,10.957436,4,0,0.800000,24,0,0x03,single,-458.135217,-67,-0.038095,172,0,No fault,,,,,,,,,
2026-08-14T13:41:25.391,1786707685.391476,10.962710,4,0,0.800000,25,0,0x03,single,-458.135217,-112,-0.032234,174,0,No fault,,,,,,,,,
2026-08-14T13:41:25.396,1786707685.396776,10.968016,4,0,0.800000,26,0,0x03,single,-458.135217,-156,-0.026374,172,0,No fault,,,,,,,,,
2026-08-14T13:41:25.402,1786707685.402085,10.973334,4,0,0.800000,27,0,0x03,single,-458.135217,-290,-0.043956,172,0,No fault,,,,,,,,,
2026-08-14T13:41:25.418,1786707685.418069,10.989319,4,0,0.800000,28,0,0x03,single,-458.113255,112,-0.049817,173,0,No fault,,,,,,,,,
2026-08-14T13:41:25.423,1786707685.423678,10.994919,4,0,0.800000,29,0,0x03,single,-458.135217,-67,-0.049817,172,0,No fault,,,,,,,,,
2026-08-14T13:41:25.429,1786707685.429118,11.000367,4,0,0.800000,30,0,0x03,single,-458.135217,-22,-0.032234,172,0,No fault,,,,,,,,,
2026-08-14T13:41:25.434,1786707685.434685,11.005926,4,0,0.800000,31,0,0x03,single,-458.135217,22,-0.026374,175,0,No fault,,,,,,,,,
2026-08-14T13:41:25.439,1786707685.439998,11.011237,4,0,0.800000,32,0,0x03,single,-458.135217,112,-0.026374,172,0,No fault,,,,,,,,,
2026-08-14T13:41:25.445,1786707685.445309,11.016545,4,0,0.800000,33,0,0x03,single,-458.135217,-112,-0.043956,173,0,No fault,,,,,,,,,
2026-08-14T13:41:25.450,1786707685.450628,11.021866,4,0,0.800000,34,0,0x03,single,-458.113255,156,-0.038095,172,0,No fault,,,,,,,,,
2026-08-14T13:41:25.455,1786707685.455931,11.027168,4,0,0.800000,35,0,0x03,single,-458.135217,-201,-0.043956,173,0,No fault,,,,,,,,,
2026-08-14T13:41:25.461,1786707685.461219,11.032455,4,0,0.800000,36,0,0x03,single,-458.135217,-22,-0.049817,172,0,No fault,,,,,,,,,
2026-08-14T13:41:25.466,1786707685.466511,11.037743,4,0,0.800000,37,0,0x03,single,-458.135217,-156,-0.061538,173,0,No fault,,,,,,,,,
2026-08-14T13:41:25.471,1786707685.471780,11.043017,4,0,0.800000,38,0,0x03,single,-458.135217,-67,-0.049817,172,0,No fault,,,,,,,,,
2026-08-14T13:41:25.477,1786707685.477062,11.048296,4,0,0.800000,39,0,0x03,single,-458.135217,22,-0.049817,171,0,No fault,,,,,,,,,
2026-08-14T13:41:25.482,1786707685.482342,11.053577,4,0,0.800000,40,0,0x03,single,-458.135217,112,-0.032234,171,0,No fault,,,,,,,,,
2026-08-14T13:41:25.487,1786707685.487724,11.058960,4,0,0.800000,41,0,0x03,single,-458.135217,22,-0.055678,173,0,No fault,,,,,,,,,
2026-08-14T13:41:25.493,1786707685.493008,11.064242,4,0,0.800000,42,0,0x03,single,-458.135217,-156,-0.049817,172,0,No fault,,,,,,,,,
2026-08-14T13:41:25.498,1786707685.498303,11.069537,4,0,0.800000,43,0,0x03,single,-458.135217,67,-0.032234,175,0,No fault,,,,,,,,,
2026-08-14T13:41:25.503,1786707685.503586,11.074823,4,0,0.800000,44,0,0x03,single,-458.135217,-67,-0.043956,172,0,No fault,,,,,,,,,
2026-08-14T13:41:25.508,1786707685.508864,11.080093,4,0,0.800000,45,0,0x03,single,-458.135217,-112,-0.061538,172,0,No fault,,,,,,,,,
2026-08-14T13:41:25.514,1786707685.514131,11.085365,4,0,0.800000,46,0,0x03,single,-458.135217,-112,-0.038095,171,0,No fault,,,,,,,,,
2026-08-14T13:41:25.519,1786707685.519574,11.090805,4,0,0.800000,47,0,0x03,single,-458.135217,-112,-0.049817,171,0,No fault,,,,,,,,,
2026-08-14T13:41:25.524,1786707685.524852,11.096085,4,0,0.800000,48,0,0x03,single,-458.135217,-201,-0.055678,172,0,No fault,,,,,,,,,
2026-08-14T13:41:25.530,1786707685.530214,11.101451,4,0,0.800000,49,0,0x03,single,-458.135217,-112,-0.038095,172,0,No fault,,,,,,,,,
2026-08-14T13:41:25.535,1786707685.535631,11.106868,4,0,0.800000,50,0,0x03,single,-458.135217,156,-0.043956,172,0,No fault,,,,,,,,,
2026-08-14T13:41:25.540,1786707685.540908,11.112143,4,0,0.800000,51,0,0x03,single,-458.135217,-22,-0.032234,166,0,No fault,,,,,,,,,
2026-08-14T13:41:25.546,1786707685.546183,11.117419,4,0,0.800000,52,0,0x03,single,-458.135217,67,-0.038095,172,0,No fault,,,,,,,,,
2026-08-14T13:41:25.551,1786707685.551472,11.122703,4,0,0.800000,53,0,0x03,single,-458.135217,112,-0.049817,170,0,No fault,,,,,,,,,
2026-08-14T13:41:25.556,1786707685.556740,11.127977,4,0,0.800000,54,0,0x03,single,-458.135217,22,-0.032234,173,0,No fault,,,,,,,,,
2026-08-14T13:41:25.562,1786707685.562032,11.133268,4,0,0.800000,55,0,0x03,single,-458.135217,-67,-0.043956,168,0,No fault,,,,,,,,,
2026-08-14T13:41:25.567,1786707685.567326,11.138559,4,0,0.800000,56,0,0x03,single,-458.135217,-156,-0.061538,170,0,No fault,,,,,,,,,
2026-08-14T13:41:25.572,1786707685.572607,11.143840,4,0,0.800000,57,0,0x03,single,-458.135217,-112,-0.038095,172,0,No fault,,,,,,,,,
2026-08-14T13:41:25.577,1786707685.577899,11.149130,4,0,0.800000,58,0,0x03,single,-458.135217,-22,-0.049817,173,0,No fault,,,,,,,,,
2026-08-14T13:41:25.583,1786707685.583182,11.154418,4,0,0.800000,59,0,0x03,single,-458.135217,-112,-0.038095,172,0,No fault,,,,,,,,,
2026-08-14T13:41:25.588,1786707685.588461,11.159696,4,0,0.800000,60,0,0x03,single,-458.135217,-112,-0.043956,169,0,No fault,,,,,,,,,
2026-08-14T13:41:25.593,1786707685.593759,11.165000,4,0,0.800000,61,0,0x03,single,-458.135217,112,-0.049817,174,0,No fault,,,,,,,,,
2026-08-14T13:41:25.599,1786707685.599245,11.170481,4,0,0.800000,62,0,0x03,single,-458.135217,-22,-0.061538,173,0,No fault,,,,,,,,,
2026-08-14T13:41:25.604,1786707685.604538,11.175776,4,0,0.800000,63,0,0x03,single,-458.135217,-156,-0.043956,172,0,No fault,,,,,,,,,
2026-08-14T13:41:25.620,1786707685.620273,11.191519,4,0,0.800000,64,0,0x03,single,-458.135217,-112,-0.049817,173,0,No fault,,,,,,,,,
2026-08-14T13:41:25.625,1786707685.625615,11.196847,4,0,0.800000,65,0,0x03,single,-458.135217,67,-0.032234,173,0,No fault,,,,,,,,,
2026-08-14T13:41:25.630,1786707685.630891,11.202120,4,0,0.800000,66,0,0x03,single,-458.135217,-22,-0.049817,170,0,No fault,,,,,,,,,
2026-08-14T13:41:25.636,1786707685.636148,11.207376,4,0,0.800000,67,0,0x03,single,-458.135217,-112,-0.049817,172,0,No fault,,,,,,,,,
2026-08-14T13:41:25.641,1786707685.641414,11.212675,4,0,0.800000,68,0,0x03,single,-458.135217,-22,-0.049817,174,0,No fault,,,,,,,,,
2026-08-14T13:41:25.646,1786707685.646726,11.217962,4,0,0.800000,69,0,0x03,single,-458.135217,-67,-0.043956,174,0,No fault,,,,,,,,,
2026-08-14T13:41:25.652,1786707685.652003,11.223236,4,0,0.800000,70,0,0x03,single,-458.135217,22,-0.043956,172,0,No fault,,,,,,,,,
2026-08-14T13:41:25.657,1786707685.657282,11.228515,4,0,0.800000,71,0,0x03,single,-458.135217,-112,-0.067399,172,0,No fault,,,,,,,,,
2026-08-14T13:41:25.662,1786707685.662746,11.233982,4,0,0.800000,72,0,0x03,single,-458.135217,112,-0.032234,173,0,No fault,,,,,,,,,
2026-08-14T13:41:25.668,1786707685.668194,11.239434,4,0,0.800000,73,0,0x03,single,-458.157179,-246,-0.049817,173,0,No fault,,,,,,,,,
2026-08-14T13:41:25.673,1786707685.673535,11.244767,4,0,0.800000,74,0,0x03,single,-458.135217,22,-0.067399,172,0,No fault,,,,,,,,,
2026-08-14T13:41:25.678,1786707685.678818,11.250055,4,0,0.800000,75,0,0x03,single,-458.135217,-22,-0.032234,172,0,No fault,,,,,,,,,
2026-08-14T13:41:25.684,1786707685.684092,11.255328,4,0,0.800000,76,0,0x03,single,-458.135217,-201,-0.061538,173,0,No fault,,,,,,,,,
2026-08-14T13:41:25.689,1786707685.689399,11.260634,4,0,0.800000,77,0,0x03,single,-458.135217,156,-0.032234,173,0,No fault,,,,,,,,,
2026-08-14T13:41:25.694,1786707685.694705,11.265942,4,0,0.800000,78,0,0x03,single,-458.135217,22,-0.043956,172,0,No fault,,,,,,,,,
2026-08-14T13:41:25.699,1786707685.699994,11.271230,4,0,0.800000,79,0,0x03,single,-458.135217,-22,-0.038095,176,0,No fault,,,,,,,,,
2026-08-14T13:41:25.705,1786707685.705287,11.276523,4,0,0.800000,80,0,0x03,single,-458.135217,156,-0.043956,174,0,No fault,,,,,,,,,
2026-08-14T13:41:25.710,1786707685.710587,11.281817,4,0,0.800000,81,0,0x03,single,-458.135217,22,-0.038095,172,0,No fault,,,,,,,,,
2026-08-14T13:41:25.715,1786707685.715854,11.287086,4,0,0.800000,82,0,0x03,single,-458.135217,67,-0.032234,171,0,No fault,,,,,,,,,
2026-08-14T13:41:25.721,1786707685.721122,11.292353,4,0,0.800000,83,0,0x03,single,-458.135217,-22,-0.038095,173,0,No fault,,,,,,,,,
2026-08-14T13:41:25.726,1786707685.726396,11.297631,4,0,0.800000,84,0,0x03,single,-458.135217,67,-0.038095,172,0,No fault,,,,,,,,,
2026-08-14T13:41:25.731,1786707685.731671,11.302899,4,0,0.800000,85,0,0x03,single,-458.135217,67,-0.026374,173,0,No fault,,,,,,,,,
2026-08-14T13:41:25.736,1786707685.736930,11.308157,4,0,0.800000,86,0,0x03,single,-458.135217,112,-0.049817,172,0,No fault,,,,,,,,,
2026-08-14T13:41:25.742,1786707685.742195,11.313421,4,0,0.800000,87,0,0x03,single,-458.135217,-67,-0.043956,173,0,No fault,,,,,,,,,
2026-08-14T13:41:25.747,1786707685.747442,11.318672,4,0,0.800000,88,0,0x03,single,-458.135217,-67,-0.043956,173,0,No fault,,,,,,,,,
2026-08-14T13:41:25.752,1786707685.752709,11.323945,4,0,0.800000,89,0,0x03,single,-458.135217,67,-0.038095,173,0,No fault,,,,,,,,,
2026-08-14T13:41:25.757,1786707685.757989,11.329225,4,0,0.800000,90,0,0x03,single,-458.135217,-112,-0.038095,171,0,No fault,,,,,,,,,
2026-08-14T13:41:25.763,1786707685.763267,11.334501,4,0,0.800000,91,0,0x03,single,-458.135217,22,-0.038095,175,0,No fault,,,,,,,,,
2026-08-14T13:41:25.768,1786707685.768532,11.339765,4,0,0.800000,92,0,0x03,single,-458.135217,22,-0.049817,172,0,No fault,,,,,,,,,
2026-08-14T13:41:25.773,1786707685.773831,11.345065,4,0,0.800000,93,0,0x03,single,-458.135217,67,-0.049817,173,0,No fault,,,,,,,,,
2026-08-14T13:41:25.779,1786707685.779104,11.350339,4,0,0.800000,94,0,0x03,single,-458.135217,22,-0.049817,172,0,No fault,,,,,,,,,
2026-08-14T13:41:25.784,1786707685.784382,11.355618,4,0,0.800000,95,0,0x03,single,-458.135217,-67,-0.043956,172,0,No fault,,,,,,,,,
2026-08-14T13:41:25.789,1786707685.789651,11.360881,4,0,0.800000,96,0,0x03,single,-458.135217,67,-0.032234,172,0,No fault,,,,,,,,,
2026-08-14T13:41:25.794,1786707685.794914,11.366141,4,0,0.800000,97,0,0x03,single,-458.135217,-22,-0.049817,172,0,No fault,,,,,,,,,
2026-08-14T13:41:25.800,1786707685.800164,11.371398,4,0,0.800000,98,0,0x03,single,-458.135217,-22,-0.049817,172,0,No fault,,,,,,,,,
2026-08-14T13:41:25.805,1786707685.805409,11.376672,4,0,0.800000,99,0,0x03,single,-458.135217,-22,-0.032234,173,0,No fault,,,,,,,,,
2026-08-14T13:41:25.810,1786707685.810959,11.382195,4,0,0.800000,100,0,0x03,single,-458.135217,-22,-0.032234,173,0,No fault,,,,,,,,,
2026-08-14T13:41:25.826,1786707685.826515,11.397748,4,0,0.800000,101,0,0x03,single,-458.135217,67,-0.038095,170,0,No fault,,,,,,,,,
2026-08-14T13:41:25.831,1786707685.831790,11.403023,4,0,0.800000,102,0,0x03,single,-458.135217,22,-0.055678,171,0,No fault,,,,,,,,,
2026-08-14T13:41:25.837,1786707685.837225,11.408460,4,0,0.800000,103,0,0x03,single,-458.135217,67,-0.038095,174,0,No fault,,,,,,,,,
2026-08-14T13:41:25.842,1786707685.842655,11.413898,4,0,0.800000,104,0,0x03,single,-458.135217,-22,-0.055678,174,0,No fault,,,,,,,,,
2026-08-14T13:41:25.848,1786707685.848173,11.419407,4,0,0.800000,105,0,0x03,single,-458.135217,-67,-0.026374,175,0,No fault,,,,,,,,,
2026-08-14T13:41:25.853,1786707685.853527,11.424762,4,0,0.800000,106,0,0x03,single,-458.135217,-22,-0.055678,171,0,No fault,,,,,,,,,
2026-08-14T13:41:25.858,1786707685.858821,11.430057,4,0,0.800000,107,0,0x03,single,-458.135217,-112,-0.038095,173,0,No fault,,,,,,,,,
2026-08-14T13:41:25.864,1786707685.864126,11.435362,4,0,0.800000,108,0,0x03,single,-458.135217,-67,-0.049817,173,0,No fault,,,,,,,,,
2026-08-14T13:41:25.869,1786707685.869502,11.440737,4,0,0.800000,109,0,0x03,single,-458.135217,22,-0.038095,172,0,No fault,,,,,,,,,
2026-08-14T13:41:25.874,1786707685.874798,11.446040,4,0,0.800000,110,0,0x03,single,-458.135217,112,-0.038095,173,0,No fault,,,,,,,,,
2026-08-14T13:41:25.880,1786707685.880106,11.451340,4,0,0.800000,111,0,0x03,single,-458.135217,-67,-0.038095,171,0,No fault,,,,,,,,,
2026-08-14T13:41:25.885,1786707685.885403,11.456637,4,0,0.800000,112,0,0x03,single,-458.135217,-156,-0.049817,173,0,No fault,,,,,,,,,
2026-08-14T13:41:25.890,1786707685.890723,11.461956,4,0,0.800000,113,0,0x03,single,-458.135217,-112,-0.043956,171,0,No fault,,,,,,,,,
2026-08-14T13:41:25.896,1786707685.896023,11.467259,4,0,0.800000,114,0,0x03,single,-458.135217,67,-0.038095,172,0,No fault,,,,,,,,,
2026-08-14T13:41:25.901,1786707685.901309,11.472543,4,0,0.800000,115,0,0x03,single,-458.135217,-156,-0.055678,172,0,No fault,,,,,,,,,
2026-08-14T13:41:25.906,1786707685.906640,11.477871,4,0,0.800000,116,0,0x03,single,-458.135217,-67,-0.049817,173,0,No fault,,,,,,,,,
2026-08-14T13:41:25.911,1786707685.911925,11.483160,4,0,0.800000,117,0,0x03,single,-458.135217,-22,-0.032234,172,0,No fault,,,,,,,,,
2026-08-14T13:41:25.917,1786707685.917231,11.488469,4,0,0.800000,118,0,0x03,single,-458.135217,67,-0.038095,175,0,No fault,,,,,,,,,
2026-08-14T13:41:25.922,1786707685.922540,11.493778,4,0,0.800000,119,0,0x03,single,-458.135217,-156,-0.049817,173,0,No fault,,,,,,,,,
2026-08-14T13:41:25.927,1786707685.927850,11.499086,4,0,0.800000,120,0,0x03,single,-458.135217,-67,-0.049817,172,0,No fault,,,,,,,,,
2026-08-14T13:41:25.933,1786707685.933152,11.504386,4,0,0.800000,121,0,0x03,single,-458.135217,156,-0.032234,168,0,No fault,,,,,,,,,
2026-08-14T13:41:25.938,1786707685.938440,11.509672,4,0,0.800000,122,0,0x03,single,-458.135217,67,-0.049817,172,0,No fault,,,,,,,,,
2026-08-14T13:41:25.943,1786707685.943741,11.514977,4,0,0.800000,123,0,0x03,single,-458.135217,-67,-0.043956,172,0,No fault,,,,,,,,,
2026-08-14T13:41:25.949,1786707685.949043,11.520278,4,0,0.800000,124,0,0x03,single,-458.135217,22,-0.038095,172,0,No fault,,,,,,,,,
2026-08-14T13:41:25.954,1786707685.954345,11.525579,4,0,0.800000,125,0,0x03,single,-458.135217,22,-0.032234,172,0,No fault,,,,,,,,,
2026-08-14T13:41:25.959,1786707685.959626,11.530861,4,0,0.800000,126,0,0x03,single,-458.135217,67,-0.032234,172,0,No fault,,,,,,,,,
2026-08-14T13:41:25.964,1786707685.964920,11.536151,4,0,0.800000,127,0,0x03,single,-458.135217,-112,-0.043956,172,0,No fault,,,,,,,,,
2026-08-14T13:41:25.970,1786707685.970206,11.541443,4,0,0.800000,128,0,0x03,single,-458.135217,-22,-0.020513,172,0,No fault,,,,,,,,,
2026-08-14T13:41:25.975,1786707685.975664,11.546900,4,0,0.800000,129,0,0x03,single,-458.135217,201,-0.049817,171,0,No fault,,,,,,,,,
2026-08-14T13:41:25.981,1786707685.981061,11.552294,4,0,0.800000,130,0,0x03,single,-458.135217,-22,-0.055678,172,0,No fault,,,,,,,,,
2026-08-14T13:41:25.986,1786707685.986354,11.557587,4,0,0.800000,131,0,0x03,single,-458.135217,-67,-0.038095,175,0,No fault,,,,,,,,,
2026-08-14T13:41:25.991,1786707685.991629,11.562866,4,0,0.800000,132,0,0x03,single,-458.135217,22,-0.061538,172,0,No fault,,,,,,,,,
2026-08-14T13:41:25.996,1786707685.996919,11.568153,4,0,0.800000,133,0,0x03,single,-458.135217,-67,-0.026374,171,0,No fault,,,,,,,,,
2026-08-14T13:41:26.002,1786707686.002288,11.573521,4,0,0.800000,134,0,0x03,single,-458.135217,67,-0.038095,172,0,No fault,,,,,,,,,
2026-08-14T13:41:26.007,1786707686.007577,11.578810,4,0,0.800000,135,0,0x03,single,-458.135217,-112,-0.049817,173,0,No fault,,,,,,,,,
2026-08-14T13:41:26.023,1786707686.023096,11.594334,4,0,0.800000,136,0,0x03,single,-458.135217,-22,-0.020513,171,0,No fault,,,,,,,,,
2026-08-14T13:41:26.028,1786707686.028394,11.599630,4,0,0.800000,137,0,0x03,single,-458.135217,112,-0.032234,174,0,No fault,,,,,,,,,
2026-08-14T13:41:26.033,1786707686.033693,11.604933,4,0,0.800000,138,0,0x03,single,-458.135217,22,-0.038095,172,0,No fault,,,,,,,,,
2026-08-14T13:41:26.039,1786707686.039009,11.610247,4,0,0.800000,139,0,0x03,single,-458.135217,156,-0.049817,172,0,No fault,,,,,,,,,
2026-08-14T13:41:26.044,1786707686.044312,11.615545,4,0,0.800000,140,0,0x03,single,-458.135217,-67,-0.043956,170,0,No fault,,,,,,,,,
2026-08-14T13:41:26.049,1786707686.049612,11.620849,4,0,0.800000,141,0,0x03,single,-458.135217,67,-0.043956,172,0,No fault,,,,,,,,,
2026-08-14T13:41:26.054,1786707686.054917,11.626150,4,0,0.800000,142,0,0x03,single,-458.135217,-67,-0.032234,172,0,No fault,,,,,,,,,
