wall_time_iso,wall_time_epoch_s,elapsed_s,phase_index,phase_command_erpm,phase_duration_s,sample_index,command_erpm,left_motor_id,left_motor_label,left_feedback_position_deg,left_feedback_speed_erpm,left_feedback_current_amps,left_feedback_temperature_c,left_feedback_error_code,left_feedback_error_description,right_motor_id,right_motor_label,right_feedback_position_deg,right_feedback_speed_erpm,right_feedback_current_amps,right_feedback_temperature_c,right_feedback_error_code,right_feedback_error_description,sync_error_erpm
2026-08-14T14:11:39.623,1786709499.623646,0.008600,1,3000,5.000000,1,3000,0x03,single,-305.961543,-112,-0.020513,175,0,No fault,,,,,,,,,
2026-08-14T14:11:39.629,1786709499.629386,0.014260,1,3000,5.000000,2,3000,0x03,single,-305.368573,3149,0.671062,172,0,No fault,,,,,,,,,
2026-08-14T14:11:39.634,1786709499.634746,0.019620,1,3000,5.000000,3,3000,0x03,single,-304.599909,3015,-0.014652,175,0,No fault,,,,,,,,,
2026-08-14T14:11:39.639,1786709499.639994,0.024871,1,3000,5.000000,4,3000,0x03,single,-303.897129,2702,0.073260,172,0,No fault,,,,,,,,,
2026-08-14T14:11:39.645,1786709499.645272,0.030151,1,3000,5.000000,5,3000,0x03,single,-303.216312,2568,0.172894,170,0,No fault,,,,,,,,,
2026-08-14T14:11:39.650,1786709499.650546,0.035418,1,3000,5.000000,6,3000,0x03,single,-302.491571,2881,0.196337,173,0,No fault,,,,,,,,,
2026-08-14T14:11:39.655,1786709499.655773,0.040641,1,3000,5.000000,7,3000,0x03,single,-301.810753,2791,0.190476,175,0,No fault,,,,,,,,,
2026-08-14T14:11:39.660,1786709499.660977,0.045847,1,3000,5.000000,8,3000,0x03,single,-301.107974,2702,0.155311,171,0,No fault,,,,,,,,,
2026-08-14T14:11:39.666,1786709499.666187,0.051058,1,3000,5.000000,9,3000,0x03,single,-300.405195,2791,0.108425,172,0,No fault,,,,,,,,,
2026-08-14T14:11:39.671,1786709499.671391,0.056258,1,3000,5.000000,10,3000,0x03,single,-299.680454,2702,0.149451,172,0,No fault,,,,,,,,,
2026-08-14T14:11:39.676,1786709499.676586,0.061454,1,3000,5.000000,11,3000,0x03,single,-298.977674,2970,0.184615,171,0,No fault,,,,,,,,,
2026-08-14T14:11:39.681,1786709499.681785,0.066653,1,3000,5.000000,12,3000,0x03,single,-298.274895,2836,0.137729,168,0,No fault,,,,,,,,,
2026-08-14T14:11:39.686,1786709499.686985,0.071851,1,3000,5.000000,13,3000,0x03,single,-297.572116,2836,0.102564,173,0,No fault,,,,,,,,,
2026-08-14T14:11:39.692,1786709499.692213,0.077090,1,3000,5.000000,14,3000,0x03,single,-296.847375,2970,0.143590,172,0,No fault,,,,,,,,,
2026-08-14T14:11:39.697,1786709499.697494,0.082371,1,3000,5.000000,15,3000,0x03,single,-296.166557,2702,0.167033,172,0,No fault,,,,,,,,,
2026-08-14T14:11:39.702,1786709499.702750,0.087619,1,3000,5.000000,16,3000,0x03,single,-295.441816,2925,0.167033,173,0,No fault,,,,,,,,,
2026-08-14T14:11:39.707,1786709499.707958,0.092826,1,3000,5.000000,17,3000,0x03,single,-294.739037,2970,0.090842,172,0,No fault,,,,,,,,,
2026-08-14T14:11:39.713,1786709499.713160,0.098026,1,3000,5.000000,18,3000,0x03,single,-294.036258,3015,0.149451,171,0,No fault,,,,,,,,,
2026-08-14T14:11:39.718,1786709499.718355,0.103221,1,3000,5.000000,19,3000,0x03,single,-293.355440,2479,0.196337,173,0,No fault,,,,,,,,,
2026-08-14T14:11:39.723,1786709499.723543,0.108409,1,3000,5.000000,20,3000,0x03,single,-292.608737,2836,0.120147,168,0,No fault,,,,,,,,,
2026-08-14T14:11:39.728,1786709499.728735,0.113602,1,3000,5.000000,21,3000,0x03,single,-291.905958,3015,0.126007,170,0,No fault,,,,,,,,,
2026-08-14T14:11:39.733,1786709499.733988,0.118876,1,3000,5.000000,22,3000,0x03,single,-291.203179,2791,0.131868,172,0,No fault,,,,,,,,,
2026-08-14T14:11:39.739,1786709499.739408,0.124286,1,3000,5.000000,23,3000,0x03,single,-290.500399,2791,0.196337,172,0,No fault,,,,,,,,,
2026-08-14T14:11:39.744,1786709499.744672,0.129547,1,3000,5.000000,24,3000,0x03,single,-289.797620,2568,0.161172,172,0,No fault,,,,,,,,,
2026-08-14T14:11:39.749,1786709499.749925,0.134796,1,3000,5.000000,25,3000,0x03,single,-289.094841,2970,0.114286,173,0,No fault,,,,,,,,,
2026-08-14T14:11:39.755,1786709499.755157,0.140029,1,3000,5.000000,26,3000,0x03,single,-288.392062,2970,0.161172,173,0,No fault,,,,,,,,,
2026-08-14T14:11:39.760,1786709499.760530,0.145403,1,3000,5.000000,27,3000,0x03,single,-287.667321,3059,0.202198,172,0,No fault,,,,,,,,,
2026-08-14T14:11:39.765,1786709499.765762,0.150633,1,3000,5.000000,28,3000,0x03,single,-286.986503,2970,0.202198,172,0,No fault,,,,,,,,,
2026-08-14T14:11:39.770,1786709499.770985,0.155855,1,3000,5.000000,29,3000,0x03,single,-286.283724,3059,0.155311,174,0,No fault,,,,,,,,,
2026-08-14T14:11:39.776,1786709499.776205,0.161075,1,3000,5.000000,30,3000,0x03,single,-285.558983,3015,0.190476,177,0,No fault,,,,,,,,,
2026-08-14T14:11:39.781,1786709499.781425,0.166295,1,3000,5.000000,31,3000,0x03,single,-284.856203,3059,0.184615,173,0,No fault,,,,,,,,,
2026-08-14T14:11:39.786,1786709499.786749,0.171619,1,3000,5.000000,32,3000,0x03,single,-284.153424,2836,0.196337,173,0,No fault,,,,,,,,,
2026-08-14T14:11:39.791,1786709499.791979,0.176849,1,3000,5.000000,33,3000,0x03,single,-282.747866,2657,0.149451,172,0,No fault,,,,,,,,,
2026-08-14T14:11:39.797,1786709499.797195,0.182065,1,3000,5.000000,34,3000,0x03,single,-282.045086,2657,0.208059,170,0,No fault,,,,,,,,,
2026-08-14T14:11:39.814,1786709499.814342,0.199221,1,3000,5.000000,35,3000,0x03,single,-281.342307,2881,0.184615,171,0,No fault,,,,,,,,,
2026-08-14T14:11:39.819,1786709499.819672,0.204548,1,3000,5.000000,36,3000,0x03,single,-278.597076,2791,0.184615,172,0,No fault,,,,,,,,,
2026-08-14T14:11:39.824,1786709499.824994,0.209866,1,3000,5.000000,37,3000,0x03,single,-278.223724,3104,0.114286,172,0,No fault,,,,,,,,,
2026-08-14T14:11:39.830,1786709499.830217,0.215087,1,3000,5.000000,38,3000,0x03,single,-277.498983,3104,0.067399,172,0,No fault,,,,,,,,,
2026-08-14T14:11:39.835,1786709499.835427,0.220294,1,3000,5.000000,39,3000,0x03,single,-276.818166,2836,0.161172,173,0,No fault,,,,,,,,,
2026-08-14T14:11:39.840,1786709499.840627,0.225494,1,3000,5.000000,40,3000,0x03,single,-276.115386,2702,0.126007,172,0,No fault,,,,,,,,,
2026-08-14T14:11:39.845,1786709499.845827,0.230694,1,3000,5.000000,41,3000,0x03,single,-275.412607,2747,0.126007,171,0,No fault,,,,,,,,,
2026-08-14T14:11:39.851,1786709499.851023,0.235890,1,3000,5.000000,42,3000,0x03,single,-274.687866,2747,0.049817,172,0,No fault,,,,,,,,,
2026-08-14T14:11:39.856,1786709499.856220,0.241088,1,3000,5.000000,43,3000,0x03,single,-273.985087,2970,0.143590,174,0,No fault,,,,,,,,,
2026-08-14T14:11:39.861,1786709499.861414,0.246280,1,3000,5.000000,44,3000,0x03,single,-273.260346,3015,0.143590,170,0,No fault,,,,,,,,,
2026-08-14T14:11:39.866,1786709499.866607,0.251474,1,3000,5.000000,45,3000,0x03,single,-272.579528,2881,0.149451,171,0,No fault,,,,,,,,,
2026-08-14T14:11:39.871,1786709499.871799,0.256665,1,3000,5.000000,46,3000,0x03,single,-271.876749,2970,0.084982,175,0,No fault,,,,,,,,,
2026-08-14T14:11:39.876,1786709499.876988,0.261854,1,3000,5.000000,47,3000,0x03,single,-271.152008,2925,0.143590,173,0,No fault,,,,,,,,,
2026-08-14T14:11:39.882,1786709499.882178,0.267044,1,3000,5.000000,48,3000,0x03,single,-270.471190,2702,0.172894,174,0,No fault,,,,,,,,,
2026-08-14T14:11:39.887,1786709499.887368,0.272234,1,3000,5.000000,49,3000,0x03,single,-269.768411,2747,0.149451,175,0,No fault,,,,,,,,,
2026-08-14T14:11:39.892,1786709499.892521,0.277389,1,3000,5.000000,50,3000,0x03,single,-269.043670,2970,0.102564,172,0,No fault,,,,,,,,,
2026-08-14T14:11:39.897,1786709499.897718,0.282585,1,3000,5.000000,51,3000,0x03,single,-268.340891,3015,0.143590,173,0,No fault,,,,,,,,,
2026-08-14T14:11:39.902,1786709499.902910,0.287776,1,3000,5.000000,52,3000,0x03,single,-267.638111,2881,0.202198,174,0,No fault,,,,,,,,,
2026-08-14T14:11:39.908,1786709499.908100,0.292966,1,3000,5.000000,53,3000,0x03,single,-266.935332,2881,0.172894,172,0,No fault,,,,,,,,,
2026-08-14T14:11:39.913,1786709499.913288,0.298154,1,3000,5.000000,54,3000,0x03,single,-266.254515,2925,0.108425,173,0,No fault,,,,,,,,,
2026-08-14T14:11:39.918,1786709499.918479,0.303346,1,3000,5.000000,55,3000,0x03,single,-265.551735,2702,0.184615,170,0,No fault,,,,,,,,,
2026-08-14T14:11:39.923,1786709499.923676,0.308541,1,3000,5.000000,56,3000,0x03,single,-264.826994,2836,0.190476,172,0,No fault,,,,,,,,,
2026-08-14T14:11:39.928,1786709499.928969,0.313835,1,3000,5.000000,57,3000,0x03,single,-264.146177,2791,0.196337,172,0,No fault,,,,,,,,,
2026-08-14T14:11:39.934,1786709499.934163,0.319031,1,3000,5.000000,58,3000,0x03,single,-263.443398,3015,0.143590,174,0,No fault,,,,,,,,,
2026-08-14T14:11:39.939,1786709499.939358,0.324224,1,3000,5.000000,59,3000,0x03,single,-262.718656,3104,0.155311,175,0,No fault,,,,,,,,,
2026-08-14T14:11:39.944,1786709499.944522,0.329388,1,3000,5.000000,60,3000,0x03,single,-262.015877,2836,0.196337,175,0,No fault,,,,,,,,,
2026-08-14T14:11:39.949,1786709499.949707,0.334572,1,3000,5.000000,61,3000,0x03,single,-261.335060,2791,0.167033,172,0,No fault,,,,,,,,,
2026-08-14T14:11:39.954,1786709499.954893,0.339758,1,3000,5.000000,62,3000,0x03,single,-260.632281,2970,0.161172,172,0,No fault,,,,,,,,,
2026-08-14T14:11:39.960,1786709499.960082,0.344947,1,3000,5.000000,63,3000,0x03,single,-259.907539,2881,0.120147,172,0,No fault,,,,,,,,,
2026-08-14T14:11:39.965,1786709499.965269,0.350134,1,3000,5.000000,64,3000,0x03,single,-259.204760,2881,0.167033,173,0,No fault,,,,,,,,,
2026-08-14T14:11:39.970,1786709499.970501,0.355381,1,3000,5.000000,65,3000,0x03,single,-258.501981,2925,0.184615,172,0,No fault,,,,,,,,,
2026-08-14T14:11:39.975,1786709499.975833,0.360707,1,3000,5.000000,66,3000,0x03,single,-257.799202,2791,0.090842,173,0,No fault,,,,,,,,,
2026-08-14T14:11:39.981,1786709499.981073,0.365946,1,3000,5.000000,67,3000,0x03,single,-257.096422,2836,0.137729,175,0,No fault,,,,,,,,,
2026-08-14T14:11:39.986,1786709499.986304,0.371174,1,3000,5.000000,68,3000,0x03,single,-256.371681,2970,0.167033,171,0,No fault,,,,,,,,,
2026-08-14T14:11:39.991,1786709499.991547,0.376423,1,3000,5.000000,69,3000,0x03,single,-255.668902,3015,0.161172,173,0,No fault,,,,,,,,,
2026-08-14T14:11:39.997,1786709499.997452,0.382335,1,3000,5.000000,70,3000,0x03,single,-254.900237,3015,0.084982,172,0,No fault,,,,,,,,,
2026-08-14T14:11:40.002,1786709500.002766,0.387646,1,3000,5.000000,71,3000,0x03,single,-254.197458,2836,0.137729,172,0,No fault,,,,,,,,,
2026-08-14T14:11:40.013,1786709500.013339,0.398211,1,3000,5.000000,72,3000,0x03,single,-253.516640,2702,0.190476,172,0,No fault,,,,,,,,,
2026-08-14T14:11:40.018,1786709500.018903,0.403780,1,3000,5.000000,73,3000,0x03,single,-251.078875,2791,0.155311,172,0,No fault,,,,,,,,,
2026-08-14T14:11:40.024,1786709500.024154,0.409027,1,3000,5.000000,74,3000,0x03,single,-250.705523,2881,0.208059,173,0,No fault,,,,,,,,,
2026-08-14T14:11:40.030,1786709500.030105,0.414971,1,3000,5.000000,75,3000,0x03,single,-250.002744,2881,0.208059,173,0,No fault,,,,,,,,,
2026-08-14T14:11:40.035,1786709500.035326,0.420208,1,3000,5.000000,76,3000,0x03,single,-249.299965,3059,0.126007,173,0,No fault,,,,,,,,,
2026-08-14T14:11:40.040,1786709500.040627,0.425503,1,3000,5.000000,77,3000,0x03,single,-248.619147,2836,0.178755,175,0,No fault,,,,,,,,,
2026-08-14T14:11:40.045,1786709500.045895,0.430772,1,3000,5.000000,78,3000,0x03,single,-247.894406,3059,0.190476,174,0,No fault,,,,,,,,,
2026-08-14T14:11:40.051,1786709500.051155,0.436027,1,3000,5.000000,79,3000,0x03,single,-247.213589,2747,0.225641,173,0,No fault,,,,,,,,,
2026-08-14T14:11:40.056,1786709500.056386,0.441259,1,3000,5.000000,80,3000,0x03,single,-246.488848,2925,0.137729,175,0,No fault,,,,,,,,,
2026-08-14T14:11:40.061,1786709500.061636,0.446508,1,3000,5.000000,81,3000,0x03,single,-245.786068,3104,0.167033,173,0,No fault,,,,,,,,,
2026-08-14T14:11:40.066,1786709500.066866,0.451737,1,3000,5.000000,82,3000,0x03,single,-245.105251,2925,0.184615,172,0,No fault,,,,,,,,,
2026-08-14T14:11:40.072,1786709500.072092,0.456962,1,3000,5.000000,83,3000,0x03,single,-244.402472,2925,0.196337,172,0,No fault,,,,,,,,,
2026-08-14T14:11:40.077,1786709500.077312,0.462186,1,3000,5.000000,84,3000,0x03,single,-243.699693,2791,0.131868,173,0,No fault,,,,,,,,,
2026-08-14T14:11:40.082,1786709500.082540,0.467410,1,3000,5.000000,85,3000,0x03,single,-242.996913,2925,0.126007,172,0,No fault,,,,,,,,,
2026-08-14T14:11:40.087,1786709500.087760,0.472631,1,3000,5.000000,86,3000,0x03,single,-242.272172,3149,0.178755,171,0,No fault,,,,,,,,,
2026-08-14T14:11:40.093,1786709500.093072,0.477943,1,3000,5.000000,87,3000,0x03,single,-241.591355,3015,0.202198,172,0,No fault,,,,,,,,,
2026-08-14T14:11:40.098,1786709500.098292,0.483161,1,3000,5.000000,88,3000,0x03,single,-240.888575,2836,0.102564,172,0,No fault,,,,,,,,,
2026-08-14T14:11:40.103,1786709500.103513,0.488382,1,3000,5.000000,89,3000,0x03,single,-240.185796,2925,0.120147,173,0,No fault,,,,,,,,,
2026-08-14T14:11:40.108,1786709500.108773,0.493659,1,3000,5.000000,90,3000,0x03,single,-239.483017,2702,0.126007,167,0,No fault,,,,,,,,,
2026-08-14T14:11:40.114,1786709500.114116,0.498999,1,3000,5.000000,91,3000,0x03,single,-238.780238,2747,0.178755,173,0,No fault,,,,,,,,,
2026-08-14T14:11:40.119,1786709500.119410,0.504282,1,3000,5.000000,92,3000,0x03,single,-238.055496,2925,0.102564,171,0,No fault,,,,,,,,,
2026-08-14T14:11:40.124,1786709500.124648,0.509520,1,3000,5.000000,93,3000,0x03,single,-237.352717,2747,0.108425,172,0,No fault,,,,,,,,,
2026-08-14T14:11:40.129,1786709500.129937,0.514807,1,3000,5.000000,94,3000,0x03,single,-236.649938,2970,0.126007,172,0,No fault,,,,,,,,,
2026-08-14T14:11:40.135,1786709500.135222,0.520093,1,3000,5.000000,95,3000,0x03,single,-235.244379,2925,0.108425,173,0,No fault,,,,,,,,,
2026-08-14T14:11:40.140,1786709500.140545,0.525414,1,3000,5.000000,96,3000,0x03,single,-234.541600,2836,0.084982,173,0,No fault,,,,,,,,,
2026-08-14T14:11:40.145,1786709500.145770,0.530649,1,3000,5.000000,97,3000,0x03,single,-233.838821,2791,0.155311,173,0,No fault,,,,,,,,,
2026-08-14T14:11:40.151,1786709500.151068,0.535949,1,3000,5.000000,98,3000,0x03,single,-233.114080,2747,0.178755,172,0,No fault,,,,,,,,,
2026-08-14T14:11:40.156,1786709500.156368,0.541255,1,3000,5.000000,99,3000,0x03,single,-232.411300,2925,0.108425,171,0,No fault,,,,,,,,,
2026-08-14T14:11:40.161,1786709500.161721,0.546597,1,3000,5.000000,100,3000,0x03,single,-231.686559,2881,0.108425,174,0,No fault,,,,,,,,,
2026-08-14T14:11:40.166,1786709500.166964,0.551833,1,3000,5.000000,101,3000,0x03,single,-230.983780,2836,0.167033,173,0,No fault,,,,,,,,,
2026-08-14T14:11:40.172,1786709500.172200,0.557077,1,3000,5.000000,102,3000,0x03,single,-230.281001,2791,0.178755,173,0,No fault,,,,,,,,,
2026-08-14T14:11:40.177,1786709500.177442,0.562310,1,3000,5.000000,103,3000,0x03,single,-229.600183,2836,0.161172,172,0,No fault,,,,,,,,,
2026-08-14T14:11:40.182,1786709500.182654,0.567522,1,3000,5.000000,104,3000,0x03,single,-228.875442,3059,0.114286,172,0,No fault,,,,,,,,,
2026-08-14T14:11:40.187,1786709500.187862,0.572730,1,3000,5.000000,105,3000,0x03,single,-228.172663,3149,0.225641,173,0,No fault,,,,,,,,,
2026-08-14T14:11:40.193,1786709500.193061,0.577929,1,3000,5.000000,106,3000,0x03,single,-227.469884,2836,0.196337,173,0,No fault,,,,,,,,,
2026-08-14T14:11:40.198,1786709500.198266,0.583137,1,3000,5.000000,107,3000,0x03,single,-226.767104,2836,0.196337,170,0,No fault,,,,,,,,,
2026-08-14T14:11:40.203,1786709500.203469,0.588336,1,3000,5.000000,108,3000,0x03,single,-226.064325,3015,0.131868,173,0,No fault,,,,,,,,,
2026-08-14T14:11:40.218,1786709500.218840,0.603714,1,3000,5.000000,109,3000,0x03,single,-223.450865,3059,0.120147,172,0,No fault,,,,,,,,,
2026-08-14T14:11:40.224,1786709500.224094,0.608966,1,3000,5.000000,110,3000,0x03,single,-223.121437,2836,0.108425,172,0,No fault,,,,,,,,,
2026-08-14T14:11:40.229,1786709500.229321,0.614190,1,3000,5.000000,111,3000,0x03,single,-222.726124,2970,0.131868,172,0,No fault,,,,,,,,,
2026-08-14T14:11:40.234,1786709500.234531,0.619399,1,3000,5.000000,112,3000,0x03,single,-222.023344,2881,0.208059,173,0,No fault,,,,,,,,,
2026-08-14T14:11:40.239,1786709500.239730,0.624598,1,3000,5.000000,113,3000,0x03,single,-221.320565,2925,0.161172,170,0,No fault,,,,,,,,,
2026-08-14T14:11:40.244,1786709500.244931,0.629803,1,3000,5.000000,114,3000,0x03,single,-220.595824,3015,0.102564,175,0,No fault,,,,,,,,,
2026-08-14T14:11:40.250,1786709500.250210,0.635102,1,3000,5.000000,115,3000,0x03,single,-219.893045,3015,0.137729,173,0,No fault,,,,,,,,,
2026-08-14T14:11:40.255,1786709500.255699,0.640571,1,3000,5.000000,116,3000,0x03,single,-219.190265,2881,0.167033,172,0,No fault,,,,,,,,,
2026-08-14T14:11:40.260,1786709500.260913,0.645781,1,3000,5.000000,117,3000,0x03,single,-218.487486,2836,0.131868,173,0,No fault,,,,,,,,,
2026-08-14T14:11:40.266,1786709500.266120,0.650991,1,3000,5.000000,118,3000,0x03,single,-217.784707,2925,0.102564,173,0,No fault,,,,,,,,,
2026-08-14T14:11:40.271,1786709500.271445,0.656313,1,3000,5.000000,119,3000,0x03,single,-217.059966,2702,0.084982,173,0,No fault,,,,,,,,,
2026-08-14T14:11:40.276,1786709500.276726,0.661593,1,3000,5.000000,120,3000,0x03,single,-215.632445,2970,0.149451,173,0,No fault,,,,,,,,,
2026-08-14T14:11:40.281,1786709500.281992,0.666861,1,3000,5.000000,121,3000,0x03,single,-214.929666,2925,0.061538,172,0,No fault,,,,,,,,,
2026-08-14T14:11:40.287,1786709500.287194,0.672060,1,3000,5.000000,122,3000,0x03,single,-214.226887,2925,0.120147,171,0,No fault,,,,,,,,,
2026-08-14T14:11:40.292,1786709500.292396,0.677267,1,3000,5.000000,123,3000,0x03,single,-213.524108,2881,0.161172,173,0,No fault,,,,,,,,,
2026-08-14T14:11:40.297,1786709500.297651,0.682517,1,3000,5.000000,124,3000,0x03,single,-212.843290,2568,0.126007,172,0,No fault,,,,,,,,,
2026-08-14T14:11:40.302,1786709500.302848,0.687714,1,3000,5.000000,125,3000,0x03,single,-212.118549,2881,0.096703,172,0,No fault,,,,,,,,,
2026-08-14T14:11:40.308,1786709500.308035,0.692901,1,3000,5.000000,126,3000,0x03,single,-211.415770,2836,0.126007,172,0,No fault,,,,,,,,,
2026-08-14T14:11:40.313,1786709500.313225,0.698090,1,3000,5.000000,127,3000,0x03,single,-210.691029,2881,0.167033,170,0,No fault,,,,,,,,,
2026-08-14T14:11:40.318,1786709500.318415,0.703280,1,3000,5.000000,128,3000,0x03,single,-210.010211,2791,0.167033,170,0,No fault,,,,,,,,,
2026-08-14T14:11:40.323,1786709500.323610,0.708477,1,3000,5.000000,129,3000,0x03,single,-209.285470,2970,0.131868,172,0,No fault,,,,,,,,,
2026-08-14T14:11:40.328,1786709500.328804,0.713670,1,3000,5.000000,130,3000,0x03,single,-208.604653,2702,0.143590,173,0,No fault,,,,,,,,,
2026-08-14T14:11:40.333,1786709500.333990,0.718855,1,3000,5.000000,131,3000,0x03,single,-207.901873,2702,0.167033,173,0,No fault,,,,,,,,,
2026-08-14T14:11:40.339,1786709500.339178,0.724043,1,3000,5.000000,132,3000,0x03,single,-207.199094,2791,0.172894,174,0,No fault,,,,,,,,,
2026-08-14T14:11:40.344,1786709500.344365,0.729229,1,3000,5.000000,133,3000,0x03,single,-206.496315,2836,0.114286,173,0,No fault,,,,,,,,,
2026-08-14T14:11:40.349,1786709500.349550,0.734415,1,3000,5.000000,134,3000,0x03,single,-205.793536,2791,0.172894,173,0,No fault,,,,,,,,,
2026-08-14T14:11:40.354,1786709500.354740,0.739606,1,3000,5.000000,135,3000,0x03,single,-205.090756,2657,0.190476,172,0,No fault,,,,,,,,,
2026-08-14T14:11:40.359,1786709500.359927,0.744793,1,3000,5.000000,136,3000,0x03,single,-204.387977,2657,0.167033,170,0,No fault,,,,,,,,,
2026-08-14T14:11:40.365,1786709500.365110,0.749978,1,3000,5.000000,137,3000,0x03,single,-203.707160,2613,0.178755,171,0,No fault,,,,,,,,,
2026-08-14T14:11:40.370,1786709500.370304,0.755169,1,3000,5.000000,138,3000,0x03,single,-202.960457,3149,0.114286,172,0,No fault,,,,,,,,,
2026-08-14T14:11:40.375,1786709500.375489,0.760354,1,3000,5.000000,139,3000,0x03,single,-202.279639,2791,0.184615,173,0,No fault,,,,,,,,,
2026-08-14T14:11:40.380,1786709500.380675,0.765540,1,3000,5.000000,140,3000,0x03,single,-201.576860,2747,0.190476,171,0,No fault,,,,,,,,,
2026-08-14T14:11:40.385,1786709500.385858,0.770723,1,3000,5.000000,141,3000,0x03,single,-200.874081,2836,0.161172,173,0,No fault,,,,,,,,,
2026-08-14T14:11:40.391,1786709500.391048,0.775913,1,3000,5.000000,142,3000,0x03,single,-200.171302,2791,0.161172,173,0,No fault,,,,,,,,,
2026-08-14T14:11:40.396,1786709500.396234,0.781099,1,3000,5.000000,143,3000,0x03,single,-199.446560,3015,0.120147,173,0,No fault,,,,,,,,,
2026-08-14T14:11:40.401,1786709500.401421,0.786286,1,3000,5.000000,144,3000,0x03,single,-198.743781,2970,0.202198,172,0,No fault,,,,,,,,,
2026-08-14T14:11:40.406,1786709500.406607,0.791472,1,3000,5.000000,145,3000,0x03,single,-198.062964,2925,0.120147,173,0,No fault,,,,,,,,,
2026-08-14T14:11:40.417,1786709500.417152,0.802025,1,3000,5.000000,146,3000,0x03,single,-197.360184,2925,0.114286,172,0,No fault,,,,,,,,,
2026-08-14T14:11:40.422,1786709500.422400,0.807272,1,3000,5.000000,147,3000,0x03,single,-195.185961,2925,0.096703,173,0,No fault,,,,,,,,,
2026-08-14T14:11:40.427,1786709500.427617,0.812483,1,3000,5.000000,148,3000,0x03,single,-194.790648,3059,0.096703,173,0,No fault,,,,,,,,,
2026-08-14T14:11:40.432,1786709500.432813,0.817681,1,3000,5.000000,149,3000,0x03,single,-194.087868,2881,0.149451,175,0,No fault,,,,,,,,,
2026-08-14T14:11:40.438,1786709500.438012,0.822879,1,3000,5.000000,150,3000,0x03,single,-193.385089,2925,0.172894,172,0,No fault,,,,,,,,,
2026-08-14T14:11:40.443,1786709500.443205,0.828070,1,3000,5.000000,151,3000,0x03,single,-192.682310,2791,0.155311,172,0,No fault,,,,,,,,,
2026-08-14T14:11:40.448,1786709500.448392,0.833258,1,3000,5.000000,152,3000,0x03,single,-191.979531,3149,0.149451,171,0,No fault,,,,,,,,,
2026-08-14T14:11:40.453,1786709500.453605,0.838472,1,3000,5.000000,153,3000,0x03,single,-191.276751,3015,0.143590,174,0,No fault,,,,,,,,,
2026-08-14T14:11:40.458,1786709500.458799,0.843664,1,3000,5.000000,154,3000,0x03,single,-190.573972,3193,0.231502,172,0,No fault,,,,,,,,,
2026-08-14T14:11:40.464,1786709500.464013,0.848887,1,3000,5.000000,155,3000,0x03,single,-189.893155,2791,0.161172,173,0,No fault,,,,,,,,,
2026-08-14T14:11:40.469,1786709500.469248,0.854114,1,3000,5.000000,156,3000,0x03,single,-189.190375,2881,0.149451,172,0,No fault,,,,,,,,,
2026-08-14T14:11:40.474,1786709500.474456,0.859330,1,3000,5.000000,157,3000,0x03,single,-188.487596,2747,0.178755,174,0,No fault,,,,,,,,,
2026-08-14T14:11:40.479,1786709500.479706,0.864579,1,3000,5.000000,158,3000,0x03,single,-187.762855,2925,0.213919,172,0,No fault,,,,,,,,,
2026-08-14T14:11:40.484,1786709500.484927,0.869799,1,3000,5.000000,159,3000,0x03,single,-187.060076,2881,0.213919,172,0,No fault,,,,,,,,,
2026-08-14T14:11:40.490,1786709500.490149,0.875020,1,3000,5.000000,160,3000,0x03,single,-186.357297,2970,0.126007,172,0,No fault,,,,,,,,,
2026-08-14T14:11:40.495,1786709500.495372,0.880242,1,3000,5.000000,161,3000,0x03,single,-185.654517,2925,0.161172,172,0,No fault,,,,,,,,,
2026-08-14T14:11:40.500,1786709500.500597,0.885468,1,3000,5.000000,162,3000,0x03,single,-184.951738,3104,0.208059,171,0,No fault,,,,,,,,,
2026-08-14T14:11:40.505,1786709500.505820,0.890691,1,3000,5.000000,163,3000,0x03,single,-184.270921,2836,0.208059,174,0,No fault,,,,,,,,,
2026-08-14T14:11:40.511,1786709500.511039,0.895912,1,3000,5.000000,164,3000,0x03,single,-183.546179,2925,0.137729,173,0,No fault,,,,,,,,,
2026-08-14T14:11:40.516,1786709500.516277,0.901152,1,3000,5.000000,165,3000,0x03,single,-182.843400,2791,0.149451,174,0,No fault,,,,,,,,,
2026-08-14T14:11:40.522,1786709500.522887,0.907752,1,3000,5.000000,166,3000,0x03,single,-182.140621,2791,0.190476,175,0,No fault,,,,,,,,,
2026-08-14T14:11:40.528,1786709500.528268,0.913140,1,3000,5.000000,167,3000,0x03,single,-181.437842,2747,0.202198,175,0,No fault,,,,,,,,,
2026-08-14T14:11:40.534,1786709500.534588,0.919458,1,3000,5.000000,168,3000,0x03,single,-180.010321,2925,0.120147,172,0,No fault,,,,,,,,,
2026-08-14T14:11:40.541,1786709500.541167,0.926029,1,3000,5.000000,169,3000,0x03,single,-179.307542,2791,0.167033,173,0,No fault,,,,,,,,,
2026-08-14T14:11:40.546,1786709500.546344,0.931213,1,3000,5.000000,170,3000,0x03,single,-178.604763,3015,0.196337,173,0,No fault,,,,,,,,,
2026-08-14T14:11:40.551,1786709500.551551,0.936418,1,3000,5.000000,171,3000,0x03,single,-177.901983,2836,0.084982,169,0,No fault,,,,,,,,,
2026-08-14T14:11:40.556,1786709500.556745,0.941612,1,3000,5.000000,172,3000,0x03,single,-177.177242,3015,0.120147,171,0,No fault,,,,,,,,,
2026-08-14T14:11:40.561,1786709500.561951,0.946818,1,3000,5.000000,173,3000,0x03,single,-176.474463,3015,0.143590,172,0,No fault,,,,,,,,,
2026-08-14T14:11:40.567,1786709500.567148,0.952015,1,3000,5.000000,174,3000,0x03,single,-175.771684,3015,0.161172,171,0,No fault,,,,,,,,,
2026-08-14T14:11:40.572,1786709500.572410,0.957276,1,3000,5.000000,175,3000,0x03,single,-175.068905,2747,0.102564,172,0,No fault,,,,,,,,,
2026-08-14T14:11:40.577,1786709500.577638,0.962503,1,3000,5.000000,176,3000,0x03,single,-174.366125,2836,0.120147,173,0,No fault,,,,,,,,,
2026-08-14T14:11:40.582,1786709500.582829,0.967693,1,3000,5.000000,177,3000,0x03,single,-173.641384,2702,0.155311,172,0,No fault,,,,,,,,,
2026-08-14T14:11:40.588,1786709500.588014,0.972880,1,3000,5.000000,178,3000,0x03,single,-172.938605,2702,0.155311,172,0,No fault,,,,,,,,,
2026-08-14T14:11:40.593,1786709500.593199,0.978065,1,3000,5.000000,179,3000,0x03,single,-172.235826,2925,0.114286,173,0,No fault,,,,,,,,,
2026-08-14T14:11:40.598,1786709500.598391,0.983257,1,3000,5.000000,180,3000,0x03,single,-171.533046,2836,0.102564,173,0,No fault,,,,,,,,,
2026-08-14T14:11:40.603,1786709500.603581,0.988446,1,3000,5.000000,181,3000,0x03,single,-170.808305,2836,0.167033,170,0,No fault,,,,,,,,,
2026-08-14T14:11:40.608,1786709500.608767,0.993632,1,3000,5.000000,182,3000,0x03,single,-170.127488,2791,0.202198,172,0,No fault,,,,,,,,,
2026-08-14T14:11:40.624,1786709500.624602,1.009488,1,3000,5.000000,183,3000,0x03,single,-167.470104,2702,0.202198,172,0,No fault,,,,,,,,,
2026-08-14T14:11:40.630,1786709500.630077,1.014972,1,3000,5.000000,184,3000,0x03,single,-167.140676,2791,0.196337,173,0,No fault,,,,,,,,,
2026-08-14T14:11:40.635,1786709500.635517,1.020395,1,3000,5.000000,185,3000,0x03,single,-166.020621,2702,0.114286,169,0,No fault,,,,,,,,,
2026-08-14T14:11:40.640,1786709500.640774,1.025647,1,3000,5.000000,186,3000,0x03,single,-165.339804,2702,0.202198,172,0,No fault,,,,,,,,,
2026-08-14T14:11:40.646,1786709500.646010,1.030880,1,3000,5.000000,187,3000,0x03,single,-164.637025,2613,0.196337,172,0,No fault,,,,,,,,,
2026-08-14T14:11:40.651,1786709500.651228,1.036098,1,3000,5.000000,188,3000,0x03,single,-163.934245,2925,0.202198,176,0,No fault,,,,,,,,,
2026-08-14T14:11:40.656,1786709500.656446,1.041315,1,3000,5.000000,189,3000,0x03,single,-163.209504,2970,0.090842,173,0,No fault,,,,,,,,,
2026-08-14T14:11:40.661,1786709500.661707,1.046589,1,3000,5.000000,190,3000,0x03,single,-162.506725,2836,0.172894,172,0,No fault,,,,,,,,,
2026-08-14T14:11:40.666,1786709500.666985,1.051855,1,3000,5.000000,191,3000,0x03,single,-161.803946,2657,0.219780,173,0,No fault,,,,,,,,,
2026-08-14T14:11:40.672,1786709500.672218,1.057099,1,3000,5.000000,192,3000,0x03,single,-161.101167,2925,0.155311,172,0,No fault,,,,,,,,,
2026-08-14T14:11:40.677,1786709500.677539,1.062426,1,3000,5.000000,193,3000,0x03,single,-160.398387,2925,0.084982,173,0,No fault,,,,,,,,,
2026-08-14T14:11:40.682,1786709500.682835,1.067714,1,3000,5.000000,194,3000,0x03,single,-159.673646,2970,0.155311,173,0,No fault,,,,,,,,,
2026-08-14T14:11:40.688,1786709500.688093,1.072970,1,3000,5.000000,195,3000,0x03,single,-158.970867,2881,0.167033,173,0,No fault,,,,,,,,,
2026-08-14T14:11:40.693,1786709500.693343,1.078221,1,3000,5.000000,196,3000,0x03,single,-158.268088,2881,0.149451,171,0,No fault,,,,,,,,,
2026-08-14T14:11:40.698,1786709500.698605,1.083484,1,3000,5.000000,197,3000,0x03,single,-157.565308,2925,0.079121,173,0,No fault,,,,,,,,,
2026-08-14T14:11:40.703,1786709500.703858,1.088733,1,3000,5.000000,198,3000,0x03,single,-156.840567,2791,0.108425,172,0,No fault,,,,,,,,,
2026-08-14T14:11:40.709,1786709500.709109,1.093984,1,3000,5.000000,199,3000,0x03,single,-156.159750,2702,0.137729,170,0,No fault,,,,,,,,,
2026-08-14T14:11:40.714,1786709500.714367,1.099246,1,3000,5.000000,200,3000,0x03,single,-155.435009,2970,0.131868,173,0,No fault,,,,,,,,,
2026-08-14T14:11:40.719,1786709500.719639,1.104517,1,3000,5.000000,201,3000,0x03,single,-154.732229,3015,0.073260,174,0,No fault,,,,,,,,,
2026-08-14T14:11:40.724,1786709500.724891,1.109767,1,3000,5.000000,202,3000,0x03,single,-154.029450,2836,0.143590,173,0,No fault,,,,,,,,,
2026-08-14T14:11:40.730,1786709500.730151,1.115027,1,3000,5.000000,203,3000,0x03,single,-153.304709,2702,0.120147,173,0,No fault,,,,,,,,,
2026-08-14T14:11:40.735,1786709500.735411,1.120287,1,3000,5.000000,204,3000,0x03,single,-152.601930,2925,0.167033,176,0,No fault,,,,,,,,,
2026-08-14T14:11:40.740,1786709500.740785,1.125661,1,3000,5.000000,205,3000,0x03,single,-151.899150,2881,0.108425,173,0,No fault,,,,,,,,,
2026-08-14T14:11:40.746,1786709500.746036,1.130910,1,3000,5.000000,206,3000,0x03,single,-151.174409,3149,0.120147,176,0,No fault,,,,,,,,,
2026-08-14T14:11:40.751,1786709500.751313,1.136219,1,3000,5.000000,207,3000,0x03,single,-150.493592,2881,0.178755,172,0,No fault,,,,,,,,,
2026-08-14T14:11:40.756,1786709500.756731,1.141611,1,3000,5.000000,208,3000,0x03,single,-149.790813,2881,0.126007,173,0,No fault,,,,,,,,,
2026-08-14T14:11:40.761,1786709500.761993,1.146869,1,3000,5.000000,209,3000,0x03,single,-149.066072,2970,0.114286,171,0,No fault,,,,,,,,,
2026-08-14T14:11:40.767,1786709500.767241,1.152117,1,3000,5.000000,210,3000,0x03,single,-148.385254,2881,0.149451,173,0,No fault,,,,,,,,,
2026-08-14T14:11:40.772,1786709500.772514,1.157389,1,3000,5.000000,211,3000,0x03,single,-147.660513,2970,0.172894,172,0,No fault,,,,,,,,,
2026-08-14T14:11:40.777,1786709500.777758,1.162631,1,3000,5.000000,212,3000,0x03,single,-146.891848,3059,0.184615,174,0,No fault,,,,,,,,,
2026-08-14T14:11:40.782,1786709500.782999,1.167873,1,3000,5.000000,213,3000,0x03,single,-146.211031,2925,0.137729,173,0,No fault,,,,,,,,,
2026-08-14T14:11:40.788,1786709500.788238,1.173110,1,3000,5.000000,214,3000,0x03,single,-145.508251,2881,0.196337,173,0,No fault,,,,,,,,,
2026-08-14T14:11:40.793,1786709500.793534,1.178405,1,3000,5.000000,215,3000,0x03,single,-144.805472,2791,0.155311,171,0,No fault,,,,,,,,,
2026-08-14T14:11:40.798,1786709500.798823,1.183693,1,3000,5.000000,216,3000,0x03,single,-143.377952,3059,0.137729,173,0,No fault,,,,,,,,,
2026-08-14T14:11:40.804,1786709500.804197,1.189078,1,3000,5.000000,217,3000,0x03,single,-142.675173,2881,0.137729,172,0,No fault,,,,,,,,,
2026-08-14T14:11:40.809,1786709500.809472,1.194346,1,3000,5.000000,218,3000,0x03,single,-141.972393,2791,0.208059,173,0,No fault,,,,,,,,,
2026-08-14T14:11:40.825,1786709500.825420,1.210306,1,3000,5.000000,219,3000,0x03,single,-141.269614,2881,0.161172,173,0,No fault,,,,,,,,,
2026-08-14T14:11:40.830,1786709500.830770,1.215655,1,3000,5.000000,220,3000,0x03,single,-138.831848,3015,0.167033,172,0,No fault,,,,,,,,,
2026-08-14T14:11:40.837,1786709500.837955,1.222827,1,3000,5.000000,221,3000,0x03,single,-138.458497,2836,0.167033,172,0,No fault,,,,,,,,,
2026-08-14T14:11:40.843,1786709500.843168,1.228042,1,3000,5.000000,222,3000,0x03,single,-137.755718,2881,0.090842,172,0,No fault,,,,,,,,,
2026-08-14T14:11:40.848,1786709500.848446,1.233351,1,3000,5.000000,223,3000,0x03,single,-137.052938,2970,0.131868,172,0,No fault,,,,,,,,,
2026-08-14T14:11:40.853,1786709500.853752,1.238628,1,3000,5.000000,224,3000,0x03,single,-136.328197,2970,0.172894,171,0,No fault,,,,,,,,,
2026-08-14T14:11:40.858,1786709500.858989,1.243858,1,3000,5.000000,225,3000,0x03,single,-135.647380,2702,0.155311,172,0,No fault,,,,,,,,,
2026-08-14T14:11:40.864,1786709500.864181,1.249047,1,3000,5.000000,226,3000,0x03,single,-134.922639,3104,0.073260,173,0,No fault,,,,,,,,,
2026-08-14T14:11:40.869,1786709500.869359,1.254227,1,3000,5.000000,227,3000,0x03,single,-134.241821,2747,0.108425,172,0,No fault,,,,,,,,,
2026-08-14T14:11:40.874,1786709500.874542,1.259410,1,3000,5.000000,228,3000,0x03,single,-133.539042,2747,0.184615,169,0,No fault,,,,,,,,,
2026-08-14T14:11:40.879,1786709500.879754,1.264628,1,3000,5.000000,229,3000,0x03,single,-132.836263,2747,0.149451,173,0,No fault,,,,,,,,,
2026-08-14T14:11:40.885,1786709500.885210,1.270099,1,3000,5.000000,230,3000,0x03,single,-132.133484,3015,0.126007,169,0,No fault,,,,,,,,,
2026-08-14T14:11:40.890,1786709500.890707,1.275588,1,3000,5.000000,231,3000,0x03,single,-130.705963,2657,0.190476,173,0,No fault,,,,,,,,,
2026-08-14T14:11:40.895,1786709500.895970,1.280852,1,3000,5.000000,232,3000,0x03,single,-130.003184,2925,0.208059,172,0,No fault,,,,,,,,,
2026-08-14T14:11:40.901,1786709500.901238,1.286114,1,3000,5.000000,233,3000,0x03,single,-129.278443,3059,0.137729,172,0,No fault,,,,,,,,,
2026-08-14T14:11:40.906,1786709500.906521,1.291391,1,3000,5.000000,234,3000,0x03,single,-128.575663,2836,0.178755,174,0,No fault,,,,,,,,,
2026-08-14T14:11:40.911,1786709500.911730,1.296599,1,3000,5.000000,235,3000,0x03,single,-127.894846,2836,0.178755,172,0,No fault,,,,,,,,,
2026-08-14T14:11:40.916,1786709500.916946,1.301818,1,3000,5.000000,236,3000,0x03,single,-127.214029,2479,0.190476,172,0,No fault,,,,,,,,,
2026-08-14T14:11:40.922,1786709500.922181,1.307054,1,3000,5.000000,237,3000,0x03,single,-126.511249,2747,0.108425,172,0,No fault,,,,,,,,,
2026-08-14T14:11:40.927,1786709500.927428,1.312300,1,3000,5.000000,238,3000,0x03,single,-125.786508,2836,0.155311,172,0,No fault,,,,,,,,,
2026-08-14T14:11:40.932,1786709500.932675,1.317549,1,3000,5.000000,239,3000,0x03,single,-125.083729,2747,0.208059,172,0,No fault,,,,,,,,,
2026-08-14T14:11:40.937,1786709500.937924,1.322795,1,3000,5.000000,240,3000,0x03,single,-124.358988,3015,0.190476,171,0,No fault,,,,,,,,,
2026-08-14T14:11:40.943,1786709500.943163,1.328033,1,3000,5.000000,241,3000,0x03,single,-123.678170,2836,0.143590,173,0,No fault,,,,,,,,,
2026-08-14T14:11:40.948,1786709500.948397,1.333269,1,3000,5.000000,242,3000,0x03,single,-122.975391,2881,0.143590,172,0,No fault,,,,,,,,,
2026-08-14T14:11:40.953,1786709500.953681,1.338554,1,3000,5.000000,243,3000,0x03,single,-122.250650,3015,0.178755,171,0,No fault,,,,,,,,,
2026-08-14T14:11:40.958,1786709500.958916,1.343787,1,3000,5.000000,244,3000,0x03,single,-121.591794,2568,0.196337,173,0,No fault,,,,,,,,,
2026-08-14T14:11:40.964,1786709500.964155,1.349030,1,3000,5.000000,245,3000,0x03,single,-120.845092,3193,0.096703,172,0,No fault,,,,,,,,,
2026-08-14T14:11:40.969,1786709500.969463,1.354344,1,3000,5.000000,246,3000,0x03,single,-120.142312,3149,0.120147,173,0,No fault,,,,,,,,,
2026-08-14T14:11:40.974,1786709500.974747,1.359622,1,3000,5.000000,247,3000,0x03,single,-119.461495,2836,0.161172,173,0,No fault,,,,,,,,,
2026-08-14T14:11:40.980,1786709500.980007,1.364886,1,3000,5.000000,248,3000,0x03,single,-118.736754,2881,0.202198,172,0,No fault,,,,,,,,,
2026-08-14T14:11:40.985,1786709500.985266,1.370140,1,3000,5.000000,249,3000,0x03,single,-118.033974,3149,0.120147,172,0,No fault,,,,,,,,,
2026-08-14T14:11:40.990,1786709500.990519,1.375392,1,3000,5.000000,250,3000,0x03,single,-117.309233,3149,0.120147,172,0,No fault,,,,,,,,,
2026-08-14T14:11:40.995,1786709500.995780,1.380665,1,3000,5.000000,251,3000,0x03,single,-116.628416,2836,0.155311,167,0,No fault,,,,,,,,,
2026-08-14T14:11:41.001,1786709501.001053,1.385928,1,3000,5.000000,252,3000,0x03,single,-115.925637,2881,0.167033,172,0,No fault,,,,,,,,,
2026-08-14T14:11:41.006,1786709501.006308,1.391183,1,3000,5.000000,253,3000,0x03,single,-115.200896,2925,0.096703,173,0,No fault,,,,,,,,,
2026-08-14T14:11:41.011,1786709501.011563,1.396437,1,3000,5.000000,254,3000,0x03,single,-114.498116,2791,0.102564,171,0,No fault,,,,,,,,,
2026-08-14T14:11:41.016,1786709501.016816,1.401689,1,3000,5.000000,255,3000,0x03,single,-113.773375,2970,0.143590,176,0,No fault,,,,,,,,,
2026-08-14T14:11:41.032,1786709501.032315,1.417206,1,3000,5.000000,256,3000,0x03,single,-110.940296,2925,0.155311,173,0,No fault,,,,,,,,,
2026-08-14T14:11:41.037,1786709501.037727,1.422615,1,3000,5.000000,257,3000,0x03,single,-110.588907,2747,0.190476,172,0,No fault,,,,,,,,,
2026-08-14T14:11:41.043,1786709501.043052,1.427932,1,3000,5.000000,258,3000,0x03,single,-110.215555,2836,0.225641,172,0,No fault,,,,,,,,,
2026-08-14T14:11:41.048,1786709501.048413,1.433289,1,3000,5.000000,259,3000,0x03,single,-109.534738,3015,0.161172,172,0,No fault,,,,,,,,,
2026-08-14T14:11:41.053,1786709501.053849,1.438725,1,3000,5.000000,260,3000,0x03,single,-108.129179,2747,0.137729,172,0,No fault,,,,,,,,,
2026-08-14T14:11:41.059,1786709501.059179,1.444060,1,3000,5.000000,261,3000,0x03,single,-107.426400,2702,0.225641,172,0,No fault,,,,,,,,,
2026-08-14T14:11:41.064,1786709501.064553,1.449432,1,3000,5.000000,262,3000,0x03,single,-106.723621,2881,0.167033,174,0,No fault,,,,,,,,,
2026-08-14T14:11:41.069,1786709501.069845,1.454722,1,3000,5.000000,263,3000,0x03,single,-106.020841,2881,0.131868,172,0,No fault,,,,,,,,,
2026-08-14T14:11:41.075,1786709501.075202,1.460078,1,3000,5.000000,264,3000,0x03,single,-105.296100,3104,0.196337,172,0,No fault,,,,,,,,,
2026-08-14T14:11:41.080,1786709501.080462,1.465361,1,3000,5.000000,265,3000,0x03,single,-104.615283,2791,0.196337,173,0,No fault,,,,,,,,,
2026-08-14T14:11:41.085,1786709501.085738,1.470611,1,3000,5.000000,266,3000,0x03,single,-103.912503,3015,0.196337,173,0,No fault,,,,,,,,,
2026-08-14T14:11:41.090,1786709501.090985,1.475859,1,3000,5.000000,267,3000,0x03,single,-103.187762,2970,0.114286,169,0,No fault,,,,,,,,,
2026-08-14T14:11:41.096,1786709501.096234,1.481109,1,3000,5.000000,268,3000,0x03,single,-102.484983,3015,0.167033,172,0,No fault,,,,,,,,,
2026-08-14T14:11:41.101,1786709501.101504,1.486377,1,3000,5.000000,269,3000,0x03,single,-101.782204,2970,0.202198,175,0,No fault,,,,,,,,,
2026-08-14T14:11:41.106,1786709501.106750,1.491628,1,3000,5.000000,270,3000,0x03,single,-101.079425,2836,0.143590,173,0,No fault,,,,,,,,,
2026-08-14T14:11:41.112,1786709501.112008,1.496883,1,3000,5.000000,271,3000,0x03,single,-100.376645,2836,0.090842,173,0,No fault,,,,,,,,,
2026-08-14T14:11:41.117,1786709501.117263,1.502138,1,3000,5.000000,272,3000,0x03,single,-99.651904,2925,0.196337,173,0,No fault,,,,,,,,,
2026-08-14T14:11:41.122,1786709501.122512,1.507386,1,3000,5.000000,273,3000,0x03,single,-98.949125,2836,0.131868,172,0,No fault,,,,,,,,,
2026-08-14T14:11:41.127,1786709501.127757,1.512629,1,3000,5.000000,274,3000,0x03,single,-98.268307,2613,0.149451,172,0,No fault,,,,,,,,,
2026-08-14T14:11:41.132,1786709501.132998,1.517870,1,3000,5.000000,275,3000,0x03,single,-97.521605,2970,0.073260,173,0,No fault,,,,,,,,,
2026-08-14T14:11:41.138,1786709501.138239,1.523112,1,3000,5.000000,276,3000,0x03,single,-96.818825,2836,0.155311,172,0,No fault,,,,,,,,,
2026-08-14T14:11:41.143,1786709501.143484,1.528357,1,3000,5.000000,277,3000,0x03,single,-96.116046,2747,0.131868,175,0,No fault,,,,,,,,,
2026-08-14T14:11:41.148,1786709501.148721,1.533593,1,3000,5.000000,278,3000,0x03,single,-95.435229,2657,0.137729,174,0,No fault,,,,,,,,,
2026-08-14T14:11:41.153,1786709501.153962,1.538835,1,3000,5.000000,279,3000,0x03,single,-94.710487,2836,0.067399,173,0,No fault,,,,,,,,,
2026-08-14T14:11:41.159,1786709501.159209,1.544082,1,3000,5.000000,280,3000,0x03,single,-93.985746,2881,0.149451,172,0,No fault,,,,,,,,,
2026-08-14T14:11:41.164,1786709501.164457,1.549379,1,3000,5.000000,281,3000,0x03,single,-93.282967,2925,0.161172,176,0,No fault,,,,,,,,,
2026-08-14T14:11:41.169,1786709501.169750,1.554623,1,3000,5.000000,282,3000,0x03,single,-92.580188,2791,0.167033,172,0,No fault,,,,,,,,,
2026-08-14T14:11:41.174,1786709501.174992,1.559863,1,3000,5.000000,283,3000,0x03,single,-91.877409,2791,0.067399,173,0,No fault,,,,,,,,,
2026-08-14T14:11:41.180,1786709501.180224,1.565095,1,3000,5.000000,284,3000,0x03,single,-91.152667,2791,0.161172,172,0,No fault,,,,,,,,,
2026-08-14T14:11:41.185,1786709501.185455,1.570326,1,3000,5.000000,285,3000,0x03,single,-90.471850,2657,0.196337,171,0,No fault,,,,,,,,,
2026-08-14T14:11:41.190,1786709501.190692,1.575564,1,3000,5.000000,286,3000,0x03,single,-89.769071,2747,0.172894,175,0,No fault,,,,,,,,,
2026-08-14T14:11:41.195,1786709501.195929,1.580802,1,3000,5.000000,287,3000,0x03,single,-89.044330,2836,0.126007,173,0,No fault,,,,,,,,,
2026-08-14T14:11:41.201,1786709501.201163,1.586035,1,3000,5.000000,288,3000,0x03,single,-88.341550,2836,0.172894,171,0,No fault,,,,,,,,,
2026-08-14T14:11:41.206,1786709501.206485,1.591358,1,3000,5.000000,289,3000,0x03,single,-87.638771,2881,0.202198,173,0,No fault,,,,,,,,,
2026-08-14T14:11:41.211,1786709501.211747,1.596623,1,3000,5.000000,290,3000,0x03,single,-86.233213,3059,0.090842,174,0,No fault,,,,,,,,,
2026-08-14T14:11:41.217,1786709501.217025,1.601900,1,3000,5.000000,291,3000,0x03,single,-85.552395,2657,0.190476,170,0,No fault,,,,,,,,,
2026-08-14T14:11:41.232,1786709501.232649,1.617524,1,3000,5.000000,292,3000,0x03,single,-84.827654,2970,0.161172,172,0,No fault,,,,,,,,,
2026-08-14T14:11:41.238,1786709501.238307,1.623183,1,3000,5.000000,293,3000,0x03,single,-82.543621,2702,0.178755,172,0,No fault,,,,,,,,,
2026-08-14T14:11:41.243,1786709501.243560,1.628433,1,3000,5.000000,294,3000,0x03,single,-82.170270,2747,0.225641,172,0,No fault,,,,,,,,,
2026-08-14T14:11:41.248,1786709501.248791,1.633663,1,3000,5.000000,295,3000,0x03,single,-81.467491,2836,0.196337,172,0,No fault,,,,,,,,,
2026-08-14T14:11:41.254,1786709501.254177,1.639087,1,3000,5.000000,296,3000,0x03,single,-80.764711,2925,0.108425,173,0,No fault,,,,,,,,,
2026-08-14T14:11:41.259,1786709501.259659,1.644538,1,3000,5.000000,297,3000,0x03,single,-80.039970,2970,0.143590,172,0,No fault,,,,,,,,,
2026-08-14T14:11:41.264,1786709501.264932,1.649802,1,3000,5.000000,298,3000,0x03,single,-79.315229,2925,0.155311,172,0,No fault,,,,,,,,,
2026-08-14T14:11:41.270,1786709501.270172,1.655040,1,3000,5.000000,299,3000,0x03,single,-78.634412,2657,0.202198,173,0,No fault,,,,,,,,,
2026-08-14T14:11:41.275,1786709501.275391,1.660257,1,3000,5.000000,300,3000,0x03,single,-77.931632,2970,0.090842,173,0,No fault,,,,,,,,,
2026-08-14T14:11:41.280,1786709501.280596,1.665462,1,3000,5.000000,301,3000,0x03,single,-77.206891,2970,0.143590,172,0,No fault,,,,,,,,,
2026-08-14T14:11:41.285,1786709501.285796,1.670662,1,3000,5.000000,302,3000,0x03,single,-76.504112,2925,0.143590,173,0,No fault,,,,,,,,,
2026-08-14T14:11:41.290,1786709501.290994,1.675859,1,3000,5.000000,303,3000,0x03,single,-75.823295,2747,0.172894,173,0,No fault,,,,,,,,,
2026-08-14T14:11:41.296,1786709501.296191,1.681057,1,3000,5.000000,304,3000,0x03,single,-75.120515,2791,0.102564,173,0,No fault,,,,,,,,,
2026-08-14T14:11:41.301,1786709501.301422,1.686297,1,3000,5.000000,305,3000,0x03,single,-74.417736,2747,0.108425,175,0,No fault,,,,,,,,,
2026-08-14T14:11:41.306,1786709501.306670,1.691537,1,3000,5.000000,306,3000,0x03,single,-73.692995,2970,0.172894,173,0,No fault,,,,,,,,,
2026-08-14T14:11:41.311,1786709501.311881,1.696747,1,3000,5.000000,307,3000,0x03,single,-72.990216,2836,0.190476,174,0,No fault,,,,,,,,,
2026-08-14T14:11:41.317,1786709501.317082,1.701948,1,3000,5.000000,308,3000,0x03,single,-72.309398,2791,0.167033,175,0,No fault,,,,,,,,,
2026-08-14T14:11:41.322,1786709501.322304,1.707170,1,3000,5.000000,309,3000,0x03,single,-71.584657,2970,0.108425,172,0,No fault,,,,,,,,,
2026-08-14T14:11:41.327,1786709501.327507,1.712374,1,3000,5.000000,310,3000,0x03,single,-70.881878,2791,0.190476,171,0,No fault,,,,,,,,,
2026-08-14T14:11:41.332,1786709501.332806,1.717672,1,3000,5.000000,311,3000,0x03,single,-70.201060,2613,0.208059,173,0,No fault,,,,,,,,,
2026-08-14T14:11:41.338,1786709501.338095,1.722961,1,3000,5.000000,312,3000,0x03,single,-68.773540,2791,0.143590,171,0,No fault,,,,,,,,,
2026-08-14T14:11:41.343,1786709501.343386,1.728254,1,3000,5.000000,313,3000,0x03,single,-68.070761,2881,0.155311,171,0,No fault,,,,,,,,,
2026-08-14T14:11:41.348,1786709501.348592,1.733458,1,3000,5.000000,314,3000,0x03,single,-67.367982,2791,0.213919,176,0,No fault,,,,,,,,,
2026-08-14T14:11:41.353,1786709501.353789,1.738654,1,3000,5.000000,315,3000,0x03,single,-66.687164,2657,0.167033,171,0,No fault,,,,,,,,,
2026-08-14T14:11:41.358,1786709501.358986,1.743851,1,3000,5.000000,316,3000,0x03,single,-65.984385,2702,0.184615,175,0,No fault,,,,,,,,,
2026-08-14T14:11:41.364,1786709501.364179,1.749044,1,3000,5.000000,317,3000,0x03,single,-65.259644,2747,0.172894,172,0,No fault,,,,,,,,,
2026-08-14T14:11:41.369,1786709501.369386,1.754258,1,3000,5.000000,318,3000,0x03,single,-64.578826,2657,0.167033,170,0,No fault,,,,,,,,,
2026-08-14T14:11:41.374,1786709501.374611,1.759478,1,3000,5.000000,319,3000,0x03,single,-63.876047,2747,0.172894,172,0,No fault,,,,,,,,,
2026-08-14T14:11:41.379,1786709501.379814,1.764679,1,3000,5.000000,320,3000,0x03,single,-63.151306,2881,0.096703,172,0,No fault,,,,,,,,,
2026-08-14T14:11:41.385,1786709501.385013,1.769879,1,3000,5.000000,321,3000,0x03,single,-62.448527,2925,0.190476,175,0,No fault,,,,,,,,,
2026-08-14T14:11:41.390,1786709501.390211,1.775076,1,3000,5.000000,322,3000,0x03,single,-61.745747,2836,0.219780,170,0,No fault,,,,,,,,,
2026-08-14T14:11:41.395,1786709501.395508,1.780374,1,3000,5.000000,323,3000,0x03,single,-61.042968,2791,0.131868,177,0,No fault,,,,,,,,,
2026-08-14T14:11:41.400,1786709501.400707,1.785573,1,3000,5.000000,324,3000,0x03,single,-60.340189,2925,0.114286,172,0,No fault,,,,,,,,,
2026-08-14T14:11:41.405,1786709501.405935,1.790811,1,3000,5.000000,325,3000,0x03,single,-59.615448,2970,0.143590,174,0,No fault,,,,,,,,,
2026-08-14T14:11:41.411,1786709501.411191,1.796058,1,3000,5.000000,326,3000,0x03,single,-58.912668,2747,0.172894,172,0,No fault,,,,,,,,,
2026-08-14T14:11:41.416,1786709501.416400,1.801267,1,3000,5.000000,327,3000,0x03,single,-58.231851,2702,0.155311,173,0,No fault,,,,,,,,,
2026-08-14T14:11:41.421,1786709501.421631,1.806499,1,3000,5.000000,328,3000,0x03,single,-57.529072,2702,0.067399,173,0,No fault,,,,,,,,,
2026-08-14T14:11:41.437,1786709501.437009,1.821876,1,3000,5.000000,329,3000,0x03,single,-54.827764,3059,0.102564,172,0,No fault,,,,,,,,,
2026-08-14T14:11:41.442,1786709501.442211,1.827076,1,3000,5.000000,330,3000,0x03,single,-54.476374,2791,0.108425,172,0,No fault,,,,,,,,,
2026-08-14T14:11:41.447,1786709501.447402,1.832267,1,3000,5.000000,331,3000,0x03,single,-54.081061,2925,0.120147,171,0,No fault,,,,,,,,,
2026-08-14T14:11:41.452,1786709501.452597,1.837461,1,3000,5.000000,332,3000,0x03,single,-53.378282,3104,0.161172,172,0,No fault,,,,,,,,,
2026-08-14T14:11:41.457,1786709501.457786,1.842651,1,3000,5.000000,333,3000,0x03,single,-52.675502,2881,0.149451,172,0,No fault,,,,,,,,,
2026-08-14T14:11:41.462,1786709501.462977,1.847842,1,3000,5.000000,334,3000,0x03,single,-51.972723,2791,0.114286,173,0,No fault,,,,,,,,,
2026-08-14T14:11:41.468,1786709501.468168,1.853033,1,3000,5.000000,335,3000,0x03,single,-51.247982,3059,0.120147,172,0,No fault,,,,,,,,,
2026-08-14T14:11:41.473,1786709501.473364,1.858232,1,3000,5.000000,336,3000,0x03,single,-50.567165,2747,0.184615,169,0,No fault,,,,,,,,,
2026-08-14T14:11:41.478,1786709501.478606,1.863484,1,3000,5.000000,337,3000,0x03,single,-49.864385,2881,0.178755,172,0,No fault,,,,,,,,,
2026-08-14T14:11:41.483,1786709501.483898,1.868776,1,3000,5.000000,338,3000,0x03,single,-49.161606,2970,0.126007,169,0,No fault,,,,,,,,,
2026-08-14T14:11:41.489,1786709501.489162,1.874028,1,3000,5.000000,339,3000,0x03,single,-48.436865,3015,0.143590,173,0,No fault,,,,,,,,,
2026-08-14T14:11:41.494,1786709501.494372,1.879239,1,3000,5.000000,340,3000,0x03,single,-47.734086,2925,0.172894,171,0,No fault,,,,,,,,,
2026-08-14T14:11:41.499,1786709501.499572,1.884438,1,3000,5.000000,341,3000,0x03,single,-47.053268,2791,0.196337,172,0,No fault,,,,,,,,,
2026-08-14T14:11:41.504,1786709501.504845,1.889758,1,3000,5.000000,342,3000,0x03,single,-46.350489,2881,0.102564,170,0,No fault,,,,,,,,,
2026-08-14T14:11:41.510,1786709501.510490,1.895412,1,3000,5.000000,343,3000,0x03,single,-44.922969,2702,0.196337,172,0,No fault,,,,,,,,,
2026-08-14T14:11:41.516,1786709501.516063,1.900938,1,3000,5.000000,344,3000,0x03,single,-44.242151,2568,0.208059,171,0,No fault,,,,,,,,,
2026-08-14T14:11:41.521,1786709501.521326,1.906213,1,3000,5.000000,345,3000,0x03,single,-43.495448,3059,0.131868,173,0,No fault,,,,,,,,,
2026-08-14T14:11:41.526,1786709501.526637,1.911514,1,3000,5.000000,346,3000,0x03,single,-42.792669,2836,0.126007,169,0,No fault,,,,,,,,,
2026-08-14T14:11:41.534,1786709501.534625,1.919500,1,3000,5.000000,347,3000,0x03,single,-42.089890,2836,0.196337,172,0,No fault,,,,,,,,,
2026-08-14T14:11:41.539,1786709501.539891,1.924765,1,3000,5.000000,348,3000,0x03,single,-41.409072,2613,0.167033,172,0,No fault,,,,,,,,,
2026-08-14T14:11:41.545,1786709501.545358,1.930236,1,3000,5.000000,349,3000,0x03,single,-40.684331,3015,0.096703,176,0,No fault,,,,,,,,,
2026-08-14T14:11:41.552,1786709501.552014,1.936894,1,3000,5.000000,350,3000,0x03,single,-39.256811,3149,0.143590,173,0,No fault,,,,,,,,,
2026-08-14T14:11:41.557,1786709501.557278,1.942151,1,3000,5.000000,351,3000,0x03,single,-38.575993,2970,0.178755,173,0,No fault,,,,,,,,,
2026-08-14T14:11:41.562,1786709501.562519,1.947391,1,3000,5.000000,352,3000,0x03,single,-37.873214,2836,0.073260,172,0,No fault,,,,,,,,,
2026-08-14T14:11:41.567,1786709501.567806,1.952678,1,3000,5.000000,353,3000,0x03,single,-37.148473,3015,0.102564,172,0,No fault,,,,,,,,,
2026-08-14T14:11:41.573,1786709501.573041,1.957912,1,3000,5.000000,354,3000,0x03,single,-36.445694,2925,0.149451,172,0,No fault,,,,,,,,,
2026-08-14T14:11:41.578,1786709501.578274,1.963145,1,3000,5.000000,355,3000,0x03,single,-35.742914,2836,0.143590,172,0,No fault,,,,,,,,,
2026-08-14T14:11:41.583,1786709501.583502,1.968373,1,3000,5.000000,356,3000,0x03,single,-35.040135,2836,0.073260,174,0,No fault,,,,,,,,,
2026-08-14T14:11:41.588,1786709501.588730,1.973600,1,3000,5.000000,357,3000,0x03,single,-34.315394,2836,0.096703,172,0,No fault,,,,,,,,,
2026-08-14T14:11:41.593,1786709501.593956,1.978827,1,3000,5.000000,358,3000,0x03,single,-33.612615,2836,0.167033,172,0,No fault,,,,,,,,,
2026-08-14T14:11:41.599,1786709501.599181,1.984050,1,3000,5.000000,359,3000,0x03,single,-32.909835,2881,0.149451,172,0,No fault,,,,,,,,,
2026-08-14T14:11:41.604,1786709501.604400,1.989271,1,3000,5.000000,360,3000,0x03,single,-32.207056,2836,0.096703,172,0,No fault,,,,,,,,,
2026-08-14T14:11:41.609,1786709501.609650,1.994521,1,3000,5.000000,361,3000,0x03,single,-31.482315,3015,0.114286,172,0,No fault,,,,,,,,,
2026-08-14T14:11:41.614,1786709501.614870,1.999738,1,3000,5.000000,362,3000,0x03,single,-30.757574,3193,0.149451,172,0,No fault,,,,,,,,,
2026-08-14T14:11:41.620,1786709501.620077,2.004944,1,3000,5.000000,363,3000,0x03,single,-30.076757,3059,0.213919,173,0,No fault,,,,,,,,,
2026-08-14T14:11:41.625,1786709501.625286,2.010153,1,3000,5.000000,364,3000,0x03,single,-29.373977,2881,0.114286,173,0,No fault,,,,,,,,,
2026-08-14T14:11:41.640,1786709501.640686,2.025554,1,3000,5.000000,365,3000,0x03,single,-26.760517,3015,0.161172,171,0,No fault,,,,,,,,,
2026-08-14T14:11:41.645,1786709501.645894,2.030760,1,3000,5.000000,366,3000,0x03,single,-26.431089,2881,0.167033,172,0,No fault,,,,,,,,,
2026-08-14T14:11:41.651,1786709501.651093,2.035959,1,3000,5.000000,367,3000,0x03,single,-26.035776,2702,0.096703,173,0,No fault,,,,,,,,,
2026-08-14T14:11:41.656,1786709501.656291,2.041157,1,3000,5.000000,368,3000,0x03,single,-25.332996,2791,0.208059,173,0,No fault,,,,,,,,,
2026-08-14T14:11:41.661,1786709501.661480,2.046347,1,3000,5.000000,369,3000,0x03,single,-24.630217,2836,0.178755,172,0,No fault,,,,,,,,,
2026-08-14T14:11:41.666,1786709501.666678,2.051544,1,3000,5.000000,370,3000,0x03,single,-23.927438,2747,0.184615,172,0,No fault,,,,,,,,,
2026-08-14T14:11:41.671,1786709501.671872,2.056737,1,3000,5.000000,371,3000,0x03,single,-23.224659,2970,0.137729,170,0,No fault,,,,,,,,,
2026-08-14T14:11:41.677,1786709501.677066,2.061933,1,3000,5.000000,372,3000,0x03,single,-22.499918,2925,0.196337,176,0,No fault,,,,,,,,,
2026-08-14T14:11:41.682,1786709501.682380,2.067246,1,3000,5.000000,373,3000,0x03,single,-21.819100,2747,0.167033,172,0,No fault,,,,,,,,,
2026-08-14T14:11:41.687,1786709501.687667,2.072535,1,3000,5.000000,374,3000,0x03,single,-20.391580,2970,0.102564,172,0,No fault,,,,,,,,,
2026-08-14T14:11:41.692,1786709501.692954,2.077820,1,3000,5.000000,375,3000,0x03,single,-19.666839,3193,0.149451,172,0,No fault,,,,,,,,,
2026-08-14T14:11:41.698,1786709501.698150,2.083016,1,3000,5.000000,376,3000,0x03,single,-18.986021,2747,0.155311,172,0,No fault,,,,,,,,,
2026-08-14T14:11:41.703,1786709501.703343,2.088208,1,3000,5.000000,377,3000,0x03,single,-18.305204,2613,0.167033,173,0,No fault,,,,,,,,,
2026-08-14T14:11:41.708,1786709501.708537,2.093403,1,3000,5.000000,378,3000,0x03,single,-17.580463,2747,0.067399,173,0,No fault,,,,,,,,,
2026-08-14T14:11:41.713,1786709501.713734,2.098600,1,3000,5.000000,379,3000,0x03,single,-16.855722,2836,0.202198,172,0,No fault,,,,,,,,,
2026-08-14T14:11:41.718,1786709501.718930,2.103796,1,3000,5.000000,380,3000,0x03,single,-16.152942,2925,0.155311,171,0,No fault,,,,,,,,,
2026-08-14T14:11:41.724,1786709501.724119,2.108985,1,3000,5.000000,381,3000,0x03,single,-15.450163,2925,0.172894,172,0,No fault,,,,,,,,,
2026-08-14T14:11:41.729,1786709501.729363,2.114228,1,3000,5.000000,382,3000,0x03,single,-14.747384,3059,0.073260,176,0,No fault,,,,,,,,,
2026-08-14T14:11:41.734,1786709501.734560,2.119426,1,3000,5.000000,383,3000,0x03,single,-14.044604,2970,0.143590,170,0,No fault,,,,,,,,,
2026-08-14T14:11:41.739,1786709501.739758,2.124624,1,3000,5.000000,384,3000,0x03,single,-13.341825,2747,0.172894,173,0,No fault,,,,,,,,,
2026-08-14T14:11:41.744,1786709501.744949,2.129815,1,3000,5.000000,385,3000,0x03,single,-12.661008,2702,0.167033,172,0,No fault,,,,,,,,,
2026-08-14T14:11:41.750,1786709501.750144,2.135009,1,3000,5.000000,386,3000,0x03,single,-11.936267,2970,0.137729,171,0,No fault,,,,,,,,,
2026-08-14T14:11:41.755,1786709501.755337,2.140204,1,3000,5.000000,387,3000,0x03,single,-11.233487,2970,0.131868,172,0,No fault,,,,,,,,,
2026-08-14T14:11:41.760,1786709501.760588,2.145479,1,3000,5.000000,388,3000,0x03,single,-10.530708,2925,0.219780,172,0,No fault,,,,,,,,,
2026-08-14T14:11:41.765,1786709501.765931,2.150799,1,3000,5.000000,389,3000,0x03,single,-9.849891,2791,0.149451,172,0,No fault,,,,,,,,,
2026-08-14T14:11:41.771,1786709501.771150,2.156016,1,3000,5.000000,390,3000,0x03,single,-9.125150,2970,0.184615,173,0,No fault,,,,,,,,,
2026-08-14T14:11:41.776,1786709501.776358,2.161225,1,3000,5.000000,391,3000,0x03,single,-8.422370,3059,0.178755,170,0,No fault,,,,,,,,,
2026-08-14T14:11:41.781,1786709501.781558,2.166425,1,3000,5.000000,392,3000,0x03,single,-7.719591,2970,0.213919,173,0,No fault,,,,,,,,,
2026-08-14T14:11:41.786,1786709501.786757,2.171623,1,3000,5.000000,393,3000,0x03,single,-7.060735,2479,0.225641,172,0,No fault,,,,,,,,,
2026-08-14T14:11:41.791,1786709501.791954,2.176821,1,3000,5.000000,394,3000,0x03,single,-6.335994,2791,0.108425,174,0,No fault,,,,,,,,,
2026-08-14T14:11:41.797,1786709501.797162,2.182029,1,3000,5.000000,395,3000,0x03,single,-5.633215,2791,0.172894,175,0,No fault,,,,,,,,,
2026-08-14T14:11:41.802,1786709501.802357,2.187226,1,3000,5.000000,396,3000,0x03,single,-4.908474,3104,0.208059,172,0,No fault,,,,,,,,,
2026-08-14T14:11:41.807,1786709501.807555,2.192421,1,3000,5.000000,397,3000,0x03,single,-4.227657,2791,0.208059,173,0,No fault,,,,,,,,,
2026-08-14T14:11:41.812,1786709501.812748,2.197615,1,3000,5.000000,398,3000,0x03,single,-3.524877,3059,0.143590,173,0,No fault,,,,,,,,,
2026-08-14T14:11:41.817,1786709501.817938,2.202804,1,3000,5.000000,399,3000,0x03,single,-2.822098,2836,0.161172,166,0,No fault,,,,,,,,,
2026-08-14T14:11:41.823,1786709501.823133,2.207999,1,3000,5.000000,400,3000,0x03,single,-2.097357,2970,0.190476,173,0,No fault,,,,,,,,,
2026-08-14T14:11:41.828,1786709501.828338,2.213204,1,3000,5.000000,401,3000,0x03,single,-1.416539,2925,0.225641,173,0,No fault,,,,,,,,,
2026-08-14T14:11:41.838,1786709501.838627,2.223496,1,3000,5.000000,402,3000,0x03,single,-0.713760,2881,0.073260,167,0,No fault,,,,,,,,,
2026-08-14T14:11:41.843,1786709501.843840,2.228705,1,3000,5.000000,403,3000,0x03,single,1.416539,2791,0.161172,173,0,No fault,,,,,,,,,
2026-08-14T14:11:41.849,1786709501.849036,2.233902,1,3000,5.000000,404,3000,0x03,single,1.811853,3104,0.143590,170,0,No fault,,,,,,,,,
2026-08-14T14:11:41.854,1786709501.854233,2.239098,1,3000,5.000000,405,3000,0x03,single,2.514632,2925,0.102564,173,0,No fault,,,,,,,,,
2026-08-14T14:11:41.859,1786709501.859423,2.244290,1,3000,5.000000,406,3000,0x03,single,3.217411,2836,0.149451,172,0,No fault,,,,,,,,,
2026-08-14T14:11:41.864,1786709501.864619,2.249485,1,3000,5.000000,407,3000,0x03,single,3.920191,2925,0.155311,173,0,No fault,,,,,,,,,
2026-08-14T14:11:41.869,1786709501.869810,2.254677,1,3000,5.000000,408,3000,0x03,single,4.622970,2925,0.126007,173,0,No fault,,,,,,,,,
2026-08-14T14:11:41.875,1786709501.875009,2.259875,1,3000,5.000000,409,3000,0x03,single,5.303787,2747,0.126007,170,0,No fault,,,,,,,,,
2026-08-14T14:11:41.880,1786709501.880201,2.265067,1,3000,5.000000,410,3000,0x03,single,6.028528,2791,0.143590,172,0,No fault,,,,,,,,,
2026-08-14T14:11:41.885,1786709501.885397,2.270263,1,3000,5.000000,411,3000,0x03,single,6.753270,2925,0.172894,173,0,No fault,,,,,,,,,
2026-08-14T14:11:41.890,1786709501.890643,2.275510,1,3000,5.000000,412,3000,0x03,single,7.434087,2791,0.172894,174,0,No fault,,,,,,,,,
2026-08-14T14:11:41.895,1786709501.895843,2.280710,1,3000,5.000000,413,3000,0x03,single,8.136866,2881,0.102564,172,0,No fault,,,,,,,,,
2026-08-14T14:11:41.901,1786709501.901040,2.285907,1,3000,5.000000,414,3000,0x03,single,8.861607,3059,0.149451,171,0,No fault,,,,,,,,,
2026-08-14T14:11:41.906,1786709501.906253,2.291118,1,3000,5.000000,415,3000,0x03,single,9.542425,2925,0.213919,172,0,No fault,,,,,,,,,
2026-08-14T14:11:41.911,1786709501.911446,2.296311,1,3000,5.000000,416,3000,0x03,single,10.245204,2702,0.219780,172,0,No fault,,,,,,,,,
2026-08-14T14:11:41.916,1786709501.916635,2.301502,1,3000,5.000000,417,3000,0x03,single,10.969945,2836,0.096703,173,0,No fault,,,,,,,,,
2026-08-14T14:11:41.922,1786709501.922206,2.307083,1,3000,5.000000,418,3000,0x03,single,11.672724,2881,0.184615,172,0,No fault,,,,,,,,,
2026-08-14T14:11:41.927,1786709501.927459,2.312326,1,3000,5.000000,419,3000,0x03,single,12.397466,2925,0.161172,175,0,No fault,,,,,,,,,
2026-08-14T14:11:41.932,1786709501.932666,2.317534,1,3000,5.000000,420,3000,0x03,single,13.078283,2836,0.196337,171,0,No fault,,,,,,,,,
2026-08-14T14:11:41.937,1786709501.937880,2.322745,1,3000,5.000000,421,3000,0x03,single,13.781062,2881,0.137729,172,0,No fault,,,,,,,,,
2026-08-14T14:11:41.943,1786709501.943080,2.327948,1,3000,5.000000,422,3000,0x03,single,14.483842,2970,0.213919,173,0,No fault,,,,,,,,,
2026-08-14T14:11:41.948,1786709501.948282,2.333148,1,3000,5.000000,423,3000,0x03,single,15.208583,3104,0.208059,171,0,No fault,,,,,,,,,
2026-08-14T14:11:41.953,1786709501.953485,2.338351,1,3000,5.000000,424,3000,0x03,single,15.889400,2881,0.219780,174,0,No fault,,,,,,,,,
2026-08-14T14:11:41.958,1786709501.958681,2.343548,1,3000,5.000000,425,3000,0x03,single,16.592179,3059,0.120147,173,0,No fault,,,,,,,,,
2026-08-14T14:11:41.963,1786709501.963888,2.348752,1,3000,5.000000,426,3000,0x03,single,17.294959,2925,0.131868,172,0,No fault,,,,,,,,,
2026-08-14T14:11:41.969,1786709501.969081,2.353947,1,3000,5.000000,427,3000,0x03,single,17.997738,2836,0.231502,172,0,No fault,,,,,,,,,
2026-08-14T14:11:41.974,1786709501.974283,2.359149,1,3000,5.000000,428,3000,0x03,single,18.678555,2747,0.172894,169,0,No fault,,,,,,,,,
2026-08-14T14:11:41.979,1786709501.979551,2.364441,1,3000,5.000000,429,3000,0x03,single,19.403296,2836,0.120147,171,0,No fault,,,,,,,,,
2026-08-14T14:11:41.984,1786709501.984958,2.369873,1,3000,5.000000,430,3000,0x03,single,20.106076,2791,0.149451,172,0,No fault,,,,,,,,,
2026-08-14T14:11:41.990,1786709501.990373,2.375244,1,3000,5.000000,431,3000,0x03,single,20.808855,2836,0.172894,172,0,No fault,,,,,,,,,
2026-08-14T14:11:41.995,1786709501.995760,2.380638,1,3000,5.000000,432,3000,0x03,single,21.533596,2836,0.161172,174,0,No fault,,,,,,,,,
2026-08-14T14:11:42.001,1786709502.001076,2.385987,1,3000,5.000000,433,3000,0x03,single,22.983078,2925,0.114286,172,0,No fault,,,,,,,,,
2026-08-14T14:11:42.006,1786709502.006524,2.391394,1,3000,5.000000,434,3000,0x03,single,23.663896,2970,0.155311,171,0,No fault,,,,,,,,,
2026-08-14T14:11:42.011,1786709502.011782,2.396661,1,3000,5.000000,435,3000,0x03,single,24.344713,2791,0.143590,172,0,No fault,,,,,,,,,
2026-08-14T14:11:42.017,1786709502.017053,2.401928,1,3000,5.000000,436,3000,0x03,single,25.069454,2881,0.073260,174,0,No fault,,,,,,,,,
2026-08-14T14:11:42.022,1786709502.022310,2.407190,1,3000,5.000000,437,3000,0x03,single,25.772234,2702,0.108425,173,0,No fault,,,,,,,,,
2026-08-14T14:11:42.027,1786709502.027569,2.412442,1,3000,5.000000,438,3000,0x03,single,26.475013,2881,0.161172,172,0,No fault,,,,,,,,,
2026-08-14T14:11:42.043,1786709502.043029,2.427907,1,3000,5.000000,439,3000,0x03,single,29.066511,2836,0.131868,173,0,No fault,,,,,,,,,
2026-08-14T14:11:42.048,1786709502.048287,2.433157,1,3000,5.000000,440,3000,0x03,single,29.417901,2791,0.208059,173,0,No fault,,,,,,,,,
2026-08-14T14:11:42.053,1786709502.053496,2.438363,1,3000,5.000000,441,3000,0x03,single,29.791252,2970,0.219780,171,0,No fault,,,,,,,,,
2026-08-14T14:11:42.058,1786709502.058742,2.443609,1,3000,5.000000,442,3000,0x03,single,30.494032,3015,0.143590,173,0,No fault,,,,,,,,,
2026-08-14T14:11:42.063,1786709502.063943,2.448810,1,3000,5.000000,443,3000,0x03,single,31.196811,2791,0.155311,173,0,No fault,,,,,,,,,
2026-08-14T14:11:42.069,1786709502.069140,2.454007,1,3000,5.000000,444,3000,0x03,single,31.921552,3104,0.178755,173,0,No fault,,,,,,,,,
2026-08-14T14:11:42.074,1786709502.074336,2.459202,1,3000,5.000000,445,3000,0x03,single,32.602370,2791,0.208059,170,0,No fault,,,,,,,,,
2026-08-14T14:11:42.079,1786709502.079531,2.464397,1,3000,5.000000,446,3000,0x03,single,33.305149,2836,0.178755,173,0,No fault,,,,,,,,,
2026-08-14T14:11:42.084,1786709502.084724,2.469598,1,3000,5.000000,447,3000,0x03,single,34.007928,2925,0.131868,172,0,No fault,,,,,,,,,
2026-08-14T14:11:42.089,1786709502.089955,2.474821,1,3000,5.000000,448,3000,0x03,single,34.710707,3015,0.190476,172,0,No fault,,,,,,,,,
2026-08-14T14:11:42.095,1786709502.095154,2.480020,1,3000,5.000000,449,3000,0x03,single,35.435448,2925,0.184615,172,0,No fault,,,,,,,,,
2026-08-14T14:11:42.100,1786709502.100350,2.485216,1,3000,5.000000,450,3000,0x03,single,36.116266,2925,0.184615,176,0,No fault,,,,,,,,,
2026-08-14T14:11:42.105,1786709502.105550,2.490417,1,3000,5.000000,451,3000,0x03,single,36.819045,2970,0.143590,172,0,No fault,,,,,,,,,
2026-08-14T14:11:42.110,1786709502.110765,2.495631,1,3000,5.000000,452,3000,0x03,single,37.521824,2925,0.208059,172,0,No fault,,,,,,,,,
2026-08-14T14:11:42.115,1786709502.115970,2.500836,1,3000,5.000000,453,3000,0x03,single,38.224604,3059,0.219780,172,0,No fault,,,,,,,,,
2026-08-14T14:11:42.121,1786709502.121174,2.506041,1,3000,5.000000,454,3000,0x03,single,38.927383,2836,0.190476,172,0,No fault,,,,,,,,,
2026-08-14T14:11:42.126,1786709502.126369,2.511236,1,3000,5.000000,455,3000,0x03,single,39.630162,2836,0.102564,172,0,No fault,,,,,,,,,
2026-08-14T14:11:42.131,1786709502.131654,2.516520,1,3000,5.000000,456,3000,0x03,single,40.332941,3059,0.149451,173,0,No fault,,,,,,,,,
2026-08-14T14:11:42.136,1786709502.136948,2.521814,1,3000,5.000000,457,3000,0x03,single,41.716538,2747,0.196337,176,0,No fault,,,,,,,,,
2026-08-14T14:11:42.142,1786709502.142227,2.527093,1,3000,5.000000,458,3000,0x03,single,42.441279,2791,0.073260,173,0,No fault,,,,,,,,,
2026-08-14T14:11:42.147,1786709502.147462,2.532340,1,3000,5.000000,459,3000,0x03,single,43.166020,3015,0.161172,175,0,No fault,,,,,,,,,
2026-08-14T14:11:42.152,1786709502.152747,2.537626,1,3000,5.000000,460,3000,0x03,single,43.868800,3015,0.184615,170,0,No fault,,,,,,,,,
2026-08-14T14:11:42.157,1786709502.157995,2.542862,1,3000,5.000000,461,3000,0x03,single,44.549617,2881,0.184615,172,0,No fault,,,,,,,,,
2026-08-14T14:11:42.163,1786709502.163198,2.548065,1,3000,5.000000,462,3000,0x03,single,45.252396,2836,0.067399,172,0,No fault,,,,,,,,,
2026-08-14T14:11:42.168,1786709502.168398,2.553263,1,3000,5.000000,463,3000,0x03,single,45.977137,2836,0.167033,173,0,No fault,,,,,,,,,
2026-08-14T14:11:42.173,1786709502.173616,2.558483,1,3000,5.000000,464,3000,0x03,single,46.679917,2881,0.178755,174,0,No fault,,,,,,,,,
2026-08-14T14:11:42.178,1786709502.178818,2.563684,1,3000,5.000000,465,3000,0x03,single,47.360734,2791,0.196337,171,0,No fault,,,,,,,,,
2026-08-14T14:11:42.184,1786709502.184013,2.568879,1,3000,5.000000,466,3000,0x03,single,48.063513,2925,0.102564,172,0,No fault,,,,,,,,,
2026-08-14T14:11:42.189,1786709502.189208,2.574074,1,3000,5.000000,467,3000,0x03,single,48.788255,2970,0.167033,172,0,No fault,,,,,,,,,
2026-08-14T14:11:42.194,1786709502.194403,2.579269,1,3000,5.000000,468,3000,0x03,single,49.491034,3059,0.249084,172,0,No fault,,,,,,,,,
2026-08-14T14:11:42.199,1786709502.199598,2.584465,1,3000,5.000000,469,3000,0x03,single,50.193813,3059,0.167033,172,0,No fault,,,,,,,,,
2026-08-14T14:11:42.204,1786709502.204794,2.589661,1,3000,5.000000,470,3000,0x03,single,50.874631,2881,0.137729,171,0,No fault,,,,,,,,,
2026-08-14T14:11:42.209,1786709502.209989,2.594856,1,3000,5.000000,471,3000,0x03,single,51.599372,2970,0.184615,174,0,No fault,,,,,,,,,
2026-08-14T14:11:42.215,1786709502.215289,2.600156,1,3000,5.000000,472,3000,0x03,single,52.280189,3104,0.254945,172,0,No fault,,,,,,,,,
2026-08-14T14:11:42.220,1786709502.220506,2.605372,1,3000,5.000000,473,3000,0x03,single,52.982968,2657,0.213919,172,0,No fault,,,,,,,,,
2026-08-14T14:11:42.225,1786709502.225706,2.610571,1,3000,5.000000,474,3000,0x03,single,53.685748,3015,0.137729,169,0,No fault,,,,,,,,,
2026-08-14T14:11:42.230,1786709502.230898,2.615765,1,3000,5.000000,475,3000,0x03,single,54.388527,3104,0.167033,172,0,No fault,,,,,,,,,
2026-08-14T14:11:42.246,1786709502.246271,2.631138,1,3000,5.000000,476,3000,0x03,single,57.045911,3059,0.126007,170,0,No fault,,,,,,,,,
2026-08-14T14:11:42.251,1786709502.251528,2.636411,1,3000,5.000000,477,3000,0x03,single,57.375339,2925,0.190476,172,0,No fault,,,,,,,,,
2026-08-14T14:11:42.256,1786709502.256821,2.641687,1,3000,5.000000,478,3000,0x03,single,57.770652,3059,0.178755,172,0,No fault,,,,,,,,,
2026-08-14T14:11:42.262,1786709502.262035,2.646901,1,3000,5.000000,479,3000,0x03,single,58.473431,3059,0.196337,173,0,No fault,,,,,,,,,
2026-08-14T14:11:42.267,1786709502.267242,2.652108,1,3000,5.000000,480,3000,0x03,single,59.154249,2657,0.126007,172,0,No fault,,,,,,,,,
2026-08-14T14:11:42.272,1786709502.272443,2.657308,1,3000,5.000000,481,3000,0x03,single,59.857028,2791,0.126007,172,0,No fault,,,,,,,,,
2026-08-14T14:11:42.277,1786709502.277668,2.662534,1,3000,5.000000,482,3000,0x03,single,60.581769,2747,0.161172,174,0,No fault,,,,,,,,,
2026-08-14T14:11:42.282,1786709502.282867,2.667732,1,3000,5.000000,483,3000,0x03,single,61.262587,2657,0.231502,172,0,No fault,,,,,,,,,
2026-08-14T14:11:42.288,1786709502.288061,2.672927,1,3000,5.000000,484,3000,0x03,single,61.987328,3149,0.096703,173,0,No fault,,,,,,,,,
2026-08-14T14:11:42.293,1786709502.293257,2.678122,1,3000,5.000000,485,3000,0x03,single,62.690107,2881,0.114286,174,0,No fault,,,,,,,,,
2026-08-14T14:11:42.298,1786709502.298453,2.683318,1,3000,5.000000,486,3000,0x03,single,63.414848,3104,0.155311,173,0,No fault,,,,,,,,,
2026-08-14T14:11:42.303,1786709502.303735,2.688601,1,3000,5.000000,487,3000,0x03,single,64.117627,3104,0.167033,173,0,No fault,,,,,,,,,
2026-08-14T14:11:42.309,1786709502.309019,2.693885,1,3000,5.000000,488,3000,0x03,single,65.523186,3059,0.114286,173,0,No fault,,,,,,,,,
2026-08-14T14:11:42.314,1786709502.314350,2.699220,1,3000,5.000000,489,3000,0x03,single,66.247927,3238,0.155311,175,0,No fault,,,,,,,,,
2026-08-14T14:11:42.319,1786709502.319572,2.704439,1,3000,5.000000,490,3000,0x03,single,66.950706,3149,0.167033,174,0,No fault,,,,,,,,,
2026-08-14T14:11:42.324,1786709502.324773,2.709639,1,3000,5.000000,491,3000,0x03,single,67.653486,2970,0.126007,172,0,No fault,,,,,,,,,
2026-08-14T14:11:42.329,1786709502.329972,2.714838,1,3000,5.000000,492,3000,0x03,single,68.334303,2747,0.120147,172,0,No fault,,,,,,,,,
2026-08-14T14:11:42.335,1786709502.335166,2.720033,1,3000,5.000000,493,3000,0x03,single,69.059044,2836,0.167033,173,0,No fault,,,,,,,,,
2026-08-14T14:11:42.340,1786709502.340363,2.725228,1,3000,5.000000,494,3000,0x03,single,69.739862,2657,0.219780,172,0,No fault,,,,,,,,,
2026-08-14T14:11:42.345,1786709502.345555,2.730421,1,3000,5.000000,495,3000,0x03,single,70.442641,3059,0.167033,170,0,No fault,,,,,,,,,
2026-08-14T14:11:42.350,1786709502.350756,2.735620,1,3000,5.000000,496,3000,0x03,single,71.145420,2925,0.149451,173,0,No fault,,,,,,,,,
2026-08-14T14:11:42.355,1786709502.355955,2.740820,1,3000,5.000000,497,3000,0x03,single,71.870161,2970,0.190476,175,0,No fault,,,,,,,,,
2026-08-14T14:11:42.361,1786709502.361146,2.746012,1,3000,5.000000,498,3000,0x03,single,72.572940,2836,0.196337,173,0,No fault,,,,,,,,,
2026-08-14T14:11:42.366,1786709502.366339,2.751204,1,3000,5.000000,499,3000,0x03,single,73.231796,2613,0.196337,172,0,No fault,,,,,,,,,
2026-08-14T14:11:42.371,1786709502.371531,2.756397,1,3000,5.000000,500,3000,0x03,single,73.978499,2925,0.108425,172,0,No fault,,,,,,,,,
2026-08-14T14:11:42.376,1786709502.376728,2.761594,1,3000,5.000000,501,3000,0x03,single,74.681278,3104,0.213919,173,0,No fault,,,,,,,,,
2026-08-14T14:11:42.381,1786709502.381991,2.766857,1,3000,5.000000,502,3000,0x03,single,75.362096,2836,0.213919,172,0,No fault,,,,,,,,,
2026-08-14T14:11:42.387,1786709502.387191,2.772060,1,3000,5.000000,503,3000,0x03,single,76.064875,2925,0.190476,173,0,No fault,,,,,,,,,
2026-08-14T14:11:42.392,1786709502.392395,2.777261,1,3000,5.000000,504,3000,0x03,single,76.767654,2970,0.120147,173,0,No fault,,,,,,,,,
2026-08-14T14:11:42.397,1786709502.397610,2.782476,1,3000,5.000000,505,3000,0x03,single,77.470433,2970,0.155311,175,0,No fault,,,,,,,,,
2026-08-14T14:11:42.402,1786709502.402807,2.787673,1,3000,5.000000,506,3000,0x03,single,78.173213,3015,0.225641,168,0,No fault,,,,,,,,,
2026-08-14T14:11:42.408,1786709502.408042,2.792923,1,3000,5.000000,507,3000,0x03,single,78.854030,2791,0.143590,172,0,No fault,,,,,,,,,
2026-08-14T14:11:42.413,1786709502.413304,2.798172,1,3000,5.000000,508,3000,0x03,single,79.578771,2881,0.108425,172,0,No fault,,,,,,,,,
2026-08-14T14:11:42.418,1786709502.418512,2.803379,1,3000,5.000000,509,3000,0x03,single,80.281551,2881,0.167033,172,0,No fault,,,,,,,,,
2026-08-14T14:11:42.423,1786709502.423748,2.808613,1,3000,5.000000,510,3000,0x03,single,81.006292,2881,0.149451,172,0,No fault,,,,,,,,,
2026-08-14T14:11:42.428,1786709502.428951,2.813816,1,3000,5.000000,511,3000,0x03,single,81.687109,2791,0.137729,171,0,No fault,,,,,,,,,
2026-08-14T14:11:42.434,1786709502.434149,2.819014,1,3000,5.000000,512,3000,0x03,single,82.389888,2747,0.061538,174,0,No fault,,,,,,,,,
2026-08-14T14:11:42.449,1786709502.449595,2.834463,1,3000,5.000000,513,3000,0x03,single,85.025311,2925,0.079121,171,0,No fault,,,,,,,,,
2026-08-14T14:11:42.454,1786709502.454805,2.839672,1,3000,5.000000,514,3000,0x03,single,85.354738,2970,0.079121,172,0,No fault,,,,,,,,,
2026-08-14T14:11:42.460,1786709502.460099,2.844966,1,3000,5.000000,515,3000,0x03,single,85.750052,2747,0.114286,170,0,No fault,,,,,,,,,
2026-08-14T14:11:42.465,1786709502.465389,2.850255,1,3000,5.000000,516,3000,0x03,single,87.155610,2702,0.161172,172,0,No fault,,,,,,,,,
2026-08-14T14:11:42.470,1786709502.470692,2.855561,1,3000,5.000000,517,3000,0x03,single,87.880351,2836,0.102564,173,0,No fault,,,,,,,,,
2026-08-14T14:11:42.475,1786709502.475897,2.860764,1,3000,5.000000,518,3000,0x03,single,88.583131,2836,0.114286,172,0,No fault,,,,,,,,,
2026-08-14T14:11:42.481,1786709502.481129,2.866009,1,3000,5.000000,519,3000,0x03,single,89.285910,2702,0.172894,169,0,No fault,,,,,,,,,
2026-08-14T14:11:42.486,1786709502.486418,2.871294,1,3000,5.000000,520,3000,0x03,single,89.988689,2970,0.190476,173,0,No fault,,,,,,,,,
2026-08-14T14:11:42.491,1786709502.491694,2.876562,1,3000,5.000000,521,3000,0x03,single,90.691468,2881,0.120147,172,0,No fault,,,,,,,,,
2026-08-14T14:11:42.496,1786709502.496935,2.881811,1,3000,5.000000,522,3000,0x03,single,91.416210,2881,0.172894,172,0,No fault,,,,,,,,,
2026-08-14T14:11:42.502,1786709502.502258,2.887185,1,3000,5.000000,523,3000,0x03,single,92.118989,2791,0.184615,172,0,No fault,,,,,,,,,
2026-08-14T14:11:42.507,1786709502.507737,2.892610,1,3000,5.000000,524,3000,0x03,single,92.799806,2702,0.202198,173,0,No fault,,,,,,,,,
2026-08-14T14:11:42.513,1786709502.513021,2.897898,1,3000,5.000000,525,3000,0x03,single,93.502586,2747,0.131868,172,0,No fault,,,,,,,,,
2026-08-14T14:11:42.518,1786709502.518303,2.903183,1,3000,5.000000,526,3000,0x03,single,94.227327,3015,0.184615,172,0,No fault,,,,,,,,,
2026-08-14T14:11:42.523,1786709502.523572,2.908449,1,3000,5.000000,527,3000,0x03,single,94.952068,3059,0.178755,172,0,No fault,,,,,,,,,
2026-08-14T14:11:42.528,1786709502.528861,2.913741,1,3000,5.000000,528,3000,0x03,single,95.632885,2836,0.225641,173,0,No fault,,,,,,,,,
2026-08-14T14:11:42.534,1786709502.534146,2.919021,1,3000,5.000000,529,3000,0x03,single,96.335665,2925,0.137729,173,0,No fault,,,,,,,,,
2026-08-14T14:11:42.539,1786709502.539412,2.924287,1,3000,5.000000,530,3000,0x03,single,97.038444,3104,0.143590,174,0,No fault,,,,,,,,,
2026-08-14T14:11:42.545,1786709502.545171,2.930048,1,3000,5.000000,531,3000,0x03,single,97.741223,2836,0.190476,172,0,No fault,,,,,,,,,
2026-08-14T14:11:42.550,1786709502.550485,2.935355,1,3000,5.000000,532,3000,0x03,single,98.444002,2970,0.219780,171,0,No fault,,,,,,,,,
2026-08-14T14:11:42.555,1786709502.555711,2.940580,1,3000,5.000000,533,3000,0x03,single,99.124820,2970,0.126007,174,0,No fault,,,,,,,,,
2026-08-14T14:11:42.560,1786709502.560925,2.945793,1,3000,5.000000,534,3000,0x03,single,99.827599,2925,0.137729,172,0,No fault,,,,,,,,,
2026-08-14T14:11:42.566,1786709502.566136,2.951003,1,3000,5.000000,535,3000,0x03,single,100.552340,2925,0.143590,169,0,No fault,,,,,,,,,
2026-08-14T14:11:42.571,1786709502.571340,2.956207,1,3000,5.000000,536,3000,0x03,single,101.255119,2747,0.219780,173,0,No fault,,,,,,,,,
2026-08-14T14:11:42.576,1786709502.576525,2.961394,1,3000,5.000000,537,3000,0x03,single,101.979861,3193,0.102564,173,0,No fault,,,,,,,,,
2026-08-14T14:11:42.581,1786709502.581734,2.966602,1,3000,5.000000,538,3000,0x03,single,102.660678,2970,0.126007,173,0,No fault,,,,,,,,,
2026-08-14T14:11:42.586,1786709502.586944,2.971811,1,3000,5.000000,539,3000,0x03,single,103.363457,2836,0.143590,172,0,No fault,,,,,,,,,
2026-08-14T14:11:42.592,1786709502.592157,2.977022,1,3000,5.000000,540,3000,0x03,single,104.088198,2881,0.167033,171,0,No fault,,,,,,,,,
2026-08-14T14:11:42.597,1786709502.597357,2.982223,1,3000,5.000000,541,3000,0x03,single,104.769016,2791,0.137729,173,0,No fault,,,,,,,,,
2026-08-14T14:11:42.602,1786709502.602558,2.987424,1,3000,5.000000,542,3000,0x03,single,105.493757,2970,0.090842,173,0,No fault,,,,,,,,,
2026-08-14T14:11:42.607,1786709502.607839,2.992708,1,3000,5.000000,543,3000,0x03,single,106.196536,3149,0.172894,171,0,No fault,,,,,,,,,
2026-08-14T14:11:42.613,1786709502.613149,2.998016,1,3000,5.000000,544,3000,0x03,single,107.580133,2702,0.137729,172,0,No fault,,,,,,,,,
2026-08-14T14:11:42.618,1786709502.618388,3.003255,1,3000,5.000000,545,3000,0x03,single,108.304874,3149,0.120147,172,0,No fault,,,,,,,,,
2026-08-14T14:11:42.623,1786709502.623589,3.008455,1,3000,5.000000,546,3000,0x03,single,109.007653,2747,0.172894,172,0,No fault,,,,,,,,,
2026-08-14T14:11:42.628,1786709502.628786,3.013651,1,3000,5.000000,547,3000,0x03,single,109.710432,2881,0.225641,170,0,No fault,,,,,,,,,
2026-08-14T14:11:42.633,1786709502.633978,3.018843,1,3000,5.000000,548,3000,0x03,single,110.413212,2925,0.184615,171,0,No fault,,,,,,,,,
2026-08-14T14:11:42.649,1786709502.649594,3.034463,1,3000,5.000000,549,3000,0x03,single,111.094029,2791,0.108425,172,0,No fault,,,,,,,,,
2026-08-14T14:11:42.654,1786709502.654931,3.039796,1,3000,5.000000,550,3000,0x03,single,113.356100,2925,0.167033,172,0,No fault,,,,,,,,,
2026-08-14T14:11:42.660,1786709502.660129,3.044995,1,3000,5.000000,551,3000,0x03,single,113.751413,2836,0.114286,173,0,No fault,,,,,,,,,
2026-08-14T14:11:42.665,1786709502.665327,3.050193,1,3000,5.000000,552,3000,0x03,single,114.454193,3015,0.196337,173,0,No fault,,,,,,,,,
2026-08-14T14:11:42.670,1786709502.670526,3.055392,1,3000,5.000000,553,3000,0x03,single,115.178934,2925,0.184615,172,0,No fault,,,,,,,,,
2026-08-14T14:11:42.675,1786709502.675721,3.060587,1,3000,5.000000,554,3000,0x03,single,115.859751,2747,0.225641,172,0,No fault,,,,,,,,,
2026-08-14T14:11:42.680,1786709502.680917,3.065784,1,3000,5.000000,555,3000,0x03,single,116.584492,3104,0.102564,171,0,No fault,,,,,,,,,
2026-08-14T14:11:42.686,1786709502.686117,3.070983,1,3000,5.000000,556,3000,0x03,single,117.265310,2881,0.178755,173,0,No fault,,,,,,,,,
2026-08-14T14:11:42.691,1786709502.691314,3.076180,1,3000,5.000000,557,3000,0x03,single,117.968089,2836,0.208059,173,0,No fault,,,,,,,,,
2026-08-14T14:11:42.696,1786709502.696515,3.081381,1,3000,5.000000,558,3000,0x03,single,118.670868,2970,0.143590,172,0,No fault,,,,,,,,,
2026-08-14T14:11:42.701,1786709502.701706,3.086572,1,3000,5.000000,559,3000,0x03,single,119.373647,2970,0.114286,172,0,No fault,,,,,,,,,
2026-08-14T14:11:42.706,1786709502.706904,3.091770,1,3000,5.000000,560,3000,0x03,single,120.076427,2836,0.131868,171,0,No fault,,,,,,,,,
2026-08-14T14:11:42.712,1786709502.712099,3.096965,1,3000,5.000000,561,3000,0x03,single,120.779206,2791,0.178755,172,0,No fault,,,,,,,,,
2026-08-14T14:11:42.717,1786709502.717327,3.102195,1,3000,5.000000,562,3000,0x03,single,121.481985,2791,0.155311,171,0,No fault,,,,,,,,,
2026-08-14T14:11:42.722,1786709502.722524,3.107390,1,3000,5.000000,563,3000,0x03,single,122.184764,2881,0.102564,176,0,No fault,,,,,,,,,
2026-08-14T14:11:42.727,1786709502.727798,3.112688,1,3000,5.000000,564,3000,0x03,single,122.909506,3059,0.102564,173,0,No fault,,,,,,,,,
2026-08-14T14:11:42.733,1786709502.733179,3.118067,1,3000,5.000000,565,3000,0x03,single,123.612285,2970,0.167033,173,0,No fault,,,,,,,,,
2026-08-14T14:11:42.738,1786709502.738510,3.123380,1,3000,5.000000,566,3000,0x03,single,124.337026,2747,0.120147,172,0,No fault,,,,,,,,,
2026-08-14T14:11:42.743,1786709502.743739,3.128608,1,3000,5.000000,567,3000,0x03,single,125.039805,2836,0.102564,173,0,No fault,,,,,,,,,
2026-08-14T14:11:42.748,1786709502.748956,3.133824,1,3000,5.000000,568,3000,0x03,single,125.742585,2970,0.155311,172,0,No fault,,,,,,,,,
2026-08-14T14:11:42.754,1786709502.754324,3.139205,1,3000,5.000000,569,3000,0x03,single,126.467326,3149,0.184615,172,0,No fault,,,,,,,,,
2026-08-14T14:11:42.759,1786709502.759750,3.144622,1,3000,5.000000,570,3000,0x03,single,127.850922,2747,0.102564,173,0,No fault,,,,,,,,,
2026-08-14T14:11:42.764,1786709502.764990,3.149857,1,3000,5.000000,571,3000,0x03,single,128.575663,3104,0.114286,173,0,No fault,,,,,,,,,
2026-08-14T14:11:42.770,1786709502.770230,3.155106,1,3000,5.000000,572,3000,0x03,single,129.256481,2702,0.184615,172,0,No fault,,,,,,,,,
2026-08-14T14:11:42.775,1786709502.775489,3.160357,1,3000,5.000000,573,3000,0x03,single,129.959260,2702,0.202198,173,0,No fault,,,,,,,,,
2026-08-14T14:11:42.780,1786709502.780726,3.165602,1,3000,5.000000,574,3000,0x03,single,130.684001,3149,0.096703,173,0,No fault,,,,,,,,,
2026-08-14T14:11:42.786,1786709502.786010,3.170886,1,3000,5.000000,575,3000,0x03,single,131.364819,2836,0.167033,170,0,No fault,,,,,,,,,
2026-08-14T14:11:42.791,1786709502.791269,3.176135,1,3000,5.000000,576,3000,0x03,single,132.089560,2702,0.161172,170,0,No fault,,,,,,,,,
2026-08-14T14:11:42.796,1786709502.796525,3.181398,1,3000,5.000000,577,3000,0x03,single,132.792339,2881,0.249084,173,0,No fault,,,,,,,,,
2026-08-14T14:11:42.801,1786709502.801801,3.186678,1,3000,5.000000,578,3000,0x03,single,133.473157,2702,0.137729,170,0,No fault,,,,,,,,,
2026-08-14T14:11:42.807,1786709502.807063,3.191931,1,3000,5.000000,579,3000,0x03,single,134.197898,2791,0.184615,171,0,No fault,,,,,,,,,
2026-08-14T14:11:42.812,1786709502.812275,3.197142,1,3000,5.000000,580,3000,0x03,single,134.900677,2925,0.196337,173,0,No fault,,,,,,,,,
2026-08-14T14:11:42.817,1786709502.817479,3.202347,1,3000,5.000000,581,3000,0x03,single,135.603456,2791,0.208059,172,0,No fault,,,,,,,,,
2026-08-14T14:11:42.822,1786709502.822687,3.207554,1,3000,5.000000,582,3000,0x03,single,136.306235,2881,0.155311,173,0,No fault,,,,,,,,,
2026-08-14T14:11:42.827,1786709502.827889,3.212755,1,3000,5.000000,583,3000,0x03,single,137.009015,2881,0.137729,172,0,No fault,,,,,,,,,
2026-08-14T14:11:42.833,1786709502.833086,3.217953,1,3000,5.000000,584,3000,0x03,single,137.733756,2925,0.190476,168,0,No fault,,,,,,,,,
2026-08-14T14:11:42.838,1786709502.838288,3.223153,1,3000,5.000000,585,3000,0x03,single,138.414573,2970,0.219780,172,0,No fault,,,,,,,,,
2026-08-14T14:11:42.853,1786709502.853661,3.238529,1,3000,5.000000,586,3000,0x03,single,141.137843,2836,0.143590,173,0,No fault,,,,,,,,,
2026-08-14T14:11:42.858,1786709502.858868,3.243734,1,3000,5.000000,587,3000,0x03,single,141.489233,3104,0.161172,170,0,No fault,,,,,,,,,
2026-08-14T14:11:42.864,1786709502.864069,3.248935,1,3000,5.000000,588,3000,0x03,single,141.862584,2791,0.108425,172,0,No fault,,,,,,,,,
2026-08-14T14:11:42.869,1786709502.869271,3.254136,1,3000,5.000000,589,3000,0x03,single,142.587325,2925,0.084982,173,0,No fault,,,,,,,,,
2026-08-14T14:11:42.874,1786709502.874465,3.259331,1,3000,5.000000,590,3000,0x03,single,143.312066,2970,0.149451,172,0,No fault,,,,,,,,,
2026-08-14T14:11:42.879,1786709502.879764,3.264631,1,3000,5.000000,591,3000,0x03,single,144.014846,3104,0.149451,172,0,No fault,,,,,,,,,
2026-08-14T14:11:42.884,1786709502.884963,3.269831,1,3000,5.000000,592,3000,0x03,single,144.695663,2702,0.114286,171,0,No fault,,,,,,,,,
2026-08-14T14:11:42.890,1786709502.890176,3.275042,1,3000,5.000000,593,3000,0x03,single,145.398442,2613,0.073260,171,0,No fault,,,,,,,,,
2026-08-14T14:11:42.895,1786709502.895378,3.280244,1,3000,5.000000,594,3000,0x03,single,146.123183,2836,0.143590,171,0,No fault,,,,,,,,,
2026-08-14T14:11:42.900,1786709502.900577,3.285443,1,3000,5.000000,595,3000,0x03,single,146.825963,2702,0.149451,172,0,No fault,,,,,,,,,
2026-08-14T14:11:42.905,1786709502.905775,3.290643,1,3000,5.000000,596,3000,0x03,single,147.528742,2881,0.155311,173,0,No fault,,,,,,,,,
2026-08-14T14:11:42.910,1786709502.910973,3.295839,1,3000,5.000000,597,3000,0x03,single,148.231521,2657,0.084982,169,0,No fault,,,,,,,,,
2026-08-14T14:11:42.916,1786709502.916175,3.301040,1,3000,5.000000,598,3000,0x03,single,148.956262,2747,0.143590,173,0,No fault,,,,,,,,,
2026-08-14T14:11:42.921,1786709502.921366,3.306232,1,3000,5.000000,599,3000,0x03,single,149.659042,2747,0.196337,172,0,No fault,,,,,,,,,
2026-08-14T14:11:42.926,1786709502.926569,3.311435,1,3000,5.000000,600,3000,0x03,single,150.361821,2970,0.149451,169,0,No fault,,,,,,,,,
2026-08-14T14:11:42.931,1786709502.931766,3.316632,1,3000,5.000000,601,3000,0x03,single,151.086562,3149,0.126007,172,0,No fault,,,,,,,,,
2026-08-14T14:11:42.936,1786709502.936961,3.321827,1,3000,5.000000,602,3000,0x03,single,151.767379,2836,0.167033,172,0,No fault,,,,,,,,,
2026-08-14T14:11:42.942,1786709502.942155,3.327021,1,3000,5.000000,603,3000,0x03,single,152.470159,2836,0.178755,174,0,No fault,,,,,,,,,
2026-08-14T14:11:42.947,1786709502.947459,3.332327,1,3000,5.000000,604,3000,0x03,single,153.172938,2791,0.167033,170,0,No fault,,,,,,,,,
2026-08-14T14:11:42.952,1786709502.952744,3.337611,1,3000,5.000000,605,3000,0x03,single,154.600458,3193,0.208059,172,0,No fault,,,,,,,,,
2026-08-14T14:11:42.958,1786709502.958019,3.342886,1,3000,5.000000,606,3000,0x03,single,155.303238,2970,0.190476,172,0,No fault,,,,,,,,,
2026-08-14T14:11:42.963,1786709502.963221,3.348087,1,3000,5.000000,607,3000,0x03,single,156.006017,3059,0.202198,173,0,No fault,,,,,,,,,
2026-08-14T14:11:42.968,1786709502.968415,3.353281,1,3000,5.000000,608,3000,0x03,single,156.686834,2881,0.131868,173,0,No fault,,,,,,,,,
2026-08-14T14:11:42.973,1786709502.973633,3.358500,1,3000,5.000000,609,3000,0x03,single,157.389614,3015,0.190476,173,0,No fault,,,,,,,,,
2026-08-14T14:11:42.978,1786709502.978832,3.363697,1,3000,5.000000,610,3000,0x03,single,158.092393,2881,0.167033,169,0,No fault,,,,,,,,,
2026-08-14T14:11:42.984,1786709502.984024,3.368891,1,3000,5.000000,611,3000,0x03,single,158.795172,3059,0.184615,169,0,No fault,,,,,,,,,
2026-08-14T14:11:42.989,1786709502.989259,3.374136,1,3000,5.000000,612,3000,0x03,single,159.497951,2881,0.096703,172,0,No fault,,,,,,,,,
2026-08-14T14:11:42.994,1786709502.994518,3.379384,1,3000,5.000000,613,3000,0x03,single,160.200731,3015,0.155311,171,0,No fault,,,,,,,,,
2026-08-14T14:11:42.999,1786709502.999763,3.384641,1,3000,5.000000,614,3000,0x03,single,160.903510,2657,0.149451,173,0,No fault,,,,,,,,,
2026-08-14T14:11:43.005,1786709503.005046,3.389936,1,3000,5.000000,615,3000,0x03,single,161.606289,2791,0.172894,173,0,No fault,,,,,,,,,
2026-08-14T14:11:43.010,1786709503.010349,3.395218,1,3000,5.000000,616,3000,0x03,single,162.331030,2970,0.079121,172,0,No fault,,,,,,,,,
2026-08-14T14:11:43.015,1786709503.015609,3.400493,1,3000,5.000000,617,3000,0x03,single,163.055771,2925,0.149451,172,0,No fault,,,,,,,,,
2026-08-14T14:11:43.020,1786709503.020919,3.405802,1,3000,5.000000,618,3000,0x03,single,163.758551,3104,0.155311,173,0,No fault,,,,,,,,,
2026-08-14T14:11:43.026,1786709503.026176,3.411052,1,3000,5.000000,619,3000,0x03,single,164.461330,2925,0.184615,173,0,No fault,,,,,,,,,
2026-08-14T14:11:43.031,1786709503.031436,3.416309,1,3000,5.000000,620,3000,0x03,single,165.164109,3104,0.090842,172,0,No fault,,,,,,,,,
2026-08-14T14:11:43.036,1786709503.036698,3.421570,1,3000,5.000000,621,3000,0x03,single,165.866888,2836,0.155311,172,0,No fault,,,,,,,,,
2026-08-14T14:11:43.041,1786709503.041939,3.426814,1,3000,5.000000,622,3000,0x03,single,166.569668,3059,0.208059,172,0,No fault,,,,,,,,,
2026-08-14T14:11:43.057,1786709503.057420,3.442298,1,3000,5.000000,623,3000,0x03,single,169.205090,3104,0.196337,173,0,No fault,,,,,,,,,
2026-08-14T14:11:43.062,1786709503.062698,3.447565,1,3000,5.000000,624,3000,0x03,single,169.534518,2657,0.219780,172,0,No fault,,,,,,,,,
2026-08-14T14:11:43.067,1786709503.067913,3.452779,1,3000,5.000000,625,3000,0x03,single,169.929831,2836,0.237363,172,0,No fault,,,,,,,,,
2026-08-14T14:11:43.073,1786709503.073116,3.457984,1,3000,5.000000,626,3000,0x03,single,170.632610,2881,0.172894,172,0,No fault,,,,,,,,,
2026-08-14T14:11:43.078,1786709503.078323,3.463189,1,3000,5.000000,627,3000,0x03,single,171.335390,2881,0.178755,172,0,No fault,,,,,,,,,
2026-08-14T14:11:43.083,1786709503.083523,3.468389,1,3000,5.000000,628,3000,0x03,single,172.038169,2702,0.196337,173,0,No fault,,,,,,,,,
2026-08-14T14:11:43.088,1786709503.088723,3.473590,1,3000,5.000000,629,3000,0x03,single,172.718986,2568,0.208059,170,0,No fault,,,,,,,,,
2026-08-14T14:11:43.093,1786709503.093924,3.478790,1,3000,5.000000,630,3000,0x03,single,173.443727,2881,0.131868,172,0,No fault,,,,,,,,,
2026-08-14T14:11:43.099,1786709503.099218,3.484086,1,3000,5.000000,631,3000,0x03,single,174.146507,2881,0.172894,172,0,No fault,,,,,,,,,
2026-08-14T14:11:43.104,1786709503.104602,3.489488,1,3000,5.000000,632,3000,0x03,single,175.552065,2702,0.208059,172,0,No fault,,,,,,,,,
2026-08-14T14:11:43.110,1786709503.110025,3.494914,1,3000,5.000000,633,3000,0x03,single,176.232883,2702,0.131868,172,0,No fault,,,,,,,,,
2026-08-14T14:11:43.115,1786709503.115366,3.500238,1,3000,5.000000,634,3000,0x03,single,176.979586,2970,0.137729,172,0,No fault,,,,,,,,,
2026-08-14T14:11:43.120,1786709503.120605,3.505475,1,3000,5.000000,635,3000,0x03,single,177.660403,2747,0.167033,171,0,No fault,,,,,,,,,
2026-08-14T14:11:43.125,1786709503.125831,3.510700,1,3000,5.000000,636,3000,0x03,single,178.363182,2836,0.202198,173,0,No fault,,,,,,,,,
2026-08-14T14:11:43.131,1786709503.131046,3.515915,1,3000,5.000000,637,3000,0x03,single,179.065962,2791,0.131868,172,0,No fault,,,,,,,,,
2026-08-14T14:11:43.136,1786709503.136263,3.521132,1,3000,5.000000,638,3000,0x03,single,179.790703,3149,0.155311,172,0,No fault,,,,,,,,,
2026-08-14T14:11:43.141,1786709503.141477,3.526345,1,3000,5.000000,639,3000,0x03,single,180.493482,2970,0.137729,172,0,No fault,,,,,,,,,
2026-08-14T14:11:43.146,1786709503.146683,3.531550,1,3000,5.000000,640,3000,0x03,single,181.196261,2925,0.213919,172,0,No fault,,,,,,,,,
2026-08-14T14:11:43.151,1786709503.151945,3.536835,1,3000,5.000000,641,3000,0x03,single,181.877079,2791,0.126007,171,0,No fault,,,,,,,,,
2026-08-14T14:11:43.157,1786709503.157264,3.542134,1,3000,5.000000,642,3000,0x03,single,182.601820,2970,0.102564,172,0,No fault,,,,,,,,,
2026-08-14T14:11:43.162,1786709503.162477,3.547346,1,3000,5.000000,643,3000,0x03,single,183.304599,2836,0.155311,172,0,No fault,,,,,,,,,
2026-08-14T14:11:43.167,1786709503.167686,3.552554,1,3000,5.000000,644,3000,0x03,single,184.007378,2791,0.184615,172,0,No fault,,,,,,,,,
2026-08-14T14:11:43.172,1786709503.172896,3.557762,1,3000,5.000000,645,3000,0x03,single,184.710158,2970,0.120147,173,0,No fault,,,,,,,,,
2026-08-14T14:11:43.178,1786709503.178100,3.562967,1,3000,5.000000,646,3000,0x03,single,185.434899,3015,0.102564,172,0,No fault,,,,,,,,,
2026-08-14T14:11:43.183,1786709503.183304,3.568170,1,3000,5.000000,647,3000,0x03,single,186.137678,3149,0.172894,172,0,No fault,,,,,,,,,
2026-08-14T14:11:43.188,1786709503.188520,3.573386,1,3000,5.000000,648,3000,0x03,single,186.840457,2970,0.167033,172,0,No fault,,,,,,,,,
2026-08-14T14:11:43.193,1786709503.193723,3.578591,1,3000,5.000000,649,3000,0x03,single,187.521275,2791,0.143590,168,0,No fault,,,,,,,,,
2026-08-14T14:11:43.198,1786709503.198927,3.583793,1,3000,5.000000,650,3000,0x03,single,188.224054,2747,0.090842,170,0,No fault,,,,,,,,,
2026-08-14T14:11:43.204,1786709503.204208,3.589075,1,3000,5.000000,651,3000,0x03,single,188.948795,2702,0.155311,172,0,No fault,,,,,,,,,
2026-08-14T14:11:43.209,1786709503.209412,3.594278,1,3000,5.000000,652,3000,0x03,single,189.651574,3015,0.184615,172,0,No fault,,,,,,,,,
2026-08-14T14:11:43.214,1786709503.214609,3.599475,1,3000,5.000000,653,3000,0x03,single,190.332392,2925,0.167033,173,0,No fault,,,,,,,,,
2026-08-14T14:11:43.219,1786709503.219809,3.604675,1,3000,5.000000,654,3000,0x03,single,191.057133,2881,0.126007,172,0,No fault,,,,,,,,,
2026-08-14T14:11:43.225,1786709503.225006,3.609873,1,3000,5.000000,655,3000,0x03,single,191.781874,3149,0.196337,172,0,No fault,,,,,,,,,
2026-08-14T14:11:43.230,1786709503.230206,3.615071,1,3000,5.000000,656,3000,0x03,single,192.462691,2925,0.208059,176,0,No fault,,,,,,,,,
2026-08-14T14:11:43.235,1786709503.235402,3.620268,1,3000,5.000000,657,3000,0x03,single,193.143509,2791,0.225641,172,0,No fault,,,,,,,,,
2026-08-14T14:11:43.240,1786709503.240592,3.625458,1,3000,5.000000,658,3000,0x03,single,193.868250,2836,0.126007,173,0,No fault,,,,,,,,,
2026-08-14T14:11:43.245,1786709503.245790,3.630656,1,3000,5.000000,659,3000,0x03,single,194.549067,2613,0.190476,173,0,No fault,,,,,,,,,
2026-08-14T14:11:43.256,1786709503.256233,3.641117,1,3000,5.000000,660,3000,0x03,single,195.251847,2791,0.196337,172,0,No fault,,,,,,,,,
2026-08-14T14:11:43.261,1786709503.261521,3.646391,1,3000,5.000000,661,3000,0x03,single,197.535879,2836,0.161172,173,0,No fault,,,,,,,,,
2026-08-14T14:11:43.266,1786709503.266741,3.651607,1,3000,5.000000,662,3000,0x03,single,197.953154,3104,0.208059,173,0,No fault,,,,,,,,,
2026-08-14T14:11:43.271,1786709503.271941,3.656808,1,3000,5.000000,663,3000,0x03,single,198.633972,2881,0.172894,170,0,No fault,,,,,,,,,
2026-08-14T14:11:43.277,1786709503.277143,3.662011,1,3000,5.000000,664,3000,0x03,single,199.336751,2881,0.096703,171,0,No fault,,,,,,,,,
2026-08-14T14:11:43.282,1786709503.282344,3.667211,1,3000,5.000000,665,3000,0x03,single,200.039530,2791,0.149451,172,0,No fault,,,,,,,,,
2026-08-14T14:11:43.287,1786709503.287548,3.672413,1,3000,5.000000,666,3000,0x03,single,200.764272,2791,0.161172,172,0,No fault,,,,,,,,,
2026-08-14T14:11:43.292,1786709503.292741,3.677608,1,3000,5.000000,667,3000,0x03,single,201.467051,2747,0.161172,173,0,No fault,,,,,,,,,
2026-08-14T14:11:43.297,1786709503.297935,3.682802,1,3000,5.000000,668,3000,0x03,single,202.169830,2791,0.084982,172,0,No fault,,,,,,,,,
2026-08-14T14:11:43.303,1786709503.303134,3.688001,1,3000,5.000000,669,3000,0x03,single,202.872609,2791,0.108425,173,0,No fault,,,,,,,,,
2026-08-14T14:11:43.308,1786709503.308330,3.693196,1,3000,5.000000,670,3000,0x03,single,203.597350,2791,0.137729,172,0,No fault,,,,,,,,,
2026-08-14T14:11:43.313,1786709503.313531,3.698397,1,3000,5.000000,671,3000,0x03,single,204.300130,2747,0.143590,172,0,No fault,,,,,,,,,
2026-08-14T14:11:43.318,1786709503.318731,3.703597,1,3000,5.000000,672,3000,0x03,single,205.002909,2747,0.061538,171,0,No fault,,,,,,,,,
2026-08-14T14:11:43.323,1786709503.323938,3.708805,1,3000,5.000000,673,3000,0x03,single,205.727650,2925,0.102564,172,0,No fault,,,,,,,,,
2026-08-14T14:11:43.329,1786709503.329140,3.714007,1,3000,5.000000,674,3000,0x03,single,206.430429,2836,0.161172,173,0,No fault,,,,,,,,,
2026-08-14T14:11:43.334,1786709503.334346,3.719211,1,3000,5.000000,675,3000,0x03,single,207.133209,2791,0.155311,172,0,No fault,,,,,,,,,
2026-08-14T14:11:43.339,1786709503.339543,3.724408,1,3000,5.000000,676,3000,0x03,single,207.835988,2836,0.096703,171,0,No fault,,,,,,,,,
2026-08-14T14:11:43.344,1786709503.344738,3.729604,1,3000,5.000000,677,3000,0x03,single,208.538767,2836,0.120147,170,0,No fault,,,,,,,,,
2026-08-14T14:11:43.349,1786709503.349933,3.734798,1,3000,5.000000,678,3000,0x03,single,209.241546,2747,0.149451,170,0,No fault,,,,,,,,,
2026-08-14T14:11:43.355,1786709503.355124,3.739989,1,3000,5.000000,679,3000,0x03,single,209.966288,2970,0.184615,173,0,No fault,,,,,,,,,
2026-08-14T14:11:43.360,1786709503.360388,3.745256,1,3000,5.000000,680,3000,0x03,single,210.669067,3104,0.126007,173,0,No fault,,,,,,,,,
2026-08-14T14:11:43.365,1786709503.365616,3.750483,1,3000,5.000000,681,3000,0x03,single,211.371846,2925,0.161172,172,0,No fault,,,,,,,,,
2026-08-14T14:11:43.370,1786709503.370821,3.755687,1,3000,5.000000,682,3000,0x03,single,212.096587,3193,0.172894,173,0,No fault,,,,,,,,,
2026-08-14T14:11:43.376,1786709503.376017,3.760883,1,3000,5.000000,683,3000,0x03,single,212.777405,3104,0.196337,172,0,No fault,,,,,,,,,
2026-08-14T14:11:43.381,1786709503.381213,3.766079,1,3000,5.000000,684,3000,0x03,single,213.480184,3238,0.149451,173,0,No fault,,,,,,,,,
2026-08-14T14:11:43.386,1786709503.386405,3.771271,1,3000,5.000000,685,3000,0x03,single,214.182963,3015,0.178755,172,0,No fault,,,,,,,,,
2026-08-14T14:11:43.391,1786709503.391599,3.776466,1,3000,5.000000,686,3000,0x03,single,214.885742,2925,0.190476,172,0,No fault,,,,,,,,,
2026-08-14T14:11:43.396,1786709503.396801,3.781667,1,3000,5.000000,687,3000,0x03,single,215.588522,2657,0.184615,173,0,No fault,,,,,,,,,
2026-08-14T14:11:43.401,1786709503.401997,3.786863,1,3000,5.000000,688,3000,0x03,single,216.291301,2747,0.167033,173,0,No fault,,,,,,,,,
2026-08-14T14:11:43.407,1786709503.407193,3.792059,1,3000,5.000000,689,3000,0x03,single,217.016042,3193,0.137729,172,0,No fault,,,,,,,,,
2026-08-14T14:11:43.412,1786709503.412425,3.797301,1,3000,5.000000,690,3000,0x03,single,217.718821,2881,0.167033,174,0,No fault,,,,,,,,,
2026-08-14T14:11:43.417,1786709503.417706,3.802575,1,3000,5.000000,691,3000,0x03,single,218.399639,2702,0.202198,170,0,No fault,,,,,,,,,
2026-08-14T14:11:43.422,1786709503.422918,3.807784,1,3000,5.000000,692,3000,0x03,single,219.102418,2836,0.137729,172,0,No fault,,,,,,,,,
2026-08-14T14:11:43.428,1786709503.428120,3.812987,1,3000,5.000000,693,3000,0x03,single,219.827159,3015,0.131868,172,0,No fault,,,,,,,,,
2026-08-14T14:11:43.433,1786709503.433322,3.818189,1,3000,5.000000,694,3000,0x03,single,220.529938,3015,0.161172,173,0,No fault,,,,,,,,,
2026-08-14T14:11:43.438,1786709503.438519,3.823385,1,3000,5.000000,695,3000,0x03,single,221.320565,2881,0.172894,173,0,No fault,,,,,,,,,
2026-08-14T14:11:43.443,1786709503.443712,3.828579,1,3000,5.000000,696,3000,0x03,single,222.001383,2657,0.079121,171,0,No fault,,,,,,,,,
2026-08-14T14:11:43.448,1786709503.448907,3.833774,1,3000,5.000000,697,3000,0x03,single,222.704162,2747,0.108425,172,0,No fault,,,,,,,,,
2026-08-14T14:11:43.459,1786709503.459199,3.844067,1,3000,5.000000,698,3000,0x03,single,223.428903,3149,0.161172,172,0,No fault,,,,,,,,,
2026-08-14T14:11:43.464,1786709503.464401,3.849268,1,3000,5.000000,699,3000,0x03,single,225.537241,2970,0.096703,172,0,No fault,,,,,,,,,
2026-08-14T14:11:43.469,1786709503.469726,3.854593,1,3000,5.000000,700,3000,0x03,single,225.932554,2791,0.143590,172,0,No fault,,,,,,,,,
2026-08-14T14:11:43.474,1786709503.474929,3.859798,1,3000,5.000000,701,3000,0x03,single,226.635333,2836,0.167033,172,0,No fault,,,,,,,,,
2026-08-14T14:11:43.480,1786709503.480134,3.865000,1,3000,5.000000,702,3000,0x03,single,227.338113,2836,0.178755,173,0,No fault,,,,,,,,,
2026-08-14T14:11:43.485,1786709503.485372,3.870248,1,3000,5.000000,703,3000,0x03,single,228.040892,2881,0.126007,173,0,No fault,,,,,,,,,
2026-08-14T14:11:43.490,1786709503.490668,3.875545,1,3000,5.000000,704,3000,0x03,single,228.743671,2836,0.137729,172,0,No fault,,,,,,,,,
2026-08-14T14:11:43.495,1786709503.495924,3.880792,1,3000,5.000000,705,3000,0x03,single,229.446450,2747,0.213919,172,0,No fault,,,,,,,,,
2026-08-14T14:11:43.501,1786709503.501130,3.885997,1,3000,5.000000,706,3000,0x03,single,230.149230,2747,0.167033,171,0,No fault,,,,,,,,,
2026-08-14T14:11:43.506,1786709503.506411,3.891327,1,3000,5.000000,707,3000,0x03,single,230.852009,2836,0.137729,174,0,No fault,,,,,,,,,
2026-08-14T14:11:43.511,1786709503.511889,3.896787,1,3000,5.000000,708,3000,0x03,single,231.554788,2791,0.184615,171,0,No fault,,,,,,,,,
2026-08-14T14:11:43.517,1786709503.517210,3.902080,1,3000,5.000000,709,3000,0x03,single,232.257568,2702,0.219780,172,0,No fault,,,,,,,,,
2026-08-14T14:11:43.522,1786709503.522590,3.907484,1,3000,5.000000,710,3000,0x03,single,232.960347,2702,0.178755,173,0,No fault,,,,,,,,,
2026-08-14T14:11:43.527,1786709503.527915,3.912792,1,3000,5.000000,711,3000,0x03,single,233.663126,2836,0.137729,174,0,No fault,,,,,,,,,
2026-08-14T14:11:43.533,1786709503.533281,3.918158,1,3000,5.000000,712,3000,0x03,single,234.365905,2791,0.167033,173,0,No fault,,,,,,,,,
2026-08-14T14:11:43.538,1786709503.538694,3.923571,1,3000,5.000000,713,3000,0x03,single,235.068685,2970,0.202198,172,0,No fault,,,,,,,,,
2026-08-14T14:11:43.544,1786709503.544679,3.929559,1,3000,5.000000,714,3000,0x03,single,235.771464,2836,0.213919,170,0,No fault,,,,,,,,,
2026-08-14T14:11:43.551,1786709503.551371,3.936252,1,3000,5.000000,715,3000,0x03,single,237.198984,2970,0.149451,172,0,No fault,,,,,,,,,
2026-08-14T14:11:43.556,1786709503.556629,3.941498,1,3000,5.000000,716,3000,0x03,single,237.879802,2881,0.184615,172,0,No fault,,,,,,,,,
2026-08-14T14:11:43.561,1786709503.561842,3.946710,1,3000,5.000000,717,3000,0x03,single,238.560619,2747,0.208059,172,0,No fault,,,,,,,,,
2026-08-14T14:11:43.567,1786709503.567049,3.951917,1,3000,5.000000,718,3000,0x03,single,239.285360,2791,0.102564,171,0,No fault,,,,,,,,,
2026-08-14T14:11:43.572,1786709503.572255,3.957123,1,3000,5.000000,719,3000,0x03,single,240.010101,3193,0.120147,173,0,No fault,,,,,,,,,
2026-08-14T14:11:43.577,1786709503.577991,3.962889,1,3000,5.000000,720,3000,0x03,single,240.690919,2747,0.167033,173,0,No fault,,,,,,,,,
2026-08-14T14:11:43.583,1786709503.583380,3.968280,1,3000,5.000000,721,3000,0x03,single,241.393698,2970,0.184615,175,0,No fault,,,,,,,,,
2026-08-14T14:11:43.588,1786709503.588761,3.973647,1,3000,5.000000,722,3000,0x03,single,242.096477,2657,0.090842,174,0,No fault,,,,,,,,,
2026-08-14T14:11:43.594,1786709503.594059,3.978934,1,3000,5.000000,723,3000,0x03,single,242.821218,2747,0.114286,172,0,No fault,,,,,,,,,
2026-08-14T14:11:43.599,1786709503.599300,3.984177,1,3000,5.000000,724,3000,0x03,single,243.523998,2836,0.149451,173,0,No fault,,,,,,,,,
2026-08-14T14:11:43.604,1786709503.604553,3.989425,1,3000,5.000000,725,3000,0x03,single,244.248739,2925,0.149451,170,0,No fault,,,,,,,,,
2026-08-14T14:11:43.609,1786709503.609782,3.994655,1,3000,5.000000,726,3000,0x03,single,244.929556,2836,0.084982,173,0,No fault,,,,,,,,,
2026-08-14T14:11:43.615,1786709503.615026,3.999905,1,3000,5.000000,727,3000,0x03,single,245.654297,2747,0.114286,172,0,No fault,,,,,,,,,
2026-08-14T14:11:43.620,1786709503.620276,4.005151,1,3000,5.000000,728,3000,0x03,single,246.357077,2791,0.172894,173,0,No fault,,,,,,,,,
2026-08-14T14:11:43.625,1786709503.625532,4.010422,1,3000,5.000000,729,3000,0x03,single,247.059856,2747,0.149451,172,0,No fault,,,,,,,,,
2026-08-14T14:11:43.630,1786709503.630865,4.015748,1,3000,5.000000,730,3000,0x03,single,247.762635,2702,0.096703,173,0,No fault,,,,,,,,,
2026-08-14T14:11:43.636,1786709503.636162,4.021053,1,3000,5.000000,731,3000,0x03,single,248.487376,3104,0.143590,172,0,No fault,,,,,,,,,
2026-08-14T14:11:43.641,1786709503.641536,4.026420,1,3000,5.000000,732,3000,0x03,single,249.168194,2657,0.155311,171,0,No fault,,,,,,,,,
2026-08-14T14:11:43.646,1786709503.646883,4.031762,1,3000,5.000000,733,3000,0x03,single,250.595714,3059,0.108425,172,0,No fault,,,,,,,,,
2026-08-14T14:11:43.662,1786709503.662474,4.047354,1,3000,5.000000,734,3000,0x03,single,252.901709,2836,0.202198,173,0,No fault,,,,,,,,,
2026-08-14T14:11:43.667,1786709503.667718,4.052586,1,3000,5.000000,735,3000,0x03,single,253.253098,2791,0.196337,174,0,No fault,,,,,,,,,
2026-08-14T14:11:43.672,1786709503.672890,4.057755,1,3000,5.000000,736,3000,0x03,single,253.648412,2970,0.108425,172,0,No fault,,,,,,,,,
2026-08-14T14:11:43.678,1786709503.678055,4.062917,1,3000,5.000000,737,3000,0x03,single,254.329229,2791,0.167033,172,0,No fault,,,,,,,,,
2026-08-14T14:11:43.683,1786709503.683204,4.068065,1,3000,5.000000,738,3000,0x03,single,255.053970,2881,0.172894,171,0,No fault,,,,,,,,,
2026-08-14T14:11:43.688,1786709503.688347,4.073208,1,3000,5.000000,739,3000,0x03,single,255.734787,2747,0.184615,173,0,No fault,,,,,,,,,
2026-08-14T14:11:43.693,1786709503.693552,4.078413,1,3000,5.000000,740,3000,0x03,single,256.415605,2568,0.131868,172,0,No fault,,,,,,,,,
2026-08-14T14:11:43.698,1786709503.698702,4.083562,1,3000,5.000000,741,3000,0x03,single,257.140346,2836,0.120147,173,0,No fault,,,,,,,,,
2026-08-14T14:11:43.703,1786709503.703846,4.088706,1,3000,5.000000,742,3000,0x03,single,257.843125,2568,0.213919,172,0,No fault,,,,,,,,,
2026-08-14T14:11:43.708,1786709503.708992,4.093852,1,3000,5.000000,743,3000,0x03,single,258.567866,2970,0.190476,173,0,No fault,,,,,,,,,
2026-08-14T14:11:43.714,1786709503.714220,4.099119,1,3000,5.000000,744,3000,0x03,single,259.270646,3059,0.102564,173,0,No fault,,,,,,,,,
2026-08-14T14:11:43.719,1786709503.719670,4.104545,1,3000,5.000000,745,3000,0x03,single,259.973425,2925,0.108425,172,0,No fault,,,,,,,,,
2026-08-14T14:11:43.725,1786709503.725010,4.109880,1,3000,5.000000,746,3000,0x03,single,261.378983,2657,0.190476,174,0,No fault,,,,,,,,,
2026-08-14T14:11:43.730,1786709503.730322,4.115184,1,3000,5.000000,747,3000,0x03,single,262.103725,3149,0.084982,172,0,No fault,,,,,,,,,
2026-08-14T14:11:43.735,1786709503.735500,4.120371,1,3000,5.000000,748,3000,0x03,single,262.806504,2836,0.131868,173,0,No fault,,,,,,,,,
2026-08-14T14:11:43.740,1786709503.740717,4.125586,1,3000,5.000000,749,3000,0x03,single,263.509283,2836,0.143590,172,0,No fault,,,,,,,,,
2026-08-14T14:11:43.745,1786709503.745931,4.130802,1,3000,5.000000,750,3000,0x03,single,264.234024,2970,0.167033,171,0,No fault,,,,,,,,,
2026-08-14T14:11:43.751,1786709503.751152,4.136019,1,3000,5.000000,751,3000,0x03,single,264.936804,2970,0.073260,172,0,No fault,,,,,,,,,
2026-08-14T14:11:43.756,1786709503.756359,4.141226,1,3000,5.000000,752,3000,0x03,single,265.639583,2970,0.137729,172,0,No fault,,,,,,,,,
2026-08-14T14:11:43.761,1786709503.761563,4.146435,1,3000,5.000000,753,3000,0x03,single,266.364324,3149,0.137729,172,0,No fault,,,,,,,,,
2026-08-14T14:11:43.766,1786709503.766794,4.151661,1,3000,5.000000,754,3000,0x03,single,267.067103,2568,0.126007,172,0,No fault,,,,,,,,,
2026-08-14T14:11:43.771,1786709503.771991,4.156857,1,3000,5.000000,755,3000,0x03,single,267.769882,3015,0.114286,172,0,No fault,,,,,,,,,
2026-08-14T14:11:43.777,1786709503.777191,4.162059,1,3000,5.000000,756,3000,0x03,single,268.494624,3149,0.126007,172,0,No fault,,,,,,,,,
2026-08-14T14:11:43.782,1786709503.782396,4.167262,1,3000,5.000000,757,3000,0x03,single,269.197403,2925,0.143590,173,0,No fault,,,,,,,,,
2026-08-14T14:11:43.787,1786709503.787590,4.172458,1,3000,5.000000,758,3000,0x03,single,269.878220,2791,0.208059,174,0,No fault,,,,,,,,,
2026-08-14T14:11:43.792,1786709503.792789,4.177656,1,3000,5.000000,759,3000,0x03,single,270.581000,2881,0.114286,172,0,No fault,,,,,,,,,
2026-08-14T14:11:43.797,1786709503.797989,4.182857,1,3000,5.000000,760,3000,0x03,single,271.283779,3015,0.161172,172,0,No fault,,,,,,,,,
2026-08-14T14:11:43.803,1786709503.803318,4.188187,1,3000,5.000000,761,3000,0x03,single,272.008520,2970,0.172894,173,0,No fault,,,,,,,,,
2026-08-14T14:11:43.808,1786709503.808531,4.193397,1,3000,5.000000,762,3000,0x03,single,272.689337,2881,0.219780,172,0,No fault,,,,,,,,,
2026-08-14T14:11:43.813,1786709503.813728,4.198595,1,3000,5.000000,763,3000,0x03,single,273.392117,2970,0.178755,172,0,No fault,,,,,,,,,
2026-08-14T14:11:43.818,1786709503.818932,4.203797,1,3000,5.000000,764,3000,0x03,single,274.116858,3104,0.096703,172,0,No fault,,,,,,,,,
2026-08-14T14:11:43.824,1786709503.824131,4.208997,1,3000,5.000000,765,3000,0x03,single,274.797675,2836,0.196337,173,0,No fault,,,,,,,,,
2026-08-14T14:11:43.829,1786709503.829334,4.214200,1,3000,5.000000,766,3000,0x03,single,275.522416,2836,0.172894,173,0,No fault,,,,,,,,,
2026-08-14T14:11:43.834,1786709503.834528,4.219393,1,3000,5.000000,767,3000,0x03,single,276.225196,2925,0.167033,173,0,No fault,,,,,,,,,
2026-08-14T14:11:43.839,1786709503.839720,4.224588,1,3000,5.000000,768,3000,0x03,single,276.927975,3059,0.120147,171,0,No fault,,,,,,,,,
2026-08-14T14:11:43.845,1786709503.845041,4.229907,1,3000,5.000000,769,3000,0x03,single,277.652716,3015,0.184615,172,0,No fault,,,,,,,,,
2026-08-14T14:11:43.850,1786709503.850240,4.235106,1,3000,5.000000,770,3000,0x03,single,278.333533,2791,0.219780,172,0,No fault,,,,,,,,,
2026-08-14T14:11:43.865,1786709503.865623,4.250491,1,3000,5.000000,771,3000,0x03,single,281.100727,2881,0.178755,172,0,No fault,,,,,,,,,
2026-08-14T14:11:43.870,1786709503.870832,4.255699,1,3000,5.000000,772,3000,0x03,single,281.452116,3104,0.190476,172,0,No fault,,,,,,,,,
2026-08-14T14:11:43.876,1786709503.876024,4.260890,1,3000,5.000000,773,3000,0x03,single,281.803506,2881,0.131868,172,0,No fault,,,,,,,,,
2026-08-14T14:11:43.881,1786709503.881216,4.266083,1,3000,5.000000,774,3000,0x03,single,282.528247,2881,0.073260,172,0,No fault,,,,,,,,,
2026-08-14T14:11:43.886,1786709503.886415,4.271280,1,3000,5.000000,775,3000,0x03,single,283.231026,2791,0.161172,173,0,No fault,,,,,,,,,
2026-08-14T14:11:43.891,1786709503.891607,4.276473,1,3000,5.000000,776,3000,0x03,single,283.933806,2791,0.143590,172,0,No fault,,,,,,,,,
2026-08-14T14:11:43.896,1786709503.896805,4.281671,1,3000,5.000000,777,3000,0x03,single,284.614623,2657,0.161172,172,0,No fault,,,,,,,,,
2026-08-14T14:11:43.902,1786709503.902000,4.286868,1,3000,5.000000,778,3000,0x03,single,285.339364,2702,0.061538,171,0,No fault,,,,,,,,,
2026-08-14T14:11:43.907,1786709503.907200,4.292066,1,3000,5.000000,779,3000,0x03,single,286.064105,3283,0.149451,172,0,No fault,,,,,,,,,
2026-08-14T14:11:43.912,1786709503.912393,4.297258,1,3000,5.000000,780,3000,0x03,single,286.744923,2836,0.190476,175,0,No fault,,,,,,,,,
2026-08-14T14:11:43.917,1786709503.917612,4.302478,1,3000,5.000000,781,3000,0x03,single,287.447702,2836,0.161172,173,0,No fault,,,,,,,,,
2026-08-14T14:11:43.922,1786709503.922809,4.307675,1,3000,5.000000,782,3000,0x03,single,288.150481,2925,0.096703,169,0,No fault,,,,,,,,,
2026-08-14T14:11:43.928,1786709503.928003,4.312869,1,3000,5.000000,783,3000,0x03,single,288.853261,2791,0.172894,171,0,No fault,,,,,,,,,
2026-08-14T14:11:43.933,1786709503.933200,4.318067,1,3000,5.000000,784,3000,0x03,single,289.578002,2925,0.208059,172,0,No fault,,,,,,,,,
2026-08-14T14:11:43.938,1786709503.938532,4.323402,1,3000,5.000000,785,3000,0x03,single,290.302743,3015,0.155311,172,0,No fault,,,,,,,,,
2026-08-14T14:11:43.943,1786709503.943745,4.328610,1,3000,5.000000,786,3000,0x03,single,291.708301,2970,0.196337,171,0,No fault,,,,,,,,,
2026-08-14T14:11:43.948,1786709503.948941,4.333806,1,3000,5.000000,787,3000,0x03,single,292.411081,3104,0.172894,172,0,No fault,,,,,,,,,
2026-08-14T14:11:43.954,1786709503.954202,4.339069,1,3000,5.000000,788,3000,0x03,single,293.091898,2836,0.190476,171,0,No fault,,,,,,,,,
2026-08-14T14:11:43.959,1786709503.959406,4.344271,1,3000,5.000000,789,3000,0x03,single,293.816639,3149,0.137729,175,0,No fault,,,,,,,,,
2026-08-14T14:11:43.964,1786709503.964593,4.349460,1,3000,5.000000,790,3000,0x03,single,294.519418,2970,0.155311,172,0,No fault,,,,,,,,,
2026-08-14T14:11:43.969,1786709503.969793,4.354659,1,3000,5.000000,791,3000,0x03,single,295.222198,2925,0.190476,173,0,No fault,,,,,,,,,
2026-08-14T14:11:43.974,1786709503.974987,4.359852,1,3000,5.000000,792,3000,0x03,single,295.924977,2881,0.208059,173,0,No fault,,,,,,,,,
2026-08-14T14:11:43.980,1786709503.980181,4.365048,1,3000,5.000000,793,3000,0x03,single,296.627756,2791,0.108425,172,0,No fault,,,,,,,,,
2026-08-14T14:11:43.985,1786709503.985383,4.370248,1,3000,5.000000,794,3000,0x03,single,297.330535,2881,0.155311,172,0,No fault,,,,,,,,,
2026-08-14T14:11:43.990,1786709503.990574,4.375440,1,3000,5.000000,795,3000,0x03,single,298.033315,2702,0.190476,173,0,No fault,,,,,,,,,
2026-08-14T14:11:43.995,1786709503.995815,4.380696,1,3000,5.000000,796,3000,0x03,single,298.736094,2657,0.172894,176,0,No fault,,,,,,,,,
2026-08-14T14:11:44.001,1786709504.001087,4.385955,1,3000,5.000000,797,3000,0x03,single,299.460835,2925,0.108425,172,0,No fault,,,,,,,,,
2026-08-14T14:11:44.006,1786709504.006301,4.391168,1,3000,5.000000,798,3000,0x03,single,300.185576,3059,0.143590,170,0,No fault,,,,,,,,,
2026-08-14T14:11:44.011,1786709504.011628,4.396505,1,3000,5.000000,799,3000,0x03,single,300.888356,2970,0.190476,172,0,No fault,,,,,,,,,
2026-08-14T14:11:44.016,1786709504.016902,4.401776,1,3000,5.000000,800,3000,0x03,single,301.569173,2657,0.161172,173,0,No fault,,,,,,,,,
2026-08-14T14:11:44.022,1786709504.022158,4.407027,1,3000,5.000000,801,3000,0x03,single,302.293914,2970,0.084982,172,0,No fault,,,,,,,,,
2026-08-14T14:11:44.027,1786709504.027395,4.412269,1,3000,5.000000,802,3000,0x03,single,303.018655,2881,0.108425,168,0,No fault,,,,,,,,,
2026-08-14T14:11:44.032,1786709504.032644,4.417511,1,3000,5.000000,803,3000,0x03,single,303.721434,3059,0.172894,172,0,No fault,,,,,,,,,
2026-08-14T14:11:44.040,1786709504.040412,4.425279,1,3000,5.000000,804,3000,0x03,single,304.402252,2747,0.131868,172,0,No fault,,,,,,,,,
2026-08-14T14:11:44.045,1786709504.045738,4.430604,1,3000,5.000000,805,3000,0x03,single,305.126993,2791,0.096703,172,0,No fault,,,,,,,,,
2026-08-14T14:11:44.051,1786709504.051023,4.435890,1,3000,5.000000,806,3000,0x03,single,306.532552,2836,0.196337,173,0,No fault,,,,,,,,,
2026-08-14T14:11:44.066,1786709504.066462,4.451330,1,3000,5.000000,807,3000,0x03,single,307.257293,2970,0.137729,173,0,No fault,,,,,,,,,
2026-08-14T14:11:44.071,1786709504.071671,4.456538,1,3000,5.000000,808,3000,0x03,single,309.695058,2925,0.202198,173,0,No fault,,,,,,,,,
2026-08-14T14:11:44.076,1786709504.076871,4.461737,1,3000,5.000000,809,3000,0x03,single,310.068410,2881,0.196337,170,0,No fault,,,,,,,,,
2026-08-14T14:11:44.082,1786709504.082068,4.466934,1,3000,5.000000,810,3000,0x03,single,310.771189,2881,0.096703,173,0,No fault,,,,,,,,,
2026-08-14T14:11:44.087,1786709504.087265,4.472132,1,3000,5.000000,811,3000,0x03,single,311.473968,2925,0.178755,174,0,No fault,,,,,,,,,
2026-08-14T14:11:44.092,1786709504.092462,4.477351,1,3000,5.000000,812,3000,0x03,single,312.198709,3238,0.161172,173,0,No fault,,,,,,,,,
2026-08-14T14:11:44.097,1786709504.097687,4.482553,1,3000,5.000000,813,3000,0x03,single,312.879527,2791,0.237363,173,0,No fault,,,,,,,,,
2026-08-14T14:11:44.102,1786709504.102882,4.487749,1,3000,5.000000,814,3000,0x03,single,313.582306,2881,0.120147,174,0,No fault,,,,,,,,,
2026-08-14T14:11:44.108,1786709504.108080,4.492947,1,3000,5.000000,815,3000,0x03,single,314.263123,2657,0.196337,173,0,No fault,,,,,,,,,
2026-08-14T14:11:44.113,1786709504.113277,4.498144,1,3000,5.000000,816,3000,0x03,single,314.987865,2836,0.202198,172,0,No fault,,,,,,,,,
2026-08-14T14:11:44.118,1786709504.118479,4.503346,1,3000,5.000000,817,3000,0x03,single,315.668682,2881,0.196337,172,0,No fault,,,,,,,,,
2026-08-14T14:11:44.123,1786709504.123677,4.508542,1,3000,5.000000,818,3000,0x03,single,316.393423,2925,0.120147,172,0,No fault,,,,,,,,,
2026-08-14T14:11:44.129,1786709504.129397,4.514289,1,3000,5.000000,819,3000,0x03,single,317.096202,2881,0.143590,172,0,No fault,,,,,,,,,
2026-08-14T14:11:44.134,1786709504.134741,4.519616,1,3000,5.000000,820,3000,0x03,single,317.798982,2747,0.190476,172,0,No fault,,,,,,,,,
2026-08-14T14:11:44.139,1786709504.139993,4.524865,1,3000,5.000000,821,3000,0x03,single,318.501761,2613,0.178755,171,0,No fault,,,,,,,,,
2026-08-14T14:11:44.145,1786709504.145216,4.530085,1,3000,5.000000,822,3000,0x03,single,319.226502,2702,0.102564,174,0,No fault,,,,,,,,,
2026-08-14T14:11:44.150,1786709504.150458,4.535335,1,3000,5.000000,823,3000,0x03,single,319.929281,2970,0.114286,173,0,No fault,,,,,,,,,
2026-08-14T14:11:44.155,1786709504.155713,4.540581,1,3000,5.000000,824,3000,0x03,single,320.632061,2747,0.149451,172,0,No fault,,,,,,,,,
2026-08-14T14:11:44.160,1786709504.160926,4.545793,1,3000,5.000000,825,3000,0x03,single,321.334840,2702,0.178755,173,0,No fault,,,,,,,,,
2026-08-14T14:11:44.166,1786709504.166128,4.550994,1,3000,5.000000,826,3000,0x03,single,322.037619,2702,0.102564,173,0,No fault,,,,,,,,,
2026-08-14T14:11:44.171,1786709504.171329,4.556196,1,3000,5.000000,827,3000,0x03,single,322.762360,2970,0.131868,172,0,No fault,,,,,,,,,
2026-08-14T14:11:44.176,1786709504.176527,4.561394,1,3000,5.000000,828,3000,0x03,single,323.465140,3059,0.137729,173,0,No fault,,,,,,,,,
2026-08-14T14:11:44.181,1786709504.181824,4.566691,1,3000,5.000000,829,3000,0x03,single,324.167919,2836,0.178755,175,0,No fault,,,,,,,,,
2026-08-14T14:11:44.187,1786709504.187027,4.571893,1,3000,5.000000,830,3000,0x03,single,324.870698,2970,0.073260,176,0,No fault,,,,,,,,,
2026-08-14T14:11:44.192,1786709504.192227,4.577093,1,3000,5.000000,831,3000,0x03,single,325.595439,3015,0.131868,175,0,No fault,,,,,,,,,
2026-08-14T14:11:44.197,1786709504.197424,4.582291,1,3000,5.000000,832,3000,0x03,single,326.276257,2657,0.143590,171,0,No fault,,,,,,,,,
2026-08-14T14:11:44.202,1786709504.202636,4.587503,1,3000,5.000000,833,3000,0x03,single,327.000998,2702,0.131868,172,0,No fault,,,,,,,,,
2026-08-14T14:11:44.207,1786709504.207843,4.592710,1,3000,5.000000,834,3000,0x03,single,327.681815,2568,0.120147,171,0,No fault,,,,,,,,,
2026-08-14T14:11:44.213,1786709504.213048,4.597914,1,3000,5.000000,835,3000,0x03,single,328.406556,2791,0.102564,172,0,No fault,,,,,,,,,
2026-08-14T14:11:44.218,1786709504.218245,4.603111,1,3000,5.000000,836,3000,0x03,single,329.109336,2836,0.143590,172,0,No fault,,,,,,,,,
2026-08-14T14:11:44.223,1786709504.223442,4.608307,1,3000,5.000000,837,3000,0x03,single,329.812115,2702,0.202198,171,0,No fault,,,,,,,,,
2026-08-14T14:11:44.228,1786709504.228638,4.613504,1,3000,5.000000,838,3000,0x03,single,330.514894,3104,0.131868,173,0,No fault,,,,,,,,,
2026-08-14T14:11:44.233,1786709504.233832,4.618699,1,3000,5.000000,839,3000,0x03,single,331.217673,3059,0.131868,172,0,No fault,,,,,,,,,
2026-08-14T14:11:44.239,1786709504.239031,4.623897,1,3000,5.000000,840,3000,0x03,single,331.920453,2747,0.161172,171,0,No fault,,,,,,,,,
2026-08-14T14:11:44.244,1786709504.244228,4.629093,1,3000,5.000000,841,3000,0x03,single,332.623232,2702,0.213919,174,0,No fault,,,,,,,,,
2026-08-14T14:11:44.249,1786709504.249511,4.634376,1,3000,5.000000,842,3000,0x03,single,333.326011,2881,0.172894,172,0,No fault,,,,,,,,,
2026-08-14T14:11:44.254,1786709504.254794,4.639660,1,3000,5.000000,843,3000,0x03,single,334.753532,2836,0.172894,173,0,No fault,,,,,,,,,
2026-08-14T14:11:44.270,1786709504.270464,4.655343,1,3000,5.000000,844,3000,0x03,single,335.456311,2970,0.190476,171,0,No fault,,,,,,,,,
2026-08-14T14:11:44.275,1786709504.275736,4.660605,1,3000,5.000000,845,3000,0x03,single,337.872115,3059,0.208059,170,0,No fault,,,,,,,,,
2026-08-14T14:11:44.280,1786709504.280955,4.665822,1,3000,5.000000,846,3000,0x03,single,338.245466,2925,0.196337,172,0,No fault,,,,,,,,,
2026-08-14T14:11:44.286,1786709504.286161,4.671028,1,3000,5.000000,847,3000,0x03,single,338.948245,2925,0.155311,173,0,No fault,,,,,,,,,
2026-08-14T14:11:44.291,1786709504.291362,4.676229,1,3000,5.000000,848,3000,0x03,single,339.651025,2836,0.126007,172,0,No fault,,,,,,,,,
2026-08-14T14:11:44.296,1786709504.296550,4.681418,1,3000,5.000000,849,3000,0x03,single,340.375766,2970,0.131868,171,0,No fault,,,,,,,,,
2026-08-14T14:11:44.301,1786709504.301755,4.686622,1,3000,5.000000,850,3000,0x03,single,341.078545,2836,0.172894,172,0,No fault,,,,,,,,,
2026-08-14T14:11:44.306,1786709504.306956,4.691821,1,3000,5.000000,851,3000,0x03,single,341.781324,2925,0.184615,172,0,No fault,,,,,,,,,
2026-08-14T14:11:44.312,1786709504.312153,4.697019,1,3000,5.000000,852,3000,0x03,single,342.506065,3283,0.079121,173,0,No fault,,,,,,,,,
2026-08-14T14:11:44.317,1786709504.317349,4.702216,1,3000,5.000000,853,3000,0x03,single,343.208845,3149,0.202198,173,0,No fault,,,,,,,,,
2026-08-14T14:11:44.322,1786709504.322555,4.707422,1,3000,5.000000,854,3000,0x03,single,343.911624,2970,0.126007,170,0,No fault,,,,,,,,,
2026-08-14T14:11:44.327,1786709504.327752,4.712618,1,3000,5.000000,855,3000,0x03,single,344.592441,2836,0.167033,171,0,No fault,,,,,,,,,
2026-08-14T14:11:44.332,1786709504.332949,4.717816,1,3000,5.000000,856,3000,0x03,single,345.295221,2702,0.084982,171,0,No fault,,,,,,,,,
2026-08-14T14:11:44.338,1786709504.338159,4.723027,1,3000,5.000000,857,3000,0x03,single,346.019962,2925,0.161172,170,0,No fault,,,,,,,,,
2026-08-14T14:11:44.343,1786709504.343450,4.728316,1,3000,5.000000,858,3000,0x03,single,346.744703,2881,0.167033,174,0,No fault,,,,,,,,,
2026-08-14T14:11:44.348,1786709504.348651,4.733518,1,3000,5.000000,859,3000,0x03,single,347.425520,2836,0.184615,171,0,No fault,,,,,,,,,
2026-08-14T14:11:44.353,1786709504.353852,4.738719,1,3000,5.000000,860,3000,0x03,single,348.150261,3059,0.126007,177,0,No fault,,,,,,,,,
2026-08-14T14:11:44.359,1786709504.359087,4.743954,1,3000,5.000000,861,3000,0x03,single,348.853041,3059,0.161172,172,0,No fault,,,,,,,,,
2026-08-14T14:11:44.364,1786709504.364289,4.749155,1,3000,5.000000,862,3000,0x03,single,349.533858,2657,0.202198,172,0,No fault,,,,,,,,,
2026-08-14T14:11:44.369,1786709504.369487,4.754352,1,3000,5.000000,863,3000,0x03,single,350.236637,2925,0.161172,173,0,No fault,,,,,,,,,
2026-08-14T14:11:44.374,1786709504.374682,4.759548,1,3000,5.000000,864,3000,0x03,single,350.939417,2836,0.167033,173,0,No fault,,,,,,,,,
2026-08-14T14:11:44.379,1786709504.379877,4.764742,1,3000,5.000000,865,3000,0x03,single,351.642196,2970,0.202198,172,0,No fault,,,,,,,,,
2026-08-14T14:11:44.385,1786709504.385069,4.769935,1,3000,5.000000,866,3000,0x03,single,352.344975,2747,0.161172,173,0,No fault,,,,,,,,,
2026-08-14T14:11:44.390,1786709504.390266,4.775132,1,3000,5.000000,867,3000,0x03,single,353.047754,2881,0.196337,173,0,No fault,,,,,,,,,
2026-08-14T14:11:44.395,1786709504.395461,4.780327,1,3000,5.000000,868,3000,0x03,single,353.750534,3015,0.131868,172,0,No fault,,,,,,,,,
2026-08-14T14:11:44.400,1786709504.400657,4.785523,1,3000,5.000000,869,3000,0x03,single,354.453313,2881,0.161172,172,0,No fault,,,,,,,,,
2026-08-14T14:11:44.405,1786709504.405853,4.790719,1,3000,5.000000,870,3000,0x03,single,355.156092,2747,0.213919,170,0,No fault,,,,,,,,,
2026-08-14T14:11:44.411,1786709504.411047,4.795913,1,3000,5.000000,871,3000,0x03,single,355.858871,2881,0.202198,173,0,No fault,,,,,,,,,
2026-08-14T14:11:44.416,1786709504.416242,4.801107,1,3000,5.000000,872,3000,0x03,single,356.561651,3104,0.102564,173,0,No fault,,,,,,,,,
2026-08-14T14:11:44.421,1786709504.421471,4.806348,1,3000,5.000000,873,3000,0x03,single,357.264430,2970,0.149451,176,0,No fault,,,,,,,,,
2026-08-14T14:11:44.426,1786709504.426729,4.811596,1,3000,5.000000,874,3000,0x03,single,357.967209,2881,0.231502,171,0,No fault,,,,,,,,,
2026-08-14T14:11:44.431,1786709504.431938,4.816805,1,3000,5.000000,875,3000,0x03,single,358.669989,2791,0.161172,170,0,No fault,,,,,,,,,
2026-08-14T14:11:44.437,1786709504.437139,4.822006,1,3000,5.000000,876,3000,0x03,single,359.372768,2791,0.108425,172,0,No fault,,,,,,,,,
2026-08-14T14:11:44.442,1786709504.442337,4.827204,1,3000,5.000000,877,3000,0x03,single,360.075547,2881,0.126007,169,0,No fault,,,,,,,,,
2026-08-14T14:11:44.447,1786709504.447535,4.832400,1,3000,5.000000,878,3000,0x03,single,360.778326,2836,0.172894,173,0,No fault,,,,,,,,,
2026-08-14T14:11:44.452,1786709504.452734,4.837599,1,3000,5.000000,879,3000,0x03,single,361.481106,2702,0.167033,172,0,No fault,,,,,,,,,
2026-08-14T14:11:44.457,1786709504.457930,4.842796,1,3000,5.000000,880,3000,0x03,single,362.183885,2836,0.084982,172,0,No fault,,,,,,,,,
2026-08-14T14:11:44.463,1786709504.463126,4.847991,1,3000,5.000000,881,3000,0x03,single,362.908626,2925,0.108425,173,0,No fault,,,,,,,,,
2026-08-14T14:11:44.473,1786709504.473667,4.858536,1,3000,5.000000,882,3000,0x03,single,363.633367,3059,0.149451,174,0,No fault,,,,,,,,,
2026-08-14T14:11:44.478,1786709504.478878,4.863744,1,3000,5.000000,883,3000,0x03,single,365.895438,2881,0.149451,176,0,No fault,,,,,,,,,
2026-08-14T14:11:44.484,1786709504.484074,4.868940,1,3000,5.000000,884,3000,0x03,single,366.268789,2881,0.172894,170,0,No fault,,,,,,,,,
2026-08-14T14:11:44.489,1786709504.489269,4.874134,1,3000,5.000000,885,3000,0x03,single,366.971569,2613,0.149451,172,0,No fault,,,,,,,,,
2026-08-14T14:11:44.494,1786709504.494499,4.879377,1,3000,5.000000,886,3000,0x03,single,367.674348,2970,0.108425,173,0,No fault,,,,,,,,,
2026-08-14T14:11:44.499,1786709504.499786,4.884661,1,3000,5.000000,887,3000,0x03,single,368.399089,3059,0.108425,172,0,No fault,,,,,,,,,
2026-08-14T14:11:44.505,1786709504.505126,4.889993,1,3000,5.000000,888,3000,0x03,single,369.101868,3059,0.167033,171,0,No fault,,,,,,,,,
2026-08-14T14:11:44.510,1786709504.510334,4.895200,1,3000,5.000000,889,3000,0x03,single,369.804648,2925,0.208059,174,0,No fault,,,,,,,,,
2026-08-14T14:11:44.515,1786709504.515571,4.900447,1,3000,5.000000,890,3000,0x03,single,370.485465,2836,0.137729,171,0,No fault,,,,,,,,,
2026-08-14T14:11:44.520,1786709504.520843,4.905717,1,3000,5.000000,891,3000,0x03,single,371.210206,2836,0.137729,172,0,No fault,,,,,,,,,
2026-08-14T14:11:44.526,1786709504.526097,4.910963,1,3000,5.000000,892,3000,0x03,single,371.912985,2836,0.167033,173,0,No fault,,,,,,,,,
2026-08-14T14:11:44.531,1786709504.531331,4.916206,1,3000,5.000000,893,3000,0x03,single,372.615765,2523,0.196337,172,0,No fault,,,,,,,,,
2026-08-14T14:11:44.536,1786709504.536582,4.921449,1,3000,5.000000,894,3000,0x03,single,373.318544,2702,0.155311,171,0,No fault,,,,,,,,,
2026-08-14T14:11:44.543,1786709504.543527,4.928398,1,3000,5.000000,895,3000,0x03,single,374.021323,2791,0.149451,171,0,No fault,,,,,,,,,
2026-08-14T14:11:44.548,1786709504.548823,4.933690,1,3000,5.000000,896,3000,0x03,single,374.724102,2791,0.184615,173,0,No fault,,,,,,,,,
2026-08-14T14:11:44.555,1786709504.555058,4.939931,1,3000,5.000000,897,3000,0x03,single,376.129661,2747,0.178755,172,0,No fault,,,,,,,,,
2026-08-14T14:11:44.560,1786709504.560314,4.945186,1,3000,5.000000,898,3000,0x03,single,376.832440,2791,0.137729,173,0,No fault,,,,,,,,,
2026-08-14T14:11:44.565,1786709504.565570,4.950441,1,3000,5.000000,899,3000,0x03,single,377.557181,2836,0.167033,173,0,No fault,,,,,,,,,
2026-08-14T14:11:44.570,1786709504.570819,4.955691,1,3000,5.000000,900,3000,0x03,single,378.259961,2970,0.213919,174,0,No fault,,,,,,,,,
2026-08-14T14:11:44.576,1786709504.576065,4.960935,1,3000,5.000000,901,3000,0x03,single,378.962740,3104,0.167033,170,0,No fault,,,,,,,,,
2026-08-14T14:11:44.581,1786709504.581307,4.966177,1,3000,5.000000,902,3000,0x03,single,379.687481,3104,0.067399,172,0,No fault,,,,,,,,,
2026-08-14T14:11:44.586,1786709504.586554,4.971425,1,3000,5.000000,903,3000,0x03,single,380.390260,2925,0.155311,172,0,No fault,,,,,,,,,
2026-08-14T14:11:44.591,1786709504.591811,4.976680,1,3000,5.000000,904,3000,0x03,single,381.093040,2747,0.178755,172,0,No fault,,,,,,,,,
2026-08-14T14:11:44.597,1786709504.597038,4.981906,1,3000,5.000000,905,3000,0x03,single,381.773857,2791,0.143590,173,0,No fault,,,,,,,,,
2026-08-14T14:11:44.602,1786709504.602273,4.987145,1,3000,5.000000,906,3000,0x03,single,382.498598,2970,0.084982,173,0,No fault,,,,,,,,,
2026-08-14T14:11:44.607,1786709504.607521,4.992394,1,3000,5.000000,907,3000,0x03,single,383.223339,3059,0.149451,175,0,No fault,,,,,,,,,
2026-08-14T14:11:44.612,1786709504.612770,4.997641,1,3000,5.000000,908,3000,0x03,single,383.926119,3015,0.131868,172,0,No fault,,,,,,,,,
2026-08-14T14:11:44.618,1786709504.618025,5.002895,1,3000,5.000000,909,3000,0x03,single,384.606936,2747,0.126007,171,0,No fault,,,,,,,,,
2026-08-14T14:11:44.630,1786709504.630044,5.014920,2,0,0.800000,1,0,0x03,single,386.034456,2881,0.155311,173,0,No fault,,,,,,,,,
2026-08-14T14:11:44.635,1786709504.635521,5.020397,2,0,0.800000,2,0,0x03,single,386.693312,2836,0.155311,173,0,No fault,,,,,,,,,
2026-08-14T14:11:44.640,1786709504.640964,5.025834,2,0,0.800000,3,0,0x03,single,387.088625,558,-1.057875,173,0,No fault,,,,,,,,,
2026-08-14T14:11:44.646,1786709504.646209,5.031083,2,0,0.800000,4,0,0x03,single,387.044702,-380,-0.067399,173,0,No fault,,,,,,,,,
2026-08-14T14:11:44.651,1786709504.651470,5.036343,2,0,0.800000,5,0,0x03,single,387.000778,-246,0.096703,173,0,No fault,,,,,,,,,
2026-08-14T14:11:44.656,1786709504.656729,5.041598,2,0,0.800000,6,0,0x03,single,387.000778,112,0.055678,171,0,No fault,,,,,,,,,
2026-08-14T14:11:44.661,1786709504.661977,5.046850,2,0,0.800000,7,0,0x03,single,386.978816,-67,0.008791,173,0,No fault,,,,,,,,,
2026-08-14T14:11:44.677,1786709504.677455,5.062333,2,0,0.800000,8,0,0x03,single,386.978816,-22,-0.002930,171,0,No fault,,,,,,,,,
2026-08-14T14:11:44.683,1786709504.683158,5.068031,2,0,0.800000,9,0,0x03,single,386.956854,-112,0.020513,172,0,No fault,,,,,,,,,
2026-08-14T14:11:44.688,1786709504.688406,5.073276,2,0,0.800000,10,0,0x03,single,386.956854,22,0.008791,171,0,No fault,,,,,,,,,
2026-08-14T14:11:44.693,1786709504.693684,5.078556,2,0,0.800000,11,0,0x03,single,386.956854,156,0.014652,173,0,No fault,,,,,,,,,
2026-08-14T14:11:44.698,1786709504.698927,5.083799,2,0,0.800000,12,0,0x03,single,386.934892,-22,0.032234,172,0,No fault,,,,,,,,,
2026-08-14T14:11:44.704,1786709504.704164,5.089035,2,0,0.800000,13,0,0x03,single,386.934892,-22,0.020513,170,0,No fault,,,,,,,,,
2026-08-14T14:11:44.709,1786709504.709420,5.094300,2,0,0.800000,14,0,0x03,single,386.934892,112,-0.002930,172,0,No fault,,,,,,,,,
2026-08-14T14:11:44.714,1786709504.714697,5.099574,2,0,0.800000,15,0,0x03,single,386.934892,22,0.002930,172,0,No fault,,,,,,,,,
2026-08-14T14:11:44.719,1786709504.719952,5.104828,2,0,0.800000,16,0,0x03,single,386.912930,-22,0.002930,176,0,No fault,,,,,,,,,
2026-08-14T14:11:44.725,1786709504.725196,5.110067,2,0,0.800000,17,0,0x03,single,386.912930,-67,-0.020513,172,0,No fault,,,,,,,,,
2026-08-14T14:11:44.730,1786709504.730441,5.115313,2,0,0.800000,18,0,0x03,single,386.912930,22,-0.020513,172,0,No fault,,,,,,,,,
2026-08-14T14:11:44.735,1786709504.735689,5.120560,2,0,0.800000,19,0,0x03,single,386.912930,-156,-0.043956,171,0,No fault,,,,,,,,,
2026-08-14T14:11:44.740,1786709504.740941,5.125814,2,0,0.800000,20,0,0x03,single,386.912930,112,-0.014652,175,0,No fault,,,,,,,,,
2026-08-14T14:11:44.746,1786709504.746190,5.131062,2,0,0.800000,21,0,0x03,single,386.912930,-67,-0.038095,173,0,No fault,,,,,,,,,
2026-08-14T14:11:44.751,1786709504.751433,5.136304,2,0,0.800000,22,0,0x03,single,386.912930,112,-0.032234,173,0,No fault,,,,,,,,,
2026-08-14T14:11:44.756,1786709504.756675,5.141552,2,0,0.800000,23,0,0x03,single,386.912930,-112,-0.049817,172,0,No fault,,,,,,,,,
2026-08-14T14:11:44.761,1786709504.761935,5.146811,2,0,0.800000,24,0,0x03,single,386.912930,-112,-0.026374,172,0,No fault,,,,,,,,,
2026-08-14T14:11:44.767,1786709504.767182,5.152051,2,0,0.800000,25,0,0x03,single,386.890969,-156,-0.032234,171,0,No fault,,,,,,,,,
2026-08-14T14:11:44.772,1786709504.772421,5.157293,2,0,0.800000,26,0,0x03,single,386.890969,-246,-0.061538,172,0,No fault,,,,,,,,,
2026-08-14T14:11:44.777,1786709504.777997,5.162867,2,0,0.800000,27,0,0x03,single,386.890969,-156,-0.038095,172,0,No fault,,,,,,,,,
2026-08-14T14:11:44.783,1786709504.783367,5.168237,2,0,0.800000,28,0,0x03,single,386.890969,-201,-0.026374,172,0,No fault,,,,,,,,,
2026-08-14T14:11:44.788,1786709504.788605,5.173475,2,0,0.800000,29,0,0x03,single,386.890969,-201,-0.049817,173,0,No fault,,,,,,,,,
2026-08-14T14:11:44.793,1786709504.793852,5.178719,2,0,0.800000,30,0,0x03,single,386.912930,67,-0.020513,172,0,No fault,,,,,,,,,
2026-08-14T14:11:44.799,1786709504.799078,5.183950,2,0,0.800000,31,0,0x03,single,386.912930,22,-0.038095,173,0,No fault,,,,,,,,,
2026-08-14T14:11:44.804,1786709504.804328,5.189201,2,0,0.800000,32,0,0x03,single,386.890969,-156,-0.049817,173,0,No fault,,,,,,,,,
2026-08-14T14:11:44.809,1786709504.809584,5.194454,2,0,0.800000,33,0,0x03,single,386.890969,-67,-0.038095,173,0,No fault,,,,,,,,,
2026-08-14T14:11:44.814,1786709504.814824,5.199691,2,0,0.800000,34,0,0x03,single,386.912930,-22,-0.049817,173,0,No fault,,,,,,,,,
2026-08-14T14:11:44.820,1786709504.820059,5.204931,2,0,0.800000,35,0,0x03,single,386.890969,-156,-0.049817,172,0,No fault,,,,,,,,,
2026-08-14T14:11:44.825,1786709504.825311,5.210180,2,0,0.800000,36,0,0x03,single,386.890969,-201,-0.043956,174,0,No fault,,,,,,,,,
2026-08-14T14:11:44.830,1786709504.830550,5.215417,2,0,0.800000,37,0,0x03,single,386.890969,-67,-0.038095,173,0,No fault,,,,,,,,,
2026-08-14T14:11:44.835,1786709504.835784,5.220653,2,0,0.800000,38,0,0x03,single,386.912930,156,-0.020513,172,0,No fault,,,,,,,,,
2026-08-14T14:11:44.841,1786709504.841024,5.225898,2,0,0.800000,39,0,0x03,single,386.912930,22,-0.038095,175,0,No fault,,,,,,,,,
2026-08-14T14:11:44.846,1786709504.846359,5.231229,2,0,0.800000,40,0,0x03,single,386.890969,-156,-0.026374,172,0,No fault,,,,,,,,,
2026-08-14T14:11:44.851,1786709504.851600,5.236467,2,0,0.800000,41,0,0x03,single,386.890969,22,-0.026374,172,0,No fault,,,,,,,,,
2026-08-14T14:11:44.856,1786709504.856827,5.241696,2,0,0.800000,42,0,0x03,single,386.912930,112,-0.038095,173,0,No fault,,,,,,,,,
2026-08-14T14:11:44.862,1786709504.862071,5.246942,2,0,0.800000,43,0,0x03,single,386.890969,-67,-0.061538,171,0,No fault,,,,,,,,,
2026-08-14T14:11:44.867,1786709504.867314,5.252184,2,0,0.800000,44,0,0x03,single,386.890969,-156,-0.049817,173,0,No fault,,,,,,,,,
2026-08-14T14:11:44.882,1786709504.882754,5.267621,2,0,0.800000,45,0,0x03,single,386.912930,67,-0.038095,174,0,No fault,,,,,,,,,
2026-08-14T14:11:44.887,1786709504.887977,5.272844,2,0,0.800000,46,0,0x03,single,386.890969,22,-0.043956,173,0,No fault,,,,,,,,,
2026-08-14T14:11:44.893,1786709504.893209,5.278081,2,0,0.800000,47,0,0x03,single,386.890969,67,-0.026374,171,0,No fault,,,,,,,,,
2026-08-14T14:11:44.898,1786709504.898458,5.283328,2,0,0.800000,48,0,0x03,single,386.890969,-67,-0.055678,173,0,No fault,,,,,,,,,
2026-08-14T14:11:44.903,1786709504.903868,5.288754,2,0,0.800000,49,0,0x03,single,386.890969,22,-0.032234,172,0,No fault,,,,,,,,,
2026-08-14T14:11:44.909,1786709504.909253,5.294131,2,0,0.800000,50,0,0x03,single,386.890969,-156,-0.049817,172,0,No fault,,,,,,,,,
2026-08-14T14:11:44.914,1786709504.914526,5.299401,2,0,0.800000,51,0,0x03,single,386.912930,67,-0.043956,173,0,No fault,,,,,,,,,
2026-08-14T14:11:44.919,1786709504.919796,5.304671,2,0,0.800000,52,0,0x03,single,386.890969,-156,-0.049817,172,0,No fault,,,,,,,,,
2026-08-14T14:11:44.925,1786709504.925064,5.309943,2,0,0.800000,53,0,0x03,single,386.890969,22,-0.043956,173,0,No fault,,,,,,,,,
2026-08-14T14:11:44.930,1786709504.930346,5.315226,2,0,0.800000,54,0,0x03,single,386.890969,22,-0.055678,173,0,No fault,,,,,,,,,
2026-08-14T14:11:44.935,1786709504.935616,5.320489,2,0,0.800000,55,0,0x03,single,386.890969,-67,-0.038095,173,0,No fault,,,,,,,,,
2026-08-14T14:11:44.940,1786709504.940871,5.325745,2,0,0.800000,56,0,0x03,single,386.890969,67,-0.043956,167,0,No fault,,,,,,,,,
2026-08-14T14:11:44.946,1786709504.946133,5.331006,2,0,0.800000,57,0,0x03,single,386.890969,-156,-0.049817,172,0,No fault,,,,,,,,,
2026-08-14T14:11:44.951,1786709504.951382,5.336256,2,0,0.800000,58,0,0x03,single,386.890969,22,-0.043956,172,0,No fault,,,,,,,,,
2026-08-14T14:11:44.956,1786709504.956636,5.341515,2,0,0.800000,59,0,0x03,single,386.890969,22,-0.038095,173,0,No fault,,,,,,,,,
2026-08-14T14:11:44.961,1786709504.961891,5.346764,2,0,0.800000,60,0,0x03,single,386.890969,-112,-0.038095,174,0,No fault,,,,,,,,,
2026-08-14T14:11:44.967,1786709504.967142,5.352015,2,0,0.800000,61,0,0x03,single,386.890969,-246,-0.055678,172,0,No fault,,,,,,,,,
2026-08-14T14:11:44.972,1786709504.972385,5.357257,2,0,0.800000,62,0,0x03,single,386.912930,112,-0.049817,171,0,No fault,,,,,,,,,
2026-08-14T14:11:44.977,1786709504.977655,5.362529,2,0,0.800000,63,0,0x03,single,386.890969,67,-0.026374,171,0,No fault,,,,,,,,,
2026-08-14T14:11:44.982,1786709504.982907,5.367776,2,0,0.800000,64,0,0x03,single,386.890969,67,-0.038095,173,0,No fault,,,,,,,,,
2026-08-14T14:11:44.988,1786709504.988150,5.373025,2,0,0.800000,65,0,0x03,single,386.890969,22,-0.038095,173,0,No fault,,,,,,,,,
2026-08-14T14:11:44.993,1786709504.993400,5.378274,2,0,0.800000,66,0,0x03,single,386.890969,67,-0.038095,172,0,No fault,,,,,,,,,
2026-08-14T14:11:44.998,1786709504.998656,5.383531,2,0,0.800000,67,0,0x03,single,386.890969,-67,-0.055678,173,0,No fault,,,,,,,,,
2026-08-14T14:11:45.003,1786709505.003924,5.388801,2,0,0.800000,68,0,0x03,single,386.890969,-112,-0.043956,172,0,No fault,,,,,,,,,
2026-08-14T14:11:45.009,1786709505.009199,5.394073,2,0,0.800000,69,0,0x03,single,386.912930,112,-0.049817,167,0,No fault,,,,,,,,,
2026-08-14T14:11:45.014,1786709505.014448,5.399320,2,0,0.800000,70,0,0x03,single,386.890969,-112,-0.038095,171,0,No fault,,,,,,,,,
2026-08-14T14:11:45.019,1786709505.019700,5.404572,2,0,0.800000,71,0,0x03,single,386.890969,-67,-0.043956,172,0,No fault,,,,,,,,,
2026-08-14T14:11:45.025,1786709505.025071,5.409949,2,0,0.800000,72,0,0x03,single,386.890969,-112,-0.043956,172,0,No fault,,,,,,,,,
2026-08-14T14:11:45.030,1786709505.030346,5.415219,2,0,0.800000,73,0,0x03,single,386.890969,67,-0.032234,175,0,No fault,,,,,,,,,
2026-08-14T14:11:45.035,1786709505.035610,5.420483,2,0,0.800000,74,0,0x03,single,386.890969,67,-0.038095,172,0,No fault,,,,,,,,,
2026-08-14T14:11:45.040,1786709505.040869,5.425744,2,0,0.800000,75,0,0x03,single,386.890969,-112,-0.038095,174,0,No fault,,,,,,,,,
2026-08-14T14:11:45.046,1786709505.046135,5.431009,2,0,0.800000,76,0,0x03,single,386.890969,-22,-0.038095,171,0,No fault,,,,,,,,,
2026-08-14T14:11:45.051,1786709505.051585,5.436468,2,0,0.800000,77,0,0x03,single,386.890969,-67,-0.049817,172,0,No fault,,,,,,,,,
2026-08-14T14:11:45.056,1786709505.056955,5.441832,2,0,0.800000,78,0,0x03,single,386.890969,67,-0.026374,172,0,No fault,,,,,,,,,
2026-08-14T14:11:45.062,1786709505.062232,5.447104,2,0,0.800000,79,0,0x03,single,386.890969,112,-0.020513,171,0,No fault,,,,,,,,,
2026-08-14T14:11:45.067,1786709505.067491,5.452362,2,0,0.800000,80,0,0x03,single,386.890969,-22,-0.049817,172,0,No fault,,,,,,,,,
2026-08-14T14:11:45.082,1786709505.082931,5.467803,2,0,0.800000,81,0,0x03,single,386.890969,-67,-0.038095,173,0,No fault,,,,,,,,,
2026-08-14T14:11:45.088,1786709505.088182,5.473054,2,0,0.800000,82,0,0x03,single,386.890969,67,-0.038095,173,0,No fault,,,,,,,,,
2026-08-14T14:11:45.093,1786709505.093431,5.478301,2,0,0.800000,83,0,0x03,single,386.890969,-67,-0.038095,170,0,No fault,,,,,,,,,
2026-08-14T14:11:45.098,1786709505.098675,5.483545,2,0,0.800000,84,0,0x03,single,386.890969,-246,-0.043956,173,0,No fault,,,,,,,,,
2026-08-14T14:11:45.103,1786709505.103917,5.488785,2,0,0.800000,85,0,0x03,single,386.890969,67,-0.049817,171,0,No fault,,,,,,,,,
2026-08-14T14:11:45.109,1786709505.109149,5.494019,2,0,0.800000,86,0,0x03,single,386.890969,-67,-0.032234,172,0,No fault,,,,,,,,,
2026-08-14T14:11:45.114,1786709505.114395,5.499269,2,0,0.800000,87,0,0x03,single,386.912930,112,-0.049817,171,0,No fault,,,,,,,,,
2026-08-14T14:11:45.119,1786709505.119651,5.504524,2,0,0.800000,88,0,0x03,single,386.890969,-67,-0.043956,172,0,No fault,,,,,,,,,
2026-08-14T14:11:45.124,1786709505.124900,5.509774,2,0,0.800000,89,0,0x03,single,386.890969,-156,-0.026374,172,0,No fault,,,,,,,,,
2026-08-14T14:11:45.130,1786709505.130138,5.515009,2,0,0.800000,90,0,0x03,single,386.890969,-290,-0.038095,172,0,No fault,,,,,,,,,
2026-08-14T14:11:45.135,1786709505.135370,5.520236,2,0,0.800000,91,0,0x03,single,386.890969,67,-0.043956,173,0,No fault,,,,,,,,,
2026-08-14T14:11:45.140,1786709505.140601,5.525474,2,0,0.800000,92,0,0x03,single,386.890969,-22,-0.038095,173,0,No fault,,,,,,,,,
2026-08-14T14:11:45.146,1786709505.146003,5.530874,2,0,0.800000,93,0,0x03,single,386.890969,-67,-0.038095,172,0,No fault,,,,,,,,,
2026-08-14T14:11:45.151,1786709505.151252,5.536127,2,0,0.800000,94,0,0x03,single,386.890969,112,-0.043956,172,0,No fault,,,,,,,,,
2026-08-14T14:11:45.156,1786709505.156652,5.541520,2,0,0.800000,95,0,0x03,single,386.890969,22,-0.043956,175,0,No fault,,,,,,,,,
2026-08-14T14:11:45.161,1786709505.161892,5.546764,2,0,0.800000,96,0,0x03,single,386.890969,67,-0.049817,172,0,No fault,,,,,,,,,
2026-08-14T14:11:45.167,1786709505.167145,5.552014,2,0,0.800000,97,0,0x03,single,386.890969,22,-0.043956,172,0,No fault,,,,,,,,,
2026-08-14T14:11:45.172,1786709505.172384,5.557251,2,0,0.800000,98,0,0x03,single,386.912930,112,-0.049817,172,0,No fault,,,,,,,,,
2026-08-14T14:11:45.177,1786709505.177653,5.562525,2,0,0.800000,99,0,0x03,single,386.890969,22,-0.038095,172,0,No fault,,,,,,,,,
2026-08-14T14:11:45.182,1786709505.182901,5.567775,2,0,0.800000,100,0,0x03,single,386.890969,-201,-0.043956,172,0,No fault,,,,,,,,,
2026-08-14T14:11:45.188,1786709505.188155,5.573026,2,0,0.800000,101,0,0x03,single,386.890969,-22,-0.049817,172,0,No fault,,,,,,,,,
2026-08-14T14:11:45.193,1786709505.193401,5.578272,2,0,0.800000,102,0,0x03,single,386.890969,-22,-0.026374,172,0,No fault,,,,,,,,,
2026-08-14T14:11:45.198,1786709505.198747,5.583617,2,0,0.800000,103,0,0x03,single,386.890969,22,-0.049817,172,0,No fault,,,,,,,,,
2026-08-14T14:11:45.203,1786709505.203990,5.588862,2,0,0.800000,104,0,0x03,single,386.890969,-22,-0.049817,172,0,No fault,,,,,,,,,
2026-08-14T14:11:45.209,1786709505.209241,5.594115,2,0,0.800000,105,0,0x03,single,386.890969,-67,-0.032234,173,0,No fault,,,,,,,,,
2026-08-14T14:11:45.214,1786709505.214490,5.599360,2,0,0.800000,106,0,0x03,single,386.890969,-112,-0.043956,173,0,No fault,,,,,,,,,
2026-08-14T14:11:45.219,1786709505.219731,5.604600,2,0,0.800000,107,0,0x03,single,386.890969,-22,-0.020513,172,0,No fault,,,,,,,,,
2026-08-14T14:11:45.224,1786709505.224972,5.609844,2,0,0.800000,108,0,0x03,single,386.890969,-156,-0.038095,173,0,No fault,,,,,,,,,
2026-08-14T14:11:45.230,1786709505.230219,5.615090,2,0,0.800000,109,0,0x03,single,386.890969,67,-0.043956,170,0,No fault,,,,,,,,,
2026-08-14T14:11:45.235,1786709505.235474,5.620352,2,0,0.800000,110,0,0x03,single,386.890969,112,-0.038095,173,0,No fault,,,,,,,,,
2026-08-14T14:11:45.240,1786709505.240746,5.625619,2,0,0.800000,111,0,0x03,single,386.890969,-112,-0.038095,173,0,No fault,,,,,,,,,
2026-08-14T14:11:45.245,1786709505.245998,5.630870,2,0,0.800000,112,0,0x03,single,386.890969,22,-0.043956,167,0,No fault,,,,,,,,,
2026-08-14T14:11:45.251,1786709505.251245,5.636117,2,0,0.800000,113,0,0x03,single,386.890969,22,-0.043956,172,0,No fault,,,,,,,,,
2026-08-14T14:11:45.256,1786709505.256517,5.641389,2,0,0.800000,114,0,0x03,single,386.890969,67,-0.026374,174,0,No fault,,,,,,,,,
2026-08-14T14:11:45.261,1786709505.261766,5.646639,2,0,0.800000,115,0,0x03,single,386.890969,22,-0.055678,170,0,No fault,,,,,,,,,
2026-08-14T14:11:45.267,1786709505.267016,5.651887,2,0,0.800000,116,0,0x03,single,386.890969,-22,-0.038095,172,0,No fault,,,,,,,,,
2026-08-14T14:11:45.272,1786709505.272264,5.657138,2,0,0.800000,117,0,0x03,single,386.890969,-112,-0.055678,173,0,No fault,,,,,,,,,
2026-08-14T14:11:45.282,1786709505.282624,5.667496,2,0,0.800000,118,0,0x03,single,386.890969,-22,-0.049817,172,0,No fault,,,,,,,,,
2026-08-14T14:11:45.287,1786709505.287877,5.672749,2,0,0.800000,119,0,0x03,single,386.890969,-22,-0.049817,172,0,No fault,,,,,,,,,
2026-08-14T14:11:45.293,1786709505.293126,5.677996,2,0,0.800000,120,0,0x03,single,386.890969,-67,-0.038095,172,0,No fault,,,,,,,,,
2026-08-14T14:11:45.298,1786709505.298372,5.683244,2,0,0.800000,121,0,0x03,single,386.890969,-22,-0.049817,169,0,No fault,,,,,,,,,
2026-08-14T14:11:45.303,1786709505.303619,5.688489,2,0,0.800000,122,0,0x03,single,386.890969,-67,-0.043956,171,0,No fault,,,,,,,,,
2026-08-14T14:11:45.308,1786709505.308854,5.693723,2,0,0.800000,123,0,0x03,single,386.890969,-22,-0.049817,172,0,No fault,,,,,,,,,
2026-08-14T14:11:45.314,1786709505.314088,5.698958,2,0,0.800000,124,0,0x03,single,386.890969,-67,-0.038095,173,0,No fault,,,,,,,,,
2026-08-14T14:11:45.319,1786709505.319335,5.704206,2,0,0.800000,125,0,0x03,single,386.890969,-156,-0.061538,171,0,No fault,,,,,,,,,
2026-08-14T14:11:45.324,1786709505.324588,5.709460,2,0,0.800000,126,0,0x03,single,386.890969,22,-0.026374,171,0,No fault,,,,,,,,,
2026-08-14T14:11:45.329,1786709505.329841,5.714709,2,0,0.800000,127,0,0x03,single,386.890969,-67,-0.043956,171,0,No fault,,,,,,,,,
2026-08-14T14:11:45.335,1786709505.335068,5.719935,2,0,0.800000,128,0,0x03,single,386.890969,-22,-0.038095,173,0,No fault,,,,,,,,,
2026-08-14T14:11:45.340,1786709505.340294,5.725165,2,0,0.800000,129,0,0x03,single,386.890969,22,-0.026374,171,0,No fault,,,,,,,,,
2026-08-14T14:11:45.345,1786709505.345529,5.730402,2,0,0.800000,130,0,0x03,single,386.890969,-112,-0.055678,172,0,No fault,,,,,,,,,
2026-08-14T14:11:45.350,1786709505.350781,5.735649,2,0,0.800000,131,0,0x03,single,386.890969,-156,-0.049817,174,0,No fault,,,,,,,,,
2026-08-14T14:11:45.356,1786709505.356008,5.740875,2,0,0.800000,132,0,0x03,single,386.890969,-67,-0.032234,172,0,No fault,,,,,,,,,
2026-08-14T14:11:45.361,1786709505.361234,5.746103,2,0,0.800000,133,0,0x03,single,386.912930,156,-0.038095,173,0,No fault,,,,,,,,,
2026-08-14T14:11:45.366,1786709505.366498,5.751366,2,0,0.800000,134,0,0x03,single,386.890969,-22,-0.032234,173,0,No fault,,,,,,,,,
2026-08-14T14:11:45.371,1786709505.371725,5.756593,2,0,0.800000,135,0,0x03,single,386.890969,22,-0.026374,173,0,No fault,,,,,,,,,
2026-08-14T14:11:45.376,1786709505.376956,5.761825,2,0,0.800000,136,0,0x03,single,386.890969,-112,-0.038095,171,0,No fault,,,,,,,,,
2026-08-14T14:11:45.382,1786709505.382186,5.767055,2,0,0.800000,137,0,0x03,single,386.890969,22,-0.049817,172,0,No fault,,,,,,,,,
2026-08-14T14:11:45.387,1786709505.387411,5.772280,2,0,0.800000,138,0,0x03,single,386.890969,-112,-0.043956,170,0,No fault,,,,,,,,,
2026-08-14T14:11:45.392,1786709505.392643,5.777511,2,0,0.800000,139,0,0x03,single,386.912930,246,-0.055678,173,0,No fault,,,,,,,,,
2026-08-14T14:11:45.397,1786709505.397871,5.782741,2,0,0.800000,140,0,0x03,single,386.890969,-67,-0.055678,171,0,No fault,,,,,,,,,
2026-08-14T14:11:45.403,1786709505.403111,5.787982,2,0,0.800000,141,0,0x03,single,386.890969,-22,-0.043956,173,0,No fault,,,,,,,,,
2026-08-14T14:11:45.408,1786709505.408357,5.793227,2,0,0.800000,142,0,0x03,single,386.890969,-67,-0.043956,173,0,No fault,,,,,,,,,
2026-08-14T14:11:45.413,1786709505.413616,5.798483,2,0,0.800000,143,0,0x03,single,386.890969,-67,-0.043956,171,0,No fault,,,,,,,,,
2026-08-14T14:11:45.418,1786709505.418844,5.803715,2,0,0.800000,144,0,0x03,single,386.890969,22,-0.043956,172,0,No fault,,,,,,,,,
2026-08-14T14:11:45.424,1786709505.424074,5.808943,2,0,0.800000,145,0,0x03,single,386.890969,-22,-0.043956,173,0,No fault,,,,,,,,,
2026-08-14T14:11:45.437,1786709505.437531,5.822418,3,-3000,5.000000,1,-3000,0x03,single,386.890969,-67,-0.055678,170,0,No fault,,,,,,,,,
2026-08-14T14:11:45.442,1786709505.442892,5.827770,3,-3000,5.000000,2,-3000,0x03,single,386.890969,-22,-0.043956,173,0,No fault,,,,,,,,,
2026-08-14T14:11:45.448,1786709505.448180,5.833054,3,-3000,5.000000,3,-3000,0x03,single,386.890969,22,-0.032234,173,0,No fault,,,,,,,,,
2026-08-14T14:11:45.453,1786709505.453444,5.838316,3,-3000,5.000000,4,-3000,0x03,single,386.781159,-1228,-2.821978,173,0,No fault,,,,,,,,,
2026-08-14T14:11:45.458,1786709505.458708,5.843583,3,-3000,5.000000,5,-3000,0x03,single,385.990533,-3640,-0.055678,172,0,No fault,,,,,,,,,
2026-08-14T14:11:45.463,1786709505.463997,5.848881,3,-3000,5.000000,6,-3000,0x03,single,385.221868,-3238,0.061538,173,0,No fault,,,,,,,,,
2026-08-14T14:11:45.469,1786709505.469314,5.854188,3,-3000,5.000000,7,-3000,0x03,single,384.519089,-2925,-0.102564,170,0,No fault,,,,,,,,,
2026-08-14T14:11:45.474,1786709505.474563,5.859435,3,-3000,5.000000,8,-3000,0x03,single,383.860233,-2702,-0.190476,174,0,No fault,,,,,,,,,
2026-08-14T14:11:45.484,1786709505.484913,5.869789,3,-3000,5.000000,9,-3000,0x03,single,383.069606,-2970,-0.108425,172,0,No fault,,,,,,,,,
2026-08-14T14:11:45.490,1786709505.490175,5.875047,3,-3000,5.000000,10,-3000,0x03,single,381.664048,-3015,-0.137729,172,0,No fault,,,,,,,,,
2026-08-14T14:11:45.495,1786709505.495427,5.880300,3,-3000,5.000000,11,-3000,0x03,single,379.753367,-2791,-0.155311,172,0,No fault,,,,,,,,,
2026-08-14T14:11:45.500,1786709505.500671,5.885543,3,-3000,5.000000,12,-3000,0x03,single,379.380015,-3149,-0.184615,172,0,No fault,,,,,,,,,
2026-08-14T14:11:45.505,1786709505.505956,5.890856,3,-3000,5.000000,13,-3000,0x03,single,379.006664,-2836,-0.213919,171,0,No fault,,,,,,,,,
2026-08-14T14:11:45.511,1786709505.511360,5.896240,3,-3000,5.000000,14,-3000,0x03,single,378.281923,-3104,-0.172894,172,0,No fault,,,,,,,,,
2026-08-14T14:11:45.516,1786709505.516667,5.901544,3,-3000,5.000000,15,-3000,0x03,single,377.579143,-3015,-0.161172,170,0,No fault,,,,,,,,,
2026-08-14T14:11:45.521,1786709505.521947,5.906823,3,-3000,5.000000,16,-3000,0x03,single,376.832440,-3104,-0.155311,173,0,No fault,,,,,,,,,
2026-08-14T14:11:45.527,1786709505.527224,5.912099,3,-3000,5.000000,17,-3000,0x03,single,376.107699,-2970,-0.184615,170,0,No fault,,,,,,,,,
2026-08-14T14:11:45.532,1786709505.532544,5.917415,3,-3000,5.000000,18,-3000,0x03,single,375.404920,-3015,-0.178755,172,0,No fault,,,,,,,,,
2026-08-14T14:11:45.537,1786709505.537970,5.922845,3,-3000,5.000000,19,-3000,0x03,single,374.680179,-3059,-0.120147,170,0,No fault,,,,,,,,,
2026-08-14T14:11:45.543,1786709505.543242,5.928118,3,-3000,5.000000,20,-3000,0x03,single,373.977400,-2881,-0.161172,173,0,No fault,,,,,,,,,
2026-08-14T14:11:45.548,1786709505.548941,5.933817,3,-3000,5.000000,21,-3000,0x03,single,373.252658,-2925,-0.167033,173,0,No fault,,,,,,,,,
2026-08-14T14:11:45.554,1786709505.554200,5.939071,3,-3000,5.000000,22,-3000,0x03,single,372.549879,-2970,-0.202198,170,0,No fault,,,,,,,,,
2026-08-14T14:11:45.559,1786709505.559445,5.944315,3,-3000,5.000000,23,-3000,0x03,single,371.803176,-3059,-0.084982,173,0,No fault,,,,,,,,,
2026-08-14T14:11:45.564,1786709505.564687,5.949557,3,-3000,5.000000,24,-3000,0x03,single,371.100397,-3059,-0.161172,172,0,No fault,,,,,,,,,
2026-08-14T14:11:45.569,1786709505.569934,5.954804,3,-3000,5.000000,25,-3000,0x03,single,370.397618,-2836,-0.178755,173,0,No fault,,,,,,,,,
2026-08-14T14:11:45.575,1786709505.575175,5.960043,3,-3000,5.000000,26,-3000,0x03,single,369.694838,-2791,-0.178755,172,0,No fault,,,,,,,,,
2026-08-14T14:11:45.580,1786709505.580415,5.965287,3,-3000,5.000000,27,-3000,0x03,single,368.970097,-2881,-0.102564,173,0,No fault,,,,,,,,,
2026-08-14T14:11:45.585,1786709505.585706,5.970578,3,-3000,5.000000,28,-3000,0x03,single,368.223394,-3193,-0.137729,174,0,No fault,,,,,,,,,
2026-08-14T14:11:45.590,1786709505.590950,5.975818,3,-3000,5.000000,29,-3000,0x03,single,367.542577,-2881,-0.178755,172,0,No fault,,,,,,,,,
2026-08-14T14:11:45.596,1786709505.596184,5.981056,3,-3000,5.000000,30,-3000,0x03,single,366.839798,-2791,-0.184615,171,0,No fault,,,,,,,,,
2026-08-14T14:11:45.601,1786709505.601431,5.986305,3,-3000,5.000000,31,-3000,0x03,single,366.093095,-3015,-0.102564,173,0,No fault,,,,,,,,,
2026-08-14T14:11:45.606,1786709505.606681,5.991549,3,-3000,5.000000,32,-3000,0x03,single,365.390315,-3015,-0.167033,173,0,No fault,,,,,,,,,
2026-08-14T14:11:45.612,1786709505.612141,5.997042,3,-3000,5.000000,33,-3000,0x03,single,363.940833,-3059,-0.137729,173,0,No fault,,,,,,,,,
2026-08-14T14:11:45.617,1786709505.617597,6.002481,3,-3000,5.000000,34,-3000,0x03,single,363.238054,-3015,-0.108425,170,0,No fault,,,,,,,,,
2026-08-14T14:11:45.622,1786709505.622909,6.007787,3,-3000,5.000000,35,-3000,0x03,single,362.513313,-3193,-0.172894,172,0,No fault,,,,,,,,,
2026-08-14T14:11:45.628,1786709505.628190,6.013070,3,-3000,5.000000,36,-3000,0x03,single,361.788572,-3015,-0.184615,170,0,No fault,,,,,,,,,
2026-08-14T14:11:45.633,1786709505.633474,6.018352,3,-3000,5.000000,37,-3000,0x03,single,361.085792,-2836,-0.178755,172,0,No fault,,,,,,,,,
2026-08-14T14:11:45.638,1786709505.638745,6.023620,3,-3000,5.000000,38,-3000,0x03,single,360.361051,-3149,-0.131868,172,0,No fault,,,,,,,,,
2026-08-14T14:11:45.644,1786709505.644005,6.028880,3,-3000,5.000000,39,-3000,0x03,single,359.658272,-2970,-0.172894,172,0,No fault,,,,,,,,,
2026-08-14T14:11:45.649,1786709505.649270,6.034145,3,-3000,5.000000,40,-3000,0x03,single,358.933531,-2925,-0.213919,171,0,No fault,,,,,,,,,
2026-08-14T14:11:45.654,1786709505.654528,6.039400,3,-3000,5.000000,41,-3000,0x03,single,358.230752,-2925,-0.208059,173,0,No fault,,,,,,,,,
2026-08-14T14:11:45.659,1786709505.659783,6.044657,3,-3000,5.000000,42,-3000,0x03,single,357.527972,-2970,-0.155311,171,0,No fault,,,,,,,,,
2026-08-14T14:11:45.665,1786709505.665060,6.049940,3,-3000,5.000000,43,-3000,0x03,single,356.781269,-3238,-0.196337,172,0,No fault,,,,,,,,,
2026-08-14T14:11:45.670,1786709505.670351,6.055227,3,-3000,5.000000,44,-3000,0x03,single,356.078490,-3015,-0.202198,171,0,No fault,,,,,,,,,
2026-08-14T14:11:45.675,1786709505.675635,6.060515,3,-3000,5.000000,45,-3000,0x03,single,355.397673,-2925,-0.249084,172,0,No fault,,,,,,,,,
2026-08-14T14:11:45.691,1786709505.691119,6.075994,3,-3000,5.000000,46,-3000,0x03,single,353.926228,-3059,-0.178755,173,0,No fault,,,,,,,,,
2026-08-14T14:11:45.696,1786709505.696379,6.081251,3,-3000,5.000000,47,-3000,0x03,single,353.223449,-3015,-0.184615,172,0,No fault,,,,,,,,,
2026-08-14T14:11:45.701,1786709505.701779,6.086651,3,-3000,5.000000,48,-3000,0x03,single,351.312768,-2881,-0.161172,175,0,No fault,,,,,,,,,
2026-08-14T14:11:45.707,1786709505.707023,6.091894,3,-3000,5.000000,49,-3000,0x03,single,350.983340,-2970,-0.202198,173,0,No fault,,,,,,,,,
2026-08-14T14:11:45.712,1786709505.712257,6.097127,3,-3000,5.000000,50,-3000,0x03,single,350.566065,-2881,-0.167033,173,0,No fault,,,,,,,,,
2026-08-14T14:11:45.717,1786709505.717717,6.102591,3,-3000,5.000000,51,-3000,0x03,single,349.160507,-3015,-0.137729,173,0,No fault,,,,,,,,,
2026-08-14T14:11:45.723,1786709505.723075,6.107946,3,-3000,5.000000,52,-3000,0x03,single,348.413804,-3327,-0.149451,172,0,No fault,,,,,,,,,
2026-08-14T14:11:45.728,1786709505.728324,6.113197,3,-3000,5.000000,53,-3000,0x03,single,347.689062,-2881,-0.161172,174,0,No fault,,,,,,,,,
2026-08-14T14:11:45.733,1786709505.733569,6.118440,3,-3000,5.000000,54,-3000,0x03,single,346.986283,-3015,-0.184615,175,0,No fault,,,,,,,,,
2026-08-14T14:11:45.738,1786709505.738809,6.123683,3,-3000,5.000000,55,-3000,0x03,single,346.261542,-3059,-0.084982,173,0,No fault,,,,,,,,,
2026-08-14T14:11:45.744,1786709505.744066,6.128939,3,-3000,5.000000,56,-3000,0x03,single,345.536801,-2881,-0.161172,172,0,No fault,,,,,,,,,
2026-08-14T14:11:45.749,1786709505.749320,6.134194,3,-3000,5.000000,57,-3000,0x03,single,344.812060,-3059,-0.149451,172,0,No fault,,,,,,,,,
2026-08-14T14:11:45.754,1786709505.754578,6.139450,3,-3000,5.000000,58,-3000,0x03,single,344.109281,-2836,-0.184615,173,0,No fault,,,,,,,,,
2026-08-14T14:11:45.759,1786709505.759829,6.144703,3,-3000,5.000000,59,-3000,0x03,single,343.406501,-2836,-0.061538,174,0,No fault,,,,,,,,,
2026-08-14T14:11:45.765,1786709505.765083,6.149962,3,-3000,5.000000,60,-3000,0x03,single,342.659798,-3149,-0.143590,172,0,No fault,,,,,,,,,
2026-08-14T14:11:45.770,1786709505.770351,6.155228,3,-3000,5.000000,61,-3000,0x03,single,341.957019,-3015,-0.167033,172,0,No fault,,,,,,,,,
2026-08-14T14:11:45.775,1786709505.775614,6.160487,3,-3000,5.000000,62,-3000,0x03,single,341.254240,-2881,-0.184615,172,0,No fault,,,,,,,,,
2026-08-14T14:11:45.780,1786709505.780864,6.165733,3,-3000,5.000000,63,-3000,0x03,single,340.529499,-2836,-0.102564,173,0,No fault,,,,,,,,,
2026-08-14T14:11:45.786,1786709505.786099,6.170968,3,-3000,5.000000,64,-3000,0x03,single,339.804758,-2836,-0.143590,172,0,No fault,,,,,,,,,
2026-08-14T14:11:45.791,1786709505.791348,6.176222,3,-3000,5.000000,65,-3000,0x03,single,339.101978,-2925,-0.213919,175,0,No fault,,,,,,,,,
2026-08-14T14:11:45.796,1786709505.796600,6.181471,3,-3000,5.000000,66,-3000,0x03,single,338.377237,-2881,-0.202198,173,0,No fault,,,,,,,,,
2026-08-14T14:11:45.801,1786709505.801841,6.186711,3,-3000,5.000000,67,-3000,0x03,single,337.674458,-2881,-0.108425,171,0,No fault,,,,,,,,,
2026-08-14T14:11:45.807,1786709505.807084,6.191957,3,-3000,5.000000,68,-3000,0x03,single,336.949717,-3193,-0.184615,173,0,No fault,,,,,,,,,
2026-08-14T14:11:45.812,1786709505.812332,6.197209,3,-3000,5.000000,69,-3000,0x03,single,336.224976,-3238,-0.213919,172,0,No fault,,,,,,,,,
2026-08-14T14:11:45.817,1786709505.817583,6.202452,3,-3000,5.000000,70,-3000,0x03,single,335.522196,-3015,-0.231502,173,0,No fault,,,,,,,,,
2026-08-14T14:11:45.822,1786709505.822818,6.207691,3,-3000,5.000000,71,-3000,0x03,single,334.819417,-3059,-0.102564,172,0,No fault,,,,,,,,,
2026-08-14T14:11:45.828,1786709505.828064,6.212937,3,-3000,5.000000,72,-3000,0x03,single,334.094676,-2925,-0.172894,172,0,No fault,,,,,,,,,
2026-08-14T14:11:45.833,1786709505.833318,6.218189,3,-3000,5.000000,73,-3000,0x03,single,333.391897,-2791,-0.172894,171,0,No fault,,,,,,,,,
2026-08-14T14:11:45.838,1786709505.838565,6.223437,3,-3000,5.000000,74,-3000,0x03,single,332.667156,-2836,-0.231502,169,0,No fault,,,,,,,,,
2026-08-14T14:11:45.843,1786709505.843815,6.228685,3,-3000,5.000000,75,-3000,0x03,single,331.942414,-2970,-0.096703,173,0,No fault,,,,,,,,,
2026-08-14T14:11:45.849,1786709505.849058,6.233931,3,-3000,5.000000,76,-3000,0x03,single,331.217673,-3015,-0.155311,169,0,No fault,,,,,,,,,
2026-08-14T14:11:45.854,1786709505.854459,6.239359,3,-3000,5.000000,77,-3000,0x03,single,330.492932,-3104,-0.155311,172,0,No fault,,,,,,,,,
2026-08-14T14:11:45.859,1786709505.859862,6.244742,3,-3000,5.000000,78,-3000,0x03,single,329.812115,-2836,-0.178755,173,0,No fault,,,,,,,,,
2026-08-14T14:11:45.865,1786709505.865480,6.250361,3,-3000,5.000000,79,-3000,0x03,single,328.362633,-2881,-0.155311,172,0,No fault,,,,,,,,,
2026-08-14T14:11:45.870,1786709505.870910,6.255786,3,-3000,5.000000,80,-3000,0x03,single,327.615930,-2791,-0.149451,173,0,No fault,,,,,,,,,
2026-08-14T14:11:45.876,1786709505.876177,6.261048,3,-3000,5.000000,81,-3000,0x03,single,326.891188,-3193,-0.178755,172,0,No fault,,,,,,,,,
2026-08-14T14:11:45.886,1786709505.886521,6.271394,3,-3000,5.000000,82,-3000,0x03,single,326.188409,-2836,-0.067399,173,0,No fault,,,,,,,,,
2026-08-14T14:11:45.891,1786709505.891758,6.276625,3,-3000,5.000000,83,-3000,0x03,single,324.738927,-2881,-0.126007,172,0,No fault,,,,,,,,,
2026-08-14T14:11:45.896,1786709505.896998,6.281873,3,-3000,5.000000,84,-3000,0x03,single,323.333368,-3193,-0.079121,173,0,No fault,,,,,,,,,
2026-08-14T14:11:45.902,1786709505.902281,6.287158,3,-3000,5.000000,85,-3000,0x03,single,322.981979,-2970,-0.102564,172,0,No fault,,,,,,,,,
2026-08-14T14:11:45.907,1786709505.907552,6.292430,3,-3000,5.000000,86,-3000,0x03,single,322.586665,-3149,-0.120147,173,0,No fault,,,,,,,,,
2026-08-14T14:11:45.912,1786709505.912814,6.297688,3,-3000,5.000000,87,-3000,0x03,single,321.861924,-3149,-0.161172,173,0,No fault,,,,,,,,,
2026-08-14T14:11:45.918,1786709505.918060,6.302932,3,-3000,5.000000,88,-3000,0x03,single,321.181107,-2657,-0.172894,172,0,No fault,,,,,,,,,
2026-08-14T14:11:45.923,1786709505.923310,6.308182,3,-3000,5.000000,89,-3000,0x03,single,320.456366,-3059,-0.120147,173,0,No fault,,,,,,,,,
2026-08-14T14:11:45.928,1786709505.928562,6.313436,3,-3000,5.000000,90,-3000,0x03,single,319.731625,-2970,-0.155311,173,0,No fault,,,,,,,,,
2026-08-14T14:11:45.933,1786709505.933820,6.318695,3,-3000,5.000000,91,-3000,0x03,single,319.006884,-3104,-0.196337,172,0,No fault,,,,,,,,,
2026-08-14T14:11:45.939,1786709505.939076,6.323947,3,-3000,5.000000,92,-3000,0x03,single,318.326066,-2836,-0.219780,172,0,No fault,,,,,,,,,
2026-08-14T14:11:45.944,1786709505.944342,6.329214,3,-3000,5.000000,93,-3000,0x03,single,317.601325,-3015,-0.126007,172,0,No fault,,,,,,,,,
2026-08-14T14:11:45.949,1786709505.949634,6.334505,3,-3000,5.000000,94,-3000,0x03,single,316.876584,-2836,-0.161172,172,0,No fault,,,,,,,,,
2026-08-14T14:11:45.954,1786709505.954888,6.339761,3,-3000,5.000000,95,-3000,0x03,single,316.173805,-2747,-0.219780,173,0,No fault,,,,,,,,,
2026-08-14T14:11:45.960,1786709505.960134,6.345007,3,-3000,5.000000,96,-3000,0x03,single,315.449064,-3149,-0.208059,172,0,No fault,,,,,,,,,
2026-08-14T14:11:45.965,1786709505.965384,6.350257,3,-3000,5.000000,97,-3000,0x03,single,314.746284,-3059,-0.096703,173,0,No fault,,,,,,,,,
2026-08-14T14:11:45.970,1786709505.970641,6.355514,3,-3000,5.000000,98,-3000,0x03,single,314.021543,-3104,-0.202198,171,0,No fault,,,,,,,,,
2026-08-14T14:11:45.975,1786709505.975893,6.360767,3,-3000,5.000000,99,-3000,0x03,single,313.296802,-3059,-0.190476,173,0,No fault,,,,,,,,,
2026-08-14T14:11:45.981,1786709505.981158,6.366032,3,-3000,5.000000,100,-3000,0x03,single,312.615985,-2881,-0.243223,171,0,No fault,,,,,,,,,
2026-08-14T14:11:45.986,1786709505.986406,6.371277,3,-3000,5.000000,101,-3000,0x03,single,311.891243,-3015,-0.114286,172,0,No fault,,,,,,,,,
2026-08-14T14:11:45.991,1786709505.991645,6.376518,3,-3000,5.000000,102,-3000,0x03,single,311.166502,-2881,-0.172894,173,0,No fault,,,,,,,,,
2026-08-14T14:11:45.996,1786709505.996890,6.381759,3,-3000,5.000000,103,-3000,0x03,single,310.441761,-2881,-0.167033,173,0,No fault,,,,,,,,,
2026-08-14T14:11:46.002,1786709506.002129,6.387002,3,-3000,5.000000,104,-3000,0x03,single,309.738982,-2836,-0.184615,172,0,No fault,,,,,,,,,
2026-08-14T14:11:46.007,1786709506.007378,6.392250,3,-3000,5.000000,105,-3000,0x03,single,309.014241,-2925,-0.102564,172,0,No fault,,,,,,,,,
2026-08-14T14:11:46.012,1786709506.012957,6.397839,3,-3000,5.000000,106,-3000,0x03,single,307.564759,-3059,-0.161172,172,0,No fault,,,,,,,,,
2026-08-14T14:11:46.018,1786709506.018342,6.403215,3,-3000,5.000000,107,-3000,0x03,single,306.861979,-3059,-0.184615,171,0,No fault,,,,,,,,,
2026-08-14T14:11:46.023,1786709506.023613,6.408494,3,-3000,5.000000,108,-3000,0x03,single,306.159200,-2836,-0.114286,170,0,No fault,,,,,,,,,
2026-08-14T14:11:46.028,1786709506.028906,6.413783,3,-3000,5.000000,109,-3000,0x03,single,305.412497,-3149,-0.161172,171,0,No fault,,,,,,,,,
2026-08-14T14:11:46.034,1786709506.034194,6.419073,3,-3000,5.000000,110,-3000,0x03,single,304.709718,-2925,-0.131868,173,0,No fault,,,,,,,,,
2026-08-14T14:11:46.039,1786709506.039482,6.424362,3,-3000,5.000000,111,-3000,0x03,single,303.984977,-2836,-0.149451,170,0,No fault,,,,,,,,,
2026-08-14T14:11:46.044,1786709506.044780,6.429657,3,-3000,5.000000,112,-3000,0x03,single,303.260236,-2970,-0.102564,173,0,No fault,,,,,,,,,
2026-08-14T14:11:46.050,1786709506.050040,6.434916,3,-3000,5.000000,113,-3000,0x03,single,302.557456,-2791,-0.167033,176,0,No fault,,,,,,,,,
2026-08-14T14:11:46.055,1786709506.055306,6.440180,3,-3000,5.000000,114,-3000,0x03,single,301.832715,-2970,-0.167033,172,0,No fault,,,,,,,,,
2026-08-14T14:11:46.060,1786709506.060555,6.445430,3,-3000,5.000000,115,-3000,0x03,single,301.107974,-3059,-0.190476,172,0,No fault,,,,,,,,,
2026-08-14T14:11:46.067,1786709506.067731,6.452608,3,-3000,5.000000,116,-3000,0x03,single,300.405195,-2881,-0.126007,172,0,No fault,,,,,,,,,
2026-08-14T14:11:46.073,1786709506.073000,6.457875,3,-3000,5.000000,117,-3000,0x03,single,299.680454,-3238,-0.161172,172,0,No fault,,,,,,,,,
2026-08-14T14:11:46.078,1786709506.078257,6.463131,3,-3000,5.000000,118,-3000,0x03,single,298.977674,-3149,-0.213919,170,0,No fault,,,,,,,,,
2026-08-14T14:11:46.083,1786709506.083525,6.468403,3,-3000,5.000000,119,-3000,0x03,single,298.274895,-2970,-0.202198,172,0,No fault,,,,,,,,,
2026-08-14T14:11:46.093,1786709506.093896,6.478770,3,-3000,5.000000,120,-3000,0x03,single,297.550154,-2970,-0.131868,173,0,No fault,,,,,,,,,
2026-08-14T14:11:46.099,1786709506.099151,6.484024,3,-3000,5.000000,121,-3000,0x03,single,296.122634,-3015,-0.184615,172,0,No fault,,,,,,,,,
2026-08-14T14:11:46.104,1786709506.104407,6.489280,3,-3000,5.000000,122,-3000,0x03,single,294.168029,-2881,-0.161172,171,0,No fault,,,,,,,,,
2026-08-14T14:11:46.109,1786709506.109701,6.494573,3,-3000,5.000000,123,-3000,0x03,single,293.794677,-3059,-0.167033,173,0,No fault,,,,,,,,,
2026-08-14T14:11:46.114,1786709506.114941,6.499815,3,-3000,5.000000,124,-3000,0x03,single,293.421326,-3059,-0.196337,172,0,No fault,,,,,,,,,
2026-08-14T14:11:46.120,1786709506.120185,6.505057,3,-3000,5.000000,125,-3000,0x03,single,292.718547,-2836,-0.196337,174,0,No fault,,,,,,,,,
2026-08-14T14:11:46.125,1786709506.125434,6.510307,3,-3000,5.000000,126,-3000,0x03,single,292.015767,-2747,-0.108425,176,0,No fault,,,,,,,,,
2026-08-14T14:11:46.130,1786709506.130687,6.515560,3,-3000,5.000000,127,-3000,0x03,single,291.291026,-2747,-0.137729,172,0,No fault,,,,,,,,,
2026-08-14T14:11:46.135,1786709506.135939,6.520810,3,-3000,5.000000,128,-3000,0x03,single,290.588247,-2791,-0.208059,174,0,No fault,,,,,,,,,
2026-08-14T14:11:46.141,1786709506.141194,6.526068,3,-3000,5.000000,129,-3000,0x03,single,289.863506,-2836,-0.149451,170,0,No fault,,,,,,,,,
2026-08-14T14:11:46.146,1786709506.146456,6.531328,3,-3000,5.000000,130,-3000,0x03,single,289.160726,-3015,-0.161172,170,0,No fault,,,,,,,,,
2026-08-14T14:11:46.151,1786709506.151712,6.536586,3,-3000,5.000000,131,-3000,0x03,single,288.435985,-3015,-0.137729,172,0,No fault,,,,,,,,,
2026-08-14T14:11:46.156,1786709506.156976,6.541849,3,-3000,5.000000,132,-3000,0x03,single,287.711244,-2970,-0.167033,172,0,No fault,,,,,,,,,
2026-08-14T14:11:46.162,1786709506.162236,6.547109,3,-3000,5.000000,133,-3000,0x03,single,287.008465,-2925,-0.178755,172,0,No fault,,,,,,,,,
2026-08-14T14:11:46.167,1786709506.167493,6.552366,3,-3000,5.000000,134,-3000,0x03,single,286.283724,-2836,-0.090842,172,0,No fault,,,,,,,,,
2026-08-14T14:11:46.172,1786709506.172868,6.557741,3,-3000,5.000000,135,-3000,0x03,single,285.558983,-2836,-0.131868,171,0,No fault,,,,,,,,,
2026-08-14T14:11:46.178,1786709506.178124,6.563003,3,-3000,5.000000,136,-3000,0x03,single,284.834242,-2970,-0.126007,172,0,No fault,,,,,,,,,
2026-08-14T14:11:46.183,1786709506.183391,6.568264,3,-3000,5.000000,137,-3000,0x03,single,284.131462,-3015,-0.196337,173,0,No fault,,,,,,,,,
2026-08-14T14:11:46.188,1786709506.188629,6.573502,3,-3000,5.000000,138,-3000,0x03,single,283.428683,-3015,-0.090842,172,0,No fault,,,,,,,,,
2026-08-14T14:11:46.193,1786709506.193877,6.578747,3,-3000,5.000000,139,-3000,0x03,single,282.703942,-2970,-0.131868,171,0,No fault,,,,,,,,,
2026-08-14T14:11:46.199,1786709506.199116,6.583989,3,-3000,5.000000,140,-3000,0x03,single,281.957239,-3059,-0.143590,172,0,No fault,,,,,,,,,
2026-08-14T14:11:46.204,1786709506.204367,6.589240,3,-3000,5.000000,141,-3000,0x03,single,281.232498,-3193,-0.178755,176,0,No fault,,,,,,,,,
2026-08-14T14:11:46.209,1786709506.209632,6.594503,3,-3000,5.000000,142,-3000,0x03,single,280.551680,-2881,-0.114286,172,0,No fault,,,,,,,,,
2026-08-14T14:11:46.214,1786709506.214880,6.599753,3,-3000,5.000000,143,-3000,0x03,single,279.826939,-2747,-0.126007,173,0,No fault,,,,,,,,,
2026-08-14T14:11:46.220,1786709506.220147,6.605022,3,-3000,5.000000,144,-3000,0x03,single,279.124160,-2747,-0.208059,172,0,No fault,,,,,,,,,
2026-08-14T14:11:46.225,1786709506.225570,6.610444,3,-3000,5.000000,145,-3000,0x03,single,277.674678,-2970,-0.114286,172,0,No fault,,,,,,,,,
2026-08-14T14:11:46.230,1786709506.230824,6.615694,3,-3000,5.000000,146,-3000,0x03,single,276.949937,-3238,-0.167033,173,0,No fault,,,,,,,,,
2026-08-14T14:11:46.236,1786709506.236199,6.621083,3,-3000,5.000000,147,-3000,0x03,single,276.225196,-3104,-0.225641,171,0,No fault,,,,,,,,,
2026-08-14T14:11:46.241,1786709506.241524,6.626400,3,-3000,5.000000,148,-3000,0x03,single,275.522416,-3015,-0.196337,172,0,No fault,,,,,,,,,
2026-08-14T14:11:46.246,1786709506.246816,6.631690,3,-3000,5.000000,149,-3000,0x03,single,274.797675,-2970,-0.090842,173,0,No fault,,,,,,,,,
2026-08-14T14:11:46.252,1786709506.252075,6.636947,3,-3000,5.000000,150,-3000,0x03,single,274.094896,-3104,-0.167033,173,0,No fault,,,,,,,,,
2026-08-14T14:11:46.257,1786709506.257340,6.642216,3,-3000,5.000000,151,-3000,0x03,single,273.370155,-3015,-0.184615,173,0,No fault,,,,,,,,,
2026-08-14T14:11:46.262,1786709506.262604,6.647475,3,-3000,5.000000,152,-3000,0x03,single,272.667376,-3104,-0.196337,172,0,No fault,,,,,,,,,
2026-08-14T14:11:46.267,1786709506.267861,6.652735,3,-3000,5.000000,153,-3000,0x03,single,271.964596,-2881,-0.108425,172,0,No fault,,,,,,,,,
2026-08-14T14:11:46.273,1786709506.273114,6.657988,3,-3000,5.000000,154,-3000,0x03,single,271.217893,-3149,-0.137729,172,0,No fault,,,,,,,,,
2026-08-14T14:11:46.278,1786709506.278372,6.663242,3,-3000,5.000000,155,-3000,0x03,single,270.515114,-2925,-0.167033,172,0,No fault,,,,,,,,,
2026-08-14T14:11:46.283,1786709506.283628,6.668503,3,-3000,5.000000,156,-3000,0x03,single,269.790373,-3193,-0.167033,172,0,No fault,,,,,,,,,
2026-08-14T14:11:46.299,1786709506.299103,6.683978,3,-3000,5.000000,157,-3000,0x03,single,268.340891,-3283,-0.131868,172,0,No fault,,,,,,,,,
2026-08-14T14:11:46.304,1786709506.304366,6.689238,3,-3000,5.000000,158,-3000,0x03,single,267.616150,-3015,-0.167033,172,0,No fault,,,,,,,,,
2026-08-14T14:11:46.309,1786709506.309665,6.694539,3,-3000,5.000000,159,-3000,0x03,single,265.771354,-2925,-0.114286,172,0,No fault,,,,,,,,,
2026-08-14T14:11:46.314,1786709506.314932,6.699805,3,-3000,5.000000,160,-3000,0x03,single,265.419964,-2881,-0.131868,172,0,No fault,,,,,,,,,
2026-08-14T14:11:46.320,1786709506.320189,6.705059,3,-3000,5.000000,161,-3000,0x03,single,265.002689,-3059,-0.143590,172,0,No fault,,,,,,,,,
2026-08-14T14:11:46.325,1786709506.325639,6.710508,3,-3000,5.000000,162,-3000,0x03,single,263.597131,-2791,-0.096703,172,0,No fault,,,,,,,,,
2026-08-14T14:11:46.330,1786709506.330882,6.715755,3,-3000,5.000000,163,-3000,0x03,single,262.872389,-2970,-0.114286,171,0,No fault,,,,,,,,,
2026-08-14T14:11:46.336,1786709506.336213,6.721087,3,-3000,5.000000,164,-3000,0x03,single,262.125686,-2970,-0.155311,175,0,No fault,,,,,,,,,
2026-08-14T14:11:46.341,1786709506.341463,6.726332,3,-3000,5.000000,165,-3000,0x03,single,261.400945,-3104,-0.167033,172,0,No fault,,,,,,,,,
2026-08-14T14:11:46.346,1786709506.346701,6.731573,3,-3000,5.000000,166,-3000,0x03,single,260.698166,-3059,-0.126007,172,0,No fault,,,,,,,,,
2026-08-14T14:11:46.351,1786709506.351951,6.736819,3,-3000,5.000000,167,-3000,0x03,single,259.995387,-3059,-0.149451,172,0,No fault,,,,,,,,,
2026-08-14T14:11:46.357,1786709506.357187,6.742057,3,-3000,5.000000,168,-3000,0x03,single,259.270646,-2925,-0.202198,172,0,No fault,,,,,,,,,
2026-08-14T14:11:46.362,1786709506.362434,6.747306,3,-3000,5.000000,169,-3000,0x03,single,258.567866,-2791,-0.208059,172,0,No fault,,,,,,,,,
2026-08-14T14:11:46.367,1786709506.367690,6.752562,3,-3000,5.000000,170,-3000,0x03,single,257.843125,-3193,-0.149451,173,0,No fault,,,,,,,,,
2026-08-14T14:11:46.372,1786709506.372942,6.757815,3,-3000,5.000000,171,-3000,0x03,single,257.118384,-3193,-0.161172,174,0,No fault,,,,,,,,,
2026-08-14T14:11:46.378,1786709506.378192,6.763062,3,-3000,5.000000,172,-3000,0x03,single,256.393643,-3149,-0.208059,172,0,No fault,,,,,,,,,
2026-08-14T14:11:46.383,1786709506.383444,6.768317,3,-3000,5.000000,173,-3000,0x03,single,255.712826,-3015,-0.231502,172,0,No fault,,,,,,,,,
2026-08-14T14:11:46.388,1786709506.388691,6.773562,3,-3000,5.000000,174,-3000,0x03,single,255.010046,-2747,-0.143590,170,0,No fault,,,,,,,,,
2026-08-14T14:11:46.393,1786709506.393941,6.778817,3,-3000,5.000000,175,-3000,0x03,single,254.285305,-2881,-0.143590,171,0,No fault,,,,,,,,,
2026-08-14T14:11:46.399,1786709506.399204,6.784078,3,-3000,5.000000,176,-3000,0x03,single,253.560564,-3149,-0.237363,172,0,No fault,,,,,,,,,
2026-08-14T14:11:46.404,1786709506.404464,6.789360,3,-3000,5.000000,177,-3000,0x03,single,252.857785,-2970,-0.184615,172,0,No fault,,,,,,,,,
2026-08-14T14:11:46.409,1786709506.409735,6.794607,3,-3000,5.000000,178,-3000,0x03,single,252.133044,-3059,-0.143590,173,0,No fault,,,,,,,,,
2026-08-14T14:11:46.414,1786709506.414981,6.799854,3,-3000,5.000000,179,-3000,0x03,single,251.430264,-3059,-0.108425,172,0,No fault,,,,,,,,,
2026-08-14T14:11:46.420,1786709506.420230,6.805100,3,-3000,5.000000,180,-3000,0x03,single,250.705523,-3015,-0.213919,173,0,No fault,,,,,,,,,
2026-08-14T14:11:46.425,1786709506.425473,6.810342,3,-3000,5.000000,181,-3000,0x03,single,250.002744,-2613,-0.184615,172,0,No fault,,,,,,,,,
2026-08-14T14:11:46.430,1786709506.430710,6.815578,3,-3000,5.000000,182,-3000,0x03,single,249.278003,-3104,-0.137729,175,0,No fault,,,,,,,,,
2026-08-14T14:11:46.435,1786709506.435952,6.820829,3,-3000,5.000000,183,-3000,0x03,single,248.553262,-3149,-0.102564,169,0,No fault,,,,,,,,,
2026-08-14T14:11:46.441,1786709506.441212,6.826085,3,-3000,5.000000,184,-3000,0x03,single,247.850483,-2925,-0.167033,172,0,No fault,,,,,,,,,
2026-08-14T14:11:46.446,1786709506.446454,6.831323,3,-3000,5.000000,185,-3000,0x03,single,247.147703,-2925,-0.167033,172,0,No fault,,,,,,,,,
2026-08-14T14:11:46.451,1786709506.451688,6.836560,3,-3000,5.000000,186,-3000,0x03,single,246.422962,-3059,-0.131868,172,0,No fault,,,,,,,,,
2026-08-14T14:11:46.456,1786709506.456939,6.841808,3,-3000,5.000000,187,-3000,0x03,single,245.698221,-3015,-0.137729,173,0,No fault,,,,,,,,,
2026-08-14T14:11:46.462,1786709506.462176,6.847047,3,-3000,5.000000,188,-3000,0x03,single,244.995442,-2791,-0.172894,173,0,No fault,,,,,,,,,
2026-08-14T14:11:46.467,1786709506.467426,6.852299,3,-3000,5.000000,189,-3000,0x03,single,244.270701,-2970,-0.137729,172,0,No fault,,,,,,,,,
2026-08-14T14:11:46.472,1786709506.472681,6.857553,3,-3000,5.000000,190,-3000,0x03,single,243.567921,-2970,-0.102564,173,0,No fault,,,,,,,,,
2026-08-14T14:11:46.477,1786709506.477933,6.862803,3,-3000,5.000000,191,-3000,0x03,single,242.843180,-2925,-0.137729,172,0,No fault,,,,,,,,,
2026-08-14T14:11:46.483,1786709506.483341,6.868220,3,-3000,5.000000,192,-3000,0x03,single,241.415660,-2836,-0.167033,172,0,No fault,,,,,,,,,
2026-08-14T14:11:46.498,1786709506.498957,6.883835,3,-3000,5.000000,193,-3000,0x03,single,240.712881,-2836,-0.126007,172,0,No fault,,,,,,,,,
2026-08-14T14:11:46.504,1786709506.504226,6.889100,3,-3000,5.000000,194,-3000,0x03,single,239.219475,-3283,-0.202198,173,0,No fault,,,,,,,,,
2026-08-14T14:11:46.509,1786709506.509491,6.894373,3,-3000,5.000000,195,-3000,0x03,single,237.308794,-3059,-0.131868,171,0,No fault,,,,,,,,,
2026-08-14T14:11:46.514,1786709506.514807,6.899689,3,-3000,5.000000,196,-3000,0x03,single,236.957404,-3283,-0.190476,173,0,No fault,,,,,,,,,
2026-08-14T14:11:46.520,1786709506.520126,6.905002,3,-3000,5.000000,197,-3000,0x03,single,236.562091,-3193,-0.178755,172,0,No fault,,,,,,,,,
2026-08-14T14:11:46.525,1786709506.525470,6.910373,3,-3000,5.000000,198,-3000,0x03,single,235.859311,-2970,-0.225641,178,0,No fault,,,,,,,,,
2026-08-14T14:11:46.530,1786709506.530943,6.915845,3,-3000,5.000000,199,-3000,0x03,single,235.156532,-2925,-0.126007,173,0,No fault,,,,,,,,,
2026-08-14T14:11:46.536,1786709506.536343,6.921231,3,-3000,5.000000,200,-3000,0x03,single,234.431791,-3059,-0.190476,172,0,No fault,,,,,,,,,
2026-08-14T14:11:46.541,1786709506.541668,6.926539,3,-3000,5.000000,201,-3000,0x03,single,233.729012,-2791,-0.208059,174,0,No fault,,,,,,,,,
2026-08-14T14:11:46.546,1786709506.546936,6.931850,3,-3000,5.000000,202,-3000,0x03,single,233.004271,-3059,-0.184615,173,0,No fault,,,,,,,,,
2026-08-14T14:11:46.552,1786709506.552322,6.937214,3,-3000,5.000000,203,-3000,0x03,single,232.301491,-3104,-0.149451,172,0,No fault,,,,,,,,,
2026-08-14T14:11:46.558,1786709506.558048,6.943017,3,-3000,5.000000,204,-3000,0x03,single,231.576750,-3104,-0.137729,173,0,No fault,,,,,,,,,
2026-08-14T14:11:46.563,1786709506.563867,6.948781,3,-3000,5.000000,205,-3000,0x03,single,230.127268,-3149,-0.196337,171,0,No fault,,,,,,,,,
2026-08-14T14:11:46.574,1786709506.574619,6.959558,3,-3000,5.000000,206,-3000,0x03,single,228.699747,-2747,-0.126007,171,0,No fault,,,,,,,,,
2026-08-14T14:11:46.581,1786709506.581426,6.966361,3,-3000,5.000000,207,-3000,0x03,single,227.953045,-2836,-0.155311,172,0,No fault,,,,,,,,,
2026-08-14T14:11:46.586,1786709506.586852,6.971732,3,-3000,5.000000,208,-3000,0x03,single,227.250265,-2970,-0.190476,172,0,No fault,,,,,,,,,
2026-08-14T14:11:46.592,1786709506.592101,6.976971,3,-3000,5.000000,209,-3000,0x03,single,226.503562,-3104,-0.108425,173,0,No fault,,,,,,,,,
2026-08-14T14:11:46.597,1786709506.597319,6.982189,3,-3000,5.000000,210,-3000,0x03,single,225.778821,-3015,-0.120147,175,0,No fault,,,,,,,,,
2026-08-14T14:11:46.602,1786709506.602538,6.987406,3,-3000,5.000000,211,-3000,0x03,single,225.054080,-2881,-0.149451,170,0,No fault,,,,,,,,,
2026-08-14T14:11:46.607,1786709506.607743,6.992609,3,-3000,5.000000,212,-3000,0x03,single,224.351301,-2881,-0.167033,173,0,No fault,,,,,,,,,
2026-08-14T14:11:46.612,1786709506.612941,6.997807,3,-3000,5.000000,213,-3000,0x03,single,223.626560,-3193,-0.126007,172,0,No fault,,,,,,,,,
2026-08-14T14:11:46.618,1786709506.618137,7.003002,3,-3000,5.000000,214,-3000,0x03,single,222.901819,-2925,-0.120147,172,0,No fault,,,,,,,,,
2026-08-14T14:11:46.623,1786709506.623331,7.008199,3,-3000,5.000000,215,-3000,0x03,single,222.177077,-2836,-0.155311,171,0,No fault,,,,,,,,,
2026-08-14T14:11:46.628,1786709506.628533,7.013403,3,-3000,5.000000,216,-3000,0x03,single,221.474298,-2970,-0.196337,172,0,No fault,,,,,,,,,
2026-08-14T14:11:46.633,1786709506.633742,7.018607,3,-3000,5.000000,217,-3000,0x03,single,220.749557,-3104,-0.155311,172,0,No fault,,,,,,,,,
2026-08-14T14:11:46.638,1786709506.638969,7.023849,3,-3000,5.000000,218,-3000,0x03,single,220.024816,-2881,-0.126007,172,0,No fault,,,,,,,,,
2026-08-14T14:11:46.644,1786709506.644225,7.029092,3,-3000,5.000000,219,-3000,0x03,single,219.300075,-3015,-0.213919,173,0,No fault,,,,,,,,,
2026-08-14T14:11:46.649,1786709506.649426,7.034292,3,-3000,5.000000,220,-3000,0x03,single,218.597295,-2970,-0.208059,173,0,No fault,,,,,,,,,
2026-08-14T14:11:46.654,1786709506.654625,7.039493,3,-3000,5.000000,221,-3000,0x03,single,217.894516,-2791,-0.149451,172,0,No fault,,,,,,,,,
2026-08-14T14:11:46.659,1786709506.659901,7.044767,3,-3000,5.000000,222,-3000,0x03,single,217.147813,-3104,-0.149451,172,0,No fault,,,,,,,,,
2026-08-14T14:11:46.665,1786709506.665098,7.049963,3,-3000,5.000000,223,-3000,0x03,single,216.445034,-2836,-0.184615,173,0,No fault,,,,,,,,,
2026-08-14T14:11:46.670,1786709506.670290,7.055156,3,-3000,5.000000,224,-3000,0x03,single,215.742255,-2657,-0.213919,172,0,No fault,,,,,,,,,
2026-08-14T14:11:46.675,1786709506.675481,7.060346,3,-3000,5.000000,225,-3000,0x03,single,215.017514,-3015,-0.131868,172,0,No fault,,,,,,,,,
2026-08-14T14:11:46.680,1786709506.680669,7.065534,3,-3000,5.000000,226,-3000,0x03,single,214.292772,-2970,-0.161172,172,0,No fault,,,,,,,,,
2026-08-14T14:11:46.685,1786709506.685859,7.070724,3,-3000,5.000000,227,-3000,0x03,single,213.568031,-3149,-0.178755,172,0,No fault,,,,,,,,,
2026-08-14T14:11:46.691,1786709506.691045,7.075910,3,-3000,5.000000,228,-3000,0x03,single,212.865252,-3015,-0.190476,172,0,No fault,,,,,,,,,
2026-08-14T14:11:46.701,1786709506.701326,7.086209,3,-3000,5.000000,229,-3000,0x03,single,212.140511,-3104,-0.131868,176,0,No fault,,,,,,,,,
2026-08-14T14:11:46.706,1786709506.706583,7.091456,3,-3000,5.000000,230,-3000,0x03,single,210.691029,-3104,-0.178755,174,0,No fault,,,,,,,,,
2026-08-14T14:11:46.711,1786709506.711807,7.096676,3,-3000,5.000000,231,-3000,0x03,single,208.802309,-2970,-0.120147,173,0,No fault,,,,,,,,,
2026-08-14T14:11:46.717,1786709506.717012,7.101878,3,-3000,5.000000,232,-3000,0x03,single,208.450920,-3104,-0.137729,172,0,No fault,,,,,,,,,
2026-08-14T14:11:46.722,1786709506.722213,7.107081,3,-3000,5.000000,233,-3000,0x03,single,208.055606,-3104,-0.131868,173,0,No fault,,,,,,,,,
2026-08-14T14:11:46.727,1786709506.727410,7.112276,3,-3000,5.000000,234,-3000,0x03,single,207.330865,-3149,-0.178755,173,0,No fault,,,,,,,,,
2026-08-14T14:11:46.732,1786709506.732600,7.117465,3,-3000,5.000000,235,-3000,0x03,single,206.628086,-2836,-0.120147,172,0,No fault,,,,,,,,,
2026-08-14T14:11:46.737,1786709506.737789,7.122654,3,-3000,5.000000,236,-3000,0x03,single,205.903345,-2925,-0.102564,173,0,No fault,,,,,,,,,
2026-08-14T14:11:46.742,1786709506.742978,7.127843,3,-3000,5.000000,237,-3000,0x03,single,205.178604,-2970,-0.131868,172,0,No fault,,,,,,,,,
2026-08-14T14:11:46.748,1786709506.748167,7.133033,3,-3000,5.000000,238,-3000,0x03,single,204.475825,-2881,-0.167033,171,0,No fault,,,,,,,,,
2026-08-14T14:11:46.753,1786709506.753352,7.138219,3,-3000,5.000000,239,-3000,0x03,single,203.751083,-3238,-0.131868,171,0,No fault,,,,,,,,,
2026-08-14T14:11:46.758,1786709506.758548,7.143414,3,-3000,5.000000,240,-3000,0x03,single,203.026342,-2970,-0.102564,175,0,No fault,,,,,,,,,
2026-08-14T14:11:46.763,1786709506.763738,7.148603,3,-3000,5.000000,241,-3000,0x03,single,202.301601,-3238,-0.172894,172,0,No fault,,,,,,,,,
2026-08-14T14:11:46.768,1786709506.768927,7.153792,3,-3000,5.000000,242,-3000,0x03,single,201.620784,-2747,-0.190476,172,0,No fault,,,,,,,,,
2026-08-14T14:11:46.774,1786709506.774116,7.158981,3,-3000,5.000000,243,-3000,0x03,single,200.896043,-2970,-0.131868,172,0,No fault,,,,,,,,,
2026-08-14T14:11:46.779,1786709506.779301,7.164166,3,-3000,5.000000,244,-3000,0x03,single,200.171302,-2970,-0.102564,172,0,No fault,,,,,,,,,
2026-08-14T14:11:46.784,1786709506.784589,7.169496,3,-3000,5.000000,245,-3000,0x03,single,199.468522,-3015,-0.208059,172,0,No fault,,,,,,,,,
2026-08-14T14:11:46.789,1786709506.789999,7.174888,3,-3000,5.000000,246,-3000,0x03,single,198.743781,-2970,-0.178755,173,0,No fault,,,,,,,,,
2026-08-14T14:11:46.795,1786709506.795296,7.180165,3,-3000,5.000000,247,-3000,0x03,single,198.041002,-2970,-0.149451,173,0,No fault,,,,,,,,,
2026-08-14T14:11:46.800,1786709506.800508,7.185374,3,-3000,5.000000,248,-3000,0x03,single,197.338223,-2925,-0.190476,173,0,No fault,,,,,,,,,
2026-08-14T14:11:46.805,1786709506.805707,7.190573,3,-3000,5.000000,249,-3000,0x03,single,196.591520,-2791,-0.167033,173,0,No fault,,,,,,,,,
2026-08-14T14:11:46.810,1786709506.810971,7.195839,3,-3000,5.000000,250,-3000,0x03,single,195.888740,-2836,-0.225641,172,0,No fault,,,,,,,,,
2026-08-14T14:11:46.816,1786709506.816170,7.201036,3,-3000,5.000000,251,-3000,0x03,single,195.185961,-3059,-0.167033,173,0,No fault,,,,,,,,,
2026-08-14T14:11:46.821,1786709506.821367,7.206233,3,-3000,5.000000,252,-3000,0x03,single,194.439258,-3372,-0.126007,173,0,No fault,,,,,,,,,
2026-08-14T14:11:46.826,1786709506.826558,7.211423,3,-3000,5.000000,253,-3000,0x03,single,193.736479,-3059,-0.190476,171,0,No fault,,,,,,,,,
2026-08-14T14:11:46.831,1786709506.831743,7.216609,3,-3000,5.000000,254,-3000,0x03,single,193.033700,-2747,-0.208059,173,0,No fault,,,,,,,,,
2026-08-14T14:11:46.836,1786709506.836933,7.221799,3,-3000,5.000000,255,-3000,0x03,single,192.308958,-3059,-0.161172,172,0,No fault,,,,,,,,,
2026-08-14T14:11:46.842,1786709506.842122,7.226987,3,-3000,5.000000,256,-3000,0x03,single,191.584217,-3193,-0.096703,172,0,No fault,,,,,,,,,
2026-08-14T14:11:46.847,1786709506.847318,7.232182,3,-3000,5.000000,257,-3000,0x03,single,190.859476,-3104,-0.225641,169,0,No fault,,,,,,,,,
2026-08-14T14:11:46.852,1786709506.852504,7.237368,3,-3000,5.000000,258,-3000,0x03,single,190.156697,-3059,-0.167033,172,0,No fault,,,,,,,,,
2026-08-14T14:11:46.857,1786709506.857694,7.242559,3,-3000,5.000000,259,-3000,0x03,single,189.453918,-2881,-0.161172,172,0,No fault,,,,,,,,,
2026-08-14T14:11:46.862,1786709506.862887,7.247754,3,-3000,5.000000,260,-3000,0x03,single,188.729177,-2925,-0.137729,172,0,No fault,,,,,,,,,
2026-08-14T14:11:46.868,1786709506.868182,7.253048,3,-3000,5.000000,261,-3000,0x03,single,187.982474,-2925,-0.167033,172,0,No fault,,,,,,,,,
2026-08-14T14:11:46.873,1786709506.873483,7.258350,3,-3000,5.000000,262,-3000,0x03,single,186.576915,-2881,-0.120147,172,0,No fault,,,,,,,,,
2026-08-14T14:11:46.878,1786709506.878808,7.263673,3,-3000,5.000000,263,-3000,0x03,single,185.830212,-3149,-0.131868,172,0,No fault,,,,,,,,,
2026-08-14T14:11:46.884,1786709506.884000,7.268865,3,-3000,5.000000,264,-3000,0x03,single,185.127433,-3015,-0.178755,172,0,No fault,,,,,,,,,
2026-08-14T14:11:46.889,1786709506.889189,7.274055,3,-3000,5.000000,265,-3000,0x03,single,184.402692,-2881,-0.161172,172,0,No fault,,,,,,,,,
2026-08-14T14:11:46.904,1786709506.904877,7.289751,3,-3000,5.000000,266,-3000,0x03,single,182.953209,-2881,-0.143590,171,0,No fault,,,,,,,,,
2026-08-14T14:11:46.910,1786709506.910103,7.294974,3,-3000,5.000000,267,-3000,0x03,single,182.228468,-3149,-0.155311,172,0,No fault,,,,,,,,,
2026-08-14T14:11:46.915,1786709506.915415,7.300304,3,-3000,5.000000,268,-3000,0x03,single,180.427596,-2881,-0.108425,172,0,No fault,,,,,,,,,
2026-08-14T14:11:46.920,1786709506.920770,7.305661,3,-3000,5.000000,269,-3000,0x03,single,180.076207,-2970,-0.137729,170,0,No fault,,,,,,,,,
2026-08-14T14:11:46.926,1786709506.926124,7.311009,3,-3000,5.000000,270,-3000,0x03,single,179.680893,-3059,-0.149451,172,0,No fault,,,,,,,,,
2026-08-14T14:11:46.931,1786709506.931416,7.316300,3,-3000,5.000000,271,-3000,0x03,single,178.956152,-3149,-0.219780,173,0,No fault,,,,,,,,,
2026-08-14T14:11:46.936,1786709506.936684,7.321560,3,-3000,5.000000,272,-3000,0x03,single,178.253373,-3149,-0.213919,172,0,No fault,,,,,,,,,
2026-08-14T14:11:46.941,1786709506.941917,7.326787,3,-3000,5.000000,273,-3000,0x03,single,177.528632,-3059,-0.149451,173,0,No fault,,,,,,,,,
2026-08-14T14:11:46.947,1786709506.947131,7.331998,3,-3000,5.000000,274,-3000,0x03,single,176.803891,-2925,-0.155311,173,0,No fault,,,,,,,,,
2026-08-14T14:11:46.952,1786709506.952337,7.337206,3,-3000,5.000000,275,-3000,0x03,single,176.101112,-3104,-0.172894,171,0,No fault,,,,,,,,,
2026-08-14T14:11:46.957,1786709506.957544,7.342412,3,-3000,5.000000,276,-3000,0x03,single,175.376370,-3104,-0.178755,173,0,No fault,,,,,,,,,
2026-08-14T14:11:46.962,1786709506.962747,7.347614,3,-3000,5.000000,277,-3000,0x03,single,174.673591,-3015,-0.108425,172,0,No fault,,,,,,,,,
2026-08-14T14:11:46.968,1786709506.968033,7.352901,3,-3000,5.000000,278,-3000,0x03,single,173.948850,-2970,-0.178755,172,0,No fault,,,,,,,,,
2026-08-14T14:11:46.973,1786709506.973321,7.358189,3,-3000,5.000000,279,-3000,0x03,single,172.521330,-3059,-0.208059,172,0,No fault,,,,,,,,,
2026-08-14T14:11:46.978,1786709506.978528,7.363395,3,-3000,5.000000,280,-3000,0x03,single,171.796589,-2925,-0.108425,171,0,No fault,,,,,,,,,
2026-08-14T14:11:46.983,1786709506.983820,7.368688,3,-3000,5.000000,281,-3000,0x03,single,171.093809,-3104,-0.202198,172,0,No fault,,,,,,,,,
2026-08-14T14:11:46.989,1786709506.989019,7.373887,3,-3000,5.000000,282,-3000,0x03,single,170.369068,-3104,-0.184615,170,0,No fault,,,,,,,,,
2026-08-14T14:11:46.994,1786709506.994221,7.379087,3,-3000,5.000000,283,-3000,0x03,single,169.666289,-2970,-0.149451,173,0,No fault,,,,,,,,,
2026-08-14T14:11:46.999,1786709506.999417,7.384282,3,-3000,5.000000,284,-3000,0x03,single,168.963510,-2836,-0.131868,173,0,No fault,,,,,,,,,
2026-08-14T14:11:47.004,1786709507.004608,7.389475,3,-3000,5.000000,285,-3000,0x03,single,168.216807,-2970,-0.137729,175,0,No fault,,,,,,,,,
2026-08-14T14:11:47.009,1786709507.009843,7.394723,3,-3000,5.000000,286,-3000,0x03,single,167.514027,-3015,-0.184615,172,0,No fault,,,,,,,,,
2026-08-14T14:11:47.015,1786709507.015136,7.400019,3,-3000,5.000000,287,-3000,0x03,single,166.789286,-3059,-0.155311,171,0,No fault,,,,,,,,,
2026-08-14T14:11:47.020,1786709507.020415,7.405283,3,-3000,5.000000,288,-3000,0x03,single,166.064545,-3238,-0.096703,170,0,No fault,,,,,,,,,
2026-08-14T14:11:47.025,1786709507.025683,7.410563,3,-3000,5.000000,289,-3000,0x03,single,165.361766,-3015,-0.143590,172,0,No fault,,,,,,,,,
2026-08-14T14:11:47.030,1786709507.030962,7.415831,3,-3000,5.000000,290,-3000,0x03,single,164.637025,-2925,-0.155311,172,0,No fault,,,,,,,,,
2026-08-14T14:11:47.036,1786709507.036189,7.421062,3,-3000,5.000000,291,-3000,0x03,single,163.934245,-2970,-0.155311,173,0,No fault,,,,,,,,,
2026-08-14T14:11:47.041,1786709507.041421,7.426287,3,-3000,5.000000,292,-3000,0x03,single,163.209504,-3104,-0.084982,175,0,No fault,,,,,,,,,
2026-08-14T14:11:47.046,1786709507.046657,7.431536,3,-3000,5.000000,293,-3000,0x03,single,162.484763,-3015,-0.155311,173,0,No fault,,,,,,,,,
2026-08-14T14:11:47.051,1786709507.051926,7.436795,3,-3000,5.000000,294,-3000,0x03,single,161.760022,-3059,-0.149451,174,0,No fault,,,,,,,,,
2026-08-14T14:11:47.057,1786709507.057239,7.442104,3,-3000,5.000000,295,-3000,0x03,single,161.057243,-2836,-0.172894,172,0,No fault,,,,,,,,,
2026-08-14T14:11:47.062,1786709507.062398,7.447261,3,-3000,5.000000,296,-3000,0x03,single,160.332502,-2970,-0.114286,175,0,No fault,,,,,,,,,
2026-08-14T14:11:47.067,1786709507.067591,7.452464,3,-3000,5.000000,297,-3000,0x03,single,159.607761,-2881,-0.137729,174,0,No fault,,,,,,,,,
2026-08-14T14:11:47.072,1786709507.072850,7.457721,3,-3000,5.000000,298,-3000,0x03,single,158.904981,-2881,-0.190476,171,0,No fault,,,,,,,,,
2026-08-14T14:11:47.078,1786709507.078089,7.462956,3,-3000,5.000000,299,-3000,0x03,single,158.224164,-2836,-0.172894,172,0,No fault,,,,,,,,,
2026-08-14T14:11:47.083,1786709507.083310,7.468181,3,-3000,5.000000,300,-3000,0x03,single,157.477461,-2836,-0.096703,172,0,No fault,,,,,,,,,
2026-08-14T14:11:47.088,1786709507.088551,7.473431,3,-3000,5.000000,301,-3000,0x03,single,156.774682,-2791,-0.196337,171,0,No fault,,,,,,,,,
2026-08-14T14:11:47.093,1786709507.093829,7.478702,3,-3000,5.000000,302,-3000,0x03,single,156.071902,-2881,-0.213919,176,0,No fault,,,,,,,,,
2026-08-14T14:11:47.109,1786709507.109494,7.494381,3,-3000,5.000000,303,-3000,0x03,single,154.622420,-2925,-0.108425,173,0,No fault,,,,,,,,,
2026-08-14T14:11:47.114,1786709507.114804,7.499679,3,-3000,5.000000,304,-3000,0x03,single,153.897679,-3015,-0.184615,173,0,No fault,,,,,,,,,
2026-08-14T14:11:47.120,1786709507.120175,7.505051,3,-3000,5.000000,305,-3000,0x03,single,151.877189,-3193,-0.096703,172,0,No fault,,,,,,,,,
2026-08-14T14:11:47.125,1786709507.125534,7.510399,3,-3000,5.000000,306,-3000,0x03,single,151.130486,-3059,-0.155311,172,0,No fault,,,,,,,,,
2026-08-14T14:11:47.130,1786709507.130820,7.515687,3,-3000,5.000000,307,-3000,0x03,single,150.383783,-3059,-0.167033,172,0,No fault,,,,,,,,,
2026-08-14T14:11:47.136,1786709507.136104,7.520971,3,-3000,5.000000,308,-3000,0x03,single,149.681003,-2791,-0.149451,172,0,No fault,,,,,,,,,
2026-08-14T14:11:47.141,1786709507.141325,7.526192,3,-3000,5.000000,309,-3000,0x03,single,148.978224,-2925,-0.120147,173,0,No fault,,,,,,,,,
2026-08-14T14:11:47.146,1786709507.146525,7.531391,3,-3000,5.000000,310,-3000,0x03,single,148.231521,-3104,-0.108425,173,0,No fault,,,,,,,,,
2026-08-14T14:11:47.151,1786709507.151723,7.536589,3,-3000,5.000000,311,-3000,0x03,single,147.528742,-2925,-0.149451,172,0,No fault,,,,,,,,,
2026-08-14T14:11:47.156,1786709507.156922,7.541787,3,-3000,5.000000,312,-3000,0x03,single,146.804001,-2881,-0.149451,172,0,No fault,,,,,,,,,
2026-08-14T14:11:47.162,1786709507.162116,7.546983,3,-3000,5.000000,313,-3000,0x03,single,146.079260,-2836,-0.079121,173,0,No fault,,,,,,,,,
2026-08-14T14:11:47.167,1786709507.167309,7.552175,3,-3000,5.000000,314,-3000,0x03,single,145.354519,-3059,-0.126007,173,0,No fault,,,,,,,,,
2026-08-14T14:11:47.172,1786709507.172518,7.557384,3,-3000,5.000000,315,-3000,0x03,single,144.629777,-3193,-0.126007,174,0,No fault,,,,,,,,,
2026-08-14T14:11:47.177,1786709507.177713,7.562578,3,-3000,5.000000,316,-3000,0x03,single,143.926998,-2881,-0.143590,171,0,No fault,,,,,,,,,
2026-08-14T14:11:47.182,1786709507.182904,7.567770,3,-3000,5.000000,317,-3000,0x03,single,143.202257,-3059,-0.079121,172,0,No fault,,,,,,,,,
2026-08-14T14:11:47.188,1786709507.188101,7.572966,3,-3000,5.000000,318,-3000,0x03,single,142.477516,-2925,-0.143590,173,0,No fault,,,,,,,,,
2026-08-14T14:11:47.193,1786709507.193294,7.578159,3,-3000,5.000000,319,-3000,0x03,single,141.752775,-2925,-0.161172,173,0,No fault,,,,,,,,,
2026-08-14T14:11:47.198,1786709507.198528,7.583410,3,-3000,5.000000,320,-3000,0x03,single,141.049996,-2925,-0.131868,171,0,No fault,,,,,,,,,
2026-08-14T14:11:47.203,1786709507.203850,7.588741,3,-3000,5.000000,321,-3000,0x03,single,140.325254,-2925,-0.120147,172,0,No fault,,,,,,,,,
2026-08-14T14:11:47.209,1786709507.209214,7.594098,3,-3000,5.000000,322,-3000,0x03,single,139.600513,-2970,-0.190476,176,0,No fault,,,,,,,,,
2026-08-14T14:11:47.214,1786709507.214521,7.599402,3,-3000,5.000000,323,-3000,0x03,single,138.897734,-3015,-0.178755,172,0,No fault,,,,,,,,,
2026-08-14T14:11:47.219,1786709507.219806,7.604682,3,-3000,5.000000,324,-3000,0x03,single,138.172993,-2747,-0.167033,173,0,No fault,,,,,,,,,
2026-08-14T14:11:47.225,1786709507.225066,7.609941,3,-3000,5.000000,325,-3000,0x03,single,137.448252,-3104,-0.143590,170,0,No fault,,,,,,,,,
2026-08-14T14:11:47.230,1786709507.230320,7.615194,3,-3000,5.000000,326,-3000,0x03,single,136.723511,-2970,-0.167033,172,0,No fault,,,,,,,,,
2026-08-14T14:11:47.235,1786709507.235570,7.620443,3,-3000,5.000000,327,-3000,0x03,single,136.042693,-2747,-0.254945,170,0,No fault,,,,,,,,,
2026-08-14T14:11:47.240,1786709507.240814,7.625688,3,-3000,5.000000,328,-3000,0x03,single,135.317952,-2925,-0.208059,171,0,No fault,,,,,,,,,
2026-08-14T14:11:47.246,1786709507.246062,7.630937,3,-3000,5.000000,329,-3000,0x03,single,134.593211,-2791,-0.114286,170,0,No fault,,,,,,,,,
2026-08-14T14:11:47.251,1786709507.251308,7.636183,3,-3000,5.000000,330,-3000,0x03,single,133.868470,-2925,-0.184615,172,0,No fault,,,,,,,,,
2026-08-14T14:11:47.256,1786709507.256668,7.641573,3,-3000,5.000000,331,-3000,0x03,single,133.143729,-3283,-0.196337,172,0,No fault,,,,,,,,,
2026-08-14T14:11:47.262,1786709507.262081,7.646956,3,-3000,5.000000,332,-3000,0x03,single,132.462911,-2925,-0.196337,172,0,No fault,,,,,,,,,
2026-08-14T14:11:47.267,1786709507.267322,7.652191,3,-3000,5.000000,333,-3000,0x03,single,131.716208,-3149,-0.114286,175,0,No fault,,,,,,,,,
2026-08-14T14:11:47.272,1786709507.272547,7.657417,3,-3000,5.000000,334,-3000,0x03,single,130.991467,-3104,-0.184615,176,0,No fault,,,,,,,,,
2026-08-14T14:11:47.277,1786709507.277762,7.662630,3,-3000,5.000000,335,-3000,0x03,single,130.288688,-3193,-0.178755,173,0,No fault,,,,,,,,,
2026-08-14T14:11:47.283,1786709507.283031,7.667921,3,-3000,5.000000,336,-3000,0x03,single,129.585909,-2925,-0.167033,173,0,No fault,,,,,,,,,
2026-08-14T14:11:47.288,1786709507.288639,7.673511,3,-3000,5.000000,337,-3000,0x03,single,128.861168,-3015,-0.114286,172,0,No fault,,,,,,,,,
2026-08-14T14:11:47.294,1786709507.294037,7.678905,3,-3000,5.000000,338,-3000,0x03,single,127.411685,-3059,-0.202198,171,0,No fault,,,,,,,,,
2026-08-14T14:11:47.309,1786709507.309566,7.694434,3,-3000,5.000000,339,-3000,0x03,single,125.962203,-3104,-0.126007,173,0,No fault,,,,,,,,,
2026-08-14T14:11:47.314,1786709507.314778,7.699644,3,-3000,5.000000,340,-3000,0x03,single,125.259424,-3104,-0.178755,171,0,No fault,,,,,,,,,
2026-08-14T14:11:47.319,1786709507.319981,7.704848,3,-3000,5.000000,341,-3000,0x03,single,123.392666,-2970,-0.102564,173,0,No fault,,,,,,,,,
2026-08-14T14:11:47.325,1786709507.325178,7.710044,3,-3000,5.000000,342,-3000,0x03,single,123.019315,-3015,-0.102564,172,0,No fault,,,,,,,,,
2026-08-14T14:11:47.330,1786709507.330384,7.715250,3,-3000,5.000000,343,-3000,0x03,single,122.645963,-3104,-0.172894,173,0,No fault,,,,,,,,,
2026-08-14T14:11:47.335,1786709507.335587,7.720457,3,-3000,5.000000,344,-3000,0x03,single,121.921222,-2970,-0.167033,172,0,No fault,,,,,,,,,
2026-08-14T14:11:47.340,1786709507.340800,7.725667,3,-3000,5.000000,345,-3000,0x03,single,121.196481,-3283,-0.149451,174,0,No fault,,,,,,,,,
2026-08-14T14:11:47.345,1786709507.345999,7.730865,3,-3000,5.000000,346,-3000,0x03,single,120.493702,-3015,-0.114286,170,0,No fault,,,,,,,,,
2026-08-14T14:11:47.351,1786709507.351196,7.736062,3,-3000,5.000000,347,-3000,0x03,single,119.790923,-2836,-0.161172,173,0,No fault,,,,,,,,,
2026-08-14T14:11:47.356,1786709507.356392,7.741258,3,-3000,5.000000,348,-3000,0x03,single,119.066181,-2836,-0.202198,170,0,No fault,,,,,,,,,
2026-08-14T14:11:47.361,1786709507.361612,7.746478,3,-3000,5.000000,349,-3000,0x03,single,118.363402,-2881,-0.219780,172,0,No fault,,,,,,,,,
2026-08-14T14:11:47.366,1786709507.366808,7.751675,3,-3000,5.000000,350,-3000,0x03,single,117.638661,-3149,-0.137729,172,0,No fault,,,,,,,,,
2026-08-14T14:11:47.372,1786709507.372004,7.756869,3,-3000,5.000000,351,-3000,0x03,single,116.913920,-3193,-0.184615,172,0,No fault,,,,,,,,,
2026-08-14T14:11:47.377,1786709507.377199,7.762064,3,-3000,5.000000,352,-3000,0x03,single,116.189179,-3149,-0.172894,171,0,No fault,,,,,,,,,
2026-08-14T14:11:47.382,1786709507.382398,7.767264,3,-3000,5.000000,353,-3000,0x03,single,115.508361,-2925,-0.249084,173,0,No fault,,,,,,,,,
2026-08-14T14:11:47.387,1786709507.387595,7.772460,3,-3000,5.000000,354,-3000,0x03,single,114.783620,-3015,-0.126007,172,0,No fault,,,,,,,,,
2026-08-14T14:11:47.392,1786709507.392790,7.777655,3,-3000,5.000000,355,-3000,0x03,single,114.080841,-3059,-0.196337,173,0,No fault,,,,,,,,,
2026-08-14T14:11:47.397,1786709507.397983,7.782849,3,-3000,5.000000,356,-3000,0x03,single,113.356100,-3104,-0.190476,171,0,No fault,,,,,,,,,
2026-08-14T14:11:47.403,1786709507.403174,7.788039,3,-3000,5.000000,357,-3000,0x03,single,112.653321,-3193,-0.208059,172,0,No fault,,,,,,,,,
2026-08-14T14:11:47.408,1786709507.408364,7.793229,3,-3000,5.000000,358,-3000,0x03,single,111.928580,-3015,-0.108425,172,0,No fault,,,,,,,,,
2026-08-14T14:11:47.413,1786709507.413556,7.798422,3,-3000,5.000000,359,-3000,0x03,single,111.225800,-3015,-0.196337,172,0,No fault,,,,,,,,,
2026-08-14T14:11:47.418,1786709507.418750,7.803616,3,-3000,5.000000,360,-3000,0x03,single,110.501059,-2881,-0.155311,172,0,No fault,,,,,,,,,
2026-08-14T14:11:47.423,1786709507.423943,7.808808,3,-3000,5.000000,361,-3000,0x03,single,109.798280,-3059,-0.161172,172,0,No fault,,,,,,,,,
2026-08-14T14:11:47.429,1786709507.429212,7.814078,3,-3000,5.000000,362,-3000,0x03,single,109.095501,-2925,-0.131868,172,0,No fault,,,,,,,,,
2026-08-14T14:11:47.434,1786709507.434495,7.819361,3,-3000,5.000000,363,-3000,0x03,single,107.624057,-3283,-0.172894,172,0,No fault,,,,,,,,,
2026-08-14T14:11:47.439,1786709507.439812,7.824689,3,-3000,5.000000,364,-3000,0x03,single,106.921277,-3059,-0.167033,172,0,No fault,,,,,,,,,
2026-08-14T14:11:47.445,1786709507.445073,7.829939,3,-3000,5.000000,365,-3000,0x03,single,106.218498,-2925,-0.079121,167,0,No fault,,,,,,,,,
2026-08-14T14:11:47.450,1786709507.450339,7.835205,3,-3000,5.000000,366,-3000,0x03,single,105.493757,-3104,-0.155311,173,0,No fault,,,,,,,,,
2026-08-14T14:11:47.455,1786709507.455543,7.840411,3,-3000,5.000000,367,-3000,0x03,single,104.769016,-3015,-0.131868,172,0,No fault,,,,,,,,,
2026-08-14T14:11:47.460,1786709507.460744,7.845610,3,-3000,5.000000,368,-3000,0x03,single,104.088198,-2791,-0.202198,173,0,No fault,,,,,,,,,
2026-08-14T14:11:47.465,1786709507.465941,7.850806,3,-3000,5.000000,369,-3000,0x03,single,103.363457,-2702,-0.079121,172,0,No fault,,,,,,,,,
2026-08-14T14:11:47.471,1786709507.471139,7.856005,3,-3000,5.000000,370,-3000,0x03,single,102.616754,-2925,-0.137729,173,0,No fault,,,,,,,,,
2026-08-14T14:11:47.476,1786709507.476333,7.861198,3,-3000,5.000000,371,-3000,0x03,single,101.892013,-3238,-0.137729,175,0,No fault,,,,,,,,,
2026-08-14T14:11:47.481,1786709507.481525,7.866390,3,-3000,5.000000,372,-3000,0x03,single,101.189234,-2925,-0.167033,173,0,No fault,,,,,,,,,
2026-08-14T14:11:47.486,1786709507.486717,7.871583,3,-3000,5.000000,373,-3000,0x03,single,100.486455,-2881,-0.114286,171,0,No fault,,,,,,,,,
2026-08-14T14:11:47.491,1786709507.491909,7.876775,3,-3000,5.000000,374,-3000,0x03,single,99.761713,-2881,-0.131868,173,0,No fault,,,,,,,,,
2026-08-14T14:11:47.497,1786709507.497103,7.881968,3,-3000,5.000000,375,-3000,0x03,single,99.058934,-2747,-0.219780,172,0,No fault,,,,,,,,,
2026-08-14T14:11:47.512,1786709507.512890,7.897794,3,-3000,5.000000,376,-3000,0x03,single,97.631414,-3015,-0.114286,172,0,No fault,,,,,,,,,
2026-08-14T14:11:47.518,1786709507.518266,7.903151,3,-3000,5.000000,377,-3000,0x03,single,96.928635,-2836,-0.190476,175,0,No fault,,,,,,,,,
2026-08-14T14:11:47.523,1786709507.523550,7.908421,3,-3000,5.000000,378,-3000,0x03,single,94.974030,-3104,-0.096703,173,0,No fault,,,,,,,,,
2026-08-14T14:11:47.528,1786709507.528777,7.913646,3,-3000,5.000000,379,-3000,0x03,single,94.622640,-3149,-0.161172,173,0,No fault,,,,,,,,,
2026-08-14T14:11:47.534,1786709507.534045,7.918951,3,-3000,5.000000,380,-3000,0x03,single,94.227327,-2970,-0.143590,172,0,No fault,,,,,,,,,
2026-08-14T14:11:47.539,1786709507.539500,7.924422,3,-3000,5.000000,381,-3000,0x03,single,93.524547,-2791,-0.202198,174,0,No fault,,,,,,,,,
2026-08-14T14:11:47.545,1786709507.545117,7.929992,3,-3000,5.000000,382,-3000,0x03,single,92.097027,-2791,-0.126007,172,0,No fault,,,,,,,,,
2026-08-14T14:11:47.550,1786709507.550385,7.935276,3,-3000,5.000000,383,-3000,0x03,single,91.372286,-2702,-0.108425,172,0,No fault,,,,,,,,,
2026-08-14T14:11:47.555,1786709507.555823,7.940707,3,-3000,5.000000,384,-3000,0x03,single,90.647545,-2836,-0.178755,171,0,No fault,,,,,,,,,
2026-08-14T14:11:47.562,1786709507.562335,7.947212,3,-3000,5.000000,385,-3000,0x03,single,89.922804,-3193,-0.167033,176,0,No fault,,,,,,,,,
2026-08-14T14:11:47.567,1786709507.567608,7.952486,3,-3000,5.000000,386,-3000,0x03,single,89.198063,-3149,-0.126007,173,0,No fault,,,,,,,,,
2026-08-14T14:11:47.572,1786709507.572903,7.957780,3,-3000,5.000000,387,-3000,0x03,single,88.495283,-3015,-0.126007,172,0,No fault,,,,,,,,,
2026-08-14T14:11:47.578,1786709507.578178,7.963058,3,-3000,5.000000,388,-3000,0x03,single,87.770542,-2791,-0.137729,175,0,No fault,,,,,,,,,
2026-08-14T14:11:47.583,1786709507.583445,7.968315,3,-3000,5.000000,389,-3000,0x03,single,87.067763,-2881,-0.155311,171,0,No fault,,,,,,,,,
2026-08-14T14:11:47.588,1786709507.588656,7.973524,3,-3000,5.000000,390,-3000,0x03,single,86.343022,-2881,-0.079121,173,0,No fault,,,,,,,,,
2026-08-14T14:11:47.593,1786709507.593871,7.978738,3,-3000,5.000000,391,-3000,0x03,single,85.618281,-2657,-0.090842,173,0,No fault,,,,,,,,,
2026-08-14T14:11:47.599,1786709507.599084,7.983951,3,-3000,5.000000,392,-3000,0x03,single,84.893540,-2881,-0.143590,172,0,No fault,,,,,,,,,
2026-08-14T14:11:47.604,1786709507.604292,7.989158,3,-3000,5.000000,393,-3000,0x03,single,84.190760,-2747,-0.161172,170,0,No fault,,,,,,,,,
2026-08-14T14:11:47.609,1786709507.609490,7.994356,3,-3000,5.000000,394,-3000,0x03,single,83.466019,-3104,-0.084982,172,0,No fault,,,,,,,,,
2026-08-14T14:11:47.614,1786709507.614744,7.999611,3,-3000,5.000000,395,-3000,0x03,single,82.719316,-3238,-0.102564,170,0,No fault,,,,,,,,,
2026-08-14T14:11:47.619,1786709507.619946,8.004812,3,-3000,5.000000,396,-3000,0x03,single,82.016537,-3015,-0.155311,170,0,No fault,,,,,,,,,
2026-08-14T14:11:47.625,1786709507.625143,8.010009,3,-3000,5.000000,397,-3000,0x03,single,81.291796,-3149,-0.167033,173,0,No fault,,,,,,,,,
2026-08-14T14:11:47.630,1786709507.630340,8.015206,3,-3000,5.000000,398,-3000,0x03,single,80.589017,-3104,-0.120147,171,0,No fault,,,,,,,,,
2026-08-14T14:11:47.635,1786709507.635535,8.020401,3,-3000,5.000000,399,-3000,0x03,single,79.864275,-3149,-0.167033,172,0,No fault,,,,,,,,,
2026-08-14T14:11:47.640,1786709507.640734,8.025600,3,-3000,5.000000,400,-3000,0x03,single,79.161496,-2925,-0.190476,173,0,No fault,,,,,,,,,
2026-08-14T14:11:47.645,1786709507.645942,8.030807,3,-3000,5.000000,401,-3000,0x03,single,78.458717,-2836,-0.196337,172,0,No fault,,,,,,,,,
2026-08-14T14:11:47.651,1786709507.651137,8.036003,3,-3000,5.000000,402,-3000,0x03,single,77.733976,-2881,-0.149451,172,0,No fault,,,,,,,,,
2026-08-14T14:11:47.656,1786709507.656337,8.041204,3,-3000,5.000000,403,-3000,0x03,single,77.009235,-3015,-0.137729,172,0,No fault,,,,,,,,,
2026-08-14T14:11:47.661,1786709507.661549,8.046416,3,-3000,5.000000,404,-3000,0x03,single,76.284493,-2970,-0.213919,169,0,No fault,,,,,,,,,
2026-08-14T14:11:47.666,1786709507.666750,8.051616,3,-3000,5.000000,405,-3000,0x03,single,75.581714,-2925,-0.208059,171,0,No fault,,,,,,,,,
2026-08-14T14:11:47.671,1786709507.671944,8.056809,3,-3000,5.000000,406,-3000,0x03,single,74.878935,-2970,-0.114286,172,0,No fault,,,,,,,,,
2026-08-14T14:11:47.677,1786709507.677138,8.062002,3,-3000,5.000000,407,-3000,0x03,single,74.154194,-2970,-0.172894,173,0,No fault,,,,,,,,,
2026-08-14T14:11:47.682,1786709507.682333,8.067198,3,-3000,5.000000,408,-3000,0x03,single,73.429453,-3059,-0.190476,172,0,No fault,,,,,,,,,
2026-08-14T14:11:47.687,1786709507.687528,8.072392,3,-3000,5.000000,409,-3000,0x03,single,72.726673,-2791,-0.213919,174,0,No fault,,,,,,,,,
2026-08-14T14:11:47.692,1786709507.692812,8.077678,3,-3000,5.000000,410,-3000,0x03,single,72.001932,-3059,-0.143590,172,0,No fault,,,,,,,,,
2026-08-14T14:11:47.698,1786709507.698102,8.082968,3,-3000,5.000000,411,-3000,0x03,single,70.574412,-2881,-0.196337,172,0,No fault,,,,,,,,,
2026-08-14T14:11:47.713,1786709507.713731,8.098598,3,-3000,5.000000,412,-3000,0x03,single,69.146892,-2970,-0.120147,172,0,No fault,,,,,,,,,
2026-08-14T14:11:47.718,1786709507.718935,8.103800,3,-3000,5.000000,413,-3000,0x03,single,68.422150,-3059,-0.126007,169,0,No fault,,,,,,,,,
2026-08-14T14:11:47.724,1786709507.724129,8.108995,3,-3000,5.000000,414,-3000,0x03,single,66.621279,-2925,-0.131868,172,0,No fault,,,,,,,,,
2026-08-14T14:11:47.729,1786709507.729326,8.114194,3,-3000,5.000000,415,-3000,0x03,single,66.269889,-2925,-0.084982,172,0,No fault,,,,,,,,,
2026-08-14T14:11:47.734,1786709507.734525,8.119390,3,-3000,5.000000,416,-3000,0x03,single,65.874576,-3059,-0.126007,172,0,No fault,,,,,,,,,
2026-08-14T14:11:47.739,1786709507.739718,8.124584,3,-3000,5.000000,417,-3000,0x03,single,65.171796,-2925,-0.161172,171,0,No fault,,,,,,,,,
2026-08-14T14:11:47.744,1786709507.744912,8.129777,3,-3000,5.000000,418,-3000,0x03,single,64.425093,-3059,-0.167033,173,0,No fault,,,,,,,,,
2026-08-14T14:11:47.750,1786709507.750106,8.134971,3,-3000,5.000000,419,-3000,0x03,single,63.722314,-3015,-0.102564,169,0,No fault,,,,,,,,,
2026-08-14T14:11:47.755,1786709507.755299,8.140164,3,-3000,5.000000,420,-3000,0x03,single,62.997573,-3104,-0.137729,172,0,No fault,,,,,,,,,
2026-08-14T14:11:47.760,1786709507.760523,8.145389,3,-3000,5.000000,421,-3000,0x03,single,62.294794,-3104,-0.161172,172,0,No fault,,,,,,,,,
2026-08-14T14:11:47.765,1786709507.765723,8.150588,3,-3000,5.000000,422,-3000,0x03,single,61.570053,-3327,-0.184615,173,0,No fault,,,,,,,,,
2026-08-14T14:11:47.770,1786709507.770919,8.155785,3,-3000,5.000000,423,-3000,0x03,single,60.889235,-2881,-0.149451,172,0,No fault,,,,,,,,,
2026-08-14T14:11:47.776,1786709507.776151,8.161017,3,-3000,5.000000,424,-3000,0x03,single,60.164494,-2881,-0.143590,175,0,No fault,,,,,,,,,
2026-08-14T14:11:47.781,1786709507.781349,8.166214,3,-3000,5.000000,425,-3000,0x03,single,59.461715,-2791,-0.196337,172,0,No fault,,,,,,,,,
2026-08-14T14:11:47.786,1786709507.786596,8.171480,3,-3000,5.000000,426,-3000,0x03,single,58.736974,-3104,-0.202198,169,0,No fault,,,,,,,,,
2026-08-14T14:11:47.791,1786709507.791925,8.176802,3,-3000,5.000000,427,-3000,0x03,single,58.012232,-3149,-0.167033,172,0,No fault,,,,,,,,,
2026-08-14T14:11:47.797,1786709507.797213,8.182096,3,-3000,5.000000,428,-3000,0x03,single,57.309453,-2970,-0.137729,169,0,No fault,,,,,,,,,
2026-08-14T14:11:47.802,1786709507.802594,8.187467,3,-3000,5.000000,429,-3000,0x03,single,56.584712,-2970,-0.167033,173,0,No fault,,,,,,,,,
2026-08-14T14:11:47.807,1786709507.807911,8.192779,3,-3000,5.000000,430,-3000,0x03,single,55.135230,-3193,-0.167033,173,0,No fault,,,,,,,,,
2026-08-14T14:11:47.813,1786709507.813241,8.198109,3,-3000,5.000000,431,-3000,0x03,single,54.410489,-3059,-0.155311,172,0,No fault,,,,,,,,,
2026-08-14T14:11:47.818,1786709507.818457,8.203324,3,-3000,5.000000,432,-3000,0x03,single,53.707709,-2970,-0.196337,172,0,No fault,,,,,,,,,
2026-08-14T14:11:47.823,1786709507.823660,8.208526,3,-3000,5.000000,433,-3000,0x03,single,53.004930,-2925,-0.202198,174,0,No fault,,,,,,,,,
2026-08-14T14:11:47.828,1786709507.828861,8.213730,3,-3000,5.000000,434,-3000,0x03,single,52.302151,-2925,-0.126007,173,0,No fault,,,,,,,,,
2026-08-14T14:11:47.834,1786709507.834065,8.218931,3,-3000,5.000000,435,-3000,0x03,single,51.577410,-3059,-0.149451,173,0,No fault,,,,,,,,,
2026-08-14T14:11:47.839,1786709507.839261,8.224127,3,-3000,5.000000,436,-3000,0x03,single,50.852669,-3149,-0.190476,172,0,No fault,,,,,,,,,
2026-08-14T14:11:47.844,1786709507.844461,8.229348,3,-3000,5.000000,437,-3000,0x03,single,50.127928,-3193,-0.196337,172,0,No fault,,,,,,,,,
2026-08-14T14:11:47.849,1786709507.849681,8.234548,3,-3000,5.000000,438,-3000,0x03,single,49.425148,-3104,-0.178755,172,0,No fault,,,,,,,,,
2026-08-14T14:11:47.854,1786709507.854917,8.239795,3,-3000,5.000000,439,-3000,0x03,single,48.722369,-2970,-0.137729,171,0,No fault,,,,,,,,,
2026-08-14T14:11:47.860,1786709507.860190,8.245058,3,-3000,5.000000,440,-3000,0x03,single,47.997628,-2925,-0.155311,174,0,No fault,,,,,,,,,
2026-08-14T14:11:47.865,1786709507.865402,8.250270,3,-3000,5.000000,441,-3000,0x03,single,47.272887,-2970,-0.184615,172,0,No fault,,,,,,,,,
2026-08-14T14:11:47.870,1786709507.870617,8.255483,3,-3000,5.000000,442,-3000,0x03,single,46.570108,-3015,-0.120147,172,0,No fault,,,,,,,,,
2026-08-14T14:11:47.875,1786709507.875818,8.260686,3,-3000,5.000000,443,-3000,0x03,single,45.823405,-3059,-0.120147,171,0,No fault,,,,,,,,,
2026-08-14T14:11:47.881,1786709507.881022,8.265888,3,-3000,5.000000,444,-3000,0x03,single,45.120625,-2881,-0.155311,172,0,No fault,,,,,,,,,
2026-08-14T14:11:47.886,1786709507.886219,8.271086,3,-3000,5.000000,445,-3000,0x03,single,44.417846,-2970,-0.178755,172,0,No fault,,,,,,,,,
2026-08-14T14:11:47.891,1786709507.891420,8.276287,3,-3000,5.000000,446,-3000,0x03,single,43.693105,-3059,-0.137729,174,0,No fault,,,,,,,,,
2026-08-14T14:11:47.896,1786709507.896616,8.281483,3,-3000,5.000000,447,-3000,0x03,single,42.968364,-2970,-0.120147,170,0,No fault,,,,,,,,,
2026-08-14T14:11:47.901,1786709507.901818,8.286686,3,-3000,5.000000,448,-3000,0x03,single,42.265584,-2836,-0.143590,171,0,No fault,,,,,,,,,
2026-08-14T14:11:47.912,1786709507.912110,8.296981,3,-3000,5.000000,449,-3000,0x03,single,41.540843,-2791,-0.172894,173,0,No fault,,,,,,,,,
2026-08-14T14:11:47.917,1786709507.917525,8.302392,3,-3000,5.000000,450,-3000,0x03,single,40.091361,-3015,-0.096703,172,0,No fault,,,,,,,,,
2026-08-14T14:11:47.922,1786709507.922727,8.307592,3,-3000,5.000000,451,-3000,0x03,single,38.334413,-3059,-0.184615,172,0,No fault,,,,,,,,,
2026-08-14T14:11:47.927,1786709507.927920,8.312785,3,-3000,5.000000,452,-3000,0x03,single,37.983023,-3059,-0.108425,173,0,No fault,,,,,,,,,
2026-08-14T14:11:47.933,1786709507.933160,8.318027,3,-3000,5.000000,453,-3000,0x03,single,37.609672,-2970,-0.120147,170,0,No fault,,,,,,,,,
2026-08-14T14:11:47.938,1786709507.938358,8.323225,3,-3000,5.000000,454,-3000,0x03,single,36.884931,-3193,-0.196337,172,0,No fault,,,,,,,,,
2026-08-14T14:11:47.943,1786709507.943558,8.328424,3,-3000,5.000000,455,-3000,0x03,single,36.182151,-2925,-0.196337,172,0,No fault,,,,,,,,,
2026-08-14T14:11:47.948,1786709507.948754,8.333620,3,-3000,5.000000,456,-3000,0x03,single,35.479372,-2836,-0.202198,172,0,No fault,,,,,,,,,
2026-08-14T14:11:47.953,1786709507.953960,8.338826,3,-3000,5.000000,457,-3000,0x03,single,34.754631,-3059,-0.131868,172,0,No fault,,,,,,,,,
2026-08-14T14:11:47.959,1786709507.959158,8.344024,3,-3000,5.000000,458,-3000,0x03,single,34.029890,-3104,-0.196337,172,0,No fault,,,,,,,,,
2026-08-14T14:11:47.964,1786709507.964355,8.349220,3,-3000,5.000000,459,-3000,0x03,single,33.305149,-3059,-0.184615,171,0,No fault,,,,,,,,,
2026-08-14T14:11:47.969,1786709507.969549,8.354417,3,-3000,5.000000,460,-3000,0x03,single,32.602370,-3059,-0.167033,172,0,No fault,,,,,,,,,
2026-08-14T14:11:47.974,1786709507.974751,8.359616,3,-3000,5.000000,461,-3000,0x03,single,31.877628,-3104,-0.108425,173,0,No fault,,,,,,,,,
2026-08-14T14:11:47.979,1786709507.979945,8.364811,3,-3000,5.000000,462,-3000,0x03,single,31.152887,-3193,-0.131868,173,0,No fault,,,,,,,,,
2026-08-14T14:11:47.985,1786709507.985136,8.370002,3,-3000,5.000000,463,-3000,0x03,single,30.450108,-2881,-0.184615,172,0,No fault,,,,,,,,,
2026-08-14T14:11:47.990,1786709507.990331,8.375196,3,-3000,5.000000,464,-3000,0x03,single,29.725367,-2970,-0.143590,172,0,No fault,,,,,,,,,
2026-08-14T14:11:47.995,1786709507.995521,8.380386,3,-3000,5.000000,465,-3000,0x03,single,29.022588,-2970,-0.102564,173,0,No fault,,,,,,,,,
2026-08-14T14:11:48.000,1786709508.000719,8.385584,3,-3000,5.000000,466,-3000,0x03,single,28.297847,-2791,-0.137729,174,0,No fault,,,,,,,,,
2026-08-14T14:11:48.005,1786709508.005909,8.390775,3,-3000,5.000000,467,-3000,0x03,single,27.573105,-2791,-0.155311,172,0,No fault,,,,,,,,,
2026-08-14T14:11:48.011,1786709508.011109,8.395974,3,-3000,5.000000,468,-3000,0x03,single,26.870326,-2925,-0.161172,172,0,No fault,,,,,,,,,
2026-08-14T14:11:48.016,1786709508.016304,8.401170,3,-3000,5.000000,469,-3000,0x03,single,26.145585,-3015,-0.084982,173,0,No fault,,,,,,,,,
2026-08-14T14:11:48.021,1786709508.021568,8.406461,3,-3000,5.000000,470,-3000,0x03,single,25.420844,-3015,-0.102564,170,0,No fault,,,,,,,,,
2026-08-14T14:11:48.026,1786709508.026903,8.411775,3,-3000,5.000000,471,-3000,0x03,single,24.696103,-2970,-0.137729,171,0,No fault,,,,,,,,,
2026-08-14T14:11:48.032,1786709508.032166,8.417042,3,-3000,5.000000,472,-3000,0x03,single,23.993323,-2970,-0.167033,167,0,No fault,,,,,,,,,
2026-08-14T14:11:48.037,1786709508.037465,8.422376,3,-3000,5.000000,473,-3000,0x03,single,23.268582,-3059,-0.067399,172,0,No fault,,,,,,,,,
2026-08-14T14:11:48.042,1786709508.042894,8.427807,3,-3000,5.000000,474,-3000,0x03,single,22.543841,-2970,-0.149451,172,0,No fault,,,,,,,,,
2026-08-14T14:11:48.048,1786709508.048294,8.433169,3,-3000,5.000000,475,-3000,0x03,single,21.841062,-2702,-0.149451,172,0,No fault,,,,,,,,,
2026-08-14T14:11:48.053,1786709508.053590,8.438477,3,-3000,5.000000,476,-3000,0x03,single,21.116321,-2925,-0.155311,172,0,No fault,,,,,,,,,
2026-08-14T14:11:48.058,1786709508.058952,8.443842,3,-3000,5.000000,477,-3000,0x03,single,20.391580,-2881,-0.090842,172,0,No fault,,,,,,,,,
2026-08-14T14:11:48.064,1786709508.064306,8.449186,3,-3000,5.000000,478,-3000,0x03,single,19.666839,-3149,-0.190476,173,0,No fault,,,,,,,,,
2026-08-14T14:11:48.069,1786709508.069691,8.454567,3,-3000,5.000000,479,-3000,0x03,single,18.964059,-2925,-0.184615,172,0,No fault,,,,,,,,,
2026-08-14T14:11:48.075,1786709508.075037,8.459911,3,-3000,5.000000,480,-3000,0x03,single,18.261280,-2925,-0.161172,173,0,No fault,,,,,,,,,
2026-08-14T14:11:48.080,1786709508.080378,8.465255,3,-3000,5.000000,481,-3000,0x03,single,16.811798,-3059,-0.161172,173,0,No fault,,,,,,,,,
2026-08-14T14:11:48.085,1786709508.085793,8.470667,3,-3000,5.000000,482,-3000,0x03,single,16.087057,-2791,-0.213919,170,0,No fault,,,,,,,,,
2026-08-14T14:11:48.091,1786709508.091039,8.475905,3,-3000,5.000000,483,-3000,0x03,single,15.384277,-2881,-0.184615,172,0,No fault,,,,,,,,,
2026-08-14T14:11:48.096,1786709508.096273,8.481149,3,-3000,5.000000,484,-3000,0x03,single,14.659536,-3059,-0.114286,172,0,No fault,,,,,,,,,
2026-08-14T14:11:48.101,1786709508.101519,8.486387,3,-3000,5.000000,485,-3000,0x03,single,13.956757,-2791,-0.202198,172,0,No fault,,,,,,,,,
2026-08-14T14:11:48.116,1786709508.116951,8.501829,3,-3000,5.000000,486,-3000,0x03,single,12.529237,-2881,-0.155311,174,0,No fault,,,,,,,,,
2026-08-14T14:11:48.122,1786709508.122200,8.507068,3,-3000,5.000000,487,-3000,0x03,single,11.804496,-2791,-0.096703,172,0,No fault,,,,,,,,,
2026-08-14T14:11:48.127,1786709508.127408,8.512275,3,-3000,5.000000,488,-3000,0x03,single,9.893814,-2925,-0.190476,172,0,No fault,,,,,,,,,
2026-08-14T14:11:48.132,1786709508.132614,8.517482,3,-3000,5.000000,489,-3000,0x03,single,9.542425,-2836,-0.149451,173,0,No fault,,,,,,,,,
2026-08-14T14:11:48.137,1786709508.137823,8.522688,3,-3000,5.000000,490,-3000,0x03,single,9.169073,-2881,-0.114286,172,0,No fault,,,,,,,,,
2026-08-14T14:11:48.143,1786709508.143021,8.527887,3,-3000,5.000000,491,-3000,0x03,single,8.422370,-3193,-0.114286,171,0,No fault,,,,,,,,,
2026-08-14T14:11:48.148,1786709508.148640,8.533523,3,-3000,5.000000,492,-3000,0x03,single,7.719591,-3015,-0.190476,170,0,No fault,,,,,,,,,
2026-08-14T14:11:48.153,1786709508.153960,8.538843,3,-3000,5.000000,493,-3000,0x03,single,6.994850,-3104,-0.196337,174,0,No fault,,,,,,,,,
2026-08-14T14:11:48.159,1786709508.159238,8.544107,3,-3000,5.000000,494,-3000,0x03,single,6.292071,-3015,-0.090842,173,0,No fault,,,,,,,,,
2026-08-14T14:11:48.164,1786709508.164456,8.549351,3,-3000,5.000000,495,-3000,0x03,single,5.567330,-2970,-0.149451,172,0,No fault,,,,,,,,,
2026-08-14T14:11:48.169,1786709508.169699,8.554566,3,-3000,5.000000,496,-3000,0x03,single,4.842588,-3238,-0.149451,174,0,No fault,,,,,,,,,
2026-08-14T14:11:48.174,1786709508.174905,8.559771,3,-3000,5.000000,497,-3000,0x03,single,4.139809,-3015,-0.184615,173,0,No fault,,,,,,,,,
2026-08-14T14:11:48.180,1786709508.180104,8.564971,3,-3000,5.000000,498,-3000,0x03,single,3.415068,-3193,-0.108425,171,0,No fault,,,,,,,,,
2026-08-14T14:11:48.185,1786709508.185381,8.570249,3,-3000,5.000000,499,-3000,0x03,single,2.712289,-2881,-0.161172,169,0,No fault,,,,,,,,,
2026-08-14T14:11:48.190,1786709508.190666,8.575533,3,-3000,5.000000,500,-3000,0x03,single,1.284768,-2702,-0.161172,173,0,No fault,,,,,,,,,
2026-08-14T14:11:48.195,1786709508.195938,8.580806,3,-3000,5.000000,501,-3000,0x03,single,0.560027,-3015,-0.114286,173,0,No fault,,,,,,,,,
2026-08-14T14:11:48.201,1786709508.201138,8.586005,3,-3000,5.000000,502,-3000,0x03,single,-0.164714,-3059,-0.143590,171,0,No fault,,,,,,,,,
2026-08-14T14:11:48.206,1786709508.206339,8.591205,3,-3000,5.000000,503,-3000,0x03,single,-0.867493,-2970,-0.190476,173,0,No fault,,,,,,,,,
2026-08-14T14:11:48.211,1786709508.211537,8.596402,3,-3000,5.000000,504,-3000,0x03,single,-1.570272,-2970,-0.208059,172,0,No fault,,,,,,,,,
2026-08-14T14:11:48.216,1786709508.216731,8.601596,3,-3000,5.000000,505,-3000,0x03,single,-2.273052,-2970,-0.149451,172,0,No fault,,,,,,,,,
2026-08-14T14:11:48.221,1786709508.221925,8.606791,3,-3000,5.000000,506,-3000,0x03,single,-3.019755,-3238,-0.184615,171,0,No fault,,,,,,,,,
2026-08-14T14:11:48.227,1786709508.227124,8.611990,3,-3000,5.000000,507,-3000,0x03,single,-3.700572,-2791,-0.190476,172,0,No fault,,,,,,,,,
2026-08-14T14:11:48.232,1786709508.232329,8.617194,3,-3000,5.000000,508,-3000,0x03,single,-4.425313,-2881,-0.243223,172,0,No fault,,,,,,,,,
2026-08-14T14:11:48.237,1786709508.237528,8.622393,3,-3000,5.000000,509,-3000,0x03,single,-5.150054,-2970,-0.120147,172,0,No fault,,,,,,,,,
2026-08-14T14:11:48.242,1786709508.242721,8.627587,3,-3000,5.000000,510,-3000,0x03,single,-5.874795,-2836,-0.190476,170,0,No fault,,,,,,,,,
2026-08-14T14:11:48.248,1786709508.248034,8.632912,3,-3000,5.000000,511,-3000,0x03,single,-6.599537,-2836,-0.172894,173,0,No fault,,,,,,,,,
2026-08-14T14:11:48.253,1786709508.253317,8.638182,3,-3000,5.000000,512,-3000,0x03,single,-7.302316,-2836,-0.213919,171,0,No fault,,,,,,,,,
2026-08-14T14:11:48.258,1786709508.258529,8.643395,3,-3000,5.000000,513,-3000,0x03,single,-8.027057,-3015,-0.126007,170,0,No fault,,,,,,,,,
2026-08-14T14:11:48.263,1786709508.263734,8.648601,3,-3000,5.000000,514,-3000,0x03,single,-8.751798,-3059,-0.190476,172,0,No fault,,,,,,,,,
2026-08-14T14:11:48.268,1786709508.268943,8.653809,3,-3000,5.000000,515,-3000,0x03,single,-9.454577,-2791,-0.155311,173,0,No fault,,,,,,,,,
2026-08-14T14:11:48.274,1786709508.274142,8.659008,3,-3000,5.000000,516,-3000,0x03,single,-10.179318,-3015,-0.178755,173,0,No fault,,,,,,,,,
2026-08-14T14:11:48.279,1786709508.279349,8.664215,3,-3000,5.000000,517,-3000,0x03,single,-10.882098,-2747,-0.120147,174,0,No fault,,,,,,,,,
2026-08-14T14:11:48.284,1786709508.284551,8.669418,3,-3000,5.000000,518,-3000,0x03,single,-11.606839,-2881,-0.149451,173,0,No fault,,,,,,,,,
2026-08-14T14:11:48.289,1786709508.289768,8.674634,3,-3000,5.000000,519,-3000,0x03,single,-12.331580,-3015,-0.190476,172,0,No fault,,,,,,,,,
2026-08-14T14:11:48.294,1786709508.294975,8.679842,3,-3000,5.000000,520,-3000,0x03,single,-13.034359,-3015,-0.178755,173,0,No fault,,,,,,,,,
2026-08-14T14:11:48.300,1786709508.300187,8.685053,3,-3000,5.000000,521,-3000,0x03,single,-13.759100,-2970,-0.073260,170,0,No fault,,,,,,,,,
2026-08-14T14:11:48.305,1786709508.305387,8.690252,3,-3000,5.000000,522,-3000,0x03,single,-14.483842,-2970,-0.155311,173,0,No fault,,,,,,,,,
2026-08-14T14:11:48.320,1786709508.320803,8.705677,3,-3000,5.000000,523,-3000,0x03,single,-15.911362,-2881,-0.190476,172,0,No fault,,,,,,,,,
2026-08-14T14:11:48.326,1786709508.326042,8.710911,3,-3000,5.000000,524,-3000,0x03,single,-16.636103,-2970,-0.096703,169,0,No fault,,,,,,,,,
2026-08-14T14:11:48.331,1786709508.331258,8.716125,3,-3000,5.000000,525,-3000,0x03,single,-18.524822,-2970,-0.161172,172,0,No fault,,,,,,,,,
2026-08-14T14:11:48.336,1786709508.336462,8.721356,3,-3000,5.000000,526,-3000,0x03,single,-18.876212,-2791,-0.172894,173,0,No fault,,,,,,,,,
2026-08-14T14:11:48.341,1786709508.341697,8.726563,3,-3000,5.000000,527,-3000,0x03,single,-19.293487,-2925,-0.126007,172,0,No fault,,,,,,,,,
2026-08-14T14:11:48.346,1786709508.346900,8.731766,3,-3000,5.000000,528,-3000,0x03,single,-20.040190,-3149,-0.108425,175,0,No fault,,,,,,,,,
2026-08-14T14:11:48.352,1786709508.352175,8.737040,3,-3000,5.000000,529,-3000,0x03,single,-20.742969,-2925,-0.196337,172,0,No fault,,,,,,,,,
2026-08-14T14:11:48.357,1786709508.357470,8.742336,3,-3000,5.000000,530,-3000,0x03,single,-22.170490,-3015,-0.161172,169,0,No fault,,,,,,,,,
2026-08-14T14:11:48.362,1786709508.362751,8.747616,3,-3000,5.000000,531,-3000,0x03,single,-22.873269,-3015,-0.149451,171,0,No fault,,,,,,,,,
2026-08-14T14:11:48.367,1786709508.367948,8.752814,3,-3000,5.000000,532,-3000,0x03,single,-23.598010,-3015,-0.196337,173,0,No fault,,,,,,,,,
2026-08-14T14:11:48.373,1786709508.373146,8.758011,3,-3000,5.000000,533,-3000,0x03,single,-24.278828,-2613,-0.184615,172,0,No fault,,,,,,,,,
2026-08-14T14:11:48.378,1786709508.378338,8.763202,3,-3000,5.000000,534,-3000,0x03,single,-25.025531,-3104,-0.108425,169,0,No fault,,,,,,,,,
2026-08-14T14:11:48.383,1786709508.383527,8.768392,3,-3000,5.000000,535,-3000,0x03,single,-25.750272,-3104,-0.172894,172,0,No fault,,,,,,,,,
2026-08-14T14:11:48.388,1786709508.388725,8.773592,3,-3000,5.000000,536,-3000,0x03,single,-26.475013,-3149,-0.202198,172,0,No fault,,,,,,,,,
2026-08-14T14:11:48.393,1786709508.393933,8.778798,3,-3000,5.000000,537,-3000,0x03,single,-27.177792,-2925,-0.155311,171,0,No fault,,,,,,,,,
2026-08-14T14:11:48.399,1786709508.399130,8.783995,3,-3000,5.000000,538,-3000,0x03,single,-27.880571,-2925,-0.126007,173,0,No fault,,,,,,,,,
2026-08-14T14:11:48.404,1786709508.404327,8.789192,3,-3000,5.000000,539,-3000,0x03,single,-28.605312,-2970,-0.126007,173,0,No fault,,,,,,,,,
2026-08-14T14:11:48.409,1786709508.409612,8.794479,3,-3000,5.000000,540,-3000,0x03,single,-29.330054,-3059,-0.190476,174,0,No fault,,,,,,,,,
2026-08-14T14:11:48.414,1786709508.414815,8.799682,3,-3000,5.000000,541,-3000,0x03,single,-30.032833,-3104,-0.172894,175,0,No fault,,,,,,,,,
2026-08-14T14:11:48.420,1786709508.420016,8.804880,3,-3000,5.000000,542,-3000,0x03,single,-30.757574,-3149,-0.131868,173,0,No fault,,,,,,,,,
2026-08-14T14:11:48.425,1786709508.425208,8.810072,3,-3000,5.000000,543,-3000,0x03,single,-31.482315,-3149,-0.096703,173,0,No fault,,,,,,,,,
2026-08-14T14:11:48.430,1786709508.430402,8.815267,3,-3000,5.000000,544,-3000,0x03,single,-32.207056,-3015,-0.155311,172,0,No fault,,,,,,,,,
2026-08-14T14:11:48.435,1786709508.435596,8.820461,3,-3000,5.000000,545,-3000,0x03,single,-32.909835,-2970,-0.167033,172,0,No fault,,,,,,,,,
2026-08-14T14:11:48.440,1786709508.440791,8.825656,3,-3000,5.000000,546,-3000,0x03,single,-33.634577,-3104,-0.096703,173,0,No fault,,,,,,,,,
2026-08-14T14:11:48.446,1786709508.446024,8.830899,3,-3000,5.000000,547,-3000,0x03,single,-34.337356,-2925,-0.096703,174,0,No fault,,,,,,,,,
2026-08-14T14:11:48.451,1786709508.451284,8.836150,3,-3000,5.000000,548,-3000,0x03,single,-35.062097,-2881,-0.137729,172,0,No fault,,,,,,,,,
2026-08-14T14:11:48.456,1786709508.456509,8.841375,3,-3000,5.000000,549,-3000,0x03,single,-35.786838,-3059,-0.143590,172,0,No fault,,,,,,,,,
2026-08-14T14:11:48.461,1786709508.461714,8.846583,3,-3000,5.000000,550,-3000,0x03,single,-36.489617,-3149,-0.108425,172,0,No fault,,,,,,,,,
2026-08-14T14:11:48.466,1786709508.466924,8.851789,3,-3000,5.000000,551,-3000,0x03,single,-37.236320,-3327,-0.120147,172,0,No fault,,,,,,,,,
2026-08-14T14:11:48.472,1786709508.472123,8.856988,3,-3000,5.000000,552,-3000,0x03,single,-37.961061,-3104,-0.131868,172,0,No fault,,,,,,,,,
2026-08-14T14:11:48.477,1786709508.477321,8.862187,3,-3000,5.000000,553,-3000,0x03,single,-38.641879,-2970,-0.167033,170,0,No fault,,,,,,,,,
2026-08-14T14:11:48.482,1786709508.482520,8.867385,3,-3000,5.000000,554,-3000,0x03,single,-39.366620,-2970,-0.108425,172,0,No fault,,,,,,,,,
2026-08-14T14:11:48.487,1786709508.487715,8.872580,3,-3000,5.000000,555,-3000,0x03,single,-40.091361,-2791,-0.126007,172,0,No fault,,,,,,,,,
2026-08-14T14:11:48.492,1786709508.492917,8.877784,3,-3000,5.000000,556,-3000,0x03,single,-40.794140,-2881,-0.196337,176,0,No fault,,,,,,,,,
2026-08-14T14:11:48.498,1786709508.498127,8.882992,3,-3000,5.000000,557,-3000,0x03,single,-41.518882,-2881,-0.172894,173,0,No fault,,,,,,,,,
2026-08-14T14:11:48.503,1786709508.503330,8.888195,3,-3000,5.000000,558,-3000,0x03,single,-42.221661,-2925,-0.155311,172,0,No fault,,,,,,,,,
2026-08-14T14:11:48.508,1786709508.508526,8.893391,3,-3000,5.000000,559,-3000,0x03,single,-42.946402,-3149,-0.126007,173,0,No fault,,,,,,,,,
2026-08-14T14:11:48.518,1786709508.518856,8.903734,3,-3000,5.000000,560,-3000,0x03,single,-43.671143,-2925,-0.190476,172,0,No fault,,,,,,,,,
2026-08-14T14:11:48.524,1786709508.524154,8.909035,3,-3000,5.000000,561,-3000,0x03,single,-45.076702,-2970,-0.143590,171,0,No fault,,,,,,,,,
2026-08-14T14:11:48.529,1786709508.529430,8.914296,3,-3000,5.000000,562,-3000,0x03,single,-46.855612,-2970,-0.190476,172,0,No fault,,,,,,,,,
2026-08-14T14:11:48.534,1786709508.534641,8.919508,3,-3000,5.000000,563,-3000,0x03,single,-47.207001,-2881,-0.184615,169,0,No fault,,,,,,,,,
2026-08-14T14:11:48.539,1786709508.539846,8.924711,3,-3000,5.000000,564,-3000,0x03,single,-47.580353,-2881,-0.196337,172,0,No fault,,,,,,,,,
2026-08-14T14:11:48.545,1786709508.545043,8.929909,3,-3000,5.000000,565,-3000,0x03,single,-48.327056,-2925,-0.084982,173,0,No fault,,,,,,,,,
2026-08-14T14:11:48.550,1786709508.550243,8.935109,3,-3000,5.000000,566,-3000,0x03,single,-49.029835,-2925,-0.184615,171,0,No fault,,,,,,,,,
2026-08-14T14:11:48.555,1786709508.555444,8.940309,3,-3000,5.000000,567,-3000,0x03,single,-49.732614,-2836,-0.190476,172,0,No fault,,,,,,,,,
2026-08-14T14:11:48.560,1786709508.560724,8.945658,3,-3000,5.000000,568,-3000,0x03,single,-50.457355,-2925,-0.161172,175,0,No fault,,,,,,,,,
2026-08-14T14:11:48.566,1786709508.566400,8.951311,3,-3000,5.000000,569,-3000,0x03,single,-51.182096,-2925,-0.114286,172,0,No fault,,,,,,,,,
2026-08-14T14:11:48.571,1786709508.571795,8.956667,3,-3000,5.000000,570,-3000,0x03,single,-51.906838,-2791,-0.143590,174,0,No fault,,,,,,,,,
2026-08-14T14:11:48.577,1786709508.577025,8.961894,3,-3000,5.000000,571,-3000,0x03,single,-52.631579,-2970,-0.190476,174,0,No fault,,,,,,,,,
2026-08-14T14:11:48.582,1786709508.582271,8.967153,3,-3000,5.000000,572,-3000,0x03,single,-53.312396,-2791,-0.114286,170,0,No fault,,,,,,,,,
2026-08-14T14:11:48.587,1786709508.587574,8.972466,3,-3000,5.000000,573,-3000,0x03,single,-54.059099,-3104,-0.102564,173,0,No fault,,,,,,,,,
2026-08-14T14:11:48.592,1786709508.592930,8.977808,3,-3000,5.000000,574,-3000,0x03,single,-54.783840,-3015,-0.143590,172,0,No fault,,,,,,,,,
2026-08-14T14:11:48.598,1786709508.598302,8.983176,3,-3000,5.000000,575,-3000,0x03,single,-55.508581,-2925,-0.149451,177,0,No fault,,,,,,,,,
2026-08-14T14:11:48.603,1786709508.603550,8.988424,3,-3000,5.000000,576,-3000,0x03,single,-56.211361,-2881,-0.137729,172,0,No fault,,,,,,,,,
2026-08-14T14:11:48.608,1786709508.608806,8.993679,3,-3000,5.000000,577,-3000,0x03,single,-56.936102,-3059,-0.096703,172,0,No fault,,,,,,,,,
2026-08-14T14:11:48.614,1786709508.614794,8.999672,3,-3000,5.000000,578,-3000,0x03,single,-58.363622,-3283,-0.184615,174,0,No fault,,,,,,,,,
2026-08-14T14:11:48.620,1786709508.620049,9.004915,3,-3000,5.000000,579,-3000,0x03,single,-59.066401,-3104,-0.149451,171,0,No fault,,,,,,,,,
2026-08-14T14:11:48.625,1786709508.625253,9.010120,3,-3000,5.000000,580,-3000,0x03,single,-59.791143,-3059,-0.131868,173,0,No fault,,,,,,,,,
2026-08-14T14:11:48.630,1786709508.630480,9.015355,3,-3000,5.000000,581,-3000,0x03,single,-60.493922,-2925,-0.172894,172,0,No fault,,,,,,,,,
2026-08-14T14:11:48.635,1786709508.635727,9.020594,3,-3000,5.000000,582,-3000,0x03,single,-61.196701,-2613,-0.208059,173,0,No fault,,,,,,,,,
2026-08-14T14:11:48.640,1786709508.640938,9.025805,3,-3000,5.000000,583,-3000,0x03,single,-61.921442,-3059,-0.167033,173,0,No fault,,,,,,,,,
2026-08-14T14:11:48.646,1786709508.646149,9.031015,3,-3000,5.000000,584,-3000,0x03,single,-62.646183,-2836,-0.143590,173,0,No fault,,,,,,,,,
2026-08-14T14:11:48.651,1786709508.651355,9.036223,3,-3000,5.000000,585,-3000,0x03,single,-63.348963,-2791,-0.172894,173,0,No fault,,,,,,,,,
2026-08-14T14:11:48.656,1786709508.656539,9.041407,3,-3000,5.000000,586,-3000,0x03,single,-64.073704,-2970,-0.208059,172,0,No fault,,,,,,,,,
2026-08-14T14:11:48.661,1786709508.661782,9.046657,3,-3000,5.000000,587,-3000,0x03,single,-64.776483,-2925,-0.155311,171,0,No fault,,,,,,,,,
2026-08-14T14:11:48.667,1786709508.667056,9.051922,3,-3000,5.000000,588,-3000,0x03,single,-65.501224,-3193,-0.172894,171,0,No fault,,,,,,,,,
2026-08-14T14:11:48.672,1786709508.672272,9.057140,3,-3000,5.000000,589,-3000,0x03,single,-66.225965,-3015,-0.196337,171,0,No fault,,,,,,,,,
2026-08-14T14:11:48.677,1786709508.677488,9.062354,3,-3000,5.000000,590,-3000,0x03,single,-66.950706,-3015,-0.172894,174,0,No fault,,,,,,,,,
2026-08-14T14:11:48.682,1786709508.682693,9.067559,3,-3000,5.000000,591,-3000,0x03,single,-67.653486,-2881,-0.155311,172,0,No fault,,,,,,,,,
2026-08-14T14:11:48.687,1786709508.687897,9.072763,3,-3000,5.000000,592,-3000,0x03,single,-68.378227,-2970,-0.131868,173,0,No fault,,,,,,,,,
2026-08-14T14:11:48.693,1786709508.693104,9.077971,3,-3000,5.000000,593,-3000,0x03,single,-69.081006,-2925,-0.208059,172,0,No fault,,,,,,,,,
2026-08-14T14:11:48.698,1786709508.698309,9.083175,3,-3000,5.000000,594,-3000,0x03,single,-69.783785,-2613,-0.184615,173,0,No fault,,,,,,,,,
2026-08-14T14:11:48.703,1786709508.703511,9.088376,3,-3000,5.000000,595,-3000,0x03,single,-70.508526,-2791,-0.143590,171,0,No fault,,,,,,,,,
2026-08-14T14:11:48.708,1786709508.708709,9.093574,3,-3000,5.000000,596,-3000,0x03,single,-71.233267,-2970,-0.137729,171,0,No fault,,,,,,,,,
2026-08-14T14:11:48.719,1786709508.719055,9.103923,3,-3000,5.000000,597,-3000,0x03,single,-72.682750,-2970,-0.184615,172,0,No fault,,,,,,,,,
2026-08-14T14:11:48.724,1786709508.724296,9.109165,3,-3000,5.000000,598,-3000,0x03,single,-73.385529,-2925,-0.102564,171,0,No fault,,,,,,,,,
2026-08-14T14:11:48.729,1786709508.729507,9.114374,3,-3000,5.000000,599,-3000,0x03,single,-74.856973,-3327,-0.155311,172,0,No fault,,,,,,,,,
2026-08-14T14:11:48.734,1786709508.734705,9.119572,3,-3000,5.000000,600,-3000,0x03,single,-75.208363,-2881,-0.126007,172,0,No fault,,,,,,,,,
2026-08-14T14:11:48.739,1786709508.739909,9.124775,3,-3000,5.000000,601,-3000,0x03,single,-75.581714,-3104,-0.172894,173,0,No fault,,,,,,,,,
2026-08-14T14:11:48.745,1786709508.745101,9.129967,3,-3000,5.000000,602,-3000,0x03,single,-76.284493,-3015,-0.114286,172,0,No fault,,,,,,,,,
2026-08-14T14:11:48.750,1786709508.750298,9.135163,3,-3000,5.000000,603,-3000,0x03,single,-77.009235,-2836,-0.067399,171,0,No fault,,,,,,,,,
2026-08-14T14:11:48.755,1786709508.755494,9.140359,3,-3000,5.000000,604,-3000,0x03,single,-77.755938,-3015,-0.167033,176,0,No fault,,,,,,,,,
2026-08-14T14:11:48.760,1786709508.760688,9.145555,3,-3000,5.000000,605,-3000,0x03,single,-78.458717,-2970,-0.143590,173,0,No fault,,,,,,,,,
2026-08-14T14:11:48.765,1786709508.765887,9.150753,3,-3000,5.000000,606,-3000,0x03,single,-79.161496,-2836,-0.114286,173,0,No fault,,,,,,,,,
2026-08-14T14:11:48.771,1786709508.771082,9.155947,3,-3000,5.000000,607,-3000,0x03,single,-79.886237,-2925,-0.114286,172,0,No fault,,,,,,,,,
2026-08-14T14:11:48.776,1786709508.776271,9.161137,3,-3000,5.000000,608,-3000,0x03,single,-80.589017,-2836,-0.196337,173,0,No fault,,,,,,,,,
2026-08-14T14:11:48.781,1786709508.781470,9.166336,3,-3000,5.000000,609,-3000,0x03,single,-81.313758,-3059,-0.208059,172,0,No fault,,,,,,,,,
2026-08-14T14:11:48.786,1786709508.786660,9.171526,3,-3000,5.000000,610,-3000,0x03,single,-82.016537,-2970,-0.137729,172,0,No fault,,,,,,,,,
2026-08-14T14:11:48.791,1786709508.791857,9.176723,3,-3000,5.000000,611,-3000,0x03,single,-82.741278,-3059,-0.143590,172,0,No fault,,,,,,,,,
2026-08-14T14:11:48.797,1786709508.797054,9.181919,3,-3000,5.000000,612,-3000,0x03,single,-83.466019,-3149,-0.184615,172,0,No fault,,,,,,,,,
2026-08-14T14:11:48.802,1786709508.802247,9.187114,3,-3000,5.000000,613,-3000,0x03,single,-84.168798,-2836,-0.196337,172,0,No fault,,,,,,,,,
2026-08-14T14:11:48.807,1786709508.807444,9.192309,3,-3000,5.000000,614,-3000,0x03,single,-84.893540,-3059,-0.114286,173,0,No fault,,,,,,,,,
2026-08-14T14:11:48.812,1786709508.812675,9.197556,3,-3000,5.000000,615,-3000,0x03,single,-85.596319,-2925,-0.120147,174,0,No fault,,,,,,,,,
2026-08-14T14:11:48.817,1786709508.817950,9.202818,3,-3000,5.000000,616,-3000,0x03,single,-86.321060,-3015,-0.243223,172,0,No fault,,,,,,,,,
2026-08-14T14:11:48.823,1786709508.823162,9.208029,3,-3000,5.000000,617,-3000,0x03,single,-87.023839,-3015,-0.178755,172,0,No fault,,,,,,,,,
2026-08-14T14:11:48.828,1786709508.828366,9.213234,3,-3000,5.000000,618,-3000,0x03,single,-87.748580,-2925,-0.102564,172,0,No fault,,,,,,,,,
2026-08-14T14:11:48.833,1786709508.833730,9.218598,3,-3000,5.000000,619,-3000,0x03,single,-89.198063,-3059,-0.196337,173,0,No fault,,,,,,,,,
2026-08-14T14:11:48.838,1786709508.838931,9.223799,3,-3000,5.000000,620,-3000,0x03,single,-89.900842,-2791,-0.137729,173,0,No fault,,,,,,,,,
2026-08-14T14:11:48.844,1786709508.844226,9.229092,3,-3000,5.000000,621,-3000,0x03,single,-90.603621,-2881,-0.114286,173,0,No fault,,,,,,,,,
2026-08-14T14:11:48.849,1786709508.849427,9.234292,3,-3000,5.000000,622,-3000,0x03,single,-91.328362,-3149,-0.114286,172,0,No fault,,,,,,,,,
2026-08-14T14:11:48.854,1786709508.854622,9.239489,3,-3000,5.000000,623,-3000,0x03,single,-92.053103,-2970,-0.155311,171,0,No fault,,,,,,,,,
2026-08-14T14:11:48.859,1786709508.859826,9.244692,3,-3000,5.000000,624,-3000,0x03,single,-92.777844,-3059,-0.167033,173,0,No fault,,,,,,,,,
2026-08-14T14:11:48.865,1786709508.865030,9.249897,3,-3000,5.000000,625,-3000,0x03,single,-93.480624,-2970,-0.096703,173,0,No fault,,,,,,,,,
2026-08-14T14:11:48.870,1786709508.870268,9.255134,3,-3000,5.000000,626,-3000,0x03,single,-94.205365,-3059,-0.114286,176,0,No fault,,,,,,,,,
2026-08-14T14:11:48.875,1786709508.875463,9.260328,3,-3000,5.000000,627,-3000,0x03,single,-94.930106,-2791,-0.114286,170,0,No fault,,,,,,,,,
2026-08-14T14:11:48.880,1786709508.880658,9.265524,3,-3000,5.000000,628,-3000,0x03,single,-95.632885,-2881,-0.137729,174,0,No fault,,,,,,,,,
2026-08-14T14:11:48.885,1786709508.885859,9.270724,3,-3000,5.000000,629,-3000,0x03,single,-96.357626,-3015,-0.096703,172,0,No fault,,,,,,,,,
2026-08-14T14:11:48.891,1786709508.891050,9.275916,3,-3000,5.000000,630,-3000,0x03,single,-97.060406,-2881,-0.114286,172,0,No fault,,,,,,,,,
2026-08-14T14:11:48.896,1786709508.896246,9.281112,3,-3000,5.000000,631,-3000,0x03,single,-97.807109,-2925,-0.137729,174,0,No fault,,,,,,,,,
2026-08-14T14:11:48.901,1786709508.901446,9.286311,3,-3000,5.000000,632,-3000,0x03,single,-98.509888,-2970,-0.172894,172,0,No fault,,,,,,,,,
2026-08-14T14:11:48.906,1786709508.906636,9.291502,3,-3000,5.000000,633,-3000,0x03,single,-99.212667,-2925,-0.137729,175,0,No fault,,,,,,,,,
2026-08-14T14:11:48.911,1786709508.911834,9.296699,3,-3000,5.000000,634,-3000,0x03,single,-99.937408,-2791,-0.131868,172,0,No fault,,,,,,,,,
2026-08-14T14:11:48.927,1786709508.927358,9.312226,3,-3000,5.000000,635,-3000,0x03,single,-101.364929,-3059,-0.202198,171,0,No fault,,,,,,,,,
2026-08-14T14:11:48.932,1786709508.932521,9.317387,3,-3000,5.000000,636,-3000,0x03,single,-102.089670,-3193,-0.167033,174,0,No fault,,,,,,,,,
2026-08-14T14:11:48.937,1786709508.937788,9.322656,3,-3000,5.000000,637,-3000,0x03,single,-103.802694,-2791,-0.237363,173,0,No fault,,,,,,,,,
2026-08-14T14:11:48.943,1786709508.943123,9.327991,3,-3000,5.000000,638,-3000,0x03,single,-104.549397,-2881,-0.213919,170,0,No fault,,,,,,,,,
2026-08-14T14:11:48.948,1786709508.948419,9.333287,3,-3000,5.000000,639,-3000,0x03,single,-105.296100,-3283,-0.090842,173,0,No fault,,,,,,,,,
2026-08-14T14:11:48.953,1786709508.953641,9.338505,3,-3000,5.000000,640,-3000,0x03,single,-105.998879,-3238,-0.190476,173,0,No fault,,,,,,,,,
2026-08-14T14:11:48.958,1786709508.958837,9.343705,3,-3000,5.000000,641,-3000,0x03,single,-106.701659,-2881,-0.184615,172,0,No fault,,,,,,,,,
2026-08-14T14:11:48.964,1786709508.964032,9.348899,3,-3000,5.000000,642,-3000,0x03,single,-107.404438,-3015,-0.202198,170,0,No fault,,,,,,,,,
2026-08-14T14:11:48.969,1786709508.969230,9.354097,3,-3000,5.000000,643,-3000,0x03,single,-108.107217,-2925,-0.126007,173,0,No fault,,,,,,,,,
2026-08-14T14:11:48.974,1786709508.974430,9.359295,3,-3000,5.000000,644,-3000,0x03,single,-108.831958,-2747,-0.155311,173,0,No fault,,,,,,,,,
2026-08-14T14:11:48.979,1786709508.979619,9.364486,3,-3000,5.000000,645,-3000,0x03,single,-109.556700,-2925,-0.178755,172,0,No fault,,,,,,,,,
2026-08-14T14:11:48.984,1786709508.984815,9.369681,3,-3000,5.000000,646,-3000,0x03,single,-110.259479,-2970,-0.184615,173,0,No fault,,,,,,,,,
2026-08-14T14:11:48.990,1786709508.990014,9.374881,3,-3000,5.000000,647,-3000,0x03,single,-110.984220,-3015,-0.096703,169,0,No fault,,,,,,,,,
2026-08-14T14:11:48.995,1786709508.995204,9.380070,3,-3000,5.000000,648,-3000,0x03,single,-111.708961,-3015,-0.155311,173,0,No fault,,,,,,,,,
2026-08-14T14:11:49.000,1786709509.000399,9.385265,3,-3000,5.000000,649,-3000,0x03,single,-112.411740,-3015,-0.184615,172,0,No fault,,,,,,,,,
2026-08-14T14:11:49.005,1786709509.005611,9.390478,3,-3000,5.000000,650,-3000,0x03,single,-113.114520,-2970,-0.184615,175,0,No fault,,,,,,,,,
2026-08-14T14:11:49.010,1786709509.010805,9.395671,3,-3000,5.000000,651,-3000,0x03,single,-113.839261,-2970,-0.102564,173,0,No fault,,,,,,,,,
2026-08-14T14:11:49.016,1786709509.016004,9.400870,3,-3000,5.000000,652,-3000,0x03,single,-114.585964,-3149,-0.155311,172,0,No fault,,,,,,,,,
2026-08-14T14:11:49.021,1786709509.021197,9.406064,3,-3000,5.000000,653,-3000,0x03,single,-115.288743,-2836,-0.149451,175,0,No fault,,,,,,,,,
2026-08-14T14:11:49.026,1786709509.026460,9.411350,3,-3000,5.000000,654,-3000,0x03,single,-115.991522,-3015,-0.137729,172,0,No fault,,,,,,,,,
2026-08-14T14:11:49.032,1786709509.032557,9.417456,3,-3000,5.000000,655,-3000,0x03,single,-116.716263,-3149,-0.079121,172,0,No fault,,,,,,,,,
2026-08-14T14:11:49.037,1786709509.037851,9.422725,3,-3000,5.000000,656,-3000,0x03,single,-117.441004,-3015,-0.149451,172,0,No fault,,,,,,,,,
2026-08-14T14:11:49.043,1786709509.043089,9.427974,3,-3000,5.000000,657,-3000,0x03,single,-118.143784,-2791,-0.178755,173,0,No fault,,,,,,,,,
2026-08-14T14:11:49.048,1786709509.048410,9.433299,3,-3000,5.000000,658,-3000,0x03,single,-118.846563,-2836,-0.167033,172,0,No fault,,,,,,,,,
2026-08-14T14:11:49.053,1786709509.053723,9.438595,3,-3000,5.000000,659,-3000,0x03,single,-119.571304,-2881,-0.114286,176,0,No fault,,,,,,,,,
2026-08-14T14:11:49.059,1786709509.059002,9.443910,3,-3000,5.000000,660,-3000,0x03,single,-120.296045,-2925,-0.172894,172,0,No fault,,,,,,,,,
2026-08-14T14:11:49.064,1786709509.064399,9.449272,3,-3000,5.000000,661,-3000,0x03,single,-121.020786,-2791,-0.196337,172,0,No fault,,,,,,,,,
2026-08-14T14:11:49.069,1786709509.069661,9.454539,3,-3000,5.000000,662,-3000,0x03,single,-121.723566,-3059,-0.243223,172,0,No fault,,,,,,,,,
2026-08-14T14:11:49.074,1786709509.074875,9.459736,3,-3000,5.000000,663,-3000,0x03,single,-122.448307,-3104,-0.131868,172,0,No fault,,,,,,,,,
2026-08-14T14:11:49.080,1786709509.080391,9.465261,3,-3000,5.000000,664,-3000,0x03,single,-123.875827,-2970,-0.178755,173,0,No fault,,,,,,,,,
2026-08-14T14:11:49.085,1786709509.085631,9.470499,3,-3000,5.000000,665,-3000,0x03,single,-124.578606,-3059,-0.225641,171,0,No fault,,,,,,,,,
2026-08-14T14:11:49.090,1786709509.090935,9.475803,3,-3000,5.000000,666,-3000,0x03,single,-125.303348,-2970,-0.084982,170,0,No fault,,,,,,,,,
2026-08-14T14:11:49.096,1786709509.096138,9.481003,3,-3000,5.000000,667,-3000,0x03,single,-126.006127,-3059,-0.196337,172,0,No fault,,,,,,,,,
2026-08-14T14:11:49.101,1786709509.101341,9.486227,3,-3000,5.000000,668,-3000,0x03,single,-126.752830,-3193,-0.184615,175,0,No fault,,,,,,,,,
2026-08-14T14:11:49.106,1786709509.106594,9.491465,3,-3000,5.000000,669,-3000,0x03,single,-127.433647,-3015,-0.196337,172,0,No fault,,,,,,,,,
2026-08-14T14:11:49.111,1786709509.111814,9.496683,3,-3000,5.000000,670,-3000,0x03,single,-128.158388,-2925,-0.131868,172,0,No fault,,,,,,,,,
2026-08-14T14:11:49.127,1786709509.127266,9.512177,3,-3000,5.000000,671,-3000,0x03,single,-129.585909,-2970,-0.196337,176,0,No fault,,,,,,,,,
2026-08-14T14:11:49.132,1786709509.132627,9.517508,3,-3000,5.000000,672,-3000,0x03,single,-130.310650,-2881,-0.161172,172,0,No fault,,,,,,,,,
2026-08-14T14:11:49.137,1786709509.137926,9.522799,3,-3000,5.000000,673,-3000,0x03,single,-132.023674,-2970,-0.172894,173,0,No fault,,,,,,,,,
2026-08-14T14:11:49.143,1786709509.143156,9.528026,3,-3000,5.000000,674,-3000,0x03,single,-132.375064,-2747,-0.161172,172,0,No fault,,,,,,,,,
2026-08-14T14:11:49.148,1786709509.148379,9.533249,3,-3000,5.000000,675,-3000,0x03,single,-132.792339,-3059,-0.143590,172,0,No fault,,,,,,,,,
2026-08-14T14:11:49.153,1786709509.153624,9.538495,3,-3000,5.000000,676,-3000,0x03,single,-133.495118,-2925,-0.114286,173,0,No fault,,,,,,,,,
2026-08-14T14:11:49.158,1786709509.158856,9.543730,3,-3000,5.000000,677,-3000,0x03,single,-134.197898,-2747,-0.108425,171,0,No fault,,,,,,,,,
2026-08-14T14:11:49.164,1786709509.164323,9.549196,3,-3000,5.000000,678,-3000,0x03,single,-135.647380,-2925,-0.184615,173,0,No fault,,,,,,,,,
2026-08-14T14:11:49.169,1786709509.169553,9.554421,3,-3000,5.000000,679,-3000,0x03,single,-136.350159,-2747,-0.120147,173,0,No fault,,,,,,,,,
2026-08-14T14:11:49.174,1786709509.174803,9.559670,3,-3000,5.000000,680,-3000,0x03,single,-137.096862,-2881,-0.108425,173,0,No fault,,,,,,,,,
2026-08-14T14:11:49.180,1786709509.180069,9.564935,3,-3000,5.000000,681,-3000,0x03,single,-137.821603,-2970,-0.184615,173,0,No fault,,,,,,,,,
2026-08-14T14:11:49.185,1786709509.185265,9.570132,3,-3000,5.000000,682,-3000,0x03,single,-138.524383,-2970,-0.172894,171,0,No fault,,,,,,,,,
2026-08-14T14:11:49.190,1786709509.190465,9.575330,3,-3000,5.000000,683,-3000,0x03,single,-139.249124,-3015,-0.149451,172,0,No fault,,,,,,,,,
2026-08-14T14:11:49.195,1786709509.195717,9.580583,3,-3000,5.000000,684,-3000,0x03,single,-139.973865,-2836,-0.102564,173,0,No fault,,,,,,,,,
2026-08-14T14:11:49.200,1786709509.200912,9.585778,3,-3000,5.000000,685,-3000,0x03,single,-140.676644,-2970,-0.225641,172,0,No fault,,,,,,,,,
2026-08-14T14:11:49.206,1786709509.206103,9.590969,3,-3000,5.000000,686,-3000,0x03,single,-141.401385,-3149,-0.202198,172,0,No fault,,,,,,,,,
2026-08-14T14:11:49.211,1786709509.211293,9.596158,3,-3000,5.000000,687,-3000,0x03,single,-142.104164,-2970,-0.137729,172,0,No fault,,,,,,,,,
2026-08-14T14:11:49.216,1786709509.216524,9.601399,3,-3000,5.000000,688,-3000,0x03,single,-142.828906,-3104,-0.172894,174,0,No fault,,,,,,,,,
2026-08-14T14:11:49.221,1786709509.221768,9.606636,3,-3000,5.000000,689,-3000,0x03,single,-143.553647,-3015,-0.184615,173,0,No fault,,,,,,,,,
2026-08-14T14:11:49.226,1786709509.226972,9.611839,3,-3000,5.000000,690,-3000,0x03,single,-144.256426,-2881,-0.208059,172,0,No fault,,,,,,,,,
2026-08-14T14:11:49.232,1786709509.232166,9.617034,3,-3000,5.000000,691,-3000,0x03,single,-144.981167,-2881,-0.114286,173,0,No fault,,,,,,,,,
2026-08-14T14:11:49.237,1786709509.237358,9.622225,3,-3000,5.000000,692,-3000,0x03,single,-145.683946,-2747,-0.120147,172,0,No fault,,,,,,,,,
2026-08-14T14:11:49.242,1786709509.242550,9.627415,3,-3000,5.000000,693,-3000,0x03,single,-146.408687,-3059,-0.219780,172,0,No fault,,,,,,,,,
2026-08-14T14:11:49.247,1786709509.247744,9.632615,3,-3000,5.000000,694,-3000,0x03,single,-147.111467,-2836,-0.208059,172,0,No fault,,,,,,,,,
2026-08-14T14:11:49.253,1786709509.253036,9.637967,3,-3000,5.000000,695,-3000,0x03,single,-147.836208,-3149,-0.143590,172,0,No fault,,,,,,,,,
2026-08-14T14:11:49.258,1786709509.258555,9.643455,3,-3000,5.000000,696,-3000,0x03,single,-148.560949,-3015,-0.102564,172,0,No fault,,,,,,,,,
2026-08-14T14:11:49.263,1786709509.263918,9.648793,3,-3000,5.000000,697,-3000,0x03,single,-149.263728,-2836,-0.167033,172,0,No fault,,,,,,,,,
2026-08-14T14:11:49.269,1786709509.269162,9.654033,3,-3000,5.000000,698,-3000,0x03,single,-150.032393,-3149,-0.155311,172,0,No fault,,,,,,,,,
2026-08-14T14:11:49.274,1786709509.274390,9.659257,3,-3000,5.000000,699,-3000,0x03,single,-150.713210,-2925,-0.161172,173,0,No fault,,,,,,,,,
2026-08-14T14:11:49.279,1786709509.279625,9.664502,3,-3000,5.000000,700,-3000,0x03,single,-151.459913,-3283,-0.108425,172,0,No fault,,,,,,,,,
2026-08-14T14:11:49.284,1786709509.284876,9.669743,3,-3000,5.000000,701,-3000,0x03,single,-152.184655,-3149,-0.155311,172,0,No fault,,,,,,,,,
2026-08-14T14:11:49.290,1786709509.290087,9.674954,3,-3000,5.000000,702,-3000,0x03,single,-152.887434,-3238,-0.167033,170,0,No fault,,,,,,,,,
2026-08-14T14:11:49.295,1786709509.295293,9.680160,3,-3000,5.000000,703,-3000,0x03,single,-153.590213,-3059,-0.096703,172,0,No fault,,,,,,,,,
2026-08-14T14:11:49.300,1786709509.300685,9.685614,3,-3000,5.000000,704,-3000,0x03,single,-154.336916,-3059,-0.102564,170,0,No fault,,,,,,,,,
2026-08-14T14:11:49.306,1786709509.306124,9.691005,3,-3000,5.000000,705,-3000,0x03,single,-155.039695,-3059,-0.149451,169,0,No fault,,,,,,,,,
2026-08-14T14:11:49.311,1786709509.311366,9.696236,3,-3000,5.000000,706,-3000,0x03,single,-155.764436,-3059,-0.161172,172,0,No fault,,,,,,,,,
2026-08-14T14:11:49.316,1786709509.316579,9.701446,3,-3000,5.000000,707,-3000,0x03,single,-156.489178,-3283,-0.096703,171,0,No fault,,,,,,,,,
2026-08-14T14:11:49.326,1786709509.326861,9.711751,3,-3000,5.000000,708,-3000,0x03,single,-157.213919,-2970,-0.108425,174,0,No fault,,,,,,,,,
2026-08-14T14:11:49.332,1786709509.332125,9.716994,3,-3000,5.000000,709,-3000,0x03,single,-158.619477,-2881,-0.184615,173,0,No fault,,,,,,,,,
2026-08-14T14:11:49.337,1786709509.337329,9.722196,3,-3000,5.000000,710,-3000,0x03,single,-160.552120,-3059,-0.190476,173,0,No fault,,,,,,,,,
2026-08-14T14:11:49.342,1786709509.342536,9.727402,3,-3000,5.000000,711,-3000,0x03,single,-160.903510,-2702,-0.190476,173,0,No fault,,,,,,,,,
2026-08-14T14:11:49.347,1786709509.347818,9.732684,3,-3000,5.000000,712,-3000,0x03,single,-161.298823,-2925,-0.196337,172,0,No fault,,,,,,,,,
2026-08-14T14:11:49.353,1786709509.353014,9.737882,3,-3000,5.000000,713,-3000,0x03,single,-162.001602,-3059,-0.161172,172,0,No fault,,,,,,,,,
2026-08-14T14:11:49.358,1786709509.358222,9.743088,3,-3000,5.000000,714,-3000,0x03,single,-162.726344,-3149,-0.161172,173,0,No fault,,,,,,,,,
2026-08-14T14:11:49.363,1786709509.363418,9.748283,3,-3000,5.000000,715,-3000,0x03,single,-163.451085,-3059,-0.190476,172,0,No fault,,,,,,,,,
2026-08-14T14:11:49.368,1786709509.368607,9.753472,3,-3000,5.000000,716,-3000,0x03,single,-164.131902,-2836,-0.243223,172,0,No fault,,,,,,,,,
2026-08-14T14:11:49.373,1786709509.373796,9.758660,3,-3000,5.000000,717,-3000,0x03,single,-164.856643,-3059,-0.178755,174,0,No fault,,,,,,,,,
2026-08-14T14:11:49.378,1786709509.378982,9.763847,3,-3000,5.000000,718,-3000,0x03,single,-165.581384,-2881,-0.126007,166,0,No fault,,,,,,,,,
2026-08-14T14:11:49.384,1786709509.384167,9.769033,3,-3000,5.000000,719,-3000,0x03,single,-166.306125,-2970,-0.237363,172,0,No fault,,,,,,,,,
2026-08-14T14:11:49.389,1786709509.389358,9.774224,3,-3000,5.000000,720,-3000,0x03,single,-167.008905,-2791,-0.190476,171,0,No fault,,,,,,,,,
2026-08-14T14:11:49.394,1786709509.394551,9.779416,3,-3000,5.000000,721,-3000,0x03,single,-167.733646,-3015,-0.172894,174,0,No fault,,,,,,,,,
2026-08-14T14:11:49.399,1786709509.399741,9.784606,3,-3000,5.000000,722,-3000,0x03,single,-168.458387,-3059,-0.120147,174,0,No fault,,,,,,,,,
2026-08-14T14:11:49.404,1786709509.404974,9.789856,3,-3000,5.000000,723,-3000,0x03,single,-169.161166,-2881,-0.208059,172,0,No fault,,,,,,,,,
2026-08-14T14:11:49.410,1786709509.410281,9.795158,3,-3000,5.000000,724,-3000,0x03,single,-169.863946,-2836,-0.184615,172,0,No fault,,,,,,,,,
2026-08-14T14:11:49.415,1786709509.415555,9.800430,3,-3000,5.000000,725,-3000,0x03,single,-170.588687,-2881,-0.126007,172,0,No fault,,,,,,,,,
2026-08-14T14:11:49.420,1786709509.420815,9.805686,3,-3000,5.000000,726,-3000,0x03,single,-171.313428,-2970,-0.108425,174,0,No fault,,,,,,,,,
2026-08-14T14:11:49.426,1786709509.426058,9.810930,3,-3000,5.000000,727,-3000,0x03,single,-172.038169,-2970,-0.155311,172,0,No fault,,,,,,,,,
2026-08-14T14:11:49.431,1786709509.431312,9.816187,3,-3000,5.000000,728,-3000,0x03,single,-172.740948,-2791,-0.184615,173,0,No fault,,,,,,,,,
2026-08-14T14:11:49.436,1786709509.436573,9.821448,3,-3000,5.000000,729,-3000,0x03,single,-173.465689,-2881,-0.120147,173,0,No fault,,,,,,,,,
2026-08-14T14:11:49.441,1786709509.441826,9.826698,3,-3000,5.000000,730,-3000,0x03,single,-174.190430,-2836,-0.120147,173,0,No fault,,,,,,,,,
2026-08-14T14:11:49.447,1786709509.447069,9.831938,3,-3000,5.000000,731,-3000,0x03,single,-174.893210,-2881,-0.184615,173,0,No fault,,,,,,,,,
2026-08-14T14:11:49.452,1786709509.452317,9.837191,3,-3000,5.000000,732,-3000,0x03,single,-175.617951,-2747,-0.137729,173,0,No fault,,,,,,,,,
2026-08-14T14:11:49.457,1786709509.457574,9.842448,3,-3000,5.000000,733,-3000,0x03,single,-176.342692,-2881,-0.120147,172,0,No fault,,,,,,,,,
2026-08-14T14:11:49.462,1786709509.462831,9.847708,3,-3000,5.000000,734,-3000,0x03,single,-177.067433,-2925,-0.143590,173,0,No fault,,,,,,,,,
2026-08-14T14:11:49.468,1786709509.468098,9.852971,3,-3000,5.000000,735,-3000,0x03,single,-177.770212,-2925,-0.167033,172,0,No fault,,,,,,,,,
2026-08-14T14:11:49.473,1786709509.473344,9.858218,3,-3000,5.000000,736,-3000,0x03,single,-178.494953,-2836,-0.167033,169,0,No fault,,,,,,,,,
2026-08-14T14:11:49.478,1786709509.478595,9.863467,3,-3000,5.000000,737,-3000,0x03,single,-179.197733,-2881,-0.149451,172,0,No fault,,,,,,,,,
2026-08-14T14:11:49.483,1786709509.483826,9.868697,3,-3000,5.000000,738,-3000,0x03,single,-179.922474,-3015,-0.131868,175,0,No fault,,,,,,,,,
2026-08-14T14:11:49.489,1786709509.489140,9.874008,3,-3000,5.000000,739,-3000,0x03,single,-180.647215,-2970,-0.196337,169,0,No fault,,,,,,,,,
2026-08-14T14:11:49.494,1786709509.494421,9.879289,3,-3000,5.000000,740,-3000,0x03,single,-182.052773,-2791,-0.161172,172,0,No fault,,,,,,,,,
2026-08-14T14:11:49.499,1786709509.499698,9.884565,3,-3000,5.000000,741,-3000,0x03,single,-182.777515,-2925,-0.137729,172,0,No fault,,,,,,,,,
2026-08-14T14:11:49.504,1786709509.504898,9.889765,3,-3000,5.000000,742,-3000,0x03,single,-183.502256,-3104,-0.184615,172,0,No fault,,,,,,,,,
2026-08-14T14:11:49.510,1786709509.510098,9.894965,3,-3000,5.000000,743,-3000,0x03,single,-184.205035,-3015,-0.219780,175,0,No fault,,,,,,,,,
2026-08-14T14:11:49.515,1786709509.515297,9.900163,3,-3000,5.000000,744,-3000,0x03,single,-184.907814,-2791,-0.167033,172,0,No fault,,,,,,,,,
2026-08-14T14:11:49.530,1786709509.530766,9.915654,3,-3000,5.000000,745,-3000,0x03,single,-186.357297,-2881,-0.213919,172,0,No fault,,,,,,,,,
2026-08-14T14:11:49.536,1786709509.536094,9.920962,3,-3000,5.000000,746,-3000,0x03,single,-187.060076,-2970,-0.196337,173,0,No fault,,,,,,,,,
2026-08-14T14:11:49.541,1786709509.541330,9.926210,3,-3000,5.000000,747,-3000,0x03,single,-188.817024,-2791,-0.190476,173,0,No fault,,,,,,,,,
2026-08-14T14:11:49.546,1786709509.546595,9.931461,3,-3000,5.000000,748,-3000,0x03,single,-189.168414,-2747,-0.172894,172,0,No fault,,,,,,,,,
2026-08-14T14:11:49.551,1786709509.551831,9.936707,3,-3000,5.000000,749,-3000,0x03,single,-189.563727,-3193,-0.184615,172,0,No fault,,,,,,,,,
2026-08-14T14:11:49.557,1786709509.557091,9.941958,3,-3000,5.000000,750,-3000,0x03,single,-190.266506,-2881,-0.184615,172,0,No fault,,,,,,,,,
2026-08-14T14:11:49.562,1786709509.562321,9.947197,3,-3000,5.000000,751,-3000,0x03,single,-190.969285,-2836,-0.114286,172,0,No fault,,,,,,,,,
2026-08-14T14:11:49.567,1786709509.567588,9.952461,3,-3000,5.000000,752,-3000,0x03,single,-191.694027,-2925,-0.155311,172,0,No fault,,,,,,,,,
2026-08-14T14:11:49.575,1786709509.575140,9.960003,3,-3000,5.000000,753,-3000,0x03,single,-193.121547,-2970,-0.161172,172,0,No fault,,,,,,,,,
2026-08-14T14:11:49.580,1786709509.580340,9.965212,3,-3000,5.000000,754,-3000,0x03,single,-193.846288,-2970,-0.096703,172,0,No fault,,,,,,,,,
2026-08-14T14:11:49.585,1786709509.585608,9.970474,3,-3000,5.000000,755,-3000,0x03,single,-194.571029,-3015,-0.155311,174,0,No fault,,,,,,,,,
2026-08-14T14:11:49.590,1786709509.590813,9.975673,3,-3000,5.000000,756,-3000,0x03,single,-195.295770,-3193,-0.149451,173,0,No fault,,,,,,,,,
2026-08-14T14:11:49.595,1786709509.595974,9.980839,3,-3000,5.000000,757,-3000,0x03,single,-195.976588,-2836,-0.161172,173,0,No fault,,,,,,,,,
2026-08-14T14:11:49.601,1786709509.601178,9.986053,3,-3000,5.000000,758,-3000,0x03,single,-196.701329,-3015,-0.073260,173,0,No fault,,,,,,,,,
2026-08-14T14:11:49.606,1786709509.606445,9.991318,3,-3000,5.000000,759,-3000,0x03,single,-197.404108,-2791,-0.155311,173,0,No fault,,,,,,,,,
2026-08-14T14:11:49.611,1786709509.611700,9.996570,3,-3000,5.000000,760,-3000,0x03,single,-198.150811,-3238,-0.114286,172,0,No fault,,,,,,,,,
2026-08-14T14:11:49.616,1786709509.616953,10.001821,3,-3000,5.000000,761,-3000,0x03,single,-198.853590,-2881,-0.202198,172,0,No fault,,,,,,,,,
2026-08-14T14:11:49.622,1786709509.622186,10.007055,3,-3000,5.000000,762,-3000,0x03,single,-199.556370,-3059,-0.114286,173,0,No fault,,,,,,,,,
2026-08-14T14:11:49.627,1786709509.627431,10.012303,3,-3000,5.000000,763,-3000,0x03,single,-200.281111,-2791,-0.155311,175,0,No fault,,,,,,,,,
2026-08-14T14:11:49.632,1786709509.632677,10.017549,3,-3000,5.000000,764,-3000,0x03,single,-200.983890,-3015,-0.196337,171,0,No fault,,,,,,,,,
2026-08-14T14:11:49.637,1786709509.637919,10.022794,3,-3000,5.000000,765,-3000,0x03,single,-201.686669,-2836,-0.190476,172,0,No fault,,,,,,,,,
2026-08-14T14:11:49.643,1786709509.643163,10.028034,3,-3000,5.000000,766,-3000,0x03,single,-202.411410,-2925,-0.126007,172,0,No fault,,,,,,,,,
2026-08-14T14:11:49.648,1786709509.648406,10.033276,3,-3000,5.000000,767,-3000,0x03,single,-203.136152,-3104,-0.155311,172,0,No fault,,,,,,,,,
2026-08-14T14:11:49.653,1786709509.653677,10.038548,3,-3000,5.000000,768,-3000,0x03,single,-203.838931,-2925,-0.208059,173,0,No fault,,,,,,,,,
2026-08-14T14:11:49.658,1786709509.658926,10.043797,3,-3000,5.000000,769,-3000,0x03,single,-204.563672,-3059,-0.219780,173,0,No fault,,,,,,,,,
2026-08-14T14:11:49.664,1786709509.664229,10.049102,3,-3000,5.000000,770,-3000,0x03,single,-205.288413,-3015,-0.084982,172,0,No fault,,,,,,,,,
2026-08-14T14:11:49.669,1786709509.669667,10.054539,3,-3000,5.000000,771,-3000,0x03,single,-206.715933,-3104,-0.149451,169,0,No fault,,,,,,,,,
2026-08-14T14:11:49.674,1786709509.674907,10.059778,3,-3000,5.000000,772,-3000,0x03,single,-207.418713,-2970,-0.196337,172,0,No fault,,,,,,,,,
2026-08-14T14:11:49.680,1786709509.680258,10.065139,3,-3000,5.000000,773,-3000,0x03,single,-208.143454,-2925,-0.090842,171,0,No fault,,,,,,,,,
2026-08-14T14:11:49.685,1786709509.685538,10.070410,3,-3000,5.000000,774,-3000,0x03,single,-208.846233,-2836,-0.178755,171,0,No fault,,,,,,,,,
2026-08-14T14:11:49.690,1786709509.690768,10.075637,3,-3000,5.000000,775,-3000,0x03,single,-209.570974,-3104,-0.184615,173,0,No fault,,,,,,,,,
2026-08-14T14:11:49.695,1786709509.695984,10.080852,3,-3000,5.000000,776,-3000,0x03,single,-210.295715,-3059,-0.143590,172,0,No fault,,,,,,,,,
2026-08-14T14:11:49.701,1786709509.701189,10.086055,3,-3000,5.000000,777,-3000,0x03,single,-210.998495,-2881,-0.096703,173,0,No fault,,,,,,,,,
2026-08-14T14:11:49.706,1786709509.706387,10.091253,3,-3000,5.000000,778,-3000,0x03,single,-211.745198,-3015,-0.120147,173,0,No fault,,,,,,,,,
2026-08-14T14:11:49.711,1786709509.711583,10.096449,3,-3000,5.000000,779,-3000,0x03,single,-212.447977,-2970,-0.155311,173,0,No fault,,,,,,,,,
2026-08-14T14:11:49.716,1786709509.716776,10.101642,3,-3000,5.000000,780,-3000,0x03,single,-213.150756,-2881,-0.149451,173,0,No fault,,,,,,,,,
2026-08-14T14:11:49.732,1786709509.732144,10.117015,3,-3000,5.000000,781,-3000,0x03,single,-214.622200,-3149,-0.126007,172,0,No fault,,,,,,,,,
2026-08-14T14:11:49.737,1786709509.737371,10.122241,3,-3000,5.000000,782,-3000,0x03,single,-215.346941,-3104,-0.155311,172,0,No fault,,,,,,,,,
2026-08-14T14:11:49.742,1786709509.742576,10.127443,3,-3000,5.000000,783,-3000,0x03,single,-217.169775,-2836,-0.114286,174,0,No fault,,,,,,,,,
2026-08-14T14:11:49.747,1786709509.747774,10.132639,3,-3000,5.000000,784,-3000,0x03,single,-217.521165,-2791,-0.143590,172,0,No fault,,,,,,,,,
2026-08-14T14:11:49.752,1786709509.752964,10.137830,3,-3000,5.000000,785,-3000,0x03,single,-217.938440,-2836,-0.172894,173,0,No fault,,,,,,,,,
2026-08-14T14:11:49.758,1786709509.758154,10.143019,3,-3000,5.000000,786,-3000,0x03,single,-218.641219,-2925,-0.167033,173,0,No fault,,,,,,,,,
2026-08-14T14:11:49.763,1786709509.763341,10.148206,3,-3000,5.000000,787,-3000,0x03,single,-219.365960,-2925,-0.102564,172,0,No fault,,,,,,,,,
2026-08-14T14:11:49.768,1786709509.768530,10.153397,3,-3000,5.000000,788,-3000,0x03,single,-220.090701,-2970,-0.131868,172,0,No fault,,,,,,,,,
2026-08-14T14:11:49.773,1786709509.773719,10.158584,3,-3000,5.000000,789,-3000,0x03,single,-220.793481,-2791,-0.184615,172,0,No fault,,,,,,,,,
2026-08-14T14:11:49.778,1786709509.778906,10.163770,3,-3000,5.000000,790,-3000,0x03,single,-221.518222,-2836,-0.202198,171,0,No fault,,,,,,,,,
2026-08-14T14:11:49.784,1786709509.784091,10.168958,3,-3000,5.000000,791,-3000,0x03,single,-222.242963,-3015,-0.143590,172,0,No fault,,,,,,,,,
2026-08-14T14:11:49.789,1786709509.789276,10.174141,3,-3000,5.000000,792,-3000,0x03,single,-222.945742,-2925,-0.178755,173,0,No fault,,,,,,,,,
2026-08-14T14:11:49.794,1786709509.794468,10.179333,3,-3000,5.000000,793,-3000,0x03,single,-223.670483,-2925,-0.172894,172,0,No fault,,,,,,,,,
2026-08-14T14:11:49.799,1786709509.799794,10.184699,3,-3000,5.000000,794,-3000,0x03,single,-224.373263,-2970,-0.243223,173,0,No fault,,,,,,,,,
2026-08-14T14:11:49.805,1786709509.805288,10.190163,3,-3000,5.000000,795,-3000,0x03,single,-225.822745,-3015,-0.161172,172,0,No fault,,,,,,,,,
2026-08-14T14:11:49.810,1786709509.810513,10.195380,3,-3000,5.000000,796,-3000,0x03,single,-226.547486,-3238,-0.208059,175,0,No fault,,,,,,,,,
2026-08-14T14:11:49.815,1786709509.815802,10.200667,3,-3000,5.000000,797,-3000,0x03,single,-227.272227,-3238,-0.196337,172,0,No fault,,,,,,,,,
2026-08-14T14:11:49.821,1786709509.821074,10.205947,3,-3000,5.000000,798,-3000,0x03,single,-227.953045,-2836,-0.102564,172,0,No fault,,,,,,,,,
2026-08-14T14:11:49.826,1786709509.826312,10.211176,3,-3000,5.000000,799,-3000,0x03,single,-228.677786,-2925,-0.143590,173,0,No fault,,,,,,,,,
2026-08-14T14:11:49.831,1786709509.831511,10.216376,3,-3000,5.000000,800,-3000,0x03,single,-229.380565,-2836,-0.190476,173,0,No fault,,,,,,,,,
2026-08-14T14:11:49.836,1786709509.836705,10.221570,3,-3000,5.000000,801,-3000,0x03,single,-230.083344,-2791,-0.190476,173,0,No fault,,,,,,,,,
2026-08-14T14:11:49.841,1786709509.841898,10.226764,3,-3000,5.000000,802,-3000,0x03,single,-230.808085,-2970,-0.120147,173,0,No fault,,,,,,,,,
2026-08-14T14:11:49.847,1786709509.847089,10.231955,3,-3000,5.000000,803,-3000,0x03,single,-231.532826,-3015,-0.131868,172,0,No fault,,,,,,,,,
2026-08-14T14:11:49.852,1786709509.852280,10.237145,3,-3000,5.000000,804,-3000,0x03,single,-232.257568,-3059,-0.178755,172,0,No fault,,,,,,,,,
2026-08-14T14:11:49.857,1786709509.857466,10.242332,3,-3000,5.000000,805,-3000,0x03,single,-232.960347,-2970,-0.184615,172,0,No fault,,,,,,,,,
2026-08-14T14:11:49.862,1786709509.862656,10.247522,3,-3000,5.000000,806,-3000,0x03,single,-233.685088,-3104,-0.102564,175,0,No fault,,,,,,,,,
2026-08-14T14:11:49.867,1786709509.867844,10.252708,3,-3000,5.000000,807,-3000,0x03,single,-234.409829,-3149,-0.120147,173,0,No fault,,,,,,,,,
2026-08-14T14:11:49.873,1786709509.873030,10.257894,3,-3000,5.000000,808,-3000,0x03,single,-235.134570,-3059,-0.131868,172,0,No fault,,,,,,,,,
2026-08-14T14:11:49.878,1786709509.878218,10.263084,3,-3000,5.000000,809,-3000,0x03,single,-235.815388,-2881,-0.155311,173,0,No fault,,,,,,,,,
2026-08-14T14:11:49.883,1786709509.883407,10.268272,3,-3000,5.000000,810,-3000,0x03,single,-236.540129,-3059,-0.114286,173,0,No fault,,,,,,,,,
2026-08-14T14:11:49.888,1786709509.888594,10.273459,3,-3000,5.000000,811,-3000,0x03,single,-237.264870,-3015,-0.155311,172,0,No fault,,,,,,,,,
2026-08-14T14:11:49.893,1786709509.893780,10.278645,3,-3000,5.000000,812,-3000,0x03,single,-237.967649,-2970,-0.172894,172,0,No fault,,,,,,,,,
2026-08-14T14:11:49.898,1786709509.898969,10.283834,3,-3000,5.000000,813,-3000,0x03,single,-238.692390,-2881,-0.167033,171,0,No fault,,,,,,,,,
2026-08-14T14:11:49.904,1786709509.904156,10.289021,3,-3000,5.000000,814,-3000,0x03,single,-239.395169,-3104,-0.102564,173,0,No fault,,,,,,,,,
2026-08-14T14:11:49.909,1786709509.909341,10.294205,3,-3000,5.000000,815,-3000,0x03,single,-240.119911,-3104,-0.143590,173,0,No fault,,,,,,,,,
2026-08-14T14:11:49.914,1786709509.914524,10.299388,3,-3000,5.000000,816,-3000,0x03,single,-240.844652,-3149,-0.231502,173,0,No fault,,,,,,,,,
2026-08-14T14:11:49.919,1786709509.919710,10.304574,3,-3000,5.000000,817,-3000,0x03,single,-241.547431,-3104,-0.184615,172,0,No fault,,,,,,,,,
2026-08-14T14:11:49.929,1786709509.929960,10.314827,3,-3000,5.000000,818,-3000,0x03,single,-242.250210,-3059,-0.184615,172,0,No fault,,,,,,,,,
2026-08-14T14:11:49.935,1786709509.935176,10.320044,3,-3000,5.000000,819,-3000,0x03,single,-243.677731,-2925,-0.190476,172,0,No fault,,,,,,,,,
2026-08-14T14:11:49.940,1786709509.940373,10.325239,3,-3000,5.000000,820,-3000,0x03,single,-245.500564,-3283,-0.149451,170,0,No fault,,,,,,,,,
2026-08-14T14:11:49.945,1786709509.945672,10.330546,3,-3000,5.000000,821,-3000,0x03,single,-245.829992,-2791,-0.172894,172,0,No fault,,,,,,,,,
2026-08-14T14:11:49.950,1786709509.950926,10.335799,3,-3000,5.000000,822,-3000,0x03,single,-246.225306,-3104,-0.184615,172,0,No fault,,,,,,,,,
2026-08-14T14:11:49.956,1786709509.956172,10.341047,3,-3000,5.000000,823,-3000,0x03,single,-246.928085,-2881,-0.196337,172,0,No fault,,,,,,,,,
2026-08-14T14:11:49.961,1786709509.961420,10.346290,3,-3000,5.000000,824,-3000,0x03,single,-247.630864,-2881,-0.149451,173,0,No fault,,,,,,,,,
2026-08-14T14:11:49.966,1786709509.966658,10.351527,3,-3000,5.000000,825,-3000,0x03,single,-248.355605,-2747,-0.114286,173,0,No fault,,,,,,,,,
2026-08-14T14:11:49.971,1786709509.971897,10.356769,3,-3000,5.000000,826,-3000,0x03,single,-249.080346,-3104,-0.196337,172,0,No fault,,,,,,,,,
2026-08-14T14:11:49.977,1786709509.977220,10.362092,3,-3000,5.000000,827,-3000,0x03,single,-249.805087,-3149,-0.208059,173,0,No fault,,,,,,,,,
2026-08-14T14:11:49.982,1786709509.982457,10.367330,3,-3000,5.000000,828,-3000,0x03,single,-250.485905,-2925,-0.137729,171,0,No fault,,,,,,,,,
2026-08-14T14:11:49.987,1786709509.987696,10.372567,3,-3000,5.000000,829,-3000,0x03,single,-251.210646,-3015,-0.161172,172,0,No fault,,,,,,,,,
2026-08-14T14:11:49.992,1786709509.992931,10.377802,3,-3000,5.000000,830,-3000,0x03,single,-251.935387,-3015,-0.161172,171,0,No fault,,,,,,,,,
2026-08-14T14:11:49.998,1786709509.998175,10.383047,3,-3000,5.000000,831,-3000,0x03,single,-252.660128,-3193,-0.161172,172,0,No fault,,,,,,,,,
2026-08-14T14:11:50.003,1786709510.003425,10.388295,3,-3000,5.000000,832,-3000,0x03,single,-253.362907,-2925,-0.102564,173,0,No fault,,,,,,,,,
2026-08-14T14:11:50.008,1786709510.008667,10.393538,3,-3000,5.000000,833,-3000,0x03,single,-254.087649,-3149,-0.126007,170,0,No fault,,,,,,,,,
2026-08-14T14:11:50.013,1786709510.013909,10.398780,3,-3000,5.000000,834,-3000,0x03,single,-254.790428,-3015,-0.155311,172,0,No fault,,,,,,,,,
2026-08-14T14:11:50.019,1786709510.019154,10.404026,3,-3000,5.000000,835,-3000,0x03,single,-255.537131,-2881,-0.172894,171,0,No fault,,,,,,,,,
2026-08-14T14:11:50.024,1786709510.024405,10.409277,3,-3000,5.000000,836,-3000,0x03,single,-256.239910,-3059,-0.131868,173,0,No fault,,,,,,,,,
2026-08-14T14:11:50.029,1786709510.029688,10.414570,3,-3000,5.000000,837,-3000,0x03,single,-256.964651,-3015,-0.090842,172,0,No fault,,,,,,,,,
2026-08-14T14:11:50.034,1786709510.034996,10.419878,3,-3000,5.000000,838,-3000,0x03,single,-257.689392,-2970,-0.190476,173,0,No fault,,,,,,,,,
2026-08-14T14:11:50.040,1786709510.040303,10.425178,3,-3000,5.000000,839,-3000,0x03,single,-258.414133,-2791,-0.131868,173,0,No fault,,,,,,,,,
2026-08-14T14:11:50.045,1786709510.045550,10.430422,3,-3000,5.000000,840,-3000,0x03,single,-259.116913,-2791,-0.149451,172,0,No fault,,,,,,,,,
2026-08-14T14:11:50.050,1786709510.050830,10.435710,3,-3000,5.000000,841,-3000,0x03,single,-259.841654,-3104,-0.102564,173,0,No fault,,,,,,,,,
2026-08-14T14:11:50.056,1786709510.056142,10.441020,3,-3000,5.000000,842,-3000,0x03,single,-260.544433,-3015,-0.184615,172,0,No fault,,,,,,,,,
2026-08-14T14:11:50.061,1786709510.061413,10.446287,3,-3000,5.000000,843,-3000,0x03,single,-261.269174,-3193,-0.202198,172,0,No fault,,,,,,,,,
2026-08-14T14:11:50.066,1786709510.066690,10.451567,3,-3000,5.000000,844,-3000,0x03,single,-261.971954,-3015,-0.126007,171,0,No fault,,,,,,,,,
2026-08-14T14:11:50.071,1786709510.071965,10.456838,3,-3000,5.000000,845,-3000,0x03,single,-262.696695,-3104,-0.184615,173,0,No fault,,,,,,,,,
2026-08-14T14:11:50.078,1786709510.078474,10.463339,3,-3000,5.000000,846,-3000,0x03,single,-264.124215,-2925,-0.231502,172,0,No fault,,,,,,,,,
2026-08-14T14:11:50.084,1786709510.084044,10.468919,3,-3000,5.000000,847,-3000,0x03,single,-264.848956,-3104,-0.137729,172,0,No fault,,,,,,,,,
2026-08-14T14:11:50.089,1786709510.089290,10.474163,3,-3000,5.000000,848,-3000,0x03,single,-265.551735,-2836,-0.131868,172,0,No fault,,,,,,,,,
2026-08-14T14:11:50.094,1786709510.094528,10.479402,3,-3000,5.000000,849,-3000,0x03,single,-266.276477,-3104,-0.196337,172,0,No fault,,,,,,,,,
2026-08-14T14:11:50.099,1786709510.099761,10.484633,3,-3000,5.000000,850,-3000,0x03,single,-266.957294,-2702,-0.178755,172,0,No fault,,,,,,,,,
2026-08-14T14:11:50.105,1786709510.105035,10.489915,3,-3000,5.000000,851,-3000,0x03,single,-267.703997,-3015,-0.120147,172,0,No fault,,,,,,,,,
2026-08-14T14:11:50.110,1786709510.110297,10.495167,3,-3000,5.000000,852,-3000,0x03,single,-268.406776,-3059,-0.108425,172,0,No fault,,,,,,,,,
2026-08-14T14:11:50.115,1786709510.115532,10.500406,3,-3000,5.000000,853,-3000,0x03,single,-269.131517,-2881,-0.161172,172,0,No fault,,,,,,,,,
2026-08-14T14:11:50.120,1786709510.120776,10.505642,3,-3000,5.000000,854,-3000,0x03,single,-269.834297,-2881,-0.161172,172,0,No fault,,,,,,,,,
2026-08-14T14:11:50.131,1786709510.131136,10.516005,3,-3000,5.000000,855,-3000,0x03,single,-270.559038,-2925,-0.126007,173,0,No fault,,,,,,,,,
2026-08-14T14:11:50.136,1786709510.136387,10.521256,3,-3000,5.000000,856,-3000,0x03,single,-272.008520,-3015,-0.149451,172,0,No fault,,,,,,,,,
2026-08-14T14:11:50.141,1786709510.141619,10.526487,3,-3000,5.000000,857,-3000,0x03,single,-273.765468,-2657,-0.084982,173,0,No fault,,,,,,,,,
2026-08-14T14:11:50.146,1786709510.146899,10.531765,3,-3000,5.000000,858,-3000,0x03,single,-274.160781,-3193,-0.114286,171,0,No fault,,,,,,,,,
2026-08-14T14:11:50.152,1786709510.152098,10.536964,3,-3000,5.000000,859,-3000,0x03,single,-274.534133,-2791,-0.114286,173,0,No fault,,,,,,,,,
2026-08-14T14:11:50.157,1786709510.157295,10.542160,3,-3000,5.000000,860,-3000,0x03,single,-275.258874,-2881,-0.137729,173,0,No fault,,,,,,,,,
2026-08-14T14:11:50.162,1786709510.162528,10.547396,3,-3000,5.000000,861,-3000,0x03,single,-275.961653,-2836,-0.172894,173,0,No fault,,,,,,,,,
2026-08-14T14:11:50.167,1786709510.167726,10.552592,3,-3000,5.000000,862,-3000,0x03,single,-276.686394,-2747,-0.067399,173,0,No fault,,,,,,,,,
2026-08-14T14:11:50.172,1786709510.172916,10.557782,3,-3000,5.000000,863,-3000,0x03,single,-277.411136,-3149,-0.131868,172,0,No fault,,,,,,,,,
2026-08-14T14:11:50.178,1786709510.178106,10.562971,3,-3000,5.000000,864,-3000,0x03,single,-278.135877,-3059,-0.155311,170,0,No fault,,,,,,,,,
2026-08-14T14:11:50.183,1786709510.183296,10.568163,3,-3000,5.000000,865,-3000,0x03,single,-278.838656,-3015,-0.178755,173,0,No fault,,,,,,,,,
2026-08-14T14:11:50.188,1786709510.188506,10.573373,3,-3000,5.000000,866,-3000,0x03,single,-279.563397,-2970,-0.126007,172,0,No fault,,,,,,,,,
2026-08-14T14:11:50.193,1786709510.193700,10.578567,3,-3000,5.000000,867,-3000,0x03,single,-280.266176,-2836,-0.161172,172,0,No fault,,,,,,,,,
2026-08-14T14:11:50.198,1786709510.198917,10.583791,3,-3000,5.000000,868,-3000,0x03,single,-280.990917,-2836,-0.190476,172,0,No fault,,,,,,,,,
2026-08-14T14:11:50.204,1786709510.204159,10.589025,3,-3000,5.000000,869,-3000,0x03,single,-281.693697,-2747,-0.184615,172,0,No fault,,,,,,,,,
2026-08-14T14:11:50.209,1786709510.209357,10.594222,3,-3000,5.000000,870,-3000,0x03,single,-282.418438,-2836,-0.120147,170,0,No fault,,,,,,,,,
2026-08-14T14:11:50.214,1786709510.214610,10.599492,3,-3000,5.000000,871,-3000,0x03,single,-283.143179,-2881,-0.143590,172,0,No fault,,,,,,,,,
2026-08-14T14:11:50.219,1786709510.219932,10.604809,3,-3000,5.000000,872,-3000,0x03,single,-283.867920,-3059,-0.208059,170,0,No fault,,,,,,,,,
2026-08-14T14:11:50.225,1786709510.225209,10.610089,3,-3000,5.000000,873,-3000,0x03,single,-284.548738,-3059,-0.243223,173,0,No fault,,,,,,,,,
2026-08-14T14:11:50.230,1786709510.230491,10.615367,3,-3000,5.000000,874,-3000,0x03,single,-285.295440,-3193,-0.126007,173,0,No fault,,,,,,,,,
2026-08-14T14:11:50.235,1786709510.235761,10.620635,3,-3000,5.000000,875,-3000,0x03,single,-285.998220,-2970,-0.202198,173,0,No fault,,,,,,,,,
2026-08-14T14:11:50.241,1786709510.241019,10.625894,3,-3000,5.000000,876,-3000,0x03,single,-286.722961,-2925,-0.172894,174,0,No fault,,,,,,,,,
2026-08-14T14:11:50.246,1786709510.246283,10.631157,3,-3000,5.000000,877,-3000,0x03,single,-287.425740,-2881,-0.213919,172,0,No fault,,,,,,,,,
2026-08-14T14:11:50.251,1786709510.251541,10.636416,3,-3000,5.000000,878,-3000,0x03,single,-288.150481,-2970,-0.084982,174,0,No fault,,,,,,,,,
2026-08-14T14:11:50.256,1786709510.256799,10.641678,3,-3000,5.000000,879,-3000,0x03,single,-288.875222,-3015,-0.167033,173,0,No fault,,,,,,,,,
2026-08-14T14:11:50.262,1786709510.262069,10.646945,3,-3000,5.000000,880,-3000,0x03,single,-289.578002,-2881,-0.184615,172,0,No fault,,,,,,,,,
2026-08-14T14:11:50.267,1786709510.267337,10.652211,3,-3000,5.000000,881,-3000,0x03,single,-290.280781,-2881,-0.143590,170,0,No fault,,,,,,,,,
2026-08-14T14:11:50.272,1786709510.272594,10.657472,3,-3000,5.000000,882,-3000,0x03,single,-291.005522,-2925,-0.143590,172,0,No fault,,,,,,,,,
2026-08-14T14:11:50.278,1786709510.278013,10.662904,3,-3000,5.000000,883,-3000,0x03,single,-291.730263,-3015,-0.131868,172,0,No fault,,,,,,,,,
2026-08-14T14:11:50.283,1786709510.283373,10.668252,3,-3000,5.000000,884,-3000,0x03,single,-292.476966,-3149,-0.161172,172,0,No fault,,,,,,,,,
2026-08-14T14:11:50.288,1786709510.288653,10.673524,3,-3000,5.000000,885,-3000,0x03,single,-293.157784,-2836,-0.178755,172,0,No fault,,,,,,,,,
2026-08-14T14:11:50.293,1786709510.293888,10.678757,3,-3000,5.000000,886,-3000,0x03,single,-293.926448,-2925,-0.096703,172,0,No fault,,,,,,,,,
2026-08-14T14:11:50.299,1786709510.299108,10.683976,3,-3000,5.000000,887,-3000,0x03,single,-294.651190,-3283,-0.155311,172,0,No fault,,,,,,,,,
2026-08-14T14:11:50.304,1786709510.304314,10.689181,3,-3000,5.000000,888,-3000,0x03,single,-295.332007,-2925,-0.161172,172,0,No fault,,,,,,,,,
2026-08-14T14:11:50.309,1786709510.309764,10.694727,3,-3000,5.000000,889,-3000,0x03,single,-296.056748,-2836,-0.161172,172,0,No fault,,,,,,,,,
2026-08-14T14:11:50.315,1786709510.315499,10.700385,3,-3000,5.000000,890,-3000,0x03,single,-297.506230,-3015,-0.149451,173,0,No fault,,,,,,,,,
2026-08-14T14:11:50.320,1786709510.320986,10.705869,3,-3000,5.000000,891,-3000,0x03,single,-298.209010,-2970,-0.178755,172,0,No fault,,,,,,,,,
2026-08-14T14:11:50.336,1786709510.336773,10.721651,3,-3000,5.000000,892,-3000,0x03,single,-298.999636,-2791,-0.167033,170,0,No fault,,,,,,,,,
2026-08-14T14:11:50.342,1786709510.342051,10.726923,3,-3000,5.000000,893,-3000,0x03,single,-300.449118,-2925,-0.196337,173,0,No fault,,,,,,,,,
2026-08-14T14:11:50.347,1786709510.347276,10.732146,3,-3000,5.000000,894,-3000,0x03,single,-302.337838,-2970,-0.143590,171,0,No fault,,,,,,,,,
2026-08-14T14:11:50.352,1786709510.352516,10.737384,3,-3000,5.000000,895,-3000,0x03,single,-302.733151,-2970,-0.137729,176,0,No fault,,,,,,,,,
2026-08-14T14:11:50.357,1786709510.357723,10.742590,3,-3000,5.000000,896,-3000,0x03,single,-303.106503,-3059,-0.190476,171,0,No fault,,,,,,,,,
2026-08-14T14:11:50.362,1786709510.362925,10.747792,3,-3000,5.000000,897,-3000,0x03,single,-303.831244,-3104,-0.190476,170,0,No fault,,,,,,,,,
2026-08-14T14:11:50.368,1786709510.368122,10.752988,3,-3000,5.000000,898,-3000,0x03,single,-304.512061,-3015,-0.243223,173,0,No fault,,,,,,,,,
2026-08-14T14:11:50.373,1786709510.373314,10.758180,3,-3000,5.000000,899,-3000,0x03,single,-305.236802,-3104,-0.102564,172,0,No fault,,,,,,,,,
2026-08-14T14:11:50.378,1786709510.378510,10.763376,3,-3000,5.000000,900,-3000,0x03,single,-305.939582,-3059,-0.225641,174,0,No fault,,,,,,,,,
2026-08-14T14:11:50.383,1786709510.383706,10.768572,3,-3000,5.000000,901,-3000,0x03,single,-306.642361,-2791,-0.161172,172,0,No fault,,,,,,,,,
2026-08-14T14:11:50.388,1786709510.388898,10.773763,3,-3000,5.000000,902,-3000,0x03,single,-307.367102,-2970,-0.225641,171,0,No fault,,,,,,,,,
2026-08-14T14:11:50.394,1786709510.394087,10.778953,3,-3000,5.000000,903,-3000,0x03,single,-308.091843,-3104,-0.102564,173,0,No fault,,,,,,,,,
2026-08-14T14:11:50.399,1786709510.399277,10.784142,3,-3000,5.000000,904,-3000,0x03,single,-308.794622,-3059,-0.172894,172,0,No fault,,,,,,,,,
2026-08-14T14:11:50.404,1786709510.404467,10.789355,3,-3000,5.000000,905,-3000,0x03,single,-309.519363,-2881,-0.202198,172,0,No fault,,,,,,,,,
2026-08-14T14:11:50.409,1786709510.409683,10.794549,3,-3000,5.000000,906,-3000,0x03,single,-310.222143,-2925,-0.161172,172,0,No fault,,,,,,,,,
2026-08-14T14:11:50.414,1786709510.414875,10.799740,3,-3000,5.000000,907,-3000,0x03,single,-310.924922,-2970,-0.131868,172,0,No fault,,,,,,,,,
2026-08-14T14:11:50.420,1786709510.420066,10.804931,3,-3000,5.000000,908,-3000,0x03,single,-311.671625,-3193,-0.149451,172,0,No fault,,,,,,,,,
2026-08-14T14:11:50.425,1786709510.425253,10.810119,3,-3000,5.000000,909,-3000,0x03,single,-312.374404,-3059,-0.172894,172,0,No fault,,,,,,,,,
2026-08-14T14:11:50.430,1786709510.430444,10.815309,3,-3000,5.000000,910,-3000,0x03,single,-313.099145,-3238,-0.167033,173,0,No fault,,,,,,,,,
2026-08-14T14:11:50.444,1786709510.444060,10.828944,4,0,0.800000,1,0,0x03,single,-315.251407,-2836,-0.126007,172,0,No fault,,,,,,,,,
2026-08-14T14:11:50.449,1786709510.449491,10.834374,4,0,0.800000,2,0,0x03,single,-315.954186,-2925,-0.155311,172,0,No fault,,,,,,,,,
2026-08-14T14:11:50.454,1786709510.454822,10.839703,4,0,0.800000,3,0,0x03,single,-316.722851,-2970,-0.073260,173,0,No fault,,,,,,,,,
2026-08-14T14:11:50.460,1786709510.460091,10.844968,4,0,0.800000,4,0,0x03,single,-317.074241,-2970,-0.126007,173,0,No fault,,,,,,,,,
2026-08-14T14:11:50.465,1786709510.465349,10.850223,4,0,0.800000,5,0,0x03,single,-317.381707,-2166,1.620513,172,0,No fault,,,,,,,,,
2026-08-14T14:11:50.470,1786709510.470640,10.855525,4,0,0.800000,6,0,0x03,single,-317.491516,-67,0.336996,176,0,No fault,,,,,,,,,
2026-08-14T14:11:50.475,1786709510.475960,10.860842,4,0,0.800000,7,0,0x03,single,-317.425630,290,-0.131868,170,0,No fault,,,,,,,,,
2026-08-14T14:11:50.481,1786709510.481233,10.866108,4,0,0.800000,8,0,0x03,single,-317.403668,-156,-0.131868,172,0,No fault,,,,,,,,,
2026-08-14T14:11:50.486,1786709510.486481,10.871356,4,0,0.800000,9,0,0x03,single,-317.425630,-156,-0.032234,172,0,No fault,,,,,,,,,
2026-08-14T14:11:50.491,1786709510.491731,10.876606,4,0,0.800000,10,0,0x03,single,-317.403668,22,-0.049817,172,0,No fault,,,,,,,,,
2026-08-14T14:11:50.496,1786709510.496976,10.881851,4,0,0.800000,11,0,0x03,single,-317.403668,-67,-0.067399,172,0,No fault,,,,,,,,,
2026-08-14T14:11:50.502,1786709510.502219,10.887091,4,0,0.800000,12,0,0x03,single,-317.403668,-67,-0.043956,172,0,No fault,,,,,,,,,
2026-08-14T14:11:50.507,1786709510.507450,10.892323,4,0,0.800000,13,0,0x03,single,-317.403668,67,-0.043956,172,0,No fault,,,,,,,,,
2026-08-14T14:11:50.513,1786709510.513237,10.898124,4,0,0.800000,14,0,0x03,single,-317.403668,-22,-0.049817,173,0,No fault,,,,,,,,,
2026-08-14T14:11:50.518,1786709510.518527,10.903398,4,0,0.800000,15,0,0x03,single,-317.403668,112,-0.014652,172,0,No fault,,,,,,,,,
2026-08-14T14:11:50.523,1786709510.523759,10.908633,4,0,0.800000,16,0,0x03,single,-317.403668,-156,-0.049817,172,0,No fault,,,,,,,,,
2026-08-14T14:11:50.539,1786709510.539251,10.924137,4,0,0.800000,17,0,0x03,single,-317.403668,67,-0.043956,172,0,No fault,,,,,,,,,
2026-08-14T14:11:50.544,1786709510.544611,10.929489,4,0,0.800000,18,0,0x03,single,-317.403668,201,-0.049817,171,0,No fault,,,,,,,,,
2026-08-14T14:11:50.549,1786709510.549884,10.934761,4,0,0.800000,19,0,0x03,single,-317.403668,67,-0.038095,171,0,No fault,,,,,,,,,
2026-08-14T14:11:50.555,1786709510.555158,10.940033,4,0,0.800000,20,0,0x03,single,-317.403668,-201,-0.073260,172,0,No fault,,,,,,,,,
2026-08-14T14:11:50.560,1786709510.560422,10.945302,4,0,0.800000,21,0,0x03,single,-317.403668,-112,-0.038095,170,0,No fault,,,,,,,,,
2026-08-14T14:11:50.565,1786709510.565738,10.950618,4,0,0.800000,22,0,0x03,single,-317.425630,-201,-0.032234,172,0,No fault,,,,,,,,,
2026-08-14T14:11:50.572,1786709510.572984,10.957847,4,0,0.800000,23,0,0x03,single,-317.403668,-112,-0.038095,172,0,No fault,,,,,,,,,
2026-08-14T14:11:50.578,1786709510.578256,10.963128,4,0,0.800000,24,0,0x03,single,-317.403668,22,-0.055678,173,0,No fault,,,,,,,,,
2026-08-14T14:11:50.583,1786709510.583572,10.968446,4,0,0.800000,25,0,0x03,single,-317.403668,67,-0.055678,173,0,No fault,,,,,,,,,
2026-08-14T14:11:50.589,1786709510.589590,10.974452,4,0,0.800000,26,0,0x03,single,-317.403668,-22,-0.032234,172,0,No fault,,,,,,,,,
2026-08-14T14:11:50.594,1786709510.594756,10.979616,4,0,0.800000,27,0,0x03,single,-317.403668,-67,-0.043956,174,0,No fault,,,,,,,,,
2026-08-14T14:11:50.599,1786709510.599929,10.984799,4,0,0.800000,28,0,0x03,single,-317.403668,67,-0.032234,172,0,No fault,,,,,,,,,
2026-08-14T14:11:50.605,1786709510.605160,10.990034,4,0,0.800000,29,0,0x03,single,-317.403668,-112,-0.049817,172,0,No fault,,,,,,,,,
2026-08-14T14:11:50.610,1786709510.610420,10.995288,4,0,0.800000,30,0,0x03,single,-317.403668,201,-0.038095,173,0,No fault,,,,,,,,,
2026-08-14T14:11:50.615,1786709510.615667,11.000545,4,0,0.800000,31,0,0x03,single,-317.403668,67,-0.049817,172,0,No fault,,,,,,,,,
2026-08-14T14:11:50.620,1786709510.620953,11.005827,4,0,0.800000,32,0,0x03,single,-317.403668,22,-0.049817,173,0,No fault,,,,,,,,,
2026-08-14T14:11:50.626,1786709510.626290,11.011166,4,0,0.800000,33,0,0x03,single,-317.403668,-22,-0.049817,172,0,No fault,,,,,,,,,
2026-08-14T14:11:50.631,1786709510.631545,11.016416,4,0,0.800000,34,0,0x03,single,-317.403668,-22,-0.038095,172,0,No fault,,,,,,,,,
2026-08-14T14:11:50.636,1786709510.636788,11.021663,4,0,0.800000,35,0,0x03,single,-317.425630,-290,-0.049817,172,0,No fault,,,,,,,,,
2026-08-14T14:11:50.642,1786709510.642035,11.026907,4,0,0.800000,36,0,0x03,single,-317.403668,22,-0.049817,174,0,No fault,,,,,,,,,
2026-08-14T14:11:50.647,1786709510.647281,11.032150,4,0,0.800000,37,0,0x03,single,-317.403668,-112,-0.038095,170,0,No fault,,,,,,,,,
2026-08-14T14:11:50.652,1786709510.652538,11.037410,4,0,0.800000,38,0,0x03,single,-317.403668,-67,-0.049817,172,0,No fault,,,,,,,,,
2026-08-14T14:11:50.657,1786709510.657771,11.042648,4,0,0.800000,39,0,0x03,single,-317.403668,-112,-0.043956,173,0,No fault,,,,,,,,,
2026-08-14T14:11:50.663,1786709510.663036,11.047904,4,0,0.800000,40,0,0x03,single,-317.403668,-67,-0.032234,172,0,No fault,,,,,,,,,
2026-08-14T14:11:50.668,1786709510.668277,11.053151,4,0,0.800000,41,0,0x03,single,-317.403668,-67,-0.055678,173,0,No fault,,,,,,,,,
2026-08-14T14:11:50.673,1786709510.673583,11.058465,4,0,0.800000,42,0,0x03,single,-317.403668,156,-0.038095,173,0,No fault,,,,,,,,,
2026-08-14T14:11:50.678,1786709510.678941,11.063815,4,0,0.800000,43,0,0x03,single,-317.403668,-22,-0.043956,173,0,No fault,,,,,,,,,
2026-08-14T14:11:50.684,1786709510.684188,11.069057,4,0,0.800000,44,0,0x03,single,-317.403668,112,-0.038095,173,0,No fault,,,,,,,,,
2026-08-14T14:11:50.689,1786709510.689420,11.074296,4,0,0.800000,45,0,0x03,single,-317.403668,-22,-0.043956,173,0,No fault,,,,,,,,,
2026-08-14T14:11:50.694,1786709510.694667,11.079540,4,0,0.800000,46,0,0x03,single,-317.403668,-112,-0.043956,171,0,No fault,,,,,,,,,
2026-08-14T14:11:50.699,1786709510.699917,11.084789,4,0,0.800000,47,0,0x03,single,-317.403668,-67,-0.055678,173,0,No fault,,,,,,,,,
2026-08-14T14:11:50.705,1786709510.705160,11.090033,4,0,0.800000,48,0,0x03,single,-317.403668,-22,-0.038095,171,0,No fault,,,,,,,,,
2026-08-14T14:11:50.710,1786709510.710463,11.095332,4,0,0.800000,49,0,0x03,single,-317.403668,67,-0.026374,172,0,No fault,,,,,,,,,
2026-08-14T14:11:50.715,1786709510.715765,11.100636,4,0,0.800000,50,0,0x03,single,-317.403668,-22,-0.038095,172,0,No fault,,,,,,,,,
2026-08-14T14:11:50.721,1786709510.721124,11.106004,4,0,0.800000,51,0,0x03,single,-317.403668,112,-0.043956,172,0,No fault,,,,,,,,,
2026-08-14T14:11:50.726,1786709510.726403,11.111275,4,0,0.800000,52,0,0x03,single,-317.403668,-156,-0.049817,172,0,No fault,,,,,,,,,
2026-08-14T14:11:50.741,1786709510.741978,11.126856,4,0,0.800000,53,0,0x03,single,-317.403668,67,-0.026374,172,0,No fault,,,,,,,,,
2026-08-14T14:11:50.747,1786709510.747267,11.132139,4,0,0.800000,54,0,0x03,single,-317.403668,112,-0.043956,172,0,No fault,,,,,,,,,
2026-08-14T14:11:50.752,1786709510.752530,11.137402,4,0,0.800000,55,0,0x03,single,-317.403668,22,-0.038095,173,0,No fault,,,,,,,,,
2026-08-14T14:11:50.757,1786709510.757757,11.142625,4,0,0.800000,56,0,0x03,single,-317.403668,156,-0.038095,172,0,No fault,,,,,,,,,
2026-08-14T14:11:50.762,1786709510.762961,11.147828,4,0,0.800000,57,0,0x03,single,-317.403668,-112,-0.049817,170,0,No fault,,,,,,,,,
2026-08-14T14:11:50.768,1786709510.768157,11.153023,4,0,0.800000,58,0,0x03,single,-317.403668,112,-0.055678,172,0,No fault,,,,,,,,,
2026-08-14T14:11:50.773,1786709510.773351,11.158219,4,0,0.800000,59,0,0x03,single,-317.403668,67,-0.026374,172,0,No fault,,,,,,,,,
2026-08-14T14:11:50.778,1786709510.778548,11.163415,4,0,0.800000,60,0,0x03,single,-317.403668,112,-0.043956,172,0,No fault,,,,,,,,,
2026-08-14T14:11:50.783,1786709510.783745,11.168613,4,0,0.800000,61,0,0x03,single,-317.403668,-156,-0.055678,173,0,No fault,,,,,,,,,
2026-08-14T14:11:50.788,1786709510.788938,11.173805,4,0,0.800000,62,0,0x03,single,-317.403668,-67,-0.032234,173,0,No fault,,,,,,,,,
2026-08-14T14:11:50.794,1786709510.794128,11.178994,4,0,0.800000,63,0,0x03,single,-317.425630,-380,-0.049817,173,0,No fault,,,,,,,,,
2026-08-14T14:11:50.799,1786709510.799437,11.184314,4,0,0.800000,64,0,0x03,single,-317.403668,156,-0.032234,172,0,No fault,,,,,,,,,
2026-08-14T14:11:50.804,1786709510.804732,11.189624,4,0,0.800000,65,0,0x03,single,-317.403668,-156,-0.061538,173,0,No fault,,,,,,,,,
2026-08-14T14:11:50.810,1786709510.810063,11.194939,4,0,0.800000,66,0,0x03,single,-317.425630,-201,-0.043956,172,0,No fault,,,,,,,,,
2026-08-14T14:11:50.815,1786709510.815305,11.200178,4,0,0.800000,67,0,0x03,single,-317.403668,-22,-0.032234,174,0,No fault,,,,,,,,,
2026-08-14T14:11:50.820,1786709510.820538,11.205410,4,0,0.800000,68,0,0x03,single,-317.403668,-22,-0.049817,173,0,No fault,,,,,,,,,
2026-08-14T14:11:50.825,1786709510.825998,11.210870,4,0,0.800000,69,0,0x03,single,-317.403668,22,-0.038095,172,0,No fault,,,,,,,,,
2026-08-14T14:11:50.831,1786709510.831220,11.216090,4,0,0.800000,70,0,0x03,single,-317.403668,67,-0.055678,173,0,No fault,,,,,,,,,
2026-08-14T14:11:50.836,1786709510.836529,11.221397,4,0,0.800000,71,0,0x03,single,-317.403668,67,-0.043956,172,0,No fault,,,,,,,,,
2026-08-14T14:11:50.841,1786709510.841737,11.226609,4,0,0.800000,72,0,0x03,single,-317.403668,-67,-0.061538,174,0,No fault,,,,,,,,,
2026-08-14T14:11:50.846,1786709510.846954,11.231825,4,0,0.800000,73,0,0x03,single,-317.403668,112,-0.032234,173,0,No fault,,,,,,,,,
2026-08-14T14:11:50.852,1786709510.852158,11.237029,4,0,0.800000,74,0,0x03,single,-317.403668,67,-0.038095,173,0,No fault,,,,,,,,,
2026-08-14T14:11:50.857,1786709510.857414,11.242295,4,0,0.800000,75,0,0x03,single,-317.403668,67,-0.038095,173,0,No fault,,,,,,,,,
2026-08-14T14:11:50.862,1786709510.862694,11.247574,4,0,0.800000,76,0,0x03,single,-317.403668,-112,-0.043956,172,0,No fault,,,,,,,,,
2026-08-14T14:11:50.867,1786709510.867964,11.252835,4,0,0.800000,77,0,0x03,single,-317.403668,156,-0.026374,173,0,No fault,,,,,,,,,
2026-08-14T14:11:50.873,1786709510.873157,11.258025,4,0,0.800000,78,0,0x03,single,-317.403668,112,-0.049817,172,0,No fault,,,,,,,,,
2026-08-14T14:11:50.878,1786709510.878429,11.263314,4,0,0.800000,79,0,0x03,single,-317.403668,-22,-0.043956,173,0,No fault,,,,,,,,,
2026-08-14T14:11:50.883,1786709510.883736,11.268611,4,0,0.800000,80,0,0x03,single,-317.403668,112,-0.043956,171,0,No fault,,,,,,,,,
2026-08-14T14:11:50.888,1786709510.888971,11.273841,4,0,0.800000,81,0,0x03,single,-317.403668,-67,-0.049817,172,0,No fault,,,,,,,,,
2026-08-14T14:11:50.894,1786709510.894194,11.279065,4,0,0.800000,82,0,0x03,single,-317.403668,201,-0.061538,172,0,No fault,,,,,,,,,
2026-08-14T14:11:50.899,1786709510.899440,11.284331,4,0,0.800000,83,0,0x03,single,-317.403668,-67,-0.038095,173,0,No fault,,,,,,,,,
2026-08-14T14:11:50.904,1786709510.904803,11.289694,4,0,0.800000,84,0,0x03,single,-317.403668,-67,-0.055678,172,0,No fault,,,,,,,,,
2026-08-14T14:11:50.910,1786709510.910160,11.295041,4,0,0.800000,85,0,0x03,single,-317.403668,-22,-0.043956,172,0,No fault,,,,,,,,,
2026-08-14T14:11:50.915,1786709510.915463,11.300340,4,0,0.800000,86,0,0x03,single,-317.403668,67,-0.032234,174,0,No fault,,,,,,,,,
2026-08-14T14:11:50.920,1786709510.920729,11.305607,4,0,0.800000,87,0,0x03,single,-317.425630,-290,-0.049817,171,0,No fault,,,,,,,,,
2026-08-14T14:11:50.929,1786709510.929181,11.314061,4,0,0.800000,88,0,0x03,single,-317.403668,67,-0.055678,170,0,No fault,,,,,,,,,
2026-08-14T14:11:50.944,1786709510.944614,11.329485,4,0,0.800000,89,0,0x03,single,-317.403668,112,-0.038095,173,0,No fault,,,,,,,,,
2026-08-14T14:11:50.949,1786709510.949848,11.334722,4,0,0.800000,90,0,0x03,single,-317.425630,-335,-0.049817,173,0,No fault,,,,,,,,,
2026-08-14T14:11:50.955,1786709510.955094,11.339969,4,0,0.800000,91,0,0x03,single,-317.403668,-22,-0.032234,173,0,No fault,,,,,,,,,
2026-08-14T14:11:50.960,1786709510.960358,11.345234,4,0,0.800000,92,0,0x03,single,-317.403668,-67,-0.049817,172,0,No fault,,,,,,,,,
2026-08-14T14:11:50.965,1786709510.965666,11.350536,4,0,0.800000,93,0,0x03,single,-317.403668,-22,-0.038095,172,0,No fault,,,,,,,,,
2026-08-14T14:11:50.971,1786709510.971014,11.355888,4,0,0.800000,94,0,0x03,single,-317.403668,112,-0.038095,172,0,No fault,,,,,,,,,
2026-08-14T14:11:50.976,1786709510.976281,11.361152,4,0,0.800000,95,0,0x03,single,-317.403668,22,-0.043956,172,0,No fault,,,,,,,,,
2026-08-14T14:11:50.981,1786709510.981526,11.366399,4,0,0.800000,96,0,0x03,single,-317.403668,22,-0.049817,170,0,No fault,,,,,,,,,
2026-08-14T14:11:50.986,1786709510.986781,11.371652,4,0,0.800000,97,0,0x03,single,-317.403668,-112,-0.043956,173,0,No fault,,,,,,,,,
2026-08-14T14:11:50.992,1786709510.992021,11.376891,4,0,0.800000,98,0,0x03,single,-317.403668,-112,-0.032234,173,0,No fault,,,,,,,,,
2026-08-14T14:11:50.997,1786709510.997263,11.382133,4,0,0.800000,99,0,0x03,single,-317.403668,22,-0.043956,172,0,No fault,,,,,,,,,
2026-08-14T14:11:51.002,1786709511.002500,11.387369,4,0,0.800000,100,0,0x03,single,-317.403668,-156,-0.043956,173,0,No fault,,,,,,,,,
2026-08-14T14:11:51.007,1786709511.007738,11.392613,4,0,0.800000,101,0,0x03,single,-317.403668,67,-0.055678,173,0,No fault,,,,,,,,,
2026-08-14T14:11:51.013,1786709511.013031,11.397899,4,0,0.800000,102,0,0x03,single,-317.425630,-201,-0.043956,171,0,No fault,,,,,,,,,
2026-08-14T14:11:51.018,1786709511.018312,11.403179,4,0,0.800000,103,0,0x03,single,-317.403668,-156,-0.049817,173,0,No fault,,,,,,,,,
2026-08-14T14:11:51.023,1786709511.023523,11.408389,4,0,0.800000,104,0,0x03,single,-317.425630,-246,-0.043956,172,0,No fault,,,,,,,,,
2026-08-14T14:11:51.028,1786709511.028789,11.413655,4,0,0.800000,105,0,0x03,single,-317.403668,67,-0.026374,173,0,No fault,,,,,,,,,
2026-08-14T14:11:51.033,1786709511.033981,11.418848,4,0,0.800000,106,0,0x03,single,-317.403668,67,-0.032234,172,0,No fault,,,,,,,,,
2026-08-14T14:11:51.039,1786709511.039196,11.424072,4,0,0.800000,107,0,0x03,single,-317.403668,-112,-0.038095,173,0,No fault,,,,,,,,,
2026-08-14T14:11:51.044,1786709511.044444,11.429310,4,0,0.800000,108,0,0x03,single,-317.403668,-112,-0.043956,171,0,No fault,,,,,,,,,
2026-08-14T14:11:51.049,1786709511.049687,11.434567,4,0,0.800000,109,0,0x03,single,-317.403668,22,-0.043956,173,0,No fault,,,,,,,,,
2026-08-14T14:11:51.054,1786709511.054970,11.439847,4,0,0.800000,110,0,0x03,single,-317.403668,201,-0.038095,172,0,No fault,,,,,,,,,
2026-08-14T14:11:51.060,1786709511.060232,11.445107,4,0,0.800000,111,0,0x03,single,-317.403668,-22,-0.032234,171,0,No fault,,,,,,,,,
2026-08-14T14:11:51.065,1786709511.065477,11.450354,4,0,0.800000,112,0,0x03,single,-317.403668,-67,-0.049817,172,0,No fault,,,,,,,,,
2026-08-14T14:11:51.070,1786709511.070749,11.455628,4,0,0.800000,113,0,0x03,single,-317.403668,22,-0.043956,171,0,No fault,,,,,,,,,
2026-08-14T14:11:51.076,1786709511.076011,11.460880,4,0,0.800000,114,0,0x03,single,-317.403668,-22,-0.061538,172,0,No fault,,,,,,,,,
2026-08-14T14:11:51.081,1786709511.081214,11.466079,4,0,0.800000,115,0,0x03,single,-317.425630,-156,-0.032234,169,0,No fault,,,,,,,,,
2026-08-14T14:11:51.086,1786709511.086412,11.471289,4,0,0.800000,116,0,0x03,single,-317.425630,-246,-0.043956,172,0,No fault,,,,,,,,,
2026-08-14T14:11:51.091,1786709511.091670,11.476544,4,0,0.800000,117,0,0x03,single,-317.403668,-156,-0.049817,171,0,No fault,,,,,,,,,
2026-08-14T14:11:51.096,1786709511.096921,11.481797,4,0,0.800000,118,0,0x03,single,-317.403668,-156,-0.055678,172,0,No fault,,,,,,,,,
2026-08-14T14:11:51.102,1786709511.102169,11.487043,4,0,0.800000,119,0,0x03,single,-317.403668,112,-0.038095,172,0,No fault,,,,,,,,,
2026-08-14T14:11:51.107,1786709511.107415,11.492290,4,0,0.800000,120,0,0x03,single,-317.403668,22,-0.038095,174,0,No fault,,,,,,,,,
2026-08-14T14:11:51.112,1786709511.112665,11.497541,4,0,0.800000,121,0,0x03,single,-317.403668,-67,-0.049817,175,0,No fault,,,,,,,,,
2026-08-14T14:11:51.117,1786709511.117919,11.502795,4,0,0.800000,122,0,0x03,single,-317.403668,22,-0.043956,172,0,No fault,,,,,,,,,
2026-08-14T14:11:51.123,1786709511.123170,11.508044,4,0,0.800000,123,0,0x03,single,-317.403668,22,-0.043956,170,0,No fault,,,,,,,,,
2026-08-14T14:11:51.128,1786709511.128416,11.513290,4,0,0.800000,124,0,0x03,single,-317.425630,-201,-0.043956,172,0,No fault,,,,,,,,,
2026-08-14T14:11:51.133,1786709511.133765,11.518640,4,0,0.800000,125,0,0x03,single,-317.425630,-201,-0.043956,172,0,No fault,,,,,,,,,
2026-08-14T14:11:51.149,1786709511.149502,11.534391,4,0,0.800000,126,0,0x03,single,-317.403668,-22,-0.055678,172,0,No fault,,,,,,,,,
2026-08-14T14:11:51.154,1786709511.154873,11.539748,4,0,0.800000,127,0,0x03,single,-317.403668,67,-0.043956,172,0,No fault,,,,,,,,,
2026-08-14T14:11:51.160,1786709511.160218,11.545095,4,0,0.800000,128,0,0x03,single,-317.403668,22,-0.043956,174,0,No fault,,,,,,,,,
2026-08-14T14:11:51.165,1786709511.165576,11.550448,4,0,0.800000,129,0,0x03,single,-317.403668,-22,-0.038095,172,0,No fault,,,,,,,,,
2026-08-14T14:11:51.170,1786709511.170802,11.555672,4,0,0.800000,130,0,0x03,single,-317.403668,-67,-0.043956,175,0,No fault,,,,,,,,,
2026-08-14T14:11:51.176,1786709511.176024,11.560891,4,0,0.800000,131,0,0x03,single,-317.425630,-201,-0.049817,171,0,No fault,,,,,,,,,
2026-08-14T14:11:51.181,1786709511.181229,11.566096,4,0,0.800000,132,0,0x03,single,-317.403668,-22,-0.061538,169,0,No fault,,,,,,,,,
2026-08-14T14:11:51.186,1786709511.186430,11.571297,4,0,0.800000,133,0,0x03,single,-317.425630,-246,-0.061538,172,0,No fault,,,,,,,,,
2026-08-14T14:11:51.191,1786709511.191625,11.576492,4,0,0.800000,134,0,0x03,single,-317.403668,-22,-0.026374,172,0,No fault,,,,,,,,,
2026-08-14T14:11:51.196,1786709511.196819,11.581686,4,0,0.800000,135,0,0x03,single,-317.403668,-22,-0.049817,172,0,No fault,,,,,,,,,
2026-08-14T14:11:51.202,1786709511.202013,11.586878,4,0,0.800000,136,0,0x03,single,-317.403668,-22,-0.032234,169,0,No fault,,,,,,,,,
2026-08-14T14:11:51.207,1786709511.207207,11.592072,4,0,0.800000,137,0,0x03,single,-317.403668,-112,-0.020513,173,0,No fault,,,,,,,,,
2026-08-14T14:11:51.212,1786709511.212399,11.597265,4,0,0.800000,138,0,0x03,single,-317.403668,-112,-0.043956,172,0,No fault,,,,,,,,,
2026-08-14T14:11:51.217,1786709511.217613,11.602480,4,0,0.800000,139,0,0x03,single,-317.403668,67,-0.038095,173,0,No fault,,,,,,,,,
2026-08-14T14:11:51.222,1786709511.222813,11.607679,4,0,0.800000,140,0,0x03,single,-317.403668,-22,-0.043956,172,0,No fault,,,,,,,,,
2026-08-14T14:11:51.228,1786709511.228004,11.612870,4,0,0.800000,141,0,0x03,single,-317.403668,-67,-0.038095,170,0,No fault,,,,,,,,,
2026-08-14T14:11:51.233,1786709511.233197,11.618063,4,0,0.800000,142,0,0x03,single,-317.403668,67,-0.049817,170,0,No fault,,,,,,,,,
2026-08-14T14:11:51.238,1786709511.238388,11.623254,4,0,0.800000,143,0,0x03,single,-317.403668,112,-0.038095,172,0,No fault,,,,,,,,,
