wall_time_iso,wall_time_epoch_s,elapsed_s,phase_index,phase_command_erpm,phase_duration_s,sample_index,command_erpm,left_motor_id,left_motor_label,left_feedback_position_deg,left_feedback_speed_erpm,left_feedback_current_amps,left_feedback_temperature_c,left_feedback_error_code,left_feedback_error_description,right_motor_id,right_motor_label,right_feedback_position_deg,right_feedback_speed_erpm,right_feedback_current_amps,right_feedback_temperature_c,right_feedback_error_code,right_feedback_error_description,sync_error_erpm
2026-08-14T14:24:10.160,1786710250.160866,0.018480,1,3000,5.000000,1,3000,0x03,left,-356.627536,2121,2.376557,172,0,No fault,0x04,right,246.488848,1228,2.669597,176,0,No fault,893.00
2026-08-14T14:24:10.166,1786710250.166491,0.024032,1,3000,5.000000,2,3000,0x03,left,-356.166337,3149,0.536264,172,0,No fault,0x04,right,247.015932,3193,0.495238,174,0,No fault,-44.00
2026-08-14T14:24:10.171,1786710250.171752,0.029282,1,3000,5.000000,3,3000,0x03,left,-355.397673,2970,-0.032234,172,0,No fault,0x04,right,247.784597,3104,-0.002930,171,0,No fault,-134.00
2026-08-14T14:24:10.177,1786710250.177025,0.034574,1,3000,5.000000,4,3000,0x03,left,-354.694893,2747,0.020513,172,0,No fault,0x04,right,248.465414,2925,0.096703,174,0,No fault,-178.00
2026-08-14T14:24:10.182,1786710250.182359,0.039904,1,3000,5.000000,5,3000,0x03,left,-354.014076,2836,0.225641,173,0,No fault,0x04,right,249.168194,2836,0.260806,173,0,No fault,0.00
2026-08-14T14:24:10.187,1786710250.187677,0.045226,1,3000,5.000000,6,3000,0x03,left,-353.267373,2836,0.196337,175,0,No fault,0x04,right,249.849011,2925,0.225641,175,0,No fault,-89.00
2026-08-14T14:24:10.193,1786710250.193150,0.050687,1,3000,5.000000,7,3000,0x03,left,-352.520670,2925,0.120147,172,0,No fault,0x04,right,250.551790,2925,0.231502,174,0,No fault,0.00
2026-08-14T14:24:10.198,1786710250.198422,0.055964,1,3000,5.000000,8,3000,0x03,left,-351.795929,3059,0.090842,176,0,No fault,0x04,right,251.254570,2881,0.149451,174,0,No fault,178.00
2026-08-14T14:24:10.203,1786710250.203676,0.061203,1,3000,5.000000,9,3000,0x03,left,-351.093150,2702,0.143590,172,0,No fault,0x04,right,251.957349,2881,0.208059,173,0,No fault,-179.00
2026-08-14T14:24:10.208,1786710250.208871,0.066401,1,3000,5.000000,10,3000,0x03,left,-350.368408,2970,0.202198,172,0,No fault,0x04,right,252.638166,2702,0.172894,174,0,No fault,268.00
2026-08-14T14:24:10.214,1786710250.214087,0.071615,1,3000,5.000000,11,3000,0x03,left,-349.687591,2791,0.167033,173,0,No fault,0x04,right,253.362907,3015,0.213919,175,0,No fault,-224.00
2026-08-14T14:24:10.219,1786710250.219305,0.076839,1,3000,5.000000,12,3000,0x03,left,-348.984812,2836,0.108425,173,0,No fault,0x04,right,254.043725,3015,0.172894,174,0,No fault,-179.00
2026-08-14T14:24:10.224,1786710250.224537,0.082065,1,3000,5.000000,13,3000,0x03,left,-348.260071,2970,0.172894,172,0,No fault,0x04,right,254.768466,2970,0.161172,177,0,No fault,0.00
2026-08-14T14:24:10.229,1786710250.229765,0.087294,1,3000,5.000000,14,3000,0x03,left,-347.557291,2791,0.213919,172,0,No fault,0x04,right,255.449283,2791,0.202198,174,0,No fault,0.00
2026-08-14T14:24:10.234,1786710250.234986,0.092514,1,3000,5.000000,15,3000,0x03,left,-346.876474,2970,0.231502,171,0,No fault,0x04,right,256.152063,3104,0.208059,175,0,No fault,-134.00
2026-08-14T14:24:10.240,1786710250.240205,0.097733,1,3000,5.000000,16,3000,0x03,left,-346.151733,3104,0.079121,173,0,No fault,0x04,right,256.832880,2747,0.225641,174,0,No fault,357.00
2026-08-14T14:24:10.245,1786710250.245430,0.102960,1,3000,5.000000,17,3000,0x03,left,-345.448954,2970,0.190476,173,0,No fault,0x04,right,257.557621,2881,0.149451,174,0,No fault,89.00
2026-08-14T14:24:10.250,1786710250.250693,0.108233,1,3000,5.000000,18,3000,0x03,left,-344.746174,2881,0.167033,172,0,No fault,0x04,right,258.238439,2702,0.249084,176,0,No fault,179.00
2026-08-14T14:24:10.255,1786710250.255979,0.113511,1,3000,5.000000,19,3000,0x03,left,-344.065357,2657,0.190476,172,0,No fault,0x04,right,258.963180,2925,0.172894,176,0,No fault,-268.00
2026-08-14T14:24:10.261,1786710250.261379,0.118937,1,3000,5.000000,20,3000,0x03,left,-343.362578,2791,0.096703,173,0,No fault,0x04,right,259.643997,2836,0.196337,175,0,No fault,-45.00
2026-08-14T14:24:10.267,1786710250.267073,0.124607,1,3000,5.000000,21,3000,0x03,left,-341.935057,2791,0.225641,172,0,No fault,0x04,right,260.346776,3059,0.161172,171,0,No fault,-268.00
2026-08-14T14:24:10.272,1786710250.272308,0.129838,1,3000,5.000000,22,3000,0x03,left,-341.232278,3059,0.161172,172,0,No fault,0x04,right,261.071518,3149,0.190476,174,0,No fault,-90.00
2026-08-14T14:24:10.277,1786710250.277556,0.135100,1,3000,5.000000,23,3000,0x03,left,-340.529499,3059,0.084982,173,0,No fault,0x04,right,261.752335,2702,0.149451,174,0,No fault,357.00
2026-08-14T14:24:10.282,1786710250.282950,0.140492,1,3000,5.000000,24,3000,0x03,left,-339.826719,2836,0.114286,171,0,No fault,0x04,right,262.542962,2791,0.155311,174,0,No fault,45.00
2026-08-14T14:24:10.288,1786710250.288331,0.145876,1,3000,5.000000,25,3000,0x03,left,-339.101978,2970,0.161172,173,0,No fault,0x04,right,263.882635,2836,0.190476,174,0,No fault,134.00
2026-08-14T14:24:10.293,1786710250.293763,0.151317,1,3000,5.000000,26,3000,0x03,left,-338.399199,3059,0.149451,172,0,No fault,0x04,right,264.585414,2836,0.167033,174,0,No fault,223.00
2026-08-14T14:24:10.299,1786710250.299100,0.156642,1,3000,5.000000,27,3000,0x03,left,-337.696420,2925,0.102564,172,0,No fault,0x04,right,265.288193,2791,0.190476,174,0,No fault,134.00
2026-08-14T14:24:10.304,1786710250.304423,0.161977,1,3000,5.000000,28,3000,0x03,left,-336.971679,3015,0.120147,172,0,No fault,0x04,right,266.012934,3059,0.126007,174,0,No fault,-44.00
2026-08-14T14:24:10.309,1786710250.309799,0.167347,1,3000,5.000000,29,3000,0x03,left,-336.268899,2702,0.178755,172,0,No fault,0x04,right,266.715714,2747,0.161172,174,0,No fault,-45.00
2026-08-14T14:24:10.315,1786710250.315117,0.172660,1,3000,5.000000,30,3000,0x03,left,-335.566120,2881,0.143590,173,0,No fault,0x04,right,267.418493,3059,0.149451,175,0,No fault,-178.00
2026-08-14T14:24:10.320,1786710250.320455,0.178052,1,3000,5.000000,31,3000,0x03,left,-334.841379,3238,0.079121,171,0,No fault,0x04,right,268.121272,2836,0.161172,174,0,No fault,402.00
2026-08-14T14:24:10.325,1786710250.325881,0.183423,1,3000,5.000000,32,3000,0x03,left,-334.138600,3015,0.137729,171,0,No fault,0x04,right,268.824051,2836,0.131868,175,0,No fault,179.00
2026-08-14T14:24:10.346,1786710250.346715,0.204263,1,3000,5.000000,33,3000,0x03,left,-331.305521,2970,0.114286,172,0,No fault,0x04,right,272.030482,2791,0.190476,174,0,No fault,179.00
2026-08-14T14:24:10.357,1786710250.357135,0.214684,1,3000,5.000000,34,3000,0x03,left,-330.624703,2747,0.178755,167,0,No fault,0x04,right,272.755223,2747,0.155311,174,0,No fault,0.00
2026-08-14T14:24:10.362,1786710250.362695,0.220244,1,3000,5.000000,35,3000,0x03,left,-328.582251,3283,0.149451,173,0,No fault,0x04,right,274.160781,2747,0.178755,175,0,No fault,536.00
2026-08-14T14:24:10.368,1786710250.368145,0.225684,1,3000,5.000000,36,3000,0x03,left,-328.252823,2881,0.172894,171,0,No fault,0x04,right,274.885523,2925,0.178755,174,0,No fault,-44.00
2026-08-14T14:24:10.373,1786710250.373425,0.230961,1,3000,5.000000,37,3000,0x03,left,-327.550044,2613,0.208059,171,0,No fault,0x04,right,275.588302,2970,0.202198,176,0,No fault,-357.00
2026-08-14T14:24:10.378,1786710250.378686,0.236218,1,3000,5.000000,38,3000,0x03,left,-326.847265,2970,0.208059,171,0,No fault,0x04,right,276.291081,2925,0.208059,174,0,No fault,45.00
2026-08-14T14:24:10.383,1786710250.383924,0.241457,1,3000,5.000000,39,3000,0x03,left,-326.144486,2702,0.067399,171,0,No fault,0x04,right,276.993860,2881,0.190476,174,0,No fault,-179.00
2026-08-14T14:24:10.389,1786710250.389165,0.246695,1,3000,5.000000,40,3000,0x03,left,-325.419744,3104,0.167033,172,0,No fault,0x04,right,277.696640,2881,0.196337,176,0,No fault,223.00
2026-08-14T14:24:10.394,1786710250.394431,0.251968,1,3000,5.000000,41,3000,0x03,left,-324.738927,2702,0.184615,177,0,No fault,0x04,right,278.399419,2970,0.213919,174,0,No fault,-268.00
2026-08-14T14:24:10.399,1786710250.399703,0.257232,1,3000,5.000000,42,3000,0x03,left,-324.058110,2747,0.202198,172,0,No fault,0x04,right,279.080236,2836,0.208059,174,0,No fault,-89.00
2026-08-14T14:24:10.405,1786710250.405010,0.262542,1,3000,5.000000,43,3000,0x03,left,-323.333368,2970,0.143590,175,0,No fault,0x04,right,279.783016,2747,0.172894,174,0,No fault,223.00
2026-08-14T14:24:10.410,1786710250.410254,0.267786,1,3000,5.000000,44,3000,0x03,left,-322.630589,2791,0.161172,172,0,No fault,0x04,right,280.485795,2791,0.231502,175,0,No fault,0.00
2026-08-14T14:24:10.415,1786710250.415498,0.273026,1,3000,5.000000,45,3000,0x03,left,-321.905848,3015,0.178755,171,0,No fault,0x04,right,281.188574,2791,0.155311,173,0,No fault,224.00
2026-08-14T14:24:10.420,1786710250.420720,0.278249,1,3000,5.000000,46,3000,0x03,left,-321.225031,3015,0.161172,173,0,No fault,0x04,right,281.869392,2747,0.237363,174,0,No fault,268.00
2026-08-14T14:24:10.425,1786710250.425951,0.283480,1,3000,5.000000,47,3000,0x03,left,-320.544213,2747,0.102564,174,0,No fault,0x04,right,282.572171,2925,0.208059,177,0,No fault,-178.00
2026-08-14T14:24:10.431,1786710250.431260,0.288797,1,3000,5.000000,48,3000,0x03,left,-319.819472,2791,0.120147,173,0,No fault,0x04,right,283.296912,2836,0.172894,175,0,No fault,-45.00
2026-08-14T14:24:10.436,1786710250.436595,0.294185,1,3000,5.000000,49,3000,0x03,left,-318.391952,2747,0.155311,173,0,No fault,0x04,right,283.977729,2970,0.219780,178,0,No fault,-223.00
2026-08-14T14:24:10.442,1786710250.442025,0.299573,1,3000,5.000000,50,3000,0x03,left,-317.689172,2970,0.055678,173,0,No fault,0x04,right,284.680509,2702,0.213919,174,0,No fault,268.00
2026-08-14T14:24:10.447,1786710250.447346,0.304881,1,3000,5.000000,51,3000,0x03,left,-316.986393,2925,0.137729,172,0,No fault,0x04,right,285.383288,3059,0.202198,175,0,No fault,-134.00
2026-08-14T14:24:10.452,1786710250.452613,0.310150,1,3000,5.000000,52,3000,0x03,left,-316.283614,2881,0.161172,172,0,No fault,0x04,right,286.086067,2925,0.149451,173,0,No fault,-44.00
2026-08-14T14:24:10.457,1786710250.457892,0.315421,1,3000,5.000000,53,3000,0x03,left,-315.580835,2836,0.155311,172,0,No fault,0x04,right,286.788846,2747,0.208059,174,0,No fault,89.00
2026-08-14T14:24:10.463,1786710250.463149,0.320678,1,3000,5.000000,54,3000,0x03,left,-314.856094,3015,0.067399,172,0,No fault,0x04,right,287.491626,2970,0.190476,174,0,No fault,45.00
2026-08-14T14:24:10.468,1786710250.468402,0.325937,1,3000,5.000000,55,3000,0x03,left,-314.153314,2925,0.126007,173,0,No fault,0x04,right,288.172443,2747,0.184615,177,0,No fault,178.00
2026-08-14T14:24:10.473,1786710250.473852,0.331387,1,3000,5.000000,56,3000,0x03,left,-313.450535,2881,0.202198,173,0,No fault,0x04,right,288.897184,2925,0.131868,174,0,No fault,-44.00
2026-08-14T14:24:10.479,1786710250.479120,0.336652,1,3000,5.000000,57,3000,0x03,left,-312.769718,2836,0.172894,172,0,No fault,0x04,right,289.599964,2881,0.219780,174,0,No fault,-45.00
2026-08-14T14:24:10.484,1786710250.484382,0.341918,1,3000,5.000000,58,3000,0x03,left,-312.066938,2881,0.126007,172,0,No fault,0x04,right,290.302743,2836,0.208059,174,0,No fault,45.00
2026-08-14T14:24:10.489,1786710250.489687,0.347221,1,3000,5.000000,59,3000,0x03,left,-311.342197,2925,0.137729,173,0,No fault,0x04,right,291.005522,2970,0.184615,174,0,No fault,-45.00
2026-08-14T14:24:10.495,1786710250.495002,0.352531,1,3000,5.000000,60,3000,0x03,left,-310.639418,3015,0.231502,172,0,No fault,0x04,right,291.708301,3059,0.149451,171,0,No fault,-44.00
2026-08-14T14:24:10.500,1786710250.500357,0.357887,1,3000,5.000000,61,3000,0x03,left,-309.958600,3059,0.213919,172,0,No fault,0x04,right,293.113860,2881,0.190476,174,0,No fault,178.00
2026-08-14T14:24:10.505,1786710250.505708,0.363237,1,3000,5.000000,62,3000,0x03,left,-309.233859,3238,0.137729,172,0,No fault,0x04,right,293.816639,3104,0.243223,174,0,No fault,134.00
2026-08-14T14:24:10.510,1786710250.510931,0.368460,1,3000,5.000000,63,3000,0x03,left,-308.553042,2747,0.126007,172,0,No fault,0x04,right,294.519418,3059,0.161172,172,0,No fault,-312.00
2026-08-14T14:24:10.516,1786710250.516151,0.373681,1,3000,5.000000,64,3000,0x03,left,-307.850263,2747,0.184615,172,0,No fault,0x04,right,295.222198,2925,0.190476,175,0,No fault,-178.00
2026-08-14T14:24:10.521,1786710250.521481,0.379011,1,3000,5.000000,65,3000,0x03,left,-307.147483,2747,0.213919,172,0,No fault,0x04,right,295.903015,2568,0.213919,175,0,No fault,179.00
2026-08-14T14:24:10.526,1786710250.526710,0.384242,1,3000,5.000000,66,3000,0x03,left,-306.444704,2836,0.096703,175,0,No fault,0x04,right,296.605794,2747,0.196337,174,0,No fault,89.00
2026-08-14T14:24:10.542,1786710250.542145,0.399678,1,3000,5.000000,67,3000,0x03,left,-304.336366,2836,0.202198,171,0,No fault,0x04,right,299.175331,2791,0.196337,175,0,No fault,45.00
2026-08-14T14:24:10.547,1786710250.547404,0.404943,1,3000,5.000000,68,3000,0x03,left,-303.633587,3059,0.126007,170,0,No fault,0x04,right,299.526721,3059,0.196337,174,0,No fault,0.00
2026-08-14T14:24:10.557,1786710250.557806,0.415345,1,3000,5.000000,69,3000,0x03,left,-301.393478,2925,0.202198,172,0,No fault,0x04,right,300.602851,2881,0.167033,175,0,No fault,44.00
2026-08-14T14:24:10.563,1786710250.563084,0.420628,1,3000,5.000000,70,3000,0x03,left,-301.064050,2970,0.161172,172,0,No fault,0x04,right,301.305631,2881,0.190476,174,0,No fault,89.00
2026-08-14T14:24:10.568,1786710250.568398,0.425937,1,3000,5.000000,71,3000,0x03,left,-300.690699,2791,0.114286,171,0,No fault,0x04,right,302.030372,2836,0.208059,173,0,No fault,-45.00
2026-08-14T14:24:10.573,1786710250.573718,0.431255,1,3000,5.000000,72,3000,0x03,left,-299.922034,2925,0.114286,169,0,No fault,0x04,right,302.733151,2925,0.172894,173,0,No fault,0.00
2026-08-14T14:24:10.578,1786710250.578983,0.436518,1,3000,5.000000,73,3000,0x03,left,-299.241217,2881,0.202198,172,0,No fault,0x04,right,303.457892,2925,0.161172,174,0,No fault,-44.00
2026-08-14T14:24:10.584,1786710250.584239,0.441777,1,3000,5.000000,74,3000,0x03,left,-298.538437,2881,0.184615,173,0,No fault,0x04,right,304.160672,2925,0.202198,174,0,No fault,-44.00
2026-08-14T14:24:10.589,1786710250.589503,0.447038,1,3000,5.000000,75,3000,0x03,left,-297.835658,3015,0.102564,173,0,No fault,0x04,right,304.885413,2657,0.184615,170,0,No fault,358.00
2026-08-14T14:24:10.594,1786710250.594773,0.452307,1,3000,5.000000,76,3000,0x03,left,-297.110917,3059,0.096703,172,0,No fault,0x04,right,305.588192,3015,0.208059,174,0,No fault,44.00
2026-08-14T14:24:10.600,1786710250.600047,0.457582,1,3000,5.000000,77,3000,0x03,left,-296.430100,2702,0.178755,173,0,No fault,0x04,right,306.290971,2747,0.137729,174,0,No fault,-45.00
2026-08-14T14:24:10.605,1786710250.605453,0.463020,1,3000,5.000000,78,3000,0x03,left,-295.002579,3059,0.067399,172,0,No fault,0x04,right,307.015712,2970,0.178755,174,0,No fault,89.00
2026-08-14T14:24:10.610,1786710250.610902,0.468445,1,3000,5.000000,79,3000,0x03,left,-294.299800,3059,0.131868,172,0,No fault,0x04,right,307.696530,2836,0.208059,174,0,No fault,223.00
2026-08-14T14:24:10.616,1786710250.616246,0.473780,1,3000,5.000000,80,3000,0x03,left,-293.597021,2791,0.172894,169,0,No fault,0x04,right,308.399309,2925,0.167033,174,0,No fault,-134.00
2026-08-14T14:24:10.621,1786710250.621508,0.479040,1,3000,5.000000,81,3000,0x03,left,-292.894241,2970,0.143590,172,0,No fault,0x04,right,309.848791,2747,0.213919,174,0,No fault,223.00
2026-08-14T14:24:10.626,1786710250.626828,0.484359,1,3000,5.000000,82,3000,0x03,left,-292.191462,2836,0.114286,173,0,No fault,0x04,right,310.529609,2836,0.237363,174,0,No fault,0.00
2026-08-14T14:24:10.632,1786710250.632094,0.489635,1,3000,5.000000,83,3000,0x03,left,-291.488683,2836,0.108425,171,0,No fault,0x04,right,311.210426,2881,0.143590,174,0,No fault,-45.00
2026-08-14T14:24:10.637,1786710250.637416,0.494955,1,3000,5.000000,84,3000,0x03,left,-290.763942,2568,0.167033,172,0,No fault,0x04,right,311.935167,2836,0.190476,174,0,No fault,-268.00
2026-08-14T14:24:10.642,1786710250.642693,0.500230,1,3000,5.000000,85,3000,0x03,left,-290.083124,2613,0.231502,172,0,No fault,0x04,right,312.637946,2925,0.190476,175,0,No fault,-312.00
2026-08-14T14:24:10.647,1786710250.647951,0.505485,1,3000,5.000000,86,3000,0x03,left,-289.380345,2881,0.114286,173,0,No fault,0x04,right,313.318764,2925,0.260806,174,0,No fault,-44.00
2026-08-14T14:24:10.653,1786710250.653321,0.510855,1,3000,5.000000,87,3000,0x03,left,-288.655604,2836,0.137729,173,0,No fault,0x04,right,314.021543,2791,0.167033,174,0,No fault,45.00
2026-08-14T14:24:10.659,1786710250.659113,0.516664,1,3000,5.000000,88,3000,0x03,left,-287.930863,3059,0.172894,171,0,No fault,0x04,right,314.724322,2747,0.172894,175,0,No fault,312.00
2026-08-14T14:24:10.664,1786710250.664547,0.522089,1,3000,5.000000,89,3000,0x03,left,-287.272007,2568,0.231502,171,0,No fault,0x04,right,315.427102,2791,0.249084,174,0,No fault,-223.00
2026-08-14T14:24:10.669,1786710250.669847,0.527385,1,3000,5.000000,90,3000,0x03,left,-286.547266,2702,0.102564,172,0,No fault,0x04,right,316.151843,2970,0.196337,175,0,No fault,-268.00
2026-08-14T14:24:10.675,1786710250.675128,0.532665,1,3000,5.000000,91,3000,0x03,left,-285.844487,2925,0.143590,173,0,No fault,0x04,right,316.832660,2747,0.208059,174,0,No fault,178.00
2026-08-14T14:24:10.680,1786710250.680400,0.537936,1,3000,5.000000,92,3000,0x03,left,-285.141708,2791,0.202198,172,0,No fault,0x04,right,317.557401,3059,0.161172,174,0,No fault,-268.00
2026-08-14T14:24:10.685,1786710250.685723,0.543258,1,3000,5.000000,93,3000,0x03,left,-284.438928,2836,0.213919,172,0,No fault,0x04,right,318.238219,2881,0.249084,174,0,No fault,-45.00
2026-08-14T14:24:10.690,1786710250.690988,0.548526,1,3000,5.000000,94,3000,0x03,left,-283.758111,2881,0.155311,173,0,No fault,0x04,right,318.940998,2881,0.172894,174,0,No fault,0.00
2026-08-14T14:24:10.696,1786710250.696256,0.553792,1,3000,5.000000,95,3000,0x03,left,-283.033370,2836,0.114286,174,0,No fault,0x04,right,319.643777,2881,0.208059,174,0,No fault,-45.00
2026-08-14T14:24:10.701,1786710250.701530,0.559067,1,3000,5.000000,96,3000,0x03,left,-282.330590,2925,0.190476,172,0,No fault,0x04,right,320.346557,2702,0.143590,175,0,No fault,223.00
2026-08-14T14:24:10.706,1786710250.706801,0.564336,1,3000,5.000000,97,3000,0x03,left,-281.627811,3015,0.202198,171,0,No fault,0x04,right,321.071298,2881,0.184615,174,0,No fault,134.00
2026-08-14T14:24:10.712,1786710250.712068,0.569608,1,3000,5.000000,98,3000,0x03,left,-280.946994,2881,0.149451,167,0,No fault,0x04,right,321.752115,2747,0.190476,174,0,No fault,134.00
2026-08-14T14:24:10.717,1786710250.717462,0.575001,1,3000,5.000000,99,3000,0x03,left,-280.222253,2881,0.090842,172,0,No fault,0x04,right,322.454894,2836,0.213919,174,0,No fault,45.00
2026-08-14T14:24:10.722,1786710250.722940,0.580475,1,3000,5.000000,100,3000,0x03,left,-278.794732,2747,0.190476,172,0,No fault,0x04,right,323.179635,2925,0.108425,174,0,No fault,-178.00
2026-08-14T14:24:10.728,1786710250.728199,0.585734,1,3000,5.000000,101,3000,0x03,left,-278.091953,2970,0.131868,171,0,No fault,0x04,right,323.882415,3059,0.202198,174,0,No fault,-89.00
2026-08-14T14:24:10.733,1786710250.733691,0.591225,1,3000,5.000000,102,3000,0x03,left,-277.389174,2925,0.084982,171,0,No fault,0x04,right,324.585194,3059,0.167033,173,0,No fault,-134.00
2026-08-14T14:24:10.744,1786710250.744018,0.601557,1,3000,5.000000,103,3000,0x03,left,-275.961653,2836,0.149451,172,0,No fault,0x04,right,325.266011,2836,0.231502,175,0,No fault,0.00
2026-08-14T14:24:10.749,1786710250.749295,0.606838,1,3000,5.000000,104,3000,0x03,left,-275.258874,3149,0.143590,172,0,No fault,0x04,right,327.550044,2836,0.155311,174,0,No fault,313.00
2026-08-14T14:24:10.759,1786710250.759687,0.617230,1,3000,5.000000,105,3000,0x03,left,-274.556095,2657,0.061538,173,0,No fault,0x04,right,328.648137,3193,0.143590,175,0,No fault,-536.00
2026-08-14T14:24:10.764,1786710250.764979,0.622526,1,3000,5.000000,106,3000,0x03,left,-272.667376,2881,0.155311,173,0,No fault,0x04,right,329.350916,3015,0.178755,174,0,No fault,-134.00
2026-08-14T14:24:10.770,1786710250.770302,0.627851,1,3000,5.000000,107,3000,0x03,left,-272.294024,3104,0.102564,173,0,No fault,0x04,right,330.031733,2657,0.213919,174,0,No fault,447.00
2026-08-14T14:24:10.775,1786710250.775611,0.633153,1,3000,5.000000,108,3000,0x03,left,-271.569283,3104,0.120147,175,0,No fault,0x04,right,330.756474,2970,0.184615,173,0,No fault,134.00
2026-08-14T14:24:10.781,1786710250.781050,0.638598,1,3000,5.000000,109,3000,0x03,left,-270.866504,3059,0.149451,172,0,No fault,0x04,right,331.437292,2702,0.126007,174,0,No fault,357.00
2026-08-14T14:24:10.786,1786710250.786370,0.643913,1,3000,5.000000,110,3000,0x03,left,-270.163724,2925,0.202198,172,0,No fault,0x04,right,332.162033,2836,0.178755,174,0,No fault,89.00
2026-08-14T14:24:10.791,1786710250.791671,0.649210,1,3000,5.000000,111,3000,0x03,left,-269.482907,2836,0.108425,172,0,No fault,0x04,right,332.864812,3015,0.178755,174,0,No fault,-179.00
2026-08-14T14:24:10.796,1786710250.796949,0.654492,1,3000,5.000000,112,3000,0x03,left,-268.758166,2925,0.126007,174,0,No fault,0x04,right,333.545630,2613,0.219780,174,0,No fault,312.00
2026-08-14T14:24:10.802,1786710250.802266,0.659806,1,3000,5.000000,113,3000,0x03,left,-268.055387,2836,0.149451,172,0,No fault,0x04,right,334.270371,2791,0.143590,174,0,No fault,45.00
2026-08-14T14:24:10.809,1786710250.809246,0.666780,1,3000,5.000000,114,3000,0x03,left,-267.374569,2791,0.219780,172,0,No fault,0x04,right,335.675929,3015,0.231502,174,0,No fault,-224.00
2026-08-14T14:24:10.814,1786710250.814484,0.672014,1,3000,5.000000,115,3000,0x03,left,-266.671790,2836,0.143590,172,0,No fault,0x04,right,336.378709,3104,0.196337,174,0,No fault,-268.00
2026-08-14T14:24:10.819,1786710250.819721,0.677262,1,3000,5.000000,116,3000,0x03,left,-265.969011,2791,0.126007,173,0,No fault,0x04,right,337.037564,2881,0.196337,174,0,No fault,-90.00
2026-08-14T14:24:10.825,1786710250.825029,0.682566,1,3000,5.000000,117,3000,0x03,left,-265.266231,2881,0.184615,172,0,No fault,0x04,right,337.762305,2925,0.208059,177,0,No fault,-44.00
2026-08-14T14:24:10.830,1786710250.830324,0.687861,1,3000,5.000000,118,3000,0x03,left,-264.541490,2836,0.184615,173,0,No fault,0x04,right,338.443123,2925,0.237363,174,0,No fault,-89.00
2026-08-14T14:24:10.835,1786710250.835677,0.693213,1,3000,5.000000,119,3000,0x03,left,-263.860673,2881,0.202198,172,0,No fault,0x04,right,339.145902,2702,0.208059,173,0,No fault,179.00
2026-08-14T14:24:10.841,1786710250.841113,0.698653,1,3000,5.000000,120,3000,0x03,left,-262.411191,2836,0.184615,172,0,No fault,0x04,right,339.848681,2881,0.208059,174,0,No fault,-45.00
2026-08-14T14:24:10.846,1786710250.846504,0.704040,1,3000,5.000000,121,3000,0x03,left,-261.708411,2925,0.219780,172,0,No fault,0x04,right,340.551461,2925,0.202198,174,0,No fault,0.00
2026-08-14T14:24:10.851,1786710250.851751,0.709280,1,3000,5.000000,122,3000,0x03,left,-261.005632,3015,0.167033,176,0,No fault,0x04,right,341.254240,3015,0.178755,175,0,No fault,0.00
2026-08-14T14:24:10.856,1786710250.856979,0.714509,1,3000,5.000000,123,3000,0x03,left,-260.302853,2970,0.108425,172,0,No fault,0x04,right,341.957019,2881,0.213919,175,0,No fault,89.00
2026-08-14T14:24:10.862,1786710250.862207,0.719736,1,3000,5.000000,124,3000,0x03,left,-259.578112,3059,0.126007,171,0,No fault,0x04,right,342.659798,2881,0.208059,174,0,No fault,178.00
2026-08-14T14:24:10.867,1786710250.867437,0.724968,1,3000,5.000000,125,3000,0x03,left,-258.897294,2881,0.208059,171,0,No fault,0x04,right,343.362578,3193,0.208059,173,0,No fault,-312.00
2026-08-14T14:24:10.872,1786710250.872669,0.730198,1,3000,5.000000,126,3000,0x03,left,-258.194515,2791,0.143590,176,0,No fault,0x04,right,344.065357,2836,0.219780,174,0,No fault,-45.00
2026-08-14T14:24:10.877,1786710250.877892,0.735421,1,3000,5.000000,127,3000,0x03,left,-257.469774,3015,0.073260,173,0,No fault,0x04,right,344.746174,2791,0.225641,174,0,No fault,224.00
2026-08-14T14:24:10.883,1786710250.883118,0.740647,1,3000,5.000000,128,3000,0x03,left,-256.766995,2791,0.196337,174,0,No fault,0x04,right,345.470915,3015,0.178755,173,0,No fault,-224.00
2026-08-14T14:24:10.888,1786710250.888368,0.745898,1,3000,5.000000,129,3000,0x03,left,-256.064215,2791,0.155311,173,0,No fault,0x04,right,346.173695,2925,0.172894,173,0,No fault,-134.00
2026-08-14T14:24:10.893,1786710250.893625,0.751154,1,3000,5.000000,130,3000,0x03,left,-255.361436,2836,0.172894,173,0,No fault,0x04,right,346.854512,2568,0.196337,174,0,No fault,268.00
2026-08-14T14:24:10.898,1786710250.898911,0.756441,1,3000,5.000000,131,3000,0x03,left,-254.636695,2970,0.055678,172,0,No fault,0x04,right,347.579253,2881,0.196337,174,0,No fault,89.00
2026-08-14T14:24:10.904,1786710250.904132,0.761661,1,3000,5.000000,132,3000,0x03,left,-253.933916,2970,0.155311,172,0,No fault,0x04,right,348.282032,2925,0.172894,173,0,No fault,45.00
2026-08-14T14:24:10.909,1786710250.909348,0.766876,1,3000,5.000000,133,3000,0x03,left,-253.231136,2970,0.190476,172,0,No fault,0x04,right,348.984812,2747,0.149451,174,0,No fault,223.00
2026-08-14T14:24:10.914,1786710250.914564,0.772092,1,3000,5.000000,134,3000,0x03,left,-252.550319,2791,0.172894,172,0,No fault,0x04,right,349.687591,2791,0.178755,173,0,No fault,0.00
2026-08-14T14:24:10.919,1786710250.919788,0.777318,1,3000,5.000000,135,3000,0x03,left,-251.825578,3193,0.126007,172,0,No fault,0x04,right,350.390370,2791,0.190476,173,0,No fault,402.00
2026-08-14T14:24:10.925,1786710250.925010,0.782539,1,3000,5.000000,136,3000,0x03,left,-251.122799,2836,0.155311,171,0,No fault,0x04,right,351.093150,2925,0.196337,172,0,No fault,-89.00
2026-08-14T14:24:10.930,1786710250.930237,0.787766,1,3000,5.000000,137,3000,0x03,left,-250.420019,2970,0.231502,171,0,No fault,0x04,right,351.795929,3015,0.155311,174,0,No fault,-45.00
2026-08-14T14:24:10.935,1786710250.935462,0.792993,1,3000,5.000000,138,3000,0x03,left,-249.717240,2791,0.167033,173,0,No fault,0x04,right,352.498708,2881,0.196337,174,0,No fault,-90.00
2026-08-14T14:24:10.945,1786710250.945822,0.803354,1,3000,5.000000,139,3000,0x03,left,-248.311681,2925,0.178755,173,0,No fault,0x04,right,353.179526,2791,0.196337,175,0,No fault,134.00
2026-08-14T14:24:10.951,1786710250.951150,0.808717,1,3000,5.000000,140,3000,0x03,left,-247.608902,2970,0.190476,173,0,No fault,0x04,right,355.551406,2747,0.231502,174,0,No fault,223.00
2026-08-14T14:24:10.956,1786710250.956527,0.814057,1,3000,5.000000,141,3000,0x03,left,-246.906123,2970,0.190476,171,0,No fault,0x04,right,355.924757,2836,0.213919,174,0,No fault,134.00
2026-08-14T14:24:10.966,1786710250.966856,0.824394,1,3000,5.000000,142,3000,0x03,left,-246.203344,3015,0.108425,171,0,No fault,0x04,right,357.330316,3104,0.184615,175,0,No fault,-89.00
2026-08-14T14:24:10.972,1786710250.972132,0.829669,1,3000,5.000000,143,3000,0x03,left,-244.248739,2925,0.219780,172,0,No fault,0x04,right,358.033095,2970,0.213919,174,0,No fault,-45.00
2026-08-14T14:24:10.977,1786710250.977397,0.834927,1,3000,5.000000,144,3000,0x03,left,-243.875387,3059,0.196337,172,0,No fault,0x04,right,358.735874,3015,0.225641,174,0,No fault,44.00
2026-08-14T14:24:10.982,1786710250.982627,0.840157,1,3000,5.000000,145,3000,0x03,left,-243.172608,2791,0.102564,171,0,No fault,0x04,right,359.416692,2747,0.178755,174,0,No fault,44.00
2026-08-14T14:24:10.987,1786710250.987856,0.845385,1,3000,5.000000,146,3000,0x03,left,-242.469829,2747,0.161172,172,0,No fault,0x04,right,360.141433,3015,0.172894,174,0,No fault,-268.00
2026-08-14T14:24:10.993,1786710250.993079,0.850608,1,3000,5.000000,147,3000,0x03,left,-241.767050,2925,0.202198,171,0,No fault,0x04,right,360.822250,3015,0.196337,174,0,No fault,-90.00
2026-08-14T14:24:10.998,1786710250.998299,0.855828,1,3000,5.000000,148,3000,0x03,left,-241.064270,2702,0.131868,173,0,No fault,0x04,right,361.525029,3059,0.237363,174,0,No fault,-357.00
2026-08-14T14:24:11.003,1786710251.003537,0.861066,1,3000,5.000000,149,3000,0x03,left,-240.361491,2836,0.096703,171,0,No fault,0x04,right,362.205847,2613,0.196337,174,0,No fault,223.00
2026-08-14T14:24:11.008,1786710251.008759,0.866289,1,3000,5.000000,150,3000,0x03,left,-239.636750,3015,0.137729,175,0,No fault,0x04,right,362.930588,2970,0.167033,174,0,No fault,45.00
2026-08-14T14:24:11.013,1786710251.013982,0.871509,1,3000,5.000000,151,3000,0x03,left,-238.912009,3015,0.155311,172,0,No fault,0x04,right,363.611405,2836,0.184615,175,0,No fault,179.00
2026-08-14T14:24:11.019,1786710251.019196,0.876723,1,3000,5.000000,152,3000,0x03,left,-238.231191,2881,0.155311,173,0,No fault,0x04,right,364.314185,2791,0.196337,174,0,No fault,90.00
2026-08-14T14:24:11.024,1786710251.024506,0.882035,1,3000,5.000000,153,3000,0x03,left,-237.506450,2970,0.090842,172,0,No fault,0x04,right,365.038926,2970,0.172894,174,0,No fault,0.00
2026-08-14T14:24:11.029,1786710251.029730,0.887258,1,3000,5.000000,154,3000,0x03,left,-236.803671,2881,0.149451,173,0,No fault,0x04,right,365.719743,2881,0.143590,174,0,No fault,0.00
2026-08-14T14:24:11.034,1786710251.034948,0.892476,1,3000,5.000000,155,3000,0x03,left,-236.122854,2702,0.155311,172,0,No fault,0x04,right,366.422522,2747,0.137729,174,0,No fault,-45.00
2026-08-14T14:24:11.040,1786710251.040172,0.897704,1,3000,5.000000,156,3000,0x03,left,-235.398112,2791,0.131868,173,0,No fault,0x04,right,367.125302,2791,0.190476,173,0,No fault,0.00
2026-08-14T14:24:11.045,1786710251.045435,0.902965,1,3000,5.000000,157,3000,0x03,left,-234.695333,2747,0.084982,172,0,No fault,0x04,right,367.850043,3015,0.213919,174,0,No fault,-268.00
2026-08-14T14:24:11.050,1786710251.050662,0.908191,1,3000,5.000000,158,3000,0x03,left,-233.970592,2970,0.161172,170,0,No fault,0x04,right,368.552822,3015,0.161172,174,0,No fault,-45.00
2026-08-14T14:24:11.055,1786710251.055880,0.913409,1,3000,5.000000,159,3000,0x03,left,-233.289775,2613,0.167033,172,0,No fault,0x04,right,369.233639,2881,0.184615,174,0,No fault,-268.00
2026-08-14T14:24:11.061,1786710251.061100,0.918629,1,3000,5.000000,160,3000,0x03,left,-232.565033,2970,0.137729,170,0,No fault,0x04,right,369.936419,2657,0.196337,174,0,No fault,313.00
2026-08-14T14:24:11.066,1786710251.066337,0.923870,1,3000,5.000000,161,3000,0x03,left,-231.862254,2925,0.108425,172,0,No fault,0x04,right,370.661160,3149,0.237363,174,0,No fault,-224.00
2026-08-14T14:24:11.071,1786710251.071679,0.929215,1,3000,5.000000,162,3000,0x03,left,-231.159475,2881,0.126007,173,0,No fault,0x04,right,371.341977,2791,0.137729,174,0,No fault,90.00
2026-08-14T14:24:11.077,1786710251.077131,0.934662,1,3000,5.000000,163,3000,0x03,left,-229.753916,2925,0.184615,172,0,No fault,0x04,right,372.044757,2881,0.178755,174,0,No fault,44.00
2026-08-14T14:24:11.082,1786710251.082362,0.939889,1,3000,5.000000,164,3000,0x03,left,-229.051137,2925,0.114286,172,0,No fault,0x04,right,372.747536,2836,0.237363,174,0,No fault,89.00
2026-08-14T14:24:11.087,1786710251.087584,0.945113,1,3000,5.000000,165,3000,0x03,left,-228.326396,3059,0.161172,172,0,No fault,0x04,right,373.450315,2747,0.231502,176,0,No fault,312.00
2026-08-14T14:24:11.092,1786710251.092806,0.950335,1,3000,5.000000,166,3000,0x03,left,-227.645579,2836,0.178755,172,0,No fault,0x04,right,374.153094,2881,0.167033,171,0,No fault,-45.00
2026-08-14T14:24:11.098,1786710251.098027,0.955556,1,3000,5.000000,167,3000,0x03,left,-226.942799,2702,0.213919,173,0,No fault,0x04,right,374.855874,2881,0.190476,176,0,No fault,-179.00
2026-08-14T14:24:11.103,1786710251.103252,0.960783,1,3000,5.000000,168,3000,0x03,left,-226.240020,2791,0.073260,173,0,No fault,0x04,right,375.536691,2702,0.219780,174,0,No fault,89.00
2026-08-14T14:24:11.108,1786710251.108547,0.966099,1,3000,5.000000,169,3000,0x03,left,-225.537241,2836,0.184615,172,0,No fault,0x04,right,376.261432,3015,0.225641,174,0,No fault,-179.00
2026-08-14T14:24:11.114,1786710251.114259,0.971821,1,3000,5.000000,170,3000,0x03,left,-224.812500,3059,0.190476,172,0,No fault,0x04,right,377.666991,2613,0.137729,172,0,No fault,446.00
2026-08-14T14:24:11.119,1786710251.119696,0.977232,1,3000,5.000000,171,3000,0x03,left,-224.109720,2881,0.190476,172,0,No fault,0x04,right,378.369770,2970,0.219780,174,0,No fault,-89.00
2026-08-14T14:24:11.124,1786710251.124945,0.982475,1,3000,5.000000,172,3000,0x03,left,-223.428903,2747,0.120147,172,0,No fault,0x04,right,379.072549,2925,0.155311,174,0,No fault,-178.00
2026-08-14T14:24:11.130,1786710251.130194,0.987724,1,3000,5.000000,173,3000,0x03,left,-222.704162,2970,0.131868,173,0,No fault,0x04,right,379.775328,2747,0.172894,174,0,No fault,223.00
2026-08-14T14:24:11.135,1786710251.135424,0.992953,1,3000,5.000000,174,3000,0x03,left,-222.001383,2970,0.184615,171,0,No fault,0x04,right,380.478108,2881,0.202198,174,0,No fault,89.00
2026-08-14T14:24:11.150,1786710251.150857,1.008394,1,3000,5.000000,175,3000,0x03,left,-219.893045,2702,0.143590,172,0,No fault,0x04,right,383.047644,2791,0.114286,174,0,No fault,-89.00
2026-08-14T14:24:11.156,1786710251.156183,1.013724,1,3000,5.000000,176,3000,0x03,left,-219.168304,2791,0.161172,172,0,No fault,0x04,right,383.399034,2702,0.161172,174,0,No fault,89.00
2026-08-14T14:24:11.166,1786710251.166608,1.024155,1,3000,5.000000,177,3000,0x03,left,-218.443563,2925,0.120147,173,0,No fault,0x04,right,384.497127,3015,0.149451,172,0,No fault,-90.00
2026-08-14T14:24:11.172,1786710251.172092,1.029636,1,3000,5.000000,178,3000,0x03,left,-216.379148,3059,0.167033,171,0,No fault,0x04,right,385.199906,2970,0.167033,177,0,No fault,89.00
2026-08-14T14:24:11.177,1786710251.177404,1.034944,1,3000,5.000000,179,3000,0x03,left,-215.983835,3104,0.137729,173,0,No fault,0x04,right,385.902685,3015,0.155311,175,0,No fault,89.00
2026-08-14T14:24:11.182,1786710251.182696,1.040242,1,3000,5.000000,180,3000,0x03,left,-215.303018,2657,0.114286,172,0,No fault,0x04,right,386.605465,2747,0.143590,174,0,No fault,-90.00
2026-08-14T14:24:11.188,1786710251.188014,1.045555,1,3000,5.000000,181,3000,0x03,left,-214.578277,2925,0.079121,172,0,No fault,0x04,right,387.308244,2881,0.196337,174,0,No fault,44.00
2026-08-14T14:24:11.193,1786710251.193300,1.050844,1,3000,5.000000,182,3000,0x03,left,-213.875497,2881,0.161172,172,0,No fault,0x04,right,388.032985,2970,0.161172,174,0,No fault,-89.00
2026-08-14T14:24:11.198,1786710251.198594,1.056142,1,3000,5.000000,183,3000,0x03,left,-213.172718,2836,0.149451,173,0,No fault,0x04,right,388.735764,3149,0.149451,170,0,No fault,-313.00
2026-08-14T14:24:11.204,1786710251.204039,1.061579,1,3000,5.000000,184,3000,0x03,left,-212.469939,2836,0.120147,173,0,No fault,0x04,right,389.438543,3015,0.190476,174,0,No fault,-179.00
2026-08-14T14:24:11.209,1786710251.209391,1.066928,1,3000,5.000000,185,3000,0x03,left,-211.767159,2791,0.108425,169,0,No fault,0x04,right,390.119361,2791,0.167033,174,0,No fault,0.00
2026-08-14T14:24:11.214,1786710251.214947,1.072490,1,3000,5.000000,186,3000,0x03,left,-211.042418,2747,0.149451,172,0,No fault,0x04,right,391.546881,2970,0.172894,174,0,No fault,-223.00
2026-08-14T14:24:11.220,1786710251.220279,1.077813,1,3000,5.000000,187,3000,0x03,left,-210.361601,2568,0.196337,172,0,No fault,0x04,right,392.271622,3015,0.184615,174,0,No fault,-447.00
2026-08-14T14:24:11.225,1786710251.225533,1.083064,1,3000,5.000000,188,3000,0x03,left,-209.636860,2836,0.149451,170,0,No fault,0x04,right,392.952440,2791,0.172894,174,0,No fault,45.00
2026-08-14T14:24:11.230,1786710251.230770,1.088301,1,3000,5.000000,189,3000,0x03,left,-208.934081,2925,0.126007,170,0,No fault,0x04,right,393.655219,2791,0.196337,174,0,No fault,134.00
2026-08-14T14:24:11.236,1786710251.236000,1.093530,1,3000,5.000000,190,3000,0x03,left,-208.231301,2925,0.161172,174,0,No fault,0x04,right,394.357998,2791,0.172894,175,0,No fault,134.00
2026-08-14T14:24:11.241,1786710251.241226,1.098756,1,3000,5.000000,191,3000,0x03,left,-207.528522,2747,0.196337,168,0,No fault,0x04,right,395.060778,2657,0.196337,174,0,No fault,90.00
2026-08-14T14:24:11.246,1786710251.246449,1.103979,1,3000,5.000000,192,3000,0x03,left,-206.803781,3059,0.196337,172,0,No fault,0x04,right,395.763557,2702,0.190476,174,0,No fault,357.00
2026-08-14T14:24:11.251,1786710251.251683,1.109213,1,3000,5.000000,193,3000,0x03,left,-206.122963,2836,0.120147,172,0,No fault,0x04,right,396.488298,3059,0.178755,175,0,No fault,-223.00
2026-08-14T14:24:11.256,1786710251.256921,1.114448,1,3000,5.000000,194,3000,0x03,left,-205.420184,2791,0.202198,170,0,No fault,0x04,right,397.169115,3059,0.184615,174,0,No fault,-268.00
2026-08-14T14:24:11.262,1786710251.262140,1.119668,1,3000,5.000000,195,3000,0x03,left,-204.717405,2568,0.149451,172,0,No fault,0x04,right,397.871895,2836,0.155311,174,0,No fault,-268.00
2026-08-14T14:24:11.267,1786710251.267401,1.124943,1,3000,5.000000,196,3000,0x03,left,-204.014626,2925,0.184615,171,0,No fault,0x04,right,398.574674,2881,0.213919,174,0,No fault,44.00
2026-08-14T14:24:11.272,1786710251.272707,1.130245,1,3000,5.000000,197,3000,0x03,left,-203.289885,3015,0.161172,174,0,No fault,0x04,right,399.255491,2747,0.225641,174,0,No fault,268.00
2026-08-14T14:24:11.278,1786710251.278084,1.135616,1,3000,5.000000,198,3000,0x03,left,-201.884326,3015,0.196337,173,0,No fault,0x04,right,399.958271,2836,0.167033,171,0,No fault,179.00
2026-08-14T14:24:11.283,1786710251.283342,1.140876,1,3000,5.000000,199,3000,0x03,left,-201.181547,3015,0.167033,173,0,No fault,0x04,right,400.661050,2747,0.172894,174,0,No fault,268.00
2026-08-14T14:24:11.288,1786710251.288720,1.146257,1,3000,5.000000,200,3000,0x03,left,-200.500729,2747,0.126007,173,0,No fault,0x04,right,401.385791,3015,0.208059,174,0,No fault,-268.00
2026-08-14T14:24:11.294,1786710251.294051,1.151595,1,3000,5.000000,201,3000,0x03,left,-199.775988,2881,0.143590,172,0,No fault,0x04,right,402.088570,3059,0.237363,174,0,No fault,-178.00
2026-08-14T14:24:11.299,1786710251.299377,1.156913,1,3000,5.000000,202,3000,0x03,left,-199.073209,2881,0.149451,171,0,No fault,0x04,right,402.769388,2836,0.143590,175,0,No fault,45.00
2026-08-14T14:24:11.304,1786710251.304654,1.162194,1,3000,5.000000,203,3000,0x03,left,-198.370430,2791,0.143590,175,0,No fault,0x04,right,403.494129,2881,0.172894,174,0,No fault,-90.00
2026-08-14T14:24:11.309,1786710251.309917,1.167449,1,3000,5.000000,204,3000,0x03,left,-197.645689,2881,0.061538,171,0,No fault,0x04,right,404.174946,2791,0.213919,174,0,No fault,90.00
2026-08-14T14:24:11.315,1786710251.315131,1.172658,1,3000,5.000000,205,3000,0x03,left,-196.942909,2791,0.131868,172,0,No fault,0x04,right,404.877726,2970,0.254945,174,0,No fault,-179.00
2026-08-14T14:24:11.320,1786710251.320354,1.177890,1,3000,5.000000,206,3000,0x03,left,-196.240130,3015,0.143590,172,0,No fault,0x04,right,405.580505,3059,0.155311,175,0,No fault,-44.00
2026-08-14T14:24:11.325,1786710251.325663,1.183198,1,3000,5.000000,207,3000,0x03,left,-195.559313,2836,0.184615,172,0,No fault,0x04,right,406.283284,2881,0.202198,173,0,No fault,-45.00
2026-08-14T14:24:11.330,1786710251.330920,1.188451,1,3000,5.000000,208,3000,0x03,left,-194.812610,3059,0.084982,174,0,No fault,0x04,right,406.986063,2791,0.178755,174,0,No fault,268.00
2026-08-14T14:24:11.336,1786710251.336131,1.193658,1,3000,5.000000,209,3000,0x03,left,-194.131792,2925,0.143590,173,0,No fault,0x04,right,407.688843,2836,0.208059,174,0,No fault,89.00
2026-08-14T14:24:11.341,1786710251.341348,1.198885,1,3000,5.000000,210,3000,0x03,left,-193.429013,2925,0.184615,173,0,No fault,0x04,right,408.391622,3104,0.208059,174,0,No fault,-179.00
2026-08-14T14:24:11.351,1786710251.351708,1.209249,1,3000,5.000000,211,3000,0x03,left,-192.023454,2881,0.149451,169,0,No fault,0x04,right,409.094401,2881,0.167033,174,0,No fault,0.00
2026-08-14T14:24:11.357,1786710251.357000,1.214540,1,3000,5.000000,212,3000,0x03,left,-191.298713,3149,0.137729,172,0,No fault,0x04,right,411.356472,2836,0.126007,174,0,No fault,313.00
2026-08-14T14:24:11.367,1786710251.367364,1.224904,1,3000,5.000000,213,3000,0x03,left,-190.617896,2970,0.225641,173,0,No fault,0x04,right,412.432603,3015,0.208059,174,0,No fault,-45.00
2026-08-14T14:24:11.372,1786710251.372608,1.230138,1,3000,5.000000,214,3000,0x03,left,-188.707215,2702,0.172894,172,0,No fault,0x04,right,413.113420,2613,0.167033,174,0,No fault,89.00
2026-08-14T14:24:11.377,1786710251.377824,1.235359,1,3000,5.000000,215,3000,0x03,left,-188.333863,3015,0.202198,173,0,No fault,0x04,right,413.838161,2836,0.202198,175,0,No fault,179.00
2026-08-14T14:24:11.383,1786710251.383088,1.240623,1,3000,5.000000,216,3000,0x03,left,-187.609122,2970,0.184615,173,0,No fault,0x04,right,414.562902,3059,0.137729,175,0,No fault,-89.00
2026-08-14T14:24:11.388,1786710251.388355,1.245889,1,3000,5.000000,217,3000,0x03,left,-186.928305,2970,0.196337,173,0,No fault,0x04,right,415.243720,2791,0.213919,172,0,No fault,179.00
2026-08-14T14:24:11.393,1786710251.393761,1.251297,1,3000,5.000000,218,3000,0x03,left,-186.203564,3149,0.126007,174,0,No fault,0x04,right,415.968461,3059,0.190476,176,0,No fault,90.00
2026-08-14T14:24:11.399,1786710251.399028,1.256563,1,3000,5.000000,219,3000,0x03,left,-185.500784,3059,0.161172,172,0,No fault,0x04,right,416.671240,3059,0.178755,174,0,No fault,0.00
2026-08-14T14:24:11.404,1786710251.404359,1.261894,1,3000,5.000000,220,3000,0x03,left,-184.798005,2970,0.184615,172,0,No fault,0x04,right,417.374019,2925,0.184615,175,0,No fault,45.00
2026-08-14T14:24:11.409,1786710251.409653,1.267188,1,3000,5.000000,221,3000,0x03,left,-184.095226,3059,0.196337,175,0,No fault,0x04,right,418.076799,2925,0.202198,173,0,No fault,134.00
2026-08-14T14:24:11.414,1786710251.414913,1.272448,1,3000,5.000000,222,3000,0x03,left,-183.392446,2970,0.120147,173,0,No fault,0x04,right,418.779578,2881,0.196337,174,0,No fault,89.00
2026-08-14T14:24:11.420,1786710251.420174,1.277709,1,3000,5.000000,223,3000,0x03,left,-182.689667,2881,0.167033,174,0,No fault,0x04,right,419.460395,2702,0.208059,174,0,No fault,179.00
2026-08-14T14:24:11.425,1786710251.425425,1.282960,1,3000,5.000000,224,3000,0x03,left,-181.986888,2925,0.196337,172,0,No fault,0x04,right,420.185136,3059,0.167033,174,0,No fault,-134.00
2026-08-14T14:24:11.430,1786710251.430684,1.288218,1,3000,5.000000,225,3000,0x03,left,-181.284109,2881,0.184615,172,0,No fault,0x04,right,420.865954,2657,0.161172,174,0,No fault,224.00
2026-08-14T14:24:11.435,1786710251.435938,1.293473,1,3000,5.000000,226,3000,0x03,left,-180.581329,2836,0.114286,172,0,No fault,0x04,right,421.590695,3059,0.225641,174,0,No fault,-223.00
2026-08-14T14:24:11.441,1786710251.441198,1.298733,1,3000,5.000000,227,3000,0x03,left,-179.878550,2925,0.137729,172,0,No fault,0x04,right,422.271512,2747,0.196337,174,0,No fault,178.00
2026-08-14T14:24:11.446,1786710251.446457,1.303992,1,3000,5.000000,228,3000,0x03,left,-179.153809,3104,0.178755,172,0,No fault,0x04,right,422.996254,2925,0.172894,174,0,No fault,179.00
2026-08-14T14:24:11.451,1786710251.451712,1.309247,1,3000,5.000000,229,3000,0x03,left,-178.451030,3059,0.149451,173,0,No fault,0x04,right,423.699033,2881,0.167033,175,0,No fault,178.00
2026-08-14T14:24:11.456,1786710251.456968,1.314503,1,3000,5.000000,230,3000,0x03,left,-177.748250,3015,0.102564,172,0,No fault,0x04,right,424.401812,3015,0.196337,174,0,No fault,0.00
2026-08-14T14:24:11.462,1786710251.462228,1.319762,1,3000,5.000000,231,3000,0x03,left,-177.045471,3015,0.126007,172,0,No fault,0x04,right,425.082630,2657,0.190476,175,0,No fault,358.00
2026-08-14T14:24:11.467,1786710251.467491,1.325026,1,3000,5.000000,232,3000,0x03,left,-176.320730,3015,0.172894,170,0,No fault,0x04,right,425.807371,3149,0.143590,174,0,No fault,-134.00
2026-08-14T14:24:11.472,1786710251.472842,1.330377,1,3000,5.000000,233,3000,0x03,left,-175.617951,2970,0.120147,173,0,No fault,0x04,right,426.510150,3015,0.202198,174,0,No fault,-45.00
2026-08-14T14:24:11.478,1786710251.478108,1.335641,1,3000,5.000000,234,3000,0x03,left,-174.190430,2747,0.131868,175,0,No fault,0x04,right,427.190967,2702,0.196337,171,0,No fault,45.00
2026-08-14T14:24:11.483,1786710251.483429,1.340964,1,3000,5.000000,235,3000,0x03,left,-173.531575,2747,0.172894,173,0,No fault,0x04,right,427.893747,2791,0.161172,174,0,No fault,-44.00
2026-08-14T14:24:11.488,1786710251.488769,1.346304,1,3000,5.000000,236,3000,0x03,left,-172.806834,3059,0.149451,172,0,No fault,0x04,right,428.618488,3015,0.202198,174,0,No fault,44.00
2026-08-14T14:24:11.494,1786710251.494125,1.351659,1,3000,5.000000,237,3000,0x03,left,-172.104054,2970,0.102564,172,0,No fault,0x04,right,430.024046,2791,0.237363,174,0,No fault,179.00
2026-08-14T14:24:11.499,1786710251.499478,1.357009,1,3000,5.000000,238,3000,0x03,left,-171.401275,2925,0.155311,172,0,No fault,0x04,right,430.726826,2747,0.219780,178,0,No fault,178.00
2026-08-14T14:24:11.504,1786710251.504702,1.362231,1,3000,5.000000,239,3000,0x03,left,-170.676534,2836,0.149451,172,0,No fault,0x04,right,431.451567,3059,0.167033,174,0,No fault,-223.00
2026-08-14T14:24:11.509,1786710251.509919,1.367447,1,3000,5.000000,240,3000,0x03,left,-169.995717,2881,0.202198,175,0,No fault,0x04,right,432.154346,3059,0.202198,174,0,No fault,-178.00
2026-08-14T14:24:11.515,1786710251.515134,1.372663,1,3000,5.000000,241,3000,0x03,left,-169.270976,3059,0.108425,171,0,No fault,0x04,right,432.835163,2925,0.184615,175,0,No fault,134.00
2026-08-14T14:24:11.520,1786710251.520386,1.377915,1,3000,5.000000,242,3000,0x03,left,-168.590158,2702,0.184615,172,0,No fault,0x04,right,433.537943,2747,0.202198,174,0,No fault,-45.00
2026-08-14T14:24:11.525,1786710251.525657,1.383192,1,3000,5.000000,243,3000,0x03,left,-167.865417,2970,0.161172,173,0,No fault,0x04,right,434.240722,2925,0.178755,171,0,No fault,45.00
2026-08-14T14:24:11.530,1786710251.530918,1.388446,1,3000,5.000000,244,3000,0x03,left,-167.184600,2702,0.213919,171,0,No fault,0x04,right,434.943501,2791,0.196337,174,0,No fault,-89.00
2026-08-14T14:24:11.536,1786710251.536143,1.393676,1,3000,5.000000,245,3000,0x03,left,-166.459858,3104,0.120147,172,0,No fault,0x04,right,435.624319,2791,0.196337,176,0,No fault,313.00
2026-08-14T14:24:11.541,1786710251.541392,1.398934,1,3000,5.000000,246,3000,0x03,left,-165.757079,2791,0.178755,173,0,No fault,0x04,right,436.327098,2791,0.190476,174,0,No fault,0.00
2026-08-14T14:24:11.556,1786710251.556981,1.414531,1,3000,5.000000,247,3000,0x03,left,-163.626780,3149,0.184615,173,0,No fault,0x04,right,438.720940,3015,0.213919,174,0,No fault,134.00
2026-08-14T14:24:11.567,1786710251.567536,1.425107,1,3000,5.000000,248,3000,0x03,left,-162.924000,2925,0.143590,172,0,No fault,0x04,right,440.192384,2925,0.161172,174,0,No fault,0.00
2026-08-14T14:24:11.572,1786710251.572957,1.430495,1,3000,5.000000,249,3000,0x03,left,-160.947434,2657,0.126007,173,0,No fault,0x04,right,440.873201,2791,0.202198,174,0,No fault,-134.00
2026-08-14T14:24:11.578,1786710251.578325,1.435857,1,3000,5.000000,250,3000,0x03,left,-160.552120,2836,0.108425,172,0,No fault,0x04,right,441.597942,2836,0.155311,173,0,No fault,0.00
2026-08-14T14:24:11.583,1786710251.583572,1.441108,1,3000,5.000000,251,3000,0x03,left,-159.849341,2836,0.137729,173,0,No fault,0x04,right,442.278760,2791,0.172894,171,0,No fault,45.00
2026-08-14T14:24:11.588,1786710251.588820,1.446351,1,3000,5.000000,252,3000,0x03,left,-159.124600,2881,0.172894,171,0,No fault,0x04,right,442.981539,2747,0.161172,174,0,No fault,134.00
2026-08-14T14:24:11.594,1786710251.594062,1.451593,1,3000,5.000000,253,3000,0x03,left,-158.421821,2791,0.149451,172,0,No fault,0x04,right,443.684318,2702,0.167033,174,0,No fault,89.00
2026-08-14T14:24:11.599,1786710251.599295,1.456825,1,3000,5.000000,254,3000,0x03,left,-157.719041,2881,0.114286,172,0,No fault,0x04,right,444.387098,2836,0.161172,174,0,No fault,45.00
2026-08-14T14:24:11.604,1786710251.604519,1.462048,1,3000,5.000000,255,3000,0x03,left,-156.994300,2925,0.114286,171,0,No fault,0x04,right,445.111839,2970,0.167033,174,0,No fault,-45.00
2026-08-14T14:24:11.609,1786710251.609774,1.467311,1,3000,5.000000,256,3000,0x03,left,-156.291521,2836,0.161172,173,0,No fault,0x04,right,445.792656,2747,0.143590,174,0,No fault,89.00
2026-08-14T14:24:11.615,1786710251.615034,1.472564,1,3000,5.000000,257,3000,0x03,left,-155.588742,2747,0.126007,172,0,No fault,0x04,right,446.495435,2657,0.149451,174,0,No fault,90.00
2026-08-14T14:24:11.620,1786710251.620297,1.477843,1,3000,5.000000,258,3000,0x03,left,-154.864001,3059,0.090842,173,0,No fault,0x04,right,447.220176,3238,0.196337,176,0,No fault,-179.00
2026-08-14T14:24:11.625,1786710251.625617,1.483147,1,3000,5.000000,259,3000,0x03,left,-154.161221,2881,0.143590,172,0,No fault,0x04,right,447.922956,2925,0.167033,170,0,No fault,-44.00
2026-08-14T14:24:11.630,1786710251.630846,1.488376,1,3000,5.000000,260,3000,0x03,left,-153.458442,2970,0.149451,172,0,No fault,0x04,right,448.603773,2613,0.167033,172,0,No fault,357.00
2026-08-14T14:24:11.636,1786710251.636072,1.493601,1,3000,5.000000,261,3000,0x03,left,-152.755663,2836,0.149451,172,0,No fault,0x04,right,449.306552,2657,0.137729,174,0,No fault,179.00
2026-08-14T14:24:11.641,1786710251.641289,1.498818,1,3000,5.000000,262,3000,0x03,left,-152.052883,2747,0.114286,173,0,No fault,0x04,right,450.009332,2836,0.178755,174,0,No fault,-89.00
2026-08-14T14:24:11.646,1786710251.646518,1.504048,1,3000,5.000000,263,3000,0x03,left,-151.328142,2836,0.131868,172,0,No fault,0x04,right,450.712111,3015,0.202198,173,0,No fault,-179.00
2026-08-14T14:24:11.651,1786710251.651847,1.509375,1,3000,5.000000,264,3000,0x03,left,-150.625363,2970,0.184615,175,0,No fault,0x04,right,451.436852,3104,0.131868,174,0,No fault,-134.00
2026-08-14T14:24:11.657,1786710251.657110,1.514647,1,3000,5.000000,265,3000,0x03,left,-149.922584,2836,0.149451,170,0,No fault,0x04,right,452.139631,3059,0.196337,173,0,No fault,-223.00
2026-08-14T14:24:11.662,1786710251.662390,1.519920,1,3000,5.000000,266,3000,0x03,left,-149.241766,2791,0.137729,173,0,No fault,0x04,right,452.842411,3015,0.161172,174,0,No fault,-224.00
2026-08-14T14:24:11.667,1786710251.667620,1.525150,1,3000,5.000000,267,3000,0x03,left,-148.538987,2613,0.143590,171,0,No fault,0x04,right,453.523228,2836,0.190476,174,0,No fault,-223.00
2026-08-14T14:24:11.672,1786710251.672843,1.530371,1,3000,5.000000,268,3000,0x03,left,-147.814246,2791,0.172894,173,0,No fault,0x04,right,454.247969,3015,0.178755,174,0,No fault,-224.00
2026-08-14T14:24:11.678,1786710251.678082,1.535611,1,3000,5.000000,269,3000,0x03,left,-147.111467,2925,0.167033,173,0,No fault,0x04,right,454.950748,2970,0.172894,174,0,No fault,-45.00
2026-08-14T14:24:11.683,1786710251.683300,1.540830,1,3000,5.000000,270,3000,0x03,left,-146.430649,2836,0.126007,173,0,No fault,0x04,right,455.631566,2657,0.190476,177,0,No fault,179.00
2026-08-14T14:24:11.688,1786710251.688536,1.546068,1,3000,5.000000,271,3000,0x03,left,-145.705908,3104,0.184615,171,0,No fault,0x04,right,456.334345,2791,0.178755,174,0,No fault,313.00
2026-08-14T14:24:11.693,1786710251.693806,1.551343,1,3000,5.000000,272,3000,0x03,left,-145.003129,2970,0.196337,171,0,No fault,0x04,right,457.037124,2791,0.208059,176,0,No fault,179.00
2026-08-14T14:24:11.699,1786710251.699121,1.556650,1,3000,5.000000,273,3000,0x03,left,-144.322311,2613,0.161172,173,0,No fault,0x04,right,457.739904,3059,0.225641,174,0,No fault,-446.00
2026-08-14T14:24:11.704,1786710251.704537,1.562067,1,3000,5.000000,274,3000,0x03,left,-142.916753,2836,0.155311,172,0,No fault,0x04,right,458.420721,2791,0.213919,172,0,No fault,45.00
2026-08-14T14:24:11.709,1786710251.709850,1.567379,1,3000,5.000000,275,3000,0x03,left,-142.192012,2925,0.190476,173,0,No fault,0x04,right,459.145462,3015,0.196337,174,0,No fault,-90.00
2026-08-14T14:24:11.715,1786710251.715174,1.572704,1,3000,5.000000,276,3000,0x03,left,-141.511194,2613,0.184615,173,0,No fault,0x04,right,459.826280,2970,0.208059,175,0,No fault,-357.00
2026-08-14T14:24:11.720,1786710251.720545,1.578074,1,3000,5.000000,277,3000,0x03,left,-140.786453,2970,0.143590,167,0,No fault,0x04,right,461.253800,2970,0.167033,172,0,No fault,0.00
2026-08-14T14:24:11.725,1786710251.725847,1.583376,1,3000,5.000000,278,3000,0x03,left,-140.105636,2657,0.155311,172,0,No fault,0x04,right,461.934617,2881,0.249084,174,0,No fault,-224.00
2026-08-14T14:24:11.731,1786710251.731067,1.588595,1,3000,5.000000,279,3000,0x03,left,-139.380895,2747,0.126007,175,0,No fault,0x04,right,462.637397,2925,0.190476,174,0,No fault,-178.00
2026-08-14T14:24:11.736,1786710251.736302,1.593835,1,3000,5.000000,280,3000,0x03,left,-138.678115,2836,0.196337,173,0,No fault,0x04,right,463.340176,2747,0.202198,173,0,No fault,89.00
2026-08-14T14:24:11.741,1786710251.741543,1.599072,1,3000,5.000000,281,3000,0x03,left,-137.997298,2657,0.102564,172,0,No fault,0x04,right,464.042955,2970,0.196337,174,0,No fault,-313.00
2026-08-14T14:24:11.756,1786710251.756968,1.614511,1,3000,5.000000,282,3000,0x03,left,-135.845037,2836,0.172894,172,0,No fault,0x04,right,466.436797,2791,0.172894,173,0,No fault,45.00
2026-08-14T14:24:11.767,1786710251.767446,1.624988,1,3000,5.000000,283,3000,0x03,left,-135.142257,2881,0.108425,170,0,No fault,0x04,right,467.161538,2881,0.190476,175,0,No fault,0.00
2026-08-14T14:24:11.772,1786710251.772724,1.630252,1,3000,5.000000,284,3000,0x03,left,-133.275500,2791,0.167033,171,0,No fault,0x04,right,467.842356,2568,0.155311,174,0,No fault,223.00
2026-08-14T14:24:11.777,1786710251.777951,1.635486,1,3000,5.000000,285,3000,0x03,left,-132.902148,2836,0.184615,172,0,No fault,0x04,right,468.567097,3015,0.196337,174,0,No fault,-179.00
2026-08-14T14:24:11.783,1786710251.783273,1.640815,1,3000,5.000000,286,3000,0x03,left,-132.177407,2970,0.120147,172,0,No fault,0x04,right,469.247914,2613,0.167033,174,0,No fault,357.00
2026-08-14T14:24:11.788,1786710251.788635,1.646177,1,3000,5.000000,287,3000,0x03,left,-131.496590,2881,0.167033,172,0,No fault,0x04,right,469.972655,2747,0.161172,173,0,No fault,134.00
2026-08-14T14:24:11.794,1786710251.794135,1.651673,1,3000,5.000000,288,3000,0x03,left,-130.771849,3015,0.196337,172,0,No fault,0x04,right,471.378214,2970,0.161172,174,0,No fault,45.00
2026-08-14T14:24:11.799,1786710251.799416,1.656955,1,3000,5.000000,289,3000,0x03,left,-130.091031,2836,0.208059,172,0,No fault,0x04,right,472.059031,2836,0.196337,174,0,No fault,0.00
2026-08-14T14:24:11.804,1786710251.804709,1.662250,1,3000,5.000000,290,3000,0x03,left,-129.388252,2881,0.155311,172,0,No fault,0x04,right,472.783772,3327,0.172894,174,0,No fault,-446.00
2026-08-14T14:24:11.809,1786710251.809965,1.667494,1,3000,5.000000,291,3000,0x03,left,-128.685473,2836,0.161172,174,0,No fault,0x04,right,473.464590,2836,0.208059,174,0,No fault,0.00
2026-08-14T14:24:11.815,1786710251.815176,1.672705,1,3000,5.000000,292,3000,0x03,left,-127.960732,2970,0.178755,176,0,No fault,0x04,right,474.189331,3015,0.161172,174,0,No fault,-45.00
2026-08-14T14:24:11.820,1786710251.820408,1.677947,1,3000,5.000000,293,3000,0x03,left,-127.279914,2747,0.225641,174,0,No fault,0x04,right,474.870148,2657,0.213919,174,0,No fault,90.00
2026-08-14T14:24:11.825,1786710251.825873,1.683412,1,3000,5.000000,294,3000,0x03,left,-126.577135,3015,0.131868,172,0,No fault,0x04,right,475.572928,2702,0.184615,175,0,No fault,313.00
2026-08-14T14:24:11.831,1786710251.831102,1.688635,1,3000,5.000000,295,3000,0x03,left,-125.874356,2791,0.178755,172,0,No fault,0x04,right,476.297669,3015,0.149451,174,0,No fault,-224.00
2026-08-14T14:24:11.836,1786710251.836298,1.693824,1,3000,5.000000,296,3000,0x03,left,-125.193538,2791,0.190476,171,0,No fault,0x04,right,477.000448,3104,0.190476,174,0,No fault,-313.00
2026-08-14T14:24:11.841,1786710251.841514,1.699049,1,3000,5.000000,297,3000,0x03,left,-124.490759,2836,0.196337,172,0,No fault,0x04,right,477.681265,2881,0.172894,173,0,No fault,-45.00
2026-08-14T14:24:11.846,1786710251.846792,1.704326,1,3000,5.000000,298,3000,0x03,left,-123.766018,2702,0.161172,172,0,No fault,0x04,right,478.384045,2836,0.178755,176,0,No fault,-134.00
2026-08-14T14:24:11.852,1786710251.852068,1.709602,1,3000,5.000000,299,3000,0x03,left,-123.063239,2702,0.120147,169,0,No fault,0x04,right,479.086824,2881,0.213919,172,0,No fault,-179.00
2026-08-14T14:24:11.857,1786710251.857340,1.714873,1,3000,5.000000,300,3000,0x03,left,-122.338497,2791,0.161172,170,0,No fault,0x04,right,479.789603,2836,0.155311,174,0,No fault,-45.00
2026-08-14T14:24:11.862,1786710251.862611,1.720145,1,3000,5.000000,301,3000,0x03,left,-121.657680,2657,0.184615,172,0,No fault,0x04,right,480.492383,2881,0.219780,174,0,No fault,-224.00
2026-08-14T14:24:11.867,1786710251.867887,1.725421,1,3000,5.000000,302,3000,0x03,left,-120.932939,2836,0.096703,173,0,No fault,0x04,right,481.195162,2791,0.202198,175,0,No fault,45.00
2026-08-14T14:24:11.873,1786710251.873157,1.730691,1,3000,5.000000,303,3000,0x03,left,-120.230160,2925,0.131868,173,0,No fault,0x04,right,481.897941,2925,0.196337,175,0,No fault,0.00
2026-08-14T14:24:11.878,1786710251.878495,1.736029,1,3000,5.000000,304,3000,0x03,left,-119.527380,2925,0.167033,172,0,No fault,0x04,right,482.578758,2925,0.178755,173,0,No fault,0.00
2026-08-14T14:24:11.883,1786710251.883908,1.741438,1,3000,5.000000,305,3000,0x03,left,-118.099860,3059,0.108425,172,0,No fault,0x04,right,483.281538,2836,0.172894,174,0,No fault,223.00
2026-08-14T14:24:11.889,1786710251.889212,1.746743,1,3000,5.000000,306,3000,0x03,left,-117.397081,3015,0.114286,169,0,No fault,0x04,right,483.984317,2434,0.155311,174,0,No fault,581.00
2026-08-14T14:24:11.894,1786710251.894447,1.751975,1,3000,5.000000,307,3000,0x03,left,-116.672340,3015,0.143590,172,0,No fault,0x04,right,484.687096,2523,0.161172,174,0,No fault,492.00
2026-08-14T14:24:11.899,1786710251.899718,1.757247,1,3000,5.000000,308,3000,0x03,left,-115.969560,3015,0.167033,172,0,No fault,0x04,right,485.389876,2881,0.149451,174,0,No fault,134.00
2026-08-14T14:24:11.904,1786710251.904969,1.762499,1,3000,5.000000,309,3000,0x03,left,-115.266781,2881,0.120147,173,0,No fault,0x04,right,486.092655,2970,0.149451,174,0,No fault,-89.00
2026-08-14T14:24:11.910,1786710251.910197,1.767725,1,3000,5.000000,310,3000,0x03,left,-114.564002,3015,0.084982,176,0,No fault,0x04,right,486.795434,2925,0.213919,174,0,No fault,90.00
2026-08-14T14:24:11.915,1786710251.915421,1.772948,1,3000,5.000000,311,3000,0x03,left,-113.839261,3015,0.155311,172,0,No fault,0x04,right,487.498213,2925,0.167033,172,0,No fault,90.00
2026-08-14T14:24:11.920,1786710251.920638,1.778167,1,3000,5.000000,312,3000,0x03,left,-113.136481,2970,0.155311,172,0,No fault,0x04,right,488.200993,2836,0.190476,175,0,No fault,134.00
2026-08-14T14:24:11.925,1786710251.925861,1.783390,1,3000,5.000000,313,3000,0x03,left,-112.455664,2836,0.131868,169,0,No fault,0x04,right,488.903772,2970,0.155311,174,0,No fault,-134.00
2026-08-14T14:24:11.931,1786710251.931166,1.788695,1,3000,5.000000,314,3000,0x03,left,-111.730923,3149,0.131868,171,0,No fault,0x04,right,489.606551,2791,0.190476,174,0,No fault,358.00
2026-08-14T14:24:11.936,1786710251.936538,1.794068,1,3000,5.000000,315,3000,0x03,left,-111.028144,2881,0.137729,173,0,No fault,0x04,right,491.012110,3149,0.190476,174,0,No fault,-268.00
2026-08-14T14:24:11.941,1786710251.941842,1.799371,1,3000,5.000000,316,3000,0x03,left,-110.325364,2925,0.202198,173,0,No fault,0x04,right,491.714889,2836,0.131868,173,0,No fault,89.00
2026-08-14T14:24:11.957,1786710251.957652,1.815188,1,3000,5.000000,317,3000,0x03,left,-108.217027,2747,0.208059,173,0,No fault,0x04,right,494.262464,2970,0.172894,175,0,No fault,-223.00
2026-08-14T14:24:11.962,1786710251.962991,1.820523,1,3000,5.000000,318,3000,0x03,left,-107.492285,2791,0.202198,172,0,No fault,0x04,right,494.613853,2747,0.149451,175,0,No fault,44.00
2026-08-14T14:24:11.973,1786710251.973290,1.830823,1,3000,5.000000,319,3000,0x03,left,-106.789506,2836,0.149451,173,0,No fault,0x04,right,495.689984,2925,0.208059,174,0,No fault,-89.00
2026-08-14T14:24:11.978,1786710251.978515,1.836047,1,3000,5.000000,320,3000,0x03,left,-104.878825,2836,0.178755,173,0,No fault,0x04,right,496.370802,2657,0.190476,174,0,No fault,179.00
2026-08-14T14:24:11.983,1786710251.983745,1.841273,1,3000,5.000000,321,3000,0x03,left,-104.505474,2747,0.243223,174,0,No fault,0x04,right,497.073581,2925,0.178755,174,0,No fault,-178.00
2026-08-14T14:24:11.988,1786710251.988965,1.846493,1,3000,5.000000,322,3000,0x03,left,-103.802694,2791,0.131868,172,0,No fault,0x04,right,497.776360,2836,0.178755,170,0,No fault,-45.00
2026-08-14T14:24:11.994,1786710251.994190,1.851721,1,3000,5.000000,323,3000,0x03,left,-103.099915,2836,0.126007,173,0,No fault,0x04,right,498.479139,2791,0.196337,176,0,No fault,45.00
2026-08-14T14:24:11.999,1786710251.999422,1.856950,1,3000,5.000000,324,3000,0x03,left,-102.375174,2881,0.167033,172,0,No fault,0x04,right,499.181919,2791,0.167033,174,0,No fault,90.00
2026-08-14T14:24:12.004,1786710252.004637,1.862166,1,3000,5.000000,325,3000,0x03,left,-101.694356,2791,0.237363,173,0,No fault,0x04,right,499.884698,2702,0.161172,174,0,No fault,89.00
2026-08-14T14:24:12.009,1786710252.009857,1.867386,1,3000,5.000000,326,3000,0x03,left,-100.991577,2925,0.172894,173,0,No fault,0x04,right,500.587477,2747,0.184615,174,0,No fault,178.00
2026-08-14T14:24:12.015,1786710252.015076,1.872604,1,3000,5.000000,327,3000,0x03,left,-100.266836,2881,0.102564,172,0,No fault,0x04,right,501.290257,2836,0.184615,176,0,No fault,45.00
2026-08-14T14:24:12.020,1786710252.020297,1.877824,1,3000,5.000000,328,3000,0x03,left,-99.564057,2702,0.161172,169,0,No fault,0x04,right,501.993036,3015,0.167033,174,0,No fault,-313.00
2026-08-14T14:24:12.025,1786710252.025513,1.883041,1,3000,5.000000,329,3000,0x03,left,-98.839316,2836,0.167033,171,0,No fault,0x04,right,502.695815,2836,0.143590,174,0,No fault,0.00
2026-08-14T14:24:12.030,1786710252.030784,1.888313,1,3000,5.000000,330,3000,0x03,left,-98.136536,2836,0.108425,173,0,No fault,0x04,right,503.398594,2657,0.184615,174,0,No fault,179.00
2026-08-14T14:24:12.036,1786710252.036012,1.893542,1,3000,5.000000,331,3000,0x03,left,-97.433757,2881,0.079121,172,0,No fault,0x04,right,504.079412,2747,0.172894,174,0,No fault,134.00
2026-08-14T14:24:12.041,1786710252.041243,1.898778,1,3000,5.000000,332,3000,0x03,left,-96.730978,2747,0.155311,172,0,No fault,0x04,right,504.804153,2970,0.149451,173,0,No fault,-223.00
2026-08-14T14:24:12.046,1786710252.046587,1.904117,1,3000,5.000000,333,3000,0x03,left,-96.006237,2970,0.149451,171,0,No fault,0x04,right,505.506932,2925,0.167033,174,0,No fault,45.00
2026-08-14T14:24:12.051,1786710252.051977,1.909506,1,3000,5.000000,334,3000,0x03,left,-95.303457,2791,0.114286,172,0,No fault,0x04,right,506.912491,2657,0.178755,174,0,No fault,134.00
2026-08-14T14:24:12.057,1786710252.057283,1.914811,1,3000,5.000000,335,3000,0x03,left,-94.600678,2747,0.096703,173,0,No fault,0x04,right,507.637232,2970,0.178755,174,0,No fault,-223.00
2026-08-14T14:24:12.062,1786710252.062517,1.920048,1,3000,5.000000,336,3000,0x03,left,-93.875937,3059,0.143590,172,0,No fault,0x04,right,508.340011,3059,0.172894,174,0,No fault,0.00
2026-08-14T14:24:12.067,1786710252.067771,1.925308,1,3000,5.000000,337,3000,0x03,left,-93.173158,2791,0.155311,172,0,No fault,0x04,right,509.042790,2925,0.143590,174,0,No fault,-134.00
2026-08-14T14:24:12.073,1786710252.073027,1.930558,1,3000,5.000000,338,3000,0x03,left,-92.470379,2925,0.131868,172,0,No fault,0x04,right,509.745570,3059,0.178755,172,0,No fault,-134.00
2026-08-14T14:24:12.078,1786710252.078262,1.935791,1,3000,5.000000,339,3000,0x03,left,-91.745637,3059,0.096703,171,0,No fault,0x04,right,510.448349,3059,0.149451,173,0,No fault,0.00
2026-08-14T14:24:12.083,1786710252.083482,1.941010,1,3000,5.000000,340,3000,0x03,left,-91.064820,2791,0.167033,172,0,No fault,0x04,right,511.151128,3059,0.149451,174,0,No fault,-268.00
2026-08-14T14:24:12.088,1786710252.088702,1.946232,1,3000,5.000000,341,3000,0x03,left,-90.362041,2791,0.213919,172,0,No fault,0x04,right,511.853907,2836,0.167033,174,0,No fault,-45.00
2026-08-14T14:24:12.093,1786710252.093925,1.951454,1,3000,5.000000,342,3000,0x03,left,-89.659261,2970,0.161172,172,0,No fault,0x04,right,512.556687,3015,0.184615,172,0,No fault,-45.00
2026-08-14T14:24:12.099,1786710252.099213,1.956741,1,3000,5.000000,343,3000,0x03,left,-88.956482,2881,0.131868,172,0,No fault,0x04,right,513.259466,2791,0.196337,173,0,No fault,90.00
2026-08-14T14:24:12.104,1786710252.104518,1.962048,1,3000,5.000000,344,3000,0x03,left,-87.528962,2836,0.196337,172,0,No fault,0x04,right,513.962245,3059,0.178755,175,0,No fault,-223.00
2026-08-14T14:24:12.109,1786710252.109876,1.967405,1,3000,5.000000,345,3000,0x03,left,-86.848144,2747,0.231502,173,0,No fault,0x04,right,514.665024,2925,0.131868,173,0,No fault,-178.00
2026-08-14T14:24:12.115,1786710252.115099,1.972626,1,3000,5.000000,346,3000,0x03,left,-86.123403,2925,0.096703,172,0,No fault,0x04,right,515.367804,2925,0.219780,173,0,No fault,0.00
2026-08-14T14:24:12.120,1786710252.120311,1.977839,1,3000,5.000000,347,3000,0x03,left,-85.442586,2702,0.190476,170,0,No fault,0x04,right,516.092545,3015,0.167033,174,0,No fault,-313.00
2026-08-14T14:24:12.125,1786710252.125540,1.983072,1,3000,5.000000,348,3000,0x03,left,-84.717845,2657,0.167033,172,0,No fault,0x04,right,516.773362,2970,0.213919,175,0,No fault,-313.00
2026-08-14T14:24:12.130,1786710252.130780,1.988309,1,3000,5.000000,349,3000,0x03,left,-84.015065,3015,0.184615,172,0,No fault,0x04,right,517.454180,2747,0.172894,174,0,No fault,268.00
2026-08-14T14:24:12.136,1786710252.136001,1.993531,1,3000,5.000000,350,3000,0x03,left,-83.312286,3015,0.120147,172,0,No fault,0x04,right,518.156959,2702,0.231502,170,0,No fault,313.00
2026-08-14T14:24:12.141,1786710252.141225,1.998751,1,3000,5.000000,351,3000,0x03,left,-82.631469,2657,0.178755,172,0,No fault,0x04,right,518.881700,3104,0.219780,174,0,No fault,-447.00
2026-08-14T14:24:12.146,1786710252.146497,2.004026,1,3000,5.000000,352,3000,0x03,left,-81.906728,2925,0.202198,173,0,No fault,0x04,right,519.562517,2791,0.213919,174,0,No fault,134.00
2026-08-14T14:24:12.156,1786710252.156871,2.014413,1,3000,5.000000,353,3000,0x03,left,-80.523131,2925,0.120147,174,0,No fault,0x04,right,520.287259,2881,0.167033,174,0,No fault,44.00
2026-08-14T14:24:12.162,1786710252.162225,2.019771,1,3000,5.000000,354,3000,0x03,left,-79.798390,2970,0.126007,173,0,No fault,0x04,right,522.417558,2836,0.249084,174,0,No fault,134.00
2026-08-14T14:24:12.172,1786710252.172946,2.030490,1,3000,5.000000,355,3000,0x03,left,-79.073649,2925,0.161172,174,0,No fault,0x04,right,523.471727,2747,0.172894,174,0,No fault,178.00
2026-08-14T14:24:12.178,1786710252.178254,2.035796,1,3000,5.000000,356,3000,0x03,left,-77.119044,3059,0.126007,175,0,No fault,0x04,right,524.174506,2613,0.184615,172,0,No fault,446.00
2026-08-14T14:24:12.183,1786710252.183540,2.041077,1,3000,5.000000,357,3000,0x03,left,-76.723731,2791,0.149451,175,0,No fault,0x04,right,524.899248,2925,0.225641,170,0,No fault,-134.00
2026-08-14T14:24:12.188,1786710252.188813,2.046350,1,3000,5.000000,358,3000,0x03,left,-76.020951,2702,0.167033,171,0,No fault,0x04,right,525.580065,2791,0.167033,174,0,No fault,-89.00
2026-08-14T14:24:12.194,1786710252.194085,2.051622,1,3000,5.000000,359,3000,0x03,left,-75.318172,2836,0.155311,172,0,No fault,0x04,right,526.282844,2791,0.172894,174,0,No fault,45.00
2026-08-14T14:24:12.199,1786710252.199355,2.056892,1,3000,5.000000,360,3000,0x03,left,-74.593431,3104,0.079121,172,0,No fault,0x04,right,526.985624,2657,0.202198,174,0,No fault,447.00
2026-08-14T14:24:12.204,1786710252.204624,2.062161,1,3000,5.000000,361,3000,0x03,left,-73.912613,2747,0.155311,171,0,No fault,0x04,right,527.710365,2970,0.184615,175,0,No fault,-223.00
2026-08-14T14:24:12.209,1786710252.209888,2.067425,1,3000,5.000000,362,3000,0x03,left,-73.209834,2791,0.184615,173,0,No fault,0x04,right,528.413144,3104,0.184615,174,0,No fault,-313.00
2026-08-14T14:24:12.215,1786710252.215156,2.072692,1,3000,5.000000,363,3000,0x03,left,-72.485093,2881,0.161172,172,0,No fault,0x04,right,529.093961,2925,0.178755,174,0,No fault,-44.00
2026-08-14T14:24:12.220,1786710252.220420,2.077955,1,3000,5.000000,364,3000,0x03,left,-71.782314,2881,0.131868,172,0,No fault,0x04,right,529.818702,3059,0.190476,173,0,No fault,-178.00
2026-08-14T14:24:12.225,1786710252.225713,2.083249,1,3000,5.000000,365,3000,0x03,left,-71.057573,2881,0.161172,172,0,No fault,0x04,right,530.521482,3015,0.178755,174,0,No fault,-134.00
2026-08-14T14:24:12.230,1786710252.230976,2.088512,1,3000,5.000000,366,3000,0x03,left,-70.376755,2836,0.219780,172,0,No fault,0x04,right,531.224261,3104,0.131868,174,0,No fault,-268.00
2026-08-14T14:24:12.236,1786710252.236252,2.093790,1,3000,5.000000,367,3000,0x03,left,-69.652014,2970,0.155311,172,0,No fault,0x04,right,531.905078,2881,0.202198,174,0,No fault,89.00
2026-08-14T14:24:12.241,1786710252.241525,2.099064,1,3000,5.000000,368,3000,0x03,left,-68.971197,2836,0.114286,173,0,No fault,0x04,right,532.607858,2747,0.167033,174,0,No fault,89.00
2026-08-14T14:24:12.246,1786710252.246801,2.104338,1,3000,5.000000,369,3000,0x03,left,-68.246456,2791,0.202198,169,0,No fault,0x04,right,533.310637,3149,0.213919,174,0,No fault,-358.00
2026-08-14T14:24:12.252,1786710252.252076,2.109613,1,3000,5.000000,370,3000,0x03,left,-67.543676,2702,0.196337,173,0,No fault,0x04,right,534.013416,2970,0.196337,174,0,No fault,-268.00
2026-08-14T14:24:12.257,1786710252.257341,2.114879,1,3000,5.000000,371,3000,0x03,left,-66.862859,2791,0.190476,173,0,No fault,0x04,right,534.694234,2702,0.178755,174,0,No fault,89.00
2026-08-14T14:24:12.262,1786710252.262610,2.120148,1,3000,5.000000,372,3000,0x03,left,-66.138118,2925,0.126007,172,0,No fault,0x04,right,535.397013,2791,0.219780,174,0,No fault,134.00
2026-08-14T14:24:12.267,1786710252.267902,2.125445,1,3000,5.000000,373,3000,0x03,left,-65.435339,2881,0.208059,171,0,No fault,0x04,right,536.121754,2836,0.155311,174,0,No fault,45.00
2026-08-14T14:24:12.273,1786710252.273285,2.130830,1,3000,5.000000,374,3000,0x03,left,-64.732559,2881,0.219780,170,0,No fault,0x04,right,536.802571,2702,0.202198,174,0,No fault,179.00
2026-08-14T14:24:12.278,1786710252.278585,2.136123,1,3000,5.000000,375,3000,0x03,left,-64.029780,2791,0.225641,173,0,No fault,0x04,right,537.527313,2657,0.149451,174,0,No fault,134.00
2026-08-14T14:24:12.284,1786710252.284015,2.141562,1,3000,5.000000,376,3000,0x03,left,-63.327001,2881,0.102564,172,0,No fault,0x04,right,538.230092,2791,0.213919,174,0,No fault,90.00
2026-08-14T14:24:12.289,1786710252.289525,2.147073,1,3000,5.000000,377,3000,0x03,left,-62.602260,3015,0.172894,172,0,No fault,0x04,right,539.635650,2836,0.190476,173,0,No fault,179.00
2026-08-14T14:24:12.295,1786710252.295054,2.152592,1,3000,5.000000,378,3000,0x03,left,-61.174739,2791,0.161172,173,0,No fault,0x04,right,540.316468,2747,0.184615,174,0,No fault,44.00
2026-08-14T14:24:12.300,1786710252.300408,2.157938,1,3000,5.000000,379,3000,0x03,left,-60.471960,2881,0.114286,171,0,No fault,0x04,right,541.041209,2970,0.178755,168,0,No fault,-89.00
2026-08-14T14:24:12.305,1786710252.305708,2.163256,1,3000,5.000000,380,3000,0x03,left,-59.769181,2836,0.155311,173,0,No fault,0x04,right,541.743988,2925,0.178755,174,0,No fault,-89.00
2026-08-14T14:24:12.311,1786710252.311012,2.168551,1,3000,5.000000,381,3000,0x03,left,-59.066401,2881,0.178755,175,0,No fault,0x04,right,542.424806,2613,0.178755,173,0,No fault,268.00
2026-08-14T14:24:12.318,1786710252.318068,2.175598,1,3000,5.000000,382,3000,0x03,left,-58.363622,3015,0.184615,172,0,No fault,0x04,right,543.149547,2791,0.149451,174,0,No fault,224.00
2026-08-14T14:24:12.323,1786710252.323699,2.181226,1,3000,5.000000,383,3000,0x03,left,-57.660843,2925,0.079121,174,0,No fault,0x04,right,543.852326,3104,0.196337,174,0,No fault,-179.00
2026-08-14T14:24:12.328,1786710252.328913,2.186452,1,3000,5.000000,384,3000,0x03,left,-56.958064,2881,0.131868,174,0,No fault,0x04,right,544.555105,2881,0.184615,175,0,No fault,0.00
2026-08-14T14:24:12.334,1786710252.334641,2.192179,1,3000,5.000000,385,3000,0x03,left,-56.233322,3149,0.161172,171,0,No fault,0x04,right,545.235923,2881,0.172894,175,0,No fault,268.00
2026-08-14T14:24:12.340,1786710252.340140,2.197678,1,3000,5.000000,386,3000,0x03,left,-55.552505,2568,0.155311,171,0,No fault,0x04,right,546.663443,3015,0.231502,174,0,No fault,-447.00
2026-08-14T14:24:12.345,1786710252.345578,2.203115,1,3000,5.000000,387,3000,0x03,left,-54.827764,3104,0.061538,172,0,No fault,0x04,right,547.344260,2747,0.178755,174,0,No fault,357.00
2026-08-14T14:24:12.366,1786710252.366816,2.224364,1,3000,5.000000,388,3000,0x03,left,-51.950761,3104,0.120147,172,0,No fault,0x04,right,550.265187,2747,0.196337,174,0,No fault,357.00
2026-08-14T14:24:12.377,1786710252.377275,2.234810,1,3000,5.000000,389,3000,0x03,left,-49.688691,2747,0.172894,172,0,No fault,0x04,right,551.341318,3238,0.172894,174,0,No fault,-491.00
2026-08-14T14:24:12.382,1786710252.382522,2.240059,1,3000,5.000000,390,3000,0x03,left,-49.337301,3015,0.108425,172,0,No fault,0x04,right,552.044097,2970,0.196337,175,0,No fault,45.00
2026-08-14T14:24:12.387,1786710252.387788,2.245320,1,3000,5.000000,391,3000,0x03,left,-48.963949,2881,0.102564,173,0,No fault,0x04,right,552.724914,2925,0.208059,174,0,No fault,-44.00
2026-08-14T14:24:12.393,1786710252.393029,2.250560,1,3000,5.000000,392,3000,0x03,left,-48.261170,2881,0.208059,173,0,No fault,0x04,right,553.427694,2657,0.213919,175,0,No fault,224.00
2026-08-14T14:24:12.398,1786710252.398258,2.255787,1,3000,5.000000,393,3000,0x03,left,-47.558391,2747,0.196337,172,0,No fault,0x04,right,554.130473,2925,0.178755,176,0,No fault,-178.00
2026-08-14T14:24:12.403,1786710252.403560,2.261090,1,3000,5.000000,394,3000,0x03,left,-46.855612,2881,0.178755,173,0,No fault,0x04,right,554.833252,2747,0.196337,174,0,No fault,134.00
2026-08-14T14:24:12.408,1786710252.408854,2.266383,1,3000,5.000000,395,3000,0x03,left,-45.428091,2925,0.190476,173,0,No fault,0x04,right,555.514069,2791,0.225641,174,0,No fault,134.00
2026-08-14T14:24:12.414,1786710252.414151,2.271681,1,3000,5.000000,396,3000,0x03,left,-44.725312,3059,0.190476,172,0,No fault,0x04,right,556.216849,2702,0.208059,174,0,No fault,357.00
2026-08-14T14:24:12.419,1786710252.419372,2.276902,1,3000,5.000000,397,3000,0x03,left,-44.044495,2791,0.196337,172,0,No fault,0x04,right,556.919628,2836,0.190476,174,0,No fault,-45.00
2026-08-14T14:24:12.424,1786710252.424591,2.282119,1,3000,5.000000,398,3000,0x03,left,-43.341715,2925,0.108425,173,0,No fault,0x04,right,557.622407,3104,0.172894,174,0,No fault,-179.00
2026-08-14T14:24:12.429,1786710252.429861,2.287391,1,3000,5.000000,399,3000,0x03,left,-42.616974,3059,0.149451,172,0,No fault,0x04,right,558.325187,2747,0.231502,171,0,No fault,312.00
2026-08-14T14:24:12.435,1786710252.435141,2.292671,1,3000,5.000000,400,3000,0x03,left,-41.936157,2970,0.231502,174,0,No fault,0x04,right,559.708783,2747,0.167033,174,0,No fault,223.00
2026-08-14T14:24:12.440,1786710252.440534,2.298067,1,3000,5.000000,401,3000,0x03,left,-41.255339,2747,0.161172,173,0,No fault,0x04,right,560.433524,3015,0.184615,173,0,No fault,-268.00
2026-08-14T14:24:12.445,1786710252.445773,2.303302,1,3000,5.000000,402,3000,0x03,left,-40.530598,2836,0.114286,172,0,No fault,0x04,right,561.136304,2881,0.155311,174,0,No fault,-45.00
2026-08-14T14:24:12.450,1786710252.450992,2.308520,1,3000,5.000000,403,3000,0x03,left,-39.805857,3015,0.137729,173,0,No fault,0x04,right,561.839083,2925,0.178755,174,0,No fault,90.00
2026-08-14T14:24:12.456,1786710252.456208,2.313737,1,3000,5.000000,404,3000,0x03,left,-39.103078,2836,0.167033,172,0,No fault,0x04,right,562.519900,2881,0.167033,174,0,No fault,-45.00
2026-08-14T14:24:12.461,1786710252.461423,2.318952,1,3000,5.000000,405,3000,0x03,left,-38.400299,2881,0.137729,173,0,No fault,0x04,right,563.222680,2747,0.131868,174,0,No fault,134.00
2026-08-14T14:24:12.466,1786710252.466635,2.324163,1,3000,5.000000,406,3000,0x03,left,-37.697519,2881,0.114286,172,0,No fault,0x04,right,563.947421,2925,0.196337,173,0,No fault,-44.00
2026-08-14T14:24:12.471,1786710252.471850,2.329378,1,3000,5.000000,407,3000,0x03,left,-36.972778,3104,0.108425,173,0,No fault,0x04,right,564.650200,2925,0.167033,173,0,No fault,179.00
2026-08-14T14:24:12.477,1786710252.477060,2.334589,1,3000,5.000000,408,3000,0x03,left,-36.269999,2747,0.155311,173,0,No fault,0x04,right,565.331017,2791,0.231502,174,0,No fault,-44.00
2026-08-14T14:24:12.482,1786710252.482271,2.339799,1,3000,5.000000,409,3000,0x03,left,-35.567220,2791,0.131868,172,0,No fault,0x04,right,566.055759,2836,0.102564,174,0,No fault,-45.00
2026-08-14T14:24:12.487,1786710252.487480,2.345009,1,3000,5.000000,410,3000,0x03,left,-34.842478,3104,0.055678,173,0,No fault,0x04,right,566.736576,2747,0.213919,174,0,No fault,357.00
2026-08-14T14:24:12.492,1786710252.492692,2.350220,1,3000,5.000000,411,3000,0x03,left,-34.139699,2881,0.137729,173,0,No fault,0x04,right,567.461317,2881,0.137729,174,0,No fault,0.00
2026-08-14T14:24:12.497,1786710252.497907,2.355435,1,3000,5.000000,412,3000,0x03,left,-33.436920,3059,0.190476,172,0,No fault,0x04,right,568.164096,2925,0.161172,174,0,No fault,134.00
2026-08-14T14:24:12.503,1786710252.503118,2.360647,1,3000,5.000000,413,3000,0x03,left,-32.734141,2836,0.155311,172,0,No fault,0x04,right,568.866876,2881,0.131868,173,0,No fault,-45.00
2026-08-14T14:24:12.508,1786710252.508331,2.365859,1,3000,5.000000,414,3000,0x03,left,-32.031361,2970,0.120147,170,0,No fault,0x04,right,569.569655,3059,0.172894,174,0,No fault,-89.00
2026-08-14T14:24:12.513,1786710252.513559,2.371087,1,3000,5.000000,415,3000,0x03,left,-31.306620,2881,0.108425,170,0,No fault,0x04,right,570.250472,2747,0.161172,174,0,No fault,134.00
2026-08-14T14:24:12.518,1786710252.518779,2.376308,1,3000,5.000000,416,3000,0x03,left,-30.603841,2836,0.190476,173,0,No fault,0x04,right,570.975213,2970,0.143590,174,0,No fault,-134.00
2026-08-14T14:24:12.523,1786710252.523995,2.381524,1,3000,5.000000,417,3000,0x03,left,-29.923024,2702,0.149451,172,0,No fault,0x04,right,571.677993,3015,0.143590,175,0,No fault,-313.00
2026-08-14T14:24:12.529,1786710252.529243,2.386771,1,3000,5.000000,418,3000,0x03,left,-29.198282,2881,0.131868,172,0,No fault,0x04,right,572.380772,3104,0.178755,174,0,No fault,-223.00
2026-08-14T14:24:12.534,1786710252.534461,2.391989,1,3000,5.000000,419,3000,0x03,left,-28.495503,2836,0.155311,172,0,No fault,0x04,right,573.061589,2791,0.178755,174,0,No fault,45.00
2026-08-14T14:24:12.539,1786710252.539705,2.397248,1,3000,5.000000,420,3000,0x03,left,-27.770762,3015,0.178755,173,0,No fault,0x04,right,573.764369,3015,0.196337,174,0,No fault,0.00
2026-08-14T14:24:12.545,1786710252.545054,2.402607,1,3000,5.000000,421,3000,0x03,left,-27.089945,2925,0.178755,172,0,No fault,0x04,right,574.467148,2791,0.120147,174,0,No fault,134.00
2026-08-14T14:24:12.550,1786710252.550385,2.407921,1,3000,5.000000,422,3000,0x03,left,-26.387165,3059,0.126007,173,0,No fault,0x04,right,575.191889,3015,0.219780,174,0,No fault,44.00
2026-08-14T14:24:12.560,1786710252.560707,2.418241,1,3000,5.000000,423,3000,0x03,left,-24.981607,2970,0.208059,173,0,No fault,0x04,right,575.894668,2881,0.178755,174,0,No fault,89.00
2026-08-14T14:24:12.565,1786710252.565946,2.423480,1,3000,5.000000,424,3000,0x03,left,-24.256866,3193,0.208059,171,0,No fault,0x04,right,577.915159,2970,0.172894,175,0,No fault,223.00
2026-08-14T14:24:12.571,1786710252.571185,2.428717,1,3000,5.000000,425,3000,0x03,left,-23.598010,2791,0.161172,172,0,No fault,0x04,right,578.244586,2568,0.202198,175,0,No fault,223.00
2026-08-14T14:24:12.581,1786710252.581481,2.439012,1,3000,5.000000,426,3000,0x03,left,-21.357901,2568,0.219780,173,0,No fault,0x04,right,579.650145,2925,0.184615,174,0,No fault,-357.00
2026-08-14T14:24:12.586,1786710252.586694,2.444228,1,3000,5.000000,427,3000,0x03,left,-21.006512,2747,0.161172,172,0,No fault,0x04,right,580.330962,2657,0.172894,174,0,No fault,90.00
2026-08-14T14:24:12.591,1786710252.591926,2.449457,1,3000,5.000000,428,3000,0x03,left,-20.611198,3238,0.108425,175,0,No fault,0x04,right,581.077665,2791,0.196337,174,0,No fault,447.00
2026-08-14T14:24:12.597,1786710252.597152,2.454681,1,3000,5.000000,429,3000,0x03,left,-19.908419,3015,0.143590,171,0,No fault,0x04,right,581.758483,2881,0.219780,174,0,No fault,134.00
2026-08-14T14:24:12.602,1786710252.602366,2.459894,1,3000,5.000000,430,3000,0x03,left,-19.205640,2836,0.172894,173,0,No fault,0x04,right,582.439300,2925,0.260806,174,0,No fault,-89.00
2026-08-14T14:24:12.607,1786710252.607578,2.465105,1,3000,5.000000,431,3000,0x03,left,-18.524822,2702,0.190476,169,0,No fault,0x04,right,583.142080,2791,0.167033,174,0,No fault,-89.00
2026-08-14T14:24:12.612,1786710252.612792,2.470320,1,3000,5.000000,432,3000,0x03,left,-17.800081,2970,0.079121,171,0,No fault,0x04,right,583.866821,3015,0.249084,173,0,No fault,-45.00
2026-08-14T14:24:12.618,1786710252.618043,2.475584,1,3000,5.000000,433,3000,0x03,left,-17.097302,2836,0.167033,172,0,No fault,0x04,right,584.569600,2925,0.213919,175,0,No fault,-89.00
2026-08-14T14:24:12.623,1786710252.623311,2.480840,1,3000,5.000000,434,3000,0x03,left,-16.372561,3015,0.155311,176,0,No fault,0x04,right,585.250417,2836,0.208059,174,0,No fault,179.00
2026-08-14T14:24:12.628,1786710252.628531,2.486059,1,3000,5.000000,435,3000,0x03,left,-15.669782,2881,0.149451,170,0,No fault,0x04,right,585.953197,2657,0.161172,174,0,No fault,224.00
2026-08-14T14:24:12.633,1786710252.633835,2.491364,1,3000,5.000000,436,3000,0x03,left,-14.988964,2747,0.084982,172,0,No fault,0x04,right,586.655976,2747,0.202198,174,0,No fault,0.00
2026-08-14T14:24:12.639,1786710252.639129,2.496657,1,3000,5.000000,437,3000,0x03,left,-13.561444,2925,0.208059,172,0,No fault,0x04,right,587.358755,2836,0.184615,174,0,No fault,89.00
2026-08-14T14:24:12.644,1786710252.644424,2.501953,1,3000,5.000000,438,3000,0x03,left,-12.880626,2747,0.190476,172,0,No fault,0x04,right,588.061534,2881,0.202198,174,0,No fault,-134.00
2026-08-14T14:24:12.649,1786710252.649678,2.507207,1,3000,5.000000,439,3000,0x03,left,-12.177847,2970,0.178755,170,0,No fault,0x04,right,588.764314,2791,0.126007,174,0,No fault,179.00
2026-08-14T14:24:12.654,1786710252.654975,2.512504,1,3000,5.000000,440,3000,0x03,left,-11.475068,2747,0.126007,173,0,No fault,0x04,right,589.489055,2791,0.184615,170,0,No fault,-44.00
2026-08-14T14:24:12.660,1786710252.660191,2.517720,1,3000,5.000000,441,3000,0x03,left,-10.772288,2836,0.213919,170,0,No fault,0x04,right,590.191834,2925,0.167033,174,0,No fault,-89.00
2026-08-14T14:24:12.665,1786710252.665403,2.522932,1,3000,5.000000,442,3000,0x03,left,-10.069509,3015,0.208059,172,0,No fault,0x04,right,590.872651,2836,0.196337,174,0,No fault,179.00
2026-08-14T14:24:12.670,1786710252.670616,2.528144,1,3000,5.000000,443,3000,0x03,left,-9.366730,2747,0.120147,173,0,No fault,0x04,right,591.575431,2791,0.126007,174,0,No fault,-44.00
2026-08-14T14:24:12.675,1786710252.675834,2.533367,1,3000,5.000000,444,3000,0x03,left,-8.663951,2791,0.172894,172,0,No fault,0x04,right,592.278210,2568,0.190476,171,0,No fault,223.00
2026-08-14T14:24:12.681,1786710252.681064,2.538595,1,3000,5.000000,445,3000,0x03,left,-7.961171,2836,0.202198,174,0,No fault,0x04,right,592.980989,2881,0.172894,174,0,No fault,-45.00
2026-08-14T14:24:12.686,1786710252.686311,2.543847,1,3000,5.000000,446,3000,0x03,left,-7.236430,2836,0.208059,172,0,No fault,0x04,right,593.683769,2702,0.208059,174,0,No fault,134.00
2026-08-14T14:24:12.691,1786710252.691781,2.549312,1,3000,5.000000,447,3000,0x03,left,-6.555613,2970,0.184615,171,0,No fault,0x04,right,595.089327,2613,0.178755,174,0,No fault,357.00
2026-08-14T14:24:12.697,1786710252.697037,2.554572,1,3000,5.000000,448,3000,0x03,left,-5.852834,2836,0.172894,173,0,No fault,0x04,right,595.792106,2881,0.213919,174,0,No fault,-45.00
2026-08-14T14:24:12.702,1786710252.702366,2.559895,1,3000,5.000000,449,3000,0x03,left,-5.128092,2970,0.208059,173,0,No fault,0x04,right,596.516847,2925,0.202198,175,0,No fault,45.00
2026-08-14T14:24:12.707,1786710252.707589,2.565117,1,3000,5.000000,450,3000,0x03,left,-4.447275,2881,0.225641,171,0,No fault,0x04,right,597.197665,2702,0.172894,174,0,No fault,179.00
2026-08-14T14:24:12.712,1786710252.712802,2.570331,1,3000,5.000000,451,3000,0x03,left,-3.744496,3193,0.178755,170,0,No fault,0x04,right,597.922406,2970,0.161172,174,0,No fault,223.00
2026-08-14T14:24:12.718,1786710252.718023,2.575552,1,3000,5.000000,452,3000,0x03,left,-3.019755,3015,0.073260,172,0,No fault,0x04,right,598.603223,2836,0.202198,177,0,No fault,179.00
2026-08-14T14:24:12.723,1786710252.723233,2.580761,1,3000,5.000000,453,3000,0x03,left,-2.316975,2925,0.190476,170,0,No fault,0x04,right,599.306003,2657,0.208059,174,0,No fault,268.00
2026-08-14T14:24:12.728,1786710252.728445,2.585973,1,3000,5.000000,454,3000,0x03,left,-1.636158,2881,0.202198,173,0,No fault,0x04,right,600.008782,3015,0.178755,175,0,No fault,-134.00
2026-08-14T14:24:12.733,1786710252.733685,2.591213,1,3000,5.000000,455,3000,0x03,left,-0.933379,2836,0.149451,172,0,No fault,0x04,right,600.733523,3015,0.178755,175,0,No fault,-179.00
2026-08-14T14:24:12.738,1786710252.738923,2.596454,1,3000,5.000000,456,3000,0x03,left,-0.230599,2881,0.167033,172,0,No fault,0x04,right,601.414341,2791,0.231502,174,0,No fault,90.00
2026-08-14T14:24:12.744,1786710252.744231,2.601760,1,3000,5.000000,457,3000,0x03,left,0.472180,2702,0.155311,172,0,No fault,0x04,right,602.117120,2791,0.202198,174,0,No fault,-89.00
2026-08-14T14:24:12.749,1786710252.749457,2.606988,1,3000,5.000000,458,3000,0x03,left,1.174959,2791,0.184615,169,0,No fault,0x04,right,602.797937,2747,0.167033,174,0,No fault,44.00
2026-08-14T14:24:12.759,1786710252.759754,2.617290,1,3000,5.000000,459,3000,0x03,left,2.580518,2836,0.096703,171,0,No fault,0x04,right,603.544640,3149,0.155311,174,0,No fault,-313.00
2026-08-14T14:24:12.765,1786710252.765023,2.622556,1,3000,5.000000,460,3000,0x03,left,3.327221,3193,0.143590,172,0,No fault,0x04,right,605.455321,2881,0.172894,172,0,No fault,312.00
2026-08-14T14:24:12.770,1786710252.770303,2.627850,1,3000,5.000000,461,3000,0x03,left,4.008038,2791,0.178755,171,0,No fault,0x04,right,605.828673,3104,0.143590,174,0,No fault,-313.00
2026-08-14T14:24:12.775,1786710252.775652,2.633192,1,3000,5.000000,462,3000,0x03,left,4.710817,3015,0.137729,171,0,No fault,0x04,right,606.531452,2747,0.184615,174,0,No fault,268.00
2026-08-14T14:24:12.786,1786710252.786101,2.643639,1,3000,5.000000,463,3000,0x03,left,7.016812,2925,0.161172,171,0,No fault,0x04,right,607.937011,2970,0.219780,174,0,No fault,-45.00
2026-08-14T14:24:12.791,1786710252.791401,2.648945,1,3000,5.000000,464,3000,0x03,left,7.368201,2925,0.161172,172,0,No fault,0x04,right,608.639790,2836,0.167033,174,0,No fault,89.00
2026-08-14T14:24:12.796,1786710252.796698,2.654237,1,3000,5.000000,465,3000,0x03,left,7.741553,2925,0.114286,171,0,No fault,0x04,right,609.364531,2747,0.178755,174,0,No fault,178.00
2026-08-14T14:24:12.801,1786710252.801962,2.659493,1,3000,5.000000,466,3000,0x03,left,8.466294,3059,0.137729,171,0,No fault,0x04,right,610.067310,3015,0.202198,174,0,No fault,44.00
2026-08-14T14:24:12.807,1786710252.807160,2.664689,1,3000,5.000000,467,3000,0x03,left,9.147111,2791,0.178755,171,0,No fault,0x04,right,610.748128,2836,0.231502,174,0,No fault,-45.00
2026-08-14T14:24:12.812,1786710252.812377,2.669914,1,3000,5.000000,468,3000,0x03,left,9.849891,2836,0.225641,172,0,No fault,0x04,right,611.450907,2881,0.155311,171,0,No fault,-45.00
2026-08-14T14:24:12.817,1786710252.817693,2.675234,1,3000,5.000000,469,3000,0x03,left,10.552670,3015,0.137729,170,0,No fault,0x04,right,612.153686,2702,0.184615,174,0,No fault,313.00
2026-08-14T14:24:12.822,1786710252.822978,2.680514,1,3000,5.000000,470,3000,0x03,left,11.255449,3015,0.190476,170,0,No fault,0x04,right,612.856465,2791,0.213919,174,0,No fault,224.00
2026-08-14T14:24:12.828,1786710252.828266,2.685808,1,3000,5.000000,471,3000,0x03,left,11.958229,2791,0.178755,174,0,No fault,0x04,right,613.581207,3104,0.237363,175,0,No fault,-313.00
2026-08-14T14:24:12.833,1786710252.833536,2.691075,1,3000,5.000000,472,3000,0x03,left,12.661008,2925,0.266667,173,0,No fault,0x04,right,614.283986,3104,0.172894,173,0,No fault,-179.00
2026-08-14T14:24:12.838,1786710252.838900,2.696436,1,3000,5.000000,473,3000,0x03,left,13.363787,2657,0.120147,175,0,No fault,0x04,right,614.964803,2836,0.196337,174,0,No fault,-179.00
2026-08-14T14:24:12.844,1786710252.844342,2.701878,1,3000,5.000000,474,3000,0x03,left,14.747384,2613,0.196337,172,0,No fault,0x04,right,615.667583,3015,0.225641,174,0,No fault,-402.00
2026-08-14T14:24:12.849,1786710252.849644,2.707178,1,3000,5.000000,475,3000,0x03,left,15.472125,2881,0.208059,170,0,No fault,0x04,right,616.348400,2791,0.237363,174,0,No fault,90.00
2026-08-14T14:24:12.854,1786710252.854931,2.712465,1,3000,5.000000,476,3000,0x03,left,16.152942,2881,0.178755,173,0,No fault,0x04,right,617.051179,2747,0.167033,174,0,No fault,134.00
2026-08-14T14:24:12.860,1786710252.860207,2.717739,1,3000,5.000000,477,3000,0x03,left,16.877683,3193,0.114286,172,0,No fault,0x04,right,617.753959,2747,0.178755,175,0,No fault,446.00
2026-08-14T14:24:12.865,1786710252.865474,2.723007,1,3000,5.000000,478,3000,0x03,left,17.580463,2881,0.149451,170,0,No fault,0x04,right,618.456738,3015,0.219780,174,0,No fault,-134.00
2026-08-14T14:24:12.870,1786710252.870738,2.728268,1,3000,5.000000,479,3000,0x03,left,18.261280,2747,0.213919,172,0,No fault,0x04,right,619.137555,2523,0.190476,175,0,No fault,224.00
2026-08-14T14:24:12.875,1786710252.875991,2.733519,1,3000,5.000000,480,3000,0x03,left,18.964059,2836,0.155311,174,0,No fault,0x04,right,619.862296,2970,0.161172,174,0,No fault,-134.00
2026-08-14T14:24:12.881,1786710252.881238,2.738772,1,3000,5.000000,481,3000,0x03,left,19.666839,2747,0.114286,172,0,No fault,0x04,right,620.565076,2925,0.137729,174,0,No fault,-178.00
2026-08-14T14:24:12.886,1786710252.886505,2.744038,1,3000,5.000000,482,3000,0x03,left,20.391580,2925,0.161172,173,0,No fault,0x04,right,621.267855,2925,0.167033,178,0,No fault,0.00
2026-08-14T14:24:12.891,1786710252.891798,2.749326,1,3000,5.000000,483,3000,0x03,left,21.116321,3015,0.167033,171,0,No fault,0x04,right,621.948672,2747,0.208059,174,0,No fault,268.00
2026-08-14T14:24:12.897,1786710252.897081,2.754611,1,3000,5.000000,484,3000,0x03,left,21.819100,3283,0.161172,172,0,No fault,0x04,right,623.376193,3104,0.167033,174,0,No fault,179.00
2026-08-14T14:24:12.902,1786710252.902366,2.759895,1,3000,5.000000,485,3000,0x03,left,22.521879,3149,0.067399,169,0,No fault,0x04,right,624.078972,2881,0.172894,174,0,No fault,268.00
2026-08-14T14:24:12.907,1786710252.907584,2.765113,1,3000,5.000000,486,3000,0x03,left,23.224659,2925,0.143590,171,0,No fault,0x04,right,624.781751,2970,0.172894,175,0,No fault,-45.00
2026-08-14T14:24:12.912,1786710252.912798,2.770326,1,3000,5.000000,487,3000,0x03,left,23.927438,2836,0.143590,174,0,No fault,0x04,right,625.462569,2881,0.161172,175,0,No fault,-45.00
2026-08-14T14:24:12.918,1786710252.918012,2.775540,1,3000,5.000000,488,3000,0x03,left,24.586293,2479,0.155311,172,0,No fault,0x04,right,626.187310,2836,0.114286,174,0,No fault,-357.00
2026-08-14T14:24:12.923,1786710252.923227,2.780756,1,3000,5.000000,489,3000,0x03,left,25.332996,2702,0.032234,171,0,No fault,0x04,right,626.868127,2791,0.196337,171,0,No fault,-89.00
2026-08-14T14:24:12.928,1786710252.928443,2.785971,1,3000,5.000000,490,3000,0x03,left,26.035776,2836,0.143590,172,0,No fault,0x04,right,627.592868,3149,0.143590,175,0,No fault,-313.00
2026-08-14T14:24:12.933,1786710252.933685,2.791214,1,3000,5.000000,491,3000,0x03,left,26.738555,2836,0.178755,170,0,No fault,0x04,right,628.273686,2836,0.196337,174,0,No fault,0.00
2026-08-14T14:24:12.938,1786710252.938900,2.796428,1,3000,5.000000,492,3000,0x03,left,27.441334,2791,0.137729,173,0,No fault,0x04,right,628.976465,2791,0.120147,174,0,No fault,0.00
2026-08-14T14:24:12.944,1786710252.944115,2.801644,1,3000,5.000000,493,3000,0x03,left,28.144114,3015,0.079121,175,0,No fault,0x04,right,629.679244,2836,0.184615,174,0,No fault,179.00
2026-08-14T14:24:12.949,1786710252.949330,2.806859,1,3000,5.000000,494,3000,0x03,left,28.846893,2791,0.161172,173,0,No fault,0x04,right,630.382024,2970,0.155311,175,0,No fault,-179.00
2026-08-14T14:24:12.954,1786710252.954542,2.812071,1,3000,5.000000,495,3000,0x03,left,29.549672,2747,0.178755,172,0,No fault,0x04,right,631.084803,2881,0.172894,173,0,No fault,-134.00
2026-08-14T14:24:12.969,1786710252.969946,2.827482,1,3000,5.000000,496,3000,0x03,left,31.701934,3149,0.184615,172,0,No fault,0x04,right,633.566492,2791,0.178755,174,0,No fault,358.00
2026-08-14T14:24:12.975,1786710252.975189,2.832720,1,3000,5.000000,497,3000,0x03,left,32.382751,2970,0.167033,174,0,No fault,0x04,right,633.917882,2836,0.202198,174,0,No fault,134.00
2026-08-14T14:24:12.980,1786710252.980416,2.837951,1,3000,5.000000,498,3000,0x03,left,33.085530,2881,0.202198,172,0,No fault,0x04,right,634.291233,2702,0.143590,174,0,No fault,179.00
2026-08-14T14:24:12.990,1786710252.990792,2.848333,1,3000,5.000000,499,3000,0x03,left,35.369563,2925,0.190476,173,0,No fault,0x04,right,635.674830,2568,0.213919,175,0,No fault,357.00
2026-08-14T14:24:12.996,1786710252.996092,2.853633,1,3000,5.000000,500,3000,0x03,left,35.698991,2702,0.196337,175,0,No fault,0x04,right,636.399571,2925,0.178755,174,0,No fault,-223.00
2026-08-14T14:24:13.001,1786710253.001443,2.858980,1,3000,5.000000,501,3000,0x03,left,36.072342,2702,0.155311,172,0,No fault,0x04,right,637.080388,2836,0.178755,174,0,No fault,-134.00
2026-08-14T14:24:13.006,1786710253.006710,2.864246,1,3000,5.000000,502,3000,0x03,left,36.775121,2613,0.126007,170,0,No fault,0x04,right,638.529871,2970,0.237363,174,0,No fault,-357.00
2026-08-14T14:24:13.012,1786710253.012033,2.869570,1,3000,5.000000,503,3000,0x03,left,37.499863,2836,0.196337,172,0,No fault,0x04,right,639.188726,2657,0.196337,175,0,No fault,179.00
2026-08-14T14:24:13.017,1786710253.017296,2.874832,1,3000,5.000000,504,3000,0x03,left,38.180680,2747,0.190476,167,0,No fault,0x04,right,639.891505,2747,0.184615,177,0,No fault,0.00
2026-08-14T14:24:13.022,1786710253.022551,2.880085,1,3000,5.000000,505,3000,0x03,left,38.883459,2970,0.137729,170,0,No fault,0x04,right,640.594285,2747,0.202198,175,0,No fault,223.00
2026-08-14T14:24:13.027,1786710253.027802,2.885336,1,3000,5.000000,506,3000,0x03,left,39.586239,2925,0.131868,172,0,No fault,0x04,right,641.297064,2791,0.213919,174,0,No fault,134.00
2026-08-14T14:24:13.033,1786710253.033108,2.890642,1,3000,5.000000,507,3000,0x03,left,40.289018,2881,0.143590,172,0,No fault,0x04,right,641.999843,2925,0.208059,172,0,No fault,-44.00
2026-08-14T14:24:13.038,1786710253.038361,2.895894,1,3000,5.000000,508,3000,0x03,left,41.013759,2702,0.155311,171,0,No fault,0x04,right,642.702623,3059,0.208059,174,0,No fault,-357.00
2026-08-14T14:24:13.043,1786710253.043652,2.901200,1,3000,5.000000,509,3000,0x03,left,41.694576,2702,0.172894,175,0,No fault,0x04,right,643.405402,2791,0.184615,174,0,No fault,-89.00
2026-08-14T14:24:13.049,1786710253.049173,2.906721,1,3000,5.000000,510,3000,0x03,left,43.166020,2836,0.137729,173,0,No fault,0x04,right,644.108181,2925,0.190476,175,0,No fault,-89.00
2026-08-14T14:24:13.054,1786710253.054603,2.912142,1,3000,5.000000,511,3000,0x03,left,43.868800,3015,0.161172,173,0,No fault,0x04,right,644.810960,2791,0.213919,175,0,No fault,224.00
2026-08-14T14:24:13.059,1786710253.059889,2.917427,1,3000,5.000000,512,3000,0x03,left,44.571579,3104,0.172894,170,0,No fault,0x04,right,645.513740,3015,0.149451,174,0,No fault,89.00
2026-08-14T14:24:13.065,1786710253.065172,2.922710,1,3000,5.000000,513,3000,0x03,left,45.274358,2836,0.073260,172,0,No fault,0x04,right,646.216519,2925,0.184615,175,0,No fault,-89.00
2026-08-14T14:24:13.070,1786710253.070450,2.927985,1,3000,5.000000,514,3000,0x03,left,45.977137,2657,0.131868,174,0,No fault,0x04,right,646.897336,2568,0.208059,175,0,No fault,89.00
2026-08-14T14:24:13.075,1786710253.075721,2.933256,1,3000,5.000000,515,3000,0x03,left,46.679917,2747,0.202198,172,0,No fault,0x04,right,647.622077,2747,0.155311,174,0,No fault,0.00
2026-08-14T14:24:13.080,1786710253.080995,2.938532,1,3000,5.000000,516,3000,0x03,left,47.382696,2970,0.196337,173,0,No fault,0x04,right,648.324857,2881,0.184615,174,0,No fault,89.00
2026-08-14T14:24:13.086,1786710253.086268,2.943803,1,3000,5.000000,517,3000,0x03,left,48.085475,3059,0.126007,173,0,No fault,0x04,right,649.027636,2836,0.149451,176,0,No fault,223.00
2026-08-14T14:24:13.091,1786710253.091535,2.949071,1,3000,5.000000,518,3000,0x03,left,48.788255,3059,0.155311,173,0,No fault,0x04,right,649.730415,2836,0.190476,174,0,No fault,223.00
2026-08-14T14:24:13.096,1786710253.096801,2.954336,1,3000,5.000000,519,3000,0x03,left,49.491034,2970,0.237363,170,0,No fault,0x04,right,650.433195,2925,0.196337,174,0,No fault,45.00
2026-08-14T14:24:13.102,1786710253.102061,2.959596,1,3000,5.000000,520,3000,0x03,left,50.193813,2836,0.155311,172,0,No fault,0x04,right,651.135974,2747,0.167033,174,0,No fault,89.00
2026-08-14T14:24:13.107,1786710253.107386,2.964921,1,3000,5.000000,521,3000,0x03,left,50.874631,2747,0.108425,173,0,No fault,0x04,right,651.838753,2836,0.196337,174,0,No fault,-89.00
2026-08-14T14:24:13.112,1786710253.112650,2.970187,1,3000,5.000000,522,3000,0x03,left,51.577410,2747,0.172894,171,0,No fault,0x04,right,652.541532,2881,0.202198,178,0,No fault,-134.00
2026-08-14T14:24:13.117,1786710253.117910,2.975444,1,3000,5.000000,523,3000,0x03,left,52.302151,2702,0.196337,170,0,No fault,0x04,right,653.244312,2747,0.172894,172,0,No fault,-45.00
2026-08-14T14:24:13.123,1786710253.123171,2.980705,1,3000,5.000000,524,3000,0x03,left,52.982968,2791,0.208059,172,0,No fault,0x04,right,653.947091,3104,0.219780,173,0,No fault,-313.00
2026-08-14T14:24:13.128,1786710253.128431,2.985967,1,3000,5.000000,525,3000,0x03,left,53.707709,2970,0.108425,175,0,No fault,0x04,right,654.649870,2925,0.155311,175,0,No fault,45.00
2026-08-14T14:24:13.133,1786710253.133718,2.991253,1,3000,5.000000,526,3000,0x03,left,54.388527,2881,0.178755,173,0,No fault,0x04,right,655.352649,2970,0.225641,174,0,No fault,-89.00
2026-08-14T14:24:13.138,1786710253.138977,2.996509,1,3000,5.000000,527,3000,0x03,left,55.091306,2791,0.213919,172,0,No fault,0x04,right,656.055429,2970,0.178755,174,0,No fault,-179.00
2026-08-14T14:24:13.144,1786710253.144302,3.001836,1,3000,5.000000,528,3000,0x03,left,55.772124,2434,0.190476,173,0,No fault,0x04,right,656.758208,2747,0.213919,173,0,No fault,-313.00
2026-08-14T14:24:13.149,1786710253.149671,3.007209,1,3000,5.000000,529,3000,0x03,left,56.496865,2881,0.108425,172,0,No fault,0x04,right,658.163766,2970,0.219780,174,0,No fault,-89.00
2026-08-14T14:24:13.155,1786710253.155005,3.012537,1,3000,5.000000,530,3000,0x03,left,57.221606,2881,0.184615,172,0,No fault,0x04,right,658.866546,3059,0.202198,174,0,No fault,-178.00
2026-08-14T14:24:13.170,1786710253.170489,3.028038,1,3000,5.000000,531,3000,0x03,left,59.307982,2657,0.084982,172,0,No fault,0x04,right,661.304311,3015,0.190476,174,0,No fault,-358.00
2026-08-14T14:24:13.175,1786710253.175815,3.033351,1,3000,5.000000,532,3000,0x03,left,60.032723,2925,0.126007,172,0,No fault,0x04,right,661.655701,2881,0.213919,175,0,No fault,44.00
2026-08-14T14:24:13.181,1786710253.181080,3.038615,1,3000,5.000000,533,3000,0x03,left,60.757464,2970,0.172894,172,0,No fault,0x04,right,662.007091,2881,0.208059,174,0,No fault,89.00
2026-08-14T14:24:13.191,1786710253.191425,3.048961,1,3000,5.000000,534,3000,0x03,left,62.975611,2925,0.108425,172,0,No fault,0x04,right,663.412649,2702,0.161172,175,0,No fault,223.00
2026-08-14T14:24:13.196,1786710253.196686,3.054224,1,3000,5.000000,535,3000,0x03,left,63.327001,2970,0.143590,171,0,No fault,0x04,right,664.137390,2970,0.190476,174,0,No fault,0.00
2026-08-14T14:24:13.201,1786710253.201967,3.059507,1,3000,5.000000,536,3000,0x03,left,63.678390,2747,0.172894,172,0,No fault,0x04,right,664.840170,2836,0.202198,175,0,No fault,-89.00
2026-08-14T14:24:13.207,1786710253.207256,3.064792,1,3000,5.000000,537,3000,0x03,left,64.425093,3104,0.167033,172,0,No fault,0x04,right,665.564911,3015,0.196337,174,0,No fault,89.00
2026-08-14T14:24:13.212,1786710253.212534,3.070068,1,3000,5.000000,538,3000,0x03,left,65.105911,2925,0.096703,171,0,No fault,0x04,right,666.267690,3015,0.178755,174,0,No fault,-90.00
2026-08-14T14:24:13.217,1786710253.217782,3.075315,1,3000,5.000000,539,3000,0x03,left,65.808690,2925,0.120147,172,0,No fault,0x04,right,666.948507,2702,0.190476,176,0,No fault,223.00
2026-08-14T14:24:13.223,1786710253.223104,3.080638,1,3000,5.000000,540,3000,0x03,left,66.533431,2970,0.161172,173,0,No fault,0x04,right,667.673248,2881,0.202198,174,0,No fault,89.00
2026-08-14T14:24:13.228,1786710253.228359,3.085893,1,3000,5.000000,541,3000,0x03,left,67.960952,2791,0.126007,171,0,No fault,0x04,right,668.354066,2702,0.161172,177,0,No fault,89.00
2026-08-14T14:24:13.233,1786710253.233900,3.091436,1,3000,5.000000,542,3000,0x03,left,68.641769,2747,0.102564,172,0,No fault,0x04,right,669.781586,2657,0.196337,174,0,No fault,90.00
2026-08-14T14:24:13.239,1786710253.239177,3.096711,1,3000,5.000000,543,3000,0x03,left,69.344548,2836,0.184615,174,0,No fault,0x04,right,670.506327,2791,0.202198,174,0,No fault,45.00
2026-08-14T14:24:13.244,1786710253.244542,3.102075,1,3000,5.000000,544,3000,0x03,left,70.047327,2836,0.172894,172,0,No fault,0x04,right,671.209107,2925,0.161172,176,0,No fault,-89.00
2026-08-14T14:24:13.249,1786710253.249811,3.107344,1,3000,5.000000,545,3000,0x03,left,70.750107,2836,0.108425,173,0,No fault,0x04,right,671.911886,2925,0.184615,174,0,No fault,-89.00
2026-08-14T14:24:13.255,1786710253.255070,3.112601,1,3000,5.000000,546,3000,0x03,left,71.474848,3149,0.172894,172,0,No fault,0x04,right,672.614665,2970,0.225641,174,0,No fault,179.00
2026-08-14T14:24:13.260,1786710253.260323,3.117853,1,3000,5.000000,547,3000,0x03,left,72.177627,2925,0.167033,172,0,No fault,0x04,right,673.317444,2970,0.208059,174,0,No fault,-45.00
2026-08-14T14:24:13.265,1786710253.265569,3.123099,1,3000,5.000000,548,3000,0x03,left,72.880406,2925,0.167033,171,0,No fault,0x04,right,673.998262,2925,0.190476,174,0,No fault,0.00
2026-08-14T14:24:13.270,1786710253.270814,3.128345,1,3000,5.000000,549,3000,0x03,left,73.561224,2836,0.131868,174,0,No fault,0x04,right,674.723003,2836,0.149451,174,0,No fault,0.00
2026-08-14T14:24:13.276,1786710253.276070,3.133613,1,3000,5.000000,550,3000,0x03,left,74.264003,2925,0.184615,171,0,No fault,0x04,right,675.403820,2836,0.213919,174,0,No fault,89.00
2026-08-14T14:24:13.281,1786710253.281380,3.138919,1,3000,5.000000,551,3000,0x03,left,74.988744,3104,0.208059,172,0,No fault,0x04,right,676.106600,2747,0.202198,174,0,No fault,357.00
2026-08-14T14:24:13.286,1786710253.286735,3.144272,1,3000,5.000000,552,3000,0x03,left,75.669562,2881,0.219780,173,0,No fault,0x04,right,676.809379,2747,0.219780,174,0,No fault,134.00
2026-08-14T14:24:13.292,1786710253.292004,3.149554,1,3000,5.000000,553,3000,0x03,left,76.372341,2925,0.126007,172,0,No fault,0x04,right,677.534120,3149,0.137729,174,0,No fault,-224.00
2026-08-14T14:24:13.297,1786710253.297299,3.154847,1,3000,5.000000,554,3000,0x03,left,77.141006,2970,0.131868,172,0,No fault,0x04,right,678.258861,3015,0.290110,174,0,No fault,-45.00
2026-08-14T14:24:13.302,1786710253.302599,3.160144,1,3000,5.000000,555,3000,0x03,left,77.821823,2791,0.178755,173,0,No fault,0x04,right,678.961640,3015,0.184615,173,0,No fault,-224.00
2026-08-14T14:24:13.307,1786710253.307901,3.165442,1,3000,5.000000,556,3000,0x03,left,78.524602,2747,0.155311,175,0,No fault,0x04,right,679.664420,3015,0.190476,174,0,No fault,-268.00
2026-08-14T14:24:13.313,1786710253.313200,3.170743,1,3000,5.000000,557,3000,0x03,left,79.249344,2881,0.102564,172,0,No fault,0x04,right,680.367199,2836,0.172894,174,0,No fault,45.00
2026-08-14T14:24:13.318,1786710253.318512,3.176069,1,3000,5.000000,558,3000,0x03,left,79.952123,3015,0.131868,172,0,No fault,0x04,right,681.069978,2747,0.184615,174,0,No fault,268.00
2026-08-14T14:24:13.323,1786710253.323869,3.181424,1,3000,5.000000,559,3000,0x03,left,80.654902,2747,0.149451,172,0,No fault,0x04,right,681.772758,2881,0.184615,174,0,No fault,-134.00
2026-08-14T14:24:13.329,1786710253.329208,3.186761,1,3000,5.000000,560,3000,0x03,left,81.357681,2657,0.172894,172,0,No fault,0x04,right,682.497499,2925,0.184615,174,0,No fault,-268.00
2026-08-14T14:24:13.334,1786710253.334563,3.192115,1,3000,5.000000,561,3000,0x03,left,82.060461,2702,0.090842,170,0,No fault,0x04,right,683.222240,2970,0.120147,174,0,No fault,-268.00
2026-08-14T14:24:13.339,1786710253.339896,3.197440,1,3000,5.000000,562,3000,0x03,left,82.785202,2747,0.126007,170,0,No fault,0x04,right,683.903057,2791,0.196337,174,0,No fault,-44.00
2026-08-14T14:24:13.348,1786710253.348317,3.205878,1,3000,5.000000,563,3000,0x03,left,84.234684,2970,0.178755,172,0,No fault,0x04,right,685.308616,2613,0.178755,174,0,No fault,357.00
2026-08-14T14:24:13.353,1786710253.353708,3.211264,1,3000,5.000000,564,3000,0x03,left,84.937463,2970,0.084982,172,0,No fault,0x04,right,686.033357,3059,0.161172,174,0,No fault,-89.00
2026-08-14T14:24:13.359,1786710253.359098,3.216655,1,3000,5.000000,565,3000,0x03,left,85.662204,3015,0.108425,172,0,No fault,0x04,right,686.780060,2791,0.161172,174,0,No fault,224.00
2026-08-14T14:24:13.369,1786710253.369591,3.227130,1,3000,5.000000,566,3000,0x03,left,87.111687,2791,0.126007,172,0,No fault,0x04,right,687.482839,2657,0.161172,174,0,No fault,134.00
2026-08-14T14:24:13.374,1786710253.374934,3.232481,1,3000,5.000000,567,3000,0x03,left,87.814466,2925,0.090842,172,0,No fault,0x04,right,689.569215,2970,0.213919,173,0,No fault,-45.00
2026-08-14T14:24:13.380,1786710253.380313,3.237869,1,3000,5.000000,568,3000,0x03,left,88.517245,2925,0.120147,170,0,No fault,0x04,right,689.942567,3104,0.155311,174,0,No fault,-179.00
2026-08-14T14:24:13.396,1786710253.396152,3.253704,1,3000,5.000000,569,3000,0x03,left,91.240515,2791,0.161172,173,0,No fault,0x04,right,692.050904,2836,0.208059,175,0,No fault,-45.00
2026-08-14T14:24:13.401,1786710253.401522,3.259067,1,3000,5.000000,570,3000,0x03,left,91.613866,3059,0.137729,171,0,No fault,0x04,right,692.731722,3015,0.172894,174,0,No fault,44.00
2026-08-14T14:24:13.406,1786710253.406850,3.264388,1,3000,5.000000,571,3000,0x03,left,91.987218,2925,0.167033,172,0,No fault,0x04,right,693.456463,2925,0.184615,174,0,No fault,0.00
2026-08-14T14:24:13.412,1786710253.412222,3.269761,1,3000,5.000000,572,3000,0x03,left,92.689997,2747,0.196337,174,0,No fault,0x04,right,694.137280,2836,0.161172,173,0,No fault,-89.00
2026-08-14T14:24:13.417,1786710253.417528,3.275107,1,3000,5.000000,573,3000,0x03,left,94.139479,2702,0.143590,171,0,No fault,0x04,right,694.840060,2791,0.161172,170,0,No fault,-89.00
2026-08-14T14:24:13.422,1786710253.422950,3.280486,1,3000,5.000000,574,3000,0x03,left,94.820297,2657,0.161172,173,0,No fault,0x04,right,695.564801,3059,0.202198,174,0,No fault,-402.00
2026-08-14T14:24:13.428,1786710253.428225,3.285761,1,3000,5.000000,575,3000,0x03,left,95.523076,3104,0.190476,173,0,No fault,0x04,right,696.245618,2702,0.172894,174,0,No fault,402.00
2026-08-14T14:24:13.433,1786710253.433486,3.291018,1,3000,5.000000,576,3000,0x03,left,96.225855,2881,0.143590,173,0,No fault,0x04,right,696.926436,2568,0.219780,172,0,No fault,313.00
2026-08-14T14:24:13.438,1786710253.438726,3.296256,1,3000,5.000000,577,3000,0x03,left,96.928635,3104,0.131868,172,0,No fault,0x04,right,697.651177,2970,0.184615,174,0,No fault,134.00
2026-08-14T14:24:13.443,1786710253.443952,3.301482,1,3000,5.000000,578,3000,0x03,left,97.631414,2791,0.208059,171,0,No fault,0x04,right,698.353956,2836,0.225641,176,0,No fault,-45.00
2026-08-14T14:24:13.449,1786710253.449175,3.306705,1,3000,5.000000,579,3000,0x03,left,98.334193,2881,0.172894,173,0,No fault,0x04,right,699.056735,3104,0.208059,175,0,No fault,-223.00
2026-08-14T14:24:13.454,1786710253.454401,3.311931,1,3000,5.000000,580,3000,0x03,left,99.015010,2702,0.143590,172,0,No fault,0x04,right,699.759514,2925,0.208059,174,0,No fault,-223.00
2026-08-14T14:24:13.459,1786710253.459619,3.317149,1,3000,5.000000,581,3000,0x03,left,99.739752,2836,0.120147,172,0,No fault,0x04,right,700.440332,2657,0.213919,174,0,No fault,179.00
2026-08-14T14:24:13.464,1786710253.464840,3.322370,1,3000,5.000000,582,3000,0x03,left,100.442531,2925,0.167033,172,0,No fault,0x04,right,701.165073,3015,0.178755,175,0,No fault,-90.00
2026-08-14T14:24:13.470,1786710253.470062,3.327593,1,3000,5.000000,583,3000,0x03,left,101.145310,2791,0.172894,172,0,No fault,0x04,right,701.845890,2613,0.225641,174,0,No fault,178.00
2026-08-14T14:24:13.475,1786710253.475286,3.332815,1,3000,5.000000,584,3000,0x03,left,101.848089,3015,0.161172,173,0,No fault,0x04,right,702.548670,2925,0.219780,172,0,No fault,90.00
2026-08-14T14:24:13.480,1786710253.480524,3.338052,1,3000,5.000000,585,3000,0x03,left,102.594792,3238,0.120147,174,0,No fault,0x04,right,703.251449,2970,0.190476,174,0,No fault,268.00
2026-08-14T14:24:13.485,1786710253.485741,3.343270,1,3000,5.000000,586,3000,0x03,left,103.275610,2970,0.172894,172,0,No fault,0x04,right,703.954228,2747,0.219780,174,0,No fault,223.00
2026-08-14T14:24:13.490,1786710253.490963,3.348491,1,3000,5.000000,587,3000,0x03,left,103.978389,2881,0.137729,174,0,No fault,0x04,right,704.657008,2657,0.196337,174,0,No fault,224.00
2026-08-14T14:24:13.496,1786710253.496178,3.353706,1,3000,5.000000,588,3000,0x03,left,104.681168,2836,0.155311,175,0,No fault,0x04,right,705.359787,2836,0.208059,174,0,No fault,0.00
2026-08-14T14:24:13.501,1786710253.501391,3.358919,1,3000,5.000000,589,3000,0x03,left,105.405909,3015,0.090842,172,0,No fault,0x04,right,706.062566,3015,0.167033,174,0,No fault,0.00
2026-08-14T14:24:13.506,1786710253.506604,3.364133,1,3000,5.000000,590,3000,0x03,left,106.108689,2791,0.178755,173,0,No fault,0x04,right,706.765345,3059,0.213919,175,0,No fault,-268.00
2026-08-14T14:24:13.511,1786710253.511825,3.369353,1,3000,5.000000,591,3000,0x03,left,106.811468,2791,0.178755,172,0,No fault,0x04,right,707.468125,2925,0.184615,174,0,No fault,-134.00
2026-08-14T14:24:13.517,1786710253.517039,3.374568,1,3000,5.000000,592,3000,0x03,left,107.514247,2925,0.149451,173,0,No fault,0x04,right,708.170904,2747,0.225641,174,0,No fault,178.00
2026-08-14T14:24:13.522,1786710253.522324,3.379862,1,3000,5.000000,593,3000,0x03,left,108.195065,2702,0.108425,173,0,No fault,0x04,right,708.873683,2881,0.143590,174,0,No fault,-179.00
2026-08-14T14:24:13.527,1786710253.527814,3.385354,1,3000,5.000000,594,3000,0x03,left,108.919806,2702,0.172894,169,0,No fault,0x04,right,710.301204,3059,0.172894,174,0,No fault,-357.00
2026-08-14T14:24:13.533,1786710253.533170,3.390701,1,3000,5.000000,595,3000,0x03,left,109.622585,2702,0.196337,174,0,No fault,0x04,right,710.982021,2791,0.190476,173,0,No fault,-89.00
2026-08-14T14:24:13.538,1786710253.538446,3.395977,1,3000,5.000000,596,3000,0x03,left,110.325364,2613,0.126007,173,0,No fault,0x04,right,711.684800,2613,0.167033,174,0,No fault,0.00
2026-08-14T14:24:13.543,1786710253.543673,3.401202,1,3000,5.000000,597,3000,0x03,left,111.028144,2925,0.167033,172,0,No fault,0x04,right,712.409541,3059,0.190476,174,0,No fault,-134.00
2026-08-14T14:24:13.548,1786710253.548896,3.406424,1,3000,5.000000,598,3000,0x03,left,111.752885,3059,0.196337,173,0,No fault,0x04,right,713.112321,2881,0.172894,174,0,No fault,178.00
2026-08-14T14:24:13.554,1786710253.554204,3.411737,1,3000,5.000000,599,3000,0x03,left,112.433702,2836,0.178755,175,0,No fault,0x04,right,713.793138,2657,0.225641,174,0,No fault,179.00
2026-08-14T14:24:13.559,1786710253.559464,3.417018,1,3000,5.000000,600,3000,0x03,left,113.136481,2881,0.213919,173,0,No fault,0x04,right,714.495917,2747,0.184615,174,0,No fault,134.00
2026-08-14T14:24:13.575,1786710253.575077,3.432619,1,3000,5.000000,601,3000,0x03,left,115.244819,2925,0.196337,172,0,No fault,0x04,right,715.220658,2747,0.178755,176,0,No fault,178.00
2026-08-14T14:24:13.580,1786710253.580395,3.437937,1,3000,5.000000,602,3000,0x03,left,115.969560,3015,0.208059,173,0,No fault,0x04,right,717.570577,3015,0.172894,174,0,No fault,0.00
2026-08-14T14:24:13.585,1786710253.585711,3.443248,1,3000,5.000000,603,3000,0x03,left,116.672340,2970,0.090842,173,0,No fault,0x04,right,717.987852,2881,0.202198,173,0,No fault,89.00
2026-08-14T14:24:13.596,1786710253.596055,3.453590,1,3000,5.000000,604,3000,0x03,left,117.397081,2747,0.155311,172,0,No fault,0x04,right,719.371448,2702,0.196337,175,0,No fault,45.00
2026-08-14T14:24:13.601,1786710253.601298,3.458836,1,3000,5.000000,605,3000,0x03,left,119.615228,2881,0.114286,168,0,No fault,0x04,right,-719.195754,2836,0.196337,174,0,No fault,45.00
2026-08-14T14:24:13.606,1786710253.606560,3.464096,1,3000,5.000000,606,3000,0x03,left,120.010541,3015,0.126007,171,0,No fault,0x04,right,-718.492974,3059,0.178755,174,0,No fault,-44.00
2026-08-14T14:24:13.611,1786710253.611817,3.469351,1,3000,5.000000,607,3000,0x03,left,120.713320,2881,0.172894,172,0,No fault,0x04,right,-717.812157,2747,0.231502,175,0,No fault,134.00
2026-08-14T14:24:13.617,1786710253.617114,3.474659,1,3000,5.000000,608,3000,0x03,left,121.394138,2836,0.149451,173,0,No fault,0x04,right,-717.131340,2568,0.178755,174,0,No fault,268.00
2026-08-14T14:24:13.622,1786710253.622452,3.479994,1,3000,5.000000,609,3000,0x03,left,122.096917,2925,0.102564,174,0,No fault,0x04,right,-716.406598,2791,0.172894,174,0,No fault,134.00
2026-08-14T14:24:13.627,1786710253.627756,3.485293,1,3000,5.000000,610,3000,0x03,left,122.843620,3104,0.114286,172,0,No fault,0x04,right,-715.681857,3015,0.161172,174,0,No fault,89.00
2026-08-14T14:24:13.633,1786710253.633041,3.490577,1,3000,5.000000,611,3000,0x03,left,123.524437,3059,0.167033,172,0,No fault,0x04,right,-715.001040,3059,0.184615,174,0,No fault,0.00
2026-08-14T14:24:13.638,1786710253.638317,3.495852,1,3000,5.000000,612,3000,0x03,left,124.227217,2791,0.137729,173,0,No fault,0x04,right,-714.298261,2836,0.184615,175,0,No fault,-45.00
2026-08-14T14:24:13.643,1786710253.643584,3.501117,1,3000,5.000000,613,3000,0x03,left,124.929996,2791,0.114286,173,0,No fault,0x04,right,-713.595481,3059,0.155311,175,0,No fault,-268.00
2026-08-14T14:24:13.648,1786710253.648846,3.506380,1,3000,5.000000,614,3000,0x03,left,125.632775,2747,0.149451,171,0,No fault,0x04,right,-712.914664,2613,0.178755,176,0,No fault,134.00
2026-08-14T14:24:13.654,1786710253.654115,3.511650,1,3000,5.000000,615,3000,0x03,left,126.335555,2925,0.161172,171,0,No fault,0x04,right,-712.189923,2970,0.184615,171,0,No fault,-45.00
2026-08-14T14:24:13.659,1786710253.659388,3.516921,1,3000,5.000000,616,3000,0x03,left,127.038334,2747,0.155311,172,0,No fault,0x04,right,-711.487144,2925,0.184615,173,0,No fault,-178.00
2026-08-14T14:24:13.664,1786710253.664665,3.522198,1,3000,5.000000,617,3000,0x03,left,127.763075,2925,0.120147,171,0,No fault,0x04,right,-710.806326,2881,0.178755,171,0,No fault,44.00
2026-08-14T14:24:13.670,1786710253.670025,3.527556,1,3000,5.000000,618,3000,0x03,left,128.443892,2836,0.126007,171,0,No fault,0x04,right,-710.103547,2747,0.178755,174,0,No fault,89.00
2026-08-14T14:24:13.675,1786710253.675287,3.532820,1,3000,5.000000,619,3000,0x03,left,129.168633,3059,0.161172,173,0,No fault,0x04,right,-708.676026,2881,0.219780,174,0,No fault,178.00
2026-08-14T14:24:13.680,1786710253.680623,3.538157,1,3000,5.000000,620,3000,0x03,left,129.849451,2613,0.231502,172,0,No fault,0x04,right,-707.995209,3059,0.155311,174,0,No fault,-446.00
2026-08-14T14:24:13.685,1786710253.685959,3.543492,1,3000,5.000000,621,3000,0x03,left,130.574192,2881,0.084982,173,0,No fault,0x04,right,-707.314392,2702,0.260806,175,0,No fault,179.00
2026-08-14T14:24:13.691,1786710253.691273,3.548805,1,3000,5.000000,622,3000,0x03,left,131.979751,2791,0.155311,175,0,No fault,0x04,right,-706.589651,3015,0.190476,173,0,No fault,-224.00
2026-08-14T14:24:13.696,1786710253.696613,3.554153,1,3000,5.000000,623,3000,0x03,left,132.682530,2836,0.219780,171,0,No fault,0x04,right,-705.908833,2657,0.196337,174,0,No fault,179.00
2026-08-14T14:24:13.701,1786710253.701885,3.559428,1,3000,5.000000,624,3000,0x03,left,133.407271,3059,0.108425,169,0,No fault,0x04,right,-705.206054,3015,0.167033,173,0,No fault,44.00
2026-08-14T14:24:13.707,1786710253.707233,3.564772,1,3000,5.000000,625,3000,0x03,left,134.088088,2881,0.184615,172,0,No fault,0x04,right,-704.503275,2747,0.213919,175,0,No fault,134.00
2026-08-14T14:24:13.712,1786710253.712537,3.570067,1,3000,5.000000,626,3000,0x03,left,134.790868,2657,0.167033,172,0,No fault,0x04,right,-703.800495,3059,0.208059,173,0,No fault,-402.00
2026-08-14T14:24:13.717,1786710253.717766,3.575295,1,3000,5.000000,627,3000,0x03,left,135.493647,2702,0.213919,169,0,No fault,0x04,right,-703.097716,2925,0.161172,173,0,No fault,-223.00
2026-08-14T14:24:13.722,1786710253.722988,3.580516,1,3000,5.000000,628,3000,0x03,left,136.196426,2747,0.161172,173,0,No fault,0x04,right,-702.394937,2881,0.219780,174,0,No fault,-134.00
2026-08-14T14:24:13.728,1786710253.728204,3.585733,1,3000,5.000000,629,3000,0x03,left,136.899205,2925,0.137729,173,0,No fault,0x04,right,-701.692157,2836,0.167033,174,0,No fault,89.00
2026-08-14T14:24:13.733,1786710253.733417,3.590945,1,3000,5.000000,630,3000,0x03,left,137.601985,2836,0.167033,171,0,No fault,0x04,right,-701.011340,2791,0.231502,174,0,No fault,45.00
2026-08-14T14:24:13.738,1786710253.738629,3.596160,1,3000,5.000000,631,3000,0x03,left,138.304764,2657,0.184615,173,0,No fault,0x04,right,-700.308561,2613,0.172894,174,0,No fault,44.00
2026-08-14T14:24:13.743,1786710253.743855,3.601383,1,3000,5.000000,632,3000,0x03,left,139.007543,2836,0.143590,174,0,No fault,0x04,right,-699.583820,2836,0.184615,174,0,No fault,0.00
2026-08-14T14:24:13.749,1786710253.749066,3.606594,1,3000,5.000000,633,3000,0x03,left,139.710323,2836,0.096703,175,0,No fault,0x04,right,-698.903002,2836,0.190476,174,0,No fault,0.00
2026-08-14T14:24:13.754,1786710253.754276,3.611804,1,3000,5.000000,634,3000,0x03,left,140.435064,2791,0.155311,172,0,No fault,0x04,right,-698.178261,2970,0.167033,174,0,No fault,-179.00
2026-08-14T14:24:13.759,1786710253.759486,3.617014,1,3000,5.000000,635,3000,0x03,left,141.137843,2970,0.149451,172,0,No fault,0x04,right,-697.475482,2836,0.184615,174,0,No fault,134.00
2026-08-14T14:24:13.764,1786710253.764695,3.622223,1,3000,5.000000,636,3000,0x03,left,141.840622,3104,0.131868,173,0,No fault,0x04,right,-696.772703,2791,0.167033,174,0,No fault,313.00
2026-08-14T14:24:13.775,1786710253.775046,3.632591,1,3000,5.000000,637,3000,0x03,left,143.246181,2702,0.120147,172,0,No fault,0x04,right,-696.069923,2970,0.167033,176,0,No fault,-268.00
2026-08-14T14:24:13.780,1786710253.780390,3.637935,1,3000,5.000000,638,3000,0x03,left,143.970922,2613,0.131868,171,0,No fault,0x04,right,-693.939624,2881,0.190476,174,0,No fault,-268.00
2026-08-14T14:24:13.785,1786710253.785729,3.643277,1,3000,5.000000,639,3000,0x03,left,144.673701,3104,0.131868,171,0,No fault,0x04,right,-693.544310,3015,0.178755,174,0,No fault,89.00
2026-08-14T14:24:13.801,1786710253.801414,3.658983,1,3000,5.000000,640,3000,0x03,left,147.353047,2970,0.149451,169,0,No fault,0x04,right,-691.392049,2881,0.143590,174,0,No fault,89.00
2026-08-14T14:24:13.806,1786710253.806781,3.664326,1,3000,5.000000,641,3000,0x03,left,147.704437,2657,0.108425,173,0,No fault,0x04,right,-690.711231,3059,0.143590,174,0,No fault,-402.00
2026-08-14T14:24:13.812,1786710253.812110,3.669654,1,3000,5.000000,642,3000,0x03,left,148.099750,2970,0.079121,172,0,No fault,0x04,right,-690.030414,2925,0.143590,174,0,No fault,45.00
2026-08-14T14:24:13.817,1786710253.817476,3.675010,1,3000,5.000000,643,3000,0x03,left,149.505309,2836,0.184615,172,0,No fault,0x04,right,-689.327635,2836,0.178755,173,0,No fault,0.00
2026-08-14T14:24:13.822,1786710253.822706,3.680239,1,3000,5.000000,644,3000,0x03,left,150.186126,2881,0.155311,172,0,No fault,0x04,right,-688.624855,3015,0.178755,171,0,No fault,-134.00
2026-08-14T14:24:13.827,1786710253.827972,3.685506,1,3000,5.000000,645,3000,0x03,left,150.910867,2881,0.137729,173,0,No fault,0x04,right,-687.922076,2970,0.149451,173,0,No fault,-89.00
2026-08-14T14:24:13.833,1786710253.833236,3.690787,1,3000,5.000000,646,3000,0x03,left,151.613646,2925,0.161172,172,0,No fault,0x04,right,-687.219297,2836,0.184615,174,0,No fault,89.00
2026-08-14T14:24:13.838,1786710253.838677,3.696234,1,3000,5.000000,647,3000,0x03,left,152.316426,2747,0.167033,173,0,No fault,0x04,right,-686.472594,2970,0.172894,174,0,No fault,-223.00
2026-08-14T14:24:13.844,1786710253.844090,3.701638,1,3000,5.000000,648,3000,0x03,left,152.997243,2657,0.172894,172,0,No fault,0x04,right,-685.769815,2970,0.196337,176,0,No fault,-313.00
2026-08-14T14:24:13.849,1786710253.849413,3.706955,1,3000,5.000000,649,3000,0x03,left,153.721984,2836,0.126007,172,0,No fault,0x04,right,-685.088997,2791,0.167033,173,0,No fault,45.00
2026-08-14T14:24:13.854,1786710253.854704,3.712245,1,3000,5.000000,650,3000,0x03,left,154.424763,2970,0.208059,172,0,No fault,0x04,right,-684.364256,2925,0.190476,174,0,No fault,45.00
2026-08-14T14:24:13.859,1786710253.859960,3.717494,1,3000,5.000000,651,3000,0x03,left,155.127543,2836,0.178755,171,0,No fault,0x04,right,-683.661477,3059,0.219780,178,0,No fault,-223.00
2026-08-14T14:24:13.865,1786710253.865180,3.722712,1,3000,5.000000,652,3000,0x03,left,155.830322,2925,0.172894,172,0,No fault,0x04,right,-682.980659,2657,0.167033,174,0,No fault,268.00
2026-08-14T14:24:13.870,1786710253.870407,3.727943,1,3000,5.000000,653,3000,0x03,left,156.511139,2836,0.143590,174,0,No fault,0x04,right,-682.277880,2747,0.202198,174,0,No fault,89.00
2026-08-14T14:24:13.875,1786710253.875658,3.733193,1,3000,5.000000,654,3000,0x03,left,157.235881,2747,0.137729,174,0,No fault,0x04,right,-681.575101,2925,0.219780,175,0,No fault,-178.00
2026-08-14T14:24:13.880,1786710253.880921,3.738459,1,3000,5.000000,655,3000,0x03,left,157.938660,2702,0.196337,171,0,No fault,0x04,right,-680.894283,2881,0.225641,174,0,No fault,-179.00
2026-08-14T14:24:13.886,1786710253.886194,3.743731,1,3000,5.000000,656,3000,0x03,left,158.619477,2747,0.172894,173,0,No fault,0x04,right,-680.191504,2568,0.167033,175,0,No fault,179.00
2026-08-14T14:24:13.891,1786710253.891458,3.748994,1,3000,5.000000,657,3000,0x03,left,159.344218,2836,0.131868,173,0,No fault,0x04,right,-679.488725,2791,0.202198,170,0,No fault,45.00
2026-08-14T14:24:13.896,1786710253.896720,3.754256,1,3000,5.000000,658,3000,0x03,left,160.046998,2881,0.137729,174,0,No fault,0x04,right,-678.785946,2836,0.184615,175,0,No fault,45.00
2026-08-14T14:24:13.901,1786710253.901981,3.759517,1,3000,5.000000,659,3000,0x03,left,160.771739,2836,0.161172,172,0,No fault,0x04,right,-678.083166,2747,0.161172,172,0,No fault,89.00
2026-08-14T14:24:13.907,1786710253.907239,3.764774,1,3000,5.000000,660,3000,0x03,left,161.452556,2836,0.178755,170,0,No fault,0x04,right,-677.380387,3015,0.202198,174,0,No fault,-179.00
2026-08-14T14:24:13.912,1786710253.912613,3.770149,1,3000,5.000000,661,3000,0x03,left,162.177297,3015,0.096703,169,0,No fault,0x04,right,-676.677608,3015,0.184615,174,0,No fault,0.00
2026-08-14T14:24:13.917,1786710253.917937,3.775472,1,3000,5.000000,662,3000,0x03,left,162.880077,2836,0.120147,176,0,No fault,0x04,right,-675.294011,2747,0.190476,174,0,No fault,89.00
2026-08-14T14:24:13.923,1786710253.923306,3.780842,1,3000,5.000000,663,3000,0x03,left,163.604818,2881,0.149451,171,0,No fault,0x04,right,-674.591232,2836,0.225641,174,0,No fault,45.00
2026-08-14T14:24:13.928,1786710253.928561,3.786094,1,3000,5.000000,664,3000,0x03,left,164.285635,3059,0.167033,172,0,No fault,0x04,right,-673.910414,2702,0.213919,174,0,No fault,357.00
2026-08-14T14:24:13.933,1786710253.933810,3.791343,1,3000,5.000000,665,3000,0x03,left,165.010376,3238,0.090842,172,0,No fault,0x04,right,-673.185673,2791,0.161172,174,0,No fault,447.00
2026-08-14T14:24:13.939,1786710253.939055,3.796588,1,3000,5.000000,666,3000,0x03,left,165.713155,2925,0.131868,170,0,No fault,0x04,right,-672.482894,2702,0.202198,174,0,No fault,223.00
2026-08-14T14:24:13.944,1786710253.944305,3.801838,1,3000,5.000000,667,3000,0x03,left,166.415935,2836,0.184615,170,0,No fault,0x04,right,-671.780115,2970,0.167033,175,0,No fault,-134.00
2026-08-14T14:24:13.949,1786710253.949581,3.807124,1,3000,5.000000,668,3000,0x03,left,167.118714,2791,0.172894,172,0,No fault,0x04,right,-671.099297,2836,0.225641,174,0,No fault,-45.00
2026-08-14T14:24:13.954,1786710253.954992,3.812525,1,3000,5.000000,669,3000,0x03,left,168.546234,3238,0.149451,171,0,No fault,0x04,right,-670.374556,2925,0.149451,174,0,No fault,313.00
2026-08-14T14:24:13.960,1786710253.960234,3.817767,1,3000,5.000000,670,3000,0x03,left,169.227052,2657,0.202198,172,0,No fault,0x04,right,-669.693739,2881,0.202198,174,0,No fault,-224.00
2026-08-14T14:24:13.965,1786710253.965569,3.823101,1,3000,5.000000,671,3000,0x03,left,169.907869,2747,0.237363,173,0,No fault,0x04,right,-668.990960,2791,0.172894,174,0,No fault,-44.00
2026-08-14T14:24:13.980,1786710253.980983,3.838524,1,3000,5.000000,672,3000,0x03,left,172.038169,3104,0.178755,172,0,No fault,0x04,right,-666.443385,2925,0.196337,174,0,No fault,179.00
2026-08-14T14:24:13.986,1786710253.986274,3.843808,1,3000,5.000000,673,3000,0x03,left,172.740948,2970,0.196337,172,0,No fault,0x04,right,-666.091995,2702,0.172894,174,0,No fault,268.00
2026-08-14T14:24:13.997,1786710253.997064,3.854608,1,3000,5.000000,674,3000,0x03,left,173.421766,2836,0.126007,171,0,No fault,0x04,right,-665.015864,2925,0.178755,174,0,No fault,-89.00
2026-08-14T14:24:14.002,1786710254.002430,3.859972,1,3000,5.000000,675,3000,0x03,left,175.354409,2836,0.167033,171,0,No fault,0x04,right,-664.313085,2836,0.161172,173,0,No fault,0.00
2026-08-14T14:24:14.007,1786710254.007723,3.865262,1,3000,5.000000,676,3000,0x03,left,175.705798,2747,0.208059,171,0,No fault,0x04,right,-662.885565,2747,0.190476,174,0,No fault,0.00
2026-08-14T14:24:14.013,1786710254.013056,3.870595,1,3000,5.000000,677,3000,0x03,left,176.408577,2970,0.143590,174,0,No fault,0x04,right,-662.204747,2836,0.184615,175,0,No fault,134.00
2026-08-14T14:24:14.018,1786710254.018340,3.875877,1,3000,5.000000,678,3000,0x03,left,177.133319,2925,0.126007,173,0,No fault,0x04,right,-661.501968,2836,0.202198,177,0,No fault,89.00
2026-08-14T14:24:14.023,1786710254.023611,3.881147,1,3000,5.000000,679,3000,0x03,left,177.836098,2925,0.202198,170,0,No fault,0x04,right,-660.821151,2702,0.190476,176,0,No fault,223.00
2026-08-14T14:24:14.028,1786710254.028883,3.886424,1,3000,5.000000,680,3000,0x03,left,178.516915,2702,0.167033,173,0,No fault,0x04,right,-660.096409,3059,0.167033,174,0,No fault,-357.00
2026-08-14T14:24:14.034,1786710254.034174,3.891716,1,3000,5.000000,681,3000,0x03,left,179.241656,2881,0.120147,171,0,No fault,0x04,right,-659.393630,2970,0.178755,173,0,No fault,-89.00
2026-08-14T14:24:14.039,1786710254.039459,3.897004,1,3000,5.000000,682,3000,0x03,left,179.966398,3059,0.126007,176,0,No fault,0x04,right,-658.690851,2970,0.219780,174,0,No fault,89.00
2026-08-14T14:24:14.044,1786710254.044770,3.902325,1,3000,5.000000,683,3000,0x03,left,180.669177,2747,0.131868,174,0,No fault,0x04,right,-658.010034,2836,0.202198,174,0,No fault,-89.00
2026-08-14T14:24:14.050,1786710254.050089,3.907639,1,3000,5.000000,684,3000,0x03,left,181.349994,2702,0.184615,172,0,No fault,0x04,right,-657.285292,2836,0.202198,174,0,No fault,-134.00
2026-08-14T14:24:14.056,1786710254.056944,3.914502,1,3000,5.000000,685,3000,0x03,left,182.074735,2925,0.090842,171,0,No fault,0x04,right,-656.582513,2836,0.161172,170,0,No fault,89.00
2026-08-14T14:24:14.062,1786710254.062342,3.919888,1,3000,5.000000,686,3000,0x03,left,182.799476,3104,0.126007,171,0,No fault,0x04,right,-655.879734,2836,0.172894,174,0,No fault,268.00
2026-08-14T14:24:14.067,1786710254.067650,3.925188,1,3000,5.000000,687,3000,0x03,left,183.502256,3149,0.143590,172,0,No fault,0x04,right,-655.176955,2836,0.196337,175,0,No fault,313.00
2026-08-14T14:24:14.072,1786710254.072928,3.930466,1,3000,5.000000,688,3000,0x03,left,184.205035,2836,0.149451,172,0,No fault,0x04,right,-654.474175,2925,0.202198,174,0,No fault,-89.00
2026-08-14T14:24:14.078,1786710254.078202,3.935737,1,3000,5.000000,689,3000,0x03,left,184.907814,2970,0.114286,173,0,No fault,0x04,right,-653.771396,2702,0.178755,174,0,No fault,268.00
2026-08-14T14:24:14.083,1786710254.083591,3.941126,1,3000,5.000000,690,3000,0x03,left,185.610594,2970,0.137729,173,0,No fault,0x04,right,-653.068617,2836,0.161172,174,0,No fault,134.00
2026-08-14T14:24:14.088,1786710254.088923,3.946458,1,3000,5.000000,691,3000,0x03,left,187.038114,3059,0.137729,173,0,No fault,0x04,right,-652.365838,2791,0.184615,174,0,No fault,268.00
2026-08-14T14:24:14.094,1786710254.094348,3.951891,1,3000,5.000000,692,3000,0x03,left,187.740893,3015,0.102564,173,0,No fault,0x04,right,-650.960279,2970,0.143590,174,0,No fault,45.00
2026-08-14T14:24:14.099,1786710254.099780,3.957316,1,3000,5.000000,693,3000,0x03,left,188.443672,2925,0.137729,172,0,No fault,0x04,right,-650.257500,2970,0.178755,173,0,No fault,-45.00
2026-08-14T14:24:14.105,1786710254.105045,3.962578,1,3000,5.000000,694,3000,0x03,left,189.146452,2791,0.149451,172,0,No fault,0x04,right,-649.554720,2970,0.184615,174,0,No fault,-179.00
2026-08-14T14:24:14.110,1786710254.110289,3.967820,1,3000,5.000000,695,3000,0x03,left,189.827269,2479,0.213919,172,0,No fault,0x04,right,-648.851941,2836,0.213919,174,0,No fault,-357.00
2026-08-14T14:24:14.115,1786710254.115523,3.973052,1,3000,5.000000,696,3000,0x03,left,190.530048,2881,0.131868,171,0,No fault,0x04,right,-648.171124,2881,0.155311,174,0,No fault,0.00
2026-08-14T14:24:14.120,1786710254.120748,3.978278,1,3000,5.000000,697,3000,0x03,left,191.232828,2747,0.161172,170,0,No fault,0x04,right,-647.468344,2747,0.167033,174,0,No fault,0.00
2026-08-14T14:24:14.125,1786710254.125969,3.983498,1,3000,5.000000,698,3000,0x03,left,191.957569,2836,0.161172,173,0,No fault,0x04,right,-646.765565,2791,0.231502,174,0,No fault,45.00
2026-08-14T14:24:14.131,1786710254.131186,3.988715,1,3000,5.000000,699,3000,0x03,left,192.638386,2747,0.237363,174,0,No fault,0x04,right,-646.062786,2702,0.196337,174,0,No fault,45.00
2026-08-14T14:24:14.136,1786710254.136402,3.993931,1,3000,5.000000,700,3000,0x03,left,193.341165,2747,0.161172,171,0,No fault,0x04,right,-645.338045,3193,0.208059,174,0,No fault,-446.00
2026-08-14T14:24:14.141,1786710254.141646,3.999175,1,3000,5.000000,701,3000,0x03,left,194.043945,2791,0.131868,170,0,No fault,0x04,right,-644.657227,2925,0.143590,174,0,No fault,-134.00
2026-08-14T14:24:14.146,1786710254.146859,4.004387,1,3000,5.000000,702,3000,0x03,left,194.768686,3104,0.184615,173,0,No fault,0x04,right,-643.954448,2925,0.278388,177,0,No fault,179.00
2026-08-14T14:24:14.152,1786710254.152072,4.009600,1,3000,5.000000,703,3000,0x03,left,195.449503,2836,0.243223,172,0,No fault,0x04,right,-643.273631,2747,0.161172,173,0,No fault,89.00
2026-08-14T14:24:14.157,1786710254.157280,4.014808,1,3000,5.000000,704,3000,0x03,left,196.130321,2836,0.196337,173,0,No fault,0x04,right,-642.570851,2657,0.202198,174,0,No fault,179.00
2026-08-14T14:24:14.162,1786710254.162490,4.020018,1,3000,5.000000,705,3000,0x03,left,196.855062,2791,0.120147,171,0,No fault,0x04,right,-641.846110,3015,0.161172,176,0,No fault,-224.00
2026-08-14T14:24:14.167,1786710254.167698,4.025226,1,3000,5.000000,706,3000,0x03,left,197.579803,2970,0.155311,171,0,No fault,0x04,right,-641.187255,2657,0.231502,174,0,No fault,313.00
2026-08-14T14:24:14.183,1786710254.183208,4.040764,1,3000,5.000000,707,3000,0x03,left,199.688141,3059,0.102564,173,0,No fault,0x04,right,-638.420061,2791,0.213919,174,0,No fault,268.00
2026-08-14T14:24:14.188,1786710254.188545,4.046084,1,3000,5.000000,708,3000,0x03,left,200.412882,2925,0.137729,173,0,No fault,0x04,right,-638.068672,2881,0.161172,174,0,No fault,44.00
2026-08-14T14:24:14.198,1786710254.198900,4.056444,1,3000,5.000000,709,3000,0x03,left,201.137623,2881,0.184615,170,0,No fault,0x04,right,-636.970579,3015,0.178755,174,0,No fault,-134.00
2026-08-14T14:24:14.204,1786710254.204179,4.061716,1,3000,5.000000,710,3000,0x03,left,203.092228,3104,0.108425,172,0,No fault,0x04,right,-636.267800,2702,0.137729,175,0,No fault,402.00
2026-08-14T14:24:14.209,1786710254.209461,4.067004,1,3000,5.000000,711,3000,0x03,left,203.443617,2747,0.137729,172,0,No fault,0x04,right,-635.565021,2970,0.184615,174,0,No fault,-223.00
2026-08-14T14:24:14.214,1786710254.214749,4.072285,1,3000,5.000000,712,3000,0x03,left,204.146397,2836,0.172894,173,0,No fault,0x04,right,-634.862241,2925,0.155311,172,0,No fault,-89.00
2026-08-14T14:24:14.220,1786710254.220012,4.077547,1,3000,5.000000,713,3000,0x03,left,204.849176,3104,0.090842,173,0,No fault,0x04,right,-634.159462,2613,0.155311,174,0,No fault,491.00
2026-08-14T14:24:14.225,1786710254.225271,4.082807,1,3000,5.000000,714,3000,0x03,left,205.551955,2925,0.096703,173,0,No fault,0x04,right,-633.456683,2970,0.149451,174,0,No fault,-45.00
2026-08-14T14:24:14.230,1786710254.230528,4.088061,1,3000,5.000000,715,3000,0x03,left,206.276696,2925,0.172894,170,0,No fault,0x04,right,-632.731942,2925,0.131868,175,0,No fault,0.00
2026-08-14T14:24:14.235,1786710254.235777,4.093310,1,3000,5.000000,716,3000,0x03,left,206.979476,2970,0.167033,175,0,No fault,0x04,right,-632.029162,2925,0.161172,174,0,No fault,45.00
2026-08-14T14:24:14.241,1786710254.241030,4.098563,1,3000,5.000000,717,3000,0x03,left,207.660293,2702,0.102564,173,0,No fault,0x04,right,-631.326383,2925,0.155311,172,0,No fault,-223.00
2026-08-14T14:24:14.246,1786710254.246287,4.103820,1,3000,5.000000,718,3000,0x03,left,208.385034,2881,0.108425,172,0,No fault,0x04,right,-630.645566,2836,0.172894,174,0,No fault,45.00
2026-08-14T14:24:14.251,1786710254.251537,4.109070,1,3000,5.000000,719,3000,0x03,left,209.087813,2925,0.149451,172,0,No fault,0x04,right,-629.920825,3059,0.161172,175,0,No fault,-134.00
2026-08-14T14:24:14.256,1786710254.256785,4.114318,1,3000,5.000000,720,3000,0x03,left,209.790593,2970,0.219780,172,0,No fault,0x04,right,-629.218045,2836,0.196337,176,0,No fault,134.00
2026-08-14T14:24:14.262,1786710254.262240,4.119778,1,3000,5.000000,721,3000,0x03,left,210.493372,3059,0.143590,170,0,No fault,0x04,right,-627.812487,2702,0.167033,173,0,No fault,357.00
2026-08-14T14:24:14.267,1786710254.267546,4.125080,1,3000,5.000000,722,3000,0x03,left,211.196151,3193,0.137729,172,0,No fault,0x04,right,-627.109708,2791,0.202198,176,0,No fault,402.00
2026-08-14T14:24:14.272,1786710254.272866,4.130401,1,3000,5.000000,723,3000,0x03,left,211.920892,3149,0.172894,173,0,No fault,0x04,right,-626.406928,2836,0.167033,170,0,No fault,313.00
2026-08-14T14:24:14.278,1786710254.278125,4.135658,1,3000,5.000000,724,3000,0x03,left,212.601710,2702,0.213919,171,0,No fault,0x04,right,-625.704149,2791,0.167033,175,0,No fault,-89.00
2026-08-14T14:24:14.283,1786710254.283414,4.140959,1,3000,5.000000,725,3000,0x03,left,213.304489,2881,0.137729,172,0,No fault,0x04,right,-625.001370,2925,0.149451,174,0,No fault,-44.00
2026-08-14T14:24:14.288,1786710254.288795,4.146339,1,3000,5.000000,726,3000,0x03,left,214.029230,3193,0.114286,173,0,No fault,0x04,right,-624.276629,2836,0.202198,173,0,No fault,357.00
2026-08-14T14:24:14.294,1786710254.294258,4.151796,1,3000,5.000000,727,3000,0x03,left,215.434789,2836,0.184615,175,0,No fault,0x04,right,-623.573849,2970,0.196337,177,0,No fault,-134.00
2026-08-14T14:24:14.299,1786710254.299681,4.157398,1,3000,5.000000,728,3000,0x03,left,216.115606,2881,0.196337,173,0,No fault,0x04,right,-622.893032,2791,0.172894,174,0,No fault,90.00
2026-08-14T14:24:14.305,1786710254.305254,4.162803,1,3000,5.000000,729,3000,0x03,left,216.818385,2881,0.120147,173,0,No fault,0x04,right,-622.190253,2881,0.184615,174,0,No fault,0.00
2026-08-14T14:24:14.310,1786710254.310592,4.168136,1,3000,5.000000,730,3000,0x03,left,217.543127,2970,0.196337,171,0,No fault,0x04,right,-621.465512,2881,0.167033,174,0,No fault,89.00
2026-08-14T14:24:14.315,1786710254.315872,4.173407,1,3000,5.000000,731,3000,0x03,left,218.245906,2836,0.208059,171,0,No fault,0x04,right,-620.784694,2836,0.225641,175,0,No fault,0.00
2026-08-14T14:24:14.321,1786710254.321334,4.178897,1,3000,5.000000,732,3000,0x03,left,218.948685,2925,0.161172,172,0,No fault,0x04,right,-620.081915,2881,0.213919,174,0,No fault,44.00
2026-08-14T14:24:14.326,1786710254.326665,4.184206,1,3000,5.000000,733,3000,0x03,left,219.651464,3015,0.108425,173,0,No fault,0x04,right,-619.379136,2881,0.172894,171,0,No fault,134.00
2026-08-14T14:24:14.332,1786710254.332812,4.190344,1,3000,5.000000,734,3000,0x03,left,220.354244,2881,0.131868,173,0,No fault,0x04,right,-618.676356,2747,0.190476,174,0,No fault,134.00
2026-08-14T14:24:14.338,1786710254.338686,4.196215,1,3000,5.000000,735,3000,0x03,left,221.057023,2702,0.172894,172,0,No fault,0x04,right,-617.292760,2925,0.219780,174,0,No fault,-223.00
2026-08-14T14:24:14.344,1786710254.344776,4.202316,1,3000,5.000000,736,3000,0x03,left,221.737840,2791,0.149451,175,0,No fault,0x04,right,-616.589980,2970,0.178755,173,0,No fault,-179.00
2026-08-14T14:24:14.350,1786710254.350783,4.208315,1,3000,5.000000,737,3000,0x03,left,223.209284,2791,0.196337,172,0,No fault,0x04,right,-615.887201,2791,0.202198,174,0,No fault,0.00
2026-08-14T14:24:14.355,1786710254.355974,4.213499,1,3000,5.000000,738,3000,0x03,left,223.890102,3015,0.149451,172,0,No fault,0x04,right,-615.184422,2881,0.202198,174,0,No fault,134.00
2026-08-14T14:24:14.361,1786710254.361187,4.218732,1,3000,5.000000,739,3000,0x03,left,224.570919,2747,0.155311,173,0,No fault,0x04,right,-614.481643,2970,0.202198,174,0,No fault,-223.00
2026-08-14T14:24:14.366,1786710254.366497,4.224035,1,3000,5.000000,740,3000,0x03,left,225.295660,3059,0.073260,171,0,No fault,0x04,right,-613.778863,2925,0.172894,174,0,No fault,134.00
2026-08-14T14:24:14.371,1786710254.371775,4.229311,1,3000,5.000000,741,3000,0x03,left,226.020402,3104,0.167033,169,0,No fault,0x04,right,-613.076084,2791,0.155311,174,0,No fault,313.00
2026-08-14T14:24:14.387,1786710254.387215,4.244758,1,3000,5.000000,742,3000,0x03,left,228.106777,2836,0.114286,172,0,No fault,0x04,right,-610.484585,2925,0.131868,174,0,No fault,-89.00
2026-08-14T14:24:14.392,1786710254.392543,4.250080,1,3000,5.000000,743,3000,0x03,left,228.809557,2657,0.155311,172,0,No fault,0x04,right,-610.133196,2881,0.190476,174,0,No fault,-224.00
2026-08-14T14:24:14.402,1786710254.402866,4.260400,1,3000,5.000000,744,3000,0x03,left,229.512336,2657,0.213919,172,0,No fault,0x04,right,-609.057065,2747,0.161172,174,0,No fault,-90.00
2026-08-14T14:24:14.408,1786710254.408133,4.265671,1,3000,5.000000,745,3000,0x03,left,231.423017,2881,0.167033,172,0,No fault,0x04,right,-608.354286,2970,0.202198,174,0,No fault,-89.00
2026-08-14T14:24:14.413,1786710254.413490,4.271024,1,3000,5.000000,746,3000,0x03,left,231.818330,3104,0.196337,171,0,No fault,0x04,right,-607.651507,2836,0.143590,175,0,No fault,268.00
2026-08-14T14:24:14.418,1786710254.418855,4.276391,1,3000,5.000000,747,3000,0x03,left,232.499148,2747,0.208059,173,0,No fault,0x04,right,-606.245948,2881,0.196337,174,0,No fault,-134.00
2026-08-14T14:24:14.424,1786710254.424170,4.281700,1,3000,5.000000,748,3000,0x03,left,233.179965,2747,0.184615,172,0,No fault,0x04,right,-605.565131,2836,0.196337,174,0,No fault,-89.00
2026-08-14T14:24:14.429,1786710254.429402,4.286934,1,3000,5.000000,749,3000,0x03,left,233.882745,2747,0.120147,172,0,No fault,0x04,right,-604.862351,2657,0.172894,174,0,No fault,90.00
2026-08-14T14:24:14.434,1786710254.434631,4.292161,1,3000,5.000000,750,3000,0x03,left,234.607486,2881,0.190476,170,0,No fault,0x04,right,-604.159572,2702,0.190476,174,0,No fault,179.00
2026-08-14T14:24:14.439,1786710254.439949,4.297479,1,3000,5.000000,751,3000,0x03,left,235.310265,2836,0.202198,172,0,No fault,0x04,right,-603.456793,2925,0.219780,174,0,No fault,-89.00
2026-08-14T14:24:14.445,1786710254.445170,4.302699,1,3000,5.000000,752,3000,0x03,left,236.013044,2881,0.190476,174,0,No fault,0x04,right,-602.754013,2881,0.196337,171,0,No fault,0.00
2026-08-14T14:24:14.450,1786710254.450387,4.307915,1,3000,5.000000,753,3000,0x03,left,236.715824,2836,0.067399,172,0,No fault,0x04,right,-602.051234,2747,0.196337,174,0,No fault,89.00
2026-08-14T14:24:14.455,1786710254.455600,4.313128,1,3000,5.000000,754,3000,0x03,left,237.418603,2702,0.167033,171,0,No fault,0x04,right,-601.348455,2836,0.184615,176,0,No fault,-134.00
2026-08-14T14:24:14.460,1786710254.460812,4.318341,1,3000,5.000000,755,3000,0x03,left,238.121382,2613,0.213919,172,0,No fault,0x04,right,-600.667638,2747,0.213919,173,0,No fault,-134.00
2026-08-14T14:24:14.466,1786710254.466058,4.323593,1,3000,5.000000,756,3000,0x03,left,238.824161,2613,0.137729,175,0,No fault,0x04,right,-599.942896,2970,0.196337,174,0,No fault,-357.00
2026-08-14T14:24:14.471,1786710254.471312,4.328842,1,3000,5.000000,757,3000,0x03,left,239.548902,3015,0.079121,171,0,No fault,0x04,right,-599.240117,3015,0.178755,175,0,No fault,0.00
2026-08-14T14:24:14.476,1786710254.476539,4.334069,1,3000,5.000000,758,3000,0x03,left,240.251682,2836,0.149451,173,0,No fault,0x04,right,-598.559300,2836,0.167033,175,0,No fault,0.00
2026-08-14T14:24:14.481,1786710254.481757,4.339284,1,3000,5.000000,759,3000,0x03,left,240.954461,2881,0.190476,173,0,No fault,0x04,right,-597.856520,2702,0.202198,174,0,No fault,179.00
2026-08-14T14:24:14.486,1786710254.486972,4.344501,1,3000,5.000000,760,3000,0x03,left,241.657240,3015,0.161172,174,0,No fault,0x04,right,-597.153741,2747,0.196337,170,0,No fault,268.00
2026-08-14T14:24:14.492,1786710254.492219,4.349748,1,3000,5.000000,761,3000,0x03,left,242.360020,2881,0.049817,172,0,No fault,0x04,right,-596.450962,2881,0.172894,174,0,No fault,0.00
2026-08-14T14:24:14.497,1786710254.497435,4.354964,1,3000,5.000000,762,3000,0x03,left,243.084761,3059,0.137729,172,0,No fault,0x04,right,-595.726221,2925,0.172894,174,0,No fault,134.00
2026-08-14T14:24:14.502,1786710254.502649,4.360177,1,3000,5.000000,763,3000,0x03,left,243.787540,2836,0.190476,172,0,No fault,0x04,right,-595.045403,2881,0.184615,175,0,No fault,-45.00
2026-08-14T14:24:14.507,1786710254.507861,4.365389,1,3000,5.000000,764,3000,0x03,left,244.490319,2836,0.131868,173,0,No fault,0x04,right,-594.342624,2925,0.213919,174,0,No fault,-89.00
2026-08-14T14:24:14.513,1786710254.513071,4.370599,1,3000,5.000000,765,3000,0x03,left,245.215060,3149,0.090842,172,0,No fault,0x04,right,-593.639845,2925,0.131868,174,0,No fault,224.00
2026-08-14T14:24:14.518,1786710254.518282,4.375811,1,3000,5.000000,766,3000,0x03,left,245.895878,2836,0.126007,172,0,No fault,0x04,right,-592.937066,2657,0.161172,173,0,No fault,179.00
2026-08-14T14:24:14.523,1786710254.523492,4.381020,1,3000,5.000000,767,3000,0x03,left,246.620619,2970,0.190476,170,0,No fault,0x04,right,-592.234286,2970,0.190476,174,0,No fault,0.00
2026-08-14T14:24:14.528,1786710254.528698,4.386227,1,3000,5.000000,768,3000,0x03,left,247.323398,2791,0.126007,168,0,No fault,0x04,right,-591.553469,2523,0.202198,174,0,No fault,268.00
2026-08-14T14:24:14.533,1786710254.533909,4.391437,1,3000,5.000000,769,3000,0x03,left,248.004216,2836,0.120147,174,0,No fault,0x04,right,-590.828728,2925,0.167033,174,0,No fault,-89.00
2026-08-14T14:24:14.539,1786710254.539119,4.396646,1,3000,5.000000,770,3000,0x03,left,248.728957,2925,0.114286,174,0,No fault,0x04,right,-590.125948,2970,0.167033,174,0,No fault,-45.00
2026-08-14T14:24:14.544,1786710254.544328,4.401856,1,3000,5.000000,771,3000,0x03,left,249.431736,2791,0.202198,172,0,No fault,0x04,right,-589.423169,2747,0.190476,174,0,No fault,44.00
2026-08-14T14:24:14.549,1786710254.549545,4.407077,1,3000,5.000000,772,3000,0x03,left,250.134515,2836,0.167033,174,0,No fault,0x04,right,-588.742352,2657,0.243223,174,0,No fault,179.00
2026-08-14T14:24:14.554,1786710254.554879,4.412410,1,3000,5.000000,773,3000,0x03,left,250.837294,3015,0.114286,173,0,No fault,0x04,right,-588.017611,2925,0.143590,175,0,No fault,90.00
2026-08-14T14:24:14.560,1786710254.560209,4.417753,1,3000,5.000000,774,3000,0x03,left,252.264815,2836,0.196337,173,0,No fault,0x04,right,-587.314831,3104,0.161172,175,0,No fault,-268.00
2026-08-14T14:24:14.565,1786710254.565718,4.423257,1,3000,5.000000,775,3000,0x03,left,252.945632,2881,0.237363,172,0,No fault,0x04,right,-586.612052,2791,0.184615,174,0,No fault,90.00
2026-08-14T14:24:14.571,1786710254.571015,4.428556,1,3000,5.000000,776,3000,0x03,left,253.648412,2970,0.084982,174,0,No fault,0x04,right,-585.909273,2925,0.249084,175,0,No fault,45.00
2026-08-14T14:24:14.576,1786710254.576434,4.433971,1,3000,5.000000,777,3000,0x03,left,254.351191,2791,0.131868,171,0,No fault,0x04,right,-585.206494,2881,0.149451,174,0,No fault,-90.00
2026-08-14T14:24:14.586,1786710254.586818,4.444356,1,3000,5.000000,778,3000,0x03,left,255.756749,2836,0.219780,172,0,No fault,0x04,right,-582.834614,3015,0.190476,174,0,No fault,-179.00
2026-08-14T14:24:14.592,1786710254.592131,4.449670,1,3000,5.000000,779,3000,0x03,left,256.459529,2657,0.096703,171,0,No fault,0x04,right,-582.505186,2702,0.202198,174,0,No fault,-45.00
2026-08-14T14:24:14.602,1786710254.602484,4.460022,1,3000,5.000000,780,3000,0x03,left,257.184270,2881,0.137729,175,0,No fault,0x04,right,-581.429055,2747,0.172894,174,0,No fault,134.00
2026-08-14T14:24:14.607,1786710254.607764,4.465302,1,3000,5.000000,781,3000,0x03,left,259.029065,2747,0.131868,170,0,No fault,0x04,right,-580.726276,2925,0.237363,175,0,No fault,-178.00
2026-08-14T14:24:14.613,1786710254.613030,4.470568,1,3000,5.000000,782,3000,0x03,left,259.446341,2881,0.067399,176,0,No fault,0x04,right,-580.045458,2836,0.178755,174,0,No fault,45.00
2026-08-14T14:24:14.618,1786710254.618320,4.475857,1,3000,5.000000,783,3000,0x03,left,260.149120,2791,0.131868,172,0,No fault,0x04,right,-579.342679,2925,0.184615,173,0,No fault,-134.00
2026-08-14T14:24:14.623,1786710254.623596,4.481135,1,3000,5.000000,784,3000,0x03,left,260.873861,2836,0.190476,175,0,No fault,0x04,right,-578.639900,2791,0.167033,174,0,No fault,45.00
2026-08-14T14:24:14.628,1786710254.628876,4.486412,1,3000,5.000000,785,3000,0x03,left,261.598602,3015,0.137729,172,0,No fault,0x04,right,-577.915159,2702,0.143590,174,0,No fault,313.00
2026-08-14T14:24:14.634,1786710254.634137,4.491672,1,3000,5.000000,786,3000,0x03,left,262.279419,2925,0.096703,175,0,No fault,0x04,right,-577.212379,2970,0.231502,174,0,No fault,-45.00
2026-08-14T14:24:14.639,1786710254.639398,4.496933,1,3000,5.000000,787,3000,0x03,left,262.982199,2970,0.120147,174,0,No fault,0x04,right,-576.509600,2881,0.120147,174,0,No fault,89.00
2026-08-14T14:24:14.644,1786710254.644723,4.502258,1,3000,5.000000,788,3000,0x03,left,263.706940,2881,0.149451,168,0,No fault,0x04,right,-575.806821,2836,0.178755,174,0,No fault,45.00
2026-08-14T14:24:14.650,1786710254.650047,4.507580,1,3000,5.000000,789,3000,0x03,left,264.387757,2747,0.131868,173,0,No fault,0x04,right,-574.379300,2970,0.184615,171,0,No fault,-223.00
2026-08-14T14:24:14.655,1786710254.655429,4.512971,1,3000,5.000000,790,3000,0x03,left,265.090537,2791,0.073260,172,0,No fault,0x04,right,-573.676521,3059,0.149451,174,0,No fault,-268.00
2026-08-14T14:24:14.660,1786710254.660718,4.518254,1,3000,5.000000,791,3000,0x03,left,265.815278,2970,0.096703,172,0,No fault,0x04,right,-572.995704,2613,0.149451,174,0,No fault,357.00
2026-08-14T14:24:14.665,1786710254.665982,4.523517,1,3000,5.000000,792,3000,0x03,left,266.540019,2881,0.172894,173,0,No fault,0x04,right,-572.270963,2881,0.190476,174,0,No fault,0.00
2026-08-14T14:24:14.671,1786710254.671240,4.528773,1,3000,5.000000,793,3000,0x03,left,267.220836,2970,0.167033,173,0,No fault,0x04,right,-571.568183,2702,0.184615,173,0,No fault,268.00
2026-08-14T14:24:14.676,1786710254.676524,4.534062,1,3000,5.000000,794,3000,0x03,left,267.945577,3015,0.084982,172,0,No fault,0x04,right,-570.865404,2925,0.131868,174,0,No fault,90.00
2026-08-14T14:24:14.681,1786710254.681852,4.539387,1,3000,5.000000,795,3000,0x03,left,268.648357,3104,0.102564,172,0,No fault,0x04,right,-570.162625,2791,0.149451,174,0,No fault,313.00
2026-08-14T14:24:14.687,1786710254.687104,4.544637,1,3000,5.000000,796,3000,0x03,left,269.351136,2925,0.190476,172,0,No fault,0x04,right,-569.459846,3059,0.167033,172,0,No fault,-134.00
2026-08-14T14:24:14.692,1786710254.692349,4.549882,1,3000,5.000000,797,3000,0x03,left,270.031953,2791,0.172894,170,0,No fault,0x04,right,-568.757066,2970,0.172894,174,0,No fault,-179.00
2026-08-14T14:24:14.697,1786710254.697619,4.555152,1,3000,5.000000,798,3000,0x03,left,270.756694,3015,0.084982,171,0,No fault,0x04,right,-568.054287,3015,0.096703,170,0,No fault,0.00
2026-08-14T14:24:14.702,1786710254.702872,4.560408,1,3000,5.000000,799,3000,0x03,left,271.459474,2836,0.137729,169,0,No fault,0x04,right,-567.351508,2657,0.155311,174,0,No fault,179.00
2026-08-14T14:24:14.708,1786710254.708134,4.565670,1,3000,5.000000,800,3000,0x03,left,272.162253,2881,0.178755,171,0,No fault,0x04,right,-566.648729,3015,0.172894,175,0,No fault,-134.00
2026-08-14T14:24:14.713,1786710254.713391,4.570927,1,3000,5.000000,801,3000,0x03,left,272.843070,2747,0.184615,172,0,No fault,0x04,right,-565.945949,2881,0.225641,175,0,No fault,-134.00
2026-08-14T14:24:14.718,1786710254.718654,4.576189,1,3000,5.000000,802,3000,0x03,left,273.545850,2702,0.114286,171,0,No fault,0x04,right,-565.265132,2702,0.184615,174,0,No fault,0.00
2026-08-14T14:24:14.724,1786710254.724016,4.581554,1,3000,5.000000,803,3000,0x03,left,274.270591,2970,0.149451,173,0,No fault,0x04,right,-564.540391,2791,0.114286,174,0,No fault,179.00
2026-08-14T14:24:14.729,1786710254.729412,4.586957,1,3000,5.000000,804,3000,0x03,left,275.676149,2881,0.202198,171,0,No fault,0x04,right,-563.837611,3015,0.219780,174,0,No fault,-134.00
2026-08-14T14:24:14.734,1786710254.734832,4.592372,1,3000,5.000000,805,3000,0x03,left,276.356967,2881,0.126007,172,0,No fault,0x04,right,-563.156794,2791,0.213919,173,0,No fault,90.00
2026-08-14T14:24:14.740,1786710254.740142,4.597679,1,3000,5.000000,806,3000,0x03,left,277.081708,2925,0.137729,164,0,No fault,0x04,right,-562.454015,2881,0.202198,174,0,No fault,44.00
2026-08-14T14:24:14.745,1786710254.745419,4.602956,1,3000,5.000000,807,3000,0x03,left,277.784487,2791,0.202198,173,0,No fault,0x04,right,-561.751235,3015,0.208059,173,0,No fault,-224.00
2026-08-14T14:24:14.750,1786710254.750690,4.608227,1,3000,5.000000,808,3000,0x03,left,278.465304,2881,0.219780,173,0,No fault,0x04,right,-561.048456,2791,0.208059,172,0,No fault,90.00
2026-08-14T14:24:14.755,1786710254.755962,4.613498,1,3000,5.000000,809,3000,0x03,left,279.168084,2657,0.131868,171,0,No fault,0x04,right,-560.345677,2791,0.184615,174,0,No fault,-134.00
2026-08-14T14:24:14.761,1786710254.761233,4.618769,1,3000,5.000000,810,3000,0x03,left,279.870863,2791,0.161172,172,0,No fault,0x04,right,-559.664860,2925,0.208059,176,0,No fault,-134.00
2026-08-14T14:24:14.766,1786710254.766504,4.624040,1,3000,5.000000,811,3000,0x03,left,280.595604,2881,0.149451,172,0,No fault,0x04,right,-558.962080,2747,0.196337,174,0,No fault,134.00
2026-08-14T14:24:14.771,1786710254.771772,4.629306,1,3000,5.000000,812,3000,0x03,left,281.298383,2702,0.184615,173,0,No fault,0x04,right,-558.237339,2925,0.196337,173,0,No fault,-223.00
2026-08-14T14:24:14.777,1786710254.777156,4.634690,1,3000,5.000000,813,3000,0x03,left,281.979201,2747,0.096703,173,0,No fault,0x04,right,-557.556522,2747,0.231502,173,0,No fault,0.00
2026-08-14T14:24:14.787,1786710254.787497,4.645041,1,3000,5.000000,814,3000,0x03,left,283.406721,2657,0.131868,169,0,No fault,0x04,right,-555.074832,2836,0.225641,173,0,No fault,-179.00
2026-08-14T14:24:14.792,1786710254.792861,4.650406,1,3000,5.000000,815,3000,0x03,left,284.109500,2657,0.178755,173,0,No fault,0x04,right,-554.723443,2881,0.202198,173,0,No fault,-224.00
2026-08-14T14:24:14.798,1786710254.798164,4.655702,1,3000,5.000000,816,3000,0x03,left,284.856203,2970,0.090842,173,0,No fault,0x04,right,-554.350091,2702,0.219780,174,0,No fault,268.00
2026-08-14T14:24:14.808,1786710254.808693,4.666245,1,3000,5.000000,817,3000,0x03,left,285.558983,3015,0.137729,172,0,No fault,0x04,right,-552.944533,3104,0.161172,174,0,No fault,-89.00
2026-08-14T14:24:14.814,1786710254.814113,4.671660,1,3000,5.000000,818,3000,0x03,left,287.579473,2702,0.155311,173,0,No fault,0x04,right,-552.241754,2791,0.196337,175,0,No fault,-89.00
2026-08-14T14:24:14.819,1786710254.819459,4.677008,1,3000,5.000000,819,3000,0x03,left,287.952825,2791,0.108425,172,0,No fault,0x04,right,-551.538974,3059,0.213919,174,0,No fault,-268.00
2026-08-14T14:24:14.824,1786710254.824808,4.682356,1,3000,5.000000,820,3000,0x03,left,288.677566,2970,0.161172,170,0,No fault,0x04,right,-550.836195,2925,0.178755,175,0,No fault,45.00
2026-08-14T14:24:14.831,1786710254.831465,4.689000,1,3000,5.000000,821,3000,0x03,left,289.380345,2881,0.219780,172,0,No fault,0x04,right,-549.430636,2657,0.172894,174,0,No fault,224.00
2026-08-14T14:24:14.842,1786710254.842007,4.699551,1,3000,5.000000,822,3000,0x03,left,290.763942,2702,0.137729,173,0,No fault,0x04,right,-548.025078,3015,0.137729,174,0,No fault,-313.00
2026-08-14T14:24:14.847,1786710254.847986,4.705518,1,3000,5.000000,823,3000,0x03,left,291.466721,2791,0.172894,172,0,No fault,0x04,right,-547.322299,2925,0.184615,174,0,No fault,-134.00
2026-08-14T14:24:14.853,1786710254.853192,4.710727,1,3000,5.000000,824,3000,0x03,left,292.213424,2881,0.213919,172,0,No fault,0x04,right,-546.619519,3015,0.178755,174,0,No fault,-134.00
2026-08-14T14:24:14.858,1786710254.858443,4.715986,1,3000,5.000000,825,3000,0x03,left,292.872279,2836,0.202198,172,0,No fault,0x04,right,-545.938702,2747,0.249084,174,0,No fault,89.00
2026-08-14T14:24:14.863,1786710254.863826,4.721378,1,3000,5.000000,826,3000,0x03,left,293.575059,2925,0.096703,170,0,No fault,0x04,right,-545.235923,2657,0.172894,174,0,No fault,268.00
2026-08-14T14:24:14.869,1786710254.869190,4.726749,1,3000,5.000000,827,3000,0x03,left,295.046503,2881,0.213919,172,0,No fault,0x04,right,-544.511182,2791,0.161172,173,0,No fault,90.00
2026-08-14T14:24:14.874,1786710254.874648,4.732202,1,3000,5.000000,828,3000,0x03,left,295.683397,2657,0.178755,173,0,No fault,0x04,right,-543.830364,2613,0.202198,174,0,No fault,44.00
2026-08-14T14:24:14.879,1786710254.879989,4.737529,1,3000,5.000000,829,3000,0x03,left,296.386176,2568,0.114286,173,0,No fault,0x04,right,-543.105623,2881,0.208059,173,0,No fault,-313.00
2026-08-14T14:24:14.885,1786710254.885283,4.742823,1,3000,5.000000,830,3000,0x03,left,297.110917,2925,0.137729,172,0,No fault,0x04,right,-542.402844,2836,0.190476,174,0,No fault,89.00
2026-08-14T14:24:14.890,1786710254.890573,4.748108,1,3000,5.000000,831,3000,0x03,left,297.813696,2881,0.202198,175,0,No fault,0x04,right,-541.722026,2657,0.167033,175,0,No fault,224.00
2026-08-14T14:24:14.895,1786710254.895855,4.753392,1,3000,5.000000,832,3000,0x03,left,298.494514,2657,0.202198,172,0,No fault,0x04,right,-541.019247,2836,0.213919,176,0,No fault,-179.00
2026-08-14T14:24:14.901,1786710254.901136,4.758671,1,3000,5.000000,833,3000,0x03,left,299.197293,2836,0.073260,172,0,No fault,0x04,right,-540.294506,3015,0.208059,174,0,No fault,-179.00
2026-08-14T14:24:14.906,1786710254.906410,4.763945,1,3000,5.000000,834,3000,0x03,left,299.922034,2702,0.120147,171,0,No fault,0x04,right,-539.613689,2836,0.208059,174,0,No fault,-134.00
2026-08-14T14:24:14.911,1786710254.911671,4.769200,1,3000,5.000000,835,3000,0x03,left,300.624813,2925,0.155311,171,0,No fault,0x04,right,-538.910909,2925,0.143590,174,0,No fault,0.00
2026-08-14T14:24:14.916,1786710254.916925,4.774457,1,3000,5.000000,836,3000,0x03,left,301.327593,2791,0.213919,170,0,No fault,0x04,right,-538.208130,2747,0.190476,175,0,No fault,44.00
2026-08-14T14:24:14.922,1786710254.922191,4.779723,1,3000,5.000000,837,3000,0x03,left,302.030372,3015,0.090842,173,0,No fault,0x04,right,-537.505351,2881,0.213919,174,0,No fault,134.00
2026-08-14T14:24:14.927,1786710254.927460,4.784994,1,3000,5.000000,838,3000,0x03,left,302.733151,2925,0.114286,170,0,No fault,0x04,right,-536.824533,2881,0.202198,175,0,No fault,44.00
2026-08-14T14:24:14.932,1786710254.932904,4.790449,1,3000,5.000000,839,3000,0x03,left,303.457892,2970,0.143590,175,0,No fault,0x04,right,-536.099792,2925,0.114286,174,0,No fault,45.00
2026-08-14T14:24:14.938,1786710254.938329,4.795867,1,3000,5.000000,840,3000,0x03,left,304.160672,2881,0.155311,172,0,No fault,0x04,right,-534.672272,3059,0.237363,174,0,No fault,-178.00
2026-08-14T14:24:14.943,1786710254.943616,4.801154,1,3000,5.000000,841,3000,0x03,left,304.841489,2702,0.108425,173,0,No fault,0x04,right,-533.969493,3015,0.196337,175,0,No fault,-313.00
2026-08-14T14:24:14.948,1786710254.948894,4.806430,1,3000,5.000000,842,3000,0x03,left,305.566230,3015,0.120147,172,0,No fault,0x04,right,-533.266713,2881,0.126007,174,0,No fault,134.00
2026-08-14T14:24:14.954,1786710254.954163,4.811699,1,3000,5.000000,843,3000,0x03,left,306.269009,2925,0.167033,173,0,No fault,0x04,right,-532.585896,2836,0.219780,174,0,No fault,89.00
2026-08-14T14:24:14.959,1786710254.959433,4.816969,1,3000,5.000000,844,3000,0x03,left,306.971789,2881,0.172894,172,0,No fault,0x04,right,-531.861155,2925,0.208059,174,0,No fault,-44.00
2026-08-14T14:24:14.964,1786710254.964700,4.822235,1,3000,5.000000,845,3000,0x03,left,307.674568,2970,0.120147,172,0,No fault,0x04,right,-531.180337,2881,0.219780,174,0,No fault,89.00
2026-08-14T14:24:14.969,1786710254.969967,4.827502,1,3000,5.000000,846,3000,0x03,left,308.399309,3059,0.126007,172,0,No fault,0x04,right,-530.455596,2881,0.149451,174,0,No fault,178.00
2026-08-14T14:24:14.975,1786710254.975239,4.832776,1,3000,5.000000,847,3000,0x03,left,309.102088,2791,0.143590,172,0,No fault,0x04,right,-529.774779,2657,0.196337,174,0,No fault,134.00
2026-08-14T14:24:14.990,1786710254.990712,4.848248,1,3000,5.000000,848,3000,0x03,left,311.188464,2881,0.120147,173,0,No fault,0x04,right,-527.183280,3149,0.213919,174,0,No fault,-268.00
2026-08-14T14:24:14.996,1786710254.996061,4.853600,1,3000,5.000000,849,3000,0x03,left,311.913205,3104,0.190476,172,0,No fault,0x04,right,-526.853852,2702,0.231502,174,0,No fault,402.00
2026-08-14T14:24:15.001,1786710255.001641,4.859191,1,3000,5.000000,850,3000,0x03,left,312.594023,2791,0.208059,175,0,No fault,0x04,right,-526.480501,2970,0.213919,171,0,No fault,-179.00
2026-08-14T14:24:15.012,1786710255.012428,4.869976,1,3000,5.000000,851,3000,0x03,left,315.009826,2613,0.190476,172,0,No fault,0x04,right,-525.009057,2657,0.155311,174,0,No fault,-44.00
2026-08-14T14:24:15.017,1786710255.017855,4.875397,1,3000,5.000000,852,3000,0x03,left,315.339254,2702,0.190476,172,0,No fault,0x04,right,-524.284316,2925,0.184615,174,0,No fault,-223.00
2026-08-14T14:24:15.023,1786710255.023166,4.880702,1,3000,5.000000,853,3000,0x03,left,315.734568,2925,0.202198,172,0,No fault,0x04,right,-523.581536,2881,0.225641,174,0,No fault,44.00
2026-08-14T14:24:15.028,1786710255.028455,4.886026,1,3000,5.000000,854,3000,0x03,left,316.437347,3015,0.131868,172,0,No fault,0x04,right,-522.878757,2881,0.202198,174,0,No fault,134.00
2026-08-14T14:24:15.033,1786710255.033847,4.891382,1,3000,5.000000,855,3000,0x03,left,317.140126,2791,0.102564,172,0,No fault,0x04,right,-522.175978,3104,0.196337,174,0,No fault,-313.00
2026-08-14T14:24:15.039,1786710255.039491,4.897026,1,3000,5.000000,856,3000,0x03,left,318.567647,2970,0.196337,173,0,No fault,0x04,right,-520.792381,2523,0.208059,174,0,No fault,447.00
2026-08-14T14:24:15.044,1786710255.044912,4.902456,1,3000,5.000000,857,3000,0x03,left,319.270426,2881,0.114286,172,0,No fault,0x04,right,-520.067640,3059,0.178755,174,0,No fault,-178.00
2026-08-14T14:24:15.050,1786710255.050228,4.907765,1,3000,5.000000,858,3000,0x03,left,319.995167,2747,0.120147,172,0,No fault,0x04,right,-519.386823,2836,0.178755,177,0,No fault,-89.00
2026-08-14T14:24:15.055,1786710255.055507,4.913046,1,3000,5.000000,859,3000,0x03,left,320.719908,2881,0.143590,172,0,No fault,0x04,right,-518.662082,2970,0.196337,173,0,No fault,-89.00
2026-08-14T14:24:15.060,1786710255.060785,4.918330,1,3000,5.000000,860,3000,0x03,left,321.422687,2881,0.155311,172,0,No fault,0x04,right,-517.981264,2747,0.167033,175,0,No fault,134.00
2026-08-14T14:24:15.066,1786710255.066213,4.923753,1,3000,5.000000,861,3000,0x03,left,322.125467,2836,0.090842,173,0,No fault,0x04,right,-517.278485,2657,0.184615,174,0,No fault,179.00
2026-08-14T14:24:15.071,1786710255.071486,4.929023,1,3000,5.000000,862,3000,0x03,left,322.850208,2970,0.108425,173,0,No fault,0x04,right,-516.575706,2925,0.108425,173,0,No fault,45.00
2026-08-14T14:24:15.076,1786710255.076757,4.934293,1,3000,5.000000,863,3000,0x03,left,323.574949,3193,0.143590,173,0,No fault,0x04,right,-515.872926,2568,0.143590,174,0,No fault,625.00
2026-08-14T14:24:15.082,1786710255.082022,4.939559,1,3000,5.000000,864,3000,0x03,left,324.255766,2881,0.172894,173,0,No fault,0x04,right,-515.148185,3059,0.202198,173,0,No fault,-178.00
2026-08-14T14:24:15.087,1786710255.087284,4.944819,1,3000,5.000000,865,3000,0x03,left,324.958545,2881,0.073260,172,0,No fault,0x04,right,-514.445406,2925,0.190476,174,0,No fault,-44.00
2026-08-14T14:24:15.092,1786710255.092545,4.950081,1,3000,5.000000,866,3000,0x03,left,325.683287,2836,0.096703,172,0,No fault,0x04,right,-513.764589,2970,0.172894,174,0,No fault,-134.00
2026-08-14T14:24:15.097,1786710255.097809,4.955345,1,3000,5.000000,867,3000,0x03,left,326.386066,2881,0.149451,172,0,No fault,0x04,right,-513.039847,3015,0.131868,174,0,No fault,-134.00
2026-08-14T14:24:15.103,1786710255.103068,4.960604,1,3000,5.000000,868,3000,0x03,left,327.088845,2836,0.149451,172,0,No fault,0x04,right,-512.337068,2925,0.178755,174,0,No fault,-89.00
2026-08-14T14:24:15.108,1786710255.108326,4.965862,1,3000,5.000000,869,3000,0x03,left,327.791624,2791,0.084982,173,0,No fault,0x04,right,-511.656251,2657,0.178755,173,0,No fault,134.00
2026-08-14T14:24:15.113,1786710255.113618,4.971153,1,3000,5.000000,870,3000,0x03,left,328.516366,2881,0.126007,169,0,No fault,0x04,right,-510.953471,2791,0.155311,174,0,No fault,90.00
2026-08-14T14:24:15.118,1786710255.118878,4.976414,1,3000,5.000000,871,3000,0x03,left,329.219145,2791,0.167033,173,0,No fault,0x04,right,-510.228730,2881,0.137729,174,0,No fault,-90.00
2026-08-14T14:24:15.124,1786710255.124139,4.981674,1,3000,5.000000,872,3000,0x03,left,329.921924,2702,0.184615,173,0,No fault,0x04,right,-509.547913,2747,0.172894,174,0,No fault,-45.00
2026-08-14T14:24:15.129,1786710255.129397,4.986931,1,3000,5.000000,873,3000,0x03,left,330.624703,2702,0.096703,173,0,No fault,0x04,right,-508.823172,3015,0.202198,174,0,No fault,-313.00
2026-08-14T14:24:15.134,1786710255.134654,4.992189,1,3000,5.000000,874,3000,0x03,left,331.327483,2836,0.131868,167,0,No fault,0x04,right,-508.120393,3059,0.120147,174,0,No fault,-223.00
2026-08-14T14:24:15.139,1786710255.139912,4.997447,1,3000,5.000000,875,3000,0x03,left,332.030262,2747,0.155311,172,0,No fault,0x04,right,-507.417613,3059,0.161172,174,0,No fault,-312.00
2026-08-14T14:24:15.145,1786710255.145169,5.002703,1,3000,5.000000,876,3000,0x03,left,332.733041,2747,0.190476,172,0,No fault,0x04,right,-506.736796,2791,0.213919,174,0,No fault,-44.00
2026-08-14T14:24:15.150,1786710255.150428,5.007963,1,3000,5.000000,877,3000,0x03,left,333.435820,2836,0.155311,171,0,No fault,0x04,right,-506.012055,2791,0.190476,174,0,No fault,45.00
2026-08-14T14:24:15.165,1786710255.165227,5.022785,2,0,0.800000,1,0,0x03,left,335.610044,3015,0.190476,174,0,No fault,0x04,right,-503.837831,3015,0.243223,174,0,No fault,0.00
2026-08-14T14:24:15.170,1786710255.170592,5.028144,2,0,0.800000,2,0,0x03,left,335.961433,2881,0.172894,173,0,No fault,0x04,right,-503.376632,2836,0.178755,172,0,No fault,45.00
2026-08-14T14:24:15.175,1786710255.175901,5.033443,2,0,0.800000,3,0,0x03,left,336.246938,2255,-1.556044,176,0,No fault,0x04,right,-503.069167,2166,-1.602930,174,0,No fault,89.00
2026-08-14T14:24:15.181,1786710255.181189,5.038727,2,0,0.800000,4,0,0x03,left,336.378709,67,-0.501099,172,0,No fault,0x04,right,-502.959357,112,-0.606593,174,0,No fault,-45.00
2026-08-14T14:24:15.191,1786710255.191586,5.049136,2,0,0.800000,5,0,0x03,left,336.356747,-22,-0.131868,171,0,No fault,0x04,right,-503.003281,-156,0.032234,174,0,No fault,134.00
2026-08-14T14:24:15.196,1786710255.196938,5.054486,2,0,0.800000,6,0,0x03,left,336.356747,67,-0.090842,173,0,No fault,0x04,right,-503.069167,22,0.008791,174,0,No fault,45.00
2026-08-14T14:24:15.202,1786710255.202249,5.059790,2,0,0.800000,7,0,0x03,left,336.356747,22,-0.079121,173,0,No fault,0x04,right,-503.091128,-201,-0.002930,174,0,No fault,223.00
2026-08-14T14:24:15.212,1786710255.212606,5.070142,2,0,0.800000,8,0,0x03,left,336.356747,-67,-0.055678,172,0,No fault,0x04,right,-503.091128,-22,0.002930,174,0,No fault,-45.00
2026-08-14T14:24:15.217,1786710255.217853,5.075394,2,0,0.800000,9,0,0x03,left,336.356747,-67,-0.061538,172,0,No fault,0x04,right,-503.091128,67,-0.002930,174,0,No fault,-134.00
2026-08-14T14:24:15.223,1786710255.223138,5.080676,2,0,0.800000,10,0,0x03,left,336.356747,-22,-0.055678,172,0,No fault,0x04,right,-503.091128,22,-0.020513,174,0,No fault,-44.00
2026-08-14T14:24:15.228,1786710255.228410,5.085948,2,0,0.800000,11,0,0x03,left,336.356747,-156,-0.055678,172,0,No fault,0x04,right,-503.091128,156,-0.020513,174,0,No fault,-312.00
2026-08-14T14:24:15.233,1786710255.233717,5.091254,2,0,0.800000,12,0,0x03,left,336.378709,156,-0.043956,170,0,No fault,0x04,right,-503.091128,22,-0.032234,173,0,No fault,134.00
2026-08-14T14:24:15.239,1786710255.239003,5.096553,2,0,0.800000,13,0,0x03,left,336.356747,-22,-0.043956,170,0,No fault,0x04,right,-503.113090,-67,-0.026374,173,0,No fault,45.00
2026-08-14T14:24:15.244,1786710255.244336,5.101885,2,0,0.800000,14,0,0x03,left,336.356747,-112,-0.067399,172,0,No fault,0x04,right,-503.091128,22,-0.038095,173,0,No fault,-134.00
2026-08-14T14:24:15.249,1786710255.249648,5.107189,2,0,0.800000,15,0,0x03,left,336.356747,-112,-0.043956,172,0,No fault,0x04,right,-503.091128,22,-0.032234,175,0,No fault,-134.00
2026-08-14T14:24:15.254,1786710255.254921,5.112459,2,0,0.800000,16,0,0x03,left,336.378709,-67,-0.067399,172,0,No fault,0x04,right,-503.113090,-67,-0.014652,174,0,No fault,0.00
2026-08-14T14:24:15.260,1786710255.260184,5.117721,2,0,0.800000,17,0,0x03,left,336.356747,-67,-0.038095,173,0,No fault,0x04,right,-503.113090,-22,-0.043956,171,0,No fault,-45.00
2026-08-14T14:24:15.265,1786710255.265440,5.122975,2,0,0.800000,18,0,0x03,left,336.378709,-67,-0.055678,173,0,No fault,0x04,right,-503.113090,22,-0.043956,175,0,No fault,-89.00
2026-08-14T14:24:15.270,1786710255.270689,5.128224,2,0,0.800000,19,0,0x03,left,336.378709,-22,-0.043956,171,0,No fault,0x04,right,-503.113090,-67,-0.055678,174,0,No fault,45.00
2026-08-14T14:24:15.276,1786710255.276070,5.133604,2,0,0.800000,20,0,0x03,left,336.378709,-67,-0.038095,172,0,No fault,0x04,right,-503.113090,67,-0.038095,174,0,No fault,-134.00
2026-08-14T14:24:15.281,1786710255.281389,5.138921,2,0,0.800000,21,0,0x03,left,336.378709,-22,-0.061538,169,0,No fault,0x04,right,-503.113090,-67,-0.026374,174,0,No fault,45.00
2026-08-14T14:24:15.286,1786710255.286728,5.144258,2,0,0.800000,22,0,0x03,left,336.378709,22,-0.026374,169,0,No fault,0x04,right,-503.113090,67,-0.049817,174,0,No fault,-45.00
2026-08-14T14:24:15.291,1786710255.291960,5.149511,2,0,0.800000,23,0,0x03,left,336.378709,112,-0.032234,172,0,No fault,0x04,right,-503.113090,-22,-0.043956,173,0,No fault,134.00
2026-08-14T14:24:15.297,1786710255.297396,5.154931,2,0,0.800000,24,0,0x03,left,336.356747,-290,-0.055678,172,0,No fault,0x04,right,-503.113090,112,-0.055678,174,0,No fault,-402.00
2026-08-14T14:24:15.302,1786710255.302654,5.160186,2,0,0.800000,25,0,0x03,left,336.378709,22,-0.038095,172,0,No fault,0x04,right,-503.113090,-22,-0.049817,174,0,No fault,44.00
2026-08-14T14:24:15.308,1786710255.308059,5.165606,2,0,0.800000,26,0,0x03,left,336.378709,-67,-0.043956,171,0,No fault,0x04,right,-503.113090,22,-0.055678,175,0,No fault,-89.00
2026-08-14T14:24:15.313,1786710255.313366,5.170912,2,0,0.800000,27,0,0x03,left,336.378709,67,-0.055678,173,0,No fault,0x04,right,-503.113090,-156,-0.038095,173,0,No fault,223.00
2026-08-14T14:24:15.318,1786710255.318667,5.176203,2,0,0.800000,28,0,0x03,left,336.378709,67,-0.032234,173,0,No fault,0x04,right,-503.113090,-67,-0.038095,174,0,No fault,134.00
2026-08-14T14:24:15.324,1786710255.324050,5.181592,2,0,0.800000,29,0,0x03,left,336.378709,-22,-0.026374,172,0,No fault,0x04,right,-503.113090,22,-0.055678,174,0,No fault,-44.00
2026-08-14T14:24:15.329,1786710255.329334,5.186874,2,0,0.800000,30,0,0x03,left,336.378709,156,-0.038095,173,0,No fault,0x04,right,-503.113090,-201,-0.020513,174,0,No fault,357.00
2026-08-14T14:24:15.336,1786710255.336413,5.193944,2,0,0.800000,31,0,0x03,left,336.378709,22,-0.038095,172,0,No fault,0x04,right,-503.113090,-22,-0.055678,176,0,No fault,44.00
2026-08-14T14:24:15.341,1786710255.341631,5.199159,2,0,0.800000,32,0,0x03,left,336.378709,-22,-0.032234,173,0,No fault,0x04,right,-503.113090,67,-0.049817,174,0,No fault,-89.00
2026-08-14T14:24:15.347,1786710255.347414,5.204952,2,0,0.800000,33,0,0x03,left,336.378709,-22,-0.043956,173,0,No fault,0x04,right,-503.113090,67,-0.014652,174,0,No fault,-89.00
2026-08-14T14:24:15.353,1786710255.353614,5.211160,2,0,0.800000,34,0,0x03,left,336.378709,156,-0.043956,171,0,No fault,0x04,right,-503.113090,-67,-0.032234,174,0,No fault,223.00
2026-08-14T14:24:15.359,1786710255.359053,5.216595,2,0,0.800000,35,0,0x03,left,336.378709,-67,-0.049817,172,0,No fault,0x04,right,-503.113090,-22,-0.049817,176,0,No fault,-45.00
2026-08-14T14:24:15.364,1786710255.364344,5.221882,2,0,0.800000,36,0,0x03,left,336.378709,-67,-0.043956,171,0,No fault,0x04,right,-503.113090,-67,-0.049817,175,0,No fault,0.00
2026-08-14T14:24:15.369,1786710255.369658,5.227201,2,0,0.800000,37,0,0x03,left,336.378709,-67,-0.032234,172,0,No fault,0x04,right,-503.113090,22,-0.043956,174,0,No fault,-89.00
2026-08-14T14:24:15.374,1786710255.374950,5.232485,2,0,0.800000,38,0,0x03,left,336.378709,-22,-0.043956,172,0,No fault,0x04,right,-503.113090,-112,-0.043956,175,0,No fault,90.00
2026-08-14T14:24:15.380,1786710255.380214,5.237750,2,0,0.800000,39,0,0x03,left,336.378709,-156,-0.032234,172,0,No fault,0x04,right,-503.113090,67,-0.043956,176,0,No fault,-223.00
2026-08-14T14:24:15.395,1786710255.395647,5.253192,2,0,0.800000,40,0,0x03,left,336.378709,22,-0.026374,172,0,No fault,0x04,right,-503.113090,67,-0.043956,174,0,No fault,-45.00
2026-08-14T14:24:15.400,1786710255.400949,5.258487,2,0,0.800000,41,0,0x03,left,336.378709,156,-0.043956,173,0,No fault,0x04,right,-503.113090,-67,-0.038095,175,0,No fault,223.00
2026-08-14T14:24:15.411,1786710255.411284,5.268818,2,0,0.800000,42,0,0x03,left,336.356747,-246,-0.038095,169,0,No fault,0x04,right,-503.113090,-67,-0.020513,173,0,No fault,-179.00
2026-08-14T14:24:15.416,1786710255.416532,5.274069,2,0,0.800000,43,0,0x03,left,336.356747,-201,-0.020513,170,0,No fault,0x04,right,-503.113090,156,-0.014652,174,0,No fault,-357.00
2026-08-14T14:24:15.421,1786710255.421790,5.279327,2,0,0.800000,44,0,0x03,left,336.378709,112,-0.043956,172,0,No fault,0x04,right,-503.113090,-112,-0.049817,173,0,No fault,224.00
2026-08-14T14:24:15.427,1786710255.427049,5.284584,2,0,0.800000,45,0,0x03,left,336.378709,-22,-0.043956,172,0,No fault,0x04,right,-503.113090,-22,-0.032234,172,0,No fault,0.00
2026-08-14T14:24:15.432,1786710255.432302,5.289837,2,0,0.800000,46,0,0x03,left,336.378709,156,-0.049817,172,0,No fault,0x04,right,-503.113090,156,-0.032234,174,0,No fault,0.00
2026-08-14T14:24:15.437,1786710255.437555,5.295089,2,0,0.800000,47,0,0x03,left,336.378709,22,-0.061538,172,0,No fault,0x04,right,-503.113090,-67,-0.038095,174,0,No fault,89.00
2026-08-14T14:24:15.442,1786710255.442801,5.300334,2,0,0.800000,48,0,0x03,left,336.378709,-67,-0.032234,173,0,No fault,0x04,right,-503.113090,67,-0.043956,173,0,No fault,-134.00
2026-08-14T14:24:15.448,1786710255.448045,5.305577,2,0,0.800000,49,0,0x03,left,336.378709,67,-0.049817,172,0,No fault,0x04,right,-503.113090,156,-0.038095,174,0,No fault,-89.00
2026-08-14T14:24:15.453,1786710255.453284,5.310816,2,0,0.800000,50,0,0x03,left,336.378709,-112,-0.061538,172,0,No fault,0x04,right,-503.113090,22,-0.043956,174,0,No fault,-134.00
2026-08-14T14:24:15.458,1786710255.458522,5.316054,2,0,0.800000,51,0,0x03,left,336.378709,112,-0.043956,173,0,No fault,0x04,right,-503.113090,112,-0.049817,174,0,No fault,0.00
2026-08-14T14:24:15.463,1786710255.463836,5.321369,2,0,0.800000,52,0,0x03,left,336.378709,-112,-0.049817,173,0,No fault,0x04,right,-503.113090,67,-0.038095,174,0,No fault,-179.00
2026-08-14T14:24:15.469,1786710255.469163,5.326697,2,0,0.800000,53,0,0x03,left,336.378709,-67,-0.038095,170,0,No fault,0x04,right,-503.113090,-22,-0.049817,172,0,No fault,-45.00
2026-08-14T14:24:15.474,1786710255.474485,5.332019,2,0,0.800000,54,0,0x03,left,336.378709,-22,-0.049817,172,0,No fault,0x04,right,-503.113090,-67,-0.049817,174,0,No fault,45.00
2026-08-14T14:24:15.479,1786710255.479731,5.337264,2,0,0.800000,55,0,0x03,left,336.378709,-67,-0.061538,172,0,No fault,0x04,right,-503.113090,22,-0.032234,174,0,No fault,-89.00
2026-08-14T14:24:15.484,1786710255.484980,5.342513,2,0,0.800000,56,0,0x03,left,336.378709,-112,-0.020513,173,0,No fault,0x04,right,-503.113090,67,-0.032234,175,0,No fault,-179.00
2026-08-14T14:24:15.490,1786710255.490362,5.347895,2,0,0.800000,57,0,0x03,left,336.378709,-22,-0.032234,173,0,No fault,0x04,right,-503.113090,-156,-0.043956,174,0,No fault,134.00
2026-08-14T14:24:15.495,1786710255.495606,5.353139,2,0,0.800000,58,0,0x03,left,336.378709,67,-0.038095,172,0,No fault,0x04,right,-503.113090,-112,-0.038095,174,0,No fault,179.00
2026-08-14T14:24:15.500,1786710255.500851,5.358384,2,0,0.800000,59,0,0x03,left,336.378709,-22,-0.038095,170,0,No fault,0x04,right,-503.113090,-22,-0.049817,174,0,No fault,0.00
2026-08-14T14:24:15.506,1786710255.506096,5.363627,2,0,0.800000,60,0,0x03,left,336.378709,22,-0.038095,172,0,No fault,0x04,right,-503.113090,-67,-0.049817,173,0,No fault,89.00
2026-08-14T14:24:15.511,1786710255.511337,5.368869,2,0,0.800000,61,0,0x03,left,336.378709,-67,-0.043956,173,0,No fault,0x04,right,-503.113090,67,-0.032234,174,0,No fault,-134.00
2026-08-14T14:24:15.516,1786710255.516576,5.374109,2,0,0.800000,62,0,0x03,left,336.400670,246,-0.049817,171,0,No fault,0x04,right,-503.113090,-22,-0.026374,174,0,No fault,268.00
2026-08-14T14:24:15.521,1786710255.521820,5.379352,2,0,0.800000,63,0,0x03,left,336.378709,-22,-0.043956,175,0,No fault,0x04,right,-503.113090,156,-0.038095,174,0,No fault,-178.00
2026-08-14T14:24:15.527,1786710255.527058,5.384589,2,0,0.800000,64,0,0x03,left,336.378709,-246,-0.061538,171,0,No fault,0x04,right,-503.113090,-112,-0.043956,174,0,No fault,-134.00
2026-08-14T14:24:15.532,1786710255.532307,5.389840,2,0,0.800000,65,0,0x03,left,336.378709,-112,-0.038095,172,0,No fault,0x04,right,-503.113090,-67,-0.038095,173,0,No fault,-45.00
2026-08-14T14:24:15.537,1786710255.537547,5.395079,2,0,0.800000,66,0,0x03,left,336.378709,22,-0.055678,172,0,No fault,0x04,right,-503.113090,-112,-0.038095,174,0,No fault,134.00
2026-08-14T14:24:15.542,1786710255.542788,5.400321,2,0,0.800000,67,0,0x03,left,336.378709,-67,-0.049817,172,0,No fault,0x04,right,-503.113090,22,-0.043956,174,0,No fault,-89.00
2026-08-14T14:24:15.548,1786710255.548028,5.405559,2,0,0.800000,68,0,0x03,left,336.378709,67,-0.061538,171,0,No fault,0x04,right,-503.113090,22,-0.043956,174,0,No fault,45.00
2026-08-14T14:24:15.553,1786710255.553266,5.410798,2,0,0.800000,69,0,0x03,left,336.378709,-67,-0.038095,172,0,No fault,0x04,right,-503.113090,-112,-0.038095,174,0,No fault,45.00
2026-08-14T14:24:15.558,1786710255.558503,5.416035,2,0,0.800000,70,0,0x03,left,336.400670,67,-0.073260,174,0,No fault,0x04,right,-503.113090,67,-0.032234,174,0,No fault,0.00
2026-08-14T14:24:15.563,1786710255.563757,5.421311,2,0,0.800000,71,0,0x03,left,336.378709,-246,-0.032234,172,0,No fault,0x04,right,-503.113090,-67,-0.055678,175,0,No fault,-179.00
2026-08-14T14:24:15.569,1786710255.569239,5.426776,2,0,0.800000,72,0,0x03,left,336.378709,-67,-0.043956,171,0,No fault,0x04,right,-503.113090,112,-0.032234,174,0,No fault,-179.00
2026-08-14T14:24:15.574,1786710255.574492,5.432024,2,0,0.800000,73,0,0x03,left,336.400670,156,-0.032234,174,0,No fault,0x04,right,-503.113090,112,-0.067399,175,0,No fault,44.00
2026-08-14T14:24:15.579,1786710255.579827,5.437357,2,0,0.800000,74,0,0x03,left,336.400670,156,-0.032234,170,0,No fault,0x04,right,-503.113090,-156,-0.043956,174,0,No fault,312.00
2026-08-14T14:24:15.585,1786710255.585166,5.442703,2,0,0.800000,75,0,0x03,left,336.378709,22,-0.049817,172,0,No fault,0x04,right,-503.113090,-67,-0.032234,174,0,No fault,89.00
2026-08-14T14:24:15.595,1786710255.595500,5.453033,2,0,0.800000,76,0,0x03,left,336.400670,67,-0.055678,172,0,No fault,0x04,right,-503.113090,22,-0.043956,174,0,No fault,45.00
2026-08-14T14:24:15.600,1786710255.600748,5.458282,2,0,0.800000,77,0,0x03,left,336.378709,22,-0.043956,172,0,No fault,0x04,right,-503.113090,-22,-0.055678,175,0,No fault,44.00
2026-08-14T14:24:15.611,1786710255.611092,5.468671,2,0,0.800000,78,0,0x03,left,336.378709,-112,-0.043956,173,0,No fault,0x04,right,-503.113090,22,-0.049817,174,0,No fault,-134.00
2026-08-14T14:24:15.616,1786710255.616581,5.474123,2,0,0.800000,79,0,0x03,left,336.378709,67,-0.043956,172,0,No fault,0x04,right,-503.113090,-22,-0.055678,173,0,No fault,89.00
2026-08-14T14:24:15.621,1786710255.621880,5.479424,2,0,0.800000,80,0,0x03,left,336.378709,-22,-0.032234,172,0,No fault,0x04,right,-503.113090,22,-0.026374,173,0,No fault,-44.00
2026-08-14T14:24:15.627,1786710255.627184,5.484726,2,0,0.800000,81,0,0x03,left,336.378709,-112,-0.049817,172,0,No fault,0x04,right,-503.113090,-22,-0.038095,175,0,No fault,-90.00
2026-08-14T14:24:15.632,1786710255.632510,5.490051,2,0,0.800000,82,0,0x03,left,336.400670,156,-0.055678,172,0,No fault,0x04,right,-503.113090,112,-0.049817,174,0,No fault,44.00
2026-08-14T14:24:15.637,1786710255.637799,5.495338,2,0,0.800000,83,0,0x03,left,336.378709,-22,-0.049817,173,0,No fault,0x04,right,-503.113090,-22,-0.043956,175,0,No fault,0.00
2026-08-14T14:24:15.643,1786710255.643081,5.500619,2,0,0.800000,84,0,0x03,left,336.378709,-67,-0.032234,173,0,No fault,0x04,right,-503.113090,156,-0.032234,174,0,No fault,-223.00
2026-08-14T14:24:15.648,1786710255.648361,5.505898,2,0,0.800000,85,0,0x03,left,336.378709,-156,-0.049817,172,0,No fault,0x04,right,-503.113090,67,-0.038095,174,0,No fault,-223.00
2026-08-14T14:24:15.653,1786710255.653661,5.511198,2,0,0.800000,86,0,0x03,left,336.378709,-67,-0.038095,172,0,No fault,0x04,right,-503.113090,22,-0.032234,176,0,No fault,-89.00
2026-08-14T14:24:15.658,1786710255.658961,5.516504,2,0,0.800000,87,0,0x03,left,336.378709,-67,-0.032234,171,0,No fault,0x04,right,-503.113090,-112,-0.038095,174,0,No fault,45.00
2026-08-14T14:24:15.664,1786710255.664264,5.521803,2,0,0.800000,88,0,0x03,left,336.378709,22,-0.049817,172,0,No fault,0x04,right,-503.113090,-67,-0.055678,170,0,No fault,89.00
2026-08-14T14:24:15.669,1786710255.669563,5.527104,2,0,0.800000,89,0,0x03,left,336.378709,-156,-0.043956,173,0,No fault,0x04,right,-503.113090,-67,-0.038095,174,0,No fault,-89.00
2026-08-14T14:24:15.675,1786710255.675260,5.532844,2,0,0.800000,90,0,0x03,left,336.378709,-290,-0.043956,176,0,No fault,0x04,right,-503.113090,-22,-0.026374,175,0,No fault,-268.00
2026-08-14T14:24:15.680,1786710255.680712,5.538249,2,0,0.800000,91,0,0x03,left,336.400670,156,-0.032234,172,0,No fault,0x04,right,-503.135052,-290,-0.049817,174,0,No fault,446.00
2026-08-14T14:24:15.685,1786710255.685975,5.543506,2,0,0.800000,92,0,0x03,left,336.378709,-112,-0.055678,170,0,No fault,0x04,right,-503.113090,-112,-0.043956,174,0,No fault,0.00
2026-08-14T14:24:15.691,1786710255.691231,5.548762,2,0,0.800000,93,0,0x03,left,336.378709,22,-0.038095,171,0,No fault,0x04,right,-503.135052,-201,-0.043956,172,0,No fault,223.00
2026-08-14T14:24:15.696,1786710255.696466,5.554030,2,0,0.800000,94,0,0x03,left,336.378709,-156,-0.043956,171,0,No fault,0x04,right,-503.113090,335,-0.020513,172,0,No fault,-491.00
2026-08-14T14:24:15.701,1786710255.701763,5.559298,2,0,0.800000,95,0,0x03,left,336.400670,156,-0.020513,170,0,No fault,0x04,right,-503.113090,-22,-0.049817,173,0,No fault,178.00
2026-08-14T14:24:15.707,1786710255.707023,5.564552,2,0,0.800000,96,0,0x03,left,336.378709,-67,-0.038095,173,0,No fault,0x04,right,-503.113090,22,-0.038095,175,0,No fault,-89.00
2026-08-14T14:24:15.712,1786710255.712263,5.569797,2,0,0.800000,97,0,0x03,left,336.400670,112,-0.032234,172,0,No fault,0x04,right,-503.113090,-67,-0.032234,174,0,No fault,179.00
2026-08-14T14:24:15.717,1786710255.717613,5.575142,2,0,0.800000,98,0,0x03,left,336.400670,112,-0.032234,172,0,No fault,0x04,right,-503.113090,-67,-0.038095,173,0,No fault,179.00
2026-08-14T14:24:15.722,1786710255.722954,5.580493,2,0,0.800000,99,0,0x03,left,336.400670,112,-0.032234,175,0,No fault,0x04,right,-503.113090,-112,-0.049817,174,0,No fault,224.00
2026-08-14T14:24:15.728,1786710255.728446,5.586005,2,0,0.800000,100,0,0x03,left,336.378709,22,-0.014652,171,0,No fault,0x04,right,-503.113090,22,-0.043956,174,0,No fault,0.00
2026-08-14T14:24:15.733,1786710255.733748,5.591283,2,0,0.800000,101,0,0x03,left,336.378709,-67,-0.032234,170,0,No fault,0x04,right,-503.113090,67,-0.049817,173,0,No fault,-134.00
2026-08-14T14:24:15.739,1786710255.739025,5.596560,2,0,0.800000,102,0,0x03,left,336.378709,-156,-0.026374,171,0,No fault,0x04,right,-503.113090,-67,-0.049817,174,0,No fault,-89.00
2026-08-14T14:24:15.744,1786710255.744307,5.601841,2,0,0.800000,103,0,0x03,left,336.378709,-67,-0.043956,171,0,No fault,0x04,right,-503.113090,-22,-0.043956,174,0,No fault,-45.00
2026-08-14T14:24:15.749,1786710255.749581,5.607118,2,0,0.800000,104,0,0x03,left,336.400670,22,-0.049817,172,0,No fault,0x04,right,-503.113090,-112,-0.049817,174,0,No fault,134.00
2026-08-14T14:24:15.754,1786710255.754868,5.612402,2,0,0.800000,105,0,0x03,left,336.378709,-22,-0.038095,171,0,No fault,0x04,right,-503.113090,-112,-0.043956,173,0,No fault,90.00
2026-08-14T14:24:15.760,1786710255.760146,5.617682,2,0,0.800000,106,0,0x03,left,336.378709,-156,-0.061538,173,0,No fault,0x04,right,-503.113090,156,-0.038095,178,0,No fault,-312.00
2026-08-14T14:24:15.765,1786710255.765422,5.622955,2,0,0.800000,107,0,0x03,left,336.378709,-67,-0.049817,170,0,No fault,0x04,right,-503.113090,-67,-0.055678,174,0,No fault,0.00
2026-08-14T14:24:15.770,1786710255.770688,5.628222,2,0,0.800000,108,0,0x03,left,336.378709,-112,-0.049817,171,0,No fault,0x04,right,-503.113090,67,-0.043956,177,0,No fault,-179.00
2026-08-14T14:24:15.775,1786710255.775985,5.633519,2,0,0.800000,109,0,0x03,left,336.378709,-67,-0.055678,173,0,No fault,0x04,right,-503.113090,-67,-0.043956,177,0,No fault,0.00
2026-08-14T14:24:15.781,1786710255.781262,5.638797,2,0,0.800000,110,0,0x03,left,336.400670,156,-0.032234,174,0,No fault,0x04,right,-503.113090,156,-0.032234,174,0,No fault,0.00
2026-08-14T14:24:15.786,1786710255.786540,5.644072,2,0,0.800000,111,0,0x03,left,336.378709,-22,-0.043956,172,0,No fault,0x04,right,-503.113090,-112,-0.043956,173,0,No fault,90.00
2026-08-14T14:24:15.796,1786710255.796880,5.654421,2,0,0.800000,112,0,0x03,left,336.400670,22,-0.049817,172,0,No fault,0x04,right,-503.113090,22,-0.026374,174,0,No fault,0.00
2026-08-14T14:24:15.802,1786710255.802165,5.659710,2,0,0.800000,113,0,0x03,left,336.378709,-22,-0.038095,172,0,No fault,0x04,right,-503.113090,-67,-0.032234,173,0,No fault,45.00
2026-08-14T14:24:15.807,1786710255.807453,5.664991,2,0,0.800000,114,0,0x03,left,336.378709,-156,-0.026374,171,0,No fault,0x04,right,-503.113090,-22,-0.055678,173,0,No fault,-134.00
2026-08-14T14:24:15.817,1786710255.817959,5.675511,2,0,0.800000,115,0,0x03,left,336.400670,22,-0.049817,172,0,No fault,0x04,right,-503.113090,67,-0.038095,174,0,No fault,-45.00
2026-08-14T14:24:15.823,1786710255.823357,5.680898,2,0,0.800000,116,0,0x03,left,336.400670,22,-0.038095,172,0,No fault,0x04,right,-503.113090,-112,-0.043956,175,0,No fault,134.00
2026-08-14T14:24:15.828,1786710255.828663,5.686210,2,0,0.800000,117,0,0x03,left,336.378709,-156,-0.038095,172,0,No fault,0x04,right,-503.113090,-112,-0.049817,173,0,No fault,-44.00
2026-08-14T14:24:15.833,1786710255.833993,5.691536,2,0,0.800000,118,0,0x03,left,336.400670,-22,-0.055678,170,0,No fault,0x04,right,-503.113090,67,-0.038095,174,0,No fault,-89.00
2026-08-14T14:24:15.839,1786710255.839294,5.696834,2,0,0.800000,119,0,0x03,left,336.400670,67,-0.043956,175,0,No fault,0x04,right,-503.113090,-22,-0.038095,174,0,No fault,89.00
2026-08-14T14:24:15.845,1786710255.845201,5.702738,2,0,0.800000,120,0,0x03,left,336.378709,-112,-0.061538,170,0,No fault,0x04,right,-503.113090,112,-0.032234,173,0,No fault,-224.00
2026-08-14T14:24:15.851,1786710255.851707,5.709249,2,0,0.800000,121,0,0x03,left,336.400670,112,-0.032234,173,0,No fault,0x04,right,-503.113090,67,-0.038095,174,0,No fault,45.00
2026-08-14T14:24:15.856,1786710255.856997,5.714535,2,0,0.800000,122,0,0x03,left,336.400670,-22,-0.067399,172,0,No fault,0x04,right,-503.113090,-22,-0.038095,174,0,No fault,0.00
2026-08-14T14:24:15.863,1786710255.863019,5.720554,2,0,0.800000,123,0,0x03,left,336.378709,-112,-0.049817,172,0,No fault,0x04,right,-503.113090,67,-0.038095,174,0,No fault,-179.00
2026-08-14T14:24:15.868,1786710255.868246,5.725783,2,0,0.800000,124,0,0x03,left,336.378709,-112,-0.055678,173,0,No fault,0x04,right,-503.113090,-22,-0.020513,175,0,No fault,-90.00
2026-08-14T14:24:15.873,1786710255.873528,5.731069,2,0,0.800000,125,0,0x03,left,336.400670,112,-0.026374,173,0,No fault,0x04,right,-503.135052,-201,-0.038095,174,0,No fault,313.00
2026-08-14T14:24:15.878,1786710255.878874,5.736407,2,0,0.800000,126,0,0x03,left,336.400670,-22,-0.055678,172,0,No fault,0x04,right,-503.113090,-22,-0.049817,176,0,No fault,0.00
2026-08-14T14:24:15.884,1786710255.884189,5.741724,2,0,0.800000,127,0,0x03,left,336.400670,22,-0.061538,172,0,No fault,0x04,right,-503.135052,-156,-0.049817,174,0,No fault,178.00
2026-08-14T14:24:15.889,1786710255.889514,5.747046,2,0,0.800000,128,0,0x03,left,336.400670,112,-0.055678,169,0,No fault,0x04,right,-503.113090,156,-0.038095,176,0,No fault,-44.00
2026-08-14T14:24:15.894,1786710255.894770,5.752300,2,0,0.800000,129,0,0x03,left,336.378709,-156,-0.043956,172,0,No fault,0x04,right,-503.135052,-156,-0.049817,174,0,No fault,0.00
2026-08-14T14:24:15.899,1786710255.899995,5.757525,2,0,0.800000,130,0,0x03,left,336.400670,112,-0.055678,173,0,No fault,0x04,right,-503.113090,-67,-0.049817,172,0,No fault,179.00
2026-08-14T14:24:15.905,1786710255.905217,5.762747,2,0,0.800000,131,0,0x03,left,336.400670,-22,-0.038095,170,0,No fault,0x04,right,-503.113090,22,-0.026374,174,0,No fault,-44.00
2026-08-14T14:24:15.910,1786710255.910439,5.767968,2,0,0.800000,132,0,0x03,left,336.400670,-22,-0.043956,173,0,No fault,0x04,right,-503.113090,246,-0.043956,176,0,No fault,-268.00
2026-08-14T14:24:15.915,1786710255.915655,5.773184,2,0,0.800000,133,0,0x03,left,336.400670,112,-0.043956,172,0,No fault,0x04,right,-503.135052,-246,-0.043956,174,0,No fault,358.00
2026-08-14T14:24:15.920,1786710255.920871,5.778400,2,0,0.800000,134,0,0x03,left,336.400670,-67,-0.049817,173,0,No fault,0x04,right,-503.113090,67,-0.026374,174,0,No fault,-134.00
2026-08-14T14:24:15.926,1786710255.926084,5.783612,2,0,0.800000,135,0,0x03,left,336.400670,22,-0.043956,172,0,No fault,0x04,right,-503.113090,112,-0.032234,174,0,No fault,-90.00
2026-08-14T14:24:15.931,1786710255.931295,5.788823,2,0,0.800000,136,0,0x03,left,336.378709,-112,-0.043956,172,0,No fault,0x04,right,-503.113090,-67,-0.043956,174,0,No fault,-45.00
2026-08-14T14:24:15.936,1786710255.936523,5.794054,2,0,0.800000,137,0,0x03,left,336.378709,-112,-0.055678,171,0,No fault,0x04,right,-503.113090,-22,-0.032234,171,0,No fault,-90.00
2026-08-14T14:24:15.941,1786710255.941741,5.799270,2,0,0.800000,138,0,0x03,left,336.400670,67,-0.038095,170,0,No fault,0x04,right,-503.113090,-67,-0.038095,174,0,No fault,134.00
2026-08-14T14:24:15.946,1786710255.946954,5.804484,2,0,0.800000,139,0,0x03,left,336.400670,112,-0.038095,172,0,No fault,0x04,right,-503.113090,22,-0.026374,174,0,No fault,90.00
2026-08-14T14:24:15.952,1786710255.952214,5.809760,2,0,0.800000,140,0,0x03,left,336.378709,-156,-0.032234,172,0,No fault,0x04,right,-503.113090,201,-0.038095,174,0,No fault,-357.00
2026-08-14T14:24:15.957,1786710255.957535,5.815068,2,0,0.800000,141,0,0x03,left,336.400670,-67,-0.043956,172,0,No fault,0x04,right,-503.113090,-22,-0.049817,174,0,No fault,-45.00
2026-08-14T14:24:15.974,1786710255.974051,5.831619,3,-3000,5.000000,1,-3000,0x03,left,336.378709,-201,-0.038095,172,0,No fault,0x04,right,-503.113090,67,-0.043956,174,0,No fault,-268.00
2026-08-14T14:24:15.979,1786710255.979568,5.837113,3,-3000,5.000000,2,-3000,0x03,left,336.400670,-22,-0.032234,172,0,No fault,0x04,right,-503.113090,156,-0.038095,174,0,No fault,-178.00
2026-08-14T14:24:15.985,1786710255.985035,5.842575,3,-3000,5.000000,3,-3000,0x03,left,336.400670,22,-0.043956,172,0,No fault,0x04,right,-503.113090,-67,-0.114286,174,0,No fault,89.00
2026-08-14T14:24:15.990,1786710255.990329,5.847869,3,-3000,5.000000,4,-3000,0x03,left,336.290861,-1094,-2.792674,173,0,No fault,0x04,right,-503.222899,-1318,-2.962637,174,0,No fault,224.00
2026-08-14T14:24:16.000,1786710256.000760,5.858303,3,-3000,5.000000,5,-3000,0x03,left,334.775493,-3193,0.108425,170,0,No fault,0x04,right,-503.903717,-3372,-0.237363,174,0,No fault,179.00
2026-08-14T14:24:16.006,1786710256.006123,5.863667,3,-3000,5.000000,6,-3000,0x03,left,334.094676,-2657,-0.161172,168,0,No fault,0x04,right,-505.375161,-2836,-0.137729,174,0,No fault,179.00
2026-08-14T14:24:16.011,1786710256.011641,5.869183,3,-3000,5.000000,7,-3000,0x03,left,333.369935,-3015,-0.219780,172,0,No fault,0x04,right,-507.307804,-3059,-0.178755,176,0,No fault,44.00
2026-08-14T14:24:16.022,1786710256.022397,5.879944,3,-3000,5.000000,8,-3000,0x03,left,331.942414,-3193,-0.096703,173,0,No fault,0x04,right,-508.054507,-2836,-0.167033,173,0,No fault,-357.00
2026-08-14T14:24:16.027,1786710256.027704,5.885244,3,-3000,5.000000,9,-3000,0x03,left,331.195712,-3015,-0.149451,171,0,No fault,0x04,right,-508.779248,-3149,-0.172894,174,0,No fault,134.00
2026-08-14T14:24:16.032,1786710256.032989,5.890527,3,-3000,5.000000,10,-3000,0x03,left,329.416801,-3015,-0.137729,173,0,No fault,0x04,right,-509.482027,-2970,-0.184615,174,0,No fault,-45.00
2026-08-14T14:24:16.038,1786710256.038266,5.895803,3,-3000,5.000000,11,-3000,0x03,left,329.043450,-3104,-0.079121,171,0,No fault,0x04,right,-510.184807,-3104,-0.172894,174,0,No fault,0.00
2026-08-14T14:24:16.043,1786710256.043538,5.901076,3,-3000,5.000000,12,-3000,0x03,left,328.670099,-3149,-0.120147,173,0,No fault,0x04,right,-510.909548,-2791,-0.126007,174,0,No fault,-358.00
2026-08-14T14:24:16.048,1786710256.048852,5.906398,3,-3000,5.000000,13,-3000,0x03,left,327.945357,-3149,-0.131868,173,0,No fault,0x04,right,-511.634289,-3059,-0.178755,174,0,No fault,-90.00
2026-08-14T14:24:16.054,1786710256.054191,5.911742,3,-3000,5.000000,14,-3000,0x03,left,327.220616,-3104,-0.161172,172,0,No fault,0x04,right,-512.337068,-2836,-0.120147,176,0,No fault,-268.00
2026-08-14T14:24:16.059,1786710256.059513,5.917052,3,-3000,5.000000,15,-3000,0x03,left,326.517837,-3104,-0.090842,171,0,No fault,0x04,right,-513.061809,-2925,-0.172894,174,0,No fault,-179.00
2026-08-14T14:24:16.064,1786710256.064811,5.922347,3,-3000,5.000000,16,-3000,0x03,left,325.793096,-3193,-0.102564,172,0,No fault,0x04,right,-513.786550,-2702,-0.131868,174,0,No fault,-491.00
2026-08-14T14:24:16.070,1786710256.070298,5.927851,3,-3000,5.000000,17,-3000,0x03,left,324.343614,-2925,-0.143590,172,0,No fault,0x04,right,-514.511292,-2970,-0.196337,174,0,No fault,45.00
2026-08-14T14:24:16.075,1786710256.075789,5.933332,3,-3000,5.000000,18,-3000,0x03,left,323.640834,-2925,-0.120147,172,0,No fault,0x04,right,-515.236033,-3059,-0.131868,174,0,No fault,134.00
2026-08-14T14:24:16.081,1786710256.081084,5.938621,3,-3000,5.000000,19,-3000,0x03,left,322.894131,-3059,-0.108425,173,0,No fault,0x04,right,-515.938812,-3015,-0.208059,174,0,No fault,-44.00
2026-08-14T14:24:16.086,1786710256.086363,5.943900,3,-3000,5.000000,20,-3000,0x03,left,322.169390,-3193,-0.143590,172,0,No fault,0x04,right,-516.641591,-2747,-0.167033,176,0,No fault,-446.00
2026-08-14T14:24:16.091,1786710256.091643,5.949181,3,-3000,5.000000,21,-3000,0x03,left,321.444649,-3059,-0.167033,173,0,No fault,0x04,right,-517.366332,-3238,-0.213919,174,0,No fault,179.00
2026-08-14T14:24:16.096,1786710256.096926,5.954462,3,-3000,5.000000,22,-3000,0x03,left,320.763832,-2881,-0.126007,172,0,No fault,0x04,right,-518.069112,-2791,-0.172894,174,0,No fault,-90.00
2026-08-14T14:24:16.102,1786710256.102203,5.959739,3,-3000,5.000000,23,-3000,0x03,left,320.039091,-2881,-0.126007,173,0,No fault,0x04,right,-518.771891,-2925,-0.190476,174,0,No fault,44.00
2026-08-14T14:24:16.107,1786710256.107659,5.965195,3,-3000,5.000000,24,-3000,0x03,left,319.314349,-3015,-0.213919,172,0,No fault,0x04,right,-520.199411,-3059,-0.190476,174,0,No fault,44.00
2026-08-14T14:24:16.113,1786710256.113102,5.970635,3,-3000,5.000000,25,-3000,0x03,left,318.611570,-3015,-0.196337,174,0,No fault,0x04,right,-520.902190,-2702,-0.167033,174,0,No fault,-313.00
2026-08-14T14:24:16.118,1786710256.118382,5.975922,3,-3000,5.000000,26,-3000,0x03,left,317.886829,-3149,-0.167033,171,0,No fault,0x04,right,-521.648893,-3104,-0.225641,174,0,No fault,-45.00
2026-08-14T14:24:16.123,1786710256.123660,5.981191,3,-3000,5.000000,27,-3000,0x03,left,317.162088,-3327,-0.155311,172,0,No fault,0x04,right,-522.351673,-2970,-0.167033,173,0,No fault,-357.00
2026-08-14T14:24:16.128,1786710256.128899,5.986431,3,-3000,5.000000,28,-3000,0x03,left,316.437347,-2925,-0.202198,171,0,No fault,0x04,right,-523.076414,-3104,-0.243223,175,0,No fault,179.00
2026-08-14T14:24:16.134,1786710256.134134,5.991664,3,-3000,5.000000,29,-3000,0x03,left,315.756529,-2925,-0.237363,172,0,No fault,0x04,right,-523.779193,-3059,-0.178755,174,0,No fault,134.00
2026-08-14T14:24:16.139,1786710256.139362,5.996893,3,-3000,5.000000,30,-3000,0x03,left,315.031788,-2925,-0.143590,172,0,No fault,0x04,right,-524.481972,-2925,-0.254945,171,0,No fault,0.00
2026-08-14T14:24:16.144,1786710256.144588,6.002117,3,-3000,5.000000,31,-3000,0x03,left,314.307047,-2881,-0.131868,172,0,No fault,0x04,right,-525.206714,-2925,-0.161172,174,0,No fault,44.00
2026-08-14T14:24:16.149,1786710256.149828,6.007362,3,-3000,5.000000,32,-3000,0x03,left,313.582306,-3015,-0.202198,171,0,No fault,0x04,right,-525.909493,-2791,-0.254945,170,0,No fault,-224.00
2026-08-14T14:24:16.155,1786710256.155071,6.012601,3,-3000,5.000000,33,-3000,0x03,left,312.879527,-2881,-0.213919,172,0,No fault,0x04,right,-526.634234,-2970,-0.167033,174,0,No fault,89.00
2026-08-14T14:24:16.160,1786710256.160297,6.017826,3,-3000,5.000000,34,-3000,0x03,left,312.176748,-2970,-0.155311,172,0,No fault,0x04,right,-527.337013,-2881,-0.208059,174,0,No fault,-89.00
2026-08-14T14:24:16.165,1786710256.165517,6.023045,3,-3000,5.000000,35,-3000,0x03,left,311.452006,-2881,-0.114286,172,0,No fault,0x04,right,-528.039792,-3015,-0.208059,174,0,No fault,134.00
2026-08-14T14:24:16.170,1786710256.170735,6.028264,3,-3000,5.000000,36,-3000,0x03,left,310.727265,-2970,-0.231502,172,0,No fault,0x04,right,-528.742572,-2568,-0.231502,174,0,No fault,-402.00
2026-08-14T14:24:16.175,1786710256.175963,6.033492,3,-3000,5.000000,37,-3000,0x03,left,310.024486,-2791,-0.172894,169,0,No fault,0x04,right,-529.467313,-3059,-0.178755,174,0,No fault,268.00
2026-08-14T14:24:16.181,1786710256.181184,6.038713,3,-3000,5.000000,38,-3000,0x03,left,309.299745,-2970,-0.155311,172,0,No fault,0x04,right,-530.192054,-3015,-0.172894,174,0,No fault,45.00
2026-08-14T14:24:16.186,1786710256.186406,6.043936,3,-3000,5.000000,39,-3000,0x03,left,308.553042,-3104,-0.114286,171,0,No fault,0x04,right,-530.894833,-2925,-0.190476,173,0,No fault,-179.00
2026-08-14T14:24:16.191,1786710256.191643,6.049177,3,-3000,5.000000,40,-3000,0x03,left,307.850263,-2791,-0.172894,172,0,No fault,0x04,right,-531.619574,-2925,-0.196337,174,0,No fault,134.00
2026-08-14T14:24:16.201,1786710256.201991,6.059536,3,-3000,5.000000,41,-3000,0x03,left,306.422742,-3149,-0.126007,172,0,No fault,0x04,right,-532.322354,-2970,-0.172894,174,0,No fault,-179.00
2026-08-14T14:24:16.207,1786710256.207406,6.064946,3,-3000,5.000000,42,-3000,0x03,left,305.698001,-2791,-0.120147,174,0,No fault,0x04,right,-533.749874,-2881,-0.178755,174,0,No fault,90.00
2026-08-14T14:24:16.213,1786710256.213113,6.070692,3,-3000,5.000000,43,-3000,0x03,left,304.973260,-2970,-0.155311,173,0,No fault,0x04,right,-535.528784,-2925,-0.202198,174,0,No fault,-45.00
2026-08-14T14:24:16.223,1786710256.223663,6.081203,3,-3000,5.000000,44,-3000,0x03,left,304.270481,-2747,-0.167033,172,0,No fault,0x04,right,-536.275487,-2925,-0.178755,174,0,No fault,178.00
2026-08-14T14:24:16.229,1786710256.229034,6.086578,3,-3000,5.000000,45,-3000,0x03,left,302.777075,-2970,-0.149451,171,0,No fault,0x04,right,-537.000228,-3238,-0.208059,173,0,No fault,268.00
2026-08-14T14:24:16.234,1786710256.234334,6.091871,3,-3000,5.000000,46,-3000,0x03,left,300.954241,-2836,-0.184615,173,0,No fault,0x04,right,-537.703007,-3059,-0.190476,174,0,No fault,223.00
2026-08-14T14:24:16.239,1786710256.239599,6.097135,3,-3000,5.000000,47,-3000,0x03,left,300.558928,-3104,-0.114286,172,0,No fault,0x04,right,-538.405787,-3149,-0.202198,174,0,No fault,45.00
2026-08-14T14:24:16.244,1786710256.244859,6.102393,3,-3000,5.000000,48,-3000,0x03,left,300.185576,-3104,-0.102564,172,0,No fault,0x04,right,-539.108566,-2970,-0.184615,171,0,No fault,-134.00
2026-08-14T14:24:16.250,1786710256.250112,6.107646,3,-3000,5.000000,49,-3000,0x03,left,299.482797,-2925,-0.190476,173,0,No fault,0x04,right,-539.833307,-2836,-0.190476,174,0,No fault,-89.00
2026-08-14T14:24:16.255,1786710256.255363,6.112896,3,-3000,5.000000,50,-3000,0x03,left,298.758056,-2970,-0.237363,171,0,No fault,0x04,right,-540.558048,-3149,-0.178755,174,0,No fault,179.00
2026-08-14T14:24:16.260,1786710256.260611,6.118145,3,-3000,5.000000,51,-3000,0x03,left,298.055277,-2970,-0.131868,171,0,No fault,0x04,right,-541.260827,-2881,-0.190476,171,0,No fault,-89.00
2026-08-14T14:24:16.265,1786710256.265860,6.123393,3,-3000,5.000000,52,-3000,0x03,left,297.330535,-2747,-0.120147,173,0,No fault,0x04,right,-541.963607,-3104,-0.190476,171,0,No fault,357.00
2026-08-14T14:24:16.271,1786710256.271111,6.128644,3,-3000,5.000000,53,-3000,0x03,left,296.605794,-2970,-0.190476,172,0,No fault,0x04,right,-542.666386,-2836,-0.219780,174,0,No fault,-134.00
2026-08-14T14:24:16.276,1786710256.276354,6.133887,3,-3000,5.000000,54,-3000,0x03,left,295.903015,-3149,-0.213919,170,0,No fault,0x04,right,-543.391127,-3015,-0.137729,176,0,No fault,-134.00
2026-08-14T14:24:16.281,1786710256.281629,6.139163,3,-3000,5.000000,55,-3000,0x03,left,295.200236,-3015,-0.161172,170,0,No fault,0x04,right,-544.093906,-2836,-0.208059,172,0,No fault,-179.00
2026-08-14T14:24:16.286,1786710256.286878,6.144411,3,-3000,5.000000,56,-3000,0x03,left,294.475495,-3015,-0.155311,173,0,No fault,0x04,right,-544.818647,-2970,-0.172894,175,0,No fault,-45.00
2026-08-14T14:24:16.292,1786710256.292132,6.149666,3,-3000,5.000000,57,-3000,0x03,left,293.772715,-2836,-0.196337,173,0,No fault,0x04,right,-545.521427,-2791,-0.202198,175,0,No fault,-45.00
2026-08-14T14:24:16.297,1786710256.297382,6.154915,3,-3000,5.000000,58,-3000,0x03,left,293.047974,-3015,-0.213919,176,0,No fault,0x04,right,-546.246168,-2925,-0.184615,171,0,No fault,-90.00
2026-08-14T14:24:16.302,1786710256.302663,6.160207,3,-3000,5.000000,59,-3000,0x03,left,292.345195,-3059,-0.131868,172,0,No fault,0x04,right,-546.948947,-2925,-0.178755,175,0,No fault,-134.00
2026-08-14T14:24:16.308,1786710256.308116,6.165657,3,-3000,5.000000,60,-3000,0x03,left,291.642416,-2925,-0.137729,172,0,No fault,0x04,right,-547.651726,-2970,-0.225641,174,0,No fault,45.00
2026-08-14T14:24:16.313,1786710256.313630,6.171170,3,-3000,5.000000,61,-3000,0x03,left,290.192934,-2925,-0.213919,171,0,No fault,0x04,right,-548.398429,-3104,-0.161172,174,0,No fault,179.00
2026-08-14T14:24:16.319,1786710256.319030,6.176569,3,-3000,5.000000,62,-3000,0x03,left,289.468192,-3015,-0.143590,172,0,No fault,0x04,right,-549.101209,-3238,-0.172894,173,0,No fault,223.00
2026-08-14T14:24:16.324,1786710256.324425,6.181978,3,-3000,5.000000,63,-3000,0x03,left,288.743451,-2925,-0.143590,174,0,No fault,0x04,right,-550.528729,-2836,-0.155311,174,0,No fault,-89.00
2026-08-14T14:24:16.329,1786710256.329930,6.187471,3,-3000,5.000000,64,-3000,0x03,left,288.018710,-2925,-0.155311,171,0,No fault,0x04,right,-551.253470,-2925,-0.202198,175,0,No fault,0.00
2026-08-14T14:24:16.335,1786710256.335235,6.192777,3,-3000,5.000000,65,-3000,0x03,left,287.293969,-2881,-0.202198,172,0,No fault,0x04,right,-551.956249,-2791,-0.161172,174,0,No fault,-90.00
2026-08-14T14:24:16.340,1786710256.340558,6.198112,3,-3000,5.000000,66,-3000,0x03,left,286.569228,-3104,-0.090842,171,0,No fault,0x04,right,-552.680991,-2791,-0.167033,173,0,No fault,-313.00
2026-08-14T14:24:16.345,1786710256.345898,6.203436,3,-3000,5.000000,67,-3000,0x03,left,285.844487,-3104,-0.114286,173,0,No fault,0x04,right,-553.383770,-3059,-0.190476,174,0,No fault,-45.00
2026-08-14T14:24:16.351,1786710256.351118,6.208647,3,-3000,5.000000,68,-3000,0x03,left,285.141708,-3015,-0.155311,173,0,No fault,0x04,right,-554.108511,-3104,-0.237363,176,0,No fault,89.00
2026-08-14T14:24:16.356,1786710256.356338,6.213879,3,-3000,5.000000,69,-3000,0x03,left,284.416966,-3015,-0.161172,170,0,No fault,0x04,right,-554.811290,-3059,-0.208059,174,0,No fault,44.00
2026-08-14T14:24:16.361,1786710256.361655,6.219196,3,-3000,5.000000,70,-3000,0x03,left,283.714187,-2881,-0.126007,173,0,No fault,0x04,right,-555.514069,-2836,-0.225641,174,0,No fault,-45.00
2026-08-14T14:24:16.367,1786710256.367616,6.225148,3,-3000,5.000000,71,-3000,0x03,left,282.989446,-2925,-0.084982,172,0,No fault,0x04,right,-556.216849,-2747,-0.184615,174,0,No fault,-178.00
2026-08-14T14:24:16.372,1786710256.372841,6.230381,3,-3000,5.000000,72,-3000,0x03,left,282.264705,-3104,-0.167033,170,0,No fault,0x04,right,-556.941590,-2970,-0.196337,174,0,No fault,-134.00
2026-08-14T14:24:16.378,1786710256.378112,6.235650,3,-3000,5.000000,73,-3000,0x03,left,281.539964,-3015,-0.155311,172,0,No fault,0x04,right,-557.666331,-3149,-0.167033,174,0,No fault,134.00
2026-08-14T14:24:16.383,1786710256.383392,6.240930,3,-3000,5.000000,74,-3000,0x03,left,280.837185,-3059,-0.149451,172,0,No fault,0x04,right,-558.369110,-3193,-0.190476,174,0,No fault,134.00
2026-08-14T14:24:16.388,1786710256.388660,6.246195,3,-3000,5.000000,75,-3000,0x03,left,280.134405,-2881,-0.102564,173,0,No fault,0x04,right,-559.071890,-3015,-0.178755,174,0,No fault,134.00
2026-08-14T14:24:16.393,1786710256.393933,6.251468,3,-3000,5.000000,76,-3000,0x03,left,279.387702,-3015,-0.225641,173,0,No fault,0x04,right,-559.774669,-2881,-0.237363,171,0,No fault,-134.00
2026-08-14T14:24:16.404,1786710256.404342,6.261884,3,-3000,5.000000,77,-3000,0x03,left,277.982144,-3059,-0.137729,172,0,No fault,0x04,right,-560.499410,-2970,-0.161172,174,0,No fault,-89.00
2026-08-14T14:24:16.409,1786710256.409693,6.267231,3,-3000,5.000000,78,-3000,0x03,left,277.257403,-2925,-0.149451,173,0,No fault,0x04,right,-561.926930,-2925,-0.167033,174,0,No fault,0.00
2026-08-14T14:24:16.415,1786710256.415064,6.272598,3,-3000,5.000000,79,-3000,0x03,left,276.532661,-3015,-0.149451,171,0,No fault,0x04,right,-563.749764,-3193,-0.167033,174,0,No fault,178.00
2026-08-14T14:24:16.425,1786710256.425425,6.282973,3,-3000,5.000000,80,-3000,0x03,left,275.127103,-2925,-0.108425,172,0,No fault,0x04,right,-564.474505,-2970,-0.213919,174,0,No fault,45.00
2026-08-14T14:24:16.430,1786710256.430755,6.288295,3,-3000,5.000000,81,-3000,0x03,left,274.402362,-2970,-0.120147,171,0,No fault,0x04,right,-565.243170,-2970,-0.149451,174,0,No fault,0.00
2026-08-14T14:24:16.436,1786710256.436030,6.293568,3,-3000,5.000000,82,-3000,0x03,left,272.777185,-2881,-0.231502,173,0,No fault,0x04,right,-565.923987,-2791,-0.208059,174,0,No fault,-90.00
2026-08-14T14:24:16.441,1786710256.441297,6.298834,3,-3000,5.000000,83,-3000,0x03,left,272.425795,-2836,-0.143590,173,0,No fault,0x04,right,-566.648729,-2881,-0.137729,174,0,No fault,45.00
2026-08-14T14:24:16.446,1786710256.446563,6.304098,3,-3000,5.000000,84,-3000,0x03,left,272.030482,-3059,-0.126007,172,0,No fault,0x04,right,-567.373470,-2925,-0.178755,174,0,No fault,-134.00
2026-08-14T14:24:16.451,1786710256.451824,6.309359,3,-3000,5.000000,85,-3000,0x03,left,271.327703,-2925,-0.131868,172,0,No fault,0x04,right,-568.098211,-3104,-0.190476,173,0,No fault,179.00
2026-08-14T14:24:16.457,1786710256.457080,6.314614,3,-3000,5.000000,86,-3000,0x03,left,270.602961,-2836,-0.167033,172,0,No fault,0x04,right,-568.800990,-2970,-0.178755,174,0,No fault,134.00
2026-08-14T14:24:16.462,1786710256.462399,6.319933,3,-3000,5.000000,87,-3000,0x03,left,269.900182,-2791,-0.167033,171,0,No fault,0x04,right,-569.503769,-2747,-0.178755,174,0,No fault,-44.00
2026-08-14T14:24:16.467,1786710256.467878,6.325413,3,-3000,5.000000,88,-3000,0x03,left,268.450700,-3059,-0.120147,169,0,No fault,0x04,right,-570.250472,-3104,-0.172894,175,0,No fault,45.00
2026-08-14T14:24:16.473,1786710256.473138,6.330672,3,-3000,5.000000,89,-3000,0x03,left,267.725959,-2836,-0.167033,174,0,No fault,0x04,right,-570.953252,-2925,-0.178755,173,0,No fault,89.00
2026-08-14T14:24:16.478,1786710256.478399,6.335935,3,-3000,5.000000,90,-3000,0x03,left,267.023179,-2881,-0.167033,172,0,No fault,0x04,right,-571.656031,-2925,-0.178755,173,0,No fault,44.00
2026-08-14T14:24:16.483,1786710256.483659,6.341193,3,-3000,5.000000,91,-3000,0x03,left,266.298438,-3059,-0.073260,170,0,No fault,0x04,right,-572.380772,-2881,-0.120147,175,0,No fault,-178.00
2026-08-14T14:24:16.488,1786710256.488917,6.346451,3,-3000,5.000000,92,-3000,0x03,left,265.551735,-3059,-0.120147,172,0,No fault,0x04,right,-573.083551,-2881,-0.172894,174,0,No fault,-178.00
2026-08-14T14:24:16.494,1786710256.494192,6.351727,3,-3000,5.000000,93,-3000,0x03,left,264.848956,-2881,-0.143590,172,0,No fault,0x04,right,-573.808292,-2970,-0.143590,174,0,No fault,89.00
2026-08-14T14:24:16.499,1786710256.499452,6.356986,3,-3000,5.000000,94,-3000,0x03,left,264.146177,-2747,-0.161172,172,0,No fault,0x04,right,-574.511072,-3059,-0.208059,176,0,No fault,312.00
2026-08-14T14:24:16.504,1786710256.504700,6.362235,3,-3000,5.000000,95,-3000,0x03,left,263.399474,-3104,-0.084982,176,0,No fault,0x04,right,-575.235813,-2836,-0.120147,174,0,No fault,-268.00
2026-08-14T14:24:16.509,1786710256.509955,6.367489,3,-3000,5.000000,96,-3000,0x03,left,262.674733,-3059,-0.114286,173,0,No fault,0x04,right,-575.960554,-3238,-0.190476,172,0,No fault,179.00
2026-08-14T14:24:16.515,1786710256.515208,6.372741,3,-3000,5.000000,97,-3000,0x03,left,261.971954,-2881,-0.172894,172,0,No fault,0x04,right,-576.663333,-2925,-0.167033,174,0,No fault,44.00
2026-08-14T14:24:16.520,1786710256.520456,6.378020,3,-3000,5.000000,98,-3000,0x03,left,261.269174,-2881,-0.149451,172,0,No fault,0x04,right,-577.366112,-3015,-0.202198,174,0,No fault,134.00
2026-08-14T14:24:16.525,1786710256.525801,6.383332,3,-3000,5.000000,99,-3000,0x03,left,260.544433,-3059,-0.108425,170,0,No fault,0x04,right,-578.090854,-2925,-0.161172,175,0,No fault,-134.00
2026-08-14T14:24:16.531,1786710256.531196,6.388728,3,-3000,5.000000,100,-3000,0x03,left,259.819692,-2970,-0.161172,174,0,No fault,0x04,right,-579.518374,-3059,-0.254945,174,0,No fault,89.00
2026-08-14T14:24:16.536,1786710256.536527,6.394057,3,-3000,5.000000,101,-3000,0x03,left,259.116913,-2836,-0.213919,173,0,No fault,0x04,right,-580.243115,-2836,-0.202198,175,0,No fault,0.00
2026-08-14T14:24:16.541,1786710256.541780,6.399315,3,-3000,5.000000,102,-3000,0x03,left,258.392172,-3238,-0.225641,171,0,No fault,0x04,right,-580.945894,-3059,-0.172894,174,0,No fault,-179.00
2026-08-14T14:24:16.547,1786710256.547070,6.404605,3,-3000,5.000000,103,-3000,0x03,left,257.667430,-3149,-0.114286,171,0,No fault,0x04,right,-581.670635,-3327,-0.225641,174,0,No fault,178.00
2026-08-14T14:24:16.552,1786710256.552353,6.409888,3,-3000,5.000000,104,-3000,0x03,left,256.964651,-3104,-0.155311,172,0,No fault,0x04,right,-582.373415,-2836,-0.178755,174,0,No fault,-268.00
2026-08-14T14:24:16.557,1786710256.557666,6.415200,3,-3000,5.000000,105,-3000,0x03,left,256.239910,-2881,-0.190476,172,0,No fault,0x04,right,-583.076194,-3104,-0.266667,174,0,No fault,223.00
2026-08-14T14:24:16.562,1786710256.562936,6.420472,3,-3000,5.000000,106,-3000,0x03,left,255.559093,-2836,-0.237363,172,0,No fault,0x04,right,-583.800935,-3015,-0.167033,174,0,No fault,179.00
2026-08-14T14:24:16.568,1786710256.568216,6.425751,3,-3000,5.000000,107,-3000,0x03,left,254.834352,-2925,-0.126007,172,0,No fault,0x04,right,-584.503714,-2881,-0.243223,174,0,No fault,-44.00
2026-08-14T14:24:16.573,1786710256.573492,6.431027,3,-3000,5.000000,108,-3000,0x03,left,254.109610,-2925,-0.155311,173,0,No fault,0x04,right,-585.228455,-2925,-0.167033,175,0,No fault,0.00
2026-08-14T14:24:16.578,1786710256.578801,6.436352,3,-3000,5.000000,109,-3000,0x03,left,253.406831,-2970,-0.202198,173,0,No fault,0x04,right,-585.931235,-3015,-0.237363,174,0,No fault,45.00
2026-08-14T14:24:16.584,1786710256.584213,6.441759,3,-3000,5.000000,110,-3000,0x03,left,252.704052,-2970,-0.231502,173,0,No fault,0x04,right,-586.655976,-3149,-0.155311,174,0,No fault,179.00
2026-08-14T14:24:16.589,1786710256.589512,6.447049,3,-3000,5.000000,111,-3000,0x03,left,251.979311,-3104,-0.084982,172,0,No fault,0x04,right,-587.358755,-3015,-0.225641,174,0,No fault,-89.00
2026-08-14T14:24:16.594,1786710256.594857,6.452390,3,-3000,5.000000,112,-3000,0x03,left,251.232608,-3193,-0.178755,174,0,No fault,0x04,right,-588.061534,-2747,-0.196337,173,0,No fault,-446.00
2026-08-14T14:24:16.610,1786710256.610513,6.468054,3,-3000,5.000000,113,-3000,0x03,left,248.377567,-2970,-0.102564,172,0,No fault,0x04,right,-589.489055,-3015,-0.184615,174,0,No fault,45.00
2026-08-14T14:24:16.626,1786710256.626102,6.483654,3,-3000,5.000000,114,-3000,0x03,left,246.950047,-2836,-0.155311,172,0,No fault,0x04,right,-592.585676,-3015,-0.184615,175,0,No fault,179.00
2026-08-14T14:24:16.631,1786710256.631450,6.488990,3,-3000,5.000000,115,-3000,0x03,left,246.225306,-2970,-0.114286,171,0,No fault,0x04,right,-592.959027,-2970,-0.155311,176,0,No fault,0.00
2026-08-14T14:24:16.636,1786710256.636733,6.494271,3,-3000,5.000000,116,-3000,0x03,left,244.490319,-2970,-0.149451,173,0,No fault,0x04,right,-593.661807,-2925,-0.202198,175,0,No fault,-45.00
2026-08-14T14:24:16.642,1786710256.642082,6.499620,3,-3000,5.000000,117,-3000,0x03,left,244.138930,-3193,-0.172894,172,0,No fault,0x04,right,-594.408510,-3149,-0.213919,174,0,No fault,-44.00
2026-08-14T14:24:16.647,1786710256.647408,6.504943,3,-3000,5.000000,118,-3000,0x03,left,243.743616,-2970,-0.102564,171,0,No fault,0x04,right,-595.814068,-3015,-0.178755,174,0,No fault,45.00
2026-08-14T14:24:16.652,1786710256.652769,6.510304,3,-3000,5.000000,119,-3000,0x03,left,243.018875,-2925,-0.120147,173,0,No fault,0x04,right,-596.516847,-2970,-0.178755,175,0,No fault,45.00
2026-08-14T14:24:16.658,1786710256.658028,6.515561,3,-3000,5.000000,120,-3000,0x03,left,242.294134,-3104,-0.149451,171,0,No fault,0x04,right,-597.219627,-3015,-0.196337,174,0,No fault,-89.00
2026-08-14T14:24:16.663,1786710256.663335,6.520869,3,-3000,5.000000,121,-3000,0x03,left,241.591355,-2925,-0.202198,171,0,No fault,0x04,right,-597.922406,-2836,-0.172894,173,0,No fault,-89.00
2026-08-14T14:24:16.668,1786710256.668589,6.526122,3,-3000,5.000000,122,-3000,0x03,left,240.185796,-2836,-0.143590,173,0,No fault,0x04,right,-598.647147,-2881,-0.196337,174,0,No fault,45.00
2026-08-14T14:24:16.673,1786710256.673997,6.531534,3,-3000,5.000000,123,-3000,0x03,left,239.439093,-2791,-0.190476,171,0,No fault,0x04,right,-599.371888,-3059,-0.208059,174,0,No fault,268.00
2026-08-14T14:24:16.679,1786710256.679271,6.536802,3,-3000,5.000000,124,-3000,0x03,left,238.714352,-2836,-0.219780,169,0,No fault,0x04,right,-600.096629,-3238,-0.202198,172,0,No fault,402.00
2026-08-14T14:24:16.684,1786710256.684525,6.542056,3,-3000,5.000000,125,-3000,0x03,left,238.033535,-3015,-0.143590,171,0,No fault,0x04,right,-600.777447,-3059,-0.213919,176,0,No fault,44.00
2026-08-14T14:24:16.689,1786710256.689757,6.547286,3,-3000,5.000000,126,-3000,0x03,left,237.286832,-3238,-0.131868,172,0,No fault,0x04,right,-601.502188,-2925,-0.178755,174,0,No fault,-313.00
2026-08-14T14:24:16.694,1786710256.694977,6.552506,3,-3000,5.000000,127,-3000,0x03,left,236.584052,-2925,-0.167033,173,0,No fault,0x04,right,-602.226929,-2970,-0.178755,174,0,No fault,45.00
2026-08-14T14:24:16.700,1786710256.700194,6.557723,3,-3000,5.000000,128,-3000,0x03,left,235.881273,-2881,-0.231502,171,0,No fault,0x04,right,-602.951670,-3149,-0.219780,174,0,No fault,268.00
2026-08-14T14:24:16.705,1786710256.705462,6.562996,3,-3000,5.000000,129,-3000,0x03,left,235.178494,-2970,-0.137729,172,0,No fault,0x04,right,-603.654449,-2881,-0.131868,174,0,No fault,-89.00
2026-08-14T14:24:16.710,1786710256.710721,6.568251,3,-3000,5.000000,130,-3000,0x03,left,234.431791,-3104,-0.143590,172,0,No fault,0x04,right,-604.379191,-3193,-0.219780,174,0,No fault,89.00
2026-08-14T14:24:16.716,1786710256.716044,6.573574,3,-3000,5.000000,131,-3000,0x03,left,233.729012,-2925,-0.184615,171,0,No fault,0x04,right,-605.103932,-3104,-0.172894,174,0,No fault,179.00
2026-08-14T14:24:16.721,1786710256.721270,6.578799,3,-3000,5.000000,132,-3000,0x03,left,233.026232,-2925,-0.213919,172,0,No fault,0x04,right,-605.784749,-2747,-0.208059,174,0,No fault,-178.00
2026-08-14T14:24:16.726,1786710256.726488,6.584016,3,-3000,5.000000,133,-3000,0x03,left,232.301491,-3059,-0.143590,172,0,No fault,0x04,right,-606.509490,-2836,-0.178755,175,0,No fault,-223.00
2026-08-14T14:24:16.731,1786710256.731701,6.589230,3,-3000,5.000000,134,-3000,0x03,left,231.598712,-2970,-0.131868,173,0,No fault,0x04,right,-607.212269,-2747,-0.167033,174,0,No fault,-223.00
2026-08-14T14:24:16.736,1786710256.736915,6.594445,3,-3000,5.000000,135,-3000,0x03,left,230.873971,-3015,-0.213919,172,0,No fault,0x04,right,-607.958972,-3059,-0.208059,172,0,No fault,44.00
2026-08-14T14:24:16.742,1786710256.742131,6.599658,3,-3000,5.000000,136,-3000,0x03,left,230.171192,-2836,-0.184615,175,0,No fault,0x04,right,-608.639790,-2791,-0.213919,174,0,No fault,-45.00
2026-08-14T14:24:16.747,1786710256.747340,6.604868,3,-3000,5.000000,137,-3000,0x03,left,229.468412,-2881,-0.161172,172,0,No fault,0x04,right,-609.386493,-2925,-0.149451,173,0,No fault,44.00
2026-08-14T14:24:16.752,1786710256.752531,6.610059,3,-3000,5.000000,138,-3000,0x03,left,228.743671,-3059,-0.131868,170,0,No fault,0x04,right,-610.089272,-2836,-0.184615,174,0,No fault,-223.00
2026-08-14T14:24:16.757,1786710256.757744,6.615272,3,-3000,5.000000,139,-3000,0x03,left,228.018930,-2970,-0.155311,171,0,No fault,0x04,right,-610.814013,-2836,-0.184615,174,0,No fault,-134.00
2026-08-14T14:24:16.762,1786710256.762953,6.620481,3,-3000,5.000000,140,-3000,0x03,left,227.294189,-2881,-0.202198,175,0,No fault,0x04,right,-611.538754,-3193,-0.202198,174,0,No fault,312.00
2026-08-14T14:24:16.768,1786710256.768167,6.625695,3,-3000,5.000000,141,-3000,0x03,left,226.591410,-2970,-0.108425,172,0,No fault,0x04,right,-612.241534,-3015,-0.120147,176,0,No fault,45.00
2026-08-14T14:24:16.773,1786710256.773390,6.630924,3,-3000,5.000000,142,-3000,0x03,left,225.866669,-2881,-0.102564,171,0,No fault,0x04,right,-612.944313,-2970,-0.196337,173,0,No fault,89.00
2026-08-14T14:24:16.778,1786710256.778650,6.636184,3,-3000,5.000000,143,-3000,0x03,left,225.141927,-3059,-0.155311,172,0,No fault,0x04,right,-613.669054,-3104,-0.219780,174,0,No fault,45.00
2026-08-14T14:24:16.783,1786710256.783904,6.641438,3,-3000,5.000000,144,-3000,0x03,left,224.439148,-2836,-0.167033,172,0,No fault,0x04,right,-614.393795,-3193,-0.225641,173,0,No fault,357.00
2026-08-14T14:24:16.789,1786710256.789153,6.646687,3,-3000,5.000000,145,-3000,0x03,left,223.714407,-3149,-0.131868,171,0,No fault,0x04,right,-615.074613,-2747,-0.161172,174,0,No fault,-402.00
2026-08-14T14:24:16.794,1786710256.794409,6.651941,3,-3000,5.000000,146,-3000,0x03,left,222.989666,-2970,-0.084982,171,0,No fault,0x04,right,-615.799354,-3015,-0.213919,175,0,No fault,45.00
2026-08-14T14:24:16.799,1786710256.799654,6.657187,3,-3000,5.000000,147,-3000,0x03,left,222.264925,-3238,-0.172894,171,0,No fault,0x04,right,-616.524095,-3015,-0.213919,173,0,No fault,-223.00
2026-08-14T14:24:16.810,1786710256.810025,6.667563,3,-3000,5.000000,148,-3000,0x03,left,220.881328,-2747,-0.126007,173,0,No fault,0x04,right,-617.204912,-2657,-0.231502,174,0,No fault,-90.00
2026-08-14T14:24:16.815,1786710256.815318,6.672856,3,-3000,5.000000,149,-3000,0x03,left,220.134625,-2925,-0.090842,172,0,No fault,0x04,right,-618.654394,-2970,-0.167033,175,0,No fault,45.00
2026-08-14T14:24:16.825,1786710256.825761,6.683319,3,-3000,5.000000,150,-3000,0x03,left,218.685143,-3238,-0.225641,172,0,No fault,0x04,right,-620.784694,-2925,-0.161172,174,0,No fault,-313.00
2026-08-14T14:24:16.831,1786710256.831177,6.688726,3,-3000,5.000000,151,-3000,0x03,left,218.004325,-2881,-0.120147,169,0,No fault,0x04,right,-621.136084,-3015,-0.184615,171,0,No fault,134.00
2026-08-14T14:24:16.836,1786710256.836586,6.694133,3,-3000,5.000000,152,-3000,0x03,left,216.291301,-2747,-0.225641,171,0,No fault,0x04,right,-621.860825,-3015,-0.155311,171,0,No fault,268.00
2026-08-14T14:24:16.841,1786710256.841907,6.699466,3,-3000,5.000000,153,-3000,0x03,left,215.939911,-2836,-0.243223,173,0,No fault,0x04,right,-622.607528,-2881,-0.225641,174,0,No fault,45.00
2026-08-14T14:24:16.847,1786710256.847258,6.704810,3,-3000,5.000000,154,-3000,0x03,left,215.522636,-3059,-0.196337,170,0,No fault,0x04,right,-623.288345,-3015,-0.149451,174,0,No fault,-44.00
2026-08-14T14:24:16.852,1786710256.852580,6.710112,3,-3000,5.000000,155,-3000,0x03,left,214.819857,-2791,-0.090842,172,0,No fault,0x04,right,-624.013086,-2836,-0.178755,173,0,No fault,45.00
2026-08-14T14:24:16.857,1786710256.857827,6.715367,3,-3000,5.000000,156,-3000,0x03,left,214.095116,-2657,-0.172894,172,0,No fault,0x04,right,-624.715866,-2970,-0.190476,174,0,No fault,313.00
2026-08-14T14:24:16.863,1786710256.863133,6.720673,3,-3000,5.000000,157,-3000,0x03,left,213.348413,-3059,-0.190476,172,0,No fault,0x04,right,-625.462569,-2970,-0.196337,174,0,No fault,-89.00
2026-08-14T14:24:16.868,1786710256.868399,6.725933,3,-3000,5.000000,158,-3000,0x03,left,212.667595,-3015,-0.225641,173,0,No fault,0x04,right,-626.143386,-2925,-0.172894,173,0,No fault,-90.00
2026-08-14T14:24:16.873,1786710256.873644,6.731172,3,-3000,5.000000,159,-3000,0x03,left,211.942854,-2925,-0.096703,172,0,No fault,0x04,right,-626.868127,-3104,-0.108425,174,0,No fault,179.00
2026-08-14T14:24:16.878,1786710256.878853,6.736388,3,-3000,5.000000,160,-3000,0x03,left,211.218113,-2881,-0.143590,176,0,No fault,0x04,right,-627.592868,-2925,-0.167033,174,0,No fault,44.00
2026-08-14T14:24:16.884,1786710256.884173,6.741708,3,-3000,5.000000,161,-3000,0x03,left,210.471410,-2791,-0.178755,172,0,No fault,0x04,right,-628.295648,-2925,-0.190476,176,0,No fault,134.00
2026-08-14T14:24:16.889,1786710256.889442,6.746978,3,-3000,5.000000,162,-3000,0x03,left,209.790593,-2970,-0.161172,172,0,No fault,0x04,right,-629.723168,-3015,-0.137729,174,0,No fault,45.00
2026-08-14T14:24:16.894,1786710256.894873,6.752413,3,-3000,5.000000,163,-3000,0x03,left,209.065852,-3015,-0.114286,170,0,No fault,0x04,right,-630.447909,-2970,-0.149451,174,0,No fault,-45.00
2026-08-14T14:24:16.900,1786710256.900349,6.757886,3,-3000,5.000000,164,-3000,0x03,left,207.594408,-2881,-0.126007,172,0,No fault,0x04,right,-631.194612,-3283,-0.190476,174,0,No fault,402.00
2026-08-14T14:24:16.905,1786710256.905661,6.763197,3,-3000,5.000000,165,-3000,0x03,left,206.891628,-2791,-0.149451,172,0,No fault,0x04,right,-631.875429,-3193,-0.167033,174,0,No fault,402.00
2026-08-14T14:24:16.910,1786710256.910931,6.768467,3,-3000,5.000000,166,-3000,0x03,left,206.166887,-2881,-0.090842,170,0,No fault,0x04,right,-632.600171,-3015,-0.114286,174,0,No fault,134.00
2026-08-14T14:24:16.916,1786710256.916196,6.773731,3,-3000,5.000000,167,-3000,0x03,left,205.420184,-3327,-0.120147,173,0,No fault,0x04,right,-633.324912,-2970,-0.149451,174,0,No fault,-357.00
2026-08-14T14:24:16.921,1786710256.921455,6.778989,3,-3000,5.000000,168,-3000,0x03,left,204.717405,-2881,-0.167033,172,0,No fault,0x04,right,-634.049653,-3059,-0.184615,173,0,No fault,178.00
2026-08-14T14:24:16.926,1786710256.926714,6.784249,3,-3000,5.000000,169,-3000,0x03,left,204.014626,-2836,-0.172894,176,0,No fault,0x04,right,-634.730470,-2925,-0.167033,173,0,No fault,89.00
2026-08-14T14:24:16.931,1786710256.931980,6.789514,3,-3000,5.000000,170,-3000,0x03,left,203.289885,-3015,-0.073260,172,0,No fault,0x04,right,-635.455211,-3015,-0.126007,173,0,No fault,0.00
2026-08-14T14:24:16.937,1786710256.937237,6.794769,3,-3000,5.000000,171,-3000,0x03,left,202.543182,-3149,-0.149451,170,0,No fault,0x04,right,-636.179952,-2836,-0.190476,174,0,No fault,-313.00
2026-08-14T14:24:16.942,1786710256.942496,6.800031,3,-3000,5.000000,172,-3000,0x03,left,201.840402,-2970,-0.149451,172,0,No fault,0x04,right,-636.904694,-3149,-0.213919,174,0,No fault,179.00
2026-08-14T14:24:16.947,1786710256.947784,6.805318,3,-3000,5.000000,173,-3000,0x03,left,201.115661,-3104,-0.190476,173,0,No fault,0x04,right,-637.585511,-2881,-0.167033,174,0,No fault,-223.00
2026-08-14T14:24:16.953,1786710256.953105,6.810639,3,-3000,5.000000,174,-3000,0x03,left,200.412882,-3149,-0.090842,172,0,No fault,0x04,right,-638.310252,-3059,-0.155311,173,0,No fault,-90.00
2026-08-14T14:24:16.958,1786710256.958358,6.815891,3,-3000,5.000000,175,-3000,0x03,left,199.688141,-3059,-0.172894,172,0,No fault,0x04,right,-639.013031,-2791,-0.202198,172,0,No fault,-268.00
2026-08-14T14:24:16.963,1786710256.963612,6.821144,3,-3000,5.000000,176,-3000,0x03,left,198.963400,-3015,-0.225641,175,0,No fault,0x04,right,-639.737773,-3059,-0.237363,174,0,No fault,44.00
2026-08-14T14:24:16.968,1786710256.968863,6.826396,3,-3000,5.000000,177,-3000,0x03,left,198.260620,-2970,-0.190476,171,0,No fault,0x04,right,-640.462514,-3149,-0.178755,174,0,No fault,179.00
2026-08-14T14:24:16.974,1786710256.974113,6.831646,3,-3000,5.000000,178,-3000,0x03,left,197.557841,-2970,-0.149451,173,0,No fault,0x04,right,-641.165293,-3015,-0.190476,174,0,No fault,45.00
2026-08-14T14:24:16.979,1786710256.979363,6.836897,3,-3000,5.000000,179,-3000,0x03,left,196.811138,-3015,-0.167033,172,0,No fault,0x04,right,-641.890034,-3238,-0.208059,173,0,No fault,223.00
2026-08-14T14:24:16.984,1786710256.984624,6.842158,3,-3000,5.000000,180,-3000,0x03,left,196.108359,-2881,-0.213919,171,0,No fault,0x04,right,-642.592813,-3149,-0.225641,175,0,No fault,268.00
2026-08-14T14:24:16.989,1786710256.989874,6.847407,3,-3000,5.000000,181,-3000,0x03,left,195.405580,-3015,-0.190476,172,0,No fault,0x04,right,-643.295593,-3015,-0.208059,174,0,No fault,0.00
2026-08-14T14:24:16.995,1786710256.995124,6.852657,3,-3000,5.000000,182,-3000,0x03,left,194.680838,-2881,-0.096703,172,0,No fault,0x04,right,-644.020334,-3059,-0.167033,171,0,No fault,178.00
2026-08-14T14:24:17.000,1786710257.000371,6.857904,3,-3000,5.000000,183,-3000,0x03,left,193.956097,-3015,-0.172894,172,0,No fault,0x04,right,-644.723113,-2925,-0.202198,175,0,No fault,-90.00
2026-08-14T14:24:17.010,1786710257.010741,6.868277,3,-3000,5.000000,184,-3000,0x03,left,192.550539,-2970,-0.208059,172,0,No fault,0x04,right,-645.425892,-2657,-0.196337,174,0,No fault,-313.00
2026-08-14T14:24:17.016,1786710257.016053,6.873595,3,-3000,5.000000,185,-3000,0x03,left,191.803836,-3059,-0.067399,172,0,No fault,0x04,right,-646.853413,-3059,-0.155311,175,0,No fault,0.00
2026-08-14T14:24:17.026,1786710257.026401,6.883938,3,-3000,5.000000,186,-3000,0x03,left,191.035171,-2791,-0.178755,176,0,No fault,0x04,right,-649.181369,-2747,-0.196337,171,0,No fault,-44.00
2026-08-14T14:24:17.031,1786710257.031667,6.889206,3,-3000,5.000000,187,-3000,0x03,left,189.629612,-2791,-0.161172,172,0,No fault,0x04,right,-649.532759,-3015,-0.167033,174,0,No fault,224.00
2026-08-14T14:24:17.036,1786710257.036937,6.894471,3,-3000,5.000000,188,-3000,0x03,left,187.938550,-2881,-0.167033,169,0,No fault,0x04,right,-650.257500,-2881,-0.155311,174,0,No fault,0.00
2026-08-14T14:24:17.042,1786710257.042195,6.899730,3,-3000,5.000000,189,-3000,0x03,left,187.565198,-2881,-0.184615,171,0,No fault,0x04,right,-650.982241,-2881,-0.208059,174,0,No fault,0.00
2026-08-14T14:24:17.047,1786710257.047450,6.904984,3,-3000,5.000000,190,-3000,0x03,left,187.191847,-3149,-0.178755,173,0,No fault,0x04,right,-651.685020,-2925,-0.243223,174,0,No fault,-224.00
2026-08-14T14:24:17.052,1786710257.052706,6.910239,3,-3000,5.000000,191,-3000,0x03,left,186.467106,-3104,-0.126007,173,0,No fault,0x04,right,-652.387799,-2925,-0.155311,174,0,No fault,-179.00
2026-08-14T14:24:17.057,1786710257.057962,6.915496,3,-3000,5.000000,192,-3000,0x03,left,185.764327,-3059,-0.137729,173,0,No fault,0x04,right,-653.112540,-2791,-0.184615,176,0,No fault,-268.00
2026-08-14T14:24:17.063,1786710257.063217,6.920751,3,-3000,5.000000,193,-3000,0x03,left,185.017624,-3149,-0.161172,172,0,No fault,0x04,right,-653.815320,-2657,-0.184615,175,0,No fault,-492.00
2026-08-14T14:24:17.068,1786710257.068469,6.926036,3,-3000,5.000000,194,-3000,0x03,left,184.336806,-2791,-0.155311,172,0,No fault,0x04,right,-654.540061,-3104,-0.202198,174,0,No fault,313.00
2026-08-14T14:24:17.073,1786710257.073806,6.931340,3,-3000,5.000000,195,-3000,0x03,left,183.612065,-3104,-0.096703,176,0,No fault,0x04,right,-655.264802,-3104,-0.114286,173,0,No fault,0.00
2026-08-14T14:24:17.079,1786710257.079057,6.936592,3,-3000,5.000000,196,-3000,0x03,left,182.887324,-3015,-0.131868,173,0,No fault,0x04,right,-655.967581,-2970,-0.231502,174,0,No fault,-45.00
2026-08-14T14:24:17.084,1786710257.084366,6.941914,3,-3000,5.000000,197,-3000,0x03,left,182.162583,-3059,-0.196337,172,0,No fault,0x04,right,-656.692322,-3059,-0.190476,176,0,No fault,0.00
2026-08-14T14:24:17.089,1786710257.089796,6.947334,3,-3000,5.000000,198,-3000,0x03,left,181.437842,-3059,-0.161172,173,0,No fault,0x04,right,-657.395102,-2925,-0.213919,174,0,No fault,-134.00
2026-08-14T14:24:17.095,1786710257.095068,6.952600,3,-3000,5.000000,199,-3000,0x03,left,180.735062,-3193,-0.149451,173,0,No fault,0x04,right,-658.119843,-3059,-0.161172,173,0,No fault,-134.00
2026-08-14T14:24:17.100,1786710257.100305,6.957834,3,-3000,5.000000,200,-3000,0x03,left,180.010321,-3238,-0.120147,172,0,No fault,0x04,right,-658.822622,-2925,-0.202198,174,0,No fault,-313.00
2026-08-14T14:24:17.105,1786710257.105557,6.963087,3,-3000,5.000000,201,-3000,0x03,left,179.285580,-3059,-0.213919,174,0,No fault,0x04,right,-659.525401,-3059,-0.243223,173,0,No fault,0.00
2026-08-14T14:24:17.110,1786710257.110789,6.968318,3,-3000,5.000000,202,-3000,0x03,left,178.604763,-2881,-0.196337,172,0,No fault,0x04,right,-660.250142,-3059,-0.225641,174,0,No fault,178.00
2026-08-14T14:24:17.116,1786710257.116468,6.974080,3,-3000,5.000000,203,-3000,0x03,left,177.155280,-3193,-0.114286,170,0,No fault,0x04,right,-660.952922,-2925,-0.190476,173,0,No fault,-268.00
2026-08-14T14:24:17.121,1786710257.121902,6.979432,3,-3000,5.000000,204,-3000,0x03,left,176.430539,-3149,-0.190476,168,0,No fault,0x04,right,-661.655701,-2791,-0.196337,173,0,No fault,-358.00
2026-08-14T14:24:17.127,1786710257.127165,6.984700,3,-3000,5.000000,205,-3000,0x03,left,175.727760,-2970,-0.249084,172,0,No fault,0x04,right,-662.380442,-2836,-0.190476,174,0,No fault,-134.00
2026-08-14T14:24:17.132,1786710257.132532,6.990067,3,-3000,5.000000,206,-3000,0x03,left,175.024981,-2970,-0.108425,172,0,No fault,0x04,right,-663.083221,-2970,-0.208059,175,0,No fault,0.00
2026-08-14T14:24:17.137,1786710257.137987,6.995522,3,-3000,5.000000,207,-3000,0x03,left,174.300240,-3149,-0.155311,172,0,No fault,0x04,right,-664.510742,-3059,-0.178755,175,0,No fault,-90.00
2026-08-14T14:24:17.143,1786710257.143261,7.000795,3,-3000,5.000000,208,-3000,0x03,left,173.575499,-2970,-0.213919,172,0,No fault,0x04,right,-665.235483,-2747,-0.202198,174,0,No fault,-223.00
2026-08-14T14:24:17.148,1786710257.148564,7.006098,3,-3000,5.000000,209,-3000,0x03,left,172.872719,-2836,-0.196337,170,0,No fault,0x04,right,-665.938262,-2791,-0.219780,174,0,No fault,-45.00
2026-08-14T14:24:17.153,1786710257.153843,7.011376,3,-3000,5.000000,210,-3000,0x03,left,172.169940,-3193,-0.131868,172,0,No fault,0x04,right,-666.663003,-2881,-0.161172,174,0,No fault,-312.00
2026-08-14T14:24:17.159,1786710257.159121,7.016654,3,-3000,5.000000,211,-3000,0x03,left,171.423237,-3238,-0.137729,173,0,No fault,0x04,right,-667.365783,-3015,-0.219780,173,0,No fault,-223.00
2026-08-14T14:24:17.164,1786710257.164394,7.021928,3,-3000,5.000000,212,-3000,0x03,left,170.720458,-3059,-0.202198,170,0,No fault,0x04,right,-668.090524,-3059,-0.213919,175,0,No fault,0.00
2026-08-14T14:24:17.169,1786710257.169701,7.027234,3,-3000,5.000000,213,-3000,0x03,left,170.017679,-2881,-0.184615,172,0,No fault,0x04,right,-668.793303,-3015,-0.219780,174,0,No fault,134.00
2026-08-14T14:24:17.174,1786710257.174974,7.032507,3,-3000,5.000000,214,-3000,0x03,left,169.314899,-2925,-0.161172,170,0,No fault,0x04,right,-669.496082,-2925,-0.149451,174,0,No fault,0.00
2026-08-14T14:24:17.180,1786710257.180244,7.037777,3,-3000,5.000000,215,-3000,0x03,left,168.590158,-2925,-0.137729,173,0,No fault,0x04,right,-670.198861,-2791,-0.190476,174,0,No fault,-134.00
2026-08-14T14:24:17.185,1786710257.185566,7.043103,3,-3000,5.000000,216,-3000,0x03,left,167.865417,-2925,-0.202198,173,0,No fault,0x04,right,-670.945564,-3104,-0.219780,174,0,No fault,179.00
2026-08-14T14:24:17.190,1786710257.190832,7.048368,3,-3000,5.000000,217,-3000,0x03,left,167.162638,-2702,-0.161172,171,0,No fault,0x04,right,-671.648344,-2970,-0.178755,174,0,No fault,268.00
2026-08-14T14:24:17.196,1786710257.196100,7.053637,3,-3000,5.000000,218,-3000,0x03,left,166.437897,-2925,-0.114286,172,0,No fault,0x04,right,-672.351123,-3104,-0.149451,174,0,No fault,179.00
2026-08-14T14:24:17.201,1786710257.201372,7.058907,3,-3000,5.000000,219,-3000,0x03,left,165.625308,-2925,-0.143590,171,0,No fault,0x04,right,-673.075864,-2836,-0.219780,174,0,No fault,-89.00
2026-08-14T14:24:17.211,1786710257.211742,7.069282,3,-3000,5.000000,220,-3000,0x03,left,164.197788,-2791,-0.178755,172,0,No fault,0x04,right,-673.800605,-2925,-0.196337,175,0,No fault,134.00
2026-08-14T14:24:17.217,1786710257.217033,7.074573,3,-3000,5.000000,221,-3000,0x03,left,163.473047,-2881,-0.090842,172,0,No fault,0x04,right,-675.250087,-2970,-0.167033,174,0,No fault,89.00
2026-08-14T14:24:17.227,1786710257.227422,7.084967,3,-3000,5.000000,222,-3000,0x03,left,162.748305,-2925,-0.108425,171,0,No fault,0x04,right,-677.358425,-3015,-0.249084,174,0,No fault,90.00
2026-08-14T14:24:17.232,1786710257.232796,7.090337,3,-3000,5.000000,223,-3000,0x03,left,161.320785,-3015,-0.172894,172,0,No fault,0x04,right,-677.731777,-3149,-0.172894,174,0,No fault,134.00
2026-08-14T14:24:17.238,1786710257.238089,7.095626,3,-3000,5.000000,224,-3000,0x03,left,159.739532,-2881,-0.161172,172,0,No fault,0x04,right,-678.434556,-2925,-0.161172,175,0,No fault,44.00
2026-08-14T14:24:17.243,1786710257.243360,7.100898,3,-3000,5.000000,225,-3000,0x03,left,159.388142,-2925,-0.190476,169,0,No fault,0x04,right,-679.137335,-2970,-0.196337,175,0,No fault,45.00
2026-08-14T14:24:17.248,1786710257.248630,7.106167,3,-3000,5.000000,226,-3000,0x03,left,158.992829,-2970,-0.208059,172,0,No fault,0x04,right,-679.840115,-2881,-0.249084,174,0,No fault,-89.00
2026-08-14T14:24:17.253,1786710257.253904,7.111441,3,-3000,5.000000,227,-3000,0x03,left,158.290049,-2836,-0.190476,172,0,No fault,0x04,right,-680.586818,-3372,-0.208059,174,0,No fault,536.00
2026-08-14T14:24:17.259,1786710257.259181,7.116718,3,-3000,5.000000,228,-3000,0x03,left,157.565308,-3238,-0.096703,172,0,No fault,0x04,right,-681.267635,-2747,-0.208059,176,0,No fault,-491.00
2026-08-14T14:24:17.264,1786710257.264450,7.122008,3,-3000,5.000000,229,-3000,0x03,left,156.840567,-3238,-0.155311,172,0,No fault,0x04,right,-681.992376,-3015,-0.172894,175,0,No fault,-223.00
2026-08-14T14:24:17.269,1786710257.269742,7.127278,3,-3000,5.000000,230,-3000,0x03,left,156.137788,-2970,-0.196337,169,0,No fault,0x04,right,-682.695155,-2881,-0.219780,174,0,No fault,-89.00
2026-08-14T14:24:17.275,1786710257.275008,7.132544,3,-3000,5.000000,231,-3000,0x03,left,155.435009,-3015,-0.208059,172,0,No fault,0x04,right,-683.419896,-2925,-0.155311,174,0,No fault,-90.00
2026-08-14T14:24:17.280,1786710257.280273,7.137810,3,-3000,5.000000,232,-3000,0x03,left,154.710268,-3104,-0.102564,172,0,No fault,0x04,right,-684.144638,-2925,-0.208059,171,0,No fault,-179.00
2026-08-14T14:24:17.285,1786710257.285558,7.143094,3,-3000,5.000000,233,-3000,0x03,left,154.007488,-2836,-0.184615,174,0,No fault,0x04,right,-684.847417,-3015,-0.184615,173,0,No fault,179.00
2026-08-14T14:24:17.290,1786710257.290829,7.148365,3,-3000,5.000000,234,-3000,0x03,left,153.260785,-3149,-0.161172,172,0,No fault,0x04,right,-685.572158,-2925,-0.184615,173,0,No fault,-224.00
2026-08-14T14:24:17.296,1786710257.296102,7.153639,3,-3000,5.000000,235,-3000,0x03,left,152.579968,-2925,-0.155311,172,0,No fault,0x04,right,-686.296899,-3238,-0.190476,174,0,No fault,313.00
2026-08-14T14:24:17.301,1786710257.301428,7.158963,3,-3000,5.000000,236,-3000,0x03,left,151.855227,-3059,-0.096703,171,0,No fault,0x04,right,-686.999678,-3015,-0.131868,174,0,No fault,-44.00
2026-08-14T14:24:17.306,1786710257.306955,7.164496,3,-3000,5.000000,237,-3000,0x03,left,150.427706,-2925,-0.143590,172,0,No fault,0x04,right,-687.724419,-2881,-0.178755,174,0,No fault,-44.00
2026-08-14T14:24:17.312,1786710257.312292,7.169833,3,-3000,5.000000,238,-3000,0x03,left,149.681003,-3059,-0.137729,173,0,No fault,0x04,right,-688.427199,-2925,-0.167033,174,0,No fault,-134.00
2026-08-14T14:24:17.317,1786710257.317569,7.175105,3,-3000,5.000000,239,-3000,0x03,left,148.956262,-3238,-0.096703,171,0,No fault,0x04,right,-689.151940,-2970,-0.126007,174,0,No fault,-268.00
2026-08-14T14:24:17.322,1786710257.322859,7.180417,3,-3000,5.000000,240,-3000,0x03,left,148.231521,-3059,-0.137729,174,0,No fault,0x04,right,-689.854719,-2881,-0.172894,174,0,No fault,-178.00
2026-08-14T14:24:17.328,1786710257.328204,7.185756,3,-3000,5.000000,241,-3000,0x03,left,147.528742,-2747,-0.137729,170,0,No fault,0x04,right,-690.579460,-2791,-0.131868,174,0,No fault,44.00
2026-08-14T14:24:17.333,1786710257.333513,7.191051,3,-3000,5.000000,242,-3000,0x03,left,146.825963,-2970,-0.161172,170,0,No fault,0x04,right,-691.304201,-3193,-0.196337,174,0,No fault,223.00
2026-08-14T14:24:17.338,1786710257.338942,7.196485,3,-3000,5.000000,243,-3000,0x03,left,146.101222,-2747,-0.084982,170,0,No fault,0x04,right,-692.006981,-2925,-0.178755,175,0,No fault,178.00
2026-08-14T14:24:17.344,1786710257.344445,7.202013,3,-3000,5.000000,244,-3000,0x03,left,145.376480,-2881,-0.108425,172,0,No fault,0x04,right,-693.456463,-2925,-0.120147,173,0,No fault,44.00
2026-08-14T14:24:17.352,1786710257.352720,7.210256,3,-3000,5.000000,245,-3000,0x03,left,143.948960,-2836,-0.155311,172,0,No fault,0x04,right,-694.159242,-2925,-0.196337,174,0,No fault,89.00
2026-08-14T14:24:17.358,1786710257.358339,7.215880,3,-3000,5.000000,246,-3000,0x03,left,143.224219,-2925,-0.073260,172,0,No fault,0x04,right,-694.883983,-3015,-0.149451,174,0,No fault,90.00
2026-08-14T14:24:17.364,1786710257.364623,7.222165,3,-3000,5.000000,247,-3000,0x03,left,142.499478,-2791,-0.143590,172,0,No fault,0x04,right,-696.311504,-3104,-0.167033,174,0,No fault,313.00
2026-08-14T14:24:17.371,1786710257.371504,7.229041,3,-3000,5.000000,248,-3000,0x03,left,141.796698,-2791,-0.143590,176,0,No fault,0x04,right,-697.014283,-2881,-0.167033,174,0,No fault,90.00
2026-08-14T14:24:17.376,1786710257.376731,7.234272,3,-3000,5.000000,249,-3000,0x03,left,141.071957,-2970,-0.149451,172,0,No fault,0x04,right,-697.739024,-3015,-0.202198,171,0,No fault,45.00
2026-08-14T14:24:17.382,1786710257.382010,7.239549,3,-3000,5.000000,250,-3000,0x03,left,140.369178,-2970,-0.131868,171,0,No fault,0x04,right,-698.441803,-2791,-0.172894,174,0,No fault,-179.00
2026-08-14T14:24:17.387,1786710257.387284,7.244821,3,-3000,5.000000,251,-3000,0x03,left,139.644437,-3193,-0.167033,172,0,No fault,0x04,right,-699.166544,-2836,-0.172894,174,0,No fault,-357.00
2026-08-14T14:24:17.392,1786710257.392552,7.250091,3,-3000,5.000000,252,-3000,0x03,left,138.941658,-2791,-0.184615,172,0,No fault,0x04,right,-699.869324,-3015,-0.202198,174,0,No fault,224.00
2026-08-14T14:24:17.397,1786710257.397829,7.255367,3,-3000,5.000000,253,-3000,0x03,left,138.216917,-2747,-0.190476,173,0,No fault,0x04,right,-700.594065,-2970,-0.155311,174,0,No fault,223.00
2026-08-14T14:24:17.403,1786710257.403120,7.260657,3,-3000,5.000000,254,-3000,0x03,left,137.492175,-2925,-0.149451,170,0,No fault,0x04,right,-701.296844,-2925,-0.190476,174,0,No fault,0.00
2026-08-14T14:24:17.413,1786710257.413489,7.271029,3,-3000,5.000000,255,-3000,0x03,left,136.064655,-2836,-0.208059,172,0,No fault,0x04,right,-701.999623,-3149,-0.208059,176,0,No fault,313.00
2026-08-14T14:24:17.418,1786710257.418770,7.276309,3,-3000,5.000000,256,-3000,0x03,left,135.295990,-2791,-0.155311,172,0,No fault,0x04,right,-703.427144,-3059,-0.202198,174,0,No fault,268.00
2026-08-14T14:24:17.429,1786710257.429258,7.286797,3,-3000,5.000000,257,-3000,0x03,left,133.846508,-2791,-0.184615,167,0,No fault,0x04,right,-705.579405,-2970,-0.208059,174,0,No fault,179.00
2026-08-14T14:24:17.434,1786710257.434534,7.292074,3,-3000,5.000000,258,-3000,0x03,left,133.143729,-2791,-0.208059,172,0,No fault,0x04,right,-705.952757,-2702,-0.243223,175,0,No fault,-89.00
2026-08-14T14:24:17.439,1786710257.439851,7.297388,3,-3000,5.000000,259,-3000,0x03,left,131.518552,-2970,-0.102564,172,0,No fault,0x04,right,-706.677498,-3193,-0.167033,175,0,No fault,223.00
2026-08-14T14:24:17.445,1786710257.445120,7.302656,3,-3000,5.000000,260,-3000,0x03,left,131.167162,-2970,-0.167033,173,0,No fault,0x04,right,-707.402239,-3015,-0.184615,174,0,No fault,45.00
2026-08-14T14:24:17.450,1786710257.450385,7.307922,3,-3000,5.000000,261,-3000,0x03,left,130.793811,-3059,-0.213919,173,0,No fault,0x04,right,-708.105018,-3104,-0.184615,174,0,No fault,45.00
2026-08-14T14:24:17.455,1786710257.455651,7.313186,3,-3000,5.000000,262,-3000,0x03,left,130.091031,-2747,-0.196337,174,0,No fault,0x04,right,-708.807798,-2881,-0.202198,174,0,No fault,134.00
2026-08-14T14:24:17.460,1786710257.460904,7.318440,3,-3000,5.000000,263,-3000,0x03,left,129.366290,-3104,-0.155311,172,0,No fault,0x04,right,-709.510577,-3104,-0.172894,173,0,No fault,0.00
2026-08-14T14:24:17.466,1786710257.466221,7.323755,3,-3000,5.000000,264,-3000,0x03,left,128.641549,-3104,-0.137729,172,0,No fault,0x04,right,-710.257280,-2925,-0.172894,175,0,No fault,-179.00
2026-08-14T14:24:17.471,1786710257.471638,7.329174,3,-3000,5.000000,265,-3000,0x03,left,127.214029,-2970,-0.184615,174,0,No fault,0x04,right,-710.960059,-3104,-0.172894,174,0,No fault,134.00
2026-08-14T14:24:17.476,1786710257.476982,7.334517,3,-3000,5.000000,266,-3000,0x03,left,126.489288,-3283,-0.120147,172,0,No fault,0x04,right,-711.662838,-2747,-0.225641,171,0,No fault,-536.00
2026-08-14T14:24:17.482,1786710257.482245,7.339779,3,-3000,5.000000,267,-3000,0x03,left,125.764546,-3193,-0.143590,171,0,No fault,0x04,right,-712.387579,-3149,-0.143590,174,0,No fault,-44.00
2026-08-14T14:24:17.487,1786710257.487500,7.345035,3,-3000,5.000000,268,-3000,0x03,left,125.039805,-3193,-0.172894,172,0,No fault,0x04,right,-713.090359,-2747,-0.190476,174,0,No fault,-446.00
2026-08-14T14:24:17.492,1786710257.492784,7.350318,3,-3000,5.000000,269,-3000,0x03,left,124.337026,-3015,-0.149451,172,0,No fault,0x04,right,-713.815100,-3104,-0.161172,174,0,No fault,89.00
2026-08-14T14:24:17.498,1786710257.498037,7.355572,3,-3000,5.000000,270,-3000,0x03,left,123.612285,-2925,-0.114286,173,0,No fault,0x04,right,-714.517879,-2791,-0.208059,174,0,No fault,-134.00
2026-08-14T14:24:17.503,1786710257.503294,7.360827,3,-3000,5.000000,271,-3000,0x03,left,122.887544,-3059,-0.131868,172,0,No fault,0x04,right,-715.242620,-3238,-0.137729,174,0,No fault,179.00
2026-08-14T14:24:17.508,1786710257.508542,7.366075,3,-3000,5.000000,272,-3000,0x03,left,122.162803,-3059,-0.184615,173,0,No fault,0x04,right,-715.945400,-2970,-0.208059,174,0,No fault,-89.00
2026-08-14T14:24:17.513,1786710257.513789,7.371322,3,-3000,5.000000,273,-3000,0x03,left,121.460023,-3104,-0.172894,174,0,No fault,0x04,right,-716.670141,-3059,-0.172894,172,0,No fault,-45.00
2026-08-14T14:24:17.519,1786710257.519038,7.376572,3,-3000,5.000000,274,-3000,0x03,left,120.735282,-3193,-0.143590,172,0,No fault,0x04,right,-717.372920,-3059,-0.225641,173,0,No fault,-134.00
2026-08-14T14:24:17.524,1786710257.524295,7.381830,3,-3000,5.000000,275,-3000,0x03,left,120.010541,-3238,-0.137729,172,0,No fault,0x04,right,-718.075699,-2836,-0.172894,174,0,No fault,-402.00
2026-08-14T14:24:17.529,1786710257.529550,7.387084,3,-3000,5.000000,276,-3000,0x03,left,119.307762,-2881,-0.190476,171,0,No fault,0x04,right,-718.800440,-3059,-0.208059,174,0,No fault,178.00
2026-08-14T14:24:17.534,1786710257.534804,7.392338,3,-3000,5.000000,277,-3000,0x03,left,118.604983,-2970,-0.196337,172,0,No fault,0x04,right,-719.503220,-3059,-0.178755,173,0,No fault,89.00
2026-08-14T14:24:17.540,1786710257.540054,7.397588,3,-3000,5.000000,278,-3000,0x03,left,117.880241,-2970,-0.120147,170,0,No fault,0x04,right,719.085944,-2925,-0.243223,174,0,No fault,-45.00
2026-08-14T14:24:17.545,1786710257.545373,7.402905,3,-3000,5.000000,279,-3000,0x03,left,117.155500,-3193,-0.143590,172,0,No fault,0x04,right,718.361203,-2970,-0.184615,174,0,No fault,-223.00
2026-08-14T14:24:17.550,1786710257.550691,7.408257,3,-3000,5.000000,280,-3000,0x03,left,116.430759,-3015,-0.178755,172,0,No fault,0x04,right,716.955645,-2747,-0.184615,176,0,No fault,-268.00
2026-08-14T14:24:17.556,1786710257.556034,7.413565,3,-3000,5.000000,281,-3000,0x03,left,115.727980,-2970,-0.184615,171,0,No fault,0x04,right,716.230904,-2925,-0.213919,174,0,No fault,-45.00
2026-08-14T14:24:17.561,1786710257.561266,7.418795,3,-3000,5.000000,282,-3000,0x03,left,115.025201,-3015,-0.161172,171,0,No fault,0x04,right,715.506162,-3015,-0.172894,171,0,No fault,0.00
2026-08-14T14:24:17.566,1786710257.566493,7.424023,3,-3000,5.000000,283,-3000,0x03,left,114.300460,-3104,-0.167033,171,0,No fault,0x04,right,714.803383,-2970,-0.243223,175,0,No fault,-134.00
2026-08-14T14:24:17.571,1786710257.571720,7.429250,3,-3000,5.000000,284,-3000,0x03,left,113.597680,-2881,-0.219780,167,0,No fault,0x04,right,714.078642,-2970,-0.184615,175,0,No fault,89.00
2026-08-14T14:24:17.576,1786710257.576945,7.434475,3,-3000,5.000000,285,-3000,0x03,left,112.872939,-2970,-0.184615,171,0,No fault,0x04,right,713.375863,-2925,-0.231502,177,0,No fault,-45.00
2026-08-14T14:24:17.582,1786710257.582227,7.439779,3,-3000,5.000000,286,-3000,0x03,left,112.170160,-3015,-0.137729,172,0,No fault,0x04,right,712.651122,-2970,-0.143590,174,0,No fault,-45.00
2026-08-14T14:24:17.587,1786710257.587542,7.445073,3,-3000,5.000000,287,-3000,0x03,left,111.445419,-3059,-0.172894,172,0,No fault,0x04,right,711.948342,-2970,-0.196337,174,0,No fault,-89.00
2026-08-14T14:24:17.592,1786710257.592782,7.450313,3,-3000,5.000000,288,-3000,0x03,left,110.720678,-2881,-0.149451,172,0,No fault,0x04,right,711.245563,-2791,-0.196337,174,0,No fault,-90.00
2026-08-14T14:24:17.598,1786710257.598018,7.455548,3,-3000,5.000000,289,-3000,0x03,left,110.017898,-3059,-0.172894,167,0,No fault,0x04,right,710.520822,-3015,-0.190476,175,0,No fault,-44.00
2026-08-14T14:24:17.603,1786710257.603248,7.460778,3,-3000,5.000000,290,-3000,0x03,left,109.315119,-2791,-0.137729,173,0,No fault,0x04,right,709.818043,-3015,-0.190476,173,0,No fault,224.00
2026-08-14T14:24:17.618,1786710257.618704,7.476242,3,-3000,5.000000,291,-3000,0x03,left,107.140896,-2970,-0.143590,173,0,No fault,0x04,right,708.390522,-2836,-0.178755,176,0,No fault,-134.00
2026-08-14T14:24:17.629,1786710257.629227,7.486767,3,-3000,5.000000,292,-3000,0x03,left,105.713375,-3059,-0.126007,172,0,No fault,0x04,right,705.601367,-2970,-0.172894,174,0,No fault,-89.00
2026-08-14T14:24:17.634,1786710257.634565,7.492095,3,-3000,5.000000,293,-3000,0x03,left,104.966672,-3238,-0.143590,170,0,No fault,0x04,right,705.206054,-3059,-0.237363,174,0,No fault,-179.00
2026-08-14T14:24:17.639,1786710257.639801,7.497338,3,-3000,5.000000,294,-3000,0x03,left,103.407381,-2836,-0.108425,171,0,No fault,0x04,right,704.481313,-2836,-0.208059,173,0,No fault,0.00
2026-08-14T14:24:17.645,1786710257.645081,7.502617,3,-3000,5.000000,295,-3000,0x03,left,103.055991,-2925,-0.073260,173,0,No fault,0x04,right,703.800495,-3059,-0.231502,175,0,No fault,134.00
2026-08-14T14:24:17.650,1786710257.650380,7.507912,3,-3000,5.000000,296,-3000,0x03,left,102.660678,-2881,-0.161172,172,0,No fault,0x04,right,703.097716,-2925,-0.202198,174,0,No fault,44.00
2026-08-14T14:24:17.655,1786710257.655655,7.513190,3,-3000,5.000000,297,-3000,0x03,left,101.935937,-2970,-0.131868,172,0,No fault,0x04,right,702.372975,-2747,-0.208059,173,0,No fault,-223.00
2026-08-14T14:24:17.660,1786710257.660937,7.518471,3,-3000,5.000000,298,-3000,0x03,left,101.233158,-2881,-0.155311,174,0,No fault,0x04,right,701.648234,-2925,-0.196337,173,0,No fault,44.00
2026-08-14T14:24:17.666,1786710257.666284,7.523818,3,-3000,5.000000,299,-3000,0x03,left,100.508416,-2925,-0.126007,172,0,No fault,0x04,right,700.923493,-3104,-0.184615,175,0,No fault,179.00
2026-08-14T14:24:17.671,1786710257.671819,7.529350,3,-3000,5.000000,300,-3000,0x03,left,99.080896,-2836,-0.161172,170,0,No fault,0x04,right,700.220713,-2881,-0.143590,174,0,No fault,45.00
2026-08-14T14:24:17.677,1786710257.677053,7.534582,3,-3000,5.000000,301,-3000,0x03,left,98.334193,-3149,-0.161172,171,0,No fault,0x04,right,699.495972,-3059,-0.225641,175,0,No fault,-90.00
2026-08-14T14:24:17.682,1786710257.682352,7.539883,3,-3000,5.000000,302,-3000,0x03,left,97.653376,-2881,-0.143590,172,0,No fault,0x04,right,698.771231,-3193,-0.202198,174,0,No fault,312.00
2026-08-14T14:24:17.687,1786710257.687583,7.545112,3,-3000,5.000000,303,-3000,0x03,left,96.906673,-3104,-0.167033,173,0,No fault,0x04,right,698.068452,-2836,-0.208059,171,0,No fault,-268.00
2026-08-14T14:24:17.692,1786710257.692804,7.550333,3,-3000,5.000000,304,-3000,0x03,left,96.203893,-2881,-0.190476,169,0,No fault,0x04,right,697.343711,-3015,-0.155311,172,0,No fault,134.00
2026-08-14T14:24:17.698,1786710257.698025,7.555554,3,-3000,5.000000,305,-3000,0x03,left,95.501114,-2970,-0.225641,171,0,No fault,0x04,right,696.640931,-2970,-0.225641,174,0,No fault,0.00
2026-08-14T14:24:17.703,1786710257.703260,7.560794,3,-3000,5.000000,306,-3000,0x03,left,94.776373,-2881,-0.114286,173,0,No fault,0x04,right,695.916190,-2925,-0.137729,173,0,No fault,44.00
2026-08-14T14:24:17.708,1786710257.708541,7.566074,3,-3000,5.000000,307,-3000,0x03,left,94.073594,-2970,-0.184615,172,0,No fault,0x04,right,695.213411,-3059,-0.184615,174,0,No fault,89.00
2026-08-14T14:24:17.713,1786710257.713794,7.571327,3,-3000,5.000000,308,-3000,0x03,left,93.348853,-3015,-0.149451,172,0,No fault,0x04,right,694.510632,-2970,-0.184615,174,0,No fault,-45.00
2026-08-14T14:24:17.719,1786710257.719062,7.576596,3,-3000,5.000000,309,-3000,0x03,left,92.646073,-2702,-0.167033,174,0,No fault,0x04,right,693.763929,-2970,-0.172894,174,0,No fault,268.00
2026-08-14T14:24:17.724,1786710257.724315,7.581849,3,-3000,5.000000,310,-3000,0x03,left,91.921332,-2881,-0.108425,172,0,No fault,0x04,right,693.061150,-2925,-0.172894,174,0,No fault,44.00
2026-08-14T14:24:17.729,1786710257.729575,7.587110,3,-3000,5.000000,311,-3000,0x03,left,91.196591,-3015,-0.155311,171,0,No fault,0x04,right,692.358370,-2791,-0.126007,174,0,No fault,-224.00
2026-08-14T14:24:17.734,1786710257.734845,7.592381,3,-3000,5.000000,312,-3000,0x03,left,90.493812,-2881,-0.155311,172,0,No fault,0x04,right,691.633629,-2970,-0.190476,174,0,No fault,89.00
2026-08-14T14:24:17.740,1786710257.740122,7.597658,3,-3000,5.000000,313,-3000,0x03,left,89.769071,-2881,-0.149451,169,0,No fault,0x04,right,690.908888,-2881,-0.143590,176,0,No fault,0.00
2026-08-14T14:24:17.745,1786710257.745409,7.602950,3,-3000,5.000000,314,-3000,0x03,left,89.066291,-2970,-0.108425,172,0,No fault,0x04,right,690.206109,-2925,-0.155311,174,0,No fault,-45.00
2026-08-14T14:24:17.750,1786710257.750708,7.608244,3,-3000,5.000000,315,-3000,0x03,left,88.319588,-3104,-0.120147,170,0,No fault,0x04,right,689.481368,-2970,-0.161172,172,0,No fault,-134.00
2026-08-14T14:24:17.755,1786710257.755972,7.613502,3,-3000,5.000000,316,-3000,0x03,left,87.616809,-2925,-0.143590,172,0,No fault,0x04,right,688.778588,-3015,-0.167033,174,0,No fault,90.00
2026-08-14T14:24:17.761,1786710257.761209,7.618738,3,-3000,5.000000,317,-3000,0x03,left,86.892068,-2970,-0.202198,173,0,No fault,0x04,right,688.053847,-2881,-0.155311,174,0,No fault,-89.00
2026-08-14T14:24:17.766,1786710257.766438,7.623967,3,-3000,5.000000,318,-3000,0x03,left,86.167327,-3015,-0.079121,173,0,No fault,0x04,right,687.351068,-2925,-0.155311,172,0,No fault,-90.00
2026-08-14T14:24:17.771,1786710257.771664,7.629192,3,-3000,5.000000,319,-3000,0x03,left,85.442586,-3104,-0.137729,173,0,No fault,0x04,right,686.626327,-3059,-0.161172,174,0,No fault,-45.00
2026-08-14T14:24:17.776,1786710257.776886,7.634414,3,-3000,5.000000,320,-3000,0x03,left,84.739807,-2925,-0.114286,172,0,No fault,0x04,right,685.901586,-3015,-0.126007,174,0,No fault,90.00
2026-08-14T14:24:17.782,1786710257.782194,7.639723,3,-3000,5.000000,321,-3000,0x03,left,84.015065,-2970,-0.184615,171,0,No fault,0x04,right,685.198806,-3104,-0.202198,173,0,No fault,134.00
2026-08-14T14:24:17.787,1786710257.787575,7.645104,3,-3000,5.000000,322,-3000,0x03,left,83.312286,-2881,-0.090842,173,0,No fault,0x04,right,683.771286,-3015,-0.143590,174,0,No fault,134.00
2026-08-14T14:24:17.792,1786710257.792886,7.650416,3,-3000,5.000000,323,-3000,0x03,left,82.587545,-2836,-0.114286,175,0,No fault,0x04,right,683.024583,-3059,-0.178755,174,0,No fault,223.00
2026-08-14T14:24:17.798,1786710257.798143,7.655681,3,-3000,5.000000,324,-3000,0x03,left,81.862804,-2791,-0.143590,172,0,No fault,0x04,right,682.321804,-3059,-0.184615,174,0,No fault,268.00
2026-08-14T14:24:17.803,1786710257.803412,7.660958,3,-3000,5.000000,325,-3000,0x03,left,81.160025,-3193,-0.208059,173,0,No fault,0x04,right,681.619025,-2836,-0.208059,174,0,No fault,-357.00
2026-08-14T14:24:17.819,1786710257.819137,7.676683,3,-3000,5.000000,326,-3000,0x03,left,78.283022,-2791,-0.184615,172,0,No fault,0x04,right,680.213466,-2747,-0.225641,174,0,No fault,-44.00
2026-08-14T14:24:17.834,1786710257.834802,7.692352,3,-3000,5.000000,327,-3000,0x03,left,76.855502,-2970,-0.161172,171,0,No fault,0x04,right,677.314502,-3015,-0.131868,174,0,No fault,45.00
2026-08-14T14:24:17.840,1786710257.840222,7.697773,3,-3000,5.000000,328,-3000,0x03,left,76.130761,-2881,-0.202198,173,0,No fault,0x04,right,676.941150,-2881,-0.155311,174,0,No fault,0.00
2026-08-14T14:24:17.845,1786710257.845545,7.703090,3,-3000,5.000000,329,-3000,0x03,left,74.351850,-2791,-0.161172,172,0,No fault,0x04,right,676.238371,-2836,-0.260806,174,0,No fault,45.00
2026-08-14T14:24:17.850,1786710257.850808,7.708339,3,-3000,5.000000,330,-3000,0x03,left,73.978499,-2970,-0.172894,173,0,No fault,0x04,right,675.513630,-2970,-0.184615,174,0,No fault,0.00
2026-08-14T14:24:17.856,1786710257.856008,7.713537,3,-3000,5.000000,331,-3000,0x03,left,73.605148,-3238,-0.196337,172,0,No fault,0x04,right,674.810850,-2881,-0.213919,174,0,No fault,-357.00
2026-08-14T14:24:17.861,1786710257.861531,7.719078,3,-3000,5.000000,332,-3000,0x03,left,72.902368,-2925,-0.219780,172,0,No fault,0x04,right,673.405292,-2836,-0.219780,174,0,No fault,-89.00
2026-08-14T14:24:17.866,1786710257.866921,7.724459,3,-3000,5.000000,333,-3000,0x03,left,72.199589,-2970,-0.149451,170,0,No fault,0x04,right,672.680551,-2881,-0.178755,174,0,No fault,-89.00
2026-08-14T14:24:17.872,1786710257.872183,7.729716,3,-3000,5.000000,334,-3000,0x03,left,71.452886,-3015,-0.131868,172,0,No fault,0x04,right,671.955810,-3104,-0.219780,174,0,No fault,89.00
2026-08-14T14:24:17.877,1786710257.877441,7.734975,3,-3000,5.000000,335,-3000,0x03,left,70.750107,-2970,-0.208059,172,0,No fault,0x04,right,671.231069,-3149,-0.190476,175,0,No fault,179.00
2026-08-14T14:24:17.882,1786710257.882708,7.740239,3,-3000,5.000000,336,-3000,0x03,left,70.025366,-2970,-0.190476,170,0,No fault,0x04,right,670.528289,-3015,-0.213919,174,0,No fault,45.00
2026-08-14T14:24:17.888,1786710257.888019,7.745550,3,-3000,5.000000,337,-3000,0x03,left,69.322586,-2881,-0.172894,171,0,No fault,0x04,right,669.803548,-3015,-0.161172,174,0,No fault,134.00
2026-08-14T14:24:17.893,1786710257.893319,7.750849,3,-3000,5.000000,338,-3000,0x03,left,67.873104,-3104,-0.167033,172,0,No fault,0x04,right,669.100769,-3015,-0.161172,173,0,No fault,-89.00
2026-08-14T14:24:17.898,1786710257.898621,7.756151,3,-3000,5.000000,339,-3000,0x03,left,67.148363,-3059,-0.196337,173,0,No fault,0x04,right,668.376028,-2970,-0.208059,174,0,No fault,-89.00
2026-08-14T14:24:17.903,1786710257.903845,7.761373,3,-3000,5.000000,340,-3000,0x03,left,66.445584,-2925,-0.131868,171,0,No fault,0x04,right,667.673248,-2881,-0.184615,176,0,No fault,-44.00
2026-08-14T14:24:17.909,1786710257.909062,7.766590,3,-3000,5.000000,341,-3000,0x03,left,65.720843,-3015,-0.126007,174,0,No fault,0x04,right,666.948507,-2970,-0.196337,174,0,No fault,-45.00
2026-08-14T14:24:17.914,1786710257.914277,7.771804,3,-3000,5.000000,342,-3000,0x03,left,64.974140,-3372,-0.149451,173,0,No fault,0x04,right,666.245728,-3015,-0.178755,174,0,No fault,-357.00
2026-08-14T14:24:17.919,1786710257.919493,7.777022,3,-3000,5.000000,343,-3000,0x03,left,64.271360,-3149,-0.155311,173,0,No fault,0x04,right,665.520987,-3059,-0.172894,174,0,No fault,-90.00
2026-08-14T14:24:17.924,1786710257.924715,7.782243,3,-3000,5.000000,344,-3000,0x03,left,63.568581,-2881,-0.114286,174,0,No fault,0x04,right,664.818208,-2925,-0.213919,174,0,No fault,44.00
2026-08-14T14:24:17.929,1786710257.929993,7.787522,3,-3000,5.000000,345,-3000,0x03,left,62.843840,-2970,-0.149451,171,0,No fault,0x04,right,664.093467,-3015,-0.167033,174,0,No fault,45.00
2026-08-14T14:24:17.935,1786710257.935210,7.792740,3,-3000,5.000000,346,-3000,0x03,left,62.119099,-3149,-0.161172,172,0,No fault,0x04,right,663.390687,-2925,-0.219780,174,0,No fault,-224.00
2026-08-14T14:24:17.940,1786710257.940430,7.797957,3,-3000,5.000000,347,-3000,0x03,left,61.438281,-2657,-0.178755,171,0,No fault,0x04,right,662.665946,-2881,-0.155311,175,0,No fault,224.00
2026-08-14T14:24:17.945,1786710257.945669,7.803198,3,-3000,5.000000,348,-3000,0x03,left,60.735502,-2657,-0.137729,172,0,No fault,0x04,right,661.941205,-3283,-0.237363,177,0,No fault,626.00
2026-08-14T14:24:17.950,1786710257.950898,7.808428,3,-3000,5.000000,349,-3000,0x03,left,59.988799,-2970,-0.126007,174,0,No fault,0x04,right,661.216464,-3015,-0.155311,175,0,No fault,45.00
2026-08-14T14:24:17.956,1786710257.956136,7.813664,3,-3000,5.000000,350,-3000,0x03,left,59.286020,-2970,-0.190476,171,0,No fault,0x04,right,660.535647,-2747,-0.178755,175,0,No fault,-223.00
2026-08-14T14:24:17.961,1786710257.961356,7.818885,3,-3000,5.000000,351,-3000,0x03,left,58.561279,-3015,-0.208059,172,0,No fault,0x04,right,659.788944,-3193,-0.208059,174,0,No fault,178.00
2026-08-14T14:24:17.966,1786710257.966574,7.824102,3,-3000,5.000000,352,-3000,0x03,left,57.858500,-2970,-0.184615,171,0,No fault,0x04,right,659.086164,-3059,-0.213919,174,0,No fault,89.00
2026-08-14T14:24:17.971,1786710257.971823,7.829352,3,-3000,5.000000,353,-3000,0x03,left,57.133758,-2970,-0.137729,172,0,No fault,0x04,right,658.383385,-2925,-0.196337,174,0,No fault,-45.00
2026-08-14T14:24:17.977,1786710257.977040,7.834568,3,-3000,5.000000,354,-3000,0x03,left,56.430979,-2881,-0.196337,171,0,No fault,0x04,right,657.658644,-3104,-0.190476,174,0,No fault,223.00
2026-08-14T14:24:17.982,1786710257.982252,7.839780,3,-3000,5.000000,355,-3000,0x03,left,55.728200,-2970,-0.219780,172,0,No fault,0x04,right,656.955865,-3015,-0.190476,174,0,No fault,45.00
2026-08-14T14:24:17.987,1786710257.987461,7.844988,3,-3000,5.000000,356,-3000,0x03,left,55.003459,-3193,-0.155311,171,0,No fault,0x04,right,656.231123,-2970,-0.190476,175,0,No fault,-223.00
2026-08-14T14:24:17.992,1786710257.992668,7.850196,3,-3000,5.000000,357,-3000,0x03,left,54.300679,-3015,-0.167033,175,0,No fault,0x04,right,655.528344,-2836,-0.167033,172,0,No fault,-179.00
2026-08-14T14:24:17.997,1786710257.997877,7.855404,3,-3000,5.000000,358,-3000,0x03,left,53.575938,-2881,-0.213919,172,0,No fault,0x04,right,654.781641,-3238,-0.196337,174,0,No fault,357.00
2026-08-14T14:24:18.003,1786710258.003083,7.860610,3,-3000,5.000000,359,-3000,0x03,left,52.873159,-2925,-0.190476,173,0,No fault,0x04,right,654.078862,-2925,-0.167033,174,0,No fault,0.00
2026-08-14T14:24:18.008,1786710258.008292,7.865819,3,-3000,5.000000,360,-3000,0x03,left,52.148418,-3059,-0.149451,170,0,No fault,0x04,right,653.376083,-2747,-0.196337,173,0,No fault,-312.00
2026-08-14T14:24:18.018,1786710258.018570,7.876101,3,-3000,5.000000,361,-3000,0x03,left,50.742859,-2881,-0.202198,174,0,No fault,0x04,right,652.651342,-3059,-0.161172,174,0,No fault,178.00
2026-08-14T14:24:18.023,1786710258.023812,7.881344,3,-3000,5.000000,362,-3000,0x03,left,50.018118,-2881,-0.178755,174,0,No fault,0x04,right,651.223821,-3059,-0.190476,174,0,No fault,178.00
2026-08-14T14:24:18.034,1786710258.034145,7.891694,3,-3000,5.000000,363,-3000,0x03,left,49.271415,-3015,-0.149451,172,0,No fault,0x04,right,649.159407,-2791,-0.184615,174,0,No fault,-224.00
2026-08-14T14:24:18.039,1786710258.039509,7.897046,3,-3000,5.000000,364,-3000,0x03,left,47.821933,-2836,-0.155311,172,0,No fault,0x04,right,648.786056,-3015,-0.178755,175,0,No fault,179.00
2026-08-14T14:24:18.044,1786710258.044776,7.902312,3,-3000,5.000000,365,-3000,0x03,left,46.152832,-2836,-0.102564,176,0,No fault,0x04,right,648.083276,-2568,-0.225641,174,0,No fault,-268.00
2026-08-14T14:24:18.050,1786710258.050025,7.907557,3,-3000,5.000000,366,-3000,0x03,left,45.823405,-2970,-0.126007,173,0,No fault,0x04,right,647.270688,-3015,-0.172894,174,0,No fault,45.00
2026-08-14T14:24:18.055,1786710258.055335,7.912869,3,-3000,5.000000,367,-3000,0x03,left,45.406129,-3193,-0.178755,171,0,No fault,0x04,right,646.611832,-2791,-0.196337,174,0,No fault,-402.00
2026-08-14T14:24:18.060,1786710258.060521,7.918053,3,-3000,5.000000,368,-3000,0x03,left,44.681388,-2970,-0.149451,173,0,No fault,0x04,right,645.887091,-3104,-0.219780,174,0,No fault,134.00
2026-08-14T14:24:18.065,1786710258.065748,7.923278,3,-3000,5.000000,369,-3000,0x03,left,43.956647,-3149,-0.149451,172,0,No fault,0x04,right,645.162350,-3104,-0.219780,174,0,No fault,-45.00
2026-08-14T14:24:18.070,1786710258.070974,7.928503,3,-3000,5.000000,370,-3000,0x03,left,43.231906,-3015,-0.073260,172,0,No fault,0x04,right,644.415647,-2836,-0.190476,174,0,No fault,-179.00
2026-08-14T14:24:18.076,1786710258.076191,7.933721,3,-3000,5.000000,371,-3000,0x03,left,42.507165,-3015,-0.137729,172,0,No fault,0x04,right,643.734830,-2970,-0.208059,175,0,No fault,-45.00
2026-08-14T14:24:18.081,1786710258.081424,7.938962,3,-3000,5.000000,372,-3000,0x03,left,41.804386,-3015,-0.155311,172,0,No fault,0x04,right,642.988127,-2925,-0.208059,174,0,No fault,-90.00
2026-08-14T14:24:18.086,1786710258.086713,7.944250,3,-3000,5.000000,373,-3000,0x03,left,41.101606,-2791,-0.149451,170,0,No fault,0x04,right,642.263386,-2836,-0.202198,175,0,No fault,45.00
2026-08-14T14:24:18.091,1786710258.091981,7.949516,3,-3000,5.000000,374,-3000,0x03,left,40.376865,-2970,-0.120147,172,0,No fault,0x04,right,641.560606,-3015,-0.178755,176,0,No fault,45.00
2026-08-14T14:24:18.097,1786710258.097232,7.954767,3,-3000,5.000000,375,-3000,0x03,left,39.630162,-2925,-0.149451,172,0,No fault,0x04,right,640.835865,-2925,-0.219780,174,0,No fault,0.00
2026-08-14T14:24:18.102,1786710258.102475,7.960010,3,-3000,5.000000,376,-3000,0x03,left,38.927383,-2925,-0.213919,170,0,No fault,0x04,right,640.155048,-2836,-0.172894,172,0,No fault,-89.00
2026-08-14T14:24:18.107,1786710258.107721,7.965255,3,-3000,5.000000,377,-3000,0x03,left,38.224604,-2970,-0.155311,171,0,No fault,0x04,right,639.408345,-2970,-0.208059,174,0,No fault,0.00
2026-08-14T14:24:18.112,1786710258.112964,7.970497,3,-3000,5.000000,378,-3000,0x03,left,37.499863,-2970,-0.120147,171,0,No fault,0x04,right,638.727527,-3104,-0.184615,176,0,No fault,134.00
2026-08-14T14:24:18.118,1786710258.118207,7.975740,3,-3000,5.000000,379,-3000,0x03,left,36.775121,-2925,-0.190476,171,0,No fault,0x04,right,638.024748,-2881,-0.249084,174,0,No fault,-44.00
2026-08-14T14:24:18.123,1786710258.123451,7.980983,3,-3000,5.000000,380,-3000,0x03,left,36.072342,-2702,-0.190476,172,0,No fault,0x04,right,637.300007,-3193,-0.213919,177,0,No fault,491.00
2026-08-14T14:24:18.128,1786710258.128689,7.986222,3,-3000,5.000000,381,-3000,0x03,left,35.369563,-2970,-0.172894,173,0,No fault,0x04,right,636.597228,-2791,-0.260806,172,0,No fault,-179.00
2026-08-14T14:24:18.133,1786710258.133932,7.991465,3,-3000,5.000000,382,-3000,0x03,left,34.622860,-3015,-0.102564,173,0,No fault,0x04,right,635.872487,-3149,-0.161172,174,0,No fault,134.00
2026-08-14T14:24:18.139,1786710258.139204,7.996741,3,-3000,5.000000,383,-3000,0x03,left,33.898119,-3104,-0.202198,171,0,No fault,0x04,right,635.169707,-3015,-0.184615,174,0,No fault,-89.00
2026-08-14T14:24:18.144,1786710258.144863,8.002395,3,-3000,5.000000,384,-3000,0x03,left,33.195340,-2925,-0.196337,172,0,No fault,0x04,right,633.720225,-2970,-0.208059,175,0,No fault,45.00
2026-08-14T14:24:18.150,1786710258.150309,8.007841,3,-3000,5.000000,385,-3000,0x03,left,31.767819,-3104,-0.090842,169,0,No fault,0x04,right,632.995484,-3015,-0.167033,174,0,No fault,-89.00
2026-08-14T14:24:18.155,1786710258.155644,8.013174,3,-3000,5.000000,386,-3000,0x03,left,31.043078,-3059,-0.137729,173,0,No fault,0x04,right,632.292705,-2925,-0.149451,174,0,No fault,-134.00
2026-08-14T14:24:18.160,1786710258.160865,8.018395,3,-3000,5.000000,387,-3000,0x03,left,30.340299,-2791,-0.184615,173,0,No fault,0x04,right,631.567964,-3104,-0.190476,174,0,No fault,313.00
2026-08-14T14:24:18.166,1786710258.166177,8.023707,3,-3000,5.000000,388,-3000,0x03,left,29.615558,-3149,-0.137729,173,0,No fault,0x04,right,630.865184,-3104,-0.184615,173,0,No fault,-45.00
2026-08-14T14:24:18.171,1786710258.171395,8.028923,3,-3000,5.000000,389,-3000,0x03,left,28.890817,-3015,-0.079121,172,0,No fault,0x04,right,630.118481,-2836,-0.143590,175,0,No fault,-179.00
2026-08-14T14:24:18.176,1786710258.176608,8.034136,3,-3000,5.000000,390,-3000,0x03,left,28.166075,-2881,-0.137729,172,0,No fault,0x04,right,629.393740,-3149,-0.172894,174,0,No fault,268.00
2026-08-14T14:24:18.181,1786710258.181820,8.039348,3,-3000,5.000000,391,-3000,0x03,left,27.463296,-2970,-0.172894,172,0,No fault,0x04,right,628.668999,-2970,-0.149451,174,0,No fault,0.00
2026-08-14T14:24:18.187,1786710258.187031,8.044558,3,-3000,5.000000,392,-3000,0x03,left,26.738555,-3104,-0.137729,172,0,No fault,0x04,right,627.966220,-3059,-0.184615,174,0,No fault,-45.00
2026-08-14T14:24:18.192,1786710258.192238,8.049767,3,-3000,5.000000,393,-3000,0x03,left,26.013814,-2836,-0.090842,170,0,No fault,0x04,right,627.241479,-3149,-0.161172,174,0,No fault,313.00
2026-08-14T14:24:18.197,1786710258.197451,8.054979,3,-3000,5.000000,394,-3000,0x03,left,25.289073,-2881,-0.126007,169,0,No fault,0x04,right,626.538699,-2925,-0.161172,174,0,No fault,44.00
2026-08-14T14:24:18.202,1786710258.202662,8.060190,3,-3000,5.000000,395,-3000,0x03,left,24.564332,-2925,-0.149451,172,0,No fault,0x04,right,625.813958,-2881,-0.167033,174,0,No fault,-44.00
2026-08-14T14:24:18.207,1786710258.207872,8.065400,3,-3000,5.000000,396,-3000,0x03,left,23.861552,-2925,-0.131868,172,0,No fault,0x04,right,625.089217,-2925,-0.184615,174,0,No fault,0.00
2026-08-14T14:24:18.223,1786710258.223402,8.080951,3,-3000,5.000000,397,-3000,0x03,left,21.687329,-3015,-0.167033,173,0,No fault,0x04,right,623.661697,-3015,-0.143590,174,0,No fault,0.00
2026-08-14T14:24:18.233,1786710258.233820,8.091357,3,-3000,5.000000,398,-3000,0x03,left,20.962588,-2970,-0.114286,171,0,No fault,0x04,right,621.136084,-3059,-0.172894,174,0,No fault,89.00
2026-08-14T14:24:18.239,1786710258.239103,8.096640,3,-3000,5.000000,399,-3000,0x03,left,19.513106,-3015,-0.196337,170,0,No fault,0x04,right,620.784694,-2881,-0.172894,173,0,No fault,-134.00
2026-08-14T14:24:18.244,1786710258.244370,8.101904,3,-3000,5.000000,400,-3000,0x03,left,17.953814,-2836,-0.126007,174,0,No fault,0x04,right,620.389381,-3059,-0.196337,174,0,No fault,223.00
2026-08-14T14:24:18.249,1786710258.249713,8.107255,3,-3000,5.000000,401,-3000,0x03,left,17.580463,-2925,-0.143590,172,0,No fault,0x04,right,619.686601,-2881,-0.219780,174,0,No fault,-44.00
2026-08-14T14:24:18.255,1786710258.255099,8.112637,3,-3000,5.000000,402,-3000,0x03,left,17.207111,-2657,-0.137729,175,0,No fault,0x04,right,618.961860,-3149,-0.178755,174,0,No fault,492.00
2026-08-14T14:24:18.260,1786710258.260505,8.118042,3,-3000,5.000000,403,-3000,0x03,left,16.460408,-3059,-0.178755,171,0,No fault,0x04,right,617.534340,-3059,-0.190476,174,0,No fault,0.00
2026-08-14T14:24:18.265,1786710258.265837,8.123368,3,-3000,5.000000,404,-3000,0x03,left,15.779591,-2881,-0.219780,171,0,No fault,0x04,right,616.787637,-3104,-0.225641,175,0,No fault,223.00
2026-08-14T14:24:18.271,1786710258.271070,8.128600,3,-3000,5.000000,405,-3000,0x03,left,15.054850,-3104,-0.161172,170,0,No fault,0x04,right,616.106820,-2747,-0.219780,174,0,No fault,-357.00
2026-08-14T14:24:18.276,1786710258.276309,8.133836,3,-3000,5.000000,406,-3000,0x03,left,14.330109,-2925,-0.120147,172,0,No fault,0x04,right,615.382078,-3149,-0.202198,174,0,No fault,224.00
2026-08-14T14:24:18.281,1786710258.281527,8.139054,3,-3000,5.000000,407,-3000,0x03,left,13.627329,-2836,-0.202198,172,0,No fault,0x04,right,614.679299,-3059,-0.213919,174,0,No fault,223.00
2026-08-14T14:24:18.286,1786710258.286741,8.144270,3,-3000,5.000000,408,-3000,0x03,left,12.902588,-3104,-0.225641,172,0,No fault,0x04,right,613.954558,-2925,-0.196337,174,0,No fault,-179.00
2026-08-14T14:24:18.291,1786710258.291963,8.149491,3,-3000,5.000000,409,-3000,0x03,left,12.199809,-3238,-0.143590,175,0,No fault,0x04,right,613.273741,-2613,-0.208059,174,0,No fault,-625.00
2026-08-14T14:24:18.297,1786710258.297259,8.154787,3,-3000,5.000000,410,-3000,0x03,left,11.475068,-2925,-0.108425,171,0,No fault,0x04,right,612.549000,-3015,-0.202198,175,0,No fault,90.00
2026-08-14T14:24:18.302,1786710258.302480,8.160008,3,-3000,5.000000,411,-3000,0x03,left,10.772288,-2881,-0.237363,171,0,No fault,0x04,right,611.846220,-2791,-0.213919,173,0,No fault,-90.00
2026-08-14T14:24:18.307,1786710258.307693,8.165220,3,-3000,5.000000,412,-3000,0x03,left,10.047547,-2925,-0.190476,171,0,No fault,0x04,right,611.121479,-2970,-0.178755,175,0,No fault,45.00
2026-08-14T14:24:18.312,1786710258.312951,8.170499,3,-3000,5.000000,413,-3000,0x03,left,9.344768,-2970,-0.149451,172,0,No fault,0x04,right,610.418700,-2970,-0.290110,175,0,No fault,0.00
2026-08-14T14:24:18.318,1786710258.318265,8.175801,3,-3000,5.000000,414,-3000,0x03,left,8.620027,-2881,-0.108425,171,0,No fault,0x04,right,609.693959,-2970,-0.178755,173,0,No fault,89.00
2026-08-14T14:24:18.323,1786710258.323542,8.181079,3,-3000,5.000000,415,-3000,0x03,left,7.895286,-2881,-0.178755,170,0,No fault,0x04,right,608.991179,-2970,-0.149451,175,0,No fault,89.00
2026-08-14T14:24:18.328,1786710258.328856,8.186409,3,-3000,5.000000,416,-3000,0x03,left,7.214468,-2791,-0.219780,168,0,No fault,0x04,right,608.266438,-3059,-0.202198,174,0,No fault,268.00
2026-08-14T14:24:18.334,1786710258.334193,8.191743,3,-3000,5.000000,417,-3000,0x03,left,6.467765,-3238,-0.090842,173,0,No fault,0x04,right,607.541697,-3149,-0.231502,174,0,No fault,-89.00
2026-08-14T14:24:18.339,1786710258.339529,8.197075,3,-3000,5.000000,418,-3000,0x03,left,5.743024,-2881,-0.114286,171,0,No fault,0x04,right,606.838918,-2881,-0.161172,170,0,No fault,0.00
2026-08-14T14:24:18.344,1786710258.344995,8.202544,3,-3000,5.000000,419,-3000,0x03,left,5.018283,-3059,-0.178755,170,0,No fault,0x04,right,606.136139,-2925,-0.190476,174,0,No fault,-134.00
2026-08-14T14:24:18.350,1786710258.350503,8.208049,3,-3000,5.000000,420,-3000,0x03,left,3.590763,-3149,-0.137729,172,0,No fault,0x04,right,605.411398,-3059,-0.196337,175,0,No fault,-90.00
2026-08-14T14:24:18.355,1786710258.355829,8.213371,3,-3000,5.000000,421,-3000,0x03,left,2.866022,-2881,-0.114286,171,0,No fault,0x04,right,604.686656,-2925,-0.196337,174,0,No fault,44.00
2026-08-14T14:24:18.361,1786710258.361281,8.218812,3,-3000,5.000000,422,-3000,0x03,left,2.141281,-2970,-0.196337,171,0,No fault,0x04,right,603.983877,-3015,-0.131868,174,0,No fault,45.00
2026-08-14T14:24:18.366,1786710258.366524,8.224063,3,-3000,5.000000,423,-3000,0x03,left,1.438501,-2925,-0.167033,172,0,No fault,0x04,right,603.281098,-2791,-0.208059,174,0,No fault,-134.00
2026-08-14T14:24:18.371,1786710258.371818,8.229357,3,-3000,5.000000,424,-3000,0x03,left,0.713760,-3104,-0.137729,173,0,No fault,0x04,right,602.534395,-3149,-0.196337,174,0,No fault,45.00
2026-08-14T14:24:18.377,1786710258.377077,8.234610,3,-3000,5.000000,425,-3000,0x03,left,0.010981,-3059,-0.137729,173,0,No fault,0x04,right,601.853578,-2702,-0.213919,174,0,No fault,-357.00
2026-08-14T14:24:18.382,1786710258.382413,8.239940,3,-3000,5.000000,426,-3000,0x03,left,-0.713760,-2970,-0.260806,172,0,No fault,0x04,right,601.150798,-2970,-0.202198,174,0,No fault,0.00
2026-08-14T14:24:18.387,1786710258.387723,8.245261,3,-3000,5.000000,427,-3000,0x03,left,-1.438501,-3104,-0.196337,173,0,No fault,0x04,right,599.723278,-3015,-0.202198,174,0,No fault,-89.00
2026-08-14T14:24:18.393,1786710258.393109,8.250640,3,-3000,5.000000,428,-3000,0x03,left,-2.119319,-3104,-0.161172,172,0,No fault,0x04,right,598.998537,-2881,-0.213919,174,0,No fault,-223.00
2026-08-14T14:24:18.398,1786710258.398346,8.255877,3,-3000,5.000000,429,-3000,0x03,left,-2.844060,-3059,-0.126007,174,0,No fault,0x04,right,598.273796,-2881,-0.161172,174,0,No fault,-178.00
2026-08-14T14:24:18.403,1786710258.403573,8.261102,3,-3000,5.000000,430,-3000,0x03,left,-3.568801,-2970,-0.202198,172,0,No fault,0x04,right,597.571016,-2970,-0.167033,174,0,No fault,0.00
2026-08-14T14:24:18.408,1786710258.408854,8.266384,3,-3000,5.000000,431,-3000,0x03,left,-4.271580,-2925,-0.237363,172,0,No fault,0x04,right,596.846275,-3015,-0.208059,174,0,No fault,90.00
2026-08-14T14:24:18.424,1786710258.424278,8.281820,3,-3000,5.000000,432,-3000,0x03,left,-6.423842,-2970,-0.237363,173,0,No fault,0x04,right,596.121534,-3015,-0.184615,176,0,No fault,45.00
2026-08-14T14:24:18.439,1786710258.439908,8.297472,3,-3000,5.000000,433,-3000,0x03,left,-7.917248,-3015,-0.126007,171,0,No fault,0x04,right,592.366057,-2970,-0.161172,174,0,No fault,-45.00
2026-08-14T14:24:18.445,1786710258.445309,8.302854,3,-3000,5.000000,434,-3000,0x03,left,-8.685913,-3059,-0.149451,171,0,No fault,0x04,right,591.970744,-2836,-0.190476,174,0,No fault,-223.00
2026-08-14T14:24:18.450,1786710258.450637,8.308179,3,-3000,5.000000,435,-3000,0x03,left,-10.662479,-2970,-0.167033,176,0,No fault,0x04,right,591.224041,-3059,-0.231502,172,0,No fault,89.00
2026-08-14T14:24:18.455,1786710258.455936,8.313473,3,-3000,5.000000,436,-3000,0x03,left,-11.035831,-3104,-0.126007,173,0,No fault,0x04,right,590.543224,-2702,-0.172894,175,0,No fault,-402.00
2026-08-14T14:24:18.461,1786710258.461221,8.318769,3,-3000,5.000000,437,-3000,0x03,left,-11.453106,-3015,-0.120147,172,0,No fault,0x04,right,589.840444,-2925,-0.178755,170,0,No fault,-90.00
2026-08-14T14:24:18.466,1786710258.466558,8.324101,3,-3000,5.000000,438,-3000,0x03,left,-12.177847,-2970,-0.184615,171,0,No fault,0x04,right,589.115703,-3015,-0.184615,174,0,No fault,45.00
2026-08-14T14:24:18.471,1786710258.471842,8.329381,3,-3000,5.000000,439,-3000,0x03,left,-12.858664,-3015,-0.190476,171,0,No fault,0x04,right,588.412924,-3059,-0.202198,174,0,No fault,44.00
2026-08-14T14:24:18.477,1786710258.477118,8.334655,3,-3000,5.000000,440,-3000,0x03,left,-13.583406,-3104,-0.108425,169,0,No fault,0x04,right,587.688183,-2970,-0.208059,173,0,No fault,-134.00
2026-08-14T14:24:18.482,1786710258.482605,8.340143,3,-3000,5.000000,441,-3000,0x03,left,-15.032888,-3059,-0.178755,171,0,No fault,0x04,right,586.963442,-3149,-0.143590,174,0,No fault,90.00
2026-08-14T14:24:18.487,1786710258.487920,8.345461,3,-3000,5.000000,442,-3000,0x03,left,-15.735667,-2836,-0.184615,170,0,No fault,0x04,right,586.260663,-3015,-0.208059,172,0,No fault,179.00
2026-08-14T14:24:18.493,1786710258.493315,8.350851,3,-3000,5.000000,443,-3000,0x03,left,-16.482370,-3193,-0.090842,172,0,No fault,0x04,right,585.557883,-3149,-0.196337,174,0,No fault,-44.00
2026-08-14T14:24:18.498,1786710258.498729,8.356263,3,-3000,5.000000,444,-3000,0x03,left,-17.207111,-3059,-0.090842,173,0,No fault,0x04,right,584.855104,-2836,-0.231502,174,0,No fault,-223.00
2026-08-14T14:24:18.503,1786710258.503985,8.361521,3,-3000,5.000000,445,-3000,0x03,left,-17.931852,-2925,-0.202198,173,0,No fault,0x04,right,583.427584,-2881,-0.213919,177,0,No fault,-44.00
2026-08-14T14:24:18.509,1786710258.509316,8.366849,3,-3000,5.000000,446,-3000,0x03,left,-18.634632,-2970,-0.161172,172,0,No fault,0x04,right,582.702842,-3059,-0.190476,175,0,No fault,89.00
2026-08-14T14:24:18.514,1786710258.514554,8.372084,3,-3000,5.000000,447,-3000,0x03,left,-19.337411,-3193,-0.161172,173,0,No fault,0x04,right,582.000063,-2970,-0.243223,174,0,No fault,-223.00
2026-08-14T14:24:18.519,1786710258.519823,8.377363,3,-3000,5.000000,448,-3000,0x03,left,-20.062152,-2970,-0.102564,171,0,No fault,0x04,right,581.297284,-2747,-0.161172,174,0,No fault,-223.00
2026-08-14T14:24:18.525,1786710258.525117,8.382648,3,-3000,5.000000,449,-3000,0x03,left,-20.764931,-2702,-0.219780,169,0,No fault,0x04,right,580.572543,-2791,-0.213919,172,0,No fault,89.00
2026-08-14T14:24:18.530,1786710258.530354,8.387884,3,-3000,5.000000,450,-3000,0x03,left,-21.489672,-3059,-0.196337,172,0,No fault,0x04,right,579.847802,-3104,-0.213919,174,0,No fault,45.00
2026-08-14T14:24:18.535,1786710258.535579,8.393109,3,-3000,5.000000,451,-3000,0x03,left,-22.280299,-2881,-0.096703,172,0,No fault,0x04,right,579.123061,-2925,-0.213919,174,0,No fault,44.00
2026-08-14T14:24:18.540,1786710258.540797,8.398324,3,-3000,5.000000,452,-3000,0x03,left,-22.983078,-2881,-0.178755,171,0,No fault,0x04,right,578.420281,-2881,-0.155311,174,0,No fault,0.00
2026-08-14T14:24:18.546,1786710258.546115,8.403652,3,-3000,5.000000,453,-3000,0x03,left,-23.707819,-2836,-0.219780,172,0,No fault,0x04,right,577.717502,-2925,-0.213919,175,0,No fault,89.00
2026-08-14T14:24:18.551,1786710258.551380,8.408913,3,-3000,5.000000,454,-3000,0x03,left,-24.388637,-2791,-0.202198,172,0,No fault,0x04,right,576.992761,-2970,-0.190476,177,0,No fault,179.00
2026-08-14T14:24:18.556,1786710258.556623,8.414155,3,-3000,5.000000,455,-3000,0x03,left,-25.113378,-2791,-0.073260,173,0,No fault,0x04,right,576.289982,-2925,-0.196337,176,0,No fault,134.00
2026-08-14T14:24:18.561,1786710258.561859,8.419393,3,-3000,5.000000,456,-3000,0x03,left,-25.860081,-3059,-0.155311,173,0,No fault,0x04,right,575.543279,-3193,-0.155311,174,0,No fault,134.00
2026-08-14T14:24:18.567,1786710258.567126,8.424658,3,-3000,5.000000,457,-3000,0x03,left,-26.562860,-3059,-0.202198,173,0,No fault,0x04,right,574.840499,-2881,-0.202198,174,0,No fault,-178.00
2026-08-14T14:24:18.572,1786710258.572366,8.429898,3,-3000,5.000000,458,-3000,0x03,left,-27.265639,-2925,-0.196337,172,0,No fault,0x04,right,574.115758,-2970,-0.161172,173,0,No fault,45.00
2026-08-14T14:24:18.577,1786710258.577637,8.435169,3,-3000,5.000000,459,-3000,0x03,left,-27.990381,-3015,-0.084982,172,0,No fault,0x04,right,573.412979,-3104,-0.202198,174,0,No fault,89.00
2026-08-14T14:24:18.582,1786710258.582912,8.440452,3,-3000,5.000000,460,-3000,0x03,left,-28.715122,-2970,-0.126007,172,0,No fault,0x04,right,572.688238,-3238,-0.149451,174,0,No fault,268.00
2026-08-14T14:24:18.588,1786710258.588210,8.445763,3,-3000,5.000000,461,-3000,0x03,left,-29.417901,-3015,-0.196337,173,0,No fault,0x04,right,571.985459,-2747,-0.149451,170,0,No fault,-268.00
2026-08-14T14:24:18.593,1786710258.593560,8.451098,3,-3000,5.000000,462,-3000,0x03,left,-30.120680,-2925,-0.149451,169,0,No fault,0x04,right,571.238756,-3149,-0.196337,174,0,No fault,224.00
2026-08-14T14:24:18.598,1786710258.598831,8.456366,3,-3000,5.000000,463,-3000,0x03,left,-30.845421,-2836,-0.114286,171,0,No fault,0x04,right,570.535976,-3059,-0.161172,174,0,No fault,223.00
2026-08-14T14:24:18.604,1786710258.604089,8.461623,3,-3000,5.000000,464,-3000,0x03,left,-31.592124,-3149,-0.120147,171,0,No fault,0x04,right,569.833197,-2925,-0.172894,175,0,No fault,-224.00
2026-08-14T14:24:18.609,1786710258.609342,8.466876,3,-3000,5.000000,465,-3000,0x03,left,-32.294904,-2881,-0.167033,174,0,No fault,0x04,right,569.086494,-3149,-0.161172,174,0,No fault,268.00
2026-08-14T14:24:18.614,1786710258.614596,8.472129,3,-3000,5.000000,466,-3000,0x03,left,-32.997683,-2747,-0.167033,173,0,No fault,0x04,right,568.405677,-2791,-0.196337,172,0,No fault,44.00
2026-08-14T14:24:18.624,1786710258.624973,8.482521,3,-3000,5.000000,467,-3000,0x03,left,-34.469127,-3059,-0.126007,173,0,No fault,0x04,right,567.680936,-3149,-0.178755,172,0,No fault,90.00
2026-08-14T14:24:18.630,1786710258.630318,8.487859,3,-3000,5.000000,468,-3000,0x03,left,-35.171906,-2970,-0.155311,172,0,No fault,0x04,right,566.253415,-2881,-0.178755,174,0,No fault,-89.00
2026-08-14T14:24:18.640,1786710258.640768,8.498307,3,-3000,5.000000,469,-3000,0x03,left,-36.599427,-2747,-0.079121,173,0,No fault,0x04,right,563.969383,-3059,-0.114286,174,0,No fault,312.00
2026-08-14T14:24:18.646,1786710258.646040,8.503570,3,-3000,5.000000,470,-3000,0x03,left,-37.346130,-3193,-0.114286,173,0,No fault,0x04,right,563.574069,-2970,-0.137729,174,0,No fault,-223.00
2026-08-14T14:24:18.651,1786710258.651253,8.508791,3,-3000,5.000000,471,-3000,0x03,left,-38.949345,-3059,-0.149451,172,0,No fault,0x04,right,562.849328,-3149,-0.190476,175,0,No fault,90.00
2026-08-14T14:24:18.656,1786710258.656550,8.514087,3,-3000,5.000000,472,-3000,0x03,left,-39.300734,-2925,-0.108425,175,0,No fault,0x04,right,562.168511,-2791,-0.190476,175,0,No fault,-134.00
2026-08-14T14:24:18.661,1786710258.661819,8.519357,3,-3000,5.000000,473,-3000,0x03,left,-39.696048,-2881,-0.108425,172,0,No fault,0x04,right,561.443770,-3149,-0.155311,175,0,No fault,268.00
2026-08-14T14:24:18.667,1786710258.667175,8.524712,3,-3000,5.000000,474,-3000,0x03,left,-40.420789,-3015,-0.178755,172,0,No fault,0x04,right,560.740990,-2970,-0.137729,174,0,No fault,-45.00
2026-08-14T14:24:18.672,1786710258.672432,8.529968,3,-3000,5.000000,475,-3000,0x03,left,-41.145530,-2970,-0.219780,176,0,No fault,0x04,right,560.038211,-2925,-0.219780,172,0,No fault,-45.00
2026-08-14T14:24:18.677,1786710258.677729,8.535264,3,-3000,5.000000,476,-3000,0x03,left,-41.848309,-2970,-0.178755,172,0,No fault,0x04,right,559.313470,-3015,-0.219780,171,0,No fault,45.00
2026-08-14T14:24:18.682,1786710258.682987,8.540524,3,-3000,5.000000,477,-3000,0x03,left,-42.573050,-3193,-0.131868,169,0,No fault,0x04,right,558.610691,-2925,-0.184615,174,0,No fault,-268.00
2026-08-14T14:24:18.688,1786710258.688348,8.545883,3,-3000,5.000000,478,-3000,0x03,left,-43.297792,-2970,-0.172894,172,0,No fault,0x04,right,557.907911,-2881,-0.225641,173,0,No fault,-89.00
2026-08-14T14:24:18.693,1786710258.693891,8.551432,3,-3000,5.000000,479,-3000,0x03,left,-44.703350,-3015,-0.161172,172,0,No fault,0x04,right,557.183170,-2970,-0.178755,174,0,No fault,-45.00
2026-08-14T14:24:18.699,1786710258.699203,8.556741,3,-3000,5.000000,480,-3000,0x03,left,-45.428091,-2836,-0.126007,173,0,No fault,0x04,right,556.480391,-3015,-0.266667,174,0,No fault,179.00
2026-08-14T14:24:18.704,1786710258.704510,8.562049,3,-3000,5.000000,481,-3000,0x03,left,-46.152832,-3059,-0.196337,172,0,No fault,0x04,right,555.777612,-2836,-0.161172,174,0,No fault,-223.00
2026-08-14T14:24:18.709,1786710258.709795,8.567331,3,-3000,5.000000,482,-3000,0x03,left,-46.877573,-2925,-0.202198,173,0,No fault,0x04,right,555.052871,-2970,-0.190476,174,0,No fault,45.00
2026-08-14T14:24:18.715,1786710258.715070,8.572604,3,-3000,5.000000,483,-3000,0x03,left,-47.558391,-2925,-0.172894,171,0,No fault,0x04,right,554.350091,-3059,-0.208059,174,0,No fault,134.00
2026-08-14T14:24:18.720,1786710258.720334,8.577870,3,-3000,5.000000,484,-3000,0x03,left,-48.305094,-3059,-0.090842,173,0,No fault,0x04,right,553.625350,-2970,-0.231502,174,0,No fault,-89.00
2026-08-14T14:24:18.725,1786710258.725627,8.583164,3,-3000,5.000000,485,-3000,0x03,left,-49.029835,-3059,-0.190476,173,0,No fault,0x04,right,552.944533,-2791,-0.208059,174,0,No fault,-268.00
2026-08-14T14:24:18.730,1786710258.730900,8.588435,3,-3000,5.000000,486,-3000,0x03,left,-49.710652,-2925,-0.196337,171,0,No fault,0x04,right,552.219792,-2747,-0.172894,174,0,No fault,-178.00
2026-08-14T14:24:18.736,1786710258.736165,8.593703,3,-3000,5.000000,487,-3000,0x03,left,-50.413432,-2702,-0.167033,174,0,No fault,0x04,right,551.517012,-2881,-0.231502,174,0,No fault,179.00
2026-08-14T14:24:18.741,1786710258.741434,8.598974,3,-3000,5.000000,488,-3000,0x03,left,-51.160135,-3149,-0.090842,172,0,No fault,0x04,right,550.792271,-2925,-0.225641,174,0,No fault,-224.00
2026-08-14T14:24:18.746,1786710258.746707,8.604243,3,-3000,5.000000,489,-3000,0x03,left,-51.906838,-3238,-0.167033,172,0,No fault,0x04,right,550.089492,-3193,-0.219780,174,0,No fault,-45.00
2026-08-14T14:24:18.752,1786710258.752032,8.609567,3,-3000,5.000000,490,-3000,0x03,left,-52.609617,-3059,-0.196337,170,0,No fault,0x04,right,549.364751,-3149,-0.202198,174,0,No fault,90.00
2026-08-14T14:24:18.757,1786710258.757352,8.614886,3,-3000,5.000000,491,-3000,0x03,left,-53.312396,-2881,-0.120147,172,0,No fault,0x04,right,547.959192,-2925,-0.208059,175,0,No fault,44.00
2026-08-14T14:24:18.762,1786710258.762676,8.620207,3,-3000,5.000000,492,-3000,0x03,left,-54.037137,-2970,-0.126007,176,0,No fault,0x04,right,547.234451,-3059,-0.167033,174,0,No fault,89.00
2026-08-14T14:24:18.767,1786710258.767905,8.625436,3,-3000,5.000000,493,-3000,0x03,left,-54.761878,-3015,-0.155311,173,0,No fault,0x04,right,546.509710,-3059,-0.172894,174,0,No fault,44.00
2026-08-14T14:24:18.773,1786710258.773140,8.630669,3,-3000,5.000000,494,-3000,0x03,left,-55.486619,-3104,-0.190476,172,0,No fault,0x04,right,545.806931,-2836,-0.167033,175,0,No fault,-268.00
2026-08-14T14:24:18.778,1786710258.778355,8.635883,3,-3000,5.000000,495,-3000,0x03,left,-56.189399,-2836,-0.126007,172,0,No fault,0x04,right,545.104152,-2881,-0.225641,173,0,No fault,45.00
2026-08-14T14:24:18.783,1786710258.783641,8.641170,3,-3000,5.000000,496,-3000,0x03,left,-56.914140,-3059,-0.114286,172,0,No fault,0x04,right,544.401372,-2791,-0.172894,174,0,No fault,-268.00
2026-08-14T14:24:18.788,1786710258.788858,8.646388,3,-3000,5.000000,497,-3000,0x03,left,-57.638881,-2747,-0.167033,172,0,No fault,0x04,right,543.676631,-2881,-0.167033,174,0,No fault,134.00
2026-08-14T14:24:18.794,1786710258.794089,8.651644,3,-3000,5.000000,498,-3000,0x03,left,-58.341660,-2702,-0.196337,174,0,No fault,0x04,right,542.951890,-3193,-0.196337,174,0,No fault,491.00
2026-08-14T14:24:18.799,1786710258.799424,8.656964,3,-3000,5.000000,499,-3000,0x03,left,-59.044440,-2791,-0.143590,172,0,No fault,0x04,right,542.249111,-3149,-0.213919,174,0,No fault,358.00
2026-08-14T14:24:18.804,1786710258.804773,8.662321,3,-3000,5.000000,500,-3000,0x03,left,-59.791143,-3015,-0.102564,172,0,No fault,0x04,right,541.546332,-2791,-0.190476,174,0,No fault,-224.00
2026-08-14T14:24:18.810,1786710258.810083,8.667620,3,-3000,5.000000,501,-3000,0x03,left,-60.515884,-3015,-0.196337,173,0,No fault,0x04,right,540.821590,-2970,-0.172894,174,0,No fault,-45.00
2026-08-14T14:24:18.815,1786710258.815355,8.672896,3,-3000,5.000000,502,-3000,0x03,left,-61.218663,-2836,-0.237363,172,0,No fault,0x04,right,540.096849,-3193,-0.190476,172,0,No fault,357.00
2026-08-14T14:24:18.825,1786710258.825804,8.683347,3,-3000,5.000000,503,-3000,0x03,left,-62.668145,-2970,-0.114286,172,0,No fault,0x04,right,538.691291,-3283,-0.178755,173,0,No fault,313.00
2026-08-14T14:24:18.831,1786710258.831102,8.688640,3,-3000,5.000000,504,-3000,0x03,left,-63.370924,-3015,-0.190476,171,0,No fault,0x04,right,537.988511,-2970,-0.190476,174,0,No fault,-45.00
2026-08-14T14:24:18.841,1786710258.841721,8.699279,3,-3000,5.000000,505,-3000,0x03,left,-64.798445,-3104,-0.184615,172,0,No fault,0x04,right,536.253525,-3104,-0.213919,174,0,No fault,0.00
2026-08-14T14:24:18.847,1786710258.847195,8.704749,3,-3000,5.000000,506,-3000,0x03,left,-65.501224,-2925,-0.120147,172,0,No fault,0x04,right,535.858212,-3059,-0.131868,174,0,No fault,134.00
2026-08-14T14:24:18.852,1786710258.852613,8.710157,3,-3000,5.000000,507,-3000,0x03,left,-67.324058,-2836,-0.208059,172,0,No fault,0x04,right,535.133471,-3059,-0.208059,175,0,No fault,223.00
2026-08-14T14:24:18.859,1786710258.859220,8.716761,3,-3000,5.000000,508,-3000,0x03,left,-67.741333,-3104,-0.149451,172,0,No fault,0x04,right,533.705950,-2836,-0.196337,174,0,No fault,-268.00
2026-08-14T14:24:18.864,1786710258.864496,8.722035,3,-3000,5.000000,509,-3000,0x03,left,-68.488036,-2881,-0.108425,172,0,No fault,0x04,right,533.003171,-2970,-0.172894,175,0,No fault,89.00
2026-08-14T14:24:18.869,1786710258.869741,8.727277,3,-3000,5.000000,510,-3000,0x03,left,-69.168853,-2791,-0.208059,173,0,No fault,0x04,right,532.278430,-3104,-0.167033,174,0,No fault,313.00
2026-08-14T14:24:18.874,1786710258.874973,8.732507,3,-3000,5.000000,511,-3000,0x03,left,-69.893595,-2836,-0.213919,173,0,No fault,0x04,right,531.575651,-2970,-0.184615,174,0,No fault,134.00
2026-08-14T14:24:18.880,1786710258.880191,8.737728,3,-3000,5.000000,512,-3000,0x03,left,-70.596374,-2702,-0.131868,172,0,No fault,0x04,right,530.872871,-2925,-0.190476,174,0,No fault,223.00
2026-08-14T14:24:18.885,1786710258.885443,8.742978,3,-3000,5.000000,513,-3000,0x03,left,-71.321115,-2970,-0.114286,173,0,No fault,0x04,right,530.148130,-2791,-0.167033,174,0,No fault,-179.00
2026-08-14T14:24:18.890,1786710258.890691,8.748230,3,-3000,5.000000,514,-3000,0x03,left,-72.111742,-2970,-0.172894,172,0,No fault,0x04,right,529.423389,-3238,-0.190476,174,0,No fault,268.00
2026-08-14T14:24:18.895,1786710258.895975,8.753513,3,-3000,5.000000,515,-3000,0x03,left,-72.748635,-3059,-0.196337,173,0,No fault,0x04,right,528.720610,-3104,-0.184615,174,0,No fault,45.00
2026-08-14T14:24:18.901,1786710258.901245,8.758783,3,-3000,5.000000,516,-3000,0x03,left,-73.473376,-2881,-0.090842,173,0,No fault,0x04,right,528.017831,-2791,-0.202198,173,0,No fault,-90.00
2026-08-14T14:24:18.906,1786710258.906595,8.764132,3,-3000,5.000000,517,-3000,0x03,left,-74.198118,-2970,-0.108425,167,0,No fault,0x04,right,527.293089,-3149,-0.161172,174,0,No fault,179.00
2026-08-14T14:24:18.911,1786710258.911867,8.769404,3,-3000,5.000000,518,-3000,0x03,left,-74.922859,-3149,-0.172894,172,0,No fault,0x04,right,526.568348,-3015,-0.155311,174,0,No fault,-134.00
2026-08-14T14:24:18.917,1786710258.917162,8.774702,3,-3000,5.000000,519,-3000,0x03,left,-75.625638,-2747,-0.190476,172,0,No fault,0x04,right,525.843607,-3193,-0.213919,171,0,No fault,446.00
2026-08-14T14:24:18.922,1786710258.922445,8.779982,3,-3000,5.000000,520,-3000,0x03,left,-76.350379,-3015,-0.114286,173,0,No fault,0x04,right,525.162790,-2970,-0.243223,174,0,No fault,-45.00
2026-08-14T14:24:18.927,1786710258.927742,8.785281,3,-3000,5.000000,521,-3000,0x03,left,-77.053158,-2791,-0.096703,172,0,No fault,0x04,right,524.438049,-2925,-0.161172,174,0,No fault,134.00
2026-08-14T14:24:18.933,1786710258.933010,8.790548,3,-3000,5.000000,522,-3000,0x03,left,-77.799861,-3104,-0.167033,172,0,No fault,0x04,right,523.713308,-3059,-0.196337,174,0,No fault,-45.00
2026-08-14T14:24:18.938,1786710258.938278,8.795815,3,-3000,5.000000,523,-3000,0x03,left,-78.502641,-2925,-0.178755,173,0,No fault,0x04,right,523.010528,-2925,-0.190476,174,0,No fault,0.00
2026-08-14T14:24:18.943,1786710258.943548,8.801083,3,-3000,5.000000,524,-3000,0x03,left,-79.227382,-3193,-0.143590,171,0,No fault,0x04,right,522.307749,-2791,-0.254945,174,0,No fault,-402.00
2026-08-14T14:24:18.948,1786710258.948815,8.806352,3,-3000,5.000000,525,-3000,0x03,left,-79.952123,-3059,-0.108425,173,0,No fault,0x04,right,521.583008,-3149,-0.167033,174,0,No fault,90.00
2026-08-14T14:24:18.954,1786710258.954089,8.811625,3,-3000,5.000000,526,-3000,0x03,left,-80.654902,-2881,-0.278388,174,0,No fault,0x04,right,520.858267,-3149,-0.155311,174,0,No fault,268.00
2026-08-14T14:24:18.959,1786710258.959354,8.816891,3,-3000,5.000000,527,-3000,0x03,left,-81.379643,-2747,-0.196337,175,0,No fault,0x04,right,520.155488,-3015,-0.190476,174,0,No fault,268.00
2026-08-14T14:24:18.964,1786710258.964622,8.822158,3,-3000,5.000000,528,-3000,0x03,left,-82.082422,-2747,-0.155311,175,0,No fault,0x04,right,519.430746,-3059,-0.219780,174,0,No fault,312.00
2026-08-14T14:24:18.969,1786710258.969883,8.827419,3,-3000,5.000000,529,-3000,0x03,left,-82.895011,-3149,-0.155311,173,0,No fault,0x04,right,518.727967,-2836,-0.155311,174,0,No fault,-313.00
2026-08-14T14:24:18.975,1786710258.975420,8.832972,3,-3000,5.000000,530,-3000,0x03,left,-83.597790,-2881,-0.196337,172,0,No fault,0x04,right,518.025188,-2925,-0.184615,174,0,No fault,44.00
2026-08-14T14:24:18.981,1786710258.981254,8.838808,3,-3000,5.000000,531,-3000,0x03,left,-85.025311,-2970,-0.114286,172,0,No fault,0x04,right,516.597667,-2970,-0.231502,174,0,No fault,0.00
2026-08-14T14:24:18.986,1786710258.986661,8.844200,3,-3000,5.000000,532,-3000,0x03,left,-85.750052,-3015,-0.137729,172,0,No fault,0x04,right,515.872926,-3104,-0.131868,171,0,No fault,89.00
2026-08-14T14:24:18.991,1786710258.991968,8.849513,3,-3000,5.000000,533,-3000,0x03,left,-86.474793,-2791,-0.213919,172,0,No fault,0x04,right,515.170147,-2881,-0.219780,174,0,No fault,90.00
2026-08-14T14:24:18.997,1786710258.997314,8.854849,3,-3000,5.000000,534,-3000,0x03,left,-87.177572,-2836,-0.190476,173,0,No fault,0x04,right,514.445406,-3015,-0.167033,174,0,No fault,179.00
2026-08-14T14:24:19.002,1786710259.002627,8.860171,3,-3000,5.000000,535,-3000,0x03,left,-87.902313,-3149,-0.102564,174,0,No fault,0x04,right,513.742627,-3015,-0.208059,174,0,No fault,-134.00
2026-08-14T14:24:19.007,1786710259.007946,8.865483,3,-3000,5.000000,536,-3000,0x03,left,-88.649016,-3059,-0.108425,172,0,No fault,0x04,right,513.017886,-3059,-0.167033,174,0,No fault,0.00
2026-08-14T14:24:19.013,1786710259.013232,8.870773,3,-3000,5.000000,537,-3000,0x03,left,-89.329834,-2881,-0.196337,171,0,No fault,0x04,right,512.315106,-2791,-0.120147,174,0,No fault,-90.00
2026-08-14T14:24:19.018,1786710259.018525,8.876055,3,-3000,5.000000,538,-3000,0x03,left,-90.054575,-2747,-0.149451,173,0,No fault,0x04,right,511.590365,-3059,-0.190476,174,0,No fault,312.00
2026-08-14T14:24:19.034,1786710259.034601,8.892143,3,-3000,5.000000,539,-3000,0x03,left,-92.206836,-2881,-0.167033,171,0,No fault,0x04,right,510.887586,-2881,-0.172894,174,0,No fault,0.00
2026-08-14T14:24:19.044,1786710259.044982,8.902526,3,-3000,5.000000,540,-3000,0x03,left,-92.931577,-2970,-0.172894,173,0,No fault,0x04,right,507.263880,-3193,-0.196337,174,0,No fault,223.00
2026-08-14T14:24:19.050,1786710259.050272,8.907803,3,-3000,5.000000,541,-3000,0x03,left,-94.381060,-2970,-0.114286,171,0,No fault,0x04,right,506.912491,-2970,-0.102564,174,0,No fault,0.00
2026-08-14T14:24:19.055,1786710259.055505,8.913043,3,-3000,5.000000,542,-3000,0x03,left,-96.006237,-3149,-0.161172,175,0,No fault,0x04,right,506.539139,-3059,-0.137729,174,0,No fault,-90.00
2026-08-14T14:24:19.060,1786710259.060778,8.918315,3,-3000,5.000000,543,-3000,0x03,left,-96.335665,-3104,-0.114286,172,0,No fault,0x04,right,505.792436,-2925,-0.131868,172,0,No fault,-179.00
2026-08-14T14:24:19.066,1786710259.066069,8.923609,3,-3000,5.000000,544,-3000,0x03,left,-96.730978,-3104,-0.067399,172,0,No fault,0x04,right,505.111619,-2702,-0.213919,174,0,No fault,-402.00
2026-08-14T14:24:19.071,1786710259.071364,8.928904,3,-3000,5.000000,545,-3000,0x03,left,-97.455719,-3104,-0.149451,172,0,No fault,0x04,right,504.364916,-3059,-0.149451,174,0,No fault,-45.00
2026-08-14T14:24:19.076,1786710259.076648,8.934186,3,-3000,5.000000,546,-3000,0x03,left,-98.180460,-2925,-0.149451,172,0,No fault,0x04,right,503.640175,-2970,-0.137729,175,0,No fault,45.00
2026-08-14T14:24:19.081,1786710259.081924,8.939461,3,-3000,5.000000,547,-3000,0x03,left,-98.883239,-2747,-0.172894,172,0,No fault,0x04,right,502.937395,-3104,-0.172894,174,0,No fault,357.00
2026-08-14T14:24:19.087,1786710259.087195,8.944736,3,-3000,5.000000,548,-3000,0x03,left,-99.607980,-3104,-0.090842,172,0,No fault,0x04,right,502.234616,-2791,-0.184615,175,0,No fault,-313.00
2026-08-14T14:24:19.092,1786710259.092526,8.950075,3,-3000,5.000000,549,-3000,0x03,left,-100.332722,-2836,-0.196337,173,0,No fault,0x04,right,501.509875,-2836,-0.178755,174,0,No fault,0.00
2026-08-14T14:24:19.097,1786710259.097832,8.955370,3,-3000,5.000000,550,-3000,0x03,left,-101.035501,-2791,-0.208059,171,0,No fault,0x04,right,500.807096,-2881,-0.149451,172,0,No fault,90.00
2026-08-14T14:24:19.103,1786710259.103110,8.960648,3,-3000,5.000000,551,-3000,0x03,left,-101.782204,-3104,-0.178755,171,0,No fault,0x04,right,500.082355,-2881,-0.231502,174,0,No fault,-223.00
2026-08-14T14:24:19.108,1786710259.108379,8.965915,3,-3000,5.000000,552,-3000,0x03,left,-102.484983,-3059,-0.114286,173,0,No fault,0x04,right,499.357614,-3149,-0.196337,174,0,No fault,90.00
2026-08-14T14:24:19.113,1786710259.113678,8.971215,3,-3000,5.000000,553,-3000,0x03,left,-103.187762,-2747,-0.172894,172,0,No fault,0x04,right,498.654834,-3059,-0.178755,177,0,No fault,312.00
2026-08-14T14:24:19.118,1786710259.118991,8.976529,3,-3000,5.000000,554,-3000,0x03,left,-103.890542,-2881,-0.243223,171,0,No fault,0x04,right,497.952055,-2836,-0.202198,174,0,No fault,-45.00
2026-08-14T14:24:19.124,1786710259.124342,8.981879,3,-3000,5.000000,555,-3000,0x03,left,-104.593321,-2836,-0.172894,173,0,No fault,0x04,right,497.227314,-3149,-0.202198,176,0,No fault,313.00
2026-08-14T14:24:19.130,1786710259.130087,8.987623,3,-3000,5.000000,556,-3000,0x03,left,-106.064765,-2836,-0.190476,172,0,No fault,0x04,right,495.799793,-2791,-0.202198,174,0,No fault,-45.00
2026-08-14T14:24:19.135,1786710259.135387,8.992922,3,-3000,5.000000,557,-3000,0x03,left,-106.789506,-2925,-0.190476,170,0,No fault,0x04,right,495.075052,-2881,-0.184615,174,0,No fault,-44.00
2026-08-14T14:24:19.140,1786710259.140666,8.998201,3,-3000,5.000000,558,-3000,0x03,left,-107.536209,-2747,-0.143590,173,0,No fault,0x04,right,494.372273,-2925,-0.219780,174,0,No fault,178.00
2026-08-14T14:24:19.145,1786710259.145946,9.003481,3,-3000,5.000000,559,-3000,0x03,left,-108.238988,-3059,-0.096703,172,0,No fault,0x04,right,493.669494,-2836,-0.202198,170,0,No fault,-223.00
2026-08-14T14:24:19.151,1786710259.151357,9.008891,3,-3000,5.000000,560,-3000,0x03,left,-108.941768,-2925,-0.196337,171,0,No fault,0x04,right,492.944753,-2925,-0.190476,174,0,No fault,0.00
2026-08-14T14:24:19.156,1786710259.156626,9.014161,3,-3000,5.000000,561,-3000,0x03,left,-109.688471,-3283,-0.213919,173,0,No fault,0x04,right,492.241973,-2747,-0.155311,174,0,No fault,-536.00
2026-08-14T14:24:19.161,1786710259.161909,9.019443,3,-3000,5.000000,562,-3000,0x03,left,-110.391250,-3059,-0.172894,172,0,No fault,0x04,right,491.517232,-3238,-0.219780,174,0,No fault,179.00
2026-08-14T14:24:19.167,1786710259.167184,9.024718,3,-3000,5.000000,563,-3000,0x03,left,-111.094029,-2970,-0.114286,172,0,No fault,0x04,right,490.814453,-2791,-0.237363,171,0,No fault,-179.00
2026-08-14T14:24:19.172,1786710259.172455,9.030021,3,-3000,5.000000,564,-3000,0x03,left,-111.818770,-2925,-0.149451,169,0,No fault,0x04,right,490.111674,-3104,-0.208059,175,0,No fault,179.00
2026-08-14T14:24:19.177,1786710259.177761,9.035295,3,-3000,5.000000,565,-3000,0x03,left,-112.543511,-2925,-0.190476,170,0,No fault,0x04,right,489.386933,-2836,-0.167033,174,0,No fault,-89.00
2026-08-14T14:24:19.183,1786710259.183029,9.040565,3,-3000,5.000000,566,-3000,0x03,left,-113.246291,-2970,-0.143590,173,0,No fault,0x04,right,488.684153,-2836,-0.172894,173,0,No fault,-134.00
2026-08-14T14:24:19.188,1786710259.188300,9.045834,3,-3000,5.000000,567,-3000,0x03,left,-113.971032,-3059,-0.131868,173,0,No fault,0x04,right,487.959412,-2970,-0.231502,174,0,No fault,-89.00
2026-08-14T14:24:19.193,1786710259.193572,9.051105,3,-3000,5.000000,568,-3000,0x03,left,-114.695773,-3149,-0.155311,172,0,No fault,0x04,right,487.256633,-3149,-0.172894,174,0,No fault,0.00
2026-08-14T14:24:19.198,1786710259.198842,9.056375,3,-3000,5.000000,569,-3000,0x03,left,-115.398552,-3015,-0.155311,171,0,No fault,0x04,right,486.531892,-3193,-0.167033,174,0,No fault,178.00
2026-08-14T14:24:19.204,1786710259.204111,9.061641,3,-3000,5.000000,570,-3000,0x03,left,-116.123293,-3104,-0.126007,170,0,No fault,0x04,right,485.829113,-3015,-0.149451,174,0,No fault,-89.00
2026-08-14T14:24:19.209,1786710259.209378,9.066912,3,-3000,5.000000,571,-3000,0x03,left,-116.826073,-2970,-0.126007,172,0,No fault,0x04,right,485.104371,-2970,-0.208059,174,0,No fault,0.00
2026-08-14T14:24:19.214,1786710259.214645,9.072179,3,-3000,5.000000,572,-3000,0x03,left,-117.572776,-3149,-0.143590,174,0,No fault,0x04,right,484.423554,-2925,-0.149451,174,0,No fault,-224.00
2026-08-14T14:24:19.219,1786710259.219918,9.077451,3,-3000,5.000000,573,-3000,0x03,left,-118.275555,-3015,-0.208059,172,0,No fault,0x04,right,483.698813,-2925,-0.172894,173,0,No fault,-90.00
2026-08-14T14:24:19.225,1786710259.225183,9.082717,3,-3000,5.000000,574,-3000,0x03,left,-118.978334,-3104,-0.167033,169,0,No fault,0x04,right,482.974072,-3015,-0.213919,174,0,No fault,-89.00
2026-08-14T14:24:19.235,1786710259.235539,9.093077,3,-3000,5.000000,575,-3000,0x03,left,-120.405854,-2747,-0.202198,171,0,No fault,0x04,right,482.271293,-2881,-0.208059,172,0,No fault,134.00
2026-08-14T14:24:19.245,1786710259.245888,9.103425,3,-3000,5.000000,576,-3000,0x03,left,-121.833375,-2836,-0.167033,172,0,No fault,0x04,right,479.020938,-3015,-0.225641,174,0,No fault,179.00
2026-08-14T14:24:19.251,1786710259.251153,9.108695,3,-3000,5.000000,577,-3000,0x03,left,-122.558116,-2970,-0.149451,173,0,No fault,0x04,right,478.691511,-2791,-0.196337,174,0,No fault,-179.00
2026-08-14T14:24:19.256,1786710259.256435,9.113972,3,-3000,5.000000,578,-3000,0x03,left,-123.985636,-3015,-0.202198,171,0,No fault,0x04,right,478.296197,-3149,-0.172894,172,0,No fault,134.00
2026-08-14T14:24:19.261,1786710259.261734,9.119270,3,-3000,5.000000,579,-3000,0x03,left,-124.337026,-2836,-0.208059,172,0,No fault,0x04,right,477.571456,-2970,-0.184615,175,0,No fault,134.00
2026-08-14T14:24:19.266,1786710259.266991,9.124524,3,-3000,5.000000,580,-3000,0x03,left,-124.710377,-2925,-0.184615,172,0,No fault,0x04,right,476.868677,-2881,-0.172894,173,0,No fault,-44.00
2026-08-14T14:24:19.272,1786710259.272240,9.129774,3,-3000,5.000000,581,-3000,0x03,left,-125.413157,-2881,-0.155311,171,0,No fault,0x04,right,476.165898,-2925,-0.196337,175,0,No fault,44.00
2026-08-14T14:24:19.277,1786710259.277628,9.135166,3,-3000,5.000000,582,-3000,0x03,left,-126.137898,-2836,-0.184615,167,0,No fault,0x04,right,475.441157,-2836,-0.172894,174,0,No fault,0.00
2026-08-14T14:24:19.283,1786710259.283038,9.140570,3,-3000,5.000000,583,-3000,0x03,left,-127.565418,-3015,-0.167033,170,0,No fault,0x04,right,474.716415,-3059,-0.208059,174,0,No fault,44.00
2026-08-14T14:24:19.288,1786710259.288287,9.145821,3,-3000,5.000000,584,-3000,0x03,left,-128.290159,-3059,-0.143590,172,0,No fault,0x04,right,474.013636,-3104,-0.196337,174,0,No fault,45.00
2026-08-14T14:24:19.293,1786710259.293688,9.151231,3,-3000,5.000000,585,-3000,0x03,left,-129.014901,-2702,-0.208059,171,0,No fault,0x04,right,473.288895,-3104,-0.184615,174,0,No fault,402.00
2026-08-14T14:24:19.298,1786710259.298992,9.156526,3,-3000,5.000000,586,-3000,0x03,left,-129.739642,-2836,-0.231502,173,0,No fault,0x04,right,472.586116,-2836,-0.126007,174,0,No fault,0.00
2026-08-14T14:24:19.304,1786710259.304240,9.161772,3,-3000,5.000000,587,-3000,0x03,left,-130.442421,-2836,-0.155311,172,0,No fault,0x04,right,471.883336,-3015,-0.196337,174,0,No fault,179.00
2026-08-14T14:24:19.309,1786710259.309474,9.167005,3,-3000,5.000000,588,-3000,0x03,left,-131.167162,-3015,-0.131868,172,0,No fault,0x04,right,471.180557,-2881,-0.202198,174,0,No fault,-134.00
2026-08-14T14:24:19.314,1786710259.314712,9.172248,3,-3000,5.000000,589,-3000,0x03,left,-131.891903,-2970,-0.184615,172,0,No fault,0x04,right,470.455816,-3104,-0.184615,174,0,No fault,134.00
2026-08-14T14:24:19.319,1786710259.319963,9.177492,3,-3000,5.000000,590,-3000,0x03,left,-132.594682,-3015,-0.202198,172,0,No fault,0x04,right,469.753037,-2747,-0.161172,171,0,No fault,-268.00
2026-08-14T14:24:19.325,1786710259.325229,9.182774,3,-3000,5.000000,591,-3000,0x03,left,-133.297462,-2657,-0.120147,171,0,No fault,0x04,right,469.028296,-3059,-0.184615,174,0,No fault,402.00
2026-08-14T14:24:19.330,1786710259.330568,9.188116,3,-3000,5.000000,592,-3000,0x03,left,-134.022203,-2836,-0.137729,172,0,No fault,0x04,right,468.303555,-3015,-0.196337,174,0,No fault,179.00
2026-08-14T14:24:19.335,1786710259.335988,9.193522,3,-3000,5.000000,593,-3000,0x03,left,-134.746944,-3149,-0.161172,172,0,No fault,0x04,right,467.600775,-3015,-0.190476,174,0,No fault,-134.00
2026-08-14T14:24:19.341,1786710259.341354,9.198895,3,-3000,5.000000,594,-3000,0x03,left,-135.471685,-3104,-0.178755,172,0,No fault,0x04,right,466.173255,-3104,-0.213919,175,0,No fault,0.00
2026-08-14T14:24:19.346,1786710259.346659,9.204223,3,-3000,5.000000,595,-3000,0x03,left,-136.174464,-3104,-0.161172,172,0,No fault,0x04,right,465.448514,-2925,-0.184615,173,0,No fault,-179.00
2026-08-14T14:24:19.352,1786710259.352028,9.209592,3,-3000,5.000000,596,-3000,0x03,left,-136.921167,-3104,-0.090842,172,0,No fault,0x04,right,464.745735,-2970,-0.243223,172,0,No fault,-134.00
2026-08-14T14:24:19.357,1786710259.357367,9.214906,3,-3000,5.000000,597,-3000,0x03,left,-137.645908,-3327,-0.161172,171,0,No fault,0x04,right,464.020993,-2970,-0.172894,175,0,No fault,-357.00
2026-08-14T14:24:19.362,1786710259.362647,9.220207,3,-3000,5.000000,598,-3000,0x03,left,-138.370650,-2925,-0.161172,172,0,No fault,0x04,right,463.296252,-3059,-0.213919,174,0,No fault,134.00
2026-08-14T14:24:19.368,1786710259.368002,9.225553,3,-3000,5.000000,599,-3000,0x03,left,-139.095391,-3193,-0.149451,172,0,No fault,0x04,right,462.593473,-2836,-0.196337,175,0,No fault,-357.00
2026-08-14T14:24:19.375,1786710259.375012,9.232543,3,-3000,5.000000,600,-3000,0x03,left,-140.522911,-2791,-0.208059,171,0,No fault,0x04,right,461.890694,-2881,-0.213919,174,0,No fault,90.00
2026-08-14T14:24:19.380,1786710259.380366,9.237904,3,-3000,5.000000,601,-3000,0x03,left,-141.225690,-2836,-0.202198,173,0,No fault,0x04,right,461.143991,-3059,-0.172894,176,0,No fault,223.00
2026-08-14T14:24:19.385,1786710259.385657,9.243192,3,-3000,5.000000,602,-3000,0x03,left,-141.950431,-2881,-0.143590,173,0,No fault,0x04,right,460.441211,-2925,-0.172894,174,0,No fault,44.00
2026-08-14T14:24:19.390,1786710259.390941,9.248477,3,-3000,5.000000,603,-3000,0x03,left,-142.653211,-3015,-0.161172,172,0,No fault,0x04,right,459.738432,-2836,-0.202198,174,0,No fault,-179.00
2026-08-14T14:24:19.396,1786710259.396194,9.253728,3,-3000,5.000000,604,-3000,0x03,left,-143.377952,-2881,-0.178755,172,0,No fault,0x04,right,459.035653,-2881,-0.190476,175,0,No fault,0.00
2026-08-14T14:24:19.401,1786710259.401455,9.258992,3,-3000,5.000000,605,-3000,0x03,left,-144.080731,-2791,-0.202198,172,0,No fault,0x04,right,458.310912,-2970,-0.167033,174,0,No fault,179.00
2026-08-14T14:24:19.406,1786710259.406729,9.264262,3,-3000,5.000000,606,-3000,0x03,left,-144.805472,-2747,-0.131868,173,0,No fault,0x04,right,457.608133,-2881,-0.190476,174,0,No fault,134.00
2026-08-14T14:24:19.411,1786710259.411977,9.269510,3,-3000,5.000000,607,-3000,0x03,left,-145.530213,-3015,-0.143590,174,0,No fault,0x04,right,456.883391,-3104,-0.178755,174,0,No fault,89.00
2026-08-14T14:24:19.417,1786710259.417215,9.274747,3,-3000,5.000000,608,-3000,0x03,left,-146.254954,-3104,-0.208059,173,0,No fault,0x04,right,456.180612,-3059,-0.202198,174,0,No fault,-45.00
2026-08-14T14:24:19.422,1786710259.422513,9.280045,3,-3000,5.000000,609,-3000,0x03,left,-146.957734,-2881,-0.202198,173,0,No fault,0x04,right,455.455871,-3149,-0.137729,174,0,No fault,268.00
2026-08-14T14:24:19.427,1786710259.427856,9.285389,3,-3000,5.000000,610,-3000,0x03,left,-147.660513,-2881,-0.149451,172,0,No fault,0x04,right,454.753092,-2836,-0.202198,172,0,No fault,-45.00
2026-08-14T14:24:19.438,1786710259.438175,9.295719,3,-3000,5.000000,611,-3000,0x03,left,-149.088033,-2970,-0.184615,171,0,No fault,0x04,right,454.028351,-2881,-0.155311,174,0,No fault,-89.00
2026-08-14T14:24:19.448,1786710259.448953,9.306496,3,-3000,5.000000,612,-3000,0x03,left,-149.812775,-3104,-0.155311,172,0,No fault,0x04,right,450.646225,-3015,-0.161172,173,0,No fault,-89.00
2026-08-14T14:24:19.454,1786710259.454199,9.311727,3,-3000,5.000000,613,-3000,0x03,left,-151.306180,-2925,-0.114286,173,0,No fault,0x04,right,450.316798,-3015,-0.161172,176,0,No fault,90.00
2026-08-14T14:24:19.459,1786710259.459409,9.316944,3,-3000,5.000000,614,-3000,0x03,left,-152.909396,-2970,-0.155311,172,0,No fault,0x04,right,449.921484,-2925,-0.143590,174,0,No fault,-45.00
2026-08-14T14:24:19.464,1786710259.464666,9.322201,3,-3000,5.000000,615,-3000,0x03,left,-153.260785,-2925,-0.126007,172,0,No fault,0x04,right,449.196743,-3015,-0.149451,174,0,No fault,90.00
2026-08-14T14:24:19.469,1786710259.469919,9.327454,3,-3000,5.000000,616,-3000,0x03,left,-153.656099,-3104,-0.114286,173,0,No fault,0x04,right,448.493964,-3015,-0.149451,173,0,No fault,-89.00
2026-08-14T14:24:19.475,1786710259.475172,9.332705,3,-3000,5.000000,617,-3000,0x03,left,-154.380840,-3059,-0.108425,175,0,No fault,0x04,right,447.791185,-3059,-0.190476,175,0,No fault,0.00
2026-08-14T14:24:19.480,1786710259.480420,9.337953,3,-3000,5.000000,618,-3000,0x03,left,-155.105581,-3283,-0.143590,172,0,No fault,0x04,right,447.066444,-3015,-0.161172,174,0,No fault,-268.00
2026-08-14T14:24:19.485,1786710259.485790,9.343323,3,-3000,5.000000,619,-3000,0x03,left,-155.808360,-3104,-0.172894,174,0,No fault,0x04,right,446.363664,-2925,-0.155311,173,0,No fault,-179.00
2026-08-14T14:24:19.491,1786710259.491036,9.348570,3,-3000,5.000000,620,-3000,0x03,left,-156.533101,-2970,-0.108425,169,0,No fault,0x04,right,445.638923,-2791,-0.149451,174,0,No fault,-179.00
2026-08-14T14:24:19.496,1786710259.496283,9.353816,3,-3000,5.000000,621,-3000,0x03,left,-157.257842,-3149,-0.126007,172,0,No fault,0x04,right,444.914182,-3193,-0.172894,174,0,No fault,44.00
2026-08-14T14:24:19.501,1786710259.501525,9.359058,3,-3000,5.000000,622,-3000,0x03,left,-157.960622,-2791,-0.149451,172,0,No fault,0x04,right,444.211403,-2925,-0.143590,175,0,No fault,134.00
2026-08-14T14:24:19.506,1786710259.506767,9.364299,3,-3000,5.000000,623,-3000,0x03,left,-158.685363,-3104,-0.178755,171,0,No fault,0x04,right,443.486662,-3059,-0.172894,174,0,No fault,-45.00
2026-08-14T14:24:19.512,1786710259.512074,9.369608,3,-3000,5.000000,624,-3000,0x03,left,-159.388142,-2881,-0.114286,171,0,No fault,0x04,right,442.783882,-2836,-0.190476,175,0,No fault,-45.00
2026-08-14T14:24:19.517,1786710259.517319,9.374852,3,-3000,5.000000,625,-3000,0x03,left,-160.112883,-2970,-0.137729,172,0,No fault,0x04,right,442.081103,-2791,-0.196337,172,0,No fault,-179.00
2026-08-14T14:24:19.522,1786710259.522558,9.380094,3,-3000,5.000000,626,-3000,0x03,left,-160.837624,-3104,-0.219780,173,0,No fault,0x04,right,441.378324,-2881,-0.178755,175,0,No fault,-223.00
2026-08-14T14:24:19.527,1786710259.527800,9.385332,3,-3000,5.000000,627,-3000,0x03,left,-161.540404,-3104,-0.202198,172,0,No fault,0x04,right,440.653583,-2925,-0.172894,174,0,No fault,-179.00
2026-08-14T14:24:19.533,1786710259.533094,9.390627,3,-3000,5.000000,628,-3000,0x03,left,-162.243183,-3015,-0.149451,171,0,No fault,0x04,right,439.928842,-3059,-0.184615,171,0,No fault,44.00
2026-08-14T14:24:19.538,1786710259.538341,9.395875,3,-3000,5.000000,629,-3000,0x03,left,-162.989886,-3283,-0.131868,172,0,No fault,0x04,right,438.523283,-3015,-0.167033,172,0,No fault,-268.00
2026-08-14T14:24:19.543,1786710259.543679,9.401212,3,-3000,5.000000,630,-3000,0x03,left,-163.692665,-2925,-0.196337,171,0,No fault,0x04,right,437.798542,-2881,-0.237363,174,0,No fault,-44.00
2026-08-14T14:24:19.548,1786710259.548924,9.406457,3,-3000,5.000000,631,-3000,0x03,left,-164.373482,-2747,-0.231502,173,0,No fault,0x04,right,437.073801,-3015,-0.208059,174,0,No fault,268.00
2026-08-14T14:24:19.554,1786710259.554170,9.411703,3,-3000,5.000000,632,-3000,0x03,left,-165.098224,-3059,-0.131868,171,0,No fault,0x04,right,436.392983,-2925,-0.249084,175,0,No fault,-134.00
2026-08-14T14:24:19.559,1786710259.559412,9.416945,3,-3000,5.000000,633,-3000,0x03,left,-165.822965,-3104,-0.149451,175,0,No fault,0x04,right,435.668242,-2970,-0.161172,174,0,No fault,-134.00
2026-08-14T14:24:19.564,1786710259.564653,9.422185,3,-3000,5.000000,634,-3000,0x03,left,-166.547706,-3149,-0.213919,173,0,No fault,0x04,right,434.943501,-3015,-0.219780,174,0,No fault,-134.00
2026-08-14T14:24:19.569,1786710259.569964,9.427495,3,-3000,5.000000,635,-3000,0x03,left,-167.250485,-3059,-0.184615,172,0,No fault,0x04,right,434.240722,-2836,-0.196337,177,0,No fault,-223.00
2026-08-14T14:24:19.575,1786710259.575264,9.432797,3,-3000,5.000000,636,-3000,0x03,left,-168.678006,-3015,-0.155311,171,0,No fault,0x04,right,433.537943,-2881,-0.249084,174,0,No fault,-134.00
2026-08-14T14:24:19.580,1786710259.580579,9.438108,3,-3000,5.000000,637,-3000,0x03,left,-169.402747,-3238,-0.225641,172,0,No fault,0x04,right,432.813201,-2925,-0.178755,172,0,No fault,-313.00
2026-08-14T14:24:19.585,1786710259.585804,9.443333,3,-3000,5.000000,638,-3000,0x03,left,-170.105526,-3149,-0.167033,173,0,No fault,0x04,right,432.110422,-2970,-0.184615,171,0,No fault,-179.00
2026-08-14T14:24:19.591,1786710259.591022,9.448551,3,-3000,5.000000,639,-3000,0x03,left,-170.830267,-3149,-0.143590,172,0,No fault,0x04,right,431.407643,-2747,-0.196337,174,0,No fault,-402.00
2026-08-14T14:24:19.596,1786710259.596238,9.453767,3,-3000,5.000000,640,-3000,0x03,left,-171.555008,-2970,-0.120147,172,0,No fault,0x04,right,430.682902,-3015,-0.213919,173,0,No fault,45.00
2026-08-14T14:24:19.601,1786710259.601469,9.459013,3,-3000,5.000000,641,-3000,0x03,left,-172.257787,-2970,-0.178755,171,0,No fault,0x04,right,429.958161,-3015,-0.208059,174,0,No fault,45.00
2026-08-14T14:24:19.606,1786710259.606797,9.464333,3,-3000,5.000000,642,-3000,0x03,left,-172.960567,-2836,-0.167033,173,0,No fault,0x04,right,429.233420,-3059,-0.143590,174,0,No fault,223.00
2026-08-14T14:24:19.612,1786710259.612058,9.469590,3,-3000,5.000000,643,-3000,0x03,left,-173.707270,-3059,-0.114286,171,0,No fault,0x04,right,428.530640,-2881,-0.190476,174,0,No fault,-178.00
2026-08-14T14:24:19.617,1786710259.617298,9.474830,3,-3000,5.000000,644,-3000,0x03,left,-174.432011,-3015,-0.131868,173,0,No fault,0x04,right,427.827861,-2657,-0.178755,174,0,No fault,-358.00
2026-08-14T14:24:19.622,1786710259.622540,9.480077,3,-3000,5.000000,645,-3000,0x03,left,-175.134790,-2836,-0.149451,172,0,No fault,0x04,right,427.103120,-2657,-0.190476,172,0,No fault,-179.00
2026-08-14T14:24:19.627,1786710259.627885,9.485417,3,-3000,5.000000,646,-3000,0x03,left,-175.837569,-2881,-0.161172,171,0,No fault,0x04,right,426.400341,-2925,-0.172894,174,0,No fault,44.00
2026-08-14T14:24:19.638,1786710259.638200,9.495733,3,-3000,5.000000,647,-3000,0x03,left,-177.287052,-3238,-0.172894,174,0,No fault,0x04,right,425.675600,-2925,-0.190476,174,0,No fault,-313.00
2026-08-14T14:24:19.643,1786710259.643482,9.501019,3,-3000,5.000000,648,-3000,0x03,left,-178.011793,-3149,-0.172894,171,0,No fault,0x04,right,424.226117,-3104,-0.178755,174,0,No fault,-45.00
2026-08-14T14:24:19.653,1786710259.653825,9.511362,3,-3000,5.000000,649,-3000,0x03,left,-178.714572,-3059,-0.196337,170,0,No fault,0x04,right,422.095818,-2925,-0.196337,173,0,No fault,-134.00
2026-08-14T14:24:19.659,1786710259.659082,9.516617,3,-3000,5.000000,650,-3000,0x03,left,-180.142092,-2925,-0.155311,171,0,No fault,0x04,right,421.722466,-2970,-0.243223,174,0,No fault,45.00
2026-08-14T14:24:19.664,1786710259.664333,9.521866,3,-3000,5.000000,651,-3000,0x03,left,-181.833155,-2836,-0.184615,173,0,No fault,0x04,right,421.019687,-3015,-0.208059,174,0,No fault,179.00
2026-08-14T14:24:19.669,1786710259.669571,9.527104,3,-3000,5.000000,652,-3000,0x03,left,-182.162583,-3149,-0.184615,171,0,No fault,0x04,right,420.294946,-2747,-0.225641,174,0,No fault,-402.00
2026-08-14T14:24:19.674,1786710259.674816,9.532349,3,-3000,5.000000,653,-3000,0x03,left,-182.579858,-3015,-0.143590,174,0,No fault,0x04,right,419.570205,-2881,-0.208059,174,0,No fault,-134.00
2026-08-14T14:24:19.680,1786710259.680058,9.537590,3,-3000,5.000000,654,-3000,0x03,left,-183.304599,-3104,-0.190476,170,0,No fault,0x04,right,418.867425,-3015,-0.196337,174,0,No fault,-89.00
2026-08-14T14:24:19.685,1786710259.685298,9.542830,3,-3000,5.000000,655,-3000,0x03,left,-184.007378,-3104,-0.213919,172,0,No fault,0x04,right,418.142684,-3104,-0.208059,174,0,No fault,0.00
2026-08-14T14:24:19.690,1786710259.690540,9.548071,3,-3000,5.000000,656,-3000,0x03,left,-184.710158,-3059,-0.178755,171,0,No fault,0x04,right,417.417943,-3015,-0.196337,174,0,No fault,-44.00
2026-08-14T14:24:19.695,1786710259.695781,9.553313,3,-3000,5.000000,657,-3000,0x03,left,-185.434899,-2881,-0.167033,170,0,No fault,0x04,right,416.715164,-3104,-0.178755,174,0,No fault,223.00
2026-08-14T14:24:19.701,1786710259.701020,9.558552,3,-3000,5.000000,658,-3000,0x03,left,-186.159640,-3059,-0.178755,171,0,No fault,0x04,right,416.012385,-2925,-0.184615,174,0,No fault,-134.00
2026-08-14T14:24:19.706,1786710259.706273,9.563810,3,-3000,5.000000,659,-3000,0x03,left,-186.862419,-2791,-0.196337,173,0,No fault,0x04,right,415.287643,-3059,-0.208059,174,0,No fault,268.00
2026-08-14T14:24:19.711,1786710259.711551,9.569087,3,-3000,5.000000,660,-3000,0x03,left,-187.565198,-2925,-0.172894,171,0,No fault,0x04,right,414.584864,-2970,-0.202198,174,0,No fault,45.00
2026-08-14T14:24:19.716,1786710259.716814,9.574349,3,-3000,5.000000,661,-3000,0x03,left,-188.311901,-3104,-0.126007,172,0,No fault,0x04,right,413.860123,-3104,-0.190476,175,0,No fault,0.00
2026-08-14T14:24:19.722,1786710259.722070,9.579605,3,-3000,5.000000,662,-3000,0x03,left,-189.014681,-2791,-0.184615,169,0,No fault,0x04,right,413.157344,-2881,-0.190476,174,0,No fault,90.00
2026-08-14T14:24:19.727,1786710259.727331,9.584865,3,-3000,5.000000,663,-3000,0x03,left,-189.739422,-2836,-0.196337,170,0,No fault,0x04,right,412.410641,-3238,-0.178755,174,0,No fault,402.00
2026-08-14T14:24:19.732,1786710259.732585,9.590121,3,-3000,5.000000,664,-3000,0x03,left,-190.442201,-2881,-0.143590,172,0,No fault,0x04,right,411.729823,-2791,-0.196337,173,0,No fault,-90.00
2026-08-14T14:24:19.737,1786710259.737845,9.595380,3,-3000,5.000000,665,-3000,0x03,left,-191.166942,-2747,-0.143590,173,0,No fault,0x04,right,411.005082,-3193,-0.196337,174,0,No fault,446.00
2026-08-14T14:24:19.743,1786710259.743100,9.600634,3,-3000,5.000000,666,-3000,0x03,left,-191.891683,-2791,-0.131868,172,0,No fault,0x04,right,410.302303,-2747,-0.178755,174,0,No fault,-44.00
2026-08-14T14:24:19.748,1786710259.748422,9.605956,3,-3000,5.000000,667,-3000,0x03,left,-192.616424,-2791,-0.190476,173,0,No fault,0x04,right,409.577562,-3059,-0.196337,174,0,No fault,268.00
2026-08-14T14:24:19.753,1786710259.753714,9.611252,3,-3000,5.000000,668,-3000,0x03,left,-193.341165,-3193,-0.114286,171,0,No fault,0x04,right,408.874783,-2881,-0.202198,174,0,No fault,-312.00
2026-08-14T14:24:19.758,1786710259.758983,9.616516,3,-3000,5.000000,669,-3000,0x03,left,-194.065907,-2836,-0.126007,167,0,No fault,0x04,right,408.172003,-2881,-0.202198,174,0,No fault,45.00
2026-08-14T14:24:19.764,1786710259.764238,9.621773,3,-3000,5.000000,670,-3000,0x03,left,-194.790648,-3149,-0.178755,172,0,No fault,0x04,right,407.447262,-3015,-0.196337,173,0,No fault,-134.00
2026-08-14T14:24:19.769,1786710259.769493,9.627029,3,-3000,5.000000,671,-3000,0x03,left,-195.515389,-3059,-0.155311,167,0,No fault,0x04,right,406.722521,-2925,-0.172894,176,0,No fault,-134.00
2026-08-14T14:24:19.774,1786710259.774747,9.632281,3,-3000,5.000000,672,-3000,0x03,left,-196.218168,-3059,-0.131868,170,0,No fault,0x04,right,405.997780,-3104,-0.196337,174,0,No fault,45.00
2026-08-14T14:24:19.780,1786710259.780052,9.637588,3,-3000,5.000000,673,-3000,0x03,left,-196.942909,-3059,-0.114286,171,0,No fault,0x04,right,405.316963,-2791,-0.237363,175,0,No fault,-268.00
2026-08-14T14:24:19.785,1786710259.785313,9.642848,3,-3000,5.000000,674,-3000,0x03,left,-197.667650,-2925,-0.143590,172,0,No fault,0x04,right,404.592221,-2657,-0.190476,174,0,No fault,-268.00
2026-08-14T14:24:19.790,1786710259.790570,9.648105,3,-3000,5.000000,675,-3000,0x03,left,-198.392391,-2970,-0.155311,172,0,No fault,0x04,right,403.889442,-2925,-0.190476,177,0,No fault,-45.00
2026-08-14T14:24:19.795,1786710259.795874,9.653409,3,-3000,5.000000,676,-3000,0x03,left,-199.095171,-2970,-0.178755,170,0,No fault,0x04,right,403.164701,-2881,-0.213919,174,0,No fault,-89.00
2026-08-14T14:24:19.801,1786710259.801193,9.658728,3,-3000,5.000000,677,-3000,0x03,left,-199.819912,-3059,-0.096703,172,0,No fault,0x04,right,401.737181,-2925,-0.208059,173,0,No fault,-134.00
2026-08-14T14:24:19.806,1786710259.806547,9.664082,3,-3000,5.000000,678,-3000,0x03,left,-200.522691,-2970,-0.196337,172,0,No fault,0x04,right,401.034401,-3015,-0.190476,173,0,No fault,45.00
2026-08-14T14:24:19.811,1786710259.811885,9.669419,3,-3000,5.000000,679,-3000,0x03,left,-201.247432,-3104,-0.196337,172,0,No fault,0x04,right,400.309660,-2970,-0.172894,174,0,No fault,-134.00
2026-08-14T14:24:19.817,1786710259.817220,9.674755,3,-3000,5.000000,680,-3000,0x03,left,-202.674953,-2791,-0.161172,173,0,No fault,0x04,right,399.606881,-2970,-0.219780,174,0,No fault,179.00
2026-08-14T14:24:19.822,1786710259.822576,9.680108,3,-3000,5.000000,681,-3000,0x03,left,-203.421656,-3015,-0.137729,172,0,No fault,0x04,right,398.882140,-3059,-0.213919,174,0,No fault,44.00
2026-08-14T14:24:19.827,1786710259.827837,9.685376,3,-3000,5.000000,682,-3000,0x03,left,-204.124435,-2791,-0.225641,172,0,No fault,0x04,right,398.179361,-3015,-0.196337,174,0,No fault,224.00
2026-08-14T14:24:19.838,1786710259.838481,9.696028,3,-3000,5.000000,683,-3000,0x03,left,-205.551955,-2747,-0.161172,172,0,No fault,0x04,right,397.476581,-2925,-0.178755,174,0,No fault,178.00
2026-08-14T14:24:19.843,1786710259.843906,9.701455,3,-3000,5.000000,684,-3000,0x03,left,-206.276696,-2970,-0.172894,172,0,No fault,0x04,right,396.027099,-3238,-0.202198,174,0,No fault,268.00
2026-08-14T14:24:19.859,1786710259.859585,9.717135,3,-3000,5.000000,685,-3000,0x03,left,-207.726179,-3059,-0.108425,173,0,No fault,0x04,right,393.655219,-2881,-0.184615,174,0,No fault,-178.00
2026-08-14T14:24:19.864,1786710259.864948,9.722510,3,-3000,5.000000,686,-3000,0x03,left,-208.428958,-2881,-0.102564,172,0,No fault,0x04,right,392.930478,-2925,-0.196337,174,0,No fault,44.00
2026-08-14T14:24:19.870,1786710259.870528,9.728097,3,-3000,5.000000,687,-3000,0x03,left,-210.515334,-2881,-0.143590,171,0,No fault,0x04,right,392.205737,-2925,-0.137729,174,0,No fault,44.00
2026-08-14T14:24:19.875,1786710259.875931,9.733474,3,-3000,5.000000,688,-3000,0x03,left,-210.910647,-3015,-0.126007,172,0,No fault,0x04,right,391.502958,-3149,-0.149451,176,0,No fault,134.00
2026-08-14T14:24:19.881,1786710259.881252,9.738794,3,-3000,5.000000,689,-3000,0x03,left,-211.657350,-3059,-0.126007,173,0,No fault,0x04,right,390.778216,-3059,-0.167033,173,0,No fault,0.00
2026-08-14T14:24:19.886,1786710259.886560,9.744101,3,-3000,5.000000,690,-3000,0x03,left,-212.360129,-2925,-0.167033,172,0,No fault,0x04,right,390.053475,-3238,-0.167033,174,0,No fault,313.00
2026-08-14T14:24:19.892,1786710259.892184,9.749716,3,-3000,5.000000,691,-3000,0x03,left,-213.062909,-2925,-0.155311,172,0,No fault,0x04,right,389.372658,-2970,-0.155311,174,0,No fault,45.00
2026-08-14T14:24:19.897,1786710259.897391,9.754919,3,-3000,5.000000,692,-3000,0x03,left,-213.831574,-3238,-0.073260,171,0,No fault,0x04,right,388.647917,-2791,-0.149451,174,0,No fault,-447.00
2026-08-14T14:24:19.902,1786710259.902614,9.760151,3,-3000,5.000000,693,-3000,0x03,left,-214.512391,-2925,-0.149451,172,0,No fault,0x04,right,387.923176,-2747,-0.184615,174,0,No fault,-178.00
2026-08-14T14:24:19.907,1786710259.907897,9.765436,3,-3000,5.000000,694,-3000,0x03,left,-215.259094,-3059,-0.131868,169,0,No fault,0x04,right,387.198435,-2970,-0.149451,174,0,No fault,-89.00
2026-08-14T14:24:19.913,1786710259.913180,9.770716,3,-3000,5.000000,695,-3000,0x03,left,-215.939911,-2881,-0.178755,173,0,No fault,0x04,right,386.495655,-3104,-0.202198,177,0,No fault,223.00
2026-08-14T14:24:19.918,1786710259.918455,9.775990,3,-3000,5.000000,696,-3000,0x03,left,-216.664652,-2836,-0.084982,173,0,No fault,0x04,right,385.770914,-2970,-0.149451,174,0,No fault,134.00
2026-08-14T14:24:19.923,1786710259.923720,9.781254,3,-3000,5.000000,697,-3000,0x03,left,-217.389394,-2925,-0.131868,173,0,No fault,0x04,right,385.046173,-2970,-0.149451,174,0,No fault,45.00
2026-08-14T14:24:19.928,1786710259.928994,9.786528,3,-3000,5.000000,698,-3000,0x03,left,-218.114135,-2881,-0.155311,169,0,No fault,0x04,right,384.343394,-2881,-0.161172,173,0,No fault,0.00
2026-08-14T14:24:19.934,1786710259.934262,9.791794,3,-3000,5.000000,699,-3000,0x03,left,-218.816914,-2970,-0.172894,172,0,No fault,0x04,right,383.618653,-3015,-0.167033,174,0,No fault,45.00
2026-08-14T14:24:19.939,1786710259.939521,9.797054,3,-3000,5.000000,700,-3000,0x03,left,-219.541655,-3193,-0.131868,172,0,No fault,0x04,right,382.893912,-3104,-0.190476,174,0,No fault,-89.00
2026-08-14T14:24:19.944,1786710259.944783,9.802317,3,-3000,5.000000,701,-3000,0x03,left,-220.266396,-3283,-0.167033,172,0,No fault,0x04,right,382.191132,-2881,-0.196337,174,0,No fault,-402.00
2026-08-14T14:24:19.950,1786710259.950053,9.807584,3,-3000,5.000000,702,-3000,0x03,left,-220.969176,-3059,-0.184615,171,0,No fault,0x04,right,381.466391,-2970,-0.184615,174,0,No fault,-89.00
2026-08-14T14:24:19.955,1786710259.955321,9.812851,3,-3000,5.000000,703,-3000,0x03,left,-221.671955,-2970,-0.190476,171,0,No fault,0x04,right,380.763612,-3015,-0.196337,174,0,No fault,45.00
2026-08-14T14:24:19.960,1786710259.960566,9.818100,3,-3000,5.000000,704,-3000,0x03,left,-222.374734,-2881,-0.137729,173,0,No fault,0x04,right,380.060833,-2970,-0.178755,176,0,No fault,89.00
2026-08-14T14:24:19.965,1786710259.965888,9.823420,3,-3000,5.000000,705,-3000,0x03,left,-223.099475,-3059,-0.155311,173,0,No fault,0x04,right,379.336091,-3059,-0.213919,174,0,No fault,0.00
2026-08-14T14:24:19.971,1786710259.971207,9.828743,3,-3000,5.000000,706,-3000,0x03,left,-223.824216,-2881,-0.167033,169,0,No fault,0x04,right,377.930533,-2925,-0.231502,174,0,No fault,44.00
2026-08-14T14:24:19.976,1786710259.976522,9.834057,3,-3000,5.000000,707,-3000,0x03,left,-224.526996,-2836,-0.208059,173,0,No fault,0x04,right,377.205792,-2657,-0.172894,173,0,No fault,-179.00
2026-08-14T14:24:19.981,1786710259.981788,9.839322,3,-3000,5.000000,708,-3000,0x03,left,-225.251737,-3149,-0.108425,172,0,No fault,0x04,right,376.503013,-2791,-0.219780,174,0,No fault,-358.00
2026-08-14T14:24:19.987,1786710259.987071,9.844605,3,-3000,5.000000,709,-3000,0x03,left,-225.954516,-3015,-0.167033,172,0,No fault,0x04,right,375.778271,-3015,-0.196337,174,0,No fault,0.00
2026-08-14T14:24:19.992,1786710259.992564,9.850094,3,-3000,5.000000,710,-3000,0x03,left,-227.382036,-2881,-0.196337,171,0,No fault,0x04,right,375.075492,-2791,-0.219780,173,0,No fault,-90.00
2026-08-14T14:24:20.002,1786710260.002964,9.860496,3,-3000,5.000000,711,-3000,0x03,left,-228.106777,-3015,-0.108425,170,0,No fault,0x04,right,373.647972,-2702,-0.190476,174,0,No fault,-313.00
2026-08-14T14:24:20.008,1786710260.008224,9.865762,3,-3000,5.000000,712,-3000,0x03,left,-228.809557,-2970,-0.172894,172,0,No fault,0x04,right,372.945192,-2881,-0.196337,174,0,No fault,-89.00
2026-08-14T14:24:20.013,1786710260.013557,9.871087,3,-3000,5.000000,713,-3000,0x03,left,-229.534298,-3059,-0.149451,171,0,No fault,0x04,right,372.220451,-2970,-0.225641,174,0,No fault,-89.00
2026-08-14T14:24:20.018,1786710260.018855,9.876384,3,-3000,5.000000,714,-3000,0x03,left,-231.071628,-3149,-0.114286,170,0,No fault,0x04,right,371.517672,-3059,-0.196337,174,0,No fault,-90.00
2026-08-14T14:24:20.024,1786710260.024139,9.881673,3,-3000,5.000000,715,-3000,0x03,left,-231.796369,-3015,-0.161172,175,0,No fault,0x04,right,370.792931,-2747,-0.196337,174,0,No fault,-268.00
2026-08-14T14:24:20.029,1786710260.029397,9.886931,3,-3000,5.000000,716,-3000,0x03,left,-232.521110,-3059,-0.167033,172,0,No fault,0x04,right,370.090152,-2791,-0.208059,177,0,No fault,-268.00
2026-08-14T14:24:20.044,1786710260.044877,9.902428,3,-3000,5.000000,717,-3000,0x03,left,-234.651409,-3015,-0.178755,173,0,No fault,0x04,right,368.662631,-3149,-0.172894,173,0,No fault,134.00
2026-08-14T14:24:20.060,1786710260.060441,9.918079,3,-3000,5.000000,718,-3000,0x03,left,-236.100892,-3015,-0.143590,173,0,No fault,0x04,right,365.741705,-2970,-0.172894,174,0,No fault,-45.00
2026-08-14T14:24:20.065,1786710260.065936,9.923476,3,-3000,5.000000,719,-3000,0x03,left,-236.803671,-2925,-0.120147,167,0,No fault,0x04,right,365.368353,-2747,-0.155311,174,0,No fault,-178.00
2026-08-14T14:24:20.071,1786710260.071347,9.928886,3,-3000,5.000000,720,-3000,0x03,left,-238.516695,-2791,-0.184615,169,0,No fault,0x04,right,363.940833,-3015,-0.178755,174,0,No fault,224.00
2026-08-14T14:24:20.076,1786710260.076714,9.934251,3,-3000,5.000000,721,-3000,0x03,left,-238.868085,-3059,-0.149451,171,0,No fault,0x04,right,363.194130,-3015,-0.202198,174,0,No fault,-44.00
2026-08-14T14:24:20.082,1786710260.082050,9.939588,3,-3000,5.000000,722,-3000,0x03,left,-239.241437,-2925,-0.155311,172,0,No fault,0x04,right,362.491351,-2925,-0.167033,174,0,No fault,0.00
2026-08-14T14:24:20.087,1786710260.087442,9.944978,3,-3000,5.000000,723,-3000,0x03,left,-240.712881,-3104,-0.184615,174,0,No fault,0x04,right,361.788572,-2836,-0.190476,173,0,No fault,-268.00
2026-08-14T14:24:20.092,1786710260.092773,9.950307,3,-3000,5.000000,724,-3000,0x03,left,-241.415660,-2791,-0.196337,171,0,No fault,0x04,right,361.063830,-3149,-0.213919,173,0,No fault,358.00
2026-08-14T14:24:20.098,1786710260.098047,9.955583,3,-3000,5.000000,725,-3000,0x03,left,-242.140401,-3104,-0.184615,175,0,No fault,0x04,right,360.361051,-2925,-0.213919,174,0,No fault,-179.00
2026-08-14T14:24:20.103,1786710260.103354,9.960906,3,-3000,5.000000,726,-3000,0x03,left,-242.865142,-3104,-0.143590,171,0,No fault,0x04,right,359.636310,-3015,-0.184615,174,0,No fault,-89.00
2026-08-14T14:24:20.108,1786710260.108703,9.966245,3,-3000,5.000000,727,-3000,0x03,left,-243.567921,-2925,-0.190476,173,0,No fault,0x04,right,358.933531,-2881,-0.213919,174,0,No fault,-44.00
2026-08-14T14:24:20.114,1786710260.114022,9.971565,3,-3000,5.000000,728,-3000,0x03,left,-244.270701,-2925,-0.202198,172,0,No fault,0x04,right,358.230752,-2881,-0.161172,176,0,No fault,-44.00
2026-08-14T14:24:20.119,1786710260.119348,9.976888,3,-3000,5.000000,729,-3000,0x03,left,-244.995442,-2970,-0.143590,170,0,No fault,0x04,right,357.506010,-2970,-0.213919,174,0,No fault,0.00
2026-08-14T14:24:20.124,1786710260.124652,9.982187,3,-3000,5.000000,730,-3000,0x03,left,-245.698221,-2836,-0.167033,167,0,No fault,0x04,right,356.781269,-3149,-0.184615,175,0,No fault,313.00
2026-08-14T14:24:20.130,1786710260.130039,9.987573,3,-3000,5.000000,731,-3000,0x03,left,-246.422962,-2791,-0.219780,171,0,No fault,0x04,right,356.078490,-2925,-0.172894,175,0,No fault,134.00
2026-08-14T14:24:20.135,1786710260.135307,9.992841,3,-3000,5.000000,732,-3000,0x03,left,-247.125741,-2881,-0.202198,172,0,No fault,0x04,right,355.375711,-2925,-0.208059,175,0,No fault,44.00
2026-08-14T14:24:20.140,1786710260.140586,9.998120,3,-3000,5.000000,733,-3000,0x03,left,-247.850483,-3149,-0.137729,170,0,No fault,0x04,right,354.672931,-2836,-0.225641,173,0,No fault,-313.00
2026-08-14T14:24:20.145,1786710260.145855,10.003389,3,-3000,5.000000,734,-3000,0x03,left,-248.553262,-2836,-0.161172,173,0,No fault,0x04,right,353.970152,-2881,-0.190476,173,0,No fault,45.00
2026-08-14T14:24:20.151,1786710260.151129,10.008663,3,-3000,5.000000,735,-3000,0x03,left,-249.278003,-3104,-0.202198,172,0,No fault,0x04,right,353.245411,-3149,-0.219780,173,0,No fault,45.00
2026-08-14T14:24:20.156,1786710260.156401,10.013935,3,-3000,5.000000,736,-3000,0x03,left,-250.002744,-3327,-0.190476,172,0,No fault,0x04,right,352.520670,-3149,-0.149451,174,0,No fault,-178.00
2026-08-14T14:24:20.161,1786710260.161720,10.019254,3,-3000,5.000000,737,-3000,0x03,left,-250.705523,-3015,-0.167033,172,0,No fault,0x04,right,351.817891,-2970,-0.208059,175,0,No fault,-45.00
2026-08-14T14:24:20.166,1786710260.166994,10.024528,3,-3000,5.000000,738,-3000,0x03,left,-251.430264,-3283,-0.161172,173,0,No fault,0x04,right,351.115111,-2836,-0.167033,173,0,No fault,-447.00
2026-08-14T14:24:20.172,1786710260.172334,10.029874,3,-3000,5.000000,739,-3000,0x03,left,-252.133044,-3015,-0.167033,174,0,No fault,0x04,right,350.390370,-2925,-0.184615,177,0,No fault,-90.00
2026-08-14T14:24:20.177,1786710260.177855,10.035390,3,-3000,5.000000,740,-3000,0x03,left,-252.857785,-3059,-0.178755,169,0,No fault,0x04,right,348.962850,-3149,-0.202198,174,0,No fault,90.00
2026-08-14T14:24:20.183,1786710260.183338,10.040873,3,-3000,5.000000,741,-3000,0x03,left,-253.560564,-2881,-0.108425,170,0,No fault,0x04,right,348.260071,-2925,-0.178755,174,0,No fault,44.00
2026-08-14T14:24:20.188,1786710260.188617,10.046154,3,-3000,5.000000,742,-3000,0x03,left,-254.285305,-3015,-0.143590,172,0,No fault,0x04,right,347.535330,-3015,-0.196337,174,0,No fault,0.00
2026-08-14T14:24:20.193,1786710260.193955,10.051488,3,-3000,5.000000,743,-3000,0x03,left,-254.988085,-2836,-0.143590,173,0,No fault,0x04,right,346.832550,-3015,-0.178755,174,0,No fault,179.00
2026-08-14T14:24:20.199,1786710260.199456,10.056990,3,-3000,5.000000,744,-3000,0x03,left,-256.415605,-2881,-0.102564,172,0,No fault,0x04,right,346.129771,-2791,-0.202198,173,0,No fault,-90.00
2026-08-14T14:24:20.204,1786710260.204725,10.062259,3,-3000,5.000000,745,-3000,0x03,left,-257.162308,-2791,-0.126007,172,0,No fault,0x04,right,345.405030,-2970,-0.208059,172,0,No fault,179.00
2026-08-14T14:24:20.210,1786710260.210000,10.067533,3,-3000,5.000000,746,-3000,0x03,left,-257.887049,-2970,-0.167033,172,0,No fault,0x04,right,344.702251,-3283,-0.284249,174,0,No fault,313.00
2026-08-14T14:24:20.215,1786710260.215276,10.072809,3,-3000,5.000000,747,-3000,0x03,left,-258.589828,-2702,-0.149451,173,0,No fault,0x04,right,343.977509,-3015,-0.137729,173,0,No fault,313.00
2026-08-14T14:24:20.220,1786710260.220546,10.078081,3,-3000,5.000000,748,-3000,0x03,left,-259.292608,-2791,-0.137729,170,0,No fault,0x04,right,343.296692,-2881,-0.237363,173,0,No fault,90.00
2026-08-14T14:24:20.225,1786710260.225828,10.083361,3,-3000,5.000000,749,-3000,0x03,left,-260.017349,-2836,-0.120147,171,0,No fault,0x04,right,342.571951,-2836,-0.161172,174,0,No fault,0.00
2026-08-14T14:24:20.231,1786710260.231106,10.088640,3,-3000,5.000000,750,-3000,0x03,left,-260.742090,-3015,-0.202198,171,0,No fault,0x04,right,341.869172,-3015,-0.225641,174,0,No fault,0.00
2026-08-14T14:24:20.246,1786710260.246543,10.104086,3,-3000,5.000000,751,-3000,0x03,left,-262.872389,-2836,-0.161172,172,0,No fault,0x04,right,340.419689,-3193,-0.202198,174,0,No fault,357.00
2026-08-14T14:24:20.257,1786710260.257124,10.114663,3,-3000,5.000000,752,-3000,0x03,left,-263.619092,-2925,-0.190476,172,0,No fault,0x04,right,337.828191,-2791,-0.190476,173,0,No fault,-134.00
2026-08-14T14:24:20.262,1786710260.262588,10.120129,3,-3000,5.000000,753,-3000,0x03,left,-265.046613,-3015,-0.114286,172,0,No fault,0x04,right,337.454839,-3059,-0.190476,174,0,No fault,44.00
2026-08-14T14:24:20.267,1786710260.267948,10.125484,3,-3000,5.000000,754,-3000,0x03,left,-266.737675,-2791,-0.184615,173,0,No fault,0x04,right,337.081488,-2836,-0.219780,174,0,No fault,45.00
2026-08-14T14:24:20.273,1786710260.273354,10.130886,3,-3000,5.000000,755,-3000,0x03,left,-267.067103,-2881,-0.219780,172,0,No fault,0x04,right,335.653968,-2881,-0.190476,174,0,No fault,0.00
2026-08-14T14:24:20.278,1786710260.278740,10.136283,3,-3000,5.000000,756,-3000,0x03,left,-267.462417,-2925,-0.161172,171,0,No fault,0x04,right,334.929226,-3015,-0.196337,174,0,No fault,90.00
2026-08-14T14:24:20.284,1786710260.284078,10.141614,3,-3000,5.000000,757,-3000,0x03,left,-268.187158,-3015,-0.096703,172,0,No fault,0x04,right,334.204485,-3059,-0.172894,174,0,No fault,44.00
2026-08-14T14:24:20.289,1786710260.289339,10.146872,3,-3000,5.000000,758,-3000,0x03,left,-268.911899,-3104,-0.184615,176,0,No fault,0x04,right,333.501706,-2925,-0.172894,174,0,No fault,-179.00
2026-08-14T14:24:20.294,1786710260.294583,10.152116,3,-3000,5.000000,759,-3000,0x03,left,-269.614678,-2925,-0.161172,170,0,No fault,0x04,right,332.798927,-2747,-0.190476,174,0,No fault,-178.00
2026-08-14T14:24:20.299,1786710260.299816,10.157346,3,-3000,5.000000,760,-3000,0x03,left,-270.317457,-2747,-0.149451,171,0,No fault,0x04,right,332.052224,-3149,-0.172894,173,0,No fault,402.00
2026-08-14T14:24:20.305,1786710260.305085,10.162616,3,-3000,5.000000,761,-3000,0x03,left,-271.042198,-2836,-0.108425,172,0,No fault,0x04,right,331.349444,-3015,-0.196337,175,0,No fault,179.00
2026-08-14T14:24:20.310,1786710260.310319,10.167850,3,-3000,5.000000,762,-3000,0x03,left,-271.788901,-2791,-0.108425,172,0,No fault,0x04,right,330.646665,-3015,-0.167033,173,0,No fault,224.00
2026-08-14T14:24:20.315,1786710260.315547,10.173079,3,-3000,5.000000,763,-3000,0x03,left,-272.491681,-2881,-0.172894,172,0,No fault,0x04,right,329.943886,-2702,-0.167033,174,0,No fault,-179.00
2026-08-14T14:24:20.320,1786710260.320770,10.178301,3,-3000,5.000000,764,-3000,0x03,left,-273.194460,-2836,-0.167033,173,0,No fault,0x04,right,329.219145,-3015,-0.167033,174,0,No fault,179.00
2026-08-14T14:24:20.326,1786710260.326027,10.183564,3,-3000,5.000000,765,-3000,0x03,left,-273.941163,-2881,-0.079121,173,0,No fault,0x04,right,328.494404,-2791,-0.161172,174,0,No fault,-90.00
2026-08-14T14:24:20.331,1786710260.331293,10.188823,3,-3000,5.000000,766,-3000,0x03,left,-274.665904,-2881,-0.131868,173,0,No fault,0x04,right,327.769663,-2925,-0.161172,173,0,No fault,44.00
2026-08-14T14:24:20.336,1786710260.336575,10.194121,3,-3000,5.000000,767,-3000,0x03,left,-275.368683,-2836,-0.131868,171,0,No fault,0x04,right,327.066883,-2925,-0.143590,173,0,No fault,89.00
2026-08-14T14:24:20.341,1786710260.341911,10.199454,3,-3000,5.000000,768,-3000,0x03,left,-276.093424,-2925,-0.155311,172,0,No fault,0x04,right,326.342142,-3193,-0.190476,174,0,No fault,268.00
2026-08-14T14:24:20.347,1786710260.347203,10.204740,3,-3000,5.000000,769,-3000,0x03,left,-276.818166,-3149,-0.108425,172,0,No fault,0x04,right,325.617401,-3059,-0.149451,175,0,No fault,-90.00
2026-08-14T14:24:20.352,1786710260.352496,10.210035,3,-3000,5.000000,770,-3000,0x03,left,-277.542907,-2925,-0.143590,172,0,No fault,0x04,right,324.914622,-2925,-0.202198,175,0,No fault,0.00
2026-08-14T14:24:20.357,1786710260.357774,10.215332,3,-3000,5.000000,771,-3000,0x03,left,-278.267648,-2836,-0.167033,172,0,No fault,0x04,right,324.167919,-3015,-0.120147,173,0,No fault,179.00
2026-08-14T14:24:20.363,1786710260.363122,10.220671,3,-3000,5.000000,772,-3000,0x03,left,-278.970427,-3015,-0.149451,174,0,No fault,0x04,right,323.465140,-2970,-0.178755,174,0,No fault,-45.00
2026-08-14T14:24:20.368,1786710260.368538,10.226079,3,-3000,5.000000,773,-3000,0x03,left,-279.695168,-3059,-0.137729,172,0,No fault,0x04,right,322.762360,-2881,-0.137729,176,0,No fault,-178.00
2026-08-14T14:24:20.373,1786710260.373848,10.231393,3,-3000,5.000000,774,-3000,0x03,left,-280.419909,-2970,-0.190476,172,0,No fault,0x04,right,322.037619,-3015,-0.190476,174,0,No fault,45.00
2026-08-14T14:24:20.379,1786710260.379158,10.236705,3,-3000,5.000000,775,-3000,0x03,left,-281.144650,-3015,-0.196337,168,0,No fault,0x04,right,321.334840,-2925,-0.219780,174,0,No fault,-90.00
2026-08-14T14:24:20.388,1786710260.388056,10.245587,3,-3000,5.000000,776,-3000,0x03,left,-282.550209,-3104,-0.167033,172,0,No fault,0x04,right,319.885358,-2925,-0.178755,173,0,No fault,-179.00
2026-08-14T14:24:20.393,1786710260.393937,10.251477,3,-3000,5.000000,777,-3000,0x03,left,-283.274950,-2791,-0.167033,172,0,No fault,0x04,right,319.160617,-3104,-0.184615,174,0,No fault,313.00
2026-08-14T14:24:20.399,1786710260.399397,10.256937,3,-3000,5.000000,778,-3000,0x03,left,-283.977729,-2836,-0.237363,169,0,No fault,0x04,right,318.457837,-3193,-0.196337,175,0,No fault,357.00
2026-08-14T14:24:20.405,1786710260.405627,10.263167,3,-3000,5.000000,779,-3000,0x03,left,-285.405250,-2881,-0.108425,172,0,No fault,0x04,right,317.052279,-3015,-0.202198,171,0,No fault,134.00
2026-08-14T14:24:20.410,1786710260.410878,10.268417,3,-3000,5.000000,780,-3000,0x03,left,-286.129991,-2791,-0.202198,171,0,No fault,0x04,right,316.327538,-2970,-0.243223,171,0,No fault,179.00
2026-08-14T14:24:20.416,1786710260.416232,10.273771,3,-3000,5.000000,781,-3000,0x03,left,-286.854732,-3059,-0.225641,172,0,No fault,0x04,right,315.602796,-2925,-0.178755,174,0,No fault,-134.00
2026-08-14T14:24:20.421,1786710260.421512,10.279049,3,-3000,5.000000,782,-3000,0x03,left,-287.535549,-2702,-0.172894,171,0,No fault,0x04,right,314.921979,-2791,-0.237363,173,0,No fault,89.00
2026-08-14T14:24:20.426,1786710260.426786,10.284322,3,-3000,5.000000,783,-3000,0x03,left,-288.260291,-2970,-0.114286,170,0,No fault,0x04,right,314.175276,-3193,-0.172894,171,0,No fault,223.00
2026-08-14T14:24:20.432,1786710260.432057,10.289593,3,-3000,5.000000,784,-3000,0x03,left,-288.985032,-2791,-0.190476,172,0,No fault,0x04,right,313.494459,-2791,-0.225641,174,0,No fault,0.00
2026-08-14T14:24:20.447,1786710260.447516,10.305060,3,-3000,5.000000,785,-3000,0x03,left,-291.137293,-3015,-0.084982,172,0,No fault,0x04,right,312.044976,-3104,-0.202198,174,0,No fault,89.00
2026-08-14T14:24:20.463,1786710260.463143,10.320679,3,-3000,5.000000,786,-3000,0x03,left,-292.586775,-3059,-0.219780,172,0,No fault,0x04,right,309.167974,-2970,-0.172894,174,0,No fault,-89.00
2026-08-14T14:24:20.468,1786710260.468464,10.326033,3,-3000,5.000000,787,-3000,0x03,left,-293.267593,-3015,-0.114286,174,0,No fault,0x04,right,308.794622,-2836,-0.172894,174,0,No fault,-179.00
2026-08-14T14:24:20.473,1786710260.473839,10.331376,3,-3000,5.000000,788,-3000,0x03,left,-295.375931,-2747,-0.190476,172,0,No fault,0x04,right,308.069881,-3104,-0.219780,174,0,No fault,357.00
2026-08-14T14:24:20.479,1786710260.479217,10.336757,3,-3000,5.000000,789,-3000,0x03,left,-295.771244,-2925,-0.149451,173,0,No fault,0x04,right,307.367102,-3104,-0.196337,175,0,No fault,179.00
2026-08-14T14:24:20.484,1786710260.484532,10.342069,3,-3000,5.000000,790,-3000,0x03,left,-296.495985,-3059,-0.108425,172,0,No fault,0x04,right,306.664323,-2568,-0.167033,174,0,No fault,-491.00
2026-08-14T14:24:20.489,1786710260.489801,10.347337,3,-3000,5.000000,791,-3000,0x03,left,-297.220726,-2925,-0.126007,172,0,No fault,0x04,right,305.939582,-2970,-0.155311,174,0,No fault,45.00
2026-08-14T14:24:20.495,1786710260.495125,10.352661,3,-3000,5.000000,792,-3000,0x03,left,-297.923505,-2791,-0.178755,172,0,No fault,0x04,right,305.236802,-2970,-0.213919,174,0,No fault,179.00
2026-08-14T14:24:20.500,1786710260.500453,10.358015,3,-3000,5.000000,793,-3000,0x03,left,-298.626285,-2791,-0.167033,172,0,No fault,0x04,right,303.809282,-3104,-0.184615,171,0,No fault,313.00
2026-08-14T14:24:20.505,1786710260.505812,10.363348,3,-3000,5.000000,794,-3000,0x03,left,-299.351026,-2925,-0.143590,173,0,No fault,0x04,right,303.084541,-2747,-0.172894,174,0,No fault,-178.00
2026-08-14T14:24:20.511,1786710260.511128,10.368663,3,-3000,5.000000,795,-3000,0x03,left,-300.075767,-2836,-0.161172,173,0,No fault,0x04,right,302.359800,-3104,-0.225641,176,0,No fault,268.00
2026-08-14T14:24:20.516,1786710260.516388,10.373922,3,-3000,5.000000,796,-3000,0x03,left,-300.800508,-3015,-0.219780,171,0,No fault,0x04,right,301.657020,-3015,-0.161172,174,0,No fault,0.00
2026-08-14T14:24:20.521,1786710260.521666,10.379200,3,-3000,5.000000,797,-3000,0x03,left,-301.503287,-2881,-0.172894,172,0,No fault,0x04,right,300.932279,-2925,-0.190476,175,0,No fault,44.00
2026-08-14T14:24:20.526,1786710260.526922,10.384455,3,-3000,5.000000,798,-3000,0x03,left,-302.206067,-2925,-0.137729,172,0,No fault,0x04,right,300.229500,-3059,-0.178755,174,0,No fault,134.00
2026-08-14T14:24:20.532,1786710260.532171,10.389704,3,-3000,5.000000,799,-3000,0x03,left,-302.952770,-3193,-0.137729,170,0,No fault,0x04,right,299.526721,-2970,-0.254945,173,0,No fault,-223.00
2026-08-14T14:24:20.537,1786710260.537423,10.394956,3,-3000,5.000000,800,-3000,0x03,left,-303.655549,-2881,-0.172894,171,0,No fault,0x04,right,298.801980,-2970,-0.178755,174,0,No fault,89.00
2026-08-14T14:24:20.542,1786710260.542670,10.400202,3,-3000,5.000000,801,-3000,0x03,left,-304.358328,-2925,-0.225641,173,0,No fault,0x04,right,298.099200,-2881,-0.202198,174,0,No fault,-44.00
2026-08-14T14:24:20.547,1786710260.547915,10.405447,3,-3000,5.000000,802,-3000,0x03,left,-305.061107,-2836,-0.102564,172,0,No fault,0x04,right,297.396421,-2970,-0.196337,174,0,No fault,134.00
2026-08-14T14:24:20.553,1786710260.553158,10.410691,3,-3000,5.000000,803,-3000,0x03,left,-305.785849,-2791,-0.178755,172,0,No fault,0x04,right,296.693642,-2568,-0.184615,174,0,No fault,-223.00
2026-08-14T14:24:20.558,1786710260.558407,10.415939,3,-3000,5.000000,804,-3000,0x03,left,-306.488628,-2881,-0.213919,172,0,No fault,0x04,right,295.946939,-3193,-0.167033,173,0,No fault,312.00
2026-08-14T14:24:20.563,1786710260.563651,10.421182,3,-3000,5.000000,805,-3000,0x03,left,-307.213369,-2970,-0.202198,172,0,No fault,0x04,right,295.266121,-2657,-0.202198,175,0,No fault,-313.00
2026-08-14T14:24:20.568,1786710260.568893,10.426425,3,-3000,5.000000,806,-3000,0x03,left,-307.916148,-3059,-0.114286,172,0,No fault,0x04,right,294.541380,-2925,-0.184615,174,0,No fault,-134.00
2026-08-14T14:24:20.574,1786710260.574134,10.431666,3,-3000,5.000000,807,-3000,0x03,left,-308.640889,-3059,-0.155311,173,0,No fault,0x04,right,293.816639,-3104,-0.208059,174,0,No fault,45.00
2026-08-14T14:24:20.579,1786710260.579377,10.436908,3,-3000,5.000000,808,-3000,0x03,left,-309.343669,-2925,-0.213919,172,0,No fault,0x04,right,293.113860,-2925,-0.167033,178,0,No fault,0.00
2026-08-14T14:24:20.584,1786710260.584615,10.442147,3,-3000,5.000000,809,-3000,0x03,left,-310.068410,-2881,-0.172894,172,0,No fault,0x04,right,292.389119,-2836,-0.143590,174,0,No fault,-45.00
2026-08-14T14:24:20.589,1786710260.589855,10.447387,3,-3000,5.000000,810,-3000,0x03,left,-310.771189,-2925,-0.149451,174,0,No fault,0x04,right,291.686339,-2970,-0.225641,174,0,No fault,45.00
2026-08-14T14:24:20.595,1786710260.595095,10.452626,3,-3000,5.000000,811,-3000,0x03,left,-311.517892,-3059,-0.120147,173,0,No fault,0x04,right,290.961598,-3104,-0.196337,172,0,No fault,45.00
2026-08-14T14:24:20.600,1786710260.600335,10.457867,3,-3000,5.000000,812,-3000,0x03,left,-312.220671,-3149,-0.172894,172,0,No fault,0x04,right,290.236857,-3238,-0.184615,174,0,No fault,89.00
2026-08-14T14:24:20.605,1786710260.605599,10.463130,3,-3000,5.000000,813,-3000,0x03,left,-312.945412,-3104,-0.178755,172,0,No fault,0x04,right,289.534078,-3193,-0.202198,172,0,No fault,89.00
2026-08-14T14:24:20.610,1786710260.610986,10.468531,3,-3000,5.000000,814,-3000,0x03,left,-313.648192,-2970,-0.090842,168,0,No fault,0x04,right,288.831299,-3059,-0.202198,174,0,No fault,89.00
2026-08-14T14:24:20.616,1786710260.616630,10.474179,3,-3000,5.000000,815,-3000,0x03,left,-315.097674,-2970,-0.172894,171,0,No fault,0x04,right,288.128519,-2925,-0.208059,174,0,No fault,-45.00
2026-08-14T14:24:20.622,1786710260.622063,10.479613,3,-3000,5.000000,816,-3000,0x03,left,-315.822415,-2970,-0.178755,172,0,No fault,0x04,right,287.425740,-2791,-0.208059,174,0,No fault,-179.00
2026-08-14T14:24:20.627,1786710260.627556,10.485098,3,-3000,5.000000,817,-3000,0x03,left,-316.547156,-3238,-0.073260,173,0,No fault,0x04,right,285.976258,-3059,-0.190476,174,0,No fault,-179.00
2026-08-14T14:24:20.632,1786710260.632861,10.490400,3,-3000,5.000000,818,-3000,0x03,left,-317.249935,-3015,-0.149451,172,0,No fault,0x04,right,285.251517,-3015,-0.225641,175,0,No fault,0.00
2026-08-14T14:24:20.648,1786710260.648546,10.506090,3,-3000,5.000000,819,-3000,0x03,left,-319.402197,-3193,-0.120147,171,0,No fault,0x04,right,283.845958,-3238,-0.219780,174,0,No fault,45.00
2026-08-14T14:24:20.659,1786710260.659050,10.516604,3,-3000,5.000000,820,-3000,0x03,left,-320.126938,-3193,-0.143590,172,0,No fault,0x04,right,281.496040,-2925,-0.167033,174,0,No fault,-268.00
2026-08-14T14:24:20.664,1786710260.664505,10.522038,3,-3000,5.000000,821,-3000,0x03,left,-321.532497,-2970,-0.190476,170,0,No fault,0x04,right,281.144650,-3015,-0.172894,174,0,No fault,45.00
2026-08-14T14:24:20.669,1786710260.669803,10.527339,3,-3000,5.000000,822,-3000,0x03,left,-323.267483,-2925,-0.161172,172,0,No fault,0x04,right,280.771299,-2925,-0.172894,174,0,No fault,0.00
2026-08-14T14:24:20.675,1786710260.675074,10.532644,3,-3000,5.000000,823,-3000,0x03,left,-323.618873,-2970,-0.190476,172,0,No fault,0x04,right,279.343779,-2970,-0.225641,175,0,No fault,0.00
2026-08-14T14:24:20.680,1786710260.680424,10.537955,3,-3000,5.000000,824,-3000,0x03,left,-323.992224,-2747,-0.243223,174,0,No fault,0x04,right,278.640999,-2925,-0.172894,175,0,No fault,178.00
2026-08-14T14:24:20.686,1786710260.686010,10.543541,3,-3000,5.000000,825,-3000,0x03,left,-324.716965,-3104,-0.155311,172,0,No fault,0x04,right,277.894296,-2881,-0.243223,175,0,No fault,-223.00
2026-08-14T14:24:20.691,1786710260.691246,10.548774,3,-3000,5.000000,826,-3000,0x03,left,-325.419744,-3104,-0.120147,172,0,No fault,0x04,right,277.213479,-2747,-0.196337,173,0,No fault,-357.00
2026-08-14T14:24:20.696,1786710260.696570,10.554104,3,-3000,5.000000,827,-3000,0x03,left,-326.144486,-2881,-0.225641,172,0,No fault,0x04,right,276.488738,-3104,-0.225641,172,0,No fault,223.00
2026-08-14T14:24:20.701,1786710260.701809,10.559340,3,-3000,5.000000,828,-3000,0x03,left,-326.869227,-2881,-0.190476,171,0,No fault,0x04,right,275.785959,-3104,-0.149451,174,0,No fault,223.00
2026-08-14T14:24:20.707,1786710260.707041,10.564572,3,-3000,5.000000,829,-3000,0x03,left,-327.572006,-3104,-0.137729,172,0,No fault,0x04,right,275.061217,-2970,-0.202198,174,0,No fault,-134.00
2026-08-14T14:24:20.712,1786710260.712273,10.569801,3,-3000,5.000000,830,-3000,0x03,left,-328.296747,-3015,-0.131868,172,0,No fault,0x04,right,274.358438,-2881,-0.172894,174,0,No fault,-134.00
2026-08-14T14:24:20.717,1786710260.717499,10.575029,3,-3000,5.000000,831,-3000,0x03,left,-329.021488,-2881,-0.155311,171,0,No fault,0x04,right,273.633697,-3104,-0.208059,174,0,No fault,223.00
2026-08-14T14:24:20.722,1786710260.722729,10.580258,3,-3000,5.000000,832,-3000,0x03,left,-329.724267,-3015,-0.213919,171,0,No fault,0x04,right,272.930918,-2970,-0.161172,174,0,No fault,-45.00
2026-08-14T14:24:20.727,1786710260.727956,10.585486,3,-3000,5.000000,833,-3000,0x03,left,-330.449009,-2881,-0.126007,172,0,No fault,0x04,right,272.206177,-3193,-0.149451,175,0,No fault,312.00
2026-08-14T14:24:20.733,1786710260.733183,10.590712,3,-3000,5.000000,834,-3000,0x03,left,-331.173750,-3193,-0.096703,172,0,No fault,0x04,right,271.503397,-2970,-0.190476,174,0,No fault,-223.00
2026-08-14T14:24:20.738,1786710260.738413,10.595942,3,-3000,5.000000,835,-3000,0x03,left,-331.898491,-3059,-0.149451,171,0,No fault,0x04,right,270.778656,-3015,-0.196337,175,0,No fault,-44.00
2026-08-14T14:24:20.743,1786710260.743644,10.601171,3,-3000,5.000000,836,-3000,0x03,left,-332.601270,-2925,-0.190476,172,0,No fault,0x04,right,270.053915,-3283,-0.161172,175,0,No fault,358.00
2026-08-14T14:24:20.748,1786710260.748942,10.606471,3,-3000,5.000000,837,-3000,0x03,left,-333.304049,-2836,-0.126007,171,0,No fault,0x04,right,269.351136,-2836,-0.172894,170,0,No fault,0.00
2026-08-14T14:24:20.754,1786710260.754165,10.611695,3,-3000,5.000000,838,-3000,0x03,left,-334.050752,-2970,-0.114286,171,0,No fault,0x04,right,268.648357,-2970,-0.161172,175,0,No fault,0.00
2026-08-14T14:24:20.759,1786710260.759395,10.616923,3,-3000,5.000000,839,-3000,0x03,left,-334.775493,-3059,-0.131868,172,0,No fault,0x04,right,267.923615,-2881,-0.178755,174,0,No fault,-178.00
2026-08-14T14:24:20.764,1786710260.764675,10.622219,3,-3000,5.000000,840,-3000,0x03,left,-335.500235,-2791,-0.126007,172,0,No fault,0x04,right,267.220836,-2925,-0.167033,174,0,No fault,134.00
2026-08-14T14:24:20.770,1786710260.770042,10.627580,3,-3000,5.000000,841,-3000,0x03,left,-336.203014,-3015,-0.114286,172,0,No fault,0x04,right,266.496095,-3149,-0.167033,175,0,No fault,134.00
2026-08-14T14:24:20.775,1786710260.775325,10.632863,3,-3000,5.000000,842,-3000,0x03,left,-336.927755,-2970,-0.079121,171,0,No fault,0x04,right,265.771354,-3149,-0.126007,174,0,No fault,179.00
2026-08-14T14:24:20.780,1786710260.780602,10.638139,3,-3000,5.000000,843,-3000,0x03,left,-337.652496,-3104,-0.161172,173,0,No fault,0x04,right,265.046613,-2881,-0.225641,175,0,No fault,-223.00
2026-08-14T14:24:20.785,1786710260.785876,10.643413,3,-3000,5.000000,844,-3000,0x03,left,-338.377237,-2925,-0.167033,171,0,No fault,0x04,right,264.343834,-2970,-0.161172,174,0,No fault,45.00
2026-08-14T14:24:20.791,1786710260.791151,10.648687,3,-3000,5.000000,845,-3000,0x03,left,-339.080016,-2881,-0.131868,171,0,No fault,0x04,right,263.619092,-3104,-0.137729,174,0,No fault,223.00
2026-08-14T14:24:20.796,1786710260.796424,10.653960,3,-3000,5.000000,846,-3000,0x03,left,-339.804758,-2970,-0.114286,173,0,No fault,0x04,right,262.894351,-3059,-0.184615,175,0,No fault,89.00
2026-08-14T14:24:20.801,1786710260.801744,10.659280,3,-3000,5.000000,847,-3000,0x03,left,-340.529499,-3104,-0.196337,171,0,No fault,0x04,right,262.191572,-2881,-0.167033,174,0,No fault,-223.00
2026-08-14T14:24:20.807,1786710260.807013,10.664549,3,-3000,5.000000,848,-3000,0x03,left,-341.232278,-2791,-0.213919,172,0,No fault,0x04,right,261.488793,-3059,-0.190476,174,0,No fault,268.00
2026-08-14T14:24:20.812,1786710260.812343,10.669879,3,-3000,5.000000,849,-3000,0x03,left,-342.044866,-3059,-0.149451,171,0,No fault,0x04,right,260.764052,-2881,-0.161172,172,0,No fault,-178.00
2026-08-14T14:24:20.818,1786710260.818259,10.675802,3,-3000,5.000000,850,-3000,0x03,left,-343.450425,-2970,-0.196337,175,0,No fault,0x04,right,259.336531,-2657,-0.231502,174,0,No fault,-313.00
2026-08-14T14:24:20.823,1786710260.823569,10.681107,3,-3000,5.000000,851,-3000,0x03,left,-344.153204,-2970,-0.249084,170,0,No fault,0x04,right,258.589828,-2925,-0.190476,174,0,No fault,-45.00
2026-08-14T14:24:20.828,1786710260.828848,10.686384,3,-3000,5.000000,852,-3000,0x03,left,-344.855984,-2970,-0.167033,170,0,No fault,0x04,right,257.865087,-2970,-0.243223,174,0,No fault,0.00
2026-08-14T14:24:20.834,1786710260.834118,10.691654,3,-3000,5.000000,853,-3000,0x03,left,-345.580725,-2925,-0.108425,172,0,No fault,0x04,right,257.162308,-2925,-0.208059,173,0,No fault,0.00
2026-08-14T14:24:20.849,1786710260.849569,10.707113,3,-3000,5.000000,854,-3000,0x03,left,-347.732986,-3238,-0.190476,172,0,No fault,0x04,right,255.734787,-2836,-0.196337,175,0,No fault,-402.00
2026-08-14T14:24:20.860,1786710260.860023,10.717570,3,-3000,5.000000,855,-3000,0x03,left,-348.457727,-2836,-0.108425,170,0,No fault,0x04,right,253.362907,-2747,-0.249084,173,0,No fault,-89.00
2026-08-14T14:24:20.865,1786710260.865414,10.722962,3,-3000,5.000000,856,-3000,0x03,left,-349.863286,-2836,-0.172894,169,0,No fault,0x04,right,253.011518,-3059,-0.213919,174,0,No fault,223.00
2026-08-14T14:24:20.870,1786710260.870772,10.728318,3,-3000,5.000000,857,-3000,0x03,left,-351.488463,-2925,-0.096703,173,0,No fault,0x04,right,252.616204,-3104,-0.178755,174,0,No fault,179.00
2026-08-14T14:24:20.877,1786710260.877074,10.734615,3,-3000,5.000000,858,-3000,0x03,left,-351.861814,-3193,-0.161172,171,0,No fault,0x04,right,251.210646,-2702,-0.196337,174,0,No fault,-491.00
2026-08-14T14:24:20.882,1786710260.882345,10.739886,3,-3000,5.000000,859,-3000,0x03,left,-352.235166,-3059,-0.225641,169,0,No fault,0x04,right,250.463943,-3015,-0.231502,174,0,No fault,-44.00
2026-08-14T14:24:20.887,1786710260.887595,10.745139,3,-3000,5.000000,860,-3000,0x03,left,-352.959907,-3015,-0.213919,172,0,No fault,0x04,right,249.739202,-3059,-0.178755,174,0,No fault,44.00
2026-08-14T14:24:20.893,1786710260.893489,10.751030,3,-3000,5.000000,861,-3000,0x03,left,-353.662686,-2747,-0.084982,172,0,No fault,0x04,right,249.036423,-2970,-0.178755,175,0,No fault,223.00
2026-08-14T14:24:20.898,1786710260.898777,10.756314,3,-3000,5.000000,862,-3000,0x03,left,-354.387427,-3149,-0.131868,172,0,No fault,0x04,right,248.333643,-2881,-0.190476,174,0,No fault,-268.00
2026-08-14T14:24:20.904,1786710260.904036,10.761568,3,-3000,5.000000,863,-3000,0x03,left,-355.112169,-3104,-0.161172,173,0,No fault,0x04,right,247.630864,-2881,-0.219780,174,0,No fault,-223.00
2026-08-14T14:24:20.909,1786710260.909274,10.766805,3,-3000,5.000000,864,-3000,0x03,left,-355.814948,-2791,-0.155311,169,0,No fault,0x04,right,246.928085,-2881,-0.172894,174,0,No fault,90.00
2026-08-14T14:24:20.914,1786710260.914506,10.772037,3,-3000,5.000000,865,-3000,0x03,left,-356.539689,-3104,-0.120147,173,0,No fault,0x04,right,246.203344,-3193,-0.196337,174,0,No fault,89.00
2026-08-14T14:24:20.919,1786710260.919743,10.777273,3,-3000,5.000000,866,-3000,0x03,left,-357.242468,-3059,-0.149451,172,0,No fault,0x04,right,245.500564,-2747,-0.208059,174,0,No fault,-312.00
2026-08-14T14:24:20.924,1786710260.924973,10.782503,3,-3000,5.000000,867,-3000,0x03,left,-357.967209,-3149,-0.196337,171,0,No fault,0x04,right,244.775823,-3238,-0.231502,174,0,No fault,89.00
2026-08-14T14:24:20.930,1786710260.930194,10.787723,3,-3000,5.000000,868,-3000,0x03,left,-358.648027,-2657,-0.190476,172,0,No fault,0x04,right,244.073044,-3149,-0.161172,172,0,No fault,492.00
2026-08-14T14:24:20.935,1786710260.935415,10.792943,3,-3000,5.000000,869,-3000,0x03,left,-359.372768,-2970,-0.126007,173,0,No fault,0x04,right,243.348303,-2970,-0.178755,174,0,No fault,0.00
2026-08-14T14:24:20.940,1786710260.940629,10.798157,3,-3000,5.000000,870,-3000,0x03,left,-360.119471,-3059,-0.131868,173,0,No fault,0x04,right,242.645524,-2881,-0.178755,175,0,No fault,-178.00
2026-08-14T14:24:20.945,1786710260.945843,10.803370,3,-3000,5.000000,871,-3000,0x03,left,-360.822250,-2925,-0.202198,172,0,No fault,0x04,right,241.942744,-2791,-0.202198,170,0,No fault,-134.00
2026-08-14T14:24:20.951,1786710260.951055,10.808582,3,-3000,5.000000,872,-3000,0x03,left,-361.525029,-2925,-0.196337,174,0,No fault,0x04,right,241.218003,-2970,-0.149451,174,0,No fault,45.00
2026-08-14T14:24:20.956,1786710260.956341,10.813869,3,-3000,5.000000,873,-3000,0x03,left,-362.249770,-3283,-0.155311,173,0,No fault,0x04,right,240.515224,-2970,-0.178755,175,0,No fault,-313.00
2026-08-14T14:24:20.961,1786710260.961654,10.819184,3,-3000,5.000000,874,-3000,0x03,left,-363.677291,-3015,-0.208059,172,0,No fault,0x04,right,239.812445,-2881,-0.260806,178,0,No fault,-134.00
2026-08-14T14:24:20.966,1786710260.966961,10.824490,3,-3000,5.000000,875,-3000,0x03,left,-364.380070,-2881,-0.231502,175,0,No fault,0x04,right,239.109665,-2881,-0.219780,174,0,No fault,0.00
2026-08-14T14:24:20.980,1786710260.980856,10.838414,4,0,0.800000,1,0,0x03,left,-365.807591,-2747,-0.184615,172,0,No fault,0x04,right,236.957404,-2791,-0.196337,174,0,No fault,44.00
2026-08-14T14:24:20.986,1786710260.986230,10.843769,4,0,0.800000,2,0,0x03,left,-366.532332,-3149,-0.219780,171,0,No fault,0x04,right,236.232663,-3104,-0.243223,175,0,No fault,-45.00
2026-08-14T14:24:20.991,1786710260.991511,10.849043,4,0,0.800000,3,0,0x03,left,-367.235111,-2881,-0.213919,172,0,No fault,0x04,right,235.420074,-2925,-0.155311,174,0,No fault,44.00
2026-08-14T14:24:20.996,1786710260.996756,10.854287,4,0,0.800000,4,0,0x03,left,-367.718272,-3059,-0.131868,171,0,No fault,0x04,right,235.068685,-2881,-0.190476,174,0,No fault,-178.00
2026-08-14T14:24:21.002,1786710261.002131,10.859662,4,0,0.800000,5,0,0x03,left,-368.025738,-2166,1.591209,172,0,No fault,0x04,right,234.783181,-2255,1.532601,174,0,No fault,89.00
2026-08-14T14:24:21.007,1786710261.007751,10.865286,4,0,0.800000,6,0,0x03,left,-368.135547,246,0.061538,174,0,No fault,0x04,right,234.629448,-112,0.401465,174,0,No fault,358.00
2026-08-14T14:24:21.013,1786710261.013045,10.870586,4,0,0.800000,7,0,0x03,left,-368.113585,22,0.049817,170,0,No fault,0x04,right,234.695333,246,-0.084982,174,0,No fault,-224.00
2026-08-14T14:24:21.018,1786710261.018360,10.875896,4,0,0.800000,8,0,0x03,left,-368.157509,-290,0.043956,173,0,No fault,0x04,right,234.717295,-67,-0.126007,174,0,No fault,-223.00
2026-08-14T14:24:21.023,1786710261.023623,10.881159,4,0,0.800000,9,0,0x03,left,-368.157509,-246,-0.002930,172,0,No fault,0x04,right,234.717295,-22,-0.049817,173,0,No fault,-224.00
2026-08-14T14:24:21.028,1786710261.028888,10.886419,4,0,0.800000,10,0,0x03,left,-368.135547,67,-0.026374,173,0,No fault,0x04,right,234.717295,-67,-0.061538,174,0,No fault,134.00
2026-08-14T14:24:21.034,1786710261.034132,10.891663,4,0,0.800000,11,0,0x03,left,-368.157509,-201,-0.020513,171,0,No fault,0x04,right,234.717295,-201,-0.043956,174,0,No fault,0.00
2026-08-14T14:24:21.039,1786710261.039564,10.897093,4,0,0.800000,12,0,0x03,left,-368.135547,-67,-0.032234,173,0,No fault,0x04,right,234.717295,-201,-0.055678,175,0,No fault,134.00
2026-08-14T14:24:21.049,1786710261.049875,10.907412,4,0,0.800000,13,0,0x03,left,-368.135547,112,-0.043956,172,0,No fault,0x04,right,234.717295,22,-0.038095,174,0,No fault,90.00
2026-08-14T14:24:21.060,1786710261.060251,10.917794,4,0,0.800000,14,0,0x03,left,-368.135547,22,-0.043956,170,0,No fault,0x04,right,234.717295,-67,-0.026374,174,0,No fault,89.00
2026-08-14T14:24:21.065,1786710261.065685,10.923214,4,0,0.800000,15,0,0x03,left,-368.135547,67,-0.043956,172,0,No fault,0x04,right,234.717295,-112,-0.049817,173,0,No fault,179.00
2026-08-14T14:24:21.070,1786710261.070907,10.928443,4,0,0.800000,16,0,0x03,left,-368.135547,-22,-0.055678,169,0,No fault,0x04,right,234.717295,67,-0.055678,174,0,No fault,-89.00
2026-08-14T14:24:21.076,1786710261.076166,10.933699,4,0,0.800000,17,0,0x03,left,-368.135547,-22,-0.043956,173,0,No fault,0x04,right,234.717295,67,-0.038095,174,0,No fault,-89.00
2026-08-14T14:24:21.081,1786710261.081413,10.938945,4,0,0.800000,18,0,0x03,left,-368.157509,-156,-0.038095,173,0,No fault,0x04,right,234.717295,22,-0.061538,175,0,No fault,-178.00
2026-08-14T14:24:21.086,1786710261.086647,10.944178,4,0,0.800000,19,0,0x03,left,-368.135547,22,-0.038095,174,0,No fault,0x04,right,234.717295,-22,-0.043956,174,0,No fault,44.00
2026-08-14T14:24:21.091,1786710261.091886,10.949418,4,0,0.800000,20,0,0x03,left,-368.157509,-67,-0.038095,172,0,No fault,0x04,right,234.717295,-201,-0.049817,174,0,No fault,134.00
2026-08-14T14:24:21.097,1786710261.097124,10.954655,4,0,0.800000,21,0,0x03,left,-368.135547,67,-0.049817,169,0,No fault,0x04,right,234.717295,112,-0.032234,174,0,No fault,-45.00
2026-08-14T14:24:21.102,1786710261.102377,10.959909,4,0,0.800000,22,0,0x03,left,-368.157509,-67,-0.038095,172,0,No fault,0x04,right,234.717295,22,-0.038095,174,0,No fault,-89.00
2026-08-14T14:24:21.107,1786710261.107634,10.965171,4,0,0.800000,23,0,0x03,left,-368.157509,-22,-0.038095,172,0,No fault,0x04,right,234.717295,-22,-0.061538,174,0,No fault,0.00
2026-08-14T14:24:21.112,1786710261.112878,10.970413,4,0,0.800000,24,0,0x03,left,-368.157509,-67,-0.043956,172,0,No fault,0x04,right,234.717295,-67,-0.049817,174,0,No fault,0.00
2026-08-14T14:24:21.118,1786710261.118123,10.975653,4,0,0.800000,25,0,0x03,left,-368.135547,67,-0.049817,174,0,No fault,0x04,right,234.717295,22,-0.043956,174,0,No fault,45.00
2026-08-14T14:24:21.123,1786710261.123344,10.980873,4,0,0.800000,26,0,0x03,left,-368.135547,22,-0.055678,173,0,No fault,0x04,right,234.717295,-22,-0.038095,175,0,No fault,44.00
2026-08-14T14:24:21.128,1786710261.128562,10.986091,4,0,0.800000,27,0,0x03,left,-368.135547,22,-0.038095,173,0,No fault,0x04,right,234.717295,22,-0.038095,174,0,No fault,0.00
2026-08-14T14:24:21.133,1786710261.133897,10.991426,4,0,0.800000,28,0,0x03,left,-368.157509,-112,-0.043956,170,0,No fault,0x04,right,234.739257,201,-0.043956,173,0,No fault,-313.00
2026-08-14T14:24:21.139,1786710261.139119,10.996647,4,0,0.800000,29,0,0x03,left,-368.157509,-22,-0.038095,172,0,No fault,0x04,right,234.717295,67,-0.026374,174,0,No fault,-89.00
2026-08-14T14:24:21.144,1786710261.144335,11.001863,4,0,0.800000,30,0,0x03,left,-368.135547,67,-0.038095,170,0,No fault,0x04,right,234.717295,-67,-0.061538,174,0,No fault,134.00
2026-08-14T14:24:21.149,1786710261.149573,11.007105,4,0,0.800000,31,0,0x03,left,-368.157509,-22,-0.043956,171,0,No fault,0x04,right,234.717295,-156,-0.061538,175,0,No fault,134.00
2026-08-14T14:24:21.154,1786710261.154846,11.012379,4,0,0.800000,32,0,0x03,left,-368.157509,-112,-0.049817,175,0,No fault,0x04,right,234.717295,22,-0.049817,174,0,No fault,-134.00
2026-08-14T14:24:21.160,1786710261.160129,11.017663,4,0,0.800000,33,0,0x03,left,-368.135547,67,-0.038095,173,0,No fault,0x04,right,234.717295,-22,-0.043956,174,0,No fault,89.00
2026-08-14T14:24:21.165,1786710261.165454,11.022994,4,0,0.800000,34,0,0x03,left,-368.157509,-67,-0.032234,173,0,No fault,0x04,right,234.717295,-67,-0.043956,175,0,No fault,0.00
2026-08-14T14:24:21.170,1786710261.170733,11.028266,4,0,0.800000,35,0,0x03,left,-368.157509,-112,-0.038095,172,0,No fault,0x04,right,234.717295,-156,-0.049817,174,0,No fault,44.00
2026-08-14T14:24:21.175,1786710261.175997,11.033530,4,0,0.800000,36,0,0x03,left,-368.157509,22,-0.032234,172,0,No fault,0x04,right,234.717295,-22,-0.073260,174,0,No fault,44.00
2026-08-14T14:24:21.181,1786710261.181260,11.038793,4,0,0.800000,37,0,0x03,left,-368.135547,67,-0.038095,170,0,No fault,0x04,right,234.717295,-22,-0.032234,174,0,No fault,89.00
2026-08-14T14:24:21.186,1786710261.186518,11.044050,4,0,0.800000,38,0,0x03,left,-368.157509,-67,-0.038095,173,0,No fault,0x04,right,234.717295,112,-0.049817,175,0,No fault,-179.00
2026-08-14T14:24:21.191,1786710261.191833,11.049364,4,0,0.800000,39,0,0x03,left,-368.157509,22,-0.032234,170,0,No fault,0x04,right,234.717295,-156,-0.043956,173,0,No fault,178.00
2026-08-14T14:24:21.197,1786710261.197158,11.054690,4,0,0.800000,40,0,0x03,left,-368.157509,-112,-0.032234,170,0,No fault,0x04,right,234.717295,22,-0.049817,174,0,No fault,-134.00
2026-08-14T14:24:21.202,1786710261.202511,11.060042,4,0,0.800000,41,0,0x03,left,-368.157509,-112,-0.038095,170,0,No fault,0x04,right,234.717295,-67,-0.038095,174,0,No fault,-45.00
2026-08-14T14:24:21.207,1786710261.207772,11.065306,4,0,0.800000,42,0,0x03,left,-368.157509,-22,-0.043956,172,0,No fault,0x04,right,234.717295,67,-0.049817,174,0,No fault,-89.00
2026-08-14T14:24:21.213,1786710261.213038,11.070572,4,0,0.800000,43,0,0x03,left,-368.157509,-112,-0.043956,174,0,No fault,0x04,right,234.717295,-246,-0.067399,174,0,No fault,134.00
2026-08-14T14:24:21.218,1786710261.218360,11.075894,4,0,0.800000,44,0,0x03,left,-368.157509,-22,-0.032234,171,0,No fault,0x04,right,234.717295,-246,-0.026374,174,0,No fault,224.00
2026-08-14T14:24:21.223,1786710261.223681,11.081214,4,0,0.800000,45,0,0x03,left,-368.157509,-22,-0.049817,171,0,No fault,0x04,right,234.739257,156,-0.061538,174,0,No fault,-178.00
2026-08-14T14:24:21.228,1786710261.228998,11.086530,4,0,0.800000,46,0,0x03,left,-368.135547,156,-0.038095,173,0,No fault,0x04,right,234.717295,-67,-0.038095,174,0,No fault,223.00
2026-08-14T14:24:21.234,1786710261.234259,11.091791,4,0,0.800000,47,0,0x03,left,-368.157509,-22,-0.061538,172,0,No fault,0x04,right,234.717295,-67,-0.032234,174,0,No fault,45.00
2026-08-14T14:24:21.239,1786710261.239532,11.097075,4,0,0.800000,48,0,0x03,left,-368.157509,-201,-0.043956,174,0,No fault,0x04,right,234.717295,22,-0.067399,174,0,No fault,-223.00
2026-08-14T14:24:21.260,1786710261.260139,11.117691,4,0,0.800000,49,0,0x03,left,-368.157509,67,-0.038095,171,0,No fault,0x04,right,234.717295,-112,-0.049817,174,0,No fault,179.00
2026-08-14T14:24:21.265,1786710261.265641,11.123181,4,0,0.800000,50,0,0x03,left,-368.157509,-22,-0.026374,173,0,No fault,0x04,right,234.717295,-112,-0.038095,174,0,No fault,90.00
2026-08-14T14:24:21.271,1786710261.271000,11.128539,4,0,0.800000,51,0,0x03,left,-368.157509,22,-0.049817,172,0,No fault,0x04,right,234.717295,112,-0.038095,174,0,No fault,-90.00
2026-08-14T14:24:21.276,1786710261.276418,11.133958,4,0,0.800000,52,0,0x03,left,-368.135547,112,-0.038095,172,0,No fault,0x04,right,234.717295,112,-0.043956,174,0,No fault,0.00
2026-08-14T14:24:21.281,1786710261.281752,11.139290,4,0,0.800000,53,0,0x03,left,-368.157509,-156,-0.026374,173,0,No fault,0x04,right,234.717295,-22,-0.049817,174,0,No fault,-134.00
2026-08-14T14:24:21.287,1786710261.287040,11.144580,4,0,0.800000,54,0,0x03,left,-368.157509,-112,-0.049817,172,0,No fault,0x04,right,234.717295,-22,-0.043956,174,0,No fault,-90.00
2026-08-14T14:24:21.292,1786710261.292324,11.149861,4,0,0.800000,55,0,0x03,left,-368.157509,-22,-0.049817,175,0,No fault,0x04,right,234.717295,-67,-0.061538,175,0,No fault,45.00
2026-08-14T14:24:21.297,1786710261.297628,11.155164,4,0,0.800000,56,0,0x03,left,-368.157509,-67,-0.055678,173,0,No fault,0x04,right,234.717295,-112,-0.038095,174,0,No fault,45.00
2026-08-14T14:24:21.302,1786710261.302908,11.160444,4,0,0.800000,57,0,0x03,left,-368.135547,112,-0.043956,171,0,No fault,0x04,right,234.717295,-22,-0.043956,174,0,No fault,134.00
2026-08-14T14:24:21.308,1786710261.308183,11.165720,4,0,0.800000,58,0,0x03,left,-368.157509,-156,-0.043956,173,0,No fault,0x04,right,234.717295,-201,-0.073260,174,0,No fault,45.00
2026-08-14T14:24:21.313,1786710261.313458,11.170995,4,0,0.800000,59,0,0x03,left,-368.157509,22,-0.043956,173,0,No fault,0x04,right,234.739257,201,-0.043956,174,0,No fault,-179.00
2026-08-14T14:24:21.318,1786710261.318737,11.176273,4,0,0.800000,60,0,0x03,left,-368.135547,67,-0.049817,170,0,No fault,0x04,right,234.717295,-67,-0.055678,174,0,No fault,134.00
2026-08-14T14:24:21.324,1786710261.324020,11.181557,4,0,0.800000,61,0,0x03,left,-368.135547,67,-0.049817,173,0,No fault,0x04,right,234.717295,67,-0.008791,174,0,No fault,0.00
2026-08-14T14:24:21.329,1786710261.329298,11.186834,4,0,0.800000,62,0,0x03,left,-368.157509,-112,-0.038095,171,0,No fault,0x04,right,234.717295,-112,-0.049817,175,0,No fault,0.00
2026-08-14T14:24:21.334,1786710261.334572,11.192110,4,0,0.800000,63,0,0x03,left,-368.157509,-67,-0.043956,173,0,No fault,0x04,right,234.717295,67,-0.026374,177,0,No fault,-134.00
2026-08-14T14:24:21.339,1786710261.339851,11.197391,4,0,0.800000,64,0,0x03,left,-368.157509,-22,-0.043956,173,0,No fault,0x04,right,234.717295,-290,-0.038095,174,0,No fault,268.00
2026-08-14T14:24:21.345,1786710261.345149,11.202689,4,0,0.800000,65,0,0x03,left,-368.157509,67,-0.032234,172,0,No fault,0x04,right,234.717295,-67,-0.043956,174,0,No fault,134.00
2026-08-14T14:24:21.350,1786710261.350433,11.207970,4,0,0.800000,66,0,0x03,left,-368.157509,-22,-0.043956,170,0,No fault,0x04,right,234.717295,-156,-0.043956,175,0,No fault,134.00
2026-08-14T14:24:21.355,1786710261.355719,11.213264,4,0,0.800000,67,0,0x03,left,-368.157509,-67,-0.032234,174,0,No fault,0x04,right,234.717295,22,-0.038095,174,0,No fault,-89.00
2026-08-14T14:24:21.361,1786710261.361060,11.218612,4,0,0.800000,68,0,0x03,left,-368.157509,-22,-0.043956,173,0,No fault,0x04,right,234.717295,67,-0.043956,174,0,No fault,-89.00
2026-08-14T14:24:21.366,1786710261.366391,11.223930,4,0,0.800000,69,0,0x03,left,-368.157509,-67,-0.049817,172,0,No fault,0x04,right,234.717295,-22,-0.055678,174,0,No fault,-45.00
2026-08-14T14:24:21.371,1786710261.371701,11.229253,4,0,0.800000,70,0,0x03,left,-368.157509,-112,-0.032234,174,0,No fault,0x04,right,234.739257,201,-0.043956,174,0,No fault,-313.00
2026-08-14T14:24:21.377,1786710261.377228,11.234778,4,0,0.800000,71,0,0x03,left,-368.157509,-112,-0.043956,170,0,No fault,0x04,right,234.717295,67,-0.032234,174,0,No fault,-179.00
2026-08-14T14:24:21.385,1786710261.385817,11.243352,4,0,0.800000,72,0,0x03,left,-368.157509,67,-0.032234,172,0,No fault,0x04,right,234.717295,-67,-0.038095,174,0,No fault,134.00
2026-08-14T14:24:21.392,1786710261.392362,11.249902,4,0,0.800000,73,0,0x03,left,-368.157509,67,-0.038095,170,0,No fault,0x04,right,234.717295,-22,-0.049817,174,0,No fault,89.00
2026-08-14T14:24:21.398,1786710261.398722,11.256269,4,0,0.800000,74,0,0x03,left,-368.157509,-67,-0.049817,170,0,No fault,0x04,right,234.717295,22,-0.038095,174,0,No fault,-89.00
2026-08-14T14:24:21.406,1786710261.406564,11.264100,4,0,0.800000,75,0,0x03,left,-368.135547,156,-0.026374,172,0,No fault,0x04,right,234.717295,112,-0.032234,174,0,No fault,44.00
2026-08-14T14:24:21.411,1786710261.411867,11.269409,4,0,0.800000,76,0,0x03,left,-368.157509,-22,-0.049817,171,0,No fault,0x04,right,234.717295,22,-0.049817,173,0,No fault,-44.00
2026-08-14T14:24:21.417,1786710261.417197,11.274736,4,0,0.800000,77,0,0x03,left,-368.157509,-22,-0.043956,172,0,No fault,0x04,right,234.717295,67,-0.043956,175,0,No fault,-89.00
2026-08-14T14:24:21.422,1786710261.422495,11.280032,4,0,0.800000,78,0,0x03,left,-368.157509,-67,-0.043956,173,0,No fault,0x04,right,234.717295,22,-0.043956,174,0,No fault,-89.00
2026-08-14T14:24:21.427,1786710261.427785,11.285321,4,0,0.800000,79,0,0x03,left,-368.157509,22,-0.049817,172,0,No fault,0x04,right,234.717295,-246,-0.061538,174,0,No fault,268.00
2026-08-14T14:24:21.433,1786710261.433113,11.290647,4,0,0.800000,80,0,0x03,left,-368.157509,-112,-0.038095,172,0,No fault,0x04,right,234.717295,67,-0.038095,173,0,No fault,-179.00
2026-08-14T14:24:21.438,1786710261.438527,11.296061,4,0,0.800000,81,0,0x03,left,-368.157509,-112,-0.038095,172,0,No fault,0x04,right,234.717295,22,-0.049817,174,0,No fault,-134.00
2026-08-14T14:24:21.443,1786710261.443851,11.301386,4,0,0.800000,82,0,0x03,left,-368.157509,-22,-0.049817,172,0,No fault,0x04,right,234.717295,-201,-0.038095,174,0,No fault,179.00
2026-08-14T14:24:21.454,1786710261.454364,11.311897,4,0,0.800000,83,0,0x03,left,-368.135547,112,-0.043956,172,0,No fault,0x04,right,234.717295,22,-0.026374,174,0,No fault,90.00
2026-08-14T14:24:21.464,1786710261.464792,11.322331,4,0,0.800000,84,0,0x03,left,-368.135547,112,-0.049817,172,0,No fault,0x04,right,234.717295,-290,-0.038095,173,0,No fault,402.00
2026-08-14T14:24:21.470,1786710261.470215,11.327746,4,0,0.800000,85,0,0x03,left,-368.157509,112,-0.038095,170,0,No fault,0x04,right,234.717295,22,-0.043956,174,0,No fault,90.00
2026-08-14T14:24:21.475,1786710261.475460,11.332996,4,0,0.800000,86,0,0x03,left,-368.157509,67,-0.049817,173,0,No fault,0x04,right,234.717295,-156,-0.043956,174,0,No fault,223.00
2026-08-14T14:24:21.480,1786710261.480745,11.338281,4,0,0.800000,87,0,0x03,left,-368.157509,-156,-0.038095,172,0,No fault,0x04,right,234.717295,-22,-0.061538,174,0,No fault,-134.00
2026-08-14T14:24:21.486,1786710261.486022,11.343557,4,0,0.800000,88,0,0x03,left,-368.135547,156,-0.049817,172,0,No fault,0x04,right,234.717295,67,-0.032234,174,0,No fault,89.00
2026-08-14T14:24:21.491,1786710261.491297,11.348830,4,0,0.800000,89,0,0x03,left,-368.157509,22,-0.043956,172,0,No fault,0x04,right,234.717295,-22,-0.038095,174,0,No fault,44.00
2026-08-14T14:24:21.496,1786710261.496583,11.354118,4,0,0.800000,90,0,0x03,left,-368.157509,22,-0.043956,172,0,No fault,0x04,right,234.717295,-67,-0.043956,174,0,No fault,89.00
2026-08-14T14:24:21.501,1786710261.501863,11.359397,4,0,0.800000,91,0,0x03,left,-368.157509,-67,-0.020513,172,0,No fault,0x04,right,234.717295,67,-0.043956,175,0,No fault,-134.00
2026-08-14T14:24:21.507,1786710261.507139,11.364673,4,0,0.800000,92,0,0x03,left,-368.157509,-22,-0.049817,171,0,No fault,0x04,right,234.717295,-156,-0.049817,174,0,No fault,134.00
2026-08-14T14:24:21.512,1786710261.512449,11.370023,4,0,0.800000,93,0,0x03,left,-368.157509,-22,-0.049817,173,0,No fault,0x04,right,234.717295,-156,-0.049817,174,0,No fault,134.00
2026-08-14T14:24:21.517,1786710261.517773,11.375308,4,0,0.800000,94,0,0x03,left,-368.157509,-201,-0.043956,172,0,No fault,0x04,right,234.717295,-156,-0.049817,174,0,No fault,-45.00
2026-08-14T14:24:21.523,1786710261.523050,11.380584,4,0,0.800000,95,0,0x03,left,-368.157509,-22,-0.043956,175,0,No fault,0x04,right,234.717295,-67,-0.038095,174,0,No fault,45.00
2026-08-14T14:24:21.528,1786710261.528543,11.386085,4,0,0.800000,96,0,0x03,left,-368.157509,-22,-0.043956,171,0,No fault,0x04,right,234.717295,22,-0.038095,173,0,No fault,-44.00
2026-08-14T14:24:21.533,1786710261.533915,11.391450,4,0,0.800000,97,0,0x03,left,-368.157509,-156,-0.049817,173,0,No fault,0x04,right,234.717295,22,-0.055678,174,0,No fault,-178.00
2026-08-14T14:24:21.539,1786710261.539175,11.396707,4,0,0.800000,98,0,0x03,left,-368.157509,-22,-0.049817,167,0,No fault,0x04,right,234.717295,-67,-0.026374,175,0,No fault,45.00
2026-08-14T14:24:21.544,1786710261.544414,11.401944,4,0,0.800000,99,0,0x03,left,-368.157509,-67,-0.032234,171,0,No fault,0x04,right,234.717295,-112,-0.055678,174,0,No fault,45.00
2026-08-14T14:24:21.549,1786710261.549699,11.407237,4,0,0.800000,100,0,0x03,left,-368.157509,22,-0.043956,172,0,No fault,0x04,right,234.717295,-156,-0.055678,175,0,No fault,178.00
2026-08-14T14:24:21.554,1786710261.554973,11.412503,4,0,0.800000,101,0,0x03,left,-368.157509,22,-0.049817,172,0,No fault,0x04,right,234.717295,-156,-0.061538,175,0,No fault,178.00
2026-08-14T14:24:21.560,1786710261.560208,11.417738,4,0,0.800000,102,0,0x03,left,-368.157509,67,-0.026374,172,0,No fault,0x04,right,234.717295,-112,-0.049817,172,0,No fault,179.00
2026-08-14T14:24:21.565,1786710261.565464,11.423005,4,0,0.800000,103,0,0x03,left,-368.157509,-22,-0.043956,176,0,No fault,0x04,right,234.717295,22,-0.043956,174,0,No fault,-44.00
2026-08-14T14:24:21.570,1786710261.570741,11.428274,4,0,0.800000,104,0,0x03,left,-368.157509,22,-0.049817,171,0,No fault,0x04,right,234.717295,-112,-0.043956,174,0,No fault,134.00
2026-08-14T14:24:21.575,1786710261.575993,11.433526,4,0,0.800000,105,0,0x03,left,-368.157509,-112,-0.049817,175,0,No fault,0x04,right,234.717295,-156,-0.032234,174,0,No fault,44.00
2026-08-14T14:24:21.581,1786710261.581245,11.438778,4,0,0.800000,106,0,0x03,left,-368.157509,-22,-0.049817,173,0,No fault,0x04,right,234.717295,-22,-0.026374,174,0,No fault,0.00
2026-08-14T14:24:21.586,1786710261.586496,11.444030,4,0,0.800000,107,0,0x03,left,-368.157509,-22,-0.032234,170,0,No fault,0x04,right,234.717295,22,-0.043956,174,0,No fault,-44.00
2026-08-14T14:24:21.591,1786710261.591745,11.449278,4,0,0.800000,108,0,0x03,left,-368.157509,-67,-0.038095,172,0,No fault,0x04,right,234.717295,156,-0.026374,175,0,No fault,-223.00
2026-08-14T14:24:21.597,1786710261.597020,11.454551,4,0,0.800000,109,0,0x03,left,-368.157509,-112,-0.038095,173,0,No fault,0x04,right,234.717295,22,-0.038095,174,0,No fault,-134.00
2026-08-14T14:24:21.602,1786710261.602320,11.459850,4,0,0.800000,110,0,0x03,left,-368.157509,-22,-0.043956,172,0,No fault,0x04,right,234.717295,67,-0.020513,176,0,No fault,-89.00
2026-08-14T14:24:21.607,1786710261.607561,11.465095,4,0,0.800000,111,0,0x03,left,-368.157509,22,-0.032234,172,0,No fault,0x04,right,234.717295,-112,-0.043956,175,0,No fault,134.00
2026-08-14T14:24:21.612,1786710261.612937,11.470498,4,0,0.800000,112,0,0x03,left,-368.157509,67,-0.043956,171,0,No fault,0x04,right,234.717295,-246,-0.055678,174,0,No fault,313.00
2026-08-14T14:24:21.618,1786710261.618453,11.475997,4,0,0.800000,113,0,0x03,left,-368.157509,-156,-0.038095,172,0,No fault,0x04,right,234.717295,22,-0.049817,174,0,No fault,-178.00
2026-08-14T14:24:21.623,1786710261.623780,11.481331,4,0,0.800000,114,0,0x03,left,-368.157509,-156,-0.043956,175,0,No fault,0x04,right,234.717295,-246,-0.055678,174,0,No fault,90.00
2026-08-14T14:24:21.629,1786710261.629099,11.486632,4,0,0.800000,115,0,0x03,left,-368.157509,112,-0.032234,175,0,No fault,0x04,right,234.717295,-67,-0.043956,174,0,No fault,179.00
2026-08-14T14:24:21.634,1786710261.634346,11.491876,4,0,0.800000,116,0,0x03,left,-368.157509,22,-0.049817,173,0,No fault,0x04,right,234.717295,-67,-0.043956,174,0,No fault,89.00
2026-08-14T14:24:21.639,1786710261.639578,11.497107,4,0,0.800000,117,0,0x03,left,-368.157509,22,-0.049817,171,0,No fault,0x04,right,234.717295,-112,-0.049817,175,0,No fault,134.00
2026-08-14T14:24:21.644,1786710261.644802,11.502330,4,0,0.800000,118,0,0x03,left,-368.157509,-22,-0.055678,171,0,No fault,0x04,right,234.717295,-22,-0.049817,174,0,No fault,0.00
2026-08-14T14:24:21.655,1786710261.655177,11.512709,4,0,0.800000,119,0,0x03,left,-368.157509,112,-0.038095,172,0,No fault,0x04,right,234.717295,-201,-0.061538,174,0,No fault,313.00
2026-08-14T14:24:21.660,1786710261.660406,11.517937,4,0,0.800000,120,0,0x03,left,-368.157509,22,-0.049817,173,0,No fault,0x04,right,234.717295,67,-0.032234,173,0,No fault,-45.00
2026-08-14T14:24:21.670,1786710261.670736,11.528269,4,0,0.800000,121,0,0x03,left,-368.157509,-22,-0.043956,172,0,No fault,0x04,right,234.717295,-112,-0.038095,174,0,No fault,90.00
2026-08-14T14:24:21.675,1786710261.675971,11.533501,4,0,0.800000,122,0,0x03,left,-368.157509,22,-0.014652,167,0,No fault,0x04,right,234.717295,112,-0.038095,174,0,No fault,-90.00
2026-08-14T14:24:21.681,1786710261.681195,11.538723,4,0,0.800000,123,0,0x03,left,-368.157509,22,-0.032234,175,0,No fault,0x04,right,234.717295,-67,-0.043956,174,0,No fault,89.00
2026-08-14T14:24:21.686,1786710261.686409,11.543937,4,0,0.800000,124,0,0x03,left,-368.157509,-67,-0.038095,172,0,No fault,0x04,right,234.717295,67,-0.026374,174,0,No fault,-134.00
2026-08-14T14:24:21.691,1786710261.691625,11.549153,4,0,0.800000,125,0,0x03,left,-368.135547,156,-0.038095,169,0,No fault,0x04,right,234.717295,-22,-0.032234,175,0,No fault,178.00
2026-08-14T14:24:21.696,1786710261.696836,11.554364,4,0,0.800000,126,0,0x03,left,-368.157509,-67,-0.032234,172,0,No fault,0x04,right,234.717295,-67,-0.049817,173,0,No fault,0.00
2026-08-14T14:24:21.702,1786710261.702049,11.559577,4,0,0.800000,127,0,0x03,left,-368.157509,-112,-0.049817,172,0,No fault,0x04,right,234.717295,-67,-0.055678,172,0,No fault,-45.00
2026-08-14T14:24:21.707,1786710261.707260,11.564788,4,0,0.800000,128,0,0x03,left,-368.157509,22,-0.055678,174,0,No fault,0x04,right,234.717295,22,-0.049817,174,0,No fault,0.00
2026-08-14T14:24:21.712,1786710261.712508,11.570037,4,0,0.800000,129,0,0x03,left,-368.157509,-156,-0.055678,172,0,No fault,0x04,right,234.717295,22,-0.055678,174,0,No fault,-178.00
2026-08-14T14:24:21.717,1786710261.717727,11.575256,4,0,0.800000,130,0,0x03,left,-368.157509,67,-0.020513,172,0,No fault,0x04,right,234.717295,67,-0.032234,174,0,No fault,0.00
2026-08-14T14:24:21.722,1786710261.722941,11.580469,4,0,0.800000,131,0,0x03,left,-368.157509,-156,-0.055678,173,0,No fault,0x04,right,234.717295,-67,-0.032234,174,0,No fault,-89.00
2026-08-14T14:24:21.728,1786710261.728154,11.585682,4,0,0.800000,132,0,0x03,left,-368.157509,-67,-0.032234,172,0,No fault,0x04,right,234.717295,-22,-0.038095,174,0,No fault,-45.00
2026-08-14T14:24:21.733,1786710261.733362,11.590890,4,0,0.800000,133,0,0x03,left,-368.157509,22,-0.043956,170,0,No fault,0x04,right,234.717295,-22,-0.038095,174,0,No fault,44.00
2026-08-14T14:24:21.738,1786710261.738567,11.596094,4,0,0.800000,134,0,0x03,left,-368.157509,-112,-0.043956,172,0,No fault,0x04,right,234.717295,-67,-0.043956,170,0,No fault,-45.00
2026-08-14T14:24:21.743,1786710261.743773,11.601300,4,0,0.800000,135,0,0x03,left,-368.157509,-22,-0.049817,173,0,No fault,0x04,right,234.717295,-112,-0.049817,173,0,No fault,90.00
2026-08-14T14:24:21.749,1786710261.749023,11.606558,4,0,0.800000,136,0,0x03,left,-368.157509,-22,-0.043956,170,0,No fault,0x04,right,234.717295,-201,-0.043956,174,0,No fault,179.00
2026-08-14T14:24:21.754,1786710261.754359,11.611888,4,0,0.800000,137,0,0x03,left,-368.157509,-22,-0.038095,171,0,No fault,0x04,right,234.717295,22,-0.043956,174,0,No fault,-44.00
2026-08-14T14:24:21.759,1786710261.759653,11.617182,4,0,0.800000,138,0,0x03,left,-368.157509,67,-0.043956,171,0,No fault,0x04,right,234.717295,22,-0.049817,173,0,No fault,45.00
2026-08-14T14:24:21.764,1786710261.764953,11.622482,4,0,0.800000,139,0,0x03,left,-368.157509,-112,-0.049817,172,0,No fault,0x04,right,234.717295,22,-0.038095,174,0,No fault,-134.00
2026-08-14T14:24:21.770,1786710261.770215,11.627751,4,0,0.800000,140,0,0x03,left,-368.157509,-67,-0.043956,175,0,No fault,0x04,right,234.739257,156,-0.043956,174,0,No fault,-223.00
2026-08-14T14:24:21.775,1786710261.775556,11.633084,4,0,0.800000,141,0,0x03,left,-368.157509,-201,-0.055678,173,0,No fault,0x04,right,234.717295,-22,-0.043956,174,0,No fault,-179.00
