wall_time_iso,wall_time_epoch_s,elapsed_s,phase_index,phase_command_erpm,phase_duration_s,sample_index,command_erpm,left_motor_id,left_motor_label,left_feedback_position_deg,left_feedback_speed_erpm,left_feedback_current_amps,left_feedback_temperature_c,left_feedback_error_code,left_feedback_error_description,right_motor_id,right_motor_label,right_feedback_position_deg,right_feedback_speed_erpm,right_feedback_current_amps,right_feedback_temperature_c,right_feedback_error_code,right_feedback_error_description,sync_error_erpm
2026-08-12T16:15:54.488,1786544154.488885,0.008773,1,6000,5.000000,1,6000,0x04,single,38.700000,0,-0.050000,32,0,No fault,,,,,,,,,
2026-08-12T16:15:54.494,1786544154.494486,0.014335,1,6000,5.000000,2,6000,0x04,single,39.100000,570,1.220000,32,0,No fault,,,,,,,,,
2026-08-12T16:15:54.504,1786544154.504928,0.024772,1,6000,5.000000,3,6000,0x04,single,40.700000,1890,0.940000,32,0,No fault,,,,,,,,,
2026-08-12T16:15:54.515,1786544154.515330,0.035188,1,6000,5.000000,4,6000,0x04,single,42.800000,2670,0.780000,32,0,No fault,,,,,,,,,
2026-08-12T16:15:54.525,1786544154.525821,0.045671,1,6000,5.000000,5,6000,0x04,single,45.300000,3390,0.680000,32,0,No fault,,,,,,,,,
2026-08-12T16:15:54.536,1786544154.536226,0.056105,1,6000,5.000000,6,6000,0x04,single,48.100000,3800,0.640000,32,0,No fault,,,,,,,,,
2026-08-12T16:15:54.546,1786544154.546836,0.066717,1,6000,5.000000,7,6000,0x04,single,51.200000,4190,0.530000,32,0,No fault,,,,,,,,,
2026-08-12T16:15:54.552,1786544154.552461,0.072306,1,6000,5.000000,8,6000,0x04,single,54.400000,4460,0.520000,32,0,No fault,,,,,,,,,
2026-08-12T16:15:54.562,1786544154.562840,0.082687,1,6000,5.000000,9,6000,0x04,single,57.700000,4580,0.390000,32,0,No fault,,,,,,,,,
2026-08-12T16:15:54.575,1786544154.575908,0.095752,1,6000,5.000000,10,6000,0x04,single,61.000000,4660,0.220000,32,0,No fault,,,,,,,,,
2026-08-12T16:15:54.586,1786544154.586304,0.106159,1,6000,5.000000,11,6000,0x04,single,64.500000,4760,0.380000,32,0,No fault,,,,,,,,,
2026-08-12T16:15:54.596,1786544154.596773,0.116626,1,6000,5.000000,12,6000,0x04,single,68.000000,4860,0.130000,32,0,No fault,,,,,,,,,
2026-08-12T16:15:54.602,1786544154.602090,0.121931,1,6000,5.000000,13,6000,0x04,single,71.500000,4920,0.210000,32,0,No fault,,,,,,,,,
2026-08-12T16:15:54.612,1786544154.612459,0.132309,1,6000,5.000000,14,6000,0x04,single,75.100000,5000,0.310000,32,0,No fault,,,,,,,,,
2026-08-12T16:15:54.628,1786544154.628386,0.148243,1,6000,5.000000,15,6000,0x04,single,78.700000,5040,0.350000,32,0,No fault,,,,,,,,,
2026-08-12T16:15:54.633,1786544154.633718,0.153567,1,6000,5.000000,16,6000,0x04,single,82.400000,5070,0.330000,32,0,No fault,,,,,,,,,
2026-08-12T16:15:54.649,1786544154.649898,0.169736,1,6000,5.000000,17,6000,0x04,single,86.000000,5100,0.300000,32,0,No fault,,,,,,,,,
2026-08-12T16:15:54.655,1786544154.655233,0.175084,1,6000,5.000000,18,6000,0x04,single,89.700000,5130,0.290000,32,0,No fault,,,,,,,,,
2026-08-12T16:15:54.665,1786544154.665676,0.185526,1,6000,5.000000,19,6000,0x04,single,93.400000,5130,0.360000,32,0,No fault,,,,,,,,,
2026-08-12T16:15:54.676,1786544154.676085,0.195926,1,6000,5.000000,20,6000,0x04,single,97.000000,5100,0.360000,32,0,No fault,,,,,,,,,
2026-08-12T16:15:54.686,1786544154.686473,0.206323,1,6000,5.000000,21,6000,0x04,single,100.600000,5070,0.330000,32,0,No fault,,,,,,,,,
2026-08-12T16:15:54.696,1786544154.696903,0.216745,1,6000,5.000000,22,6000,0x04,single,104.200000,5080,0.290000,32,0,No fault,,,,,,,,,
2026-08-12T16:15:54.702,1786544154.702159,0.221998,1,6000,5.000000,23,6000,0x04,single,107.900000,5130,0.200000,32,0,No fault,,,,,,,,,
2026-08-12T16:15:54.712,1786544154.712516,0.232354,1,6000,5.000000,24,6000,0x04,single,111.600000,5170,0.290000,32,0,No fault,,,,,,,,,
2026-08-12T16:15:54.722,1786544154.722869,0.242708,1,6000,5.000000,25,6000,0x04,single,115.400000,5190,0.290000,32,0,No fault,,,,,,,,,
2026-08-12T16:15:54.733,1786544154.733232,0.253073,1,6000,5.000000,26,6000,0x04,single,119.000000,5170,0.420000,32,0,No fault,,,,,,,,,
2026-08-12T16:15:54.743,1786544154.743608,0.263452,1,6000,5.000000,27,6000,0x04,single,122.700000,5120,0.400000,32,0,No fault,,,,,,,,,
2026-08-12T16:15:54.754,1786544154.754112,0.273950,1,6000,5.000000,28,6000,0x04,single,126.300000,5080,0.310000,32,0,No fault,,,,,,,,,
2026-08-12T16:15:54.764,1786544154.764469,0.284308,1,6000,5.000000,29,6000,0x04,single,129.900000,5040,0.170000,32,0,No fault,,,,,,,,,
2026-08-12T16:15:54.774,1786544154.774854,0.294722,1,6000,5.000000,30,6000,0x04,single,133.500000,5060,0.140000,32,0,No fault,,,,,,,,,
2026-08-12T16:15:54.785,1786544154.785394,0.305238,1,6000,5.000000,31,6000,0x04,single,137.200000,5120,0.230000,32,0,No fault,,,,,,,,,
2026-08-12T16:15:54.795,1786544154.795821,0.315675,1,6000,5.000000,32,6000,0x04,single,140.900000,5170,0.240000,32,0,No fault,,,,,,,,,
2026-08-12T16:15:54.806,1786544154.806388,0.326236,1,6000,5.000000,33,6000,0x04,single,144.700000,5180,0.170000,32,0,No fault,,,,,,,,,
2026-08-12T16:15:54.816,1786544154.816776,0.336617,1,6000,5.000000,34,6000,0x04,single,148.400000,5170,0.230000,32,0,No fault,,,,,,,,,
2026-08-12T16:15:54.832,1786544154.832290,0.352135,1,6000,5.000000,35,6000,0x04,single,155.700000,5110,0.300000,32,0,No fault,,,,,,,,,
2026-08-12T16:15:54.847,1786544154.847745,0.367588,1,6000,5.000000,36,6000,0x04,single,159.400000,5070,0.230000,32,0,No fault,,,,,,,,,
2026-08-12T16:15:54.858,1786544154.858091,0.377929,1,6000,5.000000,37,6000,0x04,single,163.000000,5100,0.280000,32,0,No fault,,,,,,,,,
2026-08-12T16:15:54.868,1786544154.868429,0.388264,1,6000,5.000000,38,6000,0x04,single,166.700000,5170,0.270000,32,0,No fault,,,,,,,,,
2026-08-12T16:15:54.873,1786544154.873868,0.393703,1,6000,5.000000,39,6000,0x04,single,170.400000,5210,0.300000,32,0,No fault,,,,,,,,,
2026-08-12T16:15:54.884,1786544154.884211,0.404049,1,6000,5.000000,40,6000,0x04,single,174.200000,5240,0.370000,32,0,No fault,,,,,,,,,
2026-08-12T16:15:54.894,1786544154.894587,0.414420,1,6000,5.000000,41,6000,0x04,single,177.900000,5210,0.300000,32,0,No fault,,,,,,,,,
2026-08-12T16:15:54.904,1786544154.904910,0.424744,1,6000,5.000000,42,6000,0x04,single,181.600000,5160,0.310000,32,0,No fault,,,,,,,,,
2026-08-12T16:15:54.915,1786544154.915245,0.435084,1,6000,5.000000,43,6000,0x04,single,185.200000,5120,0.280000,32,0,No fault,,,,,,,,,
2026-08-12T16:15:54.925,1786544154.925606,0.445448,1,6000,5.000000,44,6000,0x04,single,188.900000,5110,0.280000,32,0,No fault,,,,,,,,,
2026-08-12T16:15:54.935,1786544154.935976,0.455815,1,6000,5.000000,45,6000,0x04,single,192.600000,5140,0.290000,32,0,No fault,,,,,,,,,
2026-08-12T16:15:54.946,1786544154.946323,0.466161,1,6000,5.000000,46,6000,0x04,single,196.300000,5210,0.380000,32,0,No fault,,,,,,,,,
2026-08-12T16:15:54.956,1786544154.956673,0.476510,1,6000,5.000000,47,6000,0x04,single,200.000000,5220,0.340000,32,0,No fault,,,,,,,,,
2026-08-12T16:15:54.967,1786544154.967008,0.486842,1,6000,5.000000,48,6000,0x04,single,203.700000,5190,0.380000,32,0,No fault,,,,,,,,,
2026-08-12T16:15:54.972,1786544154.972296,0.492132,1,6000,5.000000,49,6000,0x04,single,207.400000,5130,0.280000,32,0,No fault,,,,,,,,,
2026-08-12T16:15:54.982,1786544154.982637,0.502474,1,6000,5.000000,50,6000,0x04,single,211.000000,5100,0.170000,32,0,No fault,,,,,,,,,
2026-08-12T16:15:54.993,1786544154.993033,0.512888,1,6000,5.000000,51,6000,0x04,single,214.700000,5100,0.310000,32,0,No fault,,,,,,,,,
2026-08-12T16:15:55.003,1786544155.003527,0.523398,1,6000,5.000000,52,6000,0x04,single,218.400000,5110,0.250000,32,0,No fault,,,,,,,,,
2026-08-12T16:15:55.013,1786544155.013958,0.533818,1,6000,5.000000,53,6000,0x04,single,222.000000,5160,0.140000,32,0,No fault,,,,,,,,,
2026-08-12T16:15:55.034,1786544155.034611,0.554465,1,6000,5.000000,54,6000,0x04,single,225.800000,5230,0.340000,32,0,No fault,,,,,,,,,
2026-08-12T16:15:55.039,1786544155.039955,0.559807,1,6000,5.000000,55,6000,0x04,single,229.500000,5240,0.370000,32,0,No fault,,,,,,,,,
2026-08-12T16:15:55.047,1786544155.047372,0.567213,1,6000,5.000000,56,6000,0x04,single,233.300000,5230,0.360000,32,0,No fault,,,,,,,,,
2026-08-12T16:15:55.057,1786544155.057734,0.577582,1,6000,5.000000,57,6000,0x04,single,236.900000,5190,0.270000,32,0,No fault,,,,,,,,,
2026-08-12T16:15:55.068,1786544155.068213,0.588063,1,6000,5.000000,58,6000,0x04,single,240.700000,5150,0.160000,32,0,No fault,,,,,,,,,
2026-08-12T16:15:55.078,1786544155.078626,0.598478,1,6000,5.000000,59,6000,0x04,single,244.300000,5130,0.260000,32,0,No fault,,,,,,,,,
2026-08-12T16:15:55.104,1786544155.104169,0.624010,1,6000,5.000000,60,6000,0x04,single,255.300000,5190,0.390000,32,0,No fault,,,,,,,,,
2026-08-12T16:15:55.114,1786544155.114589,0.634434,1,6000,5.000000,61,6000,0x04,single,259.000000,5200,0.330000,32,0,No fault,,,,,,,,,
2026-08-12T16:15:55.124,1786544155.124965,0.644810,1,6000,5.000000,62,6000,0x04,single,262.800000,5200,0.270000,32,0,No fault,,,,,,,,,
2026-08-12T16:15:55.135,1786544155.135287,0.655131,1,6000,5.000000,63,6000,0x04,single,266.500000,5170,0.380000,32,0,No fault,,,,,,,,,
2026-08-12T16:15:55.145,1786544155.145624,0.665473,1,6000,5.000000,64,6000,0x04,single,270.200000,5150,0.310000,32,0,No fault,,,,,,,,,
2026-08-12T16:15:55.155,1786544155.155977,0.675825,1,6000,5.000000,65,6000,0x04,single,273.900000,5150,0.320000,32,0,No fault,,,,,,,,,
2026-08-12T16:15:55.166,1786544155.166600,0.686448,1,6000,5.000000,66,6000,0x04,single,277.500000,5140,0.390000,32,0,No fault,,,,,,,,,
2026-08-12T16:15:55.176,1786544155.176994,0.696845,1,6000,5.000000,67,6000,0x04,single,281.200000,5130,0.460000,32,0,No fault,,,,,,,,,
2026-08-12T16:15:55.182,1786544155.182448,0.702294,1,6000,5.000000,68,6000,0x04,single,284.900000,5160,0.270000,32,0,No fault,,,,,,,,,
2026-08-12T16:15:55.192,1786544155.192852,0.712700,1,6000,5.000000,69,6000,0x04,single,288.600000,5180,0.190000,32,0,No fault,,,,,,,,,
2026-08-12T16:15:55.203,1786544155.203244,0.723091,1,6000,5.000000,70,6000,0x04,single,292.300000,5180,0.200000,32,0,No fault,,,,,,,,,
2026-08-12T16:15:55.213,1786544155.213618,0.733462,1,6000,5.000000,71,6000,0x04,single,296.000000,5170,0.350000,32,0,No fault,,,,,,,,,
2026-08-12T16:15:55.234,1786544155.234140,0.753982,1,6000,5.000000,72,6000,0x04,single,303.400000,5160,0.350000,32,0,No fault,,,,,,,,,
2026-08-12T16:15:55.249,1786544155.249559,0.769399,1,6000,5.000000,73,6000,0x04,single,307.100000,5140,0.210000,32,0,No fault,,,,,,,,,
2026-08-12T16:15:55.254,1786544155.254807,0.774651,1,6000,5.000000,74,6000,0x04,single,310.700000,5120,0.280000,32,0,No fault,,,,,,,,,
2026-08-12T16:15:55.265,1786544155.265180,0.785024,1,6000,5.000000,75,6000,0x04,single,314.500000,5170,0.490000,32,0,No fault,,,,,,,,,
2026-08-12T16:15:55.275,1786544155.275549,0.795391,1,6000,5.000000,76,6000,0x04,single,318.300000,5240,0.470000,32,0,No fault,,,,,,,,,
2026-08-12T16:15:55.285,1786544155.285920,0.805761,1,6000,5.000000,77,6000,0x04,single,322.200000,5270,0.480000,32,0,No fault,,,,,,,,,
2026-08-12T16:15:55.296,1786544155.296338,0.816209,1,6000,5.000000,78,6000,0x04,single,326.000000,5270,0.420000,32,0,No fault,,,,,,,,,
2026-08-12T16:15:55.306,1786544155.306814,0.826664,1,6000,5.000000,79,6000,0x04,single,329.900000,5260,0.210000,32,0,No fault,,,,,,,,,
2026-08-12T16:15:55.317,1786544155.317214,0.837059,1,6000,5.000000,80,6000,0x04,single,333.700000,5240,0.080000,32,0,No fault,,,,,,,,,
2026-08-12T16:15:55.327,1786544155.327577,0.847415,1,6000,5.000000,81,6000,0x04,single,337.500000,5240,0.160000,32,0,No fault,,,,,,,,,
2026-08-12T16:15:55.337,1786544155.337916,0.857750,1,6000,5.000000,82,6000,0x04,single,341.200000,5210,0.200000,32,0,No fault,,,,,,,,,
2026-08-12T16:15:55.348,1786544155.348387,0.868236,1,6000,5.000000,83,6000,0x04,single,345.000000,5210,0.280000,32,0,No fault,,,,,,,,,
2026-08-12T16:15:55.358,1786544155.358845,0.878704,1,6000,5.000000,84,6000,0x04,single,348.800000,5230,0.440000,32,0,No fault,,,,,,,,,
2026-08-12T16:15:55.369,1786544155.369230,0.889075,1,6000,5.000000,85,6000,0x04,single,352.700000,5240,0.460000,32,0,No fault,,,,,,,,,
2026-08-12T16:15:55.379,1786544155.379585,0.899429,1,6000,5.000000,86,6000,0x04,single,356.500000,5210,0.410000,32,0,No fault,,,,,,,,,
2026-08-12T16:15:55.384,1786544155.384844,0.904684,1,6000,5.000000,87,6000,0x04,single,360.300000,5180,0.440000,32,0,No fault,,,,,,,,,
2026-08-12T16:15:55.395,1786544155.395276,0.915155,1,6000,5.000000,88,6000,0x04,single,364.000000,5180,0.300000,32,0,No fault,,,,,,,,,
2026-08-12T16:15:55.405,1786544155.405831,0.925687,1,6000,5.000000,89,6000,0x04,single,367.700000,5190,0.350000,32,0,No fault,,,,,,,,,
2026-08-12T16:15:55.416,1786544155.416291,0.936152,1,6000,5.000000,90,6000,0x04,single,371.300000,5170,0.350000,32,0,No fault,,,,,,,,,
2026-08-12T16:15:55.436,1786544155.436962,0.956812,1,6000,5.000000,91,6000,0x04,single,375.000000,5210,0.300000,32,0,No fault,,,,,,,,,
2026-08-12T16:15:55.442,1786544155.442271,0.962119,1,6000,5.000000,92,6000,0x04,single,378.800000,5210,0.380000,32,0,No fault,,,,,,,,,
2026-08-12T16:15:55.447,1786544155.447592,0.967437,1,6000,5.000000,93,6000,0x04,single,382.600000,5250,0.320000,32,0,No fault,,,,,,,,,
2026-08-12T16:15:55.458,1786544155.458017,0.977866,1,6000,5.000000,94,6000,0x04,single,386.300000,5260,0.170000,32,0,No fault,,,,,,,,,
2026-08-12T16:15:55.468,1786544155.468426,0.988270,1,6000,5.000000,95,6000,0x04,single,390.100000,5260,0.190000,32,0,No fault,,,,,,,,,
2026-08-12T16:15:55.478,1786544155.478801,0.998643,1,6000,5.000000,96,6000,0x04,single,393.800000,5240,0.250000,32,0,No fault,,,,,,,,,
2026-08-12T16:15:55.489,1786544155.489169,1.009010,1,6000,5.000000,97,6000,0x04,single,397.500000,5210,0.360000,32,0,No fault,,,,,,,,,
2026-08-12T16:15:55.499,1786544155.499564,1.019417,1,6000,5.000000,98,6000,0x04,single,401.200000,5150,0.380000,32,0,No fault,,,,,,,,,
2026-08-12T16:15:55.505,1786544155.505154,1.025003,1,6000,5.000000,99,6000,0x04,single,404.900000,5150,0.320000,32,0,No fault,,,,,,,,,
2026-08-12T16:15:55.515,1786544155.515733,1.035588,1,6000,5.000000,100,6000,0x04,single,408.600000,5170,0.320000,32,0,No fault,,,,,,,,,
2026-08-12T16:15:55.526,1786544155.526235,1.046080,1,6000,5.000000,101,6000,0x04,single,412.300000,5180,0.340000,32,0,No fault,,,,,,,,,
2026-08-12T16:15:55.536,1786544155.536640,1.056491,1,6000,5.000000,102,6000,0x04,single,416.000000,5190,0.360000,32,0,No fault,,,,,,,,,
2026-08-12T16:15:55.547,1786544155.547044,1.066887,1,6000,5.000000,103,6000,0x04,single,419.700000,5170,0.330000,32,0,No fault,,,,,,,,,
2026-08-12T16:15:55.557,1786544155.557465,1.077311,1,6000,5.000000,104,6000,0x04,single,423.400000,5150,0.410000,32,0,No fault,,,,,,,,,
2026-08-12T16:15:55.567,1786544155.567846,1.087697,1,6000,5.000000,105,6000,0x04,single,427.000000,5110,0.460000,32,0,No fault,,,,,,,,,
2026-08-12T16:15:55.599,1786544155.599684,1.119527,1,6000,5.000000,106,6000,0x04,single,437.900000,5130,0.360000,32,0,No fault,,,,,,,,,
2026-08-12T16:15:55.604,1786544155.604919,1.124753,1,6000,5.000000,107,6000,0x04,single,441.700000,5160,0.360000,32,0,No fault,,,,,,,,,
2026-08-12T16:15:55.615,1786544155.615260,1.135105,1,6000,5.000000,108,6000,0x04,single,445.400000,5170,0.200000,32,0,No fault,,,,,,,,,
2026-08-12T16:15:55.625,1786544155.625651,1.145494,1,6000,5.000000,109,6000,0x04,single,449.100000,5170,0.110000,32,0,No fault,,,,,,,,,
2026-08-12T16:15:55.641,1786544155.641069,1.160911,1,6000,5.000000,110,6000,0x04,single,452.800000,5170,0.390000,32,0,No fault,,,,,,,,,
2026-08-12T16:15:55.670,1786544155.670501,1.190347,1,6000,5.000000,111,6000,0x04,single,464.000000,5160,0.570000,32,0,No fault,,,,,,,,,
2026-08-12T16:15:55.675,1786544155.675740,1.195572,1,6000,5.000000,112,6000,0x04,single,467.800000,5190,0.440000,32,0,No fault,,,,,,,,,
2026-08-12T16:15:55.686,1786544155.686052,1.205897,1,6000,5.000000,113,6000,0x04,single,471.600000,5220,0.320000,32,0,No fault,,,,,,,,,
2026-08-12T16:15:55.696,1786544155.696421,1.216261,1,6000,5.000000,114,6000,0x04,single,475.400000,5230,0.220000,32,0,No fault,,,,,,,,,
2026-08-12T16:15:55.706,1786544155.706755,1.226591,1,6000,5.000000,115,6000,0x04,single,479.200000,5230,0.140000,32,0,No fault,,,,,,,,,
2026-08-12T16:15:55.717,1786544155.717050,1.236892,1,6000,5.000000,116,6000,0x04,single,483.000000,5190,0.170000,32,0,No fault,,,,,,,,,
2026-08-12T16:15:55.727,1786544155.727408,1.247250,1,6000,5.000000,117,6000,0x04,single,486.700000,5150,0.300000,32,0,No fault,,,,,,,,,
2026-08-12T16:15:55.737,1786544155.737853,1.257694,1,6000,5.000000,118,6000,0x04,single,490.400000,5120,0.440000,32,0,No fault,,,,,,,,,
2026-08-12T16:15:55.783,1786544155.783314,1.303159,1,6000,5.000000,119,6000,0x04,single,505.600000,5230,0.240000,32,0,No fault,,,,,,,,,
2026-08-12T16:15:55.788,1786544155.788582,1.308428,1,6000,5.000000,120,6000,0x04,single,509.400000,5250,0.100000,32,0,No fault,,,,,,,,,
2026-08-12T16:15:55.798,1786544155.798958,1.318803,1,6000,5.000000,121,6000,0x04,single,513.200000,5230,0.040000,32,0,No fault,,,,,,,,,
2026-08-12T16:15:55.809,1786544155.809270,1.329113,1,6000,5.000000,122,6000,0x04,single,517.000000,5210,0.200000,32,0,No fault,,,,,,,,,
2026-08-12T16:15:55.819,1786544155.819666,1.339523,1,6000,5.000000,123,6000,0x04,single,520.700000,5180,0.280000,32,0,No fault,,,,,,,,,
2026-08-12T16:15:55.830,1786544155.830184,1.350033,1,6000,5.000000,124,6000,0x04,single,524.500000,5210,0.440000,32,0,No fault,,,,,,,,,
2026-08-12T16:15:55.840,1786544155.840600,1.360440,1,6000,5.000000,125,6000,0x04,single,528.300000,5230,0.220000,32,0,No fault,,,,,,,,,
2026-08-12T16:15:55.851,1786544155.851340,1.371212,1,6000,5.000000,126,6000,0x04,single,532.000000,5240,0.270000,32,0,No fault,,,,,,,,,
2026-08-12T16:15:55.861,1786544155.861819,1.381682,1,6000,5.000000,127,6000,0x04,single,535.800000,5250,0.270000,32,0,No fault,,,,,,,,,
2026-08-12T16:15:55.872,1786544155.872441,1.392287,1,6000,5.000000,128,6000,0x04,single,539.500000,5220,0.380000,32,0,No fault,,,,,,,,,
2026-08-12T16:15:55.883,1786544155.883045,1.402900,1,6000,5.000000,129,6000,0x04,single,543.200000,5180,0.390000,32,0,No fault,,,,,,,,,
2026-08-12T16:15:55.888,1786544155.888369,1.408215,1,6000,5.000000,130,6000,0x04,single,546.900000,5160,0.440000,32,0,No fault,,,,,,,,,
2026-08-12T16:15:55.898,1786544155.898766,1.418618,1,6000,5.000000,131,6000,0x04,single,550.500000,5120,0.320000,32,0,No fault,,,,,,,,,
2026-08-12T16:15:55.909,1786544155.909179,1.429025,1,6000,5.000000,132,6000,0x04,single,554.200000,5160,0.320000,32,0,No fault,,,,,,,,,
2026-08-12T16:15:55.923,1786544155.923402,1.443240,1,6000,5.000000,133,6000,0x04,single,558.000000,5200,0.430000,32,0,No fault,,,,,,,,,
2026-08-12T16:15:55.928,1786544155.928596,1.448427,1,6000,5.000000,134,6000,0x04,single,561.800000,5220,0.410000,32,0,No fault,,,,,,,,,
2026-08-12T16:15:55.938,1786544155.938892,1.458742,1,6000,5.000000,135,6000,0x04,single,565.600000,5250,0.230000,32,0,No fault,,,,,,,,,
2026-08-12T16:15:55.950,1786544155.950225,1.470061,1,6000,5.000000,136,6000,0x04,single,569.400000,5260,0.110000,32,0,No fault,,,,,,,,,
2026-08-12T16:15:55.960,1786544155.960754,1.480600,1,6000,5.000000,137,6000,0x04,single,573.200000,5220,0.160000,32,0,No fault,,,,,,,,,
2026-08-12T16:15:55.973,1786544155.973734,1.493575,1,6000,5.000000,138,6000,0x04,single,577.000000,5190,0.140000,32,0,No fault,,,,,,,,,
2026-08-12T16:15:55.984,1786544155.984062,1.503915,1,6000,5.000000,139,6000,0x04,single,580.700000,5150,0.290000,32,0,No fault,,,,,,,,,
2026-08-12T16:15:55.989,1786544155.989404,1.509278,1,6000,5.000000,140,6000,0x04,single,584.500000,5160,0.500000,32,0,No fault,,,,,,,,,
2026-08-12T16:15:55.999,1786544155.999871,1.519718,1,6000,5.000000,141,6000,0x04,single,588.300000,5160,0.570000,32,0,No fault,,,,,,,,,
2026-08-12T16:15:56.011,1786544156.011745,1.531583,1,6000,5.000000,142,6000,0x04,single,592.000000,5160,0.410000,32,0,No fault,,,,,,,,,
2026-08-12T16:15:56.022,1786544156.022053,1.541903,1,6000,5.000000,143,6000,0x04,single,595.800000,5180,0.300000,32,0,No fault,,,,,,,,,
2026-08-12T16:15:56.032,1786544156.032471,1.552318,1,6000,5.000000,144,6000,0x04,single,599.600000,5200,0.180000,32,0,No fault,,,,,,,,,
2026-08-12T16:15:56.047,1786544156.047920,1.567770,1,6000,5.000000,145,6000,0x04,single,603.300000,5210,0.380000,32,0,No fault,,,,,,,,,
2026-08-12T16:15:56.053,1786544156.053231,1.573075,1,6000,5.000000,146,6000,0x04,single,606.900000,5160,0.390000,32,0,No fault,,,,,,,,,
2026-08-12T16:15:56.063,1786544156.063624,1.583466,1,6000,5.000000,147,6000,0x04,single,610.600000,5130,0.320000,32,0,No fault,,,,,,,,,
2026-08-12T16:15:56.074,1786544156.074085,1.593928,1,6000,5.000000,148,6000,0x04,single,614.300000,5160,0.270000,32,0,No fault,,,,,,,,,
2026-08-12T16:15:56.084,1786544156.084473,1.604313,1,6000,5.000000,149,6000,0x04,single,618.000000,5180,0.200000,32,0,No fault,,,,,,,,,
2026-08-12T16:15:56.094,1786544156.094842,1.614682,1,6000,5.000000,150,6000,0x04,single,621.800000,5210,0.330000,32,0,No fault,,,,,,,,,
2026-08-12T16:15:56.105,1786544156.105203,1.625040,1,6000,5.000000,151,6000,0x04,single,625.500000,5230,0.240000,32,0,No fault,,,,,,,,,
2026-08-12T16:15:56.115,1786544156.115574,1.635413,1,6000,5.000000,152,6000,0x04,single,629.300000,5250,0.290000,32,0,No fault,,,,,,,,,
2026-08-12T16:15:56.125,1786544156.125964,1.645805,1,6000,5.000000,153,6000,0x04,single,633.000000,5240,0.390000,32,0,No fault,,,,,,,,,
2026-08-12T16:15:56.136,1786544156.136447,1.656326,1,6000,5.000000,154,6000,0x04,single,636.700000,5220,0.340000,32,0,No fault,,,,,,,,,
2026-08-12T16:15:56.141,1786544156.141876,1.661729,1,6000,5.000000,155,6000,0x04,single,640.400000,5170,0.380000,32,0,No fault,,,,,,,,,
2026-08-12T16:15:56.152,1786544156.152429,1.672280,1,6000,5.000000,156,6000,0x04,single,644.100000,5180,0.320000,32,0,No fault,,,,,,,,,
2026-08-12T16:15:56.162,1786544156.162821,1.682660,1,6000,5.000000,157,6000,0x04,single,647.900000,5210,0.160000,32,0,No fault,,,,,,,,,
2026-08-12T16:15:56.173,1786544156.173154,1.692990,1,6000,5.000000,158,6000,0x04,single,651.600000,5230,0.310000,32,0,No fault,,,,,,,,,
2026-08-12T16:15:56.183,1786544156.183552,1.703409,1,6000,5.000000,159,6000,0x04,single,655.400000,5220,0.320000,32,0,No fault,,,,,,,,,
2026-08-12T16:15:56.194,1786544156.194044,1.713893,1,6000,5.000000,160,6000,0x04,single,659.100000,5210,0.340000,32,0,No fault,,,,,,,,,
2026-08-12T16:15:56.204,1786544156.204429,1.724269,1,6000,5.000000,161,6000,0x04,single,662.800000,5170,0.380000,32,0,No fault,,,,,,,,,
2026-08-12T16:15:56.214,1786544156.214786,1.734625,1,6000,5.000000,162,6000,0x04,single,666.400000,5150,0.320000,32,0,No fault,,,,,,,,,
2026-08-12T16:15:56.220,1786544156.220054,1.739890,1,6000,5.000000,163,6000,0x04,single,670.100000,5130,0.160000,32,0,No fault,,,,,,,,,
2026-08-12T16:15:56.230,1786544156.230466,1.750343,1,6000,5.000000,164,6000,0x04,single,673.800000,5170,0.110000,32,0,No fault,,,,,,,,,
2026-08-12T16:15:56.252,1786544156.252350,1.772204,1,6000,5.000000,165,6000,0x04,single,677.600000,5220,0.240000,32,0,No fault,,,,,,,,,
2026-08-12T16:15:56.257,1786544156.257642,1.777489,1,6000,5.000000,166,6000,0x04,single,681.400000,5260,0.200000,32,0,No fault,,,,,,,,,
2026-08-12T16:15:56.262,1786544156.262910,1.782752,1,6000,5.000000,167,6000,0x04,single,685.100000,5250,0.280000,32,0,No fault,,,,,,,,,
2026-08-12T16:15:56.273,1786544156.273254,1.793095,1,6000,5.000000,168,6000,0x04,single,688.800000,5230,0.380000,32,0,No fault,,,,,,,,,
2026-08-12T16:15:56.283,1786544156.283600,1.803440,1,6000,5.000000,169,6000,0x04,single,692.500000,5200,0.370000,32,0,No fault,,,,,,,,,
2026-08-12T16:15:56.293,1786544156.293970,1.813816,1,6000,5.000000,170,6000,0x04,single,696.200000,5160,0.370000,32,0,No fault,,,,,,,,,
2026-08-12T16:15:56.304,1786544156.304340,1.824182,1,6000,5.000000,171,6000,0x04,single,699.900000,5120,0.190000,32,0,No fault,,,,,,,,,
2026-08-12T16:15:56.314,1786544156.314688,1.834528,1,6000,5.000000,172,6000,0x04,single,703.600000,5160,0.230000,32,0,No fault,,,,,,,,,
2026-08-12T16:15:56.325,1786544156.325057,1.844898,1,6000,5.000000,173,6000,0x04,single,707.400000,5230,0.250000,32,0,No fault,,,,,,,,,
2026-08-12T16:15:56.330,1786544156.330306,1.850147,1,6000,5.000000,174,6000,0x04,single,711.100000,5260,0.250000,32,0,No fault,,,,,,,,,
2026-08-12T16:15:56.340,1786544156.340645,1.860486,1,6000,5.000000,175,6000,0x04,single,714.900000,5250,0.330000,32,0,No fault,,,,,,,,,
2026-08-12T16:15:56.350,1786544156.350978,1.870818,1,6000,5.000000,176,6000,0x04,single,718.500000,5200,0.340000,32,0,No fault,,,,,,,,,
2026-08-12T16:15:56.361,1786544156.361353,1.881203,1,6000,5.000000,177,6000,0x04,single,722.200000,5130,0.390000,32,0,No fault,,,,,,,,,
2026-08-12T16:15:56.371,1786544156.371939,1.891804,1,6000,5.000000,178,6000,0x04,single,725.800000,5070,0.360000,32,0,No fault,,,,,,,,,
2026-08-12T16:15:56.382,1786544156.382401,1.902268,1,6000,5.000000,179,6000,0x04,single,729.400000,5050,0.400000,32,0,No fault,,,,,,,,,
2026-08-12T16:15:56.392,1786544156.392901,1.912757,1,6000,5.000000,180,6000,0x04,single,733.100000,5100,0.300000,32,0,No fault,,,,,,,,,
2026-08-12T16:15:56.403,1786544156.403351,1.923220,1,6000,5.000000,181,6000,0x04,single,736.800000,5180,0.290000,32,0,No fault,,,,,,,,,
2026-08-12T16:15:56.413,1786544156.413909,1.933753,1,6000,5.000000,182,6000,0x04,single,740.600000,5230,0.380000,32,0,No fault,,,,,,,,,
2026-08-12T16:15:56.427,1786544156.427721,1.947557,1,6000,5.000000,183,6000,0x04,single,744.300000,5230,0.390000,32,0,No fault,,,,,,,,,
2026-08-12T16:15:56.432,1786544156.432936,1.952773,1,6000,5.000000,184,6000,0x04,single,748.000000,5210,0.240000,32,0,No fault,,,,,,,,,
2026-08-12T16:15:56.453,1786544156.453461,1.973317,1,6000,5.000000,185,6000,0x04,single,755.500000,5130,0.530000,32,0,No fault,,,,,,,,,
2026-08-12T16:15:56.463,1786544156.463879,1.983727,1,6000,5.000000,186,6000,0x04,single,759.100000,5110,0.250000,32,0,No fault,,,,,,,,,
2026-08-12T16:15:56.480,1786544156.480376,2.000223,1,6000,5.000000,187,6000,0x04,single,762.800000,5140,0.220000,32,0,No fault,,,,,,,,,
2026-08-12T16:15:56.485,1786544156.485766,2.005605,1,6000,5.000000,188,6000,0x04,single,766.600000,5210,0.280000,32,0,No fault,,,,,,,,,
2026-08-12T16:15:56.491,1786544156.491013,2.010864,1,6000,5.000000,189,6000,0x04,single,770.300000,5240,0.370000,32,0,No fault,,,,,,,,,
2026-08-12T16:15:56.501,1786544156.501425,2.021303,1,6000,5.000000,190,6000,0x04,single,774.000000,5220,0.400000,32,0,No fault,,,,,,,,,
2026-08-12T16:15:56.518,1786544156.518568,2.038406,1,6000,5.000000,191,6000,0x04,single,777.700000,5160,0.340000,32,0,No fault,,,,,,,,,
2026-08-12T16:15:56.523,1786544156.523801,2.043644,1,6000,5.000000,192,6000,0x04,single,781.300000,5090,0.310000,32,0,No fault,,,,,,,,,
2026-08-12T16:15:56.534,1786544156.534380,2.054219,1,6000,5.000000,193,6000,0x04,single,784.900000,5060,0.310000,32,0,No fault,,,,,,,,,
2026-08-12T16:15:56.544,1786544156.544680,2.064525,1,6000,5.000000,194,6000,0x04,single,788.600000,5060,0.260000,32,0,No fault,,,,,,,,,
2026-08-12T16:15:56.555,1786544156.555058,2.074902,1,6000,5.000000,195,6000,0x04,single,792.200000,5100,0.270000,32,0,No fault,,,,,,,,,
2026-08-12T16:15:56.565,1786544156.565472,2.085320,1,6000,5.000000,196,6000,0x04,single,795.900000,5160,0.350000,32,0,No fault,,,,,,,,,
2026-08-12T16:15:56.575,1786544156.575851,2.095691,1,6000,5.000000,197,6000,0x04,single,799.600000,5170,0.380000,32,0,No fault,,,,,,,,,
2026-08-12T16:15:56.586,1786544156.586213,2.106056,1,6000,5.000000,198,6000,0x04,single,803.300000,5140,0.360000,32,0,No fault,,,,,,,,,
2026-08-12T16:15:56.591,1786544156.591480,2.111318,1,6000,5.000000,199,6000,0x04,single,806.900000,5120,0.290000,32,0,No fault,,,,,,,,,
2026-08-12T16:15:56.601,1786544156.601856,2.121700,1,6000,5.000000,200,6000,0x04,single,810.600000,5120,0.320000,32,0,No fault,,,,,,,,,
2026-08-12T16:15:56.612,1786544156.612253,2.132094,1,6000,5.000000,201,6000,0x04,single,814.300000,5120,0.250000,32,0,No fault,,,,,,,,,
2026-08-12T16:15:56.622,1786544156.622619,2.142460,1,6000,5.000000,202,6000,0x04,single,817.900000,5130,0.310000,32,0,No fault,,,,,,,,,
2026-08-12T16:15:56.633,1786544156.633074,2.152913,1,6000,5.000000,203,6000,0x04,single,821.600000,5140,0.380000,32,0,No fault,,,,,,,,,
2026-08-12T16:15:56.643,1786544156.643537,2.163424,1,6000,5.000000,204,6000,0x04,single,825.300000,5160,0.380000,32,0,No fault,,,,,,,,,
2026-08-12T16:15:56.654,1786544156.654608,2.174455,1,6000,5.000000,205,6000,0x04,single,828.900000,5160,0.400000,32,0,No fault,,,,,,,,,
2026-08-12T16:15:56.665,1786544156.665097,2.184991,1,6000,5.000000,206,6000,0x04,single,832.600000,5150,0.260000,32,0,No fault,,,,,,,,,
2026-08-12T16:15:56.670,1786544156.670967,2.190829,1,6000,5.000000,207,6000,0x04,single,836.300000,5130,0.240000,32,0,No fault,,,,,,,,,
2026-08-12T16:15:56.681,1786544156.681663,2.201530,1,6000,5.000000,208,6000,0x04,single,840.000000,5110,0.240000,32,0,No fault,,,,,,,,,
2026-08-12T16:15:56.692,1786544156.692157,2.212020,1,6000,5.000000,209,6000,0x04,single,843.600000,5110,0.280000,32,0,No fault,,,,,,,,,
2026-08-12T16:15:56.702,1786544156.702608,2.222462,1,6000,5.000000,210,6000,0x04,single,847.300000,5090,0.390000,32,0,No fault,,,,,,,,,
2026-08-12T16:15:56.713,1786544156.713012,2.232860,1,6000,5.000000,211,6000,0x04,single,850.900000,5070,0.340000,32,0,No fault,,,,,,,,,
2026-08-12T16:15:56.723,1786544156.723384,2.243229,1,6000,5.000000,212,6000,0x04,single,854.500000,5090,0.390000,32,0,No fault,,,,,,,,,
2026-08-12T16:15:56.733,1786544156.733799,2.253651,1,6000,5.000000,213,6000,0x04,single,858.200000,5120,0.330000,32,0,No fault,,,,,,,,,
2026-08-12T16:15:56.744,1786544156.744231,2.264087,1,6000,5.000000,214,6000,0x04,single,861.900000,5170,0.250000,32,0,No fault,,,,,,,,,
2026-08-12T16:15:56.754,1786544156.754613,2.274455,1,6000,5.000000,215,6000,0x04,single,865.600000,5200,0.230000,32,0,No fault,,,,,,,,,
2026-08-12T16:15:56.764,1786544156.764967,2.284806,1,6000,5.000000,216,6000,0x04,single,869.400000,5210,0.250000,32,0,No fault,,,,,,,,,
2026-08-12T16:15:56.775,1786544156.775314,2.295157,1,6000,5.000000,217,6000,0x04,single,873.100000,5190,0.370000,32,0,No fault,,,,,,,,,
2026-08-12T16:15:56.780,1786544156.780581,2.300420,1,6000,5.000000,218,6000,0x04,single,876.700000,5140,0.400000,32,0,No fault,,,,,,,,,
2026-08-12T16:15:56.790,1786544156.790932,2.310770,1,6000,5.000000,219,6000,0x04,single,880.300000,5080,0.470000,32,0,No fault,,,,,,,,,
2026-08-12T16:15:56.801,1786544156.801297,2.321144,1,6000,5.000000,220,6000,0x04,single,884.000000,5090,0.420000,32,0,No fault,,,,,,,,,
2026-08-12T16:15:56.811,1786544156.811723,2.331567,1,6000,5.000000,221,6000,0x04,single,887.700000,5140,0.300000,32,0,No fault,,,,,,,,,
2026-08-12T16:15:56.822,1786544156.822072,2.341913,1,6000,5.000000,222,6000,0x04,single,891.400000,5200,0.260000,32,0,No fault,,,,,,,,,
2026-08-12T16:15:56.832,1786544156.832420,2.352259,1,6000,5.000000,223,6000,0x04,single,895.100000,5210,0.370000,32,0,No fault,,,,,,,,,
2026-08-12T16:15:56.842,1786544156.842783,2.362624,1,6000,5.000000,224,6000,0x04,single,898.800000,5190,0.410000,32,0,No fault,,,,,,,,,
2026-08-12T16:15:56.858,1786544156.858319,2.378169,1,6000,5.000000,225,6000,0x04,single,902.500000,5170,0.400000,32,0,No fault,,,,,,,,,
2026-08-12T16:15:56.863,1786544156.863621,2.383462,1,6000,5.000000,226,6000,0x04,single,906.200000,5120,0.370000,32,0,No fault,,,,,,,,,
2026-08-12T16:15:56.874,1786544156.874001,2.393872,1,6000,5.000000,227,6000,0x04,single,909.800000,5060,0.360000,32,0,No fault,,,,,,,,,
2026-08-12T16:15:56.884,1786544156.884449,2.404293,1,6000,5.000000,228,6000,0x04,single,913.500000,5100,0.270000,32,0,No fault,,,,,,,,,
2026-08-12T16:15:56.894,1786544156.894881,2.414750,1,6000,5.000000,229,6000,0x04,single,917.200000,5170,0.240000,32,0,No fault,,,,,,,,,
2026-08-12T16:15:56.905,1786544156.905502,2.425380,1,6000,5.000000,230,6000,0x04,single,920.900000,5220,0.230000,32,0,No fault,,,,,,,,,
2026-08-12T16:15:56.916,1786544156.916008,2.435864,1,6000,5.000000,231,6000,0x04,single,924.600000,5210,0.370000,32,0,No fault,,,,,,,,,
2026-08-12T16:15:56.926,1786544156.926421,2.446269,1,6000,5.000000,232,6000,0x04,single,928.300000,5180,0.390000,32,0,No fault,,,,,,,,,
2026-08-12T16:15:56.934,1786544156.934023,2.453857,1,6000,5.000000,233,6000,0x04,single,932.000000,5140,0.330000,32,0,No fault,,,,,,,,,
2026-08-12T16:15:56.944,1786544156.944577,2.464428,1,6000,5.000000,234,6000,0x04,single,935.600000,5110,0.240000,32,0,No fault,,,,,,,,,
2026-08-12T16:15:56.954,1786544156.954255,2.474097,1,6000,5.000000,235,6000,0x04,single,939.300000,5100,0.260000,32,0,No fault,,,,,,,,,
2026-08-12T16:15:56.964,1786544156.964579,2.484428,1,6000,5.000000,236,6000,0x04,single,943.000000,5140,0.260000,32,0,No fault,,,,,,,,,
2026-08-12T16:15:56.974,1786544156.974936,2.494771,1,6000,5.000000,237,6000,0x04,single,946.700000,5230,0.260000,32,0,No fault,,,,,,,,,
2026-08-12T16:15:56.985,1786544156.985297,2.505133,1,6000,5.000000,238,6000,0x04,single,950.500000,5270,0.360000,32,0,No fault,,,,,,,,,
2026-08-12T16:15:56.990,1786544156.990589,2.510431,1,6000,5.000000,239,6000,0x04,single,954.200000,5290,0.310000,32,0,No fault,,,,,,,,,
2026-08-12T16:15:57.001,1786544157.001012,2.520866,1,6000,5.000000,240,6000,0x04,single,958.000000,5250,0.340000,32,0,No fault,,,,,,,,,
2026-08-12T16:15:57.016,1786544157.016916,2.536751,1,6000,5.000000,241,6000,0x04,single,961.700000,5190,0.320000,32,0,No fault,,,,,,,,,
2026-08-12T16:15:57.022,1786544157.022132,2.541976,1,6000,5.000000,242,6000,0x04,single,965.400000,5140,0.330000,32,0,No fault,,,,,,,,,
2026-08-12T16:15:57.032,1786544157.032510,2.552353,1,6000,5.000000,243,6000,0x04,single,969.000000,5120,0.240000,32,0,No fault,,,,,,,,,
2026-08-12T16:15:57.042,1786544157.042874,2.562726,1,6000,5.000000,244,6000,0x04,single,972.700000,5150,0.250000,32,0,No fault,,,,,,,,,
2026-08-12T16:15:57.063,1786544157.063590,2.583469,1,6000,5.000000,245,6000,0x04,single,980.200000,5240,0.350000,32,0,No fault,,,,,,,,,
2026-08-12T16:15:57.074,1786544157.074168,2.594064,1,6000,5.000000,246,6000,0x04,single,983.900000,5260,0.380000,32,0,No fault,,,,,,,,,
2026-08-12T16:15:57.084,1786544157.084783,2.604662,1,6000,5.000000,247,6000,0x04,single,987.700000,5220,0.340000,32,0,No fault,,,,,,,,,
2026-08-12T16:15:57.095,1786544157.095338,2.615221,1,6000,5.000000,248,6000,0x04,single,991.300000,5160,0.290000,32,0,No fault,,,,,,,,,
2026-08-12T16:15:57.105,1786544157.105833,2.625692,1,6000,5.000000,249,6000,0x04,single,995.000000,5120,0.210000,32,0,No fault,,,,,,,,,
2026-08-12T16:15:57.111,1786544157.111155,2.631001,1,6000,5.000000,250,6000,0x04,single,998.700000,5120,0.260000,32,0,No fault,,,,,,,,,
2026-08-12T16:15:57.121,1786544157.121504,2.641365,1,6000,5.000000,251,6000,0x04,single,1002.400000,5150,0.270000,32,0,No fault,,,,,,,,,
2026-08-12T16:15:57.132,1786544157.132003,2.651853,1,6000,5.000000,252,6000,0x04,single,1006.100000,5220,0.400000,32,0,No fault,,,,,,,,,
2026-08-12T16:15:57.142,1786544157.142398,2.662245,1,6000,5.000000,253,6000,0x04,single,1009.800000,5250,0.380000,32,0,No fault,,,,,,,,,
2026-08-12T16:15:57.152,1786544157.152792,2.672647,1,6000,5.000000,254,6000,0x04,single,1013.600000,5250,0.310000,32,0,No fault,,,,,,,,,
2026-08-12T16:15:57.163,1786544157.163322,2.683169,1,6000,5.000000,255,6000,0x04,single,1017.300000,5210,0.320000,32,0,No fault,,,,,,,,,
2026-08-12T16:15:57.173,1786544157.173728,2.693572,1,6000,5.000000,256,6000,0x04,single,1021.000000,5150,0.440000,32,0,No fault,,,,,,,,,
2026-08-12T16:15:57.184,1786544157.184100,2.703942,1,6000,5.000000,257,6000,0x04,single,1024.700000,5120,0.380000,32,0,No fault,,,,,,,,,
2026-08-12T16:15:57.194,1786544157.194454,2.714311,1,6000,5.000000,258,6000,0x04,single,1028.300000,5150,0.290000,32,0,No fault,,,,,,,,,
2026-08-12T16:15:57.204,1786544157.204900,2.724743,1,6000,5.000000,259,6000,0x04,single,1032.000000,5170,0.360000,32,0,No fault,,,,,,,,,
2026-08-12T16:15:57.215,1786544157.215339,2.735227,1,6000,5.000000,260,6000,0x04,single,1035.800000,5240,0.300000,32,0,No fault,,,,,,,,,
2026-08-12T16:15:57.220,1786544157.220816,2.740669,1,6000,5.000000,261,6000,0x04,single,1039.500000,5250,0.360000,32,0,No fault,,,,,,,,,
2026-08-12T16:15:57.231,1786544157.231236,2.751092,1,6000,5.000000,262,6000,0x04,single,1043.300000,5230,0.380000,33,0,No fault,,,,,,,,,
2026-08-12T16:15:57.241,1786544157.241659,2.761517,1,6000,5.000000,263,6000,0x04,single,1047.000000,5210,0.320000,32,0,No fault,,,,,,,,,
2026-08-12T16:15:57.257,1786544157.257142,2.776992,1,6000,5.000000,264,6000,0x04,single,1050.700000,5180,0.280000,32,0,No fault,,,,,,,,,
2026-08-12T16:15:57.262,1786544157.262410,2.782248,1,6000,5.000000,265,6000,0x04,single,1054.400000,5180,0.240000,32,0,No fault,,,,,,,,,
2026-08-12T16:15:57.272,1786544157.272696,2.792533,1,6000,5.000000,266,6000,0x04,single,1058.100000,5170,0.260000,32,0,No fault,,,,,,,,,
2026-08-12T16:15:57.282,1786544157.282969,2.802805,1,6000,5.000000,267,6000,0x04,single,1061.800000,5160,0.380000,32,0,No fault,,,,,,,,,
2026-08-12T16:15:57.293,1786544157.293307,2.813144,1,6000,5.000000,268,6000,0x04,single,1065.500000,5190,0.400000,32,0,No fault,,,,,,,,,
2026-08-12T16:15:57.303,1786544157.303599,2.823438,1,6000,5.000000,269,6000,0x04,single,1069.200000,5200,0.300000,32,0,No fault,,,,,,,,,
2026-08-12T16:15:57.313,1786544157.313914,2.833757,1,6000,5.000000,270,6000,0x04,single,1072.900000,5190,0.280000,32,0,No fault,,,,,,,,,
2026-08-12T16:15:57.324,1786544157.324252,2.844096,1,6000,5.000000,271,6000,0x04,single,1076.600000,5160,0.220000,32,0,No fault,,,,,,,,,
2026-08-12T16:15:57.334,1786544157.334756,2.854602,1,6000,5.000000,272,6000,0x04,single,1080.300000,5150,0.300000,32,0,No fault,,,,,,,,,
2026-08-12T16:15:57.345,1786544157.345103,2.864948,1,6000,5.000000,273,6000,0x04,single,1084.000000,5170,0.310000,32,0,No fault,,,,,,,,,
2026-08-12T16:15:57.350,1786544157.350369,2.870212,1,6000,5.000000,274,6000,0x04,single,1087.700000,5170,0.400000,32,0,No fault,,,,,,,,,
2026-08-12T16:15:57.360,1786544157.360734,2.880578,1,6000,5.000000,275,6000,0x04,single,1091.300000,5150,0.390000,32,0,No fault,,,,,,,,,
2026-08-12T16:15:57.371,1786544157.371320,2.891174,1,6000,5.000000,276,6000,0x04,single,1095.000000,5200,0.260000,32,0,No fault,,,,,,,,,
2026-08-12T16:15:57.381,1786544157.381714,2.901568,1,6000,5.000000,277,6000,0x04,single,1098.800000,5250,0.260000,32,0,No fault,,,,,,,,,
2026-08-12T16:15:57.392,1786544157.392139,2.912016,1,6000,5.000000,278,6000,0x04,single,1102.600000,5260,0.180000,32,0,No fault,,,,,,,,,
2026-08-12T16:15:57.402,1786544157.402610,2.922462,1,6000,5.000000,279,6000,0x04,single,1106.400000,5260,0.140000,32,0,No fault,,,,,,,,,
2026-08-12T16:15:57.413,1786544157.413026,2.932891,1,6000,5.000000,280,6000,0x04,single,1110.100000,5250,0.230000,32,0,No fault,,,,,,,,,
2026-08-12T16:15:57.423,1786544157.423444,2.943302,1,6000,5.000000,281,6000,0x04,single,1113.900000,5230,0.130000,32,0,No fault,,,,,,,,,
2026-08-12T16:15:57.433,1786544157.433823,2.953672,1,6000,5.000000,282,6000,0x04,single,1117.600000,5200,0.120000,32,0,No fault,,,,,,,,,
2026-08-12T16:15:57.444,1786544157.444163,2.964014,1,6000,5.000000,283,6000,0x04,single,1121.300000,5170,0.110000,32,0,No fault,,,,,,,,,
2026-08-12T16:15:57.454,1786544157.454626,2.974493,1,6000,5.000000,284,6000,0x04,single,1125.100000,5180,0.260000,32,0,No fault,,,,,,,,,
2026-08-12T16:15:57.465,1786544157.465602,2.985456,1,6000,5.000000,285,6000,0x04,single,1128.800000,5180,0.380000,32,0,No fault,,,,,,,,,
2026-08-12T16:15:57.470,1786544157.470956,2.990807,1,6000,5.000000,286,6000,0x04,single,1132.500000,5170,0.350000,32,0,No fault,,,,,,,,,
2026-08-12T16:15:57.481,1786544157.481348,3.001191,1,6000,5.000000,287,6000,0x04,single,1136.200000,5160,0.290000,32,0,No fault,,,,,,,,,
2026-08-12T16:15:57.491,1786544157.491703,3.011549,1,6000,5.000000,288,6000,0x04,single,1139.900000,5160,0.280000,32,0,No fault,,,,,,,,,
2026-08-12T16:15:57.502,1786544157.502087,3.021935,1,6000,5.000000,289,6000,0x04,single,1143.600000,5160,0.270000,32,0,No fault,,,,,,,,,
2026-08-12T16:15:57.518,1786544157.518988,3.038822,1,6000,5.000000,290,6000,0x04,single,1147.200000,5120,0.400000,32,0,No fault,,,,,,,,,
2026-08-12T16:15:57.524,1786544157.524176,3.044005,1,6000,5.000000,291,6000,0x04,single,1150.800000,5080,0.360000,32,0,No fault,,,,,,,,,
2026-08-12T16:15:57.534,1786544157.534500,3.054351,1,6000,5.000000,292,6000,0x04,single,1154.400000,5090,0.360000,32,0,No fault,,,,,,,,,
2026-08-12T16:15:57.544,1786544157.544878,3.064719,1,6000,5.000000,293,6000,0x04,single,1158.100000,5110,0.290000,32,0,No fault,,,,,,,,,
2026-08-12T16:15:57.555,1786544157.555222,3.075061,1,6000,5.000000,294,6000,0x04,single,1161.800000,5150,0.300000,32,0,No fault,,,,,,,,,
2026-08-12T16:15:57.565,1786544157.565567,3.085407,1,6000,5.000000,295,6000,0x04,single,1165.500000,5190,0.260000,32,0,No fault,,,,,,,,,
2026-08-12T16:15:57.570,1786544157.570856,3.090697,1,6000,5.000000,296,6000,0x04,single,1169.300000,5220,0.240000,32,0,No fault,,,,,,,,,
2026-08-12T16:15:57.581,1786544157.581313,3.101156,1,6000,5.000000,297,6000,0x04,single,1173.000000,5200,0.340000,32,0,No fault,,,,,,,,,
2026-08-12T16:15:57.591,1786544157.591734,3.111584,1,6000,5.000000,298,6000,0x04,single,1176.600000,5160,0.400000,32,0,No fault,,,,,,,,,
2026-08-12T16:15:57.602,1786544157.602166,3.122010,1,6000,5.000000,299,6000,0x04,single,1180.300000,5110,0.500000,32,0,No fault,,,,,,,,,
2026-08-12T16:15:57.612,1786544157.612523,3.132365,1,6000,5.000000,300,6000,0x04,single,1184.000000,5130,0.360000,32,0,No fault,,,,,,,,,
2026-08-12T16:15:57.622,1786544157.622860,3.142700,1,6000,5.000000,301,6000,0x04,single,1187.700000,5180,0.320000,32,0,No fault,,,,,,,,,
2026-08-12T16:15:57.633,1786544157.633199,3.153039,1,6000,5.000000,302,6000,0x04,single,1191.400000,5210,0.270000,32,0,No fault,,,,,,,,,
2026-08-12T16:15:57.643,1786544157.643581,3.163446,1,6000,5.000000,303,6000,0x04,single,1195.200000,5200,0.350000,32,0,No fault,,,,,,,,,
2026-08-12T16:15:57.654,1786544157.654092,3.173964,1,6000,5.000000,304,6000,0x04,single,1198.800000,5180,0.470000,32,0,No fault,,,,,,,,,
2026-08-12T16:15:57.675,1786544157.675005,3.194857,1,6000,5.000000,305,6000,0x04,single,1206.100000,5050,0.400000,32,0,No fault,,,,,,,,,
2026-08-12T16:15:57.685,1786544157.685393,3.205236,1,6000,5.000000,306,6000,0x04,single,1209.700000,5040,0.450000,32,0,No fault,,,,,,,,,
2026-08-12T16:15:57.695,1786544157.695774,3.215612,1,6000,5.000000,307,6000,0x04,single,1213.300000,5080,0.250000,32,0,No fault,,,,,,,,,
2026-08-12T16:15:57.706,1786544157.706098,3.225935,1,6000,5.000000,308,6000,0x04,single,1217.000000,5160,0.210000,32,0,No fault,,,,,,,,,
2026-08-12T16:15:57.716,1786544157.716527,3.236364,1,6000,5.000000,309,6000,0x04,single,1220.800000,5210,0.270000,32,0,No fault,,,,,,,,,
2026-08-12T16:15:57.721,1786544157.721788,3.241621,1,6000,5.000000,310,6000,0x04,single,1224.500000,5200,0.380000,32,0,No fault,,,,,,,,,
2026-08-12T16:15:57.732,1786544157.732084,3.251918,1,6000,5.000000,311,6000,0x04,single,1228.100000,5160,0.410000,32,0,No fault,,,,,,,,,
2026-08-12T16:15:57.742,1786544157.742384,3.262218,1,6000,5.000000,312,6000,0x04,single,1231.800000,5120,0.420000,32,0,No fault,,,,,,,,,
2026-08-12T16:15:57.752,1786544157.752687,3.272522,1,6000,5.000000,313,6000,0x04,single,1235.400000,5090,0.340000,32,0,No fault,,,,,,,,,
2026-08-12T16:15:57.762,1786544157.762983,3.282818,1,6000,5.000000,314,6000,0x04,single,1239.100000,5080,0.250000,32,0,No fault,,,,,,,,,
2026-08-12T16:15:57.773,1786544157.773278,3.293112,1,6000,5.000000,315,6000,0x04,single,1242.800000,5120,0.230000,32,0,No fault,,,,,,,,,
2026-08-12T16:15:57.783,1786544157.783583,3.303420,1,6000,5.000000,316,6000,0x04,single,1246.500000,5190,0.270000,32,0,No fault,,,,,,,,,
2026-08-12T16:15:57.793,1786544157.793895,3.313730,1,6000,5.000000,317,6000,0x04,single,1250.200000,5220,0.380000,32,0,No fault,,,,,,,,,
2026-08-12T16:15:57.804,1786544157.804272,3.324118,1,6000,5.000000,318,6000,0x04,single,1253.900000,5200,0.370000,32,0,No fault,,,,,,,,,
2026-08-12T16:15:57.814,1786544157.814659,3.334502,1,6000,5.000000,319,6000,0x04,single,1257.600000,5150,0.400000,32,0,No fault,,,,,,,,,
2026-08-12T16:15:57.825,1786544157.825029,3.344869,1,6000,5.000000,320,6000,0x04,single,1261.200000,5100,0.330000,32,0,No fault,,,,,,,,,
2026-08-12T16:15:57.835,1786544157.835361,3.355196,1,6000,5.000000,321,6000,0x04,single,1264.900000,5090,0.320000,32,0,No fault,,,,,,,,,
2026-08-12T16:15:57.845,1786544157.845689,3.365523,1,6000,5.000000,322,6000,0x04,single,1268.500000,5110,0.280000,32,0,No fault,,,,,,,,,
2026-08-12T16:15:57.850,1786544157.850913,3.370748,1,6000,5.000000,323,6000,0x04,single,1272.200000,5130,0.350000,32,0,No fault,,,,,,,,,
2026-08-12T16:15:57.861,1786544157.861216,3.381049,1,6000,5.000000,324,6000,0x04,single,1275.900000,5190,0.310000,32,0,No fault,,,,,,,,,
2026-08-12T16:15:57.876,1786544157.876716,3.396574,1,6000,5.000000,325,6000,0x04,single,1279.600000,5220,0.310000,32,0,No fault,,,,,,,,,
2026-08-12T16:15:57.882,1786544157.882074,3.401913,1,6000,5.000000,326,6000,0x04,single,1283.300000,5210,0.330000,32,0,No fault,,,,,,,,,
2026-08-12T16:15:57.892,1786544157.892490,3.412334,1,6000,5.000000,327,6000,0x04,single,1287.000000,5170,0.170000,32,0,No fault,,,,,,,,,
2026-08-12T16:15:57.902,1786544157.902844,3.422679,1,6000,5.000000,328,6000,0x04,single,1290.700000,5150,0.100000,32,0,No fault,,,,,,,,,
2026-08-12T16:15:57.913,1786544157.913211,3.433073,1,6000,5.000000,329,6000,0x04,single,1294.400000,5160,0.230000,32,0,No fault,,,,,,,,,
2026-08-12T16:15:57.923,1786544157.923701,3.443554,1,6000,5.000000,330,6000,0x04,single,1298.100000,5170,0.290000,32,0,No fault,,,,,,,,,
2026-08-12T16:15:57.938,1786544157.938490,3.458340,1,6000,5.000000,331,6000,0x04,single,1301.800000,5160,0.290000,32,0,No fault,,,,,,,,,
2026-08-12T16:15:57.943,1786544157.943818,3.463666,1,6000,5.000000,332,6000,0x04,single,1305.500000,5200,0.140000,32,0,No fault,,,,,,,,,
2026-08-12T16:15:57.954,1786544157.954325,3.474186,1,6000,5.000000,333,6000,0x04,single,1309.300000,5200,0.290000,32,0,No fault,,,,,,,,,
2026-08-12T16:15:57.964,1786544157.964825,3.484688,1,6000,5.000000,334,6000,0x04,single,1313.000000,5150,0.450000,32,0,No fault,,,,,,,,,
2026-08-12T16:15:57.981,1786544157.981342,3.501180,1,6000,5.000000,335,6000,0x04,single,1320.400000,5100,0.440000,32,0,No fault,,,,,,,,,
2026-08-12T16:15:57.991,1786544157.991700,3.511544,1,6000,5.000000,336,6000,0x04,single,1324.200000,5100,0.250000,32,0,No fault,,,,,,,,,
2026-08-12T16:15:58.004,1786544158.004484,3.524323,1,6000,5.000000,337,6000,0x04,single,1327.900000,5100,0.080000,32,0,No fault,,,,,,,,,
2026-08-12T16:15:58.014,1786544158.014796,3.534644,1,6000,5.000000,338,6000,0x04,single,1331.600000,5100,0.080000,32,0,No fault,,,,,,,,,
2026-08-12T16:15:58.025,1786544158.025165,3.545009,1,6000,5.000000,339,6000,0x04,single,1335.300000,5150,0.290000,32,0,No fault,,,,,,,,,
2026-08-12T16:15:58.040,1786544158.040411,3.560244,1,6000,5.000000,340,6000,0x04,single,1339.000000,5160,0.390000,32,0,No fault,,,,,,,,,
2026-08-12T16:15:58.045,1786544158.045586,3.565416,1,6000,5.000000,341,6000,0x04,single,1342.800000,5140,0.450000,32,0,No fault,,,,,,,,,
2026-08-12T16:15:58.055,1786544158.055862,3.575704,1,6000,5.000000,342,6000,0x04,single,1346.500000,5140,0.450000,32,0,No fault,,,,,,,,,
2026-08-12T16:15:58.066,1786544158.066208,3.586051,1,6000,5.000000,343,6000,0x04,single,1350.300000,5140,0.460000,32,0,No fault,,,,,,,,,
2026-08-12T16:15:58.082,1786544158.082645,3.602503,1,6000,5.000000,344,6000,0x04,single,1354.000000,5140,0.270000,32,0,No fault,,,,,,,,,
2026-08-12T16:15:58.088,1786544158.088137,3.607981,1,6000,5.000000,345,6000,0x04,single,1357.600000,5140,0.370000,32,0,No fault,,,,,,,,,
2026-08-12T16:15:58.098,1786544158.098569,3.618410,1,6000,5.000000,346,6000,0x04,single,1361.300000,5140,0.360000,32,0,No fault,,,,,,,,,
2026-08-12T16:15:58.103,1786544158.103853,3.623692,1,6000,5.000000,347,6000,0x04,single,1365.000000,5180,0.320000,32,0,No fault,,,,,,,,,
2026-08-12T16:15:58.114,1786544158.114195,3.634034,1,6000,5.000000,348,6000,0x04,single,1368.700000,5190,0.350000,32,0,No fault,,,,,,,,,
2026-08-12T16:15:58.124,1786544158.124556,3.644397,1,6000,5.000000,349,6000,0x04,single,1372.400000,5200,0.320000,32,0,No fault,,,,,,,,,
2026-08-12T16:15:58.134,1786544158.134938,3.654786,1,6000,5.000000,350,6000,0x04,single,1376.200000,5200,0.290000,32,0,No fault,,,,,,,,,
2026-08-12T16:15:58.145,1786544158.145315,3.665159,1,6000,5.000000,351,6000,0x04,single,1379.900000,5200,0.260000,32,0,No fault,,,,,,,,,
2026-08-12T16:15:58.155,1786544158.155735,3.675594,1,6000,5.000000,352,6000,0x04,single,1383.600000,5200,0.280000,32,0,No fault,,,,,,,,,
2026-08-12T16:15:58.166,1786544158.166166,3.686026,1,6000,5.000000,353,6000,0x04,single,1387.300000,5170,0.340000,32,0,No fault,,,,,,,,,
2026-08-12T16:15:58.176,1786544158.176586,3.696435,1,6000,5.000000,354,6000,0x04,single,1390.900000,5150,0.370000,32,0,No fault,,,,,,,,,
2026-08-12T16:15:58.186,1786544158.186975,3.706822,1,6000,5.000000,355,6000,0x04,single,1394.600000,5170,0.460000,32,0,No fault,,,,,,,,,
2026-08-12T16:15:58.197,1786544158.197420,3.717309,1,6000,5.000000,356,6000,0x04,single,1398.400000,5210,0.350000,32,0,No fault,,,,,,,,,
2026-08-12T16:15:58.202,1786544158.202882,3.722733,1,6000,5.000000,357,6000,0x04,single,1402.100000,5240,0.260000,32,0,No fault,,,,,,,,,
2026-08-12T16:15:58.213,1786544158.213286,3.733134,1,6000,5.000000,358,6000,0x04,single,1405.900000,5260,0.370000,32,0,No fault,,,,,,,,,
2026-08-12T16:15:58.223,1786544158.223681,3.743525,1,6000,5.000000,359,6000,0x04,single,1409.700000,5240,0.340000,32,0,No fault,,,,,,,,,
2026-08-12T16:15:58.234,1786544158.234053,3.753901,1,6000,5.000000,360,6000,0x04,single,1413.400000,5220,0.420000,32,0,No fault,,,,,,,,,
2026-08-12T16:15:58.244,1786544158.244446,3.764295,1,6000,5.000000,361,6000,0x04,single,1417.100000,5210,0.420000,32,0,No fault,,,,,,,,,
2026-08-12T16:15:58.254,1786544158.254832,3.774678,1,6000,5.000000,362,6000,0x04,single,1420.800000,5200,0.310000,32,0,No fault,,,,,,,,,
2026-08-12T16:15:58.265,1786544158.265218,3.785061,1,6000,5.000000,363,6000,0x04,single,1424.500000,5220,0.390000,32,0,No fault,,,,,,,,,
2026-08-12T16:15:58.280,1786544158.280727,3.800582,1,6000,5.000000,364,6000,0x04,single,1428.300000,5230,0.310000,32,0,No fault,,,,,,,,,
2026-08-12T16:15:58.286,1786544158.286073,3.805922,1,6000,5.000000,365,6000,0x04,single,1432.000000,5230,0.320000,32,0,No fault,,,,,,,,,
2026-08-12T16:15:58.296,1786544158.296472,3.816317,1,6000,5.000000,366,6000,0x04,single,1435.700000,5180,0.270000,32,0,No fault,,,,,,,,,
2026-08-12T16:15:58.306,1786544158.306881,3.826734,1,6000,5.000000,367,6000,0x04,single,1439.400000,5160,0.370000,32,0,No fault,,,,,,,,,
2026-08-12T16:15:58.317,1786544158.317295,3.837140,1,6000,5.000000,368,6000,0x04,single,1443.100000,5150,0.440000,32,0,No fault,,,,,,,,,
2026-08-12T16:15:58.327,1786544158.327731,3.847575,1,6000,5.000000,369,6000,0x04,single,1446.700000,5140,0.400000,32,0,No fault,,,,,,,,,
2026-08-12T16:15:58.333,1786544158.333014,3.852856,1,6000,5.000000,370,6000,0x04,single,1450.400000,5120,0.450000,32,0,No fault,,,,,,,,,
2026-08-12T16:15:58.343,1786544158.343389,3.863230,1,6000,5.000000,371,6000,0x04,single,1454.100000,5150,0.450000,32,0,No fault,,,,,,,,,
2026-08-12T16:15:58.353,1786544158.353749,3.873589,1,6000,5.000000,372,6000,0x04,single,1457.900000,5200,0.460000,32,0,No fault,,,,,,,,,
2026-08-12T16:15:58.364,1786544158.364101,3.883938,1,6000,5.000000,373,6000,0x04,single,1461.700000,5240,0.410000,32,0,No fault,,,,,,,,,
2026-08-12T16:15:58.374,1786544158.374496,3.894351,1,6000,5.000000,374,6000,0x04,single,1465.600000,5260,0.210000,32,0,No fault,,,,,,,,,
2026-08-12T16:15:58.384,1786544158.384929,3.904795,1,6000,5.000000,375,6000,0x04,single,1469.500000,5270,0.090000,32,0,No fault,,,,,,,,,
2026-08-12T16:15:58.395,1786544158.395401,3.915261,1,6000,5.000000,376,6000,0x04,single,1473.200000,5240,0.160000,32,0,No fault,,,,,,,,,
2026-08-12T16:15:58.405,1786544158.405866,3.925719,1,6000,5.000000,377,6000,0x04,single,1477.000000,5200,0.190000,32,0,No fault,,,,,,,,,
2026-08-12T16:15:58.416,1786544158.416294,3.936146,1,6000,5.000000,378,6000,0x04,single,1480.800000,5180,0.290000,32,0,No fault,,,,,,,,,
2026-08-12T16:15:58.426,1786544158.426751,3.946603,1,6000,5.000000,379,6000,0x04,single,1484.600000,5230,0.470000,32,0,No fault,,,,,,,,,
2026-08-12T16:15:58.440,1786544158.440121,3.959970,1,6000,5.000000,380,6000,0x04,single,1488.500000,5270,0.390000,32,0,No fault,,,,,,,,,
2026-08-12T16:15:58.445,1786544158.445394,3.965231,1,6000,5.000000,381,6000,0x04,single,1492.300000,5260,0.540000,32,0,No fault,,,,,,,,,
2026-08-12T16:15:58.459,1786544158.459931,3.979771,1,6000,5.000000,382,6000,0x04,single,1496.200000,5230,0.380000,32,0,No fault,,,,,,,,,
2026-08-12T16:15:58.465,1786544158.465143,3.984977,1,6000,5.000000,383,6000,0x04,single,1499.900000,5190,0.240000,32,0,No fault,,,,,,,,,
2026-08-12T16:15:58.488,1786544158.488760,4.008614,1,6000,5.000000,384,6000,0x04,single,1507.300000,5150,0.100000,32,0,No fault,,,,,,,,,
2026-08-12T16:15:58.499,1786544158.499143,4.018984,1,6000,5.000000,385,6000,0x04,single,1510.900000,5130,0.390000,32,0,No fault,,,,,,,,,
2026-08-12T16:15:58.509,1786544158.509552,4.029401,1,6000,5.000000,386,6000,0x04,single,1514.600000,5130,0.390000,32,0,No fault,,,,,,,,,
2026-08-12T16:15:58.520,1786544158.520075,4.039922,1,6000,5.000000,387,6000,0x04,single,1518.300000,5170,0.340000,32,0,No fault,,,,,,,,,
2026-08-12T16:15:58.525,1786544158.525404,4.045246,1,6000,5.000000,388,6000,0x04,single,1522.000000,5200,0.240000,32,0,No fault,,,,,,,,,
2026-08-12T16:15:58.535,1786544158.535812,4.055655,1,6000,5.000000,389,6000,0x04,single,1525.800000,5210,0.230000,32,0,No fault,,,,,,,,,
2026-08-12T16:15:58.546,1786544158.546180,4.066023,1,6000,5.000000,390,6000,0x04,single,1529.500000,5210,0.250000,32,0,No fault,,,,,,,,,
2026-08-12T16:15:58.556,1786544158.556549,4.076390,1,6000,5.000000,391,6000,0x04,single,1533.200000,5190,0.360000,32,0,No fault,,,,,,,,,
2026-08-12T16:15:58.566,1786544158.566927,4.086767,1,6000,5.000000,392,6000,0x04,single,1536.800000,5150,0.430000,32,0,No fault,,,,,,,,,
2026-08-12T16:15:58.577,1786544158.577293,4.097133,1,6000,5.000000,393,6000,0x04,single,1540.500000,5100,0.370000,32,0,No fault,,,,,,,,,
2026-08-12T16:15:58.587,1786544158.587661,4.107505,1,6000,5.000000,394,6000,0x04,single,1544.100000,5110,0.250000,32,0,No fault,,,,,,,,,
2026-08-12T16:15:58.598,1786544158.598032,4.117872,1,6000,5.000000,395,6000,0x04,single,1547.800000,5130,0.210000,32,0,No fault,,,,,,,,,
2026-08-12T16:15:58.608,1786544158.608392,4.128233,1,6000,5.000000,396,6000,0x04,single,1551.500000,5150,0.260000,32,0,No fault,,,,,,,,,
2026-08-12T16:15:58.618,1786544158.618757,4.138596,1,6000,5.000000,397,6000,0x04,single,1555.200000,5160,0.270000,32,0,No fault,,,,,,,,,
2026-08-12T16:15:58.629,1786544158.629112,4.148953,1,6000,5.000000,398,6000,0x04,single,1558.900000,5150,0.350000,32,0,No fault,,,,,,,,,
2026-08-12T16:15:58.639,1786544158.639469,4.159310,1,6000,5.000000,399,6000,0x04,single,1562.500000,5140,0.420000,32,0,No fault,,,,,,,,,
2026-08-12T16:15:58.649,1786544158.649847,4.169708,1,6000,5.000000,400,6000,0x04,single,1566.200000,5130,0.360000,32,0,No fault,,,,,,,,,
2026-08-12T16:15:58.655,1786544158.655214,4.175061,1,6000,5.000000,401,6000,0x04,single,1569.900000,5100,0.360000,32,0,No fault,,,,,,,,,
2026-08-12T16:15:58.665,1786544158.665591,4.185435,1,6000,5.000000,402,6000,0x04,single,1573.500000,5110,0.260000,32,0,No fault,,,,,,,,,
2026-08-12T16:15:58.675,1786544158.675951,4.195794,1,6000,5.000000,403,6000,0x04,single,1577.200000,5150,0.350000,32,0,No fault,,,,,,,,,
2026-08-12T16:15:58.691,1786544158.691401,4.211254,1,6000,5.000000,404,6000,0x04,single,1581.000000,5210,0.250000,32,0,No fault,,,,,,,,,
2026-08-12T16:15:58.696,1786544158.696742,4.216587,1,6000,5.000000,405,6000,0x04,single,1584.800000,5210,0.130000,32,0,No fault,,,,,,,,,
2026-08-12T16:15:58.707,1786544158.707120,4.226961,1,6000,5.000000,406,6000,0x04,single,1588.500000,5190,0.100000,32,0,No fault,,,,,,,,,
2026-08-12T16:15:58.717,1786544158.717496,4.237338,1,6000,5.000000,407,6000,0x04,single,1592.300000,5160,0.250000,32,0,No fault,,,,,,,,,
2026-08-12T16:15:58.727,1786544158.727849,4.247687,1,6000,5.000000,408,6000,0x04,single,1596.000000,5130,0.490000,32,0,No fault,,,,,,,,,
2026-08-12T16:15:58.738,1786544158.738189,4.258028,1,6000,5.000000,409,6000,0x04,single,1599.700000,5090,0.630000,32,0,No fault,,,,,,,,,
2026-08-12T16:15:58.748,1786544158.748533,4.268372,1,6000,5.000000,410,6000,0x04,single,1603.400000,5100,0.460000,32,0,No fault,,,,,,,,,
2026-08-12T16:15:58.758,1786544158.758879,4.278716,1,6000,5.000000,411,6000,0x04,single,1607.200000,5160,0.310000,32,0,No fault,,,,,,,,,
2026-08-12T16:15:58.769,1786544158.769226,4.289065,1,6000,5.000000,412,6000,0x04,single,1611.000000,5210,0.180000,32,0,No fault,,,,,,,,,
2026-08-12T16:15:58.779,1786544158.779575,4.299413,1,6000,5.000000,413,6000,0x04,single,1614.800000,5230,0.150000,32,0,No fault,,,,,,,,,
2026-08-12T16:15:58.789,1786544158.789921,4.309760,1,6000,5.000000,414,6000,0x04,single,1618.600000,5210,0.170000,32,0,No fault,,,,,,,,,
2026-08-12T16:15:58.800,1786544158.800293,4.320135,1,6000,5.000000,415,6000,0x04,single,1622.400000,5170,0.250000,32,0,No fault,,,,,,,,,
2026-08-12T16:15:58.810,1786544158.810776,4.330621,1,6000,5.000000,416,6000,0x04,single,1626.100000,5150,0.420000,32,0,No fault,,,,,,,,,
2026-08-12T16:15:58.821,1786544158.821153,4.340995,1,6000,5.000000,417,6000,0x04,single,1629.900000,5110,0.560000,32,0,No fault,,,,,,,,,
2026-08-12T16:15:58.831,1786544158.831507,4.351347,1,6000,5.000000,418,6000,0x04,single,1633.600000,5120,0.400000,32,0,No fault,,,,,,,,,
2026-08-12T16:15:58.841,1786544158.841861,4.361699,1,6000,5.000000,419,6000,0x04,single,1637.300000,5170,0.350000,32,0,No fault,,,,,,,,,
2026-08-12T16:15:58.852,1786544158.852202,4.372039,1,6000,5.000000,420,6000,0x04,single,1641.100000,5220,0.180000,32,0,No fault,,,,,,,,,
2026-08-12T16:15:58.862,1786544158.862562,4.382398,1,6000,5.000000,421,6000,0x04,single,1645.000000,5250,0.140000,32,0,No fault,,,,,,,,,
2026-08-12T16:15:58.872,1786544158.872865,4.392700,1,6000,5.000000,422,6000,0x04,single,1648.800000,5240,0.040000,32,0,No fault,,,,,,,,,
2026-08-12T16:15:58.883,1786544158.883219,4.403088,1,6000,5.000000,423,6000,0x04,single,1652.600000,5210,0.240000,32,0,No fault,,,,,,,,,
2026-08-12T16:15:58.894,1786544158.894100,4.413959,1,6000,5.000000,424,6000,0x04,single,1656.300000,5180,0.320000,32,0,No fault,,,,,,,,,
2026-08-12T16:15:58.899,1786544158.899446,4.419301,1,6000,5.000000,425,6000,0x04,single,1660.000000,5130,0.310000,32,0,No fault,,,,,,,,,
2026-08-12T16:15:58.909,1786544158.909860,4.429716,1,6000,5.000000,426,6000,0x04,single,1663.700000,5140,0.280000,32,0,No fault,,,,,,,,,
2026-08-12T16:15:58.920,1786544158.920283,4.440131,1,6000,5.000000,427,6000,0x04,single,1667.400000,5200,0.350000,32,0,No fault,,,,,,,,,
2026-08-12T16:15:58.930,1786544158.930655,4.450500,1,6000,5.000000,428,6000,0x04,single,1671.200000,5240,0.260000,32,0,No fault,,,,,,,,,
2026-08-12T16:15:58.941,1786544158.941026,4.460873,1,6000,5.000000,429,6000,0x04,single,1674.900000,5240,0.310000,32,0,No fault,,,,,,,,,
2026-08-12T16:15:58.951,1786544158.951423,4.471276,1,6000,5.000000,430,6000,0x04,single,1678.600000,5210,0.320000,32,0,No fault,,,,,,,,,
2026-08-12T16:15:58.961,1786544158.961846,4.481698,1,6000,5.000000,431,6000,0x04,single,1682.300000,5150,0.340000,32,0,No fault,,,,,,,,,
2026-08-12T16:15:58.972,1786544158.972231,4.492076,1,6000,5.000000,432,6000,0x04,single,1685.900000,5100,0.390000,32,0,No fault,,,,,,,,,
2026-08-12T16:15:58.981,1786544158.981417,4.501279,1,6000,5.000000,433,6000,0x04,single,1689.600000,5080,0.360000,32,0,No fault,,,,,,,,,
2026-08-12T16:15:58.991,1786544158.991759,4.511608,1,6000,5.000000,434,6000,0x04,single,1693.200000,5120,0.310000,32,0,No fault,,,,,,,,,
2026-08-12T16:15:59.002,1786544159.002583,4.522420,1,6000,5.000000,435,6000,0x04,single,1697.000000,5170,0.270000,32,0,No fault,,,,,,,,,
2026-08-12T16:15:59.012,1786544159.012922,4.532772,1,6000,5.000000,436,6000,0x04,single,1700.700000,5210,0.240000,32,0,No fault,,,,,,,,,
2026-08-12T16:15:59.023,1786544159.023309,4.543154,1,6000,5.000000,437,6000,0x04,single,1704.400000,5230,0.370000,32,0,No fault,,,,,,,,,
2026-08-12T16:15:59.028,1786544159.028848,4.548678,1,6000,5.000000,438,6000,0x04,single,1708.100000,5210,0.320000,32,0,No fault,,,,,,,,,
2026-08-12T16:15:59.039,1786544159.039121,4.558967,1,6000,5.000000,439,6000,0x04,single,1711.800000,5150,0.440000,32,0,No fault,,,,,,,,,
2026-08-12T16:15:59.049,1786544159.049494,4.569335,1,6000,5.000000,440,6000,0x04,single,1715.400000,5100,0.400000,32,0,No fault,,,,,,,,,
2026-08-12T16:15:59.059,1786544159.059146,4.578980,1,6000,5.000000,441,6000,0x04,single,1719.100000,5090,0.390000,32,0,No fault,,,,,,,,,
2026-08-12T16:15:59.069,1786544159.069422,4.589292,1,6000,5.000000,442,6000,0x04,single,1722.800000,5120,0.270000,32,0,No fault,,,,,,,,,
2026-08-12T16:15:59.079,1786544159.079807,4.599649,1,6000,5.000000,443,6000,0x04,single,1726.500000,5190,0.330000,32,0,No fault,,,,,,,,,
2026-08-12T16:15:59.100,1786544159.100387,4.620240,1,6000,5.000000,444,6000,0x04,single,1730.200000,5230,0.270000,32,0,No fault,,,,,,,,,
2026-08-12T16:15:59.105,1786544159.105879,4.625725,1,6000,5.000000,445,6000,0x04,single,1733.900000,5220,0.280000,33,0,No fault,,,,,,,,,
2026-08-12T16:15:59.111,1786544159.111236,4.631079,1,6000,5.000000,446,6000,0x04,single,1737.700000,5190,0.360000,32,0,No fault,,,,,,,,,
2026-08-12T16:15:59.121,1786544159.121585,4.641426,1,6000,5.000000,447,6000,0x04,single,1741.400000,5110,0.440000,32,0,No fault,,,,,,,,,
2026-08-12T16:15:59.131,1786544159.131931,4.651773,1,6000,5.000000,448,6000,0x04,single,1745.100000,5080,0.560000,32,0,No fault,,,,,,,,,
2026-08-12T16:15:59.142,1786544159.142308,4.662153,1,6000,5.000000,449,6000,0x04,single,1748.800000,5070,0.400000,32,0,No fault,,,,,,,,,
2026-08-12T16:15:59.152,1786544159.152735,4.672621,1,6000,5.000000,450,6000,0x04,single,1752.600000,5100,0.210000,32,0,No fault,,,,,,,,,
2026-08-12T16:15:59.163,1786544159.163301,4.683152,1,6000,5.000000,451,6000,0x04,single,1756.300000,5200,0.130000,32,0,No fault,,,,,,,,,
2026-08-12T16:15:59.173,1786544159.173729,4.693577,1,6000,5.000000,452,6000,0x04,single,1760.200000,5240,0.150000,32,0,No fault,,,,,,,,,
2026-08-12T16:15:59.184,1786544159.184124,4.703972,1,6000,5.000000,453,6000,0x04,single,1764.000000,5230,0.260000,32,0,No fault,,,,,,,,,
2026-08-12T16:15:59.194,1786544159.194501,4.714344,1,6000,5.000000,454,6000,0x04,single,1767.700000,5180,0.330000,32,0,No fault,,,,,,,,,
2026-08-12T16:15:59.204,1786544159.204854,4.724695,1,6000,5.000000,455,6000,0x04,single,1771.400000,5100,0.500000,32,0,No fault,,,,,,,,,
2026-08-12T16:15:59.215,1786544159.215360,4.735197,1,6000,5.000000,456,6000,0x04,single,1775.100000,5100,0.210000,32,0,No fault,,,,,,,,,
2026-08-12T16:15:59.225,1786544159.225722,4.745567,1,6000,5.000000,457,6000,0x04,single,1778.700000,5100,0.300000,32,0,No fault,,,,,,,,,
2026-08-12T16:15:59.231,1786544159.231003,4.750848,1,6000,5.000000,458,6000,0x04,single,1782.400000,5120,0.280000,32,0,No fault,,,,,,,,,
2026-08-12T16:15:59.241,1786544159.241402,4.761299,1,6000,5.000000,459,6000,0x04,single,1786.100000,5210,0.350000,32,0,No fault,,,,,,,,,
2026-08-12T16:15:59.251,1786544159.251913,4.771763,1,6000,5.000000,460,6000,0x04,single,1789.800000,5240,0.380000,32,0,No fault,,,,,,,,,
2026-08-12T16:15:59.262,1786544159.262332,4.782186,1,6000,5.000000,461,6000,0x04,single,1793.600000,5220,0.300000,32,0,No fault,,,,,,,,,
2026-08-12T16:15:59.272,1786544159.272793,4.792641,1,6000,5.000000,462,6000,0x04,single,1797.300000,5180,0.360000,32,0,No fault,,,,,,,,,
2026-08-12T16:15:59.283,1786544159.283180,4.803024,1,6000,5.000000,463,6000,0x04,single,1800.900000,5130,0.270000,32,0,No fault,,,,,,,,,
2026-08-12T16:15:59.303,1786544159.303724,4.823567,1,6000,5.000000,464,6000,0x04,single,1804.600000,5120,0.340000,32,0,No fault,,,,,,,,,
2026-08-12T16:15:59.308,1786544159.308976,4.828824,1,6000,5.000000,465,6000,0x04,single,1808.300000,5140,0.250000,32,0,No fault,,,,,,,,,
2026-08-12T16:15:59.314,1786544159.314273,4.834118,1,6000,5.000000,466,6000,0x04,single,1812.000000,5150,0.320000,32,0,No fault,,,,,,,,,
2026-08-12T16:15:59.324,1786544159.324659,4.844502,1,6000,5.000000,467,6000,0x04,single,1815.700000,5220,0.370000,32,0,No fault,,,,,,,,,
2026-08-12T16:15:59.335,1786544159.335028,4.854870,1,6000,5.000000,468,6000,0x04,single,1819.400000,5240,0.350000,32,0,No fault,,,,,,,,,
2026-08-12T16:15:59.345,1786544159.345383,4.865225,1,6000,5.000000,469,6000,0x04,single,1823.100000,5220,0.410000,32,0,No fault,,,,,,,,,
2026-08-12T16:15:59.350,1786544159.350771,4.870617,1,6000,5.000000,470,6000,0x04,single,1826.900000,5190,0.350000,32,0,No fault,,,,,,,,,
2026-08-12T16:15:59.361,1786544159.361143,4.880981,1,6000,5.000000,471,6000,0x04,single,1830.600000,5180,0.310000,32,0,No fault,,,,,,,,,
2026-08-12T16:15:59.371,1786544159.371495,4.891337,1,6000,5.000000,472,6000,0x04,single,1834.300000,5180,0.270000,32,0,No fault,,,,,,,,,
2026-08-12T16:15:59.381,1786544159.381845,4.901696,1,6000,5.000000,473,6000,0x04,single,1838.000000,5170,0.340000,32,0,No fault,,,,,,,,,
2026-08-12T16:15:59.392,1786544159.392298,4.912160,1,6000,5.000000,474,6000,0x04,single,1841.700000,5170,0.400000,32,0,No fault,,,,,,,,,
2026-08-12T16:15:59.402,1786544159.402919,4.922782,1,6000,5.000000,475,6000,0x04,single,1845.400000,5230,0.320000,32,0,No fault,,,,,,,,,
2026-08-12T16:15:59.413,1786544159.413421,4.933318,1,6000,5.000000,476,6000,0x04,single,1849.200000,5250,0.310000,32,0,No fault,,,,,,,,,
2026-08-12T16:15:59.423,1786544159.423910,4.943762,1,6000,5.000000,477,6000,0x04,single,1852.900000,5230,0.390000,32,0,No fault,,,,,,,,,
2026-08-12T16:15:59.434,1786544159.434315,4.954167,1,6000,5.000000,478,6000,0x04,single,1856.700000,5180,0.480000,32,0,No fault,,,,,,,,,
2026-08-12T16:15:59.442,1786544159.442715,4.962557,1,6000,5.000000,479,6000,0x04,single,1860.500000,5140,0.470000,32,0,No fault,,,,,,,,,
2026-08-12T16:15:59.453,1786544159.453021,4.972866,1,6000,5.000000,480,6000,0x04,single,1864.200000,5100,0.240000,32,0,No fault,,,,,,,,,
2026-08-12T16:15:59.465,1786544159.465805,4.985645,1,6000,5.000000,481,6000,0x04,single,1867.800000,5090,0.310000,32,0,No fault,,,,,,,,,
2026-08-12T16:15:59.476,1786544159.476116,4.995958,1,6000,5.000000,482,6000,0x04,single,1871.400000,5080,0.390000,32,0,No fault,,,,,,,,,
2026-08-12T16:15:59.495,1786544159.495897,5.015773,2,0,0.800000,1,0,0x04,single,1877.800000,3810,-3.820000,32,0,No fault,,,,,,,,,
2026-08-12T16:15:59.511,1786544159.511519,5.031377,2,0,0.800000,2,0,0x04,single,1877.900000,260,-0.160000,32,0,No fault,,,,,,,,,
2026-08-12T16:15:59.527,1786544159.527109,5.046963,2,0,0.800000,3,0,0x04,single,1878.000000,90,-0.100000,32,0,No fault,,,,,,,,,
2026-08-12T16:15:59.537,1786544159.537646,5.057493,2,0,0.800000,4,0,0x04,single,1878.000000,50,-0.100000,32,0,No fault,,,,,,,,,
2026-08-12T16:15:59.542,1786544159.542931,5.062772,2,0,0.800000,5,0,0x04,single,1878.000000,30,-0.120000,32,0,No fault,,,,,,,,,
2026-08-12T16:15:59.553,1786544159.553298,5.073138,2,0,0.800000,6,0,0x04,single,1878.000000,20,-0.050000,32,0,No fault,,,,,,,,,
2026-08-12T16:15:59.563,1786544159.563735,5.083591,2,0,0.800000,7,0,0x04,single,1878.100000,30,-0.160000,32,0,No fault,,,,,,,,,
2026-08-12T16:15:59.574,1786544159.574199,5.094046,2,0,0.800000,8,0,0x04,single,1878.100000,30,-0.130000,32,0,No fault,,,,,,,,,
2026-08-12T16:15:59.584,1786544159.584570,5.104411,2,0,0.800000,9,0,0x04,single,1878.100000,40,-0.180000,32,0,No fault,,,,,,,,,
2026-08-12T16:15:59.594,1786544159.594923,5.114763,2,0,0.800000,10,0,0x04,single,1878.200000,50,-0.160000,32,0,No fault,,,,,,,,,
2026-08-12T16:15:59.605,1786544159.605273,5.125114,2,0,0.800000,11,0,0x04,single,1878.200000,50,-0.130000,32,0,No fault,,,,,,,,,
2026-08-12T16:15:59.615,1786544159.615613,5.135451,2,0,0.800000,12,0,0x04,single,1878.200000,40,-0.200000,32,0,No fault,,,,,,,,,
2026-08-12T16:15:59.625,1786544159.625959,5.145801,2,0,0.800000,13,0,0x04,single,1878.300000,40,-0.160000,32,0,No fault,,,,,,,,,
2026-08-12T16:15:59.631,1786544159.631323,5.151162,2,0,0.800000,14,0,0x04,single,1878.300000,30,-0.040000,32,0,No fault,,,,,,,,,
2026-08-12T16:15:59.641,1786544159.641656,5.161493,2,0,0.800000,15,0,0x04,single,1878.300000,30,-0.230000,32,0,No fault,,,,,,,,,
2026-08-12T16:15:59.652,1786544159.652050,5.171906,2,0,0.800000,16,0,0x04,single,1878.300000,20,-0.190000,32,0,No fault,,,,,,,,,
2026-08-12T16:15:59.662,1786544159.662598,5.182462,2,0,0.800000,17,0,0x04,single,1878.300000,10,-0.250000,32,0,No fault,,,,,,,,,
2026-08-12T16:15:59.673,1786544159.673045,5.192890,2,0,0.800000,18,0,0x04,single,1878.400000,20,-0.200000,32,0,No fault,,,,,,,,,
2026-08-12T16:15:59.683,1786544159.683391,5.203231,2,0,0.800000,19,0,0x04,single,1878.400000,10,-0.050000,32,0,No fault,,,,,,,,,
2026-08-12T16:15:59.693,1786544159.693739,5.213579,2,0,0.800000,20,0,0x04,single,1878.400000,10,-0.100000,32,0,No fault,,,,,,,,,
2026-08-12T16:15:59.714,1786544159.714231,5.234077,2,0,0.800000,21,0,0x04,single,1878.400000,30,-0.090000,32,0,No fault,,,,,,,,,
2026-08-12T16:15:59.724,1786544159.724611,5.244455,2,0,0.800000,22,0,0x04,single,1878.400000,30,-0.120000,32,0,No fault,,,,,,,,,
2026-08-12T16:15:59.734,1786544159.734980,5.254820,2,0,0.800000,23,0,0x04,single,1878.500000,40,-0.110000,32,0,No fault,,,,,,,,,
2026-08-12T16:15:59.745,1786544159.745477,5.265316,2,0,0.800000,24,0,0x04,single,1878.500000,40,-0.120000,32,0,No fault,,,,,,,,,
2026-08-12T16:15:59.755,1786544159.755822,5.275659,2,0,0.800000,25,0,0x04,single,1878.500000,30,-0.110000,32,0,No fault,,,,,,,,,
2026-08-12T16:15:59.766,1786544159.766175,5.286014,2,0,0.800000,26,0,0x04,single,1878.600000,30,-0.090000,32,0,No fault,,,,,,,,,
2026-08-12T16:15:59.776,1786544159.776530,5.296367,2,0,0.800000,27,0,0x04,single,1878.600000,30,-0.100000,32,0,No fault,,,,,,,,,
2026-08-12T16:15:59.786,1786544159.786863,5.306700,2,0,0.800000,28,0,0x04,single,1878.600000,30,-0.110000,32,0,No fault,,,,,,,,,
2026-08-12T16:15:59.797,1786544159.797210,5.317047,2,0,0.800000,29,0,0x04,single,1878.600000,30,-0.060000,32,0,No fault,,,,,,,,,
2026-08-12T16:15:59.807,1786544159.807561,5.327400,2,0,0.800000,30,0,0x04,single,1878.700000,20,-0.090000,32,0,No fault,,,,,,,,,
2026-08-12T16:15:59.813,1786544159.813009,5.332868,2,0,0.800000,31,0,0x04,single,1878.700000,20,-0.200000,32,0,No fault,,,,,,,,,
2026-08-12T16:15:59.823,1786544159.823497,5.343344,2,0,0.800000,32,0,0x04,single,1878.700000,10,-0.180000,32,0,No fault,,,,,,,,,
2026-08-12T16:15:59.833,1786544159.833894,5.353736,2,0,0.800000,33,0,0x04,single,1878.700000,10,-0.110000,32,0,No fault,,,,,,,,,
2026-08-12T16:15:59.844,1786544159.844263,5.364104,2,0,0.800000,34,0,0x04,single,1878.700000,0,0.010000,32,0,No fault,,,,,,,,,
2026-08-12T16:15:59.854,1786544159.854608,5.374446,2,0,0.800000,35,0,0x04,single,1878.700000,0,-0.100000,32,0,No fault,,,,,,,,,
2026-08-12T16:15:59.864,1786544159.864952,5.384790,2,0,0.800000,36,0,0x04,single,1878.700000,0,0.050000,32,0,No fault,,,,,,,,,
2026-08-12T16:15:59.875,1786544159.875311,5.395149,2,0,0.800000,37,0,0x04,single,1878.700000,0,-0.050000,32,0,No fault,,,,,,,,,
2026-08-12T16:15:59.885,1786544159.885897,5.405748,2,0,0.800000,38,0,0x04,single,1878.700000,0,-0.080000,32,0,No fault,,,,,,,,,
2026-08-12T16:15:59.896,1786544159.896575,5.416445,2,0,0.800000,39,0,0x04,single,1878.700000,0,-0.040000,32,0,No fault,,,,,,,,,
2026-08-12T16:15:59.917,1786544159.917590,5.437460,2,0,0.800000,40,0,0x04,single,1878.700000,0,-0.030000,32,0,No fault,,,,,,,,,
2026-08-12T16:15:59.923,1786544159.923021,5.442892,2,0,0.800000,41,0,0x04,single,1878.700000,0,-0.030000,32,0,No fault,,,,,,,,,
2026-08-12T16:15:59.933,1786544159.933500,5.453361,2,0,0.800000,42,0,0x04,single,1878.700000,0,-0.040000,32,0,No fault,,,,,,,,,
2026-08-12T16:15:59.949,1786544159.949358,5.469196,2,0,0.800000,43,0,0x04,single,1878.700000,0,-0.050000,32,0,No fault,,,,,,,,,
2026-08-12T16:15:59.954,1786544159.954611,5.474457,2,0,0.800000,44,0,0x04,single,1878.700000,0,-0.030000,32,0,No fault,,,,,,,,,
2026-08-12T16:15:59.969,1786544159.969277,5.489118,2,0,0.800000,45,0,0x04,single,1878.700000,0,-0.020000,32,0,No fault,,,,,,,,,
2026-08-12T16:15:59.974,1786544159.974550,5.494383,2,0,0.800000,46,0,0x04,single,1878.700000,0,-0.030000,32,0,No fault,,,,,,,,,
2026-08-12T16:15:59.984,1786544159.984854,5.504698,2,0,0.800000,47,0,0x04,single,1878.700000,0,-0.050000,32,0,No fault,,,,,,,,,
2026-08-12T16:15:59.995,1786544159.995580,5.515415,2,0,0.800000,48,0,0x04,single,1878.700000,0,-0.050000,32,0,No fault,,,,,,,,,
2026-08-12T16:16:00.005,1786544160.005857,5.525706,2,0,0.800000,49,0,0x04,single,1878.700000,0,-0.090000,32,0,No fault,,,,,,,,,
2026-08-12T16:16:00.016,1786544160.016227,5.536072,2,0,0.800000,50,0,0x04,single,1878.700000,0,-0.070000,32,0,No fault,,,,,,,,,
2026-08-12T16:16:00.026,1786544160.026597,5.546440,2,0,0.800000,51,0,0x04,single,1878.700000,0,-0.110000,32,0,No fault,,,,,,,,,
2026-08-12T16:16:00.032,1786544160.032689,5.552522,2,0,0.800000,52,0,0x04,single,1878.700000,0,-0.040000,32,0,No fault,,,,,,,,,
2026-08-12T16:16:00.042,1786544160.042983,5.562827,2,0,0.800000,53,0,0x04,single,1878.700000,0,0.040000,32,0,No fault,,,,,,,,,
2026-08-12T16:16:00.053,1786544160.053337,5.573179,2,0,0.800000,54,0,0x04,single,1878.700000,0,-0.020000,32,0,No fault,,,,,,,,,
2026-08-12T16:16:00.063,1786544160.063715,5.583556,2,0,0.800000,55,0,0x04,single,1878.700000,0,-0.120000,32,0,No fault,,,,,,,,,
2026-08-12T16:16:00.074,1786544160.074144,5.593985,2,0,0.800000,56,0,0x04,single,1878.700000,0,-0.110000,32,0,No fault,,,,,,,,,
2026-08-12T16:16:00.084,1786544160.084502,5.604347,2,0,0.800000,57,0,0x04,single,1878.700000,0,0.020000,32,0,No fault,,,,,,,,,
2026-08-12T16:16:00.094,1786544160.094855,5.614698,2,0,0.800000,58,0,0x04,single,1878.800000,0,-0.060000,32,0,No fault,,,,,,,,,
2026-08-12T16:16:00.105,1786544160.105200,5.625044,2,0,0.800000,59,0,0x04,single,1878.800000,0,0.050000,32,0,No fault,,,,,,,,,
2026-08-12T16:16:00.120,1786544160.120634,5.640485,2,0,0.800000,60,0,0x04,single,1878.800000,0,-0.060000,32,0,No fault,,,,,,,,,
2026-08-12T16:16:00.125,1786544160.125924,5.645770,2,0,0.800000,61,0,0x04,single,1878.800000,0,-0.020000,32,0,No fault,,,,,,,,,
2026-08-12T16:16:00.136,1786544160.136283,5.656126,2,0,0.800000,62,0,0x04,single,1878.800000,0,-0.030000,32,0,No fault,,,,,,,,,
2026-08-12T16:16:00.146,1786544160.146740,5.666590,2,0,0.800000,63,0,0x04,single,1878.800000,0,-0.050000,32,0,No fault,,,,,,,,,
2026-08-12T16:16:00.157,1786544160.157207,5.677066,2,0,0.800000,64,0,0x04,single,1878.800000,0,-0.050000,32,0,No fault,,,,,,,,,
2026-08-12T16:16:00.167,1786544160.167770,5.687648,2,0,0.800000,65,0,0x04,single,1878.800000,0,-0.010000,32,0,No fault,,,,,,,,,
2026-08-12T16:16:00.178,1786544160.178282,5.698131,2,0,0.800000,66,0,0x04,single,1878.800000,0,-0.030000,32,0,No fault,,,,,,,,,
2026-08-12T16:16:00.188,1786544160.188672,5.708514,2,0,0.800000,67,0,0x04,single,1878.800000,0,-0.050000,32,0,No fault,,,,,,,,,
2026-08-12T16:16:00.199,1786544160.199029,5.718869,2,0,0.800000,68,0,0x04,single,1878.800000,0,0.000000,32,0,No fault,,,,,,,,,
2026-08-12T16:16:00.204,1786544160.204270,5.724109,2,0,0.800000,69,0,0x04,single,1878.800000,0,-0.070000,32,0,No fault,,,,,,,,,
2026-08-12T16:16:00.214,1786544160.214766,5.734612,2,0,0.800000,70,0,0x04,single,1878.800000,0,0.010000,32,0,No fault,,,,,,,,,
2026-08-12T16:16:00.225,1786544160.225197,5.745039,2,0,0.800000,71,0,0x04,single,1878.800000,0,-0.100000,32,0,No fault,,,,,,,,,
2026-08-12T16:16:00.235,1786544160.235561,5.755402,2,0,0.800000,72,0,0x04,single,1878.800000,0,-0.020000,32,0,No fault,,,,,,,,,
2026-08-12T16:16:00.245,1786544160.245917,5.765759,2,0,0.800000,73,0,0x04,single,1878.800000,0,-0.060000,32,0,No fault,,,,,,,,,
2026-08-12T16:16:00.256,1786544160.256281,5.776121,2,0,0.800000,74,0,0x04,single,1878.800000,0,-0.100000,32,0,No fault,,,,,,,,,
2026-08-12T16:16:00.266,1786544160.266643,5.786485,2,0,0.800000,75,0,0x04,single,1878.800000,0,-0.050000,32,0,No fault,,,,,,,,,
2026-08-12T16:16:00.277,1786544160.277058,5.796909,2,0,0.800000,76,0,0x04,single,1878.800000,0,-0.030000,32,0,No fault,,,,,,,,,
2026-08-12T16:16:00.295,1786544160.295479,5.815339,3,-6000,5.000000,1,-6000,0x04,single,1878.800000,0,1.480000,32,0,No fault,,,,,,,,,
2026-08-12T16:16:00.305,1786544160.305956,5.825809,3,-6000,5.000000,2,-6000,0x04,single,1878.200000,-660,1.490000,32,0,No fault,,,,,,,,,
2026-08-12T16:16:00.326,1786544160.326887,5.846746,3,-6000,5.000000,3,-6000,0x04,single,1875.300000,-2330,1.010000,32,0,No fault,,,,,,,,,
2026-08-12T16:16:00.337,1786544160.337508,5.857369,3,-6000,5.000000,4,-6000,0x04,single,1872.900000,-3100,0.760000,32,0,No fault,,,,,,,,,
2026-08-12T16:16:00.342,1786544160.342850,5.862693,3,-6000,5.000000,5,-6000,0x04,single,1870.200000,-3640,0.680000,32,0,No fault,,,,,,,,,
2026-08-12T16:16:00.353,1786544160.353232,5.873072,3,-6000,5.000000,6,-6000,0x04,single,1867.300000,-4000,0.520000,32,0,No fault,,,,,,,,,
2026-08-12T16:16:00.363,1786544160.363596,5.883438,3,-6000,5.000000,7,-6000,0x04,single,1864.100000,-4360,0.420000,32,0,No fault,,,,,,,,,
2026-08-12T16:16:00.374,1786544160.374011,5.893866,3,-6000,5.000000,8,-6000,0x04,single,1860.700000,-4640,0.440000,32,0,No fault,,,,,,,,,
2026-08-12T16:16:00.384,1786544160.384483,5.904336,3,-6000,5.000000,9,-6000,0x04,single,1857.300000,-4820,0.450000,32,0,No fault,,,,,,,,,
2026-08-12T16:16:00.394,1786544160.394923,5.914769,3,-6000,5.000000,10,-6000,0x04,single,1853.800000,-4920,0.410000,32,0,No fault,,,,,,,,,
2026-08-12T16:16:00.405,1786544160.405523,5.925376,3,-6000,5.000000,11,-6000,0x04,single,1850.100000,-5000,0.320000,32,0,No fault,,,,,,,,,
2026-08-12T16:16:00.415,1786544160.415940,5.935790,3,-6000,5.000000,12,-6000,0x04,single,1846.500000,-5070,0.340000,32,0,No fault,,,,,,,,,
2026-08-12T16:16:00.426,1786544160.426358,5.946213,3,-6000,5.000000,13,-6000,0x04,single,1842.800000,-5130,0.310000,32,0,No fault,,,,,,,,,
2026-08-12T16:16:00.436,1786544160.436893,5.956757,3,-6000,5.000000,14,-6000,0x04,single,1839.100000,-5130,0.340000,32,0,No fault,,,,,,,,,
2026-08-12T16:16:00.447,1786544160.447430,5.967291,3,-6000,5.000000,15,-6000,0x04,single,1835.500000,-5170,0.380000,32,0,No fault,,,,,,,,,
2026-08-12T16:16:00.452,1786544160.452816,5.972663,3,-6000,5.000000,16,-6000,0x04,single,1831.700000,-5230,0.360000,32,0,No fault,,,,,,,,,
2026-08-12T16:16:00.463,1786544160.463227,5.983081,3,-6000,5.000000,17,-6000,0x04,single,1828.000000,-5260,0.380000,32,0,No fault,,,,,,,,,
2026-08-12T16:16:00.473,1786544160.473649,5.993496,3,-6000,5.000000,18,-6000,0x04,single,1824.200000,-5260,0.270000,32,0,No fault,,,,,,,,,
2026-08-12T16:16:00.486,1786544160.486833,6.006670,3,-6000,5.000000,19,-6000,0x04,single,1820.400000,-5250,0.370000,32,0,No fault,,,,,,,,,
2026-08-12T16:16:00.497,1786544160.497114,6.016955,3,-6000,5.000000,20,-6000,0x04,single,1816.700000,-5230,0.300000,32,0,No fault,,,,,,,,,
2026-08-12T16:16:00.507,1786544160.507471,6.027307,3,-6000,5.000000,21,-6000,0x04,single,1812.900000,-5240,0.360000,32,0,No fault,,,,,,,,,
2026-08-12T16:16:00.512,1786544160.512675,6.032509,3,-6000,5.000000,22,-6000,0x04,single,1809.200000,-5190,0.450000,32,0,No fault,,,,,,,,,
2026-08-12T16:16:00.528,1786544160.528452,6.048297,3,-6000,5.000000,23,-6000,0x04,single,1805.500000,-5210,0.350000,32,0,No fault,,,,,,,,,
2026-08-12T16:16:00.533,1786544160.533726,6.053572,3,-6000,5.000000,24,-6000,0x04,single,1801.800000,-5220,0.270000,32,0,No fault,,,,,,,,,
2026-08-12T16:16:00.544,1786544160.544097,6.063942,3,-6000,5.000000,25,-6000,0x04,single,1798.000000,-5220,0.470000,32,0,No fault,,,,,,,,,
2026-08-12T16:16:00.556,1786544160.556570,6.076418,3,-6000,5.000000,26,-6000,0x04,single,1794.200000,-5230,0.350000,32,0,No fault,,,,,,,,,
2026-08-12T16:16:00.566,1786544160.566934,6.086780,3,-6000,5.000000,27,-6000,0x04,single,1790.400000,-5260,0.440000,32,0,No fault,,,,,,,,,
2026-08-12T16:16:00.577,1786544160.577293,6.097135,3,-6000,5.000000,28,-6000,0x04,single,1786.500000,-5250,0.390000,32,0,No fault,,,,,,,,,
2026-08-12T16:16:00.587,1786544160.587689,6.107534,3,-6000,5.000000,29,-6000,0x04,single,1782.700000,-5230,0.230000,32,0,No fault,,,,,,,,,
2026-08-12T16:16:00.598,1786544160.598178,6.118018,3,-6000,5.000000,30,-6000,0x04,single,1779.000000,-5180,0.310000,32,0,No fault,,,,,,,,,
2026-08-12T16:16:00.603,1786544160.603544,6.123386,3,-6000,5.000000,31,-6000,0x04,single,1775.300000,-5200,0.400000,32,0,No fault,,,,,,,,,
2026-08-12T16:16:00.613,1786544160.613909,6.133749,3,-6000,5.000000,32,-6000,0x04,single,1771.600000,-5230,0.400000,32,0,No fault,,,,,,,,,
2026-08-12T16:16:00.624,1786544160.624268,6.144108,3,-6000,5.000000,33,-6000,0x04,single,1767.900000,-5220,0.320000,32,0,No fault,,,,,,,,,
2026-08-12T16:16:00.634,1786544160.634596,6.154434,3,-6000,5.000000,34,-6000,0x04,single,1764.100000,-5200,0.270000,32,0,No fault,,,,,,,,,
2026-08-12T16:16:00.644,1786544160.644921,6.164758,3,-6000,5.000000,35,-6000,0x04,single,1760.400000,-5190,0.210000,32,0,No fault,,,,,,,,,
2026-08-12T16:16:00.655,1786544160.655263,6.175103,3,-6000,5.000000,36,-6000,0x04,single,1756.700000,-5180,0.270000,32,0,No fault,,,,,,,,,
2026-08-12T16:16:00.665,1786544160.665608,6.185447,3,-6000,5.000000,37,-6000,0x04,single,1753.000000,-5190,0.300000,32,0,No fault,,,,,,,,,
2026-08-12T16:16:00.675,1786544160.675973,6.195832,3,-6000,5.000000,38,-6000,0x04,single,1749.300000,-5180,0.280000,32,0,No fault,,,,,,,,,
2026-08-12T16:16:00.686,1786544160.686418,6.206266,3,-6000,5.000000,39,-6000,0x04,single,1745.600000,-5200,0.390000,32,0,No fault,,,,,,,,,
2026-08-12T16:16:00.696,1786544160.696904,6.216769,3,-6000,5.000000,40,-6000,0x04,single,1741.900000,-5220,0.290000,32,0,No fault,,,,,,,,,
2026-08-12T16:16:00.707,1786544160.707384,6.227236,3,-6000,5.000000,41,-6000,0x04,single,1738.100000,-5230,0.340000,32,0,No fault,,,,,,,,,
2026-08-12T16:16:00.717,1786544160.717795,6.237639,3,-6000,5.000000,42,-6000,0x04,single,1734.400000,-5240,0.320000,32,0,No fault,,,,,,,,,
2026-08-12T16:16:00.733,1786544160.733219,6.253059,3,-6000,5.000000,43,-6000,0x04,single,1730.600000,-5250,0.200000,32,0,No fault,,,,,,,,,
2026-08-12T16:16:00.738,1786544160.738785,6.258632,3,-6000,5.000000,44,-6000,0x04,single,1726.800000,-5260,0.250000,32,0,No fault,,,,,,,,,
2026-08-12T16:16:00.744,1786544160.744081,6.263924,3,-6000,5.000000,45,-6000,0x04,single,1723.100000,-5240,0.310000,32,0,No fault,,,,,,,,,
2026-08-12T16:16:00.754,1786544160.754463,6.274305,3,-6000,5.000000,46,-6000,0x04,single,1719.400000,-5190,0.360000,32,0,No fault,,,,,,,,,
2026-08-12T16:16:00.764,1786544160.764835,6.284677,3,-6000,5.000000,47,-6000,0x04,single,1715.700000,-5200,0.380000,32,0,No fault,,,,,,,,,
2026-08-12T16:16:00.775,1786544160.775197,6.295036,3,-6000,5.000000,48,-6000,0x04,single,1712.000000,-5220,0.230000,32,0,No fault,,,,,,,,,
2026-08-12T16:16:00.785,1786544160.785558,6.305397,3,-6000,5.000000,49,-6000,0x04,single,1708.200000,-5220,0.170000,32,0,No fault,,,,,,,,,
2026-08-12T16:16:00.795,1786544160.795913,6.315752,3,-6000,5.000000,50,-6000,0x04,single,1704.500000,-5220,0.170000,32,0,No fault,,,,,,,,,
2026-08-12T16:16:00.806,1786544160.806275,6.326115,3,-6000,5.000000,51,-6000,0x04,single,1700.700000,-5220,0.320000,32,0,No fault,,,,,,,,,
2026-08-12T16:16:00.816,1786544160.816638,6.336478,3,-6000,5.000000,52,-6000,0x04,single,1697.000000,-5230,0.230000,32,0,No fault,,,,,,,,,
2026-08-12T16:16:00.826,1786544160.826994,6.346832,3,-6000,5.000000,53,-6000,0x04,single,1693.200000,-5220,0.160000,32,0,No fault,,,,,,,,,
2026-08-12T16:16:00.837,1786544160.837355,6.357197,3,-6000,5.000000,54,-6000,0x04,single,1689.500000,-5190,0.190000,32,0,No fault,,,,,,,,,
2026-08-12T16:16:00.847,1786544160.847721,6.367562,3,-6000,5.000000,55,-6000,0x04,single,1685.700000,-5190,0.300000,32,0,No fault,,,,,,,,,
2026-08-12T16:16:00.858,1786544160.858057,6.377897,3,-6000,5.000000,56,-6000,0x04,single,1681.900000,-5230,0.290000,32,0,No fault,,,,,,,,,
2026-08-12T16:16:00.868,1786544160.868393,6.388233,3,-6000,5.000000,57,-6000,0x04,single,1678.100000,-5270,0.470000,32,0,No fault,,,,,,,,,
2026-08-12T16:16:00.878,1786544160.878866,6.398715,3,-6000,5.000000,58,-6000,0x04,single,1674.200000,-5310,0.460000,32,0,No fault,,,,,,,,,
2026-08-12T16:16:00.889,1786544160.889271,6.409111,3,-6000,5.000000,59,-6000,0x04,single,1670.200000,-5330,0.440000,32,0,No fault,,,,,,,,,
2026-08-12T16:16:00.899,1786544160.899634,6.419473,3,-6000,5.000000,60,-6000,0x04,single,1666.400000,-5310,0.370000,32,0,No fault,,,,,,,,,
2026-08-12T16:16:00.910,1786544160.910041,6.429885,3,-6000,5.000000,61,-6000,0x04,single,1662.500000,-5280,0.290000,32,0,No fault,,,,,,,,,
2026-08-12T16:16:00.915,1786544160.915408,6.435258,3,-6000,5.000000,62,-6000,0x04,single,1658.700000,-5240,0.200000,32,0,No fault,,,,,,,,,
2026-08-12T16:16:00.936,1786544160.936074,6.455927,3,-6000,5.000000,63,-6000,0x04,single,1655.000000,-5260,0.340000,32,0,No fault,,,,,,,,,
2026-08-12T16:16:00.941,1786544160.941392,6.461245,3,-6000,5.000000,64,-6000,0x04,single,1651.200000,-5270,0.300000,32,0,No fault,,,,,,,,,
2026-08-12T16:16:00.946,1786544160.946793,6.466636,3,-6000,5.000000,65,-6000,0x04,single,1647.400000,-5290,0.290000,32,0,No fault,,,,,,,,,
2026-08-12T16:16:00.957,1786544160.957171,6.477027,3,-6000,5.000000,66,-6000,0x04,single,1643.500000,-5290,0.330000,32,0,No fault,,,,,,,,,
2026-08-12T16:16:00.967,1786544160.967587,6.487433,3,-6000,5.000000,67,-6000,0x04,single,1639.600000,-5280,0.410000,32,0,No fault,,,,,,,,,
2026-08-12T16:16:00.978,1786544160.978287,6.498120,3,-6000,5.000000,68,-6000,0x04,single,1635.800000,-5250,0.540000,32,0,No fault,,,,,,,,,
2026-08-12T16:16:00.988,1786544160.988617,6.508471,3,-6000,5.000000,69,-6000,0x04,single,1632.000000,-5210,0.420000,32,0,No fault,,,,,,,,,
2026-08-12T16:16:00.999,1786544160.999048,6.518889,3,-6000,5.000000,70,-6000,0x04,single,1628.200000,-5160,0.320000,32,0,No fault,,,,,,,,,
2026-08-12T16:16:01.010,1786544161.010606,6.530453,3,-6000,5.000000,71,-6000,0x04,single,1624.500000,-5200,0.160000,32,0,No fault,,,,,,,,,
2026-08-12T16:16:01.020,1786544161.020914,6.540769,3,-6000,5.000000,72,-6000,0x04,single,1620.700000,-5240,0.120000,32,0,No fault,,,,,,,,,
2026-08-12T16:16:01.028,1786544161.028037,6.547879,3,-6000,5.000000,73,-6000,0x04,single,1616.900000,-5270,0.340000,32,0,No fault,,,,,,,,,
2026-08-12T16:16:01.038,1786544161.038369,6.558204,3,-6000,5.000000,74,-6000,0x04,single,1613.100000,-5280,0.390000,32,0,No fault,,,,,,,,,
2026-08-12T16:16:01.048,1786544161.048654,6.568500,3,-6000,5.000000,75,-6000,0x04,single,1609.400000,-5270,0.320000,32,0,No fault,,,,,,,,,
2026-08-12T16:16:01.059,1786544161.059008,6.578851,3,-6000,5.000000,76,-6000,0x04,single,1605.600000,-5200,0.280000,32,0,No fault,,,,,,,,,
2026-08-12T16:16:01.069,1786544161.069368,6.589209,3,-6000,5.000000,77,-6000,0x04,single,1601.900000,-5150,0.320000,32,0,No fault,,,,,,,,,
2026-08-12T16:16:01.079,1786544161.079744,6.599585,3,-6000,5.000000,78,-6000,0x04,single,1598.300000,-5110,0.290000,32,0,No fault,,,,,,,,,
2026-08-12T16:16:01.090,1786544161.090101,6.609946,3,-6000,5.000000,79,-6000,0x04,single,1594.600000,-5150,0.340000,32,0,No fault,,,,,,,,,
2026-08-12T16:16:01.100,1786544161.100458,6.620300,3,-6000,5.000000,80,-6000,0x04,single,1590.900000,-5190,0.400000,32,0,No fault,,,,,,,,,
2026-08-12T16:16:01.110,1786544161.110831,6.630676,3,-6000,5.000000,81,-6000,0x04,single,1587.200000,-5210,0.360000,32,0,No fault,,,,,,,,,
2026-08-12T16:16:01.121,1786544161.121209,6.641048,3,-6000,5.000000,82,-6000,0x04,single,1583.400000,-5200,0.300000,32,0,No fault,,,,,,,,,
2026-08-12T16:16:01.141,1786544161.141714,6.661556,3,-6000,5.000000,83,-6000,0x04,single,1576.100000,-5140,0.280000,32,0,No fault,,,,,,,,,
2026-08-12T16:16:01.146,1786544161.146983,6.666827,3,-6000,5.000000,84,-6000,0x04,single,1572.400000,-5140,0.300000,32,0,No fault,,,,,,,,,
2026-08-12T16:16:01.157,1786544161.157349,6.677192,3,-6000,5.000000,85,-6000,0x04,single,1568.700000,-5130,0.350000,32,0,No fault,,,,,,,,,
2026-08-12T16:16:01.167,1786544161.167766,6.687614,3,-6000,5.000000,86,-6000,0x04,single,1565.000000,-5180,0.380000,32,0,No fault,,,,,,,,,
2026-08-12T16:16:01.178,1786544161.178165,6.698013,3,-6000,5.000000,87,-6000,0x04,single,1561.300000,-5220,0.370000,32,0,No fault,,,,,,,,,
2026-08-12T16:16:01.188,1786544161.188552,6.708400,3,-6000,5.000000,88,-6000,0x04,single,1557.500000,-5260,0.330000,32,0,No fault,,,,,,,,,
2026-08-12T16:16:01.198,1786544161.198941,6.718800,3,-6000,5.000000,89,-6000,0x04,single,1553.700000,-5290,0.330000,32,0,No fault,,,,,,,,,
2026-08-12T16:16:01.209,1786544161.209418,6.729291,3,-6000,5.000000,90,-6000,0x04,single,1549.900000,-5310,0.140000,32,0,No fault,,,,,,,,,
2026-08-12T16:16:01.219,1786544161.219813,6.739655,3,-6000,5.000000,91,-6000,0x04,single,1546.100000,-5290,0.090000,32,0,No fault,,,,,,,,,
2026-08-12T16:16:01.230,1786544161.230162,6.750004,3,-6000,5.000000,92,-6000,0x04,single,1542.400000,-5250,0.230000,32,0,No fault,,,,,,,,,
2026-08-12T16:16:01.240,1786544161.240532,6.760378,3,-6000,5.000000,93,-6000,0x04,single,1538.700000,-5180,0.270000,32,0,No fault,,,,,,,,,
2026-08-12T16:16:01.251,1786544161.251210,6.771063,3,-6000,5.000000,94,-6000,0x04,single,1535.000000,-5200,0.100000,32,0,No fault,,,,,,,,,
2026-08-12T16:16:01.261,1786544161.261676,6.781520,3,-6000,5.000000,95,-6000,0x04,single,1531.200000,-5220,0.140000,32,0,No fault,,,,,,,,,
2026-08-12T16:16:01.272,1786544161.272068,6.791911,3,-6000,5.000000,96,-6000,0x04,single,1527.400000,-5230,0.280000,32,0,No fault,,,,,,,,,
2026-08-12T16:16:01.277,1786544161.277475,6.797317,3,-6000,5.000000,97,-6000,0x04,single,1523.600000,-5230,0.380000,32,0,No fault,,,,,,,,,
2026-08-12T16:16:01.287,1786544161.287844,6.807684,3,-6000,5.000000,98,-6000,0x04,single,1519.700000,-5220,0.510000,32,0,No fault,,,,,,,,,
2026-08-12T16:16:01.298,1786544161.298335,6.818177,3,-6000,5.000000,99,-6000,0x04,single,1516.000000,-5190,0.400000,32,0,No fault,,,,,,,,,
2026-08-12T16:16:01.308,1786544161.308733,6.828580,3,-6000,5.000000,100,-6000,0x04,single,1512.200000,-5170,0.410000,32,0,No fault,,,,,,,,,
2026-08-12T16:16:01.319,1786544161.319179,6.839022,3,-6000,5.000000,101,-6000,0x04,single,1508.500000,-5130,0.230000,32,0,No fault,,,,,,,,,
2026-08-12T16:16:01.329,1786544161.329550,6.849389,3,-6000,5.000000,102,-6000,0x04,single,1504.700000,-5180,0.090000,32,0,No fault,,,,,,,,,
2026-08-12T16:16:01.344,1786544161.344954,6.864794,3,-6000,5.000000,103,-6000,0x04,single,1500.900000,-5260,0.390000,32,0,No fault,,,,,,,,,
2026-08-12T16:16:01.350,1786544161.350215,6.870059,3,-6000,5.000000,104,-6000,0x04,single,1497.200000,-5280,0.390000,32,0,No fault,,,,,,,,,
2026-08-12T16:16:01.360,1786544161.360581,6.880419,3,-6000,5.000000,105,-6000,0x04,single,1493.400000,-5280,0.260000,32,0,No fault,,,,,,,,,
2026-08-12T16:16:01.370,1786544161.370935,6.890775,3,-6000,5.000000,106,-6000,0x04,single,1489.600000,-5290,0.260000,33,0,No fault,,,,,,,,,
2026-08-12T16:16:01.381,1786544161.381286,6.901123,3,-6000,5.000000,107,-6000,0x04,single,1485.900000,-5270,0.330000,32,0,No fault,,,,,,,,,
2026-08-12T16:16:01.391,1786544161.391638,6.911478,3,-6000,5.000000,108,-6000,0x04,single,1482.100000,-5260,0.240000,32,0,No fault,,,,,,,,,
2026-08-12T16:16:01.402,1786544161.402008,6.921845,3,-6000,5.000000,109,-6000,0x04,single,1478.400000,-5210,0.240000,32,0,No fault,,,,,,,,,
2026-08-12T16:16:01.412,1786544161.412363,6.932206,3,-6000,5.000000,110,-6000,0x04,single,1474.600000,-5240,0.300000,32,0,No fault,,,,,,,,,
2026-08-12T16:16:01.422,1786544161.422733,6.942576,3,-6000,5.000000,111,-6000,0x04,single,1470.900000,-5270,0.410000,32,0,No fault,,,,,,,,,
2026-08-12T16:16:01.433,1786544161.433112,6.952974,3,-6000,5.000000,112,-6000,0x04,single,1467.100000,-5290,0.350000,32,0,No fault,,,,,,,,,
2026-08-12T16:16:01.438,1786544161.438427,6.958270,3,-6000,5.000000,113,-6000,0x04,single,1463.300000,-5270,0.290000,32,0,No fault,,,,,,,,,
2026-08-12T16:16:01.448,1786544161.448832,6.968699,3,-6000,5.000000,114,-6000,0x04,single,1459.600000,-5240,0.290000,32,0,No fault,,,,,,,,,
2026-08-12T16:16:01.459,1786544161.459360,6.979221,3,-6000,5.000000,115,-6000,0x04,single,1455.900000,-5180,0.270000,32,0,No fault,,,,,,,,,
2026-08-12T16:16:01.470,1786544161.470010,6.989874,3,-6000,5.000000,116,-6000,0x04,single,1452.200000,-5170,0.360000,32,0,No fault,,,,,,,,,
2026-08-12T16:16:01.497,1786544161.497899,7.017740,3,-6000,5.000000,117,-6000,0x04,single,1444.800000,-5160,0.380000,32,0,No fault,,,,,,,,,
2026-08-12T16:16:01.503,1786544161.503170,7.023021,3,-6000,5.000000,118,-6000,0x04,single,1441.100000,-5200,0.410000,32,0,No fault,,,,,,,,,
2026-08-12T16:16:01.508,1786544161.508476,7.028321,3,-6000,5.000000,119,-6000,0x04,single,1437.300000,-5220,0.390000,32,0,No fault,,,,,,,,,
2026-08-12T16:16:01.518,1786544161.518835,7.038685,3,-6000,5.000000,120,-6000,0x04,single,1433.600000,-5220,0.190000,32,0,No fault,,,,,,,,,
2026-08-12T16:16:01.529,1786544161.529191,7.049026,3,-6000,5.000000,121,-6000,0x04,single,1429.900000,-5220,0.090000,32,0,No fault,,,,,,,,,
2026-08-12T16:16:01.556,1786544161.556801,7.076660,3,-6000,5.000000,122,-6000,0x04,single,1422.400000,-5230,0.260000,32,0,No fault,,,,,,,,,
2026-08-12T16:16:01.562,1786544161.562205,7.082045,3,-6000,5.000000,123,-6000,0x04,single,1418.700000,-5190,0.270000,32,0,No fault,,,,,,,,,
2026-08-12T16:16:01.572,1786544161.572524,7.092367,3,-6000,5.000000,124,-6000,0x04,single,1415.000000,-5200,0.200000,32,0,No fault,,,,,,,,,
2026-08-12T16:16:01.582,1786544161.582872,7.102713,3,-6000,5.000000,125,-6000,0x04,single,1411.200000,-5230,0.140000,32,0,No fault,,,,,,,,,
2026-08-12T16:16:01.593,1786544161.593226,7.113065,3,-6000,5.000000,126,-6000,0x04,single,1407.400000,-5230,0.280000,32,0,No fault,,,,,,,,,
2026-08-12T16:16:01.603,1786544161.603566,7.123407,3,-6000,5.000000,127,-6000,0x04,single,1403.600000,-5200,0.460000,32,0,No fault,,,,,,,,,
2026-08-12T16:16:01.608,1786544161.608907,7.128748,3,-6000,5.000000,128,-6000,0x04,single,1399.900000,-5180,0.540000,32,0,No fault,,,,,,,,,
2026-08-12T16:16:01.619,1786544161.619273,7.139111,3,-6000,5.000000,129,-6000,0x04,single,1396.100000,-5160,0.530000,32,0,No fault,,,,,,,,,
2026-08-12T16:16:01.629,1786544161.629608,7.149448,3,-6000,5.000000,130,-6000,0x04,single,1392.300000,-5170,0.410000,32,0,No fault,,,,,,,,,
2026-08-12T16:16:01.639,1786544161.639940,7.159776,3,-6000,5.000000,131,-6000,0x04,single,1388.600000,-5150,0.240000,32,0,No fault,,,,,,,,,
2026-08-12T16:16:01.650,1786544161.650266,7.170103,3,-6000,5.000000,132,-6000,0x04,single,1384.800000,-5180,0.120000,32,0,No fault,,,,,,,,,
2026-08-12T16:16:01.660,1786544161.660604,7.180442,3,-6000,5.000000,133,-6000,0x04,single,1381.000000,-5210,0.090000,32,0,No fault,,,,,,,,,
2026-08-12T16:16:01.670,1786544161.670943,7.190781,3,-6000,5.000000,134,-6000,0x04,single,1377.200000,-5240,0.190000,32,0,No fault,,,,,,,,,
2026-08-12T16:16:01.681,1786544161.681277,7.201114,3,-6000,5.000000,135,-6000,0x04,single,1373.400000,-5240,0.300000,32,0,No fault,,,,,,,,,
2026-08-12T16:16:01.691,1786544161.691616,7.211454,3,-6000,5.000000,136,-6000,0x04,single,1369.600000,-5220,0.510000,32,0,No fault,,,,,,,,,
2026-08-12T16:16:01.702,1786544161.702038,7.221910,3,-6000,5.000000,137,-6000,0x04,single,1365.800000,-5180,0.560000,32,0,No fault,,,,,,,,,
2026-08-12T16:16:01.712,1786544161.712578,7.232436,3,-6000,5.000000,138,-6000,0x04,single,1362.100000,-5150,0.440000,32,0,No fault,,,,,,,,,
2026-08-12T16:16:01.723,1786544161.723042,7.242887,3,-6000,5.000000,139,-6000,0x04,single,1358.300000,-5140,0.290000,32,0,No fault,,,,,,,,,
2026-08-12T16:16:01.733,1786544161.733430,7.253309,3,-6000,5.000000,140,-6000,0x04,single,1354.500000,-5200,0.150000,32,0,No fault,,,,,,,,,
2026-08-12T16:16:01.754,1786544161.754207,7.274066,3,-6000,5.000000,141,-6000,0x04,single,1347.000000,-5280,0.230000,32,0,No fault,,,,,,,,,
2026-08-12T16:16:01.764,1786544161.764693,7.284538,3,-6000,5.000000,142,-6000,0x04,single,1343.100000,-5280,0.270000,32,0,No fault,,,,,,,,,
2026-08-12T16:16:01.775,1786544161.775073,7.294915,3,-6000,5.000000,143,-6000,0x04,single,1339.300000,-5260,0.430000,32,0,No fault,,,,,,,,,
2026-08-12T16:16:01.785,1786544161.785433,7.305307,3,-6000,5.000000,144,-6000,0x04,single,1335.500000,-5210,0.490000,32,0,No fault,,,,,,,,,
2026-08-12T16:16:01.795,1786544161.795824,7.315664,3,-6000,5.000000,145,-6000,0x04,single,1331.800000,-5150,0.530000,32,0,No fault,,,,,,,,,
2026-08-12T16:16:01.806,1786544161.806175,7.326015,3,-6000,5.000000,146,-6000,0x04,single,1328.000000,-5130,0.470000,32,0,No fault,,,,,,,,,
2026-08-12T16:16:01.816,1786544161.816665,7.336507,3,-6000,5.000000,147,-6000,0x04,single,1324.200000,-5170,0.190000,32,0,No fault,,,,,,,,,
2026-08-12T16:16:01.826,1786544161.826984,7.346821,3,-6000,5.000000,148,-6000,0x04,single,1320.400000,-5210,0.050000,32,0,No fault,,,,,,,,,
2026-08-12T16:16:01.837,1786544161.837344,7.357182,3,-6000,5.000000,149,-6000,0x04,single,1316.600000,-5240,0.050000,32,0,No fault,,,,,,,,,
2026-08-12T16:16:01.847,1786544161.847718,7.367558,3,-6000,5.000000,150,-6000,0x04,single,1312.800000,-5240,0.170000,32,0,No fault,,,,,,,,,
2026-08-12T16:16:01.853,1786544161.853071,7.372911,3,-6000,5.000000,151,-6000,0x04,single,1309.000000,-5230,0.280000,32,0,No fault,,,,,,,,,
2026-08-12T16:16:01.863,1786544161.863419,7.383257,3,-6000,5.000000,152,-6000,0x04,single,1305.200000,-5180,0.540000,32,0,No fault,,,,,,,,,
2026-08-12T16:16:01.873,1786544161.873759,7.393619,3,-6000,5.000000,153,-6000,0x04,single,1301.500000,-5130,0.610000,32,0,No fault,,,,,,,,,
2026-08-12T16:16:01.884,1786544161.884219,7.404074,3,-6000,5.000000,154,-6000,0x04,single,1297.800000,-5100,0.430000,32,0,No fault,,,,,,,,,
2026-08-12T16:16:01.894,1786544161.894698,7.414554,3,-6000,5.000000,155,-6000,0x04,single,1294.000000,-5160,0.310000,32,0,No fault,,,,,,,,,
2026-08-12T16:16:01.905,1786544161.905194,7.425054,3,-6000,5.000000,156,-6000,0x04,single,1290.100000,-5220,0.140000,32,0,No fault,,,,,,,,,
2026-08-12T16:16:01.915,1786544161.915902,7.435759,3,-6000,5.000000,157,-6000,0x04,single,1286.300000,-5260,0.060000,32,0,No fault,,,,,,,,,
2026-08-12T16:16:01.926,1786544161.926337,7.446179,3,-6000,5.000000,158,-6000,0x04,single,1282.500000,-5280,0.070000,32,0,No fault,,,,,,,,,
2026-08-12T16:16:01.936,1786544161.936721,7.456578,3,-6000,5.000000,159,-6000,0x04,single,1278.600000,-5280,0.180000,32,0,No fault,,,,,,,,,
2026-08-12T16:16:01.957,1786544161.957546,7.477439,3,-6000,5.000000,160,-6000,0x04,single,1274.900000,-5240,0.330000,32,0,No fault,,,,,,,,,
2026-08-12T16:16:01.963,1786544161.963036,7.482908,3,-6000,5.000000,161,-6000,0x04,single,1271.200000,-5180,0.300000,32,0,No fault,,,,,,,,,
2026-08-12T16:16:01.968,1786544161.968426,7.488308,3,-6000,5.000000,162,-6000,0x04,single,1267.500000,-5170,0.300000,32,0,No fault,,,,,,,,,
2026-08-12T16:16:01.979,1786544161.979347,7.499208,3,-6000,5.000000,163,-6000,0x04,single,1263.700000,-5230,0.260000,32,0,No fault,,,,,,,,,
2026-08-12T16:16:01.984,1786544161.984766,7.504621,3,-6000,5.000000,164,-6000,0x04,single,1259.900000,-5280,0.230000,32,0,No fault,,,,,,,,,
2026-08-12T16:16:01.995,1786544161.995211,7.515056,3,-6000,5.000000,165,-6000,0x04,single,1256.100000,-5320,0.270000,32,0,No fault,,,,,,,,,
2026-08-12T16:16:02.005,1786544162.005630,7.525483,3,-6000,5.000000,166,-6000,0x04,single,1252.300000,-5330,0.350000,32,0,No fault,,,,,,,,,
2026-08-12T16:16:02.016,1786544162.016099,7.535953,3,-6000,5.000000,167,-6000,0x04,single,1248.600000,-5320,0.400000,32,0,No fault,,,,,,,,,
2026-08-12T16:16:02.026,1786544162.026603,7.546449,3,-6000,5.000000,168,-6000,0x04,single,1244.800000,-5290,0.330000,32,0,No fault,,,,,,,,,
2026-08-12T16:16:02.037,1786544162.037006,7.556850,3,-6000,5.000000,169,-6000,0x04,single,1241.100000,-5220,0.380000,32,0,No fault,,,,,,,,,
2026-08-12T16:16:02.047,1786544162.047384,7.567227,3,-6000,5.000000,170,-6000,0x04,single,1237.400000,-5160,0.350000,32,0,No fault,,,,,,,,,
2026-08-12T16:16:02.057,1786544162.057751,7.577590,3,-6000,5.000000,171,-6000,0x04,single,1233.600000,-5180,0.300000,32,0,No fault,,,,,,,,,
2026-08-12T16:16:02.068,1786544162.068206,7.588047,3,-6000,5.000000,172,-6000,0x04,single,1229.900000,-5220,0.280000,32,0,No fault,,,,,,,,,
2026-08-12T16:16:02.078,1786544162.078623,7.598463,3,-6000,5.000000,173,-6000,0x04,single,1226.200000,-5240,0.360000,32,0,No fault,,,,,,,,,
2026-08-12T16:16:02.088,1786544162.088983,7.608823,3,-6000,5.000000,174,-6000,0x04,single,1222.400000,-5250,0.440000,32,0,No fault,,,,,,,,,
2026-08-12T16:16:02.099,1786544162.099348,7.619191,3,-6000,5.000000,175,-6000,0x04,single,1218.700000,-5210,0.390000,32,0,No fault,,,,,,,,,
2026-08-12T16:16:02.104,1786544162.104707,7.624547,3,-6000,5.000000,176,-6000,0x04,single,1215.000000,-5160,0.460000,32,0,No fault,,,,,,,,,
2026-08-12T16:16:02.115,1786544162.115069,7.634909,3,-6000,5.000000,177,-6000,0x04,single,1211.300000,-5110,0.580000,32,0,No fault,,,,,,,,,
2026-08-12T16:16:02.125,1786544162.125503,7.645345,3,-6000,5.000000,178,-6000,0x04,single,1207.600000,-5070,0.430000,32,0,No fault,,,,,,,,,
2026-08-12T16:16:02.135,1786544162.135872,7.655712,3,-6000,5.000000,179,-6000,0x04,single,1203.900000,-5120,0.390000,32,0,No fault,,,,,,,,,
2026-08-12T16:16:02.156,1786544162.156413,7.676253,3,-6000,5.000000,180,-6000,0x04,single,1200.100000,-5180,0.320000,32,0,No fault,,,,,,,,,
2026-08-12T16:16:02.161,1786544162.161705,7.681549,3,-6000,5.000000,181,-6000,0x04,single,1196.400000,-5220,0.420000,32,0,No fault,,,,,,,,,
2026-08-12T16:16:02.166,1786544162.166970,7.686810,3,-6000,5.000000,182,-6000,0x04,single,1192.700000,-5230,0.410000,33,0,No fault,,,,,,,,,
2026-08-12T16:16:02.177,1786544162.177356,7.697196,3,-6000,5.000000,183,-6000,0x04,single,1189.000000,-5210,0.320000,33,0,No fault,,,,,,,,,
2026-08-12T16:16:02.187,1786544162.187755,7.707595,3,-6000,5.000000,184,-6000,0x04,single,1185.300000,-5170,0.410000,32,0,No fault,,,,,,,,,
2026-08-12T16:16:02.198,1786544162.198111,7.717950,3,-6000,5.000000,185,-6000,0x04,single,1181.600000,-5120,0.340000,32,0,No fault,,,,,,,,,
2026-08-12T16:16:02.208,1786544162.208694,7.728550,3,-6000,5.000000,186,-6000,0x04,single,1178.000000,-5090,0.360000,32,0,No fault,,,,,,,,,
2026-08-12T16:16:02.219,1786544162.219316,7.739170,3,-6000,5.000000,187,-6000,0x04,single,1174.300000,-5130,0.290000,32,0,No fault,,,,,,,,,
2026-08-12T16:16:02.229,1786544162.229774,7.749618,3,-6000,5.000000,188,-6000,0x04,single,1170.600000,-5180,0.330000,32,0,No fault,,,,,,,,,
2026-08-12T16:16:02.240,1786544162.240207,7.760057,3,-6000,5.000000,189,-6000,0x04,single,1166.900000,-5230,0.300000,32,0,No fault,,,,,,,,,
2026-08-12T16:16:02.245,1786544162.245518,7.765358,3,-6000,5.000000,190,-6000,0x04,single,1163.100000,-5250,0.360000,32,0,No fault,,,,,,,,,
2026-08-12T16:16:02.255,1786544162.255867,7.775705,3,-6000,5.000000,191,-6000,0x04,single,1159.400000,-5230,0.400000,32,0,No fault,,,,,,,,,
2026-08-12T16:16:02.266,1786544162.266266,7.786126,3,-6000,5.000000,192,-6000,0x04,single,1155.700000,-5180,0.220000,32,0,No fault,,,,,,,,,
2026-08-12T16:16:02.276,1786544162.276734,7.796584,3,-6000,5.000000,193,-6000,0x04,single,1152.000000,-5140,0.220000,32,0,No fault,,,,,,,,,
2026-08-12T16:16:02.287,1786544162.287120,7.806963,3,-6000,5.000000,194,-6000,0x04,single,1148.300000,-5100,0.290000,32,0,No fault,,,,,,,,,
2026-08-12T16:16:02.297,1786544162.297500,7.817343,3,-6000,5.000000,195,-6000,0x04,single,1144.700000,-5140,0.400000,32,0,No fault,,,,,,,,,
2026-08-12T16:16:02.307,1786544162.307879,7.827721,3,-6000,5.000000,196,-6000,0x04,single,1141.000000,-5180,0.460000,32,0,No fault,,,,,,,,,
2026-08-12T16:16:02.318,1786544162.318242,7.838084,3,-6000,5.000000,197,-6000,0x04,single,1137.200000,-5210,0.380000,32,0,No fault,,,,,,,,,
2026-08-12T16:16:02.328,1786544162.328681,7.848540,3,-6000,5.000000,198,-6000,0x04,single,1133.500000,-5200,0.230000,32,0,No fault,,,,,,,,,
2026-08-12T16:16:02.339,1786544162.339211,7.859057,3,-6000,5.000000,199,-6000,0x04,single,1129.800000,-5220,0.200000,32,0,No fault,,,,,,,,,
2026-08-12T16:16:02.349,1786544162.349628,7.869474,3,-6000,5.000000,200,-6000,0x04,single,1126.000000,-5250,0.490000,32,0,No fault,,,,,,,,,
2026-08-12T16:16:02.365,1786544162.365157,7.885007,3,-6000,5.000000,201,-6000,0x04,single,1122.300000,-5220,0.380000,32,0,No fault,,,,,,,,,
2026-08-12T16:16:02.370,1786544162.370750,7.890652,3,-6000,5.000000,202,-6000,0x04,single,1118.600000,-5200,0.300000,33,0,No fault,,,,,,,,,
2026-08-12T16:16:02.376,1786544162.376123,7.895968,3,-6000,5.000000,203,-6000,0x04,single,1114.800000,-5240,0.330000,32,0,No fault,,,,,,,,,
2026-08-12T16:16:02.386,1786544162.386502,7.906340,3,-6000,5.000000,204,-6000,0x04,single,1111.100000,-5260,0.310000,32,0,No fault,,,,,,,,,
2026-08-12T16:16:02.396,1786544162.396875,7.916718,3,-6000,5.000000,205,-6000,0x04,single,1107.300000,-5260,0.410000,32,0,No fault,,,,,,,,,
2026-08-12T16:16:02.407,1786544162.407280,7.927129,3,-6000,5.000000,206,-6000,0x04,single,1103.600000,-5240,0.330000,32,0,No fault,,,,,,,,,
2026-08-12T16:16:02.417,1786544162.417682,7.937528,3,-6000,5.000000,207,-6000,0x04,single,1099.800000,-5240,0.270000,32,0,No fault,,,,,,,,,
2026-08-12T16:16:02.428,1786544162.428056,7.947904,3,-6000,5.000000,208,-6000,0x04,single,1096.100000,-5220,0.240000,32,0,No fault,,,,,,,,,
2026-08-12T16:16:02.438,1786544162.438466,7.958331,3,-6000,5.000000,209,-6000,0x04,single,1092.300000,-5220,0.300000,32,0,No fault,,,,,,,,,
2026-08-12T16:16:02.448,1786544162.448903,7.968768,3,-6000,5.000000,210,-6000,0x04,single,1088.600000,-5180,0.320000,32,0,No fault,,,,,,,,,
2026-08-12T16:16:02.459,1786544162.459318,7.979169,3,-6000,5.000000,211,-6000,0x04,single,1084.900000,-5210,0.360000,32,0,No fault,,,,,,,,,
2026-08-12T16:16:02.469,1786544162.469714,7.989568,3,-6000,5.000000,212,-6000,0x04,single,1081.200000,-5220,0.380000,32,0,No fault,,,,,,,,,
2026-08-12T16:16:02.477,1786544162.477344,7.997181,3,-6000,5.000000,213,-6000,0x04,single,1077.500000,-5230,0.390000,32,0,No fault,,,,,,,,,
2026-08-12T16:16:02.487,1786544162.487651,8.007497,3,-6000,5.000000,214,-6000,0x04,single,1073.700000,-5240,0.340000,32,0,No fault,,,,,,,,,
2026-08-12T16:16:02.498,1786544162.498230,8.018075,3,-6000,5.000000,215,-6000,0x04,single,1069.900000,-5270,0.270000,32,0,No fault,,,,,,,,,
2026-08-12T16:16:02.508,1786544162.508607,8.028452,3,-6000,5.000000,216,-6000,0x04,single,1066.100000,-5280,0.220000,32,0,No fault,,,,,,,,,
2026-08-12T16:16:02.518,1786544162.518984,8.038827,3,-6000,5.000000,217,-6000,0x04,single,1062.300000,-5290,0.320000,32,0,No fault,,,,,,,,,
2026-08-12T16:16:02.529,1786544162.529344,8.049191,3,-6000,5.000000,218,-6000,0x04,single,1058.600000,-5250,0.340000,32,0,No fault,,,,,,,,,
2026-08-12T16:16:02.539,1786544162.539793,8.059642,3,-6000,5.000000,219,-6000,0x04,single,1054.800000,-5270,0.410000,32,0,No fault,,,,,,,,,
2026-08-12T16:16:02.550,1786544162.550193,8.070038,3,-6000,5.000000,220,-6000,0x04,single,1051.000000,-5290,0.420000,32,0,No fault,,,,,,,,,
2026-08-12T16:16:02.565,1786544162.565700,8.085539,3,-6000,5.000000,221,-6000,0x04,single,1047.300000,-5280,0.390000,32,0,No fault,,,,,,,,,
2026-08-12T16:16:02.570,1786544162.570958,8.090801,3,-6000,5.000000,222,-6000,0x04,single,1043.500000,-5260,0.400000,33,0,No fault,,,,,,,,,
2026-08-12T16:16:02.576,1786544162.576216,8.096056,3,-6000,5.000000,223,-6000,0x04,single,1039.800000,-5260,0.250000,32,0,No fault,,,,,,,,,
2026-08-12T16:16:02.586,1786544162.586596,8.106438,3,-6000,5.000000,224,-6000,0x04,single,1036.000000,-5220,0.260000,32,0,No fault,,,,,,,,,
2026-08-12T16:16:02.596,1786544162.596945,8.116785,3,-6000,5.000000,225,-6000,0x04,single,1032.300000,-5200,0.330000,32,0,No fault,,,,,,,,,
2026-08-12T16:16:02.607,1786544162.607288,8.127129,3,-6000,5.000000,226,-6000,0x04,single,1028.600000,-5170,0.310000,32,0,No fault,,,,,,,,,
2026-08-12T16:16:02.617,1786544162.617637,8.137479,3,-6000,5.000000,227,-6000,0x04,single,1024.900000,-5230,0.320000,32,0,No fault,,,,,,,,,
2026-08-12T16:16:02.627,1786544162.627986,8.147825,3,-6000,5.000000,228,-6000,0x04,single,1021.100000,-5270,0.320000,32,0,No fault,,,,,,,,,
2026-08-12T16:16:02.638,1786544162.638333,8.158173,3,-6000,5.000000,229,-6000,0x04,single,1017.300000,-5300,0.370000,32,0,No fault,,,,,,,,,
2026-08-12T16:16:02.648,1786544162.648684,8.168524,3,-6000,5.000000,230,-6000,0x04,single,1013.500000,-5290,0.310000,32,0,No fault,,,,,,,,,
2026-08-12T16:16:02.659,1786544162.659025,8.178865,3,-6000,5.000000,231,-6000,0x04,single,1009.700000,-5290,0.350000,32,0,No fault,,,,,,,,,
2026-08-12T16:16:02.669,1786544162.669365,8.189205,3,-6000,5.000000,232,-6000,0x04,single,1006.000000,-5250,0.230000,32,0,No fault,,,,,,,,,
2026-08-12T16:16:02.679,1786544162.679769,8.199608,3,-6000,5.000000,233,-6000,0x04,single,1002.200000,-5220,0.290000,32,0,No fault,,,,,,,,,
2026-08-12T16:16:02.690,1786544162.690104,8.209945,3,-6000,5.000000,234,-6000,0x04,single,998.500000,-5190,0.270000,32,0,No fault,,,,,,,,,
2026-08-12T16:16:02.700,1786544162.700451,8.220296,3,-6000,5.000000,235,-6000,0x04,single,994.800000,-5210,0.290000,32,0,No fault,,,,,,,,,
2026-08-12T16:16:02.705,1786544162.705728,8.225592,3,-6000,5.000000,236,-6000,0x04,single,991.100000,-5230,0.330000,32,0,No fault,,,,,,,,,
2026-08-12T16:16:02.716,1786544162.716224,8.236072,3,-6000,5.000000,237,-6000,0x04,single,987.400000,-5230,0.400000,32,0,No fault,,,,,,,,,
2026-08-12T16:16:02.726,1786544162.726592,8.246434,3,-6000,5.000000,238,-6000,0x04,single,983.600000,-5210,0.390000,32,0,No fault,,,,,,,,,
2026-08-12T16:16:02.736,1786544162.736926,8.256767,3,-6000,5.000000,239,-6000,0x04,single,979.900000,-5200,0.360000,32,0,No fault,,,,,,,,,
2026-08-12T16:16:02.747,1786544162.747255,8.267096,3,-6000,5.000000,240,-6000,0x04,single,976.200000,-5180,0.260000,32,0,No fault,,,,,,,,,
2026-08-12T16:16:02.757,1786544162.757587,8.277428,3,-6000,5.000000,241,-6000,0x04,single,972.500000,-5160,0.330000,32,0,No fault,,,,,,,,,
2026-08-12T16:16:02.767,1786544162.767928,8.287773,3,-6000,5.000000,242,-6000,0x04,single,968.800000,-5140,0.310000,32,0,No fault,,,,,,,,,
2026-08-12T16:16:02.778,1786544162.778386,8.298243,3,-6000,5.000000,243,-6000,0x04,single,965.100000,-5140,0.480000,32,0,No fault,,,,,,,,,
2026-08-12T16:16:02.789,1786544162.789012,8.308872,3,-6000,5.000000,244,-6000,0x04,single,961.500000,-5160,0.420000,32,0,No fault,,,,,,,,,
2026-08-12T16:16:02.799,1786544162.799474,8.319320,3,-6000,5.000000,245,-6000,0x04,single,957.800000,-5170,0.300000,32,0,No fault,,,,,,,,,
2026-08-12T16:16:02.809,1786544162.809865,8.329712,3,-6000,5.000000,246,-6000,0x04,single,954.100000,-5170,0.370000,32,0,No fault,,,,,,,,,
2026-08-12T16:16:02.820,1786544162.820273,8.340117,3,-6000,5.000000,247,-6000,0x04,single,950.300000,-5190,0.550000,32,0,No fault,,,,,,,,,
2026-08-12T16:16:02.825,1786544162.825551,8.345389,3,-6000,5.000000,248,-6000,0x04,single,946.500000,-5200,0.480000,32,0,No fault,,,,,,,,,
2026-08-12T16:16:02.835,1786544162.835899,8.355737,3,-6000,5.000000,249,-6000,0x04,single,942.700000,-5200,0.230000,32,0,No fault,,,,,,,,,
2026-08-12T16:16:02.846,1786544162.846248,8.366089,3,-6000,5.000000,250,-6000,0x04,single,939.000000,-5170,0.110000,32,0,No fault,,,,,,,,,
2026-08-12T16:16:02.856,1786544162.856616,8.376454,3,-6000,5.000000,251,-6000,0x04,single,935.200000,-5190,0.200000,32,0,No fault,,,,,,,,,
2026-08-12T16:16:02.866,1786544162.866969,8.386808,3,-6000,5.000000,252,-6000,0x04,single,931.500000,-5210,0.250000,32,0,No fault,,,,,,,,,
2026-08-12T16:16:02.877,1786544162.877355,8.397208,3,-6000,5.000000,253,-6000,0x04,single,927.600000,-5240,0.280000,32,0,No fault,,,,,,,,,
2026-08-12T16:16:02.887,1786544162.887849,8.407699,3,-6000,5.000000,254,-6000,0x04,single,923.800000,-5230,0.470000,32,0,No fault,,,,,,,,,
2026-08-12T16:16:02.898,1786544162.898241,8.418082,3,-6000,5.000000,255,-6000,0x04,single,920.000000,-5230,0.490000,32,0,No fault,,,,,,,,,
2026-08-12T16:16:02.908,1786544162.908605,8.428447,3,-6000,5.000000,256,-6000,0x04,single,916.200000,-5220,0.430000,32,0,No fault,,,,,,,,,
2026-08-12T16:16:02.918,1786544162.918961,8.438799,3,-6000,5.000000,257,-6000,0x04,single,912.400000,-5200,0.370000,32,0,No fault,,,,,,,,,
2026-08-12T16:16:02.929,1786544162.929339,8.449185,3,-6000,5.000000,258,-6000,0x04,single,908.600000,-5180,0.200000,32,0,No fault,,,,,,,,,
2026-08-12T16:16:02.939,1786544162.939828,8.459682,3,-6000,5.000000,259,-6000,0x04,single,904.800000,-5220,0.140000,32,0,No fault,,,,,,,,,
2026-08-12T16:16:02.950,1786544162.950282,8.470125,3,-6000,5.000000,260,-6000,0x04,single,901.000000,-5260,0.060000,32,0,No fault,,,,,,,,,
2026-08-12T16:16:02.960,1786544162.960736,8.480594,3,-6000,5.000000,261,-6000,0x04,single,897.200000,-5280,0.190000,32,0,No fault,,,,,,,,,
2026-08-12T16:16:02.976,1786544162.976362,8.496233,3,-6000,5.000000,262,-6000,0x04,single,893.400000,-5280,0.280000,32,0,No fault,,,,,,,,,
2026-08-12T16:16:02.981,1786544162.981784,8.501633,3,-6000,5.000000,263,-6000,0x04,single,889.600000,-5250,0.310000,32,0,No fault,,,,,,,,,
2026-08-12T16:16:02.992,1786544162.992142,8.511975,3,-6000,5.000000,264,-6000,0x04,single,885.900000,-5200,0.320000,32,0,No fault,,,,,,,,,
2026-08-12T16:16:03.002,1786544163.002485,8.522337,3,-6000,5.000000,265,-6000,0x04,single,882.200000,-5170,0.270000,32,0,No fault,,,,,,,,,
2026-08-12T16:16:03.012,1786544163.012924,8.532770,3,-6000,5.000000,266,-6000,0x04,single,878.500000,-5130,0.300000,32,0,No fault,,,,,,,,,
2026-08-12T16:16:03.018,1786544163.018258,8.538106,3,-6000,5.000000,267,-6000,0x04,single,874.900000,-5150,0.400000,32,0,No fault,,,,,,,,,
2026-08-12T16:16:03.028,1786544163.028675,8.548514,3,-6000,5.000000,268,-6000,0x04,single,871.200000,-5200,0.390000,32,0,No fault,,,,,,,,,
2026-08-12T16:16:03.039,1786544163.039083,8.558925,3,-6000,5.000000,269,-6000,0x04,single,867.400000,-5230,0.390000,32,0,No fault,,,,,,,,,
2026-08-12T16:16:03.049,1786544163.049483,8.569329,3,-6000,5.000000,270,-6000,0x04,single,863.700000,-5220,0.440000,32,0,No fault,,,,,,,,,
2026-08-12T16:16:03.059,1786544163.059828,8.579666,3,-6000,5.000000,271,-6000,0x04,single,860.000000,-5200,0.300000,32,0,No fault,,,,,,,,,
2026-08-12T16:16:03.070,1786544163.070173,8.590012,3,-6000,5.000000,272,-6000,0x04,single,856.200000,-5180,0.250000,32,0,No fault,,,,,,,,,
2026-08-12T16:16:03.080,1786544163.080586,8.600424,3,-6000,5.000000,273,-6000,0x04,single,852.500000,-5190,0.230000,32,0,No fault,,,,,,,,,
2026-08-12T16:16:03.090,1786544163.090930,8.610773,3,-6000,5.000000,274,-6000,0x04,single,848.800000,-5180,0.380000,32,0,No fault,,,,,,,,,
2026-08-12T16:16:03.101,1786544163.101305,8.621144,3,-6000,5.000000,275,-6000,0x04,single,845.100000,-5220,0.370000,32,0,No fault,,,,,,,,,
2026-08-12T16:16:03.111,1786544163.111661,8.631501,3,-6000,5.000000,276,-6000,0x04,single,841.400000,-5250,0.230000,32,0,No fault,,,,,,,,,
2026-08-12T16:16:03.122,1786544163.122148,8.641996,3,-6000,5.000000,277,-6000,0x04,single,837.600000,-5250,0.270000,32,0,No fault,,,,,,,,,
2026-08-12T16:16:03.132,1786544163.132610,8.652456,3,-6000,5.000000,278,-6000,0x04,single,833.800000,-5250,0.480000,32,0,No fault,,,,,,,,,
2026-08-12T16:16:03.142,1786544163.142976,8.662827,3,-6000,5.000000,279,-6000,0x04,single,829.900000,-5250,0.530000,32,0,No fault,,,,,,,,,
2026-08-12T16:16:03.153,1786544163.153403,8.673294,3,-6000,5.000000,280,-6000,0x04,single,826.100000,-5250,0.560000,32,0,No fault,,,,,,,,,
2026-08-12T16:16:03.158,1786544163.158731,8.678576,3,-6000,5.000000,281,-6000,0x04,single,822.300000,-5230,0.460000,32,0,No fault,,,,,,,,,
2026-08-12T16:16:03.174,1786544163.174312,8.694166,3,-6000,5.000000,282,-6000,0x04,single,818.500000,-5200,0.270000,32,0,No fault,,,,,,,,,
2026-08-12T16:16:03.179,1786544163.179640,8.699478,3,-6000,5.000000,283,-6000,0x04,single,814.800000,-5220,0.330000,32,0,No fault,,,,,,,,,
2026-08-12T16:16:03.190,1786544163.190320,8.710181,3,-6000,5.000000,284,-6000,0x04,single,811.100000,-5240,0.340000,32,0,No fault,,,,,,,,,
2026-08-12T16:16:03.200,1786544163.200784,8.720641,3,-6000,5.000000,285,-6000,0x04,single,807.300000,-5250,0.410000,32,0,No fault,,,,,,,,,
2026-08-12T16:16:03.211,1786544163.211424,8.731284,3,-6000,5.000000,286,-6000,0x04,single,803.600000,-5230,0.400000,32,0,No fault,,,,,,,,,
2026-08-12T16:16:03.221,1786544163.221812,8.741661,3,-6000,5.000000,287,-6000,0x04,single,799.900000,-5210,0.380000,32,0,No fault,,,,,,,,,
2026-08-12T16:16:03.232,1786544163.232132,8.751968,3,-6000,5.000000,288,-6000,0x04,single,796.200000,-5180,0.300000,32,0,No fault,,,,,,,,,
2026-08-12T16:16:03.242,1786544163.242405,8.762244,3,-6000,5.000000,289,-6000,0x04,single,792.500000,-5160,0.360000,32,0,No fault,,,,,,,,,
2026-08-12T16:16:03.252,1786544163.252706,8.772547,3,-6000,5.000000,290,-6000,0x04,single,788.800000,-5130,0.390000,32,0,No fault,,,,,,,,,
2026-08-12T16:16:03.263,1786544163.263045,8.782890,3,-6000,5.000000,291,-6000,0x04,single,785.100000,-5170,0.490000,32,0,No fault,,,,,,,,,
2026-08-12T16:16:03.273,1786544163.273427,8.793302,3,-6000,5.000000,292,-6000,0x04,single,781.400000,-5200,0.410000,32,0,No fault,,,,,,,,,
2026-08-12T16:16:03.278,1786544163.278716,8.798557,3,-6000,5.000000,293,-6000,0x04,single,777.700000,-5210,0.300000,32,0,No fault,,,,,,,,,
2026-08-12T16:16:03.289,1786544163.289064,8.808905,3,-6000,5.000000,294,-6000,0x04,single,773.900000,-5210,0.410000,32,0,No fault,,,,,,,,,
2026-08-12T16:16:03.299,1786544163.299411,8.819252,3,-6000,5.000000,295,-6000,0x04,single,770.200000,-5230,0.610000,32,0,No fault,,,,,,,,,
2026-08-12T16:16:03.309,1786544163.309760,8.829601,3,-6000,5.000000,296,-6000,0x04,single,766.400000,-5230,0.410000,32,0,No fault,,,,,,,,,
2026-08-12T16:16:03.320,1786544163.320118,8.839960,3,-6000,5.000000,297,-6000,0x04,single,762.600000,-5220,0.260000,32,0,No fault,,,,,,,,,
2026-08-12T16:16:03.330,1786544163.330468,8.850311,3,-6000,5.000000,298,-6000,0x04,single,758.800000,-5190,0.180000,32,0,No fault,,,,,,,,,
2026-08-12T16:16:03.340,1786544163.340818,8.860659,3,-6000,5.000000,299,-6000,0x04,single,755.100000,-5190,0.170000,32,0,No fault,,,,,,,,,
2026-08-12T16:16:03.351,1786544163.351245,8.871107,3,-6000,5.000000,300,-6000,0x04,single,751.300000,-5210,0.320000,32,0,No fault,,,,,,,,,
2026-08-12T16:16:03.361,1786544163.361744,8.881591,3,-6000,5.000000,301,-6000,0x04,single,747.600000,-5220,0.300000,32,0,No fault,,,,,,,,,
2026-08-12T16:16:03.377,1786544163.377201,8.897050,3,-6000,5.000000,302,-6000,0x04,single,743.900000,-5210,0.370000,32,0,No fault,,,,,,,,,
2026-08-12T16:16:03.382,1786544163.382582,8.902425,3,-6000,5.000000,303,-6000,0x04,single,740.100000,-5190,0.350000,32,0,No fault,,,,,,,,,
2026-08-12T16:16:03.392,1786544163.392963,8.912802,3,-6000,5.000000,304,-6000,0x04,single,736.400000,-5170,0.330000,32,0,No fault,,,,,,,,,
2026-08-12T16:16:03.403,1786544163.403312,8.923150,3,-6000,5.000000,305,-6000,0x04,single,732.700000,-5170,0.280000,32,0,No fault,,,,,,,,,
2026-08-12T16:16:03.413,1786544163.413664,8.933503,3,-6000,5.000000,306,-6000,0x04,single,729.100000,-5150,0.320000,32,0,No fault,,,,,,,,,
2026-08-12T16:16:03.424,1786544163.424017,8.943854,3,-6000,5.000000,307,-6000,0x04,single,725.400000,-5180,0.240000,32,0,No fault,,,,,,,,,
2026-08-12T16:16:03.434,1786544163.434411,8.954261,3,-6000,5.000000,308,-6000,0x04,single,721.700000,-5210,0.370000,32,0,No fault,,,,,,,,,
2026-08-12T16:16:03.444,1786544163.444876,8.964731,3,-6000,5.000000,309,-6000,0x04,single,717.900000,-5220,0.350000,32,0,No fault,,,,,,,,,
2026-08-12T16:16:03.455,1786544163.455295,8.975138,3,-6000,5.000000,310,-6000,0x04,single,714.200000,-5220,0.250000,32,0,No fault,,,,,,,,,
2026-08-12T16:16:03.465,1786544163.465749,8.985620,3,-6000,5.000000,311,-6000,0x04,single,710.400000,-5240,0.300000,32,0,No fault,,,,,,,,,
2026-08-12T16:16:03.471,1786544163.471178,8.991026,3,-6000,5.000000,312,-6000,0x04,single,706.600000,-5240,0.270000,32,0,No fault,,,,,,,,,
2026-08-12T16:16:03.481,1786544163.481720,9.001576,3,-6000,5.000000,313,-6000,0x04,single,702.900000,-5240,0.310000,32,0,No fault,,,,,,,,,
2026-08-12T16:16:03.491,1786544163.491141,9.010982,3,-6000,5.000000,314,-6000,0x04,single,699.200000,-5220,0.260000,32,0,No fault,,,,,,,,,
2026-08-12T16:16:03.501,1786544163.501480,9.021328,3,-6000,5.000000,315,-6000,0x04,single,695.500000,-5230,0.280000,32,0,No fault,,,,,,,,,
2026-08-12T16:16:03.511,1786544163.511863,9.031707,3,-6000,5.000000,316,-6000,0x04,single,691.700000,-5240,0.390000,32,0,No fault,,,,,,,,,
2026-08-12T16:16:03.522,1786544163.522253,9.042100,3,-6000,5.000000,317,-6000,0x04,single,688.000000,-5220,0.430000,32,0,No fault,,,,,,,,,
2026-08-12T16:16:03.532,1786544163.532692,9.052532,3,-6000,5.000000,318,-6000,0x04,single,684.200000,-5210,0.160000,32,0,No fault,,,,,,,,,
2026-08-12T16:16:03.543,1786544163.543037,9.062877,3,-6000,5.000000,319,-6000,0x04,single,680.500000,-5200,0.210000,32,0,No fault,,,,,,,,,
2026-08-12T16:16:03.553,1786544163.553465,9.073329,3,-6000,5.000000,320,-6000,0x04,single,676.800000,-5190,0.220000,32,0,No fault,,,,,,,,,
2026-08-12T16:16:03.563,1786544163.563984,9.083841,3,-6000,5.000000,321,-6000,0x04,single,673.100000,-5180,0.220000,32,0,No fault,,,,,,,,,
2026-08-12T16:16:03.579,1786544163.579886,9.099730,3,-6000,5.000000,322,-6000,0x04,single,669.500000,-5140,0.320000,32,0,No fault,,,,,,,,,
2026-08-12T16:16:03.585,1786544163.585156,9.104995,3,-6000,5.000000,323,-6000,0x04,single,665.700000,-5140,0.240000,32,0,No fault,,,,,,,,,
2026-08-12T16:16:03.590,1786544163.590407,9.110248,3,-6000,5.000000,324,-6000,0x04,single,662.000000,-5180,0.280000,32,0,No fault,,,,,,,,,
2026-08-12T16:16:03.600,1786544163.600766,9.120602,3,-6000,5.000000,325,-6000,0x04,single,658.300000,-5200,0.320000,32,0,No fault,,,,,,,,,
2026-08-12T16:16:03.611,1786544163.611131,9.130974,3,-6000,5.000000,326,-6000,0x04,single,654.500000,-5240,0.320000,32,0,No fault,,,,,,,,,
2026-08-12T16:16:03.621,1786544163.621493,9.141333,3,-6000,5.000000,327,-6000,0x04,single,650.700000,-5260,0.220000,32,0,No fault,,,,,,,,,
2026-08-12T16:16:03.631,1786544163.631833,9.151670,3,-6000,5.000000,328,-6000,0x04,single,646.900000,-5280,0.220000,32,0,No fault,,,,,,,,,
2026-08-12T16:16:03.642,1786544163.642171,9.162007,3,-6000,5.000000,329,-6000,0x04,single,643.100000,-5300,0.260000,32,0,No fault,,,,,,,,,
2026-08-12T16:16:03.652,1786544163.652506,9.172343,3,-6000,5.000000,330,-6000,0x04,single,639.400000,-5280,0.400000,32,0,No fault,,,,,,,,,
2026-08-12T16:16:03.662,1786544163.662842,9.182678,3,-6000,5.000000,331,-6000,0x04,single,635.600000,-5260,0.340000,32,0,No fault,,,,,,,,,
2026-08-12T16:16:03.674,1786544163.674437,9.194276,3,-6000,5.000000,332,-6000,0x04,single,631.900000,-5260,0.280000,32,0,No fault,,,,,,,,,
2026-08-12T16:16:03.684,1786544163.684793,9.204629,3,-6000,5.000000,333,-6000,0x04,single,628.100000,-5260,0.340000,32,0,No fault,,,,,,,,,
2026-08-12T16:16:03.695,1786544163.695129,9.214966,3,-6000,5.000000,334,-6000,0x04,single,624.300000,-5270,0.250000,32,0,No fault,,,,,,,,,
2026-08-12T16:16:03.705,1786544163.705479,9.225316,3,-6000,5.000000,335,-6000,0x04,single,620.500000,-5280,0.170000,32,0,No fault,,,,,,,,,
2026-08-12T16:16:03.715,1786544163.715867,9.235716,3,-6000,5.000000,336,-6000,0x04,single,616.700000,-5290,0.230000,32,0,No fault,,,,,,,,,
2026-08-12T16:16:03.721,1786544163.721206,9.241065,3,-6000,5.000000,337,-6000,0x04,single,613.000000,-5280,0.290000,32,0,No fault,,,,,,,,,
2026-08-12T16:16:03.731,1786544163.731644,9.251488,3,-6000,5.000000,338,-6000,0x04,single,609.300000,-5240,0.350000,32,0,No fault,,,,,,,,,
2026-08-12T16:16:03.742,1786544163.742107,9.261944,3,-6000,5.000000,339,-6000,0x04,single,605.500000,-5240,0.330000,32,0,No fault,,,,,,,,,
2026-08-12T16:16:03.752,1786544163.752440,9.272273,3,-6000,5.000000,340,-6000,0x04,single,601.800000,-5250,0.350000,32,0,No fault,,,,,,,,,
2026-08-12T16:16:03.762,1786544163.762765,9.282598,3,-6000,5.000000,341,-6000,0x04,single,598.000000,-5240,0.430000,32,0,No fault,,,,,,,,,
2026-08-12T16:16:03.773,1786544163.773191,9.293026,3,-6000,5.000000,342,-6000,0x04,single,594.300000,-5220,0.370000,32,0,No fault,,,,,,,,,
2026-08-12T16:16:03.784,1786544163.784026,9.303859,3,-6000,5.000000,343,-6000,0x04,single,590.600000,-5210,0.270000,32,0,No fault,,,,,,,,,
2026-08-12T16:16:03.794,1786544163.794353,9.314196,3,-6000,5.000000,344,-6000,0x04,single,586.800000,-5210,0.260000,32,0,No fault,,,,,,,,,
2026-08-12T16:16:03.799,1786544163.799669,9.319509,3,-6000,5.000000,345,-6000,0x04,single,583.100000,-5210,0.400000,32,0,No fault,,,,,,,,,
2026-08-12T16:16:03.810,1786544163.810529,9.330385,3,-6000,5.000000,346,-6000,0x04,single,579.400000,-5170,0.450000,32,0,No fault,,,,,,,,,
2026-08-12T16:16:03.820,1786544163.820991,9.340834,3,-6000,5.000000,347,-6000,0x04,single,575.800000,-5130,0.380000,32,0,No fault,,,,,,,,,
2026-08-12T16:16:03.831,1786544163.831327,9.351164,3,-6000,5.000000,348,-6000,0x04,single,572.100000,-5120,0.390000,32,0,No fault,,,,,,,,,
2026-08-12T16:16:03.841,1786544163.841630,9.361465,3,-6000,5.000000,349,-6000,0x04,single,568.400000,-5120,0.440000,32,0,No fault,,,,,,,,,
2026-08-12T16:16:03.851,1786544163.851920,9.371753,3,-6000,5.000000,350,-6000,0x04,single,564.700000,-5120,0.460000,32,0,No fault,,,,,,,,,
2026-08-12T16:16:03.862,1786544163.862259,9.382109,3,-6000,5.000000,351,-6000,0x04,single,561.000000,-5110,0.400000,32,0,No fault,,,,,,,,,
2026-08-12T16:16:03.872,1786544163.872707,9.392557,3,-6000,5.000000,352,-6000,0x04,single,557.200000,-5080,0.240000,32,0,No fault,,,,,,,,,
2026-08-12T16:16:03.883,1786544163.883106,9.402946,3,-6000,5.000000,353,-6000,0x04,single,553.600000,-5030,0.130000,32,0,No fault,,,,,,,,,
2026-08-12T16:16:03.893,1786544163.893429,9.413299,3,-6000,5.000000,354,-6000,0x04,single,550.000000,-4960,0.280000,32,0,No fault,,,,,,,,,
2026-08-12T16:16:03.903,1786544163.903827,9.423677,3,-6000,5.000000,355,-6000,0x04,single,546.500000,-4900,0.500000,32,0,No fault,,,,,,,,,
2026-08-12T16:16:03.914,1786544163.914207,9.434047,3,-6000,5.000000,356,-6000,0x04,single,542.900000,-4870,0.640000,32,0,No fault,,,,,,,,,
2026-08-12T16:16:03.924,1786544163.924549,9.444388,3,-6000,5.000000,357,-6000,0x04,single,539.300000,-4900,0.540000,32,0,No fault,,,,,,,,,
2026-08-12T16:16:03.934,1786544163.934890,9.454727,3,-6000,5.000000,358,-6000,0x04,single,535.700000,-4940,0.260000,32,0,No fault,,,,,,,,,
2026-08-12T16:16:03.945,1786544163.945270,9.465119,3,-6000,5.000000,359,-6000,0x04,single,532.200000,-4970,0.250000,32,0,No fault,,,,,,,,,
2026-08-12T16:16:03.955,1786544163.955790,9.475669,3,-6000,5.000000,360,-6000,0x04,single,528.600000,-4970,0.250000,32,0,No fault,,,,,,,,,
2026-08-12T16:16:03.961,1786544163.961977,9.481845,3,-6000,5.000000,361,-6000,0x04,single,525.000000,-4930,0.410000,32,0,No fault,,,,,,,,,
2026-08-12T16:16:03.972,1786544163.972474,9.492338,3,-6000,5.000000,362,-6000,0x04,single,521.500000,-4890,0.420000,32,0,No fault,,,,,,,,,
2026-08-12T16:16:03.988,1786544163.988212,9.508057,3,-6000,5.000000,363,-6000,0x04,single,518.000000,-4880,0.370000,32,0,No fault,,,,,,,,,
2026-08-12T16:16:03.993,1786544163.993503,9.513351,3,-6000,5.000000,364,-6000,0x04,single,514.500000,-4970,0.410000,32,0,No fault,,,,,,,,,
2026-08-12T16:16:04.003,1786544164.003869,9.523714,3,-6000,5.000000,365,-6000,0x04,single,510.900000,-5030,0.450000,32,0,No fault,,,,,,,,,
2026-08-12T16:16:04.014,1786544164.014230,9.534075,3,-6000,5.000000,366,-6000,0x04,single,507.300000,-5040,0.430000,32,0,No fault,,,,,,,,,
2026-08-12T16:16:04.024,1786544164.024592,9.544436,3,-6000,5.000000,367,-6000,0x04,single,503.700000,-5010,0.370000,32,0,No fault,,,,,,,,,
2026-08-12T16:16:04.034,1786544164.034942,9.554784,3,-6000,5.000000,368,-6000,0x04,single,500.100000,-5020,0.360000,32,0,No fault,,,,,,,,,
2026-08-12T16:16:04.045,1786544164.045289,9.565129,3,-6000,5.000000,369,-6000,0x04,single,496.500000,-5020,0.350000,32,0,No fault,,,,,,,,,
2026-08-12T16:16:04.055,1786544164.055665,9.575505,3,-6000,5.000000,370,-6000,0x04,single,492.900000,-5030,0.380000,32,0,No fault,,,,,,,,,
2026-08-12T16:16:04.066,1786544164.066004,9.585844,3,-6000,5.000000,371,-6000,0x04,single,489.300000,-5010,0.490000,32,0,No fault,,,,,,,,,
2026-08-12T16:16:04.076,1786544164.076344,9.596184,3,-6000,5.000000,372,-6000,0x04,single,485.800000,-5020,0.430000,32,0,No fault,,,,,,,,,
2026-08-12T16:16:04.081,1786544164.081700,9.601549,3,-6000,5.000000,373,-6000,0x04,single,482.200000,-5030,0.450000,32,0,No fault,,,,,,,,,
2026-08-12T16:16:04.092,1786544164.092097,9.611939,3,-6000,5.000000,374,-6000,0x04,single,478.600000,-5040,0.370000,32,0,No fault,,,,,,,,,
2026-08-12T16:16:04.102,1786544164.102443,9.622282,3,-6000,5.000000,375,-6000,0x04,single,474.900000,-5100,0.260000,32,0,No fault,,,,,,,,,
2026-08-12T16:16:04.112,1786544164.112764,9.632601,3,-6000,5.000000,376,-6000,0x04,single,471.200000,-5150,0.280000,32,0,No fault,,,,,,,,,
2026-08-12T16:16:04.123,1786544164.123072,9.642907,3,-6000,5.000000,377,-6000,0x04,single,467.500000,-5180,0.370000,32,0,No fault,,,,,,,,,
2026-08-12T16:16:04.133,1786544164.133381,9.653217,3,-6000,5.000000,378,-6000,0x04,single,463.800000,-5190,0.460000,32,0,No fault,,,,,,,,,
2026-08-12T16:16:04.143,1786544164.143728,9.663563,3,-6000,5.000000,379,-6000,0x04,single,460.100000,-5130,0.460000,32,0,No fault,,,,,,,,,
2026-08-12T16:16:04.154,1786544164.154039,9.673875,3,-6000,5.000000,380,-6000,0x04,single,456.500000,-5120,0.460000,32,0,No fault,,,,,,,,,
2026-08-12T16:16:04.164,1786544164.164346,9.684181,3,-6000,5.000000,381,-6000,0x04,single,452.700000,-5150,0.480000,32,0,No fault,,,,,,,,,
2026-08-12T16:16:04.174,1786544164.174659,9.694496,3,-6000,5.000000,382,-6000,0x04,single,449.000000,-5170,0.430000,32,0,No fault,,,,,,,,,
2026-08-12T16:16:04.195,1786544164.195148,9.714991,3,-6000,5.000000,383,-6000,0x04,single,441.600000,-5210,0.390000,32,0,No fault,,,,,,,,,
2026-08-12T16:16:04.205,1786544164.205654,9.725493,3,-6000,5.000000,384,-6000,0x04,single,437.800000,-5200,0.420000,32,0,No fault,,,,,,,,,
2026-08-12T16:16:04.216,1786544164.216294,9.736281,3,-6000,5.000000,385,-6000,0x04,single,434.200000,-5170,0.190000,32,0,No fault,,,,,,,,,
2026-08-12T16:16:04.222,1786544164.222183,9.742046,3,-6000,5.000000,386,-6000,0x04,single,430.500000,-5100,0.310000,32,0,No fault,,,,,,,,,
2026-08-12T16:16:04.232,1786544164.232964,9.752819,3,-6000,5.000000,387,-6000,0x04,single,426.800000,-5080,0.460000,33,0,No fault,,,,,,,,,
2026-08-12T16:16:04.243,1786544164.243388,9.763240,3,-6000,5.000000,388,-6000,0x04,single,423.100000,-5110,0.530000,32,0,No fault,,,,,,,,,
2026-08-12T16:16:04.253,1786544164.253779,9.773624,3,-6000,5.000000,389,-6000,0x04,single,419.300000,-5150,0.450000,32,0,No fault,,,,,,,,,
2026-08-12T16:16:04.264,1786544164.264144,9.783987,3,-6000,5.000000,390,-6000,0x04,single,415.500000,-5200,0.210000,32,0,No fault,,,,,,,,,
2026-08-12T16:16:04.274,1786544164.274607,9.794449,3,-6000,5.000000,391,-6000,0x04,single,411.700000,-5260,0.120000,32,0,No fault,,,,,,,,,
2026-08-12T16:16:04.284,1786544164.284984,9.804825,3,-6000,5.000000,392,-6000,0x04,single,407.800000,-5290,0.090000,32,0,No fault,,,,,,,,,
2026-08-12T16:16:04.295,1786544164.295351,9.815190,3,-6000,5.000000,393,-6000,0x04,single,404.000000,-5290,0.080000,32,0,No fault,,,,,,,,,
2026-08-12T16:16:04.305,1786544164.305704,9.825540,3,-6000,5.000000,394,-6000,0x04,single,400.200000,-5220,0.320000,32,0,No fault,,,,,,,,,
2026-08-12T16:16:04.316,1786544164.316055,9.835895,3,-6000,5.000000,395,-6000,0x04,single,396.400000,-5200,0.410000,32,0,No fault,,,,,,,,,
2026-08-12T16:16:04.326,1786544164.326421,9.846259,3,-6000,5.000000,396,-6000,0x04,single,392.600000,-5240,0.490000,32,0,No fault,,,,,,,,,
2026-08-12T16:16:04.336,1786544164.336762,9.856598,3,-6000,5.000000,397,-6000,0x04,single,388.800000,-5240,0.570000,32,0,No fault,,,,,,,,,
2026-08-12T16:16:04.347,1786544164.347103,9.866942,3,-6000,5.000000,398,-6000,0x04,single,385.000000,-5250,0.440000,32,0,No fault,,,,,,,,,
2026-08-12T16:16:04.357,1786544164.357474,9.877310,3,-6000,5.000000,399,-6000,0x04,single,381.100000,-5260,0.280000,32,0,No fault,,,,,,,,,
2026-08-12T16:16:04.367,1786544164.367821,9.887658,3,-6000,5.000000,400,-6000,0x04,single,377.300000,-5250,0.210000,32,0,No fault,,,,,,,,,
2026-08-12T16:16:04.378,1786544164.378243,9.898096,3,-6000,5.000000,401,-6000,0x04,single,373.500000,-5250,0.070000,32,0,No fault,,,,,,,,,
2026-08-12T16:16:04.398,1786544164.398872,9.918718,3,-6000,5.000000,402,-6000,0x04,single,366.100000,-5180,0.330000,32,0,No fault,,,,,,,,,
2026-08-12T16:16:04.409,1786544164.409213,9.929061,3,-6000,5.000000,403,-6000,0x04,single,362.400000,-5210,0.380000,32,0,No fault,,,,,,,,,
2026-08-12T16:16:04.419,1786544164.419602,9.939444,3,-6000,5.000000,404,-6000,0x04,single,358.600000,-5240,0.260000,32,0,No fault,,,,,,,,,
2026-08-12T16:16:04.429,1786544164.429982,9.949832,3,-6000,5.000000,405,-6000,0x04,single,354.800000,-5280,0.170000,32,0,No fault,,,,,,,,,
2026-08-12T16:16:04.440,1786544164.440488,9.960327,3,-6000,5.000000,406,-6000,0x04,single,351.000000,-5310,0.240000,32,0,No fault,,,,,,,,,
2026-08-12T16:16:04.445,1786544164.445825,9.965663,3,-6000,5.000000,407,-6000,0x04,single,347.200000,-5320,0.260000,32,0,No fault,,,,,,,,,
2026-08-12T16:16:04.456,1786544164.456177,9.976031,3,-6000,5.000000,408,-6000,0x04,single,343.400000,-5330,0.310000,32,0,No fault,,,,,,,,,
2026-08-12T16:16:04.466,1786544164.466693,9.986569,3,-6000,5.000000,409,-6000,0x04,single,339.600000,-5280,0.360000,32,0,No fault,,,,,,,,,
2026-08-12T16:16:04.477,1786544164.477324,9.997193,3,-6000,5.000000,410,-6000,0x04,single,335.900000,-5250,0.370000,32,0,No fault,,,,,,,,,
2026-08-12T16:16:04.487,1786544164.487922,10.007788,3,-6000,5.000000,411,-6000,0x04,single,332.200000,-5250,0.300000,32,0,No fault,,,,,,,,,
2026-08-12T16:16:04.498,1786544164.498330,10.018167,3,-6000,5.000000,412,-6000,0x04,single,328.400000,-5250,0.250000,32,0,No fault,,,,,,,,,
2026-08-12T16:16:04.508,1786544164.508676,10.028525,3,-6000,5.000000,413,-6000,0x04,single,324.600000,-5250,0.350000,32,0,No fault,,,,,,,,,
2026-08-12T16:16:04.519,1786544164.519052,10.038891,3,-6000,5.000000,414,-6000,0x04,single,320.900000,-5240,0.300000,32,0,No fault,,,,,,,,,
2026-08-12T16:16:04.529,1786544164.529380,10.049218,3,-6000,5.000000,415,-6000,0x04,single,317.100000,-5220,0.330000,32,0,No fault,,,,,,,,,
2026-08-12T16:16:04.534,1786544164.534688,10.054531,3,-6000,5.000000,416,-6000,0x04,single,313.400000,-5210,0.380000,32,0,No fault,,,,,,,,,
2026-08-12T16:16:04.545,1786544164.545034,10.064870,3,-6000,5.000000,417,-6000,0x04,single,309.700000,-5190,0.350000,32,0,No fault,,,,,,,,,
2026-08-12T16:16:04.555,1786544164.555337,10.075173,3,-6000,5.000000,418,-6000,0x04,single,306.000000,-5190,0.330000,32,0,No fault,,,,,,,,,
2026-08-12T16:16:04.565,1786544164.565631,10.085466,3,-6000,5.000000,419,-6000,0x04,single,302.300000,-5210,0.350000,32,0,No fault,,,,,,,,,
2026-08-12T16:16:04.575,1786544164.575996,10.095831,3,-6000,5.000000,420,-6000,0x04,single,298.600000,-5210,0.120000,32,0,No fault,,,,,,,,,
2026-08-12T16:16:04.586,1786544164.586320,10.106160,3,-6000,5.000000,421,-6000,0x04,single,294.800000,-5240,0.080000,32,0,No fault,,,,,,,,,
2026-08-12T16:16:04.601,1786544164.601730,10.121580,3,-6000,5.000000,422,-6000,0x04,single,291.000000,-5260,0.240000,32,0,No fault,,,,,,,,,
2026-08-12T16:16:04.607,1786544164.607025,10.126863,3,-6000,5.000000,423,-6000,0x04,single,287.300000,-5290,0.260000,32,0,No fault,,,,,,,,,
2026-08-12T16:16:04.617,1786544164.617397,10.137242,3,-6000,5.000000,424,-6000,0x04,single,283.500000,-5280,0.300000,32,0,No fault,,,,,,,,,
2026-08-12T16:16:04.627,1786544164.627785,10.147622,3,-6000,5.000000,425,-6000,0x04,single,279.800000,-5230,0.280000,32,0,No fault,,,,,,,,,
2026-08-12T16:16:04.638,1786544164.638086,10.157921,3,-6000,5.000000,426,-6000,0x04,single,276.100000,-5200,0.340000,32,0,No fault,,,,,,,,,
2026-08-12T16:16:04.648,1786544164.648377,10.168212,3,-6000,5.000000,427,-6000,0x04,single,272.400000,-5210,0.340000,32,0,No fault,,,,,,,,,
2026-08-12T16:16:04.658,1786544164.658662,10.178496,3,-6000,5.000000,428,-6000,0x04,single,268.600000,-5220,0.290000,32,0,No fault,,,,,,,,,
2026-08-12T16:16:04.668,1786544164.668944,10.188779,3,-6000,5.000000,429,-6000,0x04,single,264.800000,-5250,0.240000,32,0,No fault,,,,,,,,,
2026-08-12T16:16:04.679,1786544164.679232,10.199067,3,-6000,5.000000,430,-6000,0x04,single,261.100000,-5270,0.230000,32,0,No fault,,,,,,,,,
2026-08-12T16:16:04.689,1786544164.689487,10.209321,3,-6000,5.000000,431,-6000,0x04,single,257.300000,-5270,0.270000,32,0,No fault,,,,,,,,,
2026-08-12T16:16:04.699,1786544164.699768,10.219602,3,-6000,5.000000,432,-6000,0x04,single,253.600000,-5250,0.370000,32,0,No fault,,,,,,,,,
2026-08-12T16:16:04.710,1786544164.710049,10.229882,3,-6000,5.000000,433,-6000,0x04,single,249.900000,-5180,0.360000,32,0,No fault,,,,,,,,,
2026-08-12T16:16:04.720,1786544164.720384,10.240229,3,-6000,5.000000,434,-6000,0x04,single,246.200000,-5150,0.300000,32,0,No fault,,,,,,,,,
2026-08-12T16:16:04.725,1786544164.725762,10.245653,3,-6000,5.000000,435,-6000,0x04,single,242.500000,-5180,0.360000,32,0,No fault,,,,,,,,,
2026-08-12T16:16:04.741,1786544164.741485,10.261334,3,-6000,5.000000,436,-6000,0x04,single,238.800000,-5210,0.420000,32,0,No fault,,,,,,,,,
2026-08-12T16:16:04.746,1786544164.746797,10.266638,3,-6000,5.000000,437,-6000,0x04,single,235.000000,-5240,0.290000,32,0,No fault,,,,,,,,,
2026-08-12T16:16:04.757,1786544164.757145,10.276984,3,-6000,5.000000,438,-6000,0x04,single,231.200000,-5270,0.260000,32,0,No fault,,,,,,,,,
2026-08-12T16:16:04.767,1786544164.767516,10.287356,3,-6000,5.000000,439,-6000,0x04,single,227.400000,-5280,0.340000,32,0,No fault,,,,,,,,,
2026-08-12T16:16:04.777,1786544164.777980,10.297817,3,-6000,5.000000,440,-6000,0x04,single,223.700000,-5270,0.460000,32,0,No fault,,,,,,,,,
2026-08-12T16:16:04.788,1786544164.788322,10.308161,3,-6000,5.000000,441,-6000,0x04,single,220.000000,-5210,0.440000,32,0,No fault,,,,,,,,,
2026-08-12T16:16:04.803,1786544164.803739,10.323579,3,-6000,5.000000,442,-6000,0x04,single,216.300000,-5170,0.310000,32,0,No fault,,,,,,,,,
2026-08-12T16:16:04.808,1786544164.808985,10.328827,3,-6000,5.000000,443,-6000,0x04,single,212.600000,-5180,0.160000,32,0,No fault,,,,,,,,,
2026-08-12T16:16:04.819,1786544164.819342,10.339186,3,-6000,5.000000,444,-6000,0x04,single,208.900000,-5180,0.350000,32,0,No fault,,,,,,,,,
2026-08-12T16:16:04.824,1786544164.824639,10.344479,3,-6000,5.000000,445,-6000,0x04,single,205.100000,-5210,0.380000,32,0,No fault,,,,,,,,,
2026-08-12T16:16:04.834,1786544164.834977,10.354814,3,-6000,5.000000,446,-6000,0x04,single,201.400000,-5230,0.210000,32,0,No fault,,,,,,,,,
2026-08-12T16:16:04.845,1786544164.845316,10.365152,3,-6000,5.000000,447,-6000,0x04,single,197.600000,-5230,0.060000,32,0,No fault,,,,,,,,,
2026-08-12T16:16:04.855,1786544164.855674,10.375510,3,-6000,5.000000,448,-6000,0x04,single,193.800000,-5220,0.110000,32,0,No fault,,,,,,,,,
2026-08-12T16:16:04.866,1786544164.866115,10.385952,3,-6000,5.000000,449,-6000,0x04,single,190.100000,-5160,0.240000,32,0,No fault,,,,,,,,,
2026-08-12T16:16:04.876,1786544164.876455,10.396291,3,-6000,5.000000,450,-6000,0x04,single,186.300000,-5130,0.370000,32,0,No fault,,,,,,,,,
2026-08-12T16:16:04.886,1786544164.886792,10.406633,3,-6000,5.000000,451,-6000,0x04,single,182.600000,-5150,0.520000,32,0,No fault,,,,,,,,,
2026-08-12T16:16:04.897,1786544164.897130,10.416966,3,-6000,5.000000,452,-6000,0x04,single,178.800000,-5190,0.520000,32,0,No fault,,,,,,,,,
2026-08-12T16:16:04.907,1786544164.907465,10.427304,3,-6000,5.000000,453,-6000,0x04,single,175.000000,-5220,0.420000,32,0,No fault,,,,,,,,,
2026-08-12T16:16:04.917,1786544164.917806,10.437643,3,-6000,5.000000,454,-6000,0x04,single,171.200000,-5240,0.230000,32,0,No fault,,,,,,,,,
2026-08-12T16:16:04.928,1786544164.928151,10.447990,3,-6000,5.000000,455,-6000,0x04,single,167.300000,-5260,0.150000,32,0,No fault,,,,,,,,,
2026-08-12T16:16:04.938,1786544164.938488,10.458330,3,-6000,5.000000,456,-6000,0x04,single,163.600000,-5250,0.150000,32,0,No fault,,,,,,,,,
2026-08-12T16:16:04.948,1786544164.948859,10.468697,3,-6000,5.000000,457,-6000,0x04,single,159.800000,-5190,0.090000,32,0,No fault,,,,,,,,,
2026-08-12T16:16:04.959,1786544164.959279,10.479148,3,-6000,5.000000,458,-6000,0x04,single,156.000000,-5180,0.320000,32,0,No fault,,,,,,,,,
2026-08-12T16:16:04.969,1786544164.969812,10.489672,3,-6000,5.000000,459,-6000,0x04,single,152.300000,-5190,0.440000,32,0,No fault,,,,,,,,,
2026-08-12T16:16:04.980,1786544164.980364,10.500240,3,-6000,5.000000,460,-6000,0x04,single,148.400000,-5170,0.480000,32,0,No fault,,,,,,,,,
2026-08-12T16:16:04.991,1786544164.991001,10.510866,3,-6000,5.000000,461,-6000,0x04,single,144.700000,-5150,0.520000,32,0,No fault,,,,,,,,,
2026-08-12T16:16:05.011,1786544165.011720,10.531584,3,-6000,5.000000,462,-6000,0x04,single,137.300000,-5160,0.290000,32,0,No fault,,,,,,,,,
2026-08-12T16:16:05.022,1786544165.022154,10.542000,3,-6000,5.000000,463,-6000,0x04,single,133.600000,-5140,0.400000,32,0,No fault,,,,,,,,,
2026-08-12T16:16:05.032,1786544165.032537,10.552382,3,-6000,5.000000,464,-6000,0x04,single,130.000000,-5090,0.430000,32,0,No fault,,,,,,,,,
2026-08-12T16:16:05.042,1786544165.042898,10.562735,3,-6000,5.000000,465,-6000,0x04,single,126.400000,-5060,0.350000,32,0,No fault,,,,,,,,,
2026-08-12T16:16:05.053,1786544165.053222,10.573058,3,-6000,5.000000,466,-6000,0x04,single,122.800000,-5090,0.320000,32,0,No fault,,,,,,,,,
2026-08-12T16:16:05.063,1786544165.063543,10.583377,3,-6000,5.000000,467,-6000,0x04,single,119.100000,-5120,0.230000,32,0,No fault,,,,,,,,,
2026-08-12T16:16:05.068,1786544165.068775,10.588608,3,-6000,5.000000,468,-6000,0x04,single,115.400000,-5160,0.280000,32,0,No fault,,,,,,,,,
2026-08-12T16:16:05.079,1786544165.079097,10.598934,3,-6000,5.000000,469,-6000,0x04,single,111.600000,-5210,0.250000,32,0,No fault,,,,,,,,,
2026-08-12T16:16:05.089,1786544165.089430,10.609300,3,-6000,5.000000,470,-6000,0x04,single,107.900000,-5240,0.390000,32,0,No fault,,,,,,,,,
2026-08-12T16:16:05.099,1786544165.099802,10.619653,3,-6000,5.000000,471,-6000,0x04,single,104.200000,-5240,0.350000,32,0,No fault,,,,,,,,,
2026-08-12T16:16:05.110,1786544165.110241,10.630078,3,-6000,5.000000,472,-6000,0x04,single,100.500000,-5190,0.340000,32,0,No fault,,,,,,,,,
2026-08-12T16:16:05.120,1786544165.120544,10.640378,3,-6000,5.000000,473,-6000,0x04,single,96.800000,-5150,0.340000,32,0,No fault,,,,,,,,,
2026-08-12T16:16:05.130,1786544165.130850,10.650686,3,-6000,5.000000,474,-6000,0x04,single,93.100000,-5160,0.270000,32,0,No fault,,,,,,,,,
2026-08-12T16:16:05.141,1786544165.141164,10.660997,3,-6000,5.000000,475,-6000,0x04,single,89.400000,-5170,0.260000,32,0,No fault,,,,,,,,,
2026-08-12T16:16:05.151,1786544165.151492,10.671339,3,-6000,5.000000,476,-6000,0x04,single,85.700000,-5180,0.280000,32,0,No fault,,,,,,,,,
2026-08-12T16:16:05.161,1786544165.161891,10.681735,3,-6000,5.000000,477,-6000,0x04,single,82.000000,-5190,0.360000,32,0,No fault,,,,,,,,,
2026-08-12T16:16:05.172,1786544165.172362,10.692206,3,-6000,5.000000,478,-6000,0x04,single,78.300000,-5170,0.330000,32,0,No fault,,,,,,,,,
2026-08-12T16:16:05.177,1786544165.177631,10.697466,3,-6000,5.000000,479,-6000,0x04,single,74.600000,-5150,0.260000,32,0,No fault,,,,,,,,,
2026-08-12T16:16:05.187,1786544165.187935,10.707772,3,-6000,5.000000,480,-6000,0x04,single,70.900000,-5120,0.490000,32,0,No fault,,,,,,,,,
2026-08-12T16:16:05.208,1786544165.208444,10.728287,3,-6000,5.000000,481,-6000,0x04,single,63.500000,-5140,0.290000,32,0,No fault,,,,,,,,,
2026-08-12T16:16:05.218,1786544165.218842,10.738688,3,-6000,5.000000,482,-6000,0x04,single,59.900000,-5160,0.290000,32,0,No fault,,,,,,,,,
2026-08-12T16:16:05.229,1786544165.229566,10.749427,3,-6000,5.000000,483,-6000,0x04,single,56.100000,-5210,0.390000,32,0,No fault,,,,,,,,,
2026-08-12T16:16:05.240,1786544165.240027,10.759904,3,-6000,5.000000,484,-6000,0x04,single,52.400000,-5260,0.420000,32,0,No fault,,,,,,,,,
2026-08-12T16:16:05.250,1786544165.250514,10.770362,3,-6000,5.000000,485,-6000,0x04,single,48.600000,-5280,0.320000,32,0,No fault,,,,,,,,,
2026-08-12T16:16:05.260,1786544165.260880,10.780723,3,-6000,5.000000,486,-6000,0x04,single,44.900000,-5250,0.340000,32,0,No fault,,,,,,,,,
2026-08-12T16:16:05.271,1786544165.271221,10.791062,3,-6000,5.000000,487,-6000,0x04,single,41.100000,-5200,0.430000,32,0,No fault,,,,,,,,,
2026-08-12T16:16:05.281,1786544165.281561,10.801401,3,-6000,5.000000,488,-6000,0x04,single,37.400000,-5150,0.500000,32,0,No fault,,,,,,,,,
2026-08-12T16:16:05.300,1786544165.300210,10.820065,4,0,0.800000,1,0,0x04,single,30.000000,-4820,8.540000,32,0,No fault,,,,,,,,,
2026-08-12T16:16:05.310,1786544165.310673,10.830529,4,0,0.800000,2,0,0x04,single,29.800000,-1260,-0.160000,32,0,No fault,,,,,,,,,
2026-08-12T16:16:05.321,1786544165.321067,10.840907,4,0,0.800000,3,0,0x04,single,29.800000,-270,-0.050000,32,0,No fault,,,,,,,,,
2026-08-12T16:16:05.331,1786544165.331454,10.851317,4,0,0.800000,4,0,0x04,single,29.800000,-60,-0.050000,32,0,No fault,,,,,,,,,
2026-08-12T16:16:05.341,1786544165.341914,10.861755,4,0,0.800000,5,0,0x04,single,29.800000,-10,-0.060000,32,0,No fault,,,,,,,,,
2026-08-12T16:16:05.352,1786544165.352332,10.872184,4,0,0.800000,6,0,0x04,single,29.800000,0,-0.050000,32,0,No fault,,,,,,,,,
2026-08-12T16:16:05.362,1786544165.362818,10.882670,4,0,0.800000,7,0,0x04,single,29.800000,0,-0.060000,32,0,No fault,,,,,,,,,
2026-08-12T16:16:05.373,1786544165.373211,10.893053,4,0,0.800000,8,0,0x04,single,29.800000,0,-0.030000,32,0,No fault,,,,,,,,,
2026-08-12T16:16:05.383,1786544165.383574,10.903430,4,0,0.800000,9,0,0x04,single,29.800000,0,0.040000,32,0,No fault,,,,,,,,,
2026-08-12T16:16:05.394,1786544165.394002,10.913848,4,0,0.800000,10,0,0x04,single,29.800000,0,-0.040000,32,0,No fault,,,,,,,,,
2026-08-12T16:16:05.414,1786544165.414877,10.934733,4,0,0.800000,11,0,0x04,single,29.800000,0,-0.020000,32,0,No fault,,,,,,,,,
2026-08-12T16:16:05.425,1786544165.425319,10.945167,4,0,0.800000,12,0,0x04,single,29.800000,0,-0.030000,32,0,No fault,,,,,,,,,
2026-08-12T16:16:05.430,1786544165.430901,10.950752,4,0,0.800000,13,0,0x04,single,29.800000,0,-0.030000,32,0,No fault,,,,,,,,,
2026-08-12T16:16:05.441,1786544165.441306,10.961146,4,0,0.800000,14,0,0x04,single,29.800000,0,-0.050000,32,0,No fault,,,,,,,,,
2026-08-12T16:16:05.451,1786544165.451717,10.971560,4,0,0.800000,15,0,0x04,single,29.800000,0,-0.030000,32,0,No fault,,,,,,,,,
2026-08-12T16:16:05.462,1786544165.462164,10.982014,4,0,0.800000,16,0,0x04,single,29.800000,0,-0.030000,32,0,No fault,,,,,,,,,
2026-08-12T16:16:05.472,1786544165.472629,10.992481,4,0,0.800000,17,0,0x04,single,29.800000,0,-0.040000,32,0,No fault,,,,,,,,,
2026-08-12T16:16:05.483,1786544165.483291,11.003162,4,0,0.800000,18,0,0x04,single,29.800000,0,-0.020000,32,0,No fault,,,,,,,,,
2026-08-12T16:16:05.493,1786544165.493952,11.013831,4,0,0.800000,19,0,0x04,single,29.800000,0,-0.030000,32,0,No fault,,,,,,,,,
2026-08-12T16:16:05.504,1786544165.504914,11.024792,4,0,0.800000,20,0,0x04,single,29.800000,0,-0.070000,32,0,No fault,,,,,,,,,
2026-08-12T16:16:05.510,1786544165.510672,11.030528,4,0,0.800000,21,0,0x04,single,29.800000,0,-0.020000,32,0,No fault,,,,,,,,,
2026-08-12T16:16:05.521,1786544165.521070,11.040921,4,0,0.800000,22,0,0x04,single,29.800000,0,-0.040000,32,0,No fault,,,,,,,,,
2026-08-12T16:16:05.531,1786544165.531421,11.051260,4,0,0.800000,23,0,0x04,single,29.800000,0,-0.050000,32,0,No fault,,,,,,,,,
2026-08-12T16:16:05.541,1786544165.541764,11.061618,4,0,0.800000,24,0,0x04,single,29.800000,0,-0.020000,32,0,No fault,,,,,,,,,
2026-08-12T16:16:05.552,1786544165.552166,11.072010,4,0,0.800000,25,0,0x04,single,29.800000,0,-0.030000,32,0,No fault,,,,,,,,,
2026-08-12T16:16:05.562,1786544165.562531,11.082371,4,0,0.800000,26,0,0x04,single,29.800000,0,-0.020000,32,0,No fault,,,,,,,,,
2026-08-12T16:16:05.572,1786544165.572858,11.092695,4,0,0.800000,27,0,0x04,single,29.800000,0,-0.010000,32,0,No fault,,,,,,,,,
2026-08-12T16:16:05.583,1786544165.583163,11.102999,4,0,0.800000,28,0,0x04,single,29.800000,0,0.000000,32,0,No fault,,,,,,,,,
2026-08-12T16:16:05.593,1786544165.593483,11.113321,4,0,0.800000,29,0,0x04,single,29.800000,0,0.000000,32,0,No fault,,,,,,,,,
2026-08-12T16:16:05.603,1786544165.603792,11.123627,4,0,0.800000,30,0,0x04,single,29.800000,0,-0.030000,32,0,No fault,,,,,,,,,
2026-08-12T16:16:05.619,1786544165.619190,11.139037,4,0,0.800000,31,0,0x04,single,29.800000,0,-0.040000,32,0,No fault,,,,,,,,,
2026-08-12T16:16:05.624,1786544165.624467,11.144304,4,0,0.800000,32,0,0x04,single,29.800000,0,-0.050000,32,0,No fault,,,,,,,,,
2026-08-12T16:16:05.634,1786544165.634768,11.154602,4,0,0.800000,33,0,0x04,single,29.800000,0,-0.040000,32,0,No fault,,,,,,,,,
2026-08-12T16:16:05.645,1786544165.645053,11.164888,4,0,0.800000,34,0,0x04,single,29.800000,0,-0.030000,32,0,No fault,,,,,,,,,
2026-08-12T16:16:05.655,1786544165.655389,11.175230,4,0,0.800000,35,0,0x04,single,29.800000,0,-0.040000,32,0,No fault,,,,,,,,,
2026-08-12T16:16:05.665,1786544165.665743,11.185582,4,0,0.800000,36,0,0x04,single,29.800000,0,-0.050000,32,0,No fault,,,,,,,,,
2026-08-12T16:16:05.676,1786544165.676088,11.195927,4,0,0.800000,37,0,0x04,single,29.800000,0,-0.020000,32,0,No fault,,,,,,,,,
2026-08-12T16:16:05.686,1786544165.686437,11.206274,4,0,0.800000,38,0,0x04,single,29.800000,0,-0.030000,32,0,No fault,,,,,,,,,
2026-08-12T16:16:05.696,1786544165.696816,11.216656,4,0,0.800000,39,0,0x04,single,29.800000,0,-0.030000,32,0,No fault,,,,,,,,,
2026-08-12T16:16:05.702,1786544165.702134,11.221973,4,0,0.800000,40,0,0x04,single,29.800000,0,-0.050000,32,0,No fault,,,,,,,,,
2026-08-12T16:16:05.712,1786544165.712520,11.232357,4,0,0.800000,41,0,0x04,single,29.800000,0,-0.040000,32,0,No fault,,,,,,,,,
2026-08-12T16:16:05.722,1786544165.722853,11.242690,4,0,0.800000,42,0,0x04,single,29.800000,0,-0.030000,32,0,No fault,,,,,,,,,
2026-08-12T16:16:05.733,1786544165.733202,11.253041,4,0,0.800000,43,0,0x04,single,29.800000,0,-0.020000,32,0,No fault,,,,,,,,,
2026-08-12T16:16:05.743,1786544165.743573,11.263428,4,0,0.800000,44,0,0x04,single,29.800000,0,-0.020000,32,0,No fault,,,,,,,,,
2026-08-12T16:16:05.754,1786544165.754077,11.273959,4,0,0.800000,45,0,0x04,single,29.800000,0,-0.030000,32,0,No fault,,,,,,,,,
2026-08-12T16:16:05.764,1786544165.764613,11.284462,4,0,0.800000,46,0,0x04,single,29.800000,0,-0.030000,32,0,No fault,,,,,,,,,
2026-08-12T16:16:05.774,1786544165.774994,11.294837,4,0,0.800000,47,0,0x04,single,29.800000,0,-0.030000,32,0,No fault,,,,,,,,,
2026-08-12T16:16:05.780,1786544165.780250,11.300092,4,0,0.800000,48,0,0x04,single,29.800000,0,-0.020000,32,0,No fault,,,,,,,,,
2026-08-12T16:16:05.790,1786544165.790604,11.310446,4,0,0.800000,49,0,0x04,single,29.800000,0,0.000000,32,0,No fault,,,,,,,,,
2026-08-12T16:16:05.800,1786544165.800948,11.320790,4,0,0.800000,50,0,0x04,single,29.800000,0,-0.030000,32,0,No fault,,,,,,,,,
2026-08-12T16:16:05.821,1786544165.821486,11.341335,4,0,0.800000,51,0,0x04,single,29.800000,0,-0.030000,33,0,No fault,,,,,,,,,
2026-08-12T16:16:05.826,1786544165.826809,11.346654,4,0,0.800000,52,0,0x04,single,29.800000,0,-0.040000,33,0,No fault,,,,,,,,,
2026-08-12T16:16:05.832,1786544165.832135,11.351977,4,0,0.800000,53,0,0x04,single,29.800000,0,-0.050000,33,0,No fault,,,,,,,,,
2026-08-12T16:16:05.842,1786544165.842486,11.362329,4,0,0.800000,54,0,0x04,single,29.800000,0,-0.030000,32,0,No fault,,,,,,,,,
2026-08-12T16:16:05.852,1786544165.852843,11.372685,4,0,0.800000,55,0,0x04,single,29.800000,0,-0.020000,32,0,No fault,,,,,,,,,
2026-08-12T16:16:05.863,1786544165.863216,11.383060,4,0,0.800000,56,0,0x04,single,29.800000,0,-0.030000,32,0,No fault,,,,,,,,,
2026-08-12T16:16:05.873,1786544165.873583,11.393425,4,0,0.800000,57,0,0x04,single,29.800000,0,-0.030000,32,0,No fault,,,,,,,,,
2026-08-12T16:16:05.883,1786544165.883929,11.403771,4,0,0.800000,58,0,0x04,single,29.800000,0,-0.040000,32,0,No fault,,,,,,,,,
2026-08-12T16:16:05.894,1786544165.894281,11.414122,4,0,0.800000,59,0,0x04,single,29.800000,0,-0.030000,32,0,No fault,,,,,,,,,
2026-08-12T16:16:05.904,1786544165.904624,11.424466,4,0,0.800000,60,0,0x04,single,29.800000,0,-0.040000,32,0,No fault,,,,,,,,,
2026-08-12T16:16:05.914,1786544165.914963,11.434804,4,0,0.800000,61,0,0x04,single,29.800000,0,-0.040000,32,0,No fault,,,,,,,,,
2026-08-12T16:16:05.920,1786544165.920266,11.440107,4,0,0.800000,62,0,0x04,single,29.800000,0,-0.030000,32,0,No fault,,,,,,,,,
2026-08-12T16:16:05.930,1786544165.930616,11.450456,4,0,0.800000,63,0,0x04,single,29.800000,0,-0.040000,32,0,No fault,,,,,,,,,
2026-08-12T16:16:05.940,1786544165.940961,11.460800,4,0,0.800000,64,0,0x04,single,29.800000,0,-0.030000,32,0,No fault,,,,,,,,,
2026-08-12T16:16:05.951,1786544165.951310,11.471148,4,0,0.800000,65,0,0x04,single,29.800000,0,-0.030000,32,0,No fault,,,,,,,,,
2026-08-12T16:16:05.961,1786544165.961658,11.481509,4,0,0.800000,66,0,0x04,single,29.800000,0,-0.030000,32,0,No fault,,,,,,,,,
2026-08-12T16:16:05.972,1786544165.972165,11.492053,4,0,0.800000,67,0,0x04,single,29.800000,0,-0.040000,32,0,No fault,,,,,,,,,
2026-08-12T16:16:05.982,1786544165.982921,11.502807,4,0,0.800000,68,0,0x04,single,29.800000,0,-0.030000,32,0,No fault,,,,,,,,,
2026-08-12T16:16:05.993,1786544165.993837,11.513697,4,0,0.800000,69,0,0x04,single,29.800000,0,-0.020000,32,0,No fault,,,,,,,,,
2026-08-12T16:16:06.004,1786544166.004376,11.524243,4,0,0.800000,70,0,0x04,single,29.800000,0,-0.030000,32,0,No fault,,,,,,,,,
2026-08-12T16:16:06.010,1786544166.010617,11.530459,4,0,0.800000,71,0,0x04,single,29.800000,0,-0.030000,32,0,No fault,,,,,,,,,
2026-08-12T16:16:06.020,1786544166.020972,11.540813,4,0,0.800000,72,0,0x04,single,29.800000,0,-0.030000,32,0,No fault,,,,,,,,,
2026-08-12T16:16:06.031,1786544166.031337,11.551186,4,0,0.800000,73,0,0x04,single,29.800000,0,-0.020000,32,0,No fault,,,,,,,,,
2026-08-12T16:16:06.041,1786544166.041749,11.561597,4,0,0.800000,74,0,0x04,single,29.800000,0,-0.030000,32,0,No fault,,,,,,,,,
2026-08-12T16:16:06.052,1786544166.052129,11.571970,4,0,0.800000,75,0,0x04,single,29.800000,0,-0.040000,32,0,No fault,,,,,,,,,
2026-08-12T16:16:06.062,1786544166.062456,11.582293,4,0,0.800000,76,0,0x04,single,29.800000,0,-0.040000,32,0,No fault,,,,,,,,,
2026-08-12T16:16:06.072,1786544166.072773,11.592610,4,0,0.800000,77,0,0x04,single,29.800000,0,-0.050000,32,0,No fault,,,,,,,,,
2026-08-12T16:16:06.083,1786544166.083076,11.602911,4,0,0.800000,78,0,0x04,single,29.800000,0,-0.020000,32,0,No fault,,,,,,,,,
2026-08-12T16:16:06.093,1786544166.093414,11.613287,4,0,0.800000,79,0,0x04,single,29.800000,0,-0.030000,32,0,No fault,,,,,,,,,
